anyo,mes,marca,modelo,canal,fuel_type,fuel,segmento,subseg,hp,body_type,count
2026,02,A.A. AIRBUS,RANGER,Corporate,ICE,Diesel,,REST,Standard,,22
2026,02,ALFA ROMEO,GIULIA,Corporate,ICE,Gasolina,KKL,REST,Standard,SEDAN,4
2026,02,ALFA ROMEO,JUNIOR,Corporate,BEV,Gasolina Mild Hybrid,UKL1,REST,Standard,SAV,36
2026,02,ALFA ROMEO,JUNIOR,Corporate,ICE,Gasolina Mild Hybrid,UKL1,REST,Standard,SAV,99
2026,02,ALFA ROMEO,JUNIOR,Private,BEV,Gasolina Mild Hybrid,UKL1,REST,Standard,SAV,1
2026,02,ALFA ROMEO,JUNIOR,Private,ICE,Gasolina Mild Hybrid,UKL1,REST,Standard,SAV,21
2026,02,ALFA ROMEO,JUNIOR,RAC,ICE,Gasolina Mild Hybrid,UKL1,REST,Standard,SAV,15
2026,02,ALFA ROMEO,STELVIO,Corporate,ICE,Gasolina,KKL,REST,Standard,SAV,19
2026,02,ALFA ROMEO,TONALE,Corporate,ICE,Gasolina/Electrico Enchufable,UKL2,REST,Standard,SAV,24
2026,02,ALFA ROMEO,TONALE,Private,ICE,Gasolina/Electrico Enchufable,UKL2,REST,Standard,SAV,1
2026,02,ALFA ROMEO,TONALE,Private,PHEV,Gasolina/Electrico Enchufable,UKL2,REST,Standard,SAV,1
2026,02,ALLIED VEHICLES LTD,HORIZON RE,Corporate,ICE,Diesel,,REST,Standard,,1
2026,02,ALPINE,A110,Corporate,ICE,Gasolina,KKL,REST,Standard,COUPE,1
2026,02,ALPINE,A110,Private,ICE,Gasolina,KKL,REST,Standard,COUPE,7
2026,02,ALPINE,A290,Corporate,BEV,Electrico,UKL1,REST,Standard,HACH 5P,17
2026,02,ALPINE,A290,Private,BEV,Electrico,UKL1,REST,Standard,HACH 5P,16
2026,02,ALPINE,A390,Corporate,BEV,Electrico,KKL,REST,Standard,SEDAN,8
2026,02,ASTON MARTIN,DB12,Corporate,ICE,Gasolina,GKL+,FOCUS SEGMENT,Standard,CABRIO,1
2026,02,ASTON MARTIN,DBX,Corporate,ICE,Gasolina,GKL+,FOCUS SEGMENT,Standard,SAV,1
2026,02,ASTON MARTIN,DBX,Private,ICE,Gasolina,GKL+,FOCUS SEGMENT,Standard,SAV,1
2026,02,ASTON MARTIN,DBX707,Private,ICE,Gasolina,GKL+,FOCUS SEGMENT,Standard,SAV,1
2026,02,ASTON MARTIN,VANTAGE,Corporate,ICE,Gasolina,GKL,FOCUS SEGMENT,Standard,COUPE,4
2026,02,AUDI,A1,Corporate,ICE,Gasolina,UKL1,FOCUS SEGMENT,Standard,HACH 5P,177
2026,02,AUDI,A1,Private,ICE,Gasolina,UKL1,FOCUS SEGMENT,Standard,HACH 5P,123
2026,02,AUDI,A1,RAC,ICE,Gasolina,UKL1,FOCUS SEGMENT,Standard,HACH 5P,396
2026,02,AUDI,A3,Corporate,ICE,Gasolina/Electrico Enchufable,UKL2,FOCUS SEGMENT,M,HACH 5P,7
2026,02,AUDI,A3,Corporate,ICE,Gasolina/Electrico Enchufable,UKL2,FOCUS SEGMENT,M Performance,HACH 5P,2
2026,02,AUDI,A3,Corporate,ICE,Gasolina/Electrico Enchufable,UKL2,FOCUS SEGMENT,Standard,HACH 5P,208
2026,02,AUDI,A3,Corporate,PHEV,Gasolina/Electrico Enchufable,UKL2,FOCUS SEGMENT,Standard,HACH 5P,110
2026,02,AUDI,A3,Private,ICE,Gasolina/Electrico Enchufable,UKL2,FOCUS SEGMENT,M,HACH 5P,6
2026,02,AUDI,A3,Private,ICE,Gasolina/Electrico Enchufable,UKL2,FOCUS SEGMENT,M Performance,HACH 5P,4
2026,02,AUDI,A3,Private,ICE,Gasolina/Electrico Enchufable,UKL2,FOCUS SEGMENT,Standard,HACH 5P,149
2026,02,AUDI,A3,Private,PHEV,Gasolina/Electrico Enchufable,UKL2,FOCUS SEGMENT,Standard,HACH 5P,79
2026,02,AUDI,A3,RAC,ICE,Gasolina/Electrico Enchufable,UKL2,FOCUS SEGMENT,M Performance,HACH 5P,1
2026,02,AUDI,A3,RAC,ICE,Gasolina/Electrico Enchufable,UKL2,FOCUS SEGMENT,Standard,HACH 5P,177
2026,02,AUDI,A3,RAC,PHEV,Gasolina/Electrico Enchufable,UKL2,FOCUS SEGMENT,Standard,HACH 5P,80
2026,02,AUDI,A4,Corporate,ICE,Gasolina Mild Hybrid,KKL,FOCUS SEGMENT,M,ESTATE,1
2026,02,AUDI,A5,Corporate,ICE,Gasolina/Electrico Enchufable,KKL,FOCUS SEGMENT,M Performance,SEDAN,9
2026,02,AUDI,A5,Corporate,ICE,Gasolina/Electrico Enchufable,KKL,FOCUS SEGMENT,Standard,SEDAN,75
2026,02,AUDI,A5,Corporate,PHEV,Gasolina/Electrico Enchufable,KKL,FOCUS SEGMENT,Standard,SEDAN,69
2026,02,AUDI,A5,Private,ICE,Gasolina/Electrico Enchufable,KKL,FOCUS SEGMENT,M Performance,SEDAN,3
2026,02,AUDI,A5,Private,ICE,Gasolina/Electrico Enchufable,KKL,FOCUS SEGMENT,Standard,SEDAN,18
2026,02,AUDI,A5,Private,PHEV,Gasolina/Electrico Enchufable,KKL,FOCUS SEGMENT,Standard,SEDAN,19
2026,02,AUDI,A5,RAC,ICE,Gasolina/Electrico Enchufable,KKL,FOCUS SEGMENT,Standard,SEDAN,63
2026,02,AUDI,A5,RAC,PHEV,Gasolina/Electrico Enchufable,KKL,FOCUS SEGMENT,Standard,SEDAN,86
2026,02,AUDI,A6,Corporate,BEV,Gasolina/Electrico Enchufable,MKL,FOCUS SEGMENT,Standard,SEDAN,17
2026,02,AUDI,A6,Corporate,ICE,Gasolina/Electrico Enchufable,MKL,FOCUS SEGMENT,M,SEDAN,1
2026,02,AUDI,A6,Corporate,ICE,Gasolina/Electrico Enchufable,MKL,FOCUS SEGMENT,Standard,SEDAN,18
2026,02,AUDI,A6,Corporate,PHEV,Gasolina/Electrico Enchufable,MKL,FOCUS SEGMENT,Standard,SEDAN,25
2026,02,AUDI,A6,Private,BEV,Gasolina/Electrico Enchufable,MKL,FOCUS SEGMENT,Standard,SEDAN,7
2026,02,AUDI,A6,Private,ICE,Gasolina/Electrico Enchufable,MKL,FOCUS SEGMENT,M,SEDAN,1
2026,02,AUDI,A6,Private,ICE,Gasolina/Electrico Enchufable,MKL,FOCUS SEGMENT,Standard,SEDAN,3
2026,02,AUDI,A6,Private,PHEV,Gasolina/Electrico Enchufable,MKL,FOCUS SEGMENT,Standard,SEDAN,3
2026,02,AUDI,A6,RAC,BEV,Gasolina/Electrico Enchufable,MKL,FOCUS SEGMENT,Standard,SEDAN,1
2026,02,AUDI,A6,RAC,ICE,Gasolina/Electrico Enchufable,MKL,FOCUS SEGMENT,M,SEDAN,1
2026,02,AUDI,A6,RAC,ICE,Gasolina/Electrico Enchufable,MKL,FOCUS SEGMENT,Standard,SEDAN,13
2026,02,AUDI,A6,RAC,PHEV,Gasolina/Electrico Enchufable,MKL,FOCUS SEGMENT,Standard,SEDAN,19
2026,02,AUDI,A8,Corporate,ICE,Gasolina/Electrico Enchufable,GKL,FOCUS SEGMENT,M Performance,SEDAN,1
2026,02,AUDI,A8,Corporate,ICE,Gasolina/Electrico Enchufable,GKL,FOCUS SEGMENT,Standard,SEDAN,2
2026,02,AUDI,E-TRON GT,Corporate,BEV,Electrico,GKL,FOCUS SEGMENT,M Performance,SEDAN,1
2026,02,AUDI,E-TRON GT,Corporate,BEV,Electrico,GKL,FOCUS SEGMENT,Standard,SEDAN,1
2026,02,AUDI,Q2,Corporate,ICE,Gasolina,UKL2,FOCUS SEGMENT,M Performance,SAV,2
2026,02,AUDI,Q2,Corporate,ICE,Gasolina,UKL2,FOCUS SEGMENT,Standard,SAV,100
2026,02,AUDI,Q2,Private,ICE,Gasolina,UKL2,FOCUS SEGMENT,Standard,SAV,142
2026,02,AUDI,Q2,RAC,ICE,Gasolina,UKL2,FOCUS SEGMENT,Standard,SAV,398
2026,02,AUDI,Q3,Corporate,ICE,Gasolina/Electrico Enchufable,UKL2,FOCUS SEGMENT,Standard,SAV,119
2026,02,AUDI,Q3,Corporate,PHEV,Gasolina/Electrico Enchufable,UKL2,FOCUS SEGMENT,Standard,SAV,64
2026,02,AUDI,Q3,Private,ICE,Gasolina/Electrico Enchufable,UKL2,FOCUS SEGMENT,Standard,SAV,64
2026,02,AUDI,Q3,Private,PHEV,Gasolina/Electrico Enchufable,UKL2,FOCUS SEGMENT,Standard,SAV,43
2026,02,AUDI,Q3,RAC,ICE,Gasolina/Electrico Enchufable,UKL2,FOCUS SEGMENT,Standard,SAV,9
2026,02,AUDI,Q3,RAC,PHEV,Gasolina/Electrico Enchufable,UKL2,FOCUS SEGMENT,Standard,SAV,10
2026,02,AUDI,Q3 SPORTBACK,Corporate,ICE,Gasolina/Electrico Enchufable,UKL2,FOCUS SEGMENT,Standard,SAV,137
2026,02,AUDI,Q3 SPORTBACK,Corporate,PHEV,Gasolina/Electrico Enchufable,UKL2,FOCUS SEGMENT,Standard,SAV,105
2026,02,AUDI,Q3 SPORTBACK,Private,ICE,Gasolina/Electrico Enchufable,UKL2,FOCUS SEGMENT,Standard,SAV,95
2026,02,AUDI,Q3 SPORTBACK,Private,PHEV,Gasolina/Electrico Enchufable,UKL2,FOCUS SEGMENT,Standard,SAV,69
2026,02,AUDI,Q3 SPORTBACK,RAC,ICE,Gasolina/Electrico Enchufable,UKL2,FOCUS SEGMENT,Standard,SAV,37
2026,02,AUDI,Q3 SPORTBACK,RAC,PHEV,Gasolina/Electrico Enchufable,UKL2,FOCUS SEGMENT,Standard,SAV,18
2026,02,AUDI,Q4 E-TRON,Corporate,BEV,Electrico,UKL2,FOCUS SEGMENT,Standard,SAV,23
2026,02,AUDI,Q4 E-TRON,Private,BEV,Electrico,UKL2,FOCUS SEGMENT,Standard,SAV,19
2026,02,AUDI,Q4 SPORTBACK E-TRON,Corporate,BEV,Electrico,UKL2,FOCUS SEGMENT,Standard,SAV,39
2026,02,AUDI,Q4 SPORTBACK E-TRON,Private,BEV,Electrico,UKL2,FOCUS SEGMENT,Standard,SAV,30
2026,02,AUDI,Q5,Corporate,BEV,Gasolina/Electrico Enchufable,KKL,FOCUS SEGMENT,Standard,SAV,1
2026,02,AUDI,Q5,Corporate,ICE,Gasolina/Electrico Enchufable,KKL,FOCUS SEGMENT,Standard,SAV,37
2026,02,AUDI,Q5,Corporate,PHEV,Gasolina/Electrico Enchufable,KKL,FOCUS SEGMENT,Standard,SAV,74
2026,02,AUDI,Q5,Private,ICE,Gasolina/Electrico Enchufable,KKL,FOCUS SEGMENT,M Performance,SAV,3
2026,02,AUDI,Q5,Private,ICE,Gasolina/Electrico Enchufable,KKL,FOCUS SEGMENT,Standard,SAV,9
2026,02,AUDI,Q5,Private,PHEV,Gasolina/Electrico Enchufable,KKL,FOCUS SEGMENT,Standard,SAV,10
2026,02,AUDI,Q5,RAC,ICE,Gasolina/Electrico Enchufable,KKL,FOCUS SEGMENT,Standard,SAV,1
2026,02,AUDI,Q5,RAC,PHEV,Gasolina/Electrico Enchufable,KKL,FOCUS SEGMENT,Standard,SAV,5
2026,02,AUDI,Q5 SPORTBACK,Corporate,ICE,Gasolina/Electrico Enchufable,KKL,FOCUS SEGMENT,M Performance,SAV,4
2026,02,AUDI,Q5 SPORTBACK,Corporate,ICE,Gasolina/Electrico Enchufable,KKL,FOCUS SEGMENT,Standard,SAV,72
2026,02,AUDI,Q5 SPORTBACK,Corporate,PHEV,Gasolina/Electrico Enchufable,KKL,FOCUS SEGMENT,Standard,SAV,116
2026,02,AUDI,Q5 SPORTBACK,Private,ICE,Gasolina/Electrico Enchufable,KKL,FOCUS SEGMENT,M Performance,SAV,1
2026,02,AUDI,Q5 SPORTBACK,Private,ICE,Gasolina/Electrico Enchufable,KKL,FOCUS SEGMENT,Standard,SAV,21
2026,02,AUDI,Q5 SPORTBACK,Private,PHEV,Gasolina/Electrico Enchufable,KKL,FOCUS SEGMENT,Standard,SAV,36
2026,02,AUDI,Q5 SPORTBACK,RAC,PHEV,Gasolina/Electrico Enchufable,KKL,FOCUS SEGMENT,Standard,SAV,3
2026,02,AUDI,Q6 E-TRON,Corporate,BEV,Electrico,KKL,FOCUS SEGMENT,Standard,SAV,16
2026,02,AUDI,Q6 E-TRON,Private,BEV,Electrico,KKL,FOCUS SEGMENT,Standard,SAV,5
2026,02,AUDI,Q6 E-TRON SPORTBACK,Corporate,BEV,Electrico,KKL,FOCUS SEGMENT,Standard,SAV,12
2026,02,AUDI,Q6 E-TRON SPORTBACK,Private,BEV,Electrico,KKL,FOCUS SEGMENT,Standard,SAV,6
2026,02,AUDI,Q7,Corporate,ICE,Gasolina/Electrico Enchufable,MKL,FOCUS SEGMENT,Standard,SAV,21
2026,02,AUDI,Q7,Corporate,PHEV,Gasolina/Electrico Enchufable,MKL,FOCUS SEGMENT,Standard,SAV,10
2026,02,AUDI,Q7,Private,ICE,Gasolina/Electrico Enchufable,MKL,FOCUS SEGMENT,M Performance,SAV,1
2026,02,AUDI,Q7,Private,ICE,Gasolina/Electrico Enchufable,MKL,FOCUS SEGMENT,Standard,SAV,8
2026,02,AUDI,Q7,Private,PHEV,Gasolina/Electrico Enchufable,MKL,FOCUS SEGMENT,Standard,SAV,3
2026,02,AUDI,Q7,RAC,ICE,Gasolina/Electrico Enchufable,MKL,FOCUS SEGMENT,Standard,SAV,10
2026,02,AUDI,Q8,Corporate,ICE,Gasolina/Electrico Enchufable,MKL,FOCUS SEGMENT,M,SAV,3
2026,02,AUDI,Q8,Corporate,ICE,Gasolina/Electrico Enchufable,MKL,FOCUS SEGMENT,M Performance,SAV,2
2026,02,AUDI,Q8,Corporate,ICE,Gasolina/Electrico Enchufable,MKL,FOCUS SEGMENT,Standard,SAV,22
2026,02,AUDI,Q8,Corporate,PHEV,Gasolina/Electrico Enchufable,MKL,FOCUS SEGMENT,Standard,SAV,41
2026,02,AUDI,Q8,Private,ICE,Gasolina/Electrico Enchufable,MKL,FOCUS SEGMENT,M Performance,SAV,1
2026,02,AUDI,Q8,Private,ICE,Gasolina/Electrico Enchufable,MKL,FOCUS SEGMENT,Standard,SAV,3
2026,02,AUDI,Q8,Private,PHEV,Gasolina/Electrico Enchufable,MKL,FOCUS SEGMENT,Standard,SAV,5
2026,02,AUDI,Q8,RAC,ICE,Gasolina/Electrico Enchufable,MKL,FOCUS SEGMENT,Standard,SAV,22
2026,02,AUDI,Q8,RAC,PHEV,Gasolina/Electrico Enchufable,MKL,FOCUS SEGMENT,Standard,SAV,21
2026,02,AUTAL,M27 F,Corporate,ICE,Diesel,,REST,Standard,,1
2026,02,AUTAL,OHM35,Corporate,BEV,Electrico,,REST,Standard,,1
2026,02,BAIC,X55,Corporate,ICE,Gasolina,UKL2,REST,Standard,SAV,8
2026,02,BAIC,X55,Private,ICE,Gasolina,UKL2,REST,Standard,SAV,5
2026,02,BAIC,X55,RAC,ICE,Gasolina,UKL2,REST,Standard,SAV,1
2026,02,BASREAL,D-MAX N60,Corporate,ICE,Diesel,,REST,Standard,,1
2026,02,BENTLEY,BENTAYGA,Corporate,ICE,Gasolina/Electrico Enchufable,GKL+,FOCUS SEGMENT,Standard,SAV,3
2026,02,BENTLEY,CONTINENTAL,Private,PHEV,Gasolina/Electrico Enchufable,GKL+,FOCUS SEGMENT,Standard,CABRIO,1
2026,02,BMW,SERIE 1,Corporate,ICE,Gasolina,UKL2,FOCUS SEGMENT,M Performance,HACH 5P,2
2026,02,BMW,SERIE 1,Corporate,ICE,Gasolina,UKL2,FOCUS SEGMENT,Standard,HACH 5P,84
2026,02,BMW,SERIE 1,Private,ICE,Gasolina,UKL2,FOCUS SEGMENT,M Performance,HACH 5P,8
2026,02,BMW,SERIE 1,Private,ICE,Gasolina,UKL2,FOCUS SEGMENT,Standard,HACH 5P,61
2026,02,BMW,SERIE 1,RAC,ICE,Gasolina,UKL2,FOCUS SEGMENT,Standard,HACH 5P,32
2026,02,BMW,SERIE 2,Corporate,ICE,Gasolina/Electrico Enchufable,UKL2,FOCUS SEGMENT,M,MPV,13
2026,02,BMW,SERIE 2,Corporate,ICE,Gasolina/Electrico Enchufable,UKL2,FOCUS SEGMENT,Standard,MPV,43
2026,02,BMW,SERIE 2,Corporate,PHEV,Gasolina/Electrico Enchufable,UKL2,FOCUS SEGMENT,Standard,MPV,5
2026,02,BMW,SERIE 2,Private,ICE,Gasolina/Electrico Enchufable,UKL2,FOCUS SEGMENT,M,MPV,10
2026,02,BMW,SERIE 2,Private,ICE,Gasolina/Electrico Enchufable,UKL2,FOCUS SEGMENT,Standard,MPV,33
2026,02,BMW,SERIE 2,Private,PHEV,Gasolina/Electrico Enchufable,UKL2,FOCUS SEGMENT,Standard,MPV,4
2026,02,BMW,SERIE 2,RAC,ICE,Gasolina/Electrico Enchufable,UKL2,FOCUS SEGMENT,M,MPV,1
2026,02,BMW,SERIE 2,RAC,ICE,Gasolina/Electrico Enchufable,UKL2,FOCUS SEGMENT,Standard,MPV,14
2026,02,BMW,SERIE 3,Corporate,ICE,Gasolina,KKL,FOCUS SEGMENT,M,ESTATE,12
2026,02,BMW,SERIE 3,Corporate,ICE,Gasolina,KKL,FOCUS SEGMENT,M Performance,ESTATE,5
2026,02,BMW,SERIE 3,Corporate,ICE,Gasolina,KKL,FOCUS SEGMENT,Standard,ESTATE,73
2026,02,BMW,SERIE 3,Corporate,PHEV,Gasolina,KKL,FOCUS SEGMENT,Standard,ESTATE,22
2026,02,BMW,SERIE 3,Private,ICE,Gasolina,KKL,FOCUS SEGMENT,M,ESTATE,8
2026,02,BMW,SERIE 3,Private,ICE,Gasolina,KKL,FOCUS SEGMENT,M Performance,ESTATE,2
2026,02,BMW,SERIE 3,Private,ICE,Gasolina,KKL,FOCUS SEGMENT,Standard,ESTATE,18
2026,02,BMW,SERIE 3,Private,PHEV,Gasolina,KKL,FOCUS SEGMENT,Standard,ESTATE,7
2026,02,BMW,SERIE 3,RAC,ICE,Gasolina,KKL,FOCUS SEGMENT,M Performance,ESTATE,1
2026,02,BMW,SERIE 3,RAC,ICE,Gasolina,KKL,FOCUS SEGMENT,Standard,ESTATE,118
2026,02,BMW,SERIE 3,RAC,PHEV,Gasolina,KKL,FOCUS SEGMENT,Standard,ESTATE,109
2026,02,BMW,SERIE 4,Corporate,ICE,Gasolina,KKL,FOCUS SEGMENT,M,CABRIO,7
2026,02,BMW,SERIE 4,Corporate,ICE,Gasolina,KKL,FOCUS SEGMENT,M Performance,CABRIO,4
2026,02,BMW,SERIE 4,Corporate,ICE,Gasolina,KKL,FOCUS SEGMENT,Standard,CABRIO,24
2026,02,BMW,SERIE 4,Private,ICE,Gasolina,KKL,FOCUS SEGMENT,M,CABRIO,5
2026,02,BMW,SERIE 4,Private,ICE,Gasolina,KKL,FOCUS SEGMENT,M Performance,CABRIO,5
2026,02,BMW,SERIE 4,Private,ICE,Gasolina,KKL,FOCUS SEGMENT,Standard,CABRIO,22
2026,02,BMW,SERIE 4,RAC,ICE,Gasolina,KKL,FOCUS SEGMENT,M,CABRIO,2
2026,02,BMW,SERIE 4,RAC,ICE,Gasolina,KKL,FOCUS SEGMENT,M Performance,CABRIO,4
2026,02,BMW,SERIE 4,RAC,ICE,Gasolina,KKL,FOCUS SEGMENT,Standard,CABRIO,186
2026,02,BMW,SERIE 5,Corporate,ICE,Gasolina/Electrico Enchufable,MKL,FOCUS SEGMENT,Standard,ESTATE,34
2026,02,BMW,SERIE 5,Corporate,PHEV,Gasolina/Electrico Enchufable,MKL,FOCUS SEGMENT,M,ESTATE,7
2026,02,BMW,SERIE 5,Corporate,PHEV,Gasolina/Electrico Enchufable,MKL,FOCUS SEGMENT,Standard,ESTATE,13
2026,02,BMW,SERIE 5,Private,ICE,Gasolina/Electrico Enchufable,MKL,FOCUS SEGMENT,Standard,ESTATE,7
2026,02,BMW,SERIE 5,Private,PHEV,Gasolina/Electrico Enchufable,MKL,FOCUS SEGMENT,M,ESTATE,2
2026,02,BMW,SERIE 5,Private,PHEV,Gasolina/Electrico Enchufable,MKL,FOCUS SEGMENT,Standard,ESTATE,4
2026,02,BMW,SERIE 5,RAC,ICE,Gasolina/Electrico Enchufable,MKL,FOCUS SEGMENT,Standard,ESTATE,20
2026,02,BMW,SERIE 5,RAC,PHEV,Gasolina/Electrico Enchufable,MKL,FOCUS SEGMENT,Standard,ESTATE,3
2026,02,BMW,SERIE 7,Corporate,ICE,Gasolina/Electrico Enchufable,GKL,FOCUS SEGMENT,Standard,SEDAN,4
2026,02,BMW,SERIE 7,Corporate,PHEV,Gasolina/Electrico Enchufable,GKL,FOCUS SEGMENT,Standard,SEDAN,3
2026,02,BMW,SERIE 7,RAC,ICE,Gasolina/Electrico Enchufable,GKL,FOCUS SEGMENT,Standard,SEDAN,3
2026,02,BMW,SERIE 7,RAC,PHEV,Gasolina/Electrico Enchufable,GKL,FOCUS SEGMENT,Standard,SEDAN,5
2026,02,BMW,SERIE 8,Private,ICE,Diesel Mild Hybrid,GKL,FOCUS SEGMENT,M,COUPE,1
2026,02,BMW,SERIE 8,Private,ICE,Diesel Mild Hybrid,GKL,FOCUS SEGMENT,Standard,COUPE,1
2026,02,BMW,X1,Corporate,ICE,Gasolina/Electrico Enchufable,UKL2,FOCUS SEGMENT,M Performance,SAV,2
2026,02,BMW,X1,Corporate,ICE,Gasolina/Electrico Enchufable,UKL2,FOCUS SEGMENT,Standard,SAV,432
2026,02,BMW,X1,Corporate,PHEV,Gasolina/Electrico Enchufable,UKL2,FOCUS SEGMENT,Standard,SAV,70
2026,02,BMW,X1,Private,ICE,Gasolina/Electrico Enchufable,UKL2,FOCUS SEGMENT,M Performance,SAV,1
2026,02,BMW,X1,Private,ICE,Gasolina/Electrico Enchufable,UKL2,FOCUS SEGMENT,Standard,SAV,108
2026,02,BMW,X1,Private,PHEV,Gasolina/Electrico Enchufable,UKL2,FOCUS SEGMENT,Standard,SAV,52
2026,02,BMW,X1,RAC,ICE,Gasolina/Electrico Enchufable,UKL2,FOCUS SEGMENT,Standard,SAV,73
2026,02,BMW,X1,RAC,PHEV,Gasolina/Electrico Enchufable,UKL2,FOCUS SEGMENT,Standard,SAV,165
2026,02,BMW,X2,Corporate,ICE,Diesel Mild Hybrid,UKL2,FOCUS SEGMENT,M Performance,SAV,3
2026,02,BMW,X2,Corporate,ICE,Diesel Mild Hybrid,UKL2,FOCUS SEGMENT,Standard,SAV,278
2026,02,BMW,X2,Private,ICE,Diesel Mild Hybrid,UKL2,FOCUS SEGMENT,M Performance,SAV,2
2026,02,BMW,X2,Private,ICE,Diesel Mild Hybrid,UKL2,FOCUS SEGMENT,Standard,SAV,67
2026,02,BMW,X2,RAC,ICE,Diesel Mild Hybrid,UKL2,FOCUS SEGMENT,Standard,SAV,80
2026,02,BMW,X3,Corporate,ICE,Gasolina Mild Hybrid,KKL,FOCUS SEGMENT,M Performance,SAV,6
2026,02,BMW,X3,Corporate,ICE,Gasolina Mild Hybrid,KKL,FOCUS SEGMENT,Standard,SAV,191
2026,02,BMW,X3,Corporate,PHEV,Gasolina Mild Hybrid,KKL,FOCUS SEGMENT,Standard,SAV,202
2026,02,BMW,X3,Private,ICE,Gasolina Mild Hybrid,KKL,FOCUS SEGMENT,M Performance,SAV,1
2026,02,BMW,X3,Private,ICE,Gasolina Mild Hybrid,KKL,FOCUS SEGMENT,Standard,SAV,55
2026,02,BMW,X3,Private,PHEV,Gasolina Mild Hybrid,KKL,FOCUS SEGMENT,Standard,SAV,57
2026,02,BMW,X3,RAC,ICE,Gasolina Mild Hybrid,KKL,FOCUS SEGMENT,Standard,SAV,204
2026,02,BMW,X3,RAC,PHEV,Gasolina Mild Hybrid,KKL,FOCUS SEGMENT,Standard,SAV,117
2026,02,BMW,X4,Corporate,ICE,Diesel Mild Hybrid,KKL,FOCUS SEGMENT,M Performance,SAV,4
2026,02,BMW,X4,Corporate,ICE,Diesel Mild Hybrid,KKL,FOCUS SEGMENT,Standard,SAV,11
2026,02,BMW,X4,Private,ICE,Diesel Mild Hybrid,KKL,FOCUS SEGMENT,M,SAV,1
2026,02,BMW,X4,Private,ICE,Diesel Mild Hybrid,KKL,FOCUS SEGMENT,M Performance,SAV,2
2026,02,BMW,X4,Private,ICE,Diesel Mild Hybrid,KKL,FOCUS SEGMENT,Standard,SAV,12
2026,02,BMW,X4,RAC,ICE,Diesel Mild Hybrid,KKL,FOCUS SEGMENT,M Performance,SAV,1
2026,02,BMW,X4,RAC,ICE,Diesel Mild Hybrid,KKL,FOCUS SEGMENT,Standard,SAV,2
2026,02,BMW,X5,Corporate,ICE,Gasolina/Electrico Enchufable,MKL,FOCUS SEGMENT,M Performance,SAV,3
2026,02,BMW,X5,Corporate,ICE,Gasolina/Electrico Enchufable,MKL,FOCUS SEGMENT,Standard,SAV,27
2026,02,BMW,X5,Corporate,PHEV,Gasolina/Electrico Enchufable,MKL,FOCUS SEGMENT,Standard,SAV,26
2026,02,BMW,X5,Private,ICE,Gasolina/Electrico Enchufable,MKL,FOCUS SEGMENT,M,SAV,2
2026,02,BMW,X5,Private,ICE,Gasolina/Electrico Enchufable,MKL,FOCUS SEGMENT,Standard,SAV,16
2026,02,BMW,X5,Private,PHEV,Gasolina/Electrico Enchufable,MKL,FOCUS SEGMENT,Standard,SAV,3
2026,02,BMW,X5,RAC,PHEV,Gasolina/Electrico Enchufable,MKL,FOCUS SEGMENT,Standard,SAV,1
2026,02,BMW,X6,Corporate,ICE,Gasolina Mild Hybrid,MKL,FOCUS SEGMENT,M Performance,SAV,2
2026,02,BMW,X6,Corporate,ICE,Gasolina Mild Hybrid,MKL,FOCUS SEGMENT,Standard,SAV,27
2026,02,BMW,X6,Private,ICE,Gasolina Mild Hybrid,MKL,FOCUS SEGMENT,M Performance,SAV,1
2026,02,BMW,X6,Private,ICE,Gasolina Mild Hybrid,MKL,FOCUS SEGMENT,Standard,SAV,11
2026,02,BMW,X7,Corporate,ICE,Gasolina Mild Hybrid,GKL,FOCUS SEGMENT,M Performance,SAV,3
2026,02,BMW,X7,Corporate,ICE,Gasolina Mild Hybrid,GKL,FOCUS SEGMENT,Standard,SAV,17
2026,02,BMW,X7,Private,ICE,Gasolina Mild Hybrid,GKL,FOCUS SEGMENT,M Performance,SAV,2
2026,02,BMW,X7,Private,ICE,Gasolina Mild Hybrid,GKL,FOCUS SEGMENT,Standard,SAV,3
2026,02,BMW,XM,Corporate,PHEV,Gasolina/Electrico Enchufable,GKL,FOCUS SEGMENT,M,SAV,9
2026,02,BMW,XM,Private,PHEV,Gasolina/Electrico Enchufable,GKL,FOCUS SEGMENT,M,SAV,6
2026,02,BMW,Z4,Corporate,ICE,Gasolina,KKL,FOCUS SEGMENT,M Performance,ROADSTER,3
2026,02,BMW,Z4,Corporate,ICE,Gasolina,KKL,FOCUS SEGMENT,Standard,ROADSTER,4
2026,02,BMW,Z4,Private,ICE,Gasolina,KKL,FOCUS SEGMENT,M Performance,ROADSTER,1
2026,02,BMW,Z4,Private,ICE,Gasolina,KKL,FOCUS SEGMENT,Standard,ROADSTER,3
2026,02,BMW,i4,Corporate,BEV,Electrico,KKL,FOCUS SEGMENT,M Performance,SEDAN,1
2026,02,BMW,i4,Corporate,BEV,Electrico,KKL,FOCUS SEGMENT,Standard,SEDAN,16
2026,02,BMW,i4,Private,BEV,Electrico,KKL,FOCUS SEGMENT,M Performance,SEDAN,1
2026,02,BMW,i4,Private,BEV,Electrico,KKL,FOCUS SEGMENT,Standard,SEDAN,7
2026,02,BMW,i5,Corporate,BEV,Electrico,MKL,FOCUS SEGMENT,Standard,ESTATE,5
2026,02,BMW,i5,Private,BEV,Electrico,MKL,FOCUS SEGMENT,Standard,ESTATE,1
2026,02,BMW,i5,RAC,BEV,Electrico,MKL,FOCUS SEGMENT,Standard,ESTATE,1
2026,02,BMW,i7,Corporate,BEV,Electrico,GKL,FOCUS SEGMENT,Standard,SEDAN,1
2026,02,BMW,i7,Private,BEV,Electrico,GKL,FOCUS SEGMENT,Standard,SEDAN,1
2026,02,BMW,iX,Corporate,BEV,Electrico,MKL,FOCUS SEGMENT,Standard,SAV,6
2026,02,BMW,iX1,Corporate,BEV,Electrico,UKL2,FOCUS SEGMENT,Standard,SAV,68
2026,02,BMW,iX1,Private,BEV,Electrico,UKL2,FOCUS SEGMENT,Standard,SAV,54
2026,02,BMW,iX1,RAC,BEV,Electrico,UKL2,FOCUS SEGMENT,Standard,SAV,1
2026,02,BMW,iX2,Corporate,BEV,Electrico,UKL2,FOCUS SEGMENT,Standard,SAV,86
2026,02,BMW,iX2,Private,BEV,Electrico,UKL2,FOCUS SEGMENT,Standard,SAV,31
2026,02,BMW,iX3,Corporate,BEV,Electrico,KKL,FOCUS SEGMENT,Standard,SAV,43
2026,02,BYD,ATTO 2,Corporate,BEV,Gasolina/Electrico Enchufable,UKL1,REST,Standard,SAV,24
2026,02,BYD,ATTO 2,Corporate,PHEV,Gasolina/Electrico Enchufable,UKL1,REST,Standard,SAV,153
2026,02,BYD,ATTO 2,Private,BEV,Gasolina/Electrico Enchufable,UKL1,REST,Standard,SAV,260
2026,02,BYD,ATTO 2,Private,PHEV,Gasolina/Electrico Enchufable,UKL1,REST,Standard,SAV,284
2026,02,BYD,ATTO 2,RAC,PHEV,Gasolina/Electrico Enchufable,UKL1,REST,Standard,SAV,532
2026,02,BYD,ATTO 3,Corporate,BEV,Electrico,UKL2,REST,Standard,SAV,44
2026,02,BYD,ATTO 3,Private,BEV,Electrico,UKL2,REST,Standard,SAV,39
2026,02,BYD,ATTO 3 EVO,Corporate,BEV,Electrico,UKL2,REST,Standard,SAV,24
2026,02,BYD,ATTO 3 EVO,Private,BEV,Electrico,UKL2,REST,Standard,SAV,3
2026,02,BYD,DOLPHIN,Corporate,BEV,Electrico,UKL1,REST,Standard,HACH 5P,19
2026,02,BYD,DOLPHIN,Private,BEV,Electrico,UKL1,REST,Standard,HACH 5P,64
2026,02,BYD,DOLPHIN SURF,Corporate,BEV,Electrico,UKL0,REST,Standard,HACH 5P,82
2026,02,BYD,DOLPHIN SURF,Private,BEV,Electrico,UKL0,REST,Standard,HACH 5P,353
2026,02,BYD,SEAL,Corporate,BEV,Electrico,KKL,REST,Standard,SEDAN,40
2026,02,BYD,SEAL,Private,BEV,Electrico,KKL,REST,Standard,SEDAN,30
2026,02,BYD,SEAL 6,Corporate,PHEV,Gasolina/Electrico Enchufable,KKL,REST,Standard,SEDAN,21
2026,02,BYD,SEAL 6,Private,PHEV,Gasolina/Electrico Enchufable,KKL,REST,Standard,SEDAN,51
2026,02,BYD,SEAL 6,RAC,PHEV,Gasolina/Electrico Enchufable,KKL,REST,Standard,SEDAN,100
2026,02,BYD,SEAL U,Corporate,BEV,Gasolina/Electrico Enchufable,KKL,REST,Standard,SAV,20
2026,02,BYD,SEAL U,Corporate,PHEV,Gasolina/Electrico Enchufable,KKL,REST,Standard,SAV,263
2026,02,BYD,SEAL U,Private,BEV,Gasolina/Electrico Enchufable,KKL,REST,Standard,SAV,58
2026,02,BYD,SEAL U,Private,PHEV,Gasolina/Electrico Enchufable,KKL,REST,Standard,SAV,292
2026,02,BYD,SEAL U,RAC,PHEV,Gasolina/Electrico Enchufable,KKL,REST,Standard,SAV,150
2026,02,BYD,SEALION 7,Corporate,BEV,Electrico,KKL,REST,Standard,SAV,41
2026,02,BYD,SEALION 7,Private,BEV,Electrico,KKL,REST,Standard,SAV,54
2026,02,BYD,TANG,Corporate,BEV,Electrico,KKL,REST,Standard,SAV,1
2026,02,BYD,TANG,Private,BEV,Electrico,KKL,REST,Standard,SAV,1
2026,02,"CARROCERIAS SANCA, S.A.",CRATER,Private,ICE,Diesel,,REST,Standard,,1
2026,02,"CARROCERIAS SANCA, S.A.",N/A,Corporate,ICE,Diesel,,REST,Standard,,1
2026,02,CATERHAM CARS LTD,SEVEN S3 (D8 VARIANT),Private,ICE,Gasolina,,REST,Standard,,1
2026,02,CAYVOL,N/A JAANLR8,Corporate,ICE,Diesel,,REST,Standard,,1
2026,02,CAYVOL,PORTER NP6,Corporate,ICE,Gas Licuado con petroleo (GLP),,REST,Standard,,2
2026,02,CAYVOL,PORTER NP6,Corporate,ICE,Gasolina,,REST,Standard,,1
2026,02,CAYVOL,PORTER NP6,RAC,ICE,Gas Licuado con petroleo (GLP),,REST,Standard,,2
2026,02,CERRAJERIA AURELIO,M21T JAANLR8,Corporate,ICE,Diesel,,REST,Standard,,3
2026,02,CHANGAN,DEEPAL S05,Corporate,BEV,Gasolina/Electrico Enchufable,UKL2,REST,Standard,HACH 5P,45
2026,02,CHANGAN,DEEPAL S05,Private,BEV,Gasolina/Electrico Enchufable,UKL2,REST,Standard,HACH 5P,134
2026,02,CHANGAN,DEEPAL S05,RAC,BEV,Gasolina/Electrico Enchufable,UKL2,REST,Standard,HACH 5P,5
2026,02,CHANGAN,DEEPAL S07,Corporate,BEV,Electrico,UKL2,REST,Standard,SAV,16
2026,02,CHANGAN,DEEPAL S07,Private,BEV,Electrico,UKL2,REST,Standard,SAV,11
2026,02,CHANGAN,DEEPAL S07,RAC,BEV,Electrico,UKL2,REST,Standard,SAV,3
2026,02,CHAPISTERIA V.I.,N/A,Corporate,ICE,Diesel,,REST,Standard,,4
2026,02,CHAPISTERIA V.I.,N1,Corporate,ICE,Diesel,,REST,Standard,,1
2026,02,CITROEN,BERLINGO,Corporate,BEV,Electrico,SKL,REST,Standard,TRANSPORTER,30
2026,02,CITROEN,BERLINGO,Corporate,ICE,Electrico,SKL,REST,Standard,TRANSPORTER,956
2026,02,CITROEN,BERLINGO,Private,BEV,Electrico,SKL,REST,Standard,TRANSPORTER,6
2026,02,CITROEN,BERLINGO,Private,ICE,Electrico,SKL,REST,Standard,TRANSPORTER,205
2026,02,CITROEN,BERLINGO,RAC,BEV,Electrico,SKL,REST,Standard,TRANSPORTER,14
2026,02,CITROEN,BERLINGO,RAC,ICE,Electrico,SKL,REST,Standard,TRANSPORTER,190
2026,02,CITROEN,BT5908,Private,ICE,Diesel,,REST,Standard,,1
2026,02,CITROEN,C3,Corporate,BEV,Gasolina Mild Hybrid,UKL1,REST,Standard,HACH 5P,21
2026,02,CITROEN,C3,Corporate,ICE,Gasolina Mild Hybrid,UKL1,REST,Standard,HACH 5P,182
2026,02,CITROEN,C3,Private,BEV,Gasolina Mild Hybrid,UKL1,REST,Standard,HACH 5P,118
2026,02,CITROEN,C3,Private,ICE,Gasolina Mild Hybrid,UKL1,REST,Standard,HACH 5P,329
2026,02,CITROEN,C3,RAC,BEV,Gasolina Mild Hybrid,UKL1,REST,Standard,HACH 5P,48
2026,02,CITROEN,C3,RAC,ICE,Gasolina Mild Hybrid,UKL1,REST,Standard,HACH 5P,660
2026,02,CITROEN,C4,Corporate,BEV,Gasolina Mild Hybrid,UKL2,REST,Standard,HACH 5P,4
2026,02,CITROEN,C4,Corporate,ICE,Gasolina Mild Hybrid,UKL2,REST,Standard,HACH 5P,671
2026,02,CITROEN,C4,Private,BEV,Gasolina Mild Hybrid,UKL2,REST,Standard,HACH 5P,13
2026,02,CITROEN,C4,Private,ICE,Gasolina Mild Hybrid,UKL2,REST,Standard,HACH 5P,193
2026,02,CITROEN,C4,RAC,BEV,Gasolina Mild Hybrid,UKL2,REST,Standard,HACH 5P,82
2026,02,CITROEN,C4,RAC,ICE,Gasolina Mild Hybrid,UKL2,REST,Standard,HACH 5P,199
2026,02,CITROEN,C4X,Corporate,BEV,Gasolina Mild Hybrid,UKL2,REST,Standard,SEDAN,1
2026,02,CITROEN,C4X,Corporate,ICE,Gasolina Mild Hybrid,UKL2,REST,Standard,SEDAN,16
2026,02,CITROEN,C4X,Private,ICE,Gasolina Mild Hybrid,UKL2,REST,Standard,SEDAN,10
2026,02,CITROEN,C4X,RAC,ICE,Gasolina Mild Hybrid,UKL2,REST,Standard,SEDAN,192
2026,02,CITROEN,C5 AIRCROSS,Corporate,BEV,Gasolina/Electrico Enchufable,UKL2,REST,Standard,SAV,3
2026,02,CITROEN,C5 AIRCROSS,Corporate,ICE,Gasolina/Electrico Enchufable,UKL2,REST,Standard,SAV,134
2026,02,CITROEN,C5 AIRCROSS,Corporate,PHEV,Gasolina/Electrico Enchufable,UKL2,REST,Standard,SAV,6
2026,02,CITROEN,C5 AIRCROSS,Private,BEV,Gasolina/Electrico Enchufable,UKL2,REST,Standard,SAV,1
2026,02,CITROEN,C5 AIRCROSS,Private,ICE,Gasolina/Electrico Enchufable,UKL2,REST,Standard,SAV,74
2026,02,CITROEN,C5 AIRCROSS,Private,PHEV,Gasolina/Electrico Enchufable,UKL2,REST,Standard,SAV,15
2026,02,CITROEN,C5 AIRCROSS,RAC,ICE,Gasolina/Electrico Enchufable,UKL2,REST,Standard,SAV,226
2026,02,CITROEN,C5X,Corporate,ICE,Gasolina/Electrico Enchufable,MKL,REST,Standard,SEDAN,3
2026,02,CITROEN,C5X,Private,ICE,Gasolina/Electrico Enchufable,MKL,REST,Standard,SEDAN,4
2026,02,CITROEN,JUMPER,Corporate,BEV,Diesel,SKL,REST,Standard,TRANSPORTER,1
2026,02,CITROEN,JUMPER,Corporate,ICE,Diesel,SKL,REST,Standard,TRANSPORTER,135
2026,02,CITROEN,JUMPER,Private,ICE,Diesel,SKL,REST,Standard,TRANSPORTER,64
2026,02,CITROEN,JUMPER,RAC,ICE,Diesel,SKL,REST,Standard,TRANSPORTER,60
2026,02,CITROEN,JUMPY,Corporate,BEV,Electrico,SKL,REST,Standard,TRANSPORTER,5
2026,02,CITROEN,JUMPY,Corporate,ICE,Electrico,SKL,REST,Standard,TRANSPORTER,115
2026,02,CITROEN,JUMPY,Private,ICE,Electrico,SKL,REST,Standard,TRANSPORTER,22
2026,02,CITROEN,JUMPY,RAC,ICE,Electrico,SKL,REST,Standard,TRANSPORTER,24
2026,02,CITROEN,KW 502,RAC,ICE,Diesel,,REST,Standard,,1
2026,02,CITROEN,POESSL KW 9,Private,ICE,Diesel,,REST,Standard,,1
2026,02,CITROEN,ROLLER TEAM,Private,ICE,Diesel,,REST,Standard,,2
2026,02,CITROEN,SPACETOURER,Corporate,BEV,Electrico,SKL,REST,Standard,TRANSPORTER,1
2026,02,CITROEN,SPACETOURER,Corporate,ICE,Electrico,SKL,REST,Standard,TRANSPORTER,13
2026,02,CITROEN,SPACETOURER,Private,ICE,Electrico,SKL,REST,Standard,TRANSPORTER,14
2026,02,CITROEN,SUMMIT 540,RAC,ICE,Diesel,,REST,Standard,,1
2026,02,CITROEN,SUMMIT 600,RAC,ICE,Diesel,,REST,Standard,,3
2026,02,CITROEN,SWAN,Private,ICE,Diesel,,REST,Standard,,1
2026,02,CITROEN,TOTH ES FIAI CLEVER,Private,ICE,Diesel,,REST,Standard,,1
2026,02,CODETRANS,TOYOTA YARIS CODETRANS YARKBAC,Corporate,ICE,Gasolina,,REST,Standard,,23
2026,02,COMPOSITES REFORZADOS,M21T F GENERATION 2,Corporate,ICE,Diesel,,REST,Standard,,1
2026,02,COOLGADES,M21,Corporate,ICE,Diesel,,REST,Standard,,6
2026,02,COOLGADES,M27,Corporate,ICE,Diesel,,REST,Standard,,1
2026,02,COOLGADES,N/A,Corporate,ICE,Diesel,,REST,Standard,,3
2026,02,COSMEA ESPINEDO,M21T E GENERATION 2,Corporate,ICE,Diesel,,REST,Standard,,1
2026,02,CUPRA,BORN,Corporate,BEV,Electrico,UKL2,REST,Standard,HACH 5P,31
2026,02,CUPRA,BORN,Private,BEV,Electrico,UKL2,REST,Standard,HACH 5P,8
2026,02,CUPRA,CUPRA ATECA,Private,ICE,Gasolina,UKL2,REST,Standard,SAT,1
2026,02,CUPRA,CUPRA LEON,Corporate,ICE,Gasolina/Electrico Enchufable,UKL2,REST,Standard,HACH 5P,256
2026,02,CUPRA,CUPRA LEON,Corporate,PHEV,Gasolina/Electrico Enchufable,UKL2,REST,Standard,HACH 5P,99
2026,02,CUPRA,CUPRA LEON,Private,ICE,Gasolina/Electrico Enchufable,UKL2,REST,Standard,HACH 5P,170
2026,02,CUPRA,CUPRA LEON,Private,PHEV,Gasolina/Electrico Enchufable,UKL2,REST,Standard,HACH 5P,20
2026,02,CUPRA,CUPRA LEON,RAC,ICE,Gasolina/Electrico Enchufable,UKL2,REST,Standard,HACH 5P,383
2026,02,CUPRA,FORMENTOR,Corporate,ICE,Gasolina/Electrico Enchufable,UKL2,REST,Standard,SAT,299
2026,02,CUPRA,FORMENTOR,Corporate,PHEV,Gasolina/Electrico Enchufable,UKL2,REST,Standard,SAT,102
2026,02,CUPRA,FORMENTOR,Private,ICE,Gasolina/Electrico Enchufable,UKL2,REST,Standard,SAT,210
2026,02,CUPRA,FORMENTOR,Private,PHEV,Gasolina/Electrico Enchufable,UKL2,REST,Standard,SAT,53
2026,02,CUPRA,FORMENTOR,RAC,ICE,Gasolina/Electrico Enchufable,UKL2,REST,Standard,SAT,261
2026,02,CUPRA,RAVAL,Corporate,BEV,Electrico,UKL1,REST,Standard,HACH 5P,18
2026,02,CUPRA,TAVASCAN,Corporate,BEV,Electrico,UKL2,REST,Standard,SAV,34
2026,02,CUPRA,TAVASCAN,Private,BEV,Electrico,UKL2,REST,Standard,SAV,3
2026,02,CUPRA,TERRAMAR,Corporate,ICE,Gasolina/Electrico Enchufable,UKL2,REST,Standard,SAT,74
2026,02,CUPRA,TERRAMAR,Corporate,PHEV,Gasolina/Electrico Enchufable,UKL2,REST,Standard,SAT,84
2026,02,CUPRA,TERRAMAR,Private,ICE,Gasolina/Electrico Enchufable,UKL2,REST,Standard,SAT,98
2026,02,CUPRA,TERRAMAR,Private,PHEV,Gasolina/Electrico Enchufable,UKL2,REST,Standard,SAT,37
2026,02,CUPRA,TERRAMAR,RAC,ICE,Gasolina/Electrico Enchufable,UKL2,REST,Standard,SAT,150
2026,02,DACIA,BIGSTER,Corporate,ICE,Gasolina/Electrico,UKL2,REST,Standard,SAV,63
2026,02,DACIA,BIGSTER,Private,ICE,Gasolina/Electrico,UKL2,REST,Standard,SAV,287
2026,02,DACIA,BIGSTER,RAC,ICE,Gasolina/Electrico,UKL2,REST,Standard,SAV,74
2026,02,DACIA,DUSTER,Corporate,ICE,Gasolina/Electrico,SKL,REST,Standard,PICKUP,252
2026,02,DACIA,DUSTER,Private,ICE,Gasolina/Electrico,SKL,REST,Standard,PICKUP,521
2026,02,DACIA,DUSTER,RAC,ICE,Gasolina/Electrico,SKL,REST,Standard,PICKUP,40
2026,02,DACIA,JOGGER,Corporate,ICE,Gasolina/Electrico,UKL2,REST,Standard,MPV,43
2026,02,DACIA,JOGGER,Private,ICE,Gasolina/Electrico,UKL2,REST,Standard,MPV,196
2026,02,DACIA,JOGGER,RAC,ICE,Gasolina/Electrico,UKL2,REST,Standard,MPV,140
2026,02,DACIA,SANDERO,Corporate,ICE,Gasolina,UKL1,REST,Standard,HACH 5P,380
2026,02,DACIA,SANDERO,Private,ICE,Gasolina,UKL1,REST,Standard,HACH 5P,1567
2026,02,DACIA,SANDERO,RAC,ICE,Gasolina,UKL1,REST,Standard,HACH 5P,681
2026,02,DACIA,SPRING,Corporate,BEV,Electrico,UKL0,REST,Standard,SAV,35
2026,02,DACIA,SPRING,Private,BEV,Electrico,UKL0,REST,Standard,SAV,67
2026,02,DFSK,C31,Corporate,ICE,Diesel,,REST,Standard,,1
2026,02,DFSK,C31,Corporate,ICE,Gas Licuado con petroleo (GLP),,REST,Standard,,1
2026,02,DFSK,C31,Corporate,ICE,Gasolina,,REST,Standard,,3
2026,02,DFSK,C31,RAC,ICE,Diesel,,REST,Standard,,1
2026,02,DFSK,C32,Corporate,ICE,Gas Licuado con petroleo (GLP),,REST,Standard,,5
2026,02,DFSK,C32,Corporate,ICE,Gasolina,,REST,Standard,,3
2026,02,DFSK,DFSK EC31,Corporate,BEV,Electrico,,REST,Standard,,1
2026,02,DFSK,E5,Private,PHEV,Gasolina/Electrico Enchufable,KKL,REST,Standard,SAV,8
2026,02,DFSK,EC31,Corporate,BEV,Electrico,,REST,Standard,,2
2026,02,DFSK,EC35,Corporate,BEV,Electrico,,REST,Standard,,1
2026,02,DFSK,EC75,Corporate,BEV,Electrico,,REST,Standard,,1
2026,02,DFSK,EC75,RAC,BEV,Electrico,,REST,Standard,,1
2026,02,DFSK,FENGON,Corporate,ICE,Gasolina,,,Standard,,2
2026,02,DFSK,FENGON,Private,ICE,Gasolina,,,Standard,,1
2026,02,DFSK,K02LE,Corporate,BEV,Electrico,,REST,Standard,,2
2026,02,DFSK,SERIE K,Corporate,BEV,Electrico,SKL,REST,Standard,TRANSPORTER,3
2026,02,DFSK,SERIE K,RAC,BEV,Electrico,SKL,REST,Standard,TRANSPORTER,2
2026,02,DONGFENG,BOX,Corporate,BEV,Electrico,UKL0,REST,Standard,HACH 5P,4
2026,02,DONGFENG,BOX,Private,BEV,Electrico,UKL0,REST,Standard,HACH 5P,11
2026,02,DR,DR4,Corporate,ICE,Gas Licuado con petroleo (GLP),UKL1,REST,Standard,SAV,1
2026,02,DR,DR5,Corporate,ICE,Gasolina,UKL2,REST,Standard,SAV,3
2026,02,DR,DR5,Private,ICE,Gasolina,UKL2,REST,Standard,SAV,2
2026,02,DR,EVO,Private,ICE,Gasolina,UKL1,REST,Standard,SAV,13
2026,02,DR,PK8,Private,ICE,Diesel,SKL,REST,Standard,PICKUP,1
2026,02,DS,DS3 CROSSBACK,Corporate,ICE,Gasolina Mild Hybrid,UKL1,REST,Standard,HACH 3P,3
2026,02,DS,DS3 CROSSBACK,Private,ICE,Gasolina Mild Hybrid,UKL1,REST,Standard,HACH 3P,6
2026,02,DS,DS4,Corporate,ICE,Gasolina/Electrico Enchufable,UKL2,REST,Standard,HACH 5P,2
2026,02,DS,DS7 CROSSBACK,Corporate,ICE,Gasolina/Electrico Enchufable,UKL2,REST,Standard,SAV,59
2026,02,DS,DS7 CROSSBACK,Corporate,PHEV,Gasolina/Electrico Enchufable,UKL2,REST,Standard,SAV,12
2026,02,DS,DS7 CROSSBACK,Private,ICE,Gasolina/Electrico Enchufable,UKL2,REST,Standard,SAV,15
2026,02,DS,DS7 CROSSBACK,Private,PHEV,Gasolina/Electrico Enchufable,UKL2,REST,Standard,SAV,10
2026,02,DS,DS7 CROSSBACK,RAC,ICE,Gasolina/Electrico Enchufable,UKL2,REST,Standard,SAV,64
2026,02,DS,NO4,Corporate,ICE,Gasolina/Electrico Enchufable,UKL2,REST,Standard,HACH 5P,3
2026,02,DS,NO4,Private,ICE,Gasolina/Electrico Enchufable,UKL2,REST,Standard,HACH 5P,6
2026,02,DS,NO4,Private,PHEV,Gasolina/Electrico Enchufable,UKL2,REST,Standard,HACH 5P,1
2026,02,DS,NO4,RAC,ICE,Gasolina/Electrico Enchufable,UKL2,REST,Standard,HACH 5P,27
2026,02,DS,NO4,RAC,PHEV,Gasolina/Electrico Enchufable,UKL2,REST,Standard,HACH 5P,7
2026,02,DS,NO8,Corporate,BEV,Electrico,MKL,REST,Standard,SEDAN,1
2026,02,DS,NO8,Private,BEV,Electrico,MKL,REST,Standard,SEDAN,1
2026,02,DSK,Q51,Corporate,ICE,Gas Licuado con petroleo (GLP),,REST,Standard,,3
2026,02,DSK,Q51,Corporate,ICE,Gasolina,,REST,Standard,,2
2026,02,DSK,Q51,Private,ICE,Gasolina,,REST,Standard,,1
2026,02,EBRO,S400,Corporate,ICE,Gasolina/Electrico,UKL2,REST,Standard,SAV,230
2026,02,EBRO,S400,Private,ICE,Gasolina/Electrico,UKL2,REST,Standard,SAV,668
2026,02,EBRO,S400,RAC,ICE,Gasolina/Electrico,UKL2,REST,Standard,SAV,230
2026,02,EBRO,S700,Corporate,ICE,Gasolina/Electrico Enchufable,UKL2,REST,Standard,SAV,84
2026,02,EBRO,S700,Corporate,PHEV,Gasolina/Electrico Enchufable,UKL2,REST,Standard,SAV,69
2026,02,EBRO,S700,Private,ICE,Gasolina/Electrico Enchufable,UKL2,REST,Standard,SAV,188
2026,02,EBRO,S700,Private,PHEV,Gasolina/Electrico Enchufable,UKL2,REST,Standard,SAV,232
2026,02,EBRO,S700,RAC,ICE,Gasolina/Electrico Enchufable,UKL2,REST,Standard,SAV,165
2026,02,EBRO,S800,Corporate,ICE,Gasolina/Electrico Enchufable,KKL,REST,Standard,SAV,11
2026,02,EBRO,S800,Corporate,PHEV,Gasolina/Electrico Enchufable,KKL,REST,Standard,SAV,47
2026,02,EBRO,S800,Private,ICE,Gasolina/Electrico Enchufable,KKL,REST,Standard,SAV,48
2026,02,EBRO,S800,Private,PHEV,Gasolina/Electrico Enchufable,KKL,REST,Standard,SAV,108
2026,02,EBRO,S800,RAC,ICE,Gasolina/Electrico Enchufable,KKL,REST,Standard,SAV,60
2026,02,EBRO,S900,Corporate,PHEV,Gasolina/Electrico Enchufable,UKL2,REST,Standard,SAV,81
2026,02,EBRO,S900,Private,PHEV,Gasolina/Electrico Enchufable,UKL2,REST,Standard,SAV,137
2026,02,EBRO,S900,RAC,PHEV,Gasolina/Electrico Enchufable,UKL2,REST,Standard,SAV,1
2026,02,EDWARD DAVIES COMMERCIALS LTD,RANGER,Corporate,ICE,Diesel,,REST,Standard,,2
2026,02,ERJOMA,M21TH GENERATION 2,Corporate,ICE,Diesel,,REST,Standard,,1
2026,02,ERKE,RANGER ERKE,Corporate,ICE,Diesel,,REST,Standard,,1
2026,02,ERKE,RIFTER ERKE VR3EDYH,Corporate,ICE,Diesel,,REST,Standard,,3
2026,02,ERKE,TRANPORTER ERKE,Corporate,ICE,Diesel,,REST,Standard,,1
2026,02,ERKE,TRANSPORTER ERKE WV4ZZZT,Corporate,ICE,Diesel,,REST,Standard,,5
2026,02,ESMI,M27 F,Corporate,ICE,Diesel,,REST,Standard,,1
2026,02,EUROCARROCERA,RANGER,Corporate,ICE,Diesel,,REST,Standard,,16
2026,02,EUROCARROCERA,RANGER,Corporate,PHEV,Gasolina/Electrico Enchufable,,REST,Standard,,57
2026,02,EVO,CROSS 4,Corporate,ICE,Diesel,SKL,REST,Standard,PICKUP,13
2026,02,EVO,CROSS 4,Private,ICE,Diesel,SKL,REST,Standard,PICKUP,9
2026,02,EVO,EVO 4,Corporate,ICE,Gasolina,UKL1,REST,Standard,SAV,7
2026,02,EVO,EVO 4,Private,ICE,Gasolina,UKL1,REST,Standard,SAV,29
2026,02,EVO,EVO 5,Private,ICE,Gasolina,UKL2,REST,Standard,SAV,6
2026,02,EVO,EVO 6,Corporate,ICE,Gasolina,UKL2,REST,Standard,SAV,5
2026,02,EVO,EVO 6,Private,ICE,Gasolina,UKL2,REST,Standard,SAV,4
2026,02,EVO,EVO 7,Corporate,ICE,Gasolina,UKL2,REST,Standard,SAV,6
2026,02,EVO,EVO 7,Private,ICE,Gasolina,UKL2,REST,Standard,SAV,3
2026,02,FARIZON,SUPERVAN,Corporate,BEV,Electrico,SKL,REST,Standard,TRANSPORTER,1
2026,02,FARIZON,SUPERVAN,Private,BEV,Electrico,SKL,REST,Standard,TRANSPORTER,1
2026,02,FAW,B70,Corporate,ICE,Gasolina,,REST,Standard,,1
2026,02,FAW,B70,Private,ICE,Gasolina,,REST,Standard,,1
2026,02,FAW,T77,Corporate,ICE,Gasolina,UKL2,REST,Standard,SAV,4
2026,02,FAW,T77,Private,ICE,Gasolina,UKL2,REST,Standard,SAV,10
2026,02,FAW,T77,RAC,ICE,Gasolina,UKL2,REST,Standard,SAV,5
2026,02,FAW,T90,Private,ICE,Gasolina,,REST,Standard,,2
2026,02,FAW,YUEYI 07 PHEV,Corporate,PHEV,Gasolina/Electrico Enchufable,,REST,Standard,,9
2026,02,FAW,YUEYI 07 PHEV,Private,PHEV,Gasolina/Electrico Enchufable,,REST,Standard,,2
2026,02,FAW,YUEYI 07 PHEV,RAC,ICE,Gasolina,,REST,Standard,,1
2026,02,FENIKS,INEOS GRENADIER,Corporate,ICE,Gasolina,,REST,Standard,,6
2026,02,FERRARI,12CILINDRI,Corporate,ICE,Gasolina,GKL+,FOCUS SEGMENT,Standard,COUPE,1
2026,02,FERRARI,296,Corporate,PHEV,Gasolina/Electrico Enchufable,GKL+,FOCUS SEGMENT,Standard,COUPE,2
2026,02,FERRARI,296,Private,ICE,Gasolina/Electrico Enchufable,GKL+,FOCUS SEGMENT,Standard,COUPE,1
2026,02,FERRARI,296,Private,PHEV,Gasolina/Electrico Enchufable,GKL+,FOCUS SEGMENT,Standard,COUPE,3
2026,02,FERRARI,PUROSANGUE,Corporate,ICE,Gasolina,GKL+,FOCUS SEGMENT,Standard,SAV,3
2026,02,FERRARI,ROMA,Corporate,ICE,Gasolina,GKL+,FOCUS SEGMENT,Standard,COUPE,1
2026,02,FERRARI,ROMA,Private,ICE,Gasolina,GKL+,FOCUS SEGMENT,Standard,COUPE,2
2026,02,FERRARI,ROMA,RAC,ICE,Gasolina,GKL+,FOCUS SEGMENT,Standard,COUPE,1
2026,02,FIAT,260,Private,ICE,Diesel,,REST,Standard,,1
2026,02,FIAT,500,Corporate,BEV,Gasolina Mild Hybrid,UKL0,REST,Standard,HACH 3P,6
2026,02,FIAT,500,Corporate,ICE,Gasolina Mild Hybrid,UKL0,REST,Standard,HACH 3P,104
2026,02,FIAT,500,Private,BEV,Gasolina Mild Hybrid,UKL0,REST,Standard,HACH 3P,9
2026,02,FIAT,500,Private,ICE,Gasolina Mild Hybrid,UKL0,REST,Standard,HACH 3P,27
2026,02,FIAT,500,RAC,BEV,Gasolina Mild Hybrid,UKL0,REST,Standard,HACH 3P,1
2026,02,FIAT,500,RAC,ICE,Gasolina Mild Hybrid,UKL0,REST,Standard,HACH 3P,14
2026,02,FIAT,600,Corporate,ICE,Gasolina Mild Hybrid,UKL1,REST,Standard,SAV,62
2026,02,FIAT,600,Private,ICE,Gasolina Mild Hybrid,UKL1,REST,Standard,SAV,48
2026,02,FIAT,600,RAC,BEV,Gasolina Mild Hybrid,UKL1,REST,Standard,SAV,49
2026,02,FIAT,600,RAC,ICE,Gasolina Mild Hybrid,UKL1,REST,Standard,SAV,499
2026,02,FIAT,AMPHITRYON 967,Private,ICE,Diesel,,REST,Standard,,1
2026,02,FIAT,BC6003,Private,ICE,Diesel,,REST,Standard,,1
2026,02,FIAT,BT7321,Private,ICE,Diesel,,REST,Standard,,1
2026,02,FIAT,DOBLO CARGO,Corporate,BEV,Electrico,SKL,REST,Standard,TRANSPORTER,2
2026,02,FIAT,DOBLO CARGO,Corporate,ICE,Electrico,SKL,REST,Standard,TRANSPORTER,116
2026,02,FIAT,DOBLO CARGO,Private,BEV,Electrico,SKL,REST,Standard,TRANSPORTER,1
2026,02,FIAT,DOBLO CARGO,Private,ICE,Electrico,SKL,REST,Standard,TRANSPORTER,13
2026,02,FIAT,DOBLO CARGO,RAC,ICE,Electrico,SKL,REST,Standard,TRANSPORTER,42
2026,02,FIAT,DUCATO,Corporate,ICE,Diesel,SKL,REST,Standard,TRANSPORTER,120
2026,02,FIAT,DUCATO,Private,ICE,Diesel,SKL,REST,Standard,TRANSPORTER,127
2026,02,FIAT,DUCATO,RAC,ICE,Diesel,SKL,REST,Standard,TRANSPORTER,127
2026,02,FIAT,E-ULYSSE,Corporate,ICE,Electrico,SKL,REST,Standard,TRANSPORTER,13
2026,02,FIAT,E-ULYSSE,Private,ICE,Electrico,SKL,REST,Standard,TRANSPORTER,1
2026,02,FIAT,HORUS 45,Private,ICE,Diesel,,REST,Standard,,1
2026,02,FIAT,KEA I 90,Private,ICE,Diesel,,REST,Standard,,1
2026,02,FIAT,MENFYS 3 MAXI S-LINE,Private,ICE,Diesel,,REST,Standard,,1
2026,02,FIAT,MILEO 242,RAC,ICE,Diesel,,REST,Standard,,1
2026,02,FIAT,PANDA,Corporate,BEV,Gasolina Mild Hybrid,UKL0,REST,Standard,HACH 5P,7
2026,02,FIAT,PANDA,Corporate,ICE,Gasolina Mild Hybrid,UKL0,REST,Standard,HACH 5P,74
2026,02,FIAT,PANDA,Private,BEV,Gasolina Mild Hybrid,UKL0,REST,Standard,HACH 5P,8
2026,02,FIAT,PANDA,Private,ICE,Gasolina Mild Hybrid,UKL0,REST,Standard,HACH 5P,84
2026,02,FIAT,PANDA,RAC,ICE,Gasolina Mild Hybrid,UKL0,REST,Standard,HACH 5P,119
2026,02,FIAT,R07,Private,ICE,Diesel,,REST,Standard,,1
2026,02,FIAT,R47,Private,ICE,Diesel,,REST,Standard,,1
2026,02,FIAT,ROLLER TEAM,Private,ICE,Diesel,,REST,Standard,,1
2026,02,FIAT,SARUS 12 PLUS,RAC,ICE,Diesel,,REST,Standard,,4
2026,02,FIAT,SARUS 5,RAC,ICE,Diesel,,REST,Standard,,1
2026,02,FIAT,SARUS 69 PLUS,Private,ICE,Diesel,,REST,Standard,,1
2026,02,FIAT,SARUS 69 PLUS,RAC,ICE,Diesel,,REST,Standard,,4
2026,02,FIAT,SCUDO,Corporate,BEV,Electrico,SKL,REST,Standard,TRANSPORTER,1
2026,02,FIAT,SCUDO,Corporate,ICE,Electrico,SKL,REST,Standard,TRANSPORTER,94
2026,02,FIAT,SCUDO,Private,ICE,Electrico,SKL,REST,Standard,TRANSPORTER,8
2026,02,FIAT,SEAL 5,RAC,ICE,Diesel,,REST,Standard,,1
2026,02,FIAT,T135,Private,ICE,Diesel,,REST,Standard,,1
2026,02,FIAT,T7400 SB,RAC,ICE,Diesel,,REST,Standard,,1
2026,02,FIAT,TIPO,Corporate,ICE,Diesel,UKL2,REST,Standard,HACH 5P,11
2026,02,FIAT,TIPO,Private,ICE,Diesel,UKL2,REST,Standard,HACH 5P,13
2026,02,FIAT,V114M,Private,ICE,Diesel,,REST,Standard,,1
2026,02,FIAT,V210 SPORT EDITION,Private,ICE,Diesel,,REST,Standard,,1
2026,02,FIAT,X250,Private,ICE,Diesel,,REST,Standard,,1
2026,02,FIREMAR,M27 F,Corporate,ICE,Diesel,,REST,Standard,,1
2026,02,FORD,240,Private,ICE,Diesel,,REST,Standard,,1
2026,02,FORD,260,Private,ICE,Diesel,,REST,Standard,,1
2026,02,FORD,317,Private,ICE,Diesel,,REST,Standard,,1
2026,02,FORD,BLHA2BFY,Corporate,ICE,Diesel,,REST,Standard,,1
2026,02,FORD,BRONCO,Corporate,ICE,Gasolina,MKL,REST,Standard,SUV,3
2026,02,FORD,BRONCO,Private,ICE,Gasolina,MKL,REST,Standard,SUV,8
2026,02,FORD,CAPRI,Corporate,BEV,Electrico,UKL1,REST,Standard,SAV,29
2026,02,FORD,CAPRI,Private,BEV,Electrico,UKL1,REST,Standard,SAV,9
2026,02,FORD,CAPRON T690L,Corporate,ICE,Diesel,,REST,Standard,,1
2026,02,FORD,CV 590C,RAC,ICE,Diesel,,REST,Standard,,1
2026,02,FORD,EXPLORER,Corporate,BEV,Gasolina/Electrico Enchufable,SKL,REST,Standard,PICKUP,22
2026,02,FORD,EXPLORER,Corporate,ICE,Gasolina/Electrico Enchufable,SKL,REST,Standard,PICKUP,1
2026,02,FORD,EXPLORER,Private,BEV,Gasolina/Electrico Enchufable,SKL,REST,Standard,PICKUP,14
2026,02,FORD,EXPLORER,RAC,BEV,Gasolina/Electrico Enchufable,SKL,REST,Standard,PICKUP,1
2026,02,FORD,F100,Private,ICE,Gasolina,,REST,Standard,,1
2026,02,FORD,FOCUS,Corporate,ICE,Gasolina Mild Hybrid,UKL2,REST,Standard,HACH 5P,46
2026,02,FORD,FOCUS,Private,ICE,Gasolina Mild Hybrid,UKL2,REST,Standard,HACH 5P,19
2026,02,FORD,FORD NUGGET,Private,ICE,Diesel,,REST,Standard,,1
2026,02,FORD,G2HDC,RAC,ICE,Diesel,,REST,Standard,,1
2026,02,FORD,GLAMYS,Private,ICE,Diesel,,REST,Standard,,1
2026,02,FORD,HORON FIT 30 XT,Private,ICE,Diesel,,REST,Standard,,1
2026,02,FORD,KILIG 18 PLUS,RAC,ICE,Diesel,,REST,Standard,,1
2026,02,FORD,KILIG 79 PLUS,Corporate,ICE,Diesel,,REST,Standard,,1
2026,02,FORD,KILIG 79 PLUS,RAC,ICE,Diesel,,REST,Standard,,5
2026,02,FORD,KILIG 9,RAC,ICE,Diesel,,REST,Standard,,5
2026,02,FORD,KILIG 95,RAC,ICE,Diesel,,REST,Standard,,3
2026,02,FORD,KILIG 95 PLUS,RAC,ICE,Diesel,,REST,Standard,,4
2026,02,FORD,KRONOS 265 TL,Private,ICE,Diesel,,REST,Standard,,1
2026,02,FORD,KUGA,Corporate,ICE,Gasolina/Electrico Enchufable,UKL2,REST,Standard,SAV,71
2026,02,FORD,KUGA,Corporate,PHEV,Gasolina/Electrico Enchufable,UKL2,REST,Standard,SAV,132
2026,02,FORD,KUGA,Private,ICE,Gasolina/Electrico Enchufable,UKL2,REST,Standard,SAV,35
2026,02,FORD,KUGA,Private,PHEV,Gasolina/Electrico Enchufable,UKL2,REST,Standard,SAV,280
2026,02,FORD,KUGA,RAC,ICE,Gasolina/Electrico Enchufable,UKL2,REST,Standard,SAV,1
2026,02,FORD,KUGA,RAC,PHEV,Gasolina/Electrico Enchufable,UKL2,REST,Standard,SAV,311
2026,02,FORD,MUSTANG,Corporate,ICE,Gasolina,MKL,REST,Standard,CABRIO,9
2026,02,FORD,MUSTANG,Private,ICE,Gasolina,MKL,REST,Standard,CABRIO,12
2026,02,FORD,MUSTANG MACH-E,Corporate,BEV,Electrico,KKL,REST,Standard,SAV,9
2026,02,FORD,MUSTANG MACH-E,Private,BEV,Electrico,KKL,REST,Standard,SAV,3
2026,02,FORD,MUSTANG MACH-E,RAC,BEV,Electrico,KKL,REST,Standard,SAV,4
2026,02,FORD,P10+,Private,ICE,Diesel,,REST,Standard,,1
2026,02,FORD,P54+,Private,ICE,Diesel,,REST,Standard,,3
2026,02,FORD,P59,Private,ICE,Diesel,,REST,Standard,,1
2026,02,FORD,PEAK 10 +,RAC,ICE,Diesel,,REST,Standard,,1
2026,02,FORD,PEAK 10+,Private,ICE,Diesel,,REST,Standard,,1
2026,02,FORD,PUMA,Corporate,BEV,Gasolina Mild Hybrid,UKL1,REST,Standard,SAV,25
2026,02,FORD,PUMA,Corporate,ICE,Gasolina Mild Hybrid,UKL1,REST,Standard,SAV,237
2026,02,FORD,PUMA,Private,BEV,Gasolina Mild Hybrid,UKL1,REST,Standard,SAV,26
2026,02,FORD,PUMA,Private,ICE,Gasolina Mild Hybrid,UKL1,REST,Standard,SAV,277
2026,02,FORD,PUMA,RAC,ICE,Gasolina Mild Hybrid,UKL1,REST,Standard,SAV,129
2026,02,FORD,RANGER,Corporate,ICE,Gasolina/Electrico Enchufable,SKL,REST,Standard,PICKUP,320
2026,02,FORD,RANGER,Corporate,PHEV,Gasolina/Electrico Enchufable,SKL,REST,Standard,PICKUP,52
2026,02,FORD,RANGER,Private,ICE,Gasolina/Electrico Enchufable,SKL,REST,Standard,PICKUP,17
2026,02,FORD,RANGER,Private,PHEV,Gasolina/Electrico Enchufable,SKL,REST,Standard,PICKUP,11
2026,02,FORD,RANGER,RAC,ICE,Gasolina/Electrico Enchufable,SKL,REST,Standard,PICKUP,1
2026,02,FORD,ROLLER TEAM,Corporate,ICE,Diesel,,REST,Standard,,1
2026,02,FORD,ROLLER TEAM,RAC,ICE,Diesel,,REST,Standard,,3
2026,02,FORD,SPORT 324 UP,RAC,ICE,Diesel,,REST,Standard,,1
2026,02,FORD,SPORT 340 UP,RAC,ICE,Diesel,,REST,Standard,,1
2026,02,FORD,SPORT 363,Private,ICE,Diesel,,REST,Standard,,1
2026,02,FORD,TESSORO 425,Private,ICE,Diesel,,REST,Standard,,1
2026,02,FORD,TESSORO 444,RAC,ICE,Diesel,,REST,Standard,,1
2026,02,FORD,TESSORO 463,RAC,ICE,Diesel,,REST,Standard,,1
2026,02,FORD,TESSORO 463 UP,RAC,ICE,Diesel,,REST,Standard,,1
2026,02,FORD,TOURNEO,Corporate,BEV,Gasolina/Electrico Enchufable,SKL,REST,Standard,TRANSPORTER,18
2026,02,FORD,TOURNEO,Corporate,ICE,Gasolina/Electrico Enchufable,SKL,REST,Standard,TRANSPORTER,136
2026,02,FORD,TOURNEO,Corporate,PHEV,Gasolina/Electrico Enchufable,SKL,REST,Standard,TRANSPORTER,80
2026,02,FORD,TOURNEO,Private,BEV,Gasolina/Electrico Enchufable,SKL,REST,Standard,TRANSPORTER,2
2026,02,FORD,TOURNEO,Private,ICE,Gasolina/Electrico Enchufable,SKL,REST,Standard,TRANSPORTER,152
2026,02,FORD,TOURNEO,Private,PHEV,Gasolina/Electrico Enchufable,SKL,REST,Standard,TRANSPORTER,46
2026,02,FORD,TOURNEO,RAC,ICE,Gasolina/Electrico Enchufable,SKL,REST,Standard,TRANSPORTER,2
2026,02,FORD,TOURNEO,RAC,PHEV,Gasolina/Electrico Enchufable,SKL,REST,Standard,TRANSPORTER,3
2026,02,FORD,TRANSIT,Corporate,BEV,Electrico,SKL,REST,Standard,TRANSPORTER,6
2026,02,FORD,TRANSIT,Corporate,ICE,Electrico,SKL,REST,Standard,TRANSPORTER,374
2026,02,FORD,TRANSIT,Corporate,PHEV,Electrico,SKL,REST,Standard,TRANSPORTER,1
2026,02,FORD,TRANSIT,Private,BEV,Electrico,SKL,REST,Standard,TRANSPORTER,3
2026,02,FORD,TRANSIT,Private,ICE,Electrico,SKL,REST,Standard,TRANSPORTER,115
2026,02,FORD,TRANSIT,RAC,BEV,Electrico,SKL,REST,Standard,TRANSPORTER,1
2026,02,FORD,TRANSIT,RAC,ICE,Electrico,SKL,REST,Standard,TRANSPORTER,92
2026,02,FORD,TRANSIT CONNECT,Corporate,ICE,Gasolina/Electrico Enchufable,SKL,REST,Standard,TRANSPORTER,79
2026,02,FORD,TRANSIT CONNECT,Corporate,PHEV,Gasolina/Electrico Enchufable,SKL,REST,Standard,TRANSPORTER,48
2026,02,FORD,TRANSIT CONNECT,Private,ICE,Gasolina/Electrico Enchufable,SKL,REST,Standard,TRANSPORTER,1
2026,02,FORD,TRANSIT CONNECT,RAC,ICE,Gasolina/Electrico Enchufable,SKL,REST,Standard,TRANSPORTER,1
2026,02,FORD,TRANSIT COURIER,Corporate,BEV,Gasolina,SKL,REST,Standard,TRANSPORTER,13
2026,02,FORD,TRANSIT COURIER,Corporate,ICE,Gasolina,SKL,REST,Standard,TRANSPORTER,439
2026,02,FORD,TRANSIT COURIER,Private,BEV,Gasolina,SKL,REST,Standard,TRANSPORTER,1
2026,02,FORD,TRANSIT COURIER,Private,ICE,Gasolina,SKL,REST,Standard,TRANSPORTER,13
2026,02,FORD,TRANSIT COURIER,RAC,ICE,Gasolina,SKL,REST,Standard,TRANSPORTER,4
2026,02,FORD,TRANSIT CUSTOM,Corporate,BEV,Gasolina/Electrico Enchufable,SKL,REST,Standard,TRANSPORTER,43
2026,02,FORD,TRANSIT CUSTOM,Corporate,ICE,Gasolina/Electrico Enchufable,SKL,REST,Standard,TRANSPORTER,446
2026,02,FORD,TRANSIT CUSTOM,Corporate,PHEV,Gasolina/Electrico Enchufable,SKL,REST,Standard,TRANSPORTER,81
2026,02,FORD,TRANSIT CUSTOM,Private,BEV,Gasolina/Electrico Enchufable,SKL,REST,Standard,TRANSPORTER,1
2026,02,FORD,TRANSIT CUSTOM,Private,ICE,Gasolina/Electrico Enchufable,SKL,REST,Standard,TRANSPORTER,21
2026,02,FORD,TRANSIT CUSTOM,Private,PHEV,Gasolina/Electrico Enchufable,SKL,REST,Standard,TRANSPORTER,15
2026,02,FORD,TRANSIT CUSTOM,RAC,ICE,Gasolina/Electrico Enchufable,SKL,REST,Standard,TRANSPORTER,14
2026,02,FORD,URBAN 10,Private,ICE,Diesel,,REST,Standard,,1
2026,02,FORD,V 5.9 DF,RAC,ICE,Diesel,,REST,Standard,,1
2026,02,FORD,YRTEO 861,Private,ICE,Diesel,,REST,Standard,,1
2026,02,FOTON MOTORS,TUNLAND,Corporate,ICE,Diesel Mild Hybrid,SKL,REST,Standard,PICKUP,22
2026,02,FOTON MOTORS,TUNLAND,Private,ICE,Diesel Mild Hybrid,SKL,REST,Standard,PICKUP,19
2026,02,FURCAR,D-MAX N57,Corporate,ICE,Diesel,,REST,Standard,,1
2026,02,GENESIS,GV60,Corporate,BEV,Electrico,UKL2,REST,Standard,SAV,2
2026,02,GENESIS,GV70,Corporate,BEV,Electrico,KKL,REST,Standard,SAV,1
2026,02,GOMEZ,N/A,Corporate,ICE,Diesel,,REST,Standard,,1
2026,02,GOUPIL,G4 3TAPPWMZ,Corporate,BEV,Electrico,,REST,Standard,,17
2026,02,GOUPIL,G4 3VRWGWMZ,Corporate,BEV,Electrico,,REST,Standard,,3
2026,02,GOUPIL,G4L 3VRWGWLZ,Corporate,BEV,Electrico,,REST,Standard,,7
2026,02,GRAU,G4 0TAPPWMZ,Corporate,BEV,Electrico,,REST,Standard,,1
2026,02,GRAU,G6,Corporate,BEV,Electrico,,REST,Standard,,1
2026,02,GRAU,URBAN+,Corporate,BEV,Electrico,,REST,Standard,,2
2026,02,GRAU,URBAN+ 0TAPPWMZ,Corporate,BEV,Electrico,,REST,Standard,,3
2026,02,GRAU,URBAN+ 0VRWGWMZ,Corporate,BEV,Electrico,,REST,Standard,,1
2026,02,GRUIVOL,M27 F,Corporate,ICE,Diesel,,REST,Standard,,1
2026,02,HONDA,CIVIC,Corporate,ICE,Gasolina,UKL2,REST,Standard,HACH 5P,1
2026,02,HONDA,CIVIC,Corporate,ICE,Gasolina/Electrico,UKL2,REST,Standard,HACH 5P,19
2026,02,HONDA,CIVIC,Private,ICE,Gasolina,UKL2,REST,Standard,HACH 5P,3
2026,02,HONDA,CIVIC,Private,ICE,Gasolina/Electrico,UKL2,REST,Standard,HACH 5P,58
2026,02,HONDA,CR-V,Corporate,ICE,Gasolina/Electrico Enchufable,KKL,REST,Standard,SAV,11
2026,02,HONDA,CR-V,Corporate,PHEV,Gasolina/Electrico Enchufable,KKL,REST,Standard,SAV,11
2026,02,HONDA,CR-V,Private,ICE,Gasolina/Electrico Enchufable,KKL,REST,Standard,SAV,23
2026,02,HONDA,CR-V,Private,PHEV,Gasolina/Electrico Enchufable,KKL,REST,Standard,SAV,15
2026,02,HONDA,E:NY1,Corporate,BEV,Electrico,UKL1,REST,Standard,SAV,1
2026,02,HONDA,HR-V,Corporate,ICE,Gasolina/Electrico,UKL1,REST,Standard,SAV,20
2026,02,HONDA,HR-V,Private,ICE,Gasolina/Electrico,UKL1,REST,Standard,SAV,98
2026,02,HONDA,JAZZ,Corporate,ICE,Gasolina/Electrico,UKL1,REST,Standard,HACH 5P,52
2026,02,HONDA,JAZZ,Private,ICE,Gasolina/Electrico,UKL1,REST,Standard,HACH 5P,71
2026,02,HONDA,ZR-V,Corporate,ICE,Gasolina/Electrico,UKL2,REST,Standard,SAV,15
2026,02,HONDA,ZR-V,Private,ICE,Gasolina/Electrico,UKL2,REST,Standard,SAV,58
2026,02,HYUNDAI,BAYON,Corporate,ICE,Gasolina Mild Hybrid,UKL1,REST,Standard,SAV,55
2026,02,HYUNDAI,BAYON,Private,ICE,Gasolina Mild Hybrid,UKL1,REST,Standard,SAV,68
2026,02,HYUNDAI,BAYON,RAC,ICE,Gasolina Mild Hybrid,UKL1,REST,Standard,SAV,22
2026,02,HYUNDAI,I10,Corporate,ICE,Gasolina,UKL0,REST,Standard,HACH 5P,44
2026,02,HYUNDAI,I10,Private,ICE,Gasolina,UKL0,REST,Standard,HACH 5P,97
2026,02,HYUNDAI,I20,Corporate,ICE,Gasolina Mild Hybrid,UKL1,REST,Standard,HACH 5P,113
2026,02,HYUNDAI,I20,Private,ICE,Gasolina Mild Hybrid,UKL1,REST,Standard,HACH 5P,352
2026,02,HYUNDAI,I20,RAC,ICE,Gasolina Mild Hybrid,UKL1,REST,Standard,HACH 5P,12
2026,02,HYUNDAI,I30,Corporate,ICE,Gasolina Mild Hybrid,UKL2,REST,Standard,HACH 5P,43
2026,02,HYUNDAI,I30,Private,ICE,Gasolina Mild Hybrid,UKL2,REST,Standard,HACH 5P,107
2026,02,HYUNDAI,INSTER,Corporate,BEV,Electrico,UKL2,REST,Standard,SAV,24
2026,02,HYUNDAI,INSTER,Private,BEV,Electrico,UKL2,REST,Standard,SAV,67
2026,02,HYUNDAI,IONIQ 5,Corporate,BEV,Electrico,UKL2,REST,Standard,SAV,57
2026,02,HYUNDAI,IONIQ 5,Private,BEV,Electrico,UKL2,REST,Standard,SAV,25
2026,02,HYUNDAI,IONIQ 6,Corporate,BEV,Electrico,KKL,REST,Standard,SEDAN,14
2026,02,HYUNDAI,IONIQ 6,Private,BEV,Electrico,KKL,REST,Standard,SEDAN,6
2026,02,HYUNDAI,IONIQ 9,Corporate,BEV,Electrico,MKL,REST,Standard,MPV,2
2026,02,HYUNDAI,KONA,Corporate,BEV,Gasolina/Electrico,UKL1,REST,Standard,SAV,41
2026,02,HYUNDAI,KONA,Corporate,ICE,Gasolina/Electrico,UKL1,REST,Standard,SAV,308
2026,02,HYUNDAI,KONA,Private,BEV,Gasolina/Electrico,UKL1,REST,Standard,SAV,67
2026,02,HYUNDAI,KONA,Private,ICE,Gasolina/Electrico,UKL1,REST,Standard,SAV,636
2026,02,HYUNDAI,NEXO,Corporate,ICE,Hidrogeno,KKL,REST,Standard,SAV,1
2026,02,HYUNDAI,SANTA FE,Corporate,ICE,Gasolina/Electrico Enchufable,MKL,REST,Standard,SAV,24
2026,02,HYUNDAI,SANTA FE,Corporate,PHEV,Gasolina/Electrico Enchufable,MKL,REST,Standard,SAV,20
2026,02,HYUNDAI,SANTA FE,Private,ICE,Gasolina/Electrico Enchufable,MKL,REST,Standard,SAV,11
2026,02,HYUNDAI,SANTA FE,Private,PHEV,Gasolina/Electrico Enchufable,MKL,REST,Standard,SAV,10
2026,02,HYUNDAI,SONATA,Corporate,ICE,Gasolina,,REST,Standard,,1
2026,02,HYUNDAI,STARIA,Corporate,ICE,Gasolina/Electrico,MKL,REST,Standard,MPV,14
2026,02,HYUNDAI,STARIA,Private,ICE,Gasolina/Electrico,MKL,REST,Standard,MPV,10
2026,02,HYUNDAI,TUCSON,Corporate,ICE,Gasolina/Electrico Enchufable,UKL2,REST,Standard,SAV,266
2026,02,HYUNDAI,TUCSON,Corporate,PHEV,Gasolina/Electrico Enchufable,UKL2,REST,Standard,SAV,44
2026,02,HYUNDAI,TUCSON,Private,ICE,Gasolina/Electrico Enchufable,UKL2,REST,Standard,SAV,555
2026,02,HYUNDAI,TUCSON,Private,PHEV,Gasolina/Electrico Enchufable,UKL2,REST,Standard,SAV,111
2026,02,ICH-X,K3,Corporate,ICE,Gas Licuado con petroleo (GLP),UKL2,REST,Standard,SAV,2
2026,02,ICH-X,K3,Private,ICE,Gas Licuado con petroleo (GLP),UKL2,REST,Standard,SAV,1
2026,02,IGLUVAN,MAXUS DELIVER 9,Corporate,ICE,Diesel,,REST,Standard,,1
2026,02,INDUSAUTO,E 220 D,Corporate,ICE,Diesel,,REST,Standard,,1
2026,02,INDUSAUTO,E 300 E,Corporate,PHEV,Gasolina/Electrico Enchufable,,REST,Standard,,1
2026,02,INDUSAUTO,E220D,Corporate,ICE,Diesel,,REST,Standard,,1
2026,02,INEOS,GRENADIER,Corporate,ICE,Gasolina,MKL,REST,Standard,PICKUP,2
2026,02,INEOS,GRENADIER,Private,ICE,Gasolina,MKL,REST,Standard,PICKUP,1
2026,02,ISUZU,-/CAJA ABIERTA,Corporate,ICE,Diesel,,REST,Standard,,1
2026,02,ISUZU,D-MAX,Corporate,ICE,Electrico,SKL,REST,Standard,PICKUP,37
2026,02,ISUZU,D-MAX,Private,ICE,Electrico,SKL,REST,Standard,PICKUP,9
2026,02,ISUZU,F10,Corporate,ICE,Diesel,,REST,Standard,,1
2026,02,ISUZU,M21T,Corporate,ICE,Diesel,,REST,Standard,,1
2026,02,ISUZU,M21TT E,Corporate,ICE,Diesel,,REST,Standard,,1
2026,02,ISUZU,M30,RAC,ICE,Diesel,,REST,Standard,,1
2026,02,ISUZU,N/A,Corporate,ICE,Diesel,,REST,Standard,,2
2026,02,ISUZU,NQR90,Corporate,ICE,Diesel,,REST,Standard,,1
2026,02,ISUZU,TITAN,Private,ICE,Diesel,,REST,Standard,,1
2026,02,IVECO,120E,RAC,ICE,Diesel,,REST,Standard,,1
2026,02,IVECO,120EL,Corporate,ICE,Diesel,,REST,Standard,,1
2026,02,IVECO,3SS14,RAC,ICE,Diesel,,REST,Standard,,1
2026,02,IVECO,DAILY,Corporate,ICE,Gas natural comprimido (GNC),SKL,REST,Standard,TRANSPORTER,228
2026,02,IVECO,DAILY,Private,ICE,Gas natural comprimido (GNC),SKL,REST,Standard,TRANSPORTER,30
2026,02,IVECO,DAILY,RAC,ICE,Gas natural comprimido (GNC),SKL,REST,Standard,TRANSPORTER,221
2026,02,IVECO,IS35CI2AA,Corporate,ICE,Diesel,,REST,Standard,,1
2026,02,JAECOO,JAECOO 5,Corporate,BEV,Gasolina/Electrico,UKL1,REST,Standard,SAV,6
2026,02,JAECOO,JAECOO 5,Private,BEV,Gasolina/Electrico,UKL1,REST,Standard,SAV,121
2026,02,JAECOO,JAECOO 7,Corporate,ICE,Gasolina/Electrico Enchufable,UKL2,REST,Standard,SAV,48
2026,02,JAECOO,JAECOO 7,Corporate,PHEV,Gasolina/Electrico Enchufable,UKL2,REST,Standard,SAV,60
2026,02,JAECOO,JAECOO 7,Private,ICE,Gasolina/Electrico Enchufable,UKL2,REST,Standard,SAV,249
2026,02,JAECOO,JAECOO 7,Private,PHEV,Gasolina/Electrico Enchufable,UKL2,REST,Standard,SAV,317
2026,02,JAECOO,JAECOO 7,RAC,ICE,Gasolina/Electrico Enchufable,UKL2,REST,Standard,SAV,4
2026,02,JAECOO,JAECOO 7,RAC,PHEV,Gasolina/Electrico Enchufable,UKL2,REST,Standard,SAV,1
2026,02,JEEP,AVENGER,Corporate,BEV,Gasolina Mild Hybrid,UKL1,REST,Standard,SAV,205
2026,02,JEEP,AVENGER,Corporate,ICE,Gasolina Mild Hybrid,UKL1,REST,Standard,SAV,119
2026,02,JEEP,AVENGER,Private,BEV,Gasolina Mild Hybrid,UKL1,REST,Standard,SAV,18
2026,02,JEEP,AVENGER,Private,ICE,Gasolina Mild Hybrid,UKL1,REST,Standard,SAV,107
2026,02,JEEP,AVENGER,RAC,BEV,Gasolina Mild Hybrid,UKL1,REST,Standard,SAV,17
2026,02,JEEP,AVENGER,RAC,ICE,Gasolina Mild Hybrid,UKL1,REST,Standard,SAV,373
2026,02,JEEP,COMPASS,Corporate,BEV,Gasolina/Electrico Enchufable,UKL2,REST,Standard,SAV,31
2026,02,JEEP,COMPASS,Corporate,ICE,Gasolina/Electrico Enchufable,UKL2,REST,Standard,SAV,41
2026,02,JEEP,COMPASS,Corporate,PHEV,Gasolina/Electrico Enchufable,UKL2,REST,Standard,SAV,5
2026,02,JEEP,COMPASS,Private,BEV,Gasolina/Electrico Enchufable,UKL2,REST,Standard,SAV,1
2026,02,JEEP,COMPASS,Private,ICE,Gasolina/Electrico Enchufable,UKL2,REST,Standard,SAV,24
2026,02,JEEP,COMPASS,Private,PHEV,Gasolina/Electrico Enchufable,UKL2,REST,Standard,SAV,8
2026,02,JEEP,GRAND CHEROKEE,Corporate,PHEV,Gasolina/Electrico Enchufable,MKL,REST,Standard,SUV,2
2026,02,JEEP,GRAND CHEROKEE,Private,PHEV,Gasolina/Electrico Enchufable,MKL,REST,Standard,SUV,2
2026,02,JEEP,RENEGADE,Corporate,ICE,Gasolina/Electrico Enchufable,UKL1,REST,Standard,SAV,4
2026,02,JEEP,RENEGADE,Corporate,PHEV,Gasolina/Electrico Enchufable,UKL1,REST,Standard,SAV,1
2026,02,JEEP,RENEGADE,Private,ICE,Gasolina/Electrico Enchufable,UKL1,REST,Standard,SAV,13
2026,02,JEEP,RENEGADE,Private,PHEV,Gasolina/Electrico Enchufable,UKL1,REST,Standard,SAV,3
2026,02,JEEP,WRANGLER,Corporate,PHEV,Gasolina/Electrico Enchufable,UKL2,REST,Standard,SUV,2
2026,02,JEEP,WRANGLER,Private,PHEV,Gasolina/Electrico Enchufable,UKL2,REST,Standard,SUV,1
2026,02,JUAN SUAREZ,M21,Corporate,ICE,Diesel,,REST,Standard,,1
2026,02,JUAN SUAREZ,M21 T F,Corporate,ICE,Diesel,,REST,Standard,,2
2026,02,JUAN SUAREZ,M21 TF,Corporate,ICE,Diesel,,REST,Standard,,2
2026,02,KG MOBILITY,KORANDO,Corporate,ICE,Gasolina,MKL,REST,Standard,MPV,8
2026,02,KG MOBILITY,KORANDO,Private,ICE,Gasolina,MKL,REST,Standard,MPV,37
2026,02,KG MOBILITY,MUSSO,Corporate,ICE,Electrico,SKL,REST,Standard,PICKUP,37
2026,02,KG MOBILITY,MUSSO,Private,ICE,Electrico,SKL,REST,Standard,PICKUP,12
2026,02,KG MOBILITY,REXTON,Corporate,ICE,Diesel,MKL,REST,Standard,SAV,43
2026,02,KG MOBILITY,REXTON,Private,ICE,Diesel,MKL,REST,Standard,SAV,3
2026,02,KG MOBILITY,TIVOLI,Corporate,ICE,Gasolina,UKL1,REST,Standard,SAV,20
2026,02,KG MOBILITY,TIVOLI,Private,ICE,Gasolina,UKL1,REST,Standard,SAV,31
2026,02,KG MOBILITY,TIVOLI,RAC,ICE,Gasolina,UKL1,REST,Standard,SAV,3
2026,02,KG MOBILITY,TORRES,Corporate,BEV,Gasolina/Electrico,UKL2,REST,Standard,SAV,5
2026,02,KG MOBILITY,TORRES,Corporate,ICE,Gasolina/Electrico,UKL2,REST,Standard,SAV,16
2026,02,KG MOBILITY,TORRES,Private,BEV,Gasolina/Electrico,UKL2,REST,Standard,SAV,10
2026,02,KG MOBILITY,TORRES,Private,ICE,Gasolina/Electrico,UKL2,REST,Standard,SAV,33
2026,02,KIA,CEED,Corporate,ICE,Gasolina Mild Hybrid,UKL2,REST,Standard,HACH 5P,16
2026,02,KIA,CEED,Private,ICE,Gasolina Mild Hybrid,UKL2,REST,Standard,HACH 5P,52
2026,02,KIA,CEED,RAC,ICE,Gasolina Mild Hybrid,UKL2,REST,Standard,HACH 5P,5
2026,02,KIA,EV3,Corporate,BEV,Electrico,UKL1,REST,Standard,SAV,63
2026,02,KIA,EV3,Private,BEV,Electrico,UKL1,REST,Standard,SAV,253
2026,02,KIA,EV3,RAC,BEV,Electrico,UKL1,REST,Standard,SAV,1
2026,02,KIA,EV4,Corporate,BEV,Electrico,KKL,REST,Standard,SEDAN,9
2026,02,KIA,EV4,Private,BEV,Electrico,KKL,REST,Standard,SEDAN,16
2026,02,KIA,EV5,Corporate,BEV,Electrico,UKL2,REST,Standard,HACH 5P,17
2026,02,KIA,EV5,Private,BEV,Electrico,UKL2,REST,Standard,HACH 5P,31
2026,02,KIA,EV6,Corporate,BEV,Electrico,KKL,REST,Standard,SAV,7
2026,02,KIA,EV6,Private,BEV,Electrico,KKL,REST,Standard,SAV,11
2026,02,KIA,EV9,Corporate,BEV,Electrico,MKL,REST,Standard,MPV,10
2026,02,KIA,EV9,Private,BEV,Electrico,MKL,REST,Standard,MPV,12
2026,02,KIA,FORTTE,Corporate,ICE,Gasolina,,REST,Standard,,1
2026,02,KIA,K4,Corporate,ICE,Gasolina Mild Hybrid,UKL2,REST,Standard,HACH 5P,10
2026,02,KIA,K4,Private,ICE,Gasolina Mild Hybrid,UKL2,REST,Standard,HACH 5P,8
2026,02,KIA,NIRO,Corporate,BEV,Gasolina/Electrico Enchufable,UKL2,REST,Standard,SAV,8
2026,02,KIA,NIRO,Corporate,ICE,Gasolina/Electrico Enchufable,UKL2,REST,Standard,SAV,183
2026,02,KIA,NIRO,Corporate,PHEV,Gasolina/Electrico Enchufable,UKL2,REST,Standard,SAV,7
2026,02,KIA,NIRO,Private,BEV,Gasolina/Electrico Enchufable,UKL2,REST,Standard,SAV,252
2026,02,KIA,NIRO,Private,ICE,Gasolina/Electrico Enchufable,UKL2,REST,Standard,SAV,484
2026,02,KIA,NIRO,Private,PHEV,Gasolina/Electrico Enchufable,UKL2,REST,Standard,SAV,7
2026,02,KIA,NIRO,RAC,ICE,Gasolina/Electrico Enchufable,UKL2,REST,Standard,SAV,50
2026,02,KIA,PICANTO,Corporate,ICE,Gasolina,UKL0,REST,Standard,HACH 5P,15
2026,02,KIA,PICANTO,Private,ICE,Gasolina,UKL0,REST,Standard,HACH 5P,65
2026,02,KIA,PICANTO,RAC,ICE,Gasolina,UKL0,REST,Standard,HACH 5P,299
2026,02,KIA,PV5,Corporate,BEV,Electrico,SKL,REST,Standard,TRANSPORTER,32
2026,02,KIA,PV5,Private,BEV,Electrico,SKL,REST,Standard,TRANSPORTER,35
2026,02,KIA,SORENTO,Corporate,ICE,Gasolina/Electrico Enchufable,KKL,REST,Standard,SAV,8
2026,02,KIA,SORENTO,Corporate,PHEV,Gasolina/Electrico Enchufable,KKL,REST,Standard,SAV,14
2026,02,KIA,SORENTO,Private,ICE,Gasolina/Electrico Enchufable,KKL,REST,Standard,SAV,20
2026,02,KIA,SORENTO,Private,PHEV,Gasolina/Electrico Enchufable,KKL,REST,Standard,SAV,5
2026,02,KIA,SPORTAGE,Corporate,ICE,Gasolina/Electrico Enchufable,UKL2,REST,Standard,SAV,214
2026,02,KIA,SPORTAGE,Corporate,PHEV,Gasolina/Electrico Enchufable,UKL2,REST,Standard,SAV,42
2026,02,KIA,SPORTAGE,Private,ICE,Gasolina/Electrico Enchufable,UKL2,REST,Standard,SAV,886
2026,02,KIA,SPORTAGE,Private,PHEV,Gasolina/Electrico Enchufable,UKL2,REST,Standard,SAV,6
2026,02,KIA,SPORTAGE,RAC,ICE,Gasolina/Electrico Enchufable,UKL2,REST,Standard,SAV,6
2026,02,KIA,STONIC,Corporate,ICE,Gasolina Mild Hybrid,UKL1,REST,Standard,SAV,341
2026,02,KIA,STONIC,Private,ICE,Gasolina Mild Hybrid,UKL1,REST,Standard,SAV,817
2026,02,KIA,STONIC,RAC,ICE,Gasolina Mild Hybrid,UKL1,REST,Standard,SAV,438
2026,02,KIA,XCEED,Corporate,ICE,Gasolina Mild Hybrid,UKL2,REST,Standard,HACH 5P,107
2026,02,KIA,XCEED,Private,ICE,Gasolina Mild Hybrid,UKL2,REST,Standard,HACH 5P,278
2026,02,KIA,XCEED,RAC,ICE,Gasolina Mild Hybrid,UKL2,REST,Standard,HACH 5P,60
2026,02,LA HISPANO SUIZA,CARMEN BOULOGNE,Corporate,BEV,Electrico,,REST,Standard,,1
2026,02,LAMBORGHINI,REVUELTO,Corporate,PHEV,Gasolina/Electrico Enchufable,GKL+,FOCUS SEGMENT,Standard,COUPE,2
2026,02,LAMBORGHINI,REVUELTO,Private,PHEV,Gasolina/Electrico Enchufable,GKL+,FOCUS SEGMENT,Standard,COUPE,1
2026,02,LAMBORGHINI,TEMERARIO,Corporate,PHEV,Gasolina/Electrico Enchufable,GKL+,FOCUS SEGMENT,Standard,COUPE,2
2026,02,LAMBORGHINI,TEMERARIO,Private,PHEV,Gasolina/Electrico Enchufable,GKL+,FOCUS SEGMENT,Standard,COUPE,1
2026,02,LAMBORGHINI,TEMERARIO,RAC,PHEV,Gasolina/Electrico Enchufable,GKL+,FOCUS SEGMENT,Standard,COUPE,1
2026,02,LAMBORGHINI,URUS,Corporate,PHEV,Gasolina/Electrico Enchufable,GKL+,FOCUS SEGMENT,Standard,SAV,6
2026,02,LAMBORGHINI,URUS,Private,PHEV,Gasolina/Electrico Enchufable,GKL+,FOCUS SEGMENT,Standard,SAV,1
2026,02,LANCIA,VOYAGER,Corporate,ICE,Gasolina,,REST,Standard,,1
2026,02,LANCIA,YPSILON,Corporate,BEV,Gasolina Mild Hybrid,UKL1,REST,Standard,HACH 5P,2
2026,02,LANCIA,YPSILON,Corporate,ICE,Gasolina Mild Hybrid,UKL1,REST,Standard,HACH 5P,31
2026,02,LANCIA,YPSILON,Private,BEV,Gasolina Mild Hybrid,UKL1,REST,Standard,HACH 5P,1
2026,02,LANCIA,YPSILON,Private,ICE,Gasolina Mild Hybrid,UKL1,REST,Standard,HACH 5P,5
2026,02,LANCIA,YPSILON,RAC,ICE,Gasolina Mild Hybrid,UKL1,REST,Standard,HACH 5P,75
2026,02,LAND ROVER,DEFENDER,Corporate,ICE,Gasolina/Electrico Enchufable,MKL,FOCUS SEGMENT,Standard,SUV,27
2026,02,LAND ROVER,DEFENDER,Corporate,PHEV,Gasolina/Electrico Enchufable,MKL,FOCUS SEGMENT,Standard,SUV,10
2026,02,LAND ROVER,DEFENDER,Private,ICE,Gasolina/Electrico Enchufable,MKL,FOCUS SEGMENT,Standard,SUV,14
2026,02,LAND ROVER,DEFENDER,Private,PHEV,Gasolina/Electrico Enchufable,MKL,FOCUS SEGMENT,Standard,SUV,4
2026,02,LAND ROVER,DEFENDER,RAC,ICE,Gasolina/Electrico Enchufable,MKL,FOCUS SEGMENT,Standard,SUV,2
2026,02,LAND ROVER,DISCOVERY,Corporate,ICE,Gasolina/Electrico Enchufable,MKL,FOCUS SEGMENT,Standard,SUV,5
2026,02,LAND ROVER,DISCOVERY,Corporate,PHEV,Gasolina/Electrico Enchufable,MKL,FOCUS SEGMENT,Standard,SUV,4
2026,02,LAND ROVER,DISCOVERY,Private,ICE,Gasolina/Electrico Enchufable,MKL,FOCUS SEGMENT,Standard,SUV,1
2026,02,LAND ROVER,DISCOVERY,Private,PHEV,Gasolina/Electrico Enchufable,MKL,FOCUS SEGMENT,Standard,SUV,1
2026,02,LAND ROVER,DISCOVERY,RAC,ICE,Gasolina/Electrico Enchufable,MKL,FOCUS SEGMENT,Standard,SUV,1
2026,02,LAND ROVER,RANGE ROVER,Corporate,ICE,Gasolina/Electrico Enchufable,GKL,FOCUS SEGMENT,Standard,SAV,1
2026,02,LAND ROVER,RANGE ROVER,Corporate,PHEV,Gasolina/Electrico Enchufable,GKL,FOCUS SEGMENT,Standard,SAV,11
2026,02,LAND ROVER,RANGE ROVER,Private,ICE,Gasolina/Electrico Enchufable,GKL,FOCUS SEGMENT,Standard,SAV,1
2026,02,LAND ROVER,RANGE ROVER,Private,PHEV,Gasolina/Electrico Enchufable,GKL,FOCUS SEGMENT,Standard,SAV,3
2026,02,LAND ROVER,RANGE ROVER EVOQUE,Corporate,ICE,Gasolina/Electrico Enchufable,UKL2,FOCUS SEGMENT,Standard,SAV,4
2026,02,LAND ROVER,RANGE ROVER EVOQUE,Corporate,PHEV,Gasolina/Electrico Enchufable,UKL2,FOCUS SEGMENT,Standard,SAV,23
2026,02,LAND ROVER,RANGE ROVER EVOQUE,Private,ICE,Gasolina/Electrico Enchufable,UKL2,FOCUS SEGMENT,Standard,SAV,3
2026,02,LAND ROVER,RANGE ROVER EVOQUE,RAC,ICE,Gasolina/Electrico Enchufable,UKL2,FOCUS SEGMENT,Standard,SAV,2
2026,02,LAND ROVER,RANGE ROVER SPORT,Corporate,ICE,Gasolina/Electrico Enchufable,MKL,FOCUS SEGMENT,Standard,SAV,13
2026,02,LAND ROVER,RANGE ROVER SPORT,Corporate,PHEV,Gasolina/Electrico Enchufable,MKL,FOCUS SEGMENT,Standard,SAV,35
2026,02,LAND ROVER,RANGE ROVER SPORT,Private,ICE,Gasolina/Electrico Enchufable,MKL,FOCUS SEGMENT,Standard,SAV,3
2026,02,LAND ROVER,RANGE ROVER SPORT,Private,PHEV,Gasolina/Electrico Enchufable,MKL,FOCUS SEGMENT,Standard,SAV,9
2026,02,LAND ROVER,RANGE ROVER SPORT,RAC,ICE,Gasolina/Electrico Enchufable,MKL,FOCUS SEGMENT,Standard,SAV,1
2026,02,LAND ROVER,RANGE ROVER VELAR,Corporate,ICE,Gasolina/Electrico Enchufable,MKL,FOCUS SEGMENT,Standard,SAV,6
2026,02,LAND ROVER,RANGE ROVER VELAR,Corporate,PHEV,Gasolina/Electrico Enchufable,MKL,FOCUS SEGMENT,Standard,SAV,7
2026,02,LAND ROVER,RANGE ROVER VELAR,Private,ICE,Gasolina/Electrico Enchufable,MKL,FOCUS SEGMENT,Standard,SAV,1
2026,02,LAND ROVER,RANGE ROVER VELAR,Private,PHEV,Gasolina/Electrico Enchufable,MKL,FOCUS SEGMENT,Standard,SAV,4
2026,02,LAND ROVER,RANGE ROVER VELAR,RAC,PHEV,Gasolina/Electrico Enchufable,MKL,FOCUS SEGMENT,Standard,SAV,1
2026,02,LEAPMOTOR,B10,Corporate,BEV,Gasolina/Electrico Enchufable,UKL2,REST,Standard,SAV,36
2026,02,LEAPMOTOR,B10,Private,BEV,Gasolina/Electrico Enchufable,UKL2,REST,Standard,SAV,97
2026,02,LEAPMOTOR,C10,Corporate,BEV,Gasolina/Electrico Enchufable,MKL,REST,Standard,SAV,38
2026,02,LEAPMOTOR,C10,Private,BEV,Gasolina/Electrico Enchufable,MKL,REST,Standard,SAV,35
2026,02,LEAPMOTOR,T03,Corporate,BEV,Electrico,UKL0,REST,Standard,HACH 5P,12
2026,02,LEAPMOTOR,T03,Private,BEV,Electrico,UKL0,REST,Standard,HACH 5P,59
2026,02,LEXUS,CT,Corporate,BEV,Gasolina/Electrico,UKL2,FOCUS SEGMENT,Standard,HACH 5P,1
2026,02,LEXUS,ES,Corporate,ICE,Gasolina/Electrico,MKL,FOCUS SEGMENT,Standard,SEDAN,7
2026,02,LEXUS,ES,Private,ICE,Gasolina/Electrico,MKL,FOCUS SEGMENT,Standard,SEDAN,8
2026,02,LEXUS,LBX,Corporate,ICE,Gasolina/Electrico,UKL1,FOCUS SEGMENT,Standard,SAV,103
2026,02,LEXUS,LBX,Private,ICE,Gasolina/Electrico,UKL1,FOCUS SEGMENT,Standard,SAV,133
2026,02,LEXUS,LBX,RAC,ICE,Gasolina/Electrico,UKL1,FOCUS SEGMENT,Standard,SAV,20
2026,02,LEXUS,LM,Corporate,ICE,Gasolina/Electrico,MKL,REST,Standard,MPV,2
2026,02,LEXUS,LS,Corporate,ICE,Gasolina/Electrico,GKL,FOCUS SEGMENT,Standard,SEDAN,1
2026,02,LEXUS,NX,Corporate,ICE,Gasolina/Electrico Enchufable,KKL,FOCUS SEGMENT,Standard,SAV,27
2026,02,LEXUS,NX,Corporate,PHEV,Gasolina/Electrico Enchufable,KKL,FOCUS SEGMENT,Standard,SAV,82
2026,02,LEXUS,NX,Private,ICE,Gasolina/Electrico Enchufable,KKL,FOCUS SEGMENT,Standard,SAV,30
2026,02,LEXUS,NX,Private,PHEV,Gasolina/Electrico Enchufable,KKL,FOCUS SEGMENT,Standard,SAV,102
2026,02,LEXUS,PROACE CITY MEBAUTO 0YAREDYH,Private,ICE,Diesel,,REST,Standard,,2
2026,02,LEXUS,RX,Corporate,ICE,Gasolina/Electrico Enchufable,MKL,FOCUS SEGMENT,Standard,SAV,2
2026,02,LEXUS,RX,Corporate,PHEV,Gasolina/Electrico Enchufable,MKL,FOCUS SEGMENT,Standard,SAV,19
2026,02,LEXUS,RX,Private,PHEV,Gasolina/Electrico Enchufable,MKL,FOCUS SEGMENT,Standard,SAV,7
2026,02,LEXUS,RZ,Corporate,BEV,Electrico,KKL,FOCUS SEGMENT,Standard,SAT,28
2026,02,LEXUS,RZ,Private,BEV,Electrico,KKL,FOCUS SEGMENT,Standard,SAT,14
2026,02,LEXUS,UX,Corporate,ICE,Gasolina/Electrico,UKL2,FOCUS SEGMENT,Standard,SAV,70
2026,02,LEXUS,UX,Private,ICE,Gasolina/Electrico,UKL2,FOCUS SEGMENT,Standard,SAV,124
2026,02,LEXUS,UX,RAC,ICE,Gasolina/Electrico,UKL2,FOCUS SEGMENT,Standard,SAV,15
2026,02,LIVAN,X3 PRO,Corporate,ICE,Gasolina,UKL1,REST,Standard,SAV,10
2026,02,LIVAN,X3 PRO,Private,ICE,Gasolina,UKL1,REST,Standard,SAV,11
2026,02,LIVAN,X6 PRO,Corporate,ICE,Gasolina,UKL2,REST,Standard,SAV,1
2026,02,LIVAN,X6 PRO,Private,ICE,Gasolina,UKL2,REST,Standard,SAV,6
2026,02,LORCA,K01H,Corporate,ICE,Gasolina,,REST,Standard,,1
2026,02,LORCA,K01H,Private,ICE,Gasolina,,REST,Standard,,1
2026,02,LOTUS,EMIRA,Private,ICE,Gasolina,MKL,FOCUS SEGMENT,Standard,COUPE,1
2026,02,LYNK & CO,LYNK&CO 01,Corporate,PHEV,Gasolina/Electrico Enchufable,UKL2,REST,Standard,SAV,26
2026,02,LYNK & CO,LYNK&CO 01,Private,PHEV,Gasolina/Electrico Enchufable,UKL2,REST,Standard,SAV,7
2026,02,LYNK & CO,LYNK&CO 02,Corporate,BEV,Electrico,UKL2,REST,Standard,SAV,8
2026,02,LYNK & CO,LYNK&CO 02,Private,BEV,Electrico,UKL2,REST,Standard,SAV,15
2026,02,LYNK & CO,LYNK&CO 08,Corporate,PHEV,Gasolina/Electrico Enchufable,UKL2,REST,Standard,SAV,74
2026,02,LYNK & CO,LYNK&CO 08,Private,PHEV,Gasolina/Electrico Enchufable,UKL2,REST,Standard,SAV,25
2026,02,MAN,TGE,Corporate,ICE,Diesel,SKL,REST,Standard,TRANSPORTER,46
2026,02,MAN,TGE,Private,ICE,Diesel,SKL,REST,Standard,TRANSPORTER,25
2026,02,MAN,TGE,RAC,ICE,Diesel,SKL,REST,Standard,TRANSPORTER,18
2026,02,MASERATI,GRANCABRIO,Corporate,ICE,Gasolina,GKL,FOCUS SEGMENT,Standard,CABRIO,1
2026,02,MASERATI,GRECALE,Corporate,ICE,Gasolina Mild Hybrid,KKL,FOCUS SEGMENT,Standard,SAV,10
2026,02,MASERATI,GRECALE,Private,ICE,Gasolina Mild Hybrid,KKL,FOCUS SEGMENT,Standard,SAV,2
2026,02,MAXUS,DELIVER 7,Corporate,ICE,Diesel,SKL,REST,Standard,TRANSPORTER,8
2026,02,MAXUS,DELIVER 7,Private,ICE,Diesel,SKL,REST,Standard,TRANSPORTER,10
2026,02,MAXUS,DELIVER 7,RAC,ICE,Diesel,SKL,REST,Standard,TRANSPORTER,1
2026,02,MAXUS,DELIVER 9,Corporate,ICE,Electrico,SKL,REST,Standard,TRANSPORTER,18
2026,02,MAXUS,DELIVER 9,Private,ICE,Electrico,SKL,REST,Standard,TRANSPORTER,9
2026,02,MAXUS,DELIVER 9,RAC,ICE,Electrico,SKL,REST,Standard,TRANSPORTER,1
2026,02,MAXUS,T60,Corporate,ICE,Diesel,SKL,REST,Standard,PICKUP,15
2026,02,MAXUS,T60,Private,ICE,Diesel,SKL,REST,Standard,PICKUP,17
2026,02,MAXUS,T90,Corporate,BEV,Electrico,SKL,REST,Standard,PICKUP,2
2026,02,MAZDA,6E,Corporate,BEV,Electrico,MKL,REST,Standard,SEDAN,10
2026,02,MAZDA,6E,Private,BEV,Electrico,MKL,REST,Standard,SEDAN,70
2026,02,MAZDA,CX30,Corporate,ICE,Gasolina Mild Hybrid,UKL2,REST,Standard,SAV,135
2026,02,MAZDA,CX30,Private,ICE,Gasolina Mild Hybrid,UKL2,REST,Standard,SAV,538
2026,02,MAZDA,CX30,RAC,ICE,Gasolina Mild Hybrid,UKL2,REST,Standard,SAV,155
2026,02,MAZDA,CX60,Corporate,ICE,Gasolina/Electrico Enchufable,KKL,REST,Standard,SAV,61
2026,02,MAZDA,CX60,Corporate,PHEV,Gasolina/Electrico Enchufable,KKL,REST,Standard,SAV,31
2026,02,MAZDA,CX60,Private,ICE,Gasolina/Electrico Enchufable,KKL,REST,Standard,SAV,24
2026,02,MAZDA,CX60,Private,PHEV,Gasolina/Electrico Enchufable,KKL,REST,Standard,SAV,24
2026,02,MAZDA,CX80,Corporate,ICE,Gasolina/Electrico Enchufable,KKL,REST,Standard,SAV,17
2026,02,MAZDA,CX80,Corporate,PHEV,Gasolina/Electrico Enchufable,KKL,REST,Standard,SAV,9
2026,02,MAZDA,CX80,Private,ICE,Gasolina/Electrico Enchufable,KKL,REST,Standard,SAV,9
2026,02,MAZDA,CX80,Private,PHEV,Gasolina/Electrico Enchufable,KKL,REST,Standard,SAV,9
2026,02,MAZDA,MAZDA 2,Corporate,ICE,Gasolina/Electrico,UKL1,REST,Standard,HACH 5P,13
2026,02,MAZDA,MAZDA 2,Private,ICE,Gasolina/Electrico,UKL1,REST,Standard,HACH 5P,119
2026,02,MAZDA,MAZDA 3,Corporate,ICE,Gasolina Mild Hybrid,UKL2,REST,Standard,SEDAN,37
2026,02,MAZDA,MAZDA 3,Private,ICE,Gasolina Mild Hybrid,UKL2,REST,Standard,SEDAN,298
2026,02,MAZDA,MAZDA 3,RAC,ICE,Gasolina Mild Hybrid,UKL2,REST,Standard,SEDAN,78
2026,02,MAZDA,MX-5,Private,ICE,Gasolina,UKL2,REST,Standard,ROADSTER,32
2026,02,MAZDA,MX-5,RAC,ICE,Gasolina,UKL2,REST,Standard,ROADSTER,2
2026,02,MCLAREN,750S,Private,ICE,Gasolina,GKL+,FOCUS SEGMENT,Standard,COUPE,1
2026,02,MEBAUTO,ID.BUZZ CARGO PRO 210,Corporate,BEV,Electrico,,REST,Standard,,1
2026,02,MERCEDES,AMG GT,Corporate,ICE,Gasolina,GKL,FOCUS SEGMENT,M Performance,COUPE,3
2026,02,MERCEDES,AMG GT,Private,ICE,Gasolina Mild Hybrid,GKL,FOCUS SEGMENT,M Performance,COUPE,1
2026,02,MERCEDES,AMG GT,RAC,ICE,Gasolina Mild Hybrid,GKL,FOCUS SEGMENT,M Performance,COUPE,1
2026,02,MERCEDES,CITAN,Corporate,ICE,Gasolina,SKL,REST,Standard,TRANSPORTER,86
2026,02,MERCEDES,CITAN,Private,ICE,Gasolina,SKL,REST,Standard,TRANSPORTER,7
2026,02,MERCEDES,CITAN,RAC,ICE,Gasolina,SKL,REST,Standard,TRANSPORTER,5
2026,02,MERCEDES,CLASE A,Corporate,ICE,Diesel,UKL2,FOCUS SEGMENT,Standard,SEDAN,38
2026,02,MERCEDES,CLASE A,Corporate,ICE,Gasolina,UKL2,FOCUS SEGMENT,Standard,HACH 5P,7
2026,02,MERCEDES,CLASE A,Corporate,ICE,Gasolina,UKL2,FOCUS SEGMENT,Standard,SEDAN,56
2026,02,MERCEDES,CLASE A,Corporate,ICE,Gasolina/Electrico Enchufable,UKL2,FOCUS SEGMENT,M,HACH 5P,1
2026,02,MERCEDES,CLASE A,Corporate,PHEV,Gasolina/Electrico Enchufable,UKL2,FOCUS SEGMENT,Standard,HACH 5P,59
2026,02,MERCEDES,CLASE A,Private,ICE,Diesel,UKL2,FOCUS SEGMENT,Standard,SEDAN,16
2026,02,MERCEDES,CLASE A,Private,ICE,Gasolina,UKL2,FOCUS SEGMENT,Standard,HACH 5P,18
2026,02,MERCEDES,CLASE A,Private,ICE,Gasolina,UKL2,FOCUS SEGMENT,Standard,SEDAN,55
2026,02,MERCEDES,CLASE A,Private,ICE,Gasolina/Electrico Enchufable,UKL2,FOCUS SEGMENT,M Performance,HACH 5P,3
2026,02,MERCEDES,CLASE A,Private,PHEV,Gasolina/Electrico Enchufable,UKL2,FOCUS SEGMENT,Standard,HACH 5P,27
2026,02,MERCEDES,CLASE A,RAC,ICE,Diesel,UKL2,FOCUS SEGMENT,Standard,SEDAN,27
2026,02,MERCEDES,CLASE A,RAC,ICE,Gasolina,UKL2,FOCUS SEGMENT,Standard,SEDAN,16
2026,02,MERCEDES,CLASE A,RAC,PHEV,Gasolina/Electrico Enchufable,UKL2,FOCUS SEGMENT,Standard,HACH 5P,513
2026,02,MERCEDES,CLASE B,Corporate,ICE,Diesel,UKL2,FOCUS SEGMENT,Standard,SAT,4
2026,02,MERCEDES,CLASE B,Corporate,PHEV,Gasolina/Electrico Enchufable,UKL2,FOCUS SEGMENT,Standard,SAT,3
2026,02,MERCEDES,CLASE B,Private,ICE,Gasolina,UKL2,FOCUS SEGMENT,Standard,SAT,1
2026,02,MERCEDES,CLASE B,RAC,PHEV,Gasolina/Electrico Enchufable,UKL2,FOCUS SEGMENT,Standard,SAT,15
2026,02,MERCEDES,CLASE C,Corporate,ICE,Diesel,KKL,FOCUS SEGMENT,Standard,ESTATE,27
2026,02,MERCEDES,CLASE C,Corporate,ICE,Diesel,KKL,FOCUS SEGMENT,Standard,SEDAN,15
2026,02,MERCEDES,CLASE C,Corporate,ICE,Gasolina,KKL,FOCUS SEGMENT,Standard,ESTATE,13
2026,02,MERCEDES,CLASE C,Corporate,ICE,Gasolina/Electrico Enchufable,KKL,FOCUS SEGMENT,Standard,SEDAN,1
2026,02,MERCEDES,CLASE C,Corporate,PHEV,Diesel/Electrico Enchufable,KKL,FOCUS SEGMENT,Standard,ESTATE,12
2026,02,MERCEDES,CLASE C,Corporate,PHEV,Diesel/Electrico Enchufable,KKL,FOCUS SEGMENT,Standard,SEDAN,1
2026,02,MERCEDES,CLASE C,Corporate,PHEV,Gasolina/Electrico Enchufable,KKL,FOCUS SEGMENT,M,SEDAN,1
2026,02,MERCEDES,CLASE C,Corporate,PHEV,Gasolina/Electrico Enchufable,KKL,FOCUS SEGMENT,Standard,ESTATE,21
2026,02,MERCEDES,CLASE C,Private,ICE,Diesel,KKL,FOCUS SEGMENT,Standard,ESTATE,11
2026,02,MERCEDES,CLASE C,Private,ICE,Diesel,KKL,FOCUS SEGMENT,Standard,SEDAN,2
2026,02,MERCEDES,CLASE C,Private,ICE,Gasolina,KKL,FOCUS SEGMENT,Standard,ESTATE,4
2026,02,MERCEDES,CLASE C,RAC,ICE,Diesel,KKL,FOCUS SEGMENT,Standard,ESTATE,65
2026,02,MERCEDES,CLASE C,RAC,ICE,Diesel,KKL,FOCUS SEGMENT,Standard,SEDAN,182
2026,02,MERCEDES,CLASE C,RAC,PHEV,Gasolina/Electrico Enchufable,KKL,FOCUS SEGMENT,Standard,ESTATE,36
2026,02,MERCEDES,CLASE CLA,Corporate,BEV,Electrico,UKL2,FOCUS SEGMENT,Standard,SEDAN,2
2026,02,MERCEDES,CLASE CLA,Corporate,BEV,Gasolina/Electrico Enchufable,UKL2,FOCUS SEGMENT,Standard,SEDAN,63
2026,02,MERCEDES,CLASE CLA,Corporate,ICE,Diesel,UKL2,FOCUS SEGMENT,Standard,ESTATE,7
2026,02,MERCEDES,CLASE CLA,Corporate,ICE,Gasolina,UKL2,FOCUS SEGMENT,Standard,ESTATE,63
2026,02,MERCEDES,CLASE CLA,Corporate,ICE,Gasolina,UKL2,FOCUS SEGMENT,Standard,SEDAN,15
2026,02,MERCEDES,CLASE CLA,Corporate,ICE,Gasolina/Electrico Enchufable,UKL2,FOCUS SEGMENT,M,SEDAN,1
2026,02,MERCEDES,CLASE CLA,Corporate,ICE,Gasolina/Electrico Enchufable,UKL2,FOCUS SEGMENT,Standard,SEDAN,23
2026,02,MERCEDES,CLASE CLA,Corporate,PHEV,Gasolina/Electrico Enchufable,UKL2,FOCUS SEGMENT,Standard,SEDAN,8
2026,02,MERCEDES,CLASE CLA,Private,BEV,Electrico,UKL2,FOCUS SEGMENT,Standard,SEDAN,2
2026,02,MERCEDES,CLASE CLA,Private,BEV,Gasolina/Electrico Enchufable,UKL2,FOCUS SEGMENT,Standard,SEDAN,55
2026,02,MERCEDES,CLASE CLA,Private,ICE,Diesel,UKL2,FOCUS SEGMENT,Standard,ESTATE,1
2026,02,MERCEDES,CLASE CLA,Private,ICE,Gasolina,UKL2,FOCUS SEGMENT,Standard,ESTATE,16
2026,02,MERCEDES,CLASE CLA,Private,ICE,Gasolina,UKL2,FOCUS SEGMENT,Standard,SEDAN,1
2026,02,MERCEDES,CLASE CLA,Private,ICE,Gasolina/Electrico Enchufable,UKL2,FOCUS SEGMENT,Standard,SEDAN,16
2026,02,MERCEDES,CLASE CLA,RAC,BEV,Gasolina/Electrico Enchufable,UKL2,FOCUS SEGMENT,Standard,SEDAN,21
2026,02,MERCEDES,CLASE CLE,Corporate,ICE,Diesel,MKL,FOCUS SEGMENT,Standard,COUPE,23
2026,02,MERCEDES,CLASE CLE,Corporate,ICE,Gasolina,MKL,FOCUS SEGMENT,Standard,COUPE,3
2026,02,MERCEDES,CLASE CLE,Corporate,ICE,Gasolina/Electrico Enchufable,MKL,FOCUS SEGMENT,M Performance,COUPE,9
2026,02,MERCEDES,CLASE CLE,Corporate,ICE,Gasolina/Electrico Enchufable,MKL,FOCUS SEGMENT,Standard,COUPE,2
2026,02,MERCEDES,CLASE CLE,Corporate,PHEV,Gasolina/Electrico Enchufable,MKL,FOCUS SEGMENT,Standard,COUPE,4
2026,02,MERCEDES,CLASE CLE,Private,ICE,Diesel,MKL,FOCUS SEGMENT,Standard,COUPE,11
2026,02,MERCEDES,CLASE CLE,Private,ICE,Gasolina,MKL,FOCUS SEGMENT,Standard,COUPE,1
2026,02,MERCEDES,CLASE CLE,Private,ICE,Gasolina/Electrico Enchufable,MKL,FOCUS SEGMENT,M Performance,COUPE,5
2026,02,MERCEDES,CLASE CLE,Private,ICE,Gasolina/Electrico Enchufable,MKL,FOCUS SEGMENT,Standard,COUPE,3
2026,02,MERCEDES,CLASE CLE,Private,PHEV,Gasolina/Electrico Enchufable,MKL,FOCUS SEGMENT,Standard,COUPE,3
2026,02,MERCEDES,CLASE CLE,RAC,ICE,Diesel,MKL,FOCUS SEGMENT,Standard,COUPE,23
2026,02,MERCEDES,CLASE CLE,RAC,ICE,Gasolina,MKL,FOCUS SEGMENT,Standard,COUPE,15
2026,02,MERCEDES,CLASE E,Corporate,ICE,Diesel,MKL,FOCUS SEGMENT,Standard,COUPE,1
2026,02,MERCEDES,CLASE E,Corporate,ICE,Diesel,MKL,FOCUS SEGMENT,Standard,SEDAN,41
2026,02,MERCEDES,CLASE E,Corporate,ICE,Gasolina,MKL,FOCUS SEGMENT,Standard,ESTATE,3
2026,02,MERCEDES,CLASE E,Corporate,PHEV,Diesel/Electrico Enchufable,MKL,FOCUS SEGMENT,Standard,SEDAN,6
2026,02,MERCEDES,CLASE E,Corporate,PHEV,Gasolina/Electrico Enchufable,MKL,FOCUS SEGMENT,M Performance,ESTATE,6
2026,02,MERCEDES,CLASE E,Corporate,PHEV,Gasolina/Electrico Enchufable,MKL,FOCUS SEGMENT,Standard,ESTATE,3
2026,02,MERCEDES,CLASE E,Corporate,PHEV,Gasolina/Electrico Enchufable,MKL,FOCUS SEGMENT,Standard,SEDAN,6
2026,02,MERCEDES,CLASE E,Private,ICE,Diesel,MKL,FOCUS SEGMENT,Standard,COUPE,1
2026,02,MERCEDES,CLASE E,Private,ICE,Diesel,MKL,FOCUS SEGMENT,Standard,SEDAN,4
2026,02,MERCEDES,CLASE E,Private,ICE,Gasolina,MKL,FOCUS SEGMENT,Standard,ESTATE,2
2026,02,MERCEDES,CLASE E,Private,PHEV,Gasolina/Electrico Enchufable,MKL,FOCUS SEGMENT,Standard,SEDAN,3
2026,02,MERCEDES,CLASE E,RAC,ICE,Diesel,MKL,FOCUS SEGMENT,Standard,SEDAN,155
2026,02,MERCEDES,CLASE E,RAC,PHEV,Diesel/Electrico Enchufable,MKL,FOCUS SEGMENT,Standard,SEDAN,33
2026,02,MERCEDES,CLASE G,Corporate,BEV,Gasolina Mild Hybrid,GKL,FOCUS SEGMENT,Standard,SAV,2
2026,02,MERCEDES,CLASE G,Corporate,ICE,Diesel,GKL,FOCUS SEGMENT,Standard,SAV,4
2026,02,MERCEDES,CLASE G,Corporate,ICE,Gasolina Mild Hybrid,GKL,FOCUS SEGMENT,M,SAV,6
2026,02,MERCEDES,CLASE G,Private,ICE,Diesel,GKL,FOCUS SEGMENT,Standard,SAV,2
2026,02,MERCEDES,CLASE G,Private,ICE,Gasolina,GKL,FOCUS SEGMENT,Standard,SAV,1
2026,02,MERCEDES,CLASE G,Private,ICE,Gasolina Mild Hybrid,GKL,FOCUS SEGMENT,M,SAV,6
2026,02,MERCEDES,CLASE G,RAC,ICE,Gasolina Mild Hybrid,GKL,FOCUS SEGMENT,M,SAV,1
2026,02,MERCEDES,CLASE GLA,Corporate,ICE,Diesel,UKL2,FOCUS SEGMENT,Standard,SAV,116
2026,02,MERCEDES,CLASE GLA,Corporate,ICE,Gasolina,UKL2,FOCUS SEGMENT,Standard,SAV,57
2026,02,MERCEDES,CLASE GLA,Corporate,ICE,Gasolina/Electrico Enchufable,UKL2,FOCUS SEGMENT,M Performance,SAV,5
2026,02,MERCEDES,CLASE GLA,Corporate,PHEV,Gasolina/Electrico Enchufable,UKL2,FOCUS SEGMENT,Standard,SAV,143
2026,02,MERCEDES,CLASE GLA,Private,ICE,Diesel,UKL2,FOCUS SEGMENT,Standard,SAV,54
2026,02,MERCEDES,CLASE GLA,Private,ICE,Gasolina,UKL2,FOCUS SEGMENT,Standard,SAV,58
2026,02,MERCEDES,CLASE GLA,Private,PHEV,Gasolina/Electrico Enchufable,UKL2,FOCUS SEGMENT,Standard,SAV,95
2026,02,MERCEDES,CLASE GLA,RAC,ICE,Diesel,UKL2,FOCUS SEGMENT,Standard,SAV,131
2026,02,MERCEDES,CLASE GLA,RAC,ICE,Gasolina,UKL2,FOCUS SEGMENT,Standard,SAV,8
2026,02,MERCEDES,CLASE GLA,RAC,PHEV,Gasolina/Electrico Enchufable,UKL2,FOCUS SEGMENT,Standard,SAV,258
2026,02,MERCEDES,CLASE GLB,Corporate,ICE,Diesel,UKL2,FOCUS SEGMENT,Standard,SAV,83
2026,02,MERCEDES,CLASE GLB,Corporate,ICE,Gasolina,UKL2,FOCUS SEGMENT,Standard,SAV,16
2026,02,MERCEDES,CLASE GLB,Corporate,ICE,Gasolina Mild Hybrid,UKL2,FOCUS SEGMENT,M Performance,SAV,2
2026,02,MERCEDES,CLASE GLB,Corporate,ICE,Gasolina Mild Hybrid,UKL2,FOCUS SEGMENT,Standard,SAV,47
2026,02,MERCEDES,CLASE GLB,Private,ICE,Diesel,UKL2,FOCUS SEGMENT,Standard,SAV,13
2026,02,MERCEDES,CLASE GLB,Private,ICE,Gasolina,UKL2,FOCUS SEGMENT,Standard,SAV,10
2026,02,MERCEDES,CLASE GLB,Private,ICE,Gasolina Mild Hybrid,UKL2,FOCUS SEGMENT,M Performance,SAV,1
2026,02,MERCEDES,CLASE GLB,Private,ICE,Gasolina Mild Hybrid,UKL2,FOCUS SEGMENT,Standard,SAV,12
2026,02,MERCEDES,CLASE GLC,Corporate,ICE,Diesel,KKL,FOCUS SEGMENT,Standard,SAV,214
2026,02,MERCEDES,CLASE GLC,Corporate,ICE,Gasolina,KKL,FOCUS SEGMENT,Standard,SAV,52
2026,02,MERCEDES,CLASE GLC,Corporate,ICE,Gasolina/Electrico Enchufable,KKL,FOCUS SEGMENT,M Performance,SAV,25
2026,02,MERCEDES,CLASE GLC,Corporate,PHEV,Diesel/Electrico Enchufable,KKL,FOCUS SEGMENT,Standard,SAV,259
2026,02,MERCEDES,CLASE GLC,Corporate,PHEV,Gasolina/Electrico Enchufable,KKL,FOCUS SEGMENT,M,SAV,1
2026,02,MERCEDES,CLASE GLC,Corporate,PHEV,Gasolina/Electrico Enchufable,KKL,FOCUS SEGMENT,Standard,SAV,60
2026,02,MERCEDES,CLASE GLC,Private,ICE,Diesel,KKL,FOCUS SEGMENT,Standard,SAV,74
2026,02,MERCEDES,CLASE GLC,Private,ICE,Gasolina,KKL,FOCUS SEGMENT,Standard,SAV,23
2026,02,MERCEDES,CLASE GLC,Private,ICE,Gasolina/Electrico Enchufable,KKL,FOCUS SEGMENT,M Performance,SAV,10
2026,02,MERCEDES,CLASE GLC,Private,PHEV,Diesel/Electrico Enchufable,KKL,FOCUS SEGMENT,Standard,SAV,87
2026,02,MERCEDES,CLASE GLC,Private,PHEV,Gasolina/Electrico Enchufable,KKL,FOCUS SEGMENT,Standard,SAV,16
2026,02,MERCEDES,CLASE GLC,RAC,PHEV,Diesel/Electrico Enchufable,KKL,FOCUS SEGMENT,Standard,SAV,31
2026,02,MERCEDES,CLASE GLC,RAC,PHEV,Gasolina/Electrico Enchufable,KKL,FOCUS SEGMENT,Standard,SAV,1
2026,02,MERCEDES,CLASE GLE,Corporate,ICE,Diesel,MKL,FOCUS SEGMENT,Standard,SAV,50
2026,02,MERCEDES,CLASE GLE,Corporate,ICE,Gasolina,MKL,FOCUS SEGMENT,Standard,SAV,3
2026,02,MERCEDES,CLASE GLE,Corporate,ICE,Gasolina/Electrico Enchufable,MKL,FOCUS SEGMENT,M Performance,SAV,4
2026,02,MERCEDES,CLASE GLE,Corporate,PHEV,Diesel/Electrico Enchufable,MKL,FOCUS SEGMENT,Standard,SAV,74
2026,02,MERCEDES,CLASE GLE,Corporate,PHEV,Gasolina/Electrico Enchufable,MKL,FOCUS SEGMENT,M Performance,SAV,7
2026,02,MERCEDES,CLASE GLE,Corporate,PHEV,Gasolina/Electrico Enchufable,MKL,FOCUS SEGMENT,Standard,SAV,11
2026,02,MERCEDES,CLASE GLE,Private,ICE,Diesel,MKL,FOCUS SEGMENT,Standard,SAV,7
2026,02,MERCEDES,CLASE GLE,Private,ICE,Gasolina/Electrico Enchufable,MKL,FOCUS SEGMENT,M,SAV,1
2026,02,MERCEDES,CLASE GLE,Private,PHEV,Diesel/Electrico Enchufable,MKL,FOCUS SEGMENT,Standard,SAV,10
2026,02,MERCEDES,CLASE GLE,Private,PHEV,Gasolina/Electrico Enchufable,MKL,FOCUS SEGMENT,M Performance,SAV,3
2026,02,MERCEDES,CLASE GLE,Private,PHEV,Gasolina/Electrico Enchufable,MKL,FOCUS SEGMENT,Standard,SAV,1
2026,02,MERCEDES,CLASE GLE,RAC,PHEV,Diesel/Electrico Enchufable,MKL,FOCUS SEGMENT,Standard,SAV,15
2026,02,MERCEDES,CLASE GLE COUPE,Corporate,PHEV,Gasolina/Electrico Enchufable,MKL,FOCUS SEGMENT,M Performance,SAV,9
2026,02,MERCEDES,CLASE GLE COUPE,Private,PHEV,Gasolina/Electrico Enchufable,MKL,FOCUS SEGMENT,M Performance,SAV,4
2026,02,MERCEDES,CLASE GLS,Corporate,ICE,Diesel,GKL,FOCUS SEGMENT,Standard,SAV,4
2026,02,MERCEDES,CLASE GLS,Corporate,ICE,Gasolina,GKL,FOCUS SEGMENT,Standard,SAV,1
2026,02,MERCEDES,CLASE GLS,Corporate,ICE,Gasolina Mild Hybrid,GKL,FOCUS SEGMENT,M,SAV,1
2026,02,MERCEDES,CLASE GLS,Corporate,ICE,Gasolina Mild Hybrid,GKL,FOCUS SEGMENT,Standard,SAV,9
2026,02,MERCEDES,CLASE GLS,Private,ICE,Diesel,GKL,FOCUS SEGMENT,Standard,SAV,1
2026,02,MERCEDES,CLASE GLS,Private,ICE,Gasolina Mild Hybrid,GKL,FOCUS SEGMENT,Standard,SAV,1
2026,02,MERCEDES,CLASE GLS,RAC,ICE,Gasolina Mild Hybrid,GKL,FOCUS SEGMENT,Standard,SAV,4
2026,02,MERCEDES,CLASE S,Corporate,ICE,Diesel,GKL,FOCUS SEGMENT,Standard,SEDAN,8
2026,02,MERCEDES,CLASE S,Corporate,PHEV,Gasolina/Electrico Enchufable,GKL,FOCUS SEGMENT,Standard,SEDAN,2
2026,02,MERCEDES,CLASE S,RAC,ICE,Diesel,GKL,FOCUS SEGMENT,Standard,SEDAN,45
2026,02,MERCEDES,CLASE S,RAC,PHEV,Gasolina/Electrico Enchufable,GKL,FOCUS SEGMENT,Standard,SEDAN,1
2026,02,MERCEDES,CLASE SL,Corporate,ICE,Gasolina Mild Hybrid,GKL,FOCUS SEGMENT,M Performance,ROADSTER,2
2026,02,MERCEDES,CLASE T,Corporate,ICE,Gasolina,SKL,REST,Standard,TRANSPORTER,24
2026,02,MERCEDES,CLASE T,Private,BEV,Gasolina,SKL,REST,Standard,TRANSPORTER,1
2026,02,MERCEDES,CLASE T,Private,ICE,Gasolina,SKL,REST,Standard,TRANSPORTER,13
2026,02,MERCEDES,CLASE T,RAC,ICE,Gasolina,SKL,REST,Standard,TRANSPORTER,4
2026,02,MERCEDES,CLASE V,Corporate,ICE,Gasolina Mild Hybrid,MKL,REST,Standard,MPV,77
2026,02,MERCEDES,CLASE V,Private,ICE,Gasolina Mild Hybrid,MKL,REST,Standard,MPV,16
2026,02,MERCEDES,CLASE V,RAC,ICE,Gasolina Mild Hybrid,MKL,REST,Standard,MPV,88
2026,02,MERCEDES,E-SPRINTER,RAC,BEV,Electrico,SKL,REST,Standard,TRANSPORTER,103
2026,02,MERCEDES,ECITAN,Corporate,BEV,Electrico,SKL,REST,Standard,TRANSPORTER,1
2026,02,MERCEDES,ECITAN,RAC,BEV,Electrico,SKL,REST,Standard,TRANSPORTER,99
2026,02,MERCEDES,EQA,Corporate,BEV,Electrico,UKL2,FOCUS SEGMENT,Standard,SAV,58
2026,02,MERCEDES,EQA,Private,BEV,Electrico,UKL2,FOCUS SEGMENT,Standard,SAV,81
2026,02,MERCEDES,EQA,RAC,BEV,Electrico,UKL2,FOCUS SEGMENT,Standard,SAV,42
2026,02,MERCEDES,EQB,Corporate,BEV,Electrico,UKL2,FOCUS SEGMENT,Standard,SAV,5
2026,02,MERCEDES,EQB,RAC,BEV,Electrico,UKL2,FOCUS SEGMENT,Standard,SAV,26
2026,02,MERCEDES,EQE,Corporate,BEV,Electrico,MKL,FOCUS SEGMENT,M Performance,SEDAN,1
2026,02,MERCEDES,EQE,Corporate,BEV,Electrico,MKL,FOCUS SEGMENT,Standard,SAV,52
2026,02,MERCEDES,EQE,Corporate,BEV,Electrico,MKL,FOCUS SEGMENT,Standard,SEDAN,2
2026,02,MERCEDES,EQE,Private,BEV,Electrico,MKL,FOCUS SEGMENT,Standard,SAV,22
2026,02,MERCEDES,EQS,Corporate,BEV,Electrico,GKL,FOCUS SEGMENT,Standard,SEDAN,1
2026,02,MERCEDES,EQV,Corporate,BEV,Electrico,MKL,REST,Standard,MPV,2
2026,02,MERCEDES,EVITO,Corporate,BEV,Electrico,SKL,REST,Standard,TRANSPORTER,1
2026,02,MERCEDES,MARCO POLO,Corporate,ICE,Diesel,SKL,REST,Standard,TRANSPORTER,8
2026,02,MERCEDES,MARCO POLO,Private,ICE,Diesel,SKL,REST,Standard,TRANSPORTER,4
2026,02,MERCEDES,SPRINTER 300,Corporate,ICE,Diesel,SKL,REST,Standard,TRANSPORTER,161
2026,02,MERCEDES,SPRINTER 300,Private,ICE,Diesel,SKL,REST,Standard,TRANSPORTER,31
2026,02,MERCEDES,SPRINTER 300,RAC,ICE,Diesel,SKL,REST,Standard,TRANSPORTER,37
2026,02,MERCEDES-V,VITO,Corporate,ICE,Diesel,SKL,REST,Standard,TRANSPORTER,102
2026,02,MERCEDES-V,VITO,Private,ICE,Diesel,SKL,REST,Standard,TRANSPORTER,48
2026,02,MERCEDES-V,VITO,RAC,ICE,Diesel,SKL,REST,Standard,TRANSPORTER,142
2026,02,MG,HS,Corporate,ICE,Gasolina/Electrico Enchufable,KKL,REST,Standard,SAV,35
2026,02,MG,HS,Corporate,PHEV,Gasolina/Electrico Enchufable,KKL,REST,Standard,SAV,37
2026,02,MG,HS,Private,ICE,Gasolina/Electrico Enchufable,KKL,REST,Standard,SAV,143
2026,02,MG,HS,Private,PHEV,Gasolina/Electrico Enchufable,KKL,REST,Standard,SAV,83
2026,02,MG,HS,RAC,ICE,Gasolina/Electrico Enchufable,KKL,REST,Standard,SAV,39
2026,02,MG,MG 3,Corporate,ICE,Gasolina/Electrico,UKL1,REST,Standard,HACH 5P,74
2026,02,MG,MG 3,Private,ICE,Gasolina/Electrico,UKL1,REST,Standard,HACH 5P,301
2026,02,MG,MG 3,RAC,ICE,Gasolina/Electrico,UKL1,REST,Standard,HACH 5P,1160
2026,02,MG,MG 4,Corporate,BEV,Electrico,UKL2,REST,Standard,HACH 5P,5
2026,02,MG,MG 4,Private,BEV,Electrico,UKL2,REST,Standard,HACH 5P,96
2026,02,MG,MG S5,Corporate,BEV,Electrico,UKL1,REST,Standard,SAV,3
2026,02,MG,MG S5,Private,BEV,Electrico,UKL1,REST,Standard,SAV,23
2026,02,MG,MG S6,Corporate,BEV,Electrico,UKL2,REST,Standard,SAV,19
2026,02,MG,ZS,Corporate,ICE,Gasolina/Electrico,UKL1,REST,Standard,SAV,179
2026,02,MG,ZS,Private,ICE,Gasolina/Electrico,UKL1,REST,Standard,SAV,1238
2026,02,MG,ZS,RAC,ICE,Gasolina/Electrico,UKL1,REST,Standard,SAV,277
2026,02,MIDI EUROPE,M27,Corporate,ICE,Diesel,,REST,Standard,,2
2026,02,MIDI EUROPE,M27,Private,ICE,Diesel,,REST,Standard,,1
2026,02,MINI,ACEMAN,Corporate,BEV,Electrico,UKL1,FOCUS SEGMENT,JCW,SAV,11
2026,02,MINI,ACEMAN,Corporate,BEV,Electrico,UKL1,FOCUS SEGMENT,Standard,SAV,37
2026,02,MINI,ACEMAN,Private,BEV,Electrico,UKL1,FOCUS SEGMENT,JCW,SAV,5
2026,02,MINI,ACEMAN,Private,BEV,Electrico,UKL1,FOCUS SEGMENT,Standard,SAV,32
2026,02,MINI,ACEMAN,RAC,BEV,Electrico,UKL1,FOCUS SEGMENT,Standard,SAV,17
2026,02,MINI,CABRIO,Corporate,ICE,Gasolina,UKL1,FOCUS SEGMENT,Standard,CABRIO,43
2026,02,MINI,CABRIO,Private,ICE,Gasolina,UKL1,FOCUS SEGMENT,Standard,CABRIO,58
2026,02,MINI,CABRIO,RAC,ICE,Gasolina,UKL1,FOCUS SEGMENT,Standard,CABRIO,35
2026,02,MINI,COUNTRYMAN,Corporate,BEV,Electrico,UKL2,FOCUS SEGMENT,Standard,SAV,25
2026,02,MINI,COUNTRYMAN,Corporate,ICE,Electrico,UKL2,FOCUS SEGMENT,JCW,SAV,6
2026,02,MINI,COUNTRYMAN,Corporate,ICE,Electrico,UKL2,FOCUS SEGMENT,Standard,SAV,70
2026,02,MINI,COUNTRYMAN,Private,BEV,Electrico,UKL2,FOCUS SEGMENT,Standard,SAV,31
2026,02,MINI,COUNTRYMAN,Private,ICE,Electrico,UKL2,FOCUS SEGMENT,JCW,SAV,6
2026,02,MINI,COUNTRYMAN,Private,ICE,Electrico,UKL2,FOCUS SEGMENT,Standard,SAV,64
2026,02,MINI,COUNTRYMAN,RAC,BEV,Electrico,UKL2,FOCUS SEGMENT,Standard,SAV,11
2026,02,MINI,COUNTRYMAN,RAC,ICE,Electrico,UKL2,FOCUS SEGMENT,Standard,SAV,60
2026,02,MINI,HATCHBACK,Corporate,BEV,Electrico,UKL1,FOCUS SEGMENT,JCW,HACH 3P,5
2026,02,MINI,HATCHBACK,Corporate,BEV,Electrico,UKL1,FOCUS SEGMENT,Standard,HACH 3P,11
2026,02,MINI,HATCHBACK,Corporate,ICE,Electrico,UKL1,FOCUS SEGMENT,JCW,HACH 3P,20
2026,02,MINI,HATCHBACK,Corporate,ICE,Electrico,UKL1,FOCUS SEGMENT,Standard,HACH 3P,59
2026,02,MINI,HATCHBACK,Private,BEV,Electrico,UKL1,FOCUS SEGMENT,JCW,HACH 3P,3
2026,02,MINI,HATCHBACK,Private,BEV,Electrico,UKL1,FOCUS SEGMENT,Standard,HACH 3P,39
2026,02,MINI,HATCHBACK,Private,ICE,Electrico,UKL1,FOCUS SEGMENT,JCW,HACH 3P,38
2026,02,MINI,HATCHBACK,Private,ICE,Electrico,UKL1,FOCUS SEGMENT,Standard,HACH 3P,111
2026,02,MINI,HATCHBACK,RAC,ICE,Electrico,UKL1,FOCUS SEGMENT,Standard,HACH 3P,15
2026,02,MITSUBISHI,ASX,Corporate,ICE,Gasolina/Electrico,UKL2,REST,Standard,SAV,16
2026,02,MITSUBISHI,ASX,Private,ICE,Gasolina/Electrico,UKL2,REST,Standard,SAV,38
2026,02,MITSUBISHI,COLT,Corporate,ICE,Gasolina/Electrico,UKL1,REST,Standard,HACH 3P,13
2026,02,MITSUBISHI,COLT,Private,ICE,Gasolina/Electrico,UKL1,REST,Standard,HACH 3P,18
2026,02,MITSUBISHI,COLT,RAC,ICE,Gasolina/Electrico,UKL1,REST,Standard,HACH 3P,2
2026,02,MITSUBISHI,ECLIPSE CROSS,Corporate,BEV,Gasolina/Electrico Enchufable,UKL2,REST,Standard,SAV,6
2026,02,MITSUBISHI,ECLIPSE CROSS,Private,BEV,Gasolina/Electrico Enchufable,UKL2,REST,Standard,SAV,2
2026,02,MITSUBISHI,GRANDIS,Corporate,ICE,Gasolina/Electrico,UKL1,REST,Standard,SAV,7
2026,02,MITSUBISHI,GRANDIS,Private,ICE,Gasolina/Electrico,UKL1,REST,Standard,SAV,20
2026,02,MITSUBISHI,OUTLANDER,Corporate,PHEV,Gasolina/Electrico Enchufable,KKL,REST,Standard,SAV,20
2026,02,MITSUBISHI,OUTLANDER,Private,PHEV,Gasolina/Electrico Enchufable,KKL,REST,Standard,SAV,25
2026,02,MITSUBISHI-FUSO,CANTER,Corporate,ICE,Electrico,SKL,REST,Standard,TRANSPORTER,52
2026,02,MITSUBISHI-FUSO,CANTER,Private,ICE,Electrico,SKL,REST,Standard,TRANSPORTER,3
2026,02,MITSUBISHI-FUSO,CANTER,RAC,ICE,Electrico,SKL,REST,Standard,TRANSPORTER,2
2026,02,MOVEX,D-MAX N60,Corporate,ICE,Diesel,,REST,Standard,,1
2026,02,MOVEX,RANGER,Corporate,ICE,Diesel,,REST,Standard,,4
2026,02,NISSAN,ALTIMA,Corporate,ICE,Gasolina,,REST,Standard,,1
2026,02,NISSAN,ARIYA,Corporate,BEV,Electrico,UKL2,REST,Standard,SAV,11
2026,02,NISSAN,ARIYA,Private,BEV,Electrico,UKL2,REST,Standard,SAV,5
2026,02,NISSAN,INTERSTAR,Corporate,BEV,Diesel,SKL,REST,Standard,TRANSPORTER,2
2026,02,NISSAN,INTERSTAR,Corporate,ICE,Diesel,SKL,REST,Standard,TRANSPORTER,44
2026,02,NISSAN,INTERSTAR,Private,ICE,Diesel,SKL,REST,Standard,TRANSPORTER,10
2026,02,NISSAN,INTERSTAR,RAC,ICE,Diesel,SKL,REST,Standard,TRANSPORTER,6
2026,02,NISSAN,JUKE,Corporate,ICE,Gasolina/Electrico,UKL1,REST,Standard,SAV,207
2026,02,NISSAN,JUKE,Private,ICE,Gasolina/Electrico,UKL1,REST,Standard,SAV,399
2026,02,NISSAN,JUKE,RAC,ICE,Gasolina/Electrico,UKL1,REST,Standard,SAV,300
2026,02,NISSAN,MICRA,Corporate,BEV,Electrico,UKL1,REST,Standard,HACH 5P,17
2026,02,NISSAN,MICRA,Private,BEV,Electrico,UKL1,REST,Standard,HACH 5P,59
2026,02,NISSAN,PRIMASTAR,Corporate,ICE,Diesel,SKL,REST,Standard,TRANSPORTER,65
2026,02,NISSAN,PRIMASTAR,Private,ICE,Diesel,SKL,REST,Standard,TRANSPORTER,17
2026,02,NISSAN,PRIMASTAR,RAC,ICE,Diesel,SKL,REST,Standard,TRANSPORTER,5
2026,02,NISSAN,QASHQAI,Corporate,ICE,Gasolina/Electrico,UKL2,REST,Standard,SAT,532
2026,02,NISSAN,QASHQAI,Private,ICE,Gasolina/Electrico,UKL2,REST,Standard,SAT,672
2026,02,NISSAN,QASHQAI,RAC,ICE,Gasolina/Electrico,UKL2,REST,Standard,SAT,565
2026,02,NISSAN,ROGUE,Corporate,ICE,Gasolina,,REST,Standard,,3
2026,02,NISSAN,TOWNSTAR,Corporate,BEV,Gasolina,SKL,REST,Standard,TRANSPORTER,4
2026,02,NISSAN,TOWNSTAR,Corporate,ICE,Gasolina,SKL,REST,Standard,TRANSPORTER,49
2026,02,NISSAN,TOWNSTAR,Private,BEV,Gasolina,SKL,REST,Standard,TRANSPORTER,1
2026,02,NISSAN,TOWNSTAR,Private,ICE,Gasolina,SKL,REST,Standard,TRANSPORTER,56
2026,02,NISSAN,TOWNSTAR,RAC,ICE,Gasolina,SKL,REST,Standard,TRANSPORTER,1
2026,02,NISSAN,X-TRAIL,Corporate,ICE,Gasolina/Electrico,KKL,REST,Standard,SUV,123
2026,02,NISSAN,X-TRAIL,Private,ICE,Gasolina/Electrico,KKL,REST,Standard,SUV,216
2026,02,NISSAN,X-TRAIL,RAC,ICE,Gasolina/Electrico,KKL,REST,Standard,SUV,75
2026,02,NORTH CAPE,ADVENTURE 6XR,Private,ICE,Diesel,,REST,Standard,,1
2026,02,OIL&STEEL,---,RAC,ICE,Diesel,,REST,Standard,,3
2026,02,OMODA,OMODA 5,Corporate,BEV,Gasolina/Electrico,UKL2,REST,Standard,SAV,6
2026,02,OMODA,OMODA 5,Corporate,ICE,Gasolina/Electrico,UKL2,REST,Standard,SAV,141
2026,02,OMODA,OMODA 5,Private,BEV,Gasolina/Electrico,UKL2,REST,Standard,SAV,139
2026,02,OMODA,OMODA 5,Private,ICE,Gasolina/Electrico,UKL2,REST,Standard,SAV,1097
2026,02,OMODA,OMODA 5,RAC,ICE,Gasolina/Electrico,UKL2,REST,Standard,SAV,8
2026,02,OMODA,OMODA 7,Corporate,PHEV,Gasolina/Electrico Enchufable,KKL,REST,Standard,SAV,27
2026,02,OMODA,OMODA 7,Private,PHEV,Gasolina/Electrico Enchufable,KKL,REST,Standard,SAV,200
2026,02,OMODA,OMODA 7,RAC,PHEV,Gasolina/Electrico Enchufable,KKL,REST,Standard,SAV,1
2026,02,OMODA,OMODA 9,Corporate,PHEV,Gasolina/Electrico Enchufable,KKL,REST,Standard,SAV,124
2026,02,OMODA,OMODA 9,Private,PHEV,Gasolina/Electrico Enchufable,KKL,REST,Standard,SAV,335
2026,02,OMODA,OMODA 9,RAC,PHEV,Gasolina/Electrico Enchufable,KKL,REST,Standard,SAV,3
2026,02,OPEL,ASTRA,Corporate,BEV,Gasolina/Electrico Enchufable,UKL2,REST,Standard,HACH 5P,2
2026,02,OPEL,ASTRA,Corporate,ICE,Gasolina/Electrico Enchufable,UKL2,REST,Standard,HACH 5P,15
2026,02,OPEL,ASTRA,Corporate,PHEV,Gasolina/Electrico Enchufable,UKL2,REST,Standard,HACH 5P,4
2026,02,OPEL,ASTRA,Private,ICE,Gasolina/Electrico Enchufable,UKL2,REST,Standard,HACH 5P,11
2026,02,OPEL,COMBO,Corporate,BEV,Gasolina,SKL,REST,Standard,TRANSPORTER,7
2026,02,OPEL,COMBO,Corporate,ICE,Gasolina,SKL,REST,Standard,TRANSPORTER,378
2026,02,OPEL,COMBO,Private,BEV,Gasolina,SKL,REST,Standard,TRANSPORTER,1
2026,02,OPEL,COMBO,Private,ICE,Gasolina,SKL,REST,Standard,TRANSPORTER,35
2026,02,OPEL,COMBO,RAC,ICE,Gasolina,SKL,REST,Standard,TRANSPORTER,11
2026,02,OPEL,CORSA,Corporate,BEV,Gasolina Mild Hybrid,UKL1,REST,Standard,HACH 5P,20
2026,02,OPEL,CORSA,Corporate,ICE,Gasolina Mild Hybrid,UKL1,REST,Standard,HACH 5P,589
2026,02,OPEL,CORSA,Private,BEV,Gasolina Mild Hybrid,UKL1,REST,Standard,HACH 5P,3
2026,02,OPEL,CORSA,Private,ICE,Gasolina Mild Hybrid,UKL1,REST,Standard,HACH 5P,183
2026,02,OPEL,CORSA,RAC,BEV,Gasolina Mild Hybrid,UKL1,REST,Standard,HACH 5P,8
2026,02,OPEL,CORSA,RAC,ICE,Gasolina Mild Hybrid,UKL1,REST,Standard,HACH 5P,448
2026,02,OPEL,FRONTERA,Corporate,BEV,Gasolina Mild Hybrid,KKL,REST,Standard,SUV,58
2026,02,OPEL,FRONTERA,Corporate,ICE,Gasolina Mild Hybrid,KKL,REST,Standard,SUV,74
2026,02,OPEL,FRONTERA,Private,BEV,Gasolina Mild Hybrid,KKL,REST,Standard,SUV,20
2026,02,OPEL,FRONTERA,Private,ICE,Gasolina Mild Hybrid,KKL,REST,Standard,SUV,88
2026,02,OPEL,FRONTERA,RAC,BEV,Gasolina Mild Hybrid,KKL,REST,Standard,SUV,9
2026,02,OPEL,FRONTERA,RAC,ICE,Gasolina Mild Hybrid,KKL,REST,Standard,SUV,99
2026,02,OPEL,GRANDLAND X,Corporate,BEV,Gasolina/Electrico Enchufable,UKL2,REST,Standard,SAV,13
2026,02,OPEL,GRANDLAND X,Corporate,ICE,Gasolina/Electrico Enchufable,UKL2,REST,Standard,SAV,26
2026,02,OPEL,GRANDLAND X,Corporate,PHEV,Gasolina/Electrico Enchufable,UKL2,REST,Standard,SAV,3
2026,02,OPEL,GRANDLAND X,Private,BEV,Gasolina/Electrico Enchufable,UKL2,REST,Standard,SAV,5
2026,02,OPEL,GRANDLAND X,Private,ICE,Gasolina/Electrico Enchufable,UKL2,REST,Standard,SAV,23
2026,02,OPEL,GRANDLAND X,RAC,ICE,Gasolina/Electrico Enchufable,UKL2,REST,Standard,SAV,20
2026,02,OPEL,MOKKA,Corporate,BEV,Gasolina Mild Hybrid,UKL1,REST,Standard,SAV,6
2026,02,OPEL,MOKKA,Corporate,ICE,Gasolina Mild Hybrid,UKL1,REST,Standard,SAV,17
2026,02,OPEL,MOKKA,Private,BEV,Gasolina Mild Hybrid,UKL1,REST,Standard,SAV,9
2026,02,OPEL,MOKKA,Private,ICE,Gasolina Mild Hybrid,UKL1,REST,Standard,SAV,86
2026,02,OPEL,MOKKA,RAC,BEV,Gasolina Mild Hybrid,UKL1,REST,Standard,SAV,1
2026,02,OPEL,MOKKA,RAC,ICE,Gasolina Mild Hybrid,UKL1,REST,Standard,SAV,232
2026,02,OPEL,MOVANO,Corporate,BEV,Electrico,SKL,REST,Standard,TRANSPORTER,1
2026,02,OPEL,MOVANO,Corporate,ICE,Electrico,SKL,REST,Standard,TRANSPORTER,35
2026,02,OPEL,MOVANO,Private,ICE,Electrico,SKL,REST,Standard,TRANSPORTER,9
2026,02,OPEL,MOVANO,RAC,ICE,Electrico,SKL,REST,Standard,TRANSPORTER,2
2026,02,OPEL,VIVARO,Corporate,BEV,Electrico,SKL,REST,Standard,TRANSPORTER,1
2026,02,OPEL,VIVARO,Corporate,ICE,Electrico,SKL,REST,Standard,TRANSPORTER,90
2026,02,OPEL,VIVARO,Private,BEV,Electrico,SKL,REST,Standard,TRANSPORTER,1
2026,02,OPEL,VIVARO,Private,ICE,Electrico,SKL,REST,Standard,TRANSPORTER,22
2026,02,OPEL,VIVARO,RAC,ICE,Electrico,SKL,REST,Standard,TRANSPORTER,8
2026,02,OPEL,ZAFIRA LIFE,Corporate,ICE,Electrico,SKL,REST,Standard,TRANSPORTER,4
2026,02,OPEL,ZAFIRA LIFE,Private,ICE,Electrico,SKL,REST,Standard,TRANSPORTER,5
2026,02,OPEL,ZAFIRA LIFE,RAC,BEV,Electrico,SKL,REST,Standard,TRANSPORTER,6
2026,02,PERTASA,PORTER NP6,Corporate,ICE,Gas Licuado con petroleo (GLP),,REST,Standard,,1
2026,02,PEUGEOT,2008,Corporate,ICE,Gasolina Mild Hybrid,UKL1,REST,Standard,SAV,253
2026,02,PEUGEOT,2008,Private,ICE,Gasolina Mild Hybrid,UKL1,REST,Standard,SAV,238
2026,02,PEUGEOT,2008,RAC,ICE,Gasolina Mild Hybrid,UKL1,REST,Standard,SAV,624
2026,02,PEUGEOT,208,Corporate,ICE,Gasolina Mild Hybrid,UKL1,REST,Standard,HACH 5P,818
2026,02,PEUGEOT,208,Private,ICE,Gasolina Mild Hybrid,UKL1,REST,Standard,HACH 5P,206
2026,02,PEUGEOT,208,RAC,ICE,Gasolina Mild Hybrid,UKL1,REST,Standard,HACH 5P,801
2026,02,PEUGEOT,3008,Corporate,ICE,Gasolina/Electrico Enchufable,UKL2,REST,Standard,SAT,162
2026,02,PEUGEOT,3008,Corporate,PHEV,Gasolina/Electrico Enchufable,UKL2,REST,Standard,SAT,19
2026,02,PEUGEOT,3008,Private,ICE,Gasolina/Electrico Enchufable,UKL2,REST,Standard,SAT,159
2026,02,PEUGEOT,3008,Private,PHEV,Gasolina/Electrico Enchufable,UKL2,REST,Standard,SAT,9
2026,02,PEUGEOT,3008,RAC,ICE,Gasolina/Electrico Enchufable,UKL2,REST,Standard,SAT,217
2026,02,PEUGEOT,308,Corporate,BEV,Gasolina/Electrico Enchufable,UKL2,REST,Standard,HACH 5P,15
2026,02,PEUGEOT,308,Corporate,ICE,Gasolina/Electrico Enchufable,UKL2,REST,Standard,HACH 5P,189
2026,02,PEUGEOT,308,Corporate,PHEV,Gasolina/Electrico Enchufable,UKL2,REST,Standard,HACH 5P,4
2026,02,PEUGEOT,308,Private,BEV,Gasolina/Electrico Enchufable,UKL2,REST,Standard,HACH 5P,28
2026,02,PEUGEOT,308,Private,ICE,Gasolina/Electrico Enchufable,UKL2,REST,Standard,HACH 5P,48
2026,02,PEUGEOT,308,Private,PHEV,Gasolina/Electrico Enchufable,UKL2,REST,Standard,HACH 5P,1
2026,02,PEUGEOT,308,RAC,BEV,Gasolina/Electrico Enchufable,UKL2,REST,Standard,HACH 5P,44
2026,02,PEUGEOT,308,RAC,ICE,Gasolina/Electrico Enchufable,UKL2,REST,Standard,HACH 5P,209
2026,02,PEUGEOT,408,Corporate,ICE,Gasolina/Electrico Enchufable,UKL2,REST,Standard,SEDAN,16
2026,02,PEUGEOT,408,Corporate,PHEV,Gasolina/Electrico Enchufable,UKL2,REST,Standard,SEDAN,5
2026,02,PEUGEOT,408,Private,ICE,Gasolina/Electrico Enchufable,UKL2,REST,Standard,SEDAN,13
2026,02,PEUGEOT,408,Private,PHEV,Gasolina/Electrico Enchufable,UKL2,REST,Standard,SEDAN,1
2026,02,PEUGEOT,408,RAC,ICE,Gasolina/Electrico Enchufable,UKL2,REST,Standard,SEDAN,134
2026,02,PEUGEOT,422,Private,ICE,Diesel,,REST,Standard,,1
2026,02,PEUGEOT,5008,Corporate,ICE,Gasolina/Electrico Enchufable,KKL,REST,Standard,SUV,59
2026,02,PEUGEOT,5008,Corporate,PHEV,Gasolina/Electrico Enchufable,KKL,REST,Standard,SUV,15
2026,02,PEUGEOT,5008,Private,ICE,Gasolina/Electrico Enchufable,KKL,REST,Standard,SUV,45
2026,02,PEUGEOT,5008,Private,PHEV,Gasolina/Electrico Enchufable,KKL,REST,Standard,SUV,9
2026,02,PEUGEOT,5008,RAC,ICE,Gasolina/Electrico Enchufable,KKL,REST,Standard,SUV,190
2026,02,PEUGEOT,BOXER,Corporate,ICE,Diesel,SKL,REST,Standard,TRANSPORTER,179
2026,02,PEUGEOT,BOXER,Private,ICE,Diesel,SKL,REST,Standard,TRANSPORTER,38
2026,02,PEUGEOT,BOXER,RAC,ICE,Diesel,SKL,REST,Standard,TRANSPORTER,38
2026,02,PEUGEOT,CV 540,Private,ICE,Diesel,,REST,Standard,,1
2026,02,PEUGEOT,CX60,RAC,ICE,Diesel,,REST,Standard,,1
2026,02,PEUGEOT,E-2008 ALLURE ELECTRICO,Corporate,BEV,Electrico,UKL1,REST,Standard,SAV,5
2026,02,PEUGEOT,E-2008 ALLURE ELECTRICO,Private,BEV,Electrico,UKL1,REST,Standard,SAV,18
2026,02,PEUGEOT,E-2008 ALLURE ELECTRICO,RAC,BEV,Electrico,UKL1,REST,Standard,SAV,58
2026,02,PEUGEOT,E-208,Corporate,BEV,Electrico,UKL1,REST,Standard,HACH 5P,11
2026,02,PEUGEOT,E-208,Private,BEV,Electrico,UKL1,REST,Standard,HACH 5P,12
2026,02,PEUGEOT,E-208,RAC,BEV,Electrico,UKL1,REST,Standard,HACH 5P,35
2026,02,PEUGEOT,EXPERT,Corporate,BEV,Electrico,SKL,REST,Standard,TRANSPORTER,9
2026,02,PEUGEOT,EXPERT,Corporate,ICE,Electrico,SKL,REST,Standard,TRANSPORTER,176
2026,02,PEUGEOT,EXPERT,Private,ICE,Electrico,SKL,REST,Standard,TRANSPORTER,35
2026,02,PEUGEOT,EXPERT,RAC,ICE,Electrico,SKL,REST,Standard,TRANSPORTER,49
2026,02,PEUGEOT,PARTNER,Corporate,BEV,Electrico,SKL,REST,Standard,TRANSPORTER,18
2026,02,PEUGEOT,PARTNER,Corporate,ICE,Electrico,SKL,REST,Standard,TRANSPORTER,463
2026,02,PEUGEOT,PARTNER,Private,BEV,Electrico,SKL,REST,Standard,TRANSPORTER,4
2026,02,PEUGEOT,PARTNER,Private,ICE,Electrico,SKL,REST,Standard,TRANSPORTER,14
2026,02,PEUGEOT,PARTNER,RAC,ICE,Electrico,SKL,REST,Standard,TRANSPORTER,94
2026,02,PEUGEOT,RIFTER,Corporate,BEV,Electrico,SKL,REST,Standard,TRANSPORTER,15
2026,02,PEUGEOT,RIFTER,Corporate,ICE,Electrico,SKL,REST,Standard,TRANSPORTER,540
2026,02,PEUGEOT,RIFTER,Private,BEV,Electrico,SKL,REST,Standard,TRANSPORTER,12
2026,02,PEUGEOT,RIFTER,Private,ICE,Electrico,SKL,REST,Standard,TRANSPORTER,269
2026,02,PEUGEOT,RIFTER,RAC,BEV,Electrico,SKL,REST,Standard,TRANSPORTER,6
2026,02,PEUGEOT,RIFTER,RAC,ICE,Electrico,SKL,REST,Standard,TRANSPORTER,183
2026,02,PEUGEOT,TRAVELLER,Corporate,ICE,Diesel,SKL,REST,Standard,TRANSPORTER,36
2026,02,PEUGEOT,TRAVELLER,Private,BEV,Diesel,SKL,REST,Standard,TRANSPORTER,1
2026,02,PEUGEOT,TRAVELLER,Private,ICE,Diesel,SKL,REST,Standard,TRANSPORTER,43
2026,02,PEUGEOT,TRAVELLER,RAC,ICE,Diesel,SKL,REST,Standard,TRANSPORTER,1
2026,02,PEUGEOT,URBAN 8,Private,ICE,Diesel,,REST,Standard,,3
2026,02,PEUGEOT,URBAN 9,Private,ICE,Diesel,,REST,Standard,,3
2026,02,POLESTAR,POLESTAR 2,Corporate,BEV,Electrico,KKL,FOCUS SEGMENT,Standard,SEDAN,3
2026,02,POLESTAR,POLESTAR 2,Private,BEV,Electrico,KKL,FOCUS SEGMENT,Standard,SEDAN,1
2026,02,POLESTAR,POLESTAR 2,RAC,BEV,Electrico,KKL,FOCUS SEGMENT,Standard,SEDAN,15
2026,02,POLESTAR,POLESTAR 4,Corporate,BEV,Electrico,KKL,FOCUS SEGMENT,Standard,SAV,18
2026,02,POLESTAR,POLESTAR 4,Private,BEV,Electrico,KKL,FOCUS SEGMENT,Standard,SAV,47
2026,02,PORSCHE,718,Corporate,ICE,Gasolina,KKL,FOCUS SEGMENT,M,ROADSTER,2
2026,02,PORSCHE,718,Private,ICE,Gasolina,KKL,FOCUS SEGMENT,M,ROADSTER,3
2026,02,PORSCHE,911,Corporate,ICE,Gasolina/Electrico,GKL,FOCUS SEGMENT,M,COUPE,7
2026,02,PORSCHE,911,Corporate,ICE,Gasolina/Electrico,GKL,FOCUS SEGMENT,M Performance,COUPE,16
2026,02,PORSCHE,911,Corporate,ICE,Gasolina/Electrico,GKL,FOCUS SEGMENT,Standard,COUPE,4
2026,02,PORSCHE,911,Private,ICE,Gasolina/Electrico,GKL,FOCUS SEGMENT,M,COUPE,6
2026,02,PORSCHE,911,Private,ICE,Gasolina/Electrico,GKL,FOCUS SEGMENT,M Performance,COUPE,19
2026,02,PORSCHE,911,Private,ICE,Gasolina/Electrico,GKL,FOCUS SEGMENT,Standard,COUPE,9
2026,02,PORSCHE,911,RAC,ICE,Gasolina/Electrico,GKL,FOCUS SEGMENT,Standard,COUPE,5
2026,02,PORSCHE,CAYENNE,Corporate,ICE,Gasolina,MKL,FOCUS SEGMENT,M Performance,SAV,3
2026,02,PORSCHE,CAYENNE,Corporate,ICE,Gasolina,MKL,FOCUS SEGMENT,Standard,SAV,1
2026,02,PORSCHE,CAYENNE,Corporate,ICE,Gasolina/Electrico Enchufable,MKL,FOCUS SEGMENT,M Performance,SAV,2
2026,02,PORSCHE,CAYENNE,Corporate,PHEV,Gasolina/Electrico Enchufable,MKL,FOCUS SEGMENT,M,SAV,5
2026,02,PORSCHE,CAYENNE,Corporate,PHEV,Gasolina/Electrico Enchufable,MKL,FOCUS SEGMENT,M Performance,SAV,8
2026,02,PORSCHE,CAYENNE,Private,ICE,Gasolina,MKL,FOCUS SEGMENT,M Performance,SAV,1
2026,02,PORSCHE,CAYENNE,Private,ICE,Gasolina,MKL,FOCUS SEGMENT,Standard,SAV,1
2026,02,PORSCHE,CAYENNE,Private,ICE,Gasolina/Electrico Enchufable,MKL,FOCUS SEGMENT,M Performance,SAV,4
2026,02,PORSCHE,CAYENNE,Private,PHEV,Gasolina/Electrico Enchufable,MKL,FOCUS SEGMENT,M,SAV,5
2026,02,PORSCHE,CAYENNE,Private,PHEV,Gasolina/Electrico Enchufable,MKL,FOCUS SEGMENT,M Performance,SAV,9
2026,02,PORSCHE,CAYENNE,RAC,ICE,Gasolina,MKL,FOCUS SEGMENT,Standard,SAV,1
2026,02,PORSCHE,CAYENNE COUPE,Corporate,BEV,Gasolina/Electrico Enchufable,MKL,FOCUS SEGMENT,Standard,SAV,1
2026,02,PORSCHE,CAYENNE COUPE,Corporate,PHEV,Gasolina/Electrico Enchufable,MKL,FOCUS SEGMENT,Standard,SAV,70
2026,02,PORSCHE,CAYENNE COUPE,Private,PHEV,Gasolina/Electrico Enchufable,MKL,FOCUS SEGMENT,Standard,SAV,12
2026,02,PORSCHE,CAYENNE COUPE,RAC,PHEV,Gasolina/Electrico Enchufable,MKL,FOCUS SEGMENT,Standard,SAV,11
2026,02,PORSCHE,MACAN,Corporate,BEV,Electrico,KKL,FOCUS SEGMENT,M Performance,SAV,15
2026,02,PORSCHE,MACAN,Corporate,BEV,Electrico,KKL,FOCUS SEGMENT,Standard,SAV,44
2026,02,PORSCHE,MACAN,Private,BEV,Electrico,KKL,FOCUS SEGMENT,M,SAV,3
2026,02,PORSCHE,MACAN,Private,BEV,Electrico,KKL,FOCUS SEGMENT,M Performance,SAV,5
2026,02,PORSCHE,MACAN,Private,BEV,Electrico,KKL,FOCUS SEGMENT,Standard,SAV,13
2026,02,PORSCHE,MACAN,RAC,BEV,Electrico,KKL,FOCUS SEGMENT,Standard,SAV,9
2026,02,PORSCHE,PANAMERA,Corporate,PHEV,Gasolina/Electrico Enchufable,GKL,FOCUS SEGMENT,M,SEDAN,2
2026,02,PORSCHE,PANAMERA,Corporate,PHEV,Gasolina/Electrico Enchufable,GKL,FOCUS SEGMENT,M Performance,SEDAN,3
2026,02,PORSCHE,PANAMERA,Corporate,PHEV,Gasolina/Electrico Enchufable,GKL,FOCUS SEGMENT,Standard,SEDAN,17
2026,02,PORSCHE,PANAMERA,Private,PHEV,Gasolina/Electrico Enchufable,GKL,FOCUS SEGMENT,M Performance,SEDAN,4
2026,02,PORSCHE,PANAMERA,Private,PHEV,Gasolina/Electrico Enchufable,GKL,FOCUS SEGMENT,Standard,SEDAN,5
2026,02,PORSCHE,PANAMERA,RAC,PHEV,Gasolina/Electrico Enchufable,GKL,FOCUS SEGMENT,Standard,SEDAN,8
2026,02,PORSCHE,TAYCAN,Corporate,BEV,Electrico,GKL,FOCUS SEGMENT,M Performance,ESTATE,2
2026,02,PORSCHE,TAYCAN,Corporate,BEV,Electrico,GKL,FOCUS SEGMENT,Standard,ESTATE,6
2026,02,PORSCHE,TAYCAN,Private,BEV,Electrico,GKL,FOCUS SEGMENT,Standard,ESTATE,1
2026,02,RENAULT,4,Corporate,BEV,Electrico,UKL1,REST,Standard,SAV,10
2026,02,RENAULT,4,Private,BEV,Electrico,UKL1,REST,Standard,SAV,19
2026,02,RENAULT,5,Corporate,BEV,Electrico,UKL1,REST,Standard,HACH 5P,44
2026,02,RENAULT,5,Private,BEV,Electrico,UKL1,REST,Standard,HACH 5P,194
2026,02,RENAULT,ARKANA,Corporate,ICE,Gasolina/Electrico,UKL2,REST,Standard,SAV,83
2026,02,RENAULT,ARKANA,Private,ICE,Gasolina/Electrico,UKL2,REST,Standard,SAV,106
2026,02,RENAULT,AUSTRAL,Corporate,ICE,Gasolina/Electrico,UKL2,REST,Standard,SAV,314
2026,02,RENAULT,AUSTRAL,Private,ICE,Gasolina/Electrico,UKL2,REST,Standard,SAV,434
2026,02,RENAULT,AUSTRAL,RAC,ICE,Gasolina/Electrico,UKL2,REST,Standard,SAV,105
2026,02,RENAULT,CAPTUR,Corporate,ICE,Gasolina/Electrico,UKL1,REST,Standard,SAV,404
2026,02,RENAULT,CAPTUR,Private,ICE,Gasolina/Electrico,UKL1,REST,Standard,SAV,568
2026,02,RENAULT,CAPTUR,RAC,ICE,Gasolina/Electrico,UKL1,REST,Standard,SAV,984
2026,02,RENAULT,CLIO,Corporate,ICE,Gasolina/Electrico,UKL1,REST,Standard,HACH 5P,592
2026,02,RENAULT,CLIO,Private,ICE,Gasolina/Electrico,UKL1,REST,Standard,HACH 5P,813
2026,02,RENAULT,CLIO,RAC,ICE,Gasolina/Electrico,UKL1,REST,Standard,HACH 5P,663
2026,02,RENAULT,E-TECH MASTER RED,Corporate,BEV,Electrico,,REST,Standard,,2
2026,02,RENAULT,E-TECH MASTER RED VAN,Private,BEV,Electrico,,REST,Standard,,1
2026,02,RENAULT,ESPACE,Corporate,ICE,Gasolina/Electrico,KKL,REST,Standard,SAV,66
2026,02,RENAULT,ESPACE,Private,ICE,Gasolina/Electrico,KKL,REST,Standard,SAV,79
2026,02,RENAULT,ESPACE,RAC,ICE,Gasolina/Electrico,KKL,REST,Standard,SAV,60
2026,02,RENAULT,KANGOO,Corporate,BEV,Gasolina,SKL,REST,Standard,TRANSPORTER,119
2026,02,RENAULT,KANGOO,Corporate,ICE,Gasolina,SKL,REST,Standard,TRANSPORTER,647
2026,02,RENAULT,KANGOO,Private,BEV,Gasolina,SKL,REST,Standard,TRANSPORTER,1
2026,02,RENAULT,KANGOO,Private,ICE,Gasolina,SKL,REST,Standard,TRANSPORTER,77
2026,02,RENAULT,KANGOO,RAC,ICE,Gasolina,SKL,REST,Standard,TRANSPORTER,23
2026,02,RENAULT,MASTER,Corporate,BEV,Electrico,SKL,REST,Standard,TRANSPORTER,28
2026,02,RENAULT,MASTER,Corporate,ICE,Electrico,SKL,REST,Standard,TRANSPORTER,325
2026,02,RENAULT,MASTER,Private,BEV,Electrico,SKL,REST,Standard,TRANSPORTER,1
2026,02,RENAULT,MASTER,Private,ICE,Electrico,SKL,REST,Standard,TRANSPORTER,95
2026,02,RENAULT,MASTER,RAC,ICE,Electrico,SKL,REST,Standard,TRANSPORTER,35
2026,02,RENAULT,MEGANE,Corporate,BEV,Gasolina,UKL2,REST,Standard,HACH 5P,8
2026,02,RENAULT,MEGANE,Private,BEV,Gasolina,UKL2,REST,Standard,HACH 5P,12
2026,02,RENAULT,RAFALE,Corporate,ICE,Gasolina/Electrico Enchufable,UKL2,REST,Standard,SAV,56
2026,02,RENAULT,RAFALE,Corporate,PHEV,Gasolina/Electrico Enchufable,UKL2,REST,Standard,SAV,85
2026,02,RENAULT,RAFALE,Private,ICE,Gasolina/Electrico Enchufable,UKL2,REST,Standard,SAV,28
2026,02,RENAULT,RAFALE,Private,PHEV,Gasolina/Electrico Enchufable,UKL2,REST,Standard,SAV,162
2026,02,RENAULT,RAFALE,RAC,ICE,Gasolina/Electrico Enchufable,UKL2,REST,Standard,SAV,5
2026,02,RENAULT,RAFALE,RAC,PHEV,Gasolina/Electrico Enchufable,UKL2,REST,Standard,SAV,3
2026,02,RENAULT,SCENIC,Corporate,BEV,Electrico,UKL2,REST,Standard,MPV,23
2026,02,RENAULT,SCENIC,Private,BEV,Electrico,UKL2,REST,Standard,MPV,9
2026,02,RENAULT,SYMBIOZ,Corporate,ICE,Gasolina/Electrico,UKL1,REST,Standard,SAV,186
2026,02,RENAULT,SYMBIOZ,Private,ICE,Gasolina/Electrico,UKL1,REST,Standard,SAV,222
2026,02,RENAULT,SYMBIOZ,RAC,ICE,Gasolina/Electrico,UKL1,REST,Standard,SAV,384
2026,02,RENAULT,TRAFIC,Corporate,BEV,Electrico,SKL,REST,Standard,TRANSPORTER,2
2026,02,RENAULT,TRAFIC,Corporate,ICE,Electrico,SKL,REST,Standard,TRANSPORTER,608
2026,02,RENAULT,TRAFIC,Private,ICE,Electrico,SKL,REST,Standard,TRANSPORTER,80
2026,02,RENAULT,TRAFIC,RAC,ICE,Electrico,SKL,REST,Standard,TRANSPORTER,37
2026,02,ROLLS-ROYCE,BLACK BADGE CULLINAN,Corporate,ICE,Gasolina,,REST,Standard,,1
2026,02,ROMU,EMOOVY,Corporate,BEV,Electrico,,REST,Standard,,1
2026,02,SANTANA,400,Corporate,ICE,Gasolina/Electrico Enchufable,SKL,REST,Standard,PICKUP,8
2026,02,SEAT,ARONA,Corporate,ICE,Gasolina,UKL1,REST,Standard,SAV,457
2026,02,SEAT,ARONA,Private,ICE,Gasolina,UKL1,REST,Standard,SAV,606
2026,02,SEAT,ARONA,RAC,ICE,Gasolina,UKL1,REST,Standard,SAV,559
2026,02,SEAT,ATECA,Corporate,ICE,Gasolina,UKL2,REST,Standard,SAT,110
2026,02,SEAT,ATECA,Private,ICE,Gasolina,UKL2,REST,Standard,SAT,247
2026,02,SEAT,ATECA,RAC,ICE,Gasolina,UKL2,REST,Standard,SAT,1
2026,02,SEAT,IBIZA,Corporate,ICE,Gasolina,UKL1,REST,Standard,HACH 5P,908
2026,02,SEAT,IBIZA,Private,ICE,Gasolina,UKL1,REST,Standard,HACH 5P,766
2026,02,SEAT,IBIZA,RAC,ICE,Gasolina,UKL1,REST,Standard,HACH 5P,933
2026,02,SEAT,LEON,Corporate,ICE,Gasolina/Electrico Enchufable,UKL2,REST,Standard,HACH 5P,449
2026,02,SEAT,LEON,Corporate,PHEV,Gasolina/Electrico Enchufable,UKL2,REST,Standard,HACH 5P,32
2026,02,SEAT,LEON,Private,ICE,Gasolina/Electrico Enchufable,UKL2,REST,Standard,HACH 5P,477
2026,02,SEAT,LEON,Private,PHEV,Gasolina/Electrico Enchufable,UKL2,REST,Standard,HACH 5P,22
2026,02,SEAT,LEON,RAC,ICE,Gasolina/Electrico Enchufable,UKL2,REST,Standard,HACH 5P,170
2026,02,"SEMICARFRAN,S.L",M27 JAANLR8,Corporate,ICE,Diesel,,REST,Standard,,1
2026,02,SHINERAY,G03F,Corporate,ICE,Gasolina/Electrico Enchufable,MKL,REST,Standard,SUV,4
2026,02,SHINERAY,G03F,Private,ICE,Gasolina/Electrico Enchufable,MKL,REST,Standard,SUV,20
2026,02,SHINERAY,G03F,Private,PHEV,Gasolina/Electrico Enchufable,MKL,REST,Standard,SUV,7
2026,02,SHINERAY,G05,Corporate,ICE,Gasolina,MKL,REST,Standard,SAV,1
2026,02,SHINERAY,G05,Private,ICE,Gasolina,MKL,REST,Standard,SAV,14
2026,02,SHINERAY,SWM G01,Corporate,ICE,Gasolina,MKL,REST,Standard,SUV,2
2026,02,SHINERAY,SWM G01,Private,ICE,Gasolina,MKL,REST,Standard,SUV,4
2026,02,SIN MARCA,COMBO EDITION N1 100,Corporate,ICE,Diesel,,REST,Standard,,1
2026,02,SIN MARCA,DS 7 BLUEHDI DS,RAC,ICE,Diesel,,REST,Standard,,3
2026,02,SIN MARCA,DS 7 BLUEHDI PALLAS,Corporate,ICE,Diesel,,REST,Standard,,1
2026,02,SIN MARCA,NUEVO C4X HYBRID 145,RAC,ICE,Gasolina,,REST,Standard,,1
2026,02,SIN MARCA,RIFTER ACTIVE,Corporate,ICE,Diesel,,REST,Standard,,2
2026,02,SIN MARCA,RIFTER ALLURE BLUEHDI,RAC,ICE,Diesel,,REST,Standard,,1
2026,02,SIN MARCA,T-CROSS 3WVGZZZC,Corporate,ICE,Gasolina,,REST,Standard,,1
2026,02,SIN MARCA,T-CROSS 3WVGZZZC,Private,ICE,Gasolina,,REST,Standard,,1
2026,02,SIN MARCA,VIVARO FURGÓN M DIESEL1VXEVJYH,Corporate,ICE,Diesel,,REST,Standard,,1
2026,02,SKODA,ELROQ,Corporate,BEV,Electrico,UKL2,REST,Standard,SAV,83
2026,02,SKODA,ELROQ,Private,BEV,Electrico,UKL2,REST,Standard,SAV,76
2026,02,SKODA,ENYAQ,Corporate,BEV,Electrico,UKL2,REST,Standard,SAV,40
2026,02,SKODA,ENYAQ,Private,BEV,Electrico,UKL2,REST,Standard,SAV,9
2026,02,SKODA,FABIA,Corporate,ICE,Gasolina,UKL1,REST,Standard,HACH 5P,187
2026,02,SKODA,FABIA,Private,ICE,Gasolina,UKL1,REST,Standard,HACH 5P,254
2026,02,SKODA,FABIA,RAC,ICE,Gasolina,UKL1,REST,Standard,HACH 5P,632
2026,02,SKODA,KAMIQ,Corporate,ICE,Gasolina,UKL1,REST,Standard,SAV,281
2026,02,SKODA,KAMIQ,Private,ICE,Gasolina,UKL1,REST,Standard,SAV,412
2026,02,SKODA,KAMIQ,RAC,ICE,Gasolina,UKL1,REST,Standard,SAV,370
2026,02,SKODA,KAROQ,Corporate,ICE,Gasolina,UKL2,REST,Standard,SAT,179
2026,02,SKODA,KAROQ,Private,ICE,Gasolina,UKL2,REST,Standard,SAT,276
2026,02,SKODA,KAROQ,RAC,ICE,Gasolina,UKL2,REST,Standard,SAT,135
2026,02,SKODA,KODIAQ,Corporate,ICE,Gasolina/Electrico Enchufable,KKL,REST,Standard,SAV,138
2026,02,SKODA,KODIAQ,Corporate,PHEV,Gasolina/Electrico Enchufable,KKL,REST,Standard,SAV,45
2026,02,SKODA,KODIAQ,Private,ICE,Gasolina/Electrico Enchufable,KKL,REST,Standard,SAV,33
2026,02,SKODA,KODIAQ,Private,PHEV,Gasolina/Electrico Enchufable,KKL,REST,Standard,SAV,70
2026,02,SKODA,KODIAQ,RAC,ICE,Gasolina/Electrico Enchufable,KKL,REST,Standard,SAV,40
2026,02,SKODA,OCTAVIA,Corporate,ICE,Gasolina Mild Hybrid,UKL2,REST,Standard,ESTATE,208
2026,02,SKODA,OCTAVIA,Private,ICE,Gasolina Mild Hybrid,UKL2,REST,Standard,ESTATE,54
2026,02,SKODA,OCTAVIA,RAC,ICE,Gasolina Mild Hybrid,UKL2,REST,Standard,ESTATE,190
2026,02,SKODA,SCALA,Corporate,ICE,Gasolina,UKL2,REST,Standard,HACH 5P,39
2026,02,SKODA,SCALA,Private,ICE,Gasolina,UKL2,REST,Standard,HACH 5P,49
2026,02,SKODA,SCALA,RAC,ICE,Gasolina,UKL2,REST,Standard,HACH 5P,160
2026,02,SKODA,SUPERB,Corporate,ICE,Gasolina/Electrico Enchufable,KKL,REST,Standard,SEDAN,24
2026,02,SKODA,SUPERB,Corporate,PHEV,Gasolina/Electrico Enchufable,KKL,REST,Standard,SEDAN,16
2026,02,SKODA,SUPERB,Private,ICE,Gasolina/Electrico Enchufable,KKL,REST,Standard,SEDAN,3
2026,02,SMART,#1,Corporate,BEV,Electrico,UKL1,FOCUS SEGMENT,Standard,SAV,3
2026,02,SMART,#1,Private,BEV,Electrico,UKL1,FOCUS SEGMENT,Standard,SAV,7
2026,02,SMART,#3,Corporate,BEV,Electrico,UKL2,FOCUS SEGMENT,Standard,HACH 5P,2
2026,02,SMART,#3,Private,BEV,Electrico,UKL2,FOCUS SEGMENT,Standard,HACH 5P,7
2026,02,SMART,#5,Corporate,BEV,Electrico,KKL,FOCUS SEGMENT,Standard,SAV,7
2026,02,SOCAGE,SOCAGE 20D,Corporate,ICE,Diesel,,REST,Standard,,1
2026,02,SORTIMO,RANGER SORTIMO,Corporate,ICE,Diesel,,REST,Standard,,7
2026,02,SORTIMO,TRANSPORTER SORTIMO WV4ZZZT,Corporate,ICE,Diesel,,REST,Standard,,4
2026,02,SPORTEQUIPE,SPORTEQUIPE 7,Private,ICE,Gas Licuado con petroleo (GLP),KKL,REST,Standard,SAV,1
2026,02,SPORTEQUIPE,SPORTEQUIPE 8,Corporate,ICE,Gas Licuado con petroleo (GLP),UKL2,REST,Standard,SAV,1
2026,02,SSANGYONG,MUSSO GRAND,Corporate,ICE,Diesel,SKL,REST,Standard,PICKUP,1
2026,02,SSANGYONG,REXTON,Corporate,ICE,Diesel,MKL,REST,Standard,SAV,7
2026,02,SSANGYONG,REXTON,RAC,ICE,Diesel,MKL,REST,Standard,SAV,2
2026,02,SUBARU,FORESTER,Corporate,ICE,Gasolina/Electrico,KKL,REST,Standard,SAV,4
2026,02,SUBARU,FORESTER,Private,ICE,Gasolina/Electrico,KKL,REST,Standard,SAV,13
2026,02,SUBARU,OUTBACK,Corporate,ICE,Gasolina,KKL,REST,Standard,ESTATE,3
2026,02,SUBARU,OUTBACK,Private,ICE,Gasolina,KKL,REST,Standard,ESTATE,10
2026,02,SUBARU,XV,Corporate,ICE,Gasolina,UKL2,REST,Standard,SAV,6
2026,02,SUBARU,XV,Private,ICE,Gasolina,UKL2,REST,Standard,SAV,21
2026,02,SUZUKI,E VITARA,Corporate,BEV,Electrico,UKL2,REST,Standard,SAV,5
2026,02,SUZUKI,SWACE,Corporate,ICE,Gasolina/Electrico,UKL2,REST,Standard,HACH 5P,29
2026,02,SUZUKI,SWACE,Private,ICE,Gasolina/Electrico,UKL2,REST,Standard,HACH 5P,19
2026,02,SUZUKI,SWIFT,Corporate,ICE,Gasolina Mild Hybrid,UKL1,REST,Standard,HACH 5P,22
2026,02,SUZUKI,SWIFT,Private,ICE,Gasolina Mild Hybrid,UKL1,REST,Standard,HACH 5P,119
2026,02,SUZUKI,SWIFT,RAC,ICE,Gasolina Mild Hybrid,UKL1,REST,Standard,HACH 5P,21
2026,02,SUZUKI,SX4,Corporate,ICE,Gasolina/Electrico,UKL1,REST,Standard,SAV,2
2026,02,SUZUKI,SX4,Private,ICE,Gasolina/Electrico,UKL1,REST,Standard,SAV,52
2026,02,SUZUKI,SX4,RAC,ICE,Gasolina/Electrico,UKL1,REST,Standard,SAV,12
2026,02,SUZUKI,VITARA,Corporate,ICE,Gasolina/Electrico,UKL2,REST,Standard,SUV,36
2026,02,SUZUKI,VITARA,Private,ICE,Gasolina/Electrico,UKL2,REST,Standard,SUV,151
2026,02,SUZUKI,VITARA,RAC,ICE,Gasolina/Electrico,UKL2,REST,Standard,SUV,58
2026,02,TECNOCARSA,M21,Corporate,ICE,Diesel,,REST,Standard,,1
2026,02,TECNOCARSA,M27,Private,ICE,Diesel,,REST,Standard,,1
2026,02,TECNOCARSA,NISSAN INTERESTAR VNVNDB0,Corporate,ICE,Diesel,,REST,Standard,,1
2026,02,TECNOVE FIBERGLASS,M27 F JAANLR8,Corporate,ICE,Diesel,,REST,Standard,,1
2026,02,TESLA,MODEL 3,Corporate,BEV,Electrico,KKL,FOCUS SEGMENT,Standard,SEDAN,230
2026,02,TESLA,MODEL 3,Private,BEV,Electrico,KKL,FOCUS SEGMENT,Standard,SEDAN,940
2026,02,TESLA,MODEL S,Corporate,BEV,Electrico,GKL,FOCUS SEGMENT,Standard,SEDAN,3
2026,02,TESLA,MODEL S,Private,BEV,Electrico,GKL,FOCUS SEGMENT,Standard,SEDAN,4
2026,02,TESLA,MODEL Y,Corporate,BEV,Electrico,KKL,FOCUS SEGMENT,Standard,SAT,104
2026,02,TESLA,MODEL Y,Private,BEV,Electrico,KKL,FOCUS SEGMENT,Standard,SAT,316
2026,02,TIGER,TIGER 6,Private,ICE,Gasolina,UKL2,REST,Standard,SAV,1
2026,02,TOYOTA,AYGO X,Corporate,ICE,Gasolina/Electrico,UKL0,REST,Standard,HACH 5P,105
2026,02,TOYOTA,AYGO X,Private,ICE,Gasolina/Electrico,UKL0,REST,Standard,HACH 5P,182
2026,02,TOYOTA,AYGO X,RAC,ICE,Gasolina/Electrico,UKL0,REST,Standard,HACH 5P,180
2026,02,TOYOTA,BZ4X,Corporate,BEV,Electrico,UKL2,REST,Standard,SAV,53
2026,02,TOYOTA,BZ4X,Private,BEV,Electrico,UKL2,REST,Standard,SAV,93
2026,02,TOYOTA,BZ4X,RAC,BEV,Electrico,UKL2,REST,Standard,SAV,4
2026,02,TOYOTA,C-HR,Corporate,BEV,Gasolina/Electrico Enchufable,UKL1,REST,Standard,SAV,4
2026,02,TOYOTA,C-HR,Corporate,ICE,Gasolina/Electrico Enchufable,UKL1,REST,Standard,SAV,313
2026,02,TOYOTA,C-HR,Corporate,PHEV,Gasolina/Electrico Enchufable,UKL1,REST,Standard,SAV,287
2026,02,TOYOTA,C-HR,Private,ICE,Gasolina/Electrico Enchufable,UKL1,REST,Standard,SAV,1078
2026,02,TOYOTA,C-HR,Private,PHEV,Gasolina/Electrico Enchufable,UKL1,REST,Standard,SAV,542
2026,02,TOYOTA,C-HR,RAC,ICE,Gasolina/Electrico Enchufable,UKL1,REST,Standard,SAV,211
2026,02,TOYOTA,CAMRY,Corporate,ICE,Gasolina/Electrico,KKL,REST,Standard,SEDAN,1
2026,02,TOYOTA,COROLLA,Corporate,ICE,Gasolina/Electrico,UKL2,REST,Standard,HACH 5P,596
2026,02,TOYOTA,COROLLA,Private,ICE,Gasolina/Electrico,UKL2,REST,Standard,HACH 5P,1025
2026,02,TOYOTA,COROLLA,RAC,ICE,Gasolina/Electrico,UKL2,REST,Standard,HACH 5P,135
2026,02,TOYOTA,GR YARIS,Corporate,ICE,Gasolina,UKL1,REST,Standard,HACH 3P,15
2026,02,TOYOTA,GR YARIS,Private,ICE,Gasolina,UKL1,REST,Standard,HACH 3P,7
2026,02,TOYOTA,HI LUX,Corporate,ICE,Electrico,SKL,REST,Standard,PICKUP,228
2026,02,TOYOTA,HI LUX,Private,ICE,Electrico,SKL,REST,Standard,PICKUP,68
2026,02,TOYOTA,HIGHLANDER,Corporate,ICE,Gasolina/Electrico,MKL,REST,Standard,SUV,2
2026,02,TOYOTA,LAND CRUISER,Corporate,ICE,Diesel Mild Hybrid,GKL,REST,Standard,SUV,48
2026,02,TOYOTA,LAND CRUISER,Private,ICE,Diesel Mild Hybrid,GKL,REST,Standard,SUV,24
2026,02,TOYOTA,PRIUS,Corporate,ICE,Gasolina/Electrico,UKL2,REST,Standard,MPV,1
2026,02,TOYOTA,PROACE,Corporate,BEV,Electrico,SKL,REST,Standard,TRANSPORTER,71
2026,02,TOYOTA,PROACE,Corporate,ICE,Electrico,SKL,REST,Standard,TRANSPORTER,230
2026,02,TOYOTA,PROACE,Private,BEV,Electrico,SKL,REST,Standard,TRANSPORTER,7
2026,02,TOYOTA,PROACE,Private,ICE,Electrico,SKL,REST,Standard,TRANSPORTER,32
2026,02,TOYOTA,PROACE,RAC,BEV,Electrico,SKL,REST,Standard,TRANSPORTER,15
2026,02,TOYOTA,PROACE,RAC,ICE,Electrico,SKL,REST,Standard,TRANSPORTER,57
2026,02,TOYOTA,PROACE CITY,Corporate,BEV,Electrico,SKL,REST,Standard,TRANSPORTER,95
2026,02,TOYOTA,PROACE CITY,Corporate,ICE,Electrico,SKL,REST,Standard,TRANSPORTER,535
2026,02,TOYOTA,PROACE CITY,Private,BEV,Electrico,SKL,REST,Standard,TRANSPORTER,15
2026,02,TOYOTA,PROACE CITY,Private,ICE,Electrico,SKL,REST,Standard,TRANSPORTER,39
2026,02,TOYOTA,PROACE CITY,RAC,BEV,Electrico,SKL,REST,Standard,TRANSPORTER,1
2026,02,TOYOTA,PROACE CITY,RAC,ICE,Electrico,SKL,REST,Standard,TRANSPORTER,18
2026,02,TOYOTA,PROACE VERSO,Corporate,BEV,Gasolina,SKL,REST,Standard,TRANSPORTER,15
2026,02,TOYOTA,PROACE VERSO,Corporate,ICE,Gasolina,SKL,REST,Standard,TRANSPORTER,115
2026,02,TOYOTA,PROACE VERSO,Private,BEV,Gasolina,SKL,REST,Standard,TRANSPORTER,7
2026,02,TOYOTA,PROACE VERSO,Private,ICE,Gasolina,SKL,REST,Standard,TRANSPORTER,69
2026,02,TOYOTA,PROACE VERSO,RAC,ICE,Gasolina,SKL,REST,Standard,TRANSPORTER,14
2026,02,TOYOTA,RAV 4,Corporate,ICE,Gasolina/Electrico Enchufable,UKL2,REST,Standard,SAV,136
2026,02,TOYOTA,RAV 4,Corporate,PHEV,Gasolina/Electrico Enchufable,UKL2,REST,Standard,SAV,71
2026,02,TOYOTA,RAV 4,Private,ICE,Gasolina/Electrico Enchufable,UKL2,REST,Standard,SAV,188
2026,02,TOYOTA,RAV 4,Private,PHEV,Gasolina/Electrico Enchufable,UKL2,REST,Standard,SAV,60
2026,02,TOYOTA,RAV 4,RAC,ICE,Gasolina/Electrico Enchufable,UKL2,REST,Standard,SAV,16
2026,02,TOYOTA,YARIS,Corporate,ICE,Gasolina/Electrico,UKL1,REST,Standard,HACH 5P,254
2026,02,TOYOTA,YARIS,Private,ICE,Gasolina/Electrico,UKL1,REST,Standard,HACH 5P,646
2026,02,TOYOTA,YARIS,RAC,ICE,Gasolina/Electrico,UKL1,REST,Standard,HACH 5P,149
2026,02,TOYOTA,YARIS CROSS,Corporate,ICE,Gasolina/Electrico,UKL1,REST,Standard,SAV,253
2026,02,TOYOTA,YARIS CROSS,Private,ICE,Gasolina/Electrico,UKL1,REST,Standard,SAV,1656
2026,02,TOYOTA,YARIS CROSS,RAC,ICE,Gasolina/Electrico,UKL1,REST,Standard,SAV,127
2026,02,TRUCK DEAL,ND,Corporate,ICE,Diesel,,REST,Standard,,1
2026,02,ULTRAND,Q51,Corporate,ICE,Gasolina,,REST,Standard,,1
2026,02,ULTRAND,"X5,X5A,KQ53",Corporate,ICE,Gas Licuado con petroleo (GLP),,REST,Standard,,1
2026,02,ULTRAND,"X5,X5A,KQ53",Corporate,ICE,Gasolina,,REST,Standard,,2
2026,02,ULTRAND,"X5,X5A,KQ53",Private,ICE,Gas Licuado con petroleo (GLP),,REST,Standard,,1
2026,02,VALLOR,MAXUS DELIVER 9,Corporate,ICE,Diesel,,REST,Standard,,1
2026,02,VEMASUR,RANGER,Corporate,ICE,Diesel,,REST,Standard,,1
2026,02,VOLKSWAGEN,AMAROK,Corporate,ICE,Diesel,SKL,REST,Standard,PICKUP,110
2026,02,VOLKSWAGEN,AMAROK,Private,ICE,Diesel,SKL,REST,Standard,PICKUP,11
2026,02,VOLKSWAGEN,CADDY,Corporate,ICE,Gasolina/Electrico Enchufable,SKL,REST,Standard,TRANSPORTER,246
2026,02,VOLKSWAGEN,CADDY,Corporate,PHEV,Gasolina/Electrico Enchufable,SKL,REST,Standard,TRANSPORTER,52
2026,02,VOLKSWAGEN,CADDY,Private,ICE,Gasolina/Electrico Enchufable,SKL,REST,Standard,TRANSPORTER,84
2026,02,VOLKSWAGEN,CADDY,Private,PHEV,Gasolina/Electrico Enchufable,SKL,REST,Standard,TRANSPORTER,83
2026,02,VOLKSWAGEN,CADDY,RAC,ICE,Gasolina/Electrico Enchufable,SKL,REST,Standard,TRANSPORTER,43
2026,02,VOLKSWAGEN,CADDY,RAC,PHEV,Gasolina/Electrico Enchufable,SKL,REST,Standard,TRANSPORTER,92
2026,02,VOLKSWAGEN,CALIFORNIA,Corporate,ICE,Gasolina/Electrico Enchufable,SKL,REST,Standard,TRANSPORTER,15
2026,02,VOLKSWAGEN,CALIFORNIA,Corporate,PHEV,Gasolina/Electrico Enchufable,SKL,REST,Standard,TRANSPORTER,7
2026,02,VOLKSWAGEN,CALIFORNIA,Private,ICE,Gasolina/Electrico Enchufable,SKL,REST,Standard,TRANSPORTER,30
2026,02,VOLKSWAGEN,CALIFORNIA,Private,PHEV,Gasolina/Electrico Enchufable,SKL,REST,Standard,TRANSPORTER,5
2026,02,VOLKSWAGEN,CARAVELLE,Corporate,ICE,Gasolina/Electrico Enchufable,SKL,REST,Standard,TRANSPORTER,22
2026,02,VOLKSWAGEN,CARAVELLE,Private,ICE,Gasolina/Electrico Enchufable,SKL,REST,Standard,TRANSPORTER,11
2026,02,VOLKSWAGEN,CARAVELLE,RAC,ICE,Gasolina/Electrico Enchufable,SKL,REST,Standard,TRANSPORTER,3
2026,02,VOLKSWAGEN,CRAFTER,Corporate,ICE,Diesel,SKL,REST,Standard,TRANSPORTER,160
2026,02,VOLKSWAGEN,CRAFTER,Private,ICE,Diesel,SKL,REST,Standard,TRANSPORTER,52
2026,02,VOLKSWAGEN,CRAFTER,RAC,ICE,Diesel,SKL,REST,Standard,TRANSPORTER,42
2026,02,VOLKSWAGEN,CRFATER MULTICAB,Corporate,ICE,Diesel,,REST,Standard,,1
2026,02,VOLKSWAGEN,GOLF,Corporate,ICE,Gasolina/Electrico Enchufable,UKL2,REST,Standard,HACH 5P,202
2026,02,VOLKSWAGEN,GOLF,Corporate,PHEV,Gasolina/Electrico Enchufable,UKL2,REST,Standard,HACH 5P,58
2026,02,VOLKSWAGEN,GOLF,Private,ICE,Gasolina/Electrico Enchufable,UKL2,REST,Standard,HACH 5P,92
2026,02,VOLKSWAGEN,GOLF,Private,PHEV,Gasolina/Electrico Enchufable,UKL2,REST,Standard,HACH 5P,67
2026,02,VOLKSWAGEN,GOLF,RAC,ICE,Gasolina/Electrico Enchufable,UKL2,REST,Standard,HACH 5P,1
2026,02,VOLKSWAGEN,ID.3,Corporate,BEV,Electrico,UKL2,REST,Standard,HACH 5P,21
2026,02,VOLKSWAGEN,ID.3,Private,BEV,Electrico,UKL2,REST,Standard,HACH 5P,60
2026,02,VOLKSWAGEN,ID.4,Corporate,BEV,Electrico,UKL2,REST,Standard,SAV,85
2026,02,VOLKSWAGEN,ID.4,Private,BEV,Electrico,UKL2,REST,Standard,SAV,46
2026,02,VOLKSWAGEN,ID.5,Corporate,BEV,Electrico,UKL2,REST,Standard,SAV,3
2026,02,VOLKSWAGEN,ID.7,Corporate,BEV,Electrico,MKL,REST,Standard,SEDAN,6
2026,02,VOLKSWAGEN,ID.7,Private,BEV,Electrico,MKL,REST,Standard,SEDAN,6
2026,02,VOLKSWAGEN,ID.BUZZ,Corporate,BEV,Electrico,SKL,REST,Standard,TRANSPORTER,75
2026,02,VOLKSWAGEN,ID.BUZZ,Private,BEV,Electrico,SKL,REST,Standard,TRANSPORTER,34
2026,02,VOLKSWAGEN,MULTIVAN,Corporate,ICE,Gasolina/Electrico Enchufable,SKL,REST,Standard,TRANSPORTER,28
2026,02,VOLKSWAGEN,MULTIVAN,Corporate,PHEV,Gasolina/Electrico Enchufable,SKL,REST,Standard,TRANSPORTER,30
2026,02,VOLKSWAGEN,MULTIVAN,Private,ICE,Gasolina/Electrico Enchufable,SKL,REST,Standard,TRANSPORTER,23
2026,02,VOLKSWAGEN,MULTIVAN,Private,PHEV,Gasolina/Electrico Enchufable,SKL,REST,Standard,TRANSPORTER,23
2026,02,VOLKSWAGEN,MULTIVAN,RAC,ICE,Gasolina/Electrico Enchufable,SKL,REST,Standard,TRANSPORTER,52
2026,02,VOLKSWAGEN,MULTIVAN,RAC,PHEV,Gasolina/Electrico Enchufable,SKL,REST,Standard,TRANSPORTER,15
2026,02,VOLKSWAGEN,PASSAT,Corporate,ICE,Gasolina/Electrico Enchufable,KKL,REST,Standard,ESTATE,54
2026,02,VOLKSWAGEN,PASSAT,Corporate,PHEV,Gasolina/Electrico Enchufable,KKL,REST,Standard,ESTATE,6
2026,02,VOLKSWAGEN,PASSAT,RAC,PHEV,Gasolina/Electrico Enchufable,KKL,REST,Standard,ESTATE,4
2026,02,VOLKSWAGEN,POLO,Corporate,ICE,Gasolina,UKL1,REST,Standard,HACH 5P,107
2026,02,VOLKSWAGEN,POLO,Private,ICE,Gasolina,UKL1,REST,Standard,HACH 5P,112
2026,02,VOLKSWAGEN,POLO,RAC,ICE,Gasolina,UKL1,REST,Standard,HACH 5P,16
2026,02,VOLKSWAGEN,T-CROSS,Corporate,ICE,Gasolina,UKL1,REST,Standard,SAV,340
2026,02,VOLKSWAGEN,T-CROSS,Private,ICE,Gasolina,UKL1,REST,Standard,SAV,615
2026,02,VOLKSWAGEN,T-CROSS,RAC,ICE,Gasolina,UKL1,REST,Standard,SAV,223
2026,02,VOLKSWAGEN,T-ROC,Corporate,ICE,Gasolina Mild Hybrid,UKL2,REST,Standard,SAV,378
2026,02,VOLKSWAGEN,T-ROC,Private,ICE,Gasolina Mild Hybrid,UKL2,REST,Standard,SAV,594
2026,02,VOLKSWAGEN,T-ROC,RAC,ICE,Gasolina Mild Hybrid,UKL2,REST,Standard,SAV,606
2026,02,VOLKSWAGEN,TAIGO,Corporate,ICE,Gasolina,UKL1,REST,Standard,SAV,183
2026,02,VOLKSWAGEN,TAIGO,Private,ICE,Gasolina,UKL1,REST,Standard,SAV,275
2026,02,VOLKSWAGEN,TAIGO,RAC,ICE,Gasolina,UKL1,REST,Standard,SAV,290
2026,02,VOLKSWAGEN,TAYRON,Corporate,ICE,Gasolina/Electrico Enchufable,UKL2,REST,Standard,SAV,73
2026,02,VOLKSWAGEN,TAYRON,Corporate,PHEV,Gasolina/Electrico Enchufable,UKL2,REST,Standard,SAV,19
2026,02,VOLKSWAGEN,TAYRON,Private,ICE,Gasolina/Electrico Enchufable,UKL2,REST,Standard,SAV,37
2026,02,VOLKSWAGEN,TAYRON,Private,PHEV,Gasolina/Electrico Enchufable,UKL2,REST,Standard,SAV,25
2026,02,VOLKSWAGEN,TIGUAN,Corporate,ICE,Gasolina/Electrico Enchufable,UKL2,REST,Standard,SAV,540
2026,02,VOLKSWAGEN,TIGUAN,Corporate,PHEV,Gasolina/Electrico Enchufable,UKL2,REST,Standard,SAV,155
2026,02,VOLKSWAGEN,TIGUAN,Private,ICE,Gasolina/Electrico Enchufable,UKL2,REST,Standard,SAV,244
2026,02,VOLKSWAGEN,TIGUAN,Private,PHEV,Gasolina/Electrico Enchufable,UKL2,REST,Standard,SAV,84
2026,02,VOLKSWAGEN,TIGUAN,RAC,ICE,Gasolina/Electrico Enchufable,UKL2,REST,Standard,SAV,74
2026,02,VOLKSWAGEN,TOUAREG,Corporate,ICE,Gasolina/Electrico Enchufable,MKL,REST,Standard,SAV,11
2026,02,VOLKSWAGEN,TOUAREG,Corporate,PHEV,Gasolina/Electrico Enchufable,MKL,REST,Standard,SAV,9
2026,02,VOLKSWAGEN,TOUAREG,Private,ICE,Gasolina/Electrico Enchufable,MKL,REST,Standard,SAV,3
2026,02,VOLKSWAGEN,TOUAREG,Private,PHEV,Gasolina/Electrico Enchufable,MKL,REST,Standard,SAV,2
2026,02,VOLKSWAGEN,TOURAN,Corporate,ICE,Gasolina,UKL2,REST,Standard,MPV,22
2026,02,VOLKSWAGEN,TOURAN,Private,ICE,Gasolina,UKL2,REST,Standard,MPV,47
2026,02,VOLKSWAGEN,TOURAN,RAC,ICE,Gasolina,UKL2,REST,Standard,MPV,67
2026,02,VOLKSWAGEN,TRANSPORTER,Corporate,BEV,Gasolina/Electrico Enchufable,SKL,REST,Standard,TRANSPORTER,1
2026,02,VOLKSWAGEN,TRANSPORTER,Corporate,ICE,Gasolina/Electrico Enchufable,SKL,REST,Standard,TRANSPORTER,169
2026,02,VOLKSWAGEN,TRANSPORTER,Private,ICE,Gasolina/Electrico Enchufable,SKL,REST,Standard,TRANSPORTER,54
2026,02,VOLKSWAGEN,TRANSPORTER,RAC,ICE,Gasolina/Electrico Enchufable,SKL,REST,Standard,TRANSPORTER,2
2026,02,VOLQUETES GONZALVEZ,M27F GENERATION 2,Corporate,ICE,Diesel,,REST,Standard,,1
2026,02,VOLVO,EC40,Corporate,BEV,Electrico,UKL2,FOCUS SEGMENT,Standard,SAV,1
2026,02,VOLVO,EC40,Private,BEV,Electrico,UKL2,FOCUS SEGMENT,Standard,SAV,4
2026,02,VOLVO,ES90,Corporate,BEV,Electrico,MKL,FOCUS SEGMENT,Standard,SEDAN,11
2026,02,VOLVO,EX30,Corporate,BEV,Electrico,UKL1,FOCUS SEGMENT,Standard,SAV,35
2026,02,VOLVO,EX30,Private,BEV,Electrico,UKL1,FOCUS SEGMENT,Standard,SAV,80
2026,02,VOLVO,EX40,Corporate,BEV,Electrico,UKL2,FOCUS SEGMENT,Standard,SAV,12
2026,02,VOLVO,EX40,Private,BEV,Electrico,UKL2,FOCUS SEGMENT,Standard,SAV,6
2026,02,VOLVO,EX90,Corporate,BEV,Electrico,MKL,FOCUS SEGMENT,Standard,SAV,2
2026,02,VOLVO,EX90,Private,BEV,Electrico,MKL,FOCUS SEGMENT,Standard,SAV,3
2026,02,VOLVO,V60,Corporate,ICE,Gasolina/Electrico Enchufable,KKL,FOCUS SEGMENT,Standard,ESTATE,7
2026,02,VOLVO,V60,Corporate,PHEV,Gasolina/Electrico Enchufable,KKL,FOCUS SEGMENT,Standard,ESTATE,21
2026,02,VOLVO,V60,Private,ICE,Gasolina/Electrico Enchufable,KKL,FOCUS SEGMENT,Standard,ESTATE,9
2026,02,VOLVO,V60,Private,PHEV,Gasolina/Electrico Enchufable,KKL,FOCUS SEGMENT,Standard,ESTATE,1
2026,02,VOLVO,XC40,Corporate,ICE,Gasolina Mild Hybrid,UKL2,FOCUS SEGMENT,Standard,SAV,154
2026,02,VOLVO,XC40,Private,ICE,Gasolina Mild Hybrid,UKL2,FOCUS SEGMENT,Standard,SAV,128
2026,02,VOLVO,XC40,RAC,ICE,Gasolina Mild Hybrid,UKL2,FOCUS SEGMENT,Standard,SAV,137
2026,02,VOLVO,XC60,Corporate,ICE,Gasolina/Electrico Enchufable,KKL,FOCUS SEGMENT,Standard,SAV,68
2026,02,VOLVO,XC60,Corporate,PHEV,Gasolina/Electrico Enchufable,KKL,FOCUS SEGMENT,Standard,SAV,110
2026,02,VOLVO,XC60,Private,ICE,Gasolina/Electrico Enchufable,KKL,FOCUS SEGMENT,Standard,SAV,54
2026,02,VOLVO,XC60,Private,PHEV,Gasolina/Electrico Enchufable,KKL,FOCUS SEGMENT,Standard,SAV,10
2026,02,VOLVO,XC60,RAC,ICE,Gasolina/Electrico Enchufable,KKL,FOCUS SEGMENT,Standard,SAV,17
2026,02,VOLVO,XC90,Corporate,ICE,Gasolina/Electrico Enchufable,MKL,FOCUS SEGMENT,Standard,SAV,17
2026,02,VOLVO,XC90,Corporate,PHEV,Gasolina/Electrico Enchufable,MKL,FOCUS SEGMENT,Standard,SAV,46
2026,02,VOLVO,XC90,Private,ICE,Gasolina/Electrico Enchufable,MKL,FOCUS SEGMENT,Standard,SAV,8
2026,02,VOLVO,XC90,Private,PHEV,Gasolina/Electrico Enchufable,MKL,FOCUS SEGMENT,Standard,SAV,10
2026,02,VOLVO,XC90,RAC,ICE,Gasolina/Electrico Enchufable,MKL,FOCUS SEGMENT,Standard,SAV,1
2026,02,VOLVO,XC90,RAC,PHEV,Gasolina/Electrico Enchufable,MKL,FOCUS SEGMENT,Standard,SAV,9
2026,02,VOYAH,FREE,Corporate,BEV,Electrico,KKL,REST,Standard,SAV,5
2026,02,VSVE,RANGER,Corporate,ICE,Diesel,,REST,Standard,,6
2026,02,VSVE,RANGER,RAC,ICE,Diesel,,REST,Standard,,5
2026,02,XPENG,G6,Corporate,BEV,Electrico,KKL,FOCUS SEGMENT,Standard,SAV,14
2026,02,XPENG,G6,Private,BEV,Electrico,KKL,FOCUS SEGMENT,Standard,SAV,91
2026,02,XPENG,G9,Corporate,BEV,Electrico,MKL,FOCUS SEGMENT,Standard,SAV,4
2026,02,XPENG,G9,Private,BEV,Electrico,MKL,FOCUS SEGMENT,Standard,SAV,4
2026,02,ZAGO AUTOMOTIVE,C3 VAN ZAGO,Corporate,ICE,Gasolina,,REST,Standard,,4
2026,02,ZAGO AUTOMOTIVE,RENAULT 5 E-TECH,Corporate,BEV,Electrico,,REST,Standard,,1
2026,02,ZAGO AUTOMOTIVE,TRANSPORTER,Corporate,ICE,Diesel,,REST,Standard,,1
