anyo,mes,marca,cod_prov,provincia,canal,fuel_type,subseg,hp,count
2024,11,ALFA ROMEO,01,Álava,Private,ICE,REST,Standard,1
2024,11,AUDI,01,Álava,Corporate,PHEV,FOCUS SEGMENT,Standard,1
2024,11,AUDI,01,Álava,Private,BEV,FOCUS SEGMENT,Standard,1
2024,11,AUDI,01,Álava,Private,ICE,FOCUS SEGMENT,Standard,4
2024,11,BMW,01,Álava,Corporate,ICE,FOCUS SEGMENT,Standard,10
2024,11,BMW,01,Álava,Corporate,PHEV,FOCUS SEGMENT,Standard,1
2024,11,BMW,01,Álava,Private,ICE,FOCUS SEGMENT,Standard,3
2024,11,BYD,01,Álava,Private,BEV,REST,Standard,1
2024,11,BYD,01,Álava,Private,PHEV,REST,Standard,1
2024,11,CITROEN,01,Álava,Corporate,BEV,REST,Standard,2
2024,11,CITROEN,01,Álava,Corporate,ICE,REST,Standard,29
2024,11,CITROEN,01,Álava,Private,BEV,REST,Standard,1
2024,11,CITROEN,01,Álava,Private,ICE,REST,Standard,6
2024,11,CUPRA,01,Álava,Corporate,ICE,REST,Standard,1
2024,11,CUPRA,01,Álava,Corporate,PHEV,REST,Standard,2
2024,11,CUPRA,01,Álava,Private,ICE,REST,Standard,3
2024,11,CUPRA,01,Álava,Private,PHEV,REST,Standard,1
2024,11,DACIA,01,Álava,Corporate,BEV,REST,Standard,1
2024,11,DACIA,01,Álava,Corporate,ICE,REST,Standard,4
2024,11,DACIA,01,Álava,Private,ICE,REST,Standard,14
2024,11,EVO,01,Álava,Corporate,ICE,REST,Standard,1
2024,11,EVO,01,Álava,Private,ICE,REST,Standard,1
2024,11,FIAT,01,Álava,Corporate,ICE,REST,Standard,2
2024,11,FORD,01,Álava,Corporate,BEV,REST,Standard,1
2024,11,FORD,01,Álava,Corporate,ICE,REST,Standard,10
2024,11,FORD,01,Álava,Private,ICE,REST,Standard,7
2024,11,HONDA,01,Álava,Private,ICE,REST,Standard,4
2024,11,HYUNDAI,01,Álava,Corporate,ICE,REST,Standard,1
2024,11,HYUNDAI,01,Álava,Corporate,PHEV,REST,Standard,16
2024,11,HYUNDAI,01,Álava,Private,BEV,REST,Standard,1
2024,11,HYUNDAI,01,Álava,Private,ICE,REST,Standard,45
2024,11,HYUNDAI,01,Álava,Private,PHEV,REST,Standard,3
2024,11,JAECOO,01,Álava,Private,ICE,REST,Standard,4
2024,11,JEEP,01,Álava,Corporate,PHEV,REST,Standard,1
2024,11,KIA,01,Álava,Private,BEV,REST,Standard,1
2024,11,KIA,01,Álava,Private,ICE,REST,Standard,2
2024,11,LEAPMOTOR,01,Álava,Private,BEV,REST,Standard,1
2024,11,LEXUS,01,Álava,Private,ICE,FOCUS SEGMENT,Standard,1
2024,11,LIVAN,01,Álava,Corporate,ICE,REST,Standard,1
2024,11,MAZDA,01,Álava,Private,ICE,REST,Standard,15
2024,11,MERCEDES,01,Álava,Corporate,ICE,FOCUS SEGMENT,Standard,2
2024,11,MERCEDES,01,Álava,Corporate,ICE,REST,Standard,1
2024,11,MERCEDES,01,Álava,Corporate,PHEV,FOCUS SEGMENT,M Performance,1
2024,11,MERCEDES,01,Álava,Corporate,PHEV,FOCUS SEGMENT,Standard,4
2024,11,MERCEDES,01,Álava,Private,BEV,FOCUS SEGMENT,Standard,1
2024,11,MERCEDES,01,Álava,Private,ICE,FOCUS SEGMENT,Standard,3
2024,11,MERCEDES,01,Álava,Private,PHEV,FOCUS SEGMENT,Standard,1
2024,11,MG,01,Álava,Corporate,BEV,REST,Standard,2
2024,11,MG,01,Álava,Corporate,ICE,REST,Standard,1
2024,11,MG,01,Álava,Private,BEV,REST,Standard,2
2024,11,MG,01,Álava,Private,ICE,REST,Standard,9
2024,11,MINI,01,Álava,Corporate,ICE,FOCUS SEGMENT,Standard,1
2024,11,MINI,01,Álava,Private,BEV,FOCUS SEGMENT,Standard,1
2024,11,MITSUBISHI,01,Álava,Private,ICE,REST,Standard,4
2024,11,MITSUBISHI,01,Álava,Private,PHEV,REST,Standard,1
2024,11,NISSAN,01,Álava,Corporate,ICE,REST,Standard,9
2024,11,NISSAN,01,Álava,Private,ICE,REST,Standard,9
2024,11,OMODA,01,Álava,Private,BEV,REST,Standard,2
2024,11,OMODA,01,Álava,Private,ICE,REST,Standard,11
2024,11,OPEL,01,Álava,Corporate,ICE,REST,Standard,5
2024,11,OPEL,01,Álava,Private,ICE,REST,Standard,2
2024,11,PEUGEOT,01,Álava,Corporate,ICE,REST,Standard,4
2024,11,PEUGEOT,01,Álava,Private,ICE,REST,Standard,7
2024,11,PEUGEOT,01,Álava,Private,PHEV,REST,Standard,1
2024,11,RENAULT,01,Álava,Corporate,ICE,REST,Standard,49
2024,11,RENAULT,01,Álava,Corporate,PHEV,REST,Standard,1
2024,11,RENAULT,01,Álava,Private,ICE,REST,Standard,12
2024,11,RENAULT,01,Álava,Private,PHEV,REST,Standard,1
2024,11,SEAT,01,Álava,Corporate,ICE,REST,Standard,1
2024,11,SEAT,01,Álava,Private,ICE,REST,Standard,6
2024,11,SHINERAY,01,Álava,Private,ICE,REST,Standard,2
2024,11,SIN MARCA,01,Álava,Corporate,PHEV,REST,Standard,1
2024,11,SKODA,01,Álava,Corporate,ICE,REST,Standard,1
2024,11,SKODA,01,Álava,Private,ICE,REST,Standard,4
2024,11,SKODA,01,Álava,Private,PHEV,REST,Standard,2
2024,11,SUZUKI,01,Álava,Private,ICE,REST,Standard,5
2024,11,TESLA,01,Álava,Corporate,BEV,FOCUS SEGMENT,Standard,1
2024,11,TESLA,01,Álava,Private,BEV,FOCUS SEGMENT,Standard,12
2024,11,TOYOTA,01,Álava,Corporate,ICE,REST,Standard,8
2024,11,TOYOTA,01,Álava,Corporate,PHEV,REST,Standard,1
2024,11,TOYOTA,01,Álava,Private,ICE,REST,Standard,38
2024,11,TOYOTA,01,Álava,Private,PHEV,REST,Standard,5
2024,11,VOLKSWAGEN,01,Álava,Corporate,ICE,REST,Standard,2
2024,11,VOLKSWAGEN,01,Álava,Private,ICE,REST,Standard,4
2024,11,VOLVO,01,Álava,Private,BEV,FOCUS SEGMENT,Standard,1
2024,11,VOLVO,01,Álava,Private,ICE,FOCUS SEGMENT,Standard,4
2024,11,ALFA ROMEO,02,Albacete,Corporate,ICE,REST,Standard,21
2024,11,AUDI,02,Albacete,Private,ICE,FOCUS SEGMENT,Standard,7
2024,11,BMW,02,Albacete,Corporate,ICE,FOCUS SEGMENT,Standard,6
2024,11,BMW,02,Albacete,Private,BEV,FOCUS SEGMENT,Standard,1
2024,11,BMW,02,Albacete,Private,ICE,FOCUS SEGMENT,Standard,11
2024,11,CITROEN,02,Albacete,Corporate,ICE,REST,Standard,2
2024,11,CITROEN,02,Albacete,Corporate,PHEV,REST,Standard,1
2024,11,CITROEN,02,Albacete,Private,ICE,REST,Standard,4
2024,11,CUPRA,02,Albacete,Corporate,BEV,REST,Standard,1
2024,11,CUPRA,02,Albacete,Private,ICE,REST,Standard,4
2024,11,CUPRA,02,Albacete,Private,PHEV,REST,Standard,1
2024,11,DACIA,02,Albacete,Corporate,ICE,REST,Standard,2
2024,11,DACIA,02,Albacete,Private,ICE,REST,Standard,25
2024,11,EVO,02,Albacete,Corporate,ICE,REST,Standard,1
2024,11,FIAT,02,Albacete,Private,BEV,REST,Standard,1
2024,11,FIAT,02,Albacete,Private,ICE,REST,Standard,1
2024,11,FORD,02,Albacete,Corporate,ICE,REST,Standard,5
2024,11,FORD,02,Albacete,Private,ICE,REST,Standard,3
2024,11,HONDA,02,Albacete,Private,ICE,REST,Standard,1
2024,11,HYUNDAI,02,Albacete,Corporate,ICE,REST,Standard,3
2024,11,HYUNDAI,02,Albacete,Private,BEV,REST,Standard,1
2024,11,HYUNDAI,02,Albacete,Private,ICE,REST,Standard,26
2024,11,HYUNDAI,02,Albacete,Private,PHEV,REST,Standard,1
2024,11,JAECOO,02,Albacete,Corporate,ICE,REST,Standard,1
2024,11,JAECOO,02,Albacete,Private,ICE,REST,Standard,2
2024,11,JEEP,02,Albacete,Corporate,BEV,REST,Standard,1
2024,11,JEEP,02,Albacete,Corporate,ICE,REST,Standard,13
2024,11,JEEP,02,Albacete,Private,PHEV,REST,Standard,1
2024,11,KIA,02,Albacete,Corporate,BEV,REST,Standard,1
2024,11,KIA,02,Albacete,Corporate,ICE,REST,Standard,2
2024,11,KIA,02,Albacete,Private,BEV,REST,Standard,2
2024,11,KIA,02,Albacete,Private,ICE,REST,Standard,11
2024,11,KIA,02,Albacete,Private,PHEV,REST,Standard,1
2024,11,LAND ROVER,02,Albacete,Private,PHEV,FOCUS SEGMENT,Standard,1
2024,11,MAZDA,02,Albacete,Corporate,ICE,REST,Standard,2
2024,11,MAZDA,02,Albacete,Private,ICE,REST,Standard,9
2024,11,MERCEDES,02,Albacete,Corporate,BEV,FOCUS SEGMENT,Standard,1
2024,11,MERCEDES,02,Albacete,Corporate,ICE,FOCUS SEGMENT,Standard,12
2024,11,MERCEDES,02,Albacete,Corporate,ICE,REST,Standard,1
2024,11,MERCEDES,02,Albacete,Corporate,PHEV,FOCUS SEGMENT,Standard,4
2024,11,MERCEDES,02,Albacete,Private,BEV,FOCUS SEGMENT,Standard,1
2024,11,MERCEDES,02,Albacete,Private,ICE,FOCUS SEGMENT,Standard,4
2024,11,MG,02,Albacete,Corporate,ICE,REST,Standard,1
2024,11,MG,02,Albacete,Private,ICE,REST,Standard,13
2024,11,MITSUBISHI,02,Albacete,Corporate,PHEV,REST,Standard,1
2024,11,MITSUBISHI,02,Albacete,Private,ICE,REST,Standard,1
2024,11,NISSAN,02,Albacete,Corporate,ICE,REST,Standard,1
2024,11,NISSAN,02,Albacete,Private,ICE,REST,Standard,9
2024,11,OMODA,02,Albacete,Private,ICE,REST,Standard,12
2024,11,OPEL,02,Albacete,Corporate,ICE,REST,Standard,1
2024,11,OPEL,02,Albacete,Private,ICE,REST,Standard,1
2024,11,PEUGEOT,02,Albacete,Corporate,ICE,REST,Standard,3
2024,11,PEUGEOT,02,Albacete,Private,ICE,REST,Standard,4
2024,11,RENAULT,02,Albacete,Corporate,BEV,REST,Standard,1
2024,11,RENAULT,02,Albacete,Corporate,ICE,REST,Standard,3
2024,11,RENAULT,02,Albacete,Corporate,PHEV,REST,Standard,1
2024,11,RENAULT,02,Albacete,Private,ICE,REST,Standard,10
2024,11,SEAT,02,Albacete,Corporate,ICE,REST,Standard,3
2024,11,SEAT,02,Albacete,Private,ICE,REST,Standard,16
2024,11,SKODA,02,Albacete,Corporate,BEV,REST,Standard,1
2024,11,SKODA,02,Albacete,Corporate,ICE,REST,Standard,4
2024,11,SKODA,02,Albacete,Corporate,PHEV,REST,Standard,1
2024,11,SKODA,02,Albacete,Private,ICE,REST,Standard,16
2024,11,SKODA,02,Albacete,Private,PHEV,REST,Standard,1
2024,11,SUBARU,02,Albacete,Private,ICE,REST,Standard,1
2024,11,TESLA,02,Albacete,Private,BEV,FOCUS SEGMENT,Standard,6
2024,11,TOYOTA,02,Albacete,Corporate,ICE,REST,Standard,7
2024,11,TOYOTA,02,Albacete,Private,ICE,REST,Standard,18
2024,11,TOYOTA,02,Albacete,Private,PHEV,REST,Standard,1
2024,11,VOLKSWAGEN,02,Albacete,Private,ICE,REST,Standard,24
2024,11,VOLVO,02,Albacete,Corporate,BEV,FOCUS SEGMENT,Standard,1
2024,11,VOLVO,02,Albacete,Corporate,ICE,FOCUS SEGMENT,Standard,2
2024,11,VOLVO,02,Albacete,Private,BEV,FOCUS SEGMENT,Standard,1
2024,11,VOLVO,02,Albacete,Private,ICE,FOCUS SEGMENT,Standard,5
2024,11,ASTON MARTIN,03,Alicante,Private,ICE,FOCUS SEGMENT,Standard,1
2024,11,AUDI,03,Alicante,Corporate,ICE,FOCUS SEGMENT,Standard,22
2024,11,AUDI,03,Alicante,Corporate,PHEV,FOCUS SEGMENT,Standard,2
2024,11,AUDI,03,Alicante,Private,BEV,FOCUS SEGMENT,Standard,2
2024,11,AUDI,03,Alicante,Private,ICE,FOCUS SEGMENT,Standard,26
2024,11,AUDI,03,Alicante,Private,PHEV,FOCUS SEGMENT,Standard,3
2024,11,BMW,03,Alicante,Corporate,BEV,FOCUS SEGMENT,Standard,5
2024,11,BMW,03,Alicante,Corporate,ICE,FOCUS SEGMENT,M Performance,1
2024,11,BMW,03,Alicante,Corporate,ICE,FOCUS SEGMENT,Standard,60
2024,11,BMW,03,Alicante,Corporate,PHEV,FOCUS SEGMENT,M,2
2024,11,BMW,03,Alicante,Corporate,PHEV,FOCUS SEGMENT,Standard,1
2024,11,BMW,03,Alicante,Private,BEV,FOCUS SEGMENT,Standard,12
2024,11,BMW,03,Alicante,Private,ICE,FOCUS SEGMENT,M Performance,4
2024,11,BMW,03,Alicante,Private,ICE,FOCUS SEGMENT,Standard,65
2024,11,BMW,03,Alicante,Private,PHEV,FOCUS SEGMENT,Standard,2
2024,11,BYD,03,Alicante,Corporate,PHEV,REST,Standard,2
2024,11,BYD,03,Alicante,Private,BEV,REST,Standard,2
2024,11,BYD,03,Alicante,Private,PHEV,REST,Standard,6
2024,11,CITROEN,03,Alicante,Corporate,ICE,REST,Standard,17
2024,11,CITROEN,03,Alicante,Private,BEV,REST,Standard,4
2024,11,CITROEN,03,Alicante,Private,ICE,REST,Standard,34
2024,11,CITROEN,03,Alicante,RAC,ICE,REST,Standard,14
2024,11,CUPRA,03,Alicante,Corporate,BEV,REST,Standard,2
2024,11,CUPRA,03,Alicante,Corporate,ICE,REST,Standard,3
2024,11,CUPRA,03,Alicante,Corporate,PHEV,REST,Standard,4
2024,11,CUPRA,03,Alicante,Private,ICE,REST,Standard,18
2024,11,CUPRA,03,Alicante,Private,PHEV,REST,Standard,1
2024,11,DACIA,03,Alicante,Corporate,ICE,REST,Standard,9
2024,11,DACIA,03,Alicante,Private,BEV,REST,Standard,2
2024,11,DACIA,03,Alicante,Private,ICE,REST,Standard,168
2024,11,DFSK,03,Alicante,Private,ICE,,Standard,1
2024,11,DFSK,03,Alicante,Private,PHEV,REST,Standard,2
2024,11,EVO,03,Alicante,Corporate,ICE,REST,Standard,2
2024,11,FIAT,03,Alicante,Private,ICE,REST,Standard,2
2024,11,FORD,03,Alicante,Corporate,BEV,REST,Standard,7
2024,11,FORD,03,Alicante,Corporate,ICE,REST,Standard,21
2024,11,FORD,03,Alicante,Corporate,PHEV,REST,Standard,1
2024,11,FORD,03,Alicante,Private,BEV,REST,Standard,3
2024,11,FORD,03,Alicante,Private,ICE,REST,Standard,68
2024,11,FORD,03,Alicante,Private,PHEV,REST,Standard,4
2024,11,HONDA,03,Alicante,Corporate,ICE,REST,Standard,1
2024,11,HONDA,03,Alicante,Private,ICE,REST,Standard,13
2024,11,HYUNDAI,03,Alicante,Corporate,ICE,REST,Standard,8
2024,11,HYUNDAI,03,Alicante,Private,BEV,REST,Standard,2
2024,11,HYUNDAI,03,Alicante,Private,ICE,REST,Standard,160
2024,11,HYUNDAI,03,Alicante,Private,PHEV,REST,Standard,3
2024,11,HYUNDAI,03,Alicante,RAC,ICE,REST,Standard,4
2024,11,JAECOO,03,Alicante,Corporate,ICE,REST,Standard,2
2024,11,JAECOO,03,Alicante,Private,ICE,REST,Standard,14
2024,11,JEEP,03,Alicante,Corporate,ICE,REST,Standard,1
2024,11,JEEP,03,Alicante,Private,BEV,REST,Standard,1
2024,11,JEEP,03,Alicante,Private,ICE,REST,Standard,6
2024,11,JEEP,03,Alicante,Private,PHEV,REST,Standard,1
2024,11,KG MOBILITY,03,Alicante,Private,ICE,REST,Standard,5
2024,11,KIA,03,Alicante,Corporate,ICE,REST,Standard,7
2024,11,KIA,03,Alicante,Corporate,PHEV,REST,Standard,1
2024,11,KIA,03,Alicante,Private,BEV,REST,Standard,6
2024,11,KIA,03,Alicante,Private,ICE,REST,Standard,127
2024,11,KIA,03,Alicante,Private,PHEV,REST,Standard,5
2024,11,LAND ROVER,03,Alicante,Corporate,ICE,FOCUS SEGMENT,Standard,2
2024,11,LAND ROVER,03,Alicante,Corporate,PHEV,FOCUS SEGMENT,Standard,2
2024,11,LAND ROVER,03,Alicante,Private,PHEV,FOCUS SEGMENT,Standard,2
2024,11,LEAPMOTOR,03,Alicante,Corporate,BEV,REST,Standard,3
2024,11,LEXUS,03,Alicante,Corporate,ICE,FOCUS SEGMENT,Standard,3
2024,11,LEXUS,03,Alicante,Corporate,PHEV,FOCUS SEGMENT,Standard,2
2024,11,LEXUS,03,Alicante,Private,ICE,FOCUS SEGMENT,Standard,17
2024,11,LEXUS,03,Alicante,Private,PHEV,FOCUS SEGMENT,Standard,1
2024,11,LOTUS,03,Alicante,Private,ICE,FOCUS SEGMENT,Standard,1
2024,11,MASERATI,03,Alicante,Corporate,ICE,FOCUS SEGMENT,Standard,2
2024,11,MASERATI,03,Alicante,Private,ICE,FOCUS SEGMENT,Standard,1
2024,11,MAZDA,03,Alicante,Corporate,ICE,REST,Standard,7
2024,11,MAZDA,03,Alicante,Corporate,PHEV,REST,Standard,1
2024,11,MAZDA,03,Alicante,Private,ICE,REST,Standard,27
2024,11,MAZDA,03,Alicante,Private,PHEV,REST,Standard,1
2024,11,MERCEDES,03,Alicante,Corporate,BEV,FOCUS SEGMENT,Standard,1
2024,11,MERCEDES,03,Alicante,Corporate,ICE,FOCUS SEGMENT,Standard,34
2024,11,MERCEDES,03,Alicante,Corporate,ICE,REST,Standard,5
2024,11,MERCEDES,03,Alicante,Corporate,PHEV,FOCUS SEGMENT,M Performance,2
2024,11,MERCEDES,03,Alicante,Corporate,PHEV,FOCUS SEGMENT,Standard,13
2024,11,MERCEDES,03,Alicante,Private,BEV,FOCUS SEGMENT,Standard,7
2024,11,MERCEDES,03,Alicante,Private,ICE,FOCUS SEGMENT,M,3
2024,11,MERCEDES,03,Alicante,Private,ICE,FOCUS SEGMENT,Standard,34
2024,11,MERCEDES,03,Alicante,Private,ICE,REST,Standard,2
2024,11,MERCEDES,03,Alicante,Private,PHEV,FOCUS SEGMENT,Standard,15
2024,11,MG,03,Alicante,Corporate,BEV,REST,Standard,1
2024,11,MG,03,Alicante,Private,BEV,REST,Standard,12
2024,11,MG,03,Alicante,Private,ICE,REST,Standard,107
2024,11,MG,03,Alicante,Private,PHEV,REST,Standard,7
2024,11,MINI,03,Alicante,Corporate,BEV,FOCUS SEGMENT,Standard,2
2024,11,MINI,03,Alicante,Corporate,ICE,FOCUS SEGMENT,Standard,11
2024,11,MINI,03,Alicante,Private,BEV,FOCUS SEGMENT,Standard,7
2024,11,MINI,03,Alicante,Private,ICE,FOCUS SEGMENT,Standard,8
2024,11,MITSUBISHI,03,Alicante,Corporate,ICE,REST,Standard,5
2024,11,MITSUBISHI,03,Alicante,Corporate,PHEV,REST,Standard,2
2024,11,MITSUBISHI,03,Alicante,Private,ICE,REST,Standard,10
2024,11,MITSUBISHI,03,Alicante,Private,PHEV,REST,Standard,2
2024,11,NISSAN,03,Alicante,Corporate,ICE,REST,Standard,2
2024,11,NISSAN,03,Alicante,Private,ICE,REST,Standard,56
2024,11,NISSAN,03,Alicante,RAC,ICE,REST,Standard,3
2024,11,OMODA,03,Alicante,Corporate,ICE,REST,Standard,2
2024,11,OMODA,03,Alicante,Private,BEV,REST,Standard,2
2024,11,OMODA,03,Alicante,Private,ICE,REST,Standard,42
2024,11,OPEL,03,Alicante,Corporate,ICE,REST,Standard,36
2024,11,OPEL,03,Alicante,Private,BEV,REST,Standard,2
2024,11,OPEL,03,Alicante,Private,ICE,REST,Standard,34
2024,11,OPEL,03,Alicante,Private,PHEV,REST,Standard,2
2024,11,PEUGEOT,03,Alicante,Corporate,ICE,REST,Standard,22
2024,11,PEUGEOT,03,Alicante,Private,BEV,REST,Standard,3
2024,11,PEUGEOT,03,Alicante,Private,ICE,REST,Standard,59
2024,11,PEUGEOT,03,Alicante,Private,PHEV,REST,Standard,2
2024,11,PEUGEOT,03,Alicante,RAC,ICE,REST,Standard,14
2024,11,POLESTAR,03,Alicante,Private,BEV,FOCUS SEGMENT,Standard,1
2024,11,PORSCHE,03,Alicante,Corporate,BEV,FOCUS SEGMENT,Standard,1
2024,11,PORSCHE,03,Alicante,Corporate,PHEV,FOCUS SEGMENT,Standard,1
2024,11,PORSCHE,03,Alicante,Private,BEV,FOCUS SEGMENT,M Performance,2
2024,11,PORSCHE,03,Alicante,Private,BEV,FOCUS SEGMENT,Standard,3
2024,11,PORSCHE,03,Alicante,Private,ICE,FOCUS SEGMENT,M,1
2024,11,PORSCHE,03,Alicante,Private,ICE,FOCUS SEGMENT,Standard,2
2024,11,RENAULT,03,Alicante,Corporate,BEV,REST,Standard,6
2024,11,RENAULT,03,Alicante,Corporate,ICE,REST,Standard,35
2024,11,RENAULT,03,Alicante,Corporate,PHEV,REST,Standard,3
2024,11,RENAULT,03,Alicante,Private,ICE,REST,Standard,92
2024,11,RENAULT,03,Alicante,Private,PHEV,REST,Standard,3
2024,11,SEAT,03,Alicante,Corporate,ICE,REST,Standard,34
2024,11,SEAT,03,Alicante,Private,ICE,REST,Standard,113
2024,11,SEAT,03,Alicante,Private,PHEV,REST,Standard,1
2024,11,SHINERAY,03,Alicante,Private,ICE,REST,Standard,2
2024,11,SIN MARCA,03,Alicante,Corporate,ICE,REST,Standard,2
2024,11,SKODA,03,Alicante,Corporate,ICE,REST,Standard,10
2024,11,SKODA,03,Alicante,Private,BEV,REST,Standard,1
2024,11,SKODA,03,Alicante,Private,ICE,REST,Standard,63
2024,11,SKODA,03,Alicante,Private,PHEV,REST,Standard,1
2024,11,SKODA,03,Alicante,RAC,ICE,REST,Standard,10
2024,11,SMART,03,Alicante,Private,BEV,FOCUS SEGMENT,Standard,1
2024,11,SSANGYONG,03,Alicante,Corporate,ICE,REST,Standard,1
2024,11,SSANGYONG,03,Alicante,Private,ICE,REST,Standard,2
2024,11,SUBARU,03,Alicante,Corporate,ICE,REST,Standard,1
2024,11,SUZUKI,03,Alicante,Private,ICE,REST,Standard,18
2024,11,TESLA,03,Alicante,Corporate,BEV,FOCUS SEGMENT,Standard,2
2024,11,TESLA,03,Alicante,Private,BEV,FOCUS SEGMENT,Standard,81
2024,11,TOYOTA,03,Alicante,Corporate,ICE,REST,Standard,7
2024,11,TOYOTA,03,Alicante,Private,ICE,REST,Standard,141
2024,11,TOYOTA,03,Alicante,Private,PHEV,REST,Standard,7
2024,11,VOLKSWAGEN,03,Alicante,Corporate,ICE,REST,Standard,39
2024,11,VOLKSWAGEN,03,Alicante,Private,BEV,REST,Standard,1
2024,11,VOLKSWAGEN,03,Alicante,Private,ICE,REST,Standard,121
2024,11,VOLKSWAGEN,03,Alicante,Private,PHEV,REST,Standard,3
2024,11,VOLVO,03,Alicante,Corporate,ICE,FOCUS SEGMENT,Standard,1
2024,11,VOLVO,03,Alicante,Private,BEV,FOCUS SEGMENT,Standard,1
2024,11,VOLVO,03,Alicante,Private,ICE,FOCUS SEGMENT,Standard,7
2024,11,VOLVO,03,Alicante,Private,PHEV,FOCUS SEGMENT,Standard,1
2024,11,ALFA ROMEO,04,Almería,Corporate,ICE,REST,Standard,1
2024,11,ALFA ROMEO,04,Almería,Private,ICE,REST,Standard,2
2024,11,AUDI,04,Almería,Corporate,ICE,FOCUS SEGMENT,Standard,9
2024,11,AUDI,04,Almería,Private,ICE,FOCUS SEGMENT,Standard,6
2024,11,AUDI,04,Almería,RAC,ICE,FOCUS SEGMENT,Standard,2
2024,11,BMW,04,Almería,Corporate,BEV,FOCUS SEGMENT,Standard,2
2024,11,BMW,04,Almería,Corporate,ICE,FOCUS SEGMENT,M Performance,1
2024,11,BMW,04,Almería,Corporate,ICE,FOCUS SEGMENT,Standard,10
2024,11,BMW,04,Almería,Corporate,PHEV,FOCUS SEGMENT,M,1
2024,11,BMW,04,Almería,Private,BEV,FOCUS SEGMENT,Standard,1
2024,11,BMW,04,Almería,Private,ICE,FOCUS SEGMENT,M,2
2024,11,BMW,04,Almería,Private,ICE,FOCUS SEGMENT,M Performance,2
2024,11,BMW,04,Almería,Private,ICE,FOCUS SEGMENT,Standard,22
2024,11,BYD,04,Almería,Private,BEV,REST,Standard,1
2024,11,BYD,04,Almería,Private,PHEV,REST,Standard,1
2024,11,CITROEN,04,Almería,Private,BEV,REST,Standard,2
2024,11,CITROEN,04,Almería,Private,ICE,REST,Standard,16
2024,11,CUPRA,04,Almería,Corporate,ICE,REST,Standard,2
2024,11,CUPRA,04,Almería,Private,ICE,REST,Standard,5
2024,11,CUPRA,04,Almería,Private,PHEV,REST,Standard,2
2024,11,DACIA,04,Almería,Corporate,ICE,REST,Standard,11
2024,11,DACIA,04,Almería,Private,BEV,REST,Standard,1
2024,11,DACIA,04,Almería,Private,ICE,REST,Standard,51
2024,11,DFSK,04,Almería,RAC,ICE,,Standard,1
2024,11,FIAT,04,Almería,Private,ICE,,Standard,1
2024,11,FIAT,04,Almería,RAC,ICE,REST,Standard,2
2024,11,FORD,04,Almería,Corporate,BEV,REST,Standard,1
2024,11,FORD,04,Almería,Corporate,ICE,REST,Standard,1
2024,11,FORD,04,Almería,Private,ICE,REST,Standard,9
2024,11,FORD,04,Almería,Private,PHEV,REST,Standard,1
2024,11,HONDA,04,Almería,Private,ICE,REST,Standard,1
2024,11,HYUNDAI,04,Almería,Corporate,ICE,REST,Standard,16
2024,11,HYUNDAI,04,Almería,Private,BEV,REST,Standard,1
2024,11,HYUNDAI,04,Almería,Private,ICE,REST,Standard,23
2024,11,JAECOO,04,Almería,Corporate,ICE,REST,Standard,3
2024,11,JAECOO,04,Almería,Private,ICE,REST,Standard,7
2024,11,JEEP,04,Almería,Private,BEV,REST,Standard,1
2024,11,JEEP,04,Almería,Private,ICE,REST,Standard,3
2024,11,JEEP,04,Almería,Private,PHEV,REST,Standard,1
2024,11,KG MOBILITY,04,Almería,Private,ICE,REST,Standard,3
2024,11,KIA,04,Almería,Corporate,BEV,REST,Standard,1
2024,11,KIA,04,Almería,Corporate,ICE,REST,Standard,1
2024,11,KIA,04,Almería,Private,BEV,REST,Standard,1
2024,11,KIA,04,Almería,Private,ICE,REST,Standard,25
2024,11,LAND ROVER,04,Almería,Corporate,ICE,FOCUS SEGMENT,Standard,1
2024,11,LEXUS,04,Almería,Private,ICE,FOCUS SEGMENT,Standard,2
2024,11,MAZDA,04,Almería,Corporate,ICE,REST,Standard,7
2024,11,MAZDA,04,Almería,Corporate,PHEV,REST,Standard,1
2024,11,MAZDA,04,Almería,Private,ICE,REST,Standard,10
2024,11,MAZDA,04,Almería,Private,PHEV,REST,Standard,1
2024,11,MERCEDES,04,Almería,Corporate,BEV,FOCUS SEGMENT,Standard,1
2024,11,MERCEDES,04,Almería,Corporate,ICE,FOCUS SEGMENT,Standard,10
2024,11,MERCEDES,04,Almería,Corporate,ICE,REST,Standard,2
2024,11,MERCEDES,04,Almería,Corporate,PHEV,FOCUS SEGMENT,Standard,1
2024,11,MERCEDES,04,Almería,Private,ICE,FOCUS SEGMENT,Standard,8
2024,11,MERCEDES,04,Almería,Private,PHEV,FOCUS SEGMENT,Standard,4
2024,11,MERCEDES-V,04,Almería,Corporate,ICE,REST,Standard,1
2024,11,MG,04,Almería,Corporate,ICE,REST,Standard,6
2024,11,MG,04,Almería,Private,BEV,REST,Standard,2
2024,11,MG,04,Almería,Private,ICE,REST,Standard,26
2024,11,MG,04,Almería,Private,PHEV,REST,Standard,2
2024,11,MINI,04,Almería,Private,BEV,FOCUS SEGMENT,Standard,1
2024,11,MINI,04,Almería,Private,ICE,FOCUS SEGMENT,Standard,3
2024,11,MITSUBISHI,04,Almería,Corporate,ICE,REST,Standard,3
2024,11,MITSUBISHI,04,Almería,Private,ICE,REST,Standard,3
2024,11,MITSUBISHI,04,Almería,Private,PHEV,REST,Standard,1
2024,11,NISSAN,04,Almería,Corporate,ICE,REST,Standard,1
2024,11,NISSAN,04,Almería,Private,ICE,REST,Standard,10
2024,11,OMODA,04,Almería,Private,ICE,REST,Standard,15
2024,11,OPEL,04,Almería,Private,ICE,REST,Standard,3
2024,11,OPEL,04,Almería,RAC,ICE,REST,Standard,1
2024,11,PEUGEOT,04,Almería,Corporate,ICE,REST,Standard,1
2024,11,PEUGEOT,04,Almería,Private,BEV,REST,Standard,1
2024,11,PEUGEOT,04,Almería,Private,ICE,REST,Standard,16
2024,11,PORSCHE,04,Almería,Corporate,ICE,FOCUS SEGMENT,M Performance,1
2024,11,PORSCHE,04,Almería,Corporate,PHEV,FOCUS SEGMENT,Standard,1
2024,11,PORSCHE,04,Almería,Private,ICE,FOCUS SEGMENT,M,1
2024,11,PORSCHE,04,Almería,Private,PHEV,FOCUS SEGMENT,Standard,1
2024,11,RENAULT,04,Almería,Corporate,ICE,REST,Standard,20
2024,11,RENAULT,04,Almería,Corporate,PHEV,REST,Standard,1
2024,11,RENAULT,04,Almería,Private,ICE,REST,Standard,25
2024,11,SEAT,04,Almería,Corporate,ICE,REST,Standard,13
2024,11,SEAT,04,Almería,Private,ICE,REST,Standard,27
2024,11,SKODA,04,Almería,Corporate,ICE,REST,Standard,4
2024,11,SKODA,04,Almería,Private,ICE,REST,Standard,26
2024,11,SMART,04,Almería,Corporate,BEV,FOCUS SEGMENT,Standard,1
2024,11,SSANGYONG,04,Almería,Private,ICE,REST,Standard,1
2024,11,SUZUKI,04,Almería,Private,ICE,REST,Standard,1
2024,11,TESLA,04,Almería,Private,BEV,FOCUS SEGMENT,Standard,13
2024,11,TOYOTA,04,Almería,Corporate,ICE,REST,Standard,12
2024,11,TOYOTA,04,Almería,Private,ICE,REST,Standard,69
2024,11,TOYOTA,04,Almería,Private,PHEV,REST,Standard,2
2024,11,VOLKSWAGEN,04,Almería,Corporate,ICE,REST,Standard,9
2024,11,VOLKSWAGEN,04,Almería,Private,ICE,REST,Standard,19
2024,11,VOLVO,04,Almería,Corporate,ICE,FOCUS SEGMENT,Standard,3
2024,11,VOLVO,04,Almería,Corporate,PHEV,FOCUS SEGMENT,Standard,3
2024,11,VOLVO,04,Almería,Private,ICE,FOCUS SEGMENT,Standard,7
2024,11,VOLVO,04,Almería,Private,PHEV,FOCUS SEGMENT,Standard,1
2024,11,ALFA ROMEO,05,Ávila,Corporate,ICE,REST,Standard,1
2024,11,ALFA ROMEO,05,Ávila,Private,ICE,REST,Standard,1
2024,11,BMW,05,Ávila,Corporate,ICE,FOCUS SEGMENT,Standard,1
2024,11,BMW,05,Ávila,Private,ICE,FOCUS SEGMENT,Standard,4
2024,11,BYD,05,Ávila,Private,BEV,REST,Standard,1
2024,11,BYD,05,Ávila,Private,PHEV,REST,Standard,1
2024,11,CITROEN,05,Ávila,Private,ICE,REST,Standard,1
2024,11,CUPRA,05,Ávila,Corporate,PHEV,REST,Standard,1
2024,11,CUPRA,05,Ávila,Private,PHEV,REST,Standard,1
2024,11,DACIA,05,Ávila,Corporate,ICE,REST,Standard,2
2024,11,DACIA,05,Ávila,Private,BEV,REST,Standard,1
2024,11,DACIA,05,Ávila,Private,ICE,REST,Standard,16
2024,11,FIAT,05,Ávila,Corporate,ICE,REST,Standard,1
2024,11,FIAT,05,Ávila,Private,BEV,REST,Standard,1
2024,11,FORD,05,Ávila,Private,ICE,REST,Standard,3
2024,11,HYUNDAI,05,Ávila,Corporate,ICE,REST,Standard,4
2024,11,HYUNDAI,05,Ávila,Private,ICE,REST,Standard,9
2024,11,HYUNDAI,05,Ávila,Private,PHEV,REST,Standard,1
2024,11,JAECOO,05,Ávila,Corporate,ICE,REST,Standard,1
2024,11,JAECOO,05,Ávila,Private,ICE,REST,Standard,2
2024,11,JEEP,05,Ávila,Corporate,BEV,REST,Standard,1
2024,11,JEEP,05,Ávila,Corporate,ICE,REST,Standard,3
2024,11,JEEP,05,Ávila,Private,ICE,REST,Standard,1
2024,11,KG MOBILITY,05,Ávila,Private,ICE,REST,Standard,1
2024,11,KIA,05,Ávila,Private,ICE,REST,Standard,15
2024,11,MAZDA,05,Ávila,Corporate,ICE,REST,Standard,2
2024,11,MAZDA,05,Ávila,Corporate,PHEV,REST,Standard,2
2024,11,MAZDA,05,Ávila,Private,ICE,REST,Standard,1
2024,11,MERCEDES,05,Ávila,Corporate,ICE,FOCUS SEGMENT,Standard,1
2024,11,MERCEDES,05,Ávila,Private,ICE,FOCUS SEGMENT,Standard,2
2024,11,MG,05,Ávila,Private,BEV,REST,Standard,2
2024,11,MG,05,Ávila,Private,ICE,REST,Standard,7
2024,11,NISSAN,05,Ávila,Corporate,ICE,REST,Standard,1
2024,11,NISSAN,05,Ávila,Private,ICE,REST,Standard,3
2024,11,OMODA,05,Ávila,Corporate,ICE,REST,Standard,3
2024,11,OMODA,05,Ávila,Private,BEV,REST,Standard,1
2024,11,OMODA,05,Ávila,Private,ICE,REST,Standard,4
2024,11,PEUGEOT,05,Ávila,Private,BEV,REST,Standard,1
2024,11,PEUGEOT,05,Ávila,Private,ICE,REST,Standard,3
2024,11,POLESTAR,05,Ávila,Private,BEV,FOCUS SEGMENT,Standard,1
2024,11,RENAULT,05,Ávila,Corporate,ICE,REST,Standard,3
2024,11,RENAULT,05,Ávila,Private,ICE,REST,Standard,8
2024,11,SEAT,05,Ávila,Corporate,ICE,REST,Standard,4
2024,11,SEAT,05,Ávila,Private,ICE,REST,Standard,7
2024,11,SHINERAY,05,Ávila,Private,ICE,REST,Standard,1
2024,11,SKODA,05,Ávila,Private,ICE,REST,Standard,1
2024,11,SUZUKI,05,Ávila,Private,ICE,REST,Standard,2
2024,11,TESLA,05,Ávila,Private,BEV,FOCUS SEGMENT,Standard,5
2024,11,TOYOTA,05,Ávila,Corporate,ICE,REST,Standard,3
2024,11,TOYOTA,05,Ávila,Private,ICE,REST,Standard,14
2024,11,TOYOTA,05,Ávila,Private,PHEV,REST,Standard,2
2024,11,VOLKSWAGEN,05,Ávila,Private,ICE,REST,Standard,2
2024,11,VOLVO,05,Ávila,Private,BEV,FOCUS SEGMENT,Standard,1
2024,11,VOLVO,05,Ávila,Private,ICE,FOCUS SEGMENT,Standard,2
2024,11,VOLVO,05,Ávila,Private,PHEV,FOCUS SEGMENT,Standard,2
2024,11,AUDI,06,Badajoz,Corporate,ICE,FOCUS SEGMENT,M Performance,1
2024,11,AUDI,06,Badajoz,Private,ICE,FOCUS SEGMENT,Standard,6
2024,11,BMW,06,Badajoz,Corporate,BEV,FOCUS SEGMENT,Standard,1
2024,11,BMW,06,Badajoz,Corporate,ICE,FOCUS SEGMENT,Standard,6
2024,11,BMW,06,Badajoz,Private,ICE,FOCUS SEGMENT,Standard,17
2024,11,BMW,06,Badajoz,Private,PHEV,FOCUS SEGMENT,Standard,1
2024,11,BYD,06,Badajoz,Corporate,BEV,REST,Standard,1
2024,11,BYD,06,Badajoz,Corporate,PHEV,REST,Standard,3
2024,11,BYD,06,Badajoz,Private,BEV,REST,Standard,2
2024,11,BYD,06,Badajoz,Private,PHEV,REST,Standard,5
2024,11,CITROEN,06,Badajoz,Corporate,ICE,REST,Standard,4
2024,11,CITROEN,06,Badajoz,Private,ICE,REST,Standard,5
2024,11,CUPRA,06,Badajoz,Corporate,ICE,REST,Standard,4
2024,11,CUPRA,06,Badajoz,Private,ICE,REST,Standard,2
2024,11,DACIA,06,Badajoz,Corporate,ICE,REST,Standard,11
2024,11,DACIA,06,Badajoz,Private,ICE,REST,Standard,27
2024,11,EVO,06,Badajoz,Private,ICE,REST,Standard,1
2024,11,FIAT,06,Badajoz,Private,ICE,REST,Standard,1
2024,11,FORD,06,Badajoz,Private,ICE,REST,Standard,5
2024,11,FORD,06,Badajoz,Private,PHEV,REST,Standard,1
2024,11,HONDA,06,Badajoz,Private,ICE,REST,Standard,1
2024,11,HYUNDAI,06,Badajoz,Corporate,ICE,REST,Standard,6
2024,11,HYUNDAI,06,Badajoz,Private,BEV,REST,Standard,1
2024,11,HYUNDAI,06,Badajoz,Private,ICE,REST,Standard,35
2024,11,JAECOO,06,Badajoz,Corporate,ICE,REST,Standard,2
2024,11,JAECOO,06,Badajoz,Private,ICE,REST,Standard,8
2024,11,JEEP,06,Badajoz,Corporate,ICE,REST,Standard,1
2024,11,KG MOBILITY,06,Badajoz,Private,ICE,REST,Standard,1
2024,11,KIA,06,Badajoz,Corporate,BEV,REST,Standard,1
2024,11,KIA,06,Badajoz,Corporate,ICE,REST,Standard,3
2024,11,KIA,06,Badajoz,Private,BEV,REST,Standard,1
2024,11,KIA,06,Badajoz,Private,ICE,REST,Standard,33
2024,11,LEXUS,06,Badajoz,Corporate,ICE,FOCUS SEGMENT,Standard,1
2024,11,LEXUS,06,Badajoz,Private,ICE,FOCUS SEGMENT,Standard,2
2024,11,MAZDA,06,Badajoz,Corporate,ICE,REST,Standard,1
2024,11,MAZDA,06,Badajoz,Private,ICE,REST,Standard,7
2024,11,MERCEDES,06,Badajoz,Corporate,ICE,FOCUS SEGMENT,Standard,4
2024,11,MERCEDES,06,Badajoz,Corporate,ICE,REST,Standard,1
2024,11,MERCEDES,06,Badajoz,Corporate,PHEV,FOCUS SEGMENT,Standard,1
2024,11,MERCEDES,06,Badajoz,Private,BEV,FOCUS SEGMENT,Standard,1
2024,11,MERCEDES,06,Badajoz,Private,ICE,FOCUS SEGMENT,Standard,9
2024,11,MERCEDES,06,Badajoz,Private,PHEV,FOCUS SEGMENT,Standard,1
2024,11,MG,06,Badajoz,Private,BEV,REST,Standard,1
2024,11,MG,06,Badajoz,Private,ICE,REST,Standard,20
2024,11,MG,06,Badajoz,Private,PHEV,REST,Standard,1
2024,11,MINI,06,Badajoz,Corporate,BEV,FOCUS SEGMENT,Standard,1
2024,11,MINI,06,Badajoz,Private,ICE,FOCUS SEGMENT,JCW,1
2024,11,MINI,06,Badajoz,Private,ICE,FOCUS SEGMENT,Standard,3
2024,11,MITSUBISHI,06,Badajoz,Private,ICE,REST,Standard,1
2024,11,NISSAN,06,Badajoz,Private,ICE,REST,Standard,18
2024,11,OMODA,06,Badajoz,Corporate,BEV,REST,Standard,2
2024,11,OMODA,06,Badajoz,Corporate,ICE,REST,Standard,1
2024,11,OMODA,06,Badajoz,Private,ICE,REST,Standard,17
2024,11,OPEL,06,Badajoz,Private,ICE,REST,Standard,3
2024,11,PEUGEOT,06,Badajoz,Corporate,ICE,REST,Standard,1
2024,11,PEUGEOT,06,Badajoz,Private,ICE,REST,Standard,6
2024,11,PORSCHE,06,Badajoz,Private,ICE,FOCUS SEGMENT,Standard,1
2024,11,RENAULT,06,Badajoz,Corporate,ICE,REST,Standard,10
2024,11,RENAULT,06,Badajoz,Private,ICE,REST,Standard,21
2024,11,SEAT,06,Badajoz,Corporate,ICE,REST,Standard,10
2024,11,SEAT,06,Badajoz,Private,ICE,REST,Standard,16
2024,11,SKODA,06,Badajoz,Corporate,ICE,REST,Standard,1
2024,11,SKODA,06,Badajoz,Private,ICE,REST,Standard,13
2024,11,SSANGYONG,06,Badajoz,Private,ICE,REST,Standard,1
2024,11,SUBARU,06,Badajoz,Corporate,ICE,REST,Standard,1
2024,11,SUBARU,06,Badajoz,Private,ICE,REST,Standard,1
2024,11,SUZUKI,06,Badajoz,Private,ICE,REST,Standard,3
2024,11,TESLA,06,Badajoz,Private,BEV,FOCUS SEGMENT,Standard,8
2024,11,TOYOTA,06,Badajoz,Corporate,ICE,REST,Standard,60
2024,11,TOYOTA,06,Badajoz,Private,ICE,REST,Standard,41
2024,11,TOYOTA,06,Badajoz,Private,PHEV,REST,Standard,4
2024,11,VOLKSWAGEN,06,Badajoz,Corporate,ICE,REST,Standard,2
2024,11,VOLKSWAGEN,06,Badajoz,Private,ICE,REST,Standard,22
2024,11,VOLVO,06,Badajoz,Corporate,ICE,FOCUS SEGMENT,Standard,9
2024,11,VOLVO,06,Badajoz,Private,BEV,FOCUS SEGMENT,Standard,1
2024,11,VOLVO,06,Badajoz,Private,ICE,FOCUS SEGMENT,Standard,3
2024,11,ABARTH,07,Baleares,Private,BEV,REST,Standard,1
2024,11,ASTON MARTIN,07,Baleares,RAC,ICE,FOCUS SEGMENT,Standard,1
2024,11,AUDI,07,Baleares,Corporate,ICE,FOCUS SEGMENT,Standard,10
2024,11,AUDI,07,Baleares,Private,BEV,FOCUS SEGMENT,Standard,2
2024,11,AUDI,07,Baleares,Private,ICE,FOCUS SEGMENT,Standard,26
2024,11,AUDI,07,Baleares,Private,PHEV,FOCUS SEGMENT,Standard,1
2024,11,BMW,07,Baleares,Corporate,BEV,FOCUS SEGMENT,Standard,7
2024,11,BMW,07,Baleares,Corporate,ICE,FOCUS SEGMENT,M,1
2024,11,BMW,07,Baleares,Corporate,ICE,FOCUS SEGMENT,M Performance,1
2024,11,BMW,07,Baleares,Corporate,ICE,FOCUS SEGMENT,Standard,9
2024,11,BMW,07,Baleares,Corporate,PHEV,FOCUS SEGMENT,M,1
2024,11,BMW,07,Baleares,Corporate,PHEV,FOCUS SEGMENT,Standard,1
2024,11,BMW,07,Baleares,Private,BEV,FOCUS SEGMENT,Standard,1
2024,11,BMW,07,Baleares,Private,ICE,FOCUS SEGMENT,M Performance,1
2024,11,BMW,07,Baleares,Private,ICE,FOCUS SEGMENT,Standard,8
2024,11,BMW,07,Baleares,RAC,ICE,FOCUS SEGMENT,M,1
2024,11,BYD,07,Baleares,Corporate,PHEV,REST,Standard,1
2024,11,BYD,07,Baleares,Private,BEV,REST,Standard,3
2024,11,BYD,07,Baleares,Private,PHEV,REST,Standard,6
2024,11,CITROEN,07,Baleares,Corporate,BEV,REST,Standard,1
2024,11,CITROEN,07,Baleares,Corporate,ICE,REST,Standard,13
2024,11,CITROEN,07,Baleares,Private,BEV,REST,Standard,9
2024,11,CITROEN,07,Baleares,Private,ICE,REST,Standard,32
2024,11,CUPRA,07,Baleares,Corporate,BEV,REST,Standard,2
2024,11,CUPRA,07,Baleares,Corporate,ICE,REST,Standard,2
2024,11,CUPRA,07,Baleares,Corporate,PHEV,REST,Standard,2
2024,11,CUPRA,07,Baleares,Private,ICE,REST,Standard,8
2024,11,DACIA,07,Baleares,Corporate,ICE,REST,Standard,11
2024,11,DACIA,07,Baleares,Private,BEV,REST,Standard,2
2024,11,DACIA,07,Baleares,Private,ICE,REST,Standard,125
2024,11,DACIA,07,Baleares,RAC,ICE,REST,Standard,1
2024,11,DFSK,07,Baleares,Private,ICE,,Standard,1
2024,11,DR,07,Baleares,Private,ICE,,Standard,1
2024,11,FIAT,07,Baleares,Corporate,ICE,REST,Standard,23
2024,11,FIAT,07,Baleares,Private,ICE,,Standard,1
2024,11,FIAT,07,Baleares,Private,ICE,REST,Standard,9
2024,11,FIAT,07,Baleares,RAC,ICE,REST,Standard,40
2024,11,FORD,07,Baleares,Corporate,BEV,REST,Standard,4
2024,11,FORD,07,Baleares,Corporate,ICE,REST,Standard,13
2024,11,FORD,07,Baleares,Corporate,PHEV,REST,Standard,1
2024,11,FORD,07,Baleares,Private,BEV,REST,Standard,1
2024,11,FORD,07,Baleares,Private,ICE,REST,Standard,24
2024,11,FORD,07,Baleares,Private,PHEV,REST,Standard,2
2024,11,FORD,07,Baleares,RAC,ICE,REST,Standard,1
2024,11,HONDA,07,Baleares,Private,ICE,REST,Standard,1
2024,11,HYUNDAI,07,Baleares,Corporate,ICE,REST,Standard,25
2024,11,HYUNDAI,07,Baleares,Corporate,PHEV,REST,Standard,2
2024,11,HYUNDAI,07,Baleares,Private,BEV,REST,Standard,5
2024,11,HYUNDAI,07,Baleares,Private,ICE,REST,Standard,72
2024,11,HYUNDAI,07,Baleares,Private,PHEV,REST,Standard,1
2024,11,HYUNDAI,07,Baleares,RAC,ICE,REST,Standard,20
2024,11,JAECOO,07,Baleares,Private,ICE,REST,Standard,1
2024,11,JEEP,07,Baleares,Corporate,ICE,REST,Standard,1
2024,11,JEEP,07,Baleares,Private,BEV,REST,Standard,1
2024,11,JEEP,07,Baleares,Private,ICE,REST,Standard,6
2024,11,JEEP,07,Baleares,Private,PHEV,REST,Standard,2
2024,11,JEEP,07,Baleares,RAC,ICE,REST,Standard,12
2024,11,KG MOBILITY,07,Baleares,Private,ICE,REST,Standard,4
2024,11,KIA,07,Baleares,Corporate,BEV,REST,Standard,1
2024,11,KIA,07,Baleares,Corporate,ICE,REST,Standard,4
2024,11,KIA,07,Baleares,Private,BEV,REST,Standard,5
2024,11,KIA,07,Baleares,Private,ICE,REST,Standard,73
2024,11,KIA,07,Baleares,Private,PHEV,REST,Standard,4
2024,11,LANCIA,07,Baleares,Private,ICE,REST,Standard,1
2024,11,LAND ROVER,07,Baleares,Corporate,ICE,FOCUS SEGMENT,Standard,2
2024,11,LAND ROVER,07,Baleares,Private,ICE,FOCUS SEGMENT,Standard,2
2024,11,LAND ROVER,07,Baleares,Private,PHEV,FOCUS SEGMENT,Standard,1
2024,11,LAND ROVER,07,Baleares,RAC,PHEV,FOCUS SEGMENT,Standard,1
2024,11,LEAPMOTOR,07,Baleares,Corporate,BEV,REST,Standard,1
2024,11,LEAPMOTOR,07,Baleares,Private,BEV,REST,Standard,1
2024,11,LEXUS,07,Baleares,Corporate,ICE,FOCUS SEGMENT,Standard,3
2024,11,LEXUS,07,Baleares,Corporate,PHEV,FOCUS SEGMENT,Standard,1
2024,11,LEXUS,07,Baleares,Private,ICE,FOCUS SEGMENT,Standard,9
2024,11,MAZDA,07,Baleares,Corporate,ICE,REST,Standard,2
2024,11,MAZDA,07,Baleares,Corporate,PHEV,REST,Standard,1
2024,11,MAZDA,07,Baleares,Private,ICE,REST,Standard,18
2024,11,MERCEDES,07,Baleares,Corporate,BEV,FOCUS SEGMENT,Standard,6
2024,11,MERCEDES,07,Baleares,Corporate,ICE,FOCUS SEGMENT,Standard,12
2024,11,MERCEDES,07,Baleares,Corporate,ICE,REST,Standard,9
2024,11,MERCEDES,07,Baleares,Corporate,PHEV,FOCUS SEGMENT,Standard,3
2024,11,MERCEDES,07,Baleares,Private,BEV,FOCUS SEGMENT,Standard,3
2024,11,MERCEDES,07,Baleares,Private,ICE,FOCUS SEGMENT,M,1
2024,11,MERCEDES,07,Baleares,Private,ICE,FOCUS SEGMENT,M Performance,1
2024,11,MERCEDES,07,Baleares,Private,ICE,FOCUS SEGMENT,Standard,5
2024,11,MERCEDES,07,Baleares,Private,ICE,REST,Standard,5
2024,11,MERCEDES,07,Baleares,Private,PHEV,FOCUS SEGMENT,Standard,3
2024,11,MG,07,Baleares,Corporate,ICE,REST,Standard,2
2024,11,MG,07,Baleares,Private,BEV,REST,Standard,6
2024,11,MG,07,Baleares,Private,ICE,REST,Standard,52
2024,11,MG,07,Baleares,Private,PHEV,REST,Standard,2
2024,11,MINI,07,Baleares,Corporate,BEV,FOCUS SEGMENT,Standard,22
2024,11,MINI,07,Baleares,Corporate,ICE,FOCUS SEGMENT,JCW,2
2024,11,MINI,07,Baleares,Corporate,ICE,FOCUS SEGMENT,Standard,26
2024,11,MINI,07,Baleares,Private,BEV,FOCUS SEGMENT,Standard,3
2024,11,MINI,07,Baleares,Private,ICE,FOCUS SEGMENT,Standard,6
2024,11,MITSUBISHI,07,Baleares,Corporate,ICE,REST,Standard,1
2024,11,MITSUBISHI,07,Baleares,Private,ICE,REST,Standard,4
2024,11,MITSUBISHI,07,Baleares,Private,PHEV,REST,Standard,1
2024,11,NISSAN,07,Baleares,Corporate,ICE,REST,Standard,3
2024,11,NISSAN,07,Baleares,Private,ICE,REST,Standard,29
2024,11,NISSAN,07,Baleares,RAC,ICE,REST,Standard,150
2024,11,OMODA,07,Baleares,Private,ICE,REST,Standard,16
2024,11,OPEL,07,Baleares,Corporate,BEV,REST,Standard,1
2024,11,OPEL,07,Baleares,Corporate,ICE,REST,Standard,8
2024,11,OPEL,07,Baleares,Private,BEV,REST,Standard,2
2024,11,OPEL,07,Baleares,Private,ICE,REST,Standard,34
2024,11,PEUGEOT,07,Baleares,Corporate,BEV,REST,Standard,2
2024,11,PEUGEOT,07,Baleares,Corporate,ICE,REST,Standard,12
2024,11,PEUGEOT,07,Baleares,Private,BEV,REST,Standard,7
2024,11,PEUGEOT,07,Baleares,Private,ICE,REST,Standard,50
2024,11,PEUGEOT,07,Baleares,Private,PHEV,REST,Standard,2
2024,11,PEUGEOT,07,Baleares,RAC,ICE,REST,Standard,1
2024,11,PORSCHE,07,Baleares,Corporate,BEV,FOCUS SEGMENT,M Performance,1
2024,11,PORSCHE,07,Baleares,Private,BEV,FOCUS SEGMENT,M,3
2024,11,PORSCHE,07,Baleares,Private,BEV,FOCUS SEGMENT,M Performance,1
2024,11,PORSCHE,07,Baleares,Private,BEV,FOCUS SEGMENT,Standard,1
2024,11,PORSCHE,07,Baleares,Private,ICE,FOCUS SEGMENT,Standard,1
2024,11,PORSCHE,07,Baleares,RAC,ICE,FOCUS SEGMENT,Standard,1
2024,11,PORSCHE,07,Baleares,RAC,PHEV,FOCUS SEGMENT,Standard,2
2024,11,RENAULT,07,Baleares,Corporate,BEV,REST,Standard,2
2024,11,RENAULT,07,Baleares,Corporate,ICE,REST,Standard,26
2024,11,RENAULT,07,Baleares,Corporate,PHEV,REST,Standard,2
2024,11,RENAULT,07,Baleares,Private,ICE,REST,Standard,77
2024,11,SEAT,07,Baleares,Corporate,ICE,REST,Standard,11
2024,11,SEAT,07,Baleares,Private,ICE,REST,Standard,65
2024,11,SHINERAY,07,Baleares,Private,ICE,REST,Standard,1
2024,11,SKODA,07,Baleares,Corporate,ICE,REST,Standard,27
2024,11,SKODA,07,Baleares,Private,ICE,REST,Standard,41
2024,11,SKODA,07,Baleares,RAC,ICE,REST,Standard,3
2024,11,SMART,07,Baleares,Private,BEV,FOCUS SEGMENT,Standard,1
2024,11,SSANGYONG,07,Baleares,Corporate,BEV,REST,Standard,3
2024,11,SSANGYONG,07,Baleares,Private,BEV,REST,Standard,1
2024,11,SSANGYONG,07,Baleares,Private,ICE,REST,Standard,1
2024,11,SUBARU,07,Baleares,Private,ICE,REST,Standard,3
2024,11,SUZUKI,07,Baleares,Private,ICE,REST,Standard,10
2024,11,TESLA,07,Baleares,Corporate,BEV,FOCUS SEGMENT,Standard,2
2024,11,TESLA,07,Baleares,Private,BEV,FOCUS SEGMENT,Standard,30
2024,11,TOYOTA,07,Baleares,Corporate,ICE,REST,Standard,13
2024,11,TOYOTA,07,Baleares,Corporate,PHEV,REST,Standard,2
2024,11,TOYOTA,07,Baleares,Private,BEV,REST,Standard,2
2024,11,TOYOTA,07,Baleares,Private,ICE,REST,Standard,127
2024,11,TOYOTA,07,Baleares,Private,PHEV,REST,Standard,5
2024,11,VOLKSWAGEN,07,Baleares,Corporate,ICE,REST,Standard,8
2024,11,VOLKSWAGEN,07,Baleares,Private,BEV,REST,Standard,1
2024,11,VOLKSWAGEN,07,Baleares,Private,ICE,REST,Standard,84
2024,11,VOLKSWAGEN,07,Baleares,Private,PHEV,REST,Standard,1
2024,11,VOLVO,07,Baleares,Corporate,BEV,FOCUS SEGMENT,Standard,1
2024,11,VOLVO,07,Baleares,Corporate,ICE,FOCUS SEGMENT,Standard,2
2024,11,VOLVO,07,Baleares,Private,BEV,FOCUS SEGMENT,Standard,5
2024,11,VOLVO,07,Baleares,Private,ICE,FOCUS SEGMENT,Standard,4
2024,11,VOLVO,07,Baleares,Private,PHEV,FOCUS SEGMENT,Standard,1
2024,11,ALFA ROMEO,08,Barcelona,Corporate,ICE,REST,Standard,12
2024,11,ALFA ROMEO,08,Barcelona,Private,ICE,REST,Standard,5
2024,11,ALFA ROMEO,08,Barcelona,RAC,ICE,REST,Standard,25
2024,11,ALLIED VEHICLES LTD,08,Barcelona,Corporate,ICE,REST,Standard,1
2024,11,AUDI,08,Barcelona,Corporate,ICE,,M,1
2024,11,AUDI,08,Barcelona,Corporate,ICE,FOCUS SEGMENT,M,10
2024,11,AUDI,08,Barcelona,Corporate,ICE,FOCUS SEGMENT,M Performance,2
2024,11,AUDI,08,Barcelona,Corporate,ICE,FOCUS SEGMENT,Standard,77
2024,11,AUDI,08,Barcelona,Corporate,PHEV,FOCUS SEGMENT,Standard,9
2024,11,AUDI,08,Barcelona,Private,ICE,FOCUS SEGMENT,M,2
2024,11,AUDI,08,Barcelona,Private,ICE,FOCUS SEGMENT,M Performance,3
2024,11,AUDI,08,Barcelona,Private,ICE,FOCUS SEGMENT,Standard,77
2024,11,AUDI,08,Barcelona,Private,PHEV,FOCUS SEGMENT,Standard,6
2024,11,AUDI,08,Barcelona,RAC,ICE,FOCUS SEGMENT,Standard,4
2024,11,BENTLEY,08,Barcelona,Corporate,PHEV,FOCUS SEGMENT,Standard,1
2024,11,BMW,08,Barcelona,Corporate,BEV,FOCUS SEGMENT,M Performance,1
2024,11,BMW,08,Barcelona,Corporate,BEV,FOCUS SEGMENT,Standard,5
2024,11,BMW,08,Barcelona,Corporate,ICE,FOCUS SEGMENT,M,5
2024,11,BMW,08,Barcelona,Corporate,ICE,FOCUS SEGMENT,M Performance,8
2024,11,BMW,08,Barcelona,Corporate,ICE,FOCUS SEGMENT,Standard,83
2024,11,BMW,08,Barcelona,Corporate,PHEV,FOCUS SEGMENT,Standard,3
2024,11,BMW,08,Barcelona,Private,BEV,FOCUS SEGMENT,Standard,21
2024,11,BMW,08,Barcelona,Private,ICE,FOCUS SEGMENT,M Performance,2
2024,11,BMW,08,Barcelona,Private,ICE,FOCUS SEGMENT,Standard,94
2024,11,BMW,08,Barcelona,Private,PHEV,FOCUS SEGMENT,Standard,10
2024,11,BMW,08,Barcelona,RAC,ICE,FOCUS SEGMENT,Standard,14
2024,11,BYD,08,Barcelona,Corporate,BEV,REST,Standard,20
2024,11,BYD,08,Barcelona,Corporate,PHEV,REST,Standard,12
2024,11,BYD,08,Barcelona,Private,BEV,REST,Standard,51
2024,11,BYD,08,Barcelona,Private,PHEV,REST,Standard,58
2024,11,CAN AM,08,Barcelona,RAC,ICE,REST,Standard,1
2024,11,CITROEN,08,Barcelona,Corporate,BEV,REST,Standard,12
2024,11,CITROEN,08,Barcelona,Corporate,ICE,REST,Standard,130
2024,11,CITROEN,08,Barcelona,Private,BEV,REST,Standard,19
2024,11,CITROEN,08,Barcelona,Private,ICE,REST,Standard,104
2024,11,CITROEN,08,Barcelona,Private,PHEV,REST,Standard,1
2024,11,CUPRA,08,Barcelona,Corporate,BEV,REST,Standard,63
2024,11,CUPRA,08,Barcelona,Corporate,ICE,REST,Standard,122
2024,11,CUPRA,08,Barcelona,Corporate,PHEV,REST,Standard,68
2024,11,CUPRA,08,Barcelona,Private,BEV,REST,Standard,6
2024,11,CUPRA,08,Barcelona,Private,ICE,REST,Standard,88
2024,11,CUPRA,08,Barcelona,Private,PHEV,REST,Standard,20
2024,11,CUPRA,08,Barcelona,RAC,ICE,REST,Standard,1
2024,11,DACIA,08,Barcelona,Corporate,BEV,REST,Standard,1
2024,11,DACIA,08,Barcelona,Corporate,ICE,REST,Standard,65
2024,11,DACIA,08,Barcelona,Private,BEV,REST,Standard,17
2024,11,DACIA,08,Barcelona,Private,ICE,REST,Standard,468
2024,11,DFSK,08,Barcelona,Corporate,PHEV,REST,Standard,1
2024,11,DFSK,08,Barcelona,Private,PHEV,REST,Standard,1
2024,11,DONGFENG,08,Barcelona,Corporate,BEV,REST,Standard,2
2024,11,EVO,08,Barcelona,Private,ICE,REST,Standard,3
2024,11,FERRARI,08,Barcelona,Corporate,ICE,FOCUS SEGMENT,Standard,1
2024,11,FERRARI,08,Barcelona,Private,PHEV,FOCUS SEGMENT,Standard,1
2024,11,FERRARI,08,Barcelona,RAC,ICE,FOCUS SEGMENT,Standard,1
2024,11,FIAT,08,Barcelona,Corporate,ICE,REST,Standard,70
2024,11,FIAT,08,Barcelona,Private,BEV,REST,Standard,4
2024,11,FIAT,08,Barcelona,Private,ICE,,Standard,1
2024,11,FIAT,08,Barcelona,Private,ICE,REST,Standard,20
2024,11,FIAT,08,Barcelona,RAC,ICE,REST,Standard,6
2024,11,FORD,08,Barcelona,Corporate,BEV,REST,Standard,10
2024,11,FORD,08,Barcelona,Corporate,ICE,REST,Standard,56
2024,11,FORD,08,Barcelona,Corporate,PHEV,REST,Standard,4
2024,11,FORD,08,Barcelona,Private,BEV,REST,Standard,3
2024,11,FORD,08,Barcelona,Private,ICE,REST,Standard,163
2024,11,FORD,08,Barcelona,Private,PHEV,REST,Standard,9
2024,11,HONDA,08,Barcelona,Corporate,ICE,REST,Standard,8
2024,11,HONDA,08,Barcelona,Private,ICE,REST,Standard,38
2024,11,HYUNDAI,08,Barcelona,Corporate,ICE,REST,Standard,47
2024,11,HYUNDAI,08,Barcelona,Corporate,PHEV,REST,Standard,3
2024,11,HYUNDAI,08,Barcelona,Private,BEV,REST,Standard,5
2024,11,HYUNDAI,08,Barcelona,Private,ICE,REST,Standard,276
2024,11,HYUNDAI,08,Barcelona,Private,PHEV,REST,Standard,6
2024,11,HYUNDAI,08,Barcelona,RAC,ICE,REST,Standard,53
2024,11,INEOS,08,Barcelona,Corporate,ICE,REST,Standard,1
2024,11,JAECOO,08,Barcelona,Corporate,ICE,REST,Standard,9
2024,11,JAECOO,08,Barcelona,Private,ICE,REST,Standard,33
2024,11,JAGUAR,08,Barcelona,Corporate,PHEV,FOCUS SEGMENT,Standard,1
2024,11,JAGUAR,08,Barcelona,Private,ICE,FOCUS SEGMENT,Standard,1
2024,11,JEEP,08,Barcelona,Corporate,BEV,REST,Standard,5
2024,11,JEEP,08,Barcelona,Corporate,ICE,REST,Standard,7
2024,11,JEEP,08,Barcelona,Corporate,PHEV,REST,Standard,5
2024,11,JEEP,08,Barcelona,Private,BEV,REST,Standard,1
2024,11,JEEP,08,Barcelona,Private,ICE,REST,Standard,43
2024,11,JEEP,08,Barcelona,Private,PHEV,REST,Standard,2
2024,11,JEEP,08,Barcelona,RAC,ICE,REST,Standard,154
2024,11,KG MOBILITY,08,Barcelona,Corporate,ICE,REST,Standard,1
2024,11,KG MOBILITY,08,Barcelona,Private,ICE,REST,Standard,9
2024,11,KIA,08,Barcelona,Corporate,BEV,REST,Standard,7
2024,11,KIA,08,Barcelona,Corporate,ICE,REST,Standard,96
2024,11,KIA,08,Barcelona,Corporate,PHEV,REST,Standard,5
2024,11,KIA,08,Barcelona,Private,BEV,REST,Standard,18
2024,11,KIA,08,Barcelona,Private,ICE,REST,Standard,328
2024,11,KIA,08,Barcelona,Private,PHEV,REST,Standard,7
2024,11,LAMBORGHINI,08,Barcelona,Corporate,ICE,FOCUS SEGMENT,Standard,1
2024,11,LAND ROVER,08,Barcelona,Corporate,ICE,FOCUS SEGMENT,Standard,5
2024,11,LAND ROVER,08,Barcelona,Corporate,PHEV,FOCUS SEGMENT,Standard,7
2024,11,LAND ROVER,08,Barcelona,Private,ICE,FOCUS SEGMENT,Standard,4
2024,11,LAND ROVER,08,Barcelona,Private,PHEV,FOCUS SEGMENT,Standard,3
2024,11,LEAPMOTOR,08,Barcelona,Corporate,BEV,REST,Standard,7
2024,11,LEAPMOTOR,08,Barcelona,Private,BEV,REST,Standard,2
2024,11,LEXUS,08,Barcelona,Corporate,ICE,FOCUS SEGMENT,Standard,13
2024,11,LEXUS,08,Barcelona,Corporate,ICE,REST,Standard,3
2024,11,LEXUS,08,Barcelona,Corporate,PHEV,FOCUS SEGMENT,Standard,2
2024,11,LEXUS,08,Barcelona,Private,ICE,FOCUS SEGMENT,Standard,50
2024,11,LEXUS,08,Barcelona,Private,PHEV,FOCUS SEGMENT,Standard,3
2024,11,LIVAN,08,Barcelona,Corporate,ICE,REST,Standard,2
2024,11,LIVAN,08,Barcelona,Private,ICE,REST,Standard,1
2024,11,LYNK & CO,08,Barcelona,Corporate,PHEV,REST,Standard,2
2024,11,MASERATI,08,Barcelona,Private,ICE,FOCUS SEGMENT,Standard,1
2024,11,MAZDA,08,Barcelona,Corporate,BEV,REST,Standard,1
2024,11,MAZDA,08,Barcelona,Corporate,ICE,REST,Standard,26
2024,11,MAZDA,08,Barcelona,Corporate,PHEV,REST,Standard,2
2024,11,MAZDA,08,Barcelona,Private,ICE,REST,Standard,109
2024,11,MAZDA,08,Barcelona,Private,PHEV,REST,Standard,6
2024,11,MAZDA,08,Barcelona,RAC,ICE,REST,Standard,3
2024,11,MERCEDES,08,Barcelona,Corporate,BEV,FOCUS SEGMENT,Standard,15
2024,11,MERCEDES,08,Barcelona,Corporate,ICE,FOCUS SEGMENT,M,2
2024,11,MERCEDES,08,Barcelona,Corporate,ICE,FOCUS SEGMENT,M Performance,2
2024,11,MERCEDES,08,Barcelona,Corporate,ICE,FOCUS SEGMENT,Standard,50
2024,11,MERCEDES,08,Barcelona,Corporate,ICE,REST,Standard,23
2024,11,MERCEDES,08,Barcelona,Corporate,PHEV,FOCUS SEGMENT,M,1
2024,11,MERCEDES,08,Barcelona,Corporate,PHEV,FOCUS SEGMENT,M Performance,4
2024,11,MERCEDES,08,Barcelona,Corporate,PHEV,FOCUS SEGMENT,Standard,25
2024,11,MERCEDES,08,Barcelona,Private,BEV,FOCUS SEGMENT,M Performance,1
2024,11,MERCEDES,08,Barcelona,Private,BEV,FOCUS SEGMENT,Standard,7
2024,11,MERCEDES,08,Barcelona,Private,ICE,FOCUS SEGMENT,M,1
2024,11,MERCEDES,08,Barcelona,Private,ICE,FOCUS SEGMENT,M Performance,3
2024,11,MERCEDES,08,Barcelona,Private,ICE,FOCUS SEGMENT,Standard,65
2024,11,MERCEDES,08,Barcelona,Private,ICE,REST,Standard,6
2024,11,MERCEDES,08,Barcelona,Private,PHEV,FOCUS SEGMENT,M Performance,1
2024,11,MERCEDES,08,Barcelona,Private,PHEV,FOCUS SEGMENT,Standard,21
2024,11,MERCEDES,08,Barcelona,RAC,ICE,REST,Standard,2
2024,11,MERCEDES-V,08,Barcelona,Private,ICE,REST,Standard,6
2024,11,MG,08,Barcelona,Corporate,BEV,REST,Standard,3
2024,11,MG,08,Barcelona,Corporate,ICE,REST,Standard,31
2024,11,MG,08,Barcelona,Corporate,PHEV,REST,Standard,2
2024,11,MG,08,Barcelona,Private,BEV,REST,Standard,21
2024,11,MG,08,Barcelona,Private,ICE,REST,Standard,171
2024,11,MG,08,Barcelona,Private,PHEV,REST,Standard,33
2024,11,MINI,08,Barcelona,Corporate,BEV,FOCUS SEGMENT,Standard,5
2024,11,MINI,08,Barcelona,Corporate,ICE,FOCUS SEGMENT,JCW,1
2024,11,MINI,08,Barcelona,Corporate,ICE,FOCUS SEGMENT,Standard,10
2024,11,MINI,08,Barcelona,Private,BEV,FOCUS SEGMENT,Standard,18
2024,11,MINI,08,Barcelona,Private,ICE,FOCUS SEGMENT,Standard,36
2024,11,MITSUBISHI,08,Barcelona,Corporate,PHEV,REST,Standard,1
2024,11,MITSUBISHI,08,Barcelona,Private,ICE,REST,Standard,6
2024,11,MITSUBISHI,08,Barcelona,Private,PHEV,REST,Standard,3
2024,11,NISSAN,08,Barcelona,Corporate,BEV,REST,Standard,5
2024,11,NISSAN,08,Barcelona,Corporate,ICE,REST,Standard,114
2024,11,NISSAN,08,Barcelona,Private,BEV,REST,Standard,1
2024,11,NISSAN,08,Barcelona,Private,ICE,REST,Standard,174
2024,11,OMODA,08,Barcelona,Corporate,BEV,REST,Standard,5
2024,11,OMODA,08,Barcelona,Corporate,ICE,REST,Standard,5
2024,11,OMODA,08,Barcelona,Private,BEV,REST,Standard,6
2024,11,OMODA,08,Barcelona,Private,ICE,REST,Standard,131
2024,11,OMODA,08,Barcelona,RAC,ICE,REST,Standard,2
2024,11,OPEL,08,Barcelona,Corporate,BEV,REST,Standard,3
2024,11,OPEL,08,Barcelona,Corporate,ICE,REST,Standard,122
2024,11,OPEL,08,Barcelona,Private,ICE,REST,Standard,50
2024,11,PEUGEOT,08,Barcelona,Corporate,BEV,REST,Standard,7
2024,11,PEUGEOT,08,Barcelona,Corporate,ICE,REST,Standard,122
2024,11,PEUGEOT,08,Barcelona,Private,BEV,REST,Standard,8
2024,11,PEUGEOT,08,Barcelona,Private,ICE,REST,Standard,128
2024,11,PEUGEOT,08,Barcelona,Private,PHEV,REST,Standard,6
2024,11,POLESTAR,08,Barcelona,Corporate,BEV,FOCUS SEGMENT,Standard,1
2024,11,PORSCHE,08,Barcelona,Corporate,BEV,FOCUS SEGMENT,M,2
2024,11,PORSCHE,08,Barcelona,Corporate,BEV,FOCUS SEGMENT,M Performance,2
2024,11,PORSCHE,08,Barcelona,Corporate,BEV,FOCUS SEGMENT,Standard,4
2024,11,PORSCHE,08,Barcelona,Corporate,ICE,FOCUS SEGMENT,M,2
2024,11,PORSCHE,08,Barcelona,Corporate,ICE,FOCUS SEGMENT,M Performance,1
2024,11,PORSCHE,08,Barcelona,Corporate,ICE,FOCUS SEGMENT,Standard,6
2024,11,PORSCHE,08,Barcelona,Corporate,PHEV,FOCUS SEGMENT,M,1
2024,11,PORSCHE,08,Barcelona,Corporate,PHEV,FOCUS SEGMENT,M Performance,2
2024,11,PORSCHE,08,Barcelona,Corporate,PHEV,FOCUS SEGMENT,Standard,7
2024,11,PORSCHE,08,Barcelona,Private,BEV,FOCUS SEGMENT,M,1
2024,11,PORSCHE,08,Barcelona,Private,BEV,FOCUS SEGMENT,M Performance,5
2024,11,PORSCHE,08,Barcelona,Private,BEV,FOCUS SEGMENT,Standard,3
2024,11,PORSCHE,08,Barcelona,Private,ICE,FOCUS SEGMENT,M,1
2024,11,PORSCHE,08,Barcelona,Private,ICE,FOCUS SEGMENT,Standard,5
2024,11,PORSCHE,08,Barcelona,Private,PHEV,FOCUS SEGMENT,M,1
2024,11,PORSCHE,08,Barcelona,Private,PHEV,FOCUS SEGMENT,Standard,2
2024,11,RENAULT,08,Barcelona,Corporate,BEV,REST,Standard,1
2024,11,RENAULT,08,Barcelona,Corporate,ICE,REST,Standard,68
2024,11,RENAULT,08,Barcelona,Corporate,PHEV,REST,Standard,2
2024,11,RENAULT,08,Barcelona,Private,BEV,REST,Standard,5
2024,11,RENAULT,08,Barcelona,Private,ICE,REST,Standard,278
2024,11,RENAULT,08,Barcelona,Private,PHEV,REST,Standard,1
2024,11,SEAT,08,Barcelona,Corporate,ICE,REST,Standard,150
2024,11,SEAT,08,Barcelona,Corporate,PHEV,REST,Standard,2
2024,11,SEAT,08,Barcelona,Private,ICE,REST,Standard,418
2024,11,SEAT,08,Barcelona,Private,PHEV,REST,Standard,2
2024,11,SEAT,08,Barcelona,RAC,ICE,REST,Standard,2
2024,11,SHINERAY,08,Barcelona,Private,ICE,REST,Standard,1
2024,11,SIN MARCA,08,Barcelona,Corporate,PHEV,REST,Standard,1
2024,11,SIN MARCA,08,Barcelona,Private,ICE,REST,Standard,3
2024,11,SIN MARCA,08,Barcelona,Private,PHEV,REST,Standard,2
2024,11,SKODA,08,Barcelona,Corporate,ICE,REST,Standard,57
2024,11,SKODA,08,Barcelona,Corporate,PHEV,REST,Standard,2
2024,11,SKODA,08,Barcelona,Private,BEV,REST,Standard,2
2024,11,SKODA,08,Barcelona,Private,ICE,REST,Standard,174
2024,11,SKODA,08,Barcelona,Private,PHEV,REST,Standard,2
2024,11,SKODA,08,Barcelona,RAC,ICE,REST,Standard,2
2024,11,SMART,08,Barcelona,Corporate,BEV,FOCUS SEGMENT,Standard,2
2024,11,SMART,08,Barcelona,Private,BEV,FOCUS SEGMENT,Standard,8
2024,11,SSANGYONG,08,Barcelona,Private,BEV,REST,Standard,2
2024,11,SSANGYONG,08,Barcelona,Private,ICE,REST,Standard,3
2024,11,SUBARU,08,Barcelona,Corporate,ICE,REST,Standard,6
2024,11,SUBARU,08,Barcelona,Private,ICE,REST,Standard,19
2024,11,SUZUKI,08,Barcelona,Corporate,ICE,REST,Standard,60
2024,11,SUZUKI,08,Barcelona,Private,ICE,REST,Standard,42
2024,11,TESLA,08,Barcelona,Corporate,BEV,FOCUS SEGMENT,Standard,57
2024,11,TESLA,08,Barcelona,Private,BEV,FOCUS SEGMENT,Standard,196
2024,11,TOYOTA,08,Barcelona,Corporate,ICE,REST,Standard,173
2024,11,TOYOTA,08,Barcelona,Corporate,PHEV,REST,Standard,7
2024,11,TOYOTA,08,Barcelona,Private,BEV,REST,Standard,2
2024,11,TOYOTA,08,Barcelona,Private,ICE,REST,Standard,835
2024,11,TOYOTA,08,Barcelona,Private,PHEV,REST,Standard,51
2024,11,VOLKSWAGEN,08,Barcelona,Corporate,BEV,REST,Standard,7
2024,11,VOLKSWAGEN,08,Barcelona,Corporate,ICE,REST,Standard,194
2024,11,VOLKSWAGEN,08,Barcelona,Corporate,PHEV,REST,Standard,10
2024,11,VOLKSWAGEN,08,Barcelona,Private,BEV,REST,Standard,2
2024,11,VOLKSWAGEN,08,Barcelona,Private,ICE,REST,Standard,399
2024,11,VOLKSWAGEN,08,Barcelona,Private,PHEV,REST,Standard,13
2024,11,VOLVO,08,Barcelona,Corporate,BEV,FOCUS SEGMENT,Standard,6
2024,11,VOLVO,08,Barcelona,Corporate,ICE,FOCUS SEGMENT,Standard,27
2024,11,VOLVO,08,Barcelona,Corporate,PHEV,FOCUS SEGMENT,Standard,5
2024,11,VOLVO,08,Barcelona,Private,BEV,FOCUS SEGMENT,Standard,9
2024,11,VOLVO,08,Barcelona,Private,ICE,FOCUS SEGMENT,Standard,35
2024,11,VOLVO,08,Barcelona,Private,PHEV,FOCUS SEGMENT,Standard,1
2024,11,XPENG,08,Barcelona,Private,BEV,FOCUS SEGMENT,Standard,1
2024,11,ALFA ROMEO,09,Burgos,Private,ICE,REST,Standard,2
2024,11,AUDI,09,Burgos,Corporate,ICE,FOCUS SEGMENT,Standard,4
2024,11,AUDI,09,Burgos,Corporate,PHEV,FOCUS SEGMENT,Standard,2
2024,11,AUDI,09,Burgos,Private,ICE,FOCUS SEGMENT,Standard,7
2024,11,BMW,09,Burgos,Corporate,ICE,FOCUS SEGMENT,Standard,2
2024,11,BMW,09,Burgos,Private,BEV,FOCUS SEGMENT,Standard,1
2024,11,BMW,09,Burgos,Private,ICE,FOCUS SEGMENT,Standard,6
2024,11,BYD,09,Burgos,Private,BEV,REST,Standard,1
2024,11,CITROEN,09,Burgos,Corporate,ICE,REST,Standard,1
2024,11,CITROEN,09,Burgos,Private,ICE,REST,Standard,9
2024,11,CUPRA,09,Burgos,Corporate,ICE,REST,Standard,3
2024,11,CUPRA,09,Burgos,Private,ICE,REST,Standard,2
2024,11,CUPRA,09,Burgos,Private,PHEV,REST,Standard,1
2024,11,DACIA,09,Burgos,Corporate,ICE,REST,Standard,2
2024,11,DACIA,09,Burgos,Private,BEV,REST,Standard,1
2024,11,DACIA,09,Burgos,Private,ICE,REST,Standard,25
2024,11,FORD,09,Burgos,Private,ICE,REST,Standard,4
2024,11,HYUNDAI,09,Burgos,Corporate,ICE,REST,Standard,10
2024,11,HYUNDAI,09,Burgos,Private,ICE,REST,Standard,12
2024,11,HYUNDAI,09,Burgos,Private,PHEV,REST,Standard,1
2024,11,HYUNDAI,09,Burgos,RAC,ICE,REST,Standard,1
2024,11,JAECOO,09,Burgos,Corporate,ICE,REST,Standard,1
2024,11,JAECOO,09,Burgos,Private,ICE,REST,Standard,1
2024,11,KIA,09,Burgos,Private,BEV,REST,Standard,2
2024,11,KIA,09,Burgos,Private,ICE,REST,Standard,23
2024,11,LEXUS,09,Burgos,Corporate,ICE,FOCUS SEGMENT,Standard,7
2024,11,MAZDA,09,Burgos,Private,ICE,REST,Standard,7
2024,11,MAZDA,09,Burgos,Private,PHEV,REST,Standard,1
2024,11,MERCEDES,09,Burgos,Corporate,ICE,FOCUS SEGMENT,Standard,3
2024,11,MERCEDES,09,Burgos,Private,ICE,FOCUS SEGMENT,M,1
2024,11,MERCEDES,09,Burgos,Private,ICE,FOCUS SEGMENT,Standard,5
2024,11,MERCEDES,09,Burgos,Private,PHEV,FOCUS SEGMENT,Standard,3
2024,11,MG,09,Burgos,Corporate,ICE,REST,Standard,4
2024,11,MG,09,Burgos,Private,BEV,REST,Standard,1
2024,11,MG,09,Burgos,Private,ICE,REST,Standard,9
2024,11,MG,09,Burgos,Private,PHEV,REST,Standard,3
2024,11,MINI,09,Burgos,Private,BEV,FOCUS SEGMENT,Standard,1
2024,11,MINI,09,Burgos,Private,ICE,FOCUS SEGMENT,Standard,1
2024,11,MITSUBISHI,09,Burgos,Private,ICE,REST,Standard,5
2024,11,MITSUBISHI,09,Burgos,Private,PHEV,REST,Standard,1
2024,11,NISSAN,09,Burgos,Corporate,ICE,REST,Standard,1
2024,11,NISSAN,09,Burgos,Private,ICE,REST,Standard,9
2024,11,OMODA,09,Burgos,Corporate,ICE,REST,Standard,2
2024,11,OMODA,09,Burgos,Private,ICE,REST,Standard,4
2024,11,PEUGEOT,09,Burgos,Corporate,ICE,REST,Standard,15
2024,11,PEUGEOT,09,Burgos,Private,BEV,REST,Standard,1
2024,11,PEUGEOT,09,Burgos,Private,ICE,REST,Standard,2
2024,11,PORSCHE,09,Burgos,Corporate,PHEV,FOCUS SEGMENT,Standard,1
2024,11,RENAULT,09,Burgos,Corporate,BEV,REST,Standard,1
2024,11,RENAULT,09,Burgos,Corporate,ICE,REST,Standard,12
2024,11,RENAULT,09,Burgos,Corporate,PHEV,REST,Standard,1
2024,11,RENAULT,09,Burgos,Private,ICE,REST,Standard,12
2024,11,SEAT,09,Burgos,Corporate,ICE,REST,Standard,9
2024,11,SEAT,09,Burgos,Private,ICE,REST,Standard,18
2024,11,SKODA,09,Burgos,Corporate,ICE,REST,Standard,3
2024,11,SKODA,09,Burgos,Private,ICE,REST,Standard,16
2024,11,SUBARU,09,Burgos,Corporate,ICE,REST,Standard,2
2024,11,SUZUKI,09,Burgos,Private,ICE,REST,Standard,1
2024,11,TESLA,09,Burgos,Private,BEV,FOCUS SEGMENT,Standard,4
2024,11,TOYOTA,09,Burgos,Corporate,BEV,REST,Standard,1
2024,11,TOYOTA,09,Burgos,Corporate,ICE,REST,Standard,6
2024,11,TOYOTA,09,Burgos,Private,ICE,REST,Standard,28
2024,11,VOLKSWAGEN,09,Burgos,Corporate,ICE,REST,Standard,5
2024,11,VOLKSWAGEN,09,Burgos,Private,ICE,REST,Standard,11
2024,11,VOLVO,09,Burgos,Corporate,ICE,FOCUS SEGMENT,Standard,2
2024,11,VOLVO,09,Burgos,Private,ICE,FOCUS SEGMENT,Standard,7
2024,11,AUDI,10,Cáceres,Corporate,ICE,FOCUS SEGMENT,Standard,2
2024,11,AUDI,10,Cáceres,Private,ICE,FOCUS SEGMENT,Standard,7
2024,11,BMW,10,Cáceres,Corporate,ICE,FOCUS SEGMENT,M Performance,1
2024,11,BMW,10,Cáceres,Corporate,ICE,FOCUS SEGMENT,Standard,2
2024,11,BMW,10,Cáceres,Private,ICE,FOCUS SEGMENT,Standard,10
2024,11,BYD,10,Cáceres,Private,BEV,REST,Standard,4
2024,11,BYD,10,Cáceres,Private,PHEV,REST,Standard,1
2024,11,CITROEN,10,Cáceres,Corporate,ICE,REST,Standard,8
2024,11,CITROEN,10,Cáceres,Private,BEV,REST,Standard,2
2024,11,CITROEN,10,Cáceres,Private,ICE,REST,Standard,8
2024,11,CUPRA,10,Cáceres,Private,ICE,REST,Standard,4
2024,11,DACIA,10,Cáceres,Corporate,ICE,REST,Standard,2
2024,11,DACIA,10,Cáceres,Private,ICE,REST,Standard,36
2024,11,FIAT,10,Cáceres,Private,ICE,REST,Standard,1
2024,11,FORD,10,Cáceres,Corporate,ICE,REST,Standard,1
2024,11,FORD,10,Cáceres,Private,ICE,REST,Standard,6
2024,11,FORD,10,Cáceres,Private,PHEV,REST,Standard,1
2024,11,HYUNDAI,10,Cáceres,Private,ICE,REST,Standard,13
2024,11,JAECOO,10,Cáceres,Private,ICE,REST,Standard,3
2024,11,JEEP,10,Cáceres,Private,ICE,REST,Standard,1
2024,11,KIA,10,Cáceres,Corporate,ICE,REST,Standard,1
2024,11,KIA,10,Cáceres,Private,BEV,REST,Standard,2
2024,11,KIA,10,Cáceres,Private,ICE,REST,Standard,23
2024,11,MAZDA,10,Cáceres,Corporate,ICE,REST,Standard,2
2024,11,MAZDA,10,Cáceres,Private,ICE,REST,Standard,2
2024,11,MERCEDES,10,Cáceres,Corporate,BEV,FOCUS SEGMENT,Standard,3
2024,11,MERCEDES,10,Cáceres,Corporate,ICE,FOCUS SEGMENT,M Performance,1
2024,11,MERCEDES,10,Cáceres,Corporate,ICE,REST,Standard,1
2024,11,MERCEDES,10,Cáceres,Private,BEV,FOCUS SEGMENT,Standard,1
2024,11,MERCEDES,10,Cáceres,Private,ICE,FOCUS SEGMENT,Standard,3
2024,11,MERCEDES,10,Cáceres,Private,PHEV,FOCUS SEGMENT,Standard,1
2024,11,MG,10,Cáceres,Private,ICE,REST,Standard,13
2024,11,MITSUBISHI,10,Cáceres,Private,ICE,REST,Standard,1
2024,11,NISSAN,10,Cáceres,Corporate,ICE,REST,Standard,5
2024,11,NISSAN,10,Cáceres,Private,ICE,REST,Standard,4
2024,11,OMODA,10,Cáceres,Private,ICE,REST,Standard,4
2024,11,OPEL,10,Cáceres,Corporate,ICE,REST,Standard,22
2024,11,OPEL,10,Cáceres,Private,ICE,REST,Standard,2
2024,11,PEUGEOT,10,Cáceres,Corporate,ICE,REST,Standard,1
2024,11,PEUGEOT,10,Cáceres,Private,ICE,REST,Standard,2
2024,11,RENAULT,10,Cáceres,Corporate,ICE,REST,Standard,1
2024,11,RENAULT,10,Cáceres,Private,ICE,REST,Standard,21
2024,11,SEAT,10,Cáceres,Corporate,ICE,REST,Standard,5
2024,11,SEAT,10,Cáceres,Private,ICE,REST,Standard,6
2024,11,SEAT,10,Cáceres,RAC,ICE,REST,Standard,2
2024,11,SKODA,10,Cáceres,Private,ICE,REST,Standard,8
2024,11,SUZUKI,10,Cáceres,Private,ICE,REST,Standard,1
2024,11,TESLA,10,Cáceres,Private,BEV,FOCUS SEGMENT,Standard,5
2024,11,TOYOTA,10,Cáceres,Corporate,ICE,REST,Standard,1
2024,11,TOYOTA,10,Cáceres,Private,ICE,REST,Standard,32
2024,11,TOYOTA,10,Cáceres,Private,PHEV,REST,Standard,1
2024,11,TOYOTA,10,Cáceres,RAC,ICE,REST,Standard,2
2024,11,VOLKSWAGEN,10,Cáceres,Private,ICE,REST,Standard,12
2024,11,VOLVO,10,Cáceres,Private,ICE,FOCUS SEGMENT,Standard,9
2024,11,ABARTH,11,Cádiz,Private,BEV,REST,Standard,1
2024,11,ACURA,11,Cádiz,Corporate,ICE,REST,Standard,1
2024,11,AUDI,11,Cádiz,Corporate,ICE,FOCUS SEGMENT,Standard,8
2024,11,AUDI,11,Cádiz,Private,ICE,FOCUS SEGMENT,Standard,25
2024,11,AUDI,11,Cádiz,Private,PHEV,FOCUS SEGMENT,Standard,2
2024,11,BMW,11,Cádiz,Corporate,ICE,FOCUS SEGMENT,Standard,5
2024,11,BMW,11,Cádiz,Private,BEV,FOCUS SEGMENT,Standard,2
2024,11,BMW,11,Cádiz,Private,ICE,FOCUS SEGMENT,Standard,25
2024,11,BMW,11,Cádiz,Private,PHEV,FOCUS SEGMENT,Standard,1
2024,11,BYD,11,Cádiz,Corporate,BEV,REST,Standard,5
2024,11,BYD,11,Cádiz,Corporate,PHEV,REST,Standard,1
2024,11,BYD,11,Cádiz,Private,BEV,REST,Standard,10
2024,11,BYD,11,Cádiz,Private,PHEV,REST,Standard,7
2024,11,CHEVROLET,11,Cádiz,Corporate,ICE,REST,Standard,1
2024,11,CHRYSLER,11,Cádiz,Corporate,ICE,REST,Standard,1
2024,11,CITROEN,11,Cádiz,Corporate,ICE,REST,Standard,1
2024,11,CITROEN,11,Cádiz,Private,BEV,REST,Standard,1
2024,11,CITROEN,11,Cádiz,Private,ICE,REST,Standard,22
2024,11,CITROEN,11,Cádiz,Private,PHEV,REST,Standard,2
2024,11,CUPRA,11,Cádiz,Corporate,ICE,REST,Standard,9
2024,11,CUPRA,11,Cádiz,Private,ICE,REST,Standard,6
2024,11,DACIA,11,Cádiz,Corporate,BEV,REST,Standard,1
2024,11,DACIA,11,Cádiz,Corporate,ICE,REST,Standard,10
2024,11,DACIA,11,Cádiz,Private,BEV,REST,Standard,3
2024,11,DACIA,11,Cádiz,Private,ICE,REST,Standard,109
2024,11,DFSK,11,Cádiz,Private,ICE,,Standard,1
2024,11,FERRARI,11,Cádiz,Private,PHEV,FOCUS SEGMENT,Standard,1
2024,11,FIAT,11,Cádiz,Corporate,ICE,REST,Standard,1
2024,11,FIAT,11,Cádiz,Private,BEV,REST,Standard,1
2024,11,FIAT,11,Cádiz,Private,ICE,REST,Standard,3
2024,11,FORD,11,Cádiz,Corporate,BEV,REST,Standard,2
2024,11,FORD,11,Cádiz,Corporate,ICE,REST,Standard,6
2024,11,FORD,11,Cádiz,Corporate,PHEV,REST,Standard,1
2024,11,FORD,11,Cádiz,Private,ICE,REST,Standard,19
2024,11,FORD,11,Cádiz,Private,PHEV,REST,Standard,1
2024,11,GMC,11,Cádiz,Corporate,ICE,REST,Standard,1
2024,11,HONDA,11,Cádiz,Corporate,ICE,REST,Standard,14
2024,11,HONDA,11,Cádiz,Private,ICE,REST,Standard,2
2024,11,HYUNDAI,11,Cádiz,Corporate,ICE,REST,Standard,24
2024,11,HYUNDAI,11,Cádiz,Corporate,PHEV,REST,Standard,1
2024,11,HYUNDAI,11,Cádiz,Private,BEV,REST,Standard,1
2024,11,HYUNDAI,11,Cádiz,Private,ICE,REST,Standard,81
2024,11,HYUNDAI,11,Cádiz,Private,PHEV,REST,Standard,4
2024,11,JAECOO,11,Cádiz,Corporate,ICE,REST,Standard,1
2024,11,JAECOO,11,Cádiz,Private,ICE,REST,Standard,6
2024,11,JEEP,11,Cádiz,Corporate,BEV,REST,Standard,1
2024,11,JEEP,11,Cádiz,Corporate,ICE,REST,Standard,3
2024,11,JEEP,11,Cádiz,Corporate,PHEV,REST,Standard,2
2024,11,JEEP,11,Cádiz,Private,ICE,REST,Standard,7
2024,11,KG MOBILITY,11,Cádiz,Private,ICE,REST,Standard,3
2024,11,KIA,11,Cádiz,Corporate,BEV,REST,Standard,1
2024,11,KIA,11,Cádiz,Corporate,ICE,REST,Standard,11
2024,11,KIA,11,Cádiz,Private,BEV,REST,Standard,1
2024,11,KIA,11,Cádiz,Private,ICE,REST,Standard,63
2024,11,LAND ROVER,11,Cádiz,Corporate,ICE,FOCUS SEGMENT,Standard,1
2024,11,LAND ROVER,11,Cádiz,Corporate,PHEV,FOCUS SEGMENT,Standard,2
2024,11,LAND ROVER,11,Cádiz,Private,ICE,FOCUS SEGMENT,Standard,2
2024,11,LAND ROVER,11,Cádiz,Private,PHEV,FOCUS SEGMENT,Standard,1
2024,11,LEAPMOTOR,11,Cádiz,Private,BEV,REST,Standard,1
2024,11,LEXUS,11,Cádiz,Corporate,ICE,FOCUS SEGMENT,Standard,4
2024,11,LEXUS,11,Cádiz,Private,BEV,FOCUS SEGMENT,Standard,1
2024,11,LEXUS,11,Cádiz,Private,ICE,FOCUS SEGMENT,Standard,4
2024,11,MAZDA,11,Cádiz,Corporate,ICE,REST,Standard,8
2024,11,MAZDA,11,Cádiz,Private,ICE,REST,Standard,19
2024,11,MERCEDES,11,Cádiz,Corporate,BEV,FOCUS SEGMENT,M Performance,1
2024,11,MERCEDES,11,Cádiz,Corporate,BEV,FOCUS SEGMENT,Standard,5
2024,11,MERCEDES,11,Cádiz,Corporate,ICE,FOCUS SEGMENT,Standard,9
2024,11,MERCEDES,11,Cádiz,Corporate,ICE,REST,Standard,5
2024,11,MERCEDES,11,Cádiz,Corporate,PHEV,FOCUS SEGMENT,Standard,3
2024,11,MERCEDES,11,Cádiz,Private,BEV,FOCUS SEGMENT,M Performance,1
2024,11,MERCEDES,11,Cádiz,Private,BEV,FOCUS SEGMENT,Standard,3
2024,11,MERCEDES,11,Cádiz,Private,ICE,FOCUS SEGMENT,M Performance,1
2024,11,MERCEDES,11,Cádiz,Private,ICE,FOCUS SEGMENT,Standard,8
2024,11,MERCEDES,11,Cádiz,Private,ICE,REST,Standard,2
2024,11,MERCEDES,11,Cádiz,Private,PHEV,FOCUS SEGMENT,M Performance,1
2024,11,MERCEDES,11,Cádiz,Private,PHEV,FOCUS SEGMENT,Standard,5
2024,11,MG,11,Cádiz,Corporate,BEV,REST,Standard,1
2024,11,MG,11,Cádiz,Corporate,ICE,REST,Standard,15
2024,11,MG,11,Cádiz,Private,ICE,REST,Standard,81
2024,11,MG,11,Cádiz,Private,PHEV,REST,Standard,3
2024,11,MINI,11,Cádiz,Corporate,ICE,FOCUS SEGMENT,Standard,7
2024,11,MINI,11,Cádiz,Private,BEV,FOCUS SEGMENT,Standard,4
2024,11,MINI,11,Cádiz,Private,ICE,FOCUS SEGMENT,Standard,7
2024,11,MITSUBISHI,11,Cádiz,Corporate,ICE,REST,Standard,1
2024,11,MITSUBISHI,11,Cádiz,Private,ICE,REST,Standard,9
2024,11,MITSUBISHI,11,Cádiz,Private,PHEV,REST,Standard,2
2024,11,NISSAN,11,Cádiz,Corporate,ICE,REST,Standard,21
2024,11,NISSAN,11,Cádiz,Private,ICE,REST,Standard,46
2024,11,OMODA,11,Cádiz,Corporate,ICE,REST,Standard,1
2024,11,OMODA,11,Cádiz,Private,ICE,REST,Standard,16
2024,11,OPEL,11,Cádiz,Private,ICE,REST,Standard,10
2024,11,OPEL,11,Cádiz,Private,PHEV,REST,Standard,1
2024,11,PEUGEOT,11,Cádiz,Corporate,BEV,REST,Standard,1
2024,11,PEUGEOT,11,Cádiz,Corporate,ICE,REST,Standard,7
2024,11,PEUGEOT,11,Cádiz,Private,BEV,REST,Standard,2
2024,11,PEUGEOT,11,Cádiz,Private,ICE,REST,Standard,58
2024,11,PEUGEOT,11,Cádiz,Private,PHEV,REST,Standard,1
2024,11,PORSCHE,11,Cádiz,Corporate,ICE,FOCUS SEGMENT,Standard,1
2024,11,PORSCHE,11,Cádiz,Private,PHEV,FOCUS SEGMENT,Standard,1
2024,11,RENAULT,11,Cádiz,Corporate,BEV,REST,Standard,3
2024,11,RENAULT,11,Cádiz,Corporate,ICE,REST,Standard,16
2024,11,RENAULT,11,Cádiz,Corporate,PHEV,REST,Standard,1
2024,11,RENAULT,11,Cádiz,Private,ICE,REST,Standard,103
2024,11,SEAT,11,Cádiz,Corporate,ICE,REST,Standard,18
2024,11,SEAT,11,Cádiz,Private,ICE,REST,Standard,71
2024,11,SHINERAY,11,Cádiz,Private,ICE,REST,Standard,1
2024,11,SKODA,11,Cádiz,Corporate,ICE,REST,Standard,4
2024,11,SKODA,11,Cádiz,Private,ICE,REST,Standard,83
2024,11,SKODA,11,Cádiz,Private,PHEV,REST,Standard,1
2024,11,SSANGYONG,11,Cádiz,Private,ICE,REST,Standard,2
2024,11,SUBARU,11,Cádiz,Corporate,ICE,REST,Standard,2
2024,11,SUBARU,11,Cádiz,Private,ICE,REST,Standard,2
2024,11,SUZUKI,11,Cádiz,Corporate,ICE,REST,Standard,1
2024,11,SUZUKI,11,Cádiz,Private,ICE,REST,Standard,12
2024,11,TESLA,11,Cádiz,Corporate,BEV,FOCUS SEGMENT,Standard,3
2024,11,TESLA,11,Cádiz,Private,BEV,FOCUS SEGMENT,Standard,10
2024,11,TOYOTA,11,Cádiz,Corporate,ICE,REST,Standard,32
2024,11,TOYOTA,11,Cádiz,Corporate,PHEV,REST,Standard,1
2024,11,TOYOTA,11,Cádiz,Private,ICE,REST,Standard,141
2024,11,TOYOTA,11,Cádiz,Private,PHEV,REST,Standard,4
2024,11,TOYOTA,11,Cádiz,RAC,ICE,REST,Standard,1
2024,11,VOLKSWAGEN,11,Cádiz,Corporate,ICE,REST,Standard,27
2024,11,VOLKSWAGEN,11,Cádiz,Private,ICE,REST,Standard,92
2024,11,VOLVO,11,Cádiz,Corporate,ICE,FOCUS SEGMENT,Standard,9
2024,11,VOLVO,11,Cádiz,Corporate,PHEV,FOCUS SEGMENT,Standard,1
2024,11,VOLVO,11,Cádiz,Private,BEV,FOCUS SEGMENT,Standard,3
2024,11,VOLVO,11,Cádiz,Private,ICE,FOCUS SEGMENT,Standard,9
2024,11,XPENG,11,Cádiz,Private,BEV,FOCUS SEGMENT,Standard,1
2024,11,ALFA ROMEO,12,Castellón,Corporate,ICE,REST,Standard,1
2024,11,ALFA ROMEO,12,Castellón,Private,ICE,REST,Standard,2
2024,11,AUDI,12,Castellón,Corporate,ICE,FOCUS SEGMENT,M Performance,1
2024,11,AUDI,12,Castellón,Corporate,ICE,FOCUS SEGMENT,Standard,3
2024,11,AUDI,12,Castellón,Private,ICE,FOCUS SEGMENT,Standard,12
2024,11,AUDI,12,Castellón,Private,PHEV,FOCUS SEGMENT,Standard,1
2024,11,AUDI,12,Castellón,RAC,ICE,FOCUS SEGMENT,Standard,1
2024,11,BENTLEY,12,Castellón,Corporate,PHEV,FOCUS SEGMENT,Standard,2
2024,11,BMW,12,Castellón,Corporate,ICE,FOCUS SEGMENT,Standard,5
2024,11,BMW,12,Castellón,Private,BEV,FOCUS SEGMENT,Standard,2
2024,11,BMW,12,Castellón,Private,ICE,FOCUS SEGMENT,M Performance,1
2024,11,BMW,12,Castellón,Private,ICE,FOCUS SEGMENT,Standard,7
2024,11,BMW,12,Castellón,Private,PHEV,FOCUS SEGMENT,Standard,1
2024,11,BMW,12,Castellón,RAC,ICE,FOCUS SEGMENT,M Performance,1
2024,11,CITROEN,12,Castellón,Corporate,BEV,REST,Standard,3
2024,11,CITROEN,12,Castellón,Corporate,ICE,REST,Standard,5
2024,11,CITROEN,12,Castellón,Private,BEV,REST,Standard,4
2024,11,CITROEN,12,Castellón,Private,ICE,REST,Standard,17
2024,11,CUPRA,12,Castellón,Corporate,ICE,REST,Standard,1
2024,11,CUPRA,12,Castellón,Corporate,PHEV,REST,Standard,2
2024,11,CUPRA,12,Castellón,Private,ICE,REST,Standard,2
2024,11,CUPRA,12,Castellón,Private,PHEV,REST,Standard,1
2024,11,DACIA,12,Castellón,Corporate,ICE,REST,Standard,14
2024,11,DACIA,12,Castellón,Private,BEV,REST,Standard,1
2024,11,DACIA,12,Castellón,Private,ICE,REST,Standard,46
2024,11,DR,12,Castellón,Corporate,ICE,REST,Standard,1
2024,11,DR,12,Castellón,Private,ICE,REST,Standard,2
2024,11,EVO,12,Castellón,Corporate,ICE,REST,Standard,1
2024,11,FIAT,12,Castellón,Private,ICE,REST,Standard,2
2024,11,FORD,12,Castellón,Corporate,ICE,REST,Standard,5
2024,11,FORD,12,Castellón,Corporate,PHEV,REST,Standard,1
2024,11,FORD,12,Castellón,Private,BEV,REST,Standard,1
2024,11,FORD,12,Castellón,Private,ICE,REST,Standard,14
2024,11,FORD,12,Castellón,RAC,ICE,REST,Standard,11
2024,11,HONDA,12,Castellón,Private,ICE,REST,Standard,3
2024,11,HYUNDAI,12,Castellón,Corporate,ICE,REST,Standard,6
2024,11,HYUNDAI,12,Castellón,Private,BEV,REST,Standard,1
2024,11,HYUNDAI,12,Castellón,Private,ICE,REST,Standard,15
2024,11,HYUNDAI,12,Castellón,Private,PHEV,REST,Standard,5
2024,11,JAECOO,12,Castellón,Corporate,ICE,REST,Standard,1
2024,11,JAECOO,12,Castellón,Private,ICE,REST,Standard,8
2024,11,JEEP,12,Castellón,Private,PHEV,REST,Standard,1
2024,11,KG MOBILITY,12,Castellón,Private,ICE,REST,Standard,1
2024,11,KIA,12,Castellón,Corporate,ICE,REST,Standard,1
2024,11,KIA,12,Castellón,Private,BEV,REST,Standard,1
2024,11,KIA,12,Castellón,Private,ICE,REST,Standard,48
2024,11,LAND ROVER,12,Castellón,Corporate,ICE,FOCUS SEGMENT,Standard,1
2024,11,LEAPMOTOR,12,Castellón,Corporate,BEV,REST,Standard,2
2024,11,LEXUS,12,Castellón,Corporate,ICE,FOCUS SEGMENT,Standard,4
2024,11,LEXUS,12,Castellón,Private,ICE,FOCUS SEGMENT,Standard,2
2024,11,LEXUS,12,Castellón,Private,PHEV,FOCUS SEGMENT,Standard,1
2024,11,MAZDA,12,Castellón,Corporate,ICE,REST,Standard,3
2024,11,MAZDA,12,Castellón,Private,ICE,REST,Standard,17
2024,11,MAZDA,12,Castellón,Private,PHEV,REST,Standard,1
2024,11,MERCEDES,12,Castellón,Corporate,BEV,FOCUS SEGMENT,Standard,1
2024,11,MERCEDES,12,Castellón,Corporate,ICE,FOCUS SEGMENT,Standard,23
2024,11,MERCEDES,12,Castellón,Private,ICE,FOCUS SEGMENT,Standard,6
2024,11,MERCEDES,12,Castellón,Private,ICE,REST,Standard,1
2024,11,MERCEDES,12,Castellón,Private,PHEV,FOCUS SEGMENT,Standard,4
2024,11,MG,12,Castellón,Corporate,BEV,REST,Standard,1
2024,11,MG,12,Castellón,Private,ICE,REST,Standard,37
2024,11,MINI,12,Castellón,Corporate,BEV,FOCUS SEGMENT,Standard,2
2024,11,MINI,12,Castellón,Private,BEV,FOCUS SEGMENT,Standard,3
2024,11,MINI,12,Castellón,Private,ICE,FOCUS SEGMENT,Standard,3
2024,11,MITSUBISHI,12,Castellón,Private,ICE,REST,Standard,2
2024,11,NISSAN,12,Castellón,Corporate,ICE,REST,Standard,1
2024,11,NISSAN,12,Castellón,Private,BEV,REST,Standard,1
2024,11,NISSAN,12,Castellón,Private,ICE,REST,Standard,8
2024,11,OMODA,12,Castellón,Corporate,ICE,REST,Standard,3
2024,11,OMODA,12,Castellón,Private,ICE,REST,Standard,20
2024,11,OPEL,12,Castellón,Private,ICE,REST,Standard,2
2024,11,PEUGEOT,12,Castellón,Corporate,ICE,REST,Standard,23
2024,11,PEUGEOT,12,Castellón,Private,ICE,REST,Standard,13
2024,11,PORSCHE,12,Castellón,Corporate,PHEV,FOCUS SEGMENT,Standard,1
2024,11,PORSCHE,12,Castellón,Private,BEV,FOCUS SEGMENT,Standard,1
2024,11,RENAULT,12,Castellón,Corporate,ICE,REST,Standard,38
2024,11,RENAULT,12,Castellón,Private,ICE,REST,Standard,19
2024,11,SEAT,12,Castellón,Corporate,ICE,REST,Standard,36
2024,11,SEAT,12,Castellón,Private,ICE,REST,Standard,18
2024,11,SEAT,12,Castellón,RAC,ICE,REST,Standard,1
2024,11,SKODA,12,Castellón,Corporate,ICE,REST,Standard,20
2024,11,SKODA,12,Castellón,Private,ICE,REST,Standard,8
2024,11,SUZUKI,12,Castellón,Corporate,ICE,REST,Standard,1
2024,11,SUZUKI,12,Castellón,Private,ICE,REST,Standard,2
2024,11,TESLA,12,Castellón,Corporate,BEV,FOCUS SEGMENT,Standard,2
2024,11,TESLA,12,Castellón,Private,BEV,FOCUS SEGMENT,Standard,14
2024,11,TOYOTA,12,Castellón,Corporate,ICE,REST,Standard,19
2024,11,TOYOTA,12,Castellón,Corporate,PHEV,REST,Standard,1
2024,11,TOYOTA,12,Castellón,Private,ICE,REST,Standard,55
2024,11,TOYOTA,12,Castellón,Private,PHEV,REST,Standard,2
2024,11,VOLKSWAGEN,12,Castellón,Corporate,ICE,REST,Standard,1
2024,11,VOLKSWAGEN,12,Castellón,Private,ICE,REST,Standard,27
2024,11,VOLKSWAGEN,12,Castellón,Private,PHEV,REST,Standard,2
2024,11,VOLVO,12,Castellón,Private,BEV,FOCUS SEGMENT,Standard,1
2024,11,VOLVO,12,Castellón,Private,ICE,FOCUS SEGMENT,Standard,1
2024,11,ALFA ROMEO,13,Ciudad Real,Private,ICE,REST,Standard,1
2024,11,AUDI,13,Ciudad Real,Corporate,ICE,FOCUS SEGMENT,Standard,2
2024,11,AUDI,13,Ciudad Real,Corporate,PHEV,FOCUS SEGMENT,Standard,1
2024,11,AUDI,13,Ciudad Real,Private,ICE,FOCUS SEGMENT,Standard,1
2024,11,BMW,13,Ciudad Real,Corporate,ICE,FOCUS SEGMENT,Standard,7
2024,11,BMW,13,Ciudad Real,Private,ICE,FOCUS SEGMENT,Standard,6
2024,11,BYD,13,Ciudad Real,Private,BEV,REST,Standard,1
2024,11,CITROEN,13,Ciudad Real,Corporate,BEV,REST,Standard,1
2024,11,CITROEN,13,Ciudad Real,Private,ICE,REST,Standard,6
2024,11,CUPRA,13,Ciudad Real,Corporate,BEV,REST,Standard,2
2024,11,CUPRA,13,Ciudad Real,Corporate,ICE,REST,Standard,1
2024,11,CUPRA,13,Ciudad Real,Private,ICE,REST,Standard,2
2024,11,CUPRA,13,Ciudad Real,Private,PHEV,REST,Standard,1
2024,11,DACIA,13,Ciudad Real,Corporate,ICE,REST,Standard,2
2024,11,DACIA,13,Ciudad Real,Private,BEV,REST,Standard,1
2024,11,DACIA,13,Ciudad Real,Private,ICE,REST,Standard,20
2024,11,DFSK,13,Ciudad Real,Private,ICE,,Standard,3
2024,11,DFSK,13,Ciudad Real,Private,PHEV,REST,Standard,1
2024,11,FIAT,13,Ciudad Real,Private,ICE,REST,Standard,1
2024,11,FORD,13,Ciudad Real,Corporate,BEV,REST,Standard,1
2024,11,FORD,13,Ciudad Real,Corporate,ICE,REST,Standard,1
2024,11,FORD,13,Ciudad Real,Private,ICE,REST,Standard,4
2024,11,HONDA,13,Ciudad Real,Corporate,ICE,REST,Standard,2
2024,11,HONDA,13,Ciudad Real,Private,ICE,REST,Standard,3
2024,11,HONDA,13,Ciudad Real,Private,PHEV,REST,Standard,1
2024,11,HYUNDAI,13,Ciudad Real,Corporate,ICE,REST,Standard,3
2024,11,HYUNDAI,13,Ciudad Real,Private,ICE,REST,Standard,14
2024,11,JAECOO,13,Ciudad Real,Corporate,ICE,REST,Standard,1
2024,11,JAGUAR,13,Ciudad Real,Private,ICE,FOCUS SEGMENT,Standard,1
2024,11,JEEP,13,Ciudad Real,Corporate,ICE,REST,Standard,1
2024,11,JEEP,13,Ciudad Real,Private,ICE,REST,Standard,4
2024,11,KG MOBILITY,13,Ciudad Real,Corporate,ICE,REST,Standard,1
2024,11,KG MOBILITY,13,Ciudad Real,Private,ICE,REST,Standard,5
2024,11,KIA,13,Ciudad Real,Corporate,BEV,REST,Standard,1
2024,11,KIA,13,Ciudad Real,Corporate,ICE,REST,Standard,1
2024,11,KIA,13,Ciudad Real,Private,BEV,REST,Standard,1
2024,11,KIA,13,Ciudad Real,Private,ICE,REST,Standard,27
2024,11,LAND ROVER,13,Ciudad Real,Corporate,ICE,FOCUS SEGMENT,Standard,1
2024,11,LEXUS,13,Ciudad Real,Private,ICE,FOCUS SEGMENT,Standard,2
2024,11,MAZDA,13,Ciudad Real,Corporate,ICE,REST,Standard,3
2024,11,MAZDA,13,Ciudad Real,Private,ICE,REST,Standard,6
2024,11,MERCEDES,13,Ciudad Real,Corporate,ICE,FOCUS SEGMENT,Standard,2
2024,11,MERCEDES,13,Ciudad Real,Corporate,PHEV,FOCUS SEGMENT,M Performance,1
2024,11,MERCEDES,13,Ciudad Real,Corporate,PHEV,FOCUS SEGMENT,Standard,1
2024,11,MERCEDES,13,Ciudad Real,Private,ICE,FOCUS SEGMENT,Standard,3
2024,11,MERCEDES,13,Ciudad Real,Private,ICE,REST,Standard,1
2024,11,MERCEDES,13,Ciudad Real,RAC,ICE,REST,Standard,1
2024,11,MERCEDES-V,13,Ciudad Real,Corporate,ICE,REST,Standard,1
2024,11,MG,13,Ciudad Real,Corporate,ICE,REST,Standard,1
2024,11,MG,13,Ciudad Real,Corporate,PHEV,REST,Standard,1
2024,11,MG,13,Ciudad Real,Private,ICE,REST,Standard,20
2024,11,MG,13,Ciudad Real,Private,PHEV,REST,Standard,6
2024,11,MITSUBISHI,13,Ciudad Real,Corporate,ICE,REST,Standard,2
2024,11,MITSUBISHI,13,Ciudad Real,Private,ICE,REST,Standard,1
2024,11,MITSUBISHI,13,Ciudad Real,Private,PHEV,REST,Standard,1
2024,11,NISSAN,13,Ciudad Real,Private,ICE,REST,Standard,5
2024,11,OMODA,13,Ciudad Real,Corporate,ICE,REST,Standard,1
2024,11,OMODA,13,Ciudad Real,Private,ICE,REST,Standard,4
2024,11,OPEL,13,Ciudad Real,Private,ICE,REST,Standard,1
2024,11,PEUGEOT,13,Ciudad Real,Corporate,ICE,REST,Standard,2
2024,11,PEUGEOT,13,Ciudad Real,Private,ICE,REST,Standard,7
2024,11,RENAULT,13,Ciudad Real,Corporate,BEV,REST,Standard,1
2024,11,RENAULT,13,Ciudad Real,Corporate,ICE,REST,Standard,2
2024,11,RENAULT,13,Ciudad Real,Corporate,PHEV,REST,Standard,1
2024,11,RENAULT,13,Ciudad Real,Private,ICE,REST,Standard,21
2024,11,SEAT,13,Ciudad Real,Corporate,ICE,REST,Standard,8
2024,11,SEAT,13,Ciudad Real,Private,ICE,REST,Standard,27
2024,11,SEAT,13,Ciudad Real,Private,PHEV,REST,Standard,1
2024,11,SKODA,13,Ciudad Real,Corporate,ICE,REST,Standard,10
2024,11,SKODA,13,Ciudad Real,Private,ICE,REST,Standard,4
2024,11,SKODA,13,Ciudad Real,Private,PHEV,REST,Standard,1
2024,11,SUZUKI,13,Ciudad Real,Private,ICE,REST,Standard,2
2024,11,TESLA,13,Ciudad Real,Private,BEV,FOCUS SEGMENT,Standard,6
2024,11,TOYOTA,13,Ciudad Real,Corporate,ICE,REST,Standard,10
2024,11,TOYOTA,13,Ciudad Real,Private,ICE,REST,Standard,17
2024,11,TOYOTA,13,Ciudad Real,Private,PHEV,REST,Standard,3
2024,11,VOLKSWAGEN,13,Ciudad Real,Corporate,ICE,REST,Standard,15
2024,11,VOLKSWAGEN,13,Ciudad Real,Private,ICE,REST,Standard,29
2024,11,VOLVO,13,Ciudad Real,Corporate,BEV,FOCUS SEGMENT,Standard,1
2024,11,VOLVO,13,Ciudad Real,Corporate,ICE,FOCUS SEGMENT,Standard,4
2024,11,VOLVO,13,Ciudad Real,Private,BEV,FOCUS SEGMENT,Standard,1
2024,11,VOLVO,13,Ciudad Real,Private,ICE,FOCUS SEGMENT,Standard,9
2024,11,AUDI,14,Córdoba,Corporate,ICE,FOCUS SEGMENT,Standard,20
2024,11,AUDI,14,Córdoba,Corporate,PHEV,FOCUS SEGMENT,Standard,6
2024,11,AUDI,14,Córdoba,Private,ICE,FOCUS SEGMENT,Standard,6
2024,11,BMW,14,Córdoba,Corporate,ICE,FOCUS SEGMENT,M Performance,1
2024,11,BMW,14,Córdoba,Corporate,ICE,FOCUS SEGMENT,Standard,5
2024,11,BMW,14,Córdoba,Corporate,PHEV,FOCUS SEGMENT,M,1
2024,11,BMW,14,Córdoba,Private,BEV,FOCUS SEGMENT,Standard,2
2024,11,BMW,14,Córdoba,Private,ICE,FOCUS SEGMENT,Standard,12
2024,11,BYD,14,Córdoba,Corporate,BEV,REST,Standard,1
2024,11,BYD,14,Córdoba,Private,BEV,REST,Standard,2
2024,11,BYD,14,Córdoba,Private,PHEV,REST,Standard,2
2024,11,CITROEN,14,Córdoba,Corporate,ICE,REST,Standard,2
2024,11,CITROEN,14,Córdoba,Private,ICE,REST,Standard,11
2024,11,CUPRA,14,Córdoba,Corporate,ICE,REST,Standard,3
2024,11,CUPRA,14,Córdoba,Corporate,PHEV,REST,Standard,1
2024,11,CUPRA,14,Córdoba,Private,BEV,REST,Standard,1
2024,11,CUPRA,14,Córdoba,Private,PHEV,REST,Standard,1
2024,11,DACIA,14,Córdoba,Corporate,ICE,REST,Standard,6
2024,11,DACIA,14,Córdoba,Private,BEV,REST,Standard,1
2024,11,DACIA,14,Córdoba,Private,ICE,REST,Standard,37
2024,11,DR,14,Córdoba,Private,ICE,,Standard,1
2024,11,DR,14,Córdoba,Private,ICE,REST,Standard,2
2024,11,EVO,14,Córdoba,Corporate,ICE,REST,Standard,1
2024,11,FIAT,14,Córdoba,Private,ICE,REST,Standard,2
2024,11,FORD,14,Córdoba,Corporate,BEV,REST,Standard,3
2024,11,FORD,14,Córdoba,Corporate,ICE,REST,Standard,2
2024,11,FORD,14,Córdoba,Corporate,PHEV,REST,Standard,1
2024,11,FORD,14,Córdoba,Private,ICE,REST,Standard,10
2024,11,FORD,14,Córdoba,Private,PHEV,REST,Standard,5
2024,11,HONDA,14,Córdoba,Private,ICE,REST,Standard,1
2024,11,HYUNDAI,14,Córdoba,Corporate,ICE,REST,Standard,13
2024,11,HYUNDAI,14,Córdoba,Private,ICE,REST,Standard,28
2024,11,HYUNDAI,14,Córdoba,Private,PHEV,REST,Standard,2
2024,11,JAECOO,14,Córdoba,Corporate,ICE,REST,Standard,1
2024,11,JAECOO,14,Córdoba,Private,ICE,REST,Standard,1
2024,11,JAGUAR,14,Córdoba,Corporate,ICE,FOCUS SEGMENT,Standard,1
2024,11,JEEP,14,Córdoba,Corporate,BEV,REST,Standard,1
2024,11,JEEP,14,Córdoba,Private,ICE,REST,Standard,3
2024,11,JEEP,14,Córdoba,Private,PHEV,REST,Standard,2
2024,11,KG MOBILITY,14,Córdoba,Private,ICE,REST,Standard,2
2024,11,KIA,14,Córdoba,Corporate,BEV,REST,Standard,2
2024,11,KIA,14,Córdoba,Corporate,ICE,REST,Standard,3
2024,11,KIA,14,Córdoba,Private,ICE,REST,Standard,27
2024,11,LAND ROVER,14,Córdoba,Corporate,ICE,FOCUS SEGMENT,Standard,2
2024,11,LAND ROVER,14,Córdoba,Private,ICE,FOCUS SEGMENT,Standard,1
2024,11,LEAPMOTOR,14,Córdoba,Private,BEV,REST,Standard,1
2024,11,LEXUS,14,Córdoba,Corporate,ICE,FOCUS SEGMENT,Standard,1
2024,11,LEXUS,14,Córdoba,Private,ICE,FOCUS SEGMENT,Standard,1
2024,11,MAZDA,14,Córdoba,Corporate,ICE,REST,Standard,6
2024,11,MAZDA,14,Córdoba,Corporate,PHEV,REST,Standard,1
2024,11,MAZDA,14,Córdoba,Private,ICE,REST,Standard,4
2024,11,MERCEDES,14,Córdoba,Corporate,BEV,FOCUS SEGMENT,Standard,6
2024,11,MERCEDES,14,Córdoba,Corporate,ICE,FOCUS SEGMENT,Standard,6
2024,11,MERCEDES,14,Córdoba,Corporate,ICE,REST,Standard,1
2024,11,MERCEDES,14,Córdoba,Corporate,PHEV,FOCUS SEGMENT,Standard,2
2024,11,MERCEDES,14,Córdoba,Private,BEV,FOCUS SEGMENT,Standard,6
2024,11,MERCEDES,14,Córdoba,Private,ICE,FOCUS SEGMENT,Standard,5
2024,11,MERCEDES,14,Córdoba,Private,ICE,REST,Standard,1
2024,11,MERCEDES,14,Córdoba,Private,PHEV,FOCUS SEGMENT,Standard,1
2024,11,MERCEDES-V,14,Córdoba,Corporate,ICE,REST,Standard,1
2024,11,MG,14,Córdoba,Corporate,ICE,REST,Standard,5
2024,11,MG,14,Córdoba,Private,ICE,REST,Standard,24
2024,11,MG,14,Córdoba,Private,PHEV,REST,Standard,1
2024,11,MINI,14,Córdoba,Corporate,BEV,FOCUS SEGMENT,Standard,2
2024,11,MINI,14,Córdoba,Private,ICE,FOCUS SEGMENT,Standard,1
2024,11,MITSUBISHI,14,Córdoba,Corporate,ICE,REST,Standard,3
2024,11,MITSUBISHI,14,Córdoba,Private,ICE,REST,Standard,4
2024,11,MITSUBISHI,14,Córdoba,Private,PHEV,REST,Standard,1
2024,11,NISSAN,14,Córdoba,Corporate,ICE,REST,Standard,1
2024,11,NISSAN,14,Córdoba,Private,BEV,REST,Standard,1
2024,11,NISSAN,14,Córdoba,Private,ICE,REST,Standard,13
2024,11,OMODA,14,Córdoba,Corporate,ICE,REST,Standard,2
2024,11,OMODA,14,Córdoba,Private,ICE,REST,Standard,15
2024,11,OPEL,14,Córdoba,Corporate,BEV,REST,Standard,1
2024,11,OPEL,14,Córdoba,Corporate,ICE,REST,Standard,1
2024,11,OPEL,14,Córdoba,Private,ICE,REST,Standard,3
2024,11,PEUGEOT,14,Córdoba,Corporate,ICE,REST,Standard,1
2024,11,PEUGEOT,14,Córdoba,Private,ICE,REST,Standard,9
2024,11,POLESTAR,14,Córdoba,Corporate,BEV,FOCUS SEGMENT,Standard,1
2024,11,PORSCHE,14,Córdoba,Corporate,ICE,FOCUS SEGMENT,M Performance,1
2024,11,PORSCHE,14,Córdoba,Corporate,ICE,FOCUS SEGMENT,Standard,1
2024,11,PORSCHE,14,Córdoba,Corporate,PHEV,FOCUS SEGMENT,M Performance,1
2024,11,RENAULT,14,Córdoba,Corporate,ICE,REST,Standard,6
2024,11,RENAULT,14,Córdoba,Corporate,PHEV,REST,Standard,1
2024,11,RENAULT,14,Córdoba,Private,ICE,REST,Standard,32
2024,11,SEAT,14,Córdoba,Corporate,ICE,REST,Standard,16
2024,11,SEAT,14,Córdoba,Private,ICE,REST,Standard,20
2024,11,SIN MARCA,14,Córdoba,Corporate,ICE,REST,Standard,1
2024,11,SIN MARCA,14,Córdoba,Private,PHEV,REST,Standard,1
2024,11,SKODA,14,Córdoba,Corporate,ICE,REST,Standard,2
2024,11,SKODA,14,Córdoba,Private,BEV,REST,Standard,1
2024,11,SKODA,14,Córdoba,Private,ICE,REST,Standard,23
2024,11,SSANGYONG,14,Córdoba,Private,ICE,REST,Standard,2
2024,11,SUBARU,14,Córdoba,Corporate,ICE,REST,Standard,1
2024,11,SUBARU,14,Córdoba,Private,ICE,REST,Standard,2
2024,11,SUZUKI,14,Córdoba,Corporate,ICE,REST,Standard,1
2024,11,SUZUKI,14,Córdoba,Private,ICE,REST,Standard,1
2024,11,TESLA,14,Córdoba,Corporate,BEV,FOCUS SEGMENT,Standard,1
2024,11,TESLA,14,Córdoba,Private,BEV,FOCUS SEGMENT,Standard,8
2024,11,TOYOTA,14,Córdoba,Corporate,ICE,REST,Standard,4
2024,11,TOYOTA,14,Córdoba,Private,ICE,REST,Standard,51
2024,11,VOLKSWAGEN,14,Córdoba,Corporate,ICE,REST,Standard,12
2024,11,VOLKSWAGEN,14,Córdoba,Private,ICE,REST,Standard,18
2024,11,VOLVO,14,Córdoba,Corporate,BEV,FOCUS SEGMENT,Standard,10
2024,11,VOLVO,14,Córdoba,Corporate,ICE,FOCUS SEGMENT,Standard,5
2024,11,VOLVO,14,Córdoba,Private,ICE,FOCUS SEGMENT,Standard,4
2024,11,ALFA ROMEO,15,A Coruña,Corporate,ICE,REST,Standard,1
2024,11,AUDI,15,A Coruña,Corporate,ICE,FOCUS SEGMENT,M Performance,1
2024,11,AUDI,15,A Coruña,Corporate,ICE,FOCUS SEGMENT,Standard,9
2024,11,AUDI,15,A Coruña,Corporate,PHEV,FOCUS SEGMENT,Standard,2
2024,11,AUDI,15,A Coruña,Private,BEV,FOCUS SEGMENT,Standard,1
2024,11,AUDI,15,A Coruña,Private,ICE,FOCUS SEGMENT,Standard,22
2024,11,AUDI,15,A Coruña,Private,PHEV,FOCUS SEGMENT,Standard,4
2024,11,BMW,15,A Coruña,Corporate,BEV,FOCUS SEGMENT,Standard,1
2024,11,BMW,15,A Coruña,Corporate,ICE,FOCUS SEGMENT,M,2
2024,11,BMW,15,A Coruña,Corporate,ICE,FOCUS SEGMENT,M Performance,1
2024,11,BMW,15,A Coruña,Corporate,ICE,FOCUS SEGMENT,Standard,11
2024,11,BMW,15,A Coruña,Corporate,PHEV,FOCUS SEGMENT,Standard,1
2024,11,BMW,15,A Coruña,Private,BEV,FOCUS SEGMENT,Standard,5
2024,11,BMW,15,A Coruña,Private,ICE,FOCUS SEGMENT,M Performance,3
2024,11,BMW,15,A Coruña,Private,ICE,FOCUS SEGMENT,Standard,27
2024,11,BMW,15,A Coruña,Private,PHEV,FOCUS SEGMENT,Standard,1
2024,11,BYD,15,A Coruña,Private,BEV,REST,Standard,13
2024,11,BYD,15,A Coruña,Private,PHEV,REST,Standard,1
2024,11,CITROEN,15,A Coruña,Corporate,BEV,REST,Standard,19
2024,11,CITROEN,15,A Coruña,Corporate,ICE,REST,Standard,10
2024,11,CITROEN,15,A Coruña,Private,BEV,REST,Standard,3
2024,11,CITROEN,15,A Coruña,Private,ICE,REST,Standard,16
2024,11,CITROEN,15,A Coruña,Private,PHEV,REST,Standard,1
2024,11,CUPRA,15,A Coruña,Corporate,BEV,REST,Standard,1
2024,11,CUPRA,15,A Coruña,Corporate,ICE,REST,Standard,3
2024,11,CUPRA,15,A Coruña,Corporate,PHEV,REST,Standard,15
2024,11,CUPRA,15,A Coruña,Private,ICE,REST,Standard,3
2024,11,CUPRA,15,A Coruña,Private,PHEV,REST,Standard,1
2024,11,DACIA,15,A Coruña,Corporate,ICE,REST,Standard,1
2024,11,DACIA,15,A Coruña,Private,ICE,REST,Standard,74
2024,11,FIAT,15,A Coruña,Private,ICE,REST,Standard,1
2024,11,FORD,15,A Coruña,Corporate,BEV,REST,Standard,2
2024,11,FORD,15,A Coruña,Corporate,ICE,REST,Standard,2
2024,11,FORD,15,A Coruña,Private,ICE,REST,Standard,19
2024,11,FORD,15,A Coruña,Private,PHEV,REST,Standard,1
2024,11,HONDA,15,A Coruña,Private,ICE,REST,Standard,6
2024,11,HYUNDAI,15,A Coruña,Corporate,BEV,REST,Standard,1
2024,11,HYUNDAI,15,A Coruña,Corporate,ICE,REST,Standard,34
2024,11,HYUNDAI,15,A Coruña,Corporate,PHEV,REST,Standard,3
2024,11,HYUNDAI,15,A Coruña,Private,ICE,REST,Standard,29
2024,11,HYUNDAI,15,A Coruña,Private,PHEV,REST,Standard,3
2024,11,JAECOO,15,A Coruña,Corporate,ICE,REST,Standard,3
2024,11,JAECOO,15,A Coruña,Private,ICE,REST,Standard,2
2024,11,JEEP,15,A Coruña,Corporate,ICE,REST,Standard,2
2024,11,JEEP,15,A Coruña,Private,ICE,REST,Standard,1
2024,11,KG MOBILITY,15,A Coruña,Private,ICE,REST,Standard,2
2024,11,KIA,15,A Coruña,Corporate,BEV,REST,Standard,2
2024,11,KIA,15,A Coruña,Corporate,ICE,REST,Standard,10
2024,11,KIA,15,A Coruña,Private,BEV,REST,Standard,4
2024,11,KIA,15,A Coruña,Private,ICE,REST,Standard,60
2024,11,LAND ROVER,15,A Coruña,Corporate,PHEV,FOCUS SEGMENT,Standard,1
2024,11,LAND ROVER,15,A Coruña,Private,PHEV,FOCUS SEGMENT,Standard,1
2024,11,LEXUS,15,A Coruña,Corporate,ICE,FOCUS SEGMENT,Standard,1
2024,11,LEXUS,15,A Coruña,Private,ICE,FOCUS SEGMENT,Standard,6
2024,11,LEXUS,15,A Coruña,Private,PHEV,FOCUS SEGMENT,Standard,1
2024,11,MAZDA,15,A Coruña,Private,ICE,REST,Standard,17
2024,11,MERCEDES,15,A Coruña,Corporate,BEV,REST,Standard,1
2024,11,MERCEDES,15,A Coruña,Corporate,ICE,FOCUS SEGMENT,Standard,16
2024,11,MERCEDES,15,A Coruña,Corporate,ICE,REST,Standard,3
2024,11,MERCEDES,15,A Coruña,Corporate,PHEV,FOCUS SEGMENT,Standard,3
2024,11,MERCEDES,15,A Coruña,Private,BEV,FOCUS SEGMENT,Standard,2
2024,11,MERCEDES,15,A Coruña,Private,ICE,FOCUS SEGMENT,Standard,11
2024,11,MERCEDES,15,A Coruña,Private,PHEV,FOCUS SEGMENT,Standard,8
2024,11,MG,15,A Coruña,Private,BEV,REST,Standard,5
2024,11,MG,15,A Coruña,Private,ICE,REST,Standard,38
2024,11,MG,15,A Coruña,Private,PHEV,REST,Standard,6
2024,11,MINI,15,A Coruña,Corporate,BEV,FOCUS SEGMENT,Standard,2
2024,11,MINI,15,A Coruña,Corporate,ICE,FOCUS SEGMENT,Standard,1
2024,11,MINI,15,A Coruña,Private,BEV,FOCUS SEGMENT,Standard,2
2024,11,MINI,15,A Coruña,Private,ICE,FOCUS SEGMENT,Standard,6
2024,11,MITSUBISHI,15,A Coruña,Corporate,ICE,REST,Standard,3
2024,11,MITSUBISHI,15,A Coruña,Corporate,PHEV,REST,Standard,1
2024,11,MITSUBISHI,15,A Coruña,Private,ICE,REST,Standard,3
2024,11,MITSUBISHI,15,A Coruña,Private,PHEV,REST,Standard,2
2024,11,NISSAN,15,A Coruña,Corporate,ICE,REST,Standard,3
2024,11,NISSAN,15,A Coruña,Private,ICE,REST,Standard,14
2024,11,OMODA,15,A Coruña,Corporate,ICE,REST,Standard,8
2024,11,OMODA,15,A Coruña,Private,ICE,REST,Standard,9
2024,11,OPEL,15,A Coruña,Corporate,ICE,REST,Standard,10
2024,11,OPEL,15,A Coruña,Private,BEV,REST,Standard,1
2024,11,OPEL,15,A Coruña,Private,ICE,REST,Standard,5
2024,11,PEUGEOT,15,A Coruña,Corporate,ICE,REST,Standard,3
2024,11,PEUGEOT,15,A Coruña,Corporate,PHEV,REST,Standard,1
2024,11,PEUGEOT,15,A Coruña,Private,ICE,REST,Standard,14
2024,11,PORSCHE,15,A Coruña,Corporate,PHEV,FOCUS SEGMENT,M,1
2024,11,PORSCHE,15,A Coruña,Corporate,PHEV,FOCUS SEGMENT,M Performance,1
2024,11,PORSCHE,15,A Coruña,Private,ICE,FOCUS SEGMENT,M,1
2024,11,RENAULT,15,A Coruña,Corporate,ICE,REST,Standard,4
2024,11,RENAULT,15,A Coruña,Private,BEV,REST,Standard,1
2024,11,RENAULT,15,A Coruña,Private,ICE,REST,Standard,38
2024,11,SEAT,15,A Coruña,Corporate,ICE,REST,Standard,13
2024,11,SEAT,15,A Coruña,Corporate,PHEV,REST,Standard,4
2024,11,SEAT,15,A Coruña,Private,ICE,REST,Standard,64
2024,11,SIN MARCA,15,A Coruña,Private,ICE,REST,Standard,1
2024,11,SKODA,15,A Coruña,Corporate,ICE,REST,Standard,8
2024,11,SKODA,15,A Coruña,Private,ICE,REST,Standard,34
2024,11,SMART,15,A Coruña,Private,BEV,FOCUS SEGMENT,Standard,3
2024,11,SSANGYONG,15,A Coruña,Private,ICE,REST,Standard,1
2024,11,TESLA,15,A Coruña,Corporate,BEV,FOCUS SEGMENT,Standard,3
2024,11,TESLA,15,A Coruña,Private,BEV,FOCUS SEGMENT,Standard,14
2024,11,TOYOTA,15,A Coruña,Corporate,BEV,REST,Standard,2
2024,11,TOYOTA,15,A Coruña,Corporate,ICE,REST,Standard,13
2024,11,TOYOTA,15,A Coruña,Corporate,PHEV,REST,Standard,1
2024,11,TOYOTA,15,A Coruña,Private,ICE,REST,Standard,128
2024,11,TOYOTA,15,A Coruña,Private,PHEV,REST,Standard,8
2024,11,TOYOTA,15,A Coruña,RAC,ICE,REST,Standard,6
2024,11,TRIPOD,15,A Coruña,Private,ICE,REST,Standard,1
2024,11,VOLKSWAGEN,15,A Coruña,Corporate,BEV,REST,Standard,1
2024,11,VOLKSWAGEN,15,A Coruña,Corporate,ICE,REST,Standard,3
2024,11,VOLKSWAGEN,15,A Coruña,Corporate,PHEV,REST,Standard,2
2024,11,VOLKSWAGEN,15,A Coruña,Private,ICE,REST,Standard,24
2024,11,VOLVO,15,A Coruña,Corporate,ICE,FOCUS SEGMENT,Standard,6
2024,11,VOLVO,15,A Coruña,Corporate,PHEV,FOCUS SEGMENT,Standard,1
2024,11,VOLVO,15,A Coruña,Private,BEV,FOCUS SEGMENT,Standard,2
2024,11,VOLVO,15,A Coruña,Private,ICE,FOCUS SEGMENT,Standard,13
2024,11,AUDI,16,Cuenca,Corporate,ICE,FOCUS SEGMENT,Standard,1
2024,11,AUDI,16,Cuenca,Private,ICE,FOCUS SEGMENT,Standard,3
2024,11,AUDI,16,Cuenca,Private,PHEV,FOCUS SEGMENT,Standard,1
2024,11,BMW,16,Cuenca,Corporate,ICE,FOCUS SEGMENT,Standard,1
2024,11,CITROEN,16,Cuenca,Private,ICE,REST,Standard,2
2024,11,CUPRA,16,Cuenca,Corporate,ICE,REST,Standard,3
2024,11,DACIA,16,Cuenca,Corporate,ICE,REST,Standard,1
2024,11,DACIA,16,Cuenca,Private,ICE,REST,Standard,14
2024,11,FORD,16,Cuenca,Private,ICE,REST,Standard,5
2024,11,HYUNDAI,16,Cuenca,Corporate,ICE,REST,Standard,2
2024,11,HYUNDAI,16,Cuenca,Private,ICE,REST,Standard,4
2024,11,JAECOO,16,Cuenca,Corporate,ICE,REST,Standard,1
2024,11,KIA,16,Cuenca,Corporate,PHEV,REST,Standard,1
2024,11,KIA,16,Cuenca,Private,BEV,REST,Standard,1
2024,11,KIA,16,Cuenca,Private,ICE,REST,Standard,11
2024,11,KIA,16,Cuenca,Private,PHEV,REST,Standard,1
2024,11,LEXUS,16,Cuenca,Private,ICE,FOCUS SEGMENT,Standard,2
2024,11,MAZDA,16,Cuenca,Corporate,ICE,REST,Standard,1
2024,11,MAZDA,16,Cuenca,Private,ICE,REST,Standard,2
2024,11,MERCEDES,16,Cuenca,Corporate,BEV,FOCUS SEGMENT,Standard,1
2024,11,MERCEDES,16,Cuenca,Corporate,ICE,FOCUS SEGMENT,Standard,3
2024,11,MERCEDES,16,Cuenca,Corporate,PHEV,FOCUS SEGMENT,Standard,1
2024,11,MERCEDES,16,Cuenca,Private,ICE,FOCUS SEGMENT,Standard,2
2024,11,MERCEDES,16,Cuenca,Private,PHEV,FOCUS SEGMENT,M,1
2024,11,MG,16,Cuenca,Private,ICE,REST,Standard,6
2024,11,MG,16,Cuenca,Private,PHEV,REST,Standard,1
2024,11,NISSAN,16,Cuenca,Corporate,ICE,REST,Standard,2
2024,11,NISSAN,16,Cuenca,Private,ICE,REST,Standard,4
2024,11,OMODA,16,Cuenca,Private,ICE,REST,Standard,3
2024,11,PEUGEOT,16,Cuenca,Private,ICE,REST,Standard,5
2024,11,RENAULT,16,Cuenca,Corporate,ICE,REST,Standard,2
2024,11,RENAULT,16,Cuenca,Private,ICE,REST,Standard,7
2024,11,SEAT,16,Cuenca,Corporate,ICE,REST,Standard,2
2024,11,SEAT,16,Cuenca,Private,ICE,REST,Standard,2
2024,11,SKODA,16,Cuenca,Private,ICE,REST,Standard,2
2024,11,SUZUKI,16,Cuenca,Private,ICE,REST,Standard,1
2024,11,TESLA,16,Cuenca,Private,BEV,FOCUS SEGMENT,Standard,2
2024,11,TOYOTA,16,Cuenca,Private,ICE,REST,Standard,7
2024,11,TOYOTA,16,Cuenca,Private,PHEV,REST,Standard,1
2024,11,VOLKSWAGEN,16,Cuenca,Corporate,ICE,REST,Standard,4
2024,11,VOLKSWAGEN,16,Cuenca,Private,ICE,REST,Standard,9
2024,11,VOLVO,16,Cuenca,Private,ICE,FOCUS SEGMENT,Standard,1
2024,11,ALFA ROMEO,17,Girona,Corporate,ICE,REST,Standard,1
2024,11,AUDI,17,Girona,Corporate,ICE,FOCUS SEGMENT,M Performance,1
2024,11,AUDI,17,Girona,Corporate,ICE,FOCUS SEGMENT,Standard,12
2024,11,AUDI,17,Girona,Private,ICE,FOCUS SEGMENT,M Performance,1
2024,11,AUDI,17,Girona,Private,ICE,FOCUS SEGMENT,Standard,12
2024,11,AUDI,17,Girona,RAC,ICE,FOCUS SEGMENT,Standard,21
2024,11,AUDI,17,Girona,RAC,PHEV,FOCUS SEGMENT,Standard,1
2024,11,BMW,17,Girona,Corporate,BEV,FOCUS SEGMENT,Standard,2
2024,11,BMW,17,Girona,Corporate,ICE,FOCUS SEGMENT,M Performance,1
2024,11,BMW,17,Girona,Corporate,ICE,FOCUS SEGMENT,Standard,18
2024,11,BMW,17,Girona,Corporate,PHEV,FOCUS SEGMENT,Standard,3
2024,11,BMW,17,Girona,Private,BEV,FOCUS SEGMENT,Standard,3
2024,11,BMW,17,Girona,Private,ICE,FOCUS SEGMENT,M Performance,2
2024,11,BMW,17,Girona,Private,ICE,FOCUS SEGMENT,Standard,15
2024,11,BMW,17,Girona,Private,PHEV,FOCUS SEGMENT,Standard,2
2024,11,BYD,17,Girona,Corporate,PHEV,REST,Standard,1
2024,11,BYD,17,Girona,Private,BEV,REST,Standard,8
2024,11,BYD,17,Girona,Private,PHEV,REST,Standard,5
2024,11,CITROEN,17,Girona,Corporate,BEV,REST,Standard,1
2024,11,CITROEN,17,Girona,Corporate,ICE,REST,Standard,12
2024,11,CITROEN,17,Girona,Corporate,PHEV,REST,Standard,1
2024,11,CITROEN,17,Girona,Private,BEV,REST,Standard,5
2024,11,CITROEN,17,Girona,Private,ICE,REST,Standard,14
2024,11,CUPRA,17,Girona,Corporate,BEV,REST,Standard,3
2024,11,CUPRA,17,Girona,Corporate,ICE,REST,Standard,1
2024,11,CUPRA,17,Girona,Private,BEV,REST,Standard,1
2024,11,CUPRA,17,Girona,Private,ICE,REST,Standard,6
2024,11,CUPRA,17,Girona,Private,PHEV,REST,Standard,1
2024,11,DACIA,17,Girona,Corporate,ICE,REST,Standard,9
2024,11,DACIA,17,Girona,Private,BEV,REST,Standard,3
2024,11,DACIA,17,Girona,Private,ICE,REST,Standard,95
2024,11,DONGFENG,17,Girona,Private,BEV,REST,Standard,1
2024,11,FIAT,17,Girona,Corporate,ICE,REST,Standard,2
2024,11,FIAT,17,Girona,Private,BEV,REST,Standard,1
2024,11,FIAT,17,Girona,Private,ICE,REST,Standard,4
2024,11,FORD,17,Girona,Corporate,BEV,REST,Standard,1
2024,11,FORD,17,Girona,Corporate,ICE,REST,Standard,3
2024,11,FORD,17,Girona,Corporate,PHEV,REST,Standard,1
2024,11,FORD,17,Girona,Private,ICE,REST,Standard,32
2024,11,HONDA,17,Girona,Private,ICE,REST,Standard,7
2024,11,HYUNDAI,17,Girona,Corporate,ICE,REST,Standard,7
2024,11,HYUNDAI,17,Girona,Corporate,PHEV,REST,Standard,1
2024,11,HYUNDAI,17,Girona,Private,BEV,REST,Standard,3
2024,11,HYUNDAI,17,Girona,Private,ICE,REST,Standard,140
2024,11,HYUNDAI,17,Girona,Private,PHEV,REST,Standard,1
2024,11,JAECOO,17,Girona,Private,ICE,REST,Standard,8
2024,11,JEEP,17,Girona,Corporate,ICE,REST,Standard,1
2024,11,JEEP,17,Girona,Corporate,PHEV,REST,Standard,1
2024,11,JEEP,17,Girona,Private,BEV,REST,Standard,1
2024,11,JEEP,17,Girona,Private,ICE,REST,Standard,5
2024,11,KG MOBILITY,17,Girona,Private,ICE,REST,Standard,1
2024,11,KIA,17,Girona,Corporate,BEV,REST,Standard,1
2024,11,KIA,17,Girona,Corporate,ICE,REST,Standard,4
2024,11,KIA,17,Girona,Private,BEV,REST,Standard,8
2024,11,KIA,17,Girona,Private,ICE,REST,Standard,66
2024,11,LANCIA,17,Girona,Corporate,ICE,REST,Standard,1
2024,11,LAND ROVER,17,Girona,Corporate,ICE,FOCUS SEGMENT,Standard,3
2024,11,LAND ROVER,17,Girona,Corporate,PHEV,FOCUS SEGMENT,Standard,2
2024,11,LAND ROVER,17,Girona,Private,ICE,FOCUS SEGMENT,Standard,3
2024,11,LAND ROVER,17,Girona,Private,PHEV,FOCUS SEGMENT,Standard,3
2024,11,LEXUS,17,Girona,Corporate,ICE,FOCUS SEGMENT,Standard,2
2024,11,LEXUS,17,Girona,Private,ICE,FOCUS SEGMENT,Standard,11
2024,11,MAZDA,17,Girona,Corporate,ICE,REST,Standard,2
2024,11,MAZDA,17,Girona,Private,ICE,REST,Standard,12
2024,11,MAZDA,17,Girona,Private,PHEV,REST,Standard,1
2024,11,MERCEDES,17,Girona,Corporate,BEV,FOCUS SEGMENT,Standard,1
2024,11,MERCEDES,17,Girona,Corporate,ICE,FOCUS SEGMENT,Standard,9
2024,11,MERCEDES,17,Girona,Corporate,ICE,REST,Standard,7
2024,11,MERCEDES,17,Girona,Corporate,PHEV,FOCUS SEGMENT,Standard,5
2024,11,MERCEDES,17,Girona,Private,BEV,FOCUS SEGMENT,Standard,5
2024,11,MERCEDES,17,Girona,Private,ICE,FOCUS SEGMENT,M Performance,4
2024,11,MERCEDES,17,Girona,Private,ICE,FOCUS SEGMENT,Standard,8
2024,11,MERCEDES,17,Girona,Private,ICE,REST,Standard,2
2024,11,MERCEDES,17,Girona,Private,PHEV,FOCUS SEGMENT,Standard,6
2024,11,MERCEDES-V,17,Girona,Corporate,ICE,REST,Standard,1
2024,11,MG,17,Girona,Corporate,ICE,REST,Standard,2
2024,11,MG,17,Girona,Private,BEV,REST,Standard,5
2024,11,MG,17,Girona,Private,ICE,REST,Standard,32
2024,11,MG,17,Girona,Private,PHEV,REST,Standard,1
2024,11,MINI,17,Girona,Corporate,BEV,FOCUS SEGMENT,Standard,1
2024,11,MINI,17,Girona,Corporate,ICE,FOCUS SEGMENT,JCW,1
2024,11,MINI,17,Girona,Corporate,ICE,FOCUS SEGMENT,Standard,3
2024,11,MINI,17,Girona,Private,BEV,FOCUS SEGMENT,Standard,3
2024,11,MINI,17,Girona,Private,ICE,FOCUS SEGMENT,Standard,4
2024,11,MITSUBISHI,17,Girona,Corporate,ICE,REST,Standard,2
2024,11,NISSAN,17,Girona,Corporate,BEV,REST,Standard,1
2024,11,NISSAN,17,Girona,Corporate,ICE,REST,Standard,8
2024,11,NISSAN,17,Girona,Private,ICE,REST,Standard,33
2024,11,OMODA,17,Girona,Corporate,ICE,REST,Standard,2
2024,11,OMODA,17,Girona,Private,BEV,REST,Standard,2
2024,11,OMODA,17,Girona,Private,ICE,REST,Standard,7
2024,11,OPEL,17,Girona,Private,BEV,REST,Standard,1
2024,11,OPEL,17,Girona,Private,ICE,REST,Standard,5
2024,11,PEUGEOT,17,Girona,Corporate,ICE,REST,Standard,2
2024,11,PEUGEOT,17,Girona,Private,ICE,REST,Standard,18
2024,11,PORSCHE,17,Girona,Corporate,PHEV,FOCUS SEGMENT,M Performance,1
2024,11,PORSCHE,17,Girona,Corporate,PHEV,FOCUS SEGMENT,Standard,1
2024,11,PORSCHE,17,Girona,Private,ICE,FOCUS SEGMENT,Standard,2
2024,11,RENAULT,17,Girona,Corporate,BEV,REST,Standard,1
2024,11,RENAULT,17,Girona,Corporate,ICE,REST,Standard,18
2024,11,RENAULT,17,Girona,Private,BEV,REST,Standard,2
2024,11,RENAULT,17,Girona,Private,ICE,REST,Standard,35
2024,11,SEAT,17,Girona,Corporate,ICE,REST,Standard,15
2024,11,SEAT,17,Girona,Private,ICE,REST,Standard,45
2024,11,SEAT,17,Girona,Private,PHEV,REST,Standard,1
2024,11,SKODA,17,Girona,Corporate,ICE,REST,Standard,15
2024,11,SKODA,17,Girona,Corporate,PHEV,REST,Standard,2
2024,11,SKODA,17,Girona,Private,ICE,REST,Standard,23
2024,11,SSANGYONG,17,Girona,Private,ICE,REST,Standard,1
2024,11,SUBARU,17,Girona,Private,ICE,REST,Standard,4
2024,11,SUZUKI,17,Girona,Private,ICE,REST,Standard,10
2024,11,TESLA,17,Girona,Corporate,BEV,FOCUS SEGMENT,Standard,3
2024,11,TESLA,17,Girona,Private,BEV,FOCUS SEGMENT,Standard,28
2024,11,TOYOTA,17,Girona,Corporate,ICE,REST,Standard,24
2024,11,TOYOTA,17,Girona,Corporate,PHEV,REST,Standard,4
2024,11,TOYOTA,17,Girona,Private,BEV,REST,Standard,1
2024,11,TOYOTA,17,Girona,Private,ICE,REST,Standard,111
2024,11,TOYOTA,17,Girona,Private,PHEV,REST,Standard,5
2024,11,VOLKSWAGEN,17,Girona,Corporate,BEV,REST,Standard,1
2024,11,VOLKSWAGEN,17,Girona,Corporate,ICE,REST,Standard,11
2024,11,VOLKSWAGEN,17,Girona,Private,BEV,REST,Standard,1
2024,11,VOLKSWAGEN,17,Girona,Private,ICE,REST,Standard,52
2024,11,VOLVO,17,Girona,Corporate,ICE,FOCUS SEGMENT,Standard,2
2024,11,VOLVO,17,Girona,Corporate,PHEV,FOCUS SEGMENT,Standard,4
2024,11,VOLVO,17,Girona,Private,BEV,FOCUS SEGMENT,Standard,2
2024,11,VOLVO,17,Girona,Private,ICE,FOCUS SEGMENT,Standard,7
2024,11,VOLVO,17,Girona,Private,PHEV,FOCUS SEGMENT,Standard,1
2024,11,AUDI,18,Granada,Corporate,ICE,FOCUS SEGMENT,Standard,2
2024,11,AUDI,18,Granada,Corporate,PHEV,FOCUS SEGMENT,Standard,1
2024,11,AUDI,18,Granada,Private,ICE,FOCUS SEGMENT,Standard,10
2024,11,BMW,18,Granada,Corporate,ICE,FOCUS SEGMENT,Standard,5
2024,11,BMW,18,Granada,Private,BEV,FOCUS SEGMENT,Standard,2
2024,11,BMW,18,Granada,Private,ICE,FOCUS SEGMENT,Standard,17
2024,11,BMW,18,Granada,Private,PHEV,FOCUS SEGMENT,Standard,1
2024,11,BYD,18,Granada,Corporate,BEV,REST,Standard,1
2024,11,BYD,18,Granada,Private,BEV,REST,Standard,7
2024,11,BYD,18,Granada,Private,PHEV,REST,Standard,4
2024,11,CITROEN,18,Granada,Corporate,ICE,REST,Standard,3
2024,11,CITROEN,18,Granada,Private,BEV,REST,Standard,4
2024,11,CITROEN,18,Granada,Private,ICE,REST,Standard,9
2024,11,CUPRA,18,Granada,Corporate,BEV,REST,Standard,1
2024,11,CUPRA,18,Granada,Corporate,ICE,REST,Standard,1
2024,11,CUPRA,18,Granada,Corporate,PHEV,REST,Standard,3
2024,11,CUPRA,18,Granada,Private,ICE,REST,Standard,7
2024,11,CUPRA,18,Granada,Private,PHEV,REST,Standard,2
2024,11,DACIA,18,Granada,Corporate,BEV,REST,Standard,1
2024,11,DACIA,18,Granada,Corporate,ICE,REST,Standard,8
2024,11,DACIA,18,Granada,Private,BEV,REST,Standard,1
2024,11,DACIA,18,Granada,Private,ICE,REST,Standard,63
2024,11,DFSK,18,Granada,Private,PHEV,REST,Standard,1
2024,11,EVO,18,Granada,Corporate,ICE,REST,Standard,1
2024,11,EVO,18,Granada,Private,ICE,REST,Standard,2
2024,11,FIAT,18,Granada,Private,ICE,REST,Standard,1
2024,11,FORD,18,Granada,Private,ICE,REST,Standard,9
2024,11,HONDA,18,Granada,Private,ICE,REST,Standard,4
2024,11,HYUNDAI,18,Granada,Corporate,ICE,REST,Standard,9
2024,11,HYUNDAI,18,Granada,Private,BEV,REST,Standard,1
2024,11,HYUNDAI,18,Granada,Private,ICE,REST,Standard,32
2024,11,HYUNDAI,18,Granada,Private,PHEV,REST,Standard,2
2024,11,JAECOO,18,Granada,Corporate,ICE,REST,Standard,1
2024,11,JAECOO,18,Granada,Private,ICE,REST,Standard,4
2024,11,JEEP,18,Granada,Corporate,PHEV,REST,Standard,2
2024,11,JEEP,18,Granada,Private,ICE,REST,Standard,1
2024,11,KG MOBILITY,18,Granada,Corporate,ICE,REST,Standard,1
2024,11,KIA,18,Granada,Corporate,ICE,REST,Standard,2
2024,11,KIA,18,Granada,Private,BEV,REST,Standard,6
2024,11,KIA,18,Granada,Private,ICE,,Standard,2
2024,11,KIA,18,Granada,Private,ICE,REST,Standard,36
2024,11,KIA,18,Granada,Private,PHEV,REST,Standard,3
2024,11,LEAPMOTOR,18,Granada,Private,BEV,REST,Standard,1
2024,11,LEXUS,18,Granada,Corporate,ICE,FOCUS SEGMENT,Standard,2
2024,11,LEXUS,18,Granada,Private,ICE,FOCUS SEGMENT,Standard,9
2024,11,LEXUS,18,Granada,Private,PHEV,FOCUS SEGMENT,Standard,1
2024,11,MAZDA,18,Granada,Private,ICE,REST,Standard,15
2024,11,MERCEDES,18,Granada,Corporate,BEV,FOCUS SEGMENT,Standard,2
2024,11,MERCEDES,18,Granada,Corporate,ICE,FOCUS SEGMENT,Standard,5
2024,11,MERCEDES,18,Granada,Corporate,ICE,REST,Standard,1
2024,11,MERCEDES,18,Granada,Corporate,PHEV,FOCUS SEGMENT,Standard,1
2024,11,MERCEDES,18,Granada,Private,BEV,FOCUS SEGMENT,Standard,1
2024,11,MERCEDES,18,Granada,Private,ICE,FOCUS SEGMENT,Standard,9
2024,11,MERCEDES,18,Granada,Private,PHEV,FOCUS SEGMENT,Standard,4
2024,11,MERCEDES-V,18,Granada,Private,ICE,REST,Standard,1
2024,11,MG,18,Granada,Corporate,ICE,REST,Standard,1
2024,11,MG,18,Granada,Private,BEV,REST,Standard,6
2024,11,MG,18,Granada,Private,ICE,REST,Standard,32
2024,11,MG,18,Granada,Private,PHEV,REST,Standard,5
2024,11,MINI,18,Granada,Corporate,BEV,FOCUS SEGMENT,Standard,1
2024,11,MINI,18,Granada,Private,BEV,FOCUS SEGMENT,Standard,1
2024,11,MINI,18,Granada,Private,ICE,FOCUS SEGMENT,Standard,4
2024,11,NISSAN,18,Granada,Corporate,ICE,REST,Standard,5
2024,11,NISSAN,18,Granada,Private,ICE,REST,Standard,15
2024,11,OMODA,18,Granada,Corporate,ICE,REST,Standard,1
2024,11,OMODA,18,Granada,Private,ICE,REST,Standard,15
2024,11,OPEL,18,Granada,Private,ICE,REST,Standard,1
2024,11,PEUGEOT,18,Granada,Corporate,ICE,REST,Standard,1
2024,11,PEUGEOT,18,Granada,Private,BEV,REST,Standard,7
2024,11,PEUGEOT,18,Granada,Private,ICE,REST,Standard,12
2024,11,PEUGEOT,18,Granada,Private,PHEV,REST,Standard,1
2024,11,PORSCHE,18,Granada,Corporate,PHEV,FOCUS SEGMENT,M,1
2024,11,RENAULT,18,Granada,Corporate,ICE,REST,Standard,7
2024,11,RENAULT,18,Granada,Private,ICE,REST,Standard,25
2024,11,SEAT,18,Granada,Corporate,ICE,REST,Standard,13
2024,11,SEAT,18,Granada,Private,ICE,REST,Standard,77
2024,11,SIN MARCA,18,Granada,Private,ICE,REST,Standard,2
2024,11,SIN MARCA,18,Granada,Private,PHEV,REST,Standard,1
2024,11,SKODA,18,Granada,Corporate,ICE,REST,Standard,1
2024,11,SKODA,18,Granada,Private,ICE,REST,Standard,21
2024,11,SSANGYONG,18,Granada,Private,ICE,REST,Standard,1
2024,11,SUBARU,18,Granada,Private,ICE,REST,Standard,1
2024,11,SUZUKI,18,Granada,Private,ICE,REST,Standard,3
2024,11,TESLA,18,Granada,Corporate,BEV,FOCUS SEGMENT,Standard,2
2024,11,TESLA,18,Granada,Private,BEV,FOCUS SEGMENT,Standard,17
2024,11,TOYOTA,18,Granada,Corporate,ICE,REST,Standard,13
2024,11,TOYOTA,18,Granada,Corporate,PHEV,REST,Standard,2
2024,11,TOYOTA,18,Granada,Private,ICE,REST,Standard,82
2024,11,TOYOTA,18,Granada,Private,PHEV,REST,Standard,6
2024,11,VOLKSWAGEN,18,Granada,Corporate,ICE,REST,Standard,4
2024,11,VOLKSWAGEN,18,Granada,Corporate,PHEV,REST,Standard,1
2024,11,VOLKSWAGEN,18,Granada,Private,BEV,REST,Standard,1
2024,11,VOLKSWAGEN,18,Granada,Private,ICE,REST,Standard,50
2024,11,VOLVO,18,Granada,Corporate,ICE,FOCUS SEGMENT,Standard,1
2024,11,VOLVO,18,Granada,Private,ICE,FOCUS SEGMENT,Standard,6
2024,11,AUDI,19,Guadalajara,Corporate,ICE,FOCUS SEGMENT,Standard,2
2024,11,AUDI,19,Guadalajara,Private,ICE,FOCUS SEGMENT,Standard,2
2024,11,BMW,19,Guadalajara,Corporate,ICE,FOCUS SEGMENT,Standard,1
2024,11,BMW,19,Guadalajara,Private,BEV,FOCUS SEGMENT,Standard,1
2024,11,BMW,19,Guadalajara,Private,ICE,FOCUS SEGMENT,Standard,11
2024,11,BYD,19,Guadalajara,Private,BEV,REST,Standard,3
2024,11,BYD,19,Guadalajara,Private,PHEV,REST,Standard,1
2024,11,CITROEN,19,Guadalajara,Corporate,ICE,REST,Standard,8
2024,11,CITROEN,19,Guadalajara,Private,BEV,REST,Standard,5
2024,11,CITROEN,19,Guadalajara,Private,ICE,REST,Standard,6
2024,11,CUPRA,19,Guadalajara,Corporate,BEV,REST,Standard,1
2024,11,CUPRA,19,Guadalajara,Private,ICE,REST,Standard,1
2024,11,CUPRA,19,Guadalajara,Private,PHEV,REST,Standard,2
2024,11,DACIA,19,Guadalajara,Corporate,ICE,REST,Standard,1
2024,11,DACIA,19,Guadalajara,Private,ICE,REST,Standard,19
2024,11,FORD,19,Guadalajara,Private,ICE,REST,Standard,4
2024,11,HYUNDAI,19,Guadalajara,Private,BEV,REST,Standard,1
2024,11,HYUNDAI,19,Guadalajara,Private,ICE,REST,Standard,19
2024,11,HYUNDAI,19,Guadalajara,Private,PHEV,REST,Standard,1
2024,11,JAECOO,19,Guadalajara,Private,ICE,REST,Standard,4
2024,11,JEEP,19,Guadalajara,Corporate,BEV,REST,Standard,1
2024,11,JEEP,19,Guadalajara,Corporate,ICE,REST,Standard,2
2024,11,KG MOBILITY,19,Guadalajara,Private,ICE,REST,Standard,1
2024,11,KIA,19,Guadalajara,Corporate,BEV,REST,Standard,1
2024,11,KIA,19,Guadalajara,Corporate,ICE,,Standard,1
2024,11,KIA,19,Guadalajara,Corporate,ICE,REST,Standard,4
2024,11,KIA,19,Guadalajara,Corporate,PHEV,REST,Standard,1
2024,11,KIA,19,Guadalajara,Private,BEV,REST,Standard,1
2024,11,KIA,19,Guadalajara,Private,ICE,REST,Standard,32
2024,11,LAND ROVER,19,Guadalajara,Corporate,PHEV,FOCUS SEGMENT,Standard,1
2024,11,LEAPMOTOR,19,Guadalajara,Private,BEV,REST,Standard,1
2024,11,LEXUS,19,Guadalajara,Private,ICE,FOCUS SEGMENT,Standard,3
2024,11,MAZDA,19,Guadalajara,Corporate,ICE,REST,Standard,3
2024,11,MAZDA,19,Guadalajara,Corporate,PHEV,REST,Standard,1
2024,11,MAZDA,19,Guadalajara,Private,ICE,REST,Standard,7
2024,11,MERCEDES,19,Guadalajara,Corporate,ICE,FOCUS SEGMENT,Standard,1
2024,11,MERCEDES,19,Guadalajara,Corporate,PHEV,FOCUS SEGMENT,Standard,1
2024,11,MERCEDES,19,Guadalajara,Private,BEV,FOCUS SEGMENT,Standard,1
2024,11,MERCEDES,19,Guadalajara,Private,ICE,FOCUS SEGMENT,Standard,1
2024,11,MERCEDES,19,Guadalajara,Private,PHEV,FOCUS SEGMENT,Standard,1
2024,11,MG,19,Guadalajara,Corporate,ICE,REST,Standard,5
2024,11,MG,19,Guadalajara,Private,BEV,REST,Standard,7
2024,11,MG,19,Guadalajara,Private,ICE,REST,Standard,16
2024,11,MG,19,Guadalajara,Private,PHEV,REST,Standard,3
2024,11,MINI,19,Guadalajara,Private,ICE,FOCUS SEGMENT,Standard,1
2024,11,MITSUBISHI,19,Guadalajara,Private,ICE,REST,Standard,6
2024,11,MITSUBISHI,19,Guadalajara,Private,PHEV,REST,Standard,3
2024,11,NISSAN,19,Guadalajara,Private,ICE,REST,Standard,8
2024,11,OMODA,19,Guadalajara,Corporate,ICE,REST,Standard,1
2024,11,OMODA,19,Guadalajara,Private,ICE,REST,Standard,9
2024,11,OPEL,19,Guadalajara,Private,ICE,REST,Standard,1
2024,11,PEUGEOT,19,Guadalajara,Corporate,ICE,REST,Standard,4
2024,11,PEUGEOT,19,Guadalajara,Private,BEV,REST,Standard,3
2024,11,PEUGEOT,19,Guadalajara,Private,ICE,REST,Standard,3
2024,11,RENAULT,19,Guadalajara,Corporate,BEV,REST,Standard,4
2024,11,RENAULT,19,Guadalajara,Corporate,ICE,REST,Standard,16
2024,11,RENAULT,19,Guadalajara,Corporate,PHEV,REST,Standard,1
2024,11,RENAULT,19,Guadalajara,Private,ICE,REST,Standard,14
2024,11,SEAT,19,Guadalajara,Corporate,ICE,REST,Standard,5
2024,11,SEAT,19,Guadalajara,Private,ICE,REST,Standard,14
2024,11,SIN MARCA,19,Guadalajara,Private,PHEV,REST,Standard,1
2024,11,SKODA,19,Guadalajara,Corporate,ICE,REST,Standard,2
2024,11,SKODA,19,Guadalajara,Private,ICE,REST,Standard,5
2024,11,SUBARU,19,Guadalajara,Private,ICE,REST,Standard,1
2024,11,SUZUKI,19,Guadalajara,Private,ICE,REST,Standard,1
2024,11,TESLA,19,Guadalajara,Private,BEV,FOCUS SEGMENT,Standard,17
2024,11,TOYOTA,19,Guadalajara,Corporate,ICE,REST,Standard,1
2024,11,TOYOTA,19,Guadalajara,Private,ICE,REST,Standard,34
2024,11,TOYOTA,19,Guadalajara,Private,PHEV,REST,Standard,4
2024,11,VOLKSWAGEN,19,Guadalajara,Corporate,PHEV,REST,Standard,1
2024,11,VOLKSWAGEN,19,Guadalajara,Private,ICE,REST,Standard,4
2024,11,VOLVO,19,Guadalajara,Corporate,ICE,FOCUS SEGMENT,Standard,1
2024,11,VOLVO,19,Guadalajara,Private,ICE,FOCUS SEGMENT,Standard,4
2024,11,VOLVO,19,Guadalajara,Private,PHEV,FOCUS SEGMENT,Standard,1
2024,11,XPENG,19,Guadalajara,Private,BEV,FOCUS SEGMENT,Standard,1
2024,11,ALFA ROMEO,20,Gipuzkoa,Private,ICE,REST,Standard,1
2024,11,AUDI,20,Gipuzkoa,Corporate,ICE,FOCUS SEGMENT,Standard,6
2024,11,AUDI,20,Gipuzkoa,Corporate,PHEV,FOCUS SEGMENT,Standard,1
2024,11,AUDI,20,Gipuzkoa,Private,ICE,FOCUS SEGMENT,Standard,13
2024,11,AUDI,20,Gipuzkoa,Private,PHEV,FOCUS SEGMENT,Standard,1
2024,11,BMW,20,Gipuzkoa,Corporate,BEV,FOCUS SEGMENT,Standard,1
2024,11,BMW,20,Gipuzkoa,Corporate,ICE,FOCUS SEGMENT,M Performance,2
2024,11,BMW,20,Gipuzkoa,Corporate,ICE,FOCUS SEGMENT,Standard,7
2024,11,BMW,20,Gipuzkoa,Corporate,PHEV,FOCUS SEGMENT,Standard,1
2024,11,BMW,20,Gipuzkoa,Private,BEV,FOCUS SEGMENT,Standard,1
2024,11,BMW,20,Gipuzkoa,Private,ICE,FOCUS SEGMENT,Standard,9
2024,11,BYD,20,Gipuzkoa,Private,BEV,REST,Standard,3
2024,11,BYD,20,Gipuzkoa,Private,PHEV,REST,Standard,2
2024,11,CITROEN,20,Gipuzkoa,Corporate,ICE,REST,Standard,9
2024,11,CITROEN,20,Gipuzkoa,Private,ICE,REST,Standard,16
2024,11,CUPRA,20,Gipuzkoa,Corporate,BEV,REST,Standard,1
2024,11,CUPRA,20,Gipuzkoa,Corporate,ICE,REST,Standard,1
2024,11,CUPRA,20,Gipuzkoa,Corporate,PHEV,REST,Standard,1
2024,11,CUPRA,20,Gipuzkoa,Private,BEV,REST,Standard,1
2024,11,CUPRA,20,Gipuzkoa,Private,ICE,REST,Standard,5
2024,11,DACIA,20,Gipuzkoa,Corporate,ICE,REST,Standard,2
2024,11,DACIA,20,Gipuzkoa,Private,ICE,REST,Standard,64
2024,11,EVO,20,Gipuzkoa,Corporate,ICE,REST,Standard,1
2024,11,FIAT,20,Gipuzkoa,Private,ICE,REST,Standard,3
2024,11,FORD,20,Gipuzkoa,Corporate,ICE,REST,Standard,2
2024,11,FORD,20,Gipuzkoa,Private,ICE,REST,Standard,17
2024,11,FORD,20,Gipuzkoa,Private,PHEV,REST,Standard,2
2024,11,HONDA,20,Gipuzkoa,Private,ICE,REST,Standard,3
2024,11,HYUNDAI,20,Gipuzkoa,Corporate,ICE,REST,Standard,5
2024,11,HYUNDAI,20,Gipuzkoa,Private,BEV,REST,Standard,2
2024,11,HYUNDAI,20,Gipuzkoa,Private,ICE,REST,Standard,38
2024,11,HYUNDAI,20,Gipuzkoa,Private,PHEV,REST,Standard,5
2024,11,JAECOO,20,Gipuzkoa,Corporate,ICE,REST,Standard,1
2024,11,JAECOO,20,Gipuzkoa,Private,ICE,REST,Standard,3
2024,11,KG MOBILITY,20,Gipuzkoa,Private,ICE,REST,Standard,3
2024,11,KIA,20,Gipuzkoa,Corporate,ICE,REST,Standard,6
2024,11,KIA,20,Gipuzkoa,Private,BEV,REST,Standard,1
2024,11,KIA,20,Gipuzkoa,Private,ICE,REST,Standard,28
2024,11,LANCIA,20,Gipuzkoa,Corporate,ICE,REST,Standard,1
2024,11,LAND ROVER,20,Gipuzkoa,Corporate,PHEV,FOCUS SEGMENT,Standard,1
2024,11,LAND ROVER,20,Gipuzkoa,Private,PHEV,FOCUS SEGMENT,Standard,1
2024,11,LEXUS,20,Gipuzkoa,Corporate,ICE,FOCUS SEGMENT,Standard,1
2024,11,LEXUS,20,Gipuzkoa,Private,ICE,FOCUS SEGMENT,Standard,9
2024,11,MAZDA,20,Gipuzkoa,Corporate,ICE,REST,Standard,2
2024,11,MAZDA,20,Gipuzkoa,Private,ICE,REST,Standard,20
2024,11,MAZDA,20,Gipuzkoa,Private,PHEV,REST,Standard,1
2024,11,MERCEDES,20,Gipuzkoa,Corporate,BEV,FOCUS SEGMENT,Standard,7
2024,11,MERCEDES,20,Gipuzkoa,Corporate,ICE,FOCUS SEGMENT,Standard,5
2024,11,MERCEDES,20,Gipuzkoa,Corporate,ICE,REST,Standard,2
2024,11,MERCEDES,20,Gipuzkoa,Corporate,PHEV,FOCUS SEGMENT,Standard,1
2024,11,MERCEDES,20,Gipuzkoa,Private,BEV,FOCUS SEGMENT,Standard,1
2024,11,MERCEDES,20,Gipuzkoa,Private,ICE,FOCUS SEGMENT,Standard,9
2024,11,MERCEDES,20,Gipuzkoa,Private,ICE,REST,Standard,1
2024,11,MERCEDES,20,Gipuzkoa,Private,PHEV,FOCUS SEGMENT,Standard,8
2024,11,MERCEDES-V,20,Gipuzkoa,Corporate,ICE,REST,Standard,1
2024,11,MERCEDES-V,20,Gipuzkoa,Private,ICE,REST,Standard,1
2024,11,MG,20,Gipuzkoa,Corporate,BEV,REST,Standard,1
2024,11,MG,20,Gipuzkoa,Corporate,ICE,REST,Standard,1
2024,11,MG,20,Gipuzkoa,Private,BEV,REST,Standard,3
2024,11,MG,20,Gipuzkoa,Private,ICE,REST,Standard,7
2024,11,MINI,20,Gipuzkoa,Private,BEV,FOCUS SEGMENT,Standard,1
2024,11,MINI,20,Gipuzkoa,Private,ICE,FOCUS SEGMENT,Standard,3
2024,11,MITSUBISHI,20,Gipuzkoa,Private,PHEV,REST,Standard,1
2024,11,NISSAN,20,Gipuzkoa,Corporate,ICE,REST,Standard,3
2024,11,NISSAN,20,Gipuzkoa,Private,ICE,REST,Standard,17
2024,11,OMODA,20,Gipuzkoa,Corporate,BEV,REST,Standard,1
2024,11,OMODA,20,Gipuzkoa,Corporate,ICE,REST,Standard,11
2024,11,OMODA,20,Gipuzkoa,Private,ICE,REST,Standard,3
2024,11,OPEL,20,Gipuzkoa,Corporate,ICE,REST,Standard,6
2024,11,OPEL,20,Gipuzkoa,Private,ICE,REST,Standard,9
2024,11,OPEL,20,Gipuzkoa,Private,PHEV,REST,Standard,2
2024,11,PEUGEOT,20,Gipuzkoa,Corporate,BEV,REST,Standard,1
2024,11,PEUGEOT,20,Gipuzkoa,Corporate,ICE,REST,Standard,88
2024,11,PEUGEOT,20,Gipuzkoa,Corporate,PHEV,REST,Standard,12
2024,11,PEUGEOT,20,Gipuzkoa,Private,BEV,REST,Standard,2
2024,11,PEUGEOT,20,Gipuzkoa,Private,ICE,REST,Standard,12
2024,11,RENAULT,20,Gipuzkoa,Corporate,ICE,REST,Standard,16
2024,11,RENAULT,20,Gipuzkoa,Private,ICE,REST,Standard,26
2024,11,RENAULT,20,Gipuzkoa,Private,PHEV,REST,Standard,2
2024,11,SEAT,20,Gipuzkoa,Corporate,ICE,REST,Standard,22
2024,11,SEAT,20,Gipuzkoa,Private,ICE,REST,Standard,21
2024,11,SIN MARCA,20,Gipuzkoa,Private,PHEV,REST,Standard,1
2024,11,SKODA,20,Gipuzkoa,Corporate,ICE,REST,Standard,1
2024,11,SKODA,20,Gipuzkoa,Private,BEV,REST,Standard,1
2024,11,SKODA,20,Gipuzkoa,Private,ICE,REST,Standard,32
2024,11,SKODA,20,Gipuzkoa,Private,PHEV,REST,Standard,3
2024,11,SSANGYONG,20,Gipuzkoa,Private,ICE,REST,Standard,1
2024,11,SUZUKI,20,Gipuzkoa,Private,ICE,REST,Standard,6
2024,11,TESLA,20,Gipuzkoa,Corporate,BEV,FOCUS SEGMENT,Standard,1
2024,11,TESLA,20,Gipuzkoa,Private,BEV,FOCUS SEGMENT,Standard,15
2024,11,TOYOTA,20,Gipuzkoa,Corporate,ICE,REST,Standard,13
2024,11,TOYOTA,20,Gipuzkoa,Corporate,PHEV,REST,Standard,1
2024,11,TOYOTA,20,Gipuzkoa,Private,ICE,REST,Standard,58
2024,11,TOYOTA,20,Gipuzkoa,Private,PHEV,REST,Standard,1
2024,11,VOLKSWAGEN,20,Gipuzkoa,Corporate,ICE,REST,Standard,7
2024,11,VOLKSWAGEN,20,Gipuzkoa,Private,BEV,REST,Standard,1
2024,11,VOLKSWAGEN,20,Gipuzkoa,Private,ICE,REST,Standard,30
2024,11,VOLKSWAGEN,20,Gipuzkoa,Private,PHEV,REST,Standard,2
2024,11,VOLVO,20,Gipuzkoa,Corporate,ICE,FOCUS SEGMENT,Standard,1
2024,11,VOLVO,20,Gipuzkoa,Private,BEV,FOCUS SEGMENT,Standard,3
2024,11,VOLVO,20,Gipuzkoa,Private,ICE,FOCUS SEGMENT,Standard,6
2024,11,AUDI,21,Huelva,Corporate,ICE,,M Performance,1
2024,11,AUDI,21,Huelva,Corporate,ICE,FOCUS SEGMENT,Standard,8
2024,11,AUDI,21,Huelva,Private,ICE,FOCUS SEGMENT,Standard,8
2024,11,BMW,21,Huelva,Corporate,ICE,FOCUS SEGMENT,Standard,5
2024,11,BMW,21,Huelva,Corporate,PHEV,FOCUS SEGMENT,Standard,1
2024,11,BMW,21,Huelva,Private,BEV,FOCUS SEGMENT,Standard,1
2024,11,BMW,21,Huelva,Private,ICE,FOCUS SEGMENT,Standard,7
2024,11,BYD,21,Huelva,Private,BEV,REST,Standard,2
2024,11,BYD,21,Huelva,Private,PHEV,REST,Standard,3
2024,11,CITROEN,21,Huelva,Private,ICE,REST,Standard,3
2024,11,CUPRA,21,Huelva,Corporate,ICE,REST,Standard,3
2024,11,CUPRA,21,Huelva,Private,ICE,REST,Standard,1
2024,11,DACIA,21,Huelva,Corporate,ICE,REST,Standard,9
2024,11,DACIA,21,Huelva,Private,ICE,REST,Standard,35
2024,11,FIAT,21,Huelva,Private,ICE,REST,Standard,2
2024,11,FORD,21,Huelva,Corporate,BEV,REST,Standard,1
2024,11,FORD,21,Huelva,Corporate,ICE,REST,Standard,3
2024,11,FORD,21,Huelva,Private,ICE,REST,Standard,10
2024,11,HYUNDAI,21,Huelva,Corporate,ICE,REST,Standard,9
2024,11,HYUNDAI,21,Huelva,Private,ICE,REST,Standard,20
2024,11,HYUNDAI,21,Huelva,Private,PHEV,REST,Standard,1
2024,11,JAECOO,21,Huelva,Private,ICE,REST,Standard,3
2024,11,JEEP,21,Huelva,Corporate,ICE,REST,Standard,1
2024,11,JEEP,21,Huelva,Private,ICE,REST,Standard,1
2024,11,KG MOBILITY,21,Huelva,Private,ICE,REST,Standard,1
2024,11,KIA,21,Huelva,Private,ICE,REST,Standard,35
2024,11,LAND ROVER,21,Huelva,Corporate,ICE,FOCUS SEGMENT,Standard,1
2024,11,LAND ROVER,21,Huelva,Private,ICE,FOCUS SEGMENT,Standard,1
2024,11,LEXUS,21,Huelva,Corporate,ICE,FOCUS SEGMENT,Standard,2
2024,11,LEXUS,21,Huelva,Private,ICE,FOCUS SEGMENT,Standard,1
2024,11,MAZDA,21,Huelva,Private,ICE,REST,Standard,9
2024,11,MERCEDES,21,Huelva,Corporate,BEV,FOCUS SEGMENT,Standard,1
2024,11,MERCEDES,21,Huelva,Corporate,ICE,FOCUS SEGMENT,Standard,10
2024,11,MERCEDES,21,Huelva,Corporate,ICE,REST,Standard,1
2024,11,MERCEDES,21,Huelva,Private,BEV,FOCUS SEGMENT,Standard,1
2024,11,MERCEDES,21,Huelva,Private,ICE,FOCUS SEGMENT,Standard,5
2024,11,MERCEDES,21,Huelva,Private,PHEV,FOCUS SEGMENT,Standard,1
2024,11,MG,21,Huelva,Corporate,ICE,REST,Standard,1
2024,11,MG,21,Huelva,Private,ICE,REST,Standard,27
2024,11,MINI,21,Huelva,Private,ICE,FOCUS SEGMENT,Standard,2
2024,11,NISSAN,21,Huelva,Private,ICE,REST,Standard,6
2024,11,OMODA,21,Huelva,Private,BEV,REST,Standard,1
2024,11,OMODA,21,Huelva,Private,ICE,REST,Standard,5
2024,11,PEUGEOT,21,Huelva,Corporate,ICE,REST,Standard,2
2024,11,PEUGEOT,21,Huelva,Private,BEV,REST,Standard,1
2024,11,PEUGEOT,21,Huelva,Private,ICE,REST,Standard,10
2024,11,PORSCHE,21,Huelva,Corporate,PHEV,FOCUS SEGMENT,Standard,1
2024,11,RENAULT,21,Huelva,Corporate,ICE,REST,Standard,21
2024,11,RENAULT,21,Huelva,Private,BEV,REST,Standard,1
2024,11,RENAULT,21,Huelva,Private,ICE,REST,Standard,40
2024,11,SEAT,21,Huelva,Corporate,ICE,REST,Standard,2
2024,11,SEAT,21,Huelva,Private,ICE,REST,Standard,22
2024,11,SEAT,21,Huelva,Private,PHEV,REST,Standard,1
2024,11,SHINERAY,21,Huelva,Private,ICE,REST,Standard,3
2024,11,SKODA,21,Huelva,Private,ICE,REST,Standard,19
2024,11,SUBARU,21,Huelva,Private,ICE,REST,Standard,1
2024,11,SUZUKI,21,Huelva,Private,ICE,REST,Standard,2
2024,11,TESLA,21,Huelva,Private,BEV,FOCUS SEGMENT,Standard,5
2024,11,TOYOTA,21,Huelva,Corporate,ICE,REST,Standard,8
2024,11,TOYOTA,21,Huelva,Private,ICE,REST,Standard,42
2024,11,TOYOTA,21,Huelva,Private,PHEV,REST,Standard,3
2024,11,VOLKSWAGEN,21,Huelva,Corporate,ICE,REST,Standard,3
2024,11,VOLKSWAGEN,21,Huelva,Private,ICE,REST,Standard,18
2024,11,VOLKSWAGEN,21,Huelva,Private,PHEV,REST,Standard,1
2024,11,VOLVO,21,Huelva,Private,ICE,FOCUS SEGMENT,Standard,7
2024,11,AUDI,22,Huesca,Corporate,ICE,FOCUS SEGMENT,Standard,6
2024,11,AUDI,22,Huesca,Private,ICE,FOCUS SEGMENT,Standard,6
2024,11,BMW,22,Huesca,Corporate,ICE,FOCUS SEGMENT,Standard,5
2024,11,BMW,22,Huesca,Private,BEV,FOCUS SEGMENT,Standard,1
2024,11,BMW,22,Huesca,Private,ICE,FOCUS SEGMENT,M Performance,1
2024,11,BMW,22,Huesca,Private,ICE,FOCUS SEGMENT,Standard,4
2024,11,BYD,22,Huesca,Corporate,PHEV,REST,Standard,1
2024,11,BYD,22,Huesca,Private,PHEV,REST,Standard,1
2024,11,CITROEN,22,Huesca,Corporate,ICE,REST,Standard,5
2024,11,CITROEN,22,Huesca,Private,BEV,REST,Standard,1
2024,11,CITROEN,22,Huesca,Private,ICE,REST,Standard,1
2024,11,CUPRA,22,Huesca,Private,BEV,REST,Standard,1
2024,11,CUPRA,22,Huesca,Private,ICE,REST,Standard,5
2024,11,DACIA,22,Huesca,Corporate,ICE,REST,Standard,7
2024,11,DACIA,22,Huesca,Private,BEV,REST,Standard,1
2024,11,DACIA,22,Huesca,Private,ICE,REST,Standard,15
2024,11,FIAT,22,Huesca,Corporate,ICE,REST,Standard,1
2024,11,FIAT,22,Huesca,Private,ICE,REST,Standard,1
2024,11,FORD,22,Huesca,Private,ICE,REST,Standard,1
2024,11,HYUNDAI,22,Huesca,Corporate,BEV,REST,Standard,1
2024,11,HYUNDAI,22,Huesca,Corporate,ICE,REST,Standard,1
2024,11,HYUNDAI,22,Huesca,Private,BEV,REST,Standard,1
2024,11,HYUNDAI,22,Huesca,Private,ICE,REST,Standard,10
2024,11,HYUNDAI,22,Huesca,Private,PHEV,REST,Standard,1
2024,11,JAECOO,22,Huesca,Corporate,ICE,REST,Standard,1
2024,11,JAECOO,22,Huesca,Private,ICE,REST,Standard,3
2024,11,JEEP,22,Huesca,Private,BEV,REST,Standard,1
2024,11,KG MOBILITY,22,Huesca,Private,ICE,REST,Standard,2
2024,11,KIA,22,Huesca,Corporate,BEV,REST,Standard,2
2024,11,KIA,22,Huesca,Corporate,PHEV,REST,Standard,1
2024,11,KIA,22,Huesca,Private,BEV,REST,Standard,3
2024,11,KIA,22,Huesca,Private,ICE,REST,Standard,14
2024,11,KIA,22,Huesca,RAC,ICE,REST,Standard,1
2024,11,LAND ROVER,22,Huesca,Corporate,ICE,FOCUS SEGMENT,Standard,1
2024,11,MAZDA,22,Huesca,Corporate,ICE,REST,Standard,2
2024,11,MAZDA,22,Huesca,Private,ICE,REST,Standard,2
2024,11,MAZDA,22,Huesca,Private,PHEV,REST,Standard,1
2024,11,MERCEDES,22,Huesca,Corporate,ICE,FOCUS SEGMENT,Standard,4
2024,11,MERCEDES,22,Huesca,Corporate,PHEV,FOCUS SEGMENT,Standard,1
2024,11,MERCEDES,22,Huesca,Private,BEV,FOCUS SEGMENT,Standard,1
2024,11,MERCEDES,22,Huesca,Private,ICE,FOCUS SEGMENT,Standard,8
2024,11,MERCEDES,22,Huesca,Private,PHEV,FOCUS SEGMENT,Standard,1
2024,11,MG,22,Huesca,Private,ICE,REST,Standard,10
2024,11,MG,22,Huesca,Private,PHEV,REST,Standard,2
2024,11,MITSUBISHI,22,Huesca,Corporate,ICE,REST,Standard,2
2024,11,MITSUBISHI,22,Huesca,Private,ICE,REST,Standard,1
2024,11,NISSAN,22,Huesca,Corporate,BEV,REST,Standard,1
2024,11,NISSAN,22,Huesca,Private,ICE,REST,Standard,4
2024,11,OMODA,22,Huesca,Corporate,BEV,REST,Standard,1
2024,11,OMODA,22,Huesca,Corporate,ICE,REST,Standard,2
2024,11,OMODA,22,Huesca,Private,ICE,REST,Standard,5
2024,11,OPEL,22,Huesca,Corporate,ICE,REST,Standard,15
2024,11,OPEL,22,Huesca,Private,ICE,REST,Standard,4
2024,11,OPEL,22,Huesca,Private,PHEV,REST,Standard,1
2024,11,PEUGEOT,22,Huesca,Private,BEV,REST,Standard,1
2024,11,PEUGEOT,22,Huesca,Private,ICE,REST,Standard,2
2024,11,PORSCHE,22,Huesca,Private,ICE,FOCUS SEGMENT,Standard,1
2024,11,RENAULT,22,Huesca,Corporate,BEV,REST,Standard,1
2024,11,RENAULT,22,Huesca,Corporate,ICE,REST,Standard,9
2024,11,RENAULT,22,Huesca,Corporate,PHEV,REST,Standard,1
2024,11,RENAULT,22,Huesca,Private,ICE,REST,Standard,14
2024,11,SEAT,22,Huesca,Corporate,ICE,REST,Standard,8
2024,11,SEAT,22,Huesca,Private,ICE,REST,Standard,14
2024,11,SIN MARCA,22,Huesca,Corporate,ICE,REST,Standard,1
2024,11,SKODA,22,Huesca,Corporate,ICE,REST,Standard,4
2024,11,SKODA,22,Huesca,Private,ICE,REST,Standard,5
2024,11,SSANGYONG,22,Huesca,Private,ICE,REST,Standard,1
2024,11,SUBARU,22,Huesca,Corporate,ICE,REST,Standard,2
2024,11,SUBARU,22,Huesca,Private,ICE,REST,Standard,1
2024,11,TOYOTA,22,Huesca,Corporate,ICE,REST,Standard,4
2024,11,TOYOTA,22,Huesca,Private,ICE,REST,Standard,8
2024,11,VOLKSWAGEN,22,Huesca,Corporate,ICE,REST,Standard,1
2024,11,VOLKSWAGEN,22,Huesca,Corporate,PHEV,REST,Standard,1
2024,11,VOLKSWAGEN,22,Huesca,Private,ICE,REST,Standard,9
2024,11,VOLKSWAGEN,22,Huesca,RAC,ICE,REST,Standard,1
2024,11,VOLVO,22,Huesca,Corporate,BEV,FOCUS SEGMENT,Standard,1
2024,11,VOLVO,22,Huesca,Private,ICE,FOCUS SEGMENT,Standard,4
2024,11,AUDI,23,Jaén,Corporate,ICE,FOCUS SEGMENT,Standard,2
2024,11,AUDI,23,Jaén,Private,ICE,FOCUS SEGMENT,Standard,6
2024,11,AUDI,23,Jaén,Private,PHEV,FOCUS SEGMENT,Standard,1
2024,11,BMW,23,Jaén,Corporate,ICE,FOCUS SEGMENT,Standard,2
2024,11,BMW,23,Jaén,Private,BEV,FOCUS SEGMENT,Standard,2
2024,11,BMW,23,Jaén,Private,ICE,FOCUS SEGMENT,Standard,11
2024,11,BYD,23,Jaén,Private,BEV,REST,Standard,2
2024,11,BYD,23,Jaén,Private,PHEV,REST,Standard,1
2024,11,CITROEN,23,Jaén,Corporate,ICE,REST,Standard,2
2024,11,CITROEN,23,Jaén,Private,ICE,REST,Standard,4
2024,11,CUPRA,23,Jaén,Private,ICE,REST,Standard,1
2024,11,CUPRA,23,Jaén,Private,PHEV,REST,Standard,1
2024,11,DACIA,23,Jaén,Corporate,ICE,REST,Standard,4
2024,11,DACIA,23,Jaén,Private,BEV,REST,Standard,1
2024,11,DACIA,23,Jaén,Private,ICE,REST,Standard,44
2024,11,DR,23,Jaén,Private,ICE,REST,Standard,2
2024,11,EVO,23,Jaén,Corporate,ICE,REST,Standard,2
2024,11,EVO,23,Jaén,Private,ICE,REST,Standard,1
2024,11,FIAT,23,Jaén,Private,ICE,REST,Standard,2
2024,11,FORD,23,Jaén,Corporate,BEV,REST,Standard,3
2024,11,FORD,23,Jaén,Corporate,ICE,REST,Standard,2
2024,11,FORD,23,Jaén,Private,ICE,REST,Standard,7
2024,11,FORD,23,Jaén,Private,PHEV,REST,Standard,1
2024,11,HYUNDAI,23,Jaén,Corporate,ICE,REST,Standard,1
2024,11,HYUNDAI,23,Jaén,Private,ICE,REST,Standard,20
2024,11,JAECOO,23,Jaén,Corporate,ICE,REST,Standard,1
2024,11,JAECOO,23,Jaén,Private,ICE,REST,Standard,5
2024,11,JEEP,23,Jaén,Private,ICE,REST,Standard,1
2024,11,JEEP,23,Jaén,Private,PHEV,REST,Standard,2
2024,11,KG MOBILITY,23,Jaén,Private,ICE,REST,Standard,1
2024,11,KIA,23,Jaén,Corporate,ICE,REST,Standard,3
2024,11,KIA,23,Jaén,Private,BEV,REST,Standard,3
2024,11,KIA,23,Jaén,Private,ICE,REST,Standard,31
2024,11,LAND ROVER,23,Jaén,Corporate,ICE,FOCUS SEGMENT,Standard,1
2024,11,LAND ROVER,23,Jaén,Private,ICE,FOCUS SEGMENT,Standard,1
2024,11,LEAPMOTOR,23,Jaén,Private,BEV,REST,Standard,1
2024,11,LEXUS,23,Jaén,Private,ICE,FOCUS SEGMENT,Standard,2
2024,11,MAZDA,23,Jaén,Corporate,ICE,REST,Standard,1
2024,11,MAZDA,23,Jaén,Corporate,PHEV,REST,Standard,1
2024,11,MAZDA,23,Jaén,Private,ICE,REST,Standard,9
2024,11,MERCEDES,23,Jaén,Corporate,ICE,FOCUS SEGMENT,Standard,5
2024,11,MERCEDES,23,Jaén,Corporate,PHEV,FOCUS SEGMENT,M Performance,1
2024,11,MERCEDES,23,Jaén,Corporate,PHEV,FOCUS SEGMENT,Standard,1
2024,11,MERCEDES,23,Jaén,Private,ICE,FOCUS SEGMENT,Standard,15
2024,11,MERCEDES,23,Jaén,Private,PHEV,FOCUS SEGMENT,Standard,2
2024,11,MG,23,Jaén,Private,BEV,REST,Standard,2
2024,11,MG,23,Jaén,Private,ICE,REST,Standard,20
2024,11,MG,23,Jaén,Private,PHEV,REST,Standard,2
2024,11,MINI,23,Jaén,Private,BEV,FOCUS SEGMENT,Standard,2
2024,11,MINI,23,Jaén,Private,ICE,FOCUS SEGMENT,Standard,1
2024,11,MITSUBISHI,23,Jaén,Private,ICE,REST,Standard,6
2024,11,MITSUBISHI,23,Jaén,Private,PHEV,REST,Standard,1
2024,11,NISSAN,23,Jaén,Private,ICE,REST,Standard,17
2024,11,OMODA,23,Jaén,Corporate,BEV,REST,Standard,1
2024,11,OMODA,23,Jaén,Corporate,ICE,REST,Standard,1
2024,11,OMODA,23,Jaén,Private,ICE,REST,Standard,14
2024,11,OPEL,23,Jaén,Private,ICE,REST,Standard,2
2024,11,PEUGEOT,23,Jaén,Corporate,ICE,REST,Standard,4
2024,11,PEUGEOT,23,Jaén,Private,BEV,REST,Standard,1
2024,11,PEUGEOT,23,Jaén,Private,ICE,REST,Standard,5
2024,11,RENAULT,23,Jaén,Corporate,BEV,REST,Standard,1
2024,11,RENAULT,23,Jaén,Corporate,ICE,REST,Standard,4
2024,11,RENAULT,23,Jaén,Private,ICE,REST,Standard,25
2024,11,SEAT,23,Jaén,Private,ICE,REST,Standard,23
2024,11,SIN MARCA,23,Jaén,Private,ICE,REST,Standard,1
2024,11,SIN MARCA,23,Jaén,Private,PHEV,REST,Standard,1
2024,11,SKODA,23,Jaén,Private,ICE,REST,Standard,15
2024,11,SUZUKI,23,Jaén,Private,ICE,REST,Standard,1
2024,11,TESLA,23,Jaén,Private,BEV,FOCUS SEGMENT,Standard,3
2024,11,TOYOTA,23,Jaén,Corporate,ICE,REST,Standard,6
2024,11,TOYOTA,23,Jaén,Private,ICE,REST,Standard,28
2024,11,TOYOTA,23,Jaén,Private,PHEV,REST,Standard,3
2024,11,VOLKSWAGEN,23,Jaén,Corporate,ICE,REST,Standard,3
2024,11,VOLKSWAGEN,23,Jaén,Private,ICE,REST,Standard,30
2024,11,VOLKSWAGEN,23,Jaén,Private,PHEV,REST,Standard,1
2024,11,VOLVO,23,Jaén,Corporate,ICE,FOCUS SEGMENT,Standard,7
2024,11,VOLVO,23,Jaén,Private,ICE,FOCUS SEGMENT,Standard,3
2024,11,ALFA ROMEO,24,León,Private,ICE,REST,Standard,1
2024,11,AUDI,24,León,Corporate,ICE,FOCUS SEGMENT,Standard,6
2024,11,AUDI,24,León,Corporate,PHEV,FOCUS SEGMENT,Standard,1
2024,11,AUDI,24,León,Private,ICE,FOCUS SEGMENT,Standard,6
2024,11,BMW,24,León,Corporate,ICE,FOCUS SEGMENT,Standard,2
2024,11,BMW,24,León,Private,ICE,FOCUS SEGMENT,M Performance,1
2024,11,BMW,24,León,Private,ICE,FOCUS SEGMENT,Standard,9
2024,11,BMW,24,León,Private,PHEV,FOCUS SEGMENT,Standard,1
2024,11,CITROEN,24,León,Corporate,ICE,REST,Standard,4
2024,11,CITROEN,24,León,Private,BEV,REST,Standard,2
2024,11,CITROEN,24,León,Private,ICE,REST,Standard,11
2024,11,CUPRA,24,León,Corporate,ICE,REST,Standard,3
2024,11,CUPRA,24,León,Private,ICE,REST,Standard,2
2024,11,DACIA,24,León,Corporate,ICE,REST,Standard,1
2024,11,DACIA,24,León,Private,BEV,REST,Standard,2
2024,11,DACIA,24,León,Private,ICE,REST,Standard,21
2024,11,DFSK,24,León,Private,ICE,,Standard,1
2024,11,DR,24,León,Private,ICE,REST,Standard,1
2024,11,EVO,24,León,Corporate,ICE,REST,Standard,1
2024,11,FIAT,24,León,Corporate,BEV,REST,Standard,2
2024,11,FIAT,24,León,Private,ICE,REST,Standard,1
2024,11,FORD,24,León,Corporate,BEV,REST,Standard,1
2024,11,FORD,24,León,Corporate,ICE,REST,Standard,1
2024,11,FORD,24,León,Private,BEV,REST,Standard,1
2024,11,FORD,24,León,Private,ICE,REST,Standard,8
2024,11,HYUNDAI,24,León,Corporate,ICE,REST,Standard,1
2024,11,HYUNDAI,24,León,Private,ICE,REST,Standard,16
2024,11,JAECOO,24,León,Corporate,ICE,REST,Standard,4
2024,11,JAECOO,24,León,Private,ICE,REST,Standard,3
2024,11,JEEP,24,León,Corporate,ICE,REST,Standard,1
2024,11,KG MOBILITY,24,León,Private,ICE,REST,Standard,1
2024,11,KIA,24,León,Corporate,BEV,REST,Standard,2
2024,11,KIA,24,León,Corporate,ICE,REST,Standard,2
2024,11,KIA,24,León,Private,BEV,REST,Standard,2
2024,11,KIA,24,León,Private,ICE,REST,Standard,25
2024,11,LAND ROVER,24,León,Corporate,ICE,FOCUS SEGMENT,Standard,1
2024,11,LEXUS,24,León,Private,ICE,FOCUS SEGMENT,Standard,3
2024,11,MAZDA,24,León,Corporate,ICE,REST,Standard,2
2024,11,MAZDA,24,León,Private,ICE,REST,Standard,9
2024,11,MERCEDES,24,León,Corporate,BEV,FOCUS SEGMENT,Standard,2
2024,11,MERCEDES,24,León,Corporate,BEV,REST,Standard,1
2024,11,MERCEDES,24,León,Corporate,ICE,FOCUS SEGMENT,Standard,5
2024,11,MERCEDES,24,León,Corporate,PHEV,FOCUS SEGMENT,Standard,5
2024,11,MERCEDES,24,León,Private,ICE,FOCUS SEGMENT,Standard,5
2024,11,MERCEDES,24,León,Private,PHEV,FOCUS SEGMENT,Standard,2
2024,11,MG,24,León,Private,BEV,REST,Standard,1
2024,11,MG,24,León,Private,ICE,REST,Standard,18
2024,11,MG,24,León,Private,PHEV,REST,Standard,2
2024,11,MINI,24,León,Private,ICE,FOCUS SEGMENT,Standard,1
2024,11,MITSUBISHI,24,León,Private,PHEV,REST,Standard,1
2024,11,NISSAN,24,León,Corporate,ICE,REST,Standard,2
2024,11,NISSAN,24,León,Private,ICE,REST,Standard,2
2024,11,OMODA,24,León,Corporate,ICE,REST,Standard,4
2024,11,OMODA,24,León,Private,ICE,REST,Standard,8
2024,11,OPEL,24,León,Corporate,ICE,REST,Standard,2
2024,11,OPEL,24,León,Private,ICE,REST,Standard,3
2024,11,PEUGEOT,24,León,Corporate,ICE,REST,Standard,4
2024,11,PEUGEOT,24,León,Private,BEV,REST,Standard,1
2024,11,PEUGEOT,24,León,Private,ICE,REST,Standard,5
2024,11,PORSCHE,24,León,Corporate,PHEV,FOCUS SEGMENT,M,1
2024,11,PORSCHE,24,León,Corporate,PHEV,FOCUS SEGMENT,Standard,1
2024,11,RENAULT,24,León,Corporate,ICE,REST,Standard,94
2024,11,RENAULT,24,León,Private,ICE,REST,Standard,20
2024,11,RENAULT,24,León,Private,PHEV,REST,Standard,2
2024,11,RENAULT,24,León,RAC,ICE,REST,Standard,3
2024,11,SEAT,24,León,Corporate,ICE,REST,Standard,9
2024,11,SEAT,24,León,Private,ICE,REST,Standard,12
2024,11,SKODA,24,León,Private,ICE,REST,Standard,15
2024,11,SSANGYONG,24,León,Corporate,BEV,REST,Standard,1
2024,11,SSANGYONG,24,León,Private,ICE,REST,Standard,2
2024,11,SUZUKI,24,León,Corporate,ICE,REST,Standard,2
2024,11,SUZUKI,24,León,Private,ICE,REST,Standard,6
2024,11,TESLA,24,León,Private,BEV,FOCUS SEGMENT,Standard,5
2024,11,TOYOTA,24,León,Corporate,ICE,REST,Standard,9
2024,11,TOYOTA,24,León,Private,ICE,REST,Standard,30
2024,11,VOLKSWAGEN,24,León,Corporate,BEV,REST,Standard,1
2024,11,VOLKSWAGEN,24,León,Corporate,ICE,REST,Standard,14
2024,11,VOLKSWAGEN,24,León,Private,BEV,REST,Standard,2
2024,11,VOLKSWAGEN,24,León,Private,ICE,REST,Standard,14
2024,11,VOLVO,24,León,Corporate,ICE,FOCUS SEGMENT,Standard,9
2024,11,VOLVO,24,León,Private,ICE,FOCUS SEGMENT,Standard,3
2024,11,VOLVO,24,León,Private,PHEV,FOCUS SEGMENT,Standard,1
2024,11,ALFA ROMEO,25,Lleida,Private,ICE,REST,Standard,1
2024,11,AUDI,25,Lleida,Corporate,ICE,FOCUS SEGMENT,M,1
2024,11,AUDI,25,Lleida,Corporate,ICE,FOCUS SEGMENT,Standard,7
2024,11,AUDI,25,Lleida,Corporate,PHEV,FOCUS SEGMENT,Standard,3
2024,11,AUDI,25,Lleida,Private,ICE,FOCUS SEGMENT,Standard,9
2024,11,AUDI,25,Lleida,RAC,PHEV,FOCUS SEGMENT,Standard,1
2024,11,BMW,25,Lleida,Corporate,BEV,FOCUS SEGMENT,Standard,1
2024,11,BMW,25,Lleida,Corporate,ICE,FOCUS SEGMENT,Standard,4
2024,11,BMW,25,Lleida,Private,ICE,FOCUS SEGMENT,M Performance,1
2024,11,BMW,25,Lleida,Private,ICE,FOCUS SEGMENT,Standard,12
2024,11,BMW,25,Lleida,Private,PHEV,FOCUS SEGMENT,Standard,1
2024,11,BYD,25,Lleida,Corporate,PHEV,REST,Standard,1
2024,11,BYD,25,Lleida,Private,PHEV,REST,Standard,2
2024,11,CITROEN,25,Lleida,Corporate,BEV,REST,Standard,3
2024,11,CITROEN,25,Lleida,Corporate,ICE,REST,Standard,27
2024,11,CITROEN,25,Lleida,Private,BEV,REST,Standard,2
2024,11,CITROEN,25,Lleida,Private,ICE,REST,Standard,5
2024,11,CUPRA,25,Lleida,Corporate,ICE,REST,Standard,1
2024,11,CUPRA,25,Lleida,Corporate,PHEV,REST,Standard,2
2024,11,CUPRA,25,Lleida,Private,ICE,REST,Standard,4
2024,11,DACIA,25,Lleida,Corporate,ICE,REST,Standard,4
2024,11,DACIA,25,Lleida,Private,BEV,REST,Standard,2
2024,11,DACIA,25,Lleida,Private,ICE,REST,Standard,33
2024,11,FIAT,25,Lleida,Private,BEV,REST,Standard,2
2024,11,FORD,25,Lleida,Corporate,BEV,REST,Standard,3
2024,11,FORD,25,Lleida,Private,ICE,REST,Standard,6
2024,11,FORD,25,Lleida,Private,PHEV,REST,Standard,2
2024,11,HONDA,25,Lleida,Corporate,ICE,REST,Standard,1
2024,11,HONDA,25,Lleida,Private,ICE,REST,Standard,1
2024,11,HYUNDAI,25,Lleida,Corporate,BEV,REST,Standard,1
2024,11,HYUNDAI,25,Lleida,Corporate,ICE,REST,Standard,7
2024,11,HYUNDAI,25,Lleida,Corporate,PHEV,REST,Standard,1
2024,11,HYUNDAI,25,Lleida,Private,BEV,REST,Standard,1
2024,11,HYUNDAI,25,Lleida,Private,ICE,REST,Standard,17
2024,11,HYUNDAI,25,Lleida,Private,PHEV,REST,Standard,5
2024,11,JAECOO,25,Lleida,Private,ICE,REST,Standard,6
2024,11,JEEP,25,Lleida,Private,ICE,REST,Standard,1
2024,11,KIA,25,Lleida,Corporate,BEV,REST,Standard,3
2024,11,KIA,25,Lleida,Corporate,ICE,REST,Standard,3
2024,11,KIA,25,Lleida,Private,BEV,REST,Standard,2
2024,11,KIA,25,Lleida,Private,ICE,REST,Standard,29
2024,11,LEAPMOTOR,25,Lleida,Private,BEV,REST,Standard,4
2024,11,LEXUS,25,Lleida,Private,ICE,FOCUS SEGMENT,Standard,1
2024,11,MAZDA,25,Lleida,Corporate,ICE,REST,Standard,10
2024,11,MAZDA,25,Lleida,Private,ICE,REST,Standard,2
2024,11,MAZDA,25,Lleida,Private,PHEV,REST,Standard,1
2024,11,MERCEDES,25,Lleida,Corporate,BEV,FOCUS SEGMENT,Standard,1
2024,11,MERCEDES,25,Lleida,Corporate,ICE,FOCUS SEGMENT,Standard,3
2024,11,MERCEDES,25,Lleida,Private,BEV,FOCUS SEGMENT,Standard,1
2024,11,MERCEDES,25,Lleida,Private,ICE,FOCUS SEGMENT,M,2
2024,11,MERCEDES,25,Lleida,Private,ICE,FOCUS SEGMENT,Standard,6
2024,11,MERCEDES,25,Lleida,Private,ICE,REST,Standard,1
2024,11,MERCEDES,25,Lleida,Private,PHEV,FOCUS SEGMENT,Standard,4
2024,11,MG,25,Lleida,Corporate,ICE,REST,Standard,4
2024,11,MG,25,Lleida,Private,BEV,REST,Standard,2
2024,11,MG,25,Lleida,Private,ICE,REST,Standard,10
2024,11,MG,25,Lleida,Private,PHEV,REST,Standard,3
2024,11,MINI,25,Lleida,Private,BEV,FOCUS SEGMENT,Standard,1
2024,11,MINI,25,Lleida,Private,ICE,FOCUS SEGMENT,Standard,2
2024,11,MITSUBISHI,25,Lleida,Corporate,ICE,REST,Standard,1
2024,11,NISSAN,25,Lleida,Corporate,ICE,REST,Standard,2
2024,11,NISSAN,25,Lleida,Private,BEV,REST,Standard,1
2024,11,NISSAN,25,Lleida,Private,ICE,REST,Standard,9
2024,11,OMODA,25,Lleida,Private,BEV,REST,Standard,2
2024,11,OMODA,25,Lleida,Private,ICE,REST,Standard,7
2024,11,OPEL,25,Lleida,Corporate,ICE,REST,Standard,11
2024,11,OPEL,25,Lleida,Private,ICE,REST,Standard,3
2024,11,PEUGEOT,25,Lleida,Corporate,ICE,REST,Standard,36
2024,11,PEUGEOT,25,Lleida,Corporate,PHEV,REST,Standard,1
2024,11,PEUGEOT,25,Lleida,Private,BEV,REST,Standard,1
2024,11,PEUGEOT,25,Lleida,Private,ICE,REST,Standard,6
2024,11,PORSCHE,25,Lleida,Corporate,ICE,FOCUS SEGMENT,M Performance,1
2024,11,PORSCHE,25,Lleida,Private,BEV,FOCUS SEGMENT,M,1
2024,11,PORSCHE,25,Lleida,Private,PHEV,FOCUS SEGMENT,M,1
2024,11,RENAULT,25,Lleida,Corporate,ICE,REST,Standard,15
2024,11,RENAULT,25,Lleida,Private,ICE,REST,Standard,22
2024,11,SEAT,25,Lleida,Corporate,ICE,REST,Standard,7
2024,11,SEAT,25,Lleida,Corporate,PHEV,REST,Standard,1
2024,11,SEAT,25,Lleida,Private,ICE,REST,Standard,19
2024,11,SIN MARCA,25,Lleida,Private,ICE,REST,Standard,1
2024,11,SKODA,25,Lleida,Corporate,ICE,REST,Standard,5
2024,11,SKODA,25,Lleida,Corporate,PHEV,REST,Standard,2
2024,11,SKODA,25,Lleida,Private,ICE,REST,Standard,15
2024,11,SKODA,25,Lleida,Private,PHEV,REST,Standard,2
2024,11,SSANGYONG,25,Lleida,Private,ICE,REST,Standard,1
2024,11,SUZUKI,25,Lleida,Corporate,ICE,REST,Standard,1
2024,11,SUZUKI,25,Lleida,Private,ICE,REST,Standard,5
2024,11,TESLA,25,Lleida,Corporate,BEV,FOCUS SEGMENT,Standard,4
2024,11,TESLA,25,Lleida,Private,BEV,FOCUS SEGMENT,Standard,21
2024,11,TOYOTA,25,Lleida,Corporate,ICE,REST,Standard,10
2024,11,TOYOTA,25,Lleida,Corporate,PHEV,REST,Standard,3
2024,11,TOYOTA,25,Lleida,Private,ICE,REST,Standard,33
2024,11,TOYOTA,25,Lleida,Private,PHEV,REST,Standard,2
2024,11,VOLKSWAGEN,25,Lleida,Corporate,ICE,REST,Standard,7
2024,11,VOLKSWAGEN,25,Lleida,Private,BEV,REST,Standard,1
2024,11,VOLKSWAGEN,25,Lleida,Private,ICE,REST,Standard,23
2024,11,VOLVO,25,Lleida,Corporate,ICE,FOCUS SEGMENT,Standard,1
2024,11,VOLVO,25,Lleida,Private,BEV,FOCUS SEGMENT,Standard,3
2024,11,VOLVO,25,Lleida,Private,ICE,FOCUS SEGMENT,Standard,7
2024,11,AUDI,26,La Rioja,Corporate,ICE,FOCUS SEGMENT,Standard,1
2024,11,AUDI,26,La Rioja,Private,ICE,FOCUS SEGMENT,Standard,4
2024,11,BMW,26,La Rioja,Corporate,BEV,FOCUS SEGMENT,Standard,2
2024,11,BMW,26,La Rioja,Private,BEV,FOCUS SEGMENT,Standard,1
2024,11,BMW,26,La Rioja,Private,ICE,FOCUS SEGMENT,Standard,3
2024,11,BMW,26,La Rioja,Private,PHEV,FOCUS SEGMENT,Standard,1
2024,11,BYD,26,La Rioja,Private,BEV,REST,Standard,2
2024,11,BYD,26,La Rioja,Private,PHEV,REST,Standard,3
2024,11,CITROEN,26,La Rioja,Corporate,BEV,REST,Standard,1
2024,11,CITROEN,26,La Rioja,Corporate,ICE,REST,Standard,5
2024,11,CITROEN,26,La Rioja,Private,BEV,REST,Standard,2
2024,11,CITROEN,26,La Rioja,Private,ICE,REST,Standard,9
2024,11,CUPRA,26,La Rioja,Corporate,PHEV,REST,Standard,1
2024,11,CUPRA,26,La Rioja,Private,ICE,REST,Standard,2
2024,11,CUPRA,26,La Rioja,Private,PHEV,REST,Standard,1
2024,11,DACIA,26,La Rioja,Corporate,ICE,REST,Standard,9
2024,11,DACIA,26,La Rioja,Private,ICE,REST,Standard,41
2024,11,EVO,26,La Rioja,Corporate,ICE,REST,Standard,1
2024,11,FIAT,26,La Rioja,Private,ICE,REST,Standard,1
2024,11,FORD,26,La Rioja,Corporate,BEV,REST,Standard,1
2024,11,FORD,26,La Rioja,Corporate,ICE,REST,Standard,2
2024,11,FORD,26,La Rioja,Private,ICE,REST,Standard,7
2024,11,FORD,26,La Rioja,Private,PHEV,REST,Standard,1
2024,11,HONDA,26,La Rioja,Private,ICE,REST,Standard,1
2024,11,HYUNDAI,26,La Rioja,Corporate,ICE,REST,Standard,2
2024,11,HYUNDAI,26,La Rioja,Private,ICE,REST,Standard,17
2024,11,HYUNDAI,26,La Rioja,Private,PHEV,REST,Standard,2
2024,11,JAECOO,26,La Rioja,Corporate,ICE,REST,Standard,1
2024,11,JAECOO,26,La Rioja,Private,ICE,REST,Standard,4
2024,11,KG MOBILITY,26,La Rioja,Private,ICE,REST,Standard,1
2024,11,KIA,26,La Rioja,Corporate,BEV,REST,Standard,1
2024,11,KIA,26,La Rioja,Private,BEV,REST,Standard,1
2024,11,KIA,26,La Rioja,Private,ICE,REST,Standard,24
2024,11,LEXUS,26,La Rioja,Corporate,ICE,FOCUS SEGMENT,Standard,3
2024,11,LEXUS,26,La Rioja,Corporate,PHEV,FOCUS SEGMENT,Standard,1
2024,11,LEXUS,26,La Rioja,Private,ICE,FOCUS SEGMENT,Standard,3
2024,11,MAZDA,26,La Rioja,Corporate,ICE,REST,Standard,1
2024,11,MAZDA,26,La Rioja,Private,ICE,REST,Standard,9
2024,11,MAZDA,26,La Rioja,Private,PHEV,REST,Standard,1
2024,11,MERCEDES,26,La Rioja,Corporate,ICE,FOCUS SEGMENT,M Performance,1
2024,11,MERCEDES,26,La Rioja,Corporate,ICE,FOCUS SEGMENT,Standard,8
2024,11,MERCEDES,26,La Rioja,Corporate,ICE,REST,Standard,1
2024,11,MERCEDES,26,La Rioja,Corporate,PHEV,FOCUS SEGMENT,M Performance,1
2024,11,MERCEDES,26,La Rioja,Private,ICE,FOCUS SEGMENT,Standard,3
2024,11,MG,26,La Rioja,Corporate,BEV,REST,Standard,1
2024,11,MG,26,La Rioja,Corporate,ICE,REST,Standard,1
2024,11,MG,26,La Rioja,Private,ICE,REST,Standard,21
2024,11,MG,26,La Rioja,Private,PHEV,REST,Standard,1
2024,11,MITSUBISHI,26,La Rioja,Private,ICE,REST,Standard,1
2024,11,NISSAN,26,La Rioja,Corporate,ICE,REST,Standard,2
2024,11,NISSAN,26,La Rioja,Private,ICE,REST,Standard,13
2024,11,OMODA,26,La Rioja,Private,BEV,REST,Standard,2
2024,11,OMODA,26,La Rioja,Private,ICE,REST,Standard,8
2024,11,OPEL,26,La Rioja,Private,ICE,REST,Standard,3
2024,11,OPEL,26,La Rioja,Private,PHEV,REST,Standard,1
2024,11,PEUGEOT,26,La Rioja,Corporate,ICE,REST,Standard,1
2024,11,PEUGEOT,26,La Rioja,Private,ICE,REST,Standard,5
2024,11,RENAULT,26,La Rioja,Corporate,ICE,REST,Standard,6
2024,11,RENAULT,26,La Rioja,Corporate,PHEV,REST,Standard,1
2024,11,RENAULT,26,La Rioja,Private,ICE,REST,Standard,18
2024,11,RENAULT,26,La Rioja,Private,PHEV,REST,Standard,1
2024,11,SEAT,26,La Rioja,Corporate,ICE,REST,Standard,6
2024,11,SEAT,26,La Rioja,Private,ICE,REST,Standard,18
2024,11,SKODA,26,La Rioja,Private,ICE,REST,Standard,13
2024,11,SKODA,26,La Rioja,Private,PHEV,REST,Standard,1
2024,11,SUBARU,26,La Rioja,Private,ICE,REST,Standard,1
2024,11,SUZUKI,26,La Rioja,Private,ICE,REST,Standard,8
2024,11,TESLA,26,La Rioja,Corporate,BEV,FOCUS SEGMENT,Standard,2
2024,11,TESLA,26,La Rioja,Private,BEV,FOCUS SEGMENT,Standard,6
2024,11,TOYOTA,26,La Rioja,Corporate,ICE,REST,Standard,2
2024,11,TOYOTA,26,La Rioja,Corporate,PHEV,REST,Standard,1
2024,11,TOYOTA,26,La Rioja,Private,ICE,REST,Standard,42
2024,11,TOYOTA,26,La Rioja,Private,PHEV,REST,Standard,2
2024,11,VOLKSWAGEN,26,La Rioja,Corporate,ICE,REST,Standard,3
2024,11,VOLKSWAGEN,26,La Rioja,Private,ICE,REST,Standard,16
2024,11,VOLVO,26,La Rioja,Corporate,ICE,FOCUS SEGMENT,Standard,7
2024,11,VOLVO,26,La Rioja,Private,ICE,FOCUS SEGMENT,Standard,3
2024,11,AUDI,27,Lugo,Corporate,ICE,FOCUS SEGMENT,Standard,11
2024,11,AUDI,27,Lugo,Private,ICE,FOCUS SEGMENT,Standard,1
2024,11,BMW,27,Lugo,Corporate,BEV,FOCUS SEGMENT,Standard,1
2024,11,BMW,27,Lugo,Private,ICE,FOCUS SEGMENT,Standard,8
2024,11,BYD,27,Lugo,Private,PHEV,REST,Standard,2
2024,11,CITROEN,27,Lugo,Corporate,BEV,REST,Standard,2
2024,11,CITROEN,27,Lugo,Corporate,ICE,REST,Standard,1
2024,11,CITROEN,27,Lugo,Corporate,PHEV,REST,Standard,2
2024,11,CITROEN,27,Lugo,Private,BEV,REST,Standard,1
2024,11,CITROEN,27,Lugo,Private,ICE,REST,Standard,9
2024,11,CUPRA,27,Lugo,Corporate,ICE,REST,Standard,2
2024,11,CUPRA,27,Lugo,Private,ICE,REST,Standard,1
2024,11,CUPRA,27,Lugo,Private,PHEV,REST,Standard,1
2024,11,DACIA,27,Lugo,Private,ICE,REST,Standard,12
2024,11,DFSK,27,Lugo,Private,PHEV,REST,Standard,1
2024,11,FORD,27,Lugo,Corporate,BEV,REST,Standard,1
2024,11,FORD,27,Lugo,Corporate,ICE,REST,Standard,2
2024,11,FORD,27,Lugo,Private,ICE,REST,Standard,6
2024,11,HYUNDAI,27,Lugo,Corporate,BEV,REST,Standard,1
2024,11,HYUNDAI,27,Lugo,Corporate,ICE,REST,Standard,2
2024,11,HYUNDAI,27,Lugo,Private,ICE,REST,Standard,12
2024,11,JEEP,27,Lugo,Corporate,PHEV,REST,Standard,8
2024,11,KG MOBILITY,27,Lugo,Private,ICE,REST,Standard,1
2024,11,KIA,27,Lugo,Corporate,BEV,REST,Standard,1
2024,11,KIA,27,Lugo,Corporate,ICE,,Standard,1
2024,11,KIA,27,Lugo,Corporate,PHEV,REST,Standard,1
2024,11,KIA,27,Lugo,Private,BEV,REST,Standard,4
2024,11,KIA,27,Lugo,Private,ICE,REST,Standard,19
2024,11,KIA,27,Lugo,Private,PHEV,REST,Standard,2
2024,11,LEXUS,27,Lugo,Corporate,ICE,FOCUS SEGMENT,Standard,1
2024,11,LEXUS,27,Lugo,Corporate,ICE,REST,Standard,7
2024,11,MAZDA,27,Lugo,Corporate,ICE,REST,Standard,2
2024,11,MAZDA,27,Lugo,Private,ICE,REST,Standard,3
2024,11,MAZDA,27,Lugo,Private,PHEV,REST,Standard,1
2024,11,MERCEDES,27,Lugo,Corporate,BEV,FOCUS SEGMENT,Standard,2
2024,11,MERCEDES,27,Lugo,Corporate,ICE,FOCUS SEGMENT,Standard,4
2024,11,MERCEDES,27,Lugo,Corporate,ICE,REST,Standard,2
2024,11,MERCEDES,27,Lugo,Corporate,PHEV,FOCUS SEGMENT,M Performance,1
2024,11,MERCEDES,27,Lugo,Private,ICE,FOCUS SEGMENT,Standard,1
2024,11,MERCEDES,27,Lugo,Private,PHEV,FOCUS SEGMENT,M Performance,1
2024,11,MERCEDES-V,27,Lugo,Corporate,BEV,REST,Standard,2
2024,11,MG,27,Lugo,Corporate,ICE,REST,Standard,3
2024,11,MG,27,Lugo,Corporate,PHEV,REST,Standard,1
2024,11,MG,27,Lugo,Private,BEV,REST,Standard,1
2024,11,MG,27,Lugo,Private,ICE,REST,Standard,11
2024,11,MG,27,Lugo,Private,PHEV,REST,Standard,1
2024,11,MINI,27,Lugo,Private,ICE,FOCUS SEGMENT,Standard,6
2024,11,MITSUBISHI,27,Lugo,Private,ICE,REST,Standard,2
2024,11,MITSUBISHI,27,Lugo,Private,PHEV,REST,Standard,1
2024,11,NISSAN,27,Lugo,Corporate,ICE,REST,Standard,4
2024,11,NISSAN,27,Lugo,Private,BEV,REST,Standard,1
2024,11,NISSAN,27,Lugo,Private,ICE,REST,Standard,4
2024,11,OMODA,27,Lugo,Private,ICE,REST,Standard,5
2024,11,PEUGEOT,27,Lugo,Private,ICE,REST,Standard,3
2024,11,RENAULT,27,Lugo,Corporate,ICE,REST,Standard,11
2024,11,RENAULT,27,Lugo,Private,ICE,REST,Standard,6
2024,11,SEAT,27,Lugo,Private,ICE,REST,Standard,6
2024,11,SHINERAY,27,Lugo,Private,ICE,REST,Standard,1
2024,11,SIN MARCA,27,Lugo,Corporate,PHEV,REST,Standard,3
2024,11,SKODA,27,Lugo,Corporate,ICE,REST,Standard,2
2024,11,SKODA,27,Lugo,Private,ICE,REST,Standard,9
2024,11,SMART,27,Lugo,Private,BEV,FOCUS SEGMENT,Standard,1
2024,11,SUBARU,27,Lugo,Corporate,ICE,REST,Standard,1
2024,11,SUBARU,27,Lugo,Private,ICE,REST,Standard,1
2024,11,SUZUKI,27,Lugo,Private,ICE,REST,Standard,2
2024,11,TESLA,27,Lugo,Private,BEV,FOCUS SEGMENT,Standard,2
2024,11,TOYOTA,27,Lugo,Corporate,ICE,REST,Standard,20
2024,11,TOYOTA,27,Lugo,Corporate,PHEV,REST,Standard,1
2024,11,TOYOTA,27,Lugo,Private,ICE,REST,Standard,20
2024,11,TOYOTA,27,Lugo,Private,PHEV,REST,Standard,1
2024,11,TOYOTA,27,Lugo,RAC,ICE,REST,Standard,2
2024,11,VOLKSWAGEN,27,Lugo,Private,ICE,REST,Standard,15
2024,11,VOLVO,27,Lugo,Corporate,ICE,FOCUS SEGMENT,Standard,1
2024,11,VOLVO,27,Lugo,Private,ICE,FOCUS SEGMENT,Standard,5
2024,11,VOLVO,27,Lugo,Private,PHEV,FOCUS SEGMENT,Standard,1
2024,11,ALFA ROMEO,28,Madrid,Corporate,BEV,REST,Standard,3
2024,11,ALFA ROMEO,28,Madrid,Corporate,ICE,REST,Standard,43
2024,11,ALFA ROMEO,28,Madrid,Private,ICE,REST,Standard,4
2024,11,ALFA ROMEO,28,Madrid,Private,PHEV,REST,Standard,1
2024,11,ALFA ROMEO,28,Madrid,RAC,ICE,REST,Standard,23
2024,11,ALPINE,28,Madrid,Private,ICE,REST,Standard,1
2024,11,ASTON MARTIN,28,Madrid,Corporate,ICE,FOCUS SEGMENT,Standard,1
2024,11,ASTON MARTIN,28,Madrid,Private,ICE,FOCUS SEGMENT,Standard,1
2024,11,AUDI,28,Madrid,Corporate,BEV,FOCUS SEGMENT,M Performance,1
2024,11,AUDI,28,Madrid,Corporate,BEV,FOCUS SEGMENT,Standard,36
2024,11,AUDI,28,Madrid,Corporate,ICE,,M,1
2024,11,AUDI,28,Madrid,Corporate,ICE,FOCUS SEGMENT,M,4
2024,11,AUDI,28,Madrid,Corporate,ICE,FOCUS SEGMENT,M Performance,10
2024,11,AUDI,28,Madrid,Corporate,ICE,FOCUS SEGMENT,Standard,1072
2024,11,AUDI,28,Madrid,Corporate,PHEV,FOCUS SEGMENT,M Performance,3
2024,11,AUDI,28,Madrid,Corporate,PHEV,FOCUS SEGMENT,Standard,92
2024,11,AUDI,28,Madrid,Private,BEV,FOCUS SEGMENT,Standard,5
2024,11,AUDI,28,Madrid,Private,ICE,FOCUS SEGMENT,M,1
2024,11,AUDI,28,Madrid,Private,ICE,FOCUS SEGMENT,M Performance,3
2024,11,AUDI,28,Madrid,Private,ICE,FOCUS SEGMENT,Standard,158
2024,11,AUDI,28,Madrid,Private,PHEV,FOCUS SEGMENT,Standard,32
2024,11,AUDI,28,Madrid,RAC,ICE,FOCUS SEGMENT,Standard,199
2024,11,AUDI,28,Madrid,RAC,PHEV,FOCUS SEGMENT,Standard,47
2024,11,BENTLEY,28,Madrid,Corporate,PHEV,FOCUS SEGMENT,Standard,3
2024,11,BMW,28,Madrid,Corporate,BEV,FOCUS SEGMENT,M Performance,6
2024,11,BMW,28,Madrid,Corporate,BEV,FOCUS SEGMENT,Standard,169
2024,11,BMW,28,Madrid,Corporate,ICE,FOCUS SEGMENT,M,10
2024,11,BMW,28,Madrid,Corporate,ICE,FOCUS SEGMENT,M Performance,42
2024,11,BMW,28,Madrid,Corporate,ICE,FOCUS SEGMENT,Standard,1292
2024,11,BMW,28,Madrid,Corporate,PHEV,FOCUS SEGMENT,M,11
2024,11,BMW,28,Madrid,Corporate,PHEV,FOCUS SEGMENT,M Performance,1
2024,11,BMW,28,Madrid,Corporate,PHEV,FOCUS SEGMENT,Standard,169
2024,11,BMW,28,Madrid,Private,BEV,FOCUS SEGMENT,Standard,45
2024,11,BMW,28,Madrid,Private,ICE,FOCUS SEGMENT,M,6
2024,11,BMW,28,Madrid,Private,ICE,FOCUS SEGMENT,M Performance,9
2024,11,BMW,28,Madrid,Private,ICE,FOCUS SEGMENT,Standard,241
2024,11,BMW,28,Madrid,Private,PHEV,FOCUS SEGMENT,M,3
2024,11,BMW,28,Madrid,Private,PHEV,FOCUS SEGMENT,Standard,28
2024,11,BMW,28,Madrid,RAC,BEV,FOCUS SEGMENT,Standard,11
2024,11,BMW,28,Madrid,RAC,ICE,FOCUS SEGMENT,M,1
2024,11,BMW,28,Madrid,RAC,ICE,FOCUS SEGMENT,Standard,172
2024,11,BMW,28,Madrid,RAC,PHEV,FOCUS SEGMENT,Standard,2
2024,11,BYD,28,Madrid,Corporate,BEV,REST,Standard,20
2024,11,BYD,28,Madrid,Corporate,PHEV,REST,Standard,29
2024,11,BYD,28,Madrid,Private,BEV,REST,Standard,79
2024,11,BYD,28,Madrid,Private,PHEV,REST,Standard,99
2024,11,CATERHAM CARS LTD,28,Madrid,Corporate,ICE,REST,Standard,1
2024,11,CITROEN,28,Madrid,Corporate,BEV,REST,Standard,63
2024,11,CITROEN,28,Madrid,Corporate,ICE,REST,Standard,734
2024,11,CITROEN,28,Madrid,Corporate,PHEV,REST,Standard,1
2024,11,CITROEN,28,Madrid,Private,BEV,REST,Standard,44
2024,11,CITROEN,28,Madrid,Private,ICE,REST,Standard,79
2024,11,CITROEN,28,Madrid,Private,PHEV,REST,Standard,5
2024,11,CITROEN,28,Madrid,RAC,ICE,REST,Standard,131
2024,11,CITROEN,28,Madrid,RAC,PHEV,REST,Standard,1
2024,11,CUPRA,28,Madrid,Corporate,BEV,REST,Standard,46
2024,11,CUPRA,28,Madrid,Corporate,ICE,REST,Standard,752
2024,11,CUPRA,28,Madrid,Corporate,PHEV,REST,Standard,52
2024,11,CUPRA,28,Madrid,Private,BEV,REST,Standard,2
2024,11,CUPRA,28,Madrid,Private,ICE,REST,Standard,38
2024,11,CUPRA,28,Madrid,Private,PHEV,REST,Standard,20
2024,11,DACIA,28,Madrid,Corporate,BEV,REST,Standard,20
2024,11,DACIA,28,Madrid,Corporate,ICE,REST,Standard,329
2024,11,DACIA,28,Madrid,Private,BEV,REST,Standard,27
2024,11,DACIA,28,Madrid,Private,ICE,REST,Standard,759
2024,11,DFSK,28,Madrid,Private,PHEV,REST,Standard,3
2024,11,DIVISEGUR CATALUNYA,28,Madrid,Corporate,ICE,REST,Standard,1
2024,11,DONGFENG,28,Madrid,Corporate,BEV,REST,Standard,10
2024,11,DONGFENG,28,Madrid,Private,BEV,REST,Standard,2
2024,11,DR,28,Madrid,Private,ICE,REST,Standard,5
2024,11,EVO,28,Madrid,Corporate,ICE,REST,Standard,4
2024,11,EVO,28,Madrid,Private,ICE,REST,Standard,3
2024,11,FERRARI,28,Madrid,Private,ICE,FOCUS SEGMENT,Standard,2
2024,11,FIAT,28,Madrid,Corporate,BEV,REST,Standard,25
2024,11,FIAT,28,Madrid,Corporate,ICE,,Standard,1
2024,11,FIAT,28,Madrid,Corporate,ICE,REST,Standard,138
2024,11,FIAT,28,Madrid,Private,BEV,REST,Standard,12
2024,11,FIAT,28,Madrid,Private,ICE,,Standard,1
2024,11,FIAT,28,Madrid,Private,ICE,REST,Standard,24
2024,11,FIAT,28,Madrid,RAC,ICE,REST,Standard,293
2024,11,FORD,28,Madrid,Corporate,BEV,REST,Standard,25
2024,11,FORD,28,Madrid,Corporate,ICE,REST,Standard,261
2024,11,FORD,28,Madrid,Corporate,PHEV,REST,Standard,18
2024,11,FORD,28,Madrid,Private,BEV,REST,Standard,4
2024,11,FORD,28,Madrid,Private,ICE,REST,Standard,136
2024,11,FORD,28,Madrid,Private,PHEV,REST,Standard,25
2024,11,FORD,28,Madrid,RAC,ICE,REST,Standard,301
2024,11,HONDA,28,Madrid,Corporate,ICE,REST,Standard,19
2024,11,HONDA,28,Madrid,Corporate,PHEV,REST,Standard,4
2024,11,HONDA,28,Madrid,Private,ICE,REST,Standard,50
2024,11,HONDA,28,Madrid,Private,PHEV,REST,Standard,1
2024,11,HYUNDAI,28,Madrid,Corporate,BEV,REST,Standard,9
2024,11,HYUNDAI,28,Madrid,Corporate,ICE,REST,Standard,458
2024,11,HYUNDAI,28,Madrid,Corporate,PHEV,REST,Standard,44
2024,11,HYUNDAI,28,Madrid,Private,BEV,REST,Standard,11
2024,11,HYUNDAI,28,Madrid,Private,ICE,REST,Standard,595
2024,11,HYUNDAI,28,Madrid,Private,PHEV,REST,Standard,59
2024,11,HYUNDAI,28,Madrid,RAC,ICE,REST,Standard,4
2024,11,INEOS,28,Madrid,Corporate,ICE,REST,Standard,2
2024,11,JAECOO,28,Madrid,Corporate,ICE,REST,Standard,28
2024,11,JAECOO,28,Madrid,Private,ICE,REST,Standard,27
2024,11,JAGUAR,28,Madrid,Corporate,ICE,FOCUS SEGMENT,Standard,4
2024,11,JAGUAR,28,Madrid,Corporate,PHEV,FOCUS SEGMENT,Standard,2
2024,11,JEEP,28,Madrid,Corporate,BEV,REST,Standard,16
2024,11,JEEP,28,Madrid,Corporate,ICE,REST,Standard,312
2024,11,JEEP,28,Madrid,Corporate,PHEV,REST,Standard,21
2024,11,JEEP,28,Madrid,Private,BEV,REST,Standard,5
2024,11,JEEP,28,Madrid,Private,ICE,REST,Standard,33
2024,11,JEEP,28,Madrid,Private,PHEV,REST,Standard,3
2024,11,KG MOBILITY,28,Madrid,Corporate,ICE,REST,Standard,17
2024,11,KG MOBILITY,28,Madrid,Private,ICE,REST,Standard,17
2024,11,KIA,28,Madrid,Corporate,BEV,REST,Standard,63
2024,11,KIA,28,Madrid,Corporate,ICE,,Standard,2
2024,11,KIA,28,Madrid,Corporate,ICE,REST,Standard,777
2024,11,KIA,28,Madrid,Corporate,PHEV,REST,Standard,72
2024,11,KIA,28,Madrid,Private,BEV,REST,Standard,32
2024,11,KIA,28,Madrid,Private,ICE,,Standard,2
2024,11,KIA,28,Madrid,Private,ICE,REST,Standard,589
2024,11,KIA,28,Madrid,Private,PHEV,REST,Standard,22
2024,11,KIA,28,Madrid,RAC,ICE,REST,Standard,766
2024,11,LAMBORGHINI,28,Madrid,RAC,ICE,FOCUS SEGMENT,Standard,1
2024,11,LANCIA,28,Madrid,RAC,ICE,REST,Standard,9
2024,11,LAND ROVER,28,Madrid,Corporate,ICE,FOCUS SEGMENT,Standard,83
2024,11,LAND ROVER,28,Madrid,Corporate,PHEV,FOCUS SEGMENT,Standard,65
2024,11,LAND ROVER,28,Madrid,Private,ICE,FOCUS SEGMENT,Standard,3
2024,11,LAND ROVER,28,Madrid,Private,PHEV,FOCUS SEGMENT,Standard,7
2024,11,LEAPMOTOR,28,Madrid,Corporate,BEV,REST,Standard,12
2024,11,LEAPMOTOR,28,Madrid,Private,BEV,REST,Standard,7
2024,11,LEXUS,28,Madrid,Corporate,ICE,FOCUS SEGMENT,Standard,132
2024,11,LEXUS,28,Madrid,Corporate,ICE,REST,Standard,2
2024,11,LEXUS,28,Madrid,Corporate,PHEV,FOCUS SEGMENT,Standard,32
2024,11,LEXUS,28,Madrid,Private,BEV,FOCUS SEGMENT,Standard,2
2024,11,LEXUS,28,Madrid,Private,ICE,FOCUS SEGMENT,Standard,95
2024,11,LEXUS,28,Madrid,Private,ICE,REST,Standard,1
2024,11,LEXUS,28,Madrid,Private,PHEV,FOCUS SEGMENT,Standard,11
2024,11,LEXUS,28,Madrid,RAC,ICE,FOCUS SEGMENT,Standard,31
2024,11,LYNK & CO,28,Madrid,Corporate,PHEV,REST,Standard,48
2024,11,MASERATI,28,Madrid,Corporate,BEV,FOCUS SEGMENT,Standard,1
2024,11,MASERATI,28,Madrid,Private,BEV,FOCUS SEGMENT,Standard,1
2024,11,MAZDA,28,Madrid,Corporate,ICE,REST,Standard,141
2024,11,MAZDA,28,Madrid,Corporate,PHEV,REST,Standard,35
2024,11,MAZDA,28,Madrid,Private,ICE,REST,Standard,199
2024,11,MAZDA,28,Madrid,Private,PHEV,REST,Standard,12
2024,11,MAZDA,28,Madrid,RAC,ICE,REST,Standard,23
2024,11,MAZDA,28,Madrid,RAC,PHEV,REST,Standard,5
2024,11,MERCEDES,28,Madrid,Corporate,BEV,FOCUS SEGMENT,M Performance,5
2024,11,MERCEDES,28,Madrid,Corporate,BEV,FOCUS SEGMENT,Standard,89
2024,11,MERCEDES,28,Madrid,Corporate,BEV,REST,Standard,19
2024,11,MERCEDES,28,Madrid,Corporate,ICE,FOCUS SEGMENT,M,7
2024,11,MERCEDES,28,Madrid,Corporate,ICE,FOCUS SEGMENT,M Performance,22
2024,11,MERCEDES,28,Madrid,Corporate,ICE,FOCUS SEGMENT,Standard,667
2024,11,MERCEDES,28,Madrid,Corporate,ICE,REST,Standard,113
2024,11,MERCEDES,28,Madrid,Corporate,PHEV,FOCUS SEGMENT,M Performance,18
2024,11,MERCEDES,28,Madrid,Corporate,PHEV,FOCUS SEGMENT,Standard,491
2024,11,MERCEDES,28,Madrid,Private,BEV,FOCUS SEGMENT,Standard,33
2024,11,MERCEDES,28,Madrid,Private,ICE,FOCUS SEGMENT,M,1
2024,11,MERCEDES,28,Madrid,Private,ICE,FOCUS SEGMENT,M Performance,7
2024,11,MERCEDES,28,Madrid,Private,ICE,FOCUS SEGMENT,Standard,109
2024,11,MERCEDES,28,Madrid,Private,ICE,REST,Standard,7
2024,11,MERCEDES,28,Madrid,Private,PHEV,FOCUS SEGMENT,M Performance,6
2024,11,MERCEDES,28,Madrid,Private,PHEV,FOCUS SEGMENT,Standard,53
2024,11,MERCEDES,28,Madrid,RAC,BEV,FOCUS SEGMENT,Standard,66
2024,11,MERCEDES,28,Madrid,RAC,BEV,REST,Standard,1
2024,11,MERCEDES,28,Madrid,RAC,ICE,FOCUS SEGMENT,Standard,226
2024,11,MERCEDES,28,Madrid,RAC,ICE,REST,Standard,16
2024,11,MERCEDES,28,Madrid,RAC,PHEV,FOCUS SEGMENT,Standard,62
2024,11,MERCEDES-V,28,Madrid,Corporate,BEV,REST,Standard,1
2024,11,MERCEDES-V,28,Madrid,Corporate,ICE,REST,Standard,10
2024,11,MERCEDES-V,28,Madrid,Private,ICE,REST,Standard,1
2024,11,MG,28,Madrid,Corporate,BEV,REST,Standard,13
2024,11,MG,28,Madrid,Corporate,ICE,REST,Standard,75
2024,11,MG,28,Madrid,Corporate,PHEV,REST,Standard,20
2024,11,MG,28,Madrid,Private,BEV,REST,Standard,59
2024,11,MG,28,Madrid,Private,ICE,REST,Standard,288
2024,11,MG,28,Madrid,Private,PHEV,REST,Standard,65
2024,11,MINI,28,Madrid,Corporate,BEV,FOCUS SEGMENT,Standard,62
2024,11,MINI,28,Madrid,Corporate,ICE,FOCUS SEGMENT,JCW,2
2024,11,MINI,28,Madrid,Corporate,ICE,FOCUS SEGMENT,Standard,72
2024,11,MINI,28,Madrid,Private,BEV,FOCUS SEGMENT,Standard,70
2024,11,MINI,28,Madrid,Private,ICE,FOCUS SEGMENT,JCW,1
2024,11,MINI,28,Madrid,Private,ICE,FOCUS SEGMENT,Standard,63
2024,11,MITSUBISHI,28,Madrid,Corporate,ICE,REST,Standard,21
2024,11,MITSUBISHI,28,Madrid,Corporate,PHEV,REST,Standard,14
2024,11,MITSUBISHI,28,Madrid,Private,ICE,REST,Standard,28
2024,11,MITSUBISHI,28,Madrid,Private,PHEV,REST,Standard,5
2024,11,MOKE INTERNATIONAL LTD,28,Madrid,Private,BEV,REST,Standard,1
2024,11,NISSAN,28,Madrid,Corporate,BEV,REST,Standard,8
2024,11,NISSAN,28,Madrid,Corporate,ICE,REST,Standard,775
2024,11,NISSAN,28,Madrid,Private,BEV,REST,Standard,3
2024,11,NISSAN,28,Madrid,Private,ICE,REST,Standard,240
2024,11,NISSAN,28,Madrid,RAC,ICE,REST,Standard,66
2024,11,OMODA,28,Madrid,Corporate,BEV,REST,Standard,7
2024,11,OMODA,28,Madrid,Corporate,ICE,REST,Standard,39
2024,11,OMODA,28,Madrid,Private,BEV,REST,Standard,4
2024,11,OMODA,28,Madrid,Private,ICE,REST,Standard,72
2024,11,OMODA,28,Madrid,RAC,BEV,REST,Standard,3
2024,11,OMODA,28,Madrid,RAC,ICE,REST,Standard,27
2024,11,OPEL,28,Madrid,Corporate,BEV,REST,Standard,8
2024,11,OPEL,28,Madrid,Corporate,ICE,REST,Standard,436
2024,11,OPEL,28,Madrid,Corporate,PHEV,REST,Standard,5
2024,11,OPEL,28,Madrid,Private,BEV,REST,Standard,2
2024,11,OPEL,28,Madrid,Private,ICE,REST,Standard,28
2024,11,OPEL,28,Madrid,Private,PHEV,REST,Standard,2
2024,11,OPEL,28,Madrid,RAC,ICE,REST,Standard,130
2024,11,PEUGEOT,28,Madrid,Corporate,BEV,REST,Standard,45
2024,11,PEUGEOT,28,Madrid,Corporate,ICE,REST,Standard,666
2024,11,PEUGEOT,28,Madrid,Corporate,PHEV,REST,Standard,15
2024,11,PEUGEOT,28,Madrid,Private,BEV,REST,Standard,11
2024,11,PEUGEOT,28,Madrid,Private,ICE,REST,Standard,167
2024,11,PEUGEOT,28,Madrid,Private,PHEV,REST,Standard,14
2024,11,PEUGEOT,28,Madrid,RAC,BEV,REST,Standard,1
2024,11,PEUGEOT,28,Madrid,RAC,ICE,REST,Standard,757
2024,11,PEUGEOT,28,Madrid,RAC,PHEV,REST,Standard,2
2024,11,POLESTAR,28,Madrid,Corporate,BEV,FOCUS SEGMENT,Standard,32
2024,11,POLESTAR,28,Madrid,Private,BEV,FOCUS SEGMENT,Standard,3
2024,11,PORSCHE,28,Madrid,Corporate,BEV,FOCUS SEGMENT,M,7
2024,11,PORSCHE,28,Madrid,Corporate,BEV,FOCUS SEGMENT,M Performance,2
2024,11,PORSCHE,28,Madrid,Corporate,BEV,FOCUS SEGMENT,Standard,12
2024,11,PORSCHE,28,Madrid,Corporate,ICE,FOCUS SEGMENT,M,2
2024,11,PORSCHE,28,Madrid,Corporate,ICE,FOCUS SEGMENT,M Performance,3
2024,11,PORSCHE,28,Madrid,Corporate,ICE,FOCUS SEGMENT,Standard,1
2024,11,PORSCHE,28,Madrid,Corporate,PHEV,FOCUS SEGMENT,M,1
2024,11,PORSCHE,28,Madrid,Corporate,PHEV,FOCUS SEGMENT,M Performance,10
2024,11,PORSCHE,28,Madrid,Corporate,PHEV,FOCUS SEGMENT,Standard,18
2024,11,PORSCHE,28,Madrid,Private,BEV,FOCUS SEGMENT,M,2
2024,11,PORSCHE,28,Madrid,Private,BEV,FOCUS SEGMENT,Standard,8
2024,11,PORSCHE,28,Madrid,Private,ICE,FOCUS SEGMENT,M,3
2024,11,PORSCHE,28,Madrid,Private,ICE,FOCUS SEGMENT,M Performance,3
2024,11,PORSCHE,28,Madrid,Private,ICE,FOCUS SEGMENT,Standard,5
2024,11,PORSCHE,28,Madrid,Private,PHEV,FOCUS SEGMENT,M,2
2024,11,PORSCHE,28,Madrid,Private,PHEV,FOCUS SEGMENT,M Performance,2
2024,11,PORSCHE,28,Madrid,Private,PHEV,FOCUS SEGMENT,Standard,9
2024,11,REHATRANS,28,Madrid,Corporate,ICE,REST,Standard,2
2024,11,RENAULT,28,Madrid,Corporate,BEV,REST,Standard,47
2024,11,RENAULT,28,Madrid,Corporate,ICE,REST,Standard,2277
2024,11,RENAULT,28,Madrid,Corporate,PHEV,REST,Standard,20
2024,11,RENAULT,28,Madrid,Private,BEV,REST,Standard,7
2024,11,RENAULT,28,Madrid,Private,ICE,REST,Standard,446
2024,11,RENAULT,28,Madrid,Private,PHEV,REST,Standard,9
2024,11,RENAULT,28,Madrid,RAC,ICE,REST,Standard,337
2024,11,SEAT,28,Madrid,Corporate,ICE,REST,Standard,1458
2024,11,SEAT,28,Madrid,Corporate,PHEV,REST,Standard,63
2024,11,SEAT,28,Madrid,Private,ICE,REST,Standard,293
2024,11,SEAT,28,Madrid,Private,PHEV,REST,Standard,6
2024,11,SEAT,28,Madrid,RAC,ICE,REST,Standard,1
2024,11,SHINERAY,28,Madrid,Private,ICE,REST,Standard,4
2024,11,SIN MARCA,28,Madrid,Corporate,BEV,REST,Standard,1
2024,11,SIN MARCA,28,Madrid,Corporate,ICE,REST,Standard,112
2024,11,SIN MARCA,28,Madrid,Corporate,PHEV,REST,Standard,32
2024,11,SIN MARCA,28,Madrid,Private,ICE,REST,Standard,1
2024,11,SIN MARCA,28,Madrid,Private,PHEV,REST,Standard,5
2024,11,SIN MARCA,28,Madrid,RAC,ICE,REST,Standard,26
2024,11,SIN MARCA,28,Madrid,RAC,PHEV,REST,Standard,1
2024,11,SKODA,28,Madrid,Corporate,BEV,REST,Standard,104
2024,11,SKODA,28,Madrid,Corporate,ICE,REST,Standard,1508
2024,11,SKODA,28,Madrid,Corporate,PHEV,REST,Standard,11
2024,11,SKODA,28,Madrid,Private,BEV,REST,Standard,5
2024,11,SKODA,28,Madrid,Private,ICE,REST,Standard,149
2024,11,SKODA,28,Madrid,Private,PHEV,REST,Standard,13
2024,11,SKODA,28,Madrid,RAC,ICE,REST,Standard,75
2024,11,SMART,28,Madrid,Corporate,BEV,FOCUS SEGMENT,Standard,15
2024,11,SMART,28,Madrid,Private,BEV,FOCUS SEGMENT,Standard,15
2024,11,SSANGYONG,28,Madrid,Corporate,ICE,REST,Standard,4
2024,11,SSANGYONG,28,Madrid,Private,BEV,REST,Standard,2
2024,11,SSANGYONG,28,Madrid,Private,ICE,REST,Standard,4
2024,11,SUBARU,28,Madrid,Corporate,ICE,REST,Standard,9
2024,11,SUBARU,28,Madrid,Private,ICE,REST,Standard,17
2024,11,SUZUKI,28,Madrid,Corporate,ICE,REST,Standard,22
2024,11,SUZUKI,28,Madrid,Private,ICE,REST,Standard,69
2024,11,SUZUKI,28,Madrid,RAC,ICE,REST,Standard,44
2024,11,TESLA,28,Madrid,Corporate,BEV,FOCUS SEGMENT,Standard,107
2024,11,TESLA,28,Madrid,Private,BEV,FOCUS SEGMENT,Standard,431
2024,11,TOYOTA,28,Madrid,Corporate,BEV,REST,Standard,6
2024,11,TOYOTA,28,Madrid,Corporate,ICE,REST,Standard,1436
2024,11,TOYOTA,28,Madrid,Corporate,PHEV,REST,Standard,63
2024,11,TOYOTA,28,Madrid,Private,ICE,REST,Standard,1190
2024,11,TOYOTA,28,Madrid,Private,PHEV,REST,Standard,70
2024,11,TOYOTA,28,Madrid,RAC,ICE,REST,Standard,258
2024,11,TOYOTA,28,Madrid,RAC,PHEV,REST,Standard,2
2024,11,VOLKSWAGEN,28,Madrid,Corporate,BEV,REST,Standard,30
2024,11,VOLKSWAGEN,28,Madrid,Corporate,ICE,REST,Standard,1769
2024,11,VOLKSWAGEN,28,Madrid,Corporate,PHEV,REST,Standard,93
2024,11,VOLKSWAGEN,28,Madrid,Private,BEV,REST,Standard,5
2024,11,VOLKSWAGEN,28,Madrid,Private,ICE,REST,Standard,267
2024,11,VOLKSWAGEN,28,Madrid,Private,PHEV,REST,Standard,15
2024,11,VOLKSWAGEN,28,Madrid,RAC,ICE,REST,Standard,25
2024,11,VOLVO,28,Madrid,Corporate,BEV,FOCUS SEGMENT,Standard,43
2024,11,VOLVO,28,Madrid,Corporate,ICE,FOCUS SEGMENT,Standard,604
2024,11,VOLVO,28,Madrid,Corporate,PHEV,FOCUS SEGMENT,Standard,145
2024,11,VOLVO,28,Madrid,Private,BEV,FOCUS SEGMENT,Standard,29
2024,11,VOLVO,28,Madrid,Private,ICE,FOCUS SEGMENT,Standard,92
2024,11,VOLVO,28,Madrid,Private,PHEV,FOCUS SEGMENT,Standard,6
2024,11,VOLVO,28,Madrid,RAC,PHEV,FOCUS SEGMENT,Standard,75
2024,11,XPENG,28,Madrid,Private,BEV,FOCUS SEGMENT,Standard,3
2024,11,ALFA ROMEO,29,Málaga,Corporate,ICE,REST,Standard,1
2024,11,ALFA ROMEO,29,Málaga,Private,ICE,REST,Standard,1
2024,11,AUDI,29,Málaga,Corporate,ICE,FOCUS SEGMENT,Standard,4
2024,11,AUDI,29,Málaga,Private,BEV,FOCUS SEGMENT,Standard,4
2024,11,AUDI,29,Málaga,Private,ICE,FOCUS SEGMENT,M,1
2024,11,AUDI,29,Málaga,Private,ICE,FOCUS SEGMENT,Standard,32
2024,11,AUDI,29,Málaga,Private,PHEV,FOCUS SEGMENT,Standard,4
2024,11,BENTLEY,29,Málaga,Corporate,PHEV,FOCUS SEGMENT,Standard,1
2024,11,BENTLEY,29,Málaga,Private,ICE,FOCUS SEGMENT,Standard,1
2024,11,BENTLEY,29,Málaga,Private,PHEV,FOCUS SEGMENT,Standard,1
2024,11,BMW,29,Málaga,Corporate,ICE,FOCUS SEGMENT,M Performance,1
2024,11,BMW,29,Málaga,Corporate,ICE,FOCUS SEGMENT,Standard,8
2024,11,BMW,29,Málaga,Corporate,PHEV,FOCUS SEGMENT,M,2
2024,11,BMW,29,Málaga,Private,BEV,FOCUS SEGMENT,Standard,7
2024,11,BMW,29,Málaga,Private,ICE,FOCUS SEGMENT,M Performance,2
2024,11,BMW,29,Málaga,Private,ICE,FOCUS SEGMENT,Standard,39
2024,11,BMW,29,Málaga,Private,PHEV,FOCUS SEGMENT,M,1
2024,11,BMW,29,Málaga,Private,PHEV,FOCUS SEGMENT,Standard,2
2024,11,BMW,29,Málaga,RAC,ICE,FOCUS SEGMENT,Standard,1
2024,11,BUGATTI,29,Málaga,Private,ICE,REST,Standard,1
2024,11,BYD,29,Málaga,Corporate,BEV,REST,Standard,3
2024,11,BYD,29,Málaga,Corporate,PHEV,REST,Standard,6
2024,11,BYD,29,Málaga,Private,BEV,REST,Standard,18
2024,11,BYD,29,Málaga,Private,PHEV,REST,Standard,16
2024,11,CITROEN,29,Málaga,Corporate,ICE,REST,Standard,56
2024,11,CITROEN,29,Málaga,Private,BEV,REST,Standard,4
2024,11,CITROEN,29,Málaga,Private,ICE,REST,Standard,30
2024,11,CUPRA,29,Málaga,Corporate,ICE,REST,Standard,16
2024,11,CUPRA,29,Málaga,Corporate,PHEV,REST,Standard,1
2024,11,CUPRA,29,Málaga,Private,ICE,REST,Standard,6
2024,11,CUPRA,29,Málaga,Private,PHEV,REST,Standard,2
2024,11,DACIA,29,Málaga,Corporate,ICE,REST,Standard,14
2024,11,DACIA,29,Málaga,Private,BEV,REST,Standard,2
2024,11,DACIA,29,Málaga,Private,ICE,REST,Standard,163
2024,11,DACIA,29,Málaga,RAC,ICE,REST,Standard,2
2024,11,DR,29,Málaga,Private,ICE,REST,Standard,1
2024,11,EVO,29,Málaga,RAC,ICE,REST,Standard,2
2024,11,FIAT,29,Málaga,Corporate,ICE,REST,Standard,3
2024,11,FIAT,29,Málaga,Private,BEV,REST,Standard,1
2024,11,FIAT,29,Málaga,Private,ICE,REST,Standard,6
2024,11,FIAT,29,Málaga,RAC,ICE,REST,Standard,5
2024,11,FORD,29,Málaga,Corporate,BEV,REST,Standard,3
2024,11,FORD,29,Málaga,Corporate,ICE,REST,Standard,4
2024,11,FORD,29,Málaga,Corporate,PHEV,REST,Standard,1
2024,11,FORD,29,Málaga,Private,ICE,REST,Standard,37
2024,11,FORD,29,Málaga,Private,PHEV,REST,Standard,1
2024,11,FORD,29,Málaga,RAC,ICE,REST,Standard,1
2024,11,HONDA,29,Málaga,Corporate,ICE,REST,Standard,5
2024,11,HONDA,29,Málaga,Private,ICE,REST,Standard,10
2024,11,HYUNDAI,29,Málaga,Corporate,BEV,REST,Standard,1
2024,11,HYUNDAI,29,Málaga,Corporate,ICE,REST,Standard,4
2024,11,HYUNDAI,29,Málaga,Private,ICE,REST,Standard,72
2024,11,HYUNDAI,29,Málaga,Private,PHEV,REST,Standard,2
2024,11,HYUNDAI,29,Málaga,RAC,ICE,REST,Standard,2
2024,11,JAECOO,29,Málaga,Corporate,ICE,REST,Standard,3
2024,11,JAECOO,29,Málaga,Private,ICE,REST,Standard,6
2024,11,JAGUAR,29,Málaga,Private,ICE,FOCUS SEGMENT,Standard,2
2024,11,JEEP,29,Málaga,Corporate,BEV,REST,Standard,1
2024,11,JEEP,29,Málaga,Private,ICE,REST,Standard,6
2024,11,JEEP,29,Málaga,Private,PHEV,REST,Standard,2
2024,11,JEEP,29,Málaga,RAC,ICE,REST,Standard,5
2024,11,KG MOBILITY,29,Málaga,Corporate,ICE,REST,Standard,7
2024,11,KG MOBILITY,29,Málaga,Private,ICE,REST,Standard,4
2024,11,KIA,29,Málaga,Corporate,BEV,REST,Standard,1
2024,11,KIA,29,Málaga,Corporate,ICE,REST,Standard,12
2024,11,KIA,29,Málaga,Corporate,PHEV,REST,Standard,1
2024,11,KIA,29,Málaga,Private,BEV,REST,Standard,7
2024,11,KIA,29,Málaga,Private,ICE,,Standard,2
2024,11,KIA,29,Málaga,Private,ICE,REST,Standard,111
2024,11,KIA,29,Málaga,Private,PHEV,REST,Standard,5
2024,11,LAND ROVER,29,Málaga,Corporate,ICE,FOCUS SEGMENT,Standard,1
2024,11,LAND ROVER,29,Málaga,Corporate,PHEV,FOCUS SEGMENT,Standard,2
2024,11,LAND ROVER,29,Málaga,Private,ICE,FOCUS SEGMENT,Standard,3
2024,11,LAND ROVER,29,Málaga,Private,PHEV,FOCUS SEGMENT,Standard,3
2024,11,LEXUS,29,Málaga,Corporate,ICE,FOCUS SEGMENT,Standard,1
2024,11,LEXUS,29,Málaga,Private,ICE,FOCUS SEGMENT,Standard,11
2024,11,LEXUS,29,Málaga,RAC,ICE,FOCUS SEGMENT,Standard,15
2024,11,MAZDA,29,Málaga,Corporate,ICE,REST,Standard,4
2024,11,MAZDA,29,Málaga,Private,ICE,REST,Standard,31
2024,11,MAZDA,29,Málaga,Private,PHEV,REST,Standard,1
2024,11,MERCEDES,29,Málaga,Corporate,BEV,FOCUS SEGMENT,Standard,10
2024,11,MERCEDES,29,Málaga,Corporate,ICE,FOCUS SEGMENT,Standard,23
2024,11,MERCEDES,29,Málaga,Corporate,ICE,REST,Standard,1
2024,11,MERCEDES,29,Málaga,Corporate,PHEV,FOCUS SEGMENT,M Performance,1
2024,11,MERCEDES,29,Málaga,Corporate,PHEV,FOCUS SEGMENT,Standard,6
2024,11,MERCEDES,29,Málaga,Private,BEV,FOCUS SEGMENT,Standard,4
2024,11,MERCEDES,29,Málaga,Private,ICE,FOCUS SEGMENT,M,1
2024,11,MERCEDES,29,Málaga,Private,ICE,FOCUS SEGMENT,M Performance,1
2024,11,MERCEDES,29,Málaga,Private,ICE,FOCUS SEGMENT,Standard,28
2024,11,MERCEDES,29,Málaga,Private,ICE,REST,Standard,3
2024,11,MERCEDES,29,Málaga,Private,PHEV,FOCUS SEGMENT,Standard,11
2024,11,MERCEDES-V,29,Málaga,Corporate,ICE,REST,Standard,2
2024,11,MERCEDES-V,29,Málaga,Private,ICE,REST,Standard,1
2024,11,MG,29,Málaga,Corporate,ICE,REST,Standard,1
2024,11,MG,29,Málaga,Private,BEV,REST,Standard,4
2024,11,MG,29,Málaga,Private,ICE,REST,Standard,70
2024,11,MG,29,Málaga,Private,PHEV,REST,Standard,6
2024,11,MINI,29,Málaga,Corporate,BEV,FOCUS SEGMENT,Standard,1
2024,11,MINI,29,Málaga,Corporate,ICE,FOCUS SEGMENT,Standard,5
2024,11,MINI,29,Málaga,Private,BEV,FOCUS SEGMENT,Standard,2
2024,11,MINI,29,Málaga,Private,ICE,FOCUS SEGMENT,JCW,1
2024,11,MINI,29,Málaga,Private,ICE,FOCUS SEGMENT,Standard,12
2024,11,MITSUBISHI,29,Málaga,Corporate,ICE,REST,Standard,2
2024,11,MITSUBISHI,29,Málaga,Corporate,PHEV,REST,Standard,2
2024,11,MITSUBISHI,29,Málaga,Private,ICE,REST,Standard,3
2024,11,NISSAN,29,Málaga,Corporate,ICE,REST,Standard,15
2024,11,NISSAN,29,Málaga,Private,ICE,REST,Standard,36
2024,11,OMODA,29,Málaga,Corporate,ICE,REST,Standard,2
2024,11,OMODA,29,Málaga,Private,ICE,REST,Standard,25
2024,11,OMODA,29,Málaga,RAC,ICE,REST,Standard,1
2024,11,OPEL,29,Málaga,Corporate,ICE,REST,Standard,1
2024,11,OPEL,29,Málaga,Private,ICE,REST,Standard,7
2024,11,PEUGEOT,29,Málaga,Corporate,ICE,REST,Standard,13
2024,11,PEUGEOT,29,Málaga,Private,BEV,REST,Standard,6
2024,11,PEUGEOT,29,Málaga,Private,ICE,REST,Standard,39
2024,11,PEUGEOT,29,Málaga,Private,PHEV,REST,Standard,1
2024,11,PORSCHE,29,Málaga,Corporate,BEV,FOCUS SEGMENT,M,1
2024,11,PORSCHE,29,Málaga,Corporate,BEV,FOCUS SEGMENT,Standard,2
2024,11,PORSCHE,29,Málaga,Corporate,ICE,FOCUS SEGMENT,Standard,2
2024,11,PORSCHE,29,Málaga,Private,BEV,FOCUS SEGMENT,M Performance,2
2024,11,PORSCHE,29,Málaga,Private,BEV,FOCUS SEGMENT,Standard,1
2024,11,PORSCHE,29,Málaga,Private,ICE,FOCUS SEGMENT,M,1
2024,11,PORSCHE,29,Málaga,Private,ICE,FOCUS SEGMENT,Standard,3
2024,11,PORSCHE,29,Málaga,Private,PHEV,FOCUS SEGMENT,Standard,1
2024,11,RENAULT,29,Málaga,Corporate,BEV,REST,Standard,2
2024,11,RENAULT,29,Málaga,Corporate,ICE,REST,Standard,29
2024,11,RENAULT,29,Málaga,Corporate,PHEV,REST,Standard,2
2024,11,RENAULT,29,Málaga,Private,ICE,REST,Standard,83
2024,11,RENAULT,29,Málaga,Private,PHEV,REST,Standard,1
2024,11,RENAULT,29,Málaga,RAC,ICE,REST,Standard,6
2024,11,SEAT,29,Málaga,Corporate,ICE,REST,Standard,39
2024,11,SEAT,29,Málaga,Private,ICE,REST,Standard,105
2024,11,SEAT,29,Málaga,Private,PHEV,REST,Standard,1
2024,11,SEAT,29,Málaga,RAC,ICE,REST,Standard,3
2024,11,SIN MARCA,29,Málaga,Corporate,ICE,REST,Standard,1
2024,11,SKODA,29,Málaga,Corporate,ICE,REST,Standard,16
2024,11,SKODA,29,Málaga,Private,ICE,REST,Standard,53
2024,11,SMART,29,Málaga,Corporate,BEV,FOCUS SEGMENT,Standard,1
2024,11,SSANGYONG,29,Málaga,Corporate,ICE,REST,Standard,2
2024,11,SSANGYONG,29,Málaga,Private,ICE,REST,Standard,1
2024,11,SUBARU,29,Málaga,Private,ICE,REST,Standard,1
2024,11,SUZUKI,29,Málaga,Corporate,ICE,REST,Standard,1
2024,11,SUZUKI,29,Málaga,Private,ICE,REST,Standard,7
2024,11,TESLA,29,Málaga,Corporate,BEV,FOCUS SEGMENT,Standard,5
2024,11,TESLA,29,Málaga,Private,BEV,FOCUS SEGMENT,Standard,59
2024,11,TOYOTA,29,Málaga,Corporate,ICE,REST,Standard,26
2024,11,TOYOTA,29,Málaga,Corporate,PHEV,REST,Standard,2
2024,11,TOYOTA,29,Málaga,Private,ICE,REST,Standard,187
2024,11,TOYOTA,29,Málaga,Private,PHEV,REST,Standard,7
2024,11,VOLKSWAGEN,29,Málaga,Corporate,ICE,REST,Standard,22
2024,11,VOLKSWAGEN,29,Málaga,Corporate,PHEV,REST,Standard,1
2024,11,VOLKSWAGEN,29,Málaga,Private,ICE,REST,Standard,67
2024,11,VOLKSWAGEN,29,Málaga,Private,PHEV,REST,Standard,1
2024,11,VOLKSWAGEN,29,Málaga,RAC,ICE,REST,Standard,1
2024,11,VOLVO,29,Málaga,Corporate,ICE,FOCUS SEGMENT,Standard,18
2024,11,VOLVO,29,Málaga,Corporate,PHEV,FOCUS SEGMENT,Standard,1
2024,11,VOLVO,29,Málaga,Private,BEV,FOCUS SEGMENT,Standard,2
2024,11,VOLVO,29,Málaga,Private,ICE,FOCUS SEGMENT,Standard,9
2024,11,ALFA ROMEO,30,Murcia,Private,BEV,REST,Standard,1
2024,11,AUDI,30,Murcia,Corporate,ICE,FOCUS SEGMENT,Standard,17
2024,11,AUDI,30,Murcia,Corporate,PHEV,FOCUS SEGMENT,Standard,2
2024,11,AUDI,30,Murcia,Private,ICE,FOCUS SEGMENT,Standard,15
2024,11,BMW,30,Murcia,Corporate,BEV,FOCUS SEGMENT,Standard,1
2024,11,BMW,30,Murcia,Corporate,ICE,FOCUS SEGMENT,M,1
2024,11,BMW,30,Murcia,Corporate,ICE,FOCUS SEGMENT,M Performance,1
2024,11,BMW,30,Murcia,Corporate,ICE,FOCUS SEGMENT,Standard,24
2024,11,BMW,30,Murcia,Private,BEV,FOCUS SEGMENT,Standard,4
2024,11,BMW,30,Murcia,Private,ICE,FOCUS SEGMENT,Standard,22
2024,11,BMW,30,Murcia,Private,PHEV,FOCUS SEGMENT,Standard,1
2024,11,BYD,30,Murcia,Corporate,PHEV,REST,Standard,2
2024,11,BYD,30,Murcia,Private,PHEV,REST,Standard,1
2024,11,CITROEN,30,Murcia,Corporate,BEV,REST,Standard,2
2024,11,CITROEN,30,Murcia,Corporate,ICE,REST,Standard,31
2024,11,CITROEN,30,Murcia,Corporate,PHEV,REST,Standard,1
2024,11,CITROEN,30,Murcia,Private,BEV,REST,Standard,3
2024,11,CITROEN,30,Murcia,Private,ICE,REST,Standard,15
2024,11,CITROEN,30,Murcia,Private,PHEV,REST,Standard,1
2024,11,CUPRA,30,Murcia,Corporate,ICE,REST,Standard,5
2024,11,CUPRA,30,Murcia,Corporate,PHEV,REST,Standard,1
2024,11,CUPRA,30,Murcia,Private,BEV,REST,Standard,1
2024,11,CUPRA,30,Murcia,Private,ICE,REST,Standard,5
2024,11,CUPRA,30,Murcia,Private,PHEV,REST,Standard,1
2024,11,DACIA,30,Murcia,Corporate,ICE,REST,Standard,12
2024,11,DACIA,30,Murcia,Private,BEV,REST,Standard,2
2024,11,DACIA,30,Murcia,Private,ICE,REST,Standard,103
2024,11,DFSK,30,Murcia,Private,PHEV,REST,Standard,1
2024,11,DONGFENG,30,Murcia,Corporate,BEV,REST,Standard,1
2024,11,FIAT,30,Murcia,Corporate,ICE,REST,Standard,1
2024,11,FIAT,30,Murcia,Private,ICE,REST,Standard,2
2024,11,FORD,30,Murcia,Corporate,BEV,REST,Standard,3
2024,11,FORD,30,Murcia,Corporate,ICE,REST,Standard,8
2024,11,FORD,30,Murcia,Corporate,PHEV,REST,Standard,1
2024,11,FORD,30,Murcia,Private,BEV,REST,Standard,2
2024,11,FORD,30,Murcia,Private,ICE,REST,Standard,12
2024,11,HONDA,30,Murcia,Private,ICE,REST,Standard,9
2024,11,HYUNDAI,30,Murcia,Corporate,ICE,REST,Standard,17
2024,11,HYUNDAI,30,Murcia,Corporate,PHEV,REST,Standard,1
2024,11,HYUNDAI,30,Murcia,Private,ICE,REST,Standard,66
2024,11,HYUNDAI,30,Murcia,Private,PHEV,REST,Standard,2
2024,11,JAECOO,30,Murcia,Private,ICE,REST,Standard,4
2024,11,JEEP,30,Murcia,Corporate,ICE,REST,Standard,6
2024,11,JEEP,30,Murcia,Corporate,PHEV,REST,Standard,1
2024,11,JEEP,30,Murcia,Private,ICE,REST,Standard,2
2024,11,KG MOBILITY,30,Murcia,Corporate,ICE,REST,Standard,2
2024,11,KG MOBILITY,30,Murcia,Private,ICE,REST,Standard,12
2024,11,KIA,30,Murcia,Corporate,BEV,REST,Standard,3
2024,11,KIA,30,Murcia,Corporate,ICE,REST,Standard,10
2024,11,KIA,30,Murcia,Corporate,PHEV,REST,Standard,1
2024,11,KIA,30,Murcia,Private,BEV,REST,Standard,2
2024,11,KIA,30,Murcia,Private,ICE,REST,Standard,120
2024,11,KIA,30,Murcia,Private,PHEV,REST,Standard,1
2024,11,LAND ROVER,30,Murcia,Corporate,ICE,FOCUS SEGMENT,Standard,2
2024,11,LAND ROVER,30,Murcia,Corporate,PHEV,FOCUS SEGMENT,Standard,1
2024,11,LAND ROVER,30,Murcia,Private,ICE,FOCUS SEGMENT,Standard,1
2024,11,LAND ROVER,30,Murcia,Private,PHEV,FOCUS SEGMENT,Standard,1
2024,11,LAND ROVER,30,Murcia,RAC,PHEV,FOCUS SEGMENT,Standard,1
2024,11,LEAPMOTOR,30,Murcia,Corporate,BEV,REST,Standard,2
2024,11,LEAPMOTOR,30,Murcia,Private,BEV,REST,Standard,2
2024,11,LEXUS,30,Murcia,Corporate,ICE,FOCUS SEGMENT,Standard,3
2024,11,LEXUS,30,Murcia,Corporate,PHEV,FOCUS SEGMENT,Standard,2
2024,11,LEXUS,30,Murcia,Private,ICE,FOCUS SEGMENT,Standard,8
2024,11,MAZDA,30,Murcia,Corporate,ICE,REST,Standard,7
2024,11,MAZDA,30,Murcia,Corporate,PHEV,REST,Standard,1
2024,11,MAZDA,30,Murcia,Private,ICE,REST,Standard,17
2024,11,MERCEDES,30,Murcia,Corporate,BEV,FOCUS SEGMENT,Standard,3
2024,11,MERCEDES,30,Murcia,Corporate,ICE,FOCUS SEGMENT,M Performance,1
2024,11,MERCEDES,30,Murcia,Corporate,ICE,FOCUS SEGMENT,Standard,31
2024,11,MERCEDES,30,Murcia,Corporate,ICE,REST,Standard,6
2024,11,MERCEDES,30,Murcia,Corporate,PHEV,FOCUS SEGMENT,M Performance,2
2024,11,MERCEDES,30,Murcia,Corporate,PHEV,FOCUS SEGMENT,Standard,9
2024,11,MERCEDES,30,Murcia,Private,BEV,FOCUS SEGMENT,Standard,6
2024,11,MERCEDES,30,Murcia,Private,ICE,FOCUS SEGMENT,Standard,18
2024,11,MERCEDES,30,Murcia,Private,ICE,REST,Standard,4
2024,11,MERCEDES,30,Murcia,Private,PHEV,FOCUS SEGMENT,M Performance,1
2024,11,MERCEDES,30,Murcia,Private,PHEV,FOCUS SEGMENT,Standard,11
2024,11,MG,30,Murcia,Corporate,ICE,REST,Standard,2
2024,11,MG,30,Murcia,Corporate,PHEV,REST,Standard,4
2024,11,MG,30,Murcia,Private,BEV,REST,Standard,5
2024,11,MG,30,Murcia,Private,ICE,REST,Standard,68
2024,11,MG,30,Murcia,Private,PHEV,REST,Standard,1
2024,11,MINI,30,Murcia,Corporate,BEV,FOCUS SEGMENT,Standard,2
2024,11,MINI,30,Murcia,Corporate,ICE,FOCUS SEGMENT,Standard,14
2024,11,MINI,30,Murcia,Private,BEV,FOCUS SEGMENT,Standard,3
2024,11,MINI,30,Murcia,Private,ICE,FOCUS SEGMENT,Standard,2
2024,11,MITSUBISHI,30,Murcia,Corporate,ICE,REST,Standard,18
2024,11,MITSUBISHI,30,Murcia,Corporate,PHEV,REST,Standard,1
2024,11,MITSUBISHI,30,Murcia,Private,ICE,REST,Standard,6
2024,11,NISSAN,30,Murcia,Corporate,ICE,REST,Standard,3
2024,11,NISSAN,30,Murcia,Private,ICE,REST,Standard,25
2024,11,OMODA,30,Murcia,Corporate,ICE,REST,Standard,4
2024,11,OMODA,30,Murcia,Private,ICE,REST,Standard,37
2024,11,OPEL,30,Murcia,Private,ICE,REST,Standard,3
2024,11,PEUGEOT,30,Murcia,Corporate,ICE,REST,Standard,23
2024,11,PEUGEOT,30,Murcia,Corporate,PHEV,REST,Standard,3
2024,11,PEUGEOT,30,Murcia,Private,ICE,REST,Standard,26
2024,11,PORSCHE,30,Murcia,Corporate,BEV,FOCUS SEGMENT,Standard,2
2024,11,PORSCHE,30,Murcia,Corporate,PHEV,FOCUS SEGMENT,M,1
2024,11,PORSCHE,30,Murcia,Corporate,PHEV,FOCUS SEGMENT,Standard,1
2024,11,PORSCHE,30,Murcia,Private,BEV,FOCUS SEGMENT,Standard,1
2024,11,PORSCHE,30,Murcia,Private,ICE,FOCUS SEGMENT,Standard,1
2024,11,PORSCHE,30,Murcia,RAC,PHEV,FOCUS SEGMENT,M,1
2024,11,RENAULT,30,Murcia,Corporate,BEV,REST,Standard,3
2024,11,RENAULT,30,Murcia,Corporate,ICE,REST,Standard,9
2024,11,RENAULT,30,Murcia,Corporate,PHEV,REST,Standard,1
2024,11,RENAULT,30,Murcia,Private,BEV,REST,Standard,3
2024,11,RENAULT,30,Murcia,Private,ICE,REST,Standard,55
2024,11,SEAT,30,Murcia,Corporate,ICE,REST,Standard,11
2024,11,SEAT,30,Murcia,Private,ICE,REST,Standard,60
2024,11,SHINERAY,30,Murcia,Private,ICE,REST,Standard,2
2024,11,SKODA,30,Murcia,Corporate,ICE,REST,Standard,8
2024,11,SKODA,30,Murcia,Private,ICE,REST,Standard,54
2024,11,SKODA,30,Murcia,RAC,ICE,REST,Standard,2
2024,11,SSANGYONG,30,Murcia,Private,ICE,REST,Standard,1
2024,11,SUBARU,30,Murcia,Corporate,ICE,REST,Standard,2
2024,11,SUBARU,30,Murcia,Private,ICE,REST,Standard,1
2024,11,SUZUKI,30,Murcia,Corporate,ICE,REST,Standard,1
2024,11,SUZUKI,30,Murcia,Private,ICE,REST,Standard,6
2024,11,TESLA,30,Murcia,Corporate,BEV,FOCUS SEGMENT,Standard,3
2024,11,TESLA,30,Murcia,Private,BEV,FOCUS SEGMENT,Standard,48
2024,11,TOYOTA,30,Murcia,Corporate,BEV,REST,Standard,1
2024,11,TOYOTA,30,Murcia,Corporate,ICE,REST,Standard,19
2024,11,TOYOTA,30,Murcia,Private,ICE,REST,Standard,118
2024,11,TOYOTA,30,Murcia,Private,PHEV,REST,Standard,7
2024,11,VOLKSWAGEN,30,Murcia,Corporate,ICE,REST,Standard,29
2024,11,VOLKSWAGEN,30,Murcia,Private,ICE,REST,Standard,68
2024,11,VOLVO,30,Murcia,Corporate,BEV,FOCUS SEGMENT,Standard,3
2024,11,VOLVO,30,Murcia,Corporate,ICE,FOCUS SEGMENT,Standard,8
2024,11,VOLVO,30,Murcia,Corporate,PHEV,FOCUS SEGMENT,Standard,1
2024,11,VOLVO,30,Murcia,Private,BEV,FOCUS SEGMENT,Standard,1
2024,11,VOLVO,30,Murcia,Private,ICE,FOCUS SEGMENT,Standard,13
2024,11,VOLVO,30,Murcia,Private,PHEV,FOCUS SEGMENT,Standard,1
2024,11,VOYAH,30,Murcia,Corporate,BEV,REST,Standard,1
2024,11,AUDI,31,Navarra,Corporate,ICE,FOCUS SEGMENT,Standard,10
2024,11,AUDI,31,Navarra,Corporate,PHEV,FOCUS SEGMENT,Standard,1
2024,11,AUDI,31,Navarra,Private,ICE,FOCUS SEGMENT,M Performance,1
2024,11,AUDI,31,Navarra,Private,ICE,FOCUS SEGMENT,Standard,5
2024,11,BMW,31,Navarra,Corporate,ICE,FOCUS SEGMENT,M Performance,1
2024,11,BMW,31,Navarra,Corporate,ICE,FOCUS SEGMENT,Standard,9
2024,11,BMW,31,Navarra,Private,BEV,FOCUS SEGMENT,Standard,2
2024,11,BMW,31,Navarra,Private,ICE,FOCUS SEGMENT,Standard,7
2024,11,BYD,31,Navarra,Corporate,BEV,REST,Standard,2
2024,11,BYD,31,Navarra,Private,BEV,REST,Standard,3
2024,11,BYD,31,Navarra,Private,PHEV,REST,Standard,2
2024,11,CITROEN,31,Navarra,Corporate,ICE,REST,Standard,3
2024,11,CITROEN,31,Navarra,Private,BEV,REST,Standard,5
2024,11,CITROEN,31,Navarra,Private,ICE,REST,Standard,13
2024,11,CUPRA,31,Navarra,Corporate,ICE,REST,Standard,2
2024,11,CUPRA,31,Navarra,Private,BEV,REST,Standard,1
2024,11,CUPRA,31,Navarra,Private,ICE,REST,Standard,2
2024,11,CUPRA,31,Navarra,Private,PHEV,REST,Standard,4
2024,11,DACIA,31,Navarra,Corporate,ICE,REST,Standard,8
2024,11,DACIA,31,Navarra,Private,BEV,REST,Standard,5
2024,11,DACIA,31,Navarra,Private,ICE,REST,Standard,44
2024,11,DR,31,Navarra,Private,ICE,REST,Standard,1
2024,11,FIAT,31,Navarra,Private,BEV,REST,Standard,1
2024,11,FORD,31,Navarra,Corporate,ICE,REST,Standard,4
2024,11,FORD,31,Navarra,Private,BEV,REST,Standard,1
2024,11,FORD,31,Navarra,Private,ICE,REST,Standard,6
2024,11,HONDA,31,Navarra,Corporate,ICE,REST,Standard,3
2024,11,HONDA,31,Navarra,Private,ICE,REST,Standard,1
2024,11,HYUNDAI,31,Navarra,Corporate,BEV,REST,Standard,1
2024,11,HYUNDAI,31,Navarra,Corporate,ICE,REST,Standard,5
2024,11,HYUNDAI,31,Navarra,Private,BEV,REST,Standard,3
2024,11,HYUNDAI,31,Navarra,Private,ICE,REST,Standard,27
2024,11,HYUNDAI,31,Navarra,Private,PHEV,REST,Standard,1
2024,11,HYUNDAI,31,Navarra,RAC,ICE,REST,Standard,1
2024,11,JAECOO,31,Navarra,Corporate,ICE,REST,Standard,2
2024,11,JAECOO,31,Navarra,Private,ICE,REST,Standard,2
2024,11,KG MOBILITY,31,Navarra,Corporate,ICE,REST,Standard,3
2024,11,KG MOBILITY,31,Navarra,Private,ICE,REST,Standard,3
2024,11,KIA,31,Navarra,Corporate,BEV,REST,Standard,1
2024,11,KIA,31,Navarra,Corporate,ICE,,Standard,1
2024,11,KIA,31,Navarra,Corporate,ICE,REST,Standard,2
2024,11,KIA,31,Navarra,Corporate,PHEV,REST,Standard,1
2024,11,KIA,31,Navarra,Private,BEV,REST,Standard,11
2024,11,KIA,31,Navarra,Private,ICE,REST,Standard,36
2024,11,KIA,31,Navarra,Private,PHEV,REST,Standard,2
2024,11,LAND ROVER,31,Navarra,Private,PHEV,FOCUS SEGMENT,Standard,1
2024,11,LEAPMOTOR,31,Navarra,Corporate,BEV,REST,Standard,1
2024,11,LEAPMOTOR,31,Navarra,Private,BEV,REST,Standard,4
2024,11,LEXUS,31,Navarra,Private,ICE,FOCUS SEGMENT,Standard,3
2024,11,LEXUS,31,Navarra,Private,PHEV,FOCUS SEGMENT,Standard,2
2024,11,MAZDA,31,Navarra,Corporate,ICE,REST,Standard,6
2024,11,MAZDA,31,Navarra,Private,ICE,REST,Standard,15
2024,11,MAZDA,31,Navarra,Private,PHEV,REST,Standard,1
2024,11,MERCEDES,31,Navarra,Corporate,ICE,FOCUS SEGMENT,Standard,10
2024,11,MERCEDES,31,Navarra,Corporate,PHEV,FOCUS SEGMENT,Standard,3
2024,11,MERCEDES,31,Navarra,Private,BEV,FOCUS SEGMENT,Standard,2
2024,11,MERCEDES,31,Navarra,Private,ICE,FOCUS SEGMENT,Standard,8
2024,11,MERCEDES,31,Navarra,Private,ICE,REST,Standard,1
2024,11,MERCEDES,31,Navarra,Private,PHEV,FOCUS SEGMENT,Standard,4
2024,11,MERCEDES-V,31,Navarra,Corporate,ICE,REST,Standard,1
2024,11,MERCEDES-V,31,Navarra,Private,ICE,REST,Standard,1
2024,11,MG,31,Navarra,Private,BEV,REST,Standard,3
2024,11,MG,31,Navarra,Private,ICE,REST,Standard,3
2024,11,MINI,31,Navarra,Private,ICE,FOCUS SEGMENT,Standard,1
2024,11,MITSUBISHI,31,Navarra,Corporate,ICE,REST,Standard,2
2024,11,MITSUBISHI,31,Navarra,Private,ICE,REST,Standard,2
2024,11,MITSUBISHI,31,Navarra,Private,PHEV,REST,Standard,1
2024,11,NISSAN,31,Navarra,Corporate,ICE,REST,Standard,9
2024,11,NISSAN,31,Navarra,Private,ICE,REST,Standard,13
2024,11,OMODA,31,Navarra,Corporate,BEV,REST,Standard,1
2024,11,OMODA,31,Navarra,Corporate,ICE,REST,Standard,1
2024,11,OMODA,31,Navarra,Private,BEV,REST,Standard,2
2024,11,OMODA,31,Navarra,Private,ICE,REST,Standard,9
2024,11,OPEL,31,Navarra,Private,ICE,REST,Standard,7
2024,11,PEUGEOT,31,Navarra,Corporate,ICE,REST,Standard,22
2024,11,PEUGEOT,31,Navarra,Corporate,PHEV,REST,Standard,1
2024,11,PEUGEOT,31,Navarra,Private,BEV,REST,Standard,5
2024,11,PEUGEOT,31,Navarra,Private,ICE,REST,Standard,16
2024,11,PEUGEOT,31,Navarra,Private,PHEV,REST,Standard,1
2024,11,POLESTAR,31,Navarra,Private,BEV,FOCUS SEGMENT,Standard,1
2024,11,PORSCHE,31,Navarra,Private,ICE,FOCUS SEGMENT,M,1
2024,11,PORSCHE,31,Navarra,Private,ICE,FOCUS SEGMENT,Standard,1
2024,11,RENAULT,31,Navarra,Corporate,BEV,REST,Standard,1
2024,11,RENAULT,31,Navarra,Corporate,ICE,REST,Standard,9
2024,11,RENAULT,31,Navarra,Corporate,PHEV,REST,Standard,1
2024,11,RENAULT,31,Navarra,Private,BEV,REST,Standard,4
2024,11,RENAULT,31,Navarra,Private,ICE,REST,Standard,14
2024,11,RENAULT,31,Navarra,RAC,ICE,REST,Standard,6
2024,11,SEAT,31,Navarra,Corporate,ICE,REST,Standard,1
2024,11,SEAT,31,Navarra,Corporate,PHEV,REST,Standard,2
2024,11,SEAT,31,Navarra,Private,ICE,REST,Standard,19
2024,11,SKODA,31,Navarra,Corporate,ICE,REST,Standard,6
2024,11,SKODA,31,Navarra,Private,BEV,REST,Standard,1
2024,11,SKODA,31,Navarra,Private,ICE,REST,Standard,27
2024,11,SSANGYONG,31,Navarra,Corporate,ICE,REST,Standard,1
2024,11,SSANGYONG,31,Navarra,Private,ICE,REST,Standard,1
2024,11,SUZUKI,31,Navarra,Corporate,ICE,REST,Standard,1
2024,11,SUZUKI,31,Navarra,Private,ICE,REST,Standard,9
2024,11,TESLA,31,Navarra,Corporate,BEV,FOCUS SEGMENT,Standard,5
2024,11,TESLA,31,Navarra,Private,BEV,FOCUS SEGMENT,Standard,17
2024,11,TOYOTA,31,Navarra,Corporate,ICE,REST,Standard,9
2024,11,TOYOTA,31,Navarra,Corporate,PHEV,REST,Standard,1
2024,11,TOYOTA,31,Navarra,Private,ICE,REST,Standard,42
2024,11,TOYOTA,31,Navarra,Private,PHEV,REST,Standard,2
2024,11,VOLKSWAGEN,31,Navarra,Corporate,BEV,REST,Standard,1
2024,11,VOLKSWAGEN,31,Navarra,Corporate,ICE,REST,Standard,18
2024,11,VOLKSWAGEN,31,Navarra,Corporate,PHEV,REST,Standard,1
2024,11,VOLKSWAGEN,31,Navarra,Private,BEV,REST,Standard,1
2024,11,VOLKSWAGEN,31,Navarra,Private,ICE,REST,Standard,41
2024,11,VOLKSWAGEN,31,Navarra,Private,PHEV,REST,Standard,3
2024,11,VOLVO,31,Navarra,Corporate,BEV,FOCUS SEGMENT,Standard,1
2024,11,VOLVO,31,Navarra,Corporate,ICE,FOCUS SEGMENT,Standard,3
2024,11,VOLVO,31,Navarra,Private,BEV,FOCUS SEGMENT,Standard,2
2024,11,VOLVO,31,Navarra,Private,ICE,FOCUS SEGMENT,Standard,3
2024,11,AUDI,32,Ourense,Corporate,ICE,FOCUS SEGMENT,Standard,5
2024,11,AUDI,32,Ourense,Private,ICE,FOCUS SEGMENT,Standard,4
2024,11,BMW,32,Ourense,Corporate,ICE,FOCUS SEGMENT,M,1
2024,11,BMW,32,Ourense,Corporate,ICE,FOCUS SEGMENT,Standard,1
2024,11,BMW,32,Ourense,Private,ICE,FOCUS SEGMENT,M Performance,1
2024,11,BMW,32,Ourense,Private,ICE,FOCUS SEGMENT,Standard,7
2024,11,CITROEN,32,Ourense,Private,BEV,REST,Standard,1
2024,11,CITROEN,32,Ourense,Private,ICE,REST,Standard,5
2024,11,CUPRA,32,Ourense,Corporate,ICE,REST,Standard,2
2024,11,CUPRA,32,Ourense,Private,ICE,REST,Standard,4
2024,11,DACIA,32,Ourense,Corporate,ICE,REST,Standard,6
2024,11,DACIA,32,Ourense,Private,BEV,REST,Standard,1
2024,11,DACIA,32,Ourense,Private,ICE,REST,Standard,18
2024,11,FIAT,32,Ourense,Private,ICE,REST,Standard,1
2024,11,FORD,32,Ourense,Private,BEV,REST,Standard,1
2024,11,FORD,32,Ourense,Private,ICE,REST,Standard,3
2024,11,FORD,32,Ourense,Private,PHEV,REST,Standard,1
2024,11,HYUNDAI,32,Ourense,Corporate,ICE,REST,Standard,16
2024,11,HYUNDAI,32,Ourense,Private,BEV,REST,Standard,2
2024,11,HYUNDAI,32,Ourense,Private,ICE,REST,Standard,9
2024,11,KIA,32,Ourense,Corporate,ICE,REST,Standard,4
2024,11,KIA,32,Ourense,Private,ICE,REST,Standard,8
2024,11,KIA,32,Ourense,Private,PHEV,REST,Standard,1
2024,11,LEXUS,32,Ourense,Private,ICE,FOCUS SEGMENT,Standard,1
2024,11,MAZDA,32,Ourense,Private,ICE,REST,Standard,6
2024,11,MERCEDES,32,Ourense,Corporate,ICE,FOCUS SEGMENT,Standard,4
2024,11,MERCEDES,32,Ourense,Corporate,PHEV,FOCUS SEGMENT,Standard,3
2024,11,MERCEDES,32,Ourense,Private,BEV,FOCUS SEGMENT,Standard,1
2024,11,MERCEDES,32,Ourense,Private,ICE,FOCUS SEGMENT,M Performance,1
2024,11,MERCEDES,32,Ourense,Private,ICE,FOCUS SEGMENT,Standard,8
2024,11,MERCEDES,32,Ourense,Private,ICE,REST,Standard,1
2024,11,MERCEDES,32,Ourense,Private,PHEV,FOCUS SEGMENT,Standard,1
2024,11,MG,32,Ourense,Corporate,ICE,REST,Standard,2
2024,11,MG,32,Ourense,Corporate,PHEV,REST,Standard,1
2024,11,MG,32,Ourense,Private,BEV,REST,Standard,4
2024,11,MG,32,Ourense,Private,ICE,REST,Standard,13
2024,11,MG,32,Ourense,Private,PHEV,REST,Standard,1
2024,11,MG,32,Ourense,RAC,ICE,REST,Standard,1
2024,11,MINI,32,Ourense,Corporate,BEV,FOCUS SEGMENT,Standard,1
2024,11,MINI,32,Ourense,Private,ICE,FOCUS SEGMENT,Standard,1
2024,11,NISSAN,32,Ourense,Private,ICE,REST,Standard,2
2024,11,OMODA,32,Ourense,Private,BEV,REST,Standard,1
2024,11,OPEL,32,Ourense,Private,ICE,REST,Standard,2
2024,11,PEUGEOT,32,Ourense,Corporate,BEV,REST,Standard,1
2024,11,PEUGEOT,32,Ourense,Private,ICE,REST,Standard,5
2024,11,PORSCHE,32,Ourense,Corporate,BEV,FOCUS SEGMENT,Standard,1
2024,11,RENAULT,32,Ourense,Corporate,ICE,REST,Standard,1
2024,11,RENAULT,32,Ourense,Private,ICE,REST,Standard,15
2024,11,RENAULT,32,Ourense,Private,PHEV,REST,Standard,1
2024,11,SEAT,32,Ourense,Corporate,ICE,REST,Standard,4
2024,11,SEAT,32,Ourense,Private,ICE,REST,Standard,23
2024,11,SKODA,32,Ourense,Corporate,ICE,REST,Standard,2
2024,11,SKODA,32,Ourense,Private,ICE,REST,Standard,7
2024,11,SUBARU,32,Ourense,Private,ICE,REST,Standard,1
2024,11,SUZUKI,32,Ourense,Corporate,ICE,REST,Standard,2
2024,11,SUZUKI,32,Ourense,Private,ICE,REST,Standard,1
2024,11,TESLA,32,Ourense,Private,BEV,FOCUS SEGMENT,Standard,5
2024,11,TOYOTA,32,Ourense,Corporate,ICE,REST,Standard,3
2024,11,TOYOTA,32,Ourense,Corporate,PHEV,REST,Standard,1
2024,11,TOYOTA,32,Ourense,Private,ICE,REST,Standard,30
2024,11,TOYOTA,32,Ourense,Private,PHEV,REST,Standard,3
2024,11,TRIPOD,32,Ourense,Private,ICE,REST,Standard,1
2024,11,VOLKSWAGEN,32,Ourense,Corporate,ICE,REST,Standard,7
2024,11,VOLKSWAGEN,32,Ourense,Corporate,PHEV,REST,Standard,1
2024,11,VOLKSWAGEN,32,Ourense,Private,ICE,REST,Standard,8
2024,11,VOLKSWAGEN,32,Ourense,Private,PHEV,REST,Standard,1
2024,11,VOLVO,32,Ourense,Corporate,ICE,FOCUS SEGMENT,Standard,2
2024,11,VOLVO,32,Ourense,Corporate,PHEV,FOCUS SEGMENT,Standard,1
2024,11,VOLVO,32,Ourense,Private,ICE,FOCUS SEGMENT,Standard,4
2024,11,VOLVO,32,Ourense,Private,PHEV,FOCUS SEGMENT,Standard,1
2024,11,ASTON MARTIN,33,Asturias,Corporate,ICE,FOCUS SEGMENT,Standard,1
2024,11,AUDI,33,Asturias,Corporate,ICE,FOCUS SEGMENT,Standard,36
2024,11,AUDI,33,Asturias,Private,BEV,FOCUS SEGMENT,Standard,1
2024,11,AUDI,33,Asturias,Private,ICE,FOCUS SEGMENT,Standard,9
2024,11,BMW,33,Asturias,Corporate,BEV,FOCUS SEGMENT,Standard,1
2024,11,BMW,33,Asturias,Corporate,ICE,FOCUS SEGMENT,M,1
2024,11,BMW,33,Asturias,Corporate,ICE,FOCUS SEGMENT,M Performance,1
2024,11,BMW,33,Asturias,Corporate,ICE,FOCUS SEGMENT,Standard,19
2024,11,BMW,33,Asturias,Corporate,PHEV,FOCUS SEGMENT,Standard,6
2024,11,BMW,33,Asturias,Private,BEV,FOCUS SEGMENT,Standard,2
2024,11,BMW,33,Asturias,Private,ICE,FOCUS SEGMENT,M,2
2024,11,BMW,33,Asturias,Private,ICE,FOCUS SEGMENT,M Performance,1
2024,11,BMW,33,Asturias,Private,ICE,FOCUS SEGMENT,Standard,33
2024,11,BMW,33,Asturias,Private,PHEV,FOCUS SEGMENT,Standard,2
2024,11,BYD,33,Asturias,Private,BEV,REST,Standard,9
2024,11,BYD,33,Asturias,Private,PHEV,REST,Standard,6
2024,11,CITROEN,33,Asturias,Corporate,BEV,REST,Standard,1
2024,11,CITROEN,33,Asturias,Corporate,ICE,REST,Standard,7
2024,11,CITROEN,33,Asturias,Private,BEV,REST,Standard,3
2024,11,CITROEN,33,Asturias,Private,ICE,REST,Standard,41
2024,11,CITROEN,33,Asturias,RAC,ICE,REST,Standard,1
2024,11,CUPRA,33,Asturias,Corporate,BEV,REST,Standard,1
2024,11,CUPRA,33,Asturias,Private,ICE,REST,Standard,2
2024,11,DACIA,33,Asturias,Corporate,ICE,REST,Standard,25
2024,11,DACIA,33,Asturias,Private,ICE,REST,Standard,74
2024,11,DR,33,Asturias,Corporate,ICE,REST,Standard,1
2024,11,DR,33,Asturias,Private,ICE,REST,Standard,1
2024,11,EVO,33,Asturias,Corporate,ICE,REST,Standard,1
2024,11,EVO,33,Asturias,Private,ICE,REST,Standard,2
2024,11,FIAT,33,Asturias,Private,ICE,REST,Standard,1
2024,11,FORD,33,Asturias,Corporate,BEV,REST,Standard,1
2024,11,FORD,33,Asturias,Corporate,ICE,REST,Standard,4
2024,11,FORD,33,Asturias,Private,ICE,REST,Standard,16
2024,11,FORD,33,Asturias,Private,PHEV,REST,Standard,3
2024,11,HONDA,33,Asturias,Private,ICE,REST,Standard,1
2024,11,HYUNDAI,33,Asturias,Corporate,BEV,REST,Standard,2
2024,11,HYUNDAI,33,Asturias,Corporate,ICE,REST,Standard,120
2024,11,HYUNDAI,33,Asturias,Corporate,PHEV,REST,Standard,1
2024,11,HYUNDAI,33,Asturias,Private,BEV,REST,Standard,1
2024,11,HYUNDAI,33,Asturias,Private,ICE,REST,Standard,39
2024,11,HYUNDAI,33,Asturias,Private,PHEV,REST,Standard,2
2024,11,INEOS,33,Asturias,Private,ICE,REST,Standard,1
2024,11,JAECOO,33,Asturias,Corporate,ICE,REST,Standard,1
2024,11,JAECOO,33,Asturias,Private,ICE,REST,Standard,6
2024,11,KG MOBILITY,33,Asturias,Private,ICE,REST,Standard,2
2024,11,KIA,33,Asturias,Corporate,BEV,REST,Standard,1
2024,11,KIA,33,Asturias,Corporate,ICE,REST,Standard,5
2024,11,KIA,33,Asturias,Private,BEV,REST,Standard,8
2024,11,KIA,33,Asturias,Private,ICE,REST,Standard,38
2024,11,KIA,33,Asturias,Private,PHEV,REST,Standard,1
2024,11,LEAPMOTOR,33,Asturias,Private,BEV,REST,Standard,1
2024,11,LEXUS,33,Asturias,Corporate,ICE,FOCUS SEGMENT,Standard,5
2024,11,LEXUS,33,Asturias,Corporate,PHEV,FOCUS SEGMENT,Standard,2
2024,11,LEXUS,33,Asturias,Private,ICE,FOCUS SEGMENT,Standard,5
2024,11,MAZDA,33,Asturias,Corporate,ICE,REST,Standard,3
2024,11,MAZDA,33,Asturias,Private,ICE,REST,Standard,25
2024,11,MAZDA,33,Asturias,Private,PHEV,REST,Standard,2
2024,11,MERCEDES,33,Asturias,Corporate,ICE,FOCUS SEGMENT,Standard,15
2024,11,MERCEDES,33,Asturias,Corporate,ICE,REST,Standard,3
2024,11,MERCEDES,33,Asturias,Corporate,PHEV,FOCUS SEGMENT,Standard,1
2024,11,MERCEDES,33,Asturias,Private,BEV,FOCUS SEGMENT,Standard,3
2024,11,MERCEDES,33,Asturias,Private,ICE,FOCUS SEGMENT,M Performance,2
2024,11,MERCEDES,33,Asturias,Private,ICE,FOCUS SEGMENT,Standard,15
2024,11,MERCEDES,33,Asturias,Private,PHEV,FOCUS SEGMENT,Standard,5
2024,11,MERCEDES,33,Asturias,RAC,PHEV,FOCUS SEGMENT,Standard,1
2024,11,MG,33,Asturias,Corporate,BEV,REST,Standard,2
2024,11,MG,33,Asturias,Private,BEV,REST,Standard,1
2024,11,MG,33,Asturias,Private,ICE,REST,Standard,35
2024,11,MG,33,Asturias,Private,PHEV,REST,Standard,1
2024,11,MINI,33,Asturias,Corporate,ICE,FOCUS SEGMENT,Standard,1
2024,11,MINI,33,Asturias,Private,BEV,FOCUS SEGMENT,Standard,4
2024,11,MINI,33,Asturias,Private,ICE,FOCUS SEGMENT,Standard,10
2024,11,MITSUBISHI,33,Asturias,Private,ICE,REST,Standard,1
2024,11,NISSAN,33,Asturias,Corporate,ICE,REST,Standard,13
2024,11,NISSAN,33,Asturias,Private,ICE,REST,Standard,19
2024,11,OMODA,33,Asturias,Corporate,ICE,REST,Standard,3
2024,11,OMODA,33,Asturias,Private,BEV,REST,Standard,1
2024,11,OMODA,33,Asturias,Private,ICE,REST,Standard,13
2024,11,OPEL,33,Asturias,Private,BEV,REST,Standard,1
2024,11,OPEL,33,Asturias,Private,ICE,REST,Standard,14
2024,11,OPEL,33,Asturias,Private,PHEV,REST,Standard,1
2024,11,PEUGEOT,33,Asturias,Corporate,ICE,REST,Standard,2
2024,11,PEUGEOT,33,Asturias,Private,ICE,REST,Standard,5
2024,11,PEUGEOT,33,Asturias,Private,PHEV,REST,Standard,1
2024,11,PORSCHE,33,Asturias,Private,PHEV,FOCUS SEGMENT,Standard,1
2024,11,RENAULT,33,Asturias,Corporate,ICE,REST,Standard,93
2024,11,RENAULT,33,Asturias,Corporate,PHEV,REST,Standard,2
2024,11,RENAULT,33,Asturias,Private,BEV,REST,Standard,1
2024,11,RENAULT,33,Asturias,Private,ICE,REST,Standard,46
2024,11,SEAT,33,Asturias,Corporate,ICE,REST,Standard,8
2024,11,SEAT,33,Asturias,Private,ICE,REST,Standard,32
2024,11,SHINERAY,33,Asturias,Private,ICE,REST,Standard,1
2024,11,SIN MARCA,33,Asturias,Private,ICE,REST,Standard,1
2024,11,SKODA,33,Asturias,Corporate,ICE,REST,Standard,166
2024,11,SKODA,33,Asturias,Private,ICE,REST,Standard,23
2024,11,SKODA,33,Asturias,Private,PHEV,REST,Standard,1
2024,11,SUBARU,33,Asturias,Private,ICE,REST,Standard,4
2024,11,SUZUKI,33,Asturias,Private,ICE,REST,Standard,4
2024,11,SUZUKI,33,Asturias,Private,PHEV,REST,Standard,1
2024,11,TESLA,33,Asturias,Private,BEV,FOCUS SEGMENT,Standard,20
2024,11,TOYOTA,33,Asturias,Corporate,ICE,REST,Standard,25
2024,11,TOYOTA,33,Asturias,Corporate,PHEV,REST,Standard,1
2024,11,TOYOTA,33,Asturias,Private,ICE,REST,Standard,82
2024,11,TOYOTA,33,Asturias,Private,PHEV,REST,Standard,3
2024,11,VOLKSWAGEN,33,Asturias,Corporate,ICE,REST,Standard,15
2024,11,VOLKSWAGEN,33,Asturias,Corporate,PHEV,REST,Standard,1
2024,11,VOLKSWAGEN,33,Asturias,Private,ICE,REST,Standard,26
2024,11,VOLKSWAGEN,33,Asturias,Private,PHEV,REST,Standard,1
2024,11,VOLVO,33,Asturias,Corporate,ICE,FOCUS SEGMENT,Standard,9
2024,11,VOLVO,33,Asturias,Corporate,PHEV,FOCUS SEGMENT,Standard,1
2024,11,VOLVO,33,Asturias,Private,BEV,FOCUS SEGMENT,Standard,2
2024,11,VOLVO,33,Asturias,Private,ICE,FOCUS SEGMENT,Standard,5
2024,11,AUDI,34,Palencia,Private,ICE,FOCUS SEGMENT,Standard,4
2024,11,BMW,34,Palencia,Corporate,ICE,FOCUS SEGMENT,Standard,8
2024,11,BMW,34,Palencia,Private,ICE,FOCUS SEGMENT,Standard,3
2024,11,BYD,34,Palencia,Private,PHEV,REST,Standard,1
2024,11,CITROEN,34,Palencia,Private,ICE,REST,Standard,2
2024,11,CUPRA,34,Palencia,Private,ICE,REST,Standard,2
2024,11,DACIA,34,Palencia,Private,ICE,REST,Standard,12
2024,11,DR,34,Palencia,Private,ICE,REST,Standard,2
2024,11,EVO,34,Palencia,Corporate,ICE,REST,Standard,2
2024,11,EVO,34,Palencia,Private,ICE,REST,Standard,1
2024,11,FORD,34,Palencia,Private,ICE,REST,Standard,3
2024,11,HYUNDAI,34,Palencia,Corporate,BEV,REST,Standard,1
2024,11,HYUNDAI,34,Palencia,Corporate,ICE,REST,Standard,1
2024,11,HYUNDAI,34,Palencia,Private,ICE,REST,Standard,7
2024,11,JEEP,34,Palencia,Private,ICE,REST,Standard,1
2024,11,KIA,34,Palencia,Private,ICE,REST,Standard,9
2024,11,KIA,34,Palencia,Private,PHEV,REST,Standard,1
2024,11,MAZDA,34,Palencia,Private,ICE,REST,Standard,2
2024,11,MERCEDES,34,Palencia,Corporate,ICE,FOCUS SEGMENT,M Performance,1
2024,11,MERCEDES,34,Palencia,Corporate,ICE,FOCUS SEGMENT,Standard,8
2024,11,MERCEDES,34,Palencia,Corporate,ICE,REST,Standard,1
2024,11,MERCEDES,34,Palencia,Corporate,PHEV,FOCUS SEGMENT,Standard,3
2024,11,MERCEDES,34,Palencia,Private,BEV,FOCUS SEGMENT,Standard,1
2024,11,MERCEDES,34,Palencia,Private,ICE,REST,Standard,1
2024,11,MG,34,Palencia,Corporate,ICE,REST,Standard,1
2024,11,MG,34,Palencia,Private,BEV,REST,Standard,1
2024,11,MG,34,Palencia,Private,ICE,REST,Standard,3
2024,11,MINI,34,Palencia,Private,BEV,FOCUS SEGMENT,Standard,1
2024,11,NISSAN,34,Palencia,Private,ICE,REST,Standard,1
2024,11,OMODA,34,Palencia,Private,ICE,REST,Standard,2
2024,11,PEUGEOT,34,Palencia,Private,ICE,REST,Standard,1
2024,11,RENAULT,34,Palencia,Corporate,ICE,REST,Standard,4
2024,11,RENAULT,34,Palencia,Corporate,PHEV,REST,Standard,1
2024,11,RENAULT,34,Palencia,Private,ICE,REST,Standard,18
2024,11,SEAT,34,Palencia,Private,ICE,REST,Standard,7
2024,11,SKODA,34,Palencia,Corporate,ICE,REST,Standard,2
2024,11,SKODA,34,Palencia,Private,ICE,REST,Standard,3
2024,11,TESLA,34,Palencia,Private,BEV,FOCUS SEGMENT,Standard,1
2024,11,TOYOTA,34,Palencia,Private,ICE,REST,Standard,6
2024,11,VOLKSWAGEN,34,Palencia,Private,ICE,REST,Standard,5
2024,11,VOLVO,34,Palencia,Private,BEV,FOCUS SEGMENT,Standard,1
2024,11,VOLVO,34,Palencia,Private,ICE,FOCUS SEGMENT,Standard,1
2024,11,ALFA ROMEO,35,Las Palmas,Corporate,PHEV,REST,Standard,1
2024,11,ALFA ROMEO,35,Las Palmas,Private,ICE,REST,Standard,1
2024,11,AUDI,35,Las Palmas,Corporate,BEV,FOCUS SEGMENT,M,1
2024,11,AUDI,35,Las Palmas,Corporate,BEV,FOCUS SEGMENT,Standard,5
2024,11,AUDI,35,Las Palmas,Corporate,ICE,FOCUS SEGMENT,M,1
2024,11,AUDI,35,Las Palmas,Corporate,ICE,FOCUS SEGMENT,Standard,18
2024,11,AUDI,35,Las Palmas,Corporate,PHEV,FOCUS SEGMENT,Standard,3
2024,11,AUDI,35,Las Palmas,Private,BEV,FOCUS SEGMENT,Standard,10
2024,11,AUDI,35,Las Palmas,Private,ICE,FOCUS SEGMENT,M Performance,1
2024,11,AUDI,35,Las Palmas,Private,ICE,FOCUS SEGMENT,Standard,20
2024,11,AUDI,35,Las Palmas,Private,PHEV,FOCUS SEGMENT,Standard,1
2024,11,AUDI,35,Las Palmas,RAC,ICE,FOCUS SEGMENT,Standard,23
2024,11,BMW,35,Las Palmas,Corporate,BEV,FOCUS SEGMENT,Standard,8
2024,11,BMW,35,Las Palmas,Corporate,ICE,FOCUS SEGMENT,Standard,10
2024,11,BMW,35,Las Palmas,Corporate,PHEV,FOCUS SEGMENT,Standard,3
2024,11,BMW,35,Las Palmas,Private,BEV,FOCUS SEGMENT,Standard,23
2024,11,BMW,35,Las Palmas,Private,ICE,FOCUS SEGMENT,Standard,9
2024,11,BYD,35,Las Palmas,Corporate,BEV,REST,Standard,6
2024,11,BYD,35,Las Palmas,Private,BEV,REST,Standard,32
2024,11,BYD,35,Las Palmas,Private,PHEV,REST,Standard,8
2024,11,CITROEN,35,Las Palmas,Corporate,BEV,REST,Standard,1
2024,11,CITROEN,35,Las Palmas,Corporate,ICE,REST,Standard,4
2024,11,CITROEN,35,Las Palmas,Corporate,PHEV,REST,Standard,2
2024,11,CITROEN,35,Las Palmas,Private,BEV,REST,Standard,1
2024,11,CITROEN,35,Las Palmas,Private,ICE,REST,Standard,1
2024,11,CITROEN,35,Las Palmas,RAC,ICE,REST,Standard,110
2024,11,CUPRA,35,Las Palmas,Corporate,BEV,REST,Standard,18
2024,11,CUPRA,35,Las Palmas,Corporate,PHEV,REST,Standard,2
2024,11,CUPRA,35,Las Palmas,Private,BEV,REST,Standard,1
2024,11,CUPRA,35,Las Palmas,Private,ICE,REST,Standard,1
2024,11,CUPRA,35,Las Palmas,Private,PHEV,REST,Standard,5
2024,11,CUPRA,35,Las Palmas,RAC,ICE,REST,Standard,99
2024,11,DACIA,35,Las Palmas,Corporate,ICE,REST,Standard,10
2024,11,DACIA,35,Las Palmas,Private,ICE,REST,Standard,64
2024,11,DACIA,35,Las Palmas,RAC,ICE,REST,Standard,288
2024,11,DFSK,35,Las Palmas,Private,ICE,REST,Standard,1
2024,11,DFSK,35,Las Palmas,RAC,ICE,REST,Standard,7
2024,11,EVO,35,Las Palmas,Corporate,ICE,REST,Standard,1
2024,11,FIAT,35,Las Palmas,Corporate,ICE,REST,Standard,4
2024,11,FIAT,35,Las Palmas,Private,ICE,REST,Standard,3
2024,11,FIAT,35,Las Palmas,RAC,ICE,REST,Standard,66
2024,11,FORD,35,Las Palmas,Corporate,BEV,REST,Standard,3
2024,11,FORD,35,Las Palmas,Corporate,ICE,REST,Standard,3
2024,11,FORD,35,Las Palmas,Corporate,PHEV,REST,Standard,2
2024,11,FORD,35,Las Palmas,Private,BEV,REST,Standard,3
2024,11,FORD,35,Las Palmas,Private,ICE,REST,Standard,19
2024,11,FORD,35,Las Palmas,Private,PHEV,REST,Standard,4
2024,11,HONDA,35,Las Palmas,Private,ICE,REST,Standard,7
2024,11,HYUNDAI,35,Las Palmas,Corporate,BEV,REST,Standard,1
2024,11,HYUNDAI,35,Las Palmas,Corporate,ICE,REST,Standard,14
2024,11,HYUNDAI,35,Las Palmas,Corporate,PHEV,REST,Standard,4
2024,11,HYUNDAI,35,Las Palmas,Private,BEV,REST,Standard,2
2024,11,HYUNDAI,35,Las Palmas,Private,ICE,REST,Standard,48
2024,11,HYUNDAI,35,Las Palmas,Private,PHEV,REST,Standard,11
2024,11,HYUNDAI,35,Las Palmas,RAC,ICE,REST,Standard,131
2024,11,JAECOO,35,Las Palmas,Private,ICE,REST,Standard,6
2024,11,JEEP,35,Las Palmas,Corporate,BEV,REST,Standard,1
2024,11,JEEP,35,Las Palmas,Corporate,PHEV,REST,Standard,1
2024,11,JEEP,35,Las Palmas,Private,BEV,REST,Standard,1
2024,11,JEEP,35,Las Palmas,Private,ICE,REST,Standard,1
2024,11,JEEP,35,Las Palmas,RAC,ICE,REST,Standard,14
2024,11,KG MOBILITY,35,Las Palmas,Corporate,ICE,REST,Standard,1
2024,11,KG MOBILITY,35,Las Palmas,Private,ICE,REST,Standard,1
2024,11,KG MOBILITY,35,Las Palmas,RAC,ICE,REST,Standard,61
2024,11,KIA,35,Las Palmas,Corporate,BEV,REST,Standard,1
2024,11,KIA,35,Las Palmas,Corporate,ICE,REST,Standard,56
2024,11,KIA,35,Las Palmas,Corporate,PHEV,REST,Standard,3
2024,11,KIA,35,Las Palmas,Private,BEV,REST,Standard,3
2024,11,KIA,35,Las Palmas,Private,ICE,REST,Standard,99
2024,11,KIA,35,Las Palmas,Private,PHEV,REST,Standard,12
2024,11,KIA,35,Las Palmas,RAC,BEV,REST,Standard,2
2024,11,KIA,35,Las Palmas,RAC,ICE,REST,Standard,37
2024,11,LAND ROVER,35,Las Palmas,Corporate,PHEV,FOCUS SEGMENT,Standard,1
2024,11,LAND ROVER,35,Las Palmas,Private,PHEV,FOCUS SEGMENT,Standard,2
2024,11,LAND ROVER,35,Las Palmas,RAC,PHEV,FOCUS SEGMENT,Standard,1
2024,11,LEAPMOTOR,35,Las Palmas,Corporate,BEV,REST,Standard,1
2024,11,LEAPMOTOR,35,Las Palmas,Private,BEV,REST,Standard,1
2024,11,LEXUS,35,Las Palmas,Corporate,ICE,FOCUS SEGMENT,Standard,3
2024,11,LEXUS,35,Las Palmas,Corporate,PHEV,FOCUS SEGMENT,Standard,1
2024,11,LEXUS,35,Las Palmas,Private,ICE,FOCUS SEGMENT,Standard,9
2024,11,LEXUS,35,Las Palmas,RAC,ICE,FOCUS SEGMENT,Standard,4
2024,11,MAZDA,35,Las Palmas,Corporate,ICE,REST,Standard,2
2024,11,MAZDA,35,Las Palmas,Corporate,PHEV,REST,Standard,4
2024,11,MAZDA,35,Las Palmas,Private,ICE,REST,Standard,14
2024,11,MAZDA,35,Las Palmas,RAC,ICE,REST,Standard,35
2024,11,MERCEDES,35,Las Palmas,Corporate,BEV,FOCUS SEGMENT,Standard,4
2024,11,MERCEDES,35,Las Palmas,Corporate,ICE,FOCUS SEGMENT,Standard,10
2024,11,MERCEDES,35,Las Palmas,Corporate,ICE,REST,Standard,1
2024,11,MERCEDES,35,Las Palmas,Corporate,PHEV,FOCUS SEGMENT,Standard,7
2024,11,MERCEDES,35,Las Palmas,Private,BEV,FOCUS SEGMENT,Standard,8
2024,11,MERCEDES,35,Las Palmas,Private,ICE,FOCUS SEGMENT,Standard,4
2024,11,MERCEDES,35,Las Palmas,Private,PHEV,FOCUS SEGMENT,Standard,4
2024,11,MERCEDES,35,Las Palmas,RAC,ICE,FOCUS SEGMENT,Standard,2
2024,11,MG,35,Las Palmas,Private,ICE,REST,Standard,11
2024,11,MG,35,Las Palmas,Private,PHEV,REST,Standard,3
2024,11,MG,35,Las Palmas,RAC,ICE,REST,Standard,80
2024,11,MINI,35,Las Palmas,Private,BEV,FOCUS SEGMENT,Standard,12
2024,11,MINI,35,Las Palmas,Private,ICE,FOCUS SEGMENT,Standard,3
2024,11,MITSUBISHI,35,Las Palmas,Corporate,ICE,REST,Standard,8
2024,11,MITSUBISHI,35,Las Palmas,RAC,ICE,REST,Standard,168
2024,11,NISSAN,35,Las Palmas,Corporate,ICE,REST,Standard,11
2024,11,NISSAN,35,Las Palmas,Private,BEV,REST,Standard,2
2024,11,NISSAN,35,Las Palmas,Private,ICE,REST,Standard,46
2024,11,NISSAN,35,Las Palmas,RAC,ICE,REST,Standard,10
2024,11,OMODA,35,Las Palmas,Corporate,BEV,REST,Standard,1
2024,11,OMODA,35,Las Palmas,Corporate,ICE,REST,Standard,1
2024,11,OMODA,35,Las Palmas,Private,BEV,REST,Standard,4
2024,11,OMODA,35,Las Palmas,Private,ICE,REST,Standard,10
2024,11,OMODA,35,Las Palmas,RAC,ICE,REST,Standard,6
2024,11,OPEL,35,Las Palmas,Corporate,BEV,REST,Standard,1
2024,11,OPEL,35,Las Palmas,Corporate,ICE,REST,Standard,110
2024,11,OPEL,35,Las Palmas,Private,BEV,REST,Standard,2
2024,11,OPEL,35,Las Palmas,Private,ICE,REST,Standard,18
2024,11,OPEL,35,Las Palmas,RAC,ICE,REST,Standard,57
2024,11,PEUGEOT,35,Las Palmas,Corporate,BEV,REST,Standard,4
2024,11,PEUGEOT,35,Las Palmas,Corporate,ICE,REST,Standard,231
2024,11,PEUGEOT,35,Las Palmas,Private,BEV,REST,Standard,5
2024,11,PEUGEOT,35,Las Palmas,Private,ICE,REST,Standard,19
2024,11,PEUGEOT,35,Las Palmas,RAC,ICE,REST,Standard,36
2024,11,POLESTAR,35,Las Palmas,Corporate,BEV,FOCUS SEGMENT,Standard,1
2024,11,PORSCHE,35,Las Palmas,Corporate,BEV,FOCUS SEGMENT,M,1
2024,11,PORSCHE,35,Las Palmas,Corporate,BEV,FOCUS SEGMENT,Standard,2
2024,11,PORSCHE,35,Las Palmas,Corporate,ICE,FOCUS SEGMENT,M,2
2024,11,PORSCHE,35,Las Palmas,Private,PHEV,FOCUS SEGMENT,M Performance,1
2024,11,PORSCHE,35,Las Palmas,Private,PHEV,FOCUS SEGMENT,Standard,2
2024,11,RENAULT,35,Las Palmas,Corporate,BEV,REST,Standard,7
2024,11,RENAULT,35,Las Palmas,Corporate,ICE,REST,Standard,69
2024,11,RENAULT,35,Las Palmas,Corporate,PHEV,REST,Standard,4
2024,11,RENAULT,35,Las Palmas,Private,BEV,REST,Standard,1
2024,11,RENAULT,35,Las Palmas,Private,ICE,REST,Standard,44
2024,11,RENAULT,35,Las Palmas,RAC,ICE,REST,Standard,320
2024,11,SEAT,35,Las Palmas,Corporate,ICE,REST,Standard,43
2024,11,SEAT,35,Las Palmas,Corporate,PHEV,REST,Standard,1
2024,11,SEAT,35,Las Palmas,Private,ICE,REST,Standard,56
2024,11,SEAT,35,Las Palmas,RAC,ICE,REST,Standard,232
2024,11,SHINERAY,35,Las Palmas,RAC,ICE,REST,Standard,3
2024,11,SIN MARCA,35,Las Palmas,RAC,ICE,REST,Standard,5
2024,11,SIN MARCA,35,Las Palmas,RAC,PHEV,REST,Standard,1
2024,11,SKODA,35,Las Palmas,Corporate,BEV,REST,Standard,2
2024,11,SKODA,35,Las Palmas,Corporate,ICE,REST,Standard,5
2024,11,SKODA,35,Las Palmas,Private,BEV,REST,Standard,2
2024,11,SKODA,35,Las Palmas,Private,ICE,REST,Standard,40
2024,11,SKODA,35,Las Palmas,Private,PHEV,REST,Standard,1
2024,11,SKODA,35,Las Palmas,RAC,ICE,REST,Standard,104
2024,11,SMART,35,Las Palmas,Corporate,BEV,FOCUS SEGMENT,Standard,1
2024,11,SSANGYONG,35,Las Palmas,RAC,ICE,REST,Standard,24
2024,11,SUZUKI,35,Las Palmas,Corporate,ICE,REST,Standard,2
2024,11,SUZUKI,35,Las Palmas,Private,ICE,REST,Standard,11
2024,11,SUZUKI,35,Las Palmas,RAC,ICE,REST,Standard,3
2024,11,TOYOTA,35,Las Palmas,Corporate,ICE,REST,Standard,31
2024,11,TOYOTA,35,Las Palmas,Private,BEV,REST,Standard,3
2024,11,TOYOTA,35,Las Palmas,Private,ICE,REST,Standard,128
2024,11,TOYOTA,35,Las Palmas,Private,PHEV,REST,Standard,6
2024,11,TOYOTA,35,Las Palmas,RAC,ICE,REST,Standard,144
2024,11,VOLKSWAGEN,35,Las Palmas,Corporate,BEV,REST,Standard,2
2024,11,VOLKSWAGEN,35,Las Palmas,Corporate,ICE,REST,Standard,44
2024,11,VOLKSWAGEN,35,Las Palmas,Corporate,PHEV,REST,Standard,6
2024,11,VOLKSWAGEN,35,Las Palmas,Private,BEV,REST,Standard,4
2024,11,VOLKSWAGEN,35,Las Palmas,Private,ICE,REST,Standard,130
2024,11,VOLKSWAGEN,35,Las Palmas,Private,PHEV,REST,Standard,10
2024,11,VOLKSWAGEN,35,Las Palmas,RAC,ICE,REST,Standard,401
2024,11,VOLVO,35,Las Palmas,Corporate,BEV,FOCUS SEGMENT,Standard,11
2024,11,VOLVO,35,Las Palmas,Corporate,ICE,FOCUS SEGMENT,Standard,7
2024,11,VOLVO,35,Las Palmas,Corporate,PHEV,FOCUS SEGMENT,Standard,3
2024,11,VOLVO,35,Las Palmas,Private,BEV,FOCUS SEGMENT,Standard,7
2024,11,VOLVO,35,Las Palmas,Private,ICE,FOCUS SEGMENT,Standard,7
2024,11,AUDI,36,Pontevedra,Corporate,ICE,FOCUS SEGMENT,M,1
2024,11,AUDI,36,Pontevedra,Corporate,ICE,FOCUS SEGMENT,Standard,13
2024,11,AUDI,36,Pontevedra,Corporate,PHEV,FOCUS SEGMENT,M Performance,1
2024,11,AUDI,36,Pontevedra,Corporate,PHEV,FOCUS SEGMENT,Standard,1
2024,11,AUDI,36,Pontevedra,Private,BEV,FOCUS SEGMENT,Standard,2
2024,11,AUDI,36,Pontevedra,Private,ICE,FOCUS SEGMENT,Standard,15
2024,11,AUDI,36,Pontevedra,Private,PHEV,FOCUS SEGMENT,Standard,1
2024,11,BMW,36,Pontevedra,Corporate,BEV,FOCUS SEGMENT,Standard,1
2024,11,BMW,36,Pontevedra,Corporate,ICE,FOCUS SEGMENT,M,1
2024,11,BMW,36,Pontevedra,Corporate,ICE,FOCUS SEGMENT,M Performance,1
2024,11,BMW,36,Pontevedra,Corporate,ICE,FOCUS SEGMENT,Standard,8
2024,11,BMW,36,Pontevedra,Private,BEV,FOCUS SEGMENT,Standard,1
2024,11,BMW,36,Pontevedra,Private,ICE,FOCUS SEGMENT,Standard,7
2024,11,BMW,36,Pontevedra,Private,PHEV,FOCUS SEGMENT,Standard,1
2024,11,BYD,36,Pontevedra,Corporate,BEV,REST,Standard,3
2024,11,BYD,36,Pontevedra,Corporate,PHEV,REST,Standard,1
2024,11,BYD,36,Pontevedra,Private,BEV,REST,Standard,3
2024,11,CITROEN,36,Pontevedra,Corporate,BEV,REST,Standard,1
2024,11,CITROEN,36,Pontevedra,Corporate,ICE,REST,Standard,9
2024,11,CITROEN,36,Pontevedra,Private,BEV,REST,Standard,2
2024,11,CITROEN,36,Pontevedra,Private,ICE,REST,Standard,18
2024,11,CUPRA,36,Pontevedra,Corporate,ICE,REST,Standard,7
2024,11,CUPRA,36,Pontevedra,Corporate,PHEV,REST,Standard,1
2024,11,CUPRA,36,Pontevedra,Private,ICE,REST,Standard,3
2024,11,CUPRA,36,Pontevedra,Private,PHEV,REST,Standard,2
2024,11,DACIA,36,Pontevedra,Corporate,ICE,REST,Standard,6
2024,11,DACIA,36,Pontevedra,Private,BEV,REST,Standard,2
2024,11,DACIA,36,Pontevedra,Private,ICE,REST,Standard,50
2024,11,FIAT,36,Pontevedra,Private,ICE,REST,Standard,1
2024,11,FORD,36,Pontevedra,Corporate,BEV,REST,Standard,1
2024,11,FORD,36,Pontevedra,Corporate,ICE,REST,Standard,14
2024,11,FORD,36,Pontevedra,Private,ICE,REST,Standard,8
2024,11,HONDA,36,Pontevedra,Private,ICE,REST,Standard,4
2024,11,HYUNDAI,36,Pontevedra,Corporate,BEV,REST,Standard,1
2024,11,HYUNDAI,36,Pontevedra,Corporate,ICE,REST,Standard,24
2024,11,HYUNDAI,36,Pontevedra,Corporate,PHEV,REST,Standard,1
2024,11,HYUNDAI,36,Pontevedra,Private,ICE,REST,Standard,34
2024,11,HYUNDAI,36,Pontevedra,Private,PHEV,REST,Standard,1
2024,11,JAECOO,36,Pontevedra,Private,ICE,REST,Standard,3
2024,11,KG MOBILITY,36,Pontevedra,Private,ICE,REST,Standard,1
2024,11,KIA,36,Pontevedra,Corporate,BEV,REST,Standard,1
2024,11,KIA,36,Pontevedra,Corporate,ICE,REST,Standard,1
2024,11,KIA,36,Pontevedra,Private,BEV,REST,Standard,6
2024,11,KIA,36,Pontevedra,Private,ICE,REST,Standard,46
2024,11,KIA,36,Pontevedra,Private,PHEV,REST,Standard,1
2024,11,LEXUS,36,Pontevedra,Corporate,ICE,FOCUS SEGMENT,Standard,4
2024,11,LEXUS,36,Pontevedra,Corporate,ICE,REST,Standard,5
2024,11,LEXUS,36,Pontevedra,Private,ICE,FOCUS SEGMENT,Standard,4
2024,11,LEXUS,36,Pontevedra,Private,PHEV,FOCUS SEGMENT,Standard,1
2024,11,MAZDA,36,Pontevedra,Corporate,ICE,REST,Standard,2
2024,11,MAZDA,36,Pontevedra,Private,ICE,REST,Standard,14
2024,11,MERCEDES,36,Pontevedra,Corporate,BEV,FOCUS SEGMENT,Standard,2
2024,11,MERCEDES,36,Pontevedra,Corporate,ICE,FOCUS SEGMENT,Standard,6
2024,11,MERCEDES,36,Pontevedra,Corporate,ICE,REST,Standard,1
2024,11,MERCEDES,36,Pontevedra,Corporate,PHEV,FOCUS SEGMENT,Standard,2
2024,11,MERCEDES,36,Pontevedra,Private,ICE,FOCUS SEGMENT,Standard,11
2024,11,MERCEDES,36,Pontevedra,Private,PHEV,FOCUS SEGMENT,Standard,5
2024,11,MG,36,Pontevedra,Corporate,ICE,REST,Standard,3
2024,11,MG,36,Pontevedra,Corporate,PHEV,REST,Standard,1
2024,11,MG,36,Pontevedra,Private,BEV,REST,Standard,5
2024,11,MG,36,Pontevedra,Private,ICE,REST,Standard,23
2024,11,MG,36,Pontevedra,Private,PHEV,REST,Standard,5
2024,11,MINI,36,Pontevedra,Corporate,BEV,FOCUS SEGMENT,Standard,2
2024,11,MINI,36,Pontevedra,Private,ICE,FOCUS SEGMENT,Standard,5
2024,11,NISSAN,36,Pontevedra,Corporate,BEV,REST,Standard,1
2024,11,NISSAN,36,Pontevedra,Corporate,ICE,REST,Standard,4
2024,11,NISSAN,36,Pontevedra,Private,ICE,REST,Standard,30
2024,11,OMODA,36,Pontevedra,Corporate,ICE,REST,Standard,3
2024,11,OMODA,36,Pontevedra,Private,BEV,REST,Standard,1
2024,11,OMODA,36,Pontevedra,Private,ICE,REST,Standard,10
2024,11,OPEL,36,Pontevedra,Private,ICE,REST,Standard,4
2024,11,PEUGEOT,36,Pontevedra,Corporate,ICE,REST,Standard,3
2024,11,PEUGEOT,36,Pontevedra,Corporate,PHEV,REST,Standard,1
2024,11,PEUGEOT,36,Pontevedra,Private,BEV,REST,Standard,2
2024,11,PEUGEOT,36,Pontevedra,Private,ICE,REST,Standard,15
2024,11,PEUGEOT,36,Pontevedra,Private,PHEV,REST,Standard,1
2024,11,POLESTAR,36,Pontevedra,Private,BEV,FOCUS SEGMENT,Standard,1
2024,11,PORSCHE,36,Pontevedra,Corporate,ICE,FOCUS SEGMENT,Standard,1
2024,11,PORSCHE,36,Pontevedra,Corporate,PHEV,FOCUS SEGMENT,M Performance,1
2024,11,PORSCHE,36,Pontevedra,Corporate,PHEV,FOCUS SEGMENT,Standard,1
2024,11,PORSCHE,36,Pontevedra,Private,BEV,FOCUS SEGMENT,Standard,1
2024,11,PORSCHE,36,Pontevedra,Private,ICE,FOCUS SEGMENT,Standard,1
2024,11,PORSCHE,36,Pontevedra,Private,PHEV,FOCUS SEGMENT,Standard,1
2024,11,RENAULT,36,Pontevedra,Corporate,BEV,REST,Standard,1
2024,11,RENAULT,36,Pontevedra,Corporate,ICE,REST,Standard,21
2024,11,RENAULT,36,Pontevedra,Corporate,PHEV,REST,Standard,1
2024,11,RENAULT,36,Pontevedra,Private,BEV,REST,Standard,1
2024,11,RENAULT,36,Pontevedra,Private,ICE,REST,Standard,50
2024,11,SEAT,36,Pontevedra,Corporate,ICE,REST,Standard,15
2024,11,SEAT,36,Pontevedra,Private,ICE,REST,Standard,20
2024,11,SIN MARCA,36,Pontevedra,Corporate,ICE,REST,Standard,1
2024,11,SKODA,36,Pontevedra,Corporate,ICE,REST,Standard,7
2024,11,SKODA,36,Pontevedra,Private,ICE,REST,Standard,17
2024,11,SMART,36,Pontevedra,Private,BEV,FOCUS SEGMENT,Standard,1
2024,11,TESLA,36,Pontevedra,Corporate,BEV,FOCUS SEGMENT,Standard,1
2024,11,TESLA,36,Pontevedra,Private,BEV,FOCUS SEGMENT,Standard,19
2024,11,TOYOTA,36,Pontevedra,Corporate,ICE,REST,Standard,2
2024,11,TOYOTA,36,Pontevedra,Private,ICE,REST,Standard,61
2024,11,TOYOTA,36,Pontevedra,Private,PHEV,REST,Standard,5
2024,11,VOLKSWAGEN,36,Pontevedra,Corporate,ICE,REST,Standard,12
2024,11,VOLKSWAGEN,36,Pontevedra,Private,ICE,REST,Standard,26
2024,11,VOLVO,36,Pontevedra,Corporate,BEV,FOCUS SEGMENT,Standard,2
2024,11,VOLVO,36,Pontevedra,Corporate,ICE,FOCUS SEGMENT,Standard,5
2024,11,VOLVO,36,Pontevedra,Corporate,PHEV,FOCUS SEGMENT,Standard,3
2024,11,VOLVO,36,Pontevedra,Private,BEV,FOCUS SEGMENT,Standard,2
2024,11,VOLVO,36,Pontevedra,Private,ICE,FOCUS SEGMENT,Standard,4
2024,11,ALLIED VEHICLES LTD,37,Salamanca,Private,ICE,REST,Standard,1
2024,11,AUDI,37,Salamanca,Corporate,ICE,FOCUS SEGMENT,Standard,4
2024,11,AUDI,37,Salamanca,Corporate,PHEV,FOCUS SEGMENT,Standard,1
2024,11,AUDI,37,Salamanca,Private,ICE,FOCUS SEGMENT,Standard,4
2024,11,AUDI,37,Salamanca,Private,PHEV,FOCUS SEGMENT,Standard,1
2024,11,BMW,37,Salamanca,Corporate,ICE,FOCUS SEGMENT,Standard,2
2024,11,BMW,37,Salamanca,Private,ICE,FOCUS SEGMENT,Standard,7
2024,11,BMW,37,Salamanca,Private,PHEV,FOCUS SEGMENT,Standard,2
2024,11,BYD,37,Salamanca,Private,PHEV,REST,Standard,1
2024,11,CITROEN,37,Salamanca,Corporate,BEV,REST,Standard,1
2024,11,CITROEN,37,Salamanca,Corporate,ICE,REST,Standard,2
2024,11,CITROEN,37,Salamanca,Private,BEV,REST,Standard,2
2024,11,CITROEN,37,Salamanca,Private,ICE,REST,Standard,3
2024,11,CUPRA,37,Salamanca,Corporate,BEV,REST,Standard,1
2024,11,CUPRA,37,Salamanca,Corporate,ICE,REST,Standard,3
2024,11,CUPRA,37,Salamanca,Corporate,PHEV,REST,Standard,1
2024,11,DACIA,37,Salamanca,Corporate,ICE,REST,Standard,6
2024,11,DACIA,37,Salamanca,Private,ICE,REST,Standard,14
2024,11,FIAT,37,Salamanca,Private,ICE,REST,Standard,1
2024,11,FORD,37,Salamanca,Private,ICE,REST,Standard,1
2024,11,HONDA,37,Salamanca,Corporate,ICE,REST,Standard,2
2024,11,HYUNDAI,37,Salamanca,Corporate,ICE,REST,Standard,6
2024,11,HYUNDAI,37,Salamanca,Private,ICE,REST,Standard,4
2024,11,JAECOO,37,Salamanca,Corporate,ICE,REST,Standard,1
2024,11,JAECOO,37,Salamanca,Private,ICE,REST,Standard,2
2024,11,JEEP,37,Salamanca,Private,ICE,REST,Standard,1
2024,11,KG MOBILITY,37,Salamanca,Private,ICE,REST,Standard,2
2024,11,KIA,37,Salamanca,Corporate,BEV,REST,Standard,1
2024,11,KIA,37,Salamanca,Corporate,ICE,REST,Standard,1
2024,11,KIA,37,Salamanca,Corporate,PHEV,REST,Standard,1
2024,11,KIA,37,Salamanca,Private,BEV,REST,Standard,2
2024,11,KIA,37,Salamanca,Private,ICE,REST,Standard,18
2024,11,LAND ROVER,37,Salamanca,Corporate,ICE,FOCUS SEGMENT,Standard,1
2024,11,LAND ROVER,37,Salamanca,RAC,ICE,FOCUS SEGMENT,Standard,2
2024,11,LEXUS,37,Salamanca,Private,ICE,FOCUS SEGMENT,Standard,3
2024,11,MAZDA,37,Salamanca,Corporate,ICE,REST,Standard,3
2024,11,MAZDA,37,Salamanca,Private,ICE,REST,Standard,7
2024,11,MERCEDES,37,Salamanca,Private,ICE,FOCUS SEGMENT,Standard,1
2024,11,MERCEDES,37,Salamanca,Private,PHEV,FOCUS SEGMENT,Standard,2
2024,11,MG,37,Salamanca,Corporate,ICE,REST,Standard,1
2024,11,MG,37,Salamanca,Corporate,PHEV,REST,Standard,1
2024,11,MG,37,Salamanca,Private,BEV,REST,Standard,1
2024,11,MG,37,Salamanca,Private,ICE,REST,Standard,12
2024,11,MG,37,Salamanca,Private,PHEV,REST,Standard,4
2024,11,MINI,37,Salamanca,Corporate,ICE,FOCUS SEGMENT,Standard,1
2024,11,MINI,37,Salamanca,Private,ICE,FOCUS SEGMENT,Standard,1
2024,11,NISSAN,37,Salamanca,Corporate,ICE,REST,Standard,3
2024,11,NISSAN,37,Salamanca,Private,ICE,REST,Standard,2
2024,11,OMODA,37,Salamanca,Private,ICE,REST,Standard,4
2024,11,OPEL,37,Salamanca,Corporate,BEV,REST,Standard,1
2024,11,OPEL,37,Salamanca,Private,ICE,REST,Standard,3
2024,11,PEUGEOT,37,Salamanca,Private,BEV,REST,Standard,1
2024,11,PEUGEOT,37,Salamanca,Private,ICE,REST,Standard,1
2024,11,RENAULT,37,Salamanca,Corporate,BEV,REST,Standard,1
2024,11,RENAULT,37,Salamanca,Corporate,ICE,REST,Standard,7
2024,11,RENAULT,37,Salamanca,Private,ICE,REST,Standard,14
2024,11,RENAULT,37,Salamanca,Private,PHEV,REST,Standard,1
2024,11,SEAT,37,Salamanca,Corporate,ICE,REST,Standard,7
2024,11,SEAT,37,Salamanca,Private,ICE,REST,Standard,9
2024,11,SUBARU,37,Salamanca,Private,ICE,REST,Standard,1
2024,11,SUZUKI,37,Salamanca,Private,ICE,REST,Standard,1
2024,11,TESLA,37,Salamanca,Corporate,BEV,FOCUS SEGMENT,Standard,1
2024,11,TESLA,37,Salamanca,Private,BEV,FOCUS SEGMENT,Standard,5
2024,11,TOYOTA,37,Salamanca,Corporate,ICE,REST,Standard,5
2024,11,TOYOTA,37,Salamanca,Private,ICE,REST,Standard,18
2024,11,VOLKSWAGEN,37,Salamanca,Corporate,ICE,REST,Standard,5
2024,11,VOLKSWAGEN,37,Salamanca,Corporate,PHEV,REST,Standard,1
2024,11,VOLKSWAGEN,37,Salamanca,Private,ICE,REST,Standard,8
2024,11,VOLVO,37,Salamanca,Corporate,BEV,FOCUS SEGMENT,Standard,1
2024,11,VOLVO,37,Salamanca,Corporate,ICE,FOCUS SEGMENT,Standard,2
2024,11,VOLVO,37,Salamanca,Private,ICE,FOCUS SEGMENT,Standard,5
2024,11,AUDI,38,S.C. Tenerife,Corporate,ICE,FOCUS SEGMENT,M,1
2024,11,AUDI,38,S.C. Tenerife,Corporate,ICE,FOCUS SEGMENT,Standard,11
2024,11,AUDI,38,S.C. Tenerife,Private,BEV,FOCUS SEGMENT,Standard,6
2024,11,AUDI,38,S.C. Tenerife,Private,ICE,FOCUS SEGMENT,Standard,18
2024,11,AUDI,38,S.C. Tenerife,Private,PHEV,FOCUS SEGMENT,Standard,2
2024,11,AUDI,38,S.C. Tenerife,RAC,ICE,FOCUS SEGMENT,Standard,6
2024,11,BMW,38,S.C. Tenerife,Corporate,BEV,FOCUS SEGMENT,Standard,8
2024,11,BMW,38,S.C. Tenerife,Corporate,ICE,FOCUS SEGMENT,M,1
2024,11,BMW,38,S.C. Tenerife,Corporate,ICE,FOCUS SEGMENT,M Performance,1
2024,11,BMW,38,S.C. Tenerife,Corporate,ICE,FOCUS SEGMENT,Standard,7
2024,11,BMW,38,S.C. Tenerife,Corporate,PHEV,FOCUS SEGMENT,Standard,2
2024,11,BMW,38,S.C. Tenerife,Private,BEV,FOCUS SEGMENT,Standard,9
2024,11,BMW,38,S.C. Tenerife,Private,ICE,FOCUS SEGMENT,M,2
2024,11,BMW,38,S.C. Tenerife,Private,ICE,FOCUS SEGMENT,Standard,8
2024,11,BMW,38,S.C. Tenerife,Private,PHEV,FOCUS SEGMENT,Standard,2
2024,11,BYD,38,S.C. Tenerife,Private,BEV,REST,Standard,18
2024,11,BYD,38,S.C. Tenerife,Private,PHEV,REST,Standard,9
2024,11,CITROEN,38,S.C. Tenerife,Corporate,ICE,REST,Standard,2
2024,11,CITROEN,38,S.C. Tenerife,Corporate,PHEV,REST,Standard,1
2024,11,CITROEN,38,S.C. Tenerife,Private,ICE,REST,Standard,6
2024,11,CUPRA,38,S.C. Tenerife,Corporate,ICE,REST,Standard,2
2024,11,CUPRA,38,S.C. Tenerife,Private,BEV,REST,Standard,1
2024,11,CUPRA,38,S.C. Tenerife,Private,ICE,REST,Standard,4
2024,11,CUPRA,38,S.C. Tenerife,Private,PHEV,REST,Standard,3
2024,11,DACIA,38,S.C. Tenerife,Corporate,ICE,REST,Standard,7
2024,11,DACIA,38,S.C. Tenerife,Private,BEV,REST,Standard,1
2024,11,DACIA,38,S.C. Tenerife,Private,ICE,REST,Standard,86
2024,11,DACIA,38,S.C. Tenerife,RAC,ICE,REST,Standard,6
2024,11,FERRARI,38,S.C. Tenerife,Private,ICE,FOCUS SEGMENT,Standard,1
2024,11,FERRARI,38,S.C. Tenerife,Private,PHEV,FOCUS SEGMENT,Standard,1
2024,11,FIAT,38,S.C. Tenerife,Corporate,ICE,REST,Standard,2
2024,11,FIAT,38,S.C. Tenerife,Private,BEV,REST,Standard,1
2024,11,FIAT,38,S.C. Tenerife,Private,ICE,REST,Standard,6
2024,11,FIAT,38,S.C. Tenerife,RAC,ICE,REST,Standard,10
2024,11,FORD,38,S.C. Tenerife,Corporate,BEV,REST,Standard,1
2024,11,FORD,38,S.C. Tenerife,Corporate,ICE,REST,Standard,12
2024,11,FORD,38,S.C. Tenerife,Corporate,PHEV,REST,Standard,4
2024,11,FORD,38,S.C. Tenerife,Private,BEV,REST,Standard,2
2024,11,FORD,38,S.C. Tenerife,Private,ICE,REST,Standard,10
2024,11,FORD,38,S.C. Tenerife,Private,PHEV,REST,Standard,10
2024,11,HONDA,38,S.C. Tenerife,Private,ICE,REST,Standard,8
2024,11,HYUNDAI,38,S.C. Tenerife,Corporate,BEV,REST,Standard,1
2024,11,HYUNDAI,38,S.C. Tenerife,Corporate,ICE,REST,Standard,11
2024,11,HYUNDAI,38,S.C. Tenerife,Corporate,PHEV,REST,Standard,2
2024,11,HYUNDAI,38,S.C. Tenerife,Private,BEV,REST,Standard,1
2024,11,HYUNDAI,38,S.C. Tenerife,Private,ICE,REST,Standard,88
2024,11,HYUNDAI,38,S.C. Tenerife,Private,PHEV,REST,Standard,2
2024,11,HYUNDAI,38,S.C. Tenerife,RAC,ICE,REST,Standard,5
2024,11,JAECOO,38,S.C. Tenerife,Private,ICE,REST,Standard,1
2024,11,JAGUAR,38,S.C. Tenerife,Private,PHEV,FOCUS SEGMENT,Standard,1
2024,11,JEEP,38,S.C. Tenerife,Corporate,ICE,REST,Standard,1
2024,11,JEEP,38,S.C. Tenerife,Corporate,PHEV,REST,Standard,1
2024,11,JEEP,38,S.C. Tenerife,Private,ICE,REST,Standard,1
2024,11,KG MOBILITY,38,S.C. Tenerife,Corporate,ICE,REST,Standard,1
2024,11,KG MOBILITY,38,S.C. Tenerife,Private,ICE,REST,Standard,2
2024,11,KIA,38,S.C. Tenerife,Corporate,ICE,REST,Standard,3
2024,11,KIA,38,S.C. Tenerife,Corporate,PHEV,REST,Standard,1
2024,11,KIA,38,S.C. Tenerife,Private,BEV,REST,Standard,7
2024,11,KIA,38,S.C. Tenerife,Private,ICE,REST,Standard,70
2024,11,KIA,38,S.C. Tenerife,Private,PHEV,REST,Standard,9
2024,11,KIA,38,S.C. Tenerife,RAC,ICE,REST,Standard,10
2024,11,LAMBORGHINI,38,S.C. Tenerife,Corporate,ICE,FOCUS SEGMENT,Standard,1
2024,11,LAMBORGHINI,38,S.C. Tenerife,Private,ICE,FOCUS SEGMENT,Standard,1
2024,11,LAND ROVER,38,S.C. Tenerife,Private,PHEV,FOCUS SEGMENT,Standard,1
2024,11,LEAPMOTOR,38,S.C. Tenerife,Corporate,BEV,REST,Standard,3
2024,11,LEAPMOTOR,38,S.C. Tenerife,Private,BEV,REST,Standard,3
2024,11,LEXUS,38,S.C. Tenerife,Corporate,PHEV,FOCUS SEGMENT,Standard,1
2024,11,LEXUS,38,S.C. Tenerife,Private,ICE,FOCUS SEGMENT,Standard,9
2024,11,LEXUS,38,S.C. Tenerife,Private,PHEV,FOCUS SEGMENT,Standard,2
2024,11,MAZDA,38,S.C. Tenerife,Private,ICE,REST,Standard,19
2024,11,MERCEDES,38,S.C. Tenerife,Corporate,BEV,FOCUS SEGMENT,Standard,2
2024,11,MERCEDES,38,S.C. Tenerife,Corporate,ICE,FOCUS SEGMENT,Standard,1
2024,11,MERCEDES,38,S.C. Tenerife,Corporate,PHEV,FOCUS SEGMENT,Standard,6
2024,11,MERCEDES,38,S.C. Tenerife,Private,BEV,FOCUS SEGMENT,M Performance,1
2024,11,MERCEDES,38,S.C. Tenerife,Private,BEV,FOCUS SEGMENT,Standard,1
2024,11,MERCEDES,38,S.C. Tenerife,Private,ICE,FOCUS SEGMENT,Standard,3
2024,11,MERCEDES,38,S.C. Tenerife,Private,ICE,REST,Standard,1
2024,11,MERCEDES,38,S.C. Tenerife,Private,PHEV,FOCUS SEGMENT,Standard,6
2024,11,MG,38,S.C. Tenerife,Corporate,ICE,REST,Standard,3
2024,11,MG,38,S.C. Tenerife,Private,BEV,REST,Standard,5
2024,11,MG,38,S.C. Tenerife,Private,ICE,REST,Standard,17
2024,11,MG,38,S.C. Tenerife,RAC,ICE,REST,Standard,1
2024,11,MINI,38,S.C. Tenerife,Corporate,BEV,FOCUS SEGMENT,Standard,1
2024,11,MINI,38,S.C. Tenerife,Private,BEV,FOCUS SEGMENT,Standard,6
2024,11,MINI,38,S.C. Tenerife,Private,ICE,FOCUS SEGMENT,JCW,1
2024,11,MINI,38,S.C. Tenerife,Private,ICE,FOCUS SEGMENT,Standard,7
2024,11,MITSUBISHI,38,S.C. Tenerife,Private,ICE,REST,Standard,1
2024,11,NISSAN,38,S.C. Tenerife,Corporate,BEV,REST,Standard,1
2024,11,NISSAN,38,S.C. Tenerife,Corporate,ICE,REST,Standard,7
2024,11,NISSAN,38,S.C. Tenerife,Private,ICE,REST,Standard,47
2024,11,NISSAN,38,S.C. Tenerife,RAC,ICE,REST,Standard,4
2024,11,OMODA,38,S.C. Tenerife,Private,ICE,REST,Standard,1
2024,11,OPEL,38,S.C. Tenerife,Corporate,BEV,REST,Standard,2
2024,11,OPEL,38,S.C. Tenerife,Corporate,ICE,REST,Standard,21
2024,11,OPEL,38,S.C. Tenerife,Private,BEV,REST,Standard,1
2024,11,OPEL,38,S.C. Tenerife,Private,ICE,REST,Standard,13
2024,11,OPEL,38,S.C. Tenerife,RAC,ICE,REST,Standard,44
2024,11,PEUGEOT,38,S.C. Tenerife,Corporate,BEV,REST,Standard,1
2024,11,PEUGEOT,38,S.C. Tenerife,Corporate,ICE,REST,Standard,28
2024,11,PEUGEOT,38,S.C. Tenerife,Private,BEV,REST,Standard,8
2024,11,PEUGEOT,38,S.C. Tenerife,Private,ICE,REST,Standard,38
2024,11,PEUGEOT,38,S.C. Tenerife,RAC,ICE,REST,Standard,29
2024,11,PORSCHE,38,S.C. Tenerife,Corporate,BEV,FOCUS SEGMENT,M,1
2024,11,PORSCHE,38,S.C. Tenerife,Private,BEV,FOCUS SEGMENT,Standard,3
2024,11,PORSCHE,38,S.C. Tenerife,Private,ICE,FOCUS SEGMENT,M,1
2024,11,PORSCHE,38,S.C. Tenerife,Private,ICE,FOCUS SEGMENT,Standard,1
2024,11,RENAULT,38,S.C. Tenerife,Corporate,ICE,REST,Standard,1
2024,11,RENAULT,38,S.C. Tenerife,Private,ICE,REST,Standard,71
2024,11,RENAULT,38,S.C. Tenerife,RAC,ICE,REST,Standard,9
2024,11,SEAT,38,S.C. Tenerife,Corporate,ICE,REST,Standard,18
2024,11,SEAT,38,S.C. Tenerife,Corporate,PHEV,REST,Standard,1
2024,11,SEAT,38,S.C. Tenerife,Private,ICE,REST,Standard,106
2024,11,SEAT,38,S.C. Tenerife,RAC,ICE,REST,Standard,257
2024,11,SKODA,38,S.C. Tenerife,Corporate,ICE,REST,Standard,6
2024,11,SKODA,38,S.C. Tenerife,Private,BEV,REST,Standard,1
2024,11,SKODA,38,S.C. Tenerife,Private,ICE,REST,Standard,47
2024,11,SKODA,38,S.C. Tenerife,RAC,ICE,REST,Standard,13
2024,11,SSANGYONG,38,S.C. Tenerife,Private,ICE,REST,Standard,1
2024,11,SUZUKI,38,S.C. Tenerife,Corporate,ICE,REST,Standard,1
2024,11,SUZUKI,38,S.C. Tenerife,Private,ICE,REST,Standard,10
2024,11,SUZUKI,38,S.C. Tenerife,RAC,ICE,REST,Standard,4
2024,11,TESLA,38,S.C. Tenerife,Private,BEV,FOCUS SEGMENT,Standard,2
2024,11,TOYOTA,38,S.C. Tenerife,Corporate,ICE,REST,Standard,19
2024,11,TOYOTA,38,S.C. Tenerife,Corporate,PHEV,REST,Standard,1
2024,11,TOYOTA,38,S.C. Tenerife,Private,ICE,REST,Standard,117
2024,11,TOYOTA,38,S.C. Tenerife,Private,PHEV,REST,Standard,1
2024,11,TOYOTA,38,S.C. Tenerife,RAC,ICE,REST,Standard,39
2024,11,VOLKSWAGEN,38,S.C. Tenerife,Corporate,BEV,REST,Standard,5
2024,11,VOLKSWAGEN,38,S.C. Tenerife,Corporate,ICE,REST,Standard,13
2024,11,VOLKSWAGEN,38,S.C. Tenerife,Corporate,PHEV,REST,Standard,1
2024,11,VOLKSWAGEN,38,S.C. Tenerife,Private,BEV,REST,Standard,4
2024,11,VOLKSWAGEN,38,S.C. Tenerife,Private,ICE,REST,Standard,127
2024,11,VOLKSWAGEN,38,S.C. Tenerife,Private,PHEV,REST,Standard,3
2024,11,VOLKSWAGEN,38,S.C. Tenerife,RAC,ICE,REST,Standard,20
2024,11,VOLVO,38,S.C. Tenerife,Corporate,BEV,FOCUS SEGMENT,Standard,1
2024,11,VOLVO,38,S.C. Tenerife,Corporate,ICE,FOCUS SEGMENT,Standard,1
2024,11,VOLVO,38,S.C. Tenerife,Corporate,PHEV,FOCUS SEGMENT,Standard,1
2024,11,VOLVO,38,S.C. Tenerife,Private,BEV,FOCUS SEGMENT,Standard,1
2024,11,VOLVO,38,S.C. Tenerife,Private,ICE,FOCUS SEGMENT,Standard,7
2024,11,XPENG,38,S.C. Tenerife,Private,BEV,FOCUS SEGMENT,Standard,2
2024,11,ALFA ROMEO,39,Cantabria,Corporate,ICE,REST,Standard,1
2024,11,AUDI,39,Cantabria,Corporate,BEV,FOCUS SEGMENT,Standard,1
2024,11,AUDI,39,Cantabria,Corporate,ICE,FOCUS SEGMENT,Standard,8
2024,11,AUDI,39,Cantabria,Private,ICE,FOCUS SEGMENT,M Performance,1
2024,11,AUDI,39,Cantabria,Private,ICE,FOCUS SEGMENT,Standard,11
2024,11,BMW,39,Cantabria,Corporate,BEV,FOCUS SEGMENT,Standard,4
2024,11,BMW,39,Cantabria,Corporate,ICE,FOCUS SEGMENT,Standard,6
2024,11,BMW,39,Cantabria,Private,ICE,FOCUS SEGMENT,M Performance,1
2024,11,BMW,39,Cantabria,Private,ICE,FOCUS SEGMENT,Standard,9
2024,11,BMW,39,Cantabria,Private,PHEV,FOCUS SEGMENT,Standard,3
2024,11,BYD,39,Cantabria,Corporate,BEV,REST,Standard,1
2024,11,BYD,39,Cantabria,Private,BEV,REST,Standard,5
2024,11,BYD,39,Cantabria,Private,PHEV,REST,Standard,9
2024,11,CITROEN,39,Cantabria,Corporate,ICE,REST,Standard,2
2024,11,CITROEN,39,Cantabria,Corporate,PHEV,REST,Standard,2
2024,11,CITROEN,39,Cantabria,Private,BEV,REST,Standard,8
2024,11,CITROEN,39,Cantabria,Private,ICE,REST,Standard,11
2024,11,CUPRA,39,Cantabria,Private,ICE,REST,Standard,3
2024,11,CUPRA,39,Cantabria,Private,PHEV,REST,Standard,2
2024,11,DACIA,39,Cantabria,Corporate,ICE,REST,Standard,6
2024,11,DACIA,39,Cantabria,Private,BEV,REST,Standard,2
2024,11,DACIA,39,Cantabria,Private,ICE,REST,Standard,42
2024,11,DFSK,39,Cantabria,Private,ICE,,Standard,1
2024,11,DFSK,39,Cantabria,Private,PHEV,REST,Standard,1
2024,11,DONGFENG,39,Cantabria,Corporate,BEV,REST,Standard,1
2024,11,DR,39,Cantabria,Private,ICE,REST,Standard,1
2024,11,FIAT,39,Cantabria,Corporate,ICE,REST,Standard,2
2024,11,FORD,39,Cantabria,Corporate,ICE,REST,Standard,1
2024,11,FORD,39,Cantabria,Private,ICE,REST,Standard,6
2024,11,FORD,39,Cantabria,Private,PHEV,REST,Standard,1
2024,11,HONDA,39,Cantabria,Private,ICE,REST,Standard,4
2024,11,HYUNDAI,39,Cantabria,Private,ICE,REST,Standard,13
2024,11,HYUNDAI,39,Cantabria,Private,PHEV,REST,Standard,2
2024,11,HYUNDAI,39,Cantabria,RAC,ICE,REST,Standard,10
2024,11,JAECOO,39,Cantabria,Private,ICE,REST,Standard,6
2024,11,JEEP,39,Cantabria,Private,ICE,REST,Standard,5
2024,11,KIA,39,Cantabria,Corporate,ICE,REST,Standard,2
2024,11,KIA,39,Cantabria,Private,BEV,REST,Standard,1
2024,11,KIA,39,Cantabria,Private,ICE,REST,Standard,49
2024,11,LAND ROVER,39,Cantabria,RAC,ICE,FOCUS SEGMENT,Standard,1
2024,11,LEAPMOTOR,39,Cantabria,Corporate,BEV,REST,Standard,2
2024,11,LEXUS,39,Cantabria,Corporate,ICE,FOCUS SEGMENT,Standard,2
2024,11,LEXUS,39,Cantabria,Corporate,PHEV,FOCUS SEGMENT,Standard,1
2024,11,LEXUS,39,Cantabria,Private,ICE,FOCUS SEGMENT,Standard,8
2024,11,MAZDA,39,Cantabria,Private,ICE,REST,Standard,8
2024,11,MAZDA,39,Cantabria,Private,PHEV,REST,Standard,1
2024,11,MERCEDES,39,Cantabria,Corporate,ICE,FOCUS SEGMENT,M Performance,2
2024,11,MERCEDES,39,Cantabria,Corporate,ICE,FOCUS SEGMENT,Standard,8
2024,11,MERCEDES,39,Cantabria,Corporate,ICE,REST,Standard,2
2024,11,MERCEDES,39,Cantabria,Corporate,PHEV,FOCUS SEGMENT,M Performance,1
2024,11,MERCEDES,39,Cantabria,Corporate,PHEV,FOCUS SEGMENT,Standard,3
2024,11,MERCEDES,39,Cantabria,Private,ICE,FOCUS SEGMENT,Standard,13
2024,11,MERCEDES,39,Cantabria,Private,PHEV,FOCUS SEGMENT,Standard,5
2024,11,MERCEDES,39,Cantabria,RAC,ICE,FOCUS SEGMENT,Standard,1
2024,11,MG,39,Cantabria,Private,BEV,REST,Standard,3
2024,11,MG,39,Cantabria,Private,ICE,REST,Standard,19
2024,11,MG,39,Cantabria,Private,PHEV,REST,Standard,5
2024,11,MINI,39,Cantabria,Corporate,BEV,FOCUS SEGMENT,Standard,1
2024,11,MINI,39,Cantabria,Private,ICE,FOCUS SEGMENT,Standard,3
2024,11,MITSUBISHI,39,Cantabria,Private,ICE,REST,Standard,4
2024,11,MITSUBISHI,39,Cantabria,Private,PHEV,REST,Standard,1
2024,11,NISSAN,39,Cantabria,Corporate,BEV,REST,Standard,1
2024,11,NISSAN,39,Cantabria,Corporate,ICE,REST,Standard,14
2024,11,NISSAN,39,Cantabria,Private,ICE,REST,Standard,17
2024,11,OMODA,39,Cantabria,Private,BEV,REST,Standard,1
2024,11,OMODA,39,Cantabria,Private,ICE,REST,Standard,11
2024,11,OPEL,39,Cantabria,Corporate,BEV,REST,Standard,1
2024,11,OPEL,39,Cantabria,Corporate,ICE,REST,Standard,13
2024,11,OPEL,39,Cantabria,Private,BEV,REST,Standard,1
2024,11,OPEL,39,Cantabria,Private,ICE,REST,Standard,5
2024,11,PEUGEOT,39,Cantabria,Private,ICE,REST,Standard,9
2024,11,POLESTAR,39,Cantabria,Private,BEV,FOCUS SEGMENT,Standard,1
2024,11,PORSCHE,39,Cantabria,Private,BEV,FOCUS SEGMENT,Standard,1
2024,11,RENAULT,39,Cantabria,Corporate,ICE,REST,Standard,7
2024,11,RENAULT,39,Cantabria,Corporate,PHEV,REST,Standard,1
2024,11,RENAULT,39,Cantabria,Private,ICE,REST,Standard,28
2024,11,RENAULT,39,Cantabria,Private,PHEV,REST,Standard,1
2024,11,SEAT,39,Cantabria,Corporate,ICE,REST,Standard,8
2024,11,SEAT,39,Cantabria,Private,ICE,REST,Standard,56
2024,11,SEAT,39,Cantabria,Private,PHEV,REST,Standard,1
2024,11,SIN MARCA,39,Cantabria,Corporate,ICE,REST,Standard,1
2024,11,SIN MARCA,39,Cantabria,Private,PHEV,REST,Standard,1
2024,11,SKODA,39,Cantabria,Corporate,ICE,REST,Standard,7
2024,11,SKODA,39,Cantabria,Private,BEV,REST,Standard,1
2024,11,SKODA,39,Cantabria,Private,ICE,REST,Standard,14
2024,11,SKODA,39,Cantabria,Private,PHEV,REST,Standard,2
2024,11,SMART,39,Cantabria,Corporate,BEV,FOCUS SEGMENT,Standard,1
2024,11,SUBARU,39,Cantabria,Corporate,ICE,REST,Standard,1
2024,11,SUBARU,39,Cantabria,Private,ICE,REST,Standard,2
2024,11,SUZUKI,39,Cantabria,Private,ICE,REST,Standard,11
2024,11,TESLA,39,Cantabria,Private,BEV,FOCUS SEGMENT,Standard,10
2024,11,TOYOTA,39,Cantabria,Corporate,ICE,REST,Standard,10
2024,11,TOYOTA,39,Cantabria,Corporate,PHEV,REST,Standard,1
2024,11,TOYOTA,39,Cantabria,Private,ICE,REST,Standard,52
2024,11,TOYOTA,39,Cantabria,Private,PHEV,REST,Standard,1
2024,11,VOLKSWAGEN,39,Cantabria,Corporate,ICE,REST,Standard,4
2024,11,VOLKSWAGEN,39,Cantabria,Corporate,PHEV,REST,Standard,1
2024,11,VOLKSWAGEN,39,Cantabria,Private,ICE,REST,Standard,26
2024,11,VOLVO,39,Cantabria,Corporate,ICE,FOCUS SEGMENT,Standard,7
2024,11,VOLVO,39,Cantabria,Private,BEV,FOCUS SEGMENT,Standard,1
2024,11,VOLVO,39,Cantabria,Private,ICE,FOCUS SEGMENT,Standard,4
2024,11,XPENG,39,Cantabria,Corporate,BEV,FOCUS SEGMENT,Standard,1
2024,11,BMW,40,Segovia,Corporate,BEV,FOCUS SEGMENT,Standard,1
2024,11,BMW,40,Segovia,Corporate,ICE,FOCUS SEGMENT,Standard,1
2024,11,BMW,40,Segovia,Private,ICE,FOCUS SEGMENT,Standard,4
2024,11,CITROEN,40,Segovia,Private,ICE,REST,Standard,1
2024,11,CUPRA,40,Segovia,Corporate,ICE,REST,Standard,2
2024,11,DACIA,40,Segovia,Private,BEV,REST,Standard,1
2024,11,DACIA,40,Segovia,Private,ICE,REST,Standard,4
2024,11,FIAT,40,Segovia,Private,ICE,REST,Standard,1
2024,11,FORD,40,Segovia,Private,ICE,REST,Standard,1
2024,11,FORD,40,Segovia,Private,PHEV,REST,Standard,1
2024,11,HYUNDAI,40,Segovia,Corporate,ICE,REST,Standard,4
2024,11,HYUNDAI,40,Segovia,Private,ICE,REST,Standard,4
2024,11,HYUNDAI,40,Segovia,Private,PHEV,REST,Standard,1
2024,11,JAECOO,40,Segovia,Private,ICE,REST,Standard,1
2024,11,KIA,40,Segovia,Corporate,BEV,REST,Standard,1
2024,11,KIA,40,Segovia,Corporate,ICE,REST,Standard,1
2024,11,KIA,40,Segovia,Private,BEV,REST,Standard,1
2024,11,KIA,40,Segovia,Private,ICE,REST,Standard,5
2024,11,MAZDA,40,Segovia,Private,ICE,REST,Standard,3
2024,11,MERCEDES,40,Segovia,Corporate,ICE,FOCUS SEGMENT,Standard,1
2024,11,MERCEDES,40,Segovia,Private,ICE,FOCUS SEGMENT,Standard,1
2024,11,MG,40,Segovia,Private,ICE,REST,Standard,6
2024,11,MG,40,Segovia,Private,PHEV,REST,Standard,2
2024,11,NISSAN,40,Segovia,Corporate,ICE,REST,Standard,1
2024,11,NISSAN,40,Segovia,Private,ICE,REST,Standard,1
2024,11,OMODA,40,Segovia,Private,ICE,REST,Standard,1
2024,11,PEUGEOT,40,Segovia,Private,ICE,REST,Standard,6
2024,11,RENAULT,40,Segovia,Corporate,ICE,REST,Standard,6
2024,11,RENAULT,40,Segovia,Private,ICE,REST,Standard,6
2024,11,SEAT,40,Segovia,Corporate,ICE,REST,Standard,3
2024,11,SEAT,40,Segovia,Private,ICE,REST,Standard,13
2024,11,SIN MARCA,40,Segovia,Private,ICE,REST,Standard,1
2024,11,SKODA,40,Segovia,Corporate,ICE,REST,Standard,3
2024,11,SKODA,40,Segovia,Private,ICE,REST,Standard,3
2024,11,SUZUKI,40,Segovia,Private,ICE,REST,Standard,3
2024,11,TESLA,40,Segovia,Private,BEV,FOCUS SEGMENT,Standard,1
2024,11,TOYOTA,40,Segovia,Corporate,ICE,REST,Standard,7
2024,11,TOYOTA,40,Segovia,Private,ICE,REST,Standard,18
2024,11,TOYOTA,40,Segovia,Private,PHEV,REST,Standard,2
2024,11,VOLKSWAGEN,40,Segovia,Corporate,ICE,REST,Standard,4
2024,11,VOLKSWAGEN,40,Segovia,Private,ICE,REST,Standard,1
2024,11,VOLVO,40,Segovia,Private,ICE,FOCUS SEGMENT,Standard,2
2024,11,ALFA ROMEO,41,Sevilla,Corporate,ICE,REST,Standard,4
2024,11,ALFA ROMEO,41,Sevilla,Private,ICE,REST,Standard,1
2024,11,AUDI,41,Sevilla,Corporate,BEV,FOCUS SEGMENT,Standard,1
2024,11,AUDI,41,Sevilla,Corporate,ICE,FOCUS SEGMENT,M Performance,1
2024,11,AUDI,41,Sevilla,Corporate,ICE,FOCUS SEGMENT,Standard,11
2024,11,AUDI,41,Sevilla,Private,BEV,FOCUS SEGMENT,Standard,1
2024,11,AUDI,41,Sevilla,Private,ICE,FOCUS SEGMENT,M Performance,1
2024,11,AUDI,41,Sevilla,Private,ICE,FOCUS SEGMENT,Standard,19
2024,11,AUDI,41,Sevilla,Private,PHEV,FOCUS SEGMENT,Standard,2
2024,11,BMW,41,Sevilla,Corporate,ICE,FOCUS SEGMENT,Standard,17
2024,11,BMW,41,Sevilla,Corporate,PHEV,FOCUS SEGMENT,Standard,1
2024,11,BMW,41,Sevilla,Private,BEV,FOCUS SEGMENT,Standard,4
2024,11,BMW,41,Sevilla,Private,ICE,FOCUS SEGMENT,M,1
2024,11,BMW,41,Sevilla,Private,ICE,FOCUS SEGMENT,Standard,42
2024,11,BYD,41,Sevilla,Corporate,BEV,REST,Standard,2
2024,11,BYD,41,Sevilla,Corporate,PHEV,REST,Standard,1
2024,11,BYD,41,Sevilla,Private,BEV,REST,Standard,18
2024,11,BYD,41,Sevilla,Private,PHEV,REST,Standard,17
2024,11,CITROEN,41,Sevilla,Corporate,BEV,REST,Standard,1
2024,11,CITROEN,41,Sevilla,Corporate,ICE,REST,Standard,17
2024,11,CITROEN,41,Sevilla,Private,BEV,REST,Standard,3
2024,11,CITROEN,41,Sevilla,Private,ICE,REST,Standard,22
2024,11,CUPRA,41,Sevilla,Corporate,ICE,REST,Standard,7
2024,11,CUPRA,41,Sevilla,Private,ICE,REST,Standard,6
2024,11,CUPRA,41,Sevilla,Private,PHEV,REST,Standard,2
2024,11,DACIA,41,Sevilla,Corporate,ICE,REST,Standard,14
2024,11,DACIA,41,Sevilla,Private,BEV,REST,Standard,1
2024,11,DACIA,41,Sevilla,Private,ICE,REST,Standard,127
2024,11,EVO,41,Sevilla,Corporate,ICE,REST,Standard,1
2024,11,EVO,41,Sevilla,Private,ICE,REST,Standard,2
2024,11,FIAT,41,Sevilla,Corporate,ICE,REST,Standard,2
2024,11,FIAT,41,Sevilla,Private,ICE,REST,Standard,7
2024,11,FORD,41,Sevilla,Corporate,BEV,REST,Standard,3
2024,11,FORD,41,Sevilla,Corporate,ICE,REST,Standard,4
2024,11,FORD,41,Sevilla,Private,BEV,REST,Standard,1
2024,11,FORD,41,Sevilla,Private,ICE,REST,Standard,25
2024,11,FORD,41,Sevilla,Private,PHEV,REST,Standard,1
2024,11,HONDA,41,Sevilla,Private,ICE,REST,Standard,12
2024,11,HYUNDAI,41,Sevilla,Corporate,ICE,REST,Standard,42
2024,11,HYUNDAI,41,Sevilla,Corporate,PHEV,REST,Standard,1
2024,11,HYUNDAI,41,Sevilla,Private,BEV,REST,Standard,2
2024,11,HYUNDAI,41,Sevilla,Private,ICE,REST,Standard,79
2024,11,HYUNDAI,41,Sevilla,Private,PHEV,REST,Standard,1
2024,11,HYUNDAI,41,Sevilla,RAC,ICE,REST,Standard,10
2024,11,JAECOO,41,Sevilla,Corporate,ICE,REST,Standard,4
2024,11,JAECOO,41,Sevilla,Private,ICE,REST,Standard,11
2024,11,JAGUAR,41,Sevilla,RAC,ICE,FOCUS SEGMENT,Standard,3
2024,11,JEEP,41,Sevilla,Corporate,BEV,REST,Standard,1
2024,11,JEEP,41,Sevilla,Corporate,ICE,REST,Standard,7
2024,11,JEEP,41,Sevilla,Private,ICE,REST,Standard,4
2024,11,JEEP,41,Sevilla,Private,PHEV,REST,Standard,1
2024,11,KG MOBILITY,41,Sevilla,Private,ICE,REST,Standard,3
2024,11,KIA,41,Sevilla,Corporate,BEV,REST,Standard,2
2024,11,KIA,41,Sevilla,Corporate,ICE,REST,Standard,21
2024,11,KIA,41,Sevilla,Corporate,PHEV,REST,Standard,3
2024,11,KIA,41,Sevilla,Private,BEV,REST,Standard,1
2024,11,KIA,41,Sevilla,Private,ICE,REST,Standard,97
2024,11,LANCIA,41,Sevilla,Corporate,ICE,REST,Standard,1
2024,11,LAND ROVER,41,Sevilla,Corporate,ICE,FOCUS SEGMENT,Standard,1
2024,11,LAND ROVER,41,Sevilla,Corporate,PHEV,FOCUS SEGMENT,Standard,2
2024,11,LAND ROVER,41,Sevilla,Private,ICE,FOCUS SEGMENT,Standard,1
2024,11,LEXUS,41,Sevilla,Corporate,ICE,FOCUS SEGMENT,Standard,5
2024,11,LEXUS,41,Sevilla,Corporate,PHEV,FOCUS SEGMENT,Standard,2
2024,11,LEXUS,41,Sevilla,Private,ICE,FOCUS SEGMENT,Standard,6
2024,11,LEXUS,41,Sevilla,Private,PHEV,FOCUS SEGMENT,Standard,1
2024,11,MAZDA,41,Sevilla,Corporate,ICE,REST,Standard,10
2024,11,MAZDA,41,Sevilla,Corporate,PHEV,REST,Standard,3
2024,11,MAZDA,41,Sevilla,Private,ICE,REST,Standard,26
2024,11,MERCEDES,41,Sevilla,Corporate,BEV,FOCUS SEGMENT,Standard,1
2024,11,MERCEDES,41,Sevilla,Corporate,ICE,FOCUS SEGMENT,M,1
2024,11,MERCEDES,41,Sevilla,Corporate,ICE,FOCUS SEGMENT,M Performance,1
2024,11,MERCEDES,41,Sevilla,Corporate,ICE,FOCUS SEGMENT,Standard,17
2024,11,MERCEDES,41,Sevilla,Corporate,ICE,REST,Standard,2
2024,11,MERCEDES,41,Sevilla,Corporate,PHEV,FOCUS SEGMENT,M Performance,1
2024,11,MERCEDES,41,Sevilla,Corporate,PHEV,FOCUS SEGMENT,Standard,3
2024,11,MERCEDES,41,Sevilla,Private,ICE,FOCUS SEGMENT,Standard,30
2024,11,MERCEDES,41,Sevilla,Private,PHEV,FOCUS SEGMENT,Standard,3
2024,11,MERCEDES,41,Sevilla,RAC,ICE,REST,Standard,1
2024,11,MERCEDES-V,41,Sevilla,Private,ICE,REST,Standard,1
2024,11,MG,41,Sevilla,Corporate,ICE,REST,Standard,6
2024,11,MG,41,Sevilla,Private,BEV,REST,Standard,4
2024,11,MG,41,Sevilla,Private,ICE,REST,Standard,116
2024,11,MG,41,Sevilla,Private,PHEV,REST,Standard,6
2024,11,MINI,41,Sevilla,Corporate,BEV,FOCUS SEGMENT,Standard,3
2024,11,MINI,41,Sevilla,Corporate,ICE,FOCUS SEGMENT,Standard,24
2024,11,MINI,41,Sevilla,Private,BEV,FOCUS SEGMENT,Standard,5
2024,11,MINI,41,Sevilla,Private,ICE,FOCUS SEGMENT,Standard,6
2024,11,MITSUBISHI,41,Sevilla,Corporate,ICE,REST,Standard,2
2024,11,MITSUBISHI,41,Sevilla,Private,ICE,REST,Standard,5
2024,11,MITSUBISHI,41,Sevilla,Private,PHEV,REST,Standard,1
2024,11,NISSAN,41,Sevilla,Corporate,ICE,REST,Standard,4
2024,11,NISSAN,41,Sevilla,Private,ICE,REST,Standard,49
2024,11,OMODA,41,Sevilla,Corporate,ICE,REST,Standard,3
2024,11,OMODA,41,Sevilla,Private,BEV,REST,Standard,2
2024,11,OMODA,41,Sevilla,Private,ICE,REST,Standard,25
2024,11,OPEL,41,Sevilla,Corporate,ICE,REST,Standard,34
2024,11,OPEL,41,Sevilla,Private,ICE,REST,Standard,10
2024,11,PEUGEOT,41,Sevilla,Corporate,BEV,REST,Standard,1
2024,11,PEUGEOT,41,Sevilla,Corporate,ICE,REST,Standard,6
2024,11,PEUGEOT,41,Sevilla,Corporate,PHEV,REST,Standard,2
2024,11,PEUGEOT,41,Sevilla,Private,BEV,REST,Standard,3
2024,11,PEUGEOT,41,Sevilla,Private,ICE,REST,Standard,74
2024,11,PEUGEOT,41,Sevilla,Private,PHEV,REST,Standard,3
2024,11,PEUGEOT,41,Sevilla,RAC,ICE,REST,Standard,2
2024,11,POLESTAR,41,Sevilla,Corporate,BEV,FOCUS SEGMENT,Standard,1
2024,11,PORSCHE,41,Sevilla,Corporate,BEV,FOCUS SEGMENT,Standard,1
2024,11,PORSCHE,41,Sevilla,Corporate,ICE,FOCUS SEGMENT,Standard,1
2024,11,PORSCHE,41,Sevilla,Corporate,PHEV,FOCUS SEGMENT,M,1
2024,11,PORSCHE,41,Sevilla,Corporate,PHEV,FOCUS SEGMENT,Standard,1
2024,11,PORSCHE,41,Sevilla,Private,ICE,FOCUS SEGMENT,M Performance,1
2024,11,RENAULT,41,Sevilla,Corporate,ICE,REST,Standard,60
2024,11,RENAULT,41,Sevilla,Corporate,PHEV,REST,Standard,1
2024,11,RENAULT,41,Sevilla,Private,BEV,REST,Standard,1
2024,11,RENAULT,41,Sevilla,Private,ICE,REST,Standard,75
2024,11,RENAULT,41,Sevilla,Private,PHEV,REST,Standard,2
2024,11,SEAT,41,Sevilla,Corporate,ICE,REST,Standard,30
2024,11,SEAT,41,Sevilla,Private,ICE,REST,Standard,100
2024,11,SHINERAY,41,Sevilla,Corporate,ICE,REST,Standard,1
2024,11,SHINERAY,41,Sevilla,Private,ICE,REST,Standard,10
2024,11,SIN MARCA,41,Sevilla,Corporate,ICE,REST,Standard,1
2024,11,SIN MARCA,41,Sevilla,Private,ICE,REST,Standard,2
2024,11,SIN MARCA,41,Sevilla,Private,PHEV,REST,Standard,1
2024,11,SKODA,41,Sevilla,Corporate,ICE,REST,Standard,6
2024,11,SKODA,41,Sevilla,Private,ICE,REST,Standard,88
2024,11,SMART,41,Sevilla,Corporate,BEV,FOCUS SEGMENT,Standard,1
2024,11,SUBARU,41,Sevilla,Corporate,ICE,REST,Standard,2
2024,11,SUZUKI,41,Sevilla,Private,ICE,REST,Standard,8
2024,11,TESLA,41,Sevilla,Corporate,BEV,FOCUS SEGMENT,Standard,1
2024,11,TESLA,41,Sevilla,Private,BEV,FOCUS SEGMENT,Standard,42
2024,11,TOYOTA,41,Sevilla,Corporate,BEV,REST,Standard,1
2024,11,TOYOTA,41,Sevilla,Corporate,ICE,REST,Standard,32
2024,11,TOYOTA,41,Sevilla,Corporate,PHEV,REST,Standard,3
2024,11,TOYOTA,41,Sevilla,Private,ICE,REST,Standard,180
2024,11,TOYOTA,41,Sevilla,Private,PHEV,REST,Standard,2
2024,11,VOLKSWAGEN,41,Sevilla,Corporate,ICE,REST,Standard,48
2024,11,VOLKSWAGEN,41,Sevilla,Corporate,PHEV,REST,Standard,1
2024,11,VOLKSWAGEN,41,Sevilla,Private,ICE,REST,Standard,102
2024,11,VOLKSWAGEN,41,Sevilla,Private,PHEV,REST,Standard,2
2024,11,VOLVO,41,Sevilla,Corporate,BEV,FOCUS SEGMENT,Standard,2
2024,11,VOLVO,41,Sevilla,Corporate,ICE,FOCUS SEGMENT,Standard,13
2024,11,VOLVO,41,Sevilla,Corporate,PHEV,FOCUS SEGMENT,Standard,2
2024,11,VOLVO,41,Sevilla,Private,ICE,FOCUS SEGMENT,Standard,13
2024,11,VOLVO,41,Sevilla,Private,PHEV,FOCUS SEGMENT,Standard,1
2024,11,AUDI,42,Soria,Corporate,ICE,FOCUS SEGMENT,M Performance,1
2024,11,BMW,42,Soria,Private,ICE,FOCUS SEGMENT,Standard,1
2024,11,CITROEN,42,Soria,Private,ICE,REST,Standard,1
2024,11,CUPRA,42,Soria,Private,ICE,REST,Standard,1
2024,11,DACIA,42,Soria,Corporate,ICE,REST,Standard,2
2024,11,DACIA,42,Soria,Private,ICE,REST,Standard,6
2024,11,FORD,42,Soria,Corporate,PHEV,REST,Standard,1
2024,11,FORD,42,Soria,Private,ICE,REST,Standard,1
2024,11,HONDA,42,Soria,Private,ICE,REST,Standard,1
2024,11,HYUNDAI,42,Soria,Corporate,ICE,REST,Standard,1
2024,11,HYUNDAI,42,Soria,Private,ICE,REST,Standard,1
2024,11,KIA,42,Soria,Corporate,ICE,REST,Standard,1
2024,11,KIA,42,Soria,Private,ICE,REST,Standard,6
2024,11,LEXUS,42,Soria,Private,ICE,FOCUS SEGMENT,Standard,4
2024,11,MAZDA,42,Soria,Corporate,ICE,REST,Standard,1
2024,11,MAZDA,42,Soria,Private,ICE,REST,Standard,1
2024,11,MERCEDES,42,Soria,Corporate,ICE,FOCUS SEGMENT,Standard,4
2024,11,MERCEDES,42,Soria,Corporate,ICE,REST,Standard,1
2024,11,MERCEDES,42,Soria,Private,ICE,FOCUS SEGMENT,M Performance,1
2024,11,MERCEDES,42,Soria,Private,ICE,FOCUS SEGMENT,Standard,1
2024,11,MERCEDES,42,Soria,Private,PHEV,FOCUS SEGMENT,Standard,1
2024,11,MG,42,Soria,Private,ICE,REST,Standard,1
2024,11,MITSUBISHI,42,Soria,Corporate,ICE,REST,Standard,1
2024,11,NISSAN,42,Soria,Corporate,ICE,REST,Standard,1
2024,11,NISSAN,42,Soria,Private,ICE,REST,Standard,3
2024,11,OMODA,42,Soria,Private,ICE,REST,Standard,1
2024,11,PEUGEOT,42,Soria,Private,ICE,REST,Standard,2
2024,11,PEUGEOT,42,Soria,RAC,ICE,REST,Standard,1
2024,11,RENAULT,42,Soria,Corporate,ICE,REST,Standard,3
2024,11,RENAULT,42,Soria,Private,ICE,REST,Standard,5
2024,11,SEAT,42,Soria,Corporate,ICE,REST,Standard,2
2024,11,SEAT,42,Soria,Private,ICE,REST,Standard,2
2024,11,SKODA,42,Soria,Private,ICE,REST,Standard,1
2024,11,SUZUKI,42,Soria,Private,ICE,REST,Standard,1
2024,11,TOYOTA,42,Soria,Corporate,ICE,REST,Standard,3
2024,11,TOYOTA,42,Soria,Private,ICE,REST,Standard,3
2024,11,TOYOTA,42,Soria,Private,PHEV,REST,Standard,1
2024,11,VOLKSWAGEN,42,Soria,Corporate,ICE,REST,Standard,2
2024,11,VOLKSWAGEN,42,Soria,Private,ICE,REST,Standard,4
2024,11,VOLVO,42,Soria,Private,ICE,FOCUS SEGMENT,Standard,1
2024,11,AUDI,43,Tarragona,Corporate,ICE,FOCUS SEGMENT,Standard,6
2024,11,AUDI,43,Tarragona,Corporate,PHEV,FOCUS SEGMENT,Standard,2
2024,11,AUDI,43,Tarragona,Private,ICE,FOCUS SEGMENT,Standard,5
2024,11,BMW,43,Tarragona,Corporate,BEV,FOCUS SEGMENT,Standard,2
2024,11,BMW,43,Tarragona,Corporate,ICE,FOCUS SEGMENT,M,1
2024,11,BMW,43,Tarragona,Corporate,ICE,FOCUS SEGMENT,Standard,5
2024,11,BMW,43,Tarragona,Corporate,PHEV,FOCUS SEGMENT,M,2
2024,11,BMW,43,Tarragona,Private,BEV,FOCUS SEGMENT,M Performance,1
2024,11,BMW,43,Tarragona,Private,BEV,FOCUS SEGMENT,Standard,5
2024,11,BMW,43,Tarragona,Private,ICE,FOCUS SEGMENT,M Performance,1
2024,11,BMW,43,Tarragona,Private,ICE,FOCUS SEGMENT,Standard,11
2024,11,BMW,43,Tarragona,Private,PHEV,FOCUS SEGMENT,Standard,1
2024,11,BYD,43,Tarragona,Corporate,BEV,REST,Standard,1
2024,11,BYD,43,Tarragona,Corporate,PHEV,REST,Standard,1
2024,11,BYD,43,Tarragona,Private,BEV,REST,Standard,7
2024,11,BYD,43,Tarragona,Private,PHEV,REST,Standard,10
2024,11,CITROEN,43,Tarragona,Corporate,ICE,REST,Standard,12
2024,11,CITROEN,43,Tarragona,Private,BEV,REST,Standard,3
2024,11,CITROEN,43,Tarragona,Private,ICE,REST,Standard,19
2024,11,CUPRA,43,Tarragona,Corporate,ICE,REST,Standard,1
2024,11,CUPRA,43,Tarragona,Corporate,PHEV,REST,Standard,1
2024,11,CUPRA,43,Tarragona,Private,BEV,REST,Standard,2
2024,11,CUPRA,43,Tarragona,Private,ICE,REST,Standard,11
2024,11,CUPRA,43,Tarragona,Private,PHEV,REST,Standard,4
2024,11,DACIA,43,Tarragona,Corporate,ICE,REST,Standard,11
2024,11,DACIA,43,Tarragona,Private,BEV,REST,Standard,3
2024,11,DACIA,43,Tarragona,Private,ICE,REST,Standard,108
2024,11,FORD,43,Tarragona,Corporate,BEV,REST,Standard,1
2024,11,FORD,43,Tarragona,Corporate,ICE,REST,Standard,1
2024,11,FORD,43,Tarragona,Private,ICE,REST,Standard,26
2024,11,HONDA,43,Tarragona,Private,ICE,REST,Standard,6
2024,11,HYUNDAI,43,Tarragona,Corporate,ICE,REST,Standard,14
2024,11,HYUNDAI,43,Tarragona,Private,BEV,REST,Standard,1
2024,11,HYUNDAI,43,Tarragona,Private,ICE,REST,Standard,55
2024,11,HYUNDAI,43,Tarragona,Private,PHEV,REST,Standard,5
2024,11,JAECOO,43,Tarragona,Private,ICE,REST,Standard,7
2024,11,JAECOO,43,Tarragona,RAC,ICE,REST,Standard,1
2024,11,JEEP,43,Tarragona,Corporate,PHEV,REST,Standard,1
2024,11,JEEP,43,Tarragona,Private,ICE,REST,Standard,6
2024,11,JEEP,43,Tarragona,Private,PHEV,REST,Standard,1
2024,11,KG MOBILITY,43,Tarragona,Private,ICE,REST,Standard,1
2024,11,KIA,43,Tarragona,Corporate,BEV,REST,Standard,2
2024,11,KIA,43,Tarragona,Corporate,ICE,REST,Standard,8
2024,11,KIA,43,Tarragona,Corporate,PHEV,REST,Standard,1
2024,11,KIA,43,Tarragona,Private,BEV,REST,Standard,6
2024,11,KIA,43,Tarragona,Private,ICE,REST,Standard,59
2024,11,KIA,43,Tarragona,Private,PHEV,REST,Standard,6
2024,11,LAND ROVER,43,Tarragona,Corporate,PHEV,FOCUS SEGMENT,Standard,1
2024,11,LAND ROVER,43,Tarragona,Private,PHEV,FOCUS SEGMENT,Standard,1
2024,11,LEXUS,43,Tarragona,Corporate,ICE,FOCUS SEGMENT,Standard,3
2024,11,LEXUS,43,Tarragona,Private,ICE,FOCUS SEGMENT,Standard,12
2024,11,MAZDA,43,Tarragona,Corporate,ICE,REST,Standard,2
2024,11,MAZDA,43,Tarragona,Private,ICE,REST,Standard,16
2024,11,MERCEDES,43,Tarragona,Corporate,BEV,FOCUS SEGMENT,Standard,2
2024,11,MERCEDES,43,Tarragona,Corporate,ICE,FOCUS SEGMENT,Standard,6
2024,11,MERCEDES,43,Tarragona,Corporate,ICE,REST,Standard,4
2024,11,MERCEDES,43,Tarragona,Corporate,PHEV,FOCUS SEGMENT,Standard,4
2024,11,MERCEDES,43,Tarragona,Private,BEV,FOCUS SEGMENT,Standard,4
2024,11,MERCEDES,43,Tarragona,Private,ICE,FOCUS SEGMENT,Standard,8
2024,11,MERCEDES,43,Tarragona,Private,PHEV,FOCUS SEGMENT,Standard,4
2024,11,MG,43,Tarragona,Corporate,BEV,REST,Standard,1
2024,11,MG,43,Tarragona,Corporate,ICE,REST,Standard,5
2024,11,MG,43,Tarragona,Corporate,PHEV,REST,Standard,1
2024,11,MG,43,Tarragona,Private,BEV,REST,Standard,5
2024,11,MG,43,Tarragona,Private,ICE,REST,Standard,36
2024,11,MG,43,Tarragona,Private,PHEV,REST,Standard,10
2024,11,MINI,43,Tarragona,Corporate,BEV,FOCUS SEGMENT,Standard,1
2024,11,MINI,43,Tarragona,Private,BEV,FOCUS SEGMENT,Standard,2
2024,11,MINI,43,Tarragona,Private,ICE,FOCUS SEGMENT,Standard,2
2024,11,NISSAN,43,Tarragona,Corporate,ICE,REST,Standard,9
2024,11,NISSAN,43,Tarragona,Private,ICE,REST,Standard,22
2024,11,OMODA,43,Tarragona,Corporate,BEV,REST,Standard,1
2024,11,OMODA,43,Tarragona,Corporate,ICE,REST,Standard,1
2024,11,OMODA,43,Tarragona,Private,BEV,REST,Standard,2
2024,11,OMODA,43,Tarragona,Private,ICE,REST,Standard,14
2024,11,OMODA,43,Tarragona,RAC,ICE,REST,Standard,4
2024,11,OPEL,43,Tarragona,Corporate,ICE,REST,Standard,3
2024,11,OPEL,43,Tarragona,Private,BEV,REST,Standard,3
2024,11,OPEL,43,Tarragona,Private,ICE,REST,Standard,3
2024,11,PEUGEOT,43,Tarragona,Corporate,BEV,REST,Standard,1
2024,11,PEUGEOT,43,Tarragona,Corporate,ICE,REST,Standard,5
2024,11,PEUGEOT,43,Tarragona,Private,BEV,REST,Standard,1
2024,11,PEUGEOT,43,Tarragona,Private,ICE,REST,Standard,14
2024,11,PEUGEOT,43,Tarragona,Private,PHEV,REST,Standard,4
2024,11,PORSCHE,43,Tarragona,Corporate,BEV,FOCUS SEGMENT,M Performance,1
2024,11,PORSCHE,43,Tarragona,Private,BEV,FOCUS SEGMENT,Standard,1
2024,11,RENAULT,43,Tarragona,Corporate,ICE,REST,Standard,4
2024,11,RENAULT,43,Tarragona,Private,BEV,REST,Standard,2
2024,11,RENAULT,43,Tarragona,Private,ICE,REST,Standard,56
2024,11,SEAT,43,Tarragona,Corporate,ICE,REST,Standard,10
2024,11,SEAT,43,Tarragona,Corporate,PHEV,REST,Standard,1
2024,11,SEAT,43,Tarragona,Private,ICE,REST,Standard,56
2024,11,SHINERAY,43,Tarragona,Private,ICE,REST,Standard,1
2024,11,SIN MARCA,43,Tarragona,Private,ICE,REST,Standard,1
2024,11,SKODA,43,Tarragona,Corporate,ICE,REST,Standard,11
2024,11,SKODA,43,Tarragona,Private,ICE,REST,Standard,42
2024,11,SKODA,43,Tarragona,Private,PHEV,REST,Standard,1
2024,11,SUZUKI,43,Tarragona,Corporate,ICE,REST,Standard,1
2024,11,SUZUKI,43,Tarragona,Private,ICE,REST,Standard,13
2024,11,TESLA,43,Tarragona,Corporate,BEV,FOCUS SEGMENT,Standard,4
2024,11,TESLA,43,Tarragona,Private,BEV,FOCUS SEGMENT,Standard,35
2024,11,TOYOTA,43,Tarragona,Corporate,ICE,REST,Standard,16
2024,11,TOYOTA,43,Tarragona,Private,ICE,REST,Standard,94
2024,11,TOYOTA,43,Tarragona,Private,PHEV,REST,Standard,5
2024,11,VOLKSWAGEN,43,Tarragona,Corporate,ICE,REST,Standard,2
2024,11,VOLKSWAGEN,43,Tarragona,Private,ICE,REST,Standard,34
2024,11,VOLKSWAGEN,43,Tarragona,Private,PHEV,REST,Standard,3
2024,11,VOLVO,43,Tarragona,Corporate,ICE,FOCUS SEGMENT,Standard,1
2024,11,VOLVO,43,Tarragona,Private,ICE,FOCUS SEGMENT,Standard,6
2024,11,VOLVO,43,Tarragona,Private,PHEV,FOCUS SEGMENT,Standard,1
2024,11,AUDI,44,Teruel,Corporate,ICE,FOCUS SEGMENT,Standard,1
2024,11,BMW,44,Teruel,Corporate,ICE,FOCUS SEGMENT,Standard,3
2024,11,BMW,44,Teruel,Private,ICE,FOCUS SEGMENT,Standard,4
2024,11,CITROEN,44,Teruel,Corporate,ICE,REST,Standard,2
2024,11,CITROEN,44,Teruel,Private,BEV,REST,Standard,1
2024,11,CITROEN,44,Teruel,Private,ICE,REST,Standard,2
2024,11,CUPRA,44,Teruel,Corporate,ICE,REST,Standard,1
2024,11,CUPRA,44,Teruel,Private,ICE,REST,Standard,1
2024,11,DACIA,44,Teruel,Corporate,ICE,REST,Standard,2
2024,11,DACIA,44,Teruel,Private,BEV,REST,Standard,2
2024,11,DACIA,44,Teruel,Private,ICE,REST,Standard,12
2024,11,HYUNDAI,44,Teruel,Corporate,ICE,REST,Standard,4
2024,11,HYUNDAI,44,Teruel,Private,ICE,REST,Standard,2
2024,11,JEEP,44,Teruel,Private,ICE,REST,Standard,1
2024,11,KG MOBILITY,44,Teruel,Private,ICE,REST,Standard,1
2024,11,KIA,44,Teruel,Corporate,ICE,REST,Standard,1
2024,11,KIA,44,Teruel,Private,ICE,REST,Standard,5
2024,11,LEXUS,44,Teruel,Private,ICE,FOCUS SEGMENT,Standard,1
2024,11,MAZDA,44,Teruel,Private,ICE,REST,Standard,2
2024,11,MERCEDES,44,Teruel,Private,ICE,FOCUS SEGMENT,Standard,2
2024,11,MG,44,Teruel,Private,ICE,REST,Standard,2
2024,11,NISSAN,44,Teruel,Private,ICE,REST,Standard,5
2024,11,PEUGEOT,44,Teruel,Corporate,ICE,REST,Standard,4
2024,11,PEUGEOT,44,Teruel,Private,ICE,REST,Standard,5
2024,11,RENAULT,44,Teruel,Corporate,ICE,REST,Standard,3
2024,11,RENAULT,44,Teruel,Corporate,PHEV,REST,Standard,1
2024,11,RENAULT,44,Teruel,Private,ICE,REST,Standard,9
2024,11,SEAT,44,Teruel,Corporate,ICE,REST,Standard,2
2024,11,SEAT,44,Teruel,Private,ICE,REST,Standard,9
2024,11,SKODA,44,Teruel,Private,ICE,REST,Standard,4
2024,11,SSANGYONG,44,Teruel,Private,ICE,REST,Standard,1
2024,11,SUZUKI,44,Teruel,Private,ICE,REST,Standard,2
2024,11,TESLA,44,Teruel,Corporate,BEV,FOCUS SEGMENT,Standard,1
2024,11,TESLA,44,Teruel,Private,BEV,FOCUS SEGMENT,Standard,3
2024,11,TOYOTA,44,Teruel,Corporate,ICE,REST,Standard,6
2024,11,TOYOTA,44,Teruel,Corporate,PHEV,REST,Standard,1
2024,11,TOYOTA,44,Teruel,Private,ICE,REST,Standard,8
2024,11,TOYOTA,44,Teruel,Private,PHEV,REST,Standard,1
2024,11,VOLKSWAGEN,44,Teruel,Private,ICE,REST,Standard,7
2024,11,AUDI,45,Toledo,Corporate,ICE,FOCUS SEGMENT,Standard,5
2024,11,AUDI,45,Toledo,Corporate,PHEV,FOCUS SEGMENT,Standard,1
2024,11,AUDI,45,Toledo,Private,ICE,FOCUS SEGMENT,Standard,7
2024,11,BMW,45,Toledo,Corporate,BEV,FOCUS SEGMENT,Standard,1
2024,11,BMW,45,Toledo,Corporate,ICE,FOCUS SEGMENT,Standard,7
2024,11,BMW,45,Toledo,Corporate,PHEV,FOCUS SEGMENT,Standard,2
2024,11,BMW,45,Toledo,Private,ICE,FOCUS SEGMENT,Standard,16
2024,11,BMW,45,Toledo,Private,PHEV,FOCUS SEGMENT,Standard,4
2024,11,BYD,45,Toledo,Corporate,BEV,REST,Standard,2
2024,11,BYD,45,Toledo,Corporate,PHEV,REST,Standard,2
2024,11,BYD,45,Toledo,Private,BEV,REST,Standard,7
2024,11,BYD,45,Toledo,Private,PHEV,REST,Standard,4
2024,11,CITROEN,45,Toledo,Corporate,BEV,REST,Standard,7
2024,11,CITROEN,45,Toledo,Corporate,ICE,REST,Standard,28
2024,11,CITROEN,45,Toledo,Corporate,PHEV,REST,Standard,3
2024,11,CITROEN,45,Toledo,Private,ICE,REST,Standard,4
2024,11,CUPRA,45,Toledo,Corporate,BEV,REST,Standard,1
2024,11,CUPRA,45,Toledo,Corporate,ICE,REST,Standard,2
2024,11,CUPRA,45,Toledo,Private,BEV,REST,Standard,1
2024,11,CUPRA,45,Toledo,Private,ICE,REST,Standard,4
2024,11,DACIA,45,Toledo,Corporate,ICE,REST,Standard,1
2024,11,DACIA,45,Toledo,Private,BEV,REST,Standard,2
2024,11,DACIA,45,Toledo,Private,ICE,REST,Standard,50
2024,11,DACIA,45,Toledo,RAC,ICE,REST,Standard,1
2024,11,FIAT,45,Toledo,Private,ICE,REST,Standard,2
2024,11,FORD,45,Toledo,Corporate,ICE,REST,Standard,1
2024,11,FORD,45,Toledo,Private,ICE,REST,Standard,9
2024,11,HYUNDAI,45,Toledo,Corporate,ICE,REST,Standard,12
2024,11,HYUNDAI,45,Toledo,Corporate,PHEV,REST,Standard,1
2024,11,HYUNDAI,45,Toledo,Private,ICE,REST,Standard,41
2024,11,HYUNDAI,45,Toledo,Private,PHEV,REST,Standard,3
2024,11,JAECOO,45,Toledo,Corporate,ICE,REST,Standard,1
2024,11,JAECOO,45,Toledo,Private,ICE,REST,Standard,4
2024,11,JEEP,45,Toledo,Corporate,BEV,REST,Standard,1
2024,11,JEEP,45,Toledo,Corporate,ICE,REST,Standard,10
2024,11,JEEP,45,Toledo,Corporate,PHEV,REST,Standard,1
2024,11,KG MOBILITY,45,Toledo,Private,ICE,REST,Standard,2
2024,11,KIA,45,Toledo,Corporate,BEV,REST,Standard,1
2024,11,KIA,45,Toledo,Corporate,ICE,REST,Standard,3
2024,11,KIA,45,Toledo,Private,BEV,REST,Standard,2
2024,11,KIA,45,Toledo,Private,ICE,,Standard,1
2024,11,KIA,45,Toledo,Private,ICE,REST,Standard,39
2024,11,KIA,45,Toledo,Private,PHEV,REST,Standard,2
2024,11,LAND ROVER,45,Toledo,Corporate,PHEV,FOCUS SEGMENT,Standard,1
2024,11,LEAPMOTOR,45,Toledo,Corporate,BEV,REST,Standard,6
2024,11,LEXUS,45,Toledo,Private,ICE,FOCUS SEGMENT,Standard,2
2024,11,MAZDA,45,Toledo,Corporate,ICE,REST,Standard,6
2024,11,MAZDA,45,Toledo,Corporate,PHEV,REST,Standard,1
2024,11,MAZDA,45,Toledo,Private,ICE,REST,Standard,13
2024,11,MAZDA,45,Toledo,Private,PHEV,REST,Standard,1
2024,11,MERCEDES,45,Toledo,Corporate,ICE,FOCUS SEGMENT,M Performance,1
2024,11,MERCEDES,45,Toledo,Corporate,ICE,FOCUS SEGMENT,Standard,9
2024,11,MERCEDES,45,Toledo,Corporate,PHEV,FOCUS SEGMENT,Standard,3
2024,11,MERCEDES,45,Toledo,Private,ICE,FOCUS SEGMENT,M Performance,1
2024,11,MERCEDES,45,Toledo,Private,ICE,FOCUS SEGMENT,Standard,9
2024,11,MERCEDES,45,Toledo,Private,ICE,REST,Standard,1
2024,11,MERCEDES,45,Toledo,Private,PHEV,FOCUS SEGMENT,M Performance,1
2024,11,MERCEDES,45,Toledo,Private,PHEV,FOCUS SEGMENT,Standard,2
2024,11,MG,45,Toledo,Corporate,BEV,REST,Standard,2
2024,11,MG,45,Toledo,Corporate,ICE,REST,Standard,6
2024,11,MG,45,Toledo,Private,BEV,REST,Standard,12
2024,11,MG,45,Toledo,Private,ICE,REST,Standard,18
2024,11,MG,45,Toledo,Private,PHEV,REST,Standard,7
2024,11,MINI,45,Toledo,Private,BEV,FOCUS SEGMENT,Standard,1
2024,11,MINI,45,Toledo,Private,ICE,FOCUS SEGMENT,Standard,2
2024,11,MITSUBISHI,45,Toledo,Corporate,ICE,REST,Standard,3
2024,11,MITSUBISHI,45,Toledo,Corporate,PHEV,REST,Standard,1
2024,11,NISSAN,45,Toledo,Corporate,ICE,REST,Standard,27
2024,11,NISSAN,45,Toledo,Private,ICE,REST,Standard,8
2024,11,OMODA,45,Toledo,Corporate,ICE,REST,Standard,5
2024,11,OMODA,45,Toledo,Private,BEV,REST,Standard,3
2024,11,OMODA,45,Toledo,Private,ICE,REST,Standard,13
2024,11,OPEL,45,Toledo,Corporate,BEV,REST,Standard,4
2024,11,OPEL,45,Toledo,Corporate,ICE,REST,Standard,19
2024,11,OPEL,45,Toledo,Corporate,PHEV,REST,Standard,2
2024,11,OPEL,45,Toledo,Private,ICE,REST,Standard,6
2024,11,OPEL,45,Toledo,Private,PHEV,REST,Standard,1
2024,11,PEUGEOT,45,Toledo,Corporate,BEV,REST,Standard,1
2024,11,PEUGEOT,45,Toledo,Corporate,ICE,REST,Standard,55
2024,11,PEUGEOT,45,Toledo,Corporate,PHEV,REST,Standard,1
2024,11,PEUGEOT,45,Toledo,Private,BEV,REST,Standard,1
2024,11,PEUGEOT,45,Toledo,Private,ICE,REST,Standard,12
2024,11,PEUGEOT,45,Toledo,Private,PHEV,REST,Standard,1
2024,11,PEUGEOT,45,Toledo,RAC,ICE,REST,Standard,3
2024,11,PORSCHE,45,Toledo,Corporate,PHEV,FOCUS SEGMENT,Standard,1
2024,11,RENAULT,45,Toledo,Corporate,BEV,REST,Standard,1
2024,11,RENAULT,45,Toledo,Corporate,ICE,REST,Standard,104
2024,11,RENAULT,45,Toledo,Corporate,PHEV,REST,Standard,2
2024,11,RENAULT,45,Toledo,Private,BEV,REST,Standard,1
2024,11,RENAULT,45,Toledo,Private,ICE,REST,Standard,21
2024,11,RENAULT,45,Toledo,Private,PHEV,REST,Standard,1
2024,11,SEAT,45,Toledo,Corporate,ICE,REST,Standard,9
2024,11,SEAT,45,Toledo,Private,ICE,REST,Standard,23
2024,11,SHINERAY,45,Toledo,Private,ICE,REST,Standard,5
2024,11,SIN MARCA,45,Toledo,Corporate,ICE,REST,Standard,1
2024,11,SIN MARCA,45,Toledo,Corporate,PHEV,REST,Standard,1
2024,11,SKODA,45,Toledo,Private,ICE,REST,Standard,8
2024,11,SKODA,45,Toledo,Private,PHEV,REST,Standard,2
2024,11,SSANGYONG,45,Toledo,Private,ICE,REST,Standard,2
2024,11,SUBARU,45,Toledo,Corporate,ICE,REST,Standard,9
2024,11,SUBARU,45,Toledo,Private,ICE,REST,Standard,2
2024,11,SUZUKI,45,Toledo,Corporate,ICE,REST,Standard,1
2024,11,SUZUKI,45,Toledo,Private,ICE,REST,Standard,6
2024,11,TESLA,45,Toledo,Private,BEV,FOCUS SEGMENT,Standard,40
2024,11,TOYOTA,45,Toledo,Corporate,BEV,REST,Standard,1
2024,11,TOYOTA,45,Toledo,Corporate,ICE,REST,Standard,16
2024,11,TOYOTA,45,Toledo,Private,ICE,REST,Standard,58
2024,11,TOYOTA,45,Toledo,Private,PHEV,REST,Standard,3
2024,11,TOYOTA,45,Toledo,RAC,ICE,REST,Standard,1
2024,11,VOLKSWAGEN,45,Toledo,Corporate,ICE,REST,Standard,1
2024,11,VOLKSWAGEN,45,Toledo,Private,ICE,REST,Standard,22
2024,11,VOLVO,45,Toledo,Corporate,ICE,FOCUS SEGMENT,Standard,7
2024,11,VOLVO,45,Toledo,Private,BEV,FOCUS SEGMENT,Standard,1
2024,11,VOLVO,45,Toledo,Private,ICE,FOCUS SEGMENT,Standard,10
2024,11,ALFA ROMEO,46,Valencia,Private,BEV,REST,Standard,1
2024,11,ALFA ROMEO,46,Valencia,Private,ICE,REST,Standard,2
2024,11,ALPINE,46,Valencia,Corporate,ICE,REST,Standard,1
2024,11,ALPINE,46,Valencia,Private,ICE,REST,Standard,2
2024,11,ASTON MARTIN,46,Valencia,Private,ICE,FOCUS SEGMENT,Standard,1
2024,11,AUDI,46,Valencia,Corporate,ICE,FOCUS SEGMENT,M,1
2024,11,AUDI,46,Valencia,Corporate,ICE,FOCUS SEGMENT,Standard,19
2024,11,AUDI,46,Valencia,Corporate,PHEV,FOCUS SEGMENT,Standard,2
2024,11,AUDI,46,Valencia,Private,ICE,FOCUS SEGMENT,M,1
2024,11,AUDI,46,Valencia,Private,ICE,FOCUS SEGMENT,M Performance,2
2024,11,AUDI,46,Valencia,Private,ICE,FOCUS SEGMENT,Standard,53
2024,11,AUDI,46,Valencia,Private,PHEV,FOCUS SEGMENT,Standard,2
2024,11,BMW,46,Valencia,Corporate,BEV,FOCUS SEGMENT,Standard,4
2024,11,BMW,46,Valencia,Corporate,ICE,FOCUS SEGMENT,M Performance,3
2024,11,BMW,46,Valencia,Corporate,ICE,FOCUS SEGMENT,Standard,46
2024,11,BMW,46,Valencia,Corporate,PHEV,FOCUS SEGMENT,M,2
2024,11,BMW,46,Valencia,Corporate,PHEV,FOCUS SEGMENT,Standard,3
2024,11,BMW,46,Valencia,Private,BEV,FOCUS SEGMENT,Standard,8
2024,11,BMW,46,Valencia,Private,ICE,FOCUS SEGMENT,M,1
2024,11,BMW,46,Valencia,Private,ICE,FOCUS SEGMENT,M Performance,2
2024,11,BMW,46,Valencia,Private,ICE,FOCUS SEGMENT,Standard,57
2024,11,BMW,46,Valencia,Private,PHEV,FOCUS SEGMENT,Standard,3
2024,11,BYD,46,Valencia,Private,BEV,REST,Standard,10
2024,11,BYD,46,Valencia,Private,PHEV,REST,Standard,10
2024,11,CITROEN,46,Valencia,Corporate,BEV,REST,Standard,47
2024,11,CITROEN,46,Valencia,Corporate,ICE,REST,Standard,9
2024,11,CITROEN,46,Valencia,Private,BEV,REST,Standard,15
2024,11,CITROEN,46,Valencia,Private,ICE,REST,Standard,107
2024,11,CITROEN,46,Valencia,Private,PHEV,REST,Standard,1
2024,11,CITROEN,46,Valencia,RAC,ICE,REST,Standard,2
2024,11,CUPRA,46,Valencia,Corporate,BEV,REST,Standard,2
2024,11,CUPRA,46,Valencia,Corporate,ICE,REST,Standard,7
2024,11,CUPRA,46,Valencia,Corporate,PHEV,REST,Standard,2
2024,11,CUPRA,46,Valencia,Private,BEV,REST,Standard,2
2024,11,CUPRA,46,Valencia,Private,ICE,REST,Standard,14
2024,11,CUPRA,46,Valencia,Private,PHEV,REST,Standard,1
2024,11,DACIA,46,Valencia,Corporate,BEV,REST,Standard,1
2024,11,DACIA,46,Valencia,Corporate,ICE,REST,Standard,16
2024,11,DACIA,46,Valencia,Private,BEV,REST,Standard,1
2024,11,DACIA,46,Valencia,Private,ICE,REST,Standard,226
2024,11,DFSK,46,Valencia,Private,ICE,,Standard,2
2024,11,DR,46,Valencia,Corporate,ICE,,Standard,1
2024,11,DR,46,Valencia,Private,ICE,,Standard,6
2024,11,DR,46,Valencia,Private,ICE,REST,Standard,22
2024,11,EVO,46,Valencia,Corporate,ICE,REST,Standard,1
2024,11,EVO,46,Valencia,Private,ICE,REST,Standard,3
2024,11,FIAT,46,Valencia,Corporate,BEV,REST,Standard,1
2024,11,FIAT,46,Valencia,Corporate,ICE,REST,Standard,5
2024,11,FIAT,46,Valencia,Private,BEV,REST,Standard,3
2024,11,FIAT,46,Valencia,Private,ICE,,Standard,2
2024,11,FIAT,46,Valencia,Private,ICE,REST,Standard,27
2024,11,FIAT,46,Valencia,RAC,ICE,REST,Standard,1
2024,11,FORD,46,Valencia,Corporate,BEV,REST,Standard,26
2024,11,FORD,46,Valencia,Corporate,ICE,REST,Standard,13
2024,11,FORD,46,Valencia,Corporate,PHEV,REST,Standard,10
2024,11,FORD,46,Valencia,Private,BEV,REST,Standard,2
2024,11,FORD,46,Valencia,Private,ICE,REST,Standard,109
2024,11,FORD,46,Valencia,Private,PHEV,REST,Standard,12
2024,11,FORD,46,Valencia,RAC,BEV,REST,Standard,21
2024,11,FORD,46,Valencia,RAC,ICE,REST,Standard,7
2024,11,FORD,46,Valencia,RAC,PHEV,REST,Standard,2
2024,11,HONDA,46,Valencia,Corporate,ICE,REST,Standard,7
2024,11,HONDA,46,Valencia,Private,ICE,REST,Standard,21
2024,11,HONDA,46,Valencia,Private,PHEV,REST,Standard,1
2024,11,HYUNDAI,46,Valencia,Corporate,ICE,REST,Standard,25
2024,11,HYUNDAI,46,Valencia,Corporate,PHEV,REST,Standard,5
2024,11,HYUNDAI,46,Valencia,Private,BEV,REST,Standard,3
2024,11,HYUNDAI,46,Valencia,Private,ICE,REST,Standard,174
2024,11,HYUNDAI,46,Valencia,Private,PHEV,REST,Standard,8
2024,11,ICH-X,46,Valencia,Private,ICE,REST,Standard,1
2024,11,JAECOO,46,Valencia,Corporate,ICE,REST,Standard,4
2024,11,JAECOO,46,Valencia,Private,ICE,REST,Standard,16
2024,11,JEEP,46,Valencia,Corporate,BEV,REST,Standard,2
2024,11,JEEP,46,Valencia,Corporate,ICE,REST,Standard,9
2024,11,JEEP,46,Valencia,Corporate,PHEV,REST,Standard,2
2024,11,JEEP,46,Valencia,Private,ICE,REST,Standard,12
2024,11,JEEP,46,Valencia,Private,PHEV,REST,Standard,2
2024,11,KG MOBILITY,46,Valencia,Corporate,ICE,REST,Standard,3
2024,11,KG MOBILITY,46,Valencia,Private,ICE,REST,Standard,11
2024,11,KIA,46,Valencia,Corporate,BEV,REST,Standard,2
2024,11,KIA,46,Valencia,Corporate,ICE,REST,Standard,36
2024,11,KIA,46,Valencia,Private,BEV,REST,Standard,8
2024,11,KIA,46,Valencia,Private,ICE,REST,Standard,360
2024,11,KIA,46,Valencia,Private,PHEV,REST,Standard,7
2024,11,LAND ROVER,46,Valencia,Corporate,ICE,FOCUS SEGMENT,Standard,4
2024,11,LAND ROVER,46,Valencia,Corporate,PHEV,FOCUS SEGMENT,Standard,3
2024,11,LAND ROVER,46,Valencia,Private,ICE,FOCUS SEGMENT,Standard,4
2024,11,LAND ROVER,46,Valencia,Private,PHEV,FOCUS SEGMENT,Standard,1
2024,11,LEAPMOTOR,46,Valencia,Corporate,BEV,REST,Standard,1
2024,11,LEAPMOTOR,46,Valencia,Private,BEV,REST,Standard,1
2024,11,LEXUS,46,Valencia,Corporate,ICE,FOCUS SEGMENT,Standard,9
2024,11,LEXUS,46,Valencia,Corporate,PHEV,FOCUS SEGMENT,Standard,2
2024,11,LEXUS,46,Valencia,Private,ICE,FOCUS SEGMENT,Standard,21
2024,11,LEXUS,46,Valencia,Private,PHEV,FOCUS SEGMENT,Standard,1
2024,11,MASERATI,46,Valencia,Private,ICE,FOCUS SEGMENT,Standard,1
2024,11,MAZDA,46,Valencia,Corporate,ICE,REST,Standard,35
2024,11,MAZDA,46,Valencia,Corporate,PHEV,REST,Standard,1
2024,11,MAZDA,46,Valencia,Private,ICE,REST,Standard,80
2024,11,MERCEDES,46,Valencia,Corporate,BEV,FOCUS SEGMENT,Standard,9
2024,11,MERCEDES,46,Valencia,Corporate,ICE,FOCUS SEGMENT,Standard,28
2024,11,MERCEDES,46,Valencia,Corporate,ICE,REST,Standard,3
2024,11,MERCEDES,46,Valencia,Corporate,PHEV,FOCUS SEGMENT,M Performance,1
2024,11,MERCEDES,46,Valencia,Corporate,PHEV,FOCUS SEGMENT,Standard,11
2024,11,MERCEDES,46,Valencia,Private,BEV,FOCUS SEGMENT,Standard,5
2024,11,MERCEDES,46,Valencia,Private,ICE,FOCUS SEGMENT,Standard,34
2024,11,MERCEDES,46,Valencia,Private,ICE,REST,Standard,1
2024,11,MERCEDES,46,Valencia,Private,PHEV,FOCUS SEGMENT,M Performance,1
2024,11,MERCEDES,46,Valencia,Private,PHEV,FOCUS SEGMENT,Standard,16
2024,11,MG,46,Valencia,Corporate,BEV,REST,Standard,10
2024,11,MG,46,Valencia,Corporate,ICE,REST,Standard,48
2024,11,MG,46,Valencia,Corporate,PHEV,REST,Standard,6
2024,11,MG,46,Valencia,Private,BEV,REST,Standard,6
2024,11,MG,46,Valencia,Private,ICE,REST,Standard,192
2024,11,MG,46,Valencia,Private,PHEV,REST,Standard,3
2024,11,MG,46,Valencia,RAC,ICE,REST,Standard,2
2024,11,MINI,46,Valencia,Corporate,BEV,FOCUS SEGMENT,Standard,4
2024,11,MINI,46,Valencia,Corporate,ICE,FOCUS SEGMENT,Standard,11
2024,11,MINI,46,Valencia,Private,BEV,FOCUS SEGMENT,Standard,6
2024,11,MINI,46,Valencia,Private,ICE,FOCUS SEGMENT,Standard,16
2024,11,MITSUBISHI,46,Valencia,Corporate,ICE,REST,Standard,4
2024,11,MITSUBISHI,46,Valencia,Private,ICE,REST,Standard,6
2024,11,MITSUBISHI,46,Valencia,Private,PHEV,REST,Standard,1
2024,11,NISSAN,46,Valencia,Corporate,ICE,REST,Standard,3
2024,11,NISSAN,46,Valencia,Private,ICE,REST,Standard,135
2024,11,OMODA,46,Valencia,Corporate,BEV,REST,Standard,1
2024,11,OMODA,46,Valencia,Corporate,ICE,REST,Standard,5
2024,11,OMODA,46,Valencia,Private,BEV,REST,Standard,1
2024,11,OMODA,46,Valencia,Private,ICE,REST,Standard,73
2024,11,OPEL,46,Valencia,Corporate,BEV,REST,Standard,1
2024,11,OPEL,46,Valencia,Corporate,ICE,REST,Standard,5
2024,11,OPEL,46,Valencia,Private,BEV,REST,Standard,1
2024,11,OPEL,46,Valencia,Private,ICE,REST,Standard,66
2024,11,PEUGEOT,46,Valencia,Corporate,BEV,REST,Standard,2
2024,11,PEUGEOT,46,Valencia,Corporate,ICE,REST,Standard,26
2024,11,PEUGEOT,46,Valencia,Private,BEV,REST,Standard,9
2024,11,PEUGEOT,46,Valencia,Private,ICE,REST,Standard,154
2024,11,PEUGEOT,46,Valencia,Private,PHEV,REST,Standard,2
2024,11,POLESTAR,46,Valencia,Private,BEV,FOCUS SEGMENT,Standard,1
2024,11,PORSCHE,46,Valencia,Corporate,BEV,FOCUS SEGMENT,M,1
2024,11,PORSCHE,46,Valencia,Corporate,BEV,FOCUS SEGMENT,M Performance,1
2024,11,PORSCHE,46,Valencia,Corporate,BEV,FOCUS SEGMENT,Standard,3
2024,11,PORSCHE,46,Valencia,Corporate,PHEV,FOCUS SEGMENT,Standard,2
2024,11,PORSCHE,46,Valencia,Private,BEV,FOCUS SEGMENT,Standard,1
2024,11,PORSCHE,46,Valencia,Private,ICE,FOCUS SEGMENT,Standard,1
2024,11,PORSCHE,46,Valencia,Private,PHEV,FOCUS SEGMENT,M,1
2024,11,PORSCHE,46,Valencia,Private,PHEV,FOCUS SEGMENT,M Performance,1
2024,11,RENAULT,46,Valencia,Corporate,ICE,REST,Standard,24
2024,11,RENAULT,46,Valencia,Private,BEV,REST,Standard,1
2024,11,RENAULT,46,Valencia,Private,ICE,REST,Standard,285
2024,11,RENAULT,46,Valencia,RAC,ICE,REST,Standard,1
2024,11,SEAT,46,Valencia,Corporate,ICE,REST,Standard,31
2024,11,SEAT,46,Valencia,Private,ICE,REST,Standard,155
2024,11,SHINERAY,46,Valencia,Private,ICE,REST,Standard,4
2024,11,SIN MARCA,46,Valencia,Private,ICE,REST,Standard,3
2024,11,SKODA,46,Valencia,Corporate,ICE,REST,Standard,5
2024,11,SKODA,46,Valencia,Private,ICE,REST,Standard,112
2024,11,SKODA,46,Valencia,Private,PHEV,REST,Standard,1
2024,11,SSANGYONG,46,Valencia,Corporate,ICE,REST,Standard,1
2024,11,SSANGYONG,46,Valencia,Private,ICE,REST,Standard,1
2024,11,SUBARU,46,Valencia,Private,ICE,REST,Standard,1
2024,11,SUZUKI,46,Valencia,Private,ICE,REST,Standard,18
2024,11,TESLA,46,Valencia,Corporate,BEV,FOCUS SEGMENT,Standard,6
2024,11,TESLA,46,Valencia,Private,BEV,FOCUS SEGMENT,Standard,131
2024,11,TOYOTA,46,Valencia,Corporate,ICE,REST,Standard,28
2024,11,TOYOTA,46,Valencia,Corporate,PHEV,REST,Standard,1
2024,11,TOYOTA,46,Valencia,Private,ICE,REST,Standard,210
2024,11,TOYOTA,46,Valencia,Private,PHEV,REST,Standard,6
2024,11,VOLKSWAGEN,46,Valencia,Corporate,ICE,REST,Standard,11
2024,11,VOLKSWAGEN,46,Valencia,Private,ICE,REST,Standard,182
2024,11,VOLKSWAGEN,46,Valencia,Private,PHEV,REST,Standard,2
2024,11,VOLVO,46,Valencia,Corporate,BEV,FOCUS SEGMENT,Standard,1
2024,11,VOLVO,46,Valencia,Corporate,ICE,FOCUS SEGMENT,Standard,27
2024,11,VOLVO,46,Valencia,Private,BEV,FOCUS SEGMENT,Standard,4
2024,11,VOLVO,46,Valencia,Private,ICE,FOCUS SEGMENT,Standard,14
2024,11,VOLVO,46,Valencia,Private,PHEV,FOCUS SEGMENT,Standard,2
2024,11,AUDI,47,Valladolid,Corporate,ICE,FOCUS SEGMENT,Standard,6
2024,11,AUDI,47,Valladolid,Private,ICE,FOCUS SEGMENT,Standard,4
2024,11,AUDI,47,Valladolid,Private,PHEV,FOCUS SEGMENT,Standard,1
2024,11,BMW,47,Valladolid,Corporate,ICE,FOCUS SEGMENT,Standard,7
2024,11,BMW,47,Valladolid,Private,BEV,FOCUS SEGMENT,Standard,1
2024,11,BMW,47,Valladolid,Private,ICE,FOCUS SEGMENT,Standard,7
2024,11,BMW,47,Valladolid,Private,PHEV,FOCUS SEGMENT,M,1
2024,11,BYD,47,Valladolid,Corporate,BEV,REST,Standard,2
2024,11,BYD,47,Valladolid,Corporate,PHEV,REST,Standard,1
2024,11,BYD,47,Valladolid,Private,BEV,REST,Standard,2
2024,11,CITROEN,47,Valladolid,Corporate,BEV,REST,Standard,1
2024,11,CITROEN,47,Valladolid,Corporate,ICE,REST,Standard,3
2024,11,CITROEN,47,Valladolid,Private,ICE,REST,Standard,3
2024,11,CUPRA,47,Valladolid,Corporate,ICE,REST,Standard,2
2024,11,CUPRA,47,Valladolid,Private,ICE,REST,Standard,1
2024,11,CUPRA,47,Valladolid,Private,PHEV,REST,Standard,2
2024,11,DACIA,47,Valladolid,Corporate,ICE,REST,Standard,10
2024,11,DACIA,47,Valladolid,Private,BEV,REST,Standard,1
2024,11,DACIA,47,Valladolid,Private,ICE,REST,Standard,39
2024,11,DR,47,Valladolid,Private,ICE,REST,Standard,1
2024,11,EVO,47,Valladolid,Corporate,ICE,REST,Standard,1
2024,11,EVO,47,Valladolid,Private,ICE,REST,Standard,2
2024,11,FIAT,47,Valladolid,Private,ICE,REST,Standard,1
2024,11,FORD,47,Valladolid,Private,ICE,REST,Standard,6
2024,11,HONDA,47,Valladolid,Private,ICE,REST,Standard,3
2024,11,HYUNDAI,47,Valladolid,Private,ICE,REST,Standard,15
2024,11,HYUNDAI,47,Valladolid,Private,PHEV,REST,Standard,2
2024,11,JAECOO,47,Valladolid,Private,ICE,REST,Standard,3
2024,11,JEEP,47,Valladolid,Private,ICE,REST,Standard,1
2024,11,JEEP,47,Valladolid,Private,PHEV,REST,Standard,1
2024,11,KG MOBILITY,47,Valladolid,Corporate,ICE,REST,Standard,7
2024,11,KG MOBILITY,47,Valladolid,Private,ICE,REST,Standard,1
2024,11,KIA,47,Valladolid,Corporate,ICE,REST,Standard,2
2024,11,KIA,47,Valladolid,Corporate,PHEV,REST,Standard,1
2024,11,KIA,47,Valladolid,Private,BEV,REST,Standard,1
2024,11,KIA,47,Valladolid,Private,ICE,,Standard,1
2024,11,KIA,47,Valladolid,Private,ICE,REST,Standard,37
2024,11,LAND ROVER,47,Valladolid,Corporate,ICE,FOCUS SEGMENT,Standard,1
2024,11,LEXUS,47,Valladolid,Corporate,ICE,FOCUS SEGMENT,Standard,3
2024,11,LEXUS,47,Valladolid,Private,ICE,FOCUS SEGMENT,Standard,2
2024,11,LEXUS,47,Valladolid,Private,PHEV,FOCUS SEGMENT,Standard,1
2024,11,MASERATI,47,Valladolid,Corporate,ICE,FOCUS SEGMENT,Standard,1
2024,11,MAZDA,47,Valladolid,Corporate,ICE,REST,Standard,1
2024,11,MAZDA,47,Valladolid,Private,ICE,REST,Standard,10
2024,11,MERCEDES,47,Valladolid,Corporate,ICE,FOCUS SEGMENT,M Performance,1
2024,11,MERCEDES,47,Valladolid,Corporate,ICE,FOCUS SEGMENT,Standard,9
2024,11,MERCEDES,47,Valladolid,Corporate,PHEV,FOCUS SEGMENT,Standard,3
2024,11,MERCEDES,47,Valladolid,Private,ICE,FOCUS SEGMENT,M Performance,1
2024,11,MERCEDES,47,Valladolid,Private,ICE,FOCUS SEGMENT,Standard,9
2024,11,MERCEDES,47,Valladolid,Private,ICE,REST,Standard,1
2024,11,MERCEDES,47,Valladolid,Private,PHEV,FOCUS SEGMENT,M Performance,1
2024,11,MERCEDES,47,Valladolid,Private,PHEV,FOCUS SEGMENT,Standard,3
2024,11,MERCEDES-V,47,Valladolid,Corporate,ICE,REST,Standard,11
2024,11,MG,47,Valladolid,Corporate,ICE,REST,Standard,4
2024,11,MG,47,Valladolid,Private,BEV,REST,Standard,3
2024,11,MG,47,Valladolid,Private,ICE,REST,Standard,26
2024,11,MG,47,Valladolid,Private,PHEV,REST,Standard,5
2024,11,MINI,47,Valladolid,Private,BEV,FOCUS SEGMENT,Standard,1
2024,11,MINI,47,Valladolid,Private,ICE,FOCUS SEGMENT,Standard,2
2024,11,NISSAN,47,Valladolid,Private,ICE,REST,Standard,18
2024,11,OMODA,47,Valladolid,Corporate,BEV,REST,Standard,1
2024,11,OMODA,47,Valladolid,Corporate,ICE,REST,Standard,5
2024,11,OMODA,47,Valladolid,Private,ICE,REST,Standard,4
2024,11,OPEL,47,Valladolid,Private,ICE,REST,Standard,1
2024,11,PEUGEOT,47,Valladolid,Corporate,ICE,REST,Standard,1
2024,11,PEUGEOT,47,Valladolid,Private,ICE,REST,Standard,11
2024,11,PORSCHE,47,Valladolid,Corporate,PHEV,FOCUS SEGMENT,M Performance,1
2024,11,RENAULT,47,Valladolid,Corporate,BEV,REST,Standard,1
2024,11,RENAULT,47,Valladolid,Corporate,ICE,REST,Standard,24
2024,11,RENAULT,47,Valladolid,Corporate,PHEV,REST,Standard,3
2024,11,RENAULT,47,Valladolid,Private,ICE,REST,Standard,50
2024,11,RENAULT,47,Valladolid,Private,PHEV,REST,Standard,1
2024,11,SEAT,47,Valladolid,Corporate,ICE,REST,Standard,10
2024,11,SEAT,47,Valladolid,Private,ICE,REST,Standard,11
2024,11,SKODA,47,Valladolid,Corporate,ICE,REST,Standard,2
2024,11,SKODA,47,Valladolid,Private,ICE,REST,Standard,13
2024,11,SKODA,47,Valladolid,Private,PHEV,REST,Standard,1
2024,11,SSANGYONG,47,Valladolid,Private,ICE,REST,Standard,1
2024,11,SUZUKI,47,Valladolid,Corporate,ICE,REST,Standard,1
2024,11,SUZUKI,47,Valladolid,Private,ICE,REST,Standard,2
2024,11,TESLA,47,Valladolid,Corporate,BEV,FOCUS SEGMENT,Standard,1
2024,11,TESLA,47,Valladolid,Private,BEV,FOCUS SEGMENT,Standard,10
2024,11,TOYOTA,47,Valladolid,Corporate,ICE,REST,Standard,4
2024,11,TOYOTA,47,Valladolid,Corporate,PHEV,REST,Standard,1
2024,11,TOYOTA,47,Valladolid,Private,ICE,REST,Standard,45
2024,11,TOYOTA,47,Valladolid,Private,PHEV,REST,Standard,4
2024,11,VOLKSWAGEN,47,Valladolid,Corporate,ICE,REST,Standard,1
2024,11,VOLKSWAGEN,47,Valladolid,Private,ICE,REST,Standard,6
2024,11,VOLVO,47,Valladolid,Corporate,ICE,FOCUS SEGMENT,Standard,4
2024,11,VOLVO,47,Valladolid,Corporate,PHEV,FOCUS SEGMENT,Standard,5
2024,11,VOLVO,47,Valladolid,Private,ICE,FOCUS SEGMENT,Standard,6
2024,11,AUDI,48,Bizkaia,Corporate,ICE,FOCUS SEGMENT,M Performance,1
2024,11,AUDI,48,Bizkaia,Corporate,ICE,FOCUS SEGMENT,Standard,19
2024,11,AUDI,48,Bizkaia,Private,ICE,FOCUS SEGMENT,M Performance,2
2024,11,AUDI,48,Bizkaia,Private,ICE,FOCUS SEGMENT,Standard,13
2024,11,AUDI,48,Bizkaia,Private,PHEV,FOCUS SEGMENT,Standard,2
2024,11,BMW,48,Bizkaia,Corporate,BEV,FOCUS SEGMENT,Standard,1
2024,11,BMW,48,Bizkaia,Corporate,ICE,FOCUS SEGMENT,M,1
2024,11,BMW,48,Bizkaia,Corporate,ICE,FOCUS SEGMENT,Standard,12
2024,11,BMW,48,Bizkaia,Private,BEV,FOCUS SEGMENT,Standard,2
2024,11,BMW,48,Bizkaia,Private,ICE,FOCUS SEGMENT,M,1
2024,11,BMW,48,Bizkaia,Private,ICE,FOCUS SEGMENT,M Performance,1
2024,11,BMW,48,Bizkaia,Private,ICE,FOCUS SEGMENT,Standard,17
2024,11,BMW,48,Bizkaia,Private,PHEV,FOCUS SEGMENT,Standard,2
2024,11,BYD,48,Bizkaia,Corporate,BEV,REST,Standard,3
2024,11,BYD,48,Bizkaia,Corporate,PHEV,REST,Standard,2
2024,11,BYD,48,Bizkaia,Private,BEV,REST,Standard,3
2024,11,BYD,48,Bizkaia,Private,PHEV,REST,Standard,12
2024,11,CITROEN,48,Bizkaia,Corporate,BEV,REST,Standard,1
2024,11,CITROEN,48,Bizkaia,Corporate,ICE,REST,Standard,20
2024,11,CITROEN,48,Bizkaia,Corporate,PHEV,REST,Standard,2
2024,11,CITROEN,48,Bizkaia,Private,BEV,REST,Standard,3
2024,11,CITROEN,48,Bizkaia,Private,ICE,REST,Standard,22
2024,11,CUPRA,48,Bizkaia,Corporate,ICE,REST,Standard,7
2024,11,CUPRA,48,Bizkaia,Corporate,PHEV,REST,Standard,21
2024,11,CUPRA,48,Bizkaia,Private,ICE,REST,Standard,6
2024,11,DACIA,48,Bizkaia,Corporate,ICE,REST,Standard,30
2024,11,DACIA,48,Bizkaia,Private,ICE,REST,Standard,87
2024,11,DR,48,Bizkaia,Private,ICE,REST,Standard,1
2024,11,EVO,48,Bizkaia,Corporate,ICE,REST,Standard,1
2024,11,FIAT,48,Bizkaia,Private,BEV,REST,Standard,1
2024,11,FORD,48,Bizkaia,Corporate,BEV,REST,Standard,3
2024,11,FORD,48,Bizkaia,Private,ICE,REST,Standard,10
2024,11,HONDA,48,Bizkaia,Corporate,ICE,REST,Standard,2
2024,11,HONDA,48,Bizkaia,Private,ICE,REST,Standard,5
2024,11,HYUNDAI,48,Bizkaia,Corporate,BEV,REST,Standard,1
2024,11,HYUNDAI,48,Bizkaia,Corporate,ICE,REST,Standard,6
2024,11,HYUNDAI,48,Bizkaia,Corporate,PHEV,REST,Standard,1
2024,11,HYUNDAI,48,Bizkaia,Private,BEV,REST,Standard,3
2024,11,HYUNDAI,48,Bizkaia,Private,ICE,REST,Standard,68
2024,11,HYUNDAI,48,Bizkaia,Private,PHEV,REST,Standard,4
2024,11,JAECOO,48,Bizkaia,Private,ICE,REST,Standard,6
2024,11,JEEP,48,Bizkaia,Corporate,ICE,REST,Standard,1
2024,11,JEEP,48,Bizkaia,Private,ICE,REST,Standard,3
2024,11,KG MOBILITY,48,Bizkaia,Private,ICE,REST,Standard,1
2024,11,KIA,48,Bizkaia,Corporate,BEV,REST,Standard,3
2024,11,KIA,48,Bizkaia,Corporate,ICE,REST,Standard,4
2024,11,KIA,48,Bizkaia,Corporate,PHEV,REST,Standard,3
2024,11,KIA,48,Bizkaia,Private,BEV,REST,Standard,5
2024,11,KIA,48,Bizkaia,Private,ICE,,Standard,1
2024,11,KIA,48,Bizkaia,Private,ICE,REST,Standard,62
2024,11,KIA,48,Bizkaia,Private,PHEV,REST,Standard,1
2024,11,LAND ROVER,48,Bizkaia,Corporate,ICE,FOCUS SEGMENT,Standard,1
2024,11,LAND ROVER,48,Bizkaia,Corporate,PHEV,FOCUS SEGMENT,Standard,1
2024,11,LAND ROVER,48,Bizkaia,Private,ICE,FOCUS SEGMENT,Standard,2
2024,11,LEXUS,48,Bizkaia,Corporate,ICE,FOCUS SEGMENT,Standard,1
2024,11,LEXUS,48,Bizkaia,Private,ICE,FOCUS SEGMENT,Standard,7
2024,11,LOTUS,48,Bizkaia,Corporate,BEV,FOCUS SEGMENT,Standard,1
2024,11,LOTUS,48,Bizkaia,Corporate,ICE,FOCUS SEGMENT,Standard,1
2024,11,MASERATI,48,Bizkaia,Corporate,ICE,FOCUS SEGMENT,Standard,1
2024,11,MASERATI,48,Bizkaia,Private,ICE,FOCUS SEGMENT,Standard,1
2024,11,MAZDA,48,Bizkaia,Corporate,ICE,REST,Standard,2
2024,11,MAZDA,48,Bizkaia,Private,ICE,REST,Standard,32
2024,11,MERCEDES,48,Bizkaia,Corporate,BEV,FOCUS SEGMENT,Standard,1
2024,11,MERCEDES,48,Bizkaia,Corporate,ICE,FOCUS SEGMENT,M Performance,2
2024,11,MERCEDES,48,Bizkaia,Corporate,ICE,FOCUS SEGMENT,Standard,13
2024,11,MERCEDES,48,Bizkaia,Corporate,ICE,REST,Standard,5
2024,11,MERCEDES,48,Bizkaia,Corporate,PHEV,FOCUS SEGMENT,M Performance,1
2024,11,MERCEDES,48,Bizkaia,Corporate,PHEV,FOCUS SEGMENT,Standard,6
2024,11,MERCEDES,48,Bizkaia,Private,BEV,FOCUS SEGMENT,Standard,2
2024,11,MERCEDES,48,Bizkaia,Private,ICE,FOCUS SEGMENT,Standard,12
2024,11,MERCEDES,48,Bizkaia,Private,PHEV,FOCUS SEGMENT,Standard,3
2024,11,MG,48,Bizkaia,Corporate,BEV,REST,Standard,5
2024,11,MG,48,Bizkaia,Corporate,ICE,REST,Standard,6
2024,11,MG,48,Bizkaia,Private,BEV,REST,Standard,5
2024,11,MG,48,Bizkaia,Private,ICE,REST,Standard,37
2024,11,MG,48,Bizkaia,Private,PHEV,REST,Standard,1
2024,11,MINI,48,Bizkaia,Corporate,BEV,FOCUS SEGMENT,Standard,3
2024,11,MINI,48,Bizkaia,Corporate,ICE,FOCUS SEGMENT,Standard,2
2024,11,MINI,48,Bizkaia,Private,BEV,FOCUS SEGMENT,Standard,3
2024,11,MINI,48,Bizkaia,Private,ICE,FOCUS SEGMENT,JCW,1
2024,11,MINI,48,Bizkaia,Private,ICE,FOCUS SEGMENT,Standard,6
2024,11,MITSUBISHI,48,Bizkaia,Private,ICE,REST,Standard,2
2024,11,MITSUBISHI,48,Bizkaia,Private,PHEV,REST,Standard,3
2024,11,NISSAN,48,Bizkaia,Corporate,ICE,REST,Standard,12
2024,11,NISSAN,48,Bizkaia,Private,BEV,REST,Standard,1
2024,11,NISSAN,48,Bizkaia,Private,ICE,REST,Standard,30
2024,11,OMODA,48,Bizkaia,Corporate,ICE,REST,Standard,1
2024,11,OMODA,48,Bizkaia,Private,BEV,REST,Standard,1
2024,11,OMODA,48,Bizkaia,Private,ICE,REST,Standard,15
2024,11,OPEL,48,Bizkaia,Corporate,ICE,REST,Standard,3
2024,11,OPEL,48,Bizkaia,Private,BEV,REST,Standard,1
2024,11,OPEL,48,Bizkaia,Private,ICE,REST,Standard,7
2024,11,OPEL,48,Bizkaia,Private,PHEV,REST,Standard,1
2024,11,PEUGEOT,48,Bizkaia,Corporate,BEV,REST,Standard,5
2024,11,PEUGEOT,48,Bizkaia,Corporate,ICE,REST,Standard,40
2024,11,PEUGEOT,48,Bizkaia,Corporate,PHEV,REST,Standard,1
2024,11,PEUGEOT,48,Bizkaia,Private,BEV,REST,Standard,1
2024,11,PEUGEOT,48,Bizkaia,Private,ICE,REST,Standard,16
2024,11,POLESTAR,48,Bizkaia,Private,BEV,FOCUS SEGMENT,Standard,1
2024,11,PORSCHE,48,Bizkaia,Corporate,ICE,FOCUS SEGMENT,Standard,1
2024,11,PORSCHE,48,Bizkaia,Corporate,PHEV,FOCUS SEGMENT,Standard,1
2024,11,PORSCHE,48,Bizkaia,Private,BEV,FOCUS SEGMENT,M Performance,1
2024,11,PORSCHE,48,Bizkaia,Private,ICE,FOCUS SEGMENT,Standard,1
2024,11,PORSCHE,48,Bizkaia,Private,PHEV,FOCUS SEGMENT,Standard,1
2024,11,RENAULT,48,Bizkaia,Corporate,ICE,REST,Standard,76
2024,11,RENAULT,48,Bizkaia,Private,ICE,REST,Standard,43
2024,11,RENAULT,48,Bizkaia,RAC,ICE,REST,Standard,7
2024,11,SEAT,48,Bizkaia,Corporate,ICE,REST,Standard,9
2024,11,SEAT,48,Bizkaia,Private,ICE,REST,Standard,74
2024,11,SEAT,48,Bizkaia,Private,PHEV,REST,Standard,2
2024,11,SIN MARCA,48,Bizkaia,Private,PHEV,REST,Standard,1
2024,11,SKODA,48,Bizkaia,Corporate,ICE,REST,Standard,24
2024,11,SKODA,48,Bizkaia,Private,ICE,REST,Standard,44
2024,11,SKODA,48,Bizkaia,Private,PHEV,REST,Standard,3
2024,11,SMART,48,Bizkaia,Private,BEV,FOCUS SEGMENT,Standard,1
2024,11,SSANGYONG,48,Bizkaia,Private,ICE,REST,Standard,1
2024,11,SUZUKI,48,Bizkaia,Corporate,ICE,REST,Standard,1
2024,11,SUZUKI,48,Bizkaia,Private,ICE,REST,Standard,5
2024,11,TESLA,48,Bizkaia,Corporate,BEV,FOCUS SEGMENT,Standard,2
2024,11,TESLA,48,Bizkaia,Private,BEV,FOCUS SEGMENT,Standard,20
2024,11,TOYOTA,48,Bizkaia,Corporate,ICE,REST,Standard,14
2024,11,TOYOTA,48,Bizkaia,Private,ICE,REST,Standard,83
2024,11,TOYOTA,48,Bizkaia,Private,PHEV,REST,Standard,4
2024,11,VOLKSWAGEN,48,Bizkaia,Corporate,ICE,REST,Standard,10
2024,11,VOLKSWAGEN,48,Bizkaia,Corporate,PHEV,REST,Standard,1
2024,11,VOLKSWAGEN,48,Bizkaia,Private,BEV,REST,Standard,3
2024,11,VOLKSWAGEN,48,Bizkaia,Private,ICE,REST,Standard,43
2024,11,VOLKSWAGEN,48,Bizkaia,Private,PHEV,REST,Standard,2
2024,11,VOLVO,48,Bizkaia,Corporate,BEV,FOCUS SEGMENT,Standard,1
2024,11,VOLVO,48,Bizkaia,Corporate,ICE,FOCUS SEGMENT,Standard,12
2024,11,VOLVO,48,Bizkaia,Private,ICE,FOCUS SEGMENT,Standard,9
2024,11,VOLVO,48,Bizkaia,Private,PHEV,FOCUS SEGMENT,Standard,1
2024,11,AUDI,49,Zamora,Private,ICE,FOCUS SEGMENT,Standard,1
2024,11,AUDI,49,Zamora,Private,PHEV,FOCUS SEGMENT,Standard,1
2024,11,BMW,49,Zamora,Corporate,ICE,FOCUS SEGMENT,M Performance,1
2024,11,BMW,49,Zamora,Corporate,ICE,FOCUS SEGMENT,Standard,1
2024,11,BMW,49,Zamora,Private,ICE,FOCUS SEGMENT,M,1
2024,11,BMW,49,Zamora,Private,ICE,FOCUS SEGMENT,Standard,2
2024,11,BMW,49,Zamora,Private,PHEV,FOCUS SEGMENT,Standard,1
2024,11,BYD,49,Zamora,Private,BEV,REST,Standard,1
2024,11,BYD,49,Zamora,Private,PHEV,REST,Standard,1
2024,11,CITROEN,49,Zamora,Corporate,ICE,REST,Standard,1
2024,11,CITROEN,49,Zamora,Private,ICE,REST,Standard,4
2024,11,DACIA,49,Zamora,Private,ICE,REST,Standard,7
2024,11,EVO,49,Zamora,Corporate,ICE,REST,Standard,1
2024,11,FORD,49,Zamora,Private,ICE,REST,Standard,1
2024,11,HYUNDAI,49,Zamora,Private,ICE,REST,Standard,11
2024,11,KIA,49,Zamora,Corporate,BEV,REST,Standard,1
2024,11,KIA,49,Zamora,Corporate,ICE,REST,Standard,1
2024,11,KIA,49,Zamora,Private,ICE,REST,Standard,3
2024,11,MAZDA,49,Zamora,Corporate,ICE,REST,Standard,2
2024,11,MAZDA,49,Zamora,Corporate,PHEV,REST,Standard,1
2024,11,MAZDA,49,Zamora,Private,ICE,REST,Standard,3
2024,11,MERCEDES,49,Zamora,Corporate,ICE,FOCUS SEGMENT,Standard,3
2024,11,MERCEDES,49,Zamora,Corporate,ICE,REST,Standard,1
2024,11,MERCEDES,49,Zamora,Private,ICE,FOCUS SEGMENT,Standard,3
2024,11,MG,49,Zamora,Corporate,ICE,REST,Standard,1
2024,11,MG,49,Zamora,Private,ICE,REST,Standard,9
2024,11,MG,49,Zamora,Private,PHEV,REST,Standard,1
2024,11,NISSAN,49,Zamora,Corporate,ICE,REST,Standard,1
2024,11,NISSAN,49,Zamora,Private,ICE,REST,Standard,2
2024,11,PEUGEOT,49,Zamora,Private,ICE,REST,Standard,1
2024,11,RENAULT,49,Zamora,Corporate,ICE,REST,Standard,3
2024,11,RENAULT,49,Zamora,Private,BEV,REST,Standard,1
2024,11,RENAULT,49,Zamora,Private,ICE,REST,Standard,4
2024,11,RENAULT,49,Zamora,RAC,ICE,REST,Standard,3
2024,11,SEAT,49,Zamora,Private,ICE,REST,Standard,9
2024,11,SHINERAY,49,Zamora,Private,ICE,REST,Standard,1
2024,11,SKODA,49,Zamora,Private,ICE,REST,Standard,1
2024,11,SUBARU,49,Zamora,Private,ICE,REST,Standard,1
2024,11,TESLA,49,Zamora,Private,BEV,FOCUS SEGMENT,Standard,2
2024,11,TOYOTA,49,Zamora,Private,ICE,REST,Standard,13
2024,11,VOLKSWAGEN,49,Zamora,Corporate,ICE,REST,Standard,2
2024,11,VOLKSWAGEN,49,Zamora,Private,ICE,REST,Standard,9
2024,11,VOLVO,49,Zamora,Corporate,ICE,FOCUS SEGMENT,Standard,2
2024,11,ALFA ROMEO,50,Zaragoza,RAC,ICE,REST,Standard,8
2024,11,AUDI,50,Zaragoza,Corporate,ICE,FOCUS SEGMENT,M,1
2024,11,AUDI,50,Zaragoza,Corporate,ICE,FOCUS SEGMENT,Standard,30
2024,11,AUDI,50,Zaragoza,Corporate,PHEV,FOCUS SEGMENT,Standard,1
2024,11,AUDI,50,Zaragoza,Private,ICE,FOCUS SEGMENT,Standard,9
2024,11,BMW,50,Zaragoza,Corporate,BEV,FOCUS SEGMENT,Standard,1
2024,11,BMW,50,Zaragoza,Corporate,ICE,FOCUS SEGMENT,M,1
2024,11,BMW,50,Zaragoza,Corporate,ICE,FOCUS SEGMENT,Standard,9
2024,11,BMW,50,Zaragoza,Private,BEV,FOCUS SEGMENT,Standard,2
2024,11,BMW,50,Zaragoza,Private,ICE,FOCUS SEGMENT,M Performance,1
2024,11,BMW,50,Zaragoza,Private,ICE,FOCUS SEGMENT,Standard,14
2024,11,BMW,50,Zaragoza,Private,PHEV,FOCUS SEGMENT,Standard,2
2024,11,BYD,50,Zaragoza,Private,BEV,REST,Standard,1
2024,11,BYD,50,Zaragoza,Private,PHEV,REST,Standard,3
2024,11,CITROEN,50,Zaragoza,Corporate,ICE,REST,Standard,26
2024,11,CITROEN,50,Zaragoza,Private,BEV,REST,Standard,2
2024,11,CITROEN,50,Zaragoza,Private,ICE,REST,Standard,17
2024,11,CITROEN,50,Zaragoza,Private,PHEV,REST,Standard,1
2024,11,CUPRA,50,Zaragoza,Corporate,BEV,REST,Standard,1
2024,11,CUPRA,50,Zaragoza,Corporate,ICE,REST,Standard,6
2024,11,CUPRA,50,Zaragoza,Corporate,PHEV,REST,Standard,2
2024,11,CUPRA,50,Zaragoza,Private,ICE,REST,Standard,4
2024,11,CUPRA,50,Zaragoza,Private,PHEV,REST,Standard,1
2024,11,DACIA,50,Zaragoza,Corporate,ICE,REST,Standard,21
2024,11,DACIA,50,Zaragoza,Private,BEV,REST,Standard,1
2024,11,DACIA,50,Zaragoza,Private,ICE,REST,Standard,54
2024,11,FIAT,50,Zaragoza,Private,BEV,REST,Standard,1
2024,11,FIAT,50,Zaragoza,Private,ICE,REST,Standard,1
2024,11,FORD,50,Zaragoza,Corporate,ICE,REST,Standard,2
2024,11,FORD,50,Zaragoza,Private,BEV,REST,Standard,1
2024,11,FORD,50,Zaragoza,Private,ICE,REST,Standard,10
2024,11,HONDA,50,Zaragoza,Private,ICE,REST,Standard,5
2024,11,HYUNDAI,50,Zaragoza,Corporate,ICE,REST,Standard,15
2024,11,HYUNDAI,50,Zaragoza,Corporate,PHEV,REST,Standard,1
2024,11,HYUNDAI,50,Zaragoza,Private,BEV,REST,Standard,1
2024,11,HYUNDAI,50,Zaragoza,Private,ICE,REST,Standard,40
2024,11,HYUNDAI,50,Zaragoza,Private,PHEV,REST,Standard,3
2024,11,JAECOO,50,Zaragoza,Corporate,ICE,REST,Standard,1
2024,11,JAECOO,50,Zaragoza,Private,ICE,REST,Standard,7
2024,11,JEEP,50,Zaragoza,Private,ICE,REST,Standard,1
2024,11,KG MOBILITY,50,Zaragoza,Private,ICE,REST,Standard,4
2024,11,KIA,50,Zaragoza,Corporate,BEV,REST,Standard,2
2024,11,KIA,50,Zaragoza,Corporate,ICE,REST,Standard,6
2024,11,KIA,50,Zaragoza,Private,BEV,REST,Standard,1
2024,11,KIA,50,Zaragoza,Private,ICE,,Standard,1
2024,11,KIA,50,Zaragoza,Private,ICE,REST,Standard,73
2024,11,LAND ROVER,50,Zaragoza,Corporate,ICE,FOCUS SEGMENT,Standard,1
2024,11,LEAPMOTOR,50,Zaragoza,Private,BEV,REST,Standard,1
2024,11,LEXUS,50,Zaragoza,Corporate,ICE,FOCUS SEGMENT,Standard,4
2024,11,LEXUS,50,Zaragoza,Private,ICE,FOCUS SEGMENT,Standard,10
2024,11,MAZDA,50,Zaragoza,Corporate,ICE,REST,Standard,3
2024,11,MAZDA,50,Zaragoza,Corporate,PHEV,REST,Standard,1
2024,11,MAZDA,50,Zaragoza,Private,ICE,REST,Standard,18
2024,11,MERCEDES,50,Zaragoza,Corporate,BEV,FOCUS SEGMENT,Standard,1
2024,11,MERCEDES,50,Zaragoza,Corporate,ICE,FOCUS SEGMENT,M Performance,1
2024,11,MERCEDES,50,Zaragoza,Corporate,ICE,FOCUS SEGMENT,Standard,26
2024,11,MERCEDES,50,Zaragoza,Corporate,ICE,REST,Standard,1
2024,11,MERCEDES,50,Zaragoza,Corporate,PHEV,FOCUS SEGMENT,M Performance,1
2024,11,MERCEDES,50,Zaragoza,Corporate,PHEV,FOCUS SEGMENT,Standard,5
2024,11,MERCEDES,50,Zaragoza,Private,ICE,FOCUS SEGMENT,Standard,16
2024,11,MERCEDES,50,Zaragoza,Private,PHEV,FOCUS SEGMENT,Standard,3
2024,11,MERCEDES,50,Zaragoza,RAC,ICE,REST,Standard,1
2024,11,MERCEDES-V,50,Zaragoza,Private,ICE,REST,Standard,1
2024,11,MG,50,Zaragoza,Corporate,BEV,REST,Standard,1
2024,11,MG,50,Zaragoza,Corporate,ICE,REST,Standard,3
2024,11,MG,50,Zaragoza,Private,BEV,REST,Standard,2
2024,11,MG,50,Zaragoza,Private,ICE,REST,Standard,46
2024,11,MG,50,Zaragoza,Private,PHEV,REST,Standard,3
2024,11,MINI,50,Zaragoza,Private,BEV,FOCUS SEGMENT,Standard,1
2024,11,MINI,50,Zaragoza,Private,ICE,FOCUS SEGMENT,Standard,3
2024,11,MITSUBISHI,50,Zaragoza,Corporate,ICE,REST,Standard,2
2024,11,MITSUBISHI,50,Zaragoza,Private,ICE,REST,Standard,5
2024,11,NISSAN,50,Zaragoza,Corporate,ICE,REST,Standard,1
2024,11,NISSAN,50,Zaragoza,Private,ICE,REST,Standard,17
2024,11,OMODA,50,Zaragoza,Corporate,BEV,REST,Standard,1
2024,11,OMODA,50,Zaragoza,Corporate,ICE,REST,Standard,1
2024,11,OMODA,50,Zaragoza,Private,ICE,REST,Standard,16
2024,11,OPEL,50,Zaragoza,Corporate,ICE,REST,Standard,10
2024,11,OPEL,50,Zaragoza,Private,BEV,REST,Standard,2
2024,11,OPEL,50,Zaragoza,Private,ICE,REST,Standard,10
2024,11,PEUGEOT,50,Zaragoza,Corporate,ICE,REST,Standard,5
2024,11,PEUGEOT,50,Zaragoza,Corporate,PHEV,REST,Standard,2
2024,11,PEUGEOT,50,Zaragoza,Private,ICE,REST,Standard,34
2024,11,PEUGEOT,50,Zaragoza,Private,PHEV,REST,Standard,1
2024,11,PORSCHE,50,Zaragoza,Corporate,PHEV,FOCUS SEGMENT,M,1
2024,11,PORSCHE,50,Zaragoza,Private,BEV,FOCUS SEGMENT,Standard,1
2024,11,RENAULT,50,Zaragoza,Corporate,ICE,REST,Standard,12
2024,11,RENAULT,50,Zaragoza,Corporate,PHEV,REST,Standard,1
2024,11,RENAULT,50,Zaragoza,Private,ICE,REST,Standard,33
2024,11,SEAT,50,Zaragoza,Corporate,ICE,REST,Standard,15
2024,11,SEAT,50,Zaragoza,Private,ICE,REST,Standard,51
2024,11,SIN MARCA,50,Zaragoza,Corporate,ICE,REST,Standard,1
2024,11,SIN MARCA,50,Zaragoza,Corporate,PHEV,REST,Standard,2
2024,11,SIN MARCA,50,Zaragoza,Private,ICE,REST,Standard,2
2024,11,SKODA,50,Zaragoza,Corporate,ICE,REST,Standard,135
2024,11,SKODA,50,Zaragoza,Private,ICE,REST,Standard,9
2024,11,SSANGYONG,50,Zaragoza,Private,ICE,REST,Standard,1
2024,11,SUZUKI,50,Zaragoza,Private,ICE,REST,Standard,15
2024,11,TESLA,50,Zaragoza,Corporate,BEV,FOCUS SEGMENT,Standard,1
2024,11,TESLA,50,Zaragoza,Private,BEV,FOCUS SEGMENT,Standard,11
2024,11,TOYOTA,50,Zaragoza,Corporate,BEV,REST,Standard,1
2024,11,TOYOTA,50,Zaragoza,Corporate,ICE,REST,Standard,25
2024,11,TOYOTA,50,Zaragoza,Corporate,PHEV,REST,Standard,4
2024,11,TOYOTA,50,Zaragoza,Private,BEV,REST,Standard,1
2024,11,TOYOTA,50,Zaragoza,Private,ICE,REST,Standard,68
2024,11,TOYOTA,50,Zaragoza,Private,PHEV,REST,Standard,1
2024,11,VOLKSWAGEN,50,Zaragoza,Corporate,ICE,REST,Standard,25
2024,11,VOLKSWAGEN,50,Zaragoza,Private,BEV,REST,Standard,1
2024,11,VOLKSWAGEN,50,Zaragoza,Private,ICE,REST,Standard,40
2024,11,VOLVO,50,Zaragoza,Corporate,ICE,FOCUS SEGMENT,Standard,7
2024,11,VOLVO,50,Zaragoza,Private,BEV,FOCUS SEGMENT,Standard,3
2024,11,VOLVO,50,Zaragoza,Private,ICE,FOCUS SEGMENT,Standard,14
2024,11,AUDI,51,Ceuta,Corporate,ICE,FOCUS SEGMENT,Standard,1
2024,11,BMW,51,Ceuta,Private,ICE,FOCUS SEGMENT,Standard,2
2024,11,BYD,51,Ceuta,Private,PHEV,REST,Standard,1
2024,11,CITROEN,51,Ceuta,Corporate,ICE,REST,Standard,1
2024,11,CITROEN,51,Ceuta,Private,ICE,REST,Standard,1
2024,11,CUPRA,51,Ceuta,Private,ICE,REST,Standard,1
2024,11,DACIA,51,Ceuta,Private,ICE,REST,Standard,5
2024,11,FORD,51,Ceuta,Private,ICE,REST,Standard,1
2024,11,HYUNDAI,51,Ceuta,Private,ICE,REST,Standard,9
2024,11,KIA,51,Ceuta,Private,BEV,REST,Standard,1
2024,11,KIA,51,Ceuta,Private,ICE,,Standard,1
2024,11,KIA,51,Ceuta,Private,ICE,REST,Standard,10
2024,11,LEXUS,51,Ceuta,Private,ICE,FOCUS SEGMENT,Standard,1
2024,11,MERCEDES,51,Ceuta,Corporate,ICE,FOCUS SEGMENT,Standard,2
2024,11,MERCEDES,51,Ceuta,Private,ICE,FOCUS SEGMENT,Standard,1
2024,11,MITSUBISHI,51,Ceuta,Corporate,ICE,REST,Standard,2
2024,11,NISSAN,51,Ceuta,Private,ICE,REST,Standard,2
2024,11,OPEL,51,Ceuta,Corporate,ICE,REST,Standard,1
2024,11,PEUGEOT,51,Ceuta,Corporate,BEV,REST,Standard,1
2024,11,PEUGEOT,51,Ceuta,Private,ICE,REST,Standard,1
2024,11,RENAULT,51,Ceuta,Private,ICE,REST,Standard,7
2024,11,SEAT,51,Ceuta,Corporate,ICE,REST,Standard,1
2024,11,SEAT,51,Ceuta,Private,ICE,REST,Standard,3
2024,11,SKODA,51,Ceuta,Private,ICE,REST,Standard,1
2024,11,SUBARU,51,Ceuta,Private,ICE,REST,Standard,1
2024,11,TESLA,51,Ceuta,Private,BEV,FOCUS SEGMENT,Standard,1
2024,11,TOYOTA,51,Ceuta,Private,ICE,REST,Standard,10
2024,11,VOLKSWAGEN,51,Ceuta,Private,ICE,REST,Standard,4
2024,11,ALFA ROMEO,52,Melilla,Private,BEV,REST,Standard,1
2024,11,AUDI,52,Melilla,Corporate,ICE,FOCUS SEGMENT,Standard,1
2024,11,AUDI,52,Melilla,Private,ICE,FOCUS SEGMENT,Standard,3
2024,11,AUDI,52,Melilla,Private,PHEV,FOCUS SEGMENT,Standard,1
2024,11,DACIA,52,Melilla,Corporate,ICE,REST,Standard,2
2024,11,DACIA,52,Melilla,Private,BEV,REST,Standard,1
2024,11,DACIA,52,Melilla,Private,ICE,REST,Standard,5
2024,11,FIAT,52,Melilla,Private,ICE,REST,Standard,1
2024,11,HYUNDAI,52,Melilla,Private,ICE,REST,Standard,4
2024,11,KIA,52,Melilla,Private,ICE,REST,Standard,9
2024,11,MAZDA,52,Melilla,Private,ICE,REST,Standard,1
2024,11,MERCEDES,52,Melilla,Private,ICE,FOCUS SEGMENT,Standard,2
2024,11,MG,52,Melilla,Corporate,ICE,REST,Standard,6
2024,11,MITSUBISHI,52,Melilla,Corporate,ICE,REST,Standard,1
2024,11,MITSUBISHI,52,Melilla,Private,ICE,REST,Standard,3
2024,11,MITSUBISHI,52,Melilla,Private,PHEV,REST,Standard,1
2024,11,NISSAN,52,Melilla,Corporate,ICE,REST,Standard,1
2024,11,PEUGEOT,52,Melilla,Corporate,BEV,REST,Standard,1
2024,11,PEUGEOT,52,Melilla,Private,ICE,REST,Standard,1
2024,11,RENAULT,52,Melilla,Private,ICE,REST,Standard,4
2024,11,SEAT,52,Melilla,Corporate,ICE,REST,Standard,1
2024,11,SEAT,52,Melilla,Private,ICE,REST,Standard,4
2024,11,SKODA,52,Melilla,Private,ICE,REST,Standard,1
2024,11,SUBARU,52,Melilla,Private,ICE,REST,Standard,1
2024,11,TESLA,52,Melilla,Private,BEV,FOCUS SEGMENT,Standard,1
2024,11,TOYOTA,52,Melilla,Corporate,ICE,REST,Standard,3
2024,11,TOYOTA,52,Melilla,Private,ICE,REST,Standard,9
2024,11,VOLKSWAGEN,52,Melilla,Corporate,ICE,REST,Standard,1
2024,11,VOLKSWAGEN,52,Melilla,Private,ICE,REST,Standard,7
