anyo,mes,dia,marca,modelo,cod_prov,provincia,canal,fuel_type,segmento,subseg,hp,body_type,count
2026,09,09,BYD,SEAL U,01,Álava,Private,PHEV,KKL,REST,Standard,SAV,1
2026,09,09,FORD,TRANSIT CUSTOM,01,Álava,Corporate,PHEV,SKL,REST,Standard,TRANSPORTER,1
2026,09,09,HONDA,HR-V,01,Álava,Private,ICE,UKL1,REST,Standard,SAV,1
2026,09,09,HYUNDAI,TUCSON,01,Álava,Private,ICE,UKL2,REST,Standard,SAV,2
2026,09,09,JAECOO,JAECOO 5,01,Álava,Private,BEV,UKL1,REST,Standard,SAV,1
2026,09,09,PEUGEOT,2008,01,Álava,Corporate,ICE,UKL1,REST,Standard,SAV,2
2026,09,09,PEUGEOT,208,01,Álava,Corporate,ICE,UKL1,REST,Standard,HACH 5P,1
2026,09,09,PEUGEOT,RIFTER,01,Álava,Corporate,ICE,SKL,REST,Standard,TRANSPORTER,1
2026,09,09,RENAULT,CAPTUR,01,Álava,Private,ICE,UKL1,REST,Standard,SAV,1
2026,09,09,TOYOTA,C-HR,01,Álava,Private,PHEV,UKL1,REST,Standard,SAV,1
2026,09,09,TOYOTA,COROLLA,01,Álava,Corporate,ICE,UKL2,REST,Standard,HACH 5P,1
2026,09,09,TOYOTA,COROLLA,01,Álava,Private,ICE,UKL2,REST,Standard,HACH 5P,1
2026,09,09,TOYOTA,PROACE,01,Álava,Private,ICE,SKL,REST,Standard,TRANSPORTER,1
2026,09,09,TOYOTA,YARIS CROSS,01,Álava,Private,ICE,UKL1,REST,Standard,SAV,1
2026,09,09,VOLVO,EX30,01,Álava,Private,BEV,UKL1,FOCUS SEGMENT,Standard,SAV,1
2026,09,09,VOLVO,XC40,01,Álava,Private,ICE,UKL2,FOCUS SEGMENT,Standard,SAV,1
2026,09,09,CITROEN,C5 AIRCROSS,02,Albacete,Private,ICE,UKL2,REST,Standard,SAV,1
2026,09,09,EBRO,S400,02,Albacete,Private,ICE,UKL2,REST,Standard,SAV,1
2026,09,09,EBRO,S900,02,Albacete,Corporate,PHEV,UKL2,REST,Standard,SAV,1
2026,09,09,HYUNDAI,TUCSON,02,Albacete,Private,ICE,UKL2,REST,Standard,SAV,1
2026,09,09,JAECOO,JAECOO 5,02,Albacete,Private,ICE,UKL1,REST,Standard,SAV,1
2026,09,09,KIA,NIRO,02,Albacete,Private,ICE,UKL2,REST,Standard,SAV,1
2026,09,09,KIA,SPORTAGE,02,Albacete,Private,ICE,UKL2,REST,Standard,SAV,2
2026,09,09,RENAULT,5,02,Albacete,Private,BEV,UKL1,REST,Standard,HACH 5P,1
2026,09,09,RENAULT,AUSTRAL,02,Albacete,Private,ICE,UKL2,REST,Standard,SAV,1
2026,09,09,RENAULT,ESPACE,02,Albacete,Private,ICE,KKL,REST,Standard,SAV,1
2026,09,09,RENAULT,KANGOO,02,Albacete,Private,ICE,SKL,REST,Standard,TRANSPORTER,1
2026,09,09,SKODA,KAMIQ,02,Albacete,Private,ICE,UKL1,REST,Standard,SAV,1
2026,09,09,SUZUKI,SWIFT,02,Albacete,Private,ICE,UKL1,REST,Standard,HACH 5P,1
2026,09,09,TESLA,MODEL Y,02,Albacete,Private,BEV,KKL,FOCUS SEGMENT,Standard,SAT,2
2026,09,09,TOYOTA,C-HR,02,Albacete,Corporate,PHEV,UKL1,REST,Standard,SAV,1
2026,09,09,TOYOTA,COROLLA,02,Albacete,Corporate,ICE,UKL2,REST,Standard,HACH 5P,1
2026,09,09,TOYOTA,COROLLA,02,Albacete,Private,ICE,UKL2,REST,Standard,HACH 5P,1
2026,09,09,BMW,X1,03,Alicante,Corporate,PHEV,UKL2,FOCUS SEGMENT,Standard,SAV,1
2026,09,09,BMW,X3,03,Alicante,Corporate,ICE,KKL,FOCUS SEGMENT,Standard,SAV,2
2026,09,09,BMW,X3,03,Alicante,Private,ICE,KKL,FOCUS SEGMENT,Standard,SAV,1
2026,09,09,BMW,X5,03,Alicante,Corporate,ICE,MKL,FOCUS SEGMENT,Standard,SAV,1
2026,09,09,BYD,ATTO 2,03,Alicante,Private,PHEV,UKL1,REST,Standard,SAV,1
2026,09,09,BYD,SEAL U,03,Alicante,Private,PHEV,KKL,REST,Standard,SAV,1
2026,09,09,CONCORDE,LINER 1090 GIO,03,Alicante,RAC,ICE,,REST,Standard,,1
2026,09,09,CUPRA,TERRAMAR,03,Alicante,Private,ICE,UKL2,REST,Standard,SAT,1
2026,09,09,DACIA,BIGSTER,03,Alicante,Private,ICE,UKL2,REST,Standard,SAV,2
2026,09,09,DACIA,DUSTER,03,Alicante,Private,ICE,SKL,REST,Standard,PICKUP,1
2026,09,09,DACIA,JOGGER,03,Alicante,Private,ICE,UKL2,REST,Standard,MPV,1
2026,09,09,DACIA,SANDERO,03,Alicante,Private,ICE,UKL1,REST,Standard,HACH 5P,1
2026,09,09,EBRO,S400,03,Alicante,Private,ICE,UKL2,REST,Standard,SAV,3
2026,09,09,EBRO,S900,03,Alicante,Private,PHEV,UKL2,REST,Standard,SAV,1
2026,09,09,FIAT,BT6905,03,Alicante,Private,ICE,,REST,Standard,,1
2026,09,09,FORD,KUGA,03,Alicante,Private,PHEV,UKL2,REST,Standard,SAV,1
2026,09,09,FORD,PUMA,03,Alicante,Private,BEV,UKL1,REST,Standard,SAV,1
2026,09,09,FORD,PUMA,03,Alicante,Private,ICE,UKL1,REST,Standard,SAV,1
2026,09,09,FORD,RANGER,03,Alicante,Corporate,ICE,SKL,REST,Standard,PICKUP,1
2026,09,09,FORD,RANGER,03,Alicante,Corporate,PHEV,SKL,REST,Standard,PICKUP,1
2026,09,09,FORD,TOURNEO,03,Alicante,Private,ICE,SKL,REST,Standard,TRANSPORTER,1
2026,09,09,FORD,TRANSIT COURIER,03,Alicante,Corporate,ICE,SKL,REST,Standard,TRANSPORTER,2
2026,09,09,FORD,TRANSIT COURIER,03,Alicante,Private,ICE,SKL,REST,Standard,TRANSPORTER,1
2026,09,09,FORD,TRANSIT CUSTOM,03,Alicante,Corporate,BEV,SKL,REST,Standard,TRANSPORTER,1
2026,09,09,GEELY,STARRAY,03,Alicante,Private,PHEV,UKL2,REST,Standard,HACH 5P,1
2026,09,09,HYUNDAI,I20,03,Alicante,Private,ICE,UKL1,REST,Standard,HACH 5P,2
2026,09,09,HYUNDAI,I30,03,Alicante,Private,ICE,UKL2,REST,Standard,HACH 5P,1
2026,09,09,HYUNDAI,KONA,03,Alicante,Private,ICE,UKL1,REST,Standard,SAV,1
2026,09,09,HYUNDAI,TUCSON,03,Alicante,Private,ICE,UKL2,REST,Standard,SAV,1
2026,09,09,IVECO,DAILY,03,Alicante,RAC,ICE,SKL,REST,Standard,TRANSPORTER,1
2026,09,09,JAECOO,JAECOO 5,03,Alicante,Private,BEV,UKL1,REST,Standard,SAV,1
2026,09,09,KG MOBILITY,TIVOLI,03,Alicante,Private,ICE,UKL1,REST,Standard,SAV,1
2026,09,09,KIA,EV3,03,Alicante,Private,BEV,UKL1,REST,Standard,SAV,1
2026,09,09,LEAPMOTOR,B10,03,Alicante,Private,BEV,UKL2,REST,Standard,SAV,1
2026,09,09,LEAPMOTOR,T03,03,Alicante,Private,BEV,UKL0,REST,Standard,HACH 5P,1
2026,09,09,MAZDA,6E,03,Alicante,Corporate,BEV,MKL,REST,Standard,SEDAN,1
2026,09,09,MAZDA,6E,03,Alicante,Private,BEV,MKL,REST,Standard,SEDAN,1
2026,09,09,MAZDA,CX30,03,Alicante,Private,ICE,UKL2,REST,Standard,SAV,1
2026,09,09,MAZDA,CX5,03,Alicante,Corporate,ICE,UKL2,REST,Standard,SAV,2
2026,09,09,MAZDA,MAZDA 3,03,Alicante,Corporate,ICE,UKL2,REST,Standard,SEDAN,1
2026,09,09,MAZDA,MAZDA 3,03,Alicante,Private,ICE,UKL2,REST,Standard,SEDAN,1
2026,09,09,MAZDA,MX-5,03,Alicante,Private,ICE,UKL2,REST,Standard,ROADSTER,1
2026,09,09,MERCEDES,CLASE CLE,03,Alicante,Corporate,ICE,MKL,FOCUS SEGMENT,M Performance,COUPE,1
2026,09,09,MERCEDES,CLASE CLE,03,Alicante,Corporate,ICE,MKL,FOCUS SEGMENT,Standard,COUPE,1
2026,09,09,MERCEDES,CLASE GLA,03,Alicante,Corporate,ICE,UKL2,FOCUS SEGMENT,Standard,SAV,2
2026,09,09,MERCEDES,CLASE GLC,03,Alicante,Corporate,ICE,KKL,FOCUS SEGMENT,Standard,SAV,2
2026,09,09,MERCEDES,CLASE GLE,03,Alicante,Corporate,ICE,MKL,FOCUS SEGMENT,Standard,SAV,1
2026,09,09,MERCEDES,SPRINTER 300,03,Alicante,Corporate,ICE,SKL,REST,Standard,TRANSPORTER,1
2026,09,09,MG,ZS,03,Alicante,Private,ICE,UKL1,REST,Standard,SAV,4
2026,09,09,MITSUBISHI,ASX,03,Alicante,Private,ICE,UKL2,REST,Standard,SAV,1
2026,09,09,MITSUBISHI,GRANDIS,03,Alicante,Private,ICE,UKL1,REST,Standard,SAV,1
2026,09,09,MITSUBISHI,OUTLANDER,03,Alicante,Private,PHEV,KKL,REST,Standard,SAV,1
2026,09,09,NISSAN,MICRA,03,Alicante,Private,BEV,UKL1,REST,Standard,HACH 5P,1
2026,09,09,NISSAN,QASHQAI,03,Alicante,Private,ICE,UKL2,REST,Standard,SAT,1
2026,09,09,NISSAN,X-TRAIL,03,Alicante,Private,ICE,KKL,REST,Standard,SUV,1
2026,09,09,OMODA,OMODA 5,03,Alicante,Private,ICE,UKL2,REST,Standard,SAV,1
2026,09,09,OPEL,FRONTERA,03,Alicante,Private,BEV,KKL,REST,Standard,SUV,1
2026,09,09,OPEL,FRONTERA,03,Alicante,Private,ICE,KKL,REST,Standard,SUV,1
2026,09,09,PEUGEOT,2008,03,Alicante,Private,ICE,UKL1,REST,Standard,SAV,1
2026,09,09,PEUGEOT,208,03,Alicante,Private,ICE,UKL1,REST,Standard,HACH 5P,1
2026,09,09,PEUGEOT,PARTNER,03,Alicante,Corporate,ICE,SKL,REST,Standard,TRANSPORTER,1
2026,09,09,RENAULT,CAPTUR,03,Alicante,Private,ICE,UKL1,REST,Standard,SAV,1
2026,09,09,RENAULT,CLIO,03,Alicante,Private,ICE,UKL1,REST,Standard,HACH 5P,2
2026,09,09,SEAT,ATECA,03,Alicante,Private,ICE,UKL2,REST,Standard,SAT,1
2026,09,09,SEAT,IBIZA,03,Alicante,Private,ICE,UKL1,REST,Standard,HACH 5P,2
2026,09,09,SKODA,FABIA,03,Alicante,Private,ICE,UKL1,REST,Standard,HACH 5P,3
2026,09,09,SKODA,KAROQ,03,Alicante,Private,ICE,UKL2,REST,Standard,SAT,1
2026,09,09,TESLA,MODEL 3,03,Alicante,Private,BEV,KKL,FOCUS SEGMENT,Standard,SEDAN,3
2026,09,09,TESLA,MODEL Y,03,Alicante,Private,BEV,KKL,FOCUS SEGMENT,Standard,SAT,6
2026,09,09,TOYOTA,AYGO X,03,Alicante,Private,ICE,UKL0,REST,Standard,HACH 5P,2
2026,09,09,TOYOTA,C-HR,03,Alicante,Corporate,BEV,UKL1,REST,Standard,SAV,2
2026,09,09,TOYOTA,C-HR,03,Alicante,Corporate,ICE,UKL1,REST,Standard,SAV,1
2026,09,09,TOYOTA,C-HR,03,Alicante,Corporate,PHEV,UKL1,REST,Standard,SAV,1
2026,09,09,TOYOTA,C-HR,03,Alicante,Private,PHEV,UKL1,REST,Standard,SAV,1
2026,09,09,TOYOTA,COROLLA,03,Alicante,Private,ICE,UKL2,REST,Standard,HACH 5P,2
2026,09,09,TOYOTA,PROACE CITY,03,Alicante,Corporate,ICE,SKL,REST,Standard,TRANSPORTER,2
2026,09,09,TOYOTA,RAV 4,03,Alicante,Corporate,PHEV,UKL2,REST,Standard,SAV,1
2026,09,09,VOLKSWAGEN,GOLF,03,Alicante,Private,PHEV,UKL2,REST,Standard,HACH 5P,1
2026,09,09,VOLKSWAGEN,T-CROSS,03,Alicante,Private,ICE,UKL1,REST,Standard,SAV,1
2026,09,09,VOLKSWAGEN,T-ROC,03,Alicante,Private,ICE,UKL2,REST,Standard,SAV,2
2026,09,09,BYD,ATTO 3 EVO,04,Almería,Private,BEV,UKL2,REST,Standard,SAV,1
2026,09,09,DACIA,SANDERO,04,Almería,Private,ICE,UKL1,REST,Standard,HACH 5P,2
2026,09,09,HYUNDAI,I20,04,Almería,Private,ICE,UKL1,REST,Standard,HACH 5P,2
2026,09,09,HYUNDAI,KONA,04,Almería,Private,ICE,UKL1,REST,Standard,SAV,1
2026,09,09,IVECO,DAILY,04,Almería,Corporate,ICE,SKL,REST,Standard,TRANSPORTER,1
2026,09,09,KIA,PICANTO,04,Almería,Private,ICE,UKL0,REST,Standard,HACH 5P,1
2026,09,09,KIA,STONIC,04,Almería,Private,ICE,UKL1,REST,Standard,SAV,1
2026,09,09,MAZDA,6E,04,Almería,Corporate,BEV,MKL,REST,Standard,SEDAN,1
2026,09,09,MAZDA,CX30,04,Almería,Private,ICE,UKL2,REST,Standard,SAV,1
2026,09,09,MERCEDES,CLASE GLA,04,Almería,Private,ICE,UKL2,FOCUS SEGMENT,Standard,SAV,1
2026,09,09,MERCEDES,CLASE GLA,04,Almería,Private,PHEV,UKL2,FOCUS SEGMENT,Standard,SAV,1
2026,09,09,MERCEDES,CLASE GLB,04,Almería,Private,BEV,UKL2,FOCUS SEGMENT,Standard,SAV,1
2026,09,09,MINI,HATCHBACK,04,Almería,Private,BEV,UKL1,FOCUS SEGMENT,Standard,HACH 3P,1
2026,09,09,OMODA,OMODA 7,04,Almería,Private,PHEV,KKL,REST,Standard,SAV,1
2026,09,09,RENAULT,5,04,Almería,Private,BEV,UKL1,REST,Standard,HACH 5P,1
2026,09,09,SEAT,ATECA,04,Almería,Private,ICE,UKL2,REST,Standard,SAT,1
2026,09,09,TESLA,MODEL 3,04,Almería,Private,BEV,KKL,FOCUS SEGMENT,Standard,SEDAN,3
2026,09,09,TESLA,MODEL Y,04,Almería,Private,BEV,KKL,FOCUS SEGMENT,Standard,SAT,1
2026,09,09,TOYOTA,C-HR,04,Almería,Private,ICE,UKL1,REST,Standard,SAV,1
2026,09,09,TOYOTA,C-HR,04,Almería,Private,PHEV,UKL1,REST,Standard,SAV,1
2026,09,09,TOYOTA,COROLLA,04,Almería,Corporate,ICE,UKL2,REST,Standard,HACH 5P,2
2026,09,09,TOYOTA,COROLLA,04,Almería,Private,ICE,UKL2,REST,Standard,HACH 5P,1
2026,09,09,TOYOTA,YARIS,04,Almería,Private,ICE,UKL1,REST,Standard,HACH 5P,1
2026,09,09,VOLKSWAGEN,CRAFTER,04,Almería,Corporate,ICE,SKL,REST,Standard,TRANSPORTER,1
2026,09,09,VOLKSWAGEN,T-ROC,04,Almería,Private,ICE,UKL2,REST,Standard,SAV,1
2026,09,09,XPENG,G6,04,Almería,Corporate,BEV,KKL,FOCUS SEGMENT,Standard,SAV,1
2026,09,09,CITROEN,C3,05,Ávila,Private,BEV,UKL1,REST,Standard,HACH 5P,1
2026,09,09,CUPRA,FORMENTOR,05,Ávila,Private,PHEV,UKL2,REST,Standard,SAT,1
2026,09,09,DACIA,DUSTER,05,Ávila,Private,ICE,SKL,REST,Standard,PICKUP,1
2026,09,09,MG,ZS,05,Ávila,Private,ICE,UKL1,REST,Standard,SAV,1
2026,09,09,OMODA,OMODA 7,05,Ávila,Private,PHEV,KKL,REST,Standard,SAV,1
2026,09,09,TESLA,MODEL Y,05,Ávila,Private,BEV,KKL,FOCUS SEGMENT,Standard,SAT,1
2026,09,09,TOYOTA,AYGO X,05,Ávila,Private,ICE,UKL0,REST,Standard,HACH 5P,1
2026,09,09,TOYOTA,PROACE CITY,05,Ávila,Corporate,BEV,SKL,REST,Standard,TRANSPORTER,1
2026,09,09,VOLKSWAGEN,GOLF,05,Ávila,Private,ICE,UKL2,REST,Standard,HACH 5P,1
2026,09,09,BYD,DOLPHIN SURF,06,Badajoz,Private,BEV,UKL0,REST,Standard,HACH 5P,1
2026,09,09,CITROEN,JUMPY,06,Badajoz,Private,ICE,SKL,REST,Standard,TRANSPORTER,1
2026,09,09,DACIA,SANDERO,06,Badajoz,Private,ICE,UKL1,REST,Standard,HACH 5P,1
2026,09,09,FORD,MUSTANG,06,Badajoz,Corporate,ICE,MKL,REST,Standard,CABRIO,1
2026,09,09,FORD,PUMA,06,Badajoz,Private,BEV,UKL1,REST,Standard,SAV,1
2026,09,09,HYUNDAI,INSTER,06,Badajoz,Private,BEV,UKL2,REST,Standard,SAV,1
2026,09,09,HYUNDAI,TUCSON,06,Badajoz,Private,ICE,UKL2,REST,Standard,SAV,1
2026,09,09,IVECO,DAILY,06,Badajoz,Corporate,ICE,SKL,REST,Standard,TRANSPORTER,1
2026,09,09,MAN,TGE,06,Badajoz,RAC,ICE,SKL,REST,Standard,TRANSPORTER,1
2026,09,09,MERCEDES,CLASE GLC,06,Badajoz,Corporate,PHEV,KKL,FOCUS SEGMENT,Standard,SAV,2
2026,09,09,MITSUBISHI,GRANDIS,06,Badajoz,Private,ICE,UKL1,REST,Standard,SAV,1
2026,09,09,RENAULT,CAPTUR,06,Badajoz,Private,ICE,UKL1,REST,Standard,SAV,1
2026,09,09,RENAULT,TRAFIC,06,Badajoz,Corporate,ICE,SKL,REST,Standard,TRANSPORTER,1
2026,09,09,TOYOTA,BZ4X,06,Badajoz,Private,BEV,UKL2,REST,Standard,SAV,1
2026,09,09,TOYOTA,C-HR,06,Badajoz,Corporate,ICE,UKL1,REST,Standard,SAV,1
2026,09,09,TOYOTA,C-HR,06,Badajoz,Private,PHEV,UKL1,REST,Standard,SAV,3
2026,09,09,TOYOTA,COROLLA,06,Badajoz,Private,ICE,UKL2,REST,Standard,HACH 5P,4
2026,09,09,AUDI,A1,07,Baleares,Private,ICE,UKL1,FOCUS SEGMENT,Standard,HACH 5P,1
2026,09,09,AUDI,Q4 E-TRON,07,Baleares,Private,BEV,UKL2,FOCUS SEGMENT,Standard,SAV,1
2026,09,09,AUDI,Q5 SPORTBACK,07,Baleares,Private,ICE,KKL,FOCUS SEGMENT,Standard,SAV,1
2026,09,09,BYD,ATTO 2,07,Baleares,Private,PHEV,UKL1,REST,Standard,SAV,1
2026,09,09,BYD,DOLPHIN G,07,Baleares,Private,PHEV,UKL1,REST,Standard,HACH 5P,1
2026,09,09,BYD,SEAL U,07,Baleares,Private,PHEV,KKL,REST,Standard,SAV,1
2026,09,09,CITROEN,BERLINGO,07,Baleares,Corporate,BEV,SKL,REST,Standard,TRANSPORTER,1
2026,09,09,CITROEN,C3,07,Baleares,Private,ICE,UKL1,REST,Standard,HACH 5P,1
2026,09,09,CITROEN,C3 AIRCROSS,07,Baleares,Private,ICE,UKL2,REST,Standard,SAV,1
2026,09,09,DACIA,BIGSTER,07,Baleares,Corporate,ICE,UKL2,REST,Standard,SAV,1
2026,09,09,DACIA,DUSTER,07,Baleares,Corporate,ICE,SKL,REST,Standard,PICKUP,1
2026,09,09,DACIA,DUSTER,07,Baleares,Private,ICE,SKL,REST,Standard,PICKUP,1
2026,09,09,DACIA,JOGGER,07,Baleares,Private,ICE,UKL2,REST,Standard,MPV,1
2026,09,09,DACIA,SANDERO,07,Baleares,Private,ICE,UKL1,REST,Standard,HACH 5P,4
2026,09,09,EBRO,S400,07,Baleares,Private,ICE,UKL2,REST,Standard,SAV,4
2026,09,09,FIAT,E-ULYSSE,07,Baleares,Corporate,ICE,SKL,REST,Standard,TRANSPORTER,4
2026,09,09,FIAT,PANDA,07,Baleares,Private,ICE,UKL0,REST,Standard,HACH 5P,3
2026,09,09,GEELY,E5,07,Baleares,Private,BEV,UKL2,REST,Standard,HACH 5P,1
2026,09,09,HYUNDAI,I20,07,Baleares,Private,ICE,UKL1,REST,Standard,HACH 5P,4
2026,09,09,HYUNDAI,KONA,07,Baleares,Private,ICE,UKL1,REST,Standard,SAV,2
2026,09,09,HYUNDAI,TUCSON,07,Baleares,Private,ICE,UKL2,REST,Standard,SAV,2
2026,09,09,JAECOO,JAECOO 5,07,Baleares,Corporate,ICE,UKL1,REST,Standard,SAV,1
2026,09,09,JAECOO,JAECOO 7,07,Baleares,Corporate,ICE,UKL2,REST,Standard,SAV,1
2026,09,09,JEEP,COMPASS,07,Baleares,Private,ICE,UKL2,REST,Standard,SAV,1
2026,09,09,KIA,NIRO,07,Baleares,Private,ICE,UKL2,REST,Standard,SAV,1
2026,09,09,LAND ROVER,DEFENDER,07,Baleares,Private,ICE,MKL,FOCUS SEGMENT,Standard,SUV,1
2026,09,09,LEAPMOTOR,B10,07,Baleares,Private,BEV,UKL2,REST,Standard,SAV,1
2026,09,09,LEAPMOTOR,C10,07,Baleares,Private,BEV,MKL,REST,Standard,SAV,1
2026,09,09,LEXUS,LBX,07,Baleares,Private,ICE,UKL1,FOCUS SEGMENT,Standard,SAV,1
2026,09,09,LYNK & CO,LYNK&CO 01,07,Baleares,Private,PHEV,UKL2,REST,Standard,SAV,1
2026,09,09,MITSUBISHI,ASX,07,Baleares,Private,ICE,UKL2,REST,Standard,SAV,1
2026,09,09,NISSAN,ARIYA,07,Baleares,Corporate,BEV,UKL2,REST,Standard,SAV,1
2026,09,09,NISSAN,QASHQAI,07,Baleares,Corporate,ICE,UKL2,REST,Standard,SAT,1
2026,09,09,OMODA,OMODA 5,07,Baleares,Private,ICE,UKL2,REST,Standard,SAV,1
2026,09,09,OPEL,CORSA,07,Baleares,Private,ICE,UKL1,REST,Standard,HACH 5P,1
2026,09,09,PEUGEOT,2008,07,Baleares,Private,ICE,UKL1,REST,Standard,SAV,1
2026,09,09,PEUGEOT,BOXER,07,Baleares,Private,ICE,SKL,REST,Standard,TRANSPORTER,1
2026,09,09,PEUGEOT,RIFTER,07,Baleares,Private,ICE,SKL,REST,Standard,TRANSPORTER,1
2026,09,09,RENAULT,5,07,Baleares,Private,BEV,UKL1,REST,Standard,HACH 5P,1
2026,09,09,RENAULT,CLIO,07,Baleares,Private,ICE,UKL1,REST,Standard,HACH 5P,1
2026,09,09,RENAULT,KANGOO,07,Baleares,Private,ICE,SKL,REST,Standard,TRANSPORTER,1
2026,09,09,RENAULT,MASTER,07,Baleares,Corporate,ICE,SKL,REST,Standard,TRANSPORTER,3
2026,09,09,RENAULT,SYMBIOZ,07,Baleares,Corporate,ICE,UKL1,REST,Standard,SAV,1
2026,09,09,RENAULT,TRAFIC,07,Baleares,Corporate,ICE,SKL,REST,Standard,TRANSPORTER,1
2026,09,09,SEAT,ARONA,07,Baleares,Private,ICE,UKL1,REST,Standard,SAV,1
2026,09,09,SUZUKI,VITARA,07,Baleares,Private,ICE,UKL2,REST,Standard,SUV,1
2026,09,09,TESLA,MODEL 3,07,Baleares,Corporate,BEV,KKL,FOCUS SEGMENT,Standard,SEDAN,1
2026,09,09,TESLA,MODEL 3,07,Baleares,Private,BEV,KKL,FOCUS SEGMENT,Standard,SEDAN,8
2026,09,09,TESLA,MODEL Y,07,Baleares,Private,BEV,KKL,FOCUS SEGMENT,Standard,SAT,1
2026,09,09,TOYOTA,AYGO X,07,Baleares,Corporate,ICE,UKL0,REST,Standard,HACH 5P,1
2026,09,09,TOYOTA,AYGO X,07,Baleares,Private,ICE,UKL0,REST,Standard,HACH 5P,1
2026,09,09,TOYOTA,C-HR,07,Baleares,Private,ICE,UKL1,REST,Standard,SAV,2
2026,09,09,TOYOTA,COROLLA,07,Baleares,Corporate,ICE,UKL2,REST,Standard,HACH 5P,1
2026,09,09,TOYOTA,COROLLA,07,Baleares,Private,ICE,UKL2,REST,Standard,HACH 5P,1
2026,09,09,TOYOTA,YARIS,07,Baleares,Private,ICE,UKL1,REST,Standard,HACH 5P,2
2026,09,09,TOYOTA,YARIS CROSS,07,Baleares,Private,ICE,UKL1,REST,Standard,SAV,1
2026,09,09,VOLKSWAGEN,CALIFORNIA,07,Baleares,Private,ICE,SKL,REST,Standard,TRANSPORTER,1
2026,09,09,VOLKSWAGEN,ID.BUZZ,07,Baleares,Private,BEV,SKL,REST,Standard,TRANSPORTER,1
2026,09,09,VOLKSWAGEN,T-ROC,07,Baleares,Private,ICE,UKL2,REST,Standard,SAV,1
2026,09,09,VOLVO,EX90,07,Baleares,Private,BEV,MKL,FOCUS SEGMENT,Standard,SAV,1
2026,09,09,ALFA ROMEO,GIULIA,08,Barcelona,Corporate,ICE,KKL,REST,Standard,SEDAN,1
2026,09,09,ALFA ROMEO,STELVIO,08,Barcelona,Corporate,ICE,KKL,REST,Standard,SAV,1
2026,09,09,AUDI,Q3,08,Barcelona,Private,PHEV,UKL2,FOCUS SEGMENT,Standard,SAV,1
2026,09,09,AUDI,Q5 SPORTBACK,08,Barcelona,Private,ICE,KKL,FOCUS SEGMENT,M Performance,SAV,1
2026,09,09,AUDI,Q5 SPORTBACK,08,Barcelona,Private,PHEV,KKL,FOCUS SEGMENT,Standard,SAV,1
2026,09,09,AUDI,Q7,08,Barcelona,Corporate,ICE,MKL,FOCUS SEGMENT,Standard,SAV,1
2026,09,09,AUDI,Q7,08,Barcelona,Private,ICE,MKL,FOCUS SEGMENT,Standard,SAV,1
2026,09,09,BMW,X1,08,Barcelona,Private,ICE,UKL2,FOCUS SEGMENT,Standard,SAV,1
2026,09,09,BMW,X2,08,Barcelona,Private,ICE,UKL2,FOCUS SEGMENT,Standard,SAV,1
2026,09,09,BMW,X3,08,Barcelona,Corporate,PHEV,KKL,FOCUS SEGMENT,Standard,SAV,1
2026,09,09,BMW,X3,08,Barcelona,Private,ICE,KKL,FOCUS SEGMENT,M Performance,SAV,2
2026,09,09,BMW,X5,08,Barcelona,Corporate,PHEV,MKL,FOCUS SEGMENT,Standard,SAV,1
2026,09,09,BMW,iX1,08,Barcelona,Corporate,BEV,UKL2,FOCUS SEGMENT,Standard,SAV,1
2026,09,09,BMW,iX1,08,Barcelona,Private,BEV,UKL2,FOCUS SEGMENT,Standard,SAV,2
2026,09,09,BYD,ATTO 2,08,Barcelona,Private,BEV,UKL1,REST,Standard,SAV,2
2026,09,09,BYD,ATTO 2,08,Barcelona,Private,PHEV,UKL1,REST,Standard,SAV,5
2026,09,09,BYD,ATTO 3 EVO,08,Barcelona,Private,BEV,UKL2,REST,Standard,SAV,4
2026,09,09,BYD,DOLPHIN G,08,Barcelona,Private,PHEV,UKL1,REST,Standard,HACH 5P,1
2026,09,09,BYD,DOLPHIN SURF,08,Barcelona,Corporate,BEV,UKL0,REST,Standard,HACH 5P,1
2026,09,09,BYD,DOLPHIN SURF,08,Barcelona,Private,BEV,UKL0,REST,Standard,HACH 5P,2
2026,09,09,CHANGAN,DEEPAL S05,08,Barcelona,Private,PHEV,UKL2,REST,Standard,HACH 5P,1
2026,09,09,CITROEN,BERLINGO,08,Barcelona,Private,ICE,SKL,REST,Standard,TRANSPORTER,1
2026,09,09,CITROEN,C3,08,Barcelona,Private,BEV,UKL1,REST,Standard,HACH 5P,3
2026,09,09,CITROEN,C3,08,Barcelona,Private,ICE,UKL1,REST,Standard,HACH 5P,1
2026,09,09,CITROEN,C3 AIRCROSS,08,Barcelona,Private,ICE,UKL2,REST,Standard,SAV,1
2026,09,09,CITROEN,JUMPER,08,Barcelona,Private,ICE,SKL,REST,Standard,TRANSPORTER,1
2026,09,09,CITROEN,JUMPY,08,Barcelona,Private,ICE,SKL,REST,Standard,TRANSPORTER,1
2026,09,09,CUPRA,BORN,08,Barcelona,Private,BEV,UKL2,REST,Standard,HACH 5P,1
2026,09,09,CUPRA,CUPRA LEON,08,Barcelona,Private,ICE,UKL2,REST,Standard,HACH 5P,2
2026,09,09,CUPRA,FORMENTOR,08,Barcelona,Private,ICE,UKL2,REST,Standard,SAT,1
2026,09,09,CUPRA,FORMENTOR,08,Barcelona,Private,PHEV,UKL2,REST,Standard,SAT,2
2026,09,09,CUPRA,TERRAMAR,08,Barcelona,Private,PHEV,UKL2,REST,Standard,SAT,1
2026,09,09,DACIA,BIGSTER,08,Barcelona,Private,ICE,UKL2,REST,Standard,SAV,2
2026,09,09,DACIA,DUSTER,08,Barcelona,Private,ICE,SKL,REST,Standard,PICKUP,2
2026,09,09,DACIA,SANDERO,08,Barcelona,Private,ICE,UKL1,REST,Standard,HACH 5P,5
2026,09,09,EBRO,S400,08,Barcelona,Private,ICE,UKL2,REST,Standard,SAV,2
2026,09,09,EBRO,S700,08,Barcelona,Corporate,ICE,UKL2,REST,Standard,SAV,1
2026,09,09,EBRO,S700,08,Barcelona,Private,PHEV,UKL2,REST,Standard,SAV,1
2026,09,09,EBRO,S800,08,Barcelona,Private,PHEV,KKL,REST,Standard,SAV,2
2026,09,09,FIAT,DUCATO,08,Barcelona,Private,ICE,SKL,REST,Standard,TRANSPORTER,2
2026,09,09,FORD,EXPLORER,08,Barcelona,Private,BEV,SKL,REST,Standard,PICKUP,1
2026,09,09,FORD,KUGA,08,Barcelona,Private,PHEV,UKL2,REST,Standard,SAV,1
2026,09,09,FORD,MUSTANG,08,Barcelona,Corporate,ICE,MKL,REST,Standard,CABRIO,1
2026,09,09,FORD,PUMA,08,Barcelona,Corporate,ICE,UKL1,REST,Standard,SAV,2
2026,09,09,FORD,TOURNEO,08,Barcelona,Corporate,BEV,SKL,REST,Standard,TRANSPORTER,1
2026,09,09,FORD,TOURNEO,08,Barcelona,Corporate,ICE,SKL,REST,Standard,TRANSPORTER,1
2026,09,09,FORD,TOURNEO,08,Barcelona,Corporate,PHEV,SKL,REST,Standard,TRANSPORTER,1
2026,09,09,GRAU,URBAN+ 0TAPPWMZ,08,Barcelona,Corporate,BEV,,REST,Standard,,3
2026,09,09,GWM,ORA 5 SUV,08,Barcelona,Private,ICE,UKL2,REST,Standard,SAV,2
2026,09,09,HONDA,HR-V,08,Barcelona,Private,ICE,UKL1,REST,Standard,SAV,1
2026,09,09,HONDA,JAZZ,08,Barcelona,Private,ICE,UKL1,REST,Standard,HACH 5P,1
2026,09,09,HONDA,ZR-V,08,Barcelona,Corporate,ICE,UKL2,REST,Standard,SAV,5
2026,09,09,HYUNDAI,I20,08,Barcelona,Private,ICE,UKL1,REST,Standard,HACH 5P,1
2026,09,09,HYUNDAI,KONA,08,Barcelona,Private,ICE,UKL1,REST,Standard,SAV,1
2026,09,09,HYUNDAI,TUCSON,08,Barcelona,Corporate,ICE,UKL2,REST,Standard,SAV,1
2026,09,09,ISUZU,D-MAX,08,Barcelona,Corporate,ICE,SKL,REST,Standard,PICKUP,2
2026,09,09,JAECOO,JAECOO 5,08,Barcelona,Corporate,BEV,UKL1,REST,Standard,SAV,1
2026,09,09,JAECOO,JAECOO 5,08,Barcelona,Private,ICE,UKL1,REST,Standard,SAV,3
2026,09,09,JAECOO,JAECOO 7,08,Barcelona,Private,PHEV,UKL2,REST,Standard,SAV,1
2026,09,09,JAECOO,JAECOO 8,08,Barcelona,Corporate,PHEV,KKL,REST,Standard,SAV,1
2026,09,09,KIA,EV3,08,Barcelona,Private,BEV,UKL1,REST,Standard,SAV,2
2026,09,09,KIA,NIRO,08,Barcelona,Private,ICE,UKL2,REST,Standard,SAV,3
2026,09,09,KIA,PV5,08,Barcelona,Private,BEV,SKL,REST,Standard,TRANSPORTER,1
2026,09,09,KIA,SPORTAGE,08,Barcelona,Private,ICE,UKL2,REST,Standard,SAV,2
2026,09,09,LEAPMOTOR,B05,08,Barcelona,Private,BEV,UKL1,REST,Standard,HACH 5P,4
2026,09,09,LEAPMOTOR,B10,08,Barcelona,Corporate,BEV,UKL2,REST,Standard,SAV,1
2026,09,09,LEAPMOTOR,C10,08,Barcelona,Private,BEV,MKL,REST,Standard,SAV,2
2026,09,09,LEAPMOTOR,T03,08,Barcelona,Private,BEV,UKL0,REST,Standard,HACH 5P,2
2026,09,09,LEPAS,L8,08,Barcelona,Corporate,PHEV,MKL,REST,Standard,SAV,1
2026,09,09,LEXUS,LBX,08,Barcelona,Private,ICE,UKL1,FOCUS SEGMENT,Standard,SAV,2
2026,09,09,LEXUS,NX,08,Barcelona,Private,PHEV,KKL,FOCUS SEGMENT,Standard,SAV,1
2026,09,09,LEXUS,UX,08,Barcelona,Private,ICE,UKL2,FOCUS SEGMENT,Standard,SAV,1
2026,09,09,MAZDA,6E,08,Barcelona,Private,BEV,MKL,REST,Standard,SEDAN,2
2026,09,09,MAZDA,CX30,08,Barcelona,Private,ICE,UKL2,REST,Standard,SAV,1
2026,09,09,MAZDA,CX5,08,Barcelona,Private,ICE,UKL2,REST,Standard,SAV,4
2026,09,09,MAZDA,MAZDA 2,08,Barcelona,Private,ICE,UKL1,REST,Standard,HACH 5P,1
2026,09,09,MERCEDES,CLASE A,08,Barcelona,Private,ICE,UKL2,FOCUS SEGMENT,Standard,HACH 5P,1
2026,09,09,MERCEDES,CLASE A,08,Barcelona,Private,PHEV,UKL2,FOCUS SEGMENT,Standard,HACH 5P,2
2026,09,09,MERCEDES,CLASE GLA,08,Barcelona,Corporate,PHEV,UKL2,FOCUS SEGMENT,Standard,SAV,1
2026,09,09,MERCEDES,CLASE GLA,08,Barcelona,Private,PHEV,UKL2,FOCUS SEGMENT,Standard,SAV,1
2026,09,09,MERCEDES,CLASE GLB,08,Barcelona,Private,ICE,UKL2,FOCUS SEGMENT,Standard,SAV,1
2026,09,09,MERCEDES,CLASE GLE,08,Barcelona,Corporate,PHEV,MKL,FOCUS SEGMENT,Standard,SAV,1
2026,09,09,MG,MG 3,08,Barcelona,Private,ICE,UKL1,REST,Standard,HACH 5P,2
2026,09,09,MG,MG 4,08,Barcelona,Private,BEV,UKL2,REST,Standard,HACH 5P,1
2026,09,09,MG,ZS,08,Barcelona,Private,ICE,UKL1,REST,Standard,SAV,4
2026,09,09,MINI,HATCHBACK,08,Barcelona,Corporate,ICE,UKL1,FOCUS SEGMENT,Standard,HACH 3P,1
2026,09,09,MINI,HATCHBACK,08,Barcelona,Private,ICE,UKL1,FOCUS SEGMENT,Standard,HACH 3P,1
2026,09,09,MITSUBISHI,OUTLANDER,08,Barcelona,Private,PHEV,KKL,REST,Standard,SAV,4
2026,09,09,NISSAN,JUKE,08,Barcelona,Private,ICE,UKL1,REST,Standard,SAV,1
2026,09,09,NISSAN,QASHQAI,08,Barcelona,Corporate,ICE,UKL2,REST,Standard,SAT,1
2026,09,09,OMODA,OMODA 5,08,Barcelona,Private,ICE,UKL2,REST,Standard,SAV,2
2026,09,09,PEUGEOT,2008,08,Barcelona,Private,ICE,UKL1,REST,Standard,SAV,2
2026,09,09,PEUGEOT,208,08,Barcelona,Private,ICE,UKL1,REST,Standard,HACH 5P,1
2026,09,09,PEUGEOT,5008,08,Barcelona,Private,ICE,KKL,REST,Standard,SUV,1
2026,09,09,PORSCHE,CAYENNE COUPE,08,Barcelona,Corporate,PHEV,MKL,FOCUS SEGMENT,Standard,SAV,1
2026,09,09,RENAULT,5,08,Barcelona,Private,BEV,UKL1,REST,Standard,HACH 5P,2
2026,09,09,RENAULT,CLIO,08,Barcelona,Private,ICE,UKL1,REST,Standard,HACH 5P,2
2026,09,09,RENAULT,TRAFIC,08,Barcelona,Private,ICE,SKL,REST,Standard,TRANSPORTER,1
2026,09,09,RENAULT,TWINGO,08,Barcelona,Private,BEV,UKL0,REST,Standard,HACH 5P,3
2026,09,09,SEAT,ARONA,08,Barcelona,Corporate,ICE,UKL1,REST,Standard,SAV,1
2026,09,09,SEAT,ARONA,08,Barcelona,Private,ICE,UKL1,REST,Standard,SAV,1
2026,09,09,SEAT,IBIZA,08,Barcelona,Private,ICE,UKL1,REST,Standard,HACH 5P,5
2026,09,09,SKODA,EPIQ,08,Barcelona,Corporate,BEV,UKL1,REST,Standard,SAV,2
2026,09,09,SKODA,FABIA,08,Barcelona,Private,ICE,UKL1,REST,Standard,HACH 5P,3
2026,09,09,SKODA,KODIAQ,08,Barcelona,Private,PHEV,KKL,REST,Standard,SAV,1
2026,09,09,SUZUKI,VITARA,08,Barcelona,Private,ICE,UKL2,REST,Standard,SUV,1
2026,09,09,TESLA,MODEL 3,08,Barcelona,Corporate,BEV,KKL,FOCUS SEGMENT,Standard,SEDAN,1
2026,09,09,TESLA,MODEL 3,08,Barcelona,Private,BEV,KKL,FOCUS SEGMENT,Standard,SEDAN,33
2026,09,09,TESLA,MODEL Y,08,Barcelona,Corporate,BEV,KKL,FOCUS SEGMENT,Standard,SAT,1
2026,09,09,TESLA,MODEL Y,08,Barcelona,Private,BEV,KKL,FOCUS SEGMENT,Standard,SAT,14
2026,09,09,TOYOTA,AYGO X,08,Barcelona,Corporate,ICE,UKL0,REST,Standard,HACH 5P,1
2026,09,09,TOYOTA,AYGO X,08,Barcelona,Private,ICE,UKL0,REST,Standard,HACH 5P,1
2026,09,09,TOYOTA,C-HR,08,Barcelona,Corporate,BEV,UKL1,REST,Standard,SAV,1
2026,09,09,TOYOTA,C-HR,08,Barcelona,Private,BEV,UKL1,REST,Standard,SAV,2
2026,09,09,TOYOTA,C-HR,08,Barcelona,Private,ICE,UKL1,REST,Standard,SAV,4
2026,09,09,TOYOTA,C-HR,08,Barcelona,Private,PHEV,UKL1,REST,Standard,SAV,5
2026,09,09,TOYOTA,COROLLA,08,Barcelona,Corporate,ICE,UKL2,REST,Standard,HACH 5P,5
2026,09,09,TOYOTA,COROLLA,08,Barcelona,Private,ICE,UKL2,REST,Standard,HACH 5P,2
2026,09,09,TOYOTA,GR YARIS,08,Barcelona,Corporate,ICE,UKL1,REST,Standard,HACH 3P,1
2026,09,09,TOYOTA,LAND CRUISER,08,Barcelona,Corporate,ICE,GKL,REST,Standard,SUV,1
2026,09,09,TOYOTA,RAV 4,08,Barcelona,Corporate,PHEV,UKL2,REST,Standard,SAV,1
2026,09,09,TOYOTA,RAV 4,08,Barcelona,Private,PHEV,UKL2,REST,Standard,SAV,2
2026,09,09,TOYOTA,YARIS,08,Barcelona,Corporate,ICE,UKL1,REST,Standard,HACH 5P,1
2026,09,09,TOYOTA,YARIS,08,Barcelona,Private,ICE,UKL1,REST,Standard,HACH 5P,7
2026,09,09,TOYOTA,YARIS CROSS,08,Barcelona,Private,ICE,UKL1,REST,Standard,SAV,9
2026,09,09,ULTRAND,X5,08,Barcelona,Corporate,ICE,,REST,Standard,,1
2026,09,09,VOLKSWAGEN,ID. POLO 155KW 3WVWZZZE,08,Barcelona,Corporate,BEV,,REST,Standard,,1
2026,09,09,VOLKSWAGEN,ID.3,08,Barcelona,Private,BEV,UKL2,REST,Standard,HACH 5P,1
2026,09,09,VOLKSWAGEN,MULTIVAN,08,Barcelona,Corporate,PHEV,SKL,REST,Standard,TRANSPORTER,1
2026,09,09,VOLKSWAGEN,POLO,08,Barcelona,Private,ICE,UKL1,REST,Standard,HACH 5P,1
2026,09,09,VOLKSWAGEN,T-CROSS,08,Barcelona,Private,ICE,UKL1,REST,Standard,SAV,3
2026,09,09,VOLKSWAGEN,T-ROC,08,Barcelona,Private,ICE,UKL2,REST,Standard,SAV,1
2026,09,09,VOLKSWAGEN,TAIGO,08,Barcelona,Private,ICE,UKL1,REST,Standard,SAV,3
2026,09,09,VOLKSWAGEN,TAYRON,08,Barcelona,Private,ICE,UKL2,REST,Standard,SAV,1
2026,09,09,VOLVO,EX30,08,Barcelona,Private,BEV,UKL1,FOCUS SEGMENT,Standard,SAV,2
2026,09,09,XPENG,G6,08,Barcelona,Private,BEV,KKL,FOCUS SEGMENT,Standard,SAV,1
2026,09,09,ZEEKR,7GT,08,Barcelona,Private,BEV,KKL,FOCUS SEGMENT,Standard,SEDAN,2
2026,09,09,BMW,X3,09,Burgos,Private,ICE,KKL,FOCUS SEGMENT,Standard,SAV,1
2026,09,09,CITROEN,BERLINGO,09,Burgos,Corporate,ICE,SKL,REST,Standard,TRANSPORTER,1
2026,09,09,DACIA,DUSTER,09,Burgos,Private,ICE,SKL,REST,Standard,PICKUP,1
2026,09,09,MERCEDES,CLASE GLA,09,Burgos,Private,ICE,UKL2,FOCUS SEGMENT,Standard,SAV,1
2026,09,09,MERCEDES,SPRINTER 300,09,Burgos,Private,ICE,SKL,REST,Standard,TRANSPORTER,1
2026,09,09,MG,HS,09,Burgos,Private,PHEV,KKL,REST,Standard,SAV,1
2026,09,09,NISSAN,QASHQAI,09,Burgos,Corporate,ICE,UKL2,REST,Standard,SAT,1
2026,09,09,PEUGEOT,2008,09,Burgos,Private,ICE,UKL1,REST,Standard,SAV,1
2026,09,09,TOYOTA,C-HR,09,Burgos,Private,PHEV,UKL1,REST,Standard,SAV,1
2026,09,09,TOYOTA,YARIS,09,Burgos,Private,ICE,UKL1,REST,Standard,HACH 5P,1
2026,09,09,VOLKSWAGEN,ID.3,09,Burgos,Private,BEV,UKL2,REST,Standard,HACH 5P,1
2026,09,09,CITROEN,JUMPER,10,Cáceres,Private,ICE,SKL,REST,Standard,TRANSPORTER,1
2026,09,09,DACIA,SANDERO,10,Cáceres,Private,ICE,UKL1,REST,Standard,HACH 5P,1
2026,09,09,EBRO,S700,10,Cáceres,Private,PHEV,UKL2,REST,Standard,SAV,1
2026,09,09,LEAPMOTOR,B05,10,Cáceres,Private,BEV,UKL1,REST,Standard,HACH 5P,1
2026,09,09,MAZDA,MAZDA 3,10,Cáceres,Private,ICE,UKL2,REST,Standard,SEDAN,1
2026,09,09,MERCEDES,CLASE CLA,10,Cáceres,Private,BEV,UKL2,FOCUS SEGMENT,Standard,SEDAN,1
2026,09,09,SEAT,IBIZA,10,Cáceres,Private,ICE,UKL1,REST,Standard,HACH 5P,1
2026,09,09,AUDI,A1,11,Cádiz,Private,ICE,UKL1,FOCUS SEGMENT,Standard,HACH 5P,1
2026,09,09,BYD,ATTO 2,11,Cádiz,Private,PHEV,UKL1,REST,Standard,SAV,1
2026,09,09,CHANGAN,DEEPAL S05,11,Cádiz,Private,PHEV,UKL2,REST,Standard,HACH 5P,1
2026,09,09,DACIA,BIGSTER,11,Cádiz,Corporate,ICE,UKL2,REST,Standard,SAV,2
2026,09,09,DACIA,BIGSTER,11,Cádiz,Private,ICE,UKL2,REST,Standard,SAV,1
2026,09,09,DACIA,DUSTER,11,Cádiz,Private,ICE,SKL,REST,Standard,PICKUP,4
2026,09,09,DACIA,JOGGER,11,Cádiz,Private,ICE,UKL2,REST,Standard,MPV,1
2026,09,09,DACIA,SANDERO,11,Cádiz,Private,ICE,UKL1,REST,Standard,HACH 5P,2
2026,09,09,EBRO,S400,11,Cádiz,Corporate,ICE,UKL2,REST,Standard,SAV,1
2026,09,09,EBRO,S400,11,Cádiz,Private,ICE,UKL2,REST,Standard,SAV,2
2026,09,09,EBRO,S700,11,Cádiz,Private,ICE,UKL2,REST,Standard,SAV,1
2026,09,09,EBRO,S700,11,Cádiz,Private,PHEV,UKL2,REST,Standard,SAV,1
2026,09,09,FIAT,PANDA,11,Cádiz,Private,ICE,UKL0,REST,Standard,HACH 5P,2
2026,09,09,HYUNDAI,KONA,11,Cádiz,Private,ICE,UKL1,REST,Standard,SAV,1
2026,09,09,HYUNDAI,TUCSON,11,Cádiz,Private,ICE,UKL2,REST,Standard,SAV,1
2026,09,09,KIA,NIRO,11,Cádiz,Private,ICE,UKL2,REST,Standard,SAV,1
2026,09,09,KIA,STONIC,11,Cádiz,Private,ICE,UKL1,REST,Standard,SAV,1
2026,09,09,LEAPMOTOR,C10,11,Cádiz,Private,BEV,MKL,REST,Standard,SAV,1
2026,09,09,LYNK & CO,LYNK&CO 08,11,Cádiz,Private,PHEV,UKL2,REST,Standard,SAV,1
2026,09,09,MAXUS,T60,11,Cádiz,Corporate,ICE,SKL,REST,Standard,PICKUP,1
2026,09,09,MERCEDES,CLASE CLA,11,Cádiz,Private,ICE,UKL2,FOCUS SEGMENT,Standard,SEDAN,1
2026,09,09,MERCEDES,CLASE GLA,11,Cádiz,Corporate,ICE,UKL2,FOCUS SEGMENT,Standard,SAV,1
2026,09,09,MG,ZS,11,Cádiz,Private,ICE,UKL1,REST,Standard,SAV,1
2026,09,09,NISSAN,JUKE,11,Cádiz,Private,ICE,UKL1,REST,Standard,SAV,1
2026,09,09,OPEL,CORSA,11,Cádiz,Corporate,ICE,UKL1,REST,Standard,HACH 5P,2
2026,09,09,PEUGEOT,2008,11,Cádiz,Private,ICE,UKL1,REST,Standard,SAV,1
2026,09,09,PEUGEOT,308,11,Cádiz,Private,ICE,UKL2,REST,Standard,HACH 5P,1
2026,09,09,RENAULT,ARKANA,11,Cádiz,Private,ICE,UKL2,REST,Standard,SAV,1
2026,09,09,RENAULT,CAPTUR,11,Cádiz,Private,ICE,UKL1,REST,Standard,SAV,1
2026,09,09,RENAULT,CLIO,11,Cádiz,Private,ICE,UKL1,REST,Standard,HACH 5P,1
2026,09,09,RENAULT,SYMBIOZ,11,Cádiz,Private,ICE,UKL1,REST,Standard,SAV,1
2026,09,09,SKODA,FABIA,11,Cádiz,Private,ICE,UKL1,REST,Standard,HACH 5P,2
2026,09,09,SKODA,KAMIQ,11,Cádiz,Private,ICE,UKL1,REST,Standard,SAV,1
2026,09,09,SKODA,KAROQ,11,Cádiz,Private,ICE,UKL2,REST,Standard,SAT,1
2026,09,09,TESLA,MODEL 3,11,Cádiz,Private,BEV,KKL,FOCUS SEGMENT,Standard,SEDAN,1
2026,09,09,TOYOTA,C-HR,11,Cádiz,Corporate,ICE,UKL1,REST,Standard,SAV,1
2026,09,09,TOYOTA,C-HR,11,Cádiz,Corporate,PHEV,UKL1,REST,Standard,SAV,1
2026,09,09,TOYOTA,C-HR,11,Cádiz,Private,ICE,UKL1,REST,Standard,SAV,2
2026,09,09,TOYOTA,COROLLA,11,Cádiz,Private,ICE,UKL2,REST,Standard,HACH 5P,3
2026,09,09,TOYOTA,PROACE,11,Cádiz,Corporate,ICE,SKL,REST,Standard,TRANSPORTER,1
2026,09,09,TOYOTA,YARIS CROSS,11,Cádiz,Corporate,ICE,UKL1,REST,Standard,SAV,2
2026,09,09,TOYOTA,YARIS CROSS,11,Cádiz,Private,ICE,UKL1,REST,Standard,SAV,1
2026,09,09,VOLKSWAGEN,T-CROSS,11,Cádiz,Private,ICE,UKL1,REST,Standard,SAV,1
2026,09,09,VOLKSWAGEN,T-ROC,11,Cádiz,Private,ICE,UKL2,REST,Standard,SAV,1
2026,09,09,VOLKSWAGEN,TAIGO,11,Cádiz,Private,ICE,UKL1,REST,Standard,SAV,1
2026,09,09,VOLKSWAGEN,TIGUAN,11,Cádiz,Private,ICE,UKL2,REST,Standard,SAV,1
2026,09,09,BYD,ATTO 2,12,Castellón,Private,BEV,UKL1,REST,Standard,SAV,1
2026,09,09,BYD,ATTO 2,12,Castellón,Private,PHEV,UKL1,REST,Standard,SAV,1
2026,09,09,BYD,DOLPHIN SURF,12,Castellón,Private,BEV,UKL0,REST,Standard,HACH 5P,1
2026,09,09,DACIA,DUSTER,12,Castellón,Corporate,ICE,SKL,REST,Standard,PICKUP,1
2026,09,09,DACIA,DUSTER,12,Castellón,Private,ICE,SKL,REST,Standard,PICKUP,2
2026,09,09,DACIA,JOGGER,12,Castellón,Private,ICE,UKL2,REST,Standard,MPV,1
2026,09,09,DACIA,SANDERO,12,Castellón,Private,ICE,UKL1,REST,Standard,HACH 5P,1
2026,09,09,FOTON MOTORS,TUNLAND,12,Castellón,Corporate,ICE,SKL,REST,Standard,PICKUP,1
2026,09,09,JAECOO,JAECOO 5,12,Castellón,Private,ICE,UKL1,REST,Standard,SAV,1
2026,09,09,JAECOO,JAECOO 7,12,Castellón,Private,ICE,UKL2,REST,Standard,SAV,1
2026,09,09,KIA,NIRO,12,Castellón,Private,ICE,UKL2,REST,Standard,SAV,1
2026,09,09,KIA,STONIC,12,Castellón,Private,ICE,UKL1,REST,Standard,SAV,1
2026,09,09,LEAPMOTOR,T03,12,Castellón,Private,BEV,UKL0,REST,Standard,HACH 5P,1
2026,09,09,LEXUS,ES,12,Castellón,Corporate,ICE,MKL,FOCUS SEGMENT,Standard,SEDAN,1
2026,09,09,LEXUS,NX,12,Castellón,Corporate,PHEV,KKL,FOCUS SEGMENT,Standard,SAV,1
2026,09,09,MAZDA,CX5,12,Castellón,Private,ICE,UKL2,REST,Standard,SAV,1
2026,09,09,MERCEDES,SPRINTER 300,12,Castellón,Private,ICE,SKL,REST,Standard,TRANSPORTER,1
2026,09,09,MG,ZS,12,Castellón,Private,ICE,UKL1,REST,Standard,SAV,1
2026,09,09,PEUGEOT,208,12,Castellón,Private,ICE,UKL1,REST,Standard,HACH 5P,1
2026,09,09,PEUGEOT,EXPERT,12,Castellón,Corporate,ICE,SKL,REST,Standard,TRANSPORTER,2
2026,09,09,RENAULT,TRAFIC,12,Castellón,Corporate,ICE,SKL,REST,Standard,TRANSPORTER,1
2026,09,09,SEAT,IBIZA,12,Castellón,Corporate,ICE,UKL1,REST,Standard,HACH 5P,2
2026,09,09,SEAT,IBIZA,12,Castellón,Private,ICE,UKL1,REST,Standard,HACH 5P,1
2026,09,09,TESLA,MODEL 3,12,Castellón,Private,BEV,KKL,FOCUS SEGMENT,Standard,SEDAN,2
2026,09,09,TESLA,MODEL Y,12,Castellón,Private,BEV,KKL,FOCUS SEGMENT,Standard,SAT,2
2026,09,09,TOYOTA,C-HR,12,Castellón,Private,PHEV,UKL1,REST,Standard,SAV,1
2026,09,09,TOYOTA,YARIS CROSS,12,Castellón,Private,ICE,UKL1,REST,Standard,SAV,1
2026,09,09,VOLKSWAGEN,TRANSPORTER,12,Castellón,Corporate,ICE,SKL,REST,Standard,TRANSPORTER,1
2026,09,09,BYD,SEAL U,13,Ciudad Real,Private,PHEV,KKL,REST,Standard,SAV,1
2026,09,09,CITROEN,C3,13,Ciudad Real,Private,ICE,UKL1,REST,Standard,HACH 5P,1
2026,09,09,GEELY,STARRAY,13,Ciudad Real,Private,PHEV,UKL2,REST,Standard,HACH 5P,1
2026,09,09,KIA,XCEED,13,Ciudad Real,Private,ICE,UKL2,REST,Standard,HACH 5P,1
2026,09,09,LAND ROVER,RANGE ROVER SPORT,13,Ciudad Real,Corporate,PHEV,MKL,FOCUS SEGMENT,Standard,SAV,1
2026,09,09,MAZDA,MAZDA 3,13,Ciudad Real,Corporate,ICE,UKL2,REST,Standard,SEDAN,1
2026,09,09,NISSAN,PRIMASTAR,13,Ciudad Real,Private,ICE,SKL,REST,Standard,TRANSPORTER,1
2026,09,09,OMODA,OMODA 5,13,Ciudad Real,Private,ICE,UKL2,REST,Standard,SAV,1
2026,09,09,RENAULT,CLIO,13,Ciudad Real,Private,ICE,UKL1,REST,Standard,HACH 5P,1
2026,09,09,SEAT,ARONA,13,Ciudad Real,Private,ICE,UKL1,REST,Standard,SAV,1
2026,09,09,SEAT,ATECA,13,Ciudad Real,Corporate,ICE,UKL2,REST,Standard,SAT,1
2026,09,09,SEAT,IBIZA,13,Ciudad Real,Private,ICE,UKL1,REST,Standard,HACH 5P,1
2026,09,09,TOYOTA,C-HR,13,Ciudad Real,Private,ICE,UKL1,REST,Standard,SAV,1
2026,09,09,TOYOTA,COROLLA,13,Ciudad Real,Corporate,ICE,UKL2,REST,Standard,HACH 5P,1
2026,09,09,TOYOTA,YARIS,13,Ciudad Real,Private,ICE,UKL1,REST,Standard,HACH 5P,1
2026,09,09,VOLKSWAGEN,PASSAT,13,Ciudad Real,Private,ICE,KKL,REST,Standard,ESTATE,1
2026,09,09,VOLVO,XC40,13,Ciudad Real,Private,ICE,UKL2,FOCUS SEGMENT,Standard,SAV,1
2026,09,09,XPENG,G6,13,Ciudad Real,Private,BEV,KKL,FOCUS SEGMENT,Standard,SAV,1
2026,09,09,BAW,212 T01,14,Córdoba,Corporate,ICE,UKL2,REST,Standard,SAV,1
2026,09,09,BYD,ATTO 3 EVO,14,Córdoba,Private,BEV,UKL2,REST,Standard,SAV,1
2026,09,09,DACIA,DUSTER,14,Córdoba,Private,ICE,SKL,REST,Standard,PICKUP,2
2026,09,09,DACIA,SANDERO,14,Córdoba,Private,ICE,UKL1,REST,Standard,HACH 5P,3
2026,09,09,EBRO,S400,14,Córdoba,Private,ICE,UKL2,REST,Standard,SAV,1
2026,09,09,EBRO,S700,14,Córdoba,Private,ICE,UKL2,REST,Standard,SAV,1
2026,09,09,HYUNDAI,TUCSON,14,Córdoba,Private,ICE,UKL2,REST,Standard,SAV,1
2026,09,09,JAECOO,JAECOO 5,14,Córdoba,Private,ICE,UKL1,REST,Standard,SAV,1
2026,09,09,LEAPMOTOR,B05,14,Córdoba,Private,BEV,UKL1,REST,Standard,HACH 5P,1
2026,09,09,MERCEDES,CLASE GLA,14,Córdoba,Corporate,PHEV,UKL2,FOCUS SEGMENT,Standard,SAV,1
2026,09,09,MERCEDES,EQE,14,Córdoba,Private,BEV,MKL,FOCUS SEGMENT,Standard,SAV,1
2026,09,09,MERCEDES,SPRINTER 300,14,Córdoba,Corporate,ICE,SKL,REST,Standard,TRANSPORTER,1
2026,09,09,MG,HS,14,Córdoba,Private,PHEV,KKL,REST,Standard,SAV,1
2026,09,09,MINI,HATCHBACK,14,Córdoba,Private,ICE,UKL1,FOCUS SEGMENT,Standard,HACH 3P,1
2026,09,09,OMODA,OMODA 5,14,Córdoba,Private,BEV,UKL2,REST,Standard,SAV,1
2026,09,09,OMODA,OMODA 5,14,Córdoba,Private,ICE,UKL2,REST,Standard,SAV,1
2026,09,09,OMODA,OMODA 9,14,Córdoba,Corporate,PHEV,KKL,REST,Standard,SAV,1
2026,09,09,OPEL,FRONTERA,14,Córdoba,Private,BEV,KKL,REST,Standard,SUV,1
2026,09,09,SEAT,ARONA,14,Córdoba,Private,ICE,UKL1,REST,Standard,SAV,1
2026,09,09,SEAT,LEON,14,Córdoba,Private,ICE,UKL2,REST,Standard,HACH 5P,2
2026,09,09,TOYOTA,AYGO X,14,Córdoba,Corporate,ICE,UKL0,REST,Standard,HACH 5P,1
2026,09,09,TOYOTA,C-HR,14,Córdoba,Corporate,BEV,UKL1,REST,Standard,SAV,1
2026,09,09,VOLVO,XC90,14,Córdoba,Private,ICE,MKL,FOCUS SEGMENT,Standard,SAV,1
2026,09,09,AUDI,A3,15,A Coruña,Private,ICE,UKL2,FOCUS SEGMENT,Standard,HACH 5P,1
2026,09,09,AUDI,A5,15,A Coruña,Private,ICE,KKL,FOCUS SEGMENT,Standard,SEDAN,1
2026,09,09,BAW,212 T01,15,A Coruña,Private,ICE,UKL2,REST,Standard,SAV,1
2026,09,09,BMW,X2,15,A Coruña,Corporate,ICE,UKL2,FOCUS SEGMENT,Standard,SAV,1
2026,09,09,BYD,ATTO 2,15,A Coruña,Private,PHEV,UKL1,REST,Standard,SAV,1
2026,09,09,BYD,SEALION 7,15,A Coruña,Private,BEV,KKL,REST,Standard,SAV,1
2026,09,09,CUPRA,FORMENTOR,15,A Coruña,Private,PHEV,UKL2,REST,Standard,SAT,1
2026,09,09,DACIA,JOGGER,15,A Coruña,Private,ICE,UKL2,REST,Standard,MPV,1
2026,09,09,DACIA,SANDERO,15,A Coruña,Private,ICE,UKL1,REST,Standard,HACH 5P,1
2026,09,09,FORD,PUMA,15,A Coruña,Private,ICE,UKL1,REST,Standard,SAV,1
2026,09,09,HONDA,HR-V,15,A Coruña,Private,ICE,UKL1,REST,Standard,SAV,1
2026,09,09,HYUNDAI,KONA,15,A Coruña,Corporate,ICE,UKL1,REST,Standard,SAV,2
2026,09,09,HYUNDAI,SANTA FE,15,A Coruña,Corporate,PHEV,MKL,REST,Standard,SAV,1
2026,09,09,HYUNDAI,SANTA FE,15,A Coruña,Private,ICE,MKL,REST,Standard,SAV,1
2026,09,09,HYUNDAI,TUCSON,15,A Coruña,Corporate,ICE,UKL2,REST,Standard,SAV,1
2026,09,09,JAECOO,JAECOO 5,15,A Coruña,Private,BEV,UKL1,REST,Standard,SAV,1
2026,09,09,KIA,NIRO,15,A Coruña,Private,ICE,UKL2,REST,Standard,SAV,1
2026,09,09,KIA,SPORTAGE,15,A Coruña,Private,ICE,UKL2,REST,Standard,SAV,1
2026,09,09,KIA,XCEED,15,A Coruña,Private,ICE,UKL2,REST,Standard,HACH 5P,1
2026,09,09,LEXUS,UX,15,A Coruña,Private,ICE,UKL2,FOCUS SEGMENT,Standard,SAV,1
2026,09,09,MERCEDES,CITAN,15,A Coruña,Corporate,ICE,SKL,REST,Standard,TRANSPORTER,1
2026,09,09,MERCEDES,CLASE GLB,15,A Coruña,Corporate,ICE,UKL2,FOCUS SEGMENT,Standard,SAV,1
2026,09,09,MERCEDES,SPRINTER 300,15,A Coruña,Corporate,ICE,SKL,REST,Standard,TRANSPORTER,1
2026,09,09,MG,ZS,15,A Coruña,Private,ICE,UKL1,REST,Standard,SAV,3
2026,09,09,MINI,CABRIO,15,A Coruña,Private,ICE,UKL1,FOCUS SEGMENT,Standard,CABRIO,1
2026,09,09,MINI,HATCHBACK,15,A Coruña,Corporate,BEV,UKL1,FOCUS SEGMENT,JCW,HACH 3P,1
2026,09,09,MINI,HATCHBACK,15,A Coruña,Private,ICE,UKL1,FOCUS SEGMENT,Standard,HACH 3P,1
2026,09,09,NISSAN,ARIYA,15,A Coruña,Private,BEV,UKL2,REST,Standard,SAV,1
2026,09,09,NISSAN,JUKE,15,A Coruña,Private,ICE,UKL1,REST,Standard,SAV,1
2026,09,09,NISSAN,QASHQAI,15,A Coruña,Private,ICE,UKL2,REST,Standard,SAT,1
2026,09,09,OMODA,OMODA 7,15,A Coruña,Private,PHEV,KKL,REST,Standard,SAV,1
2026,09,09,OPEL,FRONTERA,15,A Coruña,Corporate,BEV,KKL,REST,Standard,SUV,1
2026,09,09,PEUGEOT,308,15,A Coruña,Private,ICE,UKL2,REST,Standard,HACH 5P,1
2026,09,09,PORSCHE,CAYENNE,15,A Coruña,Corporate,BEV,MKL,FOCUS SEGMENT,Standard,SAV,1
2026,09,09,SEAT,ARONA,15,A Coruña,Private,ICE,UKL1,REST,Standard,SAV,1
2026,09,09,SEAT,IBIZA,15,A Coruña,Private,ICE,UKL1,REST,Standard,HACH 5P,1
2026,09,09,SKODA,FABIA,15,A Coruña,Private,ICE,UKL1,REST,Standard,HACH 5P,2
2026,09,09,TESLA,MODEL Y,15,A Coruña,Private,BEV,KKL,FOCUS SEGMENT,Standard,SAT,1
2026,09,09,TOYOTA,C-HR,15,A Coruña,Corporate,BEV,UKL1,REST,Standard,SAV,1
2026,09,09,TOYOTA,C-HR,15,A Coruña,Private,ICE,UKL1,REST,Standard,SAV,1
2026,09,09,TOYOTA,C-HR,15,A Coruña,Private,PHEV,UKL1,REST,Standard,SAV,1
2026,09,09,TOYOTA,COROLLA,15,A Coruña,Private,ICE,UKL2,REST,Standard,HACH 5P,2
2026,09,09,TOYOTA,YARIS,15,A Coruña,Private,ICE,UKL1,REST,Standard,HACH 5P,1
2026,09,09,VOLKSWAGEN,T-CROSS,15,A Coruña,Private,ICE,UKL1,REST,Standard,SAV,2
2026,09,09,VOLVO,EX30,15,A Coruña,Private,BEV,UKL1,FOCUS SEGMENT,Standard,SAV,1
2026,09,09,VOLVO,XC40,15,A Coruña,Private,ICE,UKL2,FOCUS SEGMENT,Standard,SAV,1
2026,09,09,JAECOO,JAECOO 5,16,Cuenca,Private,ICE,UKL1,REST,Standard,SAV,1
2026,09,09,NISSAN,LEAF,16,Cuenca,Corporate,BEV,UKL2,REST,Standard,HACH 5P,1
2026,09,09,TOYOTA,RAV 4,16,Cuenca,Private,PHEV,UKL2,REST,Standard,SAV,1
2026,09,09,AUDI,Q3 SPORTBACK,17,Girona,Private,ICE,UKL2,FOCUS SEGMENT,Standard,SAV,1
2026,09,09,BYD,ATTO 3 EVO,17,Girona,Private,BEV,UKL2,REST,Standard,SAV,1
2026,09,09,BYD,SEAL U,17,Girona,Private,PHEV,KKL,REST,Standard,SAV,1
2026,09,09,CUPRA,FORMENTOR,17,Girona,Private,PHEV,UKL2,REST,Standard,SAT,1
2026,09,09,DACIA,BIGSTER,17,Girona,Private,ICE,UKL2,REST,Standard,SAV,2
2026,09,09,DACIA,DUSTER,17,Girona,Private,ICE,SKL,REST,Standard,PICKUP,1
2026,09,09,DACIA,SANDERO,17,Girona,Corporate,ICE,UKL1,REST,Standard,HACH 5P,2
2026,09,09,DACIA,SANDERO,17,Girona,Private,ICE,UKL1,REST,Standard,HACH 5P,2
2026,09,09,GWM,ORA 5 SUV,17,Girona,Corporate,BEV,UKL2,REST,Standard,SAV,3
2026,09,09,GWM,ORA 5 SUV,17,Girona,Corporate,ICE,UKL2,REST,Standard,SAV,5
2026,09,09,HYUNDAI,I20,17,Girona,Private,ICE,UKL1,REST,Standard,HACH 5P,1
2026,09,09,HYUNDAI,I30,17,Girona,Private,ICE,UKL2,REST,Standard,HACH 5P,1
2026,09,09,HYUNDAI,INSTER,17,Girona,Private,BEV,UKL2,REST,Standard,SAV,1
2026,09,09,HYUNDAI,KONA,17,Girona,Private,ICE,UKL1,REST,Standard,SAV,2
2026,09,09,HYUNDAI,TUCSON,17,Girona,Corporate,ICE,UKL2,REST,Standard,SAV,1
2026,09,09,LEAPMOTOR,B05,17,Girona,Private,BEV,UKL1,REST,Standard,HACH 5P,1
2026,09,09,MERCEDES,CITAN,17,Girona,Corporate,ICE,SKL,REST,Standard,TRANSPORTER,2
2026,09,09,MERCEDES,SPRINTER 300,17,Girona,Private,ICE,SKL,REST,Standard,TRANSPORTER,1
2026,09,09,MG,MG 3,17,Girona,Private,ICE,UKL1,REST,Standard,HACH 5P,3
2026,09,09,MG,ZS,17,Girona,Private,ICE,UKL1,REST,Standard,SAV,1
2026,09,09,MINI,COUNTRYMAN,17,Girona,Private,BEV,UKL2,FOCUS SEGMENT,Standard,SAV,1
2026,09,09,MINI,HATCHBACK,17,Girona,Private,ICE,UKL1,FOCUS SEGMENT,Standard,HACH 3P,1
2026,09,09,NISSAN,TOWNSTAR,17,Girona,Private,ICE,SKL,REST,Standard,TRANSPORTER,1
2026,09,09,PEUGEOT,3008,17,Girona,Private,ICE,UKL2,REST,Standard,SAT,1
2026,09,09,PEUGEOT,RIFTER,17,Girona,Corporate,ICE,SKL,REST,Standard,TRANSPORTER,1
2026,09,09,RENAULT,4,17,Girona,Private,BEV,UKL1,REST,Standard,SAV,1
2026,09,09,RENAULT,KANGOO,17,Girona,Private,ICE,SKL,REST,Standard,TRANSPORTER,2
2026,09,09,RENAULT,TWINGO,17,Girona,Private,BEV,UKL0,REST,Standard,HACH 5P,1
2026,09,09,TESLA,MODEL 3,17,Girona,Corporate,BEV,KKL,FOCUS SEGMENT,Standard,SEDAN,2
2026,09,09,TESLA,MODEL 3,17,Girona,Private,BEV,KKL,FOCUS SEGMENT,Standard,SEDAN,1
2026,09,09,TESLA,MODEL Y,17,Girona,Private,BEV,KKL,FOCUS SEGMENT,Standard,SAT,1
2026,09,09,TOYOTA,COROLLA,17,Girona,Private,ICE,UKL2,REST,Standard,HACH 5P,1
2026,09,09,TOYOTA,YARIS,17,Girona,Private,ICE,UKL1,REST,Standard,HACH 5P,1
2026,09,09,TOYOTA,YARIS CROSS,17,Girona,Private,ICE,UKL1,REST,Standard,SAV,1
2026,09,09,VOLKSWAGEN,CADDY,17,Girona,Corporate,ICE,SKL,REST,Standard,TRANSPORTER,1
2026,09,09,VOLKSWAGEN,CALIFORNIA,17,Girona,Private,ICE,SKL,REST,Standard,TRANSPORTER,1
2026,09,09,VOLKSWAGEN,CRAFTER,17,Girona,Private,ICE,SKL,REST,Standard,TRANSPORTER,1
2026,09,09,VOLKSWAGEN,ID.3,17,Girona,Corporate,BEV,UKL2,REST,Standard,HACH 5P,1
2026,09,09,AUDI,A1,18,Granada,Private,ICE,UKL1,FOCUS SEGMENT,Standard,HACH 5P,1
2026,09,09,AUDI,A3,18,Granada,Private,ICE,UKL2,FOCUS SEGMENT,Standard,HACH 5P,1
2026,09,09,BYD,ATTO 2,18,Granada,Private,BEV,UKL1,REST,Standard,SAV,1
2026,09,09,BYD,DOLPHIN SURF,18,Granada,Private,BEV,UKL0,REST,Standard,HACH 5P,1
2026,09,09,CHANGAN,DEEPAL S05,18,Granada,Private,BEV,UKL2,REST,Standard,HACH 5P,1
2026,09,09,CHANGAN,DEEPAL S05,18,Granada,Private,PHEV,UKL2,REST,Standard,HACH 5P,1
2026,09,09,CITROEN,C3,18,Granada,Private,ICE,UKL1,REST,Standard,HACH 5P,1
2026,09,09,CUPRA,FORMENTOR,18,Granada,Private,PHEV,UKL2,REST,Standard,SAT,1
2026,09,09,DACIA,BIGSTER,18,Granada,Private,ICE,UKL2,REST,Standard,SAV,1
2026,09,09,DACIA,DUSTER,18,Granada,Private,ICE,SKL,REST,Standard,PICKUP,1
2026,09,09,DACIA,JOGGER,18,Granada,Private,ICE,UKL2,REST,Standard,MPV,1
2026,09,09,DACIA,SANDERO,18,Granada,Private,ICE,UKL1,REST,Standard,HACH 5P,7
2026,09,09,FORD,RANGER,18,Granada,Corporate,PHEV,SKL,REST,Standard,PICKUP,1
2026,09,09,GWM,ORA 5 SUV,18,Granada,Private,ICE,UKL2,REST,Standard,SAV,1
2026,09,09,HYUNDAI,TUCSON,18,Granada,Private,ICE,UKL2,REST,Standard,SAV,2
2026,09,09,KIA,SPORTAGE,18,Granada,Private,ICE,UKL2,REST,Standard,SAV,2
2026,09,09,LEXUS,LBX,18,Granada,Private,ICE,UKL1,FOCUS SEGMENT,Standard,SAV,1
2026,09,09,LEXUS,NX,18,Granada,Private,PHEV,KKL,FOCUS SEGMENT,Standard,SAV,1
2026,09,09,MAZDA,6E,18,Granada,Private,BEV,MKL,REST,Standard,SEDAN,1
2026,09,09,MG,HS,18,Granada,Private,PHEV,KKL,REST,Standard,SAV,2
2026,09,09,MG,MG 4,18,Granada,Private,BEV,UKL2,REST,Standard,HACH 5P,1
2026,09,09,RENAULT,KANGOO,18,Granada,Corporate,ICE,SKL,REST,Standard,TRANSPORTER,1
2026,09,09,SEAT,ATECA,18,Granada,Private,ICE,UKL2,REST,Standard,SAT,2
2026,09,09,SEAT,IBIZA,18,Granada,Private,ICE,UKL1,REST,Standard,HACH 5P,1
2026,09,09,SEAT,LEON,18,Granada,Private,ICE,UKL2,REST,Standard,HACH 5P,1
2026,09,09,TESLA,MODEL 3,18,Granada,Private,BEV,KKL,FOCUS SEGMENT,Standard,SEDAN,1
2026,09,09,TESLA,MODEL Y,18,Granada,Corporate,BEV,KKL,FOCUS SEGMENT,Standard,SAT,1
2026,09,09,TESLA,MODEL Y,18,Granada,Private,BEV,KKL,FOCUS SEGMENT,Standard,SAT,2
2026,09,09,TOYOTA,PROACE,18,Granada,Private,BEV,SKL,REST,Standard,TRANSPORTER,1
2026,09,09,TOYOTA,PROACE CITY,18,Granada,Corporate,ICE,SKL,REST,Standard,TRANSPORTER,2
2026,09,09,TOYOTA,RAV 4,18,Granada,Private,PHEV,UKL2,REST,Standard,SAV,1
2026,09,09,VOLKSWAGEN,GOLF,18,Granada,Private,ICE,UKL2,REST,Standard,HACH 5P,1
2026,09,09,VOLKSWAGEN,T-CROSS,18,Granada,Private,ICE,UKL1,REST,Standard,SAV,2
2026,09,09,VOLKSWAGEN,TIGUAN,18,Granada,Private,ICE,UKL2,REST,Standard,SAV,1
2026,09,09,BYD,DOLPHIN G,19,Guadalajara,Private,PHEV,UKL1,REST,Standard,HACH 5P,2
2026,09,09,BYD,DOLPHIN SURF,19,Guadalajara,Private,BEV,UKL0,REST,Standard,HACH 5P,2
2026,09,09,CITROEN,BERLINGO,19,Guadalajara,Corporate,ICE,SKL,REST,Standard,TRANSPORTER,1
2026,09,09,CITROEN,C3,19,Guadalajara,Private,ICE,UKL1,REST,Standard,HACH 5P,1
2026,09,09,CITROEN,C3 AIRCROSS,19,Guadalajara,Private,BEV,UKL2,REST,Standard,SAV,1
2026,09,09,FOTON MOTORS,TUNLAND,19,Guadalajara,Corporate,ICE,SKL,REST,Standard,PICKUP,1
2026,09,09,JAECOO,JAECOO 5,19,Guadalajara,Private,BEV,UKL1,REST,Standard,SAV,1
2026,09,09,KIA,EV3,19,Guadalajara,Private,BEV,UKL1,REST,Standard,SAV,1
2026,09,09,KIA,NIRO,19,Guadalajara,Private,ICE,UKL2,REST,Standard,SAV,1
2026,09,09,MG,MG 4,19,Guadalajara,Private,BEV,UKL2,REST,Standard,HACH 5P,1
2026,09,09,MG,ZS,19,Guadalajara,Private,ICE,UKL1,REST,Standard,SAV,1
2026,09,09,NISSAN,ARIYA,19,Guadalajara,Private,BEV,UKL2,REST,Standard,SAV,1
2026,09,09,TESLA,MODEL 3,19,Guadalajara,Private,BEV,KKL,FOCUS SEGMENT,Standard,SEDAN,1
2026,09,09,TESLA,MODEL Y,19,Guadalajara,Private,BEV,KKL,FOCUS SEGMENT,Standard,SAT,1
2026,09,09,TOYOTA,C-HR,19,Guadalajara,Private,ICE,UKL1,REST,Standard,SAV,1
2026,09,09,TOYOTA,YARIS,19,Guadalajara,Private,ICE,UKL1,REST,Standard,HACH 5P,1
2026,09,09,VOLKSWAGEN,T-CROSS,19,Guadalajara,Private,ICE,UKL1,REST,Standard,SAV,1
2026,09,09,BAW,212 T01,20,Gipuzkoa,Private,ICE,UKL2,REST,Standard,SAV,1
2026,09,09,CITROEN,BERLINGO,20,Gipuzkoa,Private,ICE,SKL,REST,Standard,TRANSPORTER,1
2026,09,09,CITROEN,C3 AIRCROSS,20,Gipuzkoa,Private,ICE,UKL2,REST,Standard,SAV,1
2026,09,09,CUPRA,TERRAMAR,20,Gipuzkoa,Corporate,PHEV,UKL2,REST,Standard,SAT,1
2026,09,09,DACIA,BIGSTER,20,Gipuzkoa,Private,ICE,UKL2,REST,Standard,SAV,1
2026,09,09,DACIA,SANDERO,20,Gipuzkoa,Corporate,ICE,UKL1,REST,Standard,HACH 5P,1
2026,09,09,FIAT,DUCATO,20,Gipuzkoa,Private,ICE,SKL,REST,Standard,TRANSPORTER,1
2026,09,09,FORD,TOURNEO,20,Gipuzkoa,Private,PHEV,SKL,REST,Standard,TRANSPORTER,1
2026,09,09,FORD,TRANSIT,20,Gipuzkoa,Private,ICE,SKL,REST,Standard,TRANSPORTER,1
2026,09,09,HYUNDAI,KONA,20,Gipuzkoa,Private,ICE,UKL1,REST,Standard,SAV,1
2026,09,09,HYUNDAI,TUCSON,20,Gipuzkoa,Private,ICE,UKL2,REST,Standard,SAV,2
2026,09,09,KIA,SORENTO,20,Gipuzkoa,Private,PHEV,KKL,REST,Standard,SAV,1
2026,09,09,LEAPMOTOR,B10,20,Gipuzkoa,Private,BEV,UKL2,REST,Standard,SAV,1
2026,09,09,MERCEDES,CLASE GLC,20,Gipuzkoa,Corporate,ICE,KKL,FOCUS SEGMENT,Standard,SAV,1
2026,09,09,MERCEDES,CLASE GLS,20,Gipuzkoa,Corporate,ICE,GKL,FOCUS SEGMENT,Standard,SAV,1
2026,09,09,TESLA,MODEL 3,20,Gipuzkoa,Private,BEV,KKL,FOCUS SEGMENT,Standard,SEDAN,1
2026,09,09,TESLA,MODEL Y,20,Gipuzkoa,Private,BEV,KKL,FOCUS SEGMENT,Standard,SAT,2
2026,09,09,TOYOTA,C-HR,20,Gipuzkoa,Private,ICE,UKL1,REST,Standard,SAV,1
2026,09,09,TOYOTA,COROLLA,20,Gipuzkoa,Private,ICE,UKL2,REST,Standard,HACH 5P,3
2026,09,09,TOYOTA,RAV 4,20,Gipuzkoa,Private,PHEV,UKL2,REST,Standard,SAV,1
2026,09,09,VOLKSWAGEN,CADDY,20,Gipuzkoa,Private,PHEV,SKL,REST,Standard,TRANSPORTER,1
2026,09,09,DACIA,DUSTER,21,Huelva,Private,ICE,SKL,REST,Standard,PICKUP,1
2026,09,09,DACIA,SANDERO,21,Huelva,Private,ICE,UKL1,REST,Standard,HACH 5P,1
2026,09,09,FORD,PUMA,21,Huelva,Corporate,ICE,UKL1,REST,Standard,SAV,1
2026,09,09,FORD,PUMA,21,Huelva,Private,BEV,UKL1,REST,Standard,SAV,1
2026,09,09,MERCEDES,CLASE CLA,21,Huelva,Corporate,BEV,UKL2,FOCUS SEGMENT,Standard,SEDAN,1
2026,09,09,MERCEDES,EQE,21,Huelva,Private,BEV,MKL,FOCUS SEGMENT,Standard,SAV,1
2026,09,09,MG,HS,21,Huelva,Private,ICE,KKL,REST,Standard,SAV,1
2026,09,09,MG,ZS,21,Huelva,Private,ICE,UKL1,REST,Standard,SAV,1
2026,09,09,NISSAN,X-TRAIL,21,Huelva,Private,ICE,KKL,REST,Standard,SUV,1
2026,09,09,OMODA,OMODA 5,21,Huelva,Private,ICE,UKL2,REST,Standard,SAV,2
2026,09,09,TESLA,MODEL Y,21,Huelva,Private,BEV,KKL,FOCUS SEGMENT,Standard,SAT,1
2026,09,09,TOYOTA,COROLLA,21,Huelva,Private,ICE,UKL2,REST,Standard,HACH 5P,1
2026,09,09,TOYOTA,YARIS CROSS,21,Huelva,Private,ICE,UKL1,REST,Standard,SAV,1
2026,09,09,VOLKSWAGEN,TIGUAN,21,Huelva,Corporate,ICE,UKL2,REST,Standard,SAV,1
2026,09,09,DACIA,DUSTER,22,Huesca,Private,ICE,SKL,REST,Standard,PICKUP,3
2026,09,09,DS,DS7 CROSSBACK,22,Huesca,Corporate,ICE,UKL2,REST,Standard,SAV,1
2026,09,09,EBRO,S700,22,Huesca,Private,ICE,UKL2,REST,Standard,SAV,1
2026,09,09,MAZDA,CX5,22,Huesca,Private,ICE,UKL2,REST,Standard,SAV,1
2026,09,09,MG,MG 3,22,Huesca,Private,ICE,UKL1,REST,Standard,HACH 5P,1
2026,09,09,VOLKSWAGEN,CADDY,22,Huesca,Corporate,ICE,SKL,REST,Standard,TRANSPORTER,1
2026,09,09,AUDI,Q3,23,Jaén,Private,ICE,UKL2,FOCUS SEGMENT,Standard,SAV,1
2026,09,09,AUDI,Q5,23,Jaén,Corporate,ICE,KKL,FOCUS SEGMENT,Standard,SAV,1
2026,09,09,BYD,DOLPHIN SURF,23,Jaén,Private,BEV,UKL0,REST,Standard,HACH 5P,1
2026,09,09,CITROEN,C4,23,Jaén,Corporate,ICE,UKL2,REST,Standard,HACH 5P,1
2026,09,09,CUPRA,CUPRA LEON,23,Jaén,Private,ICE,UKL2,REST,Standard,HACH 5P,1
2026,09,09,DACIA,BIGSTER,23,Jaén,Corporate,ICE,UKL2,REST,Standard,SAV,1
2026,09,09,HYUNDAI,TUCSON,23,Jaén,Private,ICE,UKL2,REST,Standard,SAV,1
2026,09,09,JAECOO,JAECOO 5,23,Jaén,Private,ICE,UKL1,REST,Standard,SAV,1
2026,09,09,JAECOO,JAECOO 7,23,Jaén,Private,ICE,UKL2,REST,Standard,SAV,1
2026,09,09,KIA,EV3,23,Jaén,Private,BEV,UKL1,REST,Standard,SAV,1
2026,09,09,KIA,SPORTAGE,23,Jaén,Private,ICE,UKL2,REST,Standard,SAV,1
2026,09,09,LEAPMOTOR,B05,23,Jaén,Private,BEV,UKL1,REST,Standard,HACH 5P,1
2026,09,09,LEXUS,NX,23,Jaén,Private,ICE,KKL,FOCUS SEGMENT,Standard,SAV,1
2026,09,09,MERCEDES,CLASE GLC,23,Jaén,Private,ICE,KKL,FOCUS SEGMENT,Standard,SAV,1
2026,09,09,MG,HS,23,Jaén,Private,ICE,KKL,REST,Standard,SAV,1
2026,09,09,MG,MG 3,23,Jaén,Private,ICE,UKL1,REST,Standard,HACH 5P,1
2026,09,09,NISSAN,QASHQAI,23,Jaén,Private,ICE,UKL2,REST,Standard,SAT,1
2026,09,09,OMODA,OMODA 5,23,Jaén,Private,ICE,UKL2,REST,Standard,SAV,1
2026,09,09,RENAULT,MASTER,23,Jaén,Private,ICE,SKL,REST,Standard,TRANSPORTER,1
2026,09,09,SEAT,IBIZA,23,Jaén,Private,ICE,UKL1,REST,Standard,HACH 5P,1
2026,09,09,SKODA,KAMIQ,23,Jaén,Private,ICE,UKL1,REST,Standard,SAV,1
2026,09,09,SKODA,KAROQ,23,Jaén,Private,ICE,UKL2,REST,Standard,SAT,1
2026,09,09,TESLA,MODEL Y,23,Jaén,Private,BEV,KKL,FOCUS SEGMENT,Standard,SAT,1
2026,09,09,TOYOTA,C-HR,23,Jaén,Private,ICE,UKL1,REST,Standard,SAV,1
2026,09,09,TOYOTA,COROLLA,23,Jaén,Private,ICE,UKL2,REST,Standard,HACH 5P,2
2026,09,09,VOLKSWAGEN,TAYRON,23,Jaén,Corporate,ICE,UKL2,REST,Standard,SAV,1
2026,09,09,VOLKSWAGEN,TIGUAN,23,Jaén,Private,ICE,UKL2,REST,Standard,SAV,1
2026,09,09,AUDI,A3,24,León,Private,ICE,UKL2,FOCUS SEGMENT,Standard,HACH 5P,1
2026,09,09,CHANGAN,DEEPAL S05,24,León,Private,BEV,UKL2,REST,Standard,HACH 5P,1
2026,09,09,DACIA,DUSTER,24,León,Private,ICE,SKL,REST,Standard,PICKUP,1
2026,09,09,EBRO,S400,24,León,Private,ICE,UKL2,REST,Standard,SAV,1
2026,09,09,KIA,SPORTAGE,24,León,Corporate,ICE,UKL2,REST,Standard,SAV,1
2026,09,09,LEAPMOTOR,B10,24,León,Private,BEV,UKL2,REST,Standard,SAV,1
2026,09,09,MAZDA,CX5,24,León,Private,ICE,UKL2,REST,Standard,SAV,2
2026,09,09,MG,HS,24,León,Private,PHEV,KKL,REST,Standard,SAV,1
2026,09,09,OMODA,OMODA 5,24,León,Private,ICE,UKL2,REST,Standard,SAV,1
2026,09,09,OPEL,FRONTERA,24,León,Private,BEV,KKL,REST,Standard,SUV,1
2026,09,09,BMW,X3,25,Lleida,Corporate,ICE,KKL,FOCUS SEGMENT,Standard,SAV,1
2026,09,09,BMW,iX3,25,Lleida,Private,BEV,KKL,FOCUS SEGMENT,Standard,SAV,1
2026,09,09,BYD,DOLPHIN SURF,25,Lleida,Private,BEV,UKL0,REST,Standard,HACH 5P,1
2026,09,09,CITROEN,C3 AIRCROSS,25,Lleida,RAC,ICE,UKL2,REST,Standard,SAV,1
2026,09,09,DACIA,DUSTER,25,Lleida,Private,ICE,SKL,REST,Standard,PICKUP,2
2026,09,09,EBRO,S800,25,Lleida,Private,PHEV,KKL,REST,Standard,SAV,1
2026,09,09,FORD,RANGER,25,Lleida,Corporate,PHEV,SKL,REST,Standard,PICKUP,1
2026,09,09,KG MOBILITY,KORANDO,25,Lleida,Private,ICE,MKL,REST,Standard,MPV,1
2026,09,09,KIA,NIRO,25,Lleida,Corporate,ICE,UKL2,REST,Standard,SAV,2
2026,09,09,KIA,PV5,25,Lleida,Private,BEV,SKL,REST,Standard,TRANSPORTER,1
2026,09,09,KIA,SPORTAGE,25,Lleida,Private,ICE,UKL2,REST,Standard,SAV,1
2026,09,09,LEAPMOTOR,B05,25,Lleida,Private,BEV,UKL1,REST,Standard,HACH 5P,1
2026,09,09,MAZDA,CX5,25,Lleida,Private,ICE,UKL2,REST,Standard,SAV,1
2026,09,09,MERCEDES,CLASE GLC,25,Lleida,Corporate,PHEV,KKL,FOCUS SEGMENT,Standard,SAV,1
2026,09,09,MG,ZS,25,Lleida,Private,ICE,UKL1,REST,Standard,SAV,2
2026,09,09,NISSAN,JUKE,25,Lleida,Private,ICE,UKL1,REST,Standard,SAV,1
2026,09,09,OMODA,OMODA 9,25,Lleida,Private,PHEV,KKL,REST,Standard,SAV,1
2026,09,09,TESLA,MODEL 3,25,Lleida,Corporate,BEV,KKL,FOCUS SEGMENT,Standard,SEDAN,1
2026,09,09,TESLA,MODEL 3,25,Lleida,Private,BEV,KKL,FOCUS SEGMENT,Standard,SEDAN,3
2026,09,09,TESLA,MODEL Y,25,Lleida,Private,BEV,KKL,FOCUS SEGMENT,Standard,SAT,2
2026,09,09,VOLKSWAGEN,AMAROK,25,Lleida,Corporate,ICE,SKL,REST,Standard,PICKUP,1
2026,09,09,VOLKSWAGEN,AMAROK,25,Lleida,Private,ICE,SKL,REST,Standard,PICKUP,1
2026,09,09,DACIA,DUSTER,26,La Rioja,Private,ICE,SKL,REST,Standard,PICKUP,1
2026,09,09,FIAT,DUCATO,26,La Rioja,Private,ICE,SKL,REST,Standard,TRANSPORTER,1
2026,09,09,LEAPMOTOR,B10,26,La Rioja,Private,BEV,UKL2,REST,Standard,SAV,1
2026,09,09,MERCEDES,CLASE GLC,26,La Rioja,Private,PHEV,KKL,FOCUS SEGMENT,Standard,SAV,1
2026,09,09,PEUGEOT,2008,26,La Rioja,Private,ICE,UKL1,REST,Standard,SAV,1
2026,09,09,SEAT,ARONA,26,La Rioja,Private,ICE,UKL1,REST,Standard,SAV,1
2026,09,09,SKODA,FABIA,26,La Rioja,Corporate,ICE,UKL1,REST,Standard,HACH 5P,1
2026,09,09,TESLA,MODEL 3,26,La Rioja,Private,BEV,KKL,FOCUS SEGMENT,Standard,SEDAN,1
2026,09,09,TOYOTA,C-HR,26,La Rioja,Private,ICE,UKL1,REST,Standard,SAV,1
2026,09,09,TOYOTA,C-HR,26,La Rioja,Private,PHEV,UKL1,REST,Standard,SAV,1
2026,09,09,TOYOTA,PROACE,26,La Rioja,Corporate,ICE,SKL,REST,Standard,TRANSPORTER,1
2026,09,09,VOLKSWAGEN,ID.4,26,La Rioja,Corporate,BEV,UKL2,REST,Standard,SAV,1
2026,09,09,AUDI,A3,27,Lugo,Private,ICE,UKL2,FOCUS SEGMENT,Standard,HACH 5P,1
2026,09,09,BMW,iX3,27,Lugo,Corporate,BEV,KKL,FOCUS SEGMENT,Standard,SAV,1
2026,09,09,CITROEN,JUMPY,27,Lugo,Private,BEV,SKL,REST,Standard,TRANSPORTER,1
2026,09,09,CUPRA,TERRAMAR,27,Lugo,Private,PHEV,UKL2,REST,Standard,SAT,1
2026,09,09,DACIA,DUSTER,27,Lugo,Private,ICE,SKL,REST,Standard,PICKUP,1
2026,09,09,FORD,PUMA,27,Lugo,Private,BEV,UKL1,REST,Standard,SAV,1
2026,09,09,KIA,EV2,27,Lugo,Private,BEV,UKL1,REST,Standard,SAV,1
2026,09,09,KIA,EV3,27,Lugo,Private,BEV,UKL1,REST,Standard,SAV,1
2026,09,09,LIVAN,X6 PRO,27,Lugo,Private,ICE,UKL2,REST,Standard,SAV,1
2026,09,09,MAZDA,CX30,27,Lugo,Private,ICE,UKL2,REST,Standard,SAV,1
2026,09,09,RENAULT,SYMBIOZ,27,Lugo,Private,ICE,UKL1,REST,Standard,SAV,1
2026,09,09,TESLA,MODEL 3,27,Lugo,Private,BEV,KKL,FOCUS SEGMENT,Standard,SEDAN,1
2026,09,09,TOYOTA,C-HR,27,Lugo,Private,ICE,UKL1,REST,Standard,SAV,1
2026,09,09,TOYOTA,LAND CRUISER,27,Lugo,Corporate,ICE,GKL,REST,Standard,SUV,1
2026,09,09,ALFA ROMEO,JUNIOR,28,Madrid,Corporate,ICE,UKL1,REST,Standard,SAV,2
2026,09,09,ALFA ROMEO,JUNIOR,28,Madrid,Private,BEV,UKL1,REST,Standard,SAV,1
2026,09,09,ALPINE,A290,28,Madrid,Private,BEV,UKL1,REST,Standard,HACH 5P,3
2026,09,09,AUDI,A1,28,Madrid,Corporate,ICE,UKL1,FOCUS SEGMENT,Standard,HACH 5P,1
2026,09,09,AUDI,A3,28,Madrid,Corporate,ICE,UKL2,FOCUS SEGMENT,Standard,HACH 5P,1
2026,09,09,AUDI,A3,28,Madrid,Private,ICE,UKL2,FOCUS SEGMENT,M,HACH 5P,1
2026,09,09,AUDI,A3,28,Madrid,Private,PHEV,UKL2,FOCUS SEGMENT,Standard,HACH 5P,1
2026,09,09,AUDI,A5,28,Madrid,Corporate,ICE,KKL,FOCUS SEGMENT,Standard,SEDAN,1
2026,09,09,AUDI,A5,28,Madrid,Corporate,PHEV,KKL,FOCUS SEGMENT,Standard,SEDAN,1
2026,09,09,AUDI,Q3,28,Madrid,Corporate,ICE,UKL2,FOCUS SEGMENT,Standard,SAV,1
2026,09,09,AUDI,Q3,28,Madrid,Private,ICE,UKL2,FOCUS SEGMENT,Standard,SAV,1
2026,09,09,AUDI,Q3 SPORTBACK,28,Madrid,Corporate,ICE,UKL2,FOCUS SEGMENT,Standard,SAV,2
2026,09,09,AUDI,Q3 SPORTBACK,28,Madrid,Corporate,PHEV,UKL2,FOCUS SEGMENT,Standard,SAV,1
2026,09,09,AUDI,Q3 SPORTBACK,28,Madrid,Private,PHEV,UKL2,FOCUS SEGMENT,Standard,SAV,1
2026,09,09,AUDI,Q5,28,Madrid,Corporate,ICE,KKL,FOCUS SEGMENT,Standard,SAV,1
2026,09,09,AUDI,Q5 SPORTBACK,28,Madrid,Corporate,ICE,KKL,FOCUS SEGMENT,Standard,SAV,5
2026,09,09,AUDI,Q5 SPORTBACK,28,Madrid,Corporate,PHEV,KKL,FOCUS SEGMENT,Standard,SAV,1
2026,09,09,AUDI,Q5 SPORTBACK,28,Madrid,Private,ICE,KKL,FOCUS SEGMENT,Standard,SAV,1
2026,09,09,BAW,212 T01,28,Madrid,Corporate,ICE,UKL2,REST,Standard,SAV,1
2026,09,09,BAW,212 T01,28,Madrid,Private,ICE,UKL2,REST,Standard,SAV,1
2026,09,09,BMW,SERIE 1,28,Madrid,Corporate,ICE,UKL2,FOCUS SEGMENT,Standard,HACH 5P,3
2026,09,09,BMW,SERIE 2,28,Madrid,Corporate,ICE,UKL2,FOCUS SEGMENT,Standard,MPV,2
2026,09,09,BMW,SERIE 2,28,Madrid,RAC,ICE,UKL2,FOCUS SEGMENT,M,MPV,1
2026,09,09,BMW,SERIE 3,28,Madrid,Private,ICE,KKL,FOCUS SEGMENT,M Performance,ESTATE,1
2026,09,09,BMW,SERIE 3,28,Madrid,RAC,ICE,KKL,FOCUS SEGMENT,M,ESTATE,1
2026,09,09,BMW,SERIE 3,28,Madrid,RAC,ICE,KKL,FOCUS SEGMENT,Standard,ESTATE,8
2026,09,09,BMW,SERIE 3,28,Madrid,RAC,PHEV,KKL,FOCUS SEGMENT,Standard,ESTATE,15
2026,09,09,BMW,SERIE 5,28,Madrid,RAC,ICE,MKL,FOCUS SEGMENT,Standard,ESTATE,1
2026,09,09,BMW,SERIE 7,28,Madrid,RAC,ICE,GKL,FOCUS SEGMENT,Standard,SEDAN,1
2026,09,09,BMW,X1,28,Madrid,Corporate,ICE,UKL2,FOCUS SEGMENT,Standard,SAV,15
2026,09,09,BMW,X1,28,Madrid,Corporate,PHEV,UKL2,FOCUS SEGMENT,Standard,SAV,7
2026,09,09,BMW,X1,28,Madrid,Private,PHEV,UKL2,FOCUS SEGMENT,Standard,SAV,1
2026,09,09,BMW,X2,28,Madrid,Corporate,ICE,UKL2,FOCUS SEGMENT,Standard,SAV,3
2026,09,09,BMW,X2,28,Madrid,RAC,ICE,UKL2,FOCUS SEGMENT,Standard,SAV,11
2026,09,09,BMW,X3,28,Madrid,Corporate,ICE,KKL,FOCUS SEGMENT,Standard,SAV,11
2026,09,09,BMW,X3,28,Madrid,Corporate,PHEV,KKL,FOCUS SEGMENT,Standard,SAV,12
2026,09,09,BMW,X4,28,Madrid,Corporate,ICE,KKL,FOCUS SEGMENT,M,SAV,1
2026,09,09,BMW,X5,28,Madrid,Private,ICE,MKL,FOCUS SEGMENT,Standard,SAV,1
2026,09,09,BMW,X5,28,Madrid,RAC,PHEV,MKL,FOCUS SEGMENT,Standard,SAV,2
2026,09,09,BMW,X6,28,Madrid,Corporate,ICE,MKL,FOCUS SEGMENT,M,SAV,1
2026,09,09,BMW,X6,28,Madrid,Corporate,ICE,MKL,FOCUS SEGMENT,Standard,SAV,1
2026,09,09,BMW,X6,28,Madrid,RAC,ICE,MKL,FOCUS SEGMENT,M,SAV,1
2026,09,09,BMW,XM,28,Madrid,Corporate,PHEV,GKL,FOCUS SEGMENT,M,SAV,1
2026,09,09,BMW,i3,28,Madrid,Corporate,BEV,UKL2,FOCUS SEGMENT,Standard,HACH 5P,1
2026,09,09,BMW,i5,28,Madrid,Corporate,BEV,MKL,FOCUS SEGMENT,Standard,ESTATE,3
2026,09,09,BMW,i7,28,Madrid,Corporate,BEV,GKL,FOCUS SEGMENT,Standard,SEDAN,2
2026,09,09,BMW,iX,28,Madrid,Corporate,BEV,MKL,FOCUS SEGMENT,Standard,SAV,1
2026,09,09,BMW,iX2,28,Madrid,Corporate,BEV,UKL2,FOCUS SEGMENT,Standard,SAV,2
2026,09,09,BMW,iX3,28,Madrid,RAC,BEV,KKL,FOCUS SEGMENT,Standard,SAV,2
2026,09,09,BYD,ATTO 2,28,Madrid,Corporate,BEV,UKL1,REST,Standard,SAV,1
2026,09,09,BYD,ATTO 2,28,Madrid,Corporate,PHEV,UKL1,REST,Standard,SAV,3
2026,09,09,BYD,ATTO 2,28,Madrid,Private,BEV,UKL1,REST,Standard,SAV,7
2026,09,09,BYD,ATTO 2,28,Madrid,Private,PHEV,UKL1,REST,Standard,SAV,12
2026,09,09,BYD,ATTO 3 EVO,28,Madrid,Private,BEV,UKL2,REST,Standard,SAV,1
2026,09,09,BYD,DOLPHIN,28,Madrid,Corporate,BEV,UKL1,REST,Standard,HACH 5P,1
2026,09,09,BYD,DOLPHIN,28,Madrid,Private,BEV,UKL1,REST,Standard,HACH 5P,1
2026,09,09,BYD,DOLPHIN G,28,Madrid,Corporate,PHEV,UKL1,REST,Standard,HACH 5P,3
2026,09,09,BYD,DOLPHIN G,28,Madrid,Private,PHEV,UKL1,REST,Standard,HACH 5P,9
2026,09,09,BYD,DOLPHIN SURF,28,Madrid,Private,BEV,UKL0,REST,Standard,HACH 5P,7
2026,09,09,BYD,SEAL U,28,Madrid,Corporate,PHEV,KKL,REST,Standard,SAV,1
2026,09,09,BYD,SEAL U,28,Madrid,Private,BEV,KKL,REST,Standard,SAV,1
2026,09,09,BYD,SEAL U,28,Madrid,Private,PHEV,KKL,REST,Standard,SAV,3
2026,09,09,BYD,SEALION 7,28,Madrid,Private,BEV,KKL,REST,Standard,SAV,1
2026,09,09,CADILLAC,ESCALADE,28,Madrid,Corporate,ICE,GKL,FOCUS SEGMENT,Standard,SUV,1
2026,09,09,CHANGAN,DEEPAL S05,28,Madrid,Private,BEV,UKL2,REST,Standard,HACH 5P,1
2026,09,09,CHANGAN,DEEPAL S05,28,Madrid,Private,PHEV,UKL2,REST,Standard,HACH 5P,2
2026,09,09,CITROEN,BERLINGO,28,Madrid,Corporate,ICE,SKL,REST,Standard,TRANSPORTER,32
2026,09,09,CITROEN,C3,28,Madrid,Corporate,BEV,UKL1,REST,Standard,HACH 5P,1
2026,09,09,CITROEN,C3,28,Madrid,Corporate,ICE,UKL1,REST,Standard,HACH 5P,6
2026,09,09,CITROEN,C3,28,Madrid,Private,ICE,UKL1,REST,Standard,HACH 5P,2
2026,09,09,CITROEN,C3 AIRCROSS,28,Madrid,Corporate,ICE,UKL2,REST,Standard,SAV,2
2026,09,09,CITROEN,C3 AIRCROSS,28,Madrid,Private,BEV,UKL2,REST,Standard,SAV,1
2026,09,09,CITROEN,C4,28,Madrid,Corporate,ICE,UKL2,REST,Standard,HACH 5P,1
2026,09,09,CITROEN,C4,28,Madrid,Private,ICE,UKL2,REST,Standard,HACH 5P,1
2026,09,09,CITROEN,JUMPER,28,Madrid,Corporate,ICE,SKL,REST,Standard,TRANSPORTER,3
2026,09,09,CITROEN,JUMPY,28,Madrid,Corporate,ICE,SKL,REST,Standard,TRANSPORTER,32
2026,09,09,CITROEN,JUMPY,28,Madrid,RAC,ICE,SKL,REST,Standard,TRANSPORTER,2
2026,09,09,CUPRA,CUPRA LEON,28,Madrid,Corporate,ICE,UKL2,REST,Standard,HACH 5P,2
2026,09,09,CUPRA,CUPRA LEON,28,Madrid,Corporate,PHEV,UKL2,REST,Standard,HACH 5P,6
2026,09,09,CUPRA,CUPRA LEON,28,Madrid,Private,ICE,UKL2,REST,Standard,HACH 5P,1
2026,09,09,CUPRA,FORMENTOR,28,Madrid,Corporate,ICE,UKL2,REST,Standard,SAT,7
2026,09,09,CUPRA,FORMENTOR,28,Madrid,Corporate,PHEV,UKL2,REST,Standard,SAT,2
2026,09,09,CUPRA,FORMENTOR,28,Madrid,Private,ICE,UKL2,REST,Standard,SAT,2
2026,09,09,CUPRA,TERRAMAR,28,Madrid,Corporate,ICE,UKL2,REST,Standard,SAT,2
2026,09,09,CUPRA,TERRAMAR,28,Madrid,Corporate,PHEV,UKL2,REST,Standard,SAT,58
2026,09,09,CUPRA,TERRAMAR,28,Madrid,Private,ICE,UKL2,REST,Standard,SAT,1
2026,09,09,DACIA,BIGSTER,28,Madrid,Private,ICE,UKL2,REST,Standard,SAV,4
2026,09,09,DACIA,DUSTER,28,Madrid,Corporate,ICE,SKL,REST,Standard,PICKUP,13
2026,09,09,DACIA,DUSTER,28,Madrid,Private,ICE,SKL,REST,Standard,PICKUP,5
2026,09,09,DACIA,JOGGER,28,Madrid,Private,ICE,UKL2,REST,Standard,MPV,2
2026,09,09,DACIA,SANDERO,28,Madrid,Corporate,ICE,UKL1,REST,Standard,HACH 5P,3
2026,09,09,DACIA,SANDERO,28,Madrid,Private,ICE,UKL1,REST,Standard,HACH 5P,11
2026,09,09,EBRO,S400,28,Madrid,Private,ICE,UKL2,REST,Standard,SAV,2
2026,09,09,EBRO,S700,28,Madrid,Private,ICE,UKL2,REST,Standard,SAV,2
2026,09,09,EBRO,S700,28,Madrid,Private,PHEV,UKL2,REST,Standard,SAV,1
2026,09,09,EBRO,S800,28,Madrid,Private,PHEV,KKL,REST,Standard,SAV,1
2026,09,09,EBRO,S900,28,Madrid,Corporate,PHEV,UKL2,REST,Standard,SAV,1
2026,09,09,EBRO,S900,28,Madrid,Private,PHEV,UKL2,REST,Standard,SAV,1
2026,09,09,EDWARD DAVIES COMMERCIALS LTD,RANGER,28,Madrid,Corporate,ICE,,REST,Standard,,6
2026,09,09,FIAT,500,28,Madrid,Corporate,ICE,UKL0,REST,Standard,HACH 3P,1
2026,09,09,FIAT,600,28,Madrid,Corporate,ICE,UKL1,REST,Standard,SAV,10
2026,09,09,FIAT,DOBLO CARGO,28,Madrid,Corporate,ICE,SKL,REST,Standard,TRANSPORTER,5
2026,09,09,FIAT,DUCATO,28,Madrid,RAC,ICE,SKL,REST,Standard,TRANSPORTER,1
2026,09,09,FORD,EXPLORER,28,Madrid,Corporate,BEV,SKL,REST,Standard,PICKUP,1
2026,09,09,FORD,KUGA,28,Madrid,Corporate,ICE,UKL2,REST,Standard,SAV,5
2026,09,09,FORD,KUGA,28,Madrid,Corporate,PHEV,UKL2,REST,Standard,SAV,2
2026,09,09,FORD,KUGA,28,Madrid,Private,ICE,UKL2,REST,Standard,SAV,1
2026,09,09,FORD,KUGA,28,Madrid,Private,PHEV,UKL2,REST,Standard,SAV,1
2026,09,09,FORD,PUMA,28,Madrid,Corporate,ICE,UKL1,REST,Standard,SAV,3
2026,09,09,FORD,RANGER,28,Madrid,Corporate,ICE,SKL,REST,Standard,PICKUP,5
2026,09,09,FORD,RANGER,28,Madrid,Corporate,PHEV,SKL,REST,Standard,PICKUP,2
2026,09,09,FORD,TOURNEO,28,Madrid,Corporate,ICE,SKL,REST,Standard,TRANSPORTER,1
2026,09,09,FORD,TOURNEO,28,Madrid,Corporate,PHEV,SKL,REST,Standard,TRANSPORTER,1
2026,09,09,FORD,TRANSIT,28,Madrid,Corporate,ICE,SKL,REST,Standard,TRANSPORTER,6
2026,09,09,FORD,TRANSIT CONNECT,28,Madrid,Corporate,ICE,SKL,REST,Standard,TRANSPORTER,1
2026,09,09,FORD,TRANSIT CONNECT,28,Madrid,Corporate,PHEV,SKL,REST,Standard,TRANSPORTER,7
2026,09,09,FORD,TRANSIT COURIER,28,Madrid,Corporate,ICE,SKL,REST,Standard,TRANSPORTER,7
2026,09,09,FORD,TRANSIT COURIER,28,Madrid,RAC,ICE,SKL,REST,Standard,TRANSPORTER,6
2026,09,09,FORD,TRANSIT CUSTOM,28,Madrid,Corporate,ICE,SKL,REST,Standard,TRANSPORTER,10
2026,09,09,GEELY,E5,28,Madrid,Private,BEV,UKL2,REST,Standard,HACH 5P,1
2026,09,09,GEELY,STARRAY,28,Madrid,Corporate,PHEV,UKL2,REST,Standard,HACH 5P,1
2026,09,09,GEELY,STARRAY,28,Madrid,Private,PHEV,UKL2,REST,Standard,HACH 5P,7
2026,09,09,HONDA,HR-V,28,Madrid,Private,ICE,UKL1,REST,Standard,SAV,1
2026,09,09,HYUNDAI,I30,28,Madrid,Private,ICE,UKL2,REST,Standard,HACH 5P,2
2026,09,09,HYUNDAI,KONA,28,Madrid,Corporate,ICE,UKL1,REST,Standard,SAV,10
2026,09,09,HYUNDAI,KONA,28,Madrid,Private,ICE,UKL1,REST,Standard,SAV,2
2026,09,09,HYUNDAI,SANTA FE,28,Madrid,Private,ICE,MKL,REST,Standard,SAV,1
2026,09,09,HYUNDAI,TUCSON,28,Madrid,Corporate,ICE,UKL2,REST,Standard,SAV,2
2026,09,09,HYUNDAI,TUCSON,28,Madrid,Corporate,PHEV,UKL2,REST,Standard,SAV,1
2026,09,09,HYUNDAI,TUCSON,28,Madrid,Private,ICE,UKL2,REST,Standard,SAV,1
2026,09,09,HYUNDAI,TUCSON,28,Madrid,Private,PHEV,UKL2,REST,Standard,SAV,2
2026,09,09,IVECO,DAILY,28,Madrid,Corporate,ICE,SKL,REST,Standard,TRANSPORTER,4
2026,09,09,IVECO,DAILY,28,Madrid,RAC,ICE,SKL,REST,Standard,TRANSPORTER,1
2026,09,09,JAECOO,JAECOO 5,28,Madrid,Private,ICE,UKL1,REST,Standard,SAV,1
2026,09,09,JAECOO,JAECOO 7,28,Madrid,Private,ICE,UKL2,REST,Standard,SAV,1
2026,09,09,JAECOO,JAECOO 7,28,Madrid,Private,PHEV,UKL2,REST,Standard,SAV,1
2026,09,09,JAECOO,JAECOO 8,28,Madrid,Corporate,PHEV,KKL,REST,Standard,SAV,1
2026,09,09,JEEP,AVENGER,28,Madrid,Corporate,ICE,UKL1,REST,Standard,SAV,4
2026,09,09,JEEP,AVENGER,28,Madrid,Private,BEV,UKL1,REST,Standard,SAV,1
2026,09,09,JEEP,AVENGER,28,Madrid,Private,ICE,UKL1,REST,Standard,SAV,1
2026,09,09,JEEP,COMPASS,28,Madrid,Corporate,ICE,UKL2,REST,Standard,SAV,1
2026,09,09,JEEP,COMPASS,28,Madrid,Private,ICE,UKL2,REST,Standard,SAV,2
2026,09,09,KG MOBILITY,TORRES,28,Madrid,Private,ICE,UKL2,REST,Standard,SAV,1
2026,09,09,KIA,CEED,28,Madrid,Private,ICE,UKL2,REST,Standard,HACH 5P,1
2026,09,09,KIA,EV2,28,Madrid,Private,BEV,UKL1,REST,Standard,SAV,1
2026,09,09,KIA,EV3,28,Madrid,Corporate,BEV,UKL1,REST,Standard,SAV,4
2026,09,09,KIA,EV3,28,Madrid,Private,BEV,UKL1,REST,Standard,SAV,4
2026,09,09,KIA,EV4,28,Madrid,Private,BEV,KKL,REST,Standard,SEDAN,2
2026,09,09,KIA,EV5,28,Madrid,Corporate,BEV,UKL2,REST,Standard,HACH 5P,1
2026,09,09,KIA,NIRO,28,Madrid,Corporate,ICE,UKL2,REST,Standard,SAV,16
2026,09,09,KIA,NIRO,28,Madrid,Private,ICE,UKL2,REST,Standard,SAV,2
2026,09,09,KIA,PICANTO,28,Madrid,Corporate,ICE,UKL0,REST,Standard,HACH 5P,1
2026,09,09,KIA,PV5,28,Madrid,Corporate,BEV,SKL,REST,Standard,TRANSPORTER,4
2026,09,09,KIA,PV5,28,Madrid,RAC,BEV,SKL,REST,Standard,TRANSPORTER,1
2026,09,09,KIA,SORENTO,28,Madrid,Corporate,ICE,KKL,REST,Standard,SAV,1
2026,09,09,KIA,SPORTAGE,28,Madrid,Corporate,ICE,UKL2,REST,Standard,SAV,6
2026,09,09,KIA,SPORTAGE,28,Madrid,Corporate,PHEV,UKL2,REST,Standard,SAV,2
2026,09,09,KIA,SPORTAGE,28,Madrid,Private,ICE,UKL2,REST,Standard,SAV,4
2026,09,09,KIA,STONIC,28,Madrid,Corporate,ICE,UKL1,REST,Standard,SAV,15
2026,09,09,KIA,STONIC,28,Madrid,Private,ICE,UKL1,REST,Standard,SAV,1
2026,09,09,KIA,XCEED,28,Madrid,Private,ICE,UKL2,REST,Standard,HACH 5P,1
2026,09,09,LANCIA,YPSILON,28,Madrid,Corporate,ICE,UKL1,REST,Standard,HACH 5P,1
2026,09,09,LAND ROVER,RANGE ROVER SPORT,28,Madrid,Corporate,PHEV,MKL,FOCUS SEGMENT,Standard,SAV,1
2026,09,09,LEAPMOTOR,B05,28,Madrid,Private,BEV,UKL1,REST,Standard,HACH 5P,1
2026,09,09,LEAPMOTOR,B10,28,Madrid,Private,BEV,UKL2,REST,Standard,SAV,1
2026,09,09,LEAPMOTOR,T03,28,Madrid,Private,BEV,UKL0,REST,Standard,HACH 5P,1
2026,09,09,LEXUS,LBX,28,Madrid,Corporate,ICE,UKL1,FOCUS SEGMENT,Standard,SAV,1
2026,09,09,LEXUS,LBX,28,Madrid,Private,ICE,UKL1,FOCUS SEGMENT,Standard,SAV,3
2026,09,09,LEXUS,LBX,28,Madrid,RAC,ICE,UKL1,FOCUS SEGMENT,Standard,SAV,4
2026,09,09,LEXUS,NX,28,Madrid,Corporate,PHEV,KKL,FOCUS SEGMENT,Standard,SAV,1
2026,09,09,LEXUS,NX,28,Madrid,Private,PHEV,KKL,FOCUS SEGMENT,Standard,SAV,3
2026,09,09,LEXUS,UX,28,Madrid,Corporate,ICE,UKL2,FOCUS SEGMENT,Standard,SAV,1
2026,09,09,LEXUS,UX,28,Madrid,RAC,ICE,UKL2,FOCUS SEGMENT,Standard,SAV,3
2026,09,09,LYNK & CO,LYNK&CO 01,28,Madrid,Corporate,PHEV,UKL2,REST,Standard,SAV,1
2026,09,09,LYNK & CO,LYNK&CO 01,28,Madrid,Private,PHEV,UKL2,REST,Standard,SAV,1
2026,09,09,LYNK & CO,LYNK&CO 02,28,Madrid,Private,BEV,UKL2,REST,Standard,SAV,1
2026,09,09,LYNK & CO,LYNK&CO 08,28,Madrid,Corporate,PHEV,UKL2,REST,Standard,SAV,2
2026,09,09,MAXUS,DELIVER 7,28,Madrid,Private,ICE,SKL,REST,Standard,TRANSPORTER,1
2026,09,09,MAXUS,DELIVER 9,28,Madrid,Corporate,ICE,SKL,REST,Standard,TRANSPORTER,1
2026,09,09,MAZDA,6E,28,Madrid,Corporate,BEV,MKL,REST,Standard,SEDAN,1
2026,09,09,MAZDA,6E,28,Madrid,Private,BEV,MKL,REST,Standard,SEDAN,1
2026,09,09,MAZDA,CX30,28,Madrid,Corporate,ICE,UKL2,REST,Standard,SAV,6
2026,09,09,MAZDA,CX30,28,Madrid,Private,ICE,UKL2,REST,Standard,SAV,1
2026,09,09,MAZDA,CX5,28,Madrid,Corporate,ICE,UKL2,REST,Standard,SAV,3
2026,09,09,MAZDA,CX5,28,Madrid,Private,ICE,UKL2,REST,Standard,SAV,3
2026,09,09,MAZDA,MAZDA 2,28,Madrid,Corporate,ICE,UKL1,REST,Standard,HACH 5P,1
2026,09,09,MAZDA,MAZDA 2,28,Madrid,Private,ICE,UKL1,REST,Standard,HACH 5P,1
2026,09,09,MAZDA,MAZDA 3,28,Madrid,Corporate,ICE,UKL2,REST,Standard,SEDAN,1
2026,09,09,MAZDA,MAZDA 3,28,Madrid,Private,ICE,UKL2,REST,Standard,SEDAN,2
2026,09,09,MERCEDES,CLASE A,28,Madrid,Corporate,ICE,UKL2,FOCUS SEGMENT,Standard,SEDAN,4
2026,09,09,MERCEDES,CLASE A,28,Madrid,Private,PHEV,UKL2,FOCUS SEGMENT,Standard,HACH 5P,2
2026,09,09,MERCEDES,CLASE C,28,Madrid,Corporate,ICE,KKL,FOCUS SEGMENT,Standard,SEDAN,1
2026,09,09,MERCEDES,CLASE CLA,28,Madrid,Corporate,BEV,UKL2,FOCUS SEGMENT,Standard,SEDAN,2
2026,09,09,MERCEDES,CLASE CLA,28,Madrid,Corporate,ICE,UKL2,FOCUS SEGMENT,Standard,SEDAN,1
2026,09,09,MERCEDES,CLASE CLA,28,Madrid,Private,BEV,UKL2,FOCUS SEGMENT,Standard,SEDAN,2
2026,09,09,MERCEDES,CLASE CLE,28,Madrid,Corporate,ICE,MKL,FOCUS SEGMENT,Standard,COUPE,1
2026,09,09,MERCEDES,CLASE CLE,28,Madrid,Corporate,PHEV,MKL,FOCUS SEGMENT,Standard,COUPE,1
2026,09,09,MERCEDES,CLASE E,28,Madrid,Corporate,PHEV,MKL,FOCUS SEGMENT,Standard,SEDAN,2
2026,09,09,MERCEDES,CLASE GLA,28,Madrid,Corporate,ICE,UKL2,FOCUS SEGMENT,Standard,SAV,3
2026,09,09,MERCEDES,CLASE GLA,28,Madrid,Corporate,PHEV,UKL2,FOCUS SEGMENT,Standard,SAV,2
2026,09,09,MERCEDES,CLASE GLA,28,Madrid,Private,ICE,UKL2,FOCUS SEGMENT,Standard,SAV,1
2026,09,09,MERCEDES,CLASE GLA,28,Madrid,Private,PHEV,UKL2,FOCUS SEGMENT,Standard,SAV,1
2026,09,09,MERCEDES,CLASE GLB,28,Madrid,Corporate,BEV,UKL2,FOCUS SEGMENT,Standard,SAV,5
2026,09,09,MERCEDES,CLASE GLB,28,Madrid,Corporate,ICE,UKL2,FOCUS SEGMENT,Standard,SAV,2
2026,09,09,MERCEDES,CLASE GLC,28,Madrid,Corporate,BEV,KKL,FOCUS SEGMENT,Standard,SAV,2
2026,09,09,MERCEDES,CLASE GLC,28,Madrid,Corporate,ICE,KKL,FOCUS SEGMENT,Standard,SAV,5
2026,09,09,MERCEDES,CLASE GLC,28,Madrid,Corporate,PHEV,KKL,FOCUS SEGMENT,Standard,SAV,12
2026,09,09,MERCEDES,CLASE GLC,28,Madrid,Private,BEV,KKL,FOCUS SEGMENT,Standard,SAV,2
2026,09,09,MERCEDES,CLASE GLC,28,Madrid,Private,PHEV,KKL,FOCUS SEGMENT,Standard,SAV,2
2026,09,09,MERCEDES,CLASE GLE,28,Madrid,Corporate,ICE,MKL,FOCUS SEGMENT,Standard,SAV,3
2026,09,09,MERCEDES,CLASE GLE,28,Madrid,Private,ICE,MKL,FOCUS SEGMENT,Standard,SAV,1
2026,09,09,MERCEDES,CLASE GLS,28,Madrid,Corporate,ICE,GKL,FOCUS SEGMENT,M,SAV,1
2026,09,09,MERCEDES,CLASE S,28,Madrid,Corporate,ICE,GKL,FOCUS SEGMENT,Standard,SEDAN,1
2026,09,09,MERCEDES,CLASE T,28,Madrid,Corporate,ICE,SKL,REST,Standard,TRANSPORTER,1
2026,09,09,MERCEDES,CLASE V,28,Madrid,Corporate,ICE,MKL,REST,Standard,MPV,1
2026,09,09,MERCEDES,EQS,28,Madrid,Corporate,BEV,GKL,FOCUS SEGMENT,Standard,SEDAN,1
2026,09,09,MERCEDES,SPRINTER 300,28,Madrid,Corporate,ICE,SKL,REST,Standard,TRANSPORTER,1
2026,09,09,MERCEDES,SPRINTER 300,28,Madrid,Private,ICE,SKL,REST,Standard,TRANSPORTER,1
2026,09,09,MERCEDES-V,VITO,28,Madrid,Corporate,ICE,SKL,REST,Standard,TRANSPORTER,2
2026,09,09,MERCEDES-V,VITO,28,Madrid,RAC,ICE,SKL,REST,Standard,TRANSPORTER,3
2026,09,09,MG,HS,28,Madrid,Private,ICE,KKL,REST,Standard,SAV,2
2026,09,09,MG,MG 3,28,Madrid,Private,ICE,UKL1,REST,Standard,HACH 5P,1
2026,09,09,MG,MG 4,28,Madrid,Private,BEV,UKL2,REST,Standard,HACH 5P,1
2026,09,09,MG,MG S9,28,Madrid,Private,PHEV,KKL,REST,Standard,SAV,1
2026,09,09,MG,ZS,28,Madrid,Corporate,ICE,UKL1,REST,Standard,SAV,1
2026,09,09,MG,ZS,28,Madrid,Private,ICE,UKL1,REST,Standard,SAV,6
2026,09,09,MINI,ACEMAN,28,Madrid,Corporate,BEV,UKL1,FOCUS SEGMENT,Standard,SAV,5
2026,09,09,MINI,CABRIO,28,Madrid,Corporate,ICE,UKL1,FOCUS SEGMENT,Standard,CABRIO,2
2026,09,09,MINI,COUNTRYMAN,28,Madrid,RAC,ICE,UKL2,FOCUS SEGMENT,Standard,SAV,4
2026,09,09,MINI,HATCHBACK,28,Madrid,Corporate,BEV,UKL1,FOCUS SEGMENT,JCW,HACH 3P,1
2026,09,09,MINI,HATCHBACK,28,Madrid,Corporate,BEV,UKL1,FOCUS SEGMENT,Standard,HACH 3P,12
2026,09,09,MINI,HATCHBACK,28,Madrid,Corporate,ICE,UKL1,FOCUS SEGMENT,JCW,HACH 3P,1
2026,09,09,MINI,HATCHBACK,28,Madrid,Corporate,ICE,UKL1,FOCUS SEGMENT,Standard,HACH 3P,6
2026,09,09,MINI,HATCHBACK,28,Madrid,Private,BEV,UKL1,FOCUS SEGMENT,JCW,HACH 3P,1
2026,09,09,MINI,HATCHBACK,28,Madrid,Private,BEV,UKL1,FOCUS SEGMENT,Standard,HACH 3P,1
2026,09,09,MINI,HATCHBACK,28,Madrid,Private,ICE,UKL1,FOCUS SEGMENT,JCW,HACH 3P,1
2026,09,09,MINI,HATCHBACK,28,Madrid,Private,ICE,UKL1,FOCUS SEGMENT,Standard,HACH 3P,1
2026,09,09,MITSUBISHI,ASX,28,Madrid,Corporate,ICE,UKL2,REST,Standard,SAV,1
2026,09,09,MITSUBISHI,OUTLANDER,28,Madrid,Private,PHEV,KKL,REST,Standard,SAV,1
2026,09,09,NISSAN,INTERSTAR,28,Madrid,Corporate,ICE,SKL,REST,Standard,TRANSPORTER,1
2026,09,09,NISSAN,JUKE,28,Madrid,Corporate,ICE,UKL1,REST,Standard,SAV,2
2026,09,09,NISSAN,JUKE,28,Madrid,Private,ICE,UKL1,REST,Standard,SAV,1
2026,09,09,NISSAN,PRIMASTAR,28,Madrid,Corporate,ICE,SKL,REST,Standard,TRANSPORTER,3
2026,09,09,NISSAN,QASHQAI,28,Madrid,Corporate,ICE,UKL2,REST,Standard,SAT,21
2026,09,09,NISSAN,QASHQAI,28,Madrid,Private,ICE,UKL2,REST,Standard,SAT,3
2026,09,09,NISSAN,TOWNSTAR,28,Madrid,Corporate,ICE,SKL,REST,Standard,TRANSPORTER,2
2026,09,09,NISSAN,X-TRAIL,28,Madrid,Corporate,ICE,KKL,REST,Standard,SUV,3
2026,09,09,NISSAN,X-TRAIL,28,Madrid,Private,ICE,KKL,REST,Standard,SUV,2
2026,09,09,OMODA,OMODA 5,28,Madrid,Corporate,ICE,UKL2,REST,Standard,SAV,1
2026,09,09,OMODA,OMODA 5,28,Madrid,Private,ICE,UKL2,REST,Standard,SAV,2
2026,09,09,OMODA,OMODA 7,28,Madrid,Private,PHEV,KKL,REST,Standard,SAV,1
2026,09,09,OMODA,OMODA 9,28,Madrid,Corporate,PHEV,KKL,REST,Standard,SAV,1
2026,09,09,OPEL,COMBO,28,Madrid,Corporate,ICE,SKL,REST,Standard,TRANSPORTER,7
2026,09,09,OPEL,CORSA,28,Madrid,Corporate,ICE,UKL1,REST,Standard,HACH 5P,6
2026,09,09,OPEL,CORSA,28,Madrid,Private,ICE,UKL1,REST,Standard,HACH 5P,1
2026,09,09,OPEL,FRONTERA,28,Madrid,Private,BEV,KKL,REST,Standard,SUV,2
2026,09,09,OPEL,VIVARO,28,Madrid,Corporate,ICE,SKL,REST,Standard,TRANSPORTER,1
2026,09,09,PEUGEOT,2008,28,Madrid,Corporate,ICE,UKL1,REST,Standard,SAV,4
2026,09,09,PEUGEOT,2008,28,Madrid,Private,ICE,UKL1,REST,Standard,SAV,5
2026,09,09,PEUGEOT,208,28,Madrid,Corporate,ICE,UKL1,REST,Standard,HACH 5P,18
2026,09,09,PEUGEOT,208,28,Madrid,Private,ICE,UKL1,REST,Standard,HACH 5P,1
2026,09,09,PEUGEOT,3008,28,Madrid,Corporate,ICE,UKL2,REST,Standard,SAT,13
2026,09,09,PEUGEOT,3008,28,Madrid,Private,ICE,UKL2,REST,Standard,SAT,1
2026,09,09,PEUGEOT,3008,28,Madrid,Private,PHEV,UKL2,REST,Standard,SAT,1
2026,09,09,PEUGEOT,308,28,Madrid,Corporate,ICE,UKL2,REST,Standard,HACH 5P,1
2026,09,09,PEUGEOT,308,28,Madrid,Private,ICE,UKL2,REST,Standard,HACH 5P,1
2026,09,09,PEUGEOT,408,28,Madrid,Corporate,ICE,UKL2,REST,Standard,SEDAN,1
2026,09,09,PEUGEOT,408,28,Madrid,Private,ICE,UKL2,REST,Standard,SEDAN,1
2026,09,09,PEUGEOT,BOXER,28,Madrid,Corporate,ICE,SKL,REST,Standard,TRANSPORTER,2
2026,09,09,PEUGEOT,E-208,28,Madrid,Private,BEV,UKL1,REST,Standard,HACH 5P,1
2026,09,09,PEUGEOT,EXPERT,28,Madrid,Corporate,ICE,SKL,REST,Standard,TRANSPORTER,6
2026,09,09,PEUGEOT,PARTNER,28,Madrid,Corporate,ICE,SKL,REST,Standard,TRANSPORTER,18
2026,09,09,PEUGEOT,PARTNER,28,Madrid,Private,ICE,SKL,REST,Standard,TRANSPORTER,1
2026,09,09,PEUGEOT,RIFTER,28,Madrid,Corporate,ICE,SKL,REST,Standard,TRANSPORTER,14
2026,09,09,RENAULT,4,28,Madrid,Private,BEV,UKL1,REST,Standard,SAV,2
2026,09,09,RENAULT,AUSTRAL,28,Madrid,Private,ICE,UKL2,REST,Standard,SAV,1
2026,09,09,RENAULT,CAPTUR,28,Madrid,Corporate,ICE,UKL1,REST,Standard,SAV,8
2026,09,09,RENAULT,CAPTUR,28,Madrid,Private,ICE,UKL1,REST,Standard,SAV,1
2026,09,09,RENAULT,CLIO,28,Madrid,Private,ICE,UKL1,REST,Standard,HACH 5P,10
2026,09,09,RENAULT,KANGOO,28,Madrid,Corporate,ICE,SKL,REST,Standard,TRANSPORTER,60
2026,09,09,RENAULT,MASTER,28,Madrid,Corporate,ICE,SKL,REST,Standard,TRANSPORTER,20
2026,09,09,RENAULT,SYMBIOZ,28,Madrid,Corporate,ICE,UKL1,REST,Standard,SAV,7
2026,09,09,RENAULT,SYMBIOZ,28,Madrid,Private,ICE,UKL1,REST,Standard,SAV,1
2026,09,09,RENAULT,TRAFIC,28,Madrid,Corporate,ICE,SKL,REST,Standard,TRANSPORTER,26
2026,09,09,RENAULT,TWINGO,28,Madrid,Private,BEV,UKL0,REST,Standard,HACH 5P,6
2026,09,09,SEAT,ARONA,28,Madrid,Corporate,ICE,UKL1,REST,Standard,SAV,51
2026,09,09,SEAT,ARONA,28,Madrid,Private,ICE,UKL1,REST,Standard,SAV,1
2026,09,09,SEAT,IBIZA,28,Madrid,Corporate,ICE,UKL1,REST,Standard,HACH 5P,36
2026,09,09,SEAT,IBIZA,28,Madrid,Private,ICE,UKL1,REST,Standard,HACH 5P,2
2026,09,09,SEAT,LEON,28,Madrid,Corporate,ICE,UKL2,REST,Standard,HACH 5P,16
2026,09,09,SKODA,ELROQ,28,Madrid,Corporate,BEV,UKL2,REST,Standard,SAV,1
2026,09,09,SKODA,ENYAQ,28,Madrid,Corporate,BEV,UKL2,REST,Standard,SAV,1
2026,09,09,SKODA,ENYAQ,28,Madrid,Private,BEV,UKL2,REST,Standard,SAV,1
2026,09,09,SKODA,EPIQ,28,Madrid,Private,BEV,UKL1,REST,Standard,SAV,1
2026,09,09,SKODA,FABIA,28,Madrid,Corporate,ICE,UKL1,REST,Standard,HACH 5P,7
2026,09,09,SKODA,FABIA,28,Madrid,Private,ICE,UKL1,REST,Standard,HACH 5P,1
2026,09,09,SKODA,KAMIQ,28,Madrid,Corporate,ICE,UKL1,REST,Standard,SAV,8
2026,09,09,SKODA,KAROQ,28,Madrid,Corporate,ICE,UKL2,REST,Standard,SAT,1
2026,09,09,SKODA,KODIAQ,28,Madrid,Private,PHEV,KKL,REST,Standard,SAV,1
2026,09,09,SKODA,OCTAVIA,28,Madrid,Corporate,ICE,UKL2,REST,Standard,ESTATE,4
2026,09,09,SKODA,SUPERB,28,Madrid,Corporate,ICE,KKL,REST,Standard,SEDAN,1
2026,09,09,SUZUKI,SX4,28,Madrid,Private,ICE,UKL1,REST,Standard,SAV,1
2026,09,09,SUZUKI,VITARA,28,Madrid,Private,ICE,UKL2,REST,Standard,SUV,2
2026,09,09,TESLA,MODEL 3,28,Madrid,Corporate,BEV,KKL,FOCUS SEGMENT,Standard,SEDAN,31
2026,09,09,TESLA,MODEL 3,28,Madrid,Private,BEV,KKL,FOCUS SEGMENT,Standard,SEDAN,10
2026,09,09,TESLA,MODEL Y,28,Madrid,Corporate,BEV,KKL,FOCUS SEGMENT,Standard,SAT,4
2026,09,09,TESLA,MODEL Y,28,Madrid,Private,BEV,KKL,FOCUS SEGMENT,Standard,SAT,9
2026,09,09,TOYOTA,C-HR,28,Madrid,Corporate,BEV,UKL1,REST,Standard,SAV,2
2026,09,09,TOYOTA,C-HR,28,Madrid,Corporate,ICE,UKL1,REST,Standard,SAV,13
2026,09,09,TOYOTA,C-HR,28,Madrid,Corporate,PHEV,UKL1,REST,Standard,SAV,16
2026,09,09,TOYOTA,C-HR,28,Madrid,Private,BEV,UKL1,REST,Standard,SAV,3
2026,09,09,TOYOTA,C-HR,28,Madrid,Private,ICE,UKL1,REST,Standard,SAV,1
2026,09,09,TOYOTA,C-HR,28,Madrid,Private,PHEV,UKL1,REST,Standard,SAV,3
2026,09,09,TOYOTA,COROLLA,28,Madrid,Corporate,ICE,UKL2,REST,Standard,HACH 5P,23
2026,09,09,TOYOTA,COROLLA,28,Madrid,Private,ICE,UKL2,REST,Standard,HACH 5P,22
2026,09,09,TOYOTA,HI LUX,28,Madrid,Private,ICE,SKL,REST,Standard,PICKUP,1
2026,09,09,TOYOTA,LAND CRUISER,28,Madrid,Corporate,ICE,GKL,REST,Standard,SUV,1
2026,09,09,TOYOTA,PROACE,28,Madrid,Corporate,BEV,SKL,REST,Standard,TRANSPORTER,1
2026,09,09,TOYOTA,PROACE,28,Madrid,Corporate,ICE,SKL,REST,Standard,TRANSPORTER,4
2026,09,09,TOYOTA,PROACE,28,Madrid,Private,ICE,SKL,REST,Standard,TRANSPORTER,1
2026,09,09,TOYOTA,PROACE,28,Madrid,RAC,BEV,SKL,REST,Standard,TRANSPORTER,1
2026,09,09,TOYOTA,PROACE,28,Madrid,RAC,ICE,SKL,REST,Standard,TRANSPORTER,1
2026,09,09,TOYOTA,PROACE CITY,28,Madrid,Corporate,BEV,SKL,REST,Standard,TRANSPORTER,4
2026,09,09,TOYOTA,PROACE CITY,28,Madrid,Corporate,ICE,SKL,REST,Standard,TRANSPORTER,9
2026,09,09,TOYOTA,PROACE CITY,28,Madrid,Private,BEV,SKL,REST,Standard,TRANSPORTER,1
2026,09,09,TOYOTA,PROACE VERSO,28,Madrid,Corporate,ICE,SKL,REST,Standard,TRANSPORTER,3
2026,09,09,TOYOTA,RAV 4,28,Madrid,Corporate,PHEV,UKL2,REST,Standard,SAV,6
2026,09,09,TOYOTA,RAV 4,28,Madrid,Private,PHEV,UKL2,REST,Standard,SAV,10
2026,09,09,TOYOTA,YARIS,28,Madrid,Corporate,ICE,UKL1,REST,Standard,HACH 5P,23
2026,09,09,TOYOTA,YARIS,28,Madrid,Private,ICE,UKL1,REST,Standard,HACH 5P,12
2026,09,09,TOYOTA,YARIS CROSS,28,Madrid,Corporate,ICE,UKL1,REST,Standard,SAV,28
2026,09,09,TOYOTA,YARIS CROSS,28,Madrid,Private,ICE,UKL1,REST,Standard,SAV,3
2026,09,09,VOLKSWAGEN,CADDY,28,Madrid,Corporate,ICE,SKL,REST,Standard,TRANSPORTER,2
2026,09,09,VOLKSWAGEN,CADDY,28,Madrid,Corporate,PHEV,SKL,REST,Standard,TRANSPORTER,1
2026,09,09,VOLKSWAGEN,GOLF,28,Madrid,Private,ICE,UKL2,REST,Standard,HACH 5P,1
2026,09,09,VOLKSWAGEN,GOLF,28,Madrid,Private,PHEV,UKL2,REST,Standard,HACH 5P,1
2026,09,09,VOLKSWAGEN,ID.3,28,Madrid,Private,BEV,UKL2,REST,Standard,HACH 5P,2
2026,09,09,VOLKSWAGEN,ID.4,28,Madrid,Private,BEV,UKL2,REST,Standard,SAV,1
2026,09,09,VOLKSWAGEN,ID.7,28,Madrid,Private,BEV,MKL,REST,Standard,SEDAN,2
2026,09,09,VOLKSWAGEN,MULTIVAN,28,Madrid,Corporate,PHEV,SKL,REST,Standard,TRANSPORTER,1
2026,09,09,VOLKSWAGEN,POLO,28,Madrid,Corporate,ICE,UKL1,REST,Standard,HACH 5P,3
2026,09,09,VOLKSWAGEN,T-CROSS,28,Madrid,Corporate,ICE,UKL1,REST,Standard,SAV,7
2026,09,09,VOLKSWAGEN,T-ROC,28,Madrid,Corporate,ICE,UKL2,REST,Standard,SAV,6
2026,09,09,VOLKSWAGEN,TAIGO,28,Madrid,Corporate,ICE,UKL1,REST,Standard,SAV,1
2026,09,09,VOLKSWAGEN,TAYRON,28,Madrid,Corporate,PHEV,UKL2,REST,Standard,SAV,1
2026,09,09,VOLKSWAGEN,TAYRON,28,Madrid,Private,PHEV,UKL2,REST,Standard,SAV,1
2026,09,09,VOLKSWAGEN,TIGUAN,28,Madrid,Corporate,ICE,UKL2,REST,Standard,SAV,20
2026,09,09,VOLKSWAGEN,TIGUAN,28,Madrid,Private,PHEV,UKL2,REST,Standard,SAV,1
2026,09,09,VOLKSWAGEN,TRANSPORTER,28,Madrid,Corporate,ICE,SKL,REST,Standard,TRANSPORTER,2
2026,09,09,VOLVO,EX30,28,Madrid,Private,BEV,UKL1,FOCUS SEGMENT,Standard,SAV,3
2026,09,09,VOLVO,V60,28,Madrid,Private,ICE,KKL,FOCUS SEGMENT,Standard,ESTATE,1
2026,09,09,VOLVO,XC40,28,Madrid,Private,ICE,UKL2,FOCUS SEGMENT,Standard,SAV,1
2026,09,09,VOLVO,XC60,28,Madrid,Corporate,ICE,KKL,FOCUS SEGMENT,Standard,SAV,4
2026,09,09,VOLVO,XC60,28,Madrid,Corporate,PHEV,KKL,FOCUS SEGMENT,Standard,SAV,1
2026,09,09,VOLVO,XC90,28,Madrid,Corporate,PHEV,MKL,FOCUS SEGMENT,Standard,SAV,3
2026,09,09,VOLVO,XC90,28,Madrid,Private,PHEV,MKL,FOCUS SEGMENT,Standard,SAV,1
2026,09,09,XPENG,G6,28,Madrid,Private,BEV,KKL,FOCUS SEGMENT,Standard,SAV,1
2026,09,09,XPENG,G9,28,Madrid,Corporate,BEV,MKL,FOCUS SEGMENT,Standard,SAV,1
2026,09,09,ZAGO AUTOMOTIVE,C3 VAN ZAGO,28,Madrid,Corporate,ICE,,REST,Standard,,1
2026,09,09,ZEEKR,ZEEKR X,28,Madrid,Private,BEV,UKL2,FOCUS SEGMENT,Standard,SAV,1
2026,09,09,BMW,X1,29,Málaga,Private,ICE,UKL2,FOCUS SEGMENT,Standard,SAV,1
2026,09,09,BYD,ATTO 2,29,Málaga,Private,PHEV,UKL1,REST,Standard,SAV,1
2026,09,09,BYD,DOLPHIN G,29,Málaga,Private,PHEV,UKL1,REST,Standard,HACH 5P,1
2026,09,09,BYD,SEAL U,29,Málaga,Private,PHEV,KKL,REST,Standard,SAV,1
2026,09,09,CHANGAN,DEEPAL S05,29,Málaga,Private,BEV,UKL2,REST,Standard,HACH 5P,1
2026,09,09,CITROEN,BERLINGO,29,Málaga,Corporate,ICE,SKL,REST,Standard,TRANSPORTER,1
2026,09,09,CITROEN,C3,29,Málaga,Private,BEV,UKL1,REST,Standard,HACH 5P,1
2026,09,09,CITROEN,C3,29,Málaga,Private,ICE,UKL1,REST,Standard,HACH 5P,2
2026,09,09,CITROEN,C3 AIRCROSS,29,Málaga,Private,ICE,UKL2,REST,Standard,SAV,2
2026,09,09,CITROEN,C4,29,Málaga,Private,ICE,UKL2,REST,Standard,HACH 5P,1
2026,09,09,CUPRA,FORMENTOR,29,Málaga,Private,ICE,UKL2,REST,Standard,SAT,1
2026,09,09,CUPRA,TERRAMAR,29,Málaga,Private,PHEV,UKL2,REST,Standard,SAT,1
2026,09,09,DACIA,DUSTER,29,Málaga,Private,ICE,SKL,REST,Standard,PICKUP,1
2026,09,09,DACIA,JOGGER,29,Málaga,Private,ICE,UKL2,REST,Standard,MPV,1
2026,09,09,DACIA,SANDERO,29,Málaga,Private,ICE,UKL1,REST,Standard,HACH 5P,4
2026,09,09,FORD,TRANSIT,29,Málaga,Corporate,ICE,SKL,REST,Standard,TRANSPORTER,2
2026,09,09,HONDA,CR-V,29,Málaga,Private,PHEV,KKL,REST,Standard,SAV,1
2026,09,09,JAECOO,JAECOO 5,29,Málaga,Private,ICE,UKL1,REST,Standard,SAV,2
2026,09,09,KIA,EV3,29,Málaga,Private,BEV,UKL1,REST,Standard,SAV,1
2026,09,09,KIA,PICANTO,29,Málaga,Private,ICE,UKL0,REST,Standard,HACH 5P,1
2026,09,09,KIA,SPORTAGE,29,Málaga,Private,ICE,UKL2,REST,Standard,SAV,1
2026,09,09,LEXUS,RZ,29,Málaga,Private,BEV,KKL,FOCUS SEGMENT,Standard,SAT,2
2026,09,09,MERCEDES,CLASE GLC,29,Málaga,Corporate,PHEV,KKL,FOCUS SEGMENT,Standard,SAV,3
2026,09,09,MERCEDES,CLASE GLE,29,Málaga,Private,PHEV,MKL,FOCUS SEGMENT,Standard,SAV,1
2026,09,09,MG,MG 3,29,Málaga,Private,ICE,UKL1,REST,Standard,HACH 5P,2
2026,09,09,MG,ZS,29,Málaga,Private,ICE,UKL1,REST,Standard,SAV,3
2026,09,09,NISSAN,JUKE,29,Málaga,Private,ICE,UKL1,REST,Standard,SAV,1
2026,09,09,PEUGEOT,EXPERT,29,Málaga,Corporate,ICE,SKL,REST,Standard,TRANSPORTER,1
2026,09,09,PEUGEOT,EXPERT,29,Málaga,RAC,ICE,SKL,REST,Standard,TRANSPORTER,1
2026,09,09,POLESTAR,POLESTAR 4,29,Málaga,Private,BEV,KKL,FOCUS SEGMENT,Standard,SAV,1
2026,09,09,PORSCHE,MACAN,29,Málaga,Private,BEV,KKL,FOCUS SEGMENT,Standard,SAV,1
2026,09,09,RENAULT,CLIO,29,Málaga,Private,ICE,UKL1,REST,Standard,HACH 5P,2
2026,09,09,RENAULT,TWINGO,29,Málaga,Private,BEV,UKL0,REST,Standard,HACH 5P,1
2026,09,09,SEAT,ARONA,29,Málaga,Private,ICE,UKL1,REST,Standard,SAV,1
2026,09,09,SEAT,ATECA,29,Málaga,Private,ICE,UKL2,REST,Standard,SAT,1
2026,09,09,SEAT,IBIZA,29,Málaga,Private,ICE,UKL1,REST,Standard,HACH 5P,2
2026,09,09,SKODA,FABIA,29,Málaga,Private,ICE,UKL1,REST,Standard,HACH 5P,2
2026,09,09,TESLA,MODEL 3,29,Málaga,Private,BEV,KKL,FOCUS SEGMENT,Standard,SEDAN,7
2026,09,09,TESLA,MODEL Y,29,Málaga,Private,BEV,KKL,FOCUS SEGMENT,Standard,SAT,4
2026,09,09,TOYOTA,COROLLA,29,Málaga,Private,ICE,UKL2,REST,Standard,HACH 5P,3
2026,09,09,TOYOTA,RAV 4,29,Málaga,Private,PHEV,UKL2,REST,Standard,SAV,1
2026,09,09,VOLVO,XC40,29,Málaga,Private,ICE,UKL2,FOCUS SEGMENT,Standard,SAV,1
2026,09,09,VOLVO,XC60,29,Málaga,Private,ICE,KKL,FOCUS SEGMENT,Standard,SAV,1
2026,09,09,BYD,DOLPHIN G,30,Murcia,Private,PHEV,UKL1,REST,Standard,HACH 5P,2
2026,09,09,DACIA,DUSTER,30,Murcia,Private,ICE,SKL,REST,Standard,PICKUP,1
2026,09,09,DACIA,JOGGER,30,Murcia,Private,ICE,UKL2,REST,Standard,MPV,2
2026,09,09,DACIA,SANDERO,30,Murcia,Private,ICE,UKL1,REST,Standard,HACH 5P,2
2026,09,09,EBRO,S400,30,Murcia,Private,ICE,UKL2,REST,Standard,SAV,1
2026,09,09,FIAT,DUCATO,30,Murcia,Corporate,ICE,SKL,REST,Standard,TRANSPORTER,1
2026,09,09,HONDA,HR-V,30,Murcia,Private,ICE,UKL1,REST,Standard,SAV,1
2026,09,09,HYUNDAI,TUCSON,30,Murcia,Private,ICE,UKL2,REST,Standard,SAV,1
2026,09,09,JAECOO,JAECOO 5,30,Murcia,Private,ICE,UKL1,REST,Standard,SAV,1
2026,09,09,JEEP,COMPASS,30,Murcia,Private,ICE,UKL2,REST,Standard,SAV,1
2026,09,09,KIA,NIRO,30,Murcia,Private,ICE,UKL2,REST,Standard,SAV,2
2026,09,09,KIA,STONIC,30,Murcia,Private,ICE,UKL1,REST,Standard,SAV,1
2026,09,09,MAXUS,DELIVER 7,30,Murcia,Corporate,ICE,SKL,REST,Standard,TRANSPORTER,1
2026,09,09,MAXUS,DELIVER 9,30,Murcia,Corporate,ICE,SKL,REST,Standard,TRANSPORTER,1
2026,09,09,MAZDA,6E,30,Murcia,Private,BEV,MKL,REST,Standard,SEDAN,1
2026,09,09,MAZDA,CX30,30,Murcia,Private,ICE,UKL2,REST,Standard,SAV,1
2026,09,09,MERCEDES,CLASE CLA,30,Murcia,Corporate,ICE,UKL2,FOCUS SEGMENT,Standard,SEDAN,1
2026,09,09,MERCEDES,CLASE CLE,30,Murcia,Private,ICE,MKL,FOCUS SEGMENT,Standard,COUPE,1
2026,09,09,MERCEDES,CLASE GLA,30,Murcia,Corporate,ICE,UKL2,FOCUS SEGMENT,Standard,SAV,1
2026,09,09,MERCEDES,CLASE GLC,30,Murcia,Corporate,ICE,KKL,FOCUS SEGMENT,Standard,SAV,1
2026,09,09,MERCEDES,CLASE GLC,30,Murcia,Corporate,PHEV,KKL,FOCUS SEGMENT,Standard,SAV,2
2026,09,09,MERCEDES,CLASE GLC,30,Murcia,Private,ICE,KKL,FOCUS SEGMENT,Standard,SAV,1
2026,09,09,MERCEDES,CLASE GLE,30,Murcia,Corporate,PHEV,MKL,FOCUS SEGMENT,Standard,SAV,1
2026,09,09,MERCEDES,EQA,30,Murcia,Corporate,BEV,UKL2,FOCUS SEGMENT,Standard,SAV,1
2026,09,09,MERCEDES,SPRINTER 300,30,Murcia,Corporate,ICE,SKL,REST,Standard,TRANSPORTER,1
2026,09,09,MERCEDES-V,VITO,30,Murcia,Corporate,ICE,SKL,REST,Standard,TRANSPORTER,1
2026,09,09,MG,HS,30,Murcia,Private,ICE,KKL,REST,Standard,SAV,1
2026,09,09,MINI,HATCHBACK,30,Murcia,Private,ICE,UKL1,FOCUS SEGMENT,Standard,HACH 3P,1
2026,09,09,MITSUBISHI,COLT,30,Murcia,Corporate,ICE,UKL1,REST,Standard,HACH 3P,3
2026,09,09,NISSAN,QASHQAI,30,Murcia,Private,ICE,UKL2,REST,Standard,SAT,1
2026,09,09,NISSAN,X-TRAIL,30,Murcia,Private,ICE,KKL,REST,Standard,SUV,2
2026,09,09,OPEL,FRONTERA,30,Murcia,Private,BEV,KKL,REST,Standard,SUV,1
2026,09,09,PEUGEOT,2008,30,Murcia,Corporate,ICE,UKL1,REST,Standard,SAV,1
2026,09,09,PEUGEOT,2008,30,Murcia,Private,ICE,UKL1,REST,Standard,SAV,1
2026,09,09,PEUGEOT,208,30,Murcia,Private,ICE,UKL1,REST,Standard,HACH 5P,1
2026,09,09,PEUGEOT,RIFTER,30,Murcia,Corporate,ICE,SKL,REST,Standard,TRANSPORTER,1
2026,09,09,RENAULT,ARKANA,30,Murcia,Private,ICE,UKL2,REST,Standard,SAV,1
2026,09,09,RENAULT,KANGOO,30,Murcia,Corporate,ICE,SKL,REST,Standard,TRANSPORTER,1
2026,09,09,RENAULT,TWINGO,30,Murcia,Private,BEV,UKL0,REST,Standard,HACH 5P,1
2026,09,09,SEAT,ARONA,30,Murcia,Private,ICE,UKL1,REST,Standard,SAV,1
2026,09,09,SKODA,KAROQ,30,Murcia,Private,ICE,UKL2,REST,Standard,SAT,2
2026,09,09,SUZUKI,VITARA,30,Murcia,Corporate,ICE,UKL2,REST,Standard,SUV,1
2026,09,09,TESLA,MODEL 3,30,Murcia,Private,BEV,KKL,FOCUS SEGMENT,Standard,SEDAN,3
2026,09,09,TESLA,MODEL Y,30,Murcia,Private,BEV,KKL,FOCUS SEGMENT,Standard,SAT,3
2026,09,09,TOYOTA,C-HR,30,Murcia,Private,ICE,UKL1,REST,Standard,SAV,3
2026,09,09,TOYOTA,C-HR,30,Murcia,Private,PHEV,UKL1,REST,Standard,SAV,1
2026,09,09,TOYOTA,PROACE VERSO,30,Murcia,Private,ICE,SKL,REST,Standard,TRANSPORTER,1
2026,09,09,TOYOTA,RAV 4,30,Murcia,Corporate,PHEV,UKL2,REST,Standard,SAV,1
2026,09,09,TOYOTA,RAV 4,30,Murcia,Private,PHEV,UKL2,REST,Standard,SAV,2
2026,09,09,TOYOTA,YARIS CROSS,30,Murcia,Private,ICE,UKL1,REST,Standard,SAV,1
2026,09,09,VOLKSWAGEN,CRAFTER,30,Murcia,Corporate,ICE,SKL,REST,Standard,TRANSPORTER,1
2026,09,09,VOLKSWAGEN,GOLF,30,Murcia,Corporate,ICE,UKL2,REST,Standard,HACH 5P,2
2026,09,09,VOLKSWAGEN,MULTIVAN,30,Murcia,Private,ICE,SKL,REST,Standard,TRANSPORTER,1
2026,09,09,BYD,ATTO 2,31,Navarra,Private,BEV,UKL1,REST,Standard,SAV,1
2026,09,09,BYD,ATTO 3 EVO,31,Navarra,Private,BEV,UKL2,REST,Standard,SAV,1
2026,09,09,CHANGAN,DEEPAL S05,31,Navarra,Private,BEV,UKL2,REST,Standard,HACH 5P,3
2026,09,09,DACIA,JOGGER,31,Navarra,Private,ICE,UKL2,REST,Standard,MPV,1
2026,09,09,DACIA,SANDERO,31,Navarra,Private,ICE,UKL1,REST,Standard,HACH 5P,3
2026,09,09,FORD,TRANSIT,31,Navarra,Private,ICE,SKL,REST,Standard,TRANSPORTER,1
2026,09,09,HYUNDAI,KONA,31,Navarra,Private,BEV,UKL1,REST,Standard,SAV,1
2026,09,09,JAECOO,JAECOO 5,31,Navarra,Private,BEV,UKL1,REST,Standard,SAV,1
2026,09,09,KIA,EV3,31,Navarra,Private,BEV,UKL1,REST,Standard,SAV,1
2026,09,09,KIA,EV4,31,Navarra,Private,BEV,KKL,REST,Standard,SEDAN,1
2026,09,09,KIA,NIRO,31,Navarra,Private,ICE,UKL2,REST,Standard,SAV,1
2026,09,09,KIA,STONIC,31,Navarra,Private,ICE,UKL1,REST,Standard,SAV,1
2026,09,09,LEAPMOTOR,B05,31,Navarra,Private,BEV,UKL1,REST,Standard,HACH 5P,1
2026,09,09,LEAPMOTOR,B10,31,Navarra,Private,BEV,UKL2,REST,Standard,SAV,3
2026,09,09,LEAPMOTOR,C10,31,Navarra,Private,BEV,MKL,REST,Standard,SAV,1
2026,09,09,MAZDA,CX5,31,Navarra,Private,ICE,UKL2,REST,Standard,SAV,1
2026,09,09,MERCEDES,CLASE GLA,31,Navarra,Corporate,ICE,UKL2,FOCUS SEGMENT,Standard,SAV,1
2026,09,09,MERCEDES,CLASE GLA,31,Navarra,Private,ICE,UKL2,FOCUS SEGMENT,Standard,SAV,1
2026,09,09,MERCEDES,CLASE GLA,31,Navarra,Private,PHEV,UKL2,FOCUS SEGMENT,Standard,SAV,1
2026,09,09,MERCEDES,SPRINTER 300,31,Navarra,Corporate,ICE,SKL,REST,Standard,TRANSPORTER,1
2026,09,09,MG,MG 4,31,Navarra,Private,BEV,UKL2,REST,Standard,HACH 5P,1
2026,09,09,OPEL,FRONTERA,31,Navarra,Private,ICE,KKL,REST,Standard,SUV,1
2026,09,09,RENAULT,5,31,Navarra,Private,BEV,UKL1,REST,Standard,HACH 5P,1
2026,09,09,SKODA,ELROQ,31,Navarra,Private,BEV,UKL2,REST,Standard,SAV,1
2026,09,09,SKODA,KAROQ,31,Navarra,Private,ICE,UKL2,REST,Standard,SAT,2
2026,09,09,TESLA,MODEL Y,31,Navarra,Private,BEV,KKL,FOCUS SEGMENT,Standard,SAT,4
2026,09,09,TOYOTA,C-HR,31,Navarra,Private,BEV,UKL1,REST,Standard,SAV,1
2026,09,09,TOYOTA,C-HR,31,Navarra,Private,PHEV,UKL1,REST,Standard,SAV,1
2026,09,09,TOYOTA,RAV 4,31,Navarra,Private,PHEV,UKL2,REST,Standard,SAV,2
2026,09,09,VOLKSWAGEN,CADDY,31,Navarra,Corporate,ICE,SKL,REST,Standard,TRANSPORTER,2
2026,09,09,VOLKSWAGEN,CADDY,31,Navarra,Private,ICE,SKL,REST,Standard,TRANSPORTER,1
2026,09,09,VOLKSWAGEN,CRAFTER,31,Navarra,Corporate,ICE,SKL,REST,Standard,TRANSPORTER,1
2026,09,09,VOLKSWAGEN,ID.3,31,Navarra,Private,BEV,UKL2,REST,Standard,HACH 5P,1
2026,09,09,VOLKSWAGEN,T-CROSS,31,Navarra,Private,ICE,UKL1,REST,Standard,SAV,1
2026,09,09,VOLKSWAGEN,T-ROC,31,Navarra,Private,ICE,UKL2,REST,Standard,SAV,1
2026,09,09,XPENG,G6,31,Navarra,Corporate,BEV,KKL,FOCUS SEGMENT,Standard,SAV,1
2026,09,09,XPENG,G6,31,Navarra,Private,BEV,KKL,FOCUS SEGMENT,Standard,SAV,2
2026,09,09,AUDI,A3,32,Ourense,Private,PHEV,UKL2,FOCUS SEGMENT,Standard,HACH 5P,1
2026,09,09,IVECO,DAILY,32,Ourense,Corporate,ICE,SKL,REST,Standard,TRANSPORTER,1
2026,09,09,KIA,NIRO,32,Ourense,Private,ICE,UKL2,REST,Standard,SAV,1
2026,09,09,KIA,SPORTAGE,32,Ourense,Private,ICE,UKL2,REST,Standard,SAV,2
2026,09,09,MERCEDES,CLASE CLA,32,Ourense,Corporate,ICE,UKL2,FOCUS SEGMENT,Standard,ESTATE,1
2026,09,09,NISSAN,X-TRAIL,32,Ourense,Private,ICE,KKL,REST,Standard,SUV,1
2026,09,09,PEUGEOT,2008,32,Ourense,Private,ICE,UKL1,REST,Standard,SAV,1
2026,09,09,RENAULT,MASTER,32,Ourense,Corporate,ICE,SKL,REST,Standard,TRANSPORTER,1
2026,09,09,SEAT,LEON,32,Ourense,Private,ICE,UKL2,REST,Standard,HACH 5P,1
2026,09,09,SKODA,FABIA,32,Ourense,Private,ICE,UKL1,REST,Standard,HACH 5P,1
2026,09,09,TOYOTA,C-HR,32,Ourense,Private,ICE,UKL1,REST,Standard,SAV,1
2026,09,09,ALPINE,A290,33,Asturias,Private,BEV,UKL1,REST,Standard,HACH 5P,1
2026,09,09,AUDI,A3,33,Asturias,Private,ICE,UKL2,FOCUS SEGMENT,Standard,HACH 5P,1
2026,09,09,BMW,X1,33,Asturias,Private,PHEV,UKL2,FOCUS SEGMENT,Standard,SAV,1
2026,09,09,CHANGAN,DEEPAL S05,33,Asturias,Private,BEV,UKL2,REST,Standard,HACH 5P,1
2026,09,09,DACIA,DUSTER,33,Asturias,Corporate,ICE,SKL,REST,Standard,PICKUP,1
2026,09,09,DACIA,DUSTER,33,Asturias,Private,ICE,SKL,REST,Standard,PICKUP,1
2026,09,09,DACIA,SANDERO,33,Asturias,Private,ICE,UKL1,REST,Standard,HACH 5P,3
2026,09,09,EBRO,S400,33,Asturias,Private,ICE,UKL2,REST,Standard,SAV,1
2026,09,09,EBRO,S700,33,Asturias,Private,ICE,UKL2,REST,Standard,SAV,1
2026,09,09,HONDA,ZR-V,33,Asturias,Corporate,ICE,UKL2,REST,Standard,SAV,2
2026,09,09,HYUNDAI,INSTER,33,Asturias,Private,BEV,UKL2,REST,Standard,SAV,1
2026,09,09,JAECOO,JAECOO 7,33,Asturias,Private,ICE,UKL2,REST,Standard,SAV,1
2026,09,09,LEXUS,ES,33,Asturias,Private,BEV,MKL,FOCUS SEGMENT,Standard,SEDAN,1
2026,09,09,LEXUS,LBX,33,Asturias,Private,ICE,UKL1,FOCUS SEGMENT,Standard,SAV,1
2026,09,09,LEXUS,RZ,33,Asturias,Private,BEV,KKL,FOCUS SEGMENT,Standard,SAT,1
2026,09,09,MAZDA,CX30,33,Asturias,Private,ICE,UKL2,REST,Standard,SAV,1
2026,09,09,MERCEDES,CLASE A,33,Asturias,Private,ICE,UKL2,FOCUS SEGMENT,Standard,SEDAN,2
2026,09,09,MERCEDES,CLASE GLA,33,Asturias,Corporate,PHEV,UKL2,FOCUS SEGMENT,Standard,SAV,1
2026,09,09,MERCEDES,CLASE GLA,33,Asturias,Private,PHEV,UKL2,FOCUS SEGMENT,Standard,SAV,1
2026,09,09,MG,ZS,33,Asturias,Private,ICE,UKL1,REST,Standard,SAV,2
2026,09,09,OMODA,OMODA 5,33,Asturias,Private,ICE,UKL2,REST,Standard,SAV,1
2026,09,09,OMODA,OMODA 9,33,Asturias,Private,PHEV,KKL,REST,Standard,SAV,1
2026,09,09,OPEL,COMBO,33,Asturias,Private,ICE,SKL,REST,Standard,TRANSPORTER,1
2026,09,09,PEUGEOT,208,33,Asturias,Private,ICE,UKL1,REST,Standard,HACH 5P,1
2026,09,09,PORSCHE,CAYENNE COUPE,33,Asturias,Corporate,PHEV,MKL,FOCUS SEGMENT,Standard,SAV,1
2026,09,09,RENAULT,AUSTRAL,33,Asturias,Private,ICE,UKL2,REST,Standard,SAV,1
2026,09,09,RENAULT,CAPTUR,33,Asturias,Private,ICE,UKL1,REST,Standard,SAV,2
2026,09,09,SEAT,IBIZA,33,Asturias,Private,ICE,UKL1,REST,Standard,HACH 5P,1
2026,09,09,SEAT,LEON,33,Asturias,Private,ICE,UKL2,REST,Standard,HACH 5P,1
2026,09,09,SUZUKI,SX4,33,Asturias,Private,ICE,UKL1,REST,Standard,SAV,1
2026,09,09,TESLA,MODEL 3,33,Asturias,Private,BEV,KKL,FOCUS SEGMENT,Standard,SEDAN,1
2026,09,09,TOYOTA,C-HR,33,Asturias,Private,BEV,UKL1,REST,Standard,SAV,1
2026,09,09,TOYOTA,COROLLA,33,Asturias,Private,ICE,UKL2,REST,Standard,HACH 5P,2
2026,09,09,TOYOTA,RAV 4,33,Asturias,Private,PHEV,UKL2,REST,Standard,SAV,1
2026,09,09,TOYOTA,YARIS,33,Asturias,Private,ICE,UKL1,REST,Standard,HACH 5P,1
2026,09,09,VOLKSWAGEN,TIGUAN,33,Asturias,RAC,ICE,UKL2,REST,Standard,SAV,4
2026,09,09,VOLVO,XC40,33,Asturias,Private,ICE,UKL2,FOCUS SEGMENT,Standard,SAV,1
2026,09,09,DACIA,BIGSTER,34,Palencia,Private,ICE,UKL2,REST,Standard,SAV,1
2026,09,09,MERCEDES-V,VITO,34,Palencia,Private,ICE,SKL,REST,Standard,TRANSPORTER,1
2026,09,09,MG,HS,34,Palencia,Private,PHEV,KKL,REST,Standard,SAV,1
2026,09,09,RENAULT,RAFALE,34,Palencia,Private,PHEV,UKL2,REST,Standard,SAV,1
2026,09,09,SKODA,ELROQ,34,Palencia,Private,BEV,UKL2,REST,Standard,SAV,1
2026,09,09,TOYOTA,COROLLA,34,Palencia,Private,ICE,UKL2,REST,Standard,HACH 5P,2
2026,09,09,AUDI,A3,35,Las Palmas,Corporate,ICE,UKL2,FOCUS SEGMENT,Standard,HACH 5P,1
2026,09,09,AUDI,A3,35,Las Palmas,Private,ICE,UKL2,FOCUS SEGMENT,M,HACH 5P,1
2026,09,09,BMW,X1,35,Las Palmas,Corporate,ICE,UKL2,FOCUS SEGMENT,Standard,SAV,1
2026,09,09,BMW,X3,35,Las Palmas,Private,ICE,KKL,FOCUS SEGMENT,Standard,SAV,1
2026,09,09,BMW,iX1,35,Las Palmas,Private,BEV,UKL2,FOCUS SEGMENT,Standard,SAV,1
2026,09,09,BYD,DOLPHIN G,35,Las Palmas,Private,PHEV,UKL1,REST,Standard,HACH 5P,2
2026,09,09,BYD,SEAL,35,Las Palmas,Corporate,BEV,KKL,REST,Standard,SEDAN,1
2026,09,09,BYD,SEAL U,35,Las Palmas,Private,PHEV,KKL,REST,Standard,SAV,1
2026,09,09,BYD,SEALION 7,35,Las Palmas,Corporate,BEV,KKL,REST,Standard,SAV,1
2026,09,09,BYD,SEALION 7,35,Las Palmas,Private,BEV,KKL,REST,Standard,SAV,1
2026,09,09,CITROEN,BERLINGO,35,Las Palmas,Corporate,ICE,SKL,REST,Standard,TRANSPORTER,1
2026,09,09,CITROEN,BERLINGO,35,Las Palmas,Private,ICE,SKL,REST,Standard,TRANSPORTER,1
2026,09,09,CITROEN,C3 AIRCROSS,35,Las Palmas,Corporate,ICE,UKL2,REST,Standard,SAV,39
2026,09,09,DACIA,DUSTER,35,Las Palmas,Corporate,ICE,SKL,REST,Standard,PICKUP,1
2026,09,09,DACIA,SANDERO,35,Las Palmas,Corporate,ICE,UKL1,REST,Standard,HACH 5P,1
2026,09,09,DACIA,SANDERO,35,Las Palmas,Private,ICE,UKL1,REST,Standard,HACH 5P,1
2026,09,09,DACIA,SANDERO,35,Las Palmas,RAC,ICE,UKL1,REST,Standard,HACH 5P,6
2026,09,09,EBRO,S700,35,Las Palmas,Private,PHEV,UKL2,REST,Standard,SAV,1
2026,09,09,FORD,TRANSIT COURIER,35,Las Palmas,Corporate,ICE,SKL,REST,Standard,TRANSPORTER,14
2026,09,09,FORD,TRANSIT CUSTOM,35,Las Palmas,Corporate,BEV,SKL,REST,Standard,TRANSPORTER,1
2026,09,09,FORD,TRANSIT CUSTOM,35,Las Palmas,Corporate,PHEV,SKL,REST,Standard,TRANSPORTER,1
2026,09,09,HYUNDAI,BAYON,35,Las Palmas,Private,ICE,UKL1,REST,Standard,SAV,1
2026,09,09,HYUNDAI,I20,35,Las Palmas,Private,ICE,UKL1,REST,Standard,HACH 5P,2
2026,09,09,JAECOO,JAECOO 7,35,Las Palmas,RAC,ICE,UKL2,REST,Standard,SAV,1
2026,09,09,KIA,EV3,35,Las Palmas,Private,BEV,UKL1,REST,Standard,SAV,1
2026,09,09,KIA,NIRO,35,Las Palmas,Private,ICE,UKL2,REST,Standard,SAV,2
2026,09,09,KIA,PICANTO,35,Las Palmas,Private,ICE,UKL0,REST,Standard,HACH 5P,2
2026,09,09,KIA,PV5,35,Las Palmas,Private,BEV,SKL,REST,Standard,TRANSPORTER,1
2026,09,09,MAZDA,MAZDA 2,35,Las Palmas,Private,ICE,UKL1,REST,Standard,HACH 5P,2
2026,09,09,MERCEDES,CLASE GLA,35,Las Palmas,Corporate,PHEV,UKL2,FOCUS SEGMENT,Standard,SAV,2
2026,09,09,MERCEDES,CLASE GLB,35,Las Palmas,Corporate,BEV,UKL2,FOCUS SEGMENT,Standard,SAV,1
2026,09,09,MERCEDES,CLASE GLC,35,Las Palmas,Corporate,BEV,KKL,FOCUS SEGMENT,Standard,SAV,1
2026,09,09,MERCEDES,CLASE GLE COUPE,35,Las Palmas,Corporate,PHEV,MKL,FOCUS SEGMENT,M Performance,SAV,1
2026,09,09,MG,HS,35,Las Palmas,Private,PHEV,KKL,REST,Standard,SAV,1
2026,09,09,MG,MG 3,35,Las Palmas,Private,ICE,UKL1,REST,Standard,HACH 5P,1
2026,09,09,MG,ZS,35,Las Palmas,Private,ICE,UKL1,REST,Standard,SAV,4
2026,09,09,MINI,ACEMAN,35,Las Palmas,Private,BEV,UKL1,FOCUS SEGMENT,Standard,SAV,1
2026,09,09,NISSAN,QASHQAI,35,Las Palmas,Private,ICE,UKL2,REST,Standard,SAT,1
2026,09,09,OPEL,FRONTERA,35,Las Palmas,Private,BEV,KKL,REST,Standard,SUV,1
2026,09,09,PEUGEOT,BOXER,35,Las Palmas,Corporate,ICE,SKL,REST,Standard,TRANSPORTER,1
2026,09,09,PEUGEOT,TRAVELLER,35,Las Palmas,Private,ICE,SKL,REST,Standard,TRANSPORTER,1
2026,09,09,RENAULT,CAPTUR,35,Las Palmas,Corporate,ICE,UKL1,REST,Standard,SAV,1
2026,09,09,RENAULT,KANGOO,35,Las Palmas,Corporate,ICE,SKL,REST,Standard,TRANSPORTER,11
2026,09,09,RENAULT,MASTER,35,Las Palmas,Corporate,ICE,SKL,REST,Standard,TRANSPORTER,9
2026,09,09,RENAULT,RAFALE,35,Las Palmas,Corporate,ICE,UKL2,REST,Standard,SAV,1
2026,09,09,RENAULT,TRAFIC,35,Las Palmas,Corporate,ICE,SKL,REST,Standard,TRANSPORTER,1
2026,09,09,SEAT,ARONA,35,Las Palmas,Private,ICE,UKL1,REST,Standard,SAV,3
2026,09,09,SEAT,IBIZA,35,Las Palmas,Corporate,ICE,UKL1,REST,Standard,HACH 5P,6
2026,09,09,SEAT,IBIZA,35,Las Palmas,Private,ICE,UKL1,REST,Standard,HACH 5P,1
2026,09,09,SEAT,LEON,35,Las Palmas,Corporate,ICE,UKL2,REST,Standard,HACH 5P,1
2026,09,09,SUZUKI,VITARA,35,Las Palmas,Private,ICE,UKL2,REST,Standard,SUV,1
2026,09,09,TOYOTA,BZ4X,35,Las Palmas,Private,BEV,UKL2,REST,Standard,SAV,1
2026,09,09,TOYOTA,C-HR,35,Las Palmas,Private,BEV,UKL1,REST,Standard,SAV,1
2026,09,09,TOYOTA,COROLLA,35,Las Palmas,Corporate,ICE,UKL2,REST,Standard,HACH 5P,1
2026,09,09,TOYOTA,COROLLA,35,Las Palmas,Private,ICE,UKL2,REST,Standard,HACH 5P,1
2026,09,09,TOYOTA,LAND CRUISER,35,Las Palmas,Corporate,ICE,GKL,REST,Standard,SUV,2
2026,09,09,TOYOTA,YARIS,35,Las Palmas,Private,ICE,UKL1,REST,Standard,HACH 5P,1
2026,09,09,TOYOTA,YARIS CROSS,35,Las Palmas,Private,ICE,UKL1,REST,Standard,SAV,5
2026,09,09,VOLKSWAGEN,CADDY,35,Las Palmas,Private,PHEV,SKL,REST,Standard,TRANSPORTER,3
2026,09,09,VOLKSWAGEN,POLO,35,Las Palmas,Corporate,ICE,UKL1,REST,Standard,HACH 5P,1
2026,09,09,VOLKSWAGEN,T-ROC,35,Las Palmas,Private,ICE,UKL2,REST,Standard,SAV,1
2026,09,09,VOLKSWAGEN,T-ROC,35,Las Palmas,RAC,ICE,UKL2,REST,Standard,SAV,8
2026,09,09,VOLKSWAGEN,TAIGO,35,Las Palmas,RAC,ICE,UKL1,REST,Standard,SAV,13
2026,09,09,VOLKSWAGEN,TIGUAN,35,Las Palmas,Corporate,ICE,UKL2,REST,Standard,SAV,1
2026,09,09,VOLKSWAGEN,TIGUAN,35,Las Palmas,Corporate,PHEV,UKL2,REST,Standard,SAV,1
2026,09,09,VOLKSWAGEN,TIGUAN,35,Las Palmas,Private,PHEV,UKL2,REST,Standard,SAV,1
2026,09,09,VOLVO,EX30,35,Las Palmas,Private,BEV,UKL1,FOCUS SEGMENT,Standard,SAV,1
2026,09,09,AUDI,A3,36,Pontevedra,Private,ICE,UKL2,FOCUS SEGMENT,Standard,HACH 5P,1
2026,09,09,BYD,ATTO 2,36,Pontevedra,Private,PHEV,UKL1,REST,Standard,SAV,1
2026,09,09,CITROEN,BERLINGO,36,Pontevedra,Corporate,ICE,SKL,REST,Standard,TRANSPORTER,1
2026,09,09,CITROEN,JUMPY,36,Pontevedra,Corporate,ICE,SKL,REST,Standard,TRANSPORTER,2
2026,09,09,DACIA,BIGSTER,36,Pontevedra,Corporate,ICE,UKL2,REST,Standard,SAV,1
2026,09,09,DACIA,BIGSTER,36,Pontevedra,Private,ICE,UKL2,REST,Standard,SAV,1
2026,09,09,DACIA,JOGGER,36,Pontevedra,Corporate,ICE,UKL2,REST,Standard,MPV,1
2026,09,09,JEEP,AVENGER,36,Pontevedra,Private,ICE,UKL1,REST,Standard,SAV,1
2026,09,09,KIA,EV3,36,Pontevedra,Private,BEV,UKL1,REST,Standard,SAV,1
2026,09,09,KIA,PV5,36,Pontevedra,Private,BEV,SKL,REST,Standard,TRANSPORTER,1
2026,09,09,LEAPMOTOR,B10,36,Pontevedra,Private,BEV,UKL2,REST,Standard,SAV,1
2026,09,09,LEAPMOTOR,C10,36,Pontevedra,Private,BEV,MKL,REST,Standard,SAV,1
2026,09,09,LEAPMOTOR,T03,36,Pontevedra,Private,BEV,UKL0,REST,Standard,HACH 5P,1
2026,09,09,MERCEDES,CLASE GLC,36,Pontevedra,Corporate,PHEV,KKL,FOCUS SEGMENT,Standard,SAV,1
2026,09,09,MG,HS,36,Pontevedra,Private,PHEV,KKL,REST,Standard,SAV,1
2026,09,09,MG,MG 3,36,Pontevedra,Private,ICE,UKL1,REST,Standard,HACH 5P,1
2026,09,09,MG,MG S9,36,Pontevedra,Private,PHEV,KKL,REST,Standard,SAV,1
2026,09,09,OMODA,OMODA 9,36,Pontevedra,Private,PHEV,KKL,REST,Standard,SAV,1
2026,09,09,OPEL,CORSA,36,Pontevedra,Private,ICE,UKL1,REST,Standard,HACH 5P,1
2026,09,09,PEUGEOT,2008,36,Pontevedra,Private,ICE,UKL1,REST,Standard,SAV,1
2026,09,09,RENAULT,RAFALE,36,Pontevedra,Corporate,PHEV,UKL2,REST,Standard,SAV,1
2026,09,09,RENAULT,SYMBIOZ,36,Pontevedra,Private,ICE,UKL1,REST,Standard,SAV,1
2026,09,09,TESLA,MODEL Y,36,Pontevedra,Private,BEV,KKL,FOCUS SEGMENT,Standard,SAT,2
2026,09,09,TOYOTA,C-HR,36,Pontevedra,Private,PHEV,UKL1,REST,Standard,SAV,2
2026,09,09,TOYOTA,YARIS,36,Pontevedra,Private,ICE,UKL1,REST,Standard,HACH 5P,1
2026,09,09,VOLVO,XC40,36,Pontevedra,Corporate,ICE,UKL2,FOCUS SEGMENT,Standard,SAV,1
2026,09,09,DACIA,SANDERO,37,Salamanca,Private,ICE,UKL1,REST,Standard,HACH 5P,1
2026,09,09,FORD,TRANSIT,37,Salamanca,Corporate,ICE,SKL,REST,Standard,TRANSPORTER,1
2026,09,09,MERCEDES,CLASE GLC,37,Salamanca,Private,PHEV,KKL,FOCUS SEGMENT,Standard,SAV,1
2026,09,09,NISSAN,X-TRAIL,37,Salamanca,Private,ICE,KKL,REST,Standard,SUV,1
2026,09,09,PEUGEOT,2008,37,Salamanca,Private,ICE,UKL1,REST,Standard,SAV,2
2026,09,09,PEUGEOT,208,37,Salamanca,Private,ICE,UKL1,REST,Standard,HACH 5P,1
2026,09,09,RENAULT,AUSTRAL,37,Salamanca,Private,ICE,UKL2,REST,Standard,SAV,1
2026,09,09,TESLA,MODEL 3,37,Salamanca,Corporate,BEV,KKL,FOCUS SEGMENT,Standard,SEDAN,1
2026,09,09,AUDI,Q2,38,S.C. Tenerife,Private,ICE,UKL2,FOCUS SEGMENT,Standard,SAV,1
2026,09,09,BMW,X1,38,S.C. Tenerife,Private,PHEV,UKL2,FOCUS SEGMENT,Standard,SAV,1
2026,09,09,BYD,DOLPHIN G,38,S.C. Tenerife,Private,PHEV,UKL1,REST,Standard,HACH 5P,1
2026,09,09,CUPRA,RAVAL,38,S.C. Tenerife,Private,BEV,UKL1,REST,Standard,HACH 5P,1
2026,09,09,DACIA,BIGSTER,38,S.C. Tenerife,Private,ICE,UKL2,REST,Standard,SAV,1
2026,09,09,DACIA,SANDERO,38,S.C. Tenerife,Private,ICE,UKL1,REST,Standard,HACH 5P,4
2026,09,09,HYUNDAI,BAYON,38,S.C. Tenerife,Private,ICE,UKL1,REST,Standard,SAV,1
2026,09,09,HYUNDAI,I20,38,S.C. Tenerife,Private,ICE,UKL1,REST,Standard,HACH 5P,2
2026,09,09,HYUNDAI,KONA,38,S.C. Tenerife,Private,ICE,UKL1,REST,Standard,SAV,3
2026,09,09,KG MOBILITY,TORRES,38,S.C. Tenerife,Private,BEV,UKL2,REST,Standard,SAV,1
2026,09,09,KIA,PICANTO,38,S.C. Tenerife,Private,ICE,UKL0,REST,Standard,HACH 5P,2
2026,09,09,KIA,STONIC,38,S.C. Tenerife,Private,ICE,UKL1,REST,Standard,SAV,2
2026,09,09,LEXUS,LBX,38,S.C. Tenerife,Private,ICE,UKL1,FOCUS SEGMENT,Standard,SAV,1
2026,09,09,MAXUS,DELIVER 7,38,S.C. Tenerife,Corporate,ICE,SKL,REST,Standard,TRANSPORTER,1
2026,09,09,MG,MG 3,38,S.C. Tenerife,Private,ICE,UKL1,REST,Standard,HACH 5P,1
2026,09,09,MG,MG S5,38,S.C. Tenerife,Private,BEV,UKL1,REST,Standard,SAV,1
2026,09,09,MG,ZS,38,S.C. Tenerife,Private,ICE,UKL1,REST,Standard,SAV,1
2026,09,09,MITSUBISHI,ASX,38,S.C. Tenerife,Private,ICE,UKL2,REST,Standard,SAV,2
2026,09,09,MITSUBISHI-FUSO,CANTER,38,S.C. Tenerife,Corporate,ICE,SKL,REST,Standard,TRANSPORTER,1
2026,09,09,NISSAN,QASHQAI,38,S.C. Tenerife,Corporate,ICE,UKL2,REST,Standard,SAT,1
2026,09,09,NISSAN,QASHQAI,38,S.C. Tenerife,Private,ICE,UKL2,REST,Standard,SAT,1
2026,09,09,OMODA,OMODA 5,38,S.C. Tenerife,Private,ICE,UKL2,REST,Standard,SAV,1
2026,09,09,OPEL,CORSA,38,S.C. Tenerife,Corporate,ICE,UKL1,REST,Standard,HACH 5P,1
2026,09,09,OPEL,CORSA,38,S.C. Tenerife,Private,ICE,UKL1,REST,Standard,HACH 5P,2
2026,09,09,PEUGEOT,2008,38,S.C. Tenerife,Private,ICE,UKL1,REST,Standard,SAV,1
2026,09,09,PEUGEOT,BOXER,38,S.C. Tenerife,Corporate,ICE,SKL,REST,Standard,TRANSPORTER,1
2026,09,09,PEUGEOT,RIFTER,38,S.C. Tenerife,Private,ICE,SKL,REST,Standard,TRANSPORTER,1
2026,09,09,RENAULT,ARKANA,38,S.C. Tenerife,Private,ICE,UKL2,REST,Standard,SAV,1
2026,09,09,RENAULT,AUSTRAL,38,S.C. Tenerife,Private,ICE,UKL2,REST,Standard,SAV,1
2026,09,09,RENAULT,CLIO,38,S.C. Tenerife,Private,ICE,UKL1,REST,Standard,HACH 5P,3
2026,09,09,RENAULT,KANGOO,38,S.C. Tenerife,Corporate,ICE,SKL,REST,Standard,TRANSPORTER,1
2026,09,09,RENAULT,KANGOO,38,S.C. Tenerife,Private,ICE,SKL,REST,Standard,TRANSPORTER,1
2026,09,09,SEAT,ARONA,38,S.C. Tenerife,Private,ICE,UKL1,REST,Standard,SAV,2
2026,09,09,SKODA,FABIA,38,S.C. Tenerife,Private,ICE,UKL1,REST,Standard,HACH 5P,1
2026,09,09,TOYOTA,AYGO X,38,S.C. Tenerife,Private,ICE,UKL0,REST,Standard,HACH 5P,1
2026,09,09,TOYOTA,C-HR,38,S.C. Tenerife,Private,BEV,UKL1,REST,Standard,SAV,1
2026,09,09,TOYOTA,COROLLA,38,S.C. Tenerife,Private,ICE,UKL2,REST,Standard,HACH 5P,2
2026,09,09,TOYOTA,PROACE,38,S.C. Tenerife,Corporate,ICE,SKL,REST,Standard,TRANSPORTER,1
2026,09,09,TOYOTA,YARIS,38,S.C. Tenerife,Private,ICE,UKL1,REST,Standard,HACH 5P,2
2026,09,09,VOLKSWAGEN,CADDY,38,S.C. Tenerife,Corporate,ICE,SKL,REST,Standard,TRANSPORTER,1
2026,09,09,VOLKSWAGEN,CADDY,38,S.C. Tenerife,Private,ICE,SKL,REST,Standard,TRANSPORTER,2
2026,09,09,VOLKSWAGEN,CADDY,38,S.C. Tenerife,Private,PHEV,SKL,REST,Standard,TRANSPORTER,1
2026,09,09,VOLKSWAGEN,ID.4,38,S.C. Tenerife,Private,BEV,UKL2,REST,Standard,SAV,1
2026,09,09,VOLKSWAGEN,POLO,38,S.C. Tenerife,Private,ICE,UKL1,REST,Standard,HACH 5P,2
2026,09,09,VOLKSWAGEN,T-CROSS,38,S.C. Tenerife,Private,ICE,UKL1,REST,Standard,SAV,1
2026,09,09,VOLKSWAGEN,T-ROC,38,S.C. Tenerife,Corporate,ICE,UKL2,REST,Standard,SAV,1
2026,09,09,VOLKSWAGEN,T-ROC,38,S.C. Tenerife,Private,ICE,UKL2,REST,Standard,SAV,1
2026,09,09,VOLKSWAGEN,T-ROC,38,S.C. Tenerife,RAC,ICE,UKL2,REST,Standard,SAV,7
2026,09,09,VOLKSWAGEN,TAIGO,38,S.C. Tenerife,Private,ICE,UKL1,REST,Standard,SAV,1
2026,09,09,VOLKSWAGEN,TAIGO,38,S.C. Tenerife,RAC,ICE,UKL1,REST,Standard,SAV,11
2026,09,09,AUDI,Q5,39,Cantabria,Corporate,PHEV,KKL,FOCUS SEGMENT,Standard,SAV,1
2026,09,09,BMW,X3,39,Cantabria,Corporate,PHEV,KKL,FOCUS SEGMENT,Standard,SAV,1
2026,09,09,BYD,ATTO 3 EVO,39,Cantabria,Private,BEV,UKL2,REST,Standard,SAV,1
2026,09,09,CITROEN,SPACETOURER,39,Cantabria,Private,ICE,SKL,REST,Standard,TRANSPORTER,1
2026,09,09,DACIA,DUSTER,39,Cantabria,Private,ICE,SKL,REST,Standard,PICKUP,2
2026,09,09,DACIA,SANDERO,39,Cantabria,Private,ICE,UKL1,REST,Standard,HACH 5P,2
2026,09,09,EBRO,S400,39,Cantabria,Private,ICE,UKL2,REST,Standard,SAV,1
2026,09,09,FIAT,DUCATO,39,Cantabria,Private,ICE,SKL,REST,Standard,TRANSPORTER,1
2026,09,09,FORD,TRANSIT,39,Cantabria,Private,ICE,SKL,REST,Standard,TRANSPORTER,1
2026,09,09,LAND ROVER,DEFENDER,39,Cantabria,Corporate,ICE,MKL,FOCUS SEGMENT,Standard,SUV,1
2026,09,09,LEXUS,NX,39,Cantabria,Private,PHEV,KKL,FOCUS SEGMENT,Standard,SAV,1
2026,09,09,MAZDA,CX30,39,Cantabria,Private,ICE,UKL2,REST,Standard,SAV,1
2026,09,09,MERCEDES,CLASE CLA,39,Cantabria,Private,ICE,UKL2,FOCUS SEGMENT,Standard,SEDAN,1
2026,09,09,RENAULT,CAPTUR,39,Cantabria,Private,ICE,UKL1,REST,Standard,SAV,1
2026,09,09,RENAULT,CLIO,39,Cantabria,Private,ICE,UKL1,REST,Standard,HACH 5P,1
2026,09,09,RENAULT,MASTER,39,Cantabria,Corporate,ICE,SKL,REST,Standard,TRANSPORTER,1
2026,09,09,SEAT,IBIZA,39,Cantabria,Private,ICE,UKL1,REST,Standard,HACH 5P,1
2026,09,09,SKODA,KAMIQ,39,Cantabria,Private,ICE,UKL1,REST,Standard,SAV,1
2026,09,09,SUZUKI,SWIFT,39,Cantabria,Private,ICE,UKL1,REST,Standard,HACH 5P,1
2026,09,09,TESLA,MODEL 3,39,Cantabria,Private,BEV,KKL,FOCUS SEGMENT,Standard,SEDAN,1
2026,09,09,TOYOTA,C-HR,39,Cantabria,Private,ICE,UKL1,REST,Standard,SAV,2
2026,09,09,TOYOTA,COROLLA,39,Cantabria,Private,ICE,UKL2,REST,Standard,HACH 5P,2
2026,09,09,TOYOTA,YARIS,39,Cantabria,Private,ICE,UKL1,REST,Standard,HACH 5P,1
2026,09,09,VOLKSWAGEN,ID.3,39,Cantabria,Private,BEV,UKL2,REST,Standard,HACH 5P,1
2026,09,09,XPENG,G6,39,Cantabria,Private,BEV,KKL,FOCUS SEGMENT,Standard,SAV,1
2026,09,09,ZEEKR,7GT,39,Cantabria,Private,BEV,KKL,FOCUS SEGMENT,Standard,SEDAN,1
2026,09,09,CUPRA,CUPRA LEON,40,Segovia,Private,ICE,UKL2,REST,Standard,HACH 5P,1
2026,09,09,LEXUS,LBX,40,Segovia,Private,ICE,UKL1,FOCUS SEGMENT,Standard,SAV,1
2026,09,09,MG,ZS,40,Segovia,Private,ICE,UKL1,REST,Standard,SAV,1
2026,09,09,TOYOTA,C-HR,40,Segovia,Corporate,ICE,UKL1,REST,Standard,SAV,1
2026,09,09,BAW,212 T01,41,Sevilla,Private,ICE,UKL2,REST,Standard,SAV,1
2026,09,09,BMW,X1,41,Sevilla,Corporate,ICE,UKL2,FOCUS SEGMENT,Standard,SAV,1
2026,09,09,BMW,X3,41,Sevilla,Corporate,ICE,KKL,FOCUS SEGMENT,Standard,SAV,1
2026,09,09,BMW,X3,41,Sevilla,Corporate,PHEV,KKL,FOCUS SEGMENT,Standard,SAV,2
2026,09,09,BMW,X6,41,Sevilla,Corporate,ICE,MKL,FOCUS SEGMENT,Standard,SAV,3
2026,09,09,BYD,ATTO 2,41,Sevilla,Private,PHEV,UKL1,REST,Standard,SAV,2
2026,09,09,BYD,ATTO 3 EVO,41,Sevilla,Private,BEV,UKL2,REST,Standard,SAV,1
2026,09,09,BYD,DOLPHIN G,41,Sevilla,Private,PHEV,UKL1,REST,Standard,HACH 5P,2
2026,09,09,BYD,DOLPHIN SURF,41,Sevilla,Private,BEV,UKL0,REST,Standard,HACH 5P,1
2026,09,09,BYD,SEAL U,41,Sevilla,Private,PHEV,KKL,REST,Standard,SAV,1
2026,09,09,CITROEN,BERLINGO,41,Sevilla,Private,ICE,SKL,REST,Standard,TRANSPORTER,1
2026,09,09,CITROEN,C3 AIRCROSS,41,Sevilla,Private,BEV,UKL2,REST,Standard,SAV,1
2026,09,09,CITROEN,C4,41,Sevilla,Private,ICE,UKL2,REST,Standard,HACH 5P,1
2026,09,09,DACIA,SANDERO,41,Sevilla,Corporate,ICE,UKL1,REST,Standard,HACH 5P,4
2026,09,09,DACIA,SANDERO,41,Sevilla,Private,ICE,UKL1,REST,Standard,HACH 5P,3
2026,09,09,EBRO,S400,41,Sevilla,Private,ICE,UKL2,REST,Standard,SAV,1
2026,09,09,EBRO,S700,41,Sevilla,Private,ICE,UKL2,REST,Standard,SAV,2
2026,09,09,FIAT,PANDA,41,Sevilla,Private,BEV,UKL0,REST,Standard,HACH 5P,1
2026,09,09,FIAT,PANDA,41,Sevilla,Private,ICE,UKL0,REST,Standard,HACH 5P,1
2026,09,09,HONDA,JAZZ,41,Sevilla,Private,ICE,UKL1,REST,Standard,HACH 5P,1
2026,09,09,KIA,NIRO,41,Sevilla,Private,ICE,UKL2,REST,Standard,SAV,1
2026,09,09,LEAPMOTOR,T03,41,Sevilla,Private,BEV,UKL0,REST,Standard,HACH 5P,1
2026,09,09,LYNK & CO,LYNK&CO 08,41,Sevilla,Private,PHEV,UKL2,REST,Standard,SAV,1
2026,09,09,MAN,TGE,41,Sevilla,Private,ICE,SKL,REST,Standard,TRANSPORTER,1
2026,09,09,MAZDA,CX5,41,Sevilla,Corporate,ICE,UKL2,REST,Standard,SAV,1
2026,09,09,MERCEDES,CLASE GLA,41,Sevilla,Corporate,PHEV,UKL2,FOCUS SEGMENT,Standard,SAV,1
2026,09,09,MERCEDES,CLASE GLA,41,Sevilla,Private,ICE,UKL2,FOCUS SEGMENT,Standard,SAV,1
2026,09,09,MERCEDES,CLASE GLA,41,Sevilla,Private,PHEV,UKL2,FOCUS SEGMENT,Standard,SAV,1
2026,09,09,MERCEDES,SPRINTER 300,41,Sevilla,Corporate,ICE,SKL,REST,Standard,TRANSPORTER,1
2026,09,09,MG,HS,41,Sevilla,Private,ICE,KKL,REST,Standard,SAV,1
2026,09,09,MG,HS,41,Sevilla,Private,PHEV,KKL,REST,Standard,SAV,1
2026,09,09,MITSUBISHI-FUSO,CANTER,41,Sevilla,Corporate,ICE,SKL,REST,Standard,TRANSPORTER,2
2026,09,09,NISSAN,JUKE,41,Sevilla,Private,ICE,UKL1,REST,Standard,SAV,1
2026,09,09,NISSAN,QASHQAI,41,Sevilla,Private,ICE,UKL2,REST,Standard,SAT,2
2026,09,09,OPEL,COMBO,41,Sevilla,Private,ICE,SKL,REST,Standard,TRANSPORTER,1
2026,09,09,PEUGEOT,2008,41,Sevilla,Private,ICE,UKL1,REST,Standard,SAV,2
2026,09,09,REYCAR,M21T GENERATION 2 H,41,Sevilla,Corporate,ICE,,REST,Standard,,1
2026,09,09,SEAT,ARONA,41,Sevilla,Private,ICE,UKL1,REST,Standard,SAV,1
2026,09,09,SEAT,IBIZA,41,Sevilla,Private,ICE,UKL1,REST,Standard,HACH 5P,1
2026,09,09,SKODA,KAMIQ,41,Sevilla,Private,ICE,UKL1,REST,Standard,SAV,2
2026,09,09,TESLA,MODEL 3,41,Sevilla,Private,BEV,KKL,FOCUS SEGMENT,Standard,SEDAN,2
2026,09,09,TESLA,MODEL Y,41,Sevilla,Private,BEV,KKL,FOCUS SEGMENT,Standard,SAT,1
2026,09,09,TOYOTA,C-HR,41,Sevilla,Private,ICE,UKL1,REST,Standard,SAV,2
2026,09,09,TOYOTA,C-HR,41,Sevilla,Private,PHEV,UKL1,REST,Standard,SAV,1
2026,09,09,TOYOTA,COROLLA,41,Sevilla,Private,ICE,UKL2,REST,Standard,HACH 5P,3
2026,09,09,TOYOTA,RAV 4,41,Sevilla,Private,PHEV,UKL2,REST,Standard,SAV,2
2026,09,09,TOYOTA,YARIS,41,Sevilla,Private,ICE,UKL1,REST,Standard,HACH 5P,2
2026,09,09,VOLKSWAGEN,CADDY,41,Sevilla,Private,PHEV,SKL,REST,Standard,TRANSPORTER,1
2026,09,09,VOLKSWAGEN,TAIGO,41,Sevilla,Private,ICE,UKL1,REST,Standard,SAV,1
2026,09,09,VOLKSWAGEN,TIGUAN,41,Sevilla,Corporate,ICE,UKL2,REST,Standard,SAV,1
2026,09,09,CUPRA,CUPRA LEON,42,Soria,Corporate,ICE,UKL2,REST,Standard,HACH 5P,1
2026,09,09,MERCEDES,CITAN,42,Soria,Corporate,ICE,SKL,REST,Standard,TRANSPORTER,2
2026,09,09,OPEL,MOKKA,42,Soria,Private,ICE,UKL1,REST,Standard,SAV,1
2026,09,09,CITROEN,C3,43,Tarragona,Private,BEV,UKL1,REST,Standard,HACH 5P,1
2026,09,09,CUPRA,CUPRA LEON,43,Tarragona,Private,PHEV,UKL2,REST,Standard,HACH 5P,1
2026,09,09,DACIA,DUSTER,43,Tarragona,Corporate,ICE,SKL,REST,Standard,PICKUP,1
2026,09,09,DACIA,SANDERO,43,Tarragona,Private,ICE,UKL1,REST,Standard,HACH 5P,2
2026,09,09,EBRO,S400,43,Tarragona,Private,ICE,UKL2,REST,Standard,SAV,1
2026,09,09,FIAT,DUCATO,43,Tarragona,Corporate,ICE,SKL,REST,Standard,TRANSPORTER,3
2026,09,09,FIAT,PANDA,43,Tarragona,Private,ICE,UKL0,REST,Standard,HACH 5P,1
2026,09,09,FORD,PUMA,43,Tarragona,Private,ICE,UKL1,REST,Standard,SAV,1
2026,09,09,FORD,TOURNEO,43,Tarragona,Private,ICE,SKL,REST,Standard,TRANSPORTER,1
2026,09,09,GRAU,URBAN+ 3TAPPWMZ,43,Tarragona,Corporate,BEV,,REST,Standard,,1
2026,09,09,HYUNDAI,I20,43,Tarragona,Private,ICE,UKL1,REST,Standard,HACH 5P,2
2026,09,09,HYUNDAI,INSTER,43,Tarragona,Private,BEV,UKL2,REST,Standard,SAV,2
2026,09,09,HYUNDAI,TUCSON,43,Tarragona,Private,ICE,UKL2,REST,Standard,SAV,1
2026,09,09,JAECOO,JAECOO 5,43,Tarragona,Private,ICE,UKL1,REST,Standard,SAV,1
2026,09,09,LEXUS,UX,43,Tarragona,Corporate,ICE,UKL2,FOCUS SEGMENT,Standard,SAV,1
2026,09,09,MAZDA,CX5,43,Tarragona,Private,ICE,UKL2,REST,Standard,SAV,1
2026,09,09,MERCEDES,CLASE GLC,43,Tarragona,Private,PHEV,KKL,FOCUS SEGMENT,Standard,SAV,1
2026,09,09,MINI,COUNTRYMAN,43,Tarragona,Private,ICE,UKL2,FOCUS SEGMENT,Standard,SAV,1
2026,09,09,NISSAN,MICRA,43,Tarragona,Private,BEV,UKL1,REST,Standard,HACH 5P,1
2026,09,09,PEUGEOT,RIFTER,43,Tarragona,Corporate,ICE,SKL,REST,Standard,TRANSPORTER,1
2026,09,09,RENAULT,KANGOO,43,Tarragona,Private,ICE,SKL,REST,Standard,TRANSPORTER,1
2026,09,09,SMART,#5,43,Tarragona,Private,BEV,KKL,FOCUS SEGMENT,Standard,SAV,1
2026,09,09,TESLA,MODEL 3,43,Tarragona,Private,BEV,KKL,FOCUS SEGMENT,Standard,SEDAN,6
2026,09,09,TESLA,MODEL Y,43,Tarragona,Private,BEV,KKL,FOCUS SEGMENT,Standard,SAT,2
2026,09,09,TOYOTA,C-HR,43,Tarragona,Private,PHEV,UKL1,REST,Standard,SAV,3
2026,09,09,TOYOTA,HI LUX,43,Tarragona,Private,ICE,SKL,REST,Standard,PICKUP,1
2026,09,09,TOYOTA,YARIS CROSS,43,Tarragona,Private,ICE,UKL1,REST,Standard,SAV,2
2026,09,09,VOLKSWAGEN,ID.3,43,Tarragona,Private,BEV,UKL2,REST,Standard,HACH 5P,2
2026,09,09,VOLKSWAGEN,ID.4,43,Tarragona,Private,BEV,UKL2,REST,Standard,SAV,1
2026,09,09,VOLKSWAGEN,T-ROC,43,Tarragona,Private,ICE,UKL2,REST,Standard,SAV,1
2026,09,09,DACIA,SANDERO,44,Teruel,Private,ICE,UKL1,REST,Standard,HACH 5P,1
2026,09,09,MG,MG S9,44,Teruel,Private,PHEV,KKL,REST,Standard,SAV,1
2026,09,09,TOYOTA,C-HR,44,Teruel,Corporate,BEV,UKL1,REST,Standard,SAV,1
2026,09,09,TOYOTA,HI LUX,44,Teruel,Corporate,ICE,SKL,REST,Standard,PICKUP,2
2026,09,09,BYD,ATTO 2,45,Toledo,Private,BEV,UKL1,REST,Standard,SAV,1
2026,09,09,BYD,ATTO 2,45,Toledo,Private,PHEV,UKL1,REST,Standard,SAV,1
2026,09,09,BYD,DOLPHIN,45,Toledo,Private,BEV,UKL1,REST,Standard,HACH 5P,1
2026,09,09,BYD,DOLPHIN G,45,Toledo,Private,PHEV,UKL1,REST,Standard,HACH 5P,1
2026,09,09,BYD,DOLPHIN SURF,45,Toledo,Private,BEV,UKL0,REST,Standard,HACH 5P,1
2026,09,09,BYD,SEAL U,45,Toledo,Private,BEV,KKL,REST,Standard,SAV,2
2026,09,09,CITROEN,C3,45,Toledo,Corporate,ICE,UKL1,REST,Standard,HACH 5P,1
2026,09,09,CUPRA,RAVAL,45,Toledo,Private,BEV,UKL1,REST,Standard,HACH 5P,1
2026,09,09,DACIA,BIGSTER,45,Toledo,Private,ICE,UKL2,REST,Standard,SAV,1
2026,09,09,FIAT,PANDA,45,Toledo,Private,ICE,UKL0,REST,Standard,HACH 5P,1
2026,09,09,FIAT,SCUDO,45,Toledo,Private,ICE,SKL,REST,Standard,TRANSPORTER,1
2026,09,09,FORD,KUGA,45,Toledo,Corporate,ICE,UKL2,REST,Standard,SAV,15
2026,09,09,FORD,TOURNEO,45,Toledo,Private,PHEV,SKL,REST,Standard,TRANSPORTER,1
2026,09,09,FORD,TRANSIT CUSTOM,45,Toledo,Corporate,PHEV,SKL,REST,Standard,TRANSPORTER,1
2026,09,09,GEELY,STARRAY,45,Toledo,Private,PHEV,UKL2,REST,Standard,HACH 5P,1
2026,09,09,HYUNDAI,KONA,45,Toledo,Corporate,ICE,UKL1,REST,Standard,SAV,1
2026,09,09,HYUNDAI,TUCSON,45,Toledo,Private,ICE,UKL2,REST,Standard,SAV,1
2026,09,09,LEAPMOTOR,B10,45,Toledo,Corporate,BEV,UKL2,REST,Standard,SAV,1
2026,09,09,LEAPMOTOR,T03,45,Toledo,Corporate,BEV,UKL0,REST,Standard,HACH 5P,6
2026,09,09,MAXUS,DELIVER 9,45,Toledo,Corporate,ICE,SKL,REST,Standard,TRANSPORTER,1
2026,09,09,MAZDA,CX30,45,Toledo,Private,ICE,UKL2,REST,Standard,SAV,2
2026,09,09,MAZDA,CX5,45,Toledo,Private,ICE,UKL2,REST,Standard,SAV,2
2026,09,09,MERCEDES,CLASE GLC,45,Toledo,Private,ICE,KKL,FOCUS SEGMENT,Standard,SAV,1
2026,09,09,MG,HS,45,Toledo,Private,PHEV,KKL,REST,Standard,SAV,1
2026,09,09,MG,ZS,45,Toledo,Private,ICE,UKL1,REST,Standard,SAV,1
2026,09,09,MITSUBISHI,GRANDIS,45,Toledo,Corporate,ICE,UKL1,REST,Standard,SAV,1
2026,09,09,OMODA,OMODA 5,45,Toledo,Private,ICE,UKL2,REST,Standard,SAV,1
2026,09,09,PEUGEOT,308,45,Toledo,Corporate,ICE,UKL2,REST,Standard,HACH 5P,3
2026,09,09,PEUGEOT,RIFTER,45,Toledo,Corporate,ICE,SKL,REST,Standard,TRANSPORTER,1
2026,09,09,RENAULT,CAPTUR,45,Toledo,Private,ICE,UKL1,REST,Standard,SAV,2
2026,09,09,SEAT,IBIZA,45,Toledo,Private,ICE,UKL1,REST,Standard,HACH 5P,1
2026,09,09,SUBARU,XV,45,Toledo,Private,ICE,UKL2,REST,Standard,SAV,1
2026,09,09,TESLA,MODEL 3,45,Toledo,Private,BEV,KKL,FOCUS SEGMENT,Standard,SEDAN,1
2026,09,09,TOYOTA,C-HR,45,Toledo,Corporate,ICE,UKL1,REST,Standard,SAV,1
2026,09,09,TOYOTA,C-HR,45,Toledo,Private,PHEV,UKL1,REST,Standard,SAV,1
2026,09,09,TOYOTA,COROLLA,45,Toledo,Private,ICE,UKL2,REST,Standard,HACH 5P,1
2026,09,09,TOYOTA,YARIS,45,Toledo,Corporate,ICE,UKL1,REST,Standard,HACH 5P,2
2026,09,09,TOYOTA,YARIS,45,Toledo,Private,ICE,UKL1,REST,Standard,HACH 5P,1
2026,09,09,TOYOTA,YARIS CROSS,45,Toledo,Corporate,ICE,UKL1,REST,Standard,SAV,1
2026,09,09,TOYOTA,YARIS CROSS,45,Toledo,Private,ICE,UKL1,REST,Standard,SAV,1
2026,09,09,VOLKSWAGEN,POLO,45,Toledo,Private,ICE,UKL1,REST,Standard,HACH 5P,1
2026,09,09,VOLVO,EX30,45,Toledo,Private,BEV,UKL1,FOCUS SEGMENT,Standard,SAV,1
2026,09,09,ALPINE,A290,46,Valencia,Corporate,BEV,UKL1,REST,Standard,HACH 5P,1
2026,09,09,AUDI,Q5 SPORTBACK,46,Valencia,Private,ICE,KKL,FOCUS SEGMENT,Standard,SAV,1
2026,09,09,BMW,iX2,46,Valencia,Private,BEV,UKL2,FOCUS SEGMENT,Standard,SAV,1
2026,09,09,BYD,ATTO 2,46,Valencia,Private,PHEV,UKL1,REST,Standard,SAV,2
2026,09,09,BYD,ATTO 3 EVO,46,Valencia,Private,BEV,UKL2,REST,Standard,SAV,2
2026,09,09,BYD,DOLPHIN G,46,Valencia,Private,PHEV,UKL1,REST,Standard,HACH 5P,1
2026,09,09,BYD,DOLPHIN SURF,46,Valencia,Private,BEV,UKL0,REST,Standard,HACH 5P,2
2026,09,09,BYD,SEAL U,46,Valencia,Private,PHEV,KKL,REST,Standard,SAV,1
2026,09,09,CHANGAN,DEEPAL S05,46,Valencia,Private,PHEV,UKL2,REST,Standard,HACH 5P,1
2026,09,09,CITROEN,C3,46,Valencia,Private,BEV,UKL1,REST,Standard,HACH 5P,2
2026,09,09,CITROEN,C3,46,Valencia,Private,ICE,UKL1,REST,Standard,HACH 5P,2
2026,09,09,CUPRA,TERRAMAR,46,Valencia,Private,PHEV,UKL2,REST,Standard,SAT,1
2026,09,09,DACIA,BIGSTER,46,Valencia,Private,ICE,UKL2,REST,Standard,SAV,1
2026,09,09,DACIA,DUSTER,46,Valencia,Corporate,ICE,SKL,REST,Standard,PICKUP,1
2026,09,09,DACIA,DUSTER,46,Valencia,Private,ICE,SKL,REST,Standard,PICKUP,8
2026,09,09,DACIA,SANDERO,46,Valencia,Corporate,ICE,UKL1,REST,Standard,HACH 5P,1
2026,09,09,DACIA,SANDERO,46,Valencia,Private,ICE,UKL1,REST,Standard,HACH 5P,11
2026,09,09,EBRO,S400,46,Valencia,Private,ICE,UKL2,REST,Standard,SAV,2
2026,09,09,EBRO,S700,46,Valencia,Private,ICE,UKL2,REST,Standard,SAV,2
2026,09,09,EBRO,S700,46,Valencia,Private,PHEV,UKL2,REST,Standard,SAV,1
2026,09,09,EBRO,S800,46,Valencia,Private,PHEV,KKL,REST,Standard,SAV,1
2026,09,09,FORD,KUGA,46,Valencia,Private,ICE,UKL2,REST,Standard,SAV,1
2026,09,09,FORD,PUMA,46,Valencia,Private,ICE,UKL1,REST,Standard,SAV,1
2026,09,09,FORD,PUMA,46,Valencia,RAC,BEV,UKL1,REST,Standard,SAV,1
2026,09,09,FORD,RANGER,46,Valencia,Private,PHEV,SKL,REST,Standard,PICKUP,1
2026,09,09,FORD,TRANSIT COURIER,46,Valencia,Corporate,ICE,SKL,REST,Standard,TRANSPORTER,1
2026,09,09,FORD,TRANSIT CUSTOM,46,Valencia,Corporate,ICE,SKL,REST,Standard,TRANSPORTER,1
2026,09,09,GWM,ORA 5 SUV,46,Valencia,Private,ICE,UKL2,REST,Standard,SAV,1
2026,09,09,HYUNDAI,BAYON,46,Valencia,Private,ICE,UKL1,REST,Standard,SAV,1
2026,09,09,HYUNDAI,IONIQ 6,46,Valencia,Corporate,BEV,KKL,REST,Standard,SEDAN,1
2026,09,09,HYUNDAI,KONA,46,Valencia,Private,BEV,UKL1,REST,Standard,SAV,1
2026,09,09,HYUNDAI,KONA,46,Valencia,Private,ICE,UKL1,REST,Standard,SAV,4
2026,09,09,HYUNDAI,TUCSON,46,Valencia,Private,ICE,UKL2,REST,Standard,SAV,4
2026,09,09,IVECO,DAILY,46,Valencia,RAC,ICE,SKL,REST,Standard,TRANSPORTER,2
2026,09,09,JAECOO,JAECOO 5,46,Valencia,Private,ICE,UKL1,REST,Standard,SAV,2
2026,09,09,JAECOO,JAECOO 7,46,Valencia,Private,ICE,UKL2,REST,Standard,SAV,1
2026,09,09,JAECOO,JAECOO 8,46,Valencia,Private,PHEV,KKL,REST,Standard,SAV,1
2026,09,09,KG MOBILITY,TIVOLI,46,Valencia,Private,ICE,UKL1,REST,Standard,SAV,1
2026,09,09,KG MOBILITY,TORRES,46,Valencia,Corporate,ICE,UKL2,REST,Standard,SAV,1
2026,09,09,KG MOBILITY,TORRES,46,Valencia,Private,ICE,UKL2,REST,Standard,SAV,1
2026,09,09,KIA,EV2,46,Valencia,Private,BEV,UKL1,REST,Standard,SAV,2
2026,09,09,KIA,NIRO,46,Valencia,Private,ICE,UKL2,REST,Standard,SAV,3
2026,09,09,KIA,PV5,46,Valencia,Private,BEV,SKL,REST,Standard,TRANSPORTER,1
2026,09,09,KIA,STONIC,46,Valencia,Private,ICE,UKL1,REST,Standard,SAV,1
2026,09,09,LEAPMOTOR,T03,46,Valencia,Private,BEV,UKL0,REST,Standard,HACH 5P,2
2026,09,09,LEXUS,ES,46,Valencia,Corporate,ICE,MKL,FOCUS SEGMENT,Standard,SEDAN,1
2026,09,09,LEXUS,LBX,46,Valencia,Private,ICE,UKL1,FOCUS SEGMENT,Standard,SAV,1
2026,09,09,MAN,TGE,46,Valencia,RAC,ICE,SKL,REST,Standard,TRANSPORTER,1
2026,09,09,MAZDA,CX30,46,Valencia,Private,ICE,UKL2,REST,Standard,SAV,1
2026,09,09,MAZDA,CX5,46,Valencia,Private,ICE,UKL2,REST,Standard,SAV,3
2026,09,09,MERCEDES,CLASE A,46,Valencia,Private,ICE,UKL2,FOCUS SEGMENT,Standard,SEDAN,1
2026,09,09,MERCEDES,CLASE GLA,46,Valencia,Corporate,PHEV,UKL2,FOCUS SEGMENT,Standard,SAV,2
2026,09,09,MERCEDES,CLASE GLA,46,Valencia,Private,PHEV,UKL2,FOCUS SEGMENT,Standard,SAV,1
2026,09,09,MERCEDES,CLASE GLC,46,Valencia,Private,ICE,KKL,FOCUS SEGMENT,Standard,SAV,1
2026,09,09,MERCEDES,CLASE S,46,Valencia,Private,PHEV,GKL,FOCUS SEGMENT,Standard,SEDAN,1
2026,09,09,MG,MG 4,46,Valencia,Private,BEV,UKL2,REST,Standard,HACH 5P,1
2026,09,09,MG,ZS,46,Valencia,Private,ICE,UKL1,REST,Standard,SAV,1
2026,09,09,NISSAN,INTERSTAR,46,Valencia,Corporate,ICE,SKL,REST,Standard,TRANSPORTER,4
2026,09,09,NISSAN,X-TRAIL,46,Valencia,Private,ICE,KKL,REST,Standard,SUV,1
2026,09,09,OMODA,OMODA 9,46,Valencia,Private,PHEV,KKL,REST,Standard,SAV,1
2026,09,09,OPEL,FRONTERA,46,Valencia,Private,ICE,KKL,REST,Standard,SUV,1
2026,09,09,PEUGEOT,2008,46,Valencia,Private,ICE,UKL1,REST,Standard,SAV,1
2026,09,09,PEUGEOT,3008,46,Valencia,Private,ICE,UKL2,REST,Standard,SAT,1
2026,09,09,RENAULT,CAPTUR,46,Valencia,Private,ICE,UKL1,REST,Standard,SAV,1
2026,09,09,RENAULT,CLIO,46,Valencia,Private,ICE,UKL1,REST,Standard,HACH 5P,2
2026,09,09,RENAULT,ESPACE,46,Valencia,Private,ICE,KKL,REST,Standard,SAV,1
2026,09,09,RENAULT,TWINGO,46,Valencia,Private,BEV,UKL0,REST,Standard,HACH 5P,1
2026,09,09,SEAT,ARONA,46,Valencia,Private,ICE,UKL1,REST,Standard,SAV,2
2026,09,09,SEAT,ATECA,46,Valencia,Corporate,ICE,UKL2,REST,Standard,SAT,4
2026,09,09,SEAT,ATECA,46,Valencia,Private,ICE,UKL2,REST,Standard,SAT,1
2026,09,09,SEAT,IBIZA,46,Valencia,Private,ICE,UKL1,REST,Standard,HACH 5P,2
2026,09,09,SUBARU,OUTBACK,46,Valencia,Private,ICE,KKL,REST,Standard,ESTATE,1
2026,09,09,TESLA,MODEL 3,46,Valencia,Private,BEV,KKL,FOCUS SEGMENT,Standard,SEDAN,9
2026,09,09,TESLA,MODEL Y,46,Valencia,Private,BEV,KKL,FOCUS SEGMENT,Standard,SAT,9
2026,09,09,TOYOTA,COROLLA,46,Valencia,Corporate,ICE,UKL2,REST,Standard,HACH 5P,10
2026,09,09,TOYOTA,COROLLA,46,Valencia,Private,ICE,UKL2,REST,Standard,HACH 5P,1
2026,09,09,TOYOTA,HI LUX,46,Valencia,Corporate,ICE,SKL,REST,Standard,PICKUP,2
2026,09,09,TOYOTA,PROACE CITY,46,Valencia,Corporate,BEV,SKL,REST,Standard,TRANSPORTER,1
2026,09,09,TOYOTA,YARIS,46,Valencia,Private,ICE,UKL1,REST,Standard,HACH 5P,1
2026,09,09,TOYOTA,YARIS CROSS,46,Valencia,Private,ICE,UKL1,REST,Standard,SAV,2
2026,09,09,VOLKSWAGEN,CADDY,46,Valencia,Private,ICE,SKL,REST,Standard,TRANSPORTER,1
2026,09,09,VOLKSWAGEN,T-CROSS,46,Valencia,Private,ICE,UKL1,REST,Standard,SAV,1
2026,09,09,VOLKSWAGEN,T-ROC,46,Valencia,Private,ICE,UKL2,REST,Standard,SAV,1
2026,09,09,VOLKSWAGEN,TAIGO,46,Valencia,Private,ICE,UKL1,REST,Standard,SAV,2
2026,09,09,XPENG,G6,46,Valencia,Private,BEV,KKL,FOCUS SEGMENT,Standard,SAV,1
2026,09,09,DACIA,DUSTER,47,Valladolid,Corporate,ICE,SKL,REST,Standard,PICKUP,1
2026,09,09,DACIA,JOGGER,47,Valladolid,Corporate,ICE,UKL2,REST,Standard,MPV,1
2026,09,09,EVO,EVO 6,47,Valladolid,Private,ICE,UKL2,REST,Standard,SAV,1
2026,09,09,KIA,EV3,47,Valladolid,Private,BEV,UKL1,REST,Standard,SAV,1
2026,09,09,LEAPMOTOR,B10,47,Valladolid,Private,BEV,UKL2,REST,Standard,SAV,1
2026,09,09,MERCEDES,SPRINTER 300,47,Valladolid,Corporate,ICE,SKL,REST,Standard,TRANSPORTER,1
2026,09,09,MG,ZS,47,Valladolid,Private,ICE,UKL1,REST,Standard,SAV,2
2026,09,09,NISSAN,MICRA,47,Valladolid,Private,BEV,UKL1,REST,Standard,HACH 5P,1
2026,09,09,NISSAN,TOWNSTAR,47,Valladolid,Private,ICE,SKL,REST,Standard,TRANSPORTER,1
2026,09,09,RENAULT,CLIO,47,Valladolid,Private,ICE,UKL1,REST,Standard,HACH 5P,1
2026,09,09,RENAULT,SYMBIOZ,47,Valladolid,Private,ICE,UKL1,REST,Standard,SAV,1
2026,09,09,TOYOTA,PROACE,47,Valladolid,Private,BEV,SKL,REST,Standard,TRANSPORTER,1
2026,09,09,VOLKSWAGEN,CALIFORNIA,47,Valladolid,Corporate,PHEV,SKL,REST,Standard,TRANSPORTER,1
2026,09,09,BMW,X3,48,Bizkaia,Corporate,ICE,KKL,FOCUS SEGMENT,Standard,SAV,1
2026,09,09,BMW,X3,48,Bizkaia,Corporate,PHEV,KKL,FOCUS SEGMENT,Standard,SAV,1
2026,09,09,BMW,iX2,48,Bizkaia,Corporate,BEV,UKL2,FOCUS SEGMENT,Standard,SAV,1
2026,09,09,CITROEN,C3,48,Bizkaia,Private,BEV,UKL1,REST,Standard,HACH 5P,1
2026,09,09,CUPRA,TERRAMAR,48,Bizkaia,Private,ICE,UKL2,REST,Standard,SAT,1
2026,09,09,DR,EVO,48,Bizkaia,Private,ICE,UKL1,REST,Standard,SAV,1
2026,09,09,FORD,TOURNEO,48,Bizkaia,Private,ICE,SKL,REST,Standard,TRANSPORTER,1
2026,09,09,FORD,TOURNEO,48,Bizkaia,Private,PHEV,SKL,REST,Standard,TRANSPORTER,1
2026,09,09,HONDA,CIVIC,48,Bizkaia,Private,ICE,UKL2,REST,Standard,HACH 5P,1
2026,09,09,HYUNDAI,IONIQ 5,48,Bizkaia,Private,BEV,UKL2,REST,Standard,SAV,1
2026,09,09,HYUNDAI,TUCSON,48,Bizkaia,Private,ICE,UKL2,REST,Standard,SAV,1
2026,09,09,KIA,NIRO,48,Bizkaia,Private,ICE,UKL2,REST,Standard,SAV,1
2026,09,09,LEAPMOTOR,B05,48,Bizkaia,Private,BEV,UKL1,REST,Standard,HACH 5P,1
2026,09,09,MERCEDES,CLASE GLA,48,Bizkaia,Private,ICE,UKL2,FOCUS SEGMENT,Standard,SAV,1
2026,09,09,MERCEDES,CLASE GLC,48,Bizkaia,Corporate,PHEV,KKL,FOCUS SEGMENT,Standard,SAV,1
2026,09,09,MG,HS,48,Bizkaia,Private,ICE,KKL,REST,Standard,SAV,1
2026,09,09,NISSAN,X-TRAIL,48,Bizkaia,Private,ICE,KKL,REST,Standard,SUV,1
2026,09,09,RENAULT,CAPTUR,48,Bizkaia,Private,ICE,UKL1,REST,Standard,SAV,1
2026,09,09,RENAULT,MASTER,48,Bizkaia,Private,ICE,SKL,REST,Standard,TRANSPORTER,1
2026,09,09,RENAULT,SYMBIOZ,48,Bizkaia,Corporate,ICE,UKL1,REST,Standard,SAV,1
2026,09,09,RENAULT,SYMBIOZ,48,Bizkaia,Private,ICE,UKL1,REST,Standard,SAV,1
2026,09,09,SEAT,ARONA,48,Bizkaia,Private,ICE,UKL1,REST,Standard,SAV,1
2026,09,09,SEAT,IBIZA,48,Bizkaia,Private,ICE,UKL1,REST,Standard,HACH 5P,1
2026,09,09,SEAT,LEON,48,Bizkaia,Private,ICE,UKL2,REST,Standard,HACH 5P,1
2026,09,09,SKODA,FABIA,48,Bizkaia,Private,ICE,UKL1,REST,Standard,HACH 5P,1
2026,09,09,SKODA,KAMIQ,48,Bizkaia,Private,ICE,UKL1,REST,Standard,SAV,1
2026,09,09,TESLA,MODEL 3,48,Bizkaia,Corporate,BEV,KKL,FOCUS SEGMENT,Standard,SEDAN,1
2026,09,09,TESLA,MODEL 3,48,Bizkaia,Private,BEV,KKL,FOCUS SEGMENT,Standard,SEDAN,1
2026,09,09,TESLA,MODEL Y,48,Bizkaia,Private,BEV,KKL,FOCUS SEGMENT,Standard,SAT,3
2026,09,09,TOYOTA,C-HR,48,Bizkaia,Private,BEV,UKL1,REST,Standard,SAV,1
2026,09,09,TOYOTA,COROLLA,48,Bizkaia,Private,ICE,UKL2,REST,Standard,HACH 5P,5
2026,09,09,TOYOTA,YARIS,48,Bizkaia,Private,ICE,UKL1,REST,Standard,HACH 5P,1
2026,09,09,VOLKSWAGEN,MULTIVAN,48,Bizkaia,Private,PHEV,SKL,REST,Standard,TRANSPORTER,1
2026,09,09,VOLKSWAGEN,POLO,48,Bizkaia,Private,ICE,UKL1,REST,Standard,HACH 5P,1
2026,09,09,VOLVO,EX30,48,Bizkaia,Private,BEV,UKL1,FOCUS SEGMENT,Standard,SAV,1
2026,09,09,HYUNDAI,TUCSON,49,Zamora,Private,ICE,UKL2,REST,Standard,SAV,1
2026,09,09,RENAULT,MASTER,49,Zamora,Private,ICE,SKL,REST,Standard,TRANSPORTER,1
2026,09,09,TOYOTA,COROLLA,49,Zamora,Private,ICE,UKL2,REST,Standard,HACH 5P,1
2026,09,09,VOLKSWAGEN,T-ROC,49,Zamora,Private,ICE,UKL2,REST,Standard,SAV,1
2026,09,09,AUDI,Q8,50,Zaragoza,Private,PHEV,MKL,FOCUS SEGMENT,Standard,SAV,1
2026,09,09,BMW,SERIE 1,50,Zaragoza,Corporate,ICE,UKL2,FOCUS SEGMENT,Standard,HACH 5P,1
2026,09,09,BMW,X2,50,Zaragoza,Private,ICE,UKL2,FOCUS SEGMENT,Standard,SAV,1
2026,09,09,BMW,X3,50,Zaragoza,Corporate,ICE,KKL,FOCUS SEGMENT,Standard,SAV,1
2026,09,09,CITROEN,BERLINGO,50,Zaragoza,Private,ICE,SKL,REST,Standard,TRANSPORTER,1
2026,09,09,CITROEN,C3,50,Zaragoza,Private,ICE,UKL1,REST,Standard,HACH 5P,1
2026,09,09,CITROEN,C4X,50,Zaragoza,Private,ICE,UKL2,REST,Standard,SEDAN,1
2026,09,09,CITROEN,C5 AIRCROSS,50,Zaragoza,Private,ICE,UKL2,REST,Standard,SAV,2
2026,09,09,CUPRA,TERRAMAR,50,Zaragoza,Private,PHEV,UKL2,REST,Standard,SAT,1
2026,09,09,DACIA,DUSTER,50,Zaragoza,Corporate,ICE,SKL,REST,Standard,PICKUP,1
2026,09,09,FORD,MUSTANG,50,Zaragoza,Corporate,ICE,MKL,REST,Standard,CABRIO,1
2026,09,09,FORD,TRANSIT COURIER,50,Zaragoza,Private,ICE,SKL,REST,Standard,TRANSPORTER,1
2026,09,09,GEELY,STARRAY,50,Zaragoza,Private,PHEV,UKL2,REST,Standard,HACH 5P,1
2026,09,09,KG MOBILITY,KORANDO,50,Zaragoza,Private,ICE,MKL,REST,Standard,MPV,1
2026,09,09,KIA,EV2,50,Zaragoza,Private,BEV,UKL1,REST,Standard,SAV,1
2026,09,09,LEAPMOTOR,B10,50,Zaragoza,Private,BEV,UKL2,REST,Standard,SAV,2
2026,09,09,LEAPMOTOR,C10,50,Zaragoza,Private,BEV,MKL,REST,Standard,SAV,2
2026,09,09,LEAPMOTOR,T03,50,Zaragoza,Private,BEV,UKL0,REST,Standard,HACH 5P,1
2026,09,09,LEXUS,LBX,50,Zaragoza,Private,ICE,UKL1,FOCUS SEGMENT,Standard,SAV,1
2026,09,09,MAXUS,T60,50,Zaragoza,Private,ICE,SKL,REST,Standard,PICKUP,1
2026,09,09,MAZDA,MAZDA 3,50,Zaragoza,Private,ICE,UKL2,REST,Standard,SEDAN,1
2026,09,09,OPEL,CORSA,50,Zaragoza,Private,ICE,UKL1,REST,Standard,HACH 5P,1
2026,09,09,OPEL,FRONTERA,50,Zaragoza,Private,ICE,KKL,REST,Standard,SUV,2
2026,09,09,OPEL,GRANDLAND X,50,Zaragoza,Private,ICE,UKL2,REST,Standard,SAV,2
2026,09,09,PEUGEOT,2008,50,Zaragoza,Private,ICE,UKL1,REST,Standard,SAV,1
2026,09,09,PORSCHE,CAYENNE,50,Zaragoza,Corporate,BEV,MKL,FOCUS SEGMENT,Standard,SAV,1
2026,09,09,RENAULT,AUSTRAL,50,Zaragoza,Private,ICE,UKL2,REST,Standard,SAV,1
2026,09,09,RENAULT,TRAFIC,50,Zaragoza,Corporate,ICE,SKL,REST,Standard,TRANSPORTER,1
2026,09,09,SEAT,ARONA,50,Zaragoza,Private,ICE,UKL1,REST,Standard,SAV,2
2026,09,09,SEAT,IBIZA,50,Zaragoza,Private,ICE,UKL1,REST,Standard,HACH 5P,1
2026,09,09,SKODA,ELROQ,50,Zaragoza,Private,BEV,UKL2,REST,Standard,SAV,1
2026,09,09,SMART,#5,50,Zaragoza,Private,BEV,KKL,FOCUS SEGMENT,Standard,SAV,1
2026,09,09,SUZUKI,VITARA,50,Zaragoza,Private,ICE,UKL2,REST,Standard,SUV,1
2026,09,09,TESLA,MODEL 3,50,Zaragoza,Corporate,BEV,KKL,FOCUS SEGMENT,Standard,SEDAN,1
2026,09,09,TESLA,MODEL 3,50,Zaragoza,Private,BEV,KKL,FOCUS SEGMENT,Standard,SEDAN,4
2026,09,09,TESLA,MODEL Y,50,Zaragoza,Private,BEV,KKL,FOCUS SEGMENT,Standard,SAT,2
2026,09,09,TOYOTA,C-HR,50,Zaragoza,Private,BEV,UKL1,REST,Standard,SAV,1
2026,09,09,TOYOTA,C-HR,50,Zaragoza,Private,PHEV,UKL1,REST,Standard,SAV,1
2026,09,09,TOYOTA,COROLLA,50,Zaragoza,Private,ICE,UKL2,REST,Standard,HACH 5P,4
2026,09,09,TOYOTA,LAND CRUISER,50,Zaragoza,Private,ICE,GKL,REST,Standard,SUV,1
2026,09,09,TOYOTA,YARIS CROSS,50,Zaragoza,Private,ICE,UKL1,REST,Standard,SAV,3
2026,09,09,VOLKSWAGEN,GOLF,50,Zaragoza,Private,PHEV,UKL2,REST,Standard,HACH 5P,1
2026,09,09,DACIA,SANDERO,51,Ceuta,Private,ICE,UKL1,REST,Standard,HACH 5P,1
2026,09,09,TOYOTA,COROLLA,51,Ceuta,Private,ICE,UKL2,REST,Standard,HACH 5P,1
2026,09,09,VOLKSWAGEN,POLO,51,Ceuta,Private,ICE,UKL1,REST,Standard,HACH 5P,1
2026,09,09,MERCEDES,CLASE GLB,52,Melilla,Private,ICE,UKL2,FOCUS SEGMENT,Standard,SAV,1
2026,09,09,PEUGEOT,RIFTER,52,Melilla,Private,ICE,SKL,REST,Standard,TRANSPORTER,1
2026,09,09,RENAULT,AUSTRAL,52,Melilla,Private,ICE,UKL2,REST,Standard,SAV,1
2026,09,09,RENAULT,CLIO,52,Melilla,Private,ICE,UKL1,REST,Standard,HACH 5P,1
2026,09,09,TOYOTA,RAV 4,52,Melilla,Private,PHEV,UKL2,REST,Standard,SAV,1
2026,09,09,TOYOTA,YARIS CROSS,52,Melilla,Private,ICE,UKL1,REST,Standard,SAV,1
