anyo,mes,marca,cod_prov,provincia,canal,fuel_type,segmento,subseg,hp,count
2025,12,ALFA ROMEO,01,Álava,Corporate,ICE,KKL,REST,Standard,1
2025,12,ALFA ROMEO,01,Álava,Corporate,ICE,UKL1,REST,Standard,1
2025,12,AUDI,01,Álava,Corporate,ICE,UKL2,FOCUS SEGMENT,Standard,1
2025,12,AUDI,01,Álava,Private,ICE,KKL,FOCUS SEGMENT,Standard,1
2025,12,AUDI,01,Álava,Private,ICE,UKL2,FOCUS SEGMENT,Standard,5
2025,12,AUDI,01,Álava,Private,PHEV,MKL,FOCUS SEGMENT,Standard,1
2025,12,BMW,01,Álava,Corporate,ICE,KKL,FOCUS SEGMENT,M Performance,1
2025,12,BMW,01,Álava,Corporate,PHEV,MKL,FOCUS SEGMENT,M,1
2025,12,BMW,01,Álava,Private,BEV,UKL2,FOCUS SEGMENT,Standard,2
2025,12,BMW,01,Álava,Private,ICE,UKL2,FOCUS SEGMENT,Standard,6
2025,12,BYD,01,Álava,Private,BEV,KKL,REST,Standard,1
2025,12,BYD,01,Álava,Private,BEV,UKL0,REST,Standard,2
2025,12,BYD,01,Álava,Private,BEV,UKL1,REST,Standard,2
2025,12,BYD,01,Álava,Private,BEV,UKL2,REST,Standard,4
2025,12,BYD,01,Álava,Private,PHEV,KKL,REST,Standard,3
2025,12,CITROEN,01,Álava,Corporate,BEV,UKL2,REST,Standard,1
2025,12,CITROEN,01,Álava,Corporate,ICE,SKL,REST,Standard,11
2025,12,CITROEN,01,Álava,Corporate,ICE,UKL1,REST,Standard,4
2025,12,CITROEN,01,Álava,Corporate,ICE,UKL2,REST,Standard,5
2025,12,CITROEN,01,Álava,Private,BEV,UKL1,REST,Standard,1
2025,12,CITROEN,01,Álava,Private,ICE,SKL,REST,Standard,2
2025,12,CITROEN,01,Álava,Private,ICE,UKL1,REST,Standard,4
2025,12,CITROEN,01,Álava,Private,ICE,UKL2,REST,Standard,2
2025,12,CUPRA,01,Álava,Corporate,ICE,UKL2,REST,Standard,3
2025,12,CUPRA,01,Álava,Corporate,PHEV,UKL2,REST,Standard,7
2025,12,CUPRA,01,Álava,Private,ICE,UKL2,REST,Standard,1
2025,12,DACIA,01,Álava,Corporate,ICE,UKL1,REST,Standard,2
2025,12,DACIA,01,Álava,Private,ICE,SKL,REST,Standard,3
2025,12,DACIA,01,Álava,Private,ICE,UKL1,REST,Standard,6
2025,12,DACIA,01,Álava,Private,ICE,UKL2,REST,Standard,5
2025,12,DFSK,01,Álava,Private,PHEV,KKL,REST,Standard,1
2025,12,DS,01,Álava,Private,PHEV,UKL2,REST,Standard,1
2025,12,EBRO,01,Álava,Private,ICE,UKL2,REST,Standard,1
2025,12,EBRO,01,Álava,Private,PHEV,KKL,REST,Standard,4
2025,12,EBRO,01,Álava,Private,PHEV,UKL2,REST,Standard,8
2025,12,EVO,01,Álava,Private,ICE,UKL1,REST,Standard,1
2025,12,EVO,01,Álava,Private,ICE,UKL2,REST,Standard,1
2025,12,FIAT,01,Álava,Private,BEV,UKL0,REST,Standard,1
2025,12,FIAT,01,Álava,Private,ICE,SKL,REST,Standard,1
2025,12,FORD,01,Álava,Corporate,PHEV,UKL2,REST,Standard,1
2025,12,FORD,01,Álava,Private,BEV,UKL1,REST,Standard,1
2025,12,FORD,01,Álava,Private,ICE,UKL1,REST,Standard,3
2025,12,FORD,01,Álava,Private,ICE,UKL2,REST,Standard,2
2025,12,FORD,01,Álava,Private,PHEV,SKL,REST,Standard,1
2025,12,FORD,01,Álava,Private,PHEV,UKL2,REST,Standard,2
2025,12,HONDA,01,Álava,Corporate,ICE,KKL,REST,Standard,1
2025,12,HONDA,01,Álava,Private,ICE,UKL2,REST,Standard,2
2025,12,HYUNDAI,01,Álava,Private,BEV,UKL1,REST,Standard,1
2025,12,HYUNDAI,01,Álava,Private,BEV,UKL2,REST,Standard,5
2025,12,HYUNDAI,01,Álava,Private,ICE,MKL,REST,Standard,1
2025,12,HYUNDAI,01,Álava,Private,ICE,UKL0,REST,Standard,2
2025,12,HYUNDAI,01,Álava,Private,ICE,UKL1,REST,Standard,29
2025,12,HYUNDAI,01,Álava,Private,ICE,UKL2,REST,Standard,22
2025,12,HYUNDAI,01,Álava,Private,PHEV,UKL2,REST,Standard,5
2025,12,JAECOO,01,Álava,Private,ICE,UKL2,REST,Standard,2
2025,12,JAECOO,01,Álava,Private,PHEV,UKL2,REST,Standard,5
2025,12,JEEP,01,Álava,Corporate,ICE,UKL1,REST,Standard,1
2025,12,KIA,01,Álava,Private,BEV,SKL,REST,Standard,1
2025,12,KIA,01,Álava,Private,BEV,UKL1,REST,Standard,1
2025,12,KIA,01,Álava,Private,BEV,UKL2,REST,Standard,1
2025,12,KIA,01,Álava,Private,ICE,UKL0,REST,Standard,1
2025,12,KIA,01,Álava,Private,ICE,UKL1,REST,Standard,1
2025,12,KIA,01,Álava,Private,ICE,UKL2,REST,Standard,21
2025,12,LEAPMOTOR,01,Álava,Corporate,BEV,UKL0,REST,Standard,1
2025,12,LEAPMOTOR,01,Álava,Private,BEV,MKL,REST,Standard,1
2025,12,LEAPMOTOR,01,Álava,Private,BEV,UKL0,REST,Standard,2
2025,12,LEXUS,01,Álava,Private,ICE,UKL1,FOCUS SEGMENT,Standard,2
2025,12,LEXUS,01,Álava,Private,PHEV,KKL,FOCUS SEGMENT,Standard,1
2025,12,LYNK & CO,01,Álava,Private,BEV,UKL2,REST,Standard,1
2025,12,MAZDA,01,Álava,Corporate,BEV,MKL,REST,Standard,1
2025,12,MAZDA,01,Álava,Corporate,ICE,UKL1,REST,Standard,1
2025,12,MAZDA,01,Álava,Corporate,ICE,UKL2,REST,Standard,2
2025,12,MAZDA,01,Álava,Private,BEV,MKL,REST,Standard,1
2025,12,MAZDA,01,Álava,Private,ICE,KKL,REST,Standard,1
2025,12,MAZDA,01,Álava,Private,ICE,UKL2,REST,Standard,10
2025,12,MAZDA,01,Álava,Private,PHEV,KKL,REST,Standard,2
2025,12,MERCEDES,01,Álava,Corporate,ICE,KKL,FOCUS SEGMENT,Standard,2
2025,12,MERCEDES,01,Álava,Corporate,ICE,MKL,REST,Standard,1
2025,12,MERCEDES,01,Álava,Corporate,ICE,UKL2,FOCUS SEGMENT,Standard,3
2025,12,MERCEDES,01,Álava,Corporate,PHEV,KKL,FOCUS SEGMENT,Standard,1
2025,12,MERCEDES,01,Álava,Corporate,PHEV,MKL,FOCUS SEGMENT,Standard,1
2025,12,MERCEDES,01,Álava,Private,BEV,UKL2,FOCUS SEGMENT,Standard,2
2025,12,MERCEDES,01,Álava,Private,ICE,KKL,FOCUS SEGMENT,Standard,2
2025,12,MERCEDES,01,Álava,Private,ICE,UKL2,FOCUS SEGMENT,Standard,2
2025,12,MERCEDES,01,Álava,Private,PHEV,MKL,FOCUS SEGMENT,Standard,1
2025,12,MG,01,Álava,Corporate,ICE,UKL1,REST,Standard,1
2025,12,MG,01,Álava,Private,ICE,KKL,REST,Standard,1
2025,12,MG,01,Álava,Private,ICE,UKL1,REST,Standard,13
2025,12,MG,01,Álava,Private,PHEV,KKL,REST,Standard,5
2025,12,MINI,01,Álava,Private,BEV,UKL1,FOCUS SEGMENT,Standard,3
2025,12,MITSUBISHI,01,Álava,Corporate,ICE,UKL1,REST,Standard,2
2025,12,MITSUBISHI,01,Álava,Private,ICE,UKL1,REST,Standard,1
2025,12,MITSUBISHI,01,Álava,Private,ICE,UKL2,REST,Standard,1
2025,12,MITSUBISHI,01,Álava,Private,PHEV,KKL,REST,Standard,1
2025,12,NISSAN,01,Álava,Corporate,BEV,UKL1,REST,Standard,2
2025,12,NISSAN,01,Álava,Corporate,ICE,UKL1,REST,Standard,3
2025,12,NISSAN,01,Álava,Private,ICE,KKL,REST,Standard,2
2025,12,NISSAN,01,Álava,Private,ICE,SKL,REST,Standard,1
2025,12,NISSAN,01,Álava,Private,ICE,UKL1,REST,Standard,2
2025,12,NISSAN,01,Álava,Private,ICE,UKL2,REST,Standard,3
2025,12,OMODA,01,Álava,Corporate,PHEV,KKL,REST,Standard,1
2025,12,OMODA,01,Álava,Private,BEV,UKL2,REST,Standard,3
2025,12,OMODA,01,Álava,Private,ICE,UKL2,REST,Standard,7
2025,12,OMODA,01,Álava,Private,PHEV,KKL,REST,Standard,8
2025,12,OPEL,01,Álava,Corporate,BEV,KKL,REST,Standard,1
2025,12,OPEL,01,Álava,Corporate,ICE,UKL1,REST,Standard,12
2025,12,OPEL,01,Álava,Corporate,ICE,UKL2,REST,Standard,3
2025,12,OPEL,01,Álava,Private,ICE,KKL,REST,Standard,2
2025,12,OPEL,01,Álava,Private,ICE,SKL,REST,Standard,1
2025,12,OPEL,01,Álava,Private,ICE,UKL1,REST,Standard,1
2025,12,PEUGEOT,01,Álava,Corporate,BEV,UKL2,REST,Standard,1
2025,12,PEUGEOT,01,Álava,Corporate,ICE,KKL,REST,Standard,2
2025,12,PEUGEOT,01,Álava,Corporate,ICE,SKL,REST,Standard,1
2025,12,PEUGEOT,01,Álava,Corporate,ICE,UKL1,REST,Standard,5
2025,12,PEUGEOT,01,Álava,Corporate,ICE,UKL2,REST,Standard,13
2025,12,PEUGEOT,01,Álava,Corporate,PHEV,UKL2,REST,Standard,1
2025,12,PEUGEOT,01,Álava,Private,ICE,KKL,REST,Standard,1
2025,12,PEUGEOT,01,Álava,Private,ICE,SKL,REST,Standard,3
2025,12,PEUGEOT,01,Álava,Private,ICE,UKL1,REST,Standard,5
2025,12,PEUGEOT,01,Álava,Private,ICE,UKL2,REST,Standard,3
2025,12,RENAULT,01,Álava,Corporate,ICE,UKL1,REST,Standard,1
2025,12,RENAULT,01,Álava,Private,BEV,UKL1,REST,Standard,4
2025,12,RENAULT,01,Álava,Private,BEV,UKL2,REST,Standard,1
2025,12,RENAULT,01,Álava,Private,ICE,KKL,REST,Standard,1
2025,12,RENAULT,01,Álava,Private,ICE,SKL,REST,Standard,1
2025,12,RENAULT,01,Álava,Private,ICE,UKL1,REST,Standard,15
2025,12,RENAULT,01,Álava,Private,ICE,UKL2,REST,Standard,3
2025,12,RENAULT,01,Álava,Private,PHEV,UKL2,REST,Standard,3
2025,12,SEAT,01,Álava,Corporate,ICE,UKL2,REST,Standard,1
2025,12,SEAT,01,Álava,Private,ICE,UKL1,REST,Standard,5
2025,12,SEAT,01,Álava,Private,ICE,UKL2,REST,Standard,5
2025,12,SEAT,01,Álava,Private,PHEV,UKL2,REST,Standard,1
2025,12,SKODA,01,Álava,Corporate,BEV,UKL2,REST,Standard,1
2025,12,SKODA,01,Álava,Corporate,ICE,KKL,REST,Standard,1
2025,12,SKODA,01,Álava,Corporate,ICE,UKL1,REST,Standard,1
2025,12,SKODA,01,Álava,Corporate,ICE,UKL2,REST,Standard,3
2025,12,SUZUKI,01,Álava,Corporate,ICE,UKL2,REST,Standard,1
2025,12,SUZUKI,01,Álava,Private,ICE,UKL1,REST,Standard,5
2025,12,SUZUKI,01,Álava,Private,ICE,UKL2,REST,Standard,2
2025,12,TESLA,01,Álava,Corporate,BEV,KKL,FOCUS SEGMENT,Standard,2
2025,12,TESLA,01,Álava,Private,BEV,KKL,FOCUS SEGMENT,Standard,8
2025,12,TOYOTA,01,Álava,Corporate,ICE,SKL,REST,Standard,1
2025,12,TOYOTA,01,Álava,Corporate,ICE,UKL1,REST,Standard,1
2025,12,TOYOTA,01,Álava,Corporate,ICE,UKL2,REST,Standard,8
2025,12,TOYOTA,01,Álava,Private,ICE,UKL1,REST,Standard,17
2025,12,TOYOTA,01,Álava,Private,ICE,UKL2,REST,Standard,14
2025,12,TOYOTA,01,Álava,Private,PHEV,UKL1,REST,Standard,2
2025,12,TOYOTA,01,Álava,Private,PHEV,UKL2,REST,Standard,5
2025,12,VOLKSWAGEN,01,Álava,Corporate,ICE,SKL,REST,Standard,1
2025,12,VOLKSWAGEN,01,Álava,Corporate,ICE,UKL2,REST,Standard,3
2025,12,VOLKSWAGEN,01,Álava,Private,ICE,SKL,REST,Standard,1
2025,12,VOLKSWAGEN,01,Álava,Private,ICE,UKL1,REST,Standard,2
2025,12,VOLKSWAGEN,01,Álava,Private,ICE,UKL2,REST,Standard,5
2025,12,VOLKSWAGEN,01,Álava,Private,PHEV,SKL,REST,Standard,1
2025,12,VOLKSWAGEN,01,Álava,Private,PHEV,UKL2,REST,Standard,3
2025,12,VOLVO,01,Álava,Corporate,ICE,KKL,FOCUS SEGMENT,Standard,6
2025,12,VOLVO,01,Álava,Corporate,ICE,UKL2,FOCUS SEGMENT,Standard,8
2025,12,VOLVO,01,Álava,Private,BEV,UKL1,FOCUS SEGMENT,Standard,1
2025,12,VOLVO,01,Álava,Private,BEV,UKL2,FOCUS SEGMENT,Standard,2
2025,12,VOLVO,01,Álava,Private,ICE,KKL,FOCUS SEGMENT,Standard,6
2025,12,VOLVO,01,Álava,Private,ICE,UKL2,FOCUS SEGMENT,Standard,5
2025,12,AUDI,02,Albacete,Corporate,ICE,KKL,FOCUS SEGMENT,Standard,2
2025,12,AUDI,02,Albacete,Corporate,PHEV,MKL,FOCUS SEGMENT,Standard,2
2025,12,AUDI,02,Albacete,Private,ICE,UKL2,FOCUS SEGMENT,Standard,4
2025,12,AUDI,02,Albacete,Private,PHEV,UKL2,FOCUS SEGMENT,Standard,1
2025,12,BMW,02,Albacete,Corporate,ICE,KKL,FOCUS SEGMENT,Standard,2
2025,12,BMW,02,Albacete,Corporate,ICE,MKL,FOCUS SEGMENT,Standard,1
2025,12,BMW,02,Albacete,Corporate,ICE,UKL2,FOCUS SEGMENT,Standard,1
2025,12,BMW,02,Albacete,Private,BEV,UKL2,FOCUS SEGMENT,Standard,1
2025,12,BMW,02,Albacete,Private,ICE,UKL2,FOCUS SEGMENT,M,1
2025,12,BMW,02,Albacete,Private,ICE,UKL2,FOCUS SEGMENT,Standard,6
2025,12,BYD,02,Albacete,Private,BEV,KKL,REST,Standard,1
2025,12,BYD,02,Albacete,Private,BEV,UKL0,REST,Standard,3
2025,12,BYD,02,Albacete,Private,BEV,UKL1,REST,Standard,2
2025,12,BYD,02,Albacete,Private,BEV,UKL2,REST,Standard,2
2025,12,BYD,02,Albacete,Private,PHEV,KKL,REST,Standard,7
2025,12,CITROEN,02,Albacete,Corporate,BEV,UKL1,REST,Standard,2
2025,12,CITROEN,02,Albacete,Private,ICE,SKL,REST,Standard,2
2025,12,CITROEN,02,Albacete,Private,ICE,UKL2,REST,Standard,2
2025,12,CUPRA,02,Albacete,Corporate,PHEV,UKL2,REST,Standard,2
2025,12,CUPRA,02,Albacete,Private,ICE,UKL2,REST,Standard,4
2025,12,CUPRA,02,Albacete,Private,PHEV,UKL2,REST,Standard,2
2025,12,DACIA,02,Albacete,Corporate,ICE,SKL,REST,Standard,2
2025,12,DACIA,02,Albacete,Corporate,ICE,UKL1,REST,Standard,1
2025,12,DACIA,02,Albacete,Corporate,ICE,UKL2,REST,Standard,1
2025,12,DACIA,02,Albacete,Private,BEV,UKL0,REST,Standard,1
2025,12,DACIA,02,Albacete,Private,ICE,SKL,REST,Standard,4
2025,12,DACIA,02,Albacete,Private,ICE,UKL1,REST,Standard,9
2025,12,DACIA,02,Albacete,Private,ICE,UKL2,REST,Standard,1
2025,12,EBRO,02,Albacete,Corporate,PHEV,UKL2,REST,Standard,3
2025,12,EBRO,02,Albacete,Private,ICE,UKL2,REST,Standard,8
2025,12,EBRO,02,Albacete,Private,PHEV,KKL,REST,Standard,1
2025,12,FORD,02,Albacete,Corporate,ICE,UKL2,REST,Standard,1
2025,12,FORD,02,Albacete,Private,ICE,UKL2,REST,Standard,1
2025,12,HONDA,02,Albacete,Private,ICE,UKL2,REST,Standard,1
2025,12,HYUNDAI,02,Albacete,Corporate,ICE,MKL,REST,Standard,2
2025,12,HYUNDAI,02,Albacete,Corporate,ICE,UKL1,REST,Standard,1
2025,12,HYUNDAI,02,Albacete,Corporate,ICE,UKL2,REST,Standard,26
2025,12,HYUNDAI,02,Albacete,Corporate,PHEV,UKL2,REST,Standard,1
2025,12,HYUNDAI,02,Albacete,Private,BEV,UKL1,REST,Standard,2
2025,12,HYUNDAI,02,Albacete,Private,BEV,UKL2,REST,Standard,4
2025,12,HYUNDAI,02,Albacete,Private,ICE,UKL0,REST,Standard,1
2025,12,HYUNDAI,02,Albacete,Private,ICE,UKL1,REST,Standard,6
2025,12,HYUNDAI,02,Albacete,Private,ICE,UKL2,REST,Standard,11
2025,12,HYUNDAI,02,Albacete,Private,PHEV,UKL2,REST,Standard,2
2025,12,JAECOO,02,Albacete,Corporate,PHEV,UKL2,REST,Standard,1
2025,12,JAECOO,02,Albacete,Private,ICE,UKL2,REST,Standard,3
2025,12,JAECOO,02,Albacete,Private,PHEV,UKL2,REST,Standard,4
2025,12,JEEP,02,Albacete,Corporate,ICE,UKL1,REST,Standard,1
2025,12,KG MOBILITY,02,Albacete,Corporate,ICE,UKL1,REST,Standard,1
2025,12,KG MOBILITY,02,Albacete,Private,ICE,MKL,REST,Standard,1
2025,12,KIA,02,Albacete,Corporate,BEV,SKL,REST,Standard,1
2025,12,KIA,02,Albacete,Corporate,ICE,UKL1,REST,Standard,1
2025,12,KIA,02,Albacete,Corporate,ICE,UKL2,REST,Standard,2
2025,12,KIA,02,Albacete,Private,BEV,KKL,REST,Standard,1
2025,12,KIA,02,Albacete,Private,BEV,UKL1,REST,Standard,2
2025,12,KIA,02,Albacete,Private,ICE,UKL1,REST,Standard,4
2025,12,KIA,02,Albacete,Private,ICE,UKL2,REST,Standard,14
2025,12,LAND ROVER,02,Albacete,Corporate,ICE,MKL,FOCUS SEGMENT,Standard,1
2025,12,LEAPMOTOR,02,Albacete,Private,BEV,UKL0,REST,Standard,1
2025,12,LEAPMOTOR,02,Albacete,Private,BEV,UKL2,REST,Standard,2
2025,12,LYNK & CO,02,Albacete,Private,PHEV,UKL2,REST,Standard,1
2025,12,MAZDA,02,Albacete,Corporate,BEV,MKL,REST,Standard,1
2025,12,MAZDA,02,Albacete,Corporate,ICE,KKL,REST,Standard,1
2025,12,MAZDA,02,Albacete,Private,ICE,UKL1,REST,Standard,1
2025,12,MAZDA,02,Albacete,Private,ICE,UKL2,REST,Standard,8
2025,12,MAZDA,02,Albacete,Private,PHEV,KKL,REST,Standard,1
2025,12,MERCEDES,02,Albacete,Corporate,BEV,UKL2,FOCUS SEGMENT,Standard,2
2025,12,MERCEDES,02,Albacete,Corporate,ICE,KKL,FOCUS SEGMENT,Standard,2
2025,12,MERCEDES,02,Albacete,Corporate,ICE,UKL2,FOCUS SEGMENT,Standard,1
2025,12,MERCEDES,02,Albacete,Corporate,PHEV,KKL,FOCUS SEGMENT,Standard,2
2025,12,MERCEDES,02,Albacete,Corporate,PHEV,UKL2,FOCUS SEGMENT,Standard,1
2025,12,MERCEDES,02,Albacete,Private,ICE,KKL,FOCUS SEGMENT,Standard,1
2025,12,MERCEDES,02,Albacete,Private,ICE,UKL2,FOCUS SEGMENT,Standard,2
2025,12,MG,02,Albacete,Private,ICE,UKL1,REST,Standard,8
2025,12,MG,02,Albacete,Private,PHEV,KKL,REST,Standard,8
2025,12,MINI,02,Albacete,Corporate,BEV,UKL1,FOCUS SEGMENT,Standard,1
2025,12,MINI,02,Albacete,Corporate,ICE,UKL1,FOCUS SEGMENT,Standard,1
2025,12,MITSUBISHI,02,Albacete,Corporate,ICE,UKL1,REST,Standard,1
2025,12,MITSUBISHI,02,Albacete,Private,ICE,UKL2,REST,Standard,1
2025,12,NISSAN,02,Albacete,Corporate,BEV,UKL1,REST,Standard,1
2025,12,NISSAN,02,Albacete,Private,ICE,UKL1,REST,Standard,2
2025,12,NISSAN,02,Albacete,Private,ICE,UKL2,REST,Standard,8
2025,12,OMODA,02,Albacete,Corporate,ICE,UKL2,REST,Standard,1
2025,12,OMODA,02,Albacete,Private,ICE,UKL2,REST,Standard,3
2025,12,OMODA,02,Albacete,Private,PHEV,KKL,REST,Standard,1
2025,12,OPEL,02,Albacete,Corporate,ICE,KKL,REST,Standard,1
2025,12,OPEL,02,Albacete,Corporate,ICE,UKL2,REST,Standard,2
2025,12,OPEL,02,Albacete,Private,ICE,KKL,REST,Standard,2
2025,12,OPEL,02,Albacete,Private,ICE,UKL1,REST,Standard,1
2025,12,OPEL,02,Albacete,Private,PHEV,UKL2,REST,Standard,1
2025,12,PEUGEOT,02,Albacete,Corporate,ICE,UKL1,REST,Standard,3
2025,12,PEUGEOT,02,Albacete,Corporate,ICE,UKL2,REST,Standard,1
2025,12,PEUGEOT,02,Albacete,Private,ICE,KKL,REST,Standard,2
2025,12,PEUGEOT,02,Albacete,Private,ICE,SKL,REST,Standard,2
2025,12,PEUGEOT,02,Albacete,Private,ICE,UKL1,REST,Standard,5
2025,12,PEUGEOT,02,Albacete,Private,ICE,UKL2,REST,Standard,1
2025,12,PORSCHE,02,Albacete,Corporate,PHEV,GKL,FOCUS SEGMENT,Standard,1
2025,12,RENAULT,02,Albacete,Corporate,ICE,UKL1,REST,Standard,6
2025,12,RENAULT,02,Albacete,Corporate,ICE,UKL2,REST,Standard,1
2025,12,RENAULT,02,Albacete,Private,BEV,UKL1,REST,Standard,1
2025,12,RENAULT,02,Albacete,Private,ICE,UKL1,REST,Standard,13
2025,12,RENAULT,02,Albacete,Private,ICE,UKL2,REST,Standard,4
2025,12,SEAT,02,Albacete,Corporate,ICE,UKL1,REST,Standard,3
2025,12,SEAT,02,Albacete,Private,ICE,UKL1,REST,Standard,14
2025,12,SEAT,02,Albacete,Private,ICE,UKL2,REST,Standard,7
2025,12,SKODA,02,Albacete,Corporate,ICE,UKL1,REST,Standard,2
2025,12,SKODA,02,Albacete,Corporate,ICE,UKL2,REST,Standard,2
2025,12,SKODA,02,Albacete,Corporate,PHEV,KKL,REST,Standard,1
2025,12,SKODA,02,Albacete,Private,ICE,UKL1,REST,Standard,2
2025,12,SUZUKI,02,Albacete,Corporate,ICE,UKL1,REST,Standard,1
2025,12,SUZUKI,02,Albacete,Corporate,ICE,UKL2,REST,Standard,1
2025,12,SUZUKI,02,Albacete,Private,ICE,UKL2,REST,Standard,3
2025,12,TESLA,02,Albacete,Corporate,BEV,KKL,FOCUS SEGMENT,Standard,5
2025,12,TESLA,02,Albacete,Private,BEV,KKL,FOCUS SEGMENT,Standard,7
2025,12,TOYOTA,02,Albacete,Corporate,ICE,GKL,REST,Standard,1
2025,12,TOYOTA,02,Albacete,Corporate,ICE,SKL,REST,Standard,1
2025,12,TOYOTA,02,Albacete,Corporate,ICE,UKL1,REST,Standard,2
2025,12,TOYOTA,02,Albacete,Corporate,ICE,UKL2,REST,Standard,1
2025,12,TOYOTA,02,Albacete,Corporate,PHEV,UKL2,REST,Standard,3
2025,12,TOYOTA,02,Albacete,Private,ICE,UKL1,REST,Standard,9
2025,12,TOYOTA,02,Albacete,Private,ICE,UKL2,REST,Standard,10
2025,12,TOYOTA,02,Albacete,Private,PHEV,UKL1,REST,Standard,7
2025,12,TOYOTA,02,Albacete,Private,PHEV,UKL2,REST,Standard,3
2025,12,VOLKSWAGEN,02,Albacete,Private,ICE,SKL,REST,Standard,2
2025,12,VOLKSWAGEN,02,Albacete,Private,ICE,UKL1,REST,Standard,9
2025,12,VOLKSWAGEN,02,Albacete,Private,ICE,UKL2,REST,Standard,11
2025,12,VOLVO,02,Albacete,Corporate,ICE,KKL,FOCUS SEGMENT,Standard,1
2025,12,VOLVO,02,Albacete,Corporate,ICE,UKL2,FOCUS SEGMENT,Standard,7
2025,12,VOLVO,02,Albacete,Corporate,PHEV,KKL,FOCUS SEGMENT,Standard,1
2025,12,VOLVO,02,Albacete,Private,BEV,UKL1,FOCUS SEGMENT,Standard,1
2025,12,VOLVO,02,Albacete,Private,ICE,KKL,FOCUS SEGMENT,Standard,3
2025,12,VOLVO,02,Albacete,Private,ICE,UKL2,FOCUS SEGMENT,Standard,3
2025,12,XPENG,02,Albacete,Private,BEV,KKL,FOCUS SEGMENT,Standard,1
2025,12,ALFA ROMEO,03,Alicante,Private,ICE,UKL1,REST,Standard,1
2025,12,AUDI,03,Alicante,Corporate,ICE,KKL,FOCUS SEGMENT,Standard,1
2025,12,AUDI,03,Alicante,Corporate,ICE,MKL,FOCUS SEGMENT,M,1
2025,12,AUDI,03,Alicante,Corporate,ICE,MKL,FOCUS SEGMENT,Standard,1
2025,12,AUDI,03,Alicante,Corporate,ICE,UKL1,FOCUS SEGMENT,Standard,6
2025,12,AUDI,03,Alicante,Corporate,ICE,UKL2,FOCUS SEGMENT,Standard,9
2025,12,AUDI,03,Alicante,Corporate,PHEV,KKL,FOCUS SEGMENT,Standard,6
2025,12,AUDI,03,Alicante,Corporate,PHEV,MKL,FOCUS SEGMENT,Standard,2
2025,12,AUDI,03,Alicante,Corporate,PHEV,UKL2,FOCUS SEGMENT,Standard,4
2025,12,AUDI,03,Alicante,Private,BEV,UKL2,FOCUS SEGMENT,Standard,4
2025,12,AUDI,03,Alicante,Private,ICE,KKL,FOCUS SEGMENT,Standard,2
2025,12,AUDI,03,Alicante,Private,ICE,UKL1,FOCUS SEGMENT,Standard,12
2025,12,AUDI,03,Alicante,Private,ICE,UKL2,FOCUS SEGMENT,Standard,18
2025,12,AUDI,03,Alicante,Private,PHEV,KKL,FOCUS SEGMENT,Standard,2
2025,12,AUDI,03,Alicante,Private,PHEV,UKL2,FOCUS SEGMENT,Standard,6
2025,12,BAIC,03,Alicante,Corporate,ICE,UKL2,REST,Standard,2
2025,12,BMW,03,Alicante,Corporate,BEV,KKL,FOCUS SEGMENT,Standard,1
2025,12,BMW,03,Alicante,Corporate,BEV,UKL2,FOCUS SEGMENT,Standard,5
2025,12,BMW,03,Alicante,Corporate,ICE,KKL,FOCUS SEGMENT,M Performance,1
2025,12,BMW,03,Alicante,Corporate,ICE,KKL,FOCUS SEGMENT,Standard,9
2025,12,BMW,03,Alicante,Corporate,ICE,MKL,FOCUS SEGMENT,Standard,8
2025,12,BMW,03,Alicante,Corporate,ICE,UKL2,FOCUS SEGMENT,Standard,26
2025,12,BMW,03,Alicante,Corporate,PHEV,GKL,FOCUS SEGMENT,M,2
2025,12,BMW,03,Alicante,Corporate,PHEV,MKL,FOCUS SEGMENT,Standard,1
2025,12,BMW,03,Alicante,Private,BEV,KKL,FOCUS SEGMENT,Standard,1
2025,12,BMW,03,Alicante,Private,BEV,UKL2,FOCUS SEGMENT,Standard,14
2025,12,BMW,03,Alicante,Private,ICE,GKL,FOCUS SEGMENT,Standard,1
2025,12,BMW,03,Alicante,Private,ICE,KKL,FOCUS SEGMENT,Standard,11
2025,12,BMW,03,Alicante,Private,ICE,MKL,FOCUS SEGMENT,Standard,1
2025,12,BMW,03,Alicante,Private,ICE,UKL2,FOCUS SEGMENT,M,1
2025,12,BMW,03,Alicante,Private,ICE,UKL2,FOCUS SEGMENT,M Performance,2
2025,12,BMW,03,Alicante,Private,ICE,UKL2,FOCUS SEGMENT,Standard,35
2025,12,BMW,03,Alicante,Private,PHEV,KKL,FOCUS SEGMENT,Standard,1
2025,12,BMW,03,Alicante,Private,PHEV,UKL2,FOCUS SEGMENT,Standard,7
2025,12,BYD,03,Alicante,Corporate,BEV,KKL,REST,Standard,7
2025,12,BYD,03,Alicante,Corporate,BEV,UKL0,REST,Standard,1
2025,12,BYD,03,Alicante,Corporate,BEV,UKL1,REST,Standard,3
2025,12,BYD,03,Alicante,Corporate,PHEV,KKL,REST,Standard,4
2025,12,BYD,03,Alicante,Private,BEV,KKL,REST,Standard,14
2025,12,BYD,03,Alicante,Private,BEV,UKL0,REST,Standard,18
2025,12,BYD,03,Alicante,Private,BEV,UKL1,REST,Standard,18
2025,12,BYD,03,Alicante,Private,BEV,UKL2,REST,Standard,10
2025,12,BYD,03,Alicante,Private,PHEV,KKL,REST,Standard,20
2025,12,CITROEN,03,Alicante,Corporate,ICE,SKL,REST,Standard,2
2025,12,CITROEN,03,Alicante,Corporate,ICE,UKL1,REST,Standard,1
2025,12,CITROEN,03,Alicante,Corporate,ICE,UKL2,REST,Standard,1
2025,12,CITROEN,03,Alicante,Private,BEV,UKL1,REST,Standard,6
2025,12,CITROEN,03,Alicante,Private,ICE,MKL,REST,Standard,1
2025,12,CITROEN,03,Alicante,Private,ICE,SKL,REST,Standard,10
2025,12,CITROEN,03,Alicante,Private,ICE,UKL1,REST,Standard,29
2025,12,CITROEN,03,Alicante,Private,ICE,UKL2,REST,Standard,11
2025,12,CITROEN,03,Alicante,RAC,ICE,SKL,REST,Standard,12
2025,12,CITROEN,03,Alicante,RAC,ICE,UKL1,REST,Standard,1
2025,12,CUPRA,03,Alicante,Corporate,ICE,UKL2,REST,Standard,12
2025,12,CUPRA,03,Alicante,Corporate,PHEV,UKL2,REST,Standard,13
2025,12,CUPRA,03,Alicante,Private,ICE,UKL2,REST,Standard,23
2025,12,CUPRA,03,Alicante,Private,PHEV,UKL2,REST,Standard,4
2025,12,DACIA,03,Alicante,Corporate,ICE,SKL,REST,Standard,1
2025,12,DACIA,03,Alicante,Corporate,ICE,UKL1,REST,Standard,6
2025,12,DACIA,03,Alicante,Corporate,ICE,UKL2,REST,Standard,2
2025,12,DACIA,03,Alicante,Private,BEV,UKL0,REST,Standard,5
2025,12,DACIA,03,Alicante,Private,ICE,SKL,REST,Standard,47
2025,12,DACIA,03,Alicante,Private,ICE,UKL1,REST,Standard,119
2025,12,DACIA,03,Alicante,Private,ICE,UKL2,REST,Standard,47
2025,12,DACIA,03,Alicante,RAC,ICE,UKL1,REST,Standard,1
2025,12,DFSK,03,Alicante,Private,ICE,,,Standard,3
2025,12,DFSK,03,Alicante,Private,PHEV,KKL,REST,Standard,5
2025,12,EBRO,03,Alicante,Corporate,ICE,UKL2,REST,Standard,1
2025,12,EBRO,03,Alicante,Corporate,PHEV,KKL,REST,Standard,2
2025,12,EBRO,03,Alicante,Corporate,PHEV,UKL2,REST,Standard,3
2025,12,EBRO,03,Alicante,Private,ICE,KKL,REST,Standard,2
2025,12,EBRO,03,Alicante,Private,ICE,UKL2,REST,Standard,35
2025,12,EBRO,03,Alicante,Private,PHEV,KKL,REST,Standard,3
2025,12,EBRO,03,Alicante,Private,PHEV,UKL2,REST,Standard,8
2025,12,EBRO,03,Alicante,RAC,ICE,UKL2,REST,Standard,100
2025,12,EVO,03,Alicante,Corporate,ICE,UKL1,REST,Standard,1
2025,12,EVO,03,Alicante,Private,ICE,UKL1,REST,Standard,2
2025,12,EVO,03,Alicante,Private,ICE,UKL2,REST,Standard,1
2025,12,FIAT,03,Alicante,Private,ICE,UKL0,REST,Standard,1
2025,12,FIAT,03,Alicante,Private,ICE,UKL1,REST,Standard,1
2025,12,FORD,03,Alicante,Corporate,BEV,KKL,REST,Standard,1
2025,12,FORD,03,Alicante,Corporate,BEV,SKL,REST,Standard,1
2025,12,FORD,03,Alicante,Corporate,BEV,UKL1,REST,Standard,3
2025,12,FORD,03,Alicante,Corporate,ICE,SKL,REST,Standard,1
2025,12,FORD,03,Alicante,Corporate,ICE,UKL1,REST,Standard,6
2025,12,FORD,03,Alicante,Corporate,PHEV,UKL2,REST,Standard,2
2025,12,FORD,03,Alicante,Private,BEV,KKL,REST,Standard,1
2025,12,FORD,03,Alicante,Private,BEV,SKL,REST,Standard,3
2025,12,FORD,03,Alicante,Private,BEV,UKL1,REST,Standard,6
2025,12,FORD,03,Alicante,Private,ICE,UKL1,REST,Standard,25
2025,12,FORD,03,Alicante,Private,ICE,UKL2,REST,Standard,4
2025,12,FORD,03,Alicante,Private,PHEV,SKL,REST,Standard,1
2025,12,FORD,03,Alicante,Private,PHEV,UKL2,REST,Standard,14
2025,12,HONDA,03,Alicante,Corporate,BEV,UKL1,REST,Standard,1
2025,12,HONDA,03,Alicante,Corporate,ICE,KKL,REST,Standard,2
2025,12,HONDA,03,Alicante,Private,ICE,UKL1,REST,Standard,4
2025,12,HONDA,03,Alicante,Private,ICE,UKL2,REST,Standard,3
2025,12,HYUNDAI,03,Alicante,Corporate,BEV,UKL1,REST,Standard,2
2025,12,HYUNDAI,03,Alicante,Corporate,BEV,UKL2,REST,Standard,1
2025,12,HYUNDAI,03,Alicante,Corporate,ICE,MKL,REST,Standard,1
2025,12,HYUNDAI,03,Alicante,Corporate,ICE,UKL0,REST,Standard,1
2025,12,HYUNDAI,03,Alicante,Corporate,ICE,UKL1,REST,Standard,12
2025,12,HYUNDAI,03,Alicante,Corporate,ICE,UKL2,REST,Standard,6
2025,12,HYUNDAI,03,Alicante,Corporate,PHEV,UKL2,REST,Standard,1
2025,12,HYUNDAI,03,Alicante,Private,BEV,UKL1,REST,Standard,3
2025,12,HYUNDAI,03,Alicante,Private,BEV,UKL2,REST,Standard,4
2025,12,HYUNDAI,03,Alicante,Private,ICE,UKL0,REST,Standard,21
2025,12,HYUNDAI,03,Alicante,Private,ICE,UKL1,REST,Standard,94
2025,12,HYUNDAI,03,Alicante,Private,ICE,UKL2,REST,Standard,53
2025,12,HYUNDAI,03,Alicante,Private,PHEV,UKL2,REST,Standard,3
2025,12,HYUNDAI,03,Alicante,RAC,ICE,UKL1,REST,Standard,5
2025,12,JAECOO,03,Alicante,Corporate,ICE,UKL2,REST,Standard,1
2025,12,JAECOO,03,Alicante,Corporate,PHEV,UKL2,REST,Standard,3
2025,12,JAECOO,03,Alicante,Private,BEV,UKL1,REST,Standard,1
2025,12,JAECOO,03,Alicante,Private,ICE,UKL2,REST,Standard,19
2025,12,JAECOO,03,Alicante,Private,PHEV,UKL2,REST,Standard,22
2025,12,JEEP,03,Alicante,Private,ICE,UKL1,REST,Standard,7
2025,12,JEEP,03,Alicante,Private,ICE,UKL2,REST,Standard,1
2025,12,JEEP,03,Alicante,Private,PHEV,UKL1,REST,Standard,1
2025,12,KG MOBILITY,03,Alicante,Corporate,BEV,UKL2,REST,Standard,1
2025,12,KG MOBILITY,03,Alicante,Corporate,ICE,MKL,REST,Standard,1
2025,12,KG MOBILITY,03,Alicante,Private,BEV,UKL2,REST,Standard,1
2025,12,KG MOBILITY,03,Alicante,Private,ICE,MKL,REST,Standard,1
2025,12,KG MOBILITY,03,Alicante,Private,ICE,UKL1,REST,Standard,4
2025,12,KIA,03,Alicante,Corporate,BEV,UKL1,REST,Standard,3
2025,12,KIA,03,Alicante,Corporate,ICE,UKL0,REST,Standard,1
2025,12,KIA,03,Alicante,Corporate,ICE,UKL1,REST,Standard,1
2025,12,KIA,03,Alicante,Corporate,ICE,UKL2,REST,Standard,3
2025,12,KIA,03,Alicante,Private,BEV,KKL,REST,Standard,1
2025,12,KIA,03,Alicante,Private,BEV,UKL1,REST,Standard,6
2025,12,KIA,03,Alicante,Private,BEV,UKL2,REST,Standard,4
2025,12,KIA,03,Alicante,Private,ICE,KKL,REST,Standard,1
2025,12,KIA,03,Alicante,Private,ICE,UKL0,REST,Standard,3
2025,12,KIA,03,Alicante,Private,ICE,UKL1,REST,Standard,27
2025,12,KIA,03,Alicante,Private,ICE,UKL2,REST,Standard,62
2025,12,KIA,03,Alicante,Private,PHEV,UKL2,REST,Standard,1
2025,12,LAMBORGHINI,03,Alicante,RAC,ICE,GKL+,FOCUS SEGMENT,Standard,2
2025,12,LAND ROVER,03,Alicante,Corporate,ICE,MKL,FOCUS SEGMENT,Standard,5
2025,12,LAND ROVER,03,Alicante,Private,ICE,MKL,FOCUS SEGMENT,Standard,1
2025,12,LEAPMOTOR,03,Alicante,Corporate,BEV,MKL,REST,Standard,4
2025,12,LEAPMOTOR,03,Alicante,Corporate,BEV,UKL0,REST,Standard,8
2025,12,LEAPMOTOR,03,Alicante,Private,BEV,MKL,REST,Standard,2
2025,12,LEAPMOTOR,03,Alicante,Private,BEV,UKL2,REST,Standard,7
2025,12,LEXUS,03,Alicante,Corporate,PHEV,KKL,FOCUS SEGMENT,Standard,1
2025,12,LEXUS,03,Alicante,Private,ICE,KKL,FOCUS SEGMENT,Standard,3
2025,12,LEXUS,03,Alicante,Private,ICE,MKL,FOCUS SEGMENT,Standard,1
2025,12,LEXUS,03,Alicante,Private,ICE,UKL1,FOCUS SEGMENT,Standard,2
2025,12,LEXUS,03,Alicante,Private,ICE,UKL2,FOCUS SEGMENT,Standard,2
2025,12,LEXUS,03,Alicante,Private,PHEV,KKL,FOCUS SEGMENT,Standard,3
2025,12,LIVAN,03,Alicante,Corporate,ICE,UKL1,REST,Standard,1
2025,12,LIVAN,03,Alicante,Private,ICE,UKL1,REST,Standard,3
2025,12,LOTUS,03,Alicante,Private,BEV,GKL,FOCUS SEGMENT,Standard,1
2025,12,LYNK & CO,03,Alicante,Corporate,PHEV,UKL2,REST,Standard,5
2025,12,LYNK & CO,03,Alicante,Private,BEV,UKL2,REST,Standard,3
2025,12,LYNK & CO,03,Alicante,Private,PHEV,UKL2,REST,Standard,5
2025,12,MAZDA,03,Alicante,Corporate,BEV,MKL,REST,Standard,2
2025,12,MAZDA,03,Alicante,Corporate,ICE,KKL,REST,Standard,2
2025,12,MAZDA,03,Alicante,Corporate,ICE,UKL1,REST,Standard,1
2025,12,MAZDA,03,Alicante,Corporate,ICE,UKL2,REST,Standard,2
2025,12,MAZDA,03,Alicante,Corporate,PHEV,KKL,REST,Standard,1
2025,12,MAZDA,03,Alicante,Private,BEV,MKL,REST,Standard,1
2025,12,MAZDA,03,Alicante,Private,ICE,KKL,REST,Standard,3
2025,12,MAZDA,03,Alicante,Private,ICE,UKL1,REST,Standard,2
2025,12,MAZDA,03,Alicante,Private,ICE,UKL2,REST,Standard,28
2025,12,MERCEDES,03,Alicante,Corporate,BEV,MKL,FOCUS SEGMENT,Standard,3
2025,12,MERCEDES,03,Alicante,Corporate,BEV,MKL,REST,Standard,3
2025,12,MERCEDES,03,Alicante,Corporate,BEV,UKL2,FOCUS SEGMENT,Standard,4
2025,12,MERCEDES,03,Alicante,Corporate,ICE,GKL,FOCUS SEGMENT,M Performance,1
2025,12,MERCEDES,03,Alicante,Corporate,ICE,KKL,FOCUS SEGMENT,M Performance,3
2025,12,MERCEDES,03,Alicante,Corporate,ICE,KKL,FOCUS SEGMENT,Standard,7
2025,12,MERCEDES,03,Alicante,Corporate,ICE,MKL,FOCUS SEGMENT,Standard,2
2025,12,MERCEDES,03,Alicante,Corporate,ICE,MKL,REST,Standard,1
2025,12,MERCEDES,03,Alicante,Corporate,ICE,SKL,REST,Standard,2
2025,12,MERCEDES,03,Alicante,Corporate,ICE,UKL2,FOCUS SEGMENT,Standard,11
2025,12,MERCEDES,03,Alicante,Corporate,PHEV,KKL,FOCUS SEGMENT,Standard,6
2025,12,MERCEDES,03,Alicante,Corporate,PHEV,MKL,FOCUS SEGMENT,Standard,1
2025,12,MERCEDES,03,Alicante,Corporate,PHEV,UKL2,FOCUS SEGMENT,Standard,5
2025,12,MERCEDES,03,Alicante,Private,BEV,MKL,FOCUS SEGMENT,Standard,1
2025,12,MERCEDES,03,Alicante,Private,BEV,UKL2,FOCUS SEGMENT,Standard,3
2025,12,MERCEDES,03,Alicante,Private,ICE,GKL,FOCUS SEGMENT,Standard,2
2025,12,MERCEDES,03,Alicante,Private,ICE,KKL,FOCUS SEGMENT,Standard,12
2025,12,MERCEDES,03,Alicante,Private,ICE,MKL,FOCUS SEGMENT,Standard,5
2025,12,MERCEDES,03,Alicante,Private,ICE,MKL,REST,Standard,1
2025,12,MERCEDES,03,Alicante,Private,ICE,UKL2,FOCUS SEGMENT,Standard,29
2025,12,MERCEDES,03,Alicante,Private,PHEV,KKL,FOCUS SEGMENT,Standard,8
2025,12,MERCEDES,03,Alicante,Private,PHEV,MKL,FOCUS SEGMENT,Standard,3
2025,12,MERCEDES,03,Alicante,Private,PHEV,UKL2,FOCUS SEGMENT,Standard,8
2025,12,MERCEDES,03,Alicante,RAC,ICE,MKL,FOCUS SEGMENT,Standard,1
2025,12,MG,03,Alicante,Corporate,BEV,KKL,REST,Standard,1
2025,12,MG,03,Alicante,Corporate,ICE,KKL,REST,Standard,1
2025,12,MG,03,Alicante,Corporate,ICE,UKL1,REST,Standard,2
2025,12,MG,03,Alicante,Private,BEV,KKL,REST,Standard,1
2025,12,MG,03,Alicante,Private,BEV,UKL2,REST,Standard,4
2025,12,MG,03,Alicante,Private,ICE,KKL,REST,Standard,5
2025,12,MG,03,Alicante,Private,ICE,UKL1,REST,Standard,105
2025,12,MG,03,Alicante,Private,PHEV,KKL,REST,Standard,33
2025,12,MINI,03,Alicante,Corporate,BEV,UKL1,FOCUS SEGMENT,Standard,4
2025,12,MINI,03,Alicante,Corporate,ICE,UKL1,FOCUS SEGMENT,Standard,4
2025,12,MINI,03,Alicante,Corporate,ICE,UKL2,FOCUS SEGMENT,JCW,1
2025,12,MINI,03,Alicante,Private,BEV,UKL1,FOCUS SEGMENT,JCW,2
2025,12,MINI,03,Alicante,Private,BEV,UKL1,FOCUS SEGMENT,Standard,9
2025,12,MINI,03,Alicante,Private,BEV,UKL2,FOCUS SEGMENT,Standard,4
2025,12,MINI,03,Alicante,Private,ICE,UKL1,FOCUS SEGMENT,Standard,4
2025,12,MINI,03,Alicante,Private,ICE,UKL2,FOCUS SEGMENT,Standard,5
2025,12,MITSUBISHI,03,Alicante,Corporate,BEV,UKL2,REST,Standard,1
2025,12,MITSUBISHI,03,Alicante,Corporate,ICE,UKL1,REST,Standard,4
2025,12,MITSUBISHI,03,Alicante,Private,ICE,UKL1,REST,Standard,6
2025,12,MITSUBISHI,03,Alicante,Private,ICE,UKL2,REST,Standard,6
2025,12,NISSAN,03,Alicante,Corporate,BEV,UKL1,REST,Standard,2
2025,12,NISSAN,03,Alicante,Corporate,ICE,UKL1,REST,Standard,2
2025,12,NISSAN,03,Alicante,Corporate,ICE,UKL2,REST,Standard,2
2025,12,NISSAN,03,Alicante,Private,ICE,KKL,REST,Standard,5
2025,12,NISSAN,03,Alicante,Private,ICE,SKL,REST,Standard,4
2025,12,NISSAN,03,Alicante,Private,ICE,UKL1,REST,Standard,14
2025,12,NISSAN,03,Alicante,Private,ICE,UKL2,REST,Standard,39
2025,12,NISSAN,03,Alicante,RAC,ICE,KKL,REST,Standard,10
2025,12,OMODA,03,Alicante,Corporate,BEV,UKL2,REST,Standard,2
2025,12,OMODA,03,Alicante,Corporate,ICE,UKL2,REST,Standard,5
2025,12,OMODA,03,Alicante,Corporate,PHEV,KKL,REST,Standard,7
2025,12,OMODA,03,Alicante,Private,BEV,UKL2,REST,Standard,3
2025,12,OMODA,03,Alicante,Private,ICE,UKL2,REST,Standard,53
2025,12,OMODA,03,Alicante,Private,PHEV,KKL,REST,Standard,9
2025,12,OPEL,03,Alicante,Corporate,BEV,KKL,REST,Standard,1
2025,12,OPEL,03,Alicante,Corporate,BEV,SKL,REST,Standard,1
2025,12,OPEL,03,Alicante,Corporate,ICE,SKL,REST,Standard,4
2025,12,OPEL,03,Alicante,Corporate,ICE,UKL1,REST,Standard,10
2025,12,OPEL,03,Alicante,Corporate,ICE,UKL2,REST,Standard,2
2025,12,OPEL,03,Alicante,Private,BEV,KKL,REST,Standard,1
2025,12,OPEL,03,Alicante,Private,BEV,UKL2,REST,Standard,1
2025,12,OPEL,03,Alicante,Private,ICE,KKL,REST,Standard,8
2025,12,OPEL,03,Alicante,Private,ICE,SKL,REST,Standard,3
2025,12,OPEL,03,Alicante,Private,ICE,UKL1,REST,Standard,28
2025,12,OPEL,03,Alicante,Private,ICE,UKL2,REST,Standard,4
2025,12,OPEL,03,Alicante,RAC,ICE,UKL1,REST,Standard,19
2025,12,PEUGEOT,03,Alicante,Corporate,ICE,KKL,REST,Standard,9
2025,12,PEUGEOT,03,Alicante,Corporate,ICE,UKL1,REST,Standard,8
2025,12,PEUGEOT,03,Alicante,Corporate,ICE,UKL2,REST,Standard,9
2025,12,PEUGEOT,03,Alicante,Private,BEV,UKL1,REST,Standard,1
2025,12,PEUGEOT,03,Alicante,Private,BEV,UKL2,REST,Standard,1
2025,12,PEUGEOT,03,Alicante,Private,ICE,KKL,REST,Standard,5
2025,12,PEUGEOT,03,Alicante,Private,ICE,SKL,REST,Standard,5
2025,12,PEUGEOT,03,Alicante,Private,ICE,UKL1,REST,Standard,35
2025,12,PEUGEOT,03,Alicante,Private,ICE,UKL2,REST,Standard,9
2025,12,PEUGEOT,03,Alicante,Private,PHEV,KKL,REST,Standard,1
2025,12,PEUGEOT,03,Alicante,Private,PHEV,UKL2,REST,Standard,2
2025,12,PORSCHE,03,Alicante,Corporate,BEV,GKL,FOCUS SEGMENT,M Performance,1
2025,12,PORSCHE,03,Alicante,Corporate,BEV,KKL,FOCUS SEGMENT,M Performance,1
2025,12,PORSCHE,03,Alicante,Corporate,ICE,GKL,FOCUS SEGMENT,Standard,1
2025,12,PORSCHE,03,Alicante,Corporate,PHEV,MKL,FOCUS SEGMENT,Standard,1
2025,12,PORSCHE,03,Alicante,Private,BEV,KKL,FOCUS SEGMENT,Standard,1
2025,12,PORSCHE,03,Alicante,Private,ICE,GKL,FOCUS SEGMENT,Standard,1
2025,12,RENAULT,03,Alicante,Corporate,ICE,SKL,REST,Standard,1
2025,12,RENAULT,03,Alicante,Corporate,ICE,UKL1,REST,Standard,48
2025,12,RENAULT,03,Alicante,Corporate,ICE,UKL2,REST,Standard,3
2025,12,RENAULT,03,Alicante,Corporate,PHEV,UKL2,REST,Standard,3
2025,12,RENAULT,03,Alicante,Private,BEV,UKL1,REST,Standard,7
2025,12,RENAULT,03,Alicante,Private,ICE,KKL,REST,Standard,4
2025,12,RENAULT,03,Alicante,Private,ICE,SKL,REST,Standard,3
2025,12,RENAULT,03,Alicante,Private,ICE,UKL1,REST,Standard,118
2025,12,RENAULT,03,Alicante,Private,ICE,UKL2,REST,Standard,41
2025,12,RENAULT,03,Alicante,Private,PHEV,UKL2,REST,Standard,14
2025,12,RENAULT,03,Alicante,RAC,ICE,UKL1,REST,Standard,200
2025,12,SEAT,03,Alicante,Corporate,ICE,UKL1,REST,Standard,10
2025,12,SEAT,03,Alicante,Corporate,ICE,UKL2,REST,Standard,4
2025,12,SEAT,03,Alicante,Corporate,PHEV,UKL2,REST,Standard,8
2025,12,SEAT,03,Alicante,Private,ICE,UKL1,REST,Standard,84
2025,12,SEAT,03,Alicante,Private,ICE,UKL2,REST,Standard,34
2025,12,SEAT,03,Alicante,Private,PHEV,UKL2,REST,Standard,2
2025,12,SHINERAY,03,Alicante,Corporate,ICE,MKL,REST,Standard,1
2025,12,SHINERAY,03,Alicante,Private,ICE,MKL,REST,Standard,7
2025,12,SKODA,03,Alicante,Corporate,BEV,UKL2,REST,Standard,3
2025,12,SKODA,03,Alicante,Corporate,ICE,KKL,REST,Standard,1
2025,12,SKODA,03,Alicante,Corporate,ICE,UKL1,REST,Standard,5
2025,12,SKODA,03,Alicante,Corporate,ICE,UKL2,REST,Standard,4
2025,12,SKODA,03,Alicante,Corporate,PHEV,KKL,REST,Standard,1
2025,12,SKODA,03,Alicante,Private,BEV,UKL2,REST,Standard,5
2025,12,SKODA,03,Alicante,Private,ICE,UKL1,REST,Standard,33
2025,12,SKODA,03,Alicante,Private,ICE,UKL2,REST,Standard,19
2025,12,SKODA,03,Alicante,Private,PHEV,KKL,REST,Standard,4
2025,12,SKODA,03,Alicante,RAC,ICE,UKL1,REST,Standard,3
2025,12,SKODA,03,Alicante,RAC,ICE,UKL2,REST,Standard,3
2025,12,SUBARU,03,Alicante,Corporate,ICE,KKL,REST,Standard,1
2025,12,SUBARU,03,Alicante,Private,ICE,KKL,REST,Standard,4
2025,12,SUZUKI,03,Alicante,Private,ICE,UKL1,REST,Standard,19
2025,12,SUZUKI,03,Alicante,Private,ICE,UKL2,REST,Standard,18
2025,12,TESLA,03,Alicante,Corporate,BEV,KKL,FOCUS SEGMENT,Standard,26
2025,12,TESLA,03,Alicante,Private,BEV,KKL,FOCUS SEGMENT,Standard,64
2025,12,TOYOTA,03,Alicante,Corporate,BEV,UKL2,REST,Standard,2
2025,12,TOYOTA,03,Alicante,Corporate,ICE,SKL,REST,Standard,5
2025,12,TOYOTA,03,Alicante,Corporate,ICE,UKL1,REST,Standard,4
2025,12,TOYOTA,03,Alicante,Corporate,ICE,UKL2,REST,Standard,5
2025,12,TOYOTA,03,Alicante,Corporate,PHEV,UKL1,REST,Standard,2
2025,12,TOYOTA,03,Alicante,Corporate,PHEV,UKL2,REST,Standard,1
2025,12,TOYOTA,03,Alicante,Private,BEV,,REST,Standard,1
2025,12,TOYOTA,03,Alicante,Private,BEV,SKL,REST,Standard,1
2025,12,TOYOTA,03,Alicante,Private,ICE,GKL,REST,Standard,1
2025,12,TOYOTA,03,Alicante,Private,ICE,UKL0,REST,Standard,2
2025,12,TOYOTA,03,Alicante,Private,ICE,UKL1,REST,Standard,97
2025,12,TOYOTA,03,Alicante,Private,ICE,UKL2,REST,Standard,44
2025,12,TOYOTA,03,Alicante,Private,PHEV,UKL1,REST,Standard,13
2025,12,TOYOTA,03,Alicante,Private,PHEV,UKL2,REST,Standard,12
2025,12,TOYOTA,03,Alicante,RAC,ICE,UKL1,REST,Standard,3
2025,12,VOLKSWAGEN,03,Alicante,Corporate,ICE,UKL1,REST,Standard,9
2025,12,VOLKSWAGEN,03,Alicante,Corporate,ICE,UKL2,REST,Standard,14
2025,12,VOLKSWAGEN,03,Alicante,Corporate,PHEV,SKL,REST,Standard,4
2025,12,VOLKSWAGEN,03,Alicante,Corporate,PHEV,UKL2,REST,Standard,1
2025,12,VOLKSWAGEN,03,Alicante,Private,BEV,MKL,REST,Standard,1
2025,12,VOLKSWAGEN,03,Alicante,Private,BEV,SKL,REST,Standard,2
2025,12,VOLKSWAGEN,03,Alicante,Private,BEV,UKL2,REST,Standard,9
2025,12,VOLKSWAGEN,03,Alicante,Private,ICE,SKL,REST,Standard,5
2025,12,VOLKSWAGEN,03,Alicante,Private,ICE,UKL1,REST,Standard,105
2025,12,VOLKSWAGEN,03,Alicante,Private,ICE,UKL2,REST,Standard,70
2025,12,VOLKSWAGEN,03,Alicante,Private,PHEV,SKL,REST,Standard,10
2025,12,VOLKSWAGEN,03,Alicante,Private,PHEV,UKL2,REST,Standard,13
2025,12,VOLVO,03,Alicante,Corporate,ICE,KKL,FOCUS SEGMENT,Standard,1
2025,12,VOLVO,03,Alicante,Corporate,ICE,UKL2,FOCUS SEGMENT,Standard,15
2025,12,VOLVO,03,Alicante,Private,BEV,UKL1,FOCUS SEGMENT,Standard,3
2025,12,VOLVO,03,Alicante,Private,ICE,KKL,FOCUS SEGMENT,Standard,1
2025,12,VOLVO,03,Alicante,Private,ICE,UKL2,FOCUS SEGMENT,Standard,5
2025,12,VOLVO,03,Alicante,Private,PHEV,MKL,FOCUS SEGMENT,Standard,1
2025,12,VOYAH,03,Alicante,Private,BEV,KKL,REST,Standard,1
2025,12,XPENG,03,Alicante,Private,BEV,KKL,FOCUS SEGMENT,Standard,1
2025,12,ALFA ROMEO,04,Almería,Private,ICE,KKL,REST,Standard,1
2025,12,ALFA ROMEO,04,Almería,Private,ICE,UKL1,REST,Standard,1
2025,12,AUDI,04,Almería,Corporate,BEV,KKL,FOCUS SEGMENT,Standard,2
2025,12,AUDI,04,Almería,Corporate,ICE,MKL,FOCUS SEGMENT,M,1
2025,12,AUDI,04,Almería,Corporate,ICE,MKL,FOCUS SEGMENT,Standard,1
2025,12,AUDI,04,Almería,Corporate,ICE,UKL1,FOCUS SEGMENT,Standard,3
2025,12,AUDI,04,Almería,Corporate,ICE,UKL2,FOCUS SEGMENT,Standard,3
2025,12,AUDI,04,Almería,Corporate,PHEV,KKL,FOCUS SEGMENT,Standard,3
2025,12,AUDI,04,Almería,Corporate,PHEV,MKL,FOCUS SEGMENT,Standard,1
2025,12,AUDI,04,Almería,Private,ICE,KKL,FOCUS SEGMENT,Standard,1
2025,12,AUDI,04,Almería,Private,ICE,UKL1,FOCUS SEGMENT,Standard,3
2025,12,AUDI,04,Almería,Private,ICE,UKL2,FOCUS SEGMENT,Standard,5
2025,12,AUDI,04,Almería,Private,PHEV,KKL,FOCUS SEGMENT,Standard,5
2025,12,AUDI,04,Almería,Private,PHEV,UKL2,FOCUS SEGMENT,Standard,2
2025,12,BAIC,04,Almería,Private,ICE,UKL2,REST,Standard,1
2025,12,BMW,04,Almería,Corporate,ICE,KKL,FOCUS SEGMENT,Standard,3
2025,12,BMW,04,Almería,Corporate,ICE,MKL,FOCUS SEGMENT,Standard,3
2025,12,BMW,04,Almería,Corporate,ICE,UKL2,FOCUS SEGMENT,Standard,5
2025,12,BMW,04,Almería,Private,BEV,KKL,FOCUS SEGMENT,Standard,1
2025,12,BMW,04,Almería,Private,BEV,UKL2,FOCUS SEGMENT,Standard,3
2025,12,BMW,04,Almería,Private,ICE,KKL,FOCUS SEGMENT,M Performance,1
2025,12,BMW,04,Almería,Private,ICE,KKL,FOCUS SEGMENT,Standard,3
2025,12,BMW,04,Almería,Private,ICE,MKL,FOCUS SEGMENT,M,1
2025,12,BMW,04,Almería,Private,ICE,MKL,FOCUS SEGMENT,Standard,2
2025,12,BMW,04,Almería,Private,ICE,UKL2,FOCUS SEGMENT,M,1
2025,12,BMW,04,Almería,Private,ICE,UKL2,FOCUS SEGMENT,Standard,19
2025,12,BMW,04,Almería,Private,PHEV,GKL,FOCUS SEGMENT,M,1
2025,12,BMW,04,Almería,Private,PHEV,KKL,FOCUS SEGMENT,Standard,2
2025,12,BMW,04,Almería,Private,PHEV,UKL2,FOCUS SEGMENT,Standard,3
2025,12,BYD,04,Almería,Corporate,BEV,KKL,REST,Standard,1
2025,12,BYD,04,Almería,Corporate,BEV,UKL0,REST,Standard,3
2025,12,BYD,04,Almería,Corporate,BEV,UKL1,REST,Standard,8
2025,12,BYD,04,Almería,Corporate,BEV,UKL2,REST,Standard,3
2025,12,BYD,04,Almería,Corporate,PHEV,KKL,REST,Standard,2
2025,12,BYD,04,Almería,Private,BEV,KKL,REST,Standard,2
2025,12,BYD,04,Almería,Private,BEV,UKL0,REST,Standard,1
2025,12,BYD,04,Almería,Private,BEV,UKL1,REST,Standard,6
2025,12,BYD,04,Almería,Private,BEV,UKL2,REST,Standard,1
2025,12,BYD,04,Almería,Private,PHEV,KKL,REST,Standard,6
2025,12,CITROEN,04,Almería,Corporate,BEV,SKL,REST,Standard,1
2025,12,CITROEN,04,Almería,Corporate,ICE,UKL2,REST,Standard,1
2025,12,CITROEN,04,Almería,Private,ICE,SKL,REST,Standard,6
2025,12,CITROEN,04,Almería,Private,ICE,UKL1,REST,Standard,6
2025,12,CITROEN,04,Almería,Private,ICE,UKL2,REST,Standard,7
2025,12,CUPRA,04,Almería,Corporate,ICE,UKL2,REST,Standard,7
2025,12,CUPRA,04,Almería,Corporate,PHEV,UKL2,REST,Standard,4
2025,12,CUPRA,04,Almería,Private,ICE,UKL2,REST,Standard,3
2025,12,CUPRA,04,Almería,Private,PHEV,UKL2,REST,Standard,2
2025,12,DACIA,04,Almería,Corporate,ICE,SKL,REST,Standard,1
2025,12,DACIA,04,Almería,Corporate,ICE,UKL1,REST,Standard,1
2025,12,DACIA,04,Almería,Corporate,ICE,UKL2,REST,Standard,4
2025,12,DACIA,04,Almería,Private,ICE,SKL,REST,Standard,10
2025,12,DACIA,04,Almería,Private,ICE,UKL1,REST,Standard,38
2025,12,DACIA,04,Almería,Private,ICE,UKL2,REST,Standard,15
2025,12,EBRO,04,Almería,Corporate,ICE,UKL2,REST,Standard,2
2025,12,EBRO,04,Almería,Private,ICE,KKL,REST,Standard,3
2025,12,EBRO,04,Almería,Private,ICE,UKL2,REST,Standard,15
2025,12,EBRO,04,Almería,Private,PHEV,KKL,REST,Standard,2
2025,12,EBRO,04,Almería,Private,PHEV,UKL2,REST,Standard,3
2025,12,FIAT,04,Almería,RAC,ICE,UKL0,REST,Standard,2
2025,12,FORD,04,Almería,Corporate,BEV,SKL,REST,Standard,2
2025,12,FORD,04,Almería,Corporate,PHEV,UKL2,REST,Standard,1
2025,12,FORD,04,Almería,Private,ICE,MKL,REST,Standard,1
2025,12,FORD,04,Almería,Private,ICE,UKL1,REST,Standard,7
2025,12,FORD,04,Almería,Private,PHEV,SKL,REST,Standard,1
2025,12,HONDA,04,Almería,Private,ICE,UKL2,REST,Standard,4
2025,12,HYUNDAI,04,Almería,Corporate,ICE,UKL1,REST,Standard,4
2025,12,HYUNDAI,04,Almería,Corporate,ICE,UKL2,REST,Standard,4
2025,12,HYUNDAI,04,Almería,Corporate,PHEV,UKL2,REST,Standard,1
2025,12,HYUNDAI,04,Almería,Private,BEV,UKL1,REST,Standard,1
2025,12,HYUNDAI,04,Almería,Private,ICE,UKL0,REST,Standard,1
2025,12,HYUNDAI,04,Almería,Private,ICE,UKL1,REST,Standard,7
2025,12,HYUNDAI,04,Almería,Private,ICE,UKL2,REST,Standard,11
2025,12,HYUNDAI,04,Almería,Private,PHEV,UKL2,REST,Standard,1
2025,12,JAECOO,04,Almería,Private,ICE,UKL2,REST,Standard,4
2025,12,JAECOO,04,Almería,Private,PHEV,UKL2,REST,Standard,2
2025,12,JEEP,04,Almería,Corporate,ICE,UKL1,REST,Standard,2
2025,12,JEEP,04,Almería,Corporate,PHEV,UKL2,REST,Standard,1
2025,12,JEEP,04,Almería,Private,ICE,UKL1,REST,Standard,2
2025,12,KG MOBILITY,04,Almería,Corporate,ICE,UKL1,REST,Standard,1
2025,12,KG MOBILITY,04,Almería,Private,ICE,MKL,REST,Standard,1
2025,12,KG MOBILITY,04,Almería,Private,ICE,UKL2,REST,Standard,1
2025,12,KIA,04,Almería,Corporate,BEV,UKL1,REST,Standard,4
2025,12,KIA,04,Almería,Corporate,ICE,UKL1,REST,Standard,2
2025,12,KIA,04,Almería,Corporate,ICE,UKL2,REST,Standard,2
2025,12,KIA,04,Almería,Private,BEV,UKL1,REST,Standard,1
2025,12,KIA,04,Almería,Private,ICE,UKL0,REST,Standard,1
2025,12,KIA,04,Almería,Private,ICE,UKL1,REST,Standard,6
2025,12,KIA,04,Almería,Private,ICE,UKL2,REST,Standard,25
2025,12,LEAPMOTOR,04,Almería,Private,BEV,MKL,REST,Standard,2
2025,12,LEAPMOTOR,04,Almería,Private,BEV,UKL2,REST,Standard,1
2025,12,LEXUS,04,Almería,Private,ICE,UKL2,FOCUS SEGMENT,Standard,1
2025,12,MAZDA,04,Almería,Corporate,ICE,KKL,REST,Standard,2
2025,12,MAZDA,04,Almería,Corporate,ICE,UKL2,REST,Standard,7
2025,12,MAZDA,04,Almería,Corporate,PHEV,KKL,REST,Standard,1
2025,12,MAZDA,04,Almería,Private,ICE,KKL,REST,Standard,2
2025,12,MAZDA,04,Almería,Private,ICE,UKL1,REST,Standard,5
2025,12,MAZDA,04,Almería,Private,ICE,UKL2,REST,Standard,15
2025,12,MAZDA,04,Almería,Private,PHEV,KKL,REST,Standard,1
2025,12,MERCEDES,04,Almería,Corporate,BEV,UKL2,FOCUS SEGMENT,Standard,1
2025,12,MERCEDES,04,Almería,Corporate,ICE,KKL,FOCUS SEGMENT,Standard,5
2025,12,MERCEDES,04,Almería,Corporate,ICE,MKL,FOCUS SEGMENT,Standard,2
2025,12,MERCEDES,04,Almería,Corporate,ICE,MKL,REST,Standard,5
2025,12,MERCEDES,04,Almería,Corporate,ICE,SKL,REST,Standard,3
2025,12,MERCEDES,04,Almería,Corporate,ICE,UKL2,FOCUS SEGMENT,Standard,8
2025,12,MERCEDES,04,Almería,Corporate,PHEV,KKL,FOCUS SEGMENT,Standard,8
2025,12,MERCEDES,04,Almería,Corporate,PHEV,MKL,FOCUS SEGMENT,Standard,1
2025,12,MERCEDES,04,Almería,Private,BEV,MKL,FOCUS SEGMENT,Standard,1
2025,12,MERCEDES,04,Almería,Private,BEV,UKL2,FOCUS SEGMENT,Standard,1
2025,12,MERCEDES,04,Almería,Private,ICE,GKL,FOCUS SEGMENT,M Performance,1
2025,12,MERCEDES,04,Almería,Private,ICE,KKL,FOCUS SEGMENT,M Performance,1
2025,12,MERCEDES,04,Almería,Private,ICE,KKL,FOCUS SEGMENT,Standard,3
2025,12,MERCEDES,04,Almería,Private,ICE,MKL,REST,Standard,2
2025,12,MERCEDES,04,Almería,Private,ICE,UKL2,FOCUS SEGMENT,Standard,5
2025,12,MERCEDES,04,Almería,Private,PHEV,KKL,FOCUS SEGMENT,Standard,5
2025,12,MERCEDES,04,Almería,Private,PHEV,UKL2,FOCUS SEGMENT,Standard,5
2025,12,MG,04,Almería,Corporate,BEV,UKL1,REST,Standard,1
2025,12,MG,04,Almería,Corporate,ICE,UKL1,REST,Standard,4
2025,12,MG,04,Almería,Private,ICE,KKL,REST,Standard,1
2025,12,MG,04,Almería,Private,ICE,UKL1,REST,Standard,23
2025,12,MG,04,Almería,Private,PHEV,KKL,REST,Standard,7
2025,12,MINI,04,Almería,Corporate,BEV,UKL1,FOCUS SEGMENT,Standard,1
2025,12,MINI,04,Almería,Corporate,BEV,UKL2,FOCUS SEGMENT,Standard,1
2025,12,MINI,04,Almería,Corporate,ICE,UKL1,FOCUS SEGMENT,Standard,1
2025,12,MINI,04,Almería,Corporate,ICE,UKL2,FOCUS SEGMENT,Standard,2
2025,12,MINI,04,Almería,Private,BEV,UKL1,FOCUS SEGMENT,Standard,2
2025,12,MINI,04,Almería,Private,BEV,UKL2,FOCUS SEGMENT,Standard,1
2025,12,MITSUBISHI,04,Almería,Corporate,BEV,UKL2,REST,Standard,1
2025,12,MITSUBISHI,04,Almería,Corporate,ICE,UKL1,REST,Standard,1
2025,12,MITSUBISHI,04,Almería,Private,ICE,UKL1,REST,Standard,2
2025,12,MITSUBISHI,04,Almería,Private,ICE,UKL2,REST,Standard,4
2025,12,MITSUBISHI,04,Almería,Private,PHEV,KKL,REST,Standard,1
2025,12,NISSAN,04,Almería,Corporate,BEV,UKL1,REST,Standard,1
2025,12,NISSAN,04,Almería,Corporate,BEV,UKL2,REST,Standard,1
2025,12,NISSAN,04,Almería,Corporate,ICE,KKL,REST,Standard,2
2025,12,NISSAN,04,Almería,Corporate,ICE,UKL1,REST,Standard,2
2025,12,NISSAN,04,Almería,Private,ICE,KKL,REST,Standard,2
2025,12,NISSAN,04,Almería,Private,ICE,SKL,REST,Standard,2
2025,12,NISSAN,04,Almería,Private,ICE,UKL1,REST,Standard,6
2025,12,NISSAN,04,Almería,Private,ICE,UKL2,REST,Standard,9
2025,12,OMODA,04,Almería,Corporate,ICE,UKL2,REST,Standard,1
2025,12,OMODA,04,Almería,Corporate,PHEV,KKL,REST,Standard,2
2025,12,OMODA,04,Almería,Private,BEV,UKL2,REST,Standard,2
2025,12,OMODA,04,Almería,Private,ICE,UKL2,REST,Standard,7
2025,12,OMODA,04,Almería,Private,PHEV,KKL,REST,Standard,6
2025,12,OPEL,04,Almería,Private,ICE,UKL1,REST,Standard,2
2025,12,OPEL,04,Almería,Private,ICE,UKL2,REST,Standard,1
2025,12,PEUGEOT,04,Almería,Corporate,BEV,UKL2,REST,Standard,1
2025,12,PEUGEOT,04,Almería,Private,BEV,UKL2,REST,Standard,1
2025,12,PEUGEOT,04,Almería,Private,ICE,KKL,REST,Standard,2
2025,12,PEUGEOT,04,Almería,Private,ICE,SKL,REST,Standard,5
2025,12,PEUGEOT,04,Almería,Private,ICE,UKL1,REST,Standard,10
2025,12,PEUGEOT,04,Almería,Private,ICE,UKL2,REST,Standard,6
2025,12,PORSCHE,04,Almería,Corporate,BEV,KKL,FOCUS SEGMENT,Standard,1
2025,12,PORSCHE,04,Almería,Corporate,PHEV,MKL,FOCUS SEGMENT,Standard,1
2025,12,RENAULT,04,Almería,Corporate,ICE,UKL1,REST,Standard,7
2025,12,RENAULT,04,Almería,Corporate,ICE,UKL2,REST,Standard,2
2025,12,RENAULT,04,Almería,Private,ICE,UKL1,REST,Standard,37
2025,12,RENAULT,04,Almería,Private,ICE,UKL2,REST,Standard,11
2025,12,RENAULT,04,Almería,Private,PHEV,UKL2,REST,Standard,3
2025,12,SEAT,04,Almería,Corporate,ICE,UKL1,REST,Standard,2
2025,12,SEAT,04,Almería,Corporate,ICE,UKL2,REST,Standard,5
2025,12,SEAT,04,Almería,Corporate,PHEV,UKL2,REST,Standard,1
2025,12,SEAT,04,Almería,Private,ICE,UKL1,REST,Standard,25
2025,12,SEAT,04,Almería,Private,ICE,UKL2,REST,Standard,12
2025,12,SEAT,04,Almería,Private,PHEV,UKL2,REST,Standard,2
2025,12,SHINERAY,04,Almería,Private,PHEV,MKL,REST,Standard,1
2025,12,SKODA,04,Almería,Corporate,BEV,UKL2,REST,Standard,4
2025,12,SKODA,04,Almería,Corporate,ICE,UKL1,REST,Standard,1
2025,12,SKODA,04,Almería,Corporate,ICE,UKL2,REST,Standard,4
2025,12,SKODA,04,Almería,Corporate,PHEV,KKL,REST,Standard,1
2025,12,SKODA,04,Almería,Private,BEV,UKL2,REST,Standard,2
2025,12,SKODA,04,Almería,Private,ICE,UKL1,REST,Standard,10
2025,12,SKODA,04,Almería,Private,ICE,UKL2,REST,Standard,8
2025,12,SUZUKI,04,Almería,Corporate,ICE,UKL1,REST,Standard,1
2025,12,SUZUKI,04,Almería,Private,ICE,UKL2,REST,Standard,2
2025,12,TESLA,04,Almería,Corporate,BEV,KKL,FOCUS SEGMENT,Standard,2
2025,12,TESLA,04,Almería,Private,BEV,KKL,FOCUS SEGMENT,Standard,8
2025,12,TOYOTA,04,Almería,Corporate,ICE,SKL,REST,Standard,6
2025,12,TOYOTA,04,Almería,Corporate,ICE,UKL1,REST,Standard,1
2025,12,TOYOTA,04,Almería,Corporate,ICE,UKL2,REST,Standard,3
2025,12,TOYOTA,04,Almería,Corporate,PHEV,UKL1,REST,Standard,1
2025,12,TOYOTA,04,Almería,Corporate,PHEV,UKL2,REST,Standard,2
2025,12,TOYOTA,04,Almería,Private,BEV,SKL,REST,Standard,1
2025,12,TOYOTA,04,Almería,Private,BEV,UKL2,REST,Standard,1
2025,12,TOYOTA,04,Almería,Private,ICE,SKL,REST,Standard,1
2025,12,TOYOTA,04,Almería,Private,ICE,UKL0,REST,Standard,1
2025,12,TOYOTA,04,Almería,Private,ICE,UKL1,REST,Standard,34
2025,12,TOYOTA,04,Almería,Private,ICE,UKL2,REST,Standard,23
2025,12,TOYOTA,04,Almería,Private,PHEV,UKL1,REST,Standard,10
2025,12,TOYOTA,04,Almería,Private,PHEV,UKL2,REST,Standard,17
2025,12,VOLKSWAGEN,04,Almería,Corporate,BEV,UKL2,REST,Standard,1
2025,12,VOLKSWAGEN,04,Almería,Corporate,ICE,UKL1,REST,Standard,3
2025,12,VOLKSWAGEN,04,Almería,Corporate,ICE,UKL2,REST,Standard,1
2025,12,VOLKSWAGEN,04,Almería,Private,BEV,SKL,REST,Standard,1
2025,12,VOLKSWAGEN,04,Almería,Private,BEV,UKL2,REST,Standard,1
2025,12,VOLKSWAGEN,04,Almería,Private,ICE,KKL,REST,Standard,1
2025,12,VOLKSWAGEN,04,Almería,Private,ICE,MKL,REST,Standard,1
2025,12,VOLKSWAGEN,04,Almería,Private,ICE,SKL,REST,Standard,1
2025,12,VOLKSWAGEN,04,Almería,Private,ICE,UKL1,REST,Standard,17
2025,12,VOLKSWAGEN,04,Almería,Private,ICE,UKL2,REST,Standard,17
2025,12,VOLKSWAGEN,04,Almería,Private,PHEV,UKL2,REST,Standard,5
2025,12,VOLVO,04,Almería,Corporate,BEV,UKL1,FOCUS SEGMENT,Standard,1
2025,12,VOLVO,04,Almería,Corporate,ICE,KKL,FOCUS SEGMENT,Standard,2
2025,12,VOLVO,04,Almería,Corporate,ICE,UKL2,FOCUS SEGMENT,Standard,2
2025,12,VOLVO,04,Almería,Corporate,PHEV,KKL,FOCUS SEGMENT,Standard,1
2025,12,VOLVO,04,Almería,Private,ICE,KKL,FOCUS SEGMENT,Standard,8
2025,12,VOLVO,04,Almería,Private,ICE,UKL2,FOCUS SEGMENT,Standard,5
2025,12,XPENG,04,Almería,Private,BEV,KKL,FOCUS SEGMENT,Standard,1
2025,12,AUDI,05,Ávila,Private,ICE,KKL,FOCUS SEGMENT,Standard,1
2025,12,AUDI,05,Ávila,Private,ICE,UKL2,FOCUS SEGMENT,M,1
2025,12,AUDI,05,Ávila,Private,ICE,UKL2,FOCUS SEGMENT,Standard,1
2025,12,BMW,05,Ávila,Private,ICE,MKL,FOCUS SEGMENT,Standard,1
2025,12,BMW,05,Ávila,Private,ICE,UKL2,FOCUS SEGMENT,Standard,3
2025,12,BMW,05,Ávila,Private,PHEV,UKL2,FOCUS SEGMENT,Standard,1
2025,12,BYD,05,Ávila,Corporate,PHEV,KKL,REST,Standard,3
2025,12,BYD,05,Ávila,Private,BEV,KKL,REST,Standard,3
2025,12,BYD,05,Ávila,Private,BEV,UKL0,REST,Standard,1
2025,12,BYD,05,Ávila,Private,PHEV,KKL,REST,Standard,3
2025,12,CITROEN,05,Ávila,Corporate,ICE,UKL1,REST,Standard,1
2025,12,CITROEN,05,Ávila,Private,ICE,SKL,REST,Standard,1
2025,12,CITROEN,05,Ávila,Private,ICE,UKL1,REST,Standard,1
2025,12,CUPRA,05,Ávila,Private,PHEV,UKL2,REST,Standard,1
2025,12,DACIA,05,Ávila,Corporate,ICE,SKL,REST,Standard,1
2025,12,DACIA,05,Ávila,Corporate,ICE,UKL1,REST,Standard,1
2025,12,DACIA,05,Ávila,Private,BEV,UKL0,REST,Standard,1
2025,12,DACIA,05,Ávila,Private,ICE,SKL,REST,Standard,2
2025,12,DACIA,05,Ávila,Private,ICE,UKL1,REST,Standard,6
2025,12,DACIA,05,Ávila,Private,ICE,UKL2,REST,Standard,3
2025,12,EBRO,05,Ávila,Private,ICE,KKL,REST,Standard,1
2025,12,EBRO,05,Ávila,Private,ICE,UKL2,REST,Standard,5
2025,12,EBRO,05,Ávila,Private,PHEV,KKL,REST,Standard,1
2025,12,EBRO,05,Ávila,Private,PHEV,UKL2,REST,Standard,5
2025,12,FIAT,05,Ávila,Corporate,ICE,UKL0,REST,Standard,3
2025,12,FORD,05,Ávila,Private,ICE,UKL1,REST,Standard,1
2025,12,FORD,05,Ávila,Private,ICE,UKL2,REST,Standard,1
2025,12,HYUNDAI,05,Ávila,Corporate,ICE,MKL,REST,Standard,1
2025,12,HYUNDAI,05,Ávila,Corporate,ICE,UKL2,REST,Standard,2
2025,12,HYUNDAI,05,Ávila,Corporate,PHEV,UKL2,REST,Standard,1
2025,12,HYUNDAI,05,Ávila,Private,BEV,UKL1,REST,Standard,1
2025,12,HYUNDAI,05,Ávila,Private,ICE,UKL1,REST,Standard,1
2025,12,HYUNDAI,05,Ávila,Private,ICE,UKL2,REST,Standard,6
2025,12,HYUNDAI,05,Ávila,Private,PHEV,UKL2,REST,Standard,1
2025,12,JAECOO,05,Ávila,Corporate,PHEV,UKL2,REST,Standard,1
2025,12,JAECOO,05,Ávila,Private,PHEV,UKL2,REST,Standard,4
2025,12,JEEP,05,Ávila,Corporate,ICE,UKL1,REST,Standard,1
2025,12,JEEP,05,Ávila,Private,ICE,UKL1,REST,Standard,1
2025,12,KIA,05,Ávila,Corporate,ICE,UKL1,REST,Standard,1
2025,12,KIA,05,Ávila,Private,BEV,UKL1,REST,Standard,1
2025,12,KIA,05,Ávila,Private,ICE,UKL1,REST,Standard,5
2025,12,KIA,05,Ávila,Private,ICE,UKL2,REST,Standard,2
2025,12,MAZDA,05,Ávila,Corporate,ICE,KKL,REST,Standard,1
2025,12,MAZDA,05,Ávila,Private,ICE,UKL2,REST,Standard,2
2025,12,MERCEDES,05,Ávila,Corporate,PHEV,KKL,FOCUS SEGMENT,Standard,1
2025,12,MERCEDES,05,Ávila,Corporate,PHEV,MKL,FOCUS SEGMENT,M Performance,1
2025,12,MERCEDES,05,Ávila,Private,BEV,UKL2,FOCUS SEGMENT,Standard,1
2025,12,MERCEDES,05,Ávila,Private,ICE,SKL,REST,Standard,1
2025,12,MERCEDES,05,Ávila,Private,ICE,UKL2,FOCUS SEGMENT,Standard,1
2025,12,MERCEDES,05,Ávila,Private,PHEV,KKL,FOCUS SEGMENT,Standard,1
2025,12,MERCEDES,05,Ávila,Private,PHEV,UKL2,FOCUS SEGMENT,Standard,3
2025,12,MG,05,Ávila,Private,ICE,UKL1,REST,Standard,6
2025,12,NISSAN,05,Ávila,Corporate,ICE,UKL2,REST,Standard,1
2025,12,NISSAN,05,Ávila,Private,ICE,UKL1,REST,Standard,1
2025,12,NISSAN,05,Ávila,Private,ICE,UKL2,REST,Standard,1
2025,12,OMODA,05,Ávila,Private,ICE,UKL2,REST,Standard,1
2025,12,OMODA,05,Ávila,Private,PHEV,KKL,REST,Standard,5
2025,12,OPEL,05,Ávila,Corporate,ICE,UKL1,REST,Standard,3
2025,12,OPEL,05,Ávila,Private,ICE,UKL1,REST,Standard,1
2025,12,RENAULT,05,Ávila,Corporate,ICE,UKL1,REST,Standard,7
2025,12,RENAULT,05,Ávila,Private,ICE,UKL1,REST,Standard,1
2025,12,RENAULT,05,Ávila,Private,ICE,UKL2,REST,Standard,3
2025,12,SEAT,05,Ávila,Private,ICE,UKL1,REST,Standard,1
2025,12,SEAT,05,Ávila,Private,ICE,UKL2,REST,Standard,2
2025,12,SKODA,05,Ávila,Private,ICE,UKL2,REST,Standard,1
2025,12,SUBARU,05,Ávila,Private,ICE,UKL2,REST,Standard,1
2025,12,SUZUKI,05,Ávila,Corporate,ICE,UKL1,REST,Standard,1
2025,12,TESLA,05,Ávila,Private,BEV,KKL,FOCUS SEGMENT,Standard,2
2025,12,TOYOTA,05,Ávila,Corporate,ICE,UKL1,REST,Standard,1
2025,12,TOYOTA,05,Ávila,Corporate,ICE,UKL2,REST,Standard,2
2025,12,TOYOTA,05,Ávila,Private,ICE,GKL,REST,Standard,1
2025,12,TOYOTA,05,Ávila,Private,ICE,SKL,REST,Standard,2
2025,12,TOYOTA,05,Ávila,Private,ICE,UKL1,REST,Standard,8
2025,12,TOYOTA,05,Ávila,Private,ICE,UKL2,REST,Standard,1
2025,12,TOYOTA,05,Ávila,Private,PHEV,UKL2,REST,Standard,3
2025,12,VOLKSWAGEN,05,Ávila,Private,BEV,UKL2,REST,Standard,1
2025,12,VOLKSWAGEN,05,Ávila,Private,ICE,UKL1,REST,Standard,2
2025,12,VOLKSWAGEN,05,Ávila,Private,ICE,UKL2,REST,Standard,3
2025,12,VOLKSWAGEN,05,Ávila,Private,PHEV,SKL,REST,Standard,1
2025,12,VOLKSWAGEN,05,Ávila,Private,PHEV,UKL2,REST,Standard,2
2025,12,VOLVO,05,Ávila,Corporate,BEV,UKL1,FOCUS SEGMENT,Standard,1
2025,12,VOLVO,05,Ávila,Corporate,ICE,UKL2,FOCUS SEGMENT,Standard,3
2025,12,VOLVO,05,Ávila,Corporate,PHEV,KKL,FOCUS SEGMENT,Standard,1
2025,12,VOLVO,05,Ávila,Corporate,PHEV,MKL,FOCUS SEGMENT,Standard,1
2025,12,VOLVO,05,Ávila,Private,BEV,UKL1,FOCUS SEGMENT,Standard,2
2025,12,VOLVO,05,Ávila,Private,ICE,UKL2,FOCUS SEGMENT,Standard,2
2025,12,AUDI,06,Badajoz,Corporate,ICE,KKL,FOCUS SEGMENT,Standard,1
2025,12,AUDI,06,Badajoz,Corporate,ICE,MKL,FOCUS SEGMENT,Standard,1
2025,12,AUDI,06,Badajoz,Corporate,ICE,UKL2,FOCUS SEGMENT,Standard,2
2025,12,AUDI,06,Badajoz,Corporate,PHEV,KKL,FOCUS SEGMENT,Standard,1
2025,12,AUDI,06,Badajoz,Private,BEV,MKL,FOCUS SEGMENT,Standard,1
2025,12,AUDI,06,Badajoz,Private,ICE,KKL,FOCUS SEGMENT,Standard,3
2025,12,AUDI,06,Badajoz,Private,ICE,MKL,FOCUS SEGMENT,Standard,1
2025,12,AUDI,06,Badajoz,Private,ICE,UKL1,FOCUS SEGMENT,Standard,1
2025,12,AUDI,06,Badajoz,Private,ICE,UKL2,FOCUS SEGMENT,M,1
2025,12,AUDI,06,Badajoz,Private,ICE,UKL2,FOCUS SEGMENT,Standard,12
2025,12,AUDI,06,Badajoz,Private,PHEV,KKL,FOCUS SEGMENT,Standard,1
2025,12,AUDI,06,Badajoz,Private,PHEV,MKL,FOCUS SEGMENT,Standard,1
2025,12,AUDI,06,Badajoz,Private,PHEV,UKL2,FOCUS SEGMENT,Standard,2
2025,12,BMW,06,Badajoz,Corporate,BEV,MKL,FOCUS SEGMENT,Standard,1
2025,12,BMW,06,Badajoz,Corporate,ICE,KKL,FOCUS SEGMENT,Standard,3
2025,12,BMW,06,Badajoz,Corporate,ICE,MKL,FOCUS SEGMENT,Standard,3
2025,12,BMW,06,Badajoz,Private,ICE,GKL,FOCUS SEGMENT,Standard,1
2025,12,BMW,06,Badajoz,Private,ICE,KKL,FOCUS SEGMENT,Standard,4
2025,12,BMW,06,Badajoz,Private,ICE,MKL,FOCUS SEGMENT,Standard,2
2025,12,BMW,06,Badajoz,Private,ICE,UKL2,FOCUS SEGMENT,Standard,5
2025,12,BMW,06,Badajoz,Private,PHEV,UKL2,FOCUS SEGMENT,Standard,2
2025,12,BYD,06,Badajoz,Corporate,BEV,UKL1,REST,Standard,1
2025,12,BYD,06,Badajoz,Corporate,PHEV,KKL,REST,Standard,6
2025,12,BYD,06,Badajoz,Private,BEV,KKL,REST,Standard,6
2025,12,BYD,06,Badajoz,Private,BEV,UKL0,REST,Standard,5
2025,12,BYD,06,Badajoz,Private,BEV,UKL1,REST,Standard,7
2025,12,BYD,06,Badajoz,Private,BEV,UKL2,REST,Standard,1
2025,12,BYD,06,Badajoz,Private,PHEV,KKL,REST,Standard,4
2025,12,CITROEN,06,Badajoz,Corporate,ICE,UKL1,REST,Standard,36
2025,12,CITROEN,06,Badajoz,Corporate,ICE,UKL2,REST,Standard,73
2025,12,CITROEN,06,Badajoz,Private,ICE,UKL1,REST,Standard,1
2025,12,CITROEN,06,Badajoz,Private,ICE,UKL2,REST,Standard,4
2025,12,CUPRA,06,Badajoz,Corporate,ICE,UKL2,REST,Standard,6
2025,12,CUPRA,06,Badajoz,Corporate,PHEV,UKL2,REST,Standard,1
2025,12,CUPRA,06,Badajoz,Private,ICE,UKL2,REST,Standard,1
2025,12,DACIA,06,Badajoz,Corporate,ICE,UKL1,REST,Standard,3
2025,12,DACIA,06,Badajoz,Corporate,ICE,UKL2,REST,Standard,3
2025,12,DACIA,06,Badajoz,Private,BEV,UKL0,REST,Standard,1
2025,12,DACIA,06,Badajoz,Private,ICE,SKL,REST,Standard,8
2025,12,DACIA,06,Badajoz,Private,ICE,UKL1,REST,Standard,16
2025,12,DACIA,06,Badajoz,Private,ICE,UKL2,REST,Standard,7
2025,12,EBRO,06,Badajoz,Corporate,ICE,KKL,REST,Standard,1
2025,12,EBRO,06,Badajoz,Private,ICE,UKL2,REST,Standard,1
2025,12,EBRO,06,Badajoz,Private,PHEV,KKL,REST,Standard,1
2025,12,EVO,06,Badajoz,Private,ICE,UKL1,REST,Standard,3
2025,12,EVO,06,Badajoz,Private,ICE,UKL2,REST,Standard,1
2025,12,FAW,06,Badajoz,Private,ICE,UKL2,REST,Standard,2
2025,12,FIAT,06,Badajoz,Corporate,ICE,UKL2,REST,Standard,1
2025,12,FORD,06,Badajoz,Corporate,BEV,SKL,REST,Standard,2
2025,12,FORD,06,Badajoz,Corporate,BEV,UKL1,REST,Standard,1
2025,12,FORD,06,Badajoz,Corporate,ICE,UKL2,REST,Standard,16
2025,12,FORD,06,Badajoz,Corporate,PHEV,UKL2,REST,Standard,1
2025,12,FORD,06,Badajoz,Private,ICE,UKL1,REST,Standard,6
2025,12,FORD,06,Badajoz,Private,PHEV,UKL2,REST,Standard,6
2025,12,HYUNDAI,06,Badajoz,Corporate,ICE,UKL0,REST,Standard,1
2025,12,HYUNDAI,06,Badajoz,Corporate,ICE,UKL1,REST,Standard,32
2025,12,HYUNDAI,06,Badajoz,Corporate,ICE,UKL2,REST,Standard,183
2025,12,HYUNDAI,06,Badajoz,Private,BEV,UKL2,REST,Standard,1
2025,12,HYUNDAI,06,Badajoz,Private,ICE,UKL1,REST,Standard,17
2025,12,HYUNDAI,06,Badajoz,Private,ICE,UKL2,REST,Standard,9
2025,12,HYUNDAI,06,Badajoz,Private,PHEV,UKL2,REST,Standard,1
2025,12,JAECOO,06,Badajoz,Private,BEV,UKL1,REST,Standard,2
2025,12,JAECOO,06,Badajoz,Private,ICE,UKL2,REST,Standard,11
2025,12,JAECOO,06,Badajoz,Private,PHEV,UKL2,REST,Standard,9
2025,12,JEEP,06,Badajoz,Corporate,ICE,UKL1,REST,Standard,1
2025,12,JEEP,06,Badajoz,Corporate,PHEV,UKL2,REST,Standard,1
2025,12,KG MOBILITY,06,Badajoz,Corporate,ICE,UKL1,REST,Standard,3
2025,12,KG MOBILITY,06,Badajoz,Private,BEV,UKL2,REST,Standard,1
2025,12,KG MOBILITY,06,Badajoz,Private,ICE,MKL,REST,Standard,1
2025,12,KIA,06,Badajoz,Corporate,ICE,UKL1,REST,Standard,3
2025,12,KIA,06,Badajoz,Corporate,ICE,UKL2,REST,Standard,5
2025,12,KIA,06,Badajoz,Private,BEV,SKL,REST,Standard,2
2025,12,KIA,06,Badajoz,Private,BEV,UKL2,REST,Standard,1
2025,12,KIA,06,Badajoz,Private,ICE,UKL1,REST,Standard,6
2025,12,KIA,06,Badajoz,Private,ICE,UKL2,REST,Standard,14
2025,12,LEXUS,06,Badajoz,Private,ICE,KKL,FOCUS SEGMENT,Standard,1
2025,12,LYNK & CO,06,Badajoz,Corporate,PHEV,UKL2,REST,Standard,1
2025,12,MAZDA,06,Badajoz,Corporate,ICE,UKL2,REST,Standard,1
2025,12,MAZDA,06,Badajoz,Private,ICE,KKL,REST,Standard,1
2025,12,MAZDA,06,Badajoz,Private,ICE,UKL1,REST,Standard,2
2025,12,MAZDA,06,Badajoz,Private,ICE,UKL2,REST,Standard,12
2025,12,MERCEDES,06,Badajoz,Corporate,ICE,KKL,FOCUS SEGMENT,Standard,1
2025,12,MERCEDES,06,Badajoz,Corporate,PHEV,KKL,FOCUS SEGMENT,Standard,4
2025,12,MERCEDES,06,Badajoz,Private,BEV,MKL,FOCUS SEGMENT,Standard,1
2025,12,MERCEDES,06,Badajoz,Private,ICE,KKL,FOCUS SEGMENT,Standard,3
2025,12,MERCEDES,06,Badajoz,Private,ICE,UKL2,FOCUS SEGMENT,Standard,5
2025,12,MERCEDES,06,Badajoz,Private,PHEV,KKL,FOCUS SEGMENT,Standard,3
2025,12,MERCEDES,06,Badajoz,Private,PHEV,MKL,FOCUS SEGMENT,M Performance,1
2025,12,MERCEDES,06,Badajoz,Private,PHEV,UKL2,FOCUS SEGMENT,Standard,1
2025,12,MG,06,Badajoz,Corporate,ICE,UKL1,REST,Standard,1
2025,12,MG,06,Badajoz,Corporate,PHEV,KKL,REST,Standard,1
2025,12,MG,06,Badajoz,Private,ICE,KKL,REST,Standard,1
2025,12,MG,06,Badajoz,Private,ICE,UKL1,REST,Standard,7
2025,12,MG,06,Badajoz,Private,PHEV,KKL,REST,Standard,18
2025,12,MINI,06,Badajoz,Private,ICE,UKL1,FOCUS SEGMENT,Standard,1
2025,12,MITSUBISHI,06,Badajoz,Private,PHEV,KKL,REST,Standard,1
2025,12,NISSAN,06,Badajoz,Corporate,BEV,UKL1,REST,Standard,3
2025,12,NISSAN,06,Badajoz,Private,ICE,KKL,REST,Standard,5
2025,12,NISSAN,06,Badajoz,Private,ICE,UKL1,REST,Standard,2
2025,12,NISSAN,06,Badajoz,Private,ICE,UKL2,REST,Standard,6
2025,12,OMODA,06,Badajoz,Corporate,PHEV,KKL,REST,Standard,2
2025,12,OMODA,06,Badajoz,Private,ICE,UKL2,REST,Standard,11
2025,12,OMODA,06,Badajoz,Private,PHEV,KKL,REST,Standard,3
2025,12,OPEL,06,Badajoz,Private,BEV,UKL1,REST,Standard,2
2025,12,OPEL,06,Badajoz,Private,ICE,KKL,REST,Standard,1
2025,12,OPEL,06,Badajoz,Private,ICE,UKL1,REST,Standard,2
2025,12,PEUGEOT,06,Badajoz,Corporate,PHEV,UKL2,REST,Standard,1
2025,12,PEUGEOT,06,Badajoz,Private,ICE,UKL1,REST,Standard,4
2025,12,PEUGEOT,06,Badajoz,Private,ICE,UKL2,REST,Standard,1
2025,12,RENAULT,06,Badajoz,Corporate,ICE,UKL1,REST,Standard,8
2025,12,RENAULT,06,Badajoz,Corporate,ICE,UKL2,REST,Standard,1
2025,12,RENAULT,06,Badajoz,Private,BEV,UKL1,REST,Standard,1
2025,12,RENAULT,06,Badajoz,Private,ICE,KKL,REST,Standard,1
2025,12,RENAULT,06,Badajoz,Private,ICE,UKL1,REST,Standard,7
2025,12,RENAULT,06,Badajoz,Private,ICE,UKL2,REST,Standard,4
2025,12,SEAT,06,Badajoz,Corporate,ICE,UKL1,REST,Standard,3
2025,12,SEAT,06,Badajoz,Corporate,ICE,UKL2,REST,Standard,1
2025,12,SEAT,06,Badajoz,Private,ICE,UKL1,REST,Standard,9
2025,12,SEAT,06,Badajoz,Private,ICE,UKL2,REST,Standard,9
2025,12,SKODA,06,Badajoz,Corporate,ICE,UKL1,REST,Standard,3
2025,12,SKODA,06,Badajoz,Corporate,ICE,UKL2,REST,Standard,22
2025,12,SKODA,06,Badajoz,Corporate,PHEV,KKL,REST,Standard,1
2025,12,SKODA,06,Badajoz,Private,BEV,UKL2,REST,Standard,4
2025,12,SKODA,06,Badajoz,Private,ICE,UKL1,REST,Standard,6
2025,12,SKODA,06,Badajoz,Private,ICE,UKL2,REST,Standard,9
2025,12,SKODA,06,Badajoz,Private,PHEV,KKL,REST,Standard,2
2025,12,SUBARU,06,Badajoz,Private,ICE,KKL,REST,Standard,1
2025,12,SUZUKI,06,Badajoz,Corporate,ICE,UKL1,REST,Standard,1
2025,12,SUZUKI,06,Badajoz,Private,ICE,UKL1,REST,Standard,1
2025,12,SUZUKI,06,Badajoz,Private,ICE,UKL2,REST,Standard,2
2025,12,TESLA,06,Badajoz,Private,BEV,KKL,FOCUS SEGMENT,Standard,4
2025,12,TOYOTA,06,Badajoz,Corporate,ICE,UKL1,REST,Standard,5
2025,12,TOYOTA,06,Badajoz,Corporate,ICE,UKL2,REST,Standard,3
2025,12,TOYOTA,06,Badajoz,Corporate,PHEV,UKL2,REST,Standard,2
2025,12,TOYOTA,06,Badajoz,Private,ICE,GKL,REST,Standard,1
2025,12,TOYOTA,06,Badajoz,Private,ICE,UKL1,REST,Standard,30
2025,12,TOYOTA,06,Badajoz,Private,ICE,UKL2,REST,Standard,16
2025,12,TOYOTA,06,Badajoz,Private,PHEV,UKL1,REST,Standard,5
2025,12,TOYOTA,06,Badajoz,Private,PHEV,UKL2,REST,Standard,4
2025,12,VOLKSWAGEN,06,Badajoz,Private,BEV,MKL,REST,Standard,1
2025,12,VOLKSWAGEN,06,Badajoz,Private,BEV,UKL2,REST,Standard,1
2025,12,VOLKSWAGEN,06,Badajoz,Private,ICE,SKL,REST,Standard,1
2025,12,VOLKSWAGEN,06,Badajoz,Private,ICE,UKL1,REST,Standard,9
2025,12,VOLKSWAGEN,06,Badajoz,Private,ICE,UKL2,REST,Standard,21
2025,12,VOLKSWAGEN,06,Badajoz,Private,PHEV,UKL2,REST,Standard,5
2025,12,VOLVO,06,Badajoz,Corporate,BEV,UKL1,FOCUS SEGMENT,Standard,1
2025,12,VOLVO,06,Badajoz,Corporate,ICE,KKL,FOCUS SEGMENT,Standard,3
2025,12,VOLVO,06,Badajoz,Corporate,ICE,UKL2,FOCUS SEGMENT,Standard,9
2025,12,VOLVO,06,Badajoz,Corporate,PHEV,MKL,FOCUS SEGMENT,Standard,1
2025,12,VOLVO,06,Badajoz,Private,ICE,KKL,FOCUS SEGMENT,Standard,7
2025,12,VOLVO,06,Badajoz,Private,ICE,MKL,FOCUS SEGMENT,Standard,3
2025,12,VOLVO,06,Badajoz,Private,ICE,UKL2,FOCUS SEGMENT,Standard,2
2025,12,XPENG,06,Badajoz,Private,BEV,KKL,FOCUS SEGMENT,Standard,1
2025,12,ALFA ROMEO,07,Baleares,Private,BEV,UKL1,REST,Standard,1
2025,12,ALFA ROMEO,07,Baleares,Private,ICE,UKL1,REST,Standard,1
2025,12,ALPINE,07,Baleares,Corporate,BEV,UKL1,REST,Standard,1
2025,12,ALPINE,07,Baleares,Private,BEV,UKL1,REST,Standard,5
2025,12,AUDI,07,Baleares,Corporate,BEV,MKL,FOCUS SEGMENT,Standard,1
2025,12,AUDI,07,Baleares,Corporate,ICE,KKL,FOCUS SEGMENT,M Performance,1
2025,12,AUDI,07,Baleares,Corporate,ICE,KKL,FOCUS SEGMENT,Standard,1
2025,12,AUDI,07,Baleares,Corporate,ICE,UKL2,FOCUS SEGMENT,Standard,3
2025,12,AUDI,07,Baleares,Corporate,PHEV,KKL,FOCUS SEGMENT,Standard,4
2025,12,AUDI,07,Baleares,Private,BEV,KKL,FOCUS SEGMENT,Standard,1
2025,12,AUDI,07,Baleares,Private,BEV,UKL2,FOCUS SEGMENT,Standard,8
2025,12,AUDI,07,Baleares,Private,ICE,UKL1,FOCUS SEGMENT,Standard,14
2025,12,AUDI,07,Baleares,Private,ICE,UKL2,FOCUS SEGMENT,M,1
2025,12,AUDI,07,Baleares,Private,ICE,UKL2,FOCUS SEGMENT,Standard,14
2025,12,AUDI,07,Baleares,Private,PHEV,KKL,FOCUS SEGMENT,Standard,5
2025,12,AUDI,07,Baleares,Private,PHEV,UKL2,FOCUS SEGMENT,Standard,3
2025,12,AUDI,07,Baleares,RAC,ICE,UKL1,FOCUS SEGMENT,Standard,8
2025,12,BMW,07,Baleares,Corporate,BEV,KKL,FOCUS SEGMENT,M Performance,1
2025,12,BMW,07,Baleares,Corporate,BEV,KKL,FOCUS SEGMENT,Standard,1
2025,12,BMW,07,Baleares,Corporate,BEV,MKL,FOCUS SEGMENT,Standard,1
2025,12,BMW,07,Baleares,Corporate,BEV,UKL2,FOCUS SEGMENT,Standard,10
2025,12,BMW,07,Baleares,Corporate,ICE,GKL,FOCUS SEGMENT,Standard,2
2025,12,BMW,07,Baleares,Corporate,ICE,KKL,FOCUS SEGMENT,Standard,3
2025,12,BMW,07,Baleares,Corporate,ICE,UKL2,FOCUS SEGMENT,M,1
2025,12,BMW,07,Baleares,Corporate,ICE,UKL2,FOCUS SEGMENT,M Performance,1
2025,12,BMW,07,Baleares,Corporate,ICE,UKL2,FOCUS SEGMENT,Standard,65
2025,12,BMW,07,Baleares,Corporate,PHEV,UKL2,FOCUS SEGMENT,Standard,3
2025,12,BMW,07,Baleares,Private,BEV,UKL2,FOCUS SEGMENT,Standard,4
2025,12,BMW,07,Baleares,Private,ICE,KKL,FOCUS SEGMENT,M,2
2025,12,BMW,07,Baleares,Private,ICE,UKL2,FOCUS SEGMENT,M Performance,1
2025,12,BMW,07,Baleares,Private,ICE,UKL2,FOCUS SEGMENT,Standard,6
2025,12,BMW,07,Baleares,Private,PHEV,KKL,FOCUS SEGMENT,Standard,2
2025,12,BMW,07,Baleares,Private,PHEV,UKL2,FOCUS SEGMENT,Standard,2
2025,12,BYD,07,Baleares,Corporate,BEV,KKL,REST,Standard,1
2025,12,BYD,07,Baleares,Corporate,BEV,UKL0,REST,Standard,2
2025,12,BYD,07,Baleares,Corporate,BEV,UKL1,REST,Standard,2
2025,12,BYD,07,Baleares,Private,BEV,KKL,REST,Standard,7
2025,12,BYD,07,Baleares,Private,BEV,UKL0,REST,Standard,20
2025,12,BYD,07,Baleares,Private,BEV,UKL1,REST,Standard,31
2025,12,BYD,07,Baleares,Private,BEV,UKL2,REST,Standard,8
2025,12,BYD,07,Baleares,Private,PHEV,KKL,REST,Standard,7
2025,12,CITROEN,07,Baleares,Corporate,BEV,UKL1,REST,Standard,5
2025,12,CITROEN,07,Baleares,Corporate,ICE,SKL,REST,Standard,2
2025,12,CITROEN,07,Baleares,Corporate,ICE,UKL1,REST,Standard,2
2025,12,CITROEN,07,Baleares,Corporate,ICE,UKL2,REST,Standard,2
2025,12,CITROEN,07,Baleares,Private,BEV,SKL,REST,Standard,3
2025,12,CITROEN,07,Baleares,Private,BEV,UKL1,REST,Standard,7
2025,12,CITROEN,07,Baleares,Private,BEV,UKL2,REST,Standard,1
2025,12,CITROEN,07,Baleares,Private,ICE,SKL,REST,Standard,2
2025,12,CITROEN,07,Baleares,Private,ICE,UKL1,REST,Standard,22
2025,12,CITROEN,07,Baleares,Private,ICE,UKL2,REST,Standard,3
2025,12,CITROEN,07,Baleares,RAC,ICE,UKL1,REST,Standard,26
2025,12,CUPRA,07,Baleares,Corporate,PHEV,UKL2,REST,Standard,1
2025,12,CUPRA,07,Baleares,Private,BEV,UKL2,REST,Standard,1
2025,12,CUPRA,07,Baleares,Private,ICE,UKL2,REST,Standard,10
2025,12,CUPRA,07,Baleares,Private,PHEV,UKL2,REST,Standard,6
2025,12,DACIA,07,Baleares,Corporate,BEV,UKL0,REST,Standard,13
2025,12,DACIA,07,Baleares,Corporate,ICE,SKL,REST,Standard,7
2025,12,DACIA,07,Baleares,Corporate,ICE,UKL1,REST,Standard,3
2025,12,DACIA,07,Baleares,Corporate,ICE,UKL2,REST,Standard,7
2025,12,DACIA,07,Baleares,Private,BEV,UKL0,REST,Standard,4
2025,12,DACIA,07,Baleares,Private,ICE,SKL,REST,Standard,26
2025,12,DACIA,07,Baleares,Private,ICE,UKL1,REST,Standard,93
2025,12,DACIA,07,Baleares,Private,ICE,UKL2,REST,Standard,26
2025,12,DACIA,07,Baleares,RAC,ICE,UKL1,REST,Standard,20
2025,12,DACIA,07,Baleares,RAC,ICE,UKL2,REST,Standard,1
2025,12,DR,07,Baleares,RAC,ICE,UKL1,REST,Standard,5
2025,12,EBRO,07,Baleares,Corporate,ICE,KKL,REST,Standard,1
2025,12,EBRO,07,Baleares,Corporate,ICE,UKL2,REST,Standard,1
2025,12,EBRO,07,Baleares,Corporate,PHEV,UKL2,REST,Standard,15
2025,12,EBRO,07,Baleares,Private,ICE,KKL,REST,Standard,1
2025,12,EBRO,07,Baleares,Private,ICE,UKL2,REST,Standard,15
2025,12,EBRO,07,Baleares,Private,PHEV,KKL,REST,Standard,1
2025,12,EBRO,07,Baleares,Private,PHEV,UKL2,REST,Standard,4
2025,12,EVO,07,Baleares,Private,ICE,UKL1,REST,Standard,4
2025,12,EVO,07,Baleares,Private,ICE,UKL2,REST,Standard,3
2025,12,FIAT,07,Baleares,Private,BEV,UKL0,REST,Standard,1
2025,12,FIAT,07,Baleares,RAC,ICE,UKL0,REST,Standard,7
2025,12,FORD,07,Baleares,Corporate,BEV,UKL1,REST,Standard,3
2025,12,FORD,07,Baleares,Corporate,ICE,UKL1,REST,Standard,8
2025,12,FORD,07,Baleares,Corporate,ICE,UKL2,REST,Standard,8
2025,12,FORD,07,Baleares,Corporate,PHEV,SKL,REST,Standard,1
2025,12,FORD,07,Baleares,Private,BEV,UKL1,REST,Standard,2
2025,12,FORD,07,Baleares,Private,ICE,SKL,REST,Standard,2
2025,12,FORD,07,Baleares,Private,ICE,UKL1,REST,Standard,11
2025,12,FORD,07,Baleares,Private,ICE,UKL2,REST,Standard,5
2025,12,FORD,07,Baleares,Private,PHEV,SKL,REST,Standard,1
2025,12,FORD,07,Baleares,Private,PHEV,UKL2,REST,Standard,8
2025,12,HONDA,07,Baleares,Corporate,ICE,KKL,REST,Standard,1
2025,12,HONDA,07,Baleares,Private,ICE,KKL,REST,Standard,1
2025,12,HONDA,07,Baleares,Private,ICE,UKL1,REST,Standard,3
2025,12,HONDA,07,Baleares,Private,ICE,UKL2,REST,Standard,1
2025,12,HYUNDAI,07,Baleares,Corporate,BEV,UKL1,REST,Standard,3
2025,12,HYUNDAI,07,Baleares,Corporate,BEV,UKL2,REST,Standard,4
2025,12,HYUNDAI,07,Baleares,Corporate,ICE,MKL,REST,Standard,1
2025,12,HYUNDAI,07,Baleares,Corporate,ICE,UKL0,REST,Standard,19
2025,12,HYUNDAI,07,Baleares,Corporate,ICE,UKL1,REST,Standard,11
2025,12,HYUNDAI,07,Baleares,Corporate,ICE,UKL2,REST,Standard,13
2025,12,HYUNDAI,07,Baleares,Corporate,PHEV,UKL2,REST,Standard,11
2025,12,HYUNDAI,07,Baleares,Private,BEV,UKL1,REST,Standard,9
2025,12,HYUNDAI,07,Baleares,Private,BEV,UKL2,REST,Standard,6
2025,12,HYUNDAI,07,Baleares,Private,ICE,UKL0,REST,Standard,8
2025,12,HYUNDAI,07,Baleares,Private,ICE,UKL1,REST,Standard,35
2025,12,HYUNDAI,07,Baleares,Private,ICE,UKL2,REST,Standard,22
2025,12,HYUNDAI,07,Baleares,Private,PHEV,UKL2,REST,Standard,2
2025,12,HYUNDAI,07,Baleares,RAC,ICE,MKL,REST,Standard,2
2025,12,HYUNDAI,07,Baleares,RAC,ICE,UKL0,REST,Standard,6
2025,12,HYUNDAI,07,Baleares,RAC,ICE,UKL1,REST,Standard,64
2025,12,JAECOO,07,Baleares,Corporate,PHEV,UKL2,REST,Standard,1
2025,12,JAECOO,07,Baleares,Private,BEV,UKL1,REST,Standard,8
2025,12,JAECOO,07,Baleares,Private,ICE,UKL2,REST,Standard,3
2025,12,JAECOO,07,Baleares,Private,PHEV,UKL2,REST,Standard,7
2025,12,JEEP,07,Baleares,Corporate,ICE,UKL1,REST,Standard,2
2025,12,JEEP,07,Baleares,Corporate,PHEV,UKL2,REST,Standard,3
2025,12,JEEP,07,Baleares,Private,BEV,UKL2,REST,Standard,2
2025,12,JEEP,07,Baleares,Private,ICE,UKL1,REST,Standard,7
2025,12,JEEP,07,Baleares,Private,PHEV,UKL2,REST,Standard,1
2025,12,JEEP,07,Baleares,RAC,ICE,UKL2,REST,Standard,2
2025,12,KG MOBILITY,07,Baleares,Private,ICE,MKL,REST,Standard,2
2025,12,KG MOBILITY,07,Baleares,Private,ICE,UKL1,REST,Standard,3
2025,12,KG MOBILITY,07,Baleares,Private,ICE,UKL2,REST,Standard,4
2025,12,KG MOBILITY,07,Baleares,RAC,ICE,MKL,REST,Standard,1
2025,12,KIA,07,Baleares,Corporate,BEV,UKL1,REST,Standard,1
2025,12,KIA,07,Baleares,Corporate,BEV,UKL2,REST,Standard,2
2025,12,KIA,07,Baleares,Corporate,ICE,UKL0,REST,Standard,2
2025,12,KIA,07,Baleares,Corporate,ICE,UKL1,REST,Standard,1
2025,12,KIA,07,Baleares,Corporate,ICE,UKL2,REST,Standard,1
2025,12,KIA,07,Baleares,Private,BEV,UKL1,REST,Standard,6
2025,12,KIA,07,Baleares,Private,ICE,UKL0,REST,Standard,4
2025,12,KIA,07,Baleares,Private,ICE,UKL1,REST,Standard,23
2025,12,KIA,07,Baleares,Private,ICE,UKL2,REST,Standard,20
2025,12,LAMBORGHINI,07,Baleares,Private,PHEV,GKL+,FOCUS SEGMENT,Standard,1
2025,12,LANCIA,07,Baleares,Private,ICE,UKL1,REST,Standard,1
2025,12,LAND ROVER,07,Baleares,Corporate,ICE,MKL,FOCUS SEGMENT,Standard,2
2025,12,LAND ROVER,07,Baleares,Corporate,ICE,UKL2,FOCUS SEGMENT,Standard,1
2025,12,LAND ROVER,07,Baleares,Corporate,PHEV,MKL,FOCUS SEGMENT,Standard,3
2025,12,LAND ROVER,07,Baleares,Private,ICE,MKL,FOCUS SEGMENT,Standard,1
2025,12,LEAPMOTOR,07,Baleares,Corporate,BEV,UKL2,REST,Standard,1
2025,12,LEAPMOTOR,07,Baleares,Private,BEV,MKL,REST,Standard,5
2025,12,LEAPMOTOR,07,Baleares,Private,BEV,UKL0,REST,Standard,4
2025,12,LEAPMOTOR,07,Baleares,Private,BEV,UKL2,REST,Standard,8
2025,12,LEXUS,07,Baleares,Corporate,ICE,UKL1,FOCUS SEGMENT,Standard,1
2025,12,LEXUS,07,Baleares,Corporate,PHEV,MKL,FOCUS SEGMENT,Standard,1
2025,12,LEXUS,07,Baleares,Private,ICE,UKL1,FOCUS SEGMENT,Standard,6
2025,12,LEXUS,07,Baleares,Private,ICE,UKL2,FOCUS SEGMENT,Standard,1
2025,12,LEXUS,07,Baleares,Private,PHEV,KKL,FOCUS SEGMENT,Standard,2
2025,12,LYNK & CO,07,Baleares,Corporate,BEV,UKL2,REST,Standard,1
2025,12,LYNK & CO,07,Baleares,Private,BEV,UKL2,REST,Standard,1
2025,12,LYNK & CO,07,Baleares,Private,PHEV,UKL2,REST,Standard,1
2025,12,MAXUS,07,Baleares,Corporate,BEV,MKL,REST,Standard,1
2025,12,MAZDA,07,Baleares,Corporate,BEV,MKL,REST,Standard,1
2025,12,MAZDA,07,Baleares,Corporate,ICE,KKL,REST,Standard,1
2025,12,MAZDA,07,Baleares,Corporate,ICE,UKL1,REST,Standard,2
2025,12,MAZDA,07,Baleares,Corporate,PHEV,KKL,REST,Standard,2
2025,12,MAZDA,07,Baleares,Private,BEV,MKL,REST,Standard,1
2025,12,MAZDA,07,Baleares,Private,ICE,UKL1,REST,Standard,3
2025,12,MAZDA,07,Baleares,Private,ICE,UKL2,REST,Standard,23
2025,12,MAZDA,07,Baleares,Private,PHEV,KKL,REST,Standard,1
2025,12,MERCEDES,07,Baleares,Corporate,ICE,GKL,FOCUS SEGMENT,Standard,3
2025,12,MERCEDES,07,Baleares,Corporate,ICE,MKL,REST,Standard,3
2025,12,MERCEDES,07,Baleares,Corporate,ICE,UKL2,FOCUS SEGMENT,Standard,1
2025,12,MERCEDES,07,Baleares,Corporate,PHEV,KKL,FOCUS SEGMENT,Standard,1
2025,12,MERCEDES,07,Baleares,Corporate,PHEV,MKL,FOCUS SEGMENT,Standard,1
2025,12,MERCEDES,07,Baleares,Corporate,PHEV,UKL2,FOCUS SEGMENT,Standard,1
2025,12,MERCEDES,07,Baleares,Private,BEV,UKL2,FOCUS SEGMENT,Standard,5
2025,12,MERCEDES,07,Baleares,Private,ICE,GKL,FOCUS SEGMENT,M,1
2025,12,MERCEDES,07,Baleares,Private,ICE,KKL,FOCUS SEGMENT,Standard,1
2025,12,MERCEDES,07,Baleares,Private,ICE,UKL2,FOCUS SEGMENT,M Performance,1
2025,12,MERCEDES,07,Baleares,Private,ICE,UKL2,FOCUS SEGMENT,Standard,11
2025,12,MERCEDES,07,Baleares,Private,PHEV,KKL,FOCUS SEGMENT,Standard,1
2025,12,MERCEDES,07,Baleares,Private,PHEV,UKL2,FOCUS SEGMENT,Standard,5
2025,12,MG,07,Baleares,Corporate,ICE,UKL1,REST,Standard,1
2025,12,MG,07,Baleares,Private,BEV,UKL1,REST,Standard,1
2025,12,MG,07,Baleares,Private,BEV,UKL2,REST,Standard,1
2025,12,MG,07,Baleares,Private,ICE,KKL,REST,Standard,2
2025,12,MG,07,Baleares,Private,ICE,UKL1,REST,Standard,37
2025,12,MG,07,Baleares,Private,PHEV,KKL,REST,Standard,4
2025,12,MINI,07,Baleares,Corporate,BEV,UKL1,FOCUS SEGMENT,Standard,4
2025,12,MINI,07,Baleares,Corporate,BEV,UKL2,FOCUS SEGMENT,Standard,1
2025,12,MINI,07,Baleares,Corporate,ICE,UKL1,FOCUS SEGMENT,Standard,27
2025,12,MINI,07,Baleares,Private,BEV,UKL1,FOCUS SEGMENT,JCW,2
2025,12,MINI,07,Baleares,Private,BEV,UKL1,FOCUS SEGMENT,Standard,3
2025,12,MINI,07,Baleares,Private,BEV,UKL2,FOCUS SEGMENT,Standard,2
2025,12,MINI,07,Baleares,Private,ICE,UKL1,FOCUS SEGMENT,Standard,7
2025,12,MITSUBISHI,07,Baleares,Corporate,ICE,UKL1,REST,Standard,1
2025,12,MITSUBISHI,07,Baleares,Private,ICE,UKL2,REST,Standard,3
2025,12,MITSUBISHI,07,Baleares,Private,PHEV,KKL,REST,Standard,1
2025,12,NISSAN,07,Baleares,Corporate,ICE,UKL2,REST,Standard,2
2025,12,NISSAN,07,Baleares,Private,BEV,UKL1,REST,Standard,1
2025,12,NISSAN,07,Baleares,Private,ICE,KKL,REST,Standard,3
2025,12,NISSAN,07,Baleares,Private,ICE,SKL,REST,Standard,2
2025,12,NISSAN,07,Baleares,Private,ICE,UKL1,REST,Standard,15
2025,12,NISSAN,07,Baleares,Private,ICE,UKL2,REST,Standard,20
2025,12,OMODA,07,Baleares,Corporate,ICE,UKL2,REST,Standard,3
2025,12,OMODA,07,Baleares,Private,BEV,UKL2,REST,Standard,3
2025,12,OMODA,07,Baleares,Private,ICE,UKL2,REST,Standard,6
2025,12,OMODA,07,Baleares,Private,PHEV,KKL,REST,Standard,4
2025,12,OPEL,07,Baleares,Corporate,ICE,KKL,REST,Standard,1
2025,12,OPEL,07,Baleares,Corporate,ICE,UKL1,REST,Standard,5
2025,12,OPEL,07,Baleares,Corporate,ICE,UKL2,REST,Standard,1
2025,12,OPEL,07,Baleares,Private,ICE,KKL,REST,Standard,6
2025,12,OPEL,07,Baleares,Private,ICE,SKL,REST,Standard,1
2025,12,OPEL,07,Baleares,Private,ICE,UKL1,REST,Standard,15
2025,12,PEUGEOT,07,Baleares,Corporate,BEV,UKL2,REST,Standard,1
2025,12,PEUGEOT,07,Baleares,Corporate,ICE,SKL,REST,Standard,2
2025,12,PEUGEOT,07,Baleares,Corporate,ICE,UKL2,REST,Standard,1
2025,12,PEUGEOT,07,Baleares,Corporate,PHEV,UKL2,REST,Standard,1
2025,12,PEUGEOT,07,Baleares,Private,BEV,SKL,REST,Standard,1
2025,12,PEUGEOT,07,Baleares,Private,BEV,UKL2,REST,Standard,1
2025,12,PEUGEOT,07,Baleares,Private,ICE,SKL,REST,Standard,5
2025,12,PEUGEOT,07,Baleares,Private,ICE,UKL1,REST,Standard,20
2025,12,PEUGEOT,07,Baleares,Private,ICE,UKL2,REST,Standard,6
2025,12,PEUGEOT,07,Baleares,RAC,ICE,KKL,REST,Standard,15
2025,12,PEUGEOT,07,Baleares,RAC,ICE,UKL1,REST,Standard,26
2025,12,PEUGEOT,07,Baleares,RAC,ICE,UKL2,REST,Standard,5
2025,12,POLESTAR,07,Baleares,Private,BEV,KKL,FOCUS SEGMENT,Standard,1
2025,12,PORSCHE,07,Baleares,Corporate,BEV,KKL,FOCUS SEGMENT,Standard,2
2025,12,PORSCHE,07,Baleares,Private,BEV,KKL,FOCUS SEGMENT,Standard,1
2025,12,PORSCHE,07,Baleares,Private,ICE,GKL,FOCUS SEGMENT,M Performance,3
2025,12,PORSCHE,07,Baleares,Private,ICE,GKL,FOCUS SEGMENT,Standard,1
2025,12,PORSCHE,07,Baleares,Private,PHEV,MKL,FOCUS SEGMENT,M Performance,1
2025,12,PORSCHE,07,Baleares,RAC,BEV,KKL,FOCUS SEGMENT,Standard,2
2025,12,PORSCHE,07,Baleares,RAC,PHEV,GKL,FOCUS SEGMENT,Standard,1
2025,12,PORSCHE,07,Baleares,RAC,PHEV,MKL,FOCUS SEGMENT,Standard,1
2025,12,RENAULT,07,Baleares,Corporate,BEV,UKL1,REST,Standard,18
2025,12,RENAULT,07,Baleares,Corporate,BEV,UKL2,REST,Standard,1
2025,12,RENAULT,07,Baleares,Corporate,ICE,UKL1,REST,Standard,27
2025,12,RENAULT,07,Baleares,Corporate,ICE,UKL2,REST,Standard,3
2025,12,RENAULT,07,Baleares,Private,BEV,UKL1,REST,Standard,12
2025,12,RENAULT,07,Baleares,Private,ICE,KKL,REST,Standard,1
2025,12,RENAULT,07,Baleares,Private,ICE,SKL,REST,Standard,1
2025,12,RENAULT,07,Baleares,Private,ICE,UKL1,REST,Standard,64
2025,12,RENAULT,07,Baleares,Private,ICE,UKL2,REST,Standard,15
2025,12,RENAULT,07,Baleares,Private,PHEV,UKL2,REST,Standard,2
2025,12,RENAULT,07,Baleares,RAC,ICE,UKL1,REST,Standard,1
2025,12,RENAULT,07,Baleares,RAC,ICE,UKL2,REST,Standard,1
2025,12,SEAT,07,Baleares,Corporate,ICE,UKL1,REST,Standard,9
2025,12,SEAT,07,Baleares,Corporate,ICE,UKL2,REST,Standard,1
2025,12,SEAT,07,Baleares,Private,ICE,UKL1,REST,Standard,51
2025,12,SEAT,07,Baleares,Private,ICE,UKL2,REST,Standard,12
2025,12,SEAT,07,Baleares,Private,PHEV,UKL2,REST,Standard,2
2025,12,SEAT,07,Baleares,RAC,ICE,UKL1,REST,Standard,2
2025,12,SHINERAY,07,Baleares,Corporate,ICE,MKL,REST,Standard,2
2025,12,SHINERAY,07,Baleares,RAC,ICE,MKL,REST,Standard,1
2025,12,SKODA,07,Baleares,Corporate,BEV,UKL2,REST,Standard,1
2025,12,SKODA,07,Baleares,Corporate,ICE,UKL1,REST,Standard,11
2025,12,SKODA,07,Baleares,Corporate,ICE,UKL2,REST,Standard,1
2025,12,SKODA,07,Baleares,Private,BEV,UKL2,REST,Standard,4
2025,12,SKODA,07,Baleares,Private,ICE,UKL1,REST,Standard,15
2025,12,SKODA,07,Baleares,Private,ICE,UKL2,REST,Standard,7
2025,12,SKODA,07,Baleares,Private,PHEV,KKL,REST,Standard,1
2025,12,SKODA,07,Baleares,RAC,ICE,UKL1,REST,Standard,2
2025,12,SMART,07,Baleares,Private,BEV,KKL,FOCUS SEGMENT,Standard,1
2025,12,SMART,07,Baleares,Private,BEV,UKL1,FOCUS SEGMENT,Standard,2
2025,12,SMART,07,Baleares,Private,BEV,UKL2,FOCUS SEGMENT,Standard,3
2025,12,SUBARU,07,Baleares,Private,ICE,KKL,REST,Standard,2
2025,12,SUZUKI,07,Baleares,Corporate,ICE,UKL1,REST,Standard,10
2025,12,SUZUKI,07,Baleares,Corporate,ICE,UKL2,REST,Standard,17
2025,12,SUZUKI,07,Baleares,Private,ICE,UKL1,REST,Standard,4
2025,12,SUZUKI,07,Baleares,Private,ICE,UKL2,REST,Standard,2
2025,12,TESLA,07,Baleares,Corporate,BEV,KKL,FOCUS SEGMENT,Standard,5
2025,12,TESLA,07,Baleares,Private,BEV,KKL,FOCUS SEGMENT,Standard,38
2025,12,TOYOTA,07,Baleares,Corporate,BEV,SKL,REST,Standard,4
2025,12,TOYOTA,07,Baleares,Corporate,ICE,GKL,REST,Standard,1
2025,12,TOYOTA,07,Baleares,Corporate,ICE,UKL1,REST,Standard,5
2025,12,TOYOTA,07,Baleares,Corporate,ICE,UKL2,REST,Standard,9
2025,12,TOYOTA,07,Baleares,Corporate,PHEV,UKL2,REST,Standard,2
2025,12,TOYOTA,07,Baleares,Private,BEV,SKL,REST,Standard,2
2025,12,TOYOTA,07,Baleares,Private,ICE,GKL,REST,Standard,1
2025,12,TOYOTA,07,Baleares,Private,ICE,UKL0,REST,Standard,1
2025,12,TOYOTA,07,Baleares,Private,ICE,UKL1,REST,Standard,92
2025,12,TOYOTA,07,Baleares,Private,ICE,UKL2,REST,Standard,35
2025,12,TOYOTA,07,Baleares,Private,PHEV,UKL1,REST,Standard,11
2025,12,TOYOTA,07,Baleares,Private,PHEV,UKL2,REST,Standard,9
2025,12,VOLKSWAGEN,07,Baleares,Corporate,BEV,SKL,REST,Standard,3
2025,12,VOLKSWAGEN,07,Baleares,Corporate,BEV,UKL2,REST,Standard,1
2025,12,VOLKSWAGEN,07,Baleares,Corporate,ICE,UKL1,REST,Standard,2
2025,12,VOLKSWAGEN,07,Baleares,Corporate,ICE,UKL2,REST,Standard,2
2025,12,VOLKSWAGEN,07,Baleares,Corporate,PHEV,SKL,REST,Standard,3
2025,12,VOLKSWAGEN,07,Baleares,Private,BEV,SKL,REST,Standard,1
2025,12,VOLKSWAGEN,07,Baleares,Private,BEV,UKL2,REST,Standard,8
2025,12,VOLKSWAGEN,07,Baleares,Private,ICE,SKL,REST,Standard,3
2025,12,VOLKSWAGEN,07,Baleares,Private,ICE,UKL1,REST,Standard,37
2025,12,VOLKSWAGEN,07,Baleares,Private,ICE,UKL2,REST,Standard,46
2025,12,VOLKSWAGEN,07,Baleares,Private,PHEV,MKL,REST,Standard,1
2025,12,VOLKSWAGEN,07,Baleares,Private,PHEV,SKL,REST,Standard,6
2025,12,VOLKSWAGEN,07,Baleares,Private,PHEV,UKL2,REST,Standard,14
2025,12,VOLKSWAGEN,07,Baleares,RAC,ICE,UKL2,REST,Standard,2
2025,12,VOLVO,07,Baleares,Corporate,BEV,UKL1,FOCUS SEGMENT,Standard,1
2025,12,VOLVO,07,Baleares,Corporate,ICE,KKL,FOCUS SEGMENT,Standard,1
2025,12,VOLVO,07,Baleares,Corporate,ICE,UKL2,FOCUS SEGMENT,Standard,9
2025,12,VOLVO,07,Baleares,Private,BEV,UKL1,FOCUS SEGMENT,Standard,10
2025,12,VOLVO,07,Baleares,Private,BEV,UKL2,FOCUS SEGMENT,Standard,2
2025,12,VOLVO,07,Baleares,Private,ICE,UKL2,FOCUS SEGMENT,Standard,3
2025,12,ALFA ROMEO,08,Barcelona,Corporate,ICE,KKL,REST,Standard,19
2025,12,ALFA ROMEO,08,Barcelona,Corporate,ICE,UKL1,REST,Standard,13
2025,12,ALFA ROMEO,08,Barcelona,Private,ICE,UKL1,REST,Standard,2
2025,12,ALPINE,08,Barcelona,Corporate,BEV,UKL1,REST,Standard,1
2025,12,ALPINE,08,Barcelona,Private,BEV,UKL1,REST,Standard,4
2025,12,ASTON MARTIN,08,Barcelona,Corporate,ICE,GKL+,FOCUS SEGMENT,Standard,2
2025,12,ASTON MARTIN,08,Barcelona,Private,ICE,GKL+,FOCUS SEGMENT,Standard,1
2025,12,AUDI,08,Barcelona,Corporate,BEV,KKL,FOCUS SEGMENT,Standard,2
2025,12,AUDI,08,Barcelona,Corporate,BEV,UKL2,FOCUS SEGMENT,Standard,4
2025,12,AUDI,08,Barcelona,Corporate,ICE,KKL,FOCUS SEGMENT,M Performance,3
2025,12,AUDI,08,Barcelona,Corporate,ICE,KKL,FOCUS SEGMENT,Standard,8
2025,12,AUDI,08,Barcelona,Corporate,ICE,MKL,FOCUS SEGMENT,M Performance,2
2025,12,AUDI,08,Barcelona,Corporate,ICE,MKL,FOCUS SEGMENT,Standard,3
2025,12,AUDI,08,Barcelona,Corporate,ICE,UKL1,FOCUS SEGMENT,Standard,13
2025,12,AUDI,08,Barcelona,Corporate,ICE,UKL2,FOCUS SEGMENT,Standard,24
2025,12,AUDI,08,Barcelona,Corporate,PHEV,KKL,FOCUS SEGMENT,Standard,15
2025,12,AUDI,08,Barcelona,Corporate,PHEV,MKL,FOCUS SEGMENT,Standard,3
2025,12,AUDI,08,Barcelona,Corporate,PHEV,UKL2,FOCUS SEGMENT,Standard,27
2025,12,AUDI,08,Barcelona,Private,BEV,KKL,FOCUS SEGMENT,Standard,2
2025,12,AUDI,08,Barcelona,Private,BEV,MKL,FOCUS SEGMENT,Standard,1
2025,12,AUDI,08,Barcelona,Private,BEV,UKL2,FOCUS SEGMENT,Standard,7
2025,12,AUDI,08,Barcelona,Private,ICE,KKL,FOCUS SEGMENT,Standard,9
2025,12,AUDI,08,Barcelona,Private,ICE,MKL,FOCUS SEGMENT,M,1
2025,12,AUDI,08,Barcelona,Private,ICE,UKL1,FOCUS SEGMENT,Standard,31
2025,12,AUDI,08,Barcelona,Private,ICE,UKL2,FOCUS SEGMENT,M,2
2025,12,AUDI,08,Barcelona,Private,ICE,UKL2,FOCUS SEGMENT,M Performance,1
2025,12,AUDI,08,Barcelona,Private,ICE,UKL2,FOCUS SEGMENT,Standard,72
2025,12,AUDI,08,Barcelona,Private,PHEV,KKL,FOCUS SEGMENT,Standard,10
2025,12,AUDI,08,Barcelona,Private,PHEV,MKL,FOCUS SEGMENT,Standard,1
2025,12,AUDI,08,Barcelona,Private,PHEV,UKL2,FOCUS SEGMENT,Standard,30
2025,12,AUDI,08,Barcelona,RAC,ICE,UKL2,FOCUS SEGMENT,Standard,8
2025,12,AUDI,08,Barcelona,RAC,PHEV,KKL,FOCUS SEGMENT,Standard,5
2025,12,AUDI,08,Barcelona,RAC,PHEV,UKL2,FOCUS SEGMENT,Standard,10
2025,12,BENTLEY,08,Barcelona,Corporate,PHEV,GKL+,FOCUS SEGMENT,Standard,1
2025,12,BMW,08,Barcelona,Corporate,BEV,MKL,FOCUS SEGMENT,M Performance,2
2025,12,BMW,08,Barcelona,Corporate,BEV,UKL2,FOCUS SEGMENT,Standard,7
2025,12,BMW,08,Barcelona,Corporate,ICE,GKL,FOCUS SEGMENT,Standard,1
2025,12,BMW,08,Barcelona,Corporate,ICE,KKL,FOCUS SEGMENT,M,4
2025,12,BMW,08,Barcelona,Corporate,ICE,KKL,FOCUS SEGMENT,M Performance,1
2025,12,BMW,08,Barcelona,Corporate,ICE,KKL,FOCUS SEGMENT,Standard,21
2025,12,BMW,08,Barcelona,Corporate,ICE,MKL,FOCUS SEGMENT,M,2
2025,12,BMW,08,Barcelona,Corporate,ICE,MKL,FOCUS SEGMENT,Standard,4
2025,12,BMW,08,Barcelona,Corporate,ICE,UKL2,FOCUS SEGMENT,M,2
2025,12,BMW,08,Barcelona,Corporate,ICE,UKL2,FOCUS SEGMENT,M Performance,1
2025,12,BMW,08,Barcelona,Corporate,ICE,UKL2,FOCUS SEGMENT,Standard,29
2025,12,BMW,08,Barcelona,Corporate,PHEV,GKL,FOCUS SEGMENT,M,1
2025,12,BMW,08,Barcelona,Corporate,PHEV,KKL,FOCUS SEGMENT,Standard,2
2025,12,BMW,08,Barcelona,Corporate,PHEV,MKL,FOCUS SEGMENT,M,2
2025,12,BMW,08,Barcelona,Corporate,PHEV,MKL,FOCUS SEGMENT,Standard,5
2025,12,BMW,08,Barcelona,Corporate,PHEV,UKL2,FOCUS SEGMENT,Standard,3
2025,12,BMW,08,Barcelona,Private,BEV,KKL,FOCUS SEGMENT,Standard,1
2025,12,BMW,08,Barcelona,Private,BEV,UKL2,FOCUS SEGMENT,Standard,20
2025,12,BMW,08,Barcelona,Private,ICE,KKL,FOCUS SEGMENT,M,2
2025,12,BMW,08,Barcelona,Private,ICE,KKL,FOCUS SEGMENT,M Performance,2
2025,12,BMW,08,Barcelona,Private,ICE,KKL,FOCUS SEGMENT,Standard,9
2025,12,BMW,08,Barcelona,Private,ICE,MKL,FOCUS SEGMENT,Standard,4
2025,12,BMW,08,Barcelona,Private,ICE,UKL2,FOCUS SEGMENT,M,2
2025,12,BMW,08,Barcelona,Private,ICE,UKL2,FOCUS SEGMENT,M Performance,3
2025,12,BMW,08,Barcelona,Private,ICE,UKL2,FOCUS SEGMENT,Standard,78
2025,12,BMW,08,Barcelona,Private,PHEV,GKL,FOCUS SEGMENT,M,2
2025,12,BMW,08,Barcelona,Private,PHEV,KKL,FOCUS SEGMENT,Standard,4
2025,12,BMW,08,Barcelona,Private,PHEV,MKL,FOCUS SEGMENT,M,1
2025,12,BMW,08,Barcelona,Private,PHEV,UKL2,FOCUS SEGMENT,Standard,12
2025,12,BYD,08,Barcelona,Corporate,BEV,KKL,REST,Standard,9
2025,12,BYD,08,Barcelona,Corporate,BEV,UKL0,REST,Standard,4
2025,12,BYD,08,Barcelona,Corporate,BEV,UKL1,REST,Standard,4
2025,12,BYD,08,Barcelona,Corporate,BEV,UKL2,REST,Standard,2
2025,12,BYD,08,Barcelona,Corporate,PHEV,KKL,REST,Standard,7
2025,12,BYD,08,Barcelona,Private,BEV,KKL,REST,Standard,22
2025,12,BYD,08,Barcelona,Private,BEV,UKL0,REST,Standard,72
2025,12,BYD,08,Barcelona,Private,BEV,UKL1,REST,Standard,43
2025,12,BYD,08,Barcelona,Private,BEV,UKL2,REST,Standard,25
2025,12,BYD,08,Barcelona,Private,PHEV,KKL,REST,Standard,74
2025,12,CITROEN,08,Barcelona,Corporate,BEV,SKL,REST,Standard,1
2025,12,CITROEN,08,Barcelona,Corporate,BEV,UKL1,REST,Standard,6
2025,12,CITROEN,08,Barcelona,Corporate,BEV,UKL2,REST,Standard,2
2025,12,CITROEN,08,Barcelona,Corporate,ICE,SKL,REST,Standard,4
2025,12,CITROEN,08,Barcelona,Corporate,ICE,UKL1,REST,Standard,5
2025,12,CITROEN,08,Barcelona,Corporate,ICE,UKL2,REST,Standard,38
2025,12,CITROEN,08,Barcelona,Corporate,PHEV,MKL,REST,Standard,1
2025,12,CITROEN,08,Barcelona,Private,BEV,UKL1,REST,Standard,6
2025,12,CITROEN,08,Barcelona,Private,BEV,UKL2,REST,Standard,1
2025,12,CITROEN,08,Barcelona,Private,ICE,MKL,REST,Standard,1
2025,12,CITROEN,08,Barcelona,Private,ICE,SKL,REST,Standard,26
2025,12,CITROEN,08,Barcelona,Private,ICE,UKL1,REST,Standard,64
2025,12,CITROEN,08,Barcelona,Private,ICE,UKL2,REST,Standard,25
2025,12,CUPRA,08,Barcelona,Corporate,BEV,UKL1,REST,Standard,4
2025,12,CUPRA,08,Barcelona,Corporate,BEV,UKL2,REST,Standard,43
2025,12,CUPRA,08,Barcelona,Corporate,ICE,UKL2,REST,Standard,77
2025,12,CUPRA,08,Barcelona,Corporate,PHEV,UKL2,REST,Standard,117
2025,12,CUPRA,08,Barcelona,Private,BEV,UKL2,REST,Standard,2
2025,12,CUPRA,08,Barcelona,Private,ICE,UKL2,REST,Standard,128
2025,12,CUPRA,08,Barcelona,Private,PHEV,UKL2,REST,Standard,55
2025,12,DACIA,08,Barcelona,Corporate,BEV,UKL0,REST,Standard,4
2025,12,DACIA,08,Barcelona,Corporate,ICE,SKL,REST,Standard,3
2025,12,DACIA,08,Barcelona,Corporate,ICE,UKL1,REST,Standard,35
2025,12,DACIA,08,Barcelona,Corporate,ICE,UKL2,REST,Standard,15
2025,12,DACIA,08,Barcelona,Private,BEV,UKL0,REST,Standard,7
2025,12,DACIA,08,Barcelona,Private,ICE,SKL,REST,Standard,74
2025,12,DACIA,08,Barcelona,Private,ICE,UKL1,REST,Standard,282
2025,12,DACIA,08,Barcelona,Private,ICE,UKL2,REST,Standard,90
2025,12,DACIA,08,Barcelona,RAC,ICE,UKL2,REST,Standard,1
2025,12,DFSK,08,Barcelona,Private,PHEV,KKL,REST,Standard,1
2025,12,DONGFENG,08,Barcelona,Private,BEV,UKL0,REST,Standard,1
2025,12,DR,08,Barcelona,Private,ICE,,,Standard,1
2025,12,DS,08,Barcelona,Corporate,ICE,UKL2,REST,Standard,1
2025,12,DS,08,Barcelona,Corporate,PHEV,UKL2,REST,Standard,1
2025,12,DS,08,Barcelona,Private,ICE,UKL2,REST,Standard,1
2025,12,EBRO,08,Barcelona,Corporate,ICE,KKL,REST,Standard,5
2025,12,EBRO,08,Barcelona,Corporate,ICE,UKL2,REST,Standard,32
2025,12,EBRO,08,Barcelona,Corporate,PHEV,KKL,REST,Standard,7
2025,12,EBRO,08,Barcelona,Corporate,PHEV,UKL2,REST,Standard,43
2025,12,EBRO,08,Barcelona,Private,ICE,KKL,REST,Standard,13
2025,12,EBRO,08,Barcelona,Private,ICE,UKL2,REST,Standard,120
2025,12,EBRO,08,Barcelona,Private,PHEV,KKL,REST,Standard,12
2025,12,EBRO,08,Barcelona,Private,PHEV,UKL2,REST,Standard,35
2025,12,EVO,08,Barcelona,Private,ICE,UKL2,REST,Standard,1
2025,12,FAW,08,Barcelona,Private,ICE,,REST,Standard,1
2025,12,FAW,08,Barcelona,Private,ICE,UKL2,REST,Standard,3
2025,12,FAW,08,Barcelona,RAC,ICE,UKL2,REST,Standard,2
2025,12,FERRARI,08,Barcelona,Corporate,ICE,GKL+,FOCUS SEGMENT,Standard,2
2025,12,FERRARI,08,Barcelona,Corporate,PHEV,GKL+,FOCUS SEGMENT,Standard,2
2025,12,FIAT,08,Barcelona,Corporate,ICE,UKL0,REST,Standard,27
2025,12,FIAT,08,Barcelona,Corporate,ICE,UKL1,REST,Standard,16
2025,12,FIAT,08,Barcelona,Private,BEV,UKL0,REST,Standard,4
2025,12,FIAT,08,Barcelona,Private,ICE,UKL0,REST,Standard,17
2025,12,FIAT,08,Barcelona,Private,ICE,UKL1,REST,Standard,4
2025,12,FORD,08,Barcelona,Corporate,BEV,SKL,REST,Standard,5
2025,12,FORD,08,Barcelona,Corporate,BEV,UKL1,REST,Standard,11
2025,12,FORD,08,Barcelona,Corporate,ICE,MKL,REST,Standard,1
2025,12,FORD,08,Barcelona,Corporate,ICE,UKL1,REST,Standard,20
2025,12,FORD,08,Barcelona,Corporate,ICE,UKL2,REST,Standard,5
2025,12,FORD,08,Barcelona,Corporate,PHEV,SKL,REST,Standard,6
2025,12,FORD,08,Barcelona,Corporate,PHEV,UKL2,REST,Standard,6
2025,12,FORD,08,Barcelona,Private,BEV,SKL,REST,Standard,2
2025,12,FORD,08,Barcelona,Private,BEV,UKL1,REST,Standard,5
2025,12,FORD,08,Barcelona,Private,ICE,MKL,REST,Standard,3
2025,12,FORD,08,Barcelona,Private,ICE,SKL,REST,Standard,6
2025,12,FORD,08,Barcelona,Private,ICE,UKL1,REST,Standard,59
2025,12,FORD,08,Barcelona,Private,ICE,UKL2,REST,Standard,32
2025,12,FORD,08,Barcelona,Private,PHEV,SKL,REST,Standard,3
2025,12,FORD,08,Barcelona,Private,PHEV,UKL2,REST,Standard,51
2025,12,FORD,08,Barcelona,RAC,PHEV,UKL2,REST,Standard,1
2025,12,HONDA,08,Barcelona,Corporate,ICE,KKL,REST,Standard,8
2025,12,HONDA,08,Barcelona,Corporate,ICE,UKL1,REST,Standard,6
2025,12,HONDA,08,Barcelona,Corporate,ICE,UKL2,REST,Standard,3
2025,12,HONDA,08,Barcelona,Private,ICE,KKL,REST,Standard,5
2025,12,HONDA,08,Barcelona,Private,ICE,UKL1,REST,Standard,19
2025,12,HONDA,08,Barcelona,Private,ICE,UKL2,REST,Standard,32
2025,12,HONDA,08,Barcelona,Private,PHEV,KKL,REST,Standard,2
2025,12,HYUNDAI,08,Barcelona,Corporate,BEV,UKL1,REST,Standard,2
2025,12,HYUNDAI,08,Barcelona,Corporate,ICE,MKL,REST,Standard,2
2025,12,HYUNDAI,08,Barcelona,Corporate,ICE,UKL0,REST,Standard,1
2025,12,HYUNDAI,08,Barcelona,Corporate,ICE,UKL1,REST,Standard,36
2025,12,HYUNDAI,08,Barcelona,Corporate,ICE,UKL2,REST,Standard,18
2025,12,HYUNDAI,08,Barcelona,Corporate,PHEV,MKL,REST,Standard,2
2025,12,HYUNDAI,08,Barcelona,Corporate,PHEV,UKL2,REST,Standard,19
2025,12,HYUNDAI,08,Barcelona,Private,BEV,UKL1,REST,Standard,11
2025,12,HYUNDAI,08,Barcelona,Private,BEV,UKL2,REST,Standard,13
2025,12,HYUNDAI,08,Barcelona,Private,ICE,MKL,REST,Standard,1
2025,12,HYUNDAI,08,Barcelona,Private,ICE,UKL0,REST,Standard,17
2025,12,HYUNDAI,08,Barcelona,Private,ICE,UKL1,REST,Standard,135
2025,12,HYUNDAI,08,Barcelona,Private,ICE,UKL2,REST,Standard,87
2025,12,HYUNDAI,08,Barcelona,Private,PHEV,UKL2,REST,Standard,12
2025,12,HYUNDAI,08,Barcelona,RAC,ICE,UKL1,REST,Standard,2
2025,12,HYUNDAI,08,Barcelona,RAC,ICE,UKL2,REST,Standard,3
2025,12,INEOS,08,Barcelona,Private,ICE,MKL,REST,Standard,1
2025,12,JAECOO,08,Barcelona,Corporate,ICE,UKL2,REST,Standard,16
2025,12,JAECOO,08,Barcelona,Corporate,PHEV,UKL2,REST,Standard,7
2025,12,JAECOO,08,Barcelona,Private,BEV,UKL1,REST,Standard,7
2025,12,JAECOO,08,Barcelona,Private,ICE,UKL2,REST,Standard,33
2025,12,JAECOO,08,Barcelona,Private,PHEV,UKL2,REST,Standard,36
2025,12,JEEP,08,Barcelona,Corporate,ICE,UKL1,REST,Standard,26
2025,12,JEEP,08,Barcelona,Corporate,ICE,UKL2,REST,Standard,1
2025,12,JEEP,08,Barcelona,Corporate,PHEV,MKL,REST,Standard,1
2025,12,JEEP,08,Barcelona,Corporate,PHEV,UKL1,REST,Standard,2
2025,12,JEEP,08,Barcelona,Corporate,PHEV,UKL2,REST,Standard,1
2025,12,JEEP,08,Barcelona,Private,BEV,UKL1,REST,Standard,2
2025,12,JEEP,08,Barcelona,Private,ICE,UKL1,REST,Standard,29
2025,12,JEEP,08,Barcelona,Private,ICE,UKL2,REST,Standard,3
2025,12,JEEP,08,Barcelona,Private,PHEV,MKL,REST,Standard,1
2025,12,JEEP,08,Barcelona,Private,PHEV,UKL1,REST,Standard,4
2025,12,JEEP,08,Barcelona,Private,PHEV,UKL2,REST,Standard,2
2025,12,JEEP,08,Barcelona,RAC,ICE,UKL1,REST,Standard,8
2025,12,KG MOBILITY,08,Barcelona,Private,BEV,UKL2,REST,Standard,2
2025,12,KG MOBILITY,08,Barcelona,Private,ICE,MKL,REST,Standard,5
2025,12,KG MOBILITY,08,Barcelona,Private,ICE,UKL1,REST,Standard,9
2025,12,KG MOBILITY,08,Barcelona,Private,ICE,UKL2,REST,Standard,5
2025,12,KIA,08,Barcelona,Corporate,BEV,KKL,REST,Standard,3
2025,12,KIA,08,Barcelona,Corporate,BEV,SKL,REST,Standard,5
2025,12,KIA,08,Barcelona,Corporate,BEV,UKL1,REST,Standard,5
2025,12,KIA,08,Barcelona,Corporate,BEV,UKL2,REST,Standard,2
2025,12,KIA,08,Barcelona,Corporate,ICE,UKL0,REST,Standard,1
2025,12,KIA,08,Barcelona,Corporate,ICE,UKL1,REST,Standard,4
2025,12,KIA,08,Barcelona,Corporate,ICE,UKL2,REST,Standard,20
2025,12,KIA,08,Barcelona,Corporate,PHEV,KKL,REST,Standard,1
2025,12,KIA,08,Barcelona,Corporate,PHEV,UKL2,REST,Standard,4
2025,12,KIA,08,Barcelona,Private,BEV,KKL,REST,Standard,3
2025,12,KIA,08,Barcelona,Private,BEV,UKL1,REST,Standard,38
2025,12,KIA,08,Barcelona,Private,BEV,UKL2,REST,Standard,8
2025,12,KIA,08,Barcelona,Private,ICE,KKL,REST,Standard,2
2025,12,KIA,08,Barcelona,Private,ICE,UKL0,REST,Standard,8
2025,12,KIA,08,Barcelona,Private,ICE,UKL1,REST,Standard,57
2025,12,KIA,08,Barcelona,Private,ICE,UKL2,REST,Standard,169
2025,12,KIA,08,Barcelona,Private,PHEV,UKL2,REST,Standard,1
2025,12,LAMBORGHINI,08,Barcelona,Corporate,PHEV,GKL+,FOCUS SEGMENT,Standard,1
2025,12,LANCIA,08,Barcelona,Private,ICE,UKL1,REST,Standard,1
2025,12,LAND ROVER,08,Barcelona,Corporate,ICE,GKL,FOCUS SEGMENT,Standard,1
2025,12,LAND ROVER,08,Barcelona,Corporate,ICE,MKL,FOCUS SEGMENT,Standard,5
2025,12,LAND ROVER,08,Barcelona,Corporate,PHEV,GKL,FOCUS SEGMENT,Standard,1
2025,12,LAND ROVER,08,Barcelona,Corporate,PHEV,MKL,FOCUS SEGMENT,Standard,1
2025,12,LAND ROVER,08,Barcelona,Corporate,PHEV,UKL2,FOCUS SEGMENT,Standard,1
2025,12,LAND ROVER,08,Barcelona,Private,PHEV,MKL,FOCUS SEGMENT,Standard,1
2025,12,LEAPMOTOR,08,Barcelona,Corporate,BEV,MKL,REST,Standard,3
2025,12,LEAPMOTOR,08,Barcelona,Corporate,BEV,UKL0,REST,Standard,5
2025,12,LEAPMOTOR,08,Barcelona,Corporate,BEV,UKL2,REST,Standard,2
2025,12,LEAPMOTOR,08,Barcelona,Private,BEV,MKL,REST,Standard,7
2025,12,LEAPMOTOR,08,Barcelona,Private,BEV,UKL0,REST,Standard,5
2025,12,LEAPMOTOR,08,Barcelona,Private,BEV,UKL2,REST,Standard,17
2025,12,LEXUS,08,Barcelona,Corporate,ICE,KKL,FOCUS SEGMENT,Standard,5
2025,12,LEXUS,08,Barcelona,Corporate,ICE,MKL,FOCUS SEGMENT,Standard,2
2025,12,LEXUS,08,Barcelona,Corporate,ICE,UKL1,FOCUS SEGMENT,Standard,3
2025,12,LEXUS,08,Barcelona,Corporate,ICE,UKL2,FOCUS SEGMENT,Standard,1
2025,12,LEXUS,08,Barcelona,Corporate,PHEV,KKL,FOCUS SEGMENT,Standard,5
2025,12,LEXUS,08,Barcelona,Corporate,PHEV,MKL,FOCUS SEGMENT,Standard,1
2025,12,LEXUS,08,Barcelona,Private,ICE,KKL,FOCUS SEGMENT,Standard,2
2025,12,LEXUS,08,Barcelona,Private,ICE,UKL1,FOCUS SEGMENT,Standard,30
2025,12,LEXUS,08,Barcelona,Private,ICE,UKL2,FOCUS SEGMENT,Standard,4
2025,12,LEXUS,08,Barcelona,Private,PHEV,KKL,FOCUS SEGMENT,Standard,14
2025,12,LEXUS,08,Barcelona,Private,PHEV,MKL,FOCUS SEGMENT,Standard,4
2025,12,LIVAN,08,Barcelona,Private,ICE,UKL2,REST,Standard,2
2025,12,LYNK & CO,08,Barcelona,Corporate,BEV,UKL2,REST,Standard,1
2025,12,LYNK & CO,08,Barcelona,Corporate,PHEV,UKL2,REST,Standard,3
2025,12,LYNK & CO,08,Barcelona,Private,BEV,UKL2,REST,Standard,2
2025,12,LYNK & CO,08,Barcelona,Private,PHEV,UKL2,REST,Standard,8
2025,12,MASERATI,08,Barcelona,Private,ICE,KKL,FOCUS SEGMENT,Standard,1
2025,12,MAZDA,08,Barcelona,Corporate,ICE,KKL,REST,Standard,9
2025,12,MAZDA,08,Barcelona,Corporate,ICE,UKL1,REST,Standard,4
2025,12,MAZDA,08,Barcelona,Corporate,ICE,UKL2,REST,Standard,12
2025,12,MAZDA,08,Barcelona,Corporate,PHEV,KKL,REST,Standard,3
2025,12,MAZDA,08,Barcelona,Private,BEV,MKL,REST,Standard,1
2025,12,MAZDA,08,Barcelona,Private,ICE,KKL,REST,Standard,9
2025,12,MAZDA,08,Barcelona,Private,ICE,UKL1,REST,Standard,6
2025,12,MAZDA,08,Barcelona,Private,ICE,UKL2,REST,Standard,141
2025,12,MAZDA,08,Barcelona,Private,PHEV,KKL,REST,Standard,5
2025,12,MERCEDES,08,Barcelona,Corporate,BEV,GKL,FOCUS SEGMENT,Standard,1
2025,12,MERCEDES,08,Barcelona,Corporate,BEV,MKL,FOCUS SEGMENT,Standard,7
2025,12,MERCEDES,08,Barcelona,Corporate,BEV,UKL2,FOCUS SEGMENT,Standard,9
2025,12,MERCEDES,08,Barcelona,Corporate,ICE,GKL,FOCUS SEGMENT,M,1
2025,12,MERCEDES,08,Barcelona,Corporate,ICE,GKL,FOCUS SEGMENT,M Performance,1
2025,12,MERCEDES,08,Barcelona,Corporate,ICE,GKL,FOCUS SEGMENT,Standard,2
2025,12,MERCEDES,08,Barcelona,Corporate,ICE,KKL,FOCUS SEGMENT,M Performance,3
2025,12,MERCEDES,08,Barcelona,Corporate,ICE,KKL,FOCUS SEGMENT,Standard,13
2025,12,MERCEDES,08,Barcelona,Corporate,ICE,MKL,FOCUS SEGMENT,M Performance,1
2025,12,MERCEDES,08,Barcelona,Corporate,ICE,MKL,FOCUS SEGMENT,Standard,3
2025,12,MERCEDES,08,Barcelona,Corporate,ICE,MKL,REST,Standard,6
2025,12,MERCEDES,08,Barcelona,Corporate,ICE,SKL,REST,Standard,6
2025,12,MERCEDES,08,Barcelona,Corporate,ICE,UKL2,FOCUS SEGMENT,Standard,27
2025,12,MERCEDES,08,Barcelona,Corporate,PHEV,KKL,FOCUS SEGMENT,Standard,23
2025,12,MERCEDES,08,Barcelona,Corporate,PHEV,MKL,FOCUS SEGMENT,M Performance,1
2025,12,MERCEDES,08,Barcelona,Corporate,PHEV,MKL,FOCUS SEGMENT,Standard,3
2025,12,MERCEDES,08,Barcelona,Corporate,PHEV,UKL2,FOCUS SEGMENT,Standard,21
2025,12,MERCEDES,08,Barcelona,Private,BEV,GKL,FOCUS SEGMENT,Standard,1
2025,12,MERCEDES,08,Barcelona,Private,BEV,MKL,FOCUS SEGMENT,Standard,5
2025,12,MERCEDES,08,Barcelona,Private,BEV,UKL2,FOCUS SEGMENT,Standard,24
2025,12,MERCEDES,08,Barcelona,Private,ICE,GKL,FOCUS SEGMENT,M,1
2025,12,MERCEDES,08,Barcelona,Private,ICE,GKL,FOCUS SEGMENT,Standard,1
2025,12,MERCEDES,08,Barcelona,Private,ICE,KKL,FOCUS SEGMENT,Standard,12
2025,12,MERCEDES,08,Barcelona,Private,ICE,MKL,FOCUS SEGMENT,M Performance,1
2025,12,MERCEDES,08,Barcelona,Private,ICE,MKL,FOCUS SEGMENT,Standard,2
2025,12,MERCEDES,08,Barcelona,Private,ICE,MKL,REST,Standard,4
2025,12,MERCEDES,08,Barcelona,Private,ICE,SKL,REST,Standard,1
2025,12,MERCEDES,08,Barcelona,Private,ICE,UKL2,FOCUS SEGMENT,Standard,45
2025,12,MERCEDES,08,Barcelona,Private,PHEV,KKL,FOCUS SEGMENT,Standard,16
2025,12,MERCEDES,08,Barcelona,Private,PHEV,MKL,FOCUS SEGMENT,Standard,1
2025,12,MERCEDES,08,Barcelona,Private,PHEV,UKL2,FOCUS SEGMENT,Standard,13
2025,12,MERCEDES,08,Barcelona,RAC,ICE,MKL,REST,Standard,1
2025,12,MERCEDES-V,08,Barcelona,Private,ICE,SKL,REST,Standard,4
2025,12,MG,08,Barcelona,Corporate,BEV,KKL,REST,Standard,1
2025,12,MG,08,Barcelona,Corporate,BEV,UKL2,REST,Standard,1
2025,12,MG,08,Barcelona,Corporate,ICE,UKL1,REST,Standard,17
2025,12,MG,08,Barcelona,Corporate,PHEV,KKL,REST,Standard,4
2025,12,MG,08,Barcelona,Private,BEV,UKL1,REST,Standard,1
2025,12,MG,08,Barcelona,Private,BEV,UKL2,REST,Standard,4
2025,12,MG,08,Barcelona,Private,ICE,KKL,REST,Standard,6
2025,12,MG,08,Barcelona,Private,ICE,UKL1,REST,Standard,194
2025,12,MG,08,Barcelona,Private,PHEV,KKL,REST,Standard,42
2025,12,MINI,08,Barcelona,Corporate,BEV,UKL1,FOCUS SEGMENT,JCW,2
2025,12,MINI,08,Barcelona,Corporate,BEV,UKL1,FOCUS SEGMENT,Standard,6
2025,12,MINI,08,Barcelona,Corporate,BEV,UKL2,FOCUS SEGMENT,Standard,5
2025,12,MINI,08,Barcelona,Corporate,ICE,UKL1,FOCUS SEGMENT,JCW,1
2025,12,MINI,08,Barcelona,Corporate,ICE,UKL1,FOCUS SEGMENT,Standard,7
2025,12,MINI,08,Barcelona,Corporate,ICE,UKL2,FOCUS SEGMENT,JCW,1
2025,12,MINI,08,Barcelona,Corporate,ICE,UKL2,FOCUS SEGMENT,Standard,7
2025,12,MINI,08,Barcelona,Private,BEV,UKL1,FOCUS SEGMENT,JCW,3
2025,12,MINI,08,Barcelona,Private,BEV,UKL1,FOCUS SEGMENT,Standard,21
2025,12,MINI,08,Barcelona,Private,BEV,UKL2,FOCUS SEGMENT,Standard,5
2025,12,MINI,08,Barcelona,Private,ICE,UKL1,FOCUS SEGMENT,JCW,4
2025,12,MINI,08,Barcelona,Private,ICE,UKL1,FOCUS SEGMENT,Standard,12
2025,12,MINI,08,Barcelona,Private,ICE,UKL2,FOCUS SEGMENT,JCW,3
2025,12,MINI,08,Barcelona,Private,ICE,UKL2,FOCUS SEGMENT,Standard,7
2025,12,MITSUBISHI,08,Barcelona,Corporate,BEV,UKL2,REST,Standard,2
2025,12,MITSUBISHI,08,Barcelona,Corporate,ICE,UKL1,REST,Standard,3
2025,12,MITSUBISHI,08,Barcelona,Private,ICE,UKL1,REST,Standard,2
2025,12,MITSUBISHI,08,Barcelona,Private,ICE,UKL2,REST,Standard,6
2025,12,MITSUBISHI,08,Barcelona,Private,PHEV,KKL,REST,Standard,5
2025,12,NISSAN,08,Barcelona,Corporate,BEV,UKL1,REST,Standard,15
2025,12,NISSAN,08,Barcelona,Corporate,BEV,UKL2,REST,Standard,3
2025,12,NISSAN,08,Barcelona,Corporate,ICE,KKL,REST,Standard,4
2025,12,NISSAN,08,Barcelona,Corporate,ICE,UKL1,REST,Standard,3
2025,12,NISSAN,08,Barcelona,Corporate,ICE,UKL2,REST,Standard,45
2025,12,NISSAN,08,Barcelona,Private,BEV,UKL1,REST,Standard,1
2025,12,NISSAN,08,Barcelona,Private,ICE,KKL,REST,Standard,35
2025,12,NISSAN,08,Barcelona,Private,ICE,SKL,REST,Standard,7
2025,12,NISSAN,08,Barcelona,Private,ICE,UKL1,REST,Standard,36
2025,12,NISSAN,08,Barcelona,Private,ICE,UKL2,REST,Standard,70
2025,12,OMODA,08,Barcelona,Corporate,BEV,UKL2,REST,Standard,1
2025,12,OMODA,08,Barcelona,Corporate,ICE,UKL2,REST,Standard,14
2025,12,OMODA,08,Barcelona,Corporate,PHEV,KKL,REST,Standard,11
2025,12,OMODA,08,Barcelona,Private,BEV,UKL2,REST,Standard,3
2025,12,OMODA,08,Barcelona,Private,ICE,UKL2,REST,Standard,72
2025,12,OMODA,08,Barcelona,Private,PHEV,KKL,REST,Standard,22
2025,12,OPEL,08,Barcelona,Corporate,BEV,KKL,REST,Standard,2
2025,12,OPEL,08,Barcelona,Corporate,BEV,UKL1,REST,Standard,3
2025,12,OPEL,08,Barcelona,Corporate,BEV,UKL2,REST,Standard,1
2025,12,OPEL,08,Barcelona,Corporate,ICE,KKL,REST,Standard,2
2025,12,OPEL,08,Barcelona,Corporate,ICE,UKL1,REST,Standard,190
2025,12,OPEL,08,Barcelona,Corporate,ICE,UKL2,REST,Standard,5
2025,12,OPEL,08,Barcelona,Private,ICE,KKL,REST,Standard,16
2025,12,OPEL,08,Barcelona,Private,ICE,UKL1,REST,Standard,37
2025,12,OPEL,08,Barcelona,Private,ICE,UKL2,REST,Standard,3
2025,12,OPEL,08,Barcelona,Private,PHEV,UKL2,REST,Standard,2
2025,12,OPEL,08,Barcelona,RAC,ICE,UKL1,REST,Standard,51
2025,12,PEUGEOT,08,Barcelona,Corporate,BEV,SKL,REST,Standard,4
2025,12,PEUGEOT,08,Barcelona,Corporate,BEV,UKL1,REST,Standard,1
2025,12,PEUGEOT,08,Barcelona,Corporate,ICE,KKL,REST,Standard,19
2025,12,PEUGEOT,08,Barcelona,Corporate,ICE,SKL,REST,Standard,8
2025,12,PEUGEOT,08,Barcelona,Corporate,ICE,UKL1,REST,Standard,20
2025,12,PEUGEOT,08,Barcelona,Corporate,ICE,UKL2,REST,Standard,17
2025,12,PEUGEOT,08,Barcelona,Corporate,PHEV,KKL,REST,Standard,2
2025,12,PEUGEOT,08,Barcelona,Private,BEV,UKL1,REST,Standard,2
2025,12,PEUGEOT,08,Barcelona,Private,BEV,UKL2,REST,Standard,6
2025,12,PEUGEOT,08,Barcelona,Private,ICE,KKL,REST,Standard,3
2025,12,PEUGEOT,08,Barcelona,Private,ICE,SKL,REST,Standard,17
2025,12,PEUGEOT,08,Barcelona,Private,ICE,UKL1,REST,Standard,84
2025,12,PEUGEOT,08,Barcelona,Private,ICE,UKL2,REST,Standard,27
2025,12,PEUGEOT,08,Barcelona,Private,PHEV,KKL,REST,Standard,1
2025,12,PEUGEOT,08,Barcelona,Private,PHEV,UKL2,REST,Standard,3
2025,12,POLESTAR,08,Barcelona,Corporate,BEV,KKL,FOCUS SEGMENT,Standard,43
2025,12,POLESTAR,08,Barcelona,Private,BEV,KKL,FOCUS SEGMENT,Standard,4
2025,12,PORSCHE,08,Barcelona,Corporate,BEV,GKL,FOCUS SEGMENT,M Performance,1
2025,12,PORSCHE,08,Barcelona,Corporate,BEV,GKL,FOCUS SEGMENT,Standard,2
2025,12,PORSCHE,08,Barcelona,Corporate,BEV,KKL,FOCUS SEGMENT,Standard,6
2025,12,PORSCHE,08,Barcelona,Corporate,ICE,GKL,FOCUS SEGMENT,M Performance,2
2025,12,PORSCHE,08,Barcelona,Corporate,PHEV,MKL,FOCUS SEGMENT,M Performance,2
2025,12,PORSCHE,08,Barcelona,Corporate,PHEV,MKL,FOCUS SEGMENT,Standard,3
2025,12,PORSCHE,08,Barcelona,Private,BEV,GKL,FOCUS SEGMENT,Standard,1
2025,12,PORSCHE,08,Barcelona,Private,BEV,KKL,FOCUS SEGMENT,Standard,7
2025,12,PORSCHE,08,Barcelona,Private,ICE,GKL,FOCUS SEGMENT,M,2
2025,12,PORSCHE,08,Barcelona,Private,ICE,GKL,FOCUS SEGMENT,M Performance,3
2025,12,PORSCHE,08,Barcelona,Private,PHEV,MKL,FOCUS SEGMENT,Standard,3
2025,12,RENAULT,08,Barcelona,Corporate,BEV,UKL1,REST,Standard,3
2025,12,RENAULT,08,Barcelona,Corporate,BEV,UKL2,REST,Standard,1
2025,12,RENAULT,08,Barcelona,Corporate,ICE,KKL,REST,Standard,2
2025,12,RENAULT,08,Barcelona,Corporate,ICE,UKL1,REST,Standard,86
2025,12,RENAULT,08,Barcelona,Corporate,ICE,UKL2,REST,Standard,4
2025,12,RENAULT,08,Barcelona,Corporate,PHEV,UKL2,REST,Standard,3
2025,12,RENAULT,08,Barcelona,Private,BEV,UKL1,REST,Standard,16
2025,12,RENAULT,08,Barcelona,Private,BEV,UKL2,REST,Standard,4
2025,12,RENAULT,08,Barcelona,Private,ICE,KKL,REST,Standard,10
2025,12,RENAULT,08,Barcelona,Private,ICE,SKL,REST,Standard,8
2025,12,RENAULT,08,Barcelona,Private,ICE,UKL1,REST,Standard,263
2025,12,RENAULT,08,Barcelona,Private,ICE,UKL2,REST,Standard,52
2025,12,RENAULT,08,Barcelona,Private,PHEV,UKL2,REST,Standard,12
2025,12,RENAULT,08,Barcelona,RAC,ICE,UKL1,REST,Standard,21
2025,12,S.M.,08,Barcelona,Corporate,ICE,,REST,Standard,1
2025,12,SEAT,08,Barcelona,Corporate,ICE,UKL1,REST,Standard,60
2025,12,SEAT,08,Barcelona,Corporate,ICE,UKL2,REST,Standard,55
2025,12,SEAT,08,Barcelona,Corporate,PHEV,UKL2,REST,Standard,20
2025,12,SEAT,08,Barcelona,Private,ICE,UKL1,REST,Standard,279
2025,12,SEAT,08,Barcelona,Private,ICE,UKL2,REST,Standard,171
2025,12,SEAT,08,Barcelona,Private,PHEV,UKL2,REST,Standard,7
2025,12,SEAT,08,Barcelona,RAC,ICE,UKL1,REST,Standard,2
2025,12,SHINERAY,08,Barcelona,Private,ICE,MKL,REST,Standard,2
2025,12,SKODA,08,Barcelona,Corporate,BEV,UKL1,REST,Standard,1
2025,12,SKODA,08,Barcelona,Corporate,BEV,UKL2,REST,Standard,4
2025,12,SKODA,08,Barcelona,Corporate,ICE,KKL,REST,Standard,1
2025,12,SKODA,08,Barcelona,Corporate,ICE,UKL1,REST,Standard,18
2025,12,SKODA,08,Barcelona,Corporate,ICE,UKL2,REST,Standard,15
2025,12,SKODA,08,Barcelona,Corporate,PHEV,KKL,REST,Standard,12
2025,12,SKODA,08,Barcelona,Private,BEV,UKL2,REST,Standard,16
2025,12,SKODA,08,Barcelona,Private,ICE,KKL,REST,Standard,4
2025,12,SKODA,08,Barcelona,Private,ICE,UKL1,REST,Standard,121
2025,12,SKODA,08,Barcelona,Private,ICE,UKL2,REST,Standard,62
2025,12,SKODA,08,Barcelona,Private,PHEV,KKL,REST,Standard,4
2025,12,SKODA,08,Barcelona,RAC,ICE,KKL,REST,Standard,10
2025,12,SMART,08,Barcelona,Corporate,BEV,UKL1,FOCUS SEGMENT,Standard,2
2025,12,SMART,08,Barcelona,Private,BEV,KKL,FOCUS SEGMENT,Standard,3
2025,12,SMART,08,Barcelona,Private,BEV,UKL1,FOCUS SEGMENT,Standard,3
2025,12,SMART,08,Barcelona,Private,BEV,UKL2,FOCUS SEGMENT,Standard,9
2025,12,SUBARU,08,Barcelona,Corporate,ICE,KKL,REST,Standard,2
2025,12,SUBARU,08,Barcelona,Corporate,ICE,UKL2,REST,Standard,1
2025,12,SUBARU,08,Barcelona,Private,ICE,KKL,REST,Standard,5
2025,12,SUBARU,08,Barcelona,Private,ICE,UKL2,REST,Standard,12
2025,12,SUZUKI,08,Barcelona,Corporate,ICE,UKL1,REST,Standard,5
2025,12,SUZUKI,08,Barcelona,Corporate,ICE,UKL2,REST,Standard,28
2025,12,SUZUKI,08,Barcelona,Private,ICE,UKL1,REST,Standard,16
2025,12,SUZUKI,08,Barcelona,Private,ICE,UKL2,REST,Standard,35
2025,12,TESLA,08,Barcelona,Corporate,BEV,GKL,FOCUS SEGMENT,Standard,1
2025,12,TESLA,08,Barcelona,Corporate,BEV,KKL,FOCUS SEGMENT,Standard,47
2025,12,TESLA,08,Barcelona,Private,BEV,KKL,FOCUS SEGMENT,Standard,105
2025,12,TOYOTA,08,Barcelona,Corporate,BEV,UKL2,REST,Standard,3
2025,12,TOYOTA,08,Barcelona,Corporate,ICE,GKL,REST,Standard,3
2025,12,TOYOTA,08,Barcelona,Corporate,ICE,SKL,REST,Standard,6
2025,12,TOYOTA,08,Barcelona,Corporate,ICE,UKL1,REST,Standard,36
2025,12,TOYOTA,08,Barcelona,Corporate,ICE,UKL2,REST,Standard,39
2025,12,TOYOTA,08,Barcelona,Corporate,PHEV,UKL1,REST,Standard,4
2025,12,TOYOTA,08,Barcelona,Corporate,PHEV,UKL2,REST,Standard,18
2025,12,TOYOTA,08,Barcelona,Private,BEV,SKL,REST,Standard,2
2025,12,TOYOTA,08,Barcelona,Private,BEV,UKL2,REST,Standard,1
2025,12,TOYOTA,08,Barcelona,Private,ICE,GKL,REST,Standard,3
2025,12,TOYOTA,08,Barcelona,Private,ICE,SKL,REST,Standard,12
2025,12,TOYOTA,08,Barcelona,Private,ICE,UKL0,REST,Standard,1
2025,12,TOYOTA,08,Barcelona,Private,ICE,UKL1,REST,Standard,484
2025,12,TOYOTA,08,Barcelona,Private,ICE,UKL2,REST,Standard,177
2025,12,TOYOTA,08,Barcelona,Private,PHEV,UKL1,REST,Standard,53
2025,12,TOYOTA,08,Barcelona,Private,PHEV,UKL2,REST,Standard,60
2025,12,TOYOTA,08,Barcelona,RAC,ICE,UKL1,REST,Standard,1
2025,12,VOLKSWAGEN,08,Barcelona,Corporate,BEV,SKL,REST,Standard,4
2025,12,VOLKSWAGEN,08,Barcelona,Corporate,BEV,UKL2,REST,Standard,8
2025,12,VOLKSWAGEN,08,Barcelona,Corporate,ICE,KKL,REST,Standard,1
2025,12,VOLKSWAGEN,08,Barcelona,Corporate,ICE,SKL,REST,Standard,2
2025,12,VOLKSWAGEN,08,Barcelona,Corporate,ICE,UKL1,REST,Standard,15
2025,12,VOLKSWAGEN,08,Barcelona,Corporate,ICE,UKL2,REST,Standard,55
2025,12,VOLKSWAGEN,08,Barcelona,Corporate,PHEV,KKL,REST,Standard,1
2025,12,VOLKSWAGEN,08,Barcelona,Corporate,PHEV,MKL,REST,Standard,1
2025,12,VOLKSWAGEN,08,Barcelona,Corporate,PHEV,SKL,REST,Standard,10
2025,12,VOLKSWAGEN,08,Barcelona,Corporate,PHEV,UKL2,REST,Standard,13
2025,12,VOLKSWAGEN,08,Barcelona,Private,BEV,SKL,REST,Standard,3
2025,12,VOLKSWAGEN,08,Barcelona,Private,BEV,UKL2,REST,Standard,34
2025,12,VOLKSWAGEN,08,Barcelona,Private,ICE,KKL,REST,Standard,1
2025,12,VOLKSWAGEN,08,Barcelona,Private,ICE,SKL,REST,Standard,16
2025,12,VOLKSWAGEN,08,Barcelona,Private,ICE,UKL1,REST,Standard,236
2025,12,VOLKSWAGEN,08,Barcelona,Private,ICE,UKL2,REST,Standard,279
2025,12,VOLKSWAGEN,08,Barcelona,Private,PHEV,SKL,REST,Standard,18
2025,12,VOLKSWAGEN,08,Barcelona,Private,PHEV,UKL2,REST,Standard,47
2025,12,VOLKSWAGEN,08,Barcelona,RAC,ICE,UKL1,REST,Standard,12
2025,12,VOLKSWAGEN,08,Barcelona,RAC,ICE,UKL2,REST,Standard,6
2025,12,VOLVO,08,Barcelona,Corporate,ICE,KKL,FOCUS SEGMENT,Standard,5
2025,12,VOLVO,08,Barcelona,Corporate,ICE,MKL,FOCUS SEGMENT,Standard,1
2025,12,VOLVO,08,Barcelona,Corporate,ICE,UKL2,FOCUS SEGMENT,Standard,66
2025,12,VOLVO,08,Barcelona,Corporate,PHEV,KKL,FOCUS SEGMENT,Standard,4
2025,12,VOLVO,08,Barcelona,Corporate,PHEV,MKL,FOCUS SEGMENT,Standard,2
2025,12,VOLVO,08,Barcelona,Private,BEV,UKL1,FOCUS SEGMENT,Standard,8
2025,12,VOLVO,08,Barcelona,Private,BEV,UKL2,FOCUS SEGMENT,Standard,1
2025,12,VOLVO,08,Barcelona,Private,ICE,KKL,FOCUS SEGMENT,Standard,5
2025,12,VOLVO,08,Barcelona,Private,ICE,UKL2,FOCUS SEGMENT,Standard,13
2025,12,VOLVO,08,Barcelona,Private,PHEV,KKL,FOCUS SEGMENT,Standard,4
2025,12,VOLVO,08,Barcelona,Private,PHEV,MKL,FOCUS SEGMENT,Standard,1
2025,12,XPENG,08,Barcelona,Corporate,BEV,KKL,FOCUS SEGMENT,Standard,3
2025,12,XPENG,08,Barcelona,Private,BEV,KKL,FOCUS SEGMENT,Standard,17
2025,12,XPENG,08,Barcelona,Private,BEV,MKL,FOCUS SEGMENT,Standard,2
2025,12,AUDI,09,Burgos,Corporate,ICE,KKL,FOCUS SEGMENT,Standard,1
2025,12,AUDI,09,Burgos,Corporate,ICE,UKL1,FOCUS SEGMENT,Standard,1
2025,12,AUDI,09,Burgos,Corporate,ICE,UKL2,FOCUS SEGMENT,Standard,1
2025,12,AUDI,09,Burgos,Corporate,PHEV,KKL,FOCUS SEGMENT,Standard,1
2025,12,AUDI,09,Burgos,Corporate,PHEV,UKL2,FOCUS SEGMENT,Standard,2
2025,12,AUDI,09,Burgos,Private,ICE,UKL1,FOCUS SEGMENT,Standard,1
2025,12,AUDI,09,Burgos,Private,ICE,UKL2,FOCUS SEGMENT,Standard,2
2025,12,AUDI,09,Burgos,Private,PHEV,KKL,FOCUS SEGMENT,Standard,3
2025,12,AUDI,09,Burgos,Private,PHEV,MKL,FOCUS SEGMENT,Standard,1
2025,12,AUDI,09,Burgos,Private,PHEV,UKL2,FOCUS SEGMENT,Standard,1
2025,12,BMW,09,Burgos,Corporate,ICE,GKL,FOCUS SEGMENT,Standard,1
2025,12,BMW,09,Burgos,Corporate,ICE,KKL,FOCUS SEGMENT,Standard,1
2025,12,BMW,09,Burgos,Corporate,ICE,UKL2,FOCUS SEGMENT,Standard,4
2025,12,BMW,09,Burgos,Private,BEV,UKL2,FOCUS SEGMENT,Standard,1
2025,12,BMW,09,Burgos,Private,ICE,KKL,FOCUS SEGMENT,M,1
2025,12,BMW,09,Burgos,Private,ICE,KKL,FOCUS SEGMENT,Standard,1
2025,12,BMW,09,Burgos,Private,ICE,UKL2,FOCUS SEGMENT,M Performance,1
2025,12,BMW,09,Burgos,Private,ICE,UKL2,FOCUS SEGMENT,Standard,8
2025,12,BMW,09,Burgos,Private,PHEV,UKL2,FOCUS SEGMENT,Standard,2
2025,12,BYD,09,Burgos,Private,BEV,KKL,REST,Standard,3
2025,12,BYD,09,Burgos,Private,BEV,UKL0,REST,Standard,1
2025,12,BYD,09,Burgos,Private,BEV,UKL1,REST,Standard,1
2025,12,BYD,09,Burgos,Private,PHEV,KKL,REST,Standard,1
2025,12,CITROEN,09,Burgos,Corporate,ICE,SKL,REST,Standard,1
2025,12,CITROEN,09,Burgos,Corporate,ICE,UKL2,REST,Standard,10
2025,12,CITROEN,09,Burgos,Private,ICE,SKL,REST,Standard,3
2025,12,CITROEN,09,Burgos,Private,ICE,UKL1,REST,Standard,2
2025,12,CITROEN,09,Burgos,Private,ICE,UKL2,REST,Standard,3
2025,12,CITROEN,09,Burgos,RAC,BEV,UKL2,REST,Standard,1
2025,12,CUPRA,09,Burgos,Corporate,ICE,UKL2,REST,Standard,4
2025,12,CUPRA,09,Burgos,Corporate,PHEV,UKL2,REST,Standard,3
2025,12,CUPRA,09,Burgos,Private,ICE,UKL2,REST,Standard,1
2025,12,DACIA,09,Burgos,Corporate,BEV,UKL0,REST,Standard,1
2025,12,DACIA,09,Burgos,Corporate,ICE,UKL2,REST,Standard,1
2025,12,DACIA,09,Burgos,Private,BEV,UKL0,REST,Standard,3
2025,12,DACIA,09,Burgos,Private,ICE,SKL,REST,Standard,5
2025,12,DACIA,09,Burgos,Private,ICE,UKL1,REST,Standard,10
2025,12,DACIA,09,Burgos,Private,ICE,UKL2,REST,Standard,9
2025,12,EBRO,09,Burgos,Corporate,PHEV,UKL2,REST,Standard,1
2025,12,EBRO,09,Burgos,Private,ICE,UKL2,REST,Standard,6
2025,12,EBRO,09,Burgos,Private,PHEV,KKL,REST,Standard,3
2025,12,EBRO,09,Burgos,Private,PHEV,UKL2,REST,Standard,6
2025,12,FAW,09,Burgos,Private,ICE,,REST,Standard,1
2025,12,FORD,09,Burgos,Corporate,ICE,UKL1,REST,Standard,6
2025,12,HYUNDAI,09,Burgos,Private,ICE,MKL,REST,Standard,1
2025,12,HYUNDAI,09,Burgos,Private,ICE,UKL1,REST,Standard,10
2025,12,HYUNDAI,09,Burgos,Private,ICE,UKL2,REST,Standard,8
2025,12,JAECOO,09,Burgos,Private,ICE,UKL2,REST,Standard,1
2025,12,JAECOO,09,Burgos,Private,PHEV,UKL2,REST,Standard,8
2025,12,JEEP,09,Burgos,Private,ICE,UKL1,REST,Standard,1
2025,12,KG MOBILITY,09,Burgos,Corporate,ICE,MKL,REST,Standard,1
2025,12,KG MOBILITY,09,Burgos,Private,ICE,MKL,REST,Standard,1
2025,12,KG MOBILITY,09,Burgos,Private,ICE,UKL2,REST,Standard,1
2025,12,KIA,09,Burgos,Corporate,ICE,UKL2,REST,Standard,5
2025,12,KIA,09,Burgos,Private,BEV,MKL,REST,Standard,1
2025,12,KIA,09,Burgos,Private,BEV,SKL,REST,Standard,2
2025,12,KIA,09,Burgos,Private,BEV,UKL1,REST,Standard,2
2025,12,KIA,09,Burgos,Private,BEV,UKL2,REST,Standard,4
2025,12,KIA,09,Burgos,Private,ICE,UKL1,REST,Standard,4
2025,12,KIA,09,Burgos,Private,ICE,UKL2,REST,Standard,11
2025,12,KIA,09,Burgos,Private,PHEV,UKL2,REST,Standard,1
2025,12,LEAPMOTOR,09,Burgos,Private,BEV,MKL,REST,Standard,2
2025,12,LEAPMOTOR,09,Burgos,Private,BEV,UKL2,REST,Standard,2
2025,12,LEXUS,09,Burgos,Corporate,PHEV,KKL,FOCUS SEGMENT,Standard,1
2025,12,LEXUS,09,Burgos,Private,ICE,UKL1,FOCUS SEGMENT,Standard,2
2025,12,MAZDA,09,Burgos,Private,ICE,KKL,REST,Standard,3
2025,12,MAZDA,09,Burgos,Private,ICE,UKL1,REST,Standard,1
2025,12,MAZDA,09,Burgos,Private,ICE,UKL2,REST,Standard,8
2025,12,MAZDA,09,Burgos,Private,PHEV,KKL,REST,Standard,2
2025,12,MERCEDES,09,Burgos,Corporate,ICE,KKL,FOCUS SEGMENT,Standard,1
2025,12,MERCEDES,09,Burgos,Corporate,ICE,MKL,FOCUS SEGMENT,Standard,1
2025,12,MERCEDES,09,Burgos,Corporate,PHEV,KKL,FOCUS SEGMENT,Standard,1
2025,12,MERCEDES,09,Burgos,Corporate,PHEV,MKL,FOCUS SEGMENT,Standard,1
2025,12,MERCEDES,09,Burgos,Corporate,PHEV,UKL2,FOCUS SEGMENT,Standard,1
2025,12,MERCEDES,09,Burgos,Private,BEV,UKL2,FOCUS SEGMENT,Standard,6
2025,12,MERCEDES,09,Burgos,Private,ICE,KKL,FOCUS SEGMENT,Standard,2
2025,12,MERCEDES,09,Burgos,Private,ICE,MKL,REST,Standard,1
2025,12,MERCEDES,09,Burgos,Private,ICE,UKL2,FOCUS SEGMENT,Standard,4
2025,12,MERCEDES,09,Burgos,Private,PHEV,KKL,FOCUS SEGMENT,Standard,1
2025,12,MERCEDES,09,Burgos,Private,PHEV,MKL,FOCUS SEGMENT,Standard,1
2025,12,MG,09,Burgos,Corporate,ICE,UKL1,REST,Standard,2
2025,12,MG,09,Burgos,Private,ICE,KKL,REST,Standard,1
2025,12,MG,09,Burgos,Private,ICE,UKL1,REST,Standard,6
2025,12,MG,09,Burgos,Private,PHEV,KKL,REST,Standard,6
2025,12,MITSUBISHI,09,Burgos,Corporate,BEV,UKL2,REST,Standard,1
2025,12,MITSUBISHI,09,Burgos,Private,ICE,UKL1,REST,Standard,1
2025,12,MITSUBISHI,09,Burgos,Private,ICE,UKL2,REST,Standard,1
2025,12,MITSUBISHI,09,Burgos,Private,PHEV,KKL,REST,Standard,2
2025,12,NISSAN,09,Burgos,Corporate,BEV,UKL1,REST,Standard,1
2025,12,NISSAN,09,Burgos,Corporate,ICE,UKL1,REST,Standard,1
2025,12,NISSAN,09,Burgos,Private,BEV,UKL2,REST,Standard,1
2025,12,NISSAN,09,Burgos,Private,ICE,KKL,REST,Standard,2
2025,12,NISSAN,09,Burgos,Private,ICE,UKL1,REST,Standard,2
2025,12,NISSAN,09,Burgos,Private,ICE,UKL2,REST,Standard,3
2025,12,OMODA,09,Burgos,Corporate,ICE,UKL2,REST,Standard,2
2025,12,OMODA,09,Burgos,Corporate,PHEV,KKL,REST,Standard,4
2025,12,OMODA,09,Burgos,Private,BEV,UKL2,REST,Standard,2
2025,12,OMODA,09,Burgos,Private,ICE,UKL2,REST,Standard,3
2025,12,OMODA,09,Burgos,Private,PHEV,KKL,REST,Standard,3
2025,12,OPEL,09,Burgos,Corporate,ICE,SKL,REST,Standard,1
2025,12,PEUGEOT,09,Burgos,Corporate,ICE,UKL1,REST,Standard,4
2025,12,PEUGEOT,09,Burgos,Corporate,ICE,UKL2,REST,Standard,3
2025,12,PEUGEOT,09,Burgos,Private,ICE,SKL,REST,Standard,4
2025,12,PEUGEOT,09,Burgos,Private,ICE,UKL1,REST,Standard,3
2025,12,PEUGEOT,09,Burgos,Private,ICE,UKL2,REST,Standard,2
2025,12,PEUGEOT,09,Burgos,RAC,BEV,UKL1,REST,Standard,1
2025,12,RENAULT,09,Burgos,Corporate,ICE,UKL1,REST,Standard,8
2025,12,RENAULT,09,Burgos,Corporate,ICE,UKL2,REST,Standard,1
2025,12,RENAULT,09,Burgos,Private,BEV,UKL1,REST,Standard,3
2025,12,RENAULT,09,Burgos,Private,ICE,UKL1,REST,Standard,13
2025,12,RENAULT,09,Burgos,Private,ICE,UKL2,REST,Standard,6
2025,12,RENAULT,09,Burgos,Private,PHEV,UKL2,REST,Standard,6
2025,12,SEAT,09,Burgos,Corporate,ICE,UKL1,REST,Standard,2
2025,12,SEAT,09,Burgos,Corporate,ICE,UKL2,REST,Standard,4
2025,12,SEAT,09,Burgos,Corporate,PHEV,UKL2,REST,Standard,2
2025,12,SEAT,09,Burgos,Private,ICE,UKL1,REST,Standard,4
2025,12,SEAT,09,Burgos,Private,ICE,UKL2,REST,Standard,10
2025,12,SEAT,09,Burgos,Private,PHEV,UKL2,REST,Standard,1
2025,12,SKODA,09,Burgos,Corporate,ICE,UKL1,REST,Standard,2
2025,12,SKODA,09,Burgos,Corporate,ICE,UKL2,REST,Standard,1
2025,12,SKODA,09,Burgos,Private,BEV,UKL2,REST,Standard,1
2025,12,SKODA,09,Burgos,Private,ICE,UKL1,REST,Standard,3
2025,12,SKODA,09,Burgos,Private,ICE,UKL2,REST,Standard,2
2025,12,SKODA,09,Burgos,Private,PHEV,KKL,REST,Standard,1
2025,12,SUBARU,09,Burgos,Private,ICE,KKL,REST,Standard,1
2025,12,SUZUKI,09,Burgos,Corporate,ICE,UKL1,REST,Standard,1
2025,12,SUZUKI,09,Burgos,Private,ICE,UKL2,REST,Standard,2
2025,12,TESLA,09,Burgos,Private,BEV,KKL,FOCUS SEGMENT,Standard,7
2025,12,TOYOTA,09,Burgos,Corporate,ICE,SKL,REST,Standard,2
2025,12,TOYOTA,09,Burgos,Corporate,ICE,UKL2,REST,Standard,1
2025,12,TOYOTA,09,Burgos,Private,ICE,GKL,REST,Standard,1
2025,12,TOYOTA,09,Burgos,Private,ICE,SKL,REST,Standard,1
2025,12,TOYOTA,09,Burgos,Private,ICE,UKL1,REST,Standard,18
2025,12,TOYOTA,09,Burgos,Private,ICE,UKL2,REST,Standard,14
2025,12,TOYOTA,09,Burgos,Private,PHEV,UKL1,REST,Standard,3
2025,12,TOYOTA,09,Burgos,Private,PHEV,UKL2,REST,Standard,3
2025,12,VOLKSWAGEN,09,Burgos,Corporate,ICE,MKL,REST,Standard,1
2025,12,VOLKSWAGEN,09,Burgos,Corporate,ICE,UKL2,REST,Standard,1
2025,12,VOLKSWAGEN,09,Burgos,Private,BEV,UKL2,REST,Standard,2
2025,12,VOLKSWAGEN,09,Burgos,Private,ICE,UKL1,REST,Standard,3
2025,12,VOLKSWAGEN,09,Burgos,Private,ICE,UKL2,REST,Standard,10
2025,12,VOLKSWAGEN,09,Burgos,Private,PHEV,UKL2,REST,Standard,1
2025,12,VOLVO,09,Burgos,Corporate,ICE,KKL,FOCUS SEGMENT,Standard,1
2025,12,VOLVO,09,Burgos,Private,BEV,UKL1,FOCUS SEGMENT,Standard,3
2025,12,VOLVO,09,Burgos,Private,ICE,KKL,FOCUS SEGMENT,Standard,2
2025,12,VOLVO,09,Burgos,Private,ICE,UKL2,FOCUS SEGMENT,Standard,1
2025,12,VOLVO,09,Burgos,Private,PHEV,KKL,FOCUS SEGMENT,Standard,2
2025,12,AUDI,10,Cáceres,Corporate,ICE,KKL,FOCUS SEGMENT,Standard,1
2025,12,AUDI,10,Cáceres,Corporate,ICE,MKL,FOCUS SEGMENT,Standard,1
2025,12,AUDI,10,Cáceres,Corporate,ICE,UKL2,FOCUS SEGMENT,Standard,2
2025,12,AUDI,10,Cáceres,Corporate,PHEV,UKL2,FOCUS SEGMENT,Standard,1
2025,12,AUDI,10,Cáceres,Private,ICE,KKL,FOCUS SEGMENT,Standard,1
2025,12,AUDI,10,Cáceres,Private,ICE,UKL2,FOCUS SEGMENT,Standard,5
2025,12,AUDI,10,Cáceres,Private,PHEV,KKL,FOCUS SEGMENT,Standard,1
2025,12,AUDI,10,Cáceres,Private,PHEV,UKL2,FOCUS SEGMENT,Standard,1
2025,12,BMW,10,Cáceres,Corporate,ICE,UKL2,FOCUS SEGMENT,Standard,1
2025,12,BMW,10,Cáceres,Private,BEV,UKL2,FOCUS SEGMENT,Standard,1
2025,12,BMW,10,Cáceres,Private,ICE,KKL,FOCUS SEGMENT,Standard,2
2025,12,BMW,10,Cáceres,Private,ICE,UKL2,FOCUS SEGMENT,Standard,8
2025,12,BYD,10,Cáceres,Corporate,PHEV,KKL,REST,Standard,4
2025,12,BYD,10,Cáceres,Private,BEV,KKL,REST,Standard,4
2025,12,BYD,10,Cáceres,Private,BEV,UKL0,REST,Standard,8
2025,12,BYD,10,Cáceres,Private,BEV,UKL1,REST,Standard,1
2025,12,BYD,10,Cáceres,Private,PHEV,KKL,REST,Standard,1
2025,12,BYD,10,Cáceres,RAC,BEV,UKL0,REST,Standard,1
2025,12,CITROEN,10,Cáceres,Corporate,ICE,SKL,REST,Standard,1
2025,12,CITROEN,10,Cáceres,Corporate,ICE,UKL2,REST,Standard,34
2025,12,CITROEN,10,Cáceres,Private,ICE,UKL1,REST,Standard,4
2025,12,CITROEN,10,Cáceres,Private,ICE,UKL2,REST,Standard,1
2025,12,CUPRA,10,Cáceres,Corporate,ICE,UKL2,REST,Standard,13
2025,12,CUPRA,10,Cáceres,Corporate,PHEV,UKL2,REST,Standard,2
2025,12,CUPRA,10,Cáceres,Private,ICE,UKL2,REST,Standard,1
2025,12,CUPRA,10,Cáceres,Private,PHEV,UKL2,REST,Standard,1
2025,12,DACIA,10,Cáceres,Corporate,ICE,UKL1,REST,Standard,4
2025,12,DACIA,10,Cáceres,Private,ICE,SKL,REST,Standard,2
2025,12,DACIA,10,Cáceres,Private,ICE,UKL1,REST,Standard,10
2025,12,DACIA,10,Cáceres,Private,ICE,UKL2,REST,Standard,5
2025,12,EBRO,10,Cáceres,Private,ICE,UKL2,REST,Standard,8
2025,12,FORD,10,Cáceres,Corporate,ICE,UKL2,REST,Standard,1
2025,12,FORD,10,Cáceres,Corporate,PHEV,UKL2,REST,Standard,1
2025,12,FORD,10,Cáceres,Private,ICE,SKL,REST,Standard,1
2025,12,FORD,10,Cáceres,Private,ICE,UKL1,REST,Standard,1
2025,12,FORD,10,Cáceres,Private,PHEV,SKL,REST,Standard,1
2025,12,FORD,10,Cáceres,Private,PHEV,UKL2,REST,Standard,1
2025,12,HYUNDAI,10,Cáceres,Corporate,ICE,UKL1,REST,Standard,74
2025,12,HYUNDAI,10,Cáceres,Corporate,PHEV,UKL2,REST,Standard,1
2025,12,HYUNDAI,10,Cáceres,Private,BEV,UKL1,REST,Standard,1
2025,12,HYUNDAI,10,Cáceres,Private,BEV,UKL2,REST,Standard,1
2025,12,HYUNDAI,10,Cáceres,Private,ICE,MKL,REST,Standard,1
2025,12,HYUNDAI,10,Cáceres,Private,ICE,UKL0,REST,Standard,1
2025,12,HYUNDAI,10,Cáceres,Private,ICE,UKL1,REST,Standard,7
2025,12,HYUNDAI,10,Cáceres,Private,ICE,UKL2,REST,Standard,8
2025,12,HYUNDAI,10,Cáceres,Private,PHEV,UKL2,REST,Standard,8
2025,12,JAECOO,10,Cáceres,Private,BEV,UKL1,REST,Standard,1
2025,12,JAECOO,10,Cáceres,Private,ICE,UKL2,REST,Standard,7
2025,12,JAECOO,10,Cáceres,Private,PHEV,UKL2,REST,Standard,3
2025,12,JEEP,10,Cáceres,Corporate,ICE,UKL2,REST,Standard,1
2025,12,KIA,10,Cáceres,Corporate,BEV,UKL1,REST,Standard,1
2025,12,KIA,10,Cáceres,Corporate,ICE,UKL1,REST,Standard,2
2025,12,KIA,10,Cáceres,Corporate,ICE,UKL2,REST,Standard,2
2025,12,KIA,10,Cáceres,Private,BEV,UKL1,REST,Standard,1
2025,12,KIA,10,Cáceres,Private,BEV,UKL2,REST,Standard,1
2025,12,KIA,10,Cáceres,Private,ICE,UKL1,REST,Standard,3
2025,12,KIA,10,Cáceres,Private,ICE,UKL2,REST,Standard,18
2025,12,LAND ROVER,10,Cáceres,Private,PHEV,MKL,FOCUS SEGMENT,Standard,1
2025,12,LYNK & CO,10,Cáceres,Corporate,PHEV,UKL2,REST,Standard,1
2025,12,MAZDA,10,Cáceres,Corporate,PHEV,KKL,REST,Standard,1
2025,12,MAZDA,10,Cáceres,Private,BEV,MKL,REST,Standard,2
2025,12,MAZDA,10,Cáceres,Private,ICE,UKL2,REST,Standard,6
2025,12,MERCEDES,10,Cáceres,Corporate,ICE,KKL,FOCUS SEGMENT,Standard,1
2025,12,MERCEDES,10,Cáceres,Corporate,ICE,UKL2,FOCUS SEGMENT,Standard,1
2025,12,MERCEDES,10,Cáceres,Corporate,PHEV,KKL,FOCUS SEGMENT,Standard,1
2025,12,MERCEDES,10,Cáceres,Corporate,PHEV,UKL2,FOCUS SEGMENT,Standard,1
2025,12,MERCEDES,10,Cáceres,Private,ICE,KKL,FOCUS SEGMENT,Standard,1
2025,12,MERCEDES,10,Cáceres,Private,PHEV,KKL,FOCUS SEGMENT,Standard,1
2025,12,MERCEDES,10,Cáceres,Private,PHEV,UKL2,FOCUS SEGMENT,Standard,1
2025,12,MG,10,Cáceres,Private,ICE,KKL,REST,Standard,2
2025,12,MG,10,Cáceres,Private,ICE,UKL1,REST,Standard,12
2025,12,MG,10,Cáceres,Private,PHEV,KKL,REST,Standard,2
2025,12,MITSUBISHI,10,Cáceres,Corporate,ICE,UKL1,REST,Standard,1
2025,12,MITSUBISHI,10,Cáceres,Private,PHEV,KKL,REST,Standard,1
2025,12,NISSAN,10,Cáceres,Corporate,ICE,KKL,REST,Standard,1
2025,12,NISSAN,10,Cáceres,Private,ICE,KKL,REST,Standard,2
2025,12,NISSAN,10,Cáceres,Private,ICE,UKL2,REST,Standard,4
2025,12,OMODA,10,Cáceres,Private,ICE,UKL2,REST,Standard,13
2025,12,OMODA,10,Cáceres,Private,PHEV,KKL,REST,Standard,2
2025,12,OPEL,10,Cáceres,Corporate,ICE,UKL1,REST,Standard,5
2025,12,PEUGEOT,10,Cáceres,Corporate,PHEV,KKL,REST,Standard,1
2025,12,PEUGEOT,10,Cáceres,Corporate,PHEV,UKL2,REST,Standard,1
2025,12,PEUGEOT,10,Cáceres,Private,ICE,SKL,REST,Standard,1
2025,12,PEUGEOT,10,Cáceres,Private,ICE,UKL1,REST,Standard,2
2025,12,PEUGEOT,10,Cáceres,Private,ICE,UKL2,REST,Standard,1
2025,12,RENAULT,10,Cáceres,Corporate,ICE,UKL1,REST,Standard,1
2025,12,RENAULT,10,Cáceres,Corporate,ICE,UKL2,REST,Standard,1
2025,12,RENAULT,10,Cáceres,Private,BEV,UKL1,REST,Standard,1
2025,12,RENAULT,10,Cáceres,Private,ICE,UKL1,REST,Standard,13
2025,12,RENAULT,10,Cáceres,Private,ICE,UKL2,REST,Standard,7
2025,12,RENAULT,10,Cáceres,Private,PHEV,UKL2,REST,Standard,3
2025,12,SEAT,10,Cáceres,Corporate,ICE,UKL1,REST,Standard,5
2025,12,SEAT,10,Cáceres,Corporate,ICE,UKL2,REST,Standard,9
2025,12,SEAT,10,Cáceres,Private,ICE,UKL1,REST,Standard,4
2025,12,SEAT,10,Cáceres,Private,ICE,UKL2,REST,Standard,3
2025,12,SEAT,10,Cáceres,Private,PHEV,UKL2,REST,Standard,1
2025,12,SKODA,10,Cáceres,Private,BEV,UKL2,REST,Standard,1
2025,12,SKODA,10,Cáceres,Private,ICE,KKL,REST,Standard,1
2025,12,SKODA,10,Cáceres,Private,ICE,UKL1,REST,Standard,3
2025,12,SKODA,10,Cáceres,Private,ICE,UKL2,REST,Standard,1
2025,12,TESLA,10,Cáceres,Corporate,BEV,KKL,FOCUS SEGMENT,Standard,1
2025,12,TESLA,10,Cáceres,Private,BEV,KKL,FOCUS SEGMENT,Standard,4
2025,12,TOYOTA,10,Cáceres,Corporate,ICE,UKL1,REST,Standard,2
2025,12,TOYOTA,10,Cáceres,Corporate,ICE,UKL2,REST,Standard,2
2025,12,TOYOTA,10,Cáceres,Corporate,PHEV,UKL2,REST,Standard,1
2025,12,TOYOTA,10,Cáceres,Private,ICE,SKL,REST,Standard,1
2025,12,TOYOTA,10,Cáceres,Private,ICE,UKL1,REST,Standard,16
2025,12,TOYOTA,10,Cáceres,Private,ICE,UKL2,REST,Standard,16
2025,12,TOYOTA,10,Cáceres,Private,PHEV,UKL1,REST,Standard,1
2025,12,TOYOTA,10,Cáceres,Private,PHEV,UKL2,REST,Standard,2
2025,12,VOLKSWAGEN,10,Cáceres,Corporate,BEV,UKL2,REST,Standard,1
2025,12,VOLKSWAGEN,10,Cáceres,Corporate,PHEV,SKL,REST,Standard,1
2025,12,VOLKSWAGEN,10,Cáceres,Private,BEV,UKL2,REST,Standard,1
2025,12,VOLKSWAGEN,10,Cáceres,Private,ICE,SKL,REST,Standard,1
2025,12,VOLKSWAGEN,10,Cáceres,Private,ICE,UKL1,REST,Standard,13
2025,12,VOLKSWAGEN,10,Cáceres,Private,ICE,UKL2,REST,Standard,12
2025,12,VOLKSWAGEN,10,Cáceres,Private,PHEV,UKL2,REST,Standard,1
2025,12,VOLVO,10,Cáceres,Corporate,ICE,KKL,FOCUS SEGMENT,Standard,3
2025,12,VOLVO,10,Cáceres,Corporate,ICE,UKL2,FOCUS SEGMENT,Standard,2
2025,12,VOLVO,10,Cáceres,Corporate,PHEV,MKL,FOCUS SEGMENT,Standard,1
2025,12,VOLVO,10,Cáceres,Private,ICE,UKL2,FOCUS SEGMENT,Standard,5
2025,12,ALFA ROMEO,11,Cádiz,Private,ICE,UKL1,REST,Standard,1
2025,12,AUDI,11,Cádiz,Corporate,BEV,UKL2,FOCUS SEGMENT,Standard,1
2025,12,AUDI,11,Cádiz,Corporate,ICE,KKL,FOCUS SEGMENT,Standard,3
2025,12,AUDI,11,Cádiz,Corporate,ICE,MKL,FOCUS SEGMENT,Standard,1
2025,12,AUDI,11,Cádiz,Corporate,ICE,UKL1,FOCUS SEGMENT,Standard,1
2025,12,AUDI,11,Cádiz,Corporate,ICE,UKL2,FOCUS SEGMENT,Standard,6
2025,12,AUDI,11,Cádiz,Corporate,PHEV,KKL,FOCUS SEGMENT,Standard,2
2025,12,AUDI,11,Cádiz,Corporate,PHEV,MKL,FOCUS SEGMENT,Standard,1
2025,12,AUDI,11,Cádiz,Corporate,PHEV,UKL2,FOCUS SEGMENT,Standard,2
2025,12,AUDI,11,Cádiz,Private,BEV,KKL,FOCUS SEGMENT,Standard,1
2025,12,AUDI,11,Cádiz,Private,BEV,UKL2,FOCUS SEGMENT,Standard,2
2025,12,AUDI,11,Cádiz,Private,ICE,KKL,FOCUS SEGMENT,Standard,2
2025,12,AUDI,11,Cádiz,Private,ICE,UKL1,FOCUS SEGMENT,Standard,12
2025,12,AUDI,11,Cádiz,Private,ICE,UKL2,FOCUS SEGMENT,Standard,12
2025,12,AUDI,11,Cádiz,Private,PHEV,KKL,FOCUS SEGMENT,Standard,1
2025,12,AUDI,11,Cádiz,Private,PHEV,UKL2,FOCUS SEGMENT,Standard,1
2025,12,BMW,11,Cádiz,Corporate,BEV,UKL2,FOCUS SEGMENT,Standard,1
2025,12,BMW,11,Cádiz,Corporate,ICE,,REST,Standard,1
2025,12,BMW,11,Cádiz,Corporate,ICE,KKL,FOCUS SEGMENT,Standard,3
2025,12,BMW,11,Cádiz,Corporate,ICE,MKL,FOCUS SEGMENT,Standard,2
2025,12,BMW,11,Cádiz,Corporate,ICE,UKL2,FOCUS SEGMENT,Standard,7
2025,12,BMW,11,Cádiz,Corporate,PHEV,GKL,FOCUS SEGMENT,M,1
2025,12,BMW,11,Cádiz,Corporate,PHEV,KKL,FOCUS SEGMENT,Standard,1
2025,12,BMW,11,Cádiz,Corporate,PHEV,MKL,FOCUS SEGMENT,Standard,1
2025,12,BMW,11,Cádiz,Private,BEV,KKL,FOCUS SEGMENT,Standard,1
2025,12,BMW,11,Cádiz,Private,BEV,UKL2,FOCUS SEGMENT,Standard,2
2025,12,BMW,11,Cádiz,Private,ICE,GKL,FOCUS SEGMENT,Standard,1
2025,12,BMW,11,Cádiz,Private,ICE,KKL,FOCUS SEGMENT,Standard,3
2025,12,BMW,11,Cádiz,Private,ICE,UKL2,FOCUS SEGMENT,Standard,18
2025,12,BMW,11,Cádiz,Private,PHEV,UKL2,FOCUS SEGMENT,Standard,7
2025,12,BYD,11,Cádiz,Corporate,BEV,UKL0,REST,Standard,1
2025,12,BYD,11,Cádiz,Corporate,PHEV,KKL,REST,Standard,1
2025,12,BYD,11,Cádiz,Private,BEV,KKL,REST,Standard,3
2025,12,BYD,11,Cádiz,Private,BEV,UKL0,REST,Standard,8
2025,12,BYD,11,Cádiz,Private,BEV,UKL1,REST,Standard,7
2025,12,BYD,11,Cádiz,Private,PHEV,KKL,REST,Standard,9
2025,12,CADILLAC,11,Cádiz,Corporate,ICE,,REST,Standard,1
2025,12,CHEVROLET,11,Cádiz,Corporate,ICE,,REST,Standard,3
2025,12,CITROEN,11,Cádiz,Corporate,ICE,SKL,REST,Standard,4
2025,12,CITROEN,11,Cádiz,Corporate,ICE,UKL1,REST,Standard,1
2025,12,CITROEN,11,Cádiz,Corporate,ICE,UKL2,REST,Standard,6
2025,12,CITROEN,11,Cádiz,Private,BEV,UKL1,REST,Standard,1
2025,12,CITROEN,11,Cádiz,Private,ICE,SKL,REST,Standard,5
2025,12,CITROEN,11,Cádiz,Private,ICE,UKL1,REST,Standard,16
2025,12,CITROEN,11,Cádiz,Private,ICE,UKL2,REST,Standard,15
2025,12,CUPRA,11,Cádiz,Corporate,ICE,UKL2,REST,Standard,2
2025,12,CUPRA,11,Cádiz,Corporate,PHEV,UKL2,REST,Standard,4
2025,12,CUPRA,11,Cádiz,Private,BEV,UKL2,REST,Standard,1
2025,12,CUPRA,11,Cádiz,Private,ICE,UKL2,REST,Standard,6
2025,12,CUPRA,11,Cádiz,Private,PHEV,UKL2,REST,Standard,1
2025,12,DACIA,11,Cádiz,Corporate,ICE,SKL,REST,Standard,6
2025,12,DACIA,11,Cádiz,Corporate,ICE,UKL1,REST,Standard,4
2025,12,DACIA,11,Cádiz,Corporate,ICE,UKL2,REST,Standard,6
2025,12,DACIA,11,Cádiz,Private,BEV,UKL0,REST,Standard,1
2025,12,DACIA,11,Cádiz,Private,ICE,SKL,REST,Standard,19
2025,12,DACIA,11,Cádiz,Private,ICE,UKL1,REST,Standard,71
2025,12,DACIA,11,Cádiz,Private,ICE,UKL2,REST,Standard,40
2025,12,DFSK,11,Cádiz,Private,ICE,,,Standard,1
2025,12,EBRO,11,Cádiz,Corporate,ICE,KKL,REST,Standard,3
2025,12,EBRO,11,Cádiz,Corporate,PHEV,KKL,REST,Standard,1
2025,12,EBRO,11,Cádiz,Corporate,PHEV,UKL2,REST,Standard,3
2025,12,EBRO,11,Cádiz,Private,ICE,KKL,REST,Standard,2
2025,12,EBRO,11,Cádiz,Private,ICE,UKL2,REST,Standard,27
2025,12,EBRO,11,Cádiz,Private,PHEV,KKL,REST,Standard,4
2025,12,EBRO,11,Cádiz,Private,PHEV,UKL2,REST,Standard,9
2025,12,EVO,11,Cádiz,Private,ICE,UKL1,REST,Standard,1
2025,12,EVO,11,Cádiz,Private,ICE,UKL2,REST,Standard,1
2025,12,FERRARI,11,Cádiz,Corporate,ICE,GKL+,FOCUS SEGMENT,Standard,1
2025,12,FIAT,11,Cádiz,Corporate,ICE,UKL1,REST,Standard,1
2025,12,FIAT,11,Cádiz,Private,BEV,UKL0,REST,Standard,1
2025,12,FIAT,11,Cádiz,Private,ICE,UKL1,REST,Standard,1
2025,12,FIAT,11,Cádiz,Private,ICE,UKL2,REST,Standard,1
2025,12,FORD,11,Cádiz,Corporate,BEV,SKL,REST,Standard,1
2025,12,FORD,11,Cádiz,Corporate,BEV,UKL1,REST,Standard,1
2025,12,FORD,11,Cádiz,Corporate,ICE,MKL,REST,Standard,1
2025,12,FORD,11,Cádiz,Corporate,ICE,UKL1,REST,Standard,1
2025,12,FORD,11,Cádiz,Private,BEV,UKL1,REST,Standard,2
2025,12,FORD,11,Cádiz,Private,ICE,SKL,REST,Standard,2
2025,12,FORD,11,Cádiz,Private,ICE,UKL1,REST,Standard,4
2025,12,FORD,11,Cádiz,Private,ICE,UKL2,REST,Standard,1
2025,12,FORD,11,Cádiz,Private,PHEV,UKL2,REST,Standard,11
2025,12,HONDA,11,Cádiz,Corporate,ICE,KKL,REST,Standard,2
2025,12,HONDA,11,Cádiz,Private,ICE,UKL1,REST,Standard,1
2025,12,HONDA,11,Cádiz,Private,ICE,UKL2,REST,Standard,2
2025,12,HYUNDAI,11,Cádiz,Corporate,BEV,UKL2,REST,Standard,1
2025,12,HYUNDAI,11,Cádiz,Corporate,ICE,MKL,REST,Standard,1
2025,12,HYUNDAI,11,Cádiz,Corporate,ICE,UKL0,REST,Standard,4
2025,12,HYUNDAI,11,Cádiz,Corporate,ICE,UKL1,REST,Standard,19
2025,12,HYUNDAI,11,Cádiz,Corporate,ICE,UKL2,REST,Standard,15
2025,12,HYUNDAI,11,Cádiz,Corporate,PHEV,MKL,REST,Standard,1
2025,12,HYUNDAI,11,Cádiz,Private,BEV,UKL1,REST,Standard,2
2025,12,HYUNDAI,11,Cádiz,Private,BEV,UKL2,REST,Standard,4
2025,12,HYUNDAI,11,Cádiz,Private,ICE,MKL,REST,Standard,1
2025,12,HYUNDAI,11,Cádiz,Private,ICE,UKL0,REST,Standard,2
2025,12,HYUNDAI,11,Cádiz,Private,ICE,UKL1,REST,Standard,39
2025,12,HYUNDAI,11,Cádiz,Private,ICE,UKL2,REST,Standard,45
2025,12,HYUNDAI,11,Cádiz,Private,PHEV,UKL2,REST,Standard,6
2025,12,JAECOO,11,Cádiz,Corporate,ICE,UKL2,REST,Standard,2
2025,12,JAECOO,11,Cádiz,Corporate,PHEV,UKL2,REST,Standard,2
2025,12,JAECOO,11,Cádiz,Private,BEV,UKL1,REST,Standard,1
2025,12,JAECOO,11,Cádiz,Private,ICE,UKL2,REST,Standard,15
2025,12,JAECOO,11,Cádiz,Private,PHEV,UKL2,REST,Standard,7
2025,12,JEEP,11,Cádiz,Corporate,ICE,,REST,Standard,1
2025,12,JEEP,11,Cádiz,Corporate,ICE,UKL1,REST,Standard,4
2025,12,JEEP,11,Cádiz,Private,ICE,UKL2,REST,Standard,1
2025,12,KG MOBILITY,11,Cádiz,Corporate,ICE,MKL,REST,Standard,1
2025,12,KG MOBILITY,11,Cádiz,Private,ICE,MKL,REST,Standard,1
2025,12,KG MOBILITY,11,Cádiz,Private,ICE,UKL1,REST,Standard,1
2025,12,KG MOBILITY,11,Cádiz,Private,ICE,UKL2,REST,Standard,4
2025,12,KIA,11,Cádiz,Corporate,BEV,SKL,REST,Standard,1
2025,12,KIA,11,Cádiz,Corporate,ICE,,REST,Standard,1
2025,12,KIA,11,Cádiz,Corporate,ICE,KKL,REST,Standard,1
2025,12,KIA,11,Cádiz,Corporate,ICE,UKL1,REST,Standard,7
2025,12,KIA,11,Cádiz,Corporate,ICE,UKL2,REST,Standard,3
2025,12,KIA,11,Cádiz,Corporate,PHEV,UKL2,REST,Standard,3
2025,12,KIA,11,Cádiz,Private,BEV,SKL,REST,Standard,1
2025,12,KIA,11,Cádiz,Private,BEV,UKL1,REST,Standard,4
2025,12,KIA,11,Cádiz,Private,ICE,UKL0,REST,Standard,2
2025,12,KIA,11,Cádiz,Private,ICE,UKL1,REST,Standard,15
2025,12,KIA,11,Cádiz,Private,ICE,UKL2,REST,Standard,29
2025,12,LAND ROVER,11,Cádiz,Corporate,ICE,GKL,FOCUS SEGMENT,Standard,1
2025,12,LAND ROVER,11,Cádiz,Corporate,PHEV,MKL,FOCUS SEGMENT,Standard,1
2025,12,LAND ROVER,11,Cádiz,Corporate,PHEV,UKL2,FOCUS SEGMENT,Standard,1
2025,12,LAND ROVER,11,Cádiz,Private,ICE,MKL,FOCUS SEGMENT,Standard,2
2025,12,LEAPMOTOR,11,Cádiz,Private,BEV,MKL,REST,Standard,1
2025,12,LEXUS,11,Cádiz,Corporate,PHEV,KKL,FOCUS SEGMENT,Standard,1
2025,12,LEXUS,11,Cádiz,Private,ICE,KKL,FOCUS SEGMENT,Standard,1
2025,12,LEXUS,11,Cádiz,Private,ICE,MKL,FOCUS SEGMENT,Standard,1
2025,12,LEXUS,11,Cádiz,Private,ICE,UKL1,FOCUS SEGMENT,Standard,1
2025,12,LEXUS,11,Cádiz,Private,ICE,UKL2,FOCUS SEGMENT,Standard,2
2025,12,LEXUS,11,Cádiz,Private,PHEV,KKL,FOCUS SEGMENT,Standard,1
2025,12,LINCOLN,11,Cádiz,Corporate,ICE,,REST,Standard,1
2025,12,LIVAN,11,Cádiz,Private,ICE,UKL1,REST,Standard,1
2025,12,LYNK & CO,11,Cádiz,Private,PHEV,UKL2,REST,Standard,1
2025,12,MAZDA,11,Cádiz,Corporate,ICE,KKL,REST,Standard,1
2025,12,MAZDA,11,Cádiz,Corporate,ICE,UKL1,REST,Standard,2
2025,12,MAZDA,11,Cádiz,Corporate,ICE,UKL2,REST,Standard,7
2025,12,MAZDA,11,Cádiz,Private,BEV,MKL,REST,Standard,2
2025,12,MAZDA,11,Cádiz,Private,ICE,KKL,REST,Standard,3
2025,12,MAZDA,11,Cádiz,Private,ICE,UKL1,REST,Standard,1
2025,12,MAZDA,11,Cádiz,Private,ICE,UKL2,REST,Standard,20
2025,12,MAZDA,11,Cádiz,Private,PHEV,KKL,REST,Standard,4
2025,12,MERCEDES,11,Cádiz,Corporate,ICE,GKL,FOCUS SEGMENT,Standard,1
2025,12,MERCEDES,11,Cádiz,Corporate,ICE,KKL,FOCUS SEGMENT,Standard,1
2025,12,MERCEDES,11,Cádiz,Corporate,ICE,MKL,FOCUS SEGMENT,Standard,3
2025,12,MERCEDES,11,Cádiz,Corporate,ICE,MKL,REST,Standard,2
2025,12,MERCEDES,11,Cádiz,Corporate,ICE,UKL2,FOCUS SEGMENT,Standard,8
2025,12,MERCEDES,11,Cádiz,Corporate,PHEV,KKL,FOCUS SEGMENT,Standard,12
2025,12,MERCEDES,11,Cádiz,Corporate,PHEV,MKL,FOCUS SEGMENT,Standard,2
2025,12,MERCEDES,11,Cádiz,Corporate,PHEV,UKL2,FOCUS SEGMENT,Standard,3
2025,12,MERCEDES,11,Cádiz,Private,BEV,UKL2,FOCUS SEGMENT,Standard,4
2025,12,MERCEDES,11,Cádiz,Private,ICE,KKL,FOCUS SEGMENT,Standard,3
2025,12,MERCEDES,11,Cádiz,Private,ICE,SKL,REST,Standard,1
2025,12,MERCEDES,11,Cádiz,Private,ICE,UKL2,FOCUS SEGMENT,Standard,8
2025,12,MERCEDES,11,Cádiz,Private,PHEV,KKL,FOCUS SEGMENT,Standard,3
2025,12,MERCEDES,11,Cádiz,Private,PHEV,UKL2,FOCUS SEGMENT,Standard,3
2025,12,MG,11,Cádiz,Corporate,ICE,UKL1,REST,Standard,1
2025,12,MG,11,Cádiz,Private,BEV,UKL2,REST,Standard,1
2025,12,MG,11,Cádiz,Private,ICE,KKL,REST,Standard,2
2025,12,MG,11,Cádiz,Private,ICE,UKL1,REST,Standard,31
2025,12,MG,11,Cádiz,Private,PHEV,KKL,REST,Standard,10
2025,12,MINI,11,Cádiz,Corporate,BEV,UKL1,FOCUS SEGMENT,Standard,1
2025,12,MINI,11,Cádiz,Corporate,ICE,UKL1,FOCUS SEGMENT,Standard,1
2025,12,MINI,11,Cádiz,Private,BEV,UKL1,FOCUS SEGMENT,Standard,2
2025,12,MINI,11,Cádiz,Private,BEV,UKL2,FOCUS SEGMENT,Standard,1
2025,12,MINI,11,Cádiz,Private,ICE,UKL1,FOCUS SEGMENT,Standard,1
2025,12,MITSUBISHI,11,Cádiz,Corporate,BEV,UKL2,REST,Standard,1
2025,12,MITSUBISHI,11,Cádiz,Corporate,PHEV,KKL,REST,Standard,1
2025,12,MITSUBISHI,11,Cádiz,Private,ICE,UKL1,REST,Standard,1
2025,12,MITSUBISHI,11,Cádiz,Private,ICE,UKL2,REST,Standard,2
2025,12,MITSUBISHI,11,Cádiz,Private,PHEV,KKL,REST,Standard,2
2025,12,MOKE INTERNATIONAL LTD,11,Cádiz,Private,BEV,,REST,Standard,1
2025,12,MOKE INTERNATIONAL LTD,11,Cádiz,RAC,BEV,,REST,Standard,1
2025,12,NISSAN,11,Cádiz,Corporate,BEV,UKL1,REST,Standard,4
2025,12,NISSAN,11,Cádiz,Corporate,BEV,UKL2,REST,Standard,1
2025,12,NISSAN,11,Cádiz,Corporate,ICE,,REST,Standard,3
2025,12,NISSAN,11,Cádiz,Corporate,ICE,KKL,REST,Standard,2
2025,12,NISSAN,11,Cádiz,Corporate,ICE,UKL1,REST,Standard,3
2025,12,NISSAN,11,Cádiz,Corporate,ICE,UKL2,REST,Standard,4
2025,12,NISSAN,11,Cádiz,Private,BEV,UKL1,REST,Standard,2
2025,12,NISSAN,11,Cádiz,Private,ICE,KKL,REST,Standard,9
2025,12,NISSAN,11,Cádiz,Private,ICE,UKL1,REST,Standard,10
2025,12,NISSAN,11,Cádiz,Private,ICE,UKL2,REST,Standard,27
2025,12,OMODA,11,Cádiz,Corporate,ICE,UKL2,REST,Standard,6
2025,12,OMODA,11,Cádiz,Corporate,PHEV,KKL,REST,Standard,2
2025,12,OMODA,11,Cádiz,Private,BEV,UKL2,REST,Standard,3
2025,12,OMODA,11,Cádiz,Private,ICE,UKL2,REST,Standard,17
2025,12,OMODA,11,Cádiz,Private,PHEV,KKL,REST,Standard,5
2025,12,OPEL,11,Cádiz,Corporate,ICE,SKL,REST,Standard,3
2025,12,OPEL,11,Cádiz,Corporate,ICE,UKL1,REST,Standard,4
2025,12,OPEL,11,Cádiz,Private,ICE,KKL,REST,Standard,7
2025,12,OPEL,11,Cádiz,Private,ICE,UKL1,REST,Standard,11
2025,12,OPEL,11,Cádiz,Private,ICE,UKL2,REST,Standard,2
2025,12,PEUGEOT,11,Cádiz,Corporate,ICE,SKL,REST,Standard,3
2025,12,PEUGEOT,11,Cádiz,Corporate,ICE,UKL2,REST,Standard,1
2025,12,PEUGEOT,11,Cádiz,Private,BEV,UKL1,REST,Standard,2
2025,12,PEUGEOT,11,Cádiz,Private,BEV,UKL2,REST,Standard,1
2025,12,PEUGEOT,11,Cádiz,Private,ICE,KKL,REST,Standard,1
2025,12,PEUGEOT,11,Cádiz,Private,ICE,SKL,REST,Standard,13
2025,12,PEUGEOT,11,Cádiz,Private,ICE,UKL1,REST,Standard,25
2025,12,PEUGEOT,11,Cádiz,Private,ICE,UKL2,REST,Standard,12
2025,12,PEUGEOT,11,Cádiz,Private,PHEV,UKL2,REST,Standard,1
2025,12,POLESTAR,11,Cádiz,Private,BEV,KKL,FOCUS SEGMENT,Standard,2
2025,12,RENAULT,11,Cádiz,Corporate,BEV,UKL1,REST,Standard,1
2025,12,RENAULT,11,Cádiz,Corporate,BEV,UKL2,REST,Standard,1
2025,12,RENAULT,11,Cádiz,Corporate,ICE,SKL,REST,Standard,1
2025,12,RENAULT,11,Cádiz,Corporate,ICE,UKL1,REST,Standard,20
2025,12,RENAULT,11,Cádiz,Corporate,ICE,UKL2,REST,Standard,7
2025,12,RENAULT,11,Cádiz,Corporate,PHEV,UKL2,REST,Standard,1
2025,12,RENAULT,11,Cádiz,Private,BEV,UKL1,REST,Standard,2
2025,12,RENAULT,11,Cádiz,Private,ICE,KKL,REST,Standard,6
2025,12,RENAULT,11,Cádiz,Private,ICE,UKL1,REST,Standard,70
2025,12,RENAULT,11,Cádiz,Private,ICE,UKL2,REST,Standard,28
2025,12,RENAULT,11,Cádiz,Private,PHEV,UKL2,REST,Standard,3
2025,12,SEAT,11,Cádiz,Corporate,ICE,UKL1,REST,Standard,17
2025,12,SEAT,11,Cádiz,Corporate,ICE,UKL2,REST,Standard,10
2025,12,SEAT,11,Cádiz,Corporate,PHEV,UKL2,REST,Standard,2
2025,12,SEAT,11,Cádiz,Private,ICE,UKL1,REST,Standard,73
2025,12,SEAT,11,Cádiz,Private,ICE,UKL2,REST,Standard,39
2025,12,SHINERAY,11,Cádiz,Private,ICE,MKL,REST,Standard,2
2025,12,SKODA,11,Cádiz,Corporate,ICE,UKL2,REST,Standard,3
2025,12,SKODA,11,Cádiz,Private,BEV,UKL2,REST,Standard,3
2025,12,SKODA,11,Cádiz,Private,ICE,KKL,REST,Standard,5
2025,12,SKODA,11,Cádiz,Private,ICE,UKL1,REST,Standard,40
2025,12,SKODA,11,Cádiz,Private,ICE,UKL2,REST,Standard,30
2025,12,SKODA,11,Cádiz,Private,PHEV,KKL,REST,Standard,1
2025,12,SMART,11,Cádiz,Private,BEV,KKL,FOCUS SEGMENT,Standard,1
2025,12,SUBARU,11,Cádiz,Corporate,ICE,KKL,REST,Standard,3
2025,12,SUBARU,11,Cádiz,Corporate,ICE,UKL2,REST,Standard,1
2025,12,SUBARU,11,Cádiz,Private,ICE,KKL,REST,Standard,1
2025,12,SUBARU,11,Cádiz,Private,ICE,UKL2,REST,Standard,1
2025,12,SUZUKI,11,Cádiz,Corporate,ICE,UKL1,REST,Standard,7
2025,12,SUZUKI,11,Cádiz,Corporate,ICE,UKL2,REST,Standard,1
2025,12,SUZUKI,11,Cádiz,Private,ICE,UKL1,REST,Standard,7
2025,12,SUZUKI,11,Cádiz,Private,ICE,UKL2,REST,Standard,6
2025,12,TESLA,11,Cádiz,Corporate,BEV,KKL,FOCUS SEGMENT,Standard,2
2025,12,TESLA,11,Cádiz,Private,BEV,KKL,FOCUS SEGMENT,Standard,21
2025,12,TOYOTA,11,Cádiz,Corporate,BEV,UKL2,REST,Standard,2
2025,12,TOYOTA,11,Cádiz,Corporate,ICE,GKL,REST,Standard,1
2025,12,TOYOTA,11,Cádiz,Corporate,ICE,MKL,REST,Standard,2
2025,12,TOYOTA,11,Cádiz,Corporate,ICE,SKL,REST,Standard,2
2025,12,TOYOTA,11,Cádiz,Corporate,ICE,UKL1,REST,Standard,7
2025,12,TOYOTA,11,Cádiz,Corporate,ICE,UKL2,REST,Standard,11
2025,12,TOYOTA,11,Cádiz,Corporate,PHEV,UKL1,REST,Standard,1
2025,12,TOYOTA,11,Cádiz,Corporate,PHEV,UKL2,REST,Standard,4
2025,12,TOYOTA,11,Cádiz,Private,ICE,GKL,REST,Standard,2
2025,12,TOYOTA,11,Cádiz,Private,ICE,SKL,REST,Standard,2
2025,12,TOYOTA,11,Cádiz,Private,ICE,UKL1,REST,Standard,77
2025,12,TOYOTA,11,Cádiz,Private,ICE,UKL2,REST,Standard,34
2025,12,TOYOTA,11,Cádiz,Private,PHEV,UKL1,REST,Standard,8
2025,12,TOYOTA,11,Cádiz,Private,PHEV,UKL2,REST,Standard,6
2025,12,VOLKSWAGEN,11,Cádiz,Corporate,ICE,,REST,Standard,2
2025,12,VOLKSWAGEN,11,Cádiz,Corporate,ICE,UKL1,REST,Standard,4
2025,12,VOLKSWAGEN,11,Cádiz,Corporate,ICE,UKL2,REST,Standard,5
2025,12,VOLKSWAGEN,11,Cádiz,Corporate,PHEV,SKL,REST,Standard,1
2025,12,VOLKSWAGEN,11,Cádiz,Corporate,PHEV,UKL2,REST,Standard,1
2025,12,VOLKSWAGEN,11,Cádiz,Private,BEV,SKL,REST,Standard,1
2025,12,VOLKSWAGEN,11,Cádiz,Private,BEV,UKL2,REST,Standard,2
2025,12,VOLKSWAGEN,11,Cádiz,Private,ICE,SKL,REST,Standard,5
2025,12,VOLKSWAGEN,11,Cádiz,Private,ICE,UKL1,REST,Standard,56
2025,12,VOLKSWAGEN,11,Cádiz,Private,ICE,UKL2,REST,Standard,51
2025,12,VOLKSWAGEN,11,Cádiz,Private,PHEV,UKL2,REST,Standard,4
2025,12,VOLVO,11,Cádiz,Corporate,BEV,UKL1,FOCUS SEGMENT,Standard,1
2025,12,VOLVO,11,Cádiz,Corporate,ICE,KKL,FOCUS SEGMENT,Standard,1
2025,12,VOLVO,11,Cádiz,Corporate,ICE,MKL,FOCUS SEGMENT,Standard,1
2025,12,VOLVO,11,Cádiz,Corporate,ICE,UKL2,FOCUS SEGMENT,Standard,12
2025,12,VOLVO,11,Cádiz,Private,ICE,KKL,FOCUS SEGMENT,Standard,3
2025,12,VOLVO,11,Cádiz,Private,ICE,MKL,FOCUS SEGMENT,Standard,1
2025,12,VOLVO,11,Cádiz,Private,ICE,UKL2,FOCUS SEGMENT,Standard,4
2025,12,AUDI,12,Castellón,Corporate,BEV,MKL,FOCUS SEGMENT,Standard,1
2025,12,AUDI,12,Castellón,Corporate,ICE,MKL,FOCUS SEGMENT,Standard,1
2025,12,AUDI,12,Castellón,Corporate,ICE,UKL2,FOCUS SEGMENT,Standard,1
2025,12,AUDI,12,Castellón,Corporate,PHEV,KKL,FOCUS SEGMENT,Standard,1
2025,12,AUDI,12,Castellón,Corporate,PHEV,UKL2,FOCUS SEGMENT,Standard,1
2025,12,AUDI,12,Castellón,Private,BEV,UKL2,FOCUS SEGMENT,Standard,2
2025,12,AUDI,12,Castellón,Private,ICE,KKL,FOCUS SEGMENT,Standard,2
2025,12,AUDI,12,Castellón,Private,ICE,UKL1,FOCUS SEGMENT,Standard,3
2025,12,AUDI,12,Castellón,Private,ICE,UKL2,FOCUS SEGMENT,Standard,9
2025,12,AUDI,12,Castellón,Private,PHEV,KKL,FOCUS SEGMENT,Standard,3
2025,12,AUDI,12,Castellón,Private,PHEV,UKL2,FOCUS SEGMENT,Standard,6
2025,12,AUDI,12,Castellón,RAC,ICE,UKL1,FOCUS SEGMENT,Standard,260
2025,12,BMW,12,Castellón,Corporate,BEV,UKL2,FOCUS SEGMENT,Standard,1
2025,12,BMW,12,Castellón,Corporate,PHEV,UKL2,FOCUS SEGMENT,Standard,1
2025,12,BMW,12,Castellón,Private,BEV,UKL2,FOCUS SEGMENT,Standard,6
2025,12,BMW,12,Castellón,Private,ICE,MKL,FOCUS SEGMENT,Standard,1
2025,12,BMW,12,Castellón,Private,ICE,UKL2,FOCUS SEGMENT,Standard,5
2025,12,BMW,12,Castellón,Private,PHEV,MKL,FOCUS SEGMENT,Standard,1
2025,12,BMW,12,Castellón,Private,PHEV,UKL2,FOCUS SEGMENT,Standard,6
2025,12,BYD,12,Castellón,Private,BEV,KKL,REST,Standard,2
2025,12,BYD,12,Castellón,Private,BEV,UKL0,REST,Standard,7
2025,12,BYD,12,Castellón,Private,BEV,UKL1,REST,Standard,6
2025,12,BYD,12,Castellón,Private,BEV,UKL2,REST,Standard,1
2025,12,BYD,12,Castellón,Private,PHEV,KKL,REST,Standard,4
2025,12,CITROEN,12,Castellón,Corporate,BEV,SKL,REST,Standard,1
2025,12,CITROEN,12,Castellón,Corporate,ICE,SKL,REST,Standard,4
2025,12,CITROEN,12,Castellón,Corporate,ICE,UKL1,REST,Standard,1
2025,12,CITROEN,12,Castellón,Corporate,ICE,UKL2,REST,Standard,3
2025,12,CITROEN,12,Castellón,Private,BEV,UKL1,REST,Standard,6
2025,12,CITROEN,12,Castellón,Private,ICE,SKL,REST,Standard,3
2025,12,CITROEN,12,Castellón,Private,ICE,UKL1,REST,Standard,13
2025,12,CITROEN,12,Castellón,Private,ICE,UKL2,REST,Standard,4
2025,12,CUPRA,12,Castellón,Corporate,ICE,UKL2,REST,Standard,3
2025,12,CUPRA,12,Castellón,Corporate,PHEV,UKL2,REST,Standard,4
2025,12,CUPRA,12,Castellón,Private,ICE,UKL2,REST,Standard,2
2025,12,CUPRA,12,Castellón,Private,PHEV,UKL2,REST,Standard,1
2025,12,DACIA,12,Castellón,Corporate,ICE,SKL,REST,Standard,11
2025,12,DACIA,12,Castellón,Corporate,ICE,UKL1,REST,Standard,2
2025,12,DACIA,12,Castellón,Corporate,ICE,UKL2,REST,Standard,1
2025,12,DACIA,12,Castellón,Private,BEV,UKL0,REST,Standard,1
2025,12,DACIA,12,Castellón,Private,ICE,SKL,REST,Standard,14
2025,12,DACIA,12,Castellón,Private,ICE,UKL1,REST,Standard,28
2025,12,DACIA,12,Castellón,Private,ICE,UKL2,REST,Standard,12
2025,12,DR,12,Castellón,Private,ICE,UKL1,REST,Standard,2
2025,12,EBRO,12,Castellón,Private,ICE,UKL2,REST,Standard,17
2025,12,EBRO,12,Castellón,Private,PHEV,KKL,REST,Standard,1
2025,12,EBRO,12,Castellón,Private,PHEV,UKL2,REST,Standard,4
2025,12,EVO,12,Castellón,Private,ICE,UKL2,REST,Standard,1
2025,12,FAW,12,Castellón,Private,ICE,,REST,Standard,1
2025,12,FIAT,12,Castellón,Private,ICE,UKL0,REST,Standard,1
2025,12,FIAT,12,Castellón,Private,ICE,UKL2,REST,Standard,1
2025,12,FORD,12,Castellón,Corporate,ICE,UKL2,REST,Standard,5
2025,12,FORD,12,Castellón,Private,ICE,UKL1,REST,Standard,5
2025,12,FORD,12,Castellón,Private,PHEV,UKL2,REST,Standard,2
2025,12,HONDA,12,Castellón,Corporate,ICE,KKL,REST,Standard,1
2025,12,HONDA,12,Castellón,Private,ICE,KKL,REST,Standard,1
2025,12,HONDA,12,Castellón,Private,ICE,UKL2,REST,Standard,2
2025,12,HYUNDAI,12,Castellón,Corporate,BEV,UKL2,REST,Standard,1
2025,12,HYUNDAI,12,Castellón,Corporate,ICE,UKL1,REST,Standard,2
2025,12,HYUNDAI,12,Castellón,Private,BEV,UKL1,REST,Standard,1
2025,12,HYUNDAI,12,Castellón,Private,ICE,UKL1,REST,Standard,11
2025,12,HYUNDAI,12,Castellón,Private,ICE,UKL2,REST,Standard,10
2025,12,HYUNDAI,12,Castellón,Private,PHEV,UKL2,REST,Standard,1
2025,12,JAECOO,12,Castellón,Corporate,ICE,UKL2,REST,Standard,1
2025,12,JAECOO,12,Castellón,Private,BEV,UKL1,REST,Standard,1
2025,12,JAECOO,12,Castellón,Private,ICE,UKL2,REST,Standard,7
2025,12,JAECOO,12,Castellón,Private,PHEV,UKL2,REST,Standard,10
2025,12,JEEP,12,Castellón,Corporate,PHEV,UKL1,REST,Standard,2
2025,12,JEEP,12,Castellón,Private,ICE,UKL1,REST,Standard,3
2025,12,JEEP,12,Castellón,Private,ICE,UKL2,REST,Standard,1
2025,12,KG MOBILITY,12,Castellón,Private,ICE,MKL,REST,Standard,2
2025,12,KG MOBILITY,12,Castellón,Private,ICE,UKL1,REST,Standard,2
2025,12,KG MOBILITY,12,Castellón,Private,ICE,UKL2,REST,Standard,1
2025,12,KIA,12,Castellón,Corporate,BEV,UKL1,REST,Standard,1
2025,12,KIA,12,Castellón,Corporate,BEV,UKL2,REST,Standard,1
2025,12,KIA,12,Castellón,Corporate,ICE,UKL1,REST,Standard,2
2025,12,KIA,12,Castellón,Corporate,ICE,UKL2,REST,Standard,2
2025,12,KIA,12,Castellón,Private,BEV,MKL,REST,Standard,1
2025,12,KIA,12,Castellón,Private,BEV,UKL1,REST,Standard,6
2025,12,KIA,12,Castellón,Private,BEV,UKL2,REST,Standard,2
2025,12,KIA,12,Castellón,Private,ICE,KKL,REST,Standard,1
2025,12,KIA,12,Castellón,Private,ICE,UKL0,REST,Standard,2
2025,12,KIA,12,Castellón,Private,ICE,UKL1,REST,Standard,8
2025,12,KIA,12,Castellón,Private,ICE,UKL2,REST,Standard,19
2025,12,KIA,12,Castellón,Private,PHEV,UKL2,REST,Standard,1
2025,12,LAND ROVER,12,Castellón,Corporate,ICE,MKL,FOCUS SEGMENT,Standard,1
2025,12,LEAPMOTOR,12,Castellón,Private,BEV,UKL2,REST,Standard,1
2025,12,LEXUS,12,Castellón,Corporate,ICE,UKL2,FOCUS SEGMENT,Standard,2
2025,12,LEXUS,12,Castellón,Private,ICE,UKL1,FOCUS SEGMENT,Standard,3
2025,12,LEXUS,12,Castellón,Private,ICE,UKL2,FOCUS SEGMENT,Standard,2
2025,12,LEXUS,12,Castellón,Private,PHEV,KKL,FOCUS SEGMENT,Standard,6
2025,12,LIVAN,12,Castellón,Private,ICE,UKL1,REST,Standard,4
2025,12,LYNK & CO,12,Castellón,Corporate,PHEV,UKL2,REST,Standard,2
2025,12,MAZDA,12,Castellón,Corporate,ICE,KKL,REST,Standard,1
2025,12,MAZDA,12,Castellón,Corporate,ICE,UKL2,REST,Standard,1
2025,12,MAZDA,12,Castellón,Private,BEV,MKL,REST,Standard,1
2025,12,MAZDA,12,Castellón,Private,ICE,UKL1,REST,Standard,2
2025,12,MAZDA,12,Castellón,Private,ICE,UKL2,REST,Standard,22
2025,12,MERCEDES,12,Castellón,Corporate,BEV,MKL,FOCUS SEGMENT,Standard,2
2025,12,MERCEDES,12,Castellón,Corporate,BEV,UKL2,FOCUS SEGMENT,Standard,1
2025,12,MERCEDES,12,Castellón,Corporate,ICE,KKL,FOCUS SEGMENT,Standard,3
2025,12,MERCEDES,12,Castellón,Corporate,ICE,MKL,FOCUS SEGMENT,Standard,1
2025,12,MERCEDES,12,Castellón,Corporate,ICE,SKL,REST,Standard,1
2025,12,MERCEDES,12,Castellón,Corporate,ICE,UKL2,FOCUS SEGMENT,Standard,4
2025,12,MERCEDES,12,Castellón,Corporate,PHEV,KKL,FOCUS SEGMENT,Standard,2
2025,12,MERCEDES,12,Castellón,Corporate,PHEV,UKL2,FOCUS SEGMENT,Standard,1
2025,12,MERCEDES,12,Castellón,Private,BEV,UKL2,FOCUS SEGMENT,Standard,3
2025,12,MERCEDES,12,Castellón,Private,ICE,MKL,FOCUS SEGMENT,Standard,1
2025,12,MERCEDES,12,Castellón,Private,ICE,UKL2,FOCUS SEGMENT,Standard,4
2025,12,MERCEDES,12,Castellón,Private,PHEV,KKL,FOCUS SEGMENT,Standard,2
2025,12,MERCEDES,12,Castellón,Private,PHEV,UKL2,FOCUS SEGMENT,Standard,5
2025,12,MERCEDES-V,12,Castellón,RAC,ICE,SKL,REST,Standard,1
2025,12,MG,12,Castellón,Corporate,ICE,UKL1,REST,Standard,10
2025,12,MG,12,Castellón,Private,ICE,KKL,REST,Standard,2
2025,12,MG,12,Castellón,Private,ICE,UKL1,REST,Standard,34
2025,12,MG,12,Castellón,Private,PHEV,KKL,REST,Standard,8
2025,12,MINI,12,Castellón,Corporate,ICE,UKL2,FOCUS SEGMENT,Standard,1
2025,12,MINI,12,Castellón,Private,BEV,UKL1,FOCUS SEGMENT,JCW,1
2025,12,MINI,12,Castellón,Private,BEV,UKL1,FOCUS SEGMENT,Standard,3
2025,12,MINI,12,Castellón,Private,BEV,UKL2,FOCUS SEGMENT,Standard,1
2025,12,MINI,12,Castellón,Private,ICE,UKL1,FOCUS SEGMENT,Standard,2
2025,12,MINI,12,Castellón,Private,ICE,UKL2,FOCUS SEGMENT,Standard,2
2025,12,MITSUBISHI,12,Castellón,Private,ICE,UKL1,REST,Standard,2
2025,12,MITSUBISHI,12,Castellón,Private,ICE,UKL2,REST,Standard,3
2025,12,NISSAN,12,Castellón,Corporate,ICE,KKL,REST,Standard,1
2025,12,NISSAN,12,Castellón,Private,ICE,SKL,REST,Standard,2
2025,12,NISSAN,12,Castellón,Private,ICE,UKL1,REST,Standard,7
2025,12,NISSAN,12,Castellón,Private,ICE,UKL2,REST,Standard,18
2025,12,OMODA,12,Castellón,Corporate,ICE,UKL2,REST,Standard,3
2025,12,OMODA,12,Castellón,Corporate,PHEV,KKL,REST,Standard,3
2025,12,OMODA,12,Castellón,Private,BEV,UKL2,REST,Standard,1
2025,12,OMODA,12,Castellón,Private,ICE,UKL2,REST,Standard,20
2025,12,OMODA,12,Castellón,Private,PHEV,KKL,REST,Standard,2
2025,12,OPEL,12,Castellón,Private,ICE,KKL,REST,Standard,3
2025,12,OPEL,12,Castellón,Private,ICE,SKL,REST,Standard,1
2025,12,OPEL,12,Castellón,Private,ICE,UKL1,REST,Standard,3
2025,12,PEUGEOT,12,Castellón,Corporate,BEV,UKL1,REST,Standard,1
2025,12,PEUGEOT,12,Castellón,Corporate,ICE,KKL,REST,Standard,5
2025,12,PEUGEOT,12,Castellón,Corporate,ICE,SKL,REST,Standard,3
2025,12,PEUGEOT,12,Castellón,Corporate,ICE,UKL1,REST,Standard,11
2025,12,PEUGEOT,12,Castellón,Corporate,ICE,UKL2,REST,Standard,6
2025,12,PEUGEOT,12,Castellón,Corporate,PHEV,KKL,REST,Standard,1
2025,12,PEUGEOT,12,Castellón,Corporate,PHEV,UKL2,REST,Standard,1
2025,12,PEUGEOT,12,Castellón,Private,ICE,KKL,REST,Standard,1
2025,12,PEUGEOT,12,Castellón,Private,ICE,SKL,REST,Standard,1
2025,12,PEUGEOT,12,Castellón,Private,ICE,UKL1,REST,Standard,9
2025,12,PEUGEOT,12,Castellón,Private,ICE,UKL2,REST,Standard,2
2025,12,PORSCHE,12,Castellón,Corporate,PHEV,MKL,FOCUS SEGMENT,Standard,1
2025,12,RENAULT,12,Castellón,Corporate,BEV,UKL2,REST,Standard,1
2025,12,RENAULT,12,Castellón,Corporate,ICE,UKL1,REST,Standard,8
2025,12,RENAULT,12,Castellón,Private,ICE,SKL,REST,Standard,1
2025,12,RENAULT,12,Castellón,Private,ICE,UKL1,REST,Standard,30
2025,12,RENAULT,12,Castellón,Private,ICE,UKL2,REST,Standard,11
2025,12,SEAT,12,Castellón,Corporate,ICE,UKL1,REST,Standard,6
2025,12,SEAT,12,Castellón,Corporate,ICE,UKL2,REST,Standard,3
2025,12,SEAT,12,Castellón,Corporate,PHEV,UKL2,REST,Standard,1
2025,12,SEAT,12,Castellón,Private,ICE,UKL1,REST,Standard,23
2025,12,SEAT,12,Castellón,Private,ICE,UKL2,REST,Standard,11
2025,12,SKODA,12,Castellón,Corporate,BEV,UKL2,REST,Standard,1
2025,12,SKODA,12,Castellón,Corporate,ICE,KKL,REST,Standard,1
2025,12,SKODA,12,Castellón,Corporate,ICE,UKL1,REST,Standard,1
2025,12,SKODA,12,Castellón,Private,BEV,UKL2,REST,Standard,5
2025,12,SKODA,12,Castellón,Private,ICE,UKL1,REST,Standard,8
2025,12,SKODA,12,Castellón,Private,ICE,UKL2,REST,Standard,4
2025,12,SUBARU,12,Castellón,Corporate,ICE,UKL2,REST,Standard,1
2025,12,SUBARU,12,Castellón,Private,ICE,KKL,REST,Standard,1
2025,12,SUZUKI,12,Castellón,Private,ICE,UKL1,REST,Standard,2
2025,12,SUZUKI,12,Castellón,Private,ICE,UKL2,REST,Standard,2
2025,12,TESLA,12,Castellón,Corporate,BEV,KKL,FOCUS SEGMENT,Standard,3
2025,12,TESLA,12,Castellón,Private,BEV,KKL,FOCUS SEGMENT,Standard,17
2025,12,TOYOTA,12,Castellón,Corporate,BEV,UKL2,REST,Standard,1
2025,12,TOYOTA,12,Castellón,Corporate,ICE,GKL,REST,Standard,1
2025,12,TOYOTA,12,Castellón,Corporate,ICE,SKL,REST,Standard,1
2025,12,TOYOTA,12,Castellón,Corporate,ICE,UKL1,REST,Standard,1
2025,12,TOYOTA,12,Castellón,Corporate,ICE,UKL2,REST,Standard,3
2025,12,TOYOTA,12,Castellón,Private,ICE,UKL1,REST,Standard,26
2025,12,TOYOTA,12,Castellón,Private,ICE,UKL2,REST,Standard,26
2025,12,TOYOTA,12,Castellón,Private,PHEV,UKL1,REST,Standard,3
2025,12,TOYOTA,12,Castellón,Private,PHEV,UKL2,REST,Standard,2
2025,12,VOLKSWAGEN,12,Castellón,Corporate,BEV,MKL,REST,Standard,4
2025,12,VOLKSWAGEN,12,Castellón,Corporate,BEV,SKL,REST,Standard,2
2025,12,VOLKSWAGEN,12,Castellón,Corporate,BEV,UKL2,REST,Standard,1
2025,12,VOLKSWAGEN,12,Castellón,Corporate,ICE,UKL1,REST,Standard,2
2025,12,VOLKSWAGEN,12,Castellón,Corporate,ICE,UKL2,REST,Standard,3
2025,12,VOLKSWAGEN,12,Castellón,Corporate,PHEV,SKL,REST,Standard,8
2025,12,VOLKSWAGEN,12,Castellón,Private,BEV,MKL,REST,Standard,1
2025,12,VOLKSWAGEN,12,Castellón,Private,BEV,UKL2,REST,Standard,3
2025,12,VOLKSWAGEN,12,Castellón,Private,ICE,UKL1,REST,Standard,23
2025,12,VOLKSWAGEN,12,Castellón,Private,ICE,UKL2,REST,Standard,18
2025,12,VOLKSWAGEN,12,Castellón,Private,PHEV,UKL2,REST,Standard,5
2025,12,VOLKSWAGEN,12,Castellón,RAC,ICE,SKL,REST,Standard,4
2025,12,VOLVO,12,Castellón,Private,BEV,UKL1,FOCUS SEGMENT,Standard,4
2025,12,VOLVO,12,Castellón,Private,BEV,UKL2,FOCUS SEGMENT,Standard,1
2025,12,VOLVO,12,Castellón,Private,ICE,KKL,FOCUS SEGMENT,Standard,1
2025,12,VOLVO,12,Castellón,Private,ICE,MKL,FOCUS SEGMENT,Standard,1
2025,12,AUDI,13,Ciudad Real,Corporate,ICE,KKL,FOCUS SEGMENT,Standard,1
2025,12,AUDI,13,Ciudad Real,Corporate,ICE,UKL1,FOCUS SEGMENT,Standard,1
2025,12,AUDI,13,Ciudad Real,Corporate,ICE,UKL2,FOCUS SEGMENT,Standard,3
2025,12,AUDI,13,Ciudad Real,Corporate,PHEV,KKL,FOCUS SEGMENT,Standard,1
2025,12,AUDI,13,Ciudad Real,Private,BEV,UKL2,FOCUS SEGMENT,Standard,2
2025,12,AUDI,13,Ciudad Real,Private,ICE,KKL,FOCUS SEGMENT,Standard,1
2025,12,AUDI,13,Ciudad Real,Private,ICE,UKL1,FOCUS SEGMENT,Standard,2
2025,12,AUDI,13,Ciudad Real,Private,ICE,UKL2,FOCUS SEGMENT,Standard,6
2025,12,AUDI,13,Ciudad Real,Private,PHEV,KKL,FOCUS SEGMENT,Standard,2
2025,12,AUDI,13,Ciudad Real,Private,PHEV,UKL2,FOCUS SEGMENT,Standard,1
2025,12,AUDI,13,Ciudad Real,RAC,ICE,KKL,FOCUS SEGMENT,Standard,1
2025,12,BMW,13,Ciudad Real,Corporate,ICE,KKL,FOCUS SEGMENT,M Performance,2
2025,12,BMW,13,Ciudad Real,Corporate,ICE,KKL,FOCUS SEGMENT,Standard,1
2025,12,BMW,13,Ciudad Real,Corporate,ICE,MKL,FOCUS SEGMENT,Standard,2
2025,12,BMW,13,Ciudad Real,Private,ICE,UKL2,FOCUS SEGMENT,Standard,5
2025,12,BMW,13,Ciudad Real,Private,PHEV,UKL2,FOCUS SEGMENT,Standard,3
2025,12,BYD,13,Ciudad Real,Corporate,BEV,KKL,REST,Standard,1
2025,12,BYD,13,Ciudad Real,Corporate,PHEV,KKL,REST,Standard,2
2025,12,BYD,13,Ciudad Real,Private,BEV,KKL,REST,Standard,1
2025,12,BYD,13,Ciudad Real,Private,BEV,UKL0,REST,Standard,6
2025,12,BYD,13,Ciudad Real,Private,BEV,UKL1,REST,Standard,1
2025,12,BYD,13,Ciudad Real,Private,BEV,UKL2,REST,Standard,4
2025,12,BYD,13,Ciudad Real,Private,PHEV,KKL,REST,Standard,6
2025,12,CITROEN,13,Ciudad Real,Corporate,ICE,UKL2,REST,Standard,1
2025,12,CITROEN,13,Ciudad Real,Private,BEV,UKL1,REST,Standard,1
2025,12,CITROEN,13,Ciudad Real,Private,ICE,UKL1,REST,Standard,2
2025,12,CITROEN,13,Ciudad Real,Private,ICE,UKL2,REST,Standard,2
2025,12,CUPRA,13,Ciudad Real,Corporate,ICE,UKL2,REST,Standard,3
2025,12,CUPRA,13,Ciudad Real,Corporate,PHEV,UKL2,REST,Standard,1
2025,12,CUPRA,13,Ciudad Real,Private,ICE,UKL2,REST,Standard,2
2025,12,CUPRA,13,Ciudad Real,Private,PHEV,UKL2,REST,Standard,10
2025,12,DACIA,13,Ciudad Real,Corporate,ICE,UKL1,REST,Standard,1
2025,12,DACIA,13,Ciudad Real,Corporate,ICE,UKL2,REST,Standard,1
2025,12,DACIA,13,Ciudad Real,Private,BEV,UKL0,REST,Standard,1
2025,12,DACIA,13,Ciudad Real,Private,ICE,SKL,REST,Standard,3
2025,12,DACIA,13,Ciudad Real,Private,ICE,UKL1,REST,Standard,13
2025,12,DACIA,13,Ciudad Real,Private,ICE,UKL2,REST,Standard,5
2025,12,DFSK,13,Ciudad Real,Private,PHEV,KKL,REST,Standard,2
2025,12,EBRO,13,Ciudad Real,Private,ICE,KKL,REST,Standard,4
2025,12,EBRO,13,Ciudad Real,Private,ICE,UKL2,REST,Standard,3
2025,12,EBRO,13,Ciudad Real,Private,PHEV,KKL,REST,Standard,2
2025,12,EBRO,13,Ciudad Real,Private,PHEV,UKL2,REST,Standard,2
2025,12,EVO,13,Ciudad Real,Private,ICE,UKL2,REST,Standard,3
2025,12,FIAT,13,Ciudad Real,Private,ICE,UKL1,REST,Standard,1
2025,12,FORD,13,Ciudad Real,Corporate,BEV,SKL,REST,Standard,1
2025,12,FORD,13,Ciudad Real,Corporate,PHEV,UKL2,REST,Standard,1
2025,12,FORD,13,Ciudad Real,Private,PHEV,UKL2,REST,Standard,2
2025,12,HONDA,13,Ciudad Real,Corporate,ICE,KKL,REST,Standard,1
2025,12,HONDA,13,Ciudad Real,Private,BEV,UKL1,REST,Standard,1
2025,12,HONDA,13,Ciudad Real,Private,ICE,UKL1,REST,Standard,1
2025,12,HONDA,13,Ciudad Real,Private,ICE,UKL2,REST,Standard,10
2025,12,HONDA,13,Ciudad Real,Private,PHEV,KKL,REST,Standard,1
2025,12,HYUNDAI,13,Ciudad Real,Corporate,ICE,UKL1,REST,Standard,1
2025,12,HYUNDAI,13,Ciudad Real,Corporate,PHEV,UKL2,REST,Standard,1
2025,12,HYUNDAI,13,Ciudad Real,Private,BEV,UKL1,REST,Standard,1
2025,12,HYUNDAI,13,Ciudad Real,Private,ICE,UKL1,REST,Standard,12
2025,12,HYUNDAI,13,Ciudad Real,Private,ICE,UKL2,REST,Standard,12
2025,12,HYUNDAI,13,Ciudad Real,Private,PHEV,MKL,REST,Standard,1
2025,12,HYUNDAI,13,Ciudad Real,Private,PHEV,UKL2,REST,Standard,3
2025,12,JAECOO,13,Ciudad Real,Private,BEV,UKL1,REST,Standard,1
2025,12,JAECOO,13,Ciudad Real,Private,PHEV,UKL2,REST,Standard,10
2025,12,JEEP,13,Ciudad Real,Corporate,ICE,UKL1,REST,Standard,1
2025,12,JEEP,13,Ciudad Real,Private,ICE,UKL1,REST,Standard,1
2025,12,KG MOBILITY,13,Ciudad Real,Private,ICE,MKL,REST,Standard,1
2025,12,KG MOBILITY,13,Ciudad Real,Private,ICE,UKL1,REST,Standard,5
2025,12,KG MOBILITY,13,Ciudad Real,Private,ICE,UKL2,REST,Standard,1
2025,12,KIA,13,Ciudad Real,Corporate,ICE,UKL2,REST,Standard,6
2025,12,KIA,13,Ciudad Real,Private,BEV,UKL1,REST,Standard,3
2025,12,KIA,13,Ciudad Real,Private,BEV,UKL2,REST,Standard,2
2025,12,KIA,13,Ciudad Real,Private,ICE,UKL1,REST,Standard,5
2025,12,KIA,13,Ciudad Real,Private,ICE,UKL2,REST,Standard,16
2025,12,LAND ROVER,13,Ciudad Real,Private,ICE,MKL,FOCUS SEGMENT,Standard,1
2025,12,LEAPMOTOR,13,Ciudad Real,Private,BEV,UKL2,REST,Standard,1
2025,12,LEXUS,13,Ciudad Real,Private,ICE,KKL,FOCUS SEGMENT,Standard,1
2025,12,LEXUS,13,Ciudad Real,Private,PHEV,KKL,FOCUS SEGMENT,Standard,1
2025,12,LYNK & CO,13,Ciudad Real,Private,BEV,UKL2,REST,Standard,3
2025,12,LYNK & CO,13,Ciudad Real,Private,PHEV,UKL2,REST,Standard,3
2025,12,MAZDA,13,Ciudad Real,Corporate,BEV,MKL,REST,Standard,1
2025,12,MAZDA,13,Ciudad Real,Corporate,ICE,KKL,REST,Standard,1
2025,12,MAZDA,13,Ciudad Real,Corporate,ICE,UKL1,REST,Standard,1
2025,12,MAZDA,13,Ciudad Real,Corporate,PHEV,KKL,REST,Standard,1
2025,12,MAZDA,13,Ciudad Real,Private,ICE,UKL2,REST,Standard,7
2025,12,MERCEDES,13,Ciudad Real,Corporate,BEV,UKL2,FOCUS SEGMENT,Standard,1
2025,12,MERCEDES,13,Ciudad Real,Corporate,ICE,KKL,FOCUS SEGMENT,Standard,7
2025,12,MERCEDES,13,Ciudad Real,Corporate,ICE,MKL,FOCUS SEGMENT,Standard,1
2025,12,MERCEDES,13,Ciudad Real,Corporate,ICE,SKL,REST,Standard,1
2025,12,MERCEDES,13,Ciudad Real,Corporate,ICE,UKL2,FOCUS SEGMENT,Standard,1
2025,12,MERCEDES,13,Ciudad Real,Private,BEV,UKL2,FOCUS SEGMENT,Standard,1
2025,12,MERCEDES,13,Ciudad Real,Private,ICE,UKL2,FOCUS SEGMENT,Standard,3
2025,12,MERCEDES,13,Ciudad Real,Private,PHEV,KKL,FOCUS SEGMENT,Standard,2
2025,12,MERCEDES,13,Ciudad Real,Private,PHEV,UKL2,FOCUS SEGMENT,Standard,1
2025,12,MG,13,Ciudad Real,Private,BEV,UKL1,REST,Standard,1
2025,12,MG,13,Ciudad Real,Private,ICE,UKL1,REST,Standard,16
2025,12,MG,13,Ciudad Real,Private,PHEV,KKL,REST,Standard,10
2025,12,MITSUBISHI,13,Ciudad Real,Corporate,ICE,UKL1,REST,Standard,2
2025,12,MITSUBISHI,13,Ciudad Real,Corporate,ICE,UKL2,REST,Standard,1
2025,12,MITSUBISHI,13,Ciudad Real,Corporate,PHEV,KKL,REST,Standard,1
2025,12,MITSUBISHI,13,Ciudad Real,Private,ICE,UKL1,REST,Standard,2
2025,12,MITSUBISHI,13,Ciudad Real,Private,ICE,UKL2,REST,Standard,2
2025,12,MITSUBISHI,13,Ciudad Real,Private,PHEV,KKL,REST,Standard,1
2025,12,NISSAN,13,Ciudad Real,Corporate,ICE,KKL,REST,Standard,1
2025,12,NISSAN,13,Ciudad Real,Private,ICE,KKL,REST,Standard,1
2025,12,NISSAN,13,Ciudad Real,Private,ICE,UKL2,REST,Standard,2
2025,12,OMODA,13,Ciudad Real,Corporate,PHEV,KKL,REST,Standard,2
2025,12,OMODA,13,Ciudad Real,Private,BEV,UKL2,REST,Standard,1
2025,12,OMODA,13,Ciudad Real,Private,ICE,UKL2,REST,Standard,9
2025,12,OMODA,13,Ciudad Real,Private,PHEV,KKL,REST,Standard,10
2025,12,OPEL,13,Ciudad Real,Private,BEV,KKL,REST,Standard,1
2025,12,PEUGEOT,13,Ciudad Real,Corporate,ICE,KKL,REST,Standard,1
2025,12,PEUGEOT,13,Ciudad Real,Corporate,PHEV,UKL2,REST,Standard,1
2025,12,PEUGEOT,13,Ciudad Real,Private,BEV,UKL2,REST,Standard,1
2025,12,PEUGEOT,13,Ciudad Real,Private,ICE,UKL1,REST,Standard,4
2025,12,PEUGEOT,13,Ciudad Real,Private,ICE,UKL2,REST,Standard,2
2025,12,PEUGEOT,13,Ciudad Real,Private,PHEV,UKL2,REST,Standard,2
2025,12,RENAULT,13,Ciudad Real,Corporate,ICE,UKL1,REST,Standard,5
2025,12,RENAULT,13,Ciudad Real,Private,BEV,UKL1,REST,Standard,1
2025,12,RENAULT,13,Ciudad Real,Private,ICE,UKL1,REST,Standard,9
2025,12,RENAULT,13,Ciudad Real,Private,ICE,UKL2,REST,Standard,7
2025,12,RENAULT,13,Ciudad Real,Private,PHEV,UKL2,REST,Standard,1
2025,12,SEAT,13,Ciudad Real,Corporate,ICE,UKL1,REST,Standard,3
2025,12,SEAT,13,Ciudad Real,Corporate,ICE,UKL2,REST,Standard,4
2025,12,SEAT,13,Ciudad Real,Private,ICE,UKL1,REST,Standard,12
2025,12,SEAT,13,Ciudad Real,Private,ICE,UKL2,REST,Standard,12
2025,12,SKODA,13,Ciudad Real,Corporate,ICE,UKL1,REST,Standard,1
2025,12,SKODA,13,Ciudad Real,Private,ICE,KKL,REST,Standard,1
2025,12,SKODA,13,Ciudad Real,Private,ICE,UKL1,REST,Standard,2
2025,12,SKODA,13,Ciudad Real,Private,ICE,UKL2,REST,Standard,1
2025,12,SKODA,13,Ciudad Real,Private,PHEV,KKL,REST,Standard,1
2025,12,SUZUKI,13,Ciudad Real,Corporate,ICE,UKL1,REST,Standard,1
2025,12,SUZUKI,13,Ciudad Real,Private,ICE,UKL1,REST,Standard,1
2025,12,SUZUKI,13,Ciudad Real,Private,ICE,UKL2,REST,Standard,1
2025,12,TESLA,13,Ciudad Real,Private,BEV,KKL,FOCUS SEGMENT,Standard,3
2025,12,TOYOTA,13,Ciudad Real,Corporate,ICE,GKL,REST,Standard,1
2025,12,TOYOTA,13,Ciudad Real,Corporate,ICE,SKL,REST,Standard,1
2025,12,TOYOTA,13,Ciudad Real,Corporate,ICE,UKL2,REST,Standard,3
2025,12,TOYOTA,13,Ciudad Real,Corporate,PHEV,UKL2,REST,Standard,4
2025,12,TOYOTA,13,Ciudad Real,Private,ICE,GKL,REST,Standard,1
2025,12,TOYOTA,13,Ciudad Real,Private,ICE,UKL1,REST,Standard,13
2025,12,TOYOTA,13,Ciudad Real,Private,ICE,UKL2,REST,Standard,5
2025,12,TOYOTA,13,Ciudad Real,Private,PHEV,UKL1,REST,Standard,2
2025,12,TOYOTA,13,Ciudad Real,Private,PHEV,UKL2,REST,Standard,4
2025,12,VOLKSWAGEN,13,Ciudad Real,Corporate,ICE,UKL2,REST,Standard,1
2025,12,VOLKSWAGEN,13,Ciudad Real,Private,BEV,UKL2,REST,Standard,1
2025,12,VOLKSWAGEN,13,Ciudad Real,Private,ICE,UKL1,REST,Standard,19
2025,12,VOLKSWAGEN,13,Ciudad Real,Private,ICE,UKL2,REST,Standard,20
2025,12,VOLKSWAGEN,13,Ciudad Real,Private,PHEV,UKL2,REST,Standard,4
2025,12,VOLVO,13,Ciudad Real,Corporate,ICE,KKL,FOCUS SEGMENT,Standard,1
2025,12,VOLVO,13,Ciudad Real,Corporate,ICE,MKL,FOCUS SEGMENT,Standard,3
2025,12,VOLVO,13,Ciudad Real,Corporate,ICE,UKL2,FOCUS SEGMENT,Standard,3
2025,12,VOLVO,13,Ciudad Real,Corporate,PHEV,MKL,FOCUS SEGMENT,Standard,1
2025,12,VOLVO,13,Ciudad Real,Private,BEV,UKL1,FOCUS SEGMENT,Standard,2
2025,12,VOLVO,13,Ciudad Real,Private,ICE,KKL,FOCUS SEGMENT,Standard,5
2025,12,VOLVO,13,Ciudad Real,Private,ICE,MKL,FOCUS SEGMENT,Standard,2
2025,12,VOLVO,13,Ciudad Real,Private,ICE,UKL2,FOCUS SEGMENT,Standard,5
2025,12,VOLVO,13,Ciudad Real,Private,PHEV,KKL,FOCUS SEGMENT,Standard,3
2025,12,ALFA ROMEO,14,Córdoba,Corporate,ICE,UKL1,REST,Standard,1
2025,12,AUDI,14,Córdoba,Corporate,ICE,MKL,FOCUS SEGMENT,Standard,1
2025,12,AUDI,14,Córdoba,Corporate,ICE,UKL1,FOCUS SEGMENT,Standard,3
2025,12,AUDI,14,Córdoba,Corporate,ICE,UKL2,FOCUS SEGMENT,Standard,3
2025,12,AUDI,14,Córdoba,Corporate,PHEV,KKL,FOCUS SEGMENT,Standard,2
2025,12,AUDI,14,Córdoba,Corporate,PHEV,UKL2,FOCUS SEGMENT,Standard,1
2025,12,AUDI,14,Córdoba,Private,BEV,UKL2,FOCUS SEGMENT,Standard,1
2025,12,AUDI,14,Córdoba,Private,ICE,KKL,FOCUS SEGMENT,Standard,4
2025,12,AUDI,14,Córdoba,Private,ICE,UKL2,FOCUS SEGMENT,Standard,1
2025,12,AUDI,14,Córdoba,Private,PHEV,KKL,FOCUS SEGMENT,Standard,3
2025,12,AUDI,14,Córdoba,Private,PHEV,UKL2,FOCUS SEGMENT,Standard,1
2025,12,BMW,14,Córdoba,Corporate,ICE,KKL,FOCUS SEGMENT,Standard,1
2025,12,BMW,14,Córdoba,Private,BEV,UKL2,FOCUS SEGMENT,Standard,1
2025,12,BMW,14,Córdoba,Private,ICE,KKL,FOCUS SEGMENT,Standard,2
2025,12,BMW,14,Córdoba,Private,ICE,UKL2,FOCUS SEGMENT,Standard,8
2025,12,BYD,14,Córdoba,Private,BEV,KKL,REST,Standard,2
2025,12,BYD,14,Córdoba,Private,BEV,UKL0,REST,Standard,5
2025,12,BYD,14,Córdoba,Private,BEV,UKL1,REST,Standard,7
2025,12,BYD,14,Córdoba,Private,BEV,UKL2,REST,Standard,1
2025,12,BYD,14,Córdoba,Private,PHEV,KKL,REST,Standard,1
2025,12,CITROEN,14,Córdoba,Corporate,ICE,SKL,REST,Standard,1
2025,12,CITROEN,14,Córdoba,Corporate,ICE,UKL1,REST,Standard,1
2025,12,CITROEN,14,Córdoba,Private,ICE,SKL,REST,Standard,4
2025,12,CITROEN,14,Córdoba,Private,ICE,UKL1,REST,Standard,11
2025,12,CITROEN,14,Córdoba,Private,ICE,UKL2,REST,Standard,4
2025,12,CUPRA,14,Córdoba,Corporate,ICE,UKL2,REST,Standard,2
2025,12,CUPRA,14,Córdoba,Corporate,PHEV,UKL2,REST,Standard,2
2025,12,CUPRA,14,Córdoba,Private,ICE,UKL2,REST,Standard,3
2025,12,CUPRA,14,Córdoba,Private,PHEV,UKL2,REST,Standard,3
2025,12,DACIA,14,Córdoba,Corporate,BEV,UKL0,REST,Standard,1
2025,12,DACIA,14,Córdoba,Corporate,ICE,SKL,REST,Standard,2
2025,12,DACIA,14,Córdoba,Corporate,ICE,UKL1,REST,Standard,1
2025,12,DACIA,14,Córdoba,Corporate,ICE,UKL2,REST,Standard,1
2025,12,DACIA,14,Córdoba,Private,ICE,SKL,REST,Standard,9
2025,12,DACIA,14,Córdoba,Private,ICE,UKL1,REST,Standard,20
2025,12,DACIA,14,Córdoba,Private,ICE,UKL2,REST,Standard,16
2025,12,EBRO,14,Córdoba,Corporate,ICE,UKL2,REST,Standard,3
2025,12,EBRO,14,Córdoba,Private,ICE,UKL2,REST,Standard,19
2025,12,EBRO,14,Córdoba,Private,PHEV,KKL,REST,Standard,1
2025,12,EBRO,14,Córdoba,Private,PHEV,UKL2,REST,Standard,6
2025,12,EVO,14,Córdoba,Private,ICE,UKL2,REST,Standard,1
2025,12,FAW,14,Córdoba,Private,ICE,,REST,Standard,1
2025,12,FAW,14,Córdoba,Private,ICE,UKL2,REST,Standard,2
2025,12,FERRARI,14,Córdoba,Corporate,PHEV,GKL+,FOCUS SEGMENT,Standard,1
2025,12,FIAT,14,Córdoba,Private,ICE,UKL0,REST,Standard,2
2025,12,FIAT,14,Córdoba,Private,ICE,UKL1,REST,Standard,2
2025,12,FORD,14,Córdoba,Corporate,BEV,SKL,REST,Standard,1
2025,12,FORD,14,Córdoba,Corporate,ICE,UKL1,REST,Standard,2
2025,12,FORD,14,Córdoba,Corporate,PHEV,UKL2,REST,Standard,2
2025,12,FORD,14,Córdoba,Private,ICE,SKL,REST,Standard,1
2025,12,FORD,14,Córdoba,Private,ICE,UKL2,REST,Standard,1
2025,12,FORD,14,Córdoba,Private,PHEV,SKL,REST,Standard,2
2025,12,FORD,14,Córdoba,Private,PHEV,UKL2,REST,Standard,4
2025,12,HONDA,14,Córdoba,Private,ICE,UKL2,REST,Standard,2
2025,12,HYUNDAI,14,Córdoba,Corporate,ICE,UKL1,REST,Standard,1
2025,12,HYUNDAI,14,Córdoba,Corporate,ICE,UKL2,REST,Standard,5
2025,12,HYUNDAI,14,Córdoba,Private,BEV,UKL1,REST,Standard,2
2025,12,HYUNDAI,14,Córdoba,Private,ICE,UKL0,REST,Standard,2
2025,12,HYUNDAI,14,Córdoba,Private,ICE,UKL1,REST,Standard,5
2025,12,HYUNDAI,14,Córdoba,Private,ICE,UKL2,REST,Standard,19
2025,12,HYUNDAI,14,Córdoba,Private,PHEV,UKL2,REST,Standard,3
2025,12,HYUNDAI,14,Córdoba,RAC,ICE,UKL0,REST,Standard,3
2025,12,HYUNDAI,14,Córdoba,RAC,ICE,UKL1,REST,Standard,11
2025,12,HYUNDAI,14,Córdoba,RAC,ICE,UKL2,REST,Standard,12
2025,12,JAECOO,14,Córdoba,Corporate,ICE,UKL2,REST,Standard,2
2025,12,JAECOO,14,Córdoba,Corporate,PHEV,UKL2,REST,Standard,1
2025,12,JAECOO,14,Córdoba,Private,ICE,UKL2,REST,Standard,10
2025,12,JAECOO,14,Córdoba,Private,PHEV,UKL2,REST,Standard,1
2025,12,JEEP,14,Córdoba,Private,ICE,UKL1,REST,Standard,1
2025,12,KG MOBILITY,14,Córdoba,Corporate,ICE,MKL,REST,Standard,1
2025,12,KG MOBILITY,14,Córdoba,Private,ICE,UKL1,REST,Standard,1
2025,12,KIA,14,Córdoba,Private,BEV,KKL,REST,Standard,1
2025,12,KIA,14,Córdoba,Private,BEV,UKL1,REST,Standard,1
2025,12,KIA,14,Córdoba,Private,ICE,UKL1,REST,Standard,1
2025,12,KIA,14,Córdoba,Private,ICE,UKL2,REST,Standard,20
2025,12,LAND ROVER,14,Córdoba,Corporate,ICE,MKL,FOCUS SEGMENT,Standard,1
2025,12,LAND ROVER,14,Córdoba,Corporate,PHEV,UKL2,FOCUS SEGMENT,Standard,1
2025,12,LAND ROVER,14,Córdoba,Private,ICE,GKL,FOCUS SEGMENT,Standard,1
2025,12,LEAPMOTOR,14,Córdoba,Corporate,BEV,UKL0,REST,Standard,1
2025,12,LEAPMOTOR,14,Córdoba,Private,BEV,UKL0,REST,Standard,4
2025,12,LEAPMOTOR,14,Córdoba,Private,BEV,UKL2,REST,Standard,1
2025,12,LEXUS,14,Córdoba,Corporate,PHEV,KKL,FOCUS SEGMENT,Standard,1
2025,12,LEXUS,14,Córdoba,Private,ICE,MKL,FOCUS SEGMENT,Standard,1
2025,12,LEXUS,14,Córdoba,Private,ICE,UKL1,FOCUS SEGMENT,Standard,1
2025,12,LEXUS,14,Córdoba,Private,ICE,UKL2,FOCUS SEGMENT,Standard,1
2025,12,LEXUS,14,Córdoba,Private,PHEV,KKL,FOCUS SEGMENT,Standard,1
2025,12,MAZDA,14,Córdoba,Corporate,ICE,UKL1,REST,Standard,1
2025,12,MAZDA,14,Córdoba,Corporate,ICE,UKL2,REST,Standard,1
2025,12,MAZDA,14,Córdoba,Private,ICE,KKL,REST,Standard,1
2025,12,MAZDA,14,Córdoba,Private,ICE,UKL2,REST,Standard,11
2025,12,MERCEDES,14,Córdoba,Corporate,BEV,UKL2,FOCUS SEGMENT,Standard,2
2025,12,MERCEDES,14,Córdoba,Corporate,ICE,KKL,FOCUS SEGMENT,M Performance,1
2025,12,MERCEDES,14,Córdoba,Corporate,ICE,MKL,REST,Standard,1
2025,12,MERCEDES,14,Córdoba,Corporate,ICE,UKL2,FOCUS SEGMENT,Standard,2
2025,12,MERCEDES,14,Córdoba,Corporate,PHEV,KKL,FOCUS SEGMENT,Standard,5
2025,12,MERCEDES,14,Córdoba,Corporate,PHEV,UKL2,FOCUS SEGMENT,Standard,1
2025,12,MERCEDES,14,Córdoba,Private,BEV,UKL2,FOCUS SEGMENT,Standard,2
2025,12,MERCEDES,14,Córdoba,Private,ICE,KKL,FOCUS SEGMENT,Standard,2
2025,12,MERCEDES,14,Córdoba,Private,ICE,SKL,REST,Standard,1
2025,12,MERCEDES,14,Córdoba,Private,ICE,UKL2,FOCUS SEGMENT,Standard,2
2025,12,MERCEDES,14,Córdoba,Private,PHEV,KKL,FOCUS SEGMENT,Standard,2
2025,12,MERCEDES,14,Córdoba,Private,PHEV,MKL,FOCUS SEGMENT,Standard,1
2025,12,MERCEDES,14,Córdoba,Private,PHEV,UKL2,FOCUS SEGMENT,Standard,1
2025,12,MG,14,Córdoba,Corporate,ICE,UKL1,REST,Standard,2
2025,12,MG,14,Córdoba,Corporate,PHEV,KKL,REST,Standard,1
2025,12,MG,14,Córdoba,Private,BEV,UKL2,REST,Standard,1
2025,12,MG,14,Córdoba,Private,ICE,KKL,REST,Standard,1
2025,12,MG,14,Córdoba,Private,ICE,UKL1,REST,Standard,12
2025,12,MG,14,Córdoba,Private,PHEV,KKL,REST,Standard,13
2025,12,MINI,14,Córdoba,Corporate,BEV,UKL1,FOCUS SEGMENT,Standard,1
2025,12,MINI,14,Córdoba,Corporate,ICE,UKL1,FOCUS SEGMENT,Standard,1
2025,12,MINI,14,Córdoba,Private,ICE,UKL1,FOCUS SEGMENT,JCW,1
2025,12,MINI,14,Córdoba,Private,ICE,UKL1,FOCUS SEGMENT,Standard,1
2025,12,MINI,14,Córdoba,Private,ICE,UKL2,FOCUS SEGMENT,Standard,1
2025,12,MITSUBISHI,14,Córdoba,Corporate,ICE,UKL1,REST,Standard,1
2025,12,MITSUBISHI,14,Córdoba,Corporate,ICE,UKL2,REST,Standard,1
2025,12,MITSUBISHI,14,Córdoba,Private,ICE,UKL2,REST,Standard,2
2025,12,NISSAN,14,Córdoba,Corporate,BEV,UKL1,REST,Standard,1
2025,12,NISSAN,14,Córdoba,Corporate,BEV,UKL2,REST,Standard,1
2025,12,NISSAN,14,Córdoba,Corporate,ICE,KKL,REST,Standard,1
2025,12,NISSAN,14,Córdoba,Corporate,ICE,SKL,REST,Standard,1
2025,12,NISSAN,14,Córdoba,Corporate,ICE,UKL1,REST,Standard,1
2025,12,NISSAN,14,Córdoba,Private,ICE,KKL,REST,Standard,4
2025,12,NISSAN,14,Córdoba,Private,ICE,UKL1,REST,Standard,5
2025,12,NISSAN,14,Córdoba,Private,ICE,UKL2,REST,Standard,11
2025,12,OMODA,14,Córdoba,Corporate,PHEV,KKL,REST,Standard,2
2025,12,OMODA,14,Córdoba,Private,BEV,UKL2,REST,Standard,1
2025,12,OMODA,14,Córdoba,Private,ICE,UKL2,REST,Standard,2
2025,12,OMODA,14,Córdoba,Private,PHEV,KKL,REST,Standard,6
2025,12,OPEL,14,Córdoba,Corporate,ICE,UKL1,REST,Standard,1
2025,12,OPEL,14,Córdoba,Private,ICE,KKL,REST,Standard,4
2025,12,OPEL,14,Córdoba,Private,ICE,SKL,REST,Standard,1
2025,12,OPEL,14,Córdoba,Private,ICE,UKL1,REST,Standard,4
2025,12,PEUGEOT,14,Córdoba,Corporate,ICE,KKL,REST,Standard,1
2025,12,PEUGEOT,14,Córdoba,Corporate,ICE,SKL,REST,Standard,1
2025,12,PEUGEOT,14,Córdoba,Corporate,ICE,UKL2,REST,Standard,5
2025,12,PEUGEOT,14,Córdoba,Private,ICE,KKL,REST,Standard,1
2025,12,PEUGEOT,14,Córdoba,Private,ICE,SKL,REST,Standard,3
2025,12,PEUGEOT,14,Córdoba,Private,ICE,UKL1,REST,Standard,6
2025,12,PEUGEOT,14,Córdoba,Private,ICE,UKL2,REST,Standard,1
2025,12,PEUGEOT,14,Córdoba,Private,PHEV,UKL2,REST,Standard,1
2025,12,RENAULT,14,Córdoba,Corporate,BEV,UKL2,REST,Standard,1
2025,12,RENAULT,14,Córdoba,Corporate,ICE,KKL,REST,Standard,1
2025,12,RENAULT,14,Córdoba,Corporate,ICE,UKL1,REST,Standard,5
2025,12,RENAULT,14,Córdoba,Private,BEV,UKL1,REST,Standard,1
2025,12,RENAULT,14,Córdoba,Private,BEV,UKL2,REST,Standard,1
2025,12,RENAULT,14,Córdoba,Private,ICE,KKL,REST,Standard,1
2025,12,RENAULT,14,Córdoba,Private,ICE,UKL1,REST,Standard,32
2025,12,RENAULT,14,Córdoba,Private,ICE,UKL2,REST,Standard,8
2025,12,SEAT,14,Córdoba,Corporate,ICE,UKL1,REST,Standard,3
2025,12,SEAT,14,Córdoba,Corporate,ICE,UKL2,REST,Standard,11
2025,12,SEAT,14,Córdoba,Private,ICE,UKL1,REST,Standard,12
2025,12,SEAT,14,Córdoba,Private,ICE,UKL2,REST,Standard,25
2025,12,SKODA,14,Córdoba,Corporate,ICE,UKL1,REST,Standard,3
2025,12,SKODA,14,Córdoba,Corporate,ICE,UKL2,REST,Standard,1
2025,12,SKODA,14,Córdoba,Corporate,PHEV,KKL,REST,Standard,1
2025,12,SKODA,14,Córdoba,Private,ICE,KKL,REST,Standard,2
2025,12,SKODA,14,Córdoba,Private,ICE,UKL1,REST,Standard,7
2025,12,SKODA,14,Córdoba,Private,ICE,UKL2,REST,Standard,9
2025,12,SKODA,14,Córdoba,Private,PHEV,KKL,REST,Standard,1
2025,12,SUBARU,14,Córdoba,Corporate,ICE,KKL,REST,Standard,2
2025,12,SUBARU,14,Córdoba,Private,ICE,UKL2,REST,Standard,1
2025,12,SUZUKI,14,Córdoba,Corporate,ICE,UKL1,REST,Standard,1
2025,12,SUZUKI,14,Córdoba,Private,ICE,UKL1,REST,Standard,3
2025,12,SUZUKI,14,Córdoba,Private,ICE,UKL2,REST,Standard,4
2025,12,TESLA,14,Córdoba,Corporate,BEV,KKL,FOCUS SEGMENT,Standard,1
2025,12,TESLA,14,Córdoba,Private,BEV,KKL,FOCUS SEGMENT,Standard,9
2025,12,TOYOTA,14,Córdoba,Corporate,BEV,UKL2,REST,Standard,1
2025,12,TOYOTA,14,Córdoba,Corporate,ICE,SKL,REST,Standard,2
2025,12,TOYOTA,14,Córdoba,Corporate,ICE,UKL1,REST,Standard,1
2025,12,TOYOTA,14,Córdoba,Corporate,ICE,UKL2,REST,Standard,6
2025,12,TOYOTA,14,Córdoba,Private,ICE,GKL,REST,Standard,1
2025,12,TOYOTA,14,Córdoba,Private,ICE,SKL,REST,Standard,1
2025,12,TOYOTA,14,Córdoba,Private,ICE,UKL1,REST,Standard,26
2025,12,TOYOTA,14,Córdoba,Private,ICE,UKL2,REST,Standard,11
2025,12,TOYOTA,14,Córdoba,Private,PHEV,UKL1,REST,Standard,6
2025,12,TOYOTA,14,Córdoba,Private,PHEV,UKL2,REST,Standard,10
2025,12,VOLKSWAGEN,14,Córdoba,Corporate,BEV,UKL2,REST,Standard,1
2025,12,VOLKSWAGEN,14,Córdoba,Corporate,ICE,UKL1,REST,Standard,1
2025,12,VOLKSWAGEN,14,Córdoba,Corporate,ICE,UKL2,REST,Standard,3
2025,12,VOLKSWAGEN,14,Córdoba,Corporate,PHEV,UKL2,REST,Standard,2
2025,12,VOLKSWAGEN,14,Córdoba,Private,ICE,UKL1,REST,Standard,12
2025,12,VOLKSWAGEN,14,Córdoba,Private,ICE,UKL2,REST,Standard,21
2025,12,VOLVO,14,Córdoba,Corporate,ICE,UKL2,FOCUS SEGMENT,Standard,13
2025,12,VOLVO,14,Córdoba,Private,ICE,KKL,FOCUS SEGMENT,Standard,7
2025,12,VOLVO,14,Córdoba,Private,ICE,UKL2,FOCUS SEGMENT,Standard,3
2025,12,ALFA ROMEO,15,A Coruña,Private,ICE,UKL1,REST,Standard,1
2025,12,ALPINE,15,A Coruña,Corporate,BEV,UKL1,REST,Standard,1
2025,12,AUDI,15,A Coruña,Corporate,BEV,MKL,FOCUS SEGMENT,Standard,1
2025,12,AUDI,15,A Coruña,Corporate,BEV,UKL2,FOCUS SEGMENT,Standard,2
2025,12,AUDI,15,A Coruña,Corporate,ICE,KKL,FOCUS SEGMENT,Standard,1
2025,12,AUDI,15,A Coruña,Corporate,ICE,MKL,FOCUS SEGMENT,Standard,1
2025,12,AUDI,15,A Coruña,Corporate,ICE,UKL2,FOCUS SEGMENT,Standard,4
2025,12,AUDI,15,A Coruña,Corporate,PHEV,KKL,FOCUS SEGMENT,Standard,2
2025,12,AUDI,15,A Coruña,Corporate,PHEV,UKL2,FOCUS SEGMENT,Standard,1
2025,12,AUDI,15,A Coruña,Private,BEV,UKL2,FOCUS SEGMENT,Standard,4
2025,12,AUDI,15,A Coruña,Private,ICE,KKL,FOCUS SEGMENT,Standard,2
2025,12,AUDI,15,A Coruña,Private,ICE,MKL,FOCUS SEGMENT,Standard,1
2025,12,AUDI,15,A Coruña,Private,ICE,UKL1,FOCUS SEGMENT,Standard,6
2025,12,AUDI,15,A Coruña,Private,ICE,UKL2,FOCUS SEGMENT,Standard,35
2025,12,AUDI,15,A Coruña,Private,PHEV,KKL,FOCUS SEGMENT,Standard,2
2025,12,AUDI,15,A Coruña,Private,PHEV,MKL,FOCUS SEGMENT,Standard,2
2025,12,AUDI,15,A Coruña,Private,PHEV,UKL2,FOCUS SEGMENT,Standard,3
2025,12,BMW,15,A Coruña,Corporate,BEV,KKL,FOCUS SEGMENT,Standard,1
2025,12,BMW,15,A Coruña,Corporate,BEV,UKL2,FOCUS SEGMENT,Standard,1
2025,12,BMW,15,A Coruña,Corporate,ICE,KKL,FOCUS SEGMENT,M Performance,1
2025,12,BMW,15,A Coruña,Corporate,ICE,KKL,FOCUS SEGMENT,Standard,8
2025,12,BMW,15,A Coruña,Corporate,ICE,MKL,FOCUS SEGMENT,Standard,2
2025,12,BMW,15,A Coruña,Corporate,ICE,UKL2,FOCUS SEGMENT,Standard,7
2025,12,BMW,15,A Coruña,Corporate,PHEV,KKL,FOCUS SEGMENT,Standard,1
2025,12,BMW,15,A Coruña,Corporate,PHEV,UKL2,FOCUS SEGMENT,Standard,1
2025,12,BMW,15,A Coruña,Private,BEV,UKL2,FOCUS SEGMENT,Standard,6
2025,12,BMW,15,A Coruña,Private,ICE,KKL,FOCUS SEGMENT,M Performance,1
2025,12,BMW,15,A Coruña,Private,ICE,KKL,FOCUS SEGMENT,Standard,8
2025,12,BMW,15,A Coruña,Private,ICE,MKL,FOCUS SEGMENT,Standard,3
2025,12,BMW,15,A Coruña,Private,ICE,UKL2,FOCUS SEGMENT,Standard,17
2025,12,BMW,15,A Coruña,Private,PHEV,KKL,FOCUS SEGMENT,Standard,2
2025,12,BMW,15,A Coruña,Private,PHEV,UKL2,FOCUS SEGMENT,Standard,2
2025,12,BYD,15,A Coruña,Corporate,BEV,UKL1,REST,Standard,3
2025,12,BYD,15,A Coruña,Corporate,PHEV,KKL,REST,Standard,1
2025,12,BYD,15,A Coruña,Private,BEV,KKL,REST,Standard,10
2025,12,BYD,15,A Coruña,Private,BEV,UKL0,REST,Standard,16
2025,12,BYD,15,A Coruña,Private,BEV,UKL1,REST,Standard,15
2025,12,BYD,15,A Coruña,Private,BEV,UKL2,REST,Standard,7
2025,12,BYD,15,A Coruña,Private,PHEV,KKL,REST,Standard,13
2025,12,CITROEN,15,A Coruña,Corporate,ICE,SKL,REST,Standard,5
2025,12,CITROEN,15,A Coruña,Corporate,ICE,UKL1,REST,Standard,2
2025,12,CITROEN,15,A Coruña,Corporate,ICE,UKL2,REST,Standard,11
2025,12,CITROEN,15,A Coruña,Private,BEV,UKL1,REST,Standard,2
2025,12,CITROEN,15,A Coruña,Private,ICE,SKL,REST,Standard,3
2025,12,CITROEN,15,A Coruña,Private,ICE,UKL1,REST,Standard,10
2025,12,CITROEN,15,A Coruña,Private,ICE,UKL2,REST,Standard,8
2025,12,CUPRA,15,A Coruña,Corporate,ICE,UKL2,REST,Standard,2
2025,12,CUPRA,15,A Coruña,Corporate,PHEV,UKL2,REST,Standard,5
2025,12,CUPRA,15,A Coruña,Private,BEV,UKL2,REST,Standard,2
2025,12,CUPRA,15,A Coruña,Private,ICE,UKL2,REST,Standard,5
2025,12,CUPRA,15,A Coruña,Private,PHEV,UKL2,REST,Standard,7
2025,12,DACIA,15,A Coruña,Corporate,BEV,UKL0,REST,Standard,1
2025,12,DACIA,15,A Coruña,Private,BEV,UKL0,REST,Standard,1
2025,12,DACIA,15,A Coruña,Private,ICE,SKL,REST,Standard,8
2025,12,DACIA,15,A Coruña,Private,ICE,UKL1,REST,Standard,50
2025,12,DACIA,15,A Coruña,Private,ICE,UKL2,REST,Standard,8
2025,12,EBRO,15,A Coruña,Corporate,PHEV,KKL,REST,Standard,1
2025,12,EBRO,15,A Coruña,Private,ICE,KKL,REST,Standard,1
2025,12,EBRO,15,A Coruña,Private,ICE,UKL2,REST,Standard,22
2025,12,EBRO,15,A Coruña,Private,PHEV,KKL,REST,Standard,4
2025,12,EBRO,15,A Coruña,Private,PHEV,UKL2,REST,Standard,6
2025,12,FAW,15,A Coruña,Private,ICE,,REST,Standard,1
2025,12,FIAT,15,A Coruña,Corporate,ICE,UKL0,REST,Standard,1
2025,12,FIAT,15,A Coruña,Private,ICE,UKL0,REST,Standard,2
2025,12,FORD,15,A Coruña,Corporate,BEV,SKL,REST,Standard,1
2025,12,FORD,15,A Coruña,Corporate,ICE,SKL,REST,Standard,1
2025,12,FORD,15,A Coruña,Corporate,ICE,UKL1,REST,Standard,3
2025,12,FORD,15,A Coruña,Corporate,PHEV,SKL,REST,Standard,1
2025,12,FORD,15,A Coruña,Corporate,PHEV,UKL2,REST,Standard,2
2025,12,FORD,15,A Coruña,Private,ICE,UKL1,REST,Standard,6
2025,12,FORD,15,A Coruña,Private,ICE,UKL2,REST,Standard,4
2025,12,FORD,15,A Coruña,Private,PHEV,UKL2,REST,Standard,6
2025,12,HONDA,15,A Coruña,Corporate,ICE,KKL,REST,Standard,2
2025,12,HONDA,15,A Coruña,Private,BEV,UKL1,REST,Standard,1
2025,12,HONDA,15,A Coruña,Private,ICE,KKL,REST,Standard,2
2025,12,HONDA,15,A Coruña,Private,ICE,UKL1,REST,Standard,4
2025,12,HONDA,15,A Coruña,Private,ICE,UKL2,REST,Standard,5
2025,12,HYUNDAI,15,A Coruña,Corporate,BEV,UKL1,REST,Standard,13
2025,12,HYUNDAI,15,A Coruña,Corporate,ICE,UKL1,REST,Standard,6
2025,12,HYUNDAI,15,A Coruña,Corporate,ICE,UKL2,REST,Standard,4
2025,12,HYUNDAI,15,A Coruña,Corporate,PHEV,UKL2,REST,Standard,1
2025,12,HYUNDAI,15,A Coruña,Private,BEV,UKL1,REST,Standard,2
2025,12,HYUNDAI,15,A Coruña,Private,ICE,UKL0,REST,Standard,3
2025,12,HYUNDAI,15,A Coruña,Private,ICE,UKL1,REST,Standard,28
2025,12,HYUNDAI,15,A Coruña,Private,ICE,UKL2,REST,Standard,22
2025,12,HYUNDAI,15,A Coruña,Private,PHEV,UKL2,REST,Standard,1
2025,12,JAECOO,15,A Coruña,Corporate,BEV,UKL1,REST,Standard,1
2025,12,JAECOO,15,A Coruña,Corporate,PHEV,UKL2,REST,Standard,1
2025,12,JAECOO,15,A Coruña,Private,BEV,UKL1,REST,Standard,2
2025,12,JAECOO,15,A Coruña,Private,ICE,UKL2,REST,Standard,2
2025,12,JEEP,15,A Coruña,Corporate,ICE,UKL1,REST,Standard,2
2025,12,JEEP,15,A Coruña,Private,ICE,UKL1,REST,Standard,6
2025,12,JEEP,15,A Coruña,Private,ICE,UKL2,REST,Standard,1
2025,12,KG MOBILITY,15,A Coruña,Corporate,ICE,MKL,REST,Standard,1
2025,12,KG MOBILITY,15,A Coruña,Private,ICE,UKL2,REST,Standard,1
2025,12,KIA,15,A Coruña,Corporate,BEV,SKL,REST,Standard,1
2025,12,KIA,15,A Coruña,Corporate,ICE,UKL1,REST,Standard,4
2025,12,KIA,15,A Coruña,Corporate,ICE,UKL2,REST,Standard,4
2025,12,KIA,15,A Coruña,Private,BEV,UKL1,REST,Standard,11
2025,12,KIA,15,A Coruña,Private,BEV,UKL2,REST,Standard,3
2025,12,KIA,15,A Coruña,Private,ICE,KKL,REST,Standard,1
2025,12,KIA,15,A Coruña,Private,ICE,UKL0,REST,Standard,3
2025,12,KIA,15,A Coruña,Private,ICE,UKL1,REST,Standard,19
2025,12,KIA,15,A Coruña,Private,ICE,UKL2,REST,Standard,45
2025,12,LAND ROVER,15,A Coruña,Private,ICE,UKL2,FOCUS SEGMENT,Standard,1
2025,12,LAND ROVER,15,A Coruña,Private,PHEV,MKL,FOCUS SEGMENT,Standard,1
2025,12,LEAPMOTOR,15,A Coruña,Private,BEV,MKL,REST,Standard,1
2025,12,LEAPMOTOR,15,A Coruña,Private,BEV,UKL2,REST,Standard,5
2025,12,LEXUS,15,A Coruña,Corporate,PHEV,MKL,FOCUS SEGMENT,Standard,1
2025,12,LEXUS,15,A Coruña,Private,ICE,KKL,FOCUS SEGMENT,Standard,2
2025,12,LEXUS,15,A Coruña,Private,ICE,UKL2,FOCUS SEGMENT,Standard,1
2025,12,LIVAN,15,A Coruña,Corporate,ICE,UKL1,REST,Standard,1
2025,12,LIVAN,15,A Coruña,Private,ICE,UKL1,REST,Standard,5
2025,12,LYNK & CO,15,A Coruña,Corporate,PHEV,UKL2,REST,Standard,2
2025,12,MAZDA,15,A Coruña,Private,ICE,UKL1,REST,Standard,1
2025,12,MAZDA,15,A Coruña,Private,ICE,UKL2,REST,Standard,19
2025,12,MERCEDES,15,A Coruña,Corporate,BEV,GKL,FOCUS SEGMENT,Standard,1
2025,12,MERCEDES,15,A Coruña,Corporate,BEV,UKL2,FOCUS SEGMENT,Standard,1
2025,12,MERCEDES,15,A Coruña,Corporate,ICE,KKL,FOCUS SEGMENT,M Performance,1
2025,12,MERCEDES,15,A Coruña,Corporate,ICE,KKL,FOCUS SEGMENT,Standard,4
2025,12,MERCEDES,15,A Coruña,Corporate,ICE,MKL,FOCUS SEGMENT,Standard,1
2025,12,MERCEDES,15,A Coruña,Corporate,ICE,SKL,REST,Standard,1
2025,12,MERCEDES,15,A Coruña,Corporate,ICE,UKL2,FOCUS SEGMENT,Standard,3
2025,12,MERCEDES,15,A Coruña,Corporate,PHEV,KKL,FOCUS SEGMENT,Standard,8
2025,12,MERCEDES,15,A Coruña,Corporate,PHEV,MKL,FOCUS SEGMENT,M Performance,1
2025,12,MERCEDES,15,A Coruña,Corporate,PHEV,MKL,FOCUS SEGMENT,Standard,2
2025,12,MERCEDES,15,A Coruña,Corporate,PHEV,UKL2,FOCUS SEGMENT,Standard,3
2025,12,MERCEDES,15,A Coruña,Private,BEV,UKL2,FOCUS SEGMENT,Standard,4
2025,12,MERCEDES,15,A Coruña,Private,ICE,KKL,FOCUS SEGMENT,Standard,2
2025,12,MERCEDES,15,A Coruña,Private,ICE,MKL,FOCUS SEGMENT,Standard,2
2025,12,MERCEDES,15,A Coruña,Private,ICE,MKL,REST,Standard,1
2025,12,MERCEDES,15,A Coruña,Private,ICE,UKL2,FOCUS SEGMENT,Standard,9
2025,12,MERCEDES,15,A Coruña,Private,PHEV,KKL,FOCUS SEGMENT,Standard,5
2025,12,MERCEDES,15,A Coruña,Private,PHEV,MKL,FOCUS SEGMENT,Standard,2
2025,12,MERCEDES,15,A Coruña,Private,PHEV,UKL2,FOCUS SEGMENT,Standard,2
2025,12,MERCEDES,15,A Coruña,RAC,ICE,MKL,REST,Standard,1
2025,12,MERCEDES-V,15,A Coruña,Corporate,ICE,SKL,REST,Standard,1
2025,12,MG,15,A Coruña,Corporate,PHEV,KKL,REST,Standard,1
2025,12,MG,15,A Coruña,Private,BEV,UKL2,REST,Standard,3
2025,12,MG,15,A Coruña,Private,ICE,UKL1,REST,Standard,27
2025,12,MG,15,A Coruña,Private,PHEV,KKL,REST,Standard,17
2025,12,MINI,15,A Coruña,Corporate,BEV,UKL1,FOCUS SEGMENT,Standard,2
2025,12,MINI,15,A Coruña,Corporate,ICE,UKL1,FOCUS SEGMENT,Standard,2
2025,12,MINI,15,A Coruña,Corporate,ICE,UKL2,FOCUS SEGMENT,Standard,2
2025,12,MINI,15,A Coruña,Private,BEV,UKL1,FOCUS SEGMENT,Standard,4
2025,12,MINI,15,A Coruña,Private,ICE,UKL1,FOCUS SEGMENT,Standard,1
2025,12,MITSUBISHI,15,A Coruña,Corporate,ICE,UKL1,REST,Standard,1
2025,12,MITSUBISHI,15,A Coruña,Private,ICE,UKL1,REST,Standard,1
2025,12,MITSUBISHI,15,A Coruña,Private,ICE,UKL2,REST,Standard,3
2025,12,NISSAN,15,A Coruña,Corporate,BEV,UKL1,REST,Standard,1
2025,12,NISSAN,15,A Coruña,Corporate,ICE,KKL,REST,Standard,4
2025,12,NISSAN,15,A Coruña,Corporate,ICE,UKL1,REST,Standard,5
2025,12,NISSAN,15,A Coruña,Private,BEV,UKL1,REST,Standard,1
2025,12,NISSAN,15,A Coruña,Private,ICE,KKL,REST,Standard,5
2025,12,NISSAN,15,A Coruña,Private,ICE,UKL1,REST,Standard,5
2025,12,NISSAN,15,A Coruña,Private,ICE,UKL2,REST,Standard,19
2025,12,OMODA,15,A Coruña,Corporate,ICE,UKL2,REST,Standard,2
2025,12,OMODA,15,A Coruña,Corporate,PHEV,KKL,REST,Standard,1
2025,12,OMODA,15,A Coruña,Private,ICE,UKL2,REST,Standard,19
2025,12,OMODA,15,A Coruña,Private,PHEV,KKL,REST,Standard,4
2025,12,OPEL,15,A Coruña,Corporate,ICE,SKL,REST,Standard,1
2025,12,OPEL,15,A Coruña,Corporate,ICE,UKL1,REST,Standard,1
2025,12,OPEL,15,A Coruña,Corporate,ICE,UKL2,REST,Standard,1
2025,12,OPEL,15,A Coruña,Private,ICE,KKL,REST,Standard,1
2025,12,OPEL,15,A Coruña,Private,ICE,UKL1,REST,Standard,8
2025,12,PEUGEOT,15,A Coruña,Corporate,ICE,SKL,REST,Standard,2
2025,12,PEUGEOT,15,A Coruña,Corporate,ICE,UKL1,REST,Standard,2
2025,12,PEUGEOT,15,A Coruña,Corporate,ICE,UKL2,REST,Standard,1
2025,12,PEUGEOT,15,A Coruña,Corporate,PHEV,UKL2,REST,Standard,1
2025,12,PEUGEOT,15,A Coruña,Private,ICE,SKL,REST,Standard,1
2025,12,PEUGEOT,15,A Coruña,Private,ICE,UKL1,REST,Standard,13
2025,12,PEUGEOT,15,A Coruña,Private,ICE,UKL2,REST,Standard,6
2025,12,PEUGEOT,15,A Coruña,Private,PHEV,UKL2,REST,Standard,1
2025,12,POLESTAR,15,A Coruña,Private,BEV,KKL,FOCUS SEGMENT,Standard,1
2025,12,PORSCHE,15,A Coruña,Corporate,ICE,GKL,FOCUS SEGMENT,M Performance,1
2025,12,PORSCHE,15,A Coruña,Corporate,PHEV,GKL,FOCUS SEGMENT,Standard,1
2025,12,PORSCHE,15,A Coruña,Private,ICE,GKL,FOCUS SEGMENT,M Performance,3
2025,12,PORSCHE,15,A Coruña,Private,PHEV,GKL,FOCUS SEGMENT,Standard,1
2025,12,REHATRANS,15,A Coruña,Corporate,ICE,SKL,REST,Standard,1
2025,12,RENAULT,15,A Coruña,Corporate,BEV,UKL1,REST,Standard,1
2025,12,RENAULT,15,A Coruña,Corporate,ICE,KKL,REST,Standard,2
2025,12,RENAULT,15,A Coruña,Corporate,ICE,SKL,REST,Standard,3
2025,12,RENAULT,15,A Coruña,Corporate,ICE,UKL1,REST,Standard,2
2025,12,RENAULT,15,A Coruña,Private,BEV,UKL1,REST,Standard,3
2025,12,RENAULT,15,A Coruña,Private,ICE,KKL,REST,Standard,1
2025,12,RENAULT,15,A Coruña,Private,ICE,SKL,REST,Standard,1
2025,12,RENAULT,15,A Coruña,Private,ICE,UKL1,REST,Standard,32
2025,12,RENAULT,15,A Coruña,Private,ICE,UKL2,REST,Standard,11
2025,12,RENAULT,15,A Coruña,Private,PHEV,UKL2,REST,Standard,3
2025,12,RENAULT TRUCKS,15,A Coruña,Corporate,ICE,SKL,REST,Standard,1
2025,12,SEAT,15,A Coruña,Corporate,ICE,UKL1,REST,Standard,6
2025,12,SEAT,15,A Coruña,Corporate,ICE,UKL2,REST,Standard,1
2025,12,SEAT,15,A Coruña,Corporate,PHEV,UKL2,REST,Standard,2
2025,12,SEAT,15,A Coruña,Private,ICE,UKL1,REST,Standard,45
2025,12,SEAT,15,A Coruña,Private,ICE,UKL2,REST,Standard,28
2025,12,SEAT,15,A Coruña,Private,PHEV,UKL2,REST,Standard,2
2025,12,SKODA,15,A Coruña,Corporate,BEV,UKL2,REST,Standard,11
2025,12,SKODA,15,A Coruña,Corporate,ICE,UKL2,REST,Standard,3
2025,12,SKODA,15,A Coruña,Private,BEV,UKL2,REST,Standard,5
2025,12,SKODA,15,A Coruña,Private,ICE,KKL,REST,Standard,3
2025,12,SKODA,15,A Coruña,Private,ICE,UKL1,REST,Standard,8
2025,12,SKODA,15,A Coruña,Private,ICE,UKL2,REST,Standard,8
2025,12,SUZUKI,15,A Coruña,Corporate,ICE,UKL1,REST,Standard,1
2025,12,SUZUKI,15,A Coruña,Private,ICE,UKL1,REST,Standard,1
2025,12,SUZUKI,15,A Coruña,Private,ICE,UKL2,REST,Standard,2
2025,12,TESLA,15,A Coruña,Corporate,BEV,KKL,FOCUS SEGMENT,Standard,4
2025,12,TESLA,15,A Coruña,Private,BEV,KKL,FOCUS SEGMENT,Standard,17
2025,12,TOYOTA,15,A Coruña,Corporate,BEV,UKL2,REST,Standard,2
2025,12,TOYOTA,15,A Coruña,Corporate,ICE,SKL,REST,Standard,2
2025,12,TOYOTA,15,A Coruña,Corporate,ICE,UKL1,REST,Standard,1
2025,12,TOYOTA,15,A Coruña,Corporate,ICE,UKL2,REST,Standard,3
2025,12,TOYOTA,15,A Coruña,Corporate,PHEV,UKL1,REST,Standard,1
2025,12,TOYOTA,15,A Coruña,Corporate,PHEV,UKL2,REST,Standard,6
2025,12,TOYOTA,15,A Coruña,Private,ICE,GKL,REST,Standard,2
2025,12,TOYOTA,15,A Coruña,Private,ICE,SKL,REST,Standard,2
2025,12,TOYOTA,15,A Coruña,Private,ICE,UKL1,REST,Standard,64
2025,12,TOYOTA,15,A Coruña,Private,ICE,UKL2,REST,Standard,32
2025,12,TOYOTA,15,A Coruña,Private,PHEV,UKL1,REST,Standard,22
2025,12,TOYOTA,15,A Coruña,Private,PHEV,UKL2,REST,Standard,9
2025,12,TOYOTA,15,A Coruña,RAC,ICE,UKL1,REST,Standard,3
2025,12,TOYOTA,15,A Coruña,RAC,PHEV,UKL1,REST,Standard,2
2025,12,TRIPOD,15,A Coruña,Private,ICE,,REST,Standard,1
2025,12,VOLKSWAGEN,15,A Coruña,Corporate,BEV,SKL,REST,Standard,1
2025,12,VOLKSWAGEN,15,A Coruña,Corporate,ICE,UKL2,REST,Standard,3
2025,12,VOLKSWAGEN,15,A Coruña,Private,ICE,SKL,REST,Standard,1
2025,12,VOLKSWAGEN,15,A Coruña,Private,ICE,UKL1,REST,Standard,11
2025,12,VOLKSWAGEN,15,A Coruña,Private,ICE,UKL2,REST,Standard,16
2025,12,VOLKSWAGEN,15,A Coruña,Private,PHEV,SKL,REST,Standard,1
2025,12,VOLKSWAGEN,15,A Coruña,Private,PHEV,UKL2,REST,Standard,2
2025,12,VOLVO,15,A Coruña,Corporate,BEV,UKL1,FOCUS SEGMENT,Standard,2
2025,12,VOLVO,15,A Coruña,Corporate,ICE,UKL2,FOCUS SEGMENT,Standard,7
2025,12,VOLVO,15,A Coruña,Corporate,PHEV,KKL,FOCUS SEGMENT,Standard,1
2025,12,VOLVO,15,A Coruña,Private,BEV,UKL1,FOCUS SEGMENT,Standard,4
2025,12,VOLVO,15,A Coruña,Private,ICE,KKL,FOCUS SEGMENT,Standard,3
2025,12,VOLVO,15,A Coruña,Private,ICE,UKL2,FOCUS SEGMENT,Standard,20
2025,12,VOLVO,15,A Coruña,Private,PHEV,KKL,FOCUS SEGMENT,Standard,2
2025,12,XPENG,15,A Coruña,Private,BEV,KKL,FOCUS SEGMENT,Standard,5
2025,12,AUDI,16,Cuenca,Corporate,ICE,UKL2,FOCUS SEGMENT,Standard,1
2025,12,AUDI,16,Cuenca,Private,ICE,KKL,FOCUS SEGMENT,Standard,1
2025,12,AUDI,16,Cuenca,Private,ICE,UKL1,FOCUS SEGMENT,Standard,1
2025,12,AUDI,16,Cuenca,Private,ICE,UKL2,FOCUS SEGMENT,Standard,1
2025,12,AUDI,16,Cuenca,Private,PHEV,MKL,FOCUS SEGMENT,Standard,1
2025,12,AUDI,16,Cuenca,Private,PHEV,UKL2,FOCUS SEGMENT,Standard,1
2025,12,BMW,16,Cuenca,Corporate,ICE,KKL,FOCUS SEGMENT,Standard,1
2025,12,BMW,16,Cuenca,Corporate,ICE,UKL2,FOCUS SEGMENT,Standard,1
2025,12,BMW,16,Cuenca,Private,ICE,KKL,FOCUS SEGMENT,Standard,1
2025,12,BMW,16,Cuenca,Private,ICE,MKL,FOCUS SEGMENT,Standard,1
2025,12,BMW,16,Cuenca,Private,ICE,UKL2,FOCUS SEGMENT,Standard,3
2025,12,BYD,16,Cuenca,Corporate,BEV,UKL0,REST,Standard,2
2025,12,BYD,16,Cuenca,Corporate,PHEV,KKL,REST,Standard,1
2025,12,BYD,16,Cuenca,Private,BEV,KKL,REST,Standard,1
2025,12,BYD,16,Cuenca,Private,BEV,UKL0,REST,Standard,2
2025,12,BYD,16,Cuenca,Private,BEV,UKL1,REST,Standard,2
2025,12,BYD,16,Cuenca,Private,PHEV,KKL,REST,Standard,2
2025,12,CITROEN,16,Cuenca,Private,ICE,UKL1,REST,Standard,1
2025,12,CUPRA,16,Cuenca,Private,PHEV,UKL2,REST,Standard,1
2025,12,DACIA,16,Cuenca,Corporate,ICE,UKL2,REST,Standard,3
2025,12,DACIA,16,Cuenca,Private,BEV,UKL0,REST,Standard,1
2025,12,DACIA,16,Cuenca,Private,ICE,SKL,REST,Standard,2
2025,12,DACIA,16,Cuenca,Private,ICE,UKL1,REST,Standard,8
2025,12,DACIA,16,Cuenca,Private,ICE,UKL2,REST,Standard,4
2025,12,EBRO,16,Cuenca,Private,ICE,UKL2,REST,Standard,6
2025,12,EBRO,16,Cuenca,Private,PHEV,KKL,REST,Standard,1
2025,12,EVO,16,Cuenca,Private,ICE,UKL2,REST,Standard,1
2025,12,FIAT,16,Cuenca,Private,ICE,UKL0,REST,Standard,1
2025,12,FORD,16,Cuenca,Private,ICE,MKL,REST,Standard,1
2025,12,HONDA,16,Cuenca,Private,ICE,UKL1,REST,Standard,1
2025,12,HYUNDAI,16,Cuenca,Corporate,ICE,UKL0,REST,Standard,1
2025,12,HYUNDAI,16,Cuenca,Corporate,ICE,UKL1,REST,Standard,1
2025,12,HYUNDAI,16,Cuenca,Corporate,ICE,UKL2,REST,Standard,3
2025,12,HYUNDAI,16,Cuenca,Private,BEV,UKL1,REST,Standard,2
2025,12,HYUNDAI,16,Cuenca,Private,ICE,UKL1,REST,Standard,4
2025,12,HYUNDAI,16,Cuenca,Private,ICE,UKL2,REST,Standard,5
2025,12,HYUNDAI,16,Cuenca,Private,PHEV,UKL2,REST,Standard,2
2025,12,JAECOO,16,Cuenca,Corporate,ICE,UKL2,REST,Standard,1
2025,12,JAECOO,16,Cuenca,Private,BEV,UKL1,REST,Standard,1
2025,12,JAECOO,16,Cuenca,Private,PHEV,UKL2,REST,Standard,4
2025,12,KIA,16,Cuenca,Corporate,BEV,UKL1,REST,Standard,1
2025,12,KIA,16,Cuenca,Private,ICE,UKL0,REST,Standard,1
2025,12,KIA,16,Cuenca,Private,ICE,UKL1,REST,Standard,2
2025,12,KIA,16,Cuenca,Private,ICE,UKL2,REST,Standard,9
2025,12,LAND ROVER,16,Cuenca,Corporate,ICE,MKL,FOCUS SEGMENT,Standard,1
2025,12,LEAPMOTOR,16,Cuenca,Private,BEV,UKL2,REST,Standard,1
2025,12,LEXUS,16,Cuenca,Private,PHEV,KKL,FOCUS SEGMENT,Standard,1
2025,12,MAZDA,16,Cuenca,Private,BEV,MKL,REST,Standard,1
2025,12,MAZDA,16,Cuenca,Private,ICE,UKL2,REST,Standard,4
2025,12,MAZDA,16,Cuenca,Private,PHEV,KKL,REST,Standard,2
2025,12,MERCEDES,16,Cuenca,Corporate,ICE,KKL,FOCUS SEGMENT,Standard,2
2025,12,MERCEDES,16,Cuenca,Corporate,ICE,MKL,FOCUS SEGMENT,Standard,1
2025,12,MERCEDES,16,Cuenca,Corporate,ICE,UKL2,FOCUS SEGMENT,Standard,2
2025,12,MERCEDES,16,Cuenca,Corporate,PHEV,KKL,FOCUS SEGMENT,Standard,1
2025,12,MERCEDES,16,Cuenca,Private,PHEV,KKL,FOCUS SEGMENT,Standard,1
2025,12,MG,16,Cuenca,Private,BEV,UKL2,REST,Standard,1
2025,12,MG,16,Cuenca,Private,ICE,KKL,REST,Standard,1
2025,12,MG,16,Cuenca,Private,ICE,UKL1,REST,Standard,3
2025,12,MG,16,Cuenca,Private,PHEV,KKL,REST,Standard,9
2025,12,MINI,16,Cuenca,Private,ICE,UKL2,FOCUS SEGMENT,Standard,1
2025,12,NISSAN,16,Cuenca,Corporate,BEV,UKL1,REST,Standard,1
2025,12,NISSAN,16,Cuenca,Corporate,ICE,UKL1,REST,Standard,1
2025,12,NISSAN,16,Cuenca,Corporate,ICE,UKL2,REST,Standard,1
2025,12,NISSAN,16,Cuenca,Private,ICE,UKL1,REST,Standard,2
2025,12,NISSAN,16,Cuenca,Private,ICE,UKL2,REST,Standard,1
2025,12,OMODA,16,Cuenca,Corporate,PHEV,KKL,REST,Standard,1
2025,12,OMODA,16,Cuenca,Private,BEV,UKL2,REST,Standard,1
2025,12,OMODA,16,Cuenca,Private,ICE,UKL2,REST,Standard,5
2025,12,OMODA,16,Cuenca,Private,PHEV,KKL,REST,Standard,3
2025,12,PEUGEOT,16,Cuenca,Private,BEV,UKL1,REST,Standard,1
2025,12,PEUGEOT,16,Cuenca,Private,ICE,UKL1,REST,Standard,2
2025,12,PEUGEOT,16,Cuenca,Private,ICE,UKL2,REST,Standard,1
2025,12,RENAULT,16,Cuenca,Private,ICE,KKL,REST,Standard,1
2025,12,RENAULT,16,Cuenca,Private,ICE,UKL1,REST,Standard,4
2025,12,SEAT,16,Cuenca,Private,ICE,UKL1,REST,Standard,2
2025,12,SEAT,16,Cuenca,Private,ICE,UKL2,REST,Standard,3
2025,12,SKODA,16,Cuenca,Private,ICE,UKL2,REST,Standard,2
2025,12,SUZUKI,16,Cuenca,Private,ICE,UKL1,REST,Standard,1
2025,12,TESLA,16,Cuenca,Corporate,BEV,KKL,FOCUS SEGMENT,Standard,1
2025,12,TESLA,16,Cuenca,Private,BEV,KKL,FOCUS SEGMENT,Standard,6
2025,12,TOYOTA,16,Cuenca,Corporate,ICE,UKL1,REST,Standard,2
2025,12,TOYOTA,16,Cuenca,Corporate,PHEV,UKL2,REST,Standard,1
2025,12,TOYOTA,16,Cuenca,Private,ICE,UKL1,REST,Standard,7
2025,12,TOYOTA,16,Cuenca,Private,ICE,UKL2,REST,Standard,2
2025,12,TOYOTA,16,Cuenca,Private,PHEV,UKL1,REST,Standard,1
2025,12,TOYOTA,16,Cuenca,Private,PHEV,UKL2,REST,Standard,4
2025,12,VOLKSWAGEN,16,Cuenca,Corporate,PHEV,UKL2,REST,Standard,1
2025,12,VOLKSWAGEN,16,Cuenca,Private,ICE,UKL1,REST,Standard,2
2025,12,VOLKSWAGEN,16,Cuenca,Private,ICE,UKL2,REST,Standard,3
2025,12,VOLKSWAGEN,16,Cuenca,Private,PHEV,SKL,REST,Standard,1
2025,12,VOLVO,16,Cuenca,Private,ICE,KKL,FOCUS SEGMENT,Standard,1
2025,12,VOLVO,16,Cuenca,Private,ICE,UKL2,FOCUS SEGMENT,Standard,3
2025,12,XPENG,16,Cuenca,Private,BEV,KKL,FOCUS SEGMENT,Standard,1
2025,12,ALFA ROMEO,17,Girona,Private,ICE,KKL,REST,Standard,1
2025,12,AUDI,17,Girona,Corporate,BEV,MKL,FOCUS SEGMENT,Standard,1
2025,12,AUDI,17,Girona,Corporate,ICE,KKL,FOCUS SEGMENT,Standard,4
2025,12,AUDI,17,Girona,Corporate,ICE,UKL1,FOCUS SEGMENT,Standard,2
2025,12,AUDI,17,Girona,Corporate,ICE,UKL2,FOCUS SEGMENT,Standard,2
2025,12,AUDI,17,Girona,Corporate,PHEV,UKL2,FOCUS SEGMENT,Standard,2
2025,12,AUDI,17,Girona,Private,BEV,KKL,FOCUS SEGMENT,Standard,1
2025,12,AUDI,17,Girona,Private,BEV,UKL2,FOCUS SEGMENT,Standard,3
2025,12,AUDI,17,Girona,Private,ICE,UKL1,FOCUS SEGMENT,Standard,4
2025,12,AUDI,17,Girona,Private,ICE,UKL2,FOCUS SEGMENT,Standard,13
2025,12,AUDI,17,Girona,Private,PHEV,KKL,FOCUS SEGMENT,Standard,1
2025,12,AUDI,17,Girona,Private,PHEV,MKL,FOCUS SEGMENT,Standard,1
2025,12,AUDI,17,Girona,Private,PHEV,UKL2,FOCUS SEGMENT,Standard,4
2025,12,BMW,17,Girona,Corporate,BEV,UKL2,FOCUS SEGMENT,Standard,1
2025,12,BMW,17,Girona,Corporate,ICE,MKL,FOCUS SEGMENT,Standard,2
2025,12,BMW,17,Girona,Corporate,ICE,UKL2,FOCUS SEGMENT,Standard,6
2025,12,BMW,17,Girona,Corporate,PHEV,KKL,FOCUS SEGMENT,Standard,1
2025,12,BMW,17,Girona,Corporate,PHEV,MKL,FOCUS SEGMENT,Standard,1
2025,12,BMW,17,Girona,Private,BEV,UKL2,FOCUS SEGMENT,Standard,2
2025,12,BMW,17,Girona,Private,ICE,KKL,FOCUS SEGMENT,M,1
2025,12,BMW,17,Girona,Private,ICE,KKL,FOCUS SEGMENT,Standard,3
2025,12,BMW,17,Girona,Private,ICE,UKL2,FOCUS SEGMENT,M Performance,1
2025,12,BMW,17,Girona,Private,ICE,UKL2,FOCUS SEGMENT,Standard,6
2025,12,BMW,17,Girona,Private,PHEV,UKL2,FOCUS SEGMENT,Standard,4
2025,12,BYD,17,Girona,Corporate,BEV,KKL,REST,Standard,1
2025,12,BYD,17,Girona,Corporate,BEV,UKL0,REST,Standard,1
2025,12,BYD,17,Girona,Private,BEV,KKL,REST,Standard,5
2025,12,BYD,17,Girona,Private,BEV,UKL0,REST,Standard,7
2025,12,BYD,17,Girona,Private,BEV,UKL1,REST,Standard,9
2025,12,BYD,17,Girona,Private,BEV,UKL2,REST,Standard,4
2025,12,BYD,17,Girona,Private,PHEV,KKL,REST,Standard,6
2025,12,CITROEN,17,Girona,Corporate,ICE,SKL,REST,Standard,1
2025,12,CITROEN,17,Girona,Corporate,ICE,UKL1,REST,Standard,2
2025,12,CITROEN,17,Girona,Corporate,ICE,UKL2,REST,Standard,1
2025,12,CITROEN,17,Girona,Private,BEV,SKL,REST,Standard,1
2025,12,CITROEN,17,Girona,Private,BEV,UKL1,REST,Standard,1
2025,12,CITROEN,17,Girona,Private,ICE,SKL,REST,Standard,3
2025,12,CITROEN,17,Girona,Private,ICE,UKL1,REST,Standard,10
2025,12,CITROEN,17,Girona,Private,ICE,UKL2,REST,Standard,9
2025,12,CUPRA,17,Girona,Corporate,ICE,UKL2,REST,Standard,3
2025,12,CUPRA,17,Girona,Corporate,PHEV,UKL2,REST,Standard,6
2025,12,CUPRA,17,Girona,Private,ICE,UKL2,REST,Standard,9
2025,12,CUPRA,17,Girona,Private,PHEV,UKL2,REST,Standard,6
2025,12,DACIA,17,Girona,Corporate,BEV,UKL0,REST,Standard,1
2025,12,DACIA,17,Girona,Corporate,ICE,SKL,REST,Standard,2
2025,12,DACIA,17,Girona,Corporate,ICE,UKL1,REST,Standard,10
2025,12,DACIA,17,Girona,Corporate,ICE,UKL2,REST,Standard,6
2025,12,DACIA,17,Girona,Private,BEV,UKL0,REST,Standard,6
2025,12,DACIA,17,Girona,Private,ICE,SKL,REST,Standard,16
2025,12,DACIA,17,Girona,Private,ICE,UKL1,REST,Standard,42
2025,12,DACIA,17,Girona,Private,ICE,UKL2,REST,Standard,16
2025,12,DONGFENG,17,Girona,Private,BEV,UKL0,REST,Standard,1
2025,12,EBRO,17,Girona,Corporate,ICE,UKL2,REST,Standard,1
2025,12,EBRO,17,Girona,Private,ICE,UKL2,REST,Standard,19
2025,12,EBRO,17,Girona,Private,PHEV,UKL2,REST,Standard,3
2025,12,FIAT,17,Girona,Private,BEV,UKL0,REST,Standard,1
2025,12,FIAT,17,Girona,Private,ICE,UKL0,REST,Standard,4
2025,12,FIAT,17,Girona,Private,ICE,UKL1,REST,Standard,1
2025,12,FORD,17,Girona,Corporate,BEV,UKL1,REST,Standard,2
2025,12,FORD,17,Girona,Corporate,ICE,UKL1,REST,Standard,1
2025,12,FORD,17,Girona,Corporate,PHEV,UKL2,REST,Standard,1
2025,12,FORD,17,Girona,Private,BEV,SKL,REST,Standard,1
2025,12,FORD,17,Girona,Private,ICE,SKL,REST,Standard,1
2025,12,FORD,17,Girona,Private,ICE,UKL1,REST,Standard,14
2025,12,FORD,17,Girona,Private,ICE,UKL2,REST,Standard,4
2025,12,FORD,17,Girona,Private,PHEV,SKL,REST,Standard,2
2025,12,FORD,17,Girona,Private,PHEV,UKL2,REST,Standard,8
2025,12,HONDA,17,Girona,Corporate,ICE,KKL,REST,Standard,1
2025,12,HONDA,17,Girona,Private,ICE,KKL,REST,Standard,1
2025,12,HONDA,17,Girona,Private,ICE,UKL1,REST,Standard,4
2025,12,HONDA,17,Girona,Private,ICE,UKL2,REST,Standard,3
2025,12,HYUNDAI,17,Girona,Corporate,BEV,UKL2,REST,Standard,1
2025,12,HYUNDAI,17,Girona,Corporate,ICE,UKL0,REST,Standard,1
2025,12,HYUNDAI,17,Girona,Corporate,ICE,UKL1,REST,Standard,63
2025,12,HYUNDAI,17,Girona,Corporate,ICE,UKL2,REST,Standard,53
2025,12,HYUNDAI,17,Girona,Corporate,PHEV,MKL,REST,Standard,2
2025,12,HYUNDAI,17,Girona,Corporate,PHEV,UKL2,REST,Standard,2
2025,12,HYUNDAI,17,Girona,Private,BEV,UKL1,REST,Standard,4
2025,12,HYUNDAI,17,Girona,Private,BEV,UKL2,REST,Standard,4
2025,12,HYUNDAI,17,Girona,Private,ICE,MKL,REST,Standard,1
2025,12,HYUNDAI,17,Girona,Private,ICE,UKL0,REST,Standard,11
2025,12,HYUNDAI,17,Girona,Private,ICE,UKL1,REST,Standard,72
2025,12,HYUNDAI,17,Girona,Private,ICE,UKL2,REST,Standard,30
2025,12,HYUNDAI,17,Girona,Private,PHEV,UKL2,REST,Standard,5
2025,12,JAECOO,17,Girona,Corporate,ICE,UKL2,REST,Standard,1
2025,12,JAECOO,17,Girona,Corporate,PHEV,UKL2,REST,Standard,2
2025,12,JAECOO,17,Girona,Private,BEV,UKL1,REST,Standard,1
2025,12,JAECOO,17,Girona,Private,ICE,UKL2,REST,Standard,9
2025,12,JAECOO,17,Girona,Private,PHEV,UKL2,REST,Standard,8
2025,12,JEEP,17,Girona,Corporate,ICE,UKL1,REST,Standard,1
2025,12,JEEP,17,Girona,Corporate,PHEV,UKL1,REST,Standard,1
2025,12,JEEP,17,Girona,Private,ICE,UKL1,REST,Standard,9
2025,12,KG MOBILITY,17,Girona,Private,ICE,UKL1,REST,Standard,4
2025,12,KG MOBILITY,17,Girona,Private,ICE,UKL2,REST,Standard,1
2025,12,KIA,17,Girona,Corporate,BEV,SKL,REST,Standard,1
2025,12,KIA,17,Girona,Corporate,BEV,UKL2,REST,Standard,2
2025,12,KIA,17,Girona,Corporate,ICE,UKL2,REST,Standard,2
2025,12,KIA,17,Girona,Private,BEV,UKL1,REST,Standard,4
2025,12,KIA,17,Girona,Private,BEV,UKL2,REST,Standard,6
2025,12,KIA,17,Girona,Private,ICE,UKL0,REST,Standard,2
2025,12,KIA,17,Girona,Private,ICE,UKL1,REST,Standard,12
2025,12,KIA,17,Girona,Private,ICE,UKL2,REST,Standard,25
2025,12,LAND ROVER,17,Girona,Corporate,PHEV,MKL,FOCUS SEGMENT,Standard,1
2025,12,LAND ROVER,17,Girona,Private,PHEV,MKL,FOCUS SEGMENT,Standard,1
2025,12,LEAPMOTOR,17,Girona,Private,BEV,MKL,REST,Standard,2
2025,12,LEAPMOTOR,17,Girona,Private,BEV,UKL0,REST,Standard,3
2025,12,LEAPMOTOR,17,Girona,Private,BEV,UKL2,REST,Standard,3
2025,12,LEXUS,17,Girona,Private,ICE,KKL,FOCUS SEGMENT,Standard,3
2025,12,LEXUS,17,Girona,Private,ICE,UKL1,FOCUS SEGMENT,Standard,2
2025,12,LEXUS,17,Girona,Private,ICE,UKL2,FOCUS SEGMENT,Standard,2
2025,12,LEXUS,17,Girona,Private,PHEV,KKL,FOCUS SEGMENT,Standard,5
2025,12,MAZDA,17,Girona,Corporate,BEV,MKL,REST,Standard,1
2025,12,MAZDA,17,Girona,Corporate,ICE,KKL,REST,Standard,1
2025,12,MAZDA,17,Girona,Corporate,ICE,UKL2,REST,Standard,1
2025,12,MAZDA,17,Girona,Corporate,PHEV,KKL,REST,Standard,1
2025,12,MAZDA,17,Girona,Private,ICE,KKL,REST,Standard,1
2025,12,MAZDA,17,Girona,Private,ICE,UKL2,REST,Standard,17
2025,12,MAZDA,17,Girona,Private,PHEV,KKL,REST,Standard,1
2025,12,MERCEDES,17,Girona,Corporate,BEV,MKL,FOCUS SEGMENT,Standard,2
2025,12,MERCEDES,17,Girona,Corporate,ICE,GKL,FOCUS SEGMENT,M,1
2025,12,MERCEDES,17,Girona,Corporate,ICE,KKL,FOCUS SEGMENT,Standard,2
2025,12,MERCEDES,17,Girona,Corporate,ICE,MKL,FOCUS SEGMENT,Standard,1
2025,12,MERCEDES,17,Girona,Corporate,ICE,MKL,REST,Standard,1
2025,12,MERCEDES,17,Girona,Corporate,ICE,SKL,REST,Standard,2
2025,12,MERCEDES,17,Girona,Corporate,ICE,UKL2,FOCUS SEGMENT,Standard,2
2025,12,MERCEDES,17,Girona,Corporate,PHEV,KKL,FOCUS SEGMENT,Standard,7
2025,12,MERCEDES,17,Girona,Corporate,PHEV,MKL,FOCUS SEGMENT,M Performance,1
2025,12,MERCEDES,17,Girona,Corporate,PHEV,UKL2,FOCUS SEGMENT,Standard,3
2025,12,MERCEDES,17,Girona,Private,BEV,UKL2,FOCUS SEGMENT,Standard,2
2025,12,MERCEDES,17,Girona,Private,ICE,KKL,FOCUS SEGMENT,Standard,3
2025,12,MERCEDES,17,Girona,Private,ICE,MKL,FOCUS SEGMENT,Standard,1
2025,12,MERCEDES,17,Girona,Private,ICE,MKL,REST,Standard,1
2025,12,MERCEDES,17,Girona,Private,ICE,UKL2,FOCUS SEGMENT,M Performance,1
2025,12,MERCEDES,17,Girona,Private,ICE,UKL2,FOCUS SEGMENT,Standard,8
2025,12,MERCEDES,17,Girona,Private,PHEV,KKL,FOCUS SEGMENT,Standard,4
2025,12,MERCEDES,17,Girona,Private,PHEV,UKL2,FOCUS SEGMENT,Standard,3
2025,12,MERCEDES-V,17,Girona,Private,ICE,SKL,REST,Standard,3
2025,12,MG,17,Girona,Corporate,ICE,UKL1,REST,Standard,1
2025,12,MG,17,Girona,Private,BEV,UKL1,REST,Standard,1
2025,12,MG,17,Girona,Private,BEV,UKL2,REST,Standard,1
2025,12,MG,17,Girona,Private,ICE,KKL,REST,Standard,2
2025,12,MG,17,Girona,Private,ICE,UKL1,REST,Standard,28
2025,12,MG,17,Girona,Private,PHEV,KKL,REST,Standard,11
2025,12,MINI,17,Girona,Corporate,ICE,UKL1,FOCUS SEGMENT,Standard,5
2025,12,MINI,17,Girona,Corporate,ICE,UKL2,FOCUS SEGMENT,Standard,2
2025,12,MINI,17,Girona,Private,BEV,UKL1,FOCUS SEGMENT,Standard,3
2025,12,MINI,17,Girona,Private,BEV,UKL2,FOCUS SEGMENT,Standard,2
2025,12,MINI,17,Girona,Private,ICE,UKL1,FOCUS SEGMENT,Standard,2
2025,12,MINI,17,Girona,Private,ICE,UKL2,FOCUS SEGMENT,JCW,1
2025,12,MINI,17,Girona,Private,ICE,UKL2,FOCUS SEGMENT,Standard,1
2025,12,MITSUBISHI,17,Girona,Corporate,ICE,UKL1,REST,Standard,1
2025,12,MITSUBISHI,17,Girona,Private,ICE,UKL1,REST,Standard,1
2025,12,NISSAN,17,Girona,Corporate,BEV,UKL1,REST,Standard,2
2025,12,NISSAN,17,Girona,Corporate,BEV,UKL2,REST,Standard,1
2025,12,NISSAN,17,Girona,Corporate,ICE,KKL,REST,Standard,1
2025,12,NISSAN,17,Girona,Corporate,ICE,UKL1,REST,Standard,1
2025,12,NISSAN,17,Girona,Corporate,ICE,UKL2,REST,Standard,3
2025,12,NISSAN,17,Girona,Private,BEV,UKL1,REST,Standard,2
2025,12,NISSAN,17,Girona,Private,BEV,UKL2,REST,Standard,1
2025,12,NISSAN,17,Girona,Private,ICE,KKL,REST,Standard,5
2025,12,NISSAN,17,Girona,Private,ICE,SKL,REST,Standard,4
2025,12,NISSAN,17,Girona,Private,ICE,UKL1,REST,Standard,11
2025,12,NISSAN,17,Girona,Private,ICE,UKL2,REST,Standard,18
2025,12,OMODA,17,Girona,Corporate,PHEV,KKL,REST,Standard,3
2025,12,OMODA,17,Girona,Private,BEV,UKL2,REST,Standard,1
2025,12,OMODA,17,Girona,Private,ICE,UKL2,REST,Standard,10
2025,12,OMODA,17,Girona,Private,PHEV,KKL,REST,Standard,4
2025,12,OPEL,17,Girona,Private,BEV,KKL,REST,Standard,1
2025,12,OPEL,17,Girona,Private,ICE,UKL1,REST,Standard,4
2025,12,PEUGEOT,17,Girona,Corporate,ICE,SKL,REST,Standard,1
2025,12,PEUGEOT,17,Girona,Corporate,PHEV,KKL,REST,Standard,1
2025,12,PEUGEOT,17,Girona,Private,ICE,KKL,REST,Standard,1
2025,12,PEUGEOT,17,Girona,Private,ICE,SKL,REST,Standard,3
2025,12,PEUGEOT,17,Girona,Private,ICE,UKL1,REST,Standard,15
2025,12,PEUGEOT,17,Girona,Private,ICE,UKL2,REST,Standard,2
2025,12,POLESTAR,17,Girona,Corporate,BEV,KKL,FOCUS SEGMENT,Standard,1
2025,12,POLESTAR,17,Girona,Private,BEV,MKL,FOCUS SEGMENT,Standard,1
2025,12,PORSCHE,17,Girona,Corporate,ICE,GKL,FOCUS SEGMENT,M,1
2025,12,PORSCHE,17,Girona,Corporate,PHEV,MKL,FOCUS SEGMENT,Standard,1
2025,12,RENAULT,17,Girona,Corporate,BEV,UKL1,REST,Standard,1
2025,12,RENAULT,17,Girona,Corporate,ICE,KKL,REST,Standard,1
2025,12,RENAULT,17,Girona,Corporate,ICE,SKL,REST,Standard,1
2025,12,RENAULT,17,Girona,Corporate,ICE,UKL1,REST,Standard,18
2025,12,RENAULT,17,Girona,Corporate,ICE,UKL2,REST,Standard,2
2025,12,RENAULT,17,Girona,Private,BEV,UKL2,REST,Standard,1
2025,12,RENAULT,17,Girona,Private,ICE,KKL,REST,Standard,2
2025,12,RENAULT,17,Girona,Private,ICE,SKL,REST,Standard,3
2025,12,RENAULT,17,Girona,Private,ICE,UKL1,REST,Standard,48
2025,12,RENAULT,17,Girona,Private,ICE,UKL2,REST,Standard,10
2025,12,RENAULT,17,Girona,Private,PHEV,UKL2,REST,Standard,3
2025,12,SEAT,17,Girona,Corporate,ICE,UKL1,REST,Standard,31
2025,12,SEAT,17,Girona,Corporate,ICE,UKL2,REST,Standard,3
2025,12,SEAT,17,Girona,Private,ICE,UKL1,REST,Standard,37
2025,12,SEAT,17,Girona,Private,ICE,UKL2,REST,Standard,11
2025,12,SEAT,17,Girona,Private,PHEV,UKL2,REST,Standard,1
2025,12,SKODA,17,Girona,Corporate,BEV,UKL2,REST,Standard,1
2025,12,SKODA,17,Girona,Corporate,ICE,KKL,REST,Standard,12
2025,12,SKODA,17,Girona,Corporate,ICE,UKL1,REST,Standard,4
2025,12,SKODA,17,Girona,Corporate,ICE,UKL2,REST,Standard,4
2025,12,SKODA,17,Girona,Corporate,PHEV,KKL,REST,Standard,10
2025,12,SKODA,17,Girona,Private,BEV,UKL2,REST,Standard,4
2025,12,SKODA,17,Girona,Private,ICE,KKL,REST,Standard,1
2025,12,SKODA,17,Girona,Private,ICE,UKL1,REST,Standard,24
2025,12,SKODA,17,Girona,Private,ICE,UKL2,REST,Standard,6
2025,12,SMART,17,Girona,Corporate,BEV,UKL2,FOCUS SEGMENT,Standard,1
2025,12,SMART,17,Girona,Private,BEV,UKL2,FOCUS SEGMENT,Standard,2
2025,12,SUBARU,17,Girona,Private,ICE,UKL2,REST,Standard,1
2025,12,SUZUKI,17,Girona,Corporate,ICE,UKL1,REST,Standard,2
2025,12,SUZUKI,17,Girona,Private,ICE,UKL1,REST,Standard,8
2025,12,SUZUKI,17,Girona,Private,ICE,UKL2,REST,Standard,10
2025,12,TESLA,17,Girona,Corporate,BEV,KKL,FOCUS SEGMENT,Standard,2
2025,12,TESLA,17,Girona,Private,BEV,KKL,FOCUS SEGMENT,Standard,15
2025,12,TOYOTA,17,Girona,Corporate,BEV,UKL2,REST,Standard,2
2025,12,TOYOTA,17,Girona,Corporate,ICE,GKL,REST,Standard,1
2025,12,TOYOTA,17,Girona,Corporate,ICE,SKL,REST,Standard,3
2025,12,TOYOTA,17,Girona,Corporate,ICE,UKL1,REST,Standard,3
2025,12,TOYOTA,17,Girona,Corporate,ICE,UKL2,REST,Standard,7
2025,12,TOYOTA,17,Girona,Corporate,PHEV,UKL2,REST,Standard,6
2025,12,TOYOTA,17,Girona,Private,BEV,SKL,REST,Standard,2
2025,12,TOYOTA,17,Girona,Private,ICE,GKL,REST,Standard,2
2025,12,TOYOTA,17,Girona,Private,ICE,SKL,REST,Standard,7
2025,12,TOYOTA,17,Girona,Private,ICE,UKL1,REST,Standard,50
2025,12,TOYOTA,17,Girona,Private,ICE,UKL2,REST,Standard,20
2025,12,TOYOTA,17,Girona,Private,PHEV,UKL1,REST,Standard,6
2025,12,TOYOTA,17,Girona,Private,PHEV,UKL2,REST,Standard,14
2025,12,VOLKSWAGEN,17,Girona,Corporate,ICE,UKL1,REST,Standard,2
2025,12,VOLKSWAGEN,17,Girona,Corporate,ICE,UKL2,REST,Standard,4
2025,12,VOLKSWAGEN,17,Girona,Corporate,PHEV,MKL,REST,Standard,1
2025,12,VOLKSWAGEN,17,Girona,Corporate,PHEV,SKL,REST,Standard,2
2025,12,VOLKSWAGEN,17,Girona,Corporate,PHEV,UKL2,REST,Standard,2
2025,12,VOLKSWAGEN,17,Girona,Private,BEV,SKL,REST,Standard,2
2025,12,VOLKSWAGEN,17,Girona,Private,BEV,UKL2,REST,Standard,9
2025,12,VOLKSWAGEN,17,Girona,Private,ICE,KKL,REST,Standard,1
2025,12,VOLKSWAGEN,17,Girona,Private,ICE,SKL,REST,Standard,1
2025,12,VOLKSWAGEN,17,Girona,Private,ICE,UKL1,REST,Standard,38
2025,12,VOLKSWAGEN,17,Girona,Private,ICE,UKL2,REST,Standard,17
2025,12,VOLKSWAGEN,17,Girona,Private,PHEV,SKL,REST,Standard,5
2025,12,VOLKSWAGEN,17,Girona,Private,PHEV,UKL2,REST,Standard,5
2025,12,VOLKSWAGEN,17,Girona,RAC,ICE,SKL,REST,Standard,1
2025,12,VOLVO,17,Girona,Corporate,ICE,KKL,FOCUS SEGMENT,Standard,2
2025,12,VOLVO,17,Girona,Corporate,ICE,UKL2,FOCUS SEGMENT,Standard,1
2025,12,VOLVO,17,Girona,Private,BEV,UKL1,FOCUS SEGMENT,Standard,2
2025,12,VOLVO,17,Girona,Private,ICE,KKL,FOCUS SEGMENT,Standard,3
2025,12,VOLVO,17,Girona,Private,ICE,UKL2,FOCUS SEGMENT,Standard,2
2025,12,XPENG,17,Girona,Private,BEV,KKL,FOCUS SEGMENT,Standard,4
2025,12,ALPINE,18,Granada,Private,BEV,UKL1,REST,Standard,1
2025,12,AUDI,18,Granada,Corporate,ICE,KKL,FOCUS SEGMENT,Standard,2
2025,12,AUDI,18,Granada,Corporate,ICE,UKL2,FOCUS SEGMENT,Standard,1
2025,12,AUDI,18,Granada,Private,ICE,KKL,FOCUS SEGMENT,M Performance,1
2025,12,AUDI,18,Granada,Private,ICE,MKL,FOCUS SEGMENT,Standard,1
2025,12,AUDI,18,Granada,Private,ICE,UKL1,FOCUS SEGMENT,Standard,6
2025,12,AUDI,18,Granada,Private,ICE,UKL2,FOCUS SEGMENT,Standard,17
2025,12,AUDI,18,Granada,Private,PHEV,KKL,FOCUS SEGMENT,Standard,1
2025,12,AUDI,18,Granada,Private,PHEV,MKL,FOCUS SEGMENT,Standard,1
2025,12,AUDI,18,Granada,Private,PHEV,UKL2,FOCUS SEGMENT,Standard,3
2025,12,BMW,18,Granada,Corporate,ICE,KKL,FOCUS SEGMENT,Standard,3
2025,12,BMW,18,Granada,Corporate,ICE,MKL,FOCUS SEGMENT,Standard,2
2025,12,BMW,18,Granada,Corporate,ICE,UKL2,FOCUS SEGMENT,Standard,1
2025,12,BMW,18,Granada,Corporate,PHEV,GKL,FOCUS SEGMENT,M,1
2025,12,BMW,18,Granada,Private,BEV,UKL2,FOCUS SEGMENT,Standard,3
2025,12,BMW,18,Granada,Private,ICE,KKL,FOCUS SEGMENT,Standard,3
2025,12,BMW,18,Granada,Private,ICE,MKL,FOCUS SEGMENT,M Performance,1
2025,12,BMW,18,Granada,Private,ICE,UKL2,FOCUS SEGMENT,Standard,14
2025,12,BMW,18,Granada,Private,PHEV,MKL,FOCUS SEGMENT,Standard,1
2025,12,BMW,18,Granada,Private,PHEV,UKL2,FOCUS SEGMENT,Standard,2
2025,12,BYD,18,Granada,Corporate,BEV,UKL1,REST,Standard,12
2025,12,BYD,18,Granada,Corporate,PHEV,KKL,REST,Standard,1
2025,12,BYD,18,Granada,Private,BEV,KKL,REST,Standard,4
2025,12,BYD,18,Granada,Private,BEV,UKL0,REST,Standard,7
2025,12,BYD,18,Granada,Private,BEV,UKL1,REST,Standard,7
2025,12,BYD,18,Granada,Private,BEV,UKL2,REST,Standard,1
2025,12,BYD,18,Granada,Private,PHEV,KKL,REST,Standard,5
2025,12,CITROEN,18,Granada,Corporate,ICE,UKL2,REST,Standard,1
2025,12,CITROEN,18,Granada,Private,BEV,UKL1,REST,Standard,1
2025,12,CITROEN,18,Granada,Private,ICE,SKL,REST,Standard,3
2025,12,CITROEN,18,Granada,Private,ICE,UKL1,REST,Standard,11
2025,12,CITROEN,18,Granada,Private,ICE,UKL2,REST,Standard,2
2025,12,CUPRA,18,Granada,Corporate,PHEV,UKL2,REST,Standard,4
2025,12,CUPRA,18,Granada,Private,ICE,UKL2,REST,Standard,11
2025,12,CUPRA,18,Granada,Private,PHEV,UKL2,REST,Standard,6
2025,12,DACIA,18,Granada,Corporate,ICE,SKL,REST,Standard,1
2025,12,DACIA,18,Granada,Corporate,ICE,UKL1,REST,Standard,5
2025,12,DACIA,18,Granada,Private,BEV,UKL0,REST,Standard,1
2025,12,DACIA,18,Granada,Private,ICE,SKL,REST,Standard,17
2025,12,DACIA,18,Granada,Private,ICE,UKL1,REST,Standard,63
2025,12,DACIA,18,Granada,Private,ICE,UKL2,REST,Standard,12
2025,12,DR,18,Granada,Private,ICE,UKL1,REST,Standard,1
2025,12,DS,18,Granada,Corporate,PHEV,UKL2,REST,Standard,1
2025,12,DS,18,Granada,Private,ICE,UKL2,REST,Standard,2
2025,12,DS,18,Granada,Private,PHEV,UKL2,REST,Standard,2
2025,12,EBRO,18,Granada,Corporate,ICE,UKL2,REST,Standard,1
2025,12,EBRO,18,Granada,Corporate,PHEV,KKL,REST,Standard,2
2025,12,EBRO,18,Granada,Corporate,PHEV,UKL2,REST,Standard,1
2025,12,EBRO,18,Granada,Private,ICE,UKL2,REST,Standard,18
2025,12,EBRO,18,Granada,Private,PHEV,KKL,REST,Standard,2
2025,12,EBRO,18,Granada,Private,PHEV,UKL2,REST,Standard,10
2025,12,EVO,18,Granada,Private,ICE,UKL2,REST,Standard,2
2025,12,FIAT,18,Granada,Corporate,ICE,UKL0,REST,Standard,1
2025,12,FIAT,18,Granada,Corporate,ICE,UKL1,REST,Standard,1
2025,12,FIAT,18,Granada,Private,BEV,UKL0,REST,Standard,1
2025,12,FIAT,18,Granada,Private,ICE,UKL0,REST,Standard,2
2025,12,FIAT,18,Granada,Private,ICE,UKL1,REST,Standard,2
2025,12,FIAT,18,Granada,Private,ICE,UKL2,REST,Standard,1
2025,12,FORD,18,Granada,Private,ICE,UKL1,REST,Standard,4
2025,12,FORD,18,Granada,Private,ICE,UKL2,REST,Standard,1
2025,12,FORD,18,Granada,Private,PHEV,SKL,REST,Standard,1
2025,12,FORD,18,Granada,Private,PHEV,UKL2,REST,Standard,2
2025,12,HONDA,18,Granada,Corporate,ICE,KKL,REST,Standard,1
2025,12,HONDA,18,Granada,Private,ICE,UKL1,REST,Standard,1
2025,12,HONDA,18,Granada,Private,ICE,UKL2,REST,Standard,6
2025,12,HYUNDAI,18,Granada,Corporate,ICE,UKL0,REST,Standard,2
2025,12,HYUNDAI,18,Granada,Corporate,ICE,UKL1,REST,Standard,14
2025,12,HYUNDAI,18,Granada,Corporate,ICE,UKL2,REST,Standard,3
2025,12,HYUNDAI,18,Granada,Corporate,PHEV,UKL2,REST,Standard,3
2025,12,HYUNDAI,18,Granada,Private,BEV,UKL2,REST,Standard,6
2025,12,HYUNDAI,18,Granada,Private,ICE,MKL,REST,Standard,1
2025,12,HYUNDAI,18,Granada,Private,ICE,UKL0,REST,Standard,3
2025,12,HYUNDAI,18,Granada,Private,ICE,UKL1,REST,Standard,34
2025,12,HYUNDAI,18,Granada,Private,ICE,UKL2,REST,Standard,23
2025,12,HYUNDAI,18,Granada,Private,PHEV,UKL2,REST,Standard,5
2025,12,JAECOO,18,Granada,Corporate,PHEV,UKL2,REST,Standard,1
2025,12,JAECOO,18,Granada,Private,BEV,UKL1,REST,Standard,2
2025,12,JAECOO,18,Granada,Private,ICE,UKL2,REST,Standard,3
2025,12,JAECOO,18,Granada,Private,PHEV,UKL2,REST,Standard,15
2025,12,JEEP,18,Granada,Corporate,ICE,UKL2,REST,Standard,1
2025,12,JEEP,18,Granada,Private,ICE,UKL1,REST,Standard,2
2025,12,KG MOBILITY,18,Granada,Private,ICE,MKL,REST,Standard,1
2025,12,KG MOBILITY,18,Granada,Private,ICE,UKL1,REST,Standard,2
2025,12,KIA,18,Granada,Private,BEV,UKL1,REST,Standard,3
2025,12,KIA,18,Granada,Private,BEV,UKL2,REST,Standard,4
2025,12,KIA,18,Granada,Private,ICE,UKL1,REST,Standard,14
2025,12,KIA,18,Granada,Private,ICE,UKL2,REST,Standard,29
2025,12,KIA,18,Granada,Private,PHEV,KKL,REST,Standard,1
2025,12,LAND ROVER,18,Granada,Corporate,ICE,MKL,FOCUS SEGMENT,Standard,2
2025,12,LAND ROVER,18,Granada,Private,ICE,MKL,FOCUS SEGMENT,Standard,1
2025,12,LEAPMOTOR,18,Granada,Corporate,BEV,UKL0,REST,Standard,1
2025,12,LEAPMOTOR,18,Granada,Private,BEV,UKL0,REST,Standard,3
2025,12,LEAPMOTOR,18,Granada,Private,BEV,UKL2,REST,Standard,2
2025,12,LEXUS,18,Granada,Corporate,ICE,UKL1,FOCUS SEGMENT,Standard,2
2025,12,LEXUS,18,Granada,Corporate,ICE,UKL2,FOCUS SEGMENT,Standard,1
2025,12,LEXUS,18,Granada,Corporate,PHEV,KKL,FOCUS SEGMENT,Standard,1
2025,12,LEXUS,18,Granada,Private,ICE,UKL1,FOCUS SEGMENT,Standard,3
2025,12,LEXUS,18,Granada,Private,ICE,UKL2,FOCUS SEGMENT,Standard,2
2025,12,LEXUS,18,Granada,Private,PHEV,KKL,FOCUS SEGMENT,Standard,2
2025,12,MAZDA,18,Granada,Corporate,ICE,UKL2,REST,Standard,1
2025,12,MAZDA,18,Granada,Private,BEV,MKL,REST,Standard,1
2025,12,MAZDA,18,Granada,Private,ICE,UKL2,REST,Standard,14
2025,12,MERCEDES,18,Granada,Corporate,ICE,KKL,FOCUS SEGMENT,Standard,3
2025,12,MERCEDES,18,Granada,Corporate,ICE,MKL,FOCUS SEGMENT,M Performance,1
2025,12,MERCEDES,18,Granada,Corporate,ICE,MKL,REST,Standard,1
2025,12,MERCEDES,18,Granada,Corporate,ICE,SKL,REST,Standard,2
2025,12,MERCEDES,18,Granada,Corporate,ICE,UKL2,FOCUS SEGMENT,Standard,2
2025,12,MERCEDES,18,Granada,Corporate,PHEV,KKL,FOCUS SEGMENT,Standard,3
2025,12,MERCEDES,18,Granada,Corporate,PHEV,MKL,FOCUS SEGMENT,M Performance,2
2025,12,MERCEDES,18,Granada,Corporate,PHEV,MKL,FOCUS SEGMENT,Standard,3
2025,12,MERCEDES,18,Granada,Corporate,PHEV,UKL2,FOCUS SEGMENT,Standard,1
2025,12,MERCEDES,18,Granada,Private,BEV,UKL2,FOCUS SEGMENT,Standard,1
2025,12,MERCEDES,18,Granada,Private,ICE,KKL,FOCUS SEGMENT,Standard,1
2025,12,MERCEDES,18,Granada,Private,ICE,SKL,REST,Standard,1
2025,12,MERCEDES,18,Granada,Private,ICE,UKL2,FOCUS SEGMENT,Standard,12
2025,12,MERCEDES,18,Granada,Private,PHEV,KKL,FOCUS SEGMENT,Standard,6
2025,12,MERCEDES,18,Granada,Private,PHEV,UKL2,FOCUS SEGMENT,Standard,3
2025,12,MG,18,Granada,Corporate,PHEV,KKL,REST,Standard,2
2025,12,MG,18,Granada,Private,BEV,UKL1,REST,Standard,1
2025,12,MG,18,Granada,Private,BEV,UKL2,REST,Standard,3
2025,12,MG,18,Granada,Private,ICE,KKL,REST,Standard,3
2025,12,MG,18,Granada,Private,ICE,UKL1,REST,Standard,24
2025,12,MG,18,Granada,Private,PHEV,KKL,REST,Standard,23
2025,12,MINI,18,Granada,Corporate,BEV,UKL1,FOCUS SEGMENT,Standard,2
2025,12,MINI,18,Granada,Private,BEV,UKL2,FOCUS SEGMENT,Standard,1
2025,12,MINI,18,Granada,Private,ICE,UKL1,FOCUS SEGMENT,Standard,4
2025,12,MITSUBISHI,18,Granada,Private,ICE,UKL1,REST,Standard,3
2025,12,MITSUBISHI,18,Granada,Private,ICE,UKL2,REST,Standard,5
2025,12,NISSAN,18,Granada,Corporate,BEV,UKL1,REST,Standard,1
2025,12,NISSAN,18,Granada,Corporate,ICE,UKL1,REST,Standard,3
2025,12,NISSAN,18,Granada,Corporate,ICE,UKL2,REST,Standard,2
2025,12,NISSAN,18,Granada,Private,ICE,SKL,REST,Standard,1
2025,12,NISSAN,18,Granada,Private,ICE,UKL1,REST,Standard,4
2025,12,NISSAN,18,Granada,Private,ICE,UKL2,REST,Standard,10
2025,12,OMODA,18,Granada,Corporate,ICE,UKL2,REST,Standard,2
2025,12,OMODA,18,Granada,Corporate,PHEV,KKL,REST,Standard,3
2025,12,OMODA,18,Granada,Private,BEV,UKL2,REST,Standard,4
2025,12,OMODA,18,Granada,Private,ICE,UKL2,REST,Standard,11
2025,12,OMODA,18,Granada,Private,PHEV,KKL,REST,Standard,9
2025,12,OPEL,18,Granada,Private,BEV,KKL,REST,Standard,1
2025,12,OPEL,18,Granada,Private,ICE,KKL,REST,Standard,3
2025,12,OPEL,18,Granada,Private,ICE,UKL1,REST,Standard,4
2025,12,PEUGEOT,18,Granada,Corporate,ICE,KKL,REST,Standard,2
2025,12,PEUGEOT,18,Granada,Private,BEV,UKL2,REST,Standard,2
2025,12,PEUGEOT,18,Granada,Private,ICE,SKL,REST,Standard,5
2025,12,PEUGEOT,18,Granada,Private,ICE,UKL1,REST,Standard,11
2025,12,PEUGEOT,18,Granada,Private,ICE,UKL2,REST,Standard,3
2025,12,PEUGEOT,18,Granada,Private,PHEV,KKL,REST,Standard,1
2025,12,POLESTAR,18,Granada,Corporate,BEV,KKL,FOCUS SEGMENT,Standard,1
2025,12,PORSCHE,18,Granada,Corporate,PHEV,MKL,FOCUS SEGMENT,M Performance,1
2025,12,RENAULT,18,Granada,Corporate,ICE,UKL1,REST,Standard,9
2025,12,RENAULT,18,Granada,Corporate,ICE,UKL2,REST,Standard,5
2025,12,RENAULT,18,Granada,Corporate,PHEV,UKL2,REST,Standard,1
2025,12,RENAULT,18,Granada,Private,BEV,UKL1,REST,Standard,4
2025,12,RENAULT,18,Granada,Private,ICE,SKL,REST,Standard,1
2025,12,RENAULT,18,Granada,Private,ICE,UKL1,REST,Standard,28
2025,12,RENAULT,18,Granada,Private,ICE,UKL2,REST,Standard,10
2025,12,RENAULT,18,Granada,Private,PHEV,UKL2,REST,Standard,2
2025,12,SEAT,18,Granada,Corporate,ICE,UKL1,REST,Standard,11
2025,12,SEAT,18,Granada,Corporate,ICE,UKL2,REST,Standard,2
2025,12,SEAT,18,Granada,Corporate,PHEV,UKL2,REST,Standard,4
2025,12,SEAT,18,Granada,Private,ICE,UKL1,REST,Standard,40
2025,12,SEAT,18,Granada,Private,ICE,UKL2,REST,Standard,29
2025,12,SKODA,18,Granada,Corporate,BEV,UKL2,REST,Standard,1
2025,12,SKODA,18,Granada,Corporate,ICE,UKL2,REST,Standard,2
2025,12,SKODA,18,Granada,Corporate,PHEV,KKL,REST,Standard,2
2025,12,SKODA,18,Granada,Private,BEV,UKL2,REST,Standard,3
2025,12,SKODA,18,Granada,Private,ICE,UKL1,REST,Standard,11
2025,12,SKODA,18,Granada,Private,ICE,UKL2,REST,Standard,4
2025,12,SKODA,18,Granada,Private,PHEV,KKL,REST,Standard,1
2025,12,SUZUKI,18,Granada,Private,ICE,UKL1,REST,Standard,2
2025,12,SUZUKI,18,Granada,Private,ICE,UKL2,REST,Standard,3
2025,12,TESLA,18,Granada,Corporate,BEV,KKL,FOCUS SEGMENT,Standard,3
2025,12,TESLA,18,Granada,Private,BEV,KKL,FOCUS SEGMENT,Standard,26
2025,12,TOYOTA,18,Granada,Corporate,ICE,SKL,REST,Standard,2
2025,12,TOYOTA,18,Granada,Corporate,ICE,UKL1,REST,Standard,1
2025,12,TOYOTA,18,Granada,Corporate,ICE,UKL2,REST,Standard,4
2025,12,TOYOTA,18,Granada,Corporate,PHEV,UKL1,REST,Standard,1
2025,12,TOYOTA,18,Granada,Corporate,PHEV,UKL2,REST,Standard,1
2025,12,TOYOTA,18,Granada,Private,ICE,SKL,REST,Standard,4
2025,12,TOYOTA,18,Granada,Private,ICE,UKL0,REST,Standard,1
2025,12,TOYOTA,18,Granada,Private,ICE,UKL1,REST,Standard,59
2025,12,TOYOTA,18,Granada,Private,ICE,UKL2,REST,Standard,30
2025,12,TOYOTA,18,Granada,Private,PHEV,UKL1,REST,Standard,4
2025,12,TOYOTA,18,Granada,Private,PHEV,UKL2,REST,Standard,8
2025,12,VOLKSWAGEN,18,Granada,Corporate,ICE,UKL2,REST,Standard,4
2025,12,VOLKSWAGEN,18,Granada,Corporate,PHEV,SKL,REST,Standard,1
2025,12,VOLKSWAGEN,18,Granada,Private,BEV,MKL,REST,Standard,1
2025,12,VOLKSWAGEN,18,Granada,Private,BEV,UKL2,REST,Standard,3
2025,12,VOLKSWAGEN,18,Granada,Private,ICE,SKL,REST,Standard,1
2025,12,VOLKSWAGEN,18,Granada,Private,ICE,UKL1,REST,Standard,27
2025,12,VOLKSWAGEN,18,Granada,Private,ICE,UKL2,REST,Standard,35
2025,12,VOLKSWAGEN,18,Granada,Private,PHEV,MKL,REST,Standard,1
2025,12,VOLKSWAGEN,18,Granada,Private,PHEV,SKL,REST,Standard,1
2025,12,VOLKSWAGEN,18,Granada,Private,PHEV,UKL2,REST,Standard,3
2025,12,VOLVO,18,Granada,Corporate,ICE,KKL,FOCUS SEGMENT,Standard,2
2025,12,VOLVO,18,Granada,Corporate,ICE,UKL2,FOCUS SEGMENT,Standard,5
2025,12,VOLVO,18,Granada,Private,BEV,MKL,FOCUS SEGMENT,Standard,1
2025,12,VOLVO,18,Granada,Private,ICE,KKL,FOCUS SEGMENT,Standard,4
2025,12,VOLVO,18,Granada,Private,ICE,UKL2,FOCUS SEGMENT,Standard,7
2025,12,ALFA ROMEO,19,Guadalajara,Corporate,ICE,KKL,REST,Standard,1
2025,12,ALFA ROMEO,19,Guadalajara,Private,ICE,KKL,REST,Standard,1
2025,12,AUDI,19,Guadalajara,Corporate,ICE,KKL,FOCUS SEGMENT,Standard,1
2025,12,AUDI,19,Guadalajara,Corporate,ICE,UKL1,FOCUS SEGMENT,Standard,2
2025,12,AUDI,19,Guadalajara,Private,BEV,UKL2,FOCUS SEGMENT,Standard,1
2025,12,AUDI,19,Guadalajara,Private,ICE,UKL2,FOCUS SEGMENT,Standard,2
2025,12,AUDI,19,Guadalajara,Private,PHEV,UKL2,FOCUS SEGMENT,Standard,4
2025,12,BMW,19,Guadalajara,Corporate,ICE,KKL,FOCUS SEGMENT,Standard,2
2025,12,BMW,19,Guadalajara,Corporate,ICE,UKL2,FOCUS SEGMENT,Standard,2
2025,12,BMW,19,Guadalajara,Corporate,PHEV,MKL,FOCUS SEGMENT,Standard,2
2025,12,BMW,19,Guadalajara,Private,BEV,UKL2,FOCUS SEGMENT,Standard,3
2025,12,BMW,19,Guadalajara,Private,ICE,UKL2,FOCUS SEGMENT,Standard,2
2025,12,BYD,19,Guadalajara,Corporate,BEV,KKL,REST,Standard,2
2025,12,BYD,19,Guadalajara,Corporate,BEV,UKL0,REST,Standard,2
2025,12,BYD,19,Guadalajara,Corporate,BEV,UKL1,REST,Standard,2
2025,12,BYD,19,Guadalajara,Corporate,BEV,UKL2,REST,Standard,1
2025,12,BYD,19,Guadalajara,Corporate,PHEV,KKL,REST,Standard,3
2025,12,BYD,19,Guadalajara,Private,BEV,KKL,REST,Standard,1
2025,12,BYD,19,Guadalajara,Private,BEV,UKL0,REST,Standard,4
2025,12,BYD,19,Guadalajara,Private,BEV,UKL1,REST,Standard,2
2025,12,BYD,19,Guadalajara,Private,BEV,UKL2,REST,Standard,6
2025,12,BYD,19,Guadalajara,Private,PHEV,KKL,REST,Standard,8
2025,12,CITROEN,19,Guadalajara,Private,BEV,UKL1,REST,Standard,4
2025,12,CITROEN,19,Guadalajara,Private,ICE,SKL,REST,Standard,1
2025,12,CITROEN,19,Guadalajara,Private,ICE,UKL1,REST,Standard,5
2025,12,CITROEN,19,Guadalajara,Private,ICE,UKL2,REST,Standard,2
2025,12,CUPRA,19,Guadalajara,Corporate,PHEV,UKL2,REST,Standard,3
2025,12,CUPRA,19,Guadalajara,Private,ICE,UKL2,REST,Standard,3
2025,12,CUPRA,19,Guadalajara,Private,PHEV,UKL2,REST,Standard,2
2025,12,DACIA,19,Guadalajara,Corporate,ICE,UKL1,REST,Standard,1
2025,12,DACIA,19,Guadalajara,Private,BEV,UKL0,REST,Standard,1
2025,12,DACIA,19,Guadalajara,Private,ICE,SKL,REST,Standard,1
2025,12,DACIA,19,Guadalajara,Private,ICE,UKL1,REST,Standard,9
2025,12,DACIA,19,Guadalajara,Private,ICE,UKL2,REST,Standard,11
2025,12,DS,19,Guadalajara,Corporate,ICE,UKL2,REST,Standard,1
2025,12,DS,19,Guadalajara,Private,ICE,UKL2,REST,Standard,2
2025,12,EBRO,19,Guadalajara,Corporate,ICE,KKL,REST,Standard,1
2025,12,EBRO,19,Guadalajara,Corporate,PHEV,UKL2,REST,Standard,2
2025,12,EBRO,19,Guadalajara,Private,ICE,KKL,REST,Standard,2
2025,12,EBRO,19,Guadalajara,Private,ICE,UKL2,REST,Standard,8
2025,12,EBRO,19,Guadalajara,Private,PHEV,KKL,REST,Standard,3
2025,12,EBRO,19,Guadalajara,Private,PHEV,UKL2,REST,Standard,4
2025,12,FIAT,19,Guadalajara,Corporate,ICE,UKL1,REST,Standard,1
2025,12,FIAT,19,Guadalajara,Private,BEV,UKL0,REST,Standard,1
2025,12,FIAT,19,Guadalajara,Private,ICE,UKL1,REST,Standard,1
2025,12,FORD,19,Guadalajara,Corporate,PHEV,SKL,REST,Standard,1
2025,12,HONDA,19,Guadalajara,Private,ICE,UKL2,REST,Standard,2
2025,12,HONDA,19,Guadalajara,Private,PHEV,KKL,REST,Standard,1
2025,12,HYUNDAI,19,Guadalajara,Private,BEV,UKL1,REST,Standard,2
2025,12,HYUNDAI,19,Guadalajara,Private,BEV,UKL2,REST,Standard,2
2025,12,HYUNDAI,19,Guadalajara,Private,ICE,UKL0,REST,Standard,2
2025,12,HYUNDAI,19,Guadalajara,Private,ICE,UKL1,REST,Standard,5
2025,12,HYUNDAI,19,Guadalajara,Private,ICE,UKL2,REST,Standard,8
2025,12,HYUNDAI,19,Guadalajara,Private,PHEV,UKL2,REST,Standard,6
2025,12,JAECOO,19,Guadalajara,Private,BEV,UKL1,REST,Standard,1
2025,12,JAECOO,19,Guadalajara,Private,ICE,UKL2,REST,Standard,3
2025,12,JAECOO,19,Guadalajara,Private,PHEV,UKL2,REST,Standard,12
2025,12,JEEP,19,Guadalajara,Corporate,ICE,UKL1,REST,Standard,1
2025,12,JEEP,19,Guadalajara,Private,ICE,UKL1,REST,Standard,2
2025,12,KG MOBILITY,19,Guadalajara,Private,ICE,MKL,REST,Standard,1
2025,12,KG MOBILITY,19,Guadalajara,Private,ICE,UKL1,REST,Standard,1
2025,12,KIA,19,Guadalajara,Corporate,BEV,SKL,REST,Standard,1
2025,12,KIA,19,Guadalajara,Corporate,ICE,UKL2,REST,Standard,2
2025,12,KIA,19,Guadalajara,Private,BEV,KKL,REST,Standard,1
2025,12,KIA,19,Guadalajara,Private,BEV,UKL1,REST,Standard,4
2025,12,KIA,19,Guadalajara,Private,ICE,KKL,REST,Standard,1
2025,12,KIA,19,Guadalajara,Private,ICE,UKL0,REST,Standard,1
2025,12,KIA,19,Guadalajara,Private,ICE,UKL1,REST,Standard,8
2025,12,KIA,19,Guadalajara,Private,ICE,UKL2,REST,Standard,13
2025,12,KIA,19,Guadalajara,Private,PHEV,UKL2,REST,Standard,1
2025,12,LEAPMOTOR,19,Guadalajara,Private,BEV,MKL,REST,Standard,2
2025,12,LEAPMOTOR,19,Guadalajara,Private,BEV,UKL2,REST,Standard,2
2025,12,LIVAN,19,Guadalajara,Private,ICE,UKL1,REST,Standard,1
2025,12,MAZDA,19,Guadalajara,Private,BEV,MKL,REST,Standard,1
2025,12,MAZDA,19,Guadalajara,Private,ICE,UKL2,REST,Standard,12
2025,12,MERCEDES,19,Guadalajara,Corporate,BEV,UKL2,FOCUS SEGMENT,Standard,1
2025,12,MERCEDES,19,Guadalajara,Corporate,ICE,KKL,FOCUS SEGMENT,Standard,1
2025,12,MERCEDES,19,Guadalajara,Corporate,PHEV,KKL,FOCUS SEGMENT,Standard,1
2025,12,MERCEDES,19,Guadalajara,Corporate,PHEV,UKL2,FOCUS SEGMENT,Standard,1
2025,12,MERCEDES,19,Guadalajara,Private,BEV,MKL,FOCUS SEGMENT,Standard,1
2025,12,MERCEDES,19,Guadalajara,Private,BEV,UKL2,FOCUS SEGMENT,Standard,2
2025,12,MERCEDES,19,Guadalajara,Private,ICE,KKL,FOCUS SEGMENT,Standard,1
2025,12,MERCEDES,19,Guadalajara,Private,PHEV,UKL2,FOCUS SEGMENT,Standard,2
2025,12,MG,19,Guadalajara,Corporate,BEV,UKL1,REST,Standard,1
2025,12,MG,19,Guadalajara,Corporate,ICE,UKL1,REST,Standard,1
2025,12,MG,19,Guadalajara,Corporate,PHEV,KKL,REST,Standard,1
2025,12,MG,19,Guadalajara,Private,BEV,UKL1,REST,Standard,1
2025,12,MG,19,Guadalajara,Private,BEV,UKL2,REST,Standard,5
2025,12,MG,19,Guadalajara,Private,ICE,KKL,REST,Standard,2
2025,12,MG,19,Guadalajara,Private,ICE,UKL1,REST,Standard,13
2025,12,MG,19,Guadalajara,Private,PHEV,KKL,REST,Standard,17
2025,12,MINI,19,Guadalajara,Private,BEV,UKL1,FOCUS SEGMENT,Standard,2
2025,12,MINI,19,Guadalajara,Private,ICE,UKL1,FOCUS SEGMENT,Standard,3
2025,12,MITSUBISHI,19,Guadalajara,Corporate,ICE,UKL1,REST,Standard,2
2025,12,MITSUBISHI,19,Guadalajara,Private,ICE,UKL1,REST,Standard,1
2025,12,MITSUBISHI,19,Guadalajara,Private,ICE,UKL2,REST,Standard,1
2025,12,NISSAN,19,Guadalajara,Corporate,BEV,UKL1,REST,Standard,1
2025,12,NISSAN,19,Guadalajara,Corporate,ICE,UKL1,REST,Standard,1
2025,12,NISSAN,19,Guadalajara,Private,ICE,KKL,REST,Standard,1
2025,12,NISSAN,19,Guadalajara,Private,ICE,UKL2,REST,Standard,3
2025,12,OMODA,19,Guadalajara,Private,BEV,UKL2,REST,Standard,1
2025,12,OMODA,19,Guadalajara,Private,ICE,UKL2,REST,Standard,3
2025,12,OMODA,19,Guadalajara,Private,PHEV,KKL,REST,Standard,1
2025,12,OPEL,19,Guadalajara,Corporate,ICE,KKL,REST,Standard,1
2025,12,OPEL,19,Guadalajara,Corporate,ICE,UKL2,REST,Standard,1
2025,12,OPEL,19,Guadalajara,Private,ICE,KKL,REST,Standard,1
2025,12,OPEL,19,Guadalajara,Private,ICE,UKL1,REST,Standard,2
2025,12,PEUGEOT,19,Guadalajara,Corporate,ICE,KKL,REST,Standard,1
2025,12,PEUGEOT,19,Guadalajara,Corporate,ICE,SKL,REST,Standard,1
2025,12,PEUGEOT,19,Guadalajara,Corporate,ICE,UKL1,REST,Standard,3
2025,12,PEUGEOT,19,Guadalajara,Corporate,ICE,UKL2,REST,Standard,1
2025,12,PEUGEOT,19,Guadalajara,Corporate,PHEV,KKL,REST,Standard,1
2025,12,PEUGEOT,19,Guadalajara,Private,ICE,SKL,REST,Standard,1
2025,12,PEUGEOT,19,Guadalajara,Private,ICE,UKL1,REST,Standard,4
2025,12,PEUGEOT,19,Guadalajara,Private,ICE,UKL2,REST,Standard,2
2025,12,RENAULT,19,Guadalajara,Corporate,ICE,UKL1,REST,Standard,8
2025,12,RENAULT,19,Guadalajara,Corporate,ICE,UKL2,REST,Standard,1
2025,12,RENAULT,19,Guadalajara,Private,BEV,UKL1,REST,Standard,3
2025,12,RENAULT,19,Guadalajara,Private,ICE,UKL1,REST,Standard,21
2025,12,RENAULT,19,Guadalajara,Private,ICE,UKL2,REST,Standard,3
2025,12,SEAT,19,Guadalajara,Corporate,PHEV,UKL2,REST,Standard,7
2025,12,SEAT,19,Guadalajara,Private,ICE,UKL1,REST,Standard,16
2025,12,SEAT,19,Guadalajara,Private,ICE,UKL2,REST,Standard,5
2025,12,SEAT,19,Guadalajara,Private,PHEV,UKL2,REST,Standard,1
2025,12,SHINERAY,19,Guadalajara,Private,ICE,MKL,REST,Standard,3
2025,12,SKODA,19,Guadalajara,Corporate,ICE,KKL,REST,Standard,1
2025,12,SKODA,19,Guadalajara,Corporate,ICE,UKL2,REST,Standard,1
2025,12,SKODA,19,Guadalajara,Private,BEV,UKL2,REST,Standard,1
2025,12,SKODA,19,Guadalajara,Private,ICE,UKL1,REST,Standard,2
2025,12,SKODA,19,Guadalajara,Private,ICE,UKL2,REST,Standard,3
2025,12,SUZUKI,19,Guadalajara,Corporate,ICE,UKL1,REST,Standard,1
2025,12,SUZUKI,19,Guadalajara,Private,ICE,UKL2,REST,Standard,6
2025,12,TESLA,19,Guadalajara,Corporate,BEV,KKL,FOCUS SEGMENT,Standard,1
2025,12,TESLA,19,Guadalajara,Private,BEV,KKL,FOCUS SEGMENT,Standard,29
2025,12,TOYOTA,19,Guadalajara,Corporate,BEV,SKL,REST,Standard,1
2025,12,TOYOTA,19,Guadalajara,Corporate,PHEV,UKL2,REST,Standard,1
2025,12,TOYOTA,19,Guadalajara,Private,ICE,UKL1,REST,Standard,13
2025,12,TOYOTA,19,Guadalajara,Private,ICE,UKL2,REST,Standard,9
2025,12,TOYOTA,19,Guadalajara,Private,PHEV,UKL1,REST,Standard,3
2025,12,TOYOTA,19,Guadalajara,Private,PHEV,UKL2,REST,Standard,5
2025,12,VOLKSWAGEN,19,Guadalajara,Corporate,ICE,UKL2,REST,Standard,1
2025,12,VOLKSWAGEN,19,Guadalajara,Private,BEV,UKL2,REST,Standard,1
2025,12,VOLKSWAGEN,19,Guadalajara,Private,ICE,SKL,REST,Standard,1
2025,12,VOLKSWAGEN,19,Guadalajara,Private,ICE,UKL1,REST,Standard,6
2025,12,VOLKSWAGEN,19,Guadalajara,Private,ICE,UKL2,REST,Standard,3
2025,12,VOLKSWAGEN,19,Guadalajara,Private,PHEV,SKL,REST,Standard,1
2025,12,VOLKSWAGEN,19,Guadalajara,Private,PHEV,UKL2,REST,Standard,3
2025,12,VOLVO,19,Guadalajara,Corporate,BEV,UKL1,FOCUS SEGMENT,Standard,1
2025,12,VOLVO,19,Guadalajara,Private,BEV,UKL1,FOCUS SEGMENT,Standard,1
2025,12,VOLVO,19,Guadalajara,Private,ICE,UKL2,FOCUS SEGMENT,Standard,4
2025,12,AUDI,20,Gipuzkoa,Corporate,ICE,KKL,FOCUS SEGMENT,Standard,1
2025,12,AUDI,20,Gipuzkoa,Corporate,ICE,MKL,FOCUS SEGMENT,Standard,1
2025,12,AUDI,20,Gipuzkoa,Corporate,ICE,UKL1,FOCUS SEGMENT,Standard,1
2025,12,AUDI,20,Gipuzkoa,Corporate,ICE,UKL2,FOCUS SEGMENT,Standard,5
2025,12,AUDI,20,Gipuzkoa,Corporate,PHEV,KKL,FOCUS SEGMENT,Standard,3
2025,12,AUDI,20,Gipuzkoa,Private,BEV,UKL2,FOCUS SEGMENT,Standard,1
2025,12,AUDI,20,Gipuzkoa,Private,ICE,KKL,FOCUS SEGMENT,M Performance,1
2025,12,AUDI,20,Gipuzkoa,Private,ICE,MKL,FOCUS SEGMENT,Standard,1
2025,12,AUDI,20,Gipuzkoa,Private,ICE,UKL1,FOCUS SEGMENT,Standard,2
2025,12,AUDI,20,Gipuzkoa,Private,ICE,UKL2,FOCUS SEGMENT,Standard,14
2025,12,AUDI,20,Gipuzkoa,Private,PHEV,KKL,FOCUS SEGMENT,Standard,2
2025,12,AUDI,20,Gipuzkoa,Private,PHEV,UKL2,FOCUS SEGMENT,Standard,1
2025,12,BMW,20,Gipuzkoa,Corporate,ICE,MKL,FOCUS SEGMENT,Standard,1
2025,12,BMW,20,Gipuzkoa,Corporate,ICE,UKL2,FOCUS SEGMENT,Standard,2
2025,12,BMW,20,Gipuzkoa,Corporate,PHEV,UKL2,FOCUS SEGMENT,Standard,2
2025,12,BMW,20,Gipuzkoa,Private,BEV,UKL2,FOCUS SEGMENT,Standard,1
2025,12,BMW,20,Gipuzkoa,Private,ICE,KKL,FOCUS SEGMENT,Standard,1
2025,12,BMW,20,Gipuzkoa,Private,ICE,MKL,FOCUS SEGMENT,Standard,2
2025,12,BMW,20,Gipuzkoa,Private,ICE,UKL2,FOCUS SEGMENT,Standard,3
2025,12,BYD,20,Gipuzkoa,Corporate,BEV,UKL1,REST,Standard,1
2025,12,BYD,20,Gipuzkoa,Corporate,PHEV,KKL,REST,Standard,1
2025,12,BYD,20,Gipuzkoa,Private,BEV,KKL,REST,Standard,3
2025,12,BYD,20,Gipuzkoa,Private,BEV,UKL0,REST,Standard,6
2025,12,BYD,20,Gipuzkoa,Private,BEV,UKL1,REST,Standard,1
2025,12,BYD,20,Gipuzkoa,Private,PHEV,KKL,REST,Standard,7
2025,12,CITROEN,20,Gipuzkoa,Corporate,ICE,SKL,REST,Standard,1
2025,12,CITROEN,20,Gipuzkoa,Private,BEV,UKL1,REST,Standard,3
2025,12,CITROEN,20,Gipuzkoa,Private,ICE,SKL,REST,Standard,7
2025,12,CITROEN,20,Gipuzkoa,Private,ICE,UKL1,REST,Standard,5
2025,12,CITROEN,20,Gipuzkoa,Private,ICE,UKL2,REST,Standard,1
2025,12,CUPRA,20,Gipuzkoa,Corporate,PHEV,UKL2,REST,Standard,4
2025,12,CUPRA,20,Gipuzkoa,Private,ICE,UKL2,REST,Standard,6
2025,12,CUPRA,20,Gipuzkoa,Private,PHEV,UKL2,REST,Standard,4
2025,12,DACIA,20,Gipuzkoa,Corporate,ICE,UKL1,REST,Standard,4
2025,12,DACIA,20,Gipuzkoa,Corporate,ICE,UKL2,REST,Standard,2
2025,12,DACIA,20,Gipuzkoa,Private,ICE,SKL,REST,Standard,6
2025,12,DACIA,20,Gipuzkoa,Private,ICE,UKL1,REST,Standard,29
2025,12,DACIA,20,Gipuzkoa,Private,ICE,UKL2,REST,Standard,18
2025,12,EBRO,20,Gipuzkoa,Corporate,ICE,UKL2,REST,Standard,1
2025,12,EBRO,20,Gipuzkoa,Corporate,PHEV,KKL,REST,Standard,2
2025,12,EBRO,20,Gipuzkoa,Corporate,PHEV,UKL2,REST,Standard,5
2025,12,EBRO,20,Gipuzkoa,Private,ICE,KKL,REST,Standard,2
2025,12,EBRO,20,Gipuzkoa,Private,ICE,UKL2,REST,Standard,11
2025,12,EBRO,20,Gipuzkoa,Private,PHEV,KKL,REST,Standard,6
2025,12,EBRO,20,Gipuzkoa,Private,PHEV,UKL2,REST,Standard,10
2025,12,FORD,20,Gipuzkoa,Private,BEV,KKL,REST,Standard,1
2025,12,FORD,20,Gipuzkoa,Private,ICE,SKL,REST,Standard,1
2025,12,FORD,20,Gipuzkoa,Private,ICE,UKL1,REST,Standard,3
2025,12,FORD,20,Gipuzkoa,Private,ICE,UKL2,REST,Standard,3
2025,12,FORD,20,Gipuzkoa,Private,PHEV,UKL2,REST,Standard,3
2025,12,HONDA,20,Gipuzkoa,Corporate,ICE,KKL,REST,Standard,1
2025,12,HONDA,20,Gipuzkoa,Private,ICE,KKL,REST,Standard,1
2025,12,HONDA,20,Gipuzkoa,Private,ICE,UKL1,REST,Standard,2
2025,12,HONDA,20,Gipuzkoa,Private,ICE,UKL2,REST,Standard,8
2025,12,HONDA,20,Gipuzkoa,RAC,ICE,UKL2,REST,Standard,1
2025,12,HYUNDAI,20,Gipuzkoa,Private,BEV,UKL1,REST,Standard,1
2025,12,HYUNDAI,20,Gipuzkoa,Private,BEV,UKL2,REST,Standard,3
2025,12,HYUNDAI,20,Gipuzkoa,Private,ICE,UKL0,REST,Standard,2
2025,12,HYUNDAI,20,Gipuzkoa,Private,ICE,UKL1,REST,Standard,27
2025,12,HYUNDAI,20,Gipuzkoa,Private,ICE,UKL2,REST,Standard,16
2025,12,HYUNDAI,20,Gipuzkoa,Private,PHEV,UKL2,REST,Standard,3
2025,12,JAECOO,20,Gipuzkoa,Corporate,ICE,UKL2,REST,Standard,1
2025,12,JAECOO,20,Gipuzkoa,Corporate,PHEV,UKL2,REST,Standard,1
2025,12,JAECOO,20,Gipuzkoa,Private,BEV,UKL1,REST,Standard,1
2025,12,JAECOO,20,Gipuzkoa,Private,ICE,UKL2,REST,Standard,4
2025,12,JAECOO,20,Gipuzkoa,Private,PHEV,UKL2,REST,Standard,6
2025,12,JEEP,20,Gipuzkoa,Corporate,ICE,UKL1,REST,Standard,1
2025,12,JEEP,20,Gipuzkoa,Private,ICE,UKL1,REST,Standard,1
2025,12,KG MOBILITY,20,Gipuzkoa,Private,ICE,UKL1,REST,Standard,1
2025,12,KG MOBILITY,20,Gipuzkoa,Private,ICE,UKL2,REST,Standard,1
2025,12,KIA,20,Gipuzkoa,Corporate,BEV,SKL,REST,Standard,1
2025,12,KIA,20,Gipuzkoa,Corporate,BEV,UKL2,REST,Standard,1
2025,12,KIA,20,Gipuzkoa,Corporate,ICE,UKL1,REST,Standard,2
2025,12,KIA,20,Gipuzkoa,Corporate,ICE,UKL2,REST,Standard,3
2025,12,KIA,20,Gipuzkoa,Private,ICE,UKL1,REST,Standard,9
2025,12,KIA,20,Gipuzkoa,Private,ICE,UKL2,REST,Standard,13
2025,12,LEAPMOTOR,20,Gipuzkoa,Corporate,BEV,MKL,REST,Standard,1
2025,12,LEAPMOTOR,20,Gipuzkoa,Corporate,BEV,UKL0,REST,Standard,2
2025,12,LEAPMOTOR,20,Gipuzkoa,Corporate,BEV,UKL2,REST,Standard,2
2025,12,LEAPMOTOR,20,Gipuzkoa,Private,BEV,UKL0,REST,Standard,2
2025,12,LEAPMOTOR,20,Gipuzkoa,Private,BEV,UKL2,REST,Standard,1
2025,12,LEXUS,20,Gipuzkoa,Corporate,ICE,KKL,FOCUS SEGMENT,Standard,1
2025,12,LEXUS,20,Gipuzkoa,Corporate,ICE,MKL,FOCUS SEGMENT,Standard,1
2025,12,LEXUS,20,Gipuzkoa,Corporate,ICE,UKL1,FOCUS SEGMENT,Standard,1
2025,12,LEXUS,20,Gipuzkoa,Corporate,ICE,UKL2,FOCUS SEGMENT,Standard,2
2025,12,LEXUS,20,Gipuzkoa,Private,ICE,UKL1,FOCUS SEGMENT,Standard,1
2025,12,LEXUS,20,Gipuzkoa,Private,ICE,UKL2,FOCUS SEGMENT,Standard,1
2025,12,LEXUS,20,Gipuzkoa,Private,PHEV,KKL,FOCUS SEGMENT,Standard,2
2025,12,LEXUS,20,Gipuzkoa,Private,PHEV,MKL,FOCUS SEGMENT,Standard,1
2025,12,LYNK & CO,20,Gipuzkoa,Private,PHEV,UKL2,REST,Standard,3
2025,12,MAZDA,20,Gipuzkoa,Corporate,ICE,KKL,REST,Standard,1
2025,12,MAZDA,20,Gipuzkoa,Corporate,ICE,UKL2,REST,Standard,2
2025,12,MAZDA,20,Gipuzkoa,Private,ICE,KKL,REST,Standard,3
2025,12,MAZDA,20,Gipuzkoa,Private,ICE,UKL2,REST,Standard,28
2025,12,MAZDA,20,Gipuzkoa,Private,PHEV,KKL,REST,Standard,1
2025,12,MERCEDES,20,Gipuzkoa,Corporate,ICE,KKL,FOCUS SEGMENT,Standard,1
2025,12,MERCEDES,20,Gipuzkoa,Corporate,ICE,MKL,FOCUS SEGMENT,Standard,1
2025,12,MERCEDES,20,Gipuzkoa,Corporate,PHEV,KKL,FOCUS SEGMENT,Standard,1
2025,12,MERCEDES,20,Gipuzkoa,Corporate,PHEV,MKL,FOCUS SEGMENT,Standard,1
2025,12,MERCEDES,20,Gipuzkoa,Corporate,PHEV,UKL2,FOCUS SEGMENT,Standard,1
2025,12,MERCEDES,20,Gipuzkoa,Private,BEV,UKL2,FOCUS SEGMENT,Standard,2
2025,12,MERCEDES,20,Gipuzkoa,Private,ICE,KKL,FOCUS SEGMENT,Standard,2
2025,12,MERCEDES,20,Gipuzkoa,Private,ICE,MKL,REST,Standard,1
2025,12,MERCEDES,20,Gipuzkoa,Private,ICE,UKL2,FOCUS SEGMENT,Standard,5
2025,12,MERCEDES,20,Gipuzkoa,Private,PHEV,KKL,FOCUS SEGMENT,Standard,3
2025,12,MERCEDES,20,Gipuzkoa,Private,PHEV,UKL2,FOCUS SEGMENT,Standard,5
2025,12,MG,20,Gipuzkoa,Corporate,ICE,KKL,REST,Standard,1
2025,12,MG,20,Gipuzkoa,Corporate,ICE,UKL1,REST,Standard,12
2025,12,MG,20,Gipuzkoa,Private,ICE,KKL,REST,Standard,4
2025,12,MG,20,Gipuzkoa,Private,ICE,UKL1,REST,Standard,8
2025,12,MG,20,Gipuzkoa,Private,PHEV,KKL,REST,Standard,6
2025,12,MINI,20,Gipuzkoa,Private,BEV,UKL2,FOCUS SEGMENT,Standard,1
2025,12,MITSUBISHI,20,Gipuzkoa,Private,ICE,UKL1,REST,Standard,1
2025,12,MITSUBISHI,20,Gipuzkoa,Private,PHEV,KKL,REST,Standard,1
2025,12,NISSAN,20,Gipuzkoa,Corporate,ICE,KKL,REST,Standard,3
2025,12,NISSAN,20,Gipuzkoa,Corporate,ICE,SKL,REST,Standard,1
2025,12,NISSAN,20,Gipuzkoa,Corporate,ICE,UKL2,REST,Standard,1
2025,12,NISSAN,20,Gipuzkoa,Private,BEV,UKL1,REST,Standard,1
2025,12,NISSAN,20,Gipuzkoa,Private,ICE,KKL,REST,Standard,4
2025,12,NISSAN,20,Gipuzkoa,Private,ICE,SKL,REST,Standard,2
2025,12,NISSAN,20,Gipuzkoa,Private,ICE,UKL1,REST,Standard,2
2025,12,NISSAN,20,Gipuzkoa,Private,ICE,UKL2,REST,Standard,12
2025,12,OMODA,20,Gipuzkoa,Corporate,BEV,UKL2,REST,Standard,1
2025,12,OMODA,20,Gipuzkoa,Corporate,PHEV,KKL,REST,Standard,3
2025,12,OMODA,20,Gipuzkoa,Private,ICE,UKL2,REST,Standard,10
2025,12,OMODA,20,Gipuzkoa,Private,PHEV,KKL,REST,Standard,4
2025,12,OPEL,20,Gipuzkoa,Private,ICE,KKL,REST,Standard,2
2025,12,OPEL,20,Gipuzkoa,Private,ICE,SKL,REST,Standard,1
2025,12,OPEL,20,Gipuzkoa,Private,ICE,UKL1,REST,Standard,1
2025,12,PEUGEOT,20,Gipuzkoa,Corporate,ICE,KKL,REST,Standard,8
2025,12,PEUGEOT,20,Gipuzkoa,Corporate,ICE,SKL,REST,Standard,16
2025,12,PEUGEOT,20,Gipuzkoa,Corporate,ICE,UKL1,REST,Standard,22
2025,12,PEUGEOT,20,Gipuzkoa,Corporate,ICE,UKL2,REST,Standard,2
2025,12,PEUGEOT,20,Gipuzkoa,Private,ICE,KKL,REST,Standard,2
2025,12,PEUGEOT,20,Gipuzkoa,Private,ICE,SKL,REST,Standard,1
2025,12,PEUGEOT,20,Gipuzkoa,Private,ICE,UKL1,REST,Standard,3
2025,12,PEUGEOT,20,Gipuzkoa,Private,ICE,UKL2,REST,Standard,5
2025,12,PORSCHE,20,Gipuzkoa,Private,PHEV,MKL,FOCUS SEGMENT,Standard,1
2025,12,RENAULT,20,Gipuzkoa,Corporate,ICE,KKL,REST,Standard,1
2025,12,RENAULT,20,Gipuzkoa,Corporate,ICE,SKL,REST,Standard,1
2025,12,RENAULT,20,Gipuzkoa,Corporate,ICE,UKL1,REST,Standard,7
2025,12,RENAULT,20,Gipuzkoa,Private,BEV,UKL1,REST,Standard,3
2025,12,RENAULT,20,Gipuzkoa,Private,BEV,UKL2,REST,Standard,1
2025,12,RENAULT,20,Gipuzkoa,Private,ICE,KKL,REST,Standard,4
2025,12,RENAULT,20,Gipuzkoa,Private,ICE,SKL,REST,Standard,1
2025,12,RENAULT,20,Gipuzkoa,Private,ICE,UKL1,REST,Standard,20
2025,12,RENAULT,20,Gipuzkoa,Private,ICE,UKL2,REST,Standard,9
2025,12,RENAULT,20,Gipuzkoa,Private,PHEV,UKL2,REST,Standard,4
2025,12,RENAULT TRUCKS,20,Gipuzkoa,Private,ICE,SKL,REST,Standard,2
2025,12,SEAT,20,Gipuzkoa,Corporate,ICE,UKL1,REST,Standard,5
2025,12,SEAT,20,Gipuzkoa,Corporate,ICE,UKL2,REST,Standard,2
2025,12,SEAT,20,Gipuzkoa,Corporate,PHEV,UKL2,REST,Standard,4
2025,12,SEAT,20,Gipuzkoa,Private,ICE,UKL1,REST,Standard,11
2025,12,SEAT,20,Gipuzkoa,Private,ICE,UKL2,REST,Standard,23
2025,12,SEAT,20,Gipuzkoa,Private,PHEV,UKL2,REST,Standard,1
2025,12,SKODA,20,Gipuzkoa,Private,ICE,UKL1,REST,Standard,10
2025,12,SKODA,20,Gipuzkoa,Private,ICE,UKL2,REST,Standard,4
2025,12,SKODA,20,Gipuzkoa,Private,PHEV,KKL,REST,Standard,1
2025,12,SUBARU,20,Gipuzkoa,Private,ICE,KKL,REST,Standard,1
2025,12,SUBARU,20,Gipuzkoa,Private,ICE,UKL2,REST,Standard,1
2025,12,SUZUKI,20,Gipuzkoa,Corporate,ICE,UKL1,REST,Standard,2
2025,12,SUZUKI,20,Gipuzkoa,Corporate,ICE,UKL2,REST,Standard,1
2025,12,SUZUKI,20,Gipuzkoa,Private,ICE,UKL2,REST,Standard,4
2025,12,TESLA,20,Gipuzkoa,Corporate,BEV,KKL,FOCUS SEGMENT,Standard,1
2025,12,TESLA,20,Gipuzkoa,Private,BEV,KKL,FOCUS SEGMENT,Standard,12
2025,12,TOYOTA,20,Gipuzkoa,Corporate,BEV,UKL2,REST,Standard,1
2025,12,TOYOTA,20,Gipuzkoa,Corporate,ICE,SKL,REST,Standard,2
2025,12,TOYOTA,20,Gipuzkoa,Corporate,ICE,UKL1,REST,Standard,5
2025,12,TOYOTA,20,Gipuzkoa,Corporate,ICE,UKL2,REST,Standard,3
2025,12,TOYOTA,20,Gipuzkoa,Corporate,PHEV,UKL2,REST,Standard,4
2025,12,TOYOTA,20,Gipuzkoa,Private,BEV,SKL,REST,Standard,1
2025,12,TOYOTA,20,Gipuzkoa,Private,ICE,GKL,REST,Standard,1
2025,12,TOYOTA,20,Gipuzkoa,Private,ICE,SKL,REST,Standard,2
2025,12,TOYOTA,20,Gipuzkoa,Private,ICE,UKL1,REST,Standard,22
2025,12,TOYOTA,20,Gipuzkoa,Private,ICE,UKL2,REST,Standard,28
2025,12,TOYOTA,20,Gipuzkoa,Private,PHEV,UKL2,REST,Standard,8
2025,12,VOLKSWAGEN,20,Gipuzkoa,Corporate,BEV,UKL2,REST,Standard,2
2025,12,VOLKSWAGEN,20,Gipuzkoa,Corporate,ICE,UKL1,REST,Standard,3
2025,12,VOLKSWAGEN,20,Gipuzkoa,Corporate,ICE,UKL2,REST,Standard,5
2025,12,VOLKSWAGEN,20,Gipuzkoa,Private,BEV,UKL2,REST,Standard,2
2025,12,VOLKSWAGEN,20,Gipuzkoa,Private,ICE,SKL,REST,Standard,5
2025,12,VOLKSWAGEN,20,Gipuzkoa,Private,ICE,UKL1,REST,Standard,9
2025,12,VOLKSWAGEN,20,Gipuzkoa,Private,ICE,UKL2,REST,Standard,24
2025,12,VOLKSWAGEN,20,Gipuzkoa,Private,PHEV,SKL,REST,Standard,4
2025,12,VOLKSWAGEN,20,Gipuzkoa,Private,PHEV,UKL2,REST,Standard,1
2025,12,VOLVO,20,Gipuzkoa,Corporate,BEV,UKL1,FOCUS SEGMENT,Standard,1
2025,12,VOLVO,20,Gipuzkoa,Corporate,ICE,KKL,FOCUS SEGMENT,Standard,4
2025,12,VOLVO,20,Gipuzkoa,Corporate,ICE,UKL2,FOCUS SEGMENT,Standard,5
2025,12,VOLVO,20,Gipuzkoa,Corporate,PHEV,KKL,FOCUS SEGMENT,Standard,1
2025,12,VOLVO,20,Gipuzkoa,Private,BEV,UKL1,FOCUS SEGMENT,Standard,1
2025,12,VOLVO,20,Gipuzkoa,Private,ICE,KKL,FOCUS SEGMENT,Standard,1
2025,12,VOLVO,20,Gipuzkoa,Private,ICE,UKL2,FOCUS SEGMENT,Standard,6
2025,12,VOLVO,20,Gipuzkoa,Private,PHEV,KKL,FOCUS SEGMENT,Standard,1
2025,12,XPENG,20,Gipuzkoa,Private,BEV,KKL,FOCUS SEGMENT,Standard,4
2025,12,ALPINE,21,Huelva,Private,BEV,UKL1,REST,Standard,1
2025,12,AUDI,21,Huelva,Corporate,BEV,UKL2,FOCUS SEGMENT,Standard,2
2025,12,AUDI,21,Huelva,Corporate,ICE,MKL,FOCUS SEGMENT,Standard,2
2025,12,AUDI,21,Huelva,Corporate,ICE,UKL2,FOCUS SEGMENT,Standard,1
2025,12,AUDI,21,Huelva,Corporate,PHEV,KKL,FOCUS SEGMENT,Standard,2
2025,12,AUDI,21,Huelva,Corporate,PHEV,MKL,FOCUS SEGMENT,Standard,2
2025,12,AUDI,21,Huelva,Corporate,PHEV,UKL2,FOCUS SEGMENT,Standard,1
2025,12,AUDI,21,Huelva,Private,BEV,UKL2,FOCUS SEGMENT,Standard,2
2025,12,AUDI,21,Huelva,Private,ICE,MKL,FOCUS SEGMENT,Standard,1
2025,12,AUDI,21,Huelva,Private,ICE,UKL1,FOCUS SEGMENT,Standard,2
2025,12,AUDI,21,Huelva,Private,ICE,UKL2,FOCUS SEGMENT,Standard,6
2025,12,AUDI,21,Huelva,Private,PHEV,KKL,FOCUS SEGMENT,Standard,1
2025,12,BMW,21,Huelva,Corporate,ICE,KKL,FOCUS SEGMENT,Standard,4
2025,12,BMW,21,Huelva,Corporate,ICE,UKL2,FOCUS SEGMENT,Standard,6
2025,12,BMW,21,Huelva,Corporate,PHEV,KKL,FOCUS SEGMENT,Standard,1
2025,12,BMW,21,Huelva,Corporate,PHEV,MKL,FOCUS SEGMENT,Standard,1
2025,12,BMW,21,Huelva,Private,BEV,UKL2,FOCUS SEGMENT,Standard,3
2025,12,BMW,21,Huelva,Private,ICE,MKL,FOCUS SEGMENT,Standard,2
2025,12,BMW,21,Huelva,Private,ICE,UKL2,FOCUS SEGMENT,Standard,10
2025,12,BMW,21,Huelva,Private,PHEV,UKL2,FOCUS SEGMENT,Standard,1
2025,12,BYD,21,Huelva,Corporate,BEV,UKL2,REST,Standard,1
2025,12,BYD,21,Huelva,Private,BEV,UKL0,REST,Standard,4
2025,12,BYD,21,Huelva,Private,BEV,UKL1,REST,Standard,4
2025,12,BYD,21,Huelva,Private,BEV,UKL2,REST,Standard,4
2025,12,BYD,21,Huelva,Private,PHEV,KKL,REST,Standard,1
2025,12,CITROEN,21,Huelva,Private,ICE,UKL1,REST,Standard,2
2025,12,CITROEN,21,Huelva,Private,ICE,UKL2,REST,Standard,1
2025,12,CUPRA,21,Huelva,Corporate,ICE,UKL2,REST,Standard,1
2025,12,CUPRA,21,Huelva,Private,ICE,UKL2,REST,Standard,2
2025,12,CUPRA,21,Huelva,Private,PHEV,UKL2,REST,Standard,4
2025,12,DACIA,21,Huelva,Corporate,ICE,UKL1,REST,Standard,3
2025,12,DACIA,21,Huelva,Corporate,ICE,UKL2,REST,Standard,5
2025,12,DACIA,21,Huelva,Private,ICE,SKL,REST,Standard,5
2025,12,DACIA,21,Huelva,Private,ICE,UKL1,REST,Standard,35
2025,12,DACIA,21,Huelva,Private,ICE,UKL2,REST,Standard,8
2025,12,EBRO,21,Huelva,Corporate,PHEV,UKL2,REST,Standard,3
2025,12,EBRO,21,Huelva,Private,ICE,KKL,REST,Standard,1
2025,12,EBRO,21,Huelva,Private,ICE,UKL2,REST,Standard,15
2025,12,EBRO,21,Huelva,Private,PHEV,KKL,REST,Standard,2
2025,12,EBRO,21,Huelva,Private,PHEV,UKL2,REST,Standard,3
2025,12,FORD,21,Huelva,Corporate,BEV,UKL1,REST,Standard,1
2025,12,FORD,21,Huelva,Private,ICE,UKL1,REST,Standard,2
2025,12,FORD,21,Huelva,Private,PHEV,UKL2,REST,Standard,2
2025,12,HYUNDAI,21,Huelva,Corporate,ICE,UKL0,REST,Standard,1
2025,12,HYUNDAI,21,Huelva,Corporate,ICE,UKL1,REST,Standard,1
2025,12,HYUNDAI,21,Huelva,Corporate,ICE,UKL2,REST,Standard,3
2025,12,HYUNDAI,21,Huelva,Corporate,PHEV,UKL2,REST,Standard,2
2025,12,HYUNDAI,21,Huelva,Private,ICE,UKL1,REST,Standard,14
2025,12,HYUNDAI,21,Huelva,Private,ICE,UKL2,REST,Standard,14
2025,12,HYUNDAI,21,Huelva,Private,PHEV,UKL2,REST,Standard,2
2025,12,JAECOO,21,Huelva,Private,ICE,UKL2,REST,Standard,6
2025,12,JAECOO,21,Huelva,Private,PHEV,UKL2,REST,Standard,1
2025,12,KG MOBILITY,21,Huelva,Private,ICE,UKL1,REST,Standard,1
2025,12,KIA,21,Huelva,Corporate,ICE,UKL1,REST,Standard,1
2025,12,KIA,21,Huelva,Private,ICE,UKL0,REST,Standard,1
2025,12,KIA,21,Huelva,Private,ICE,UKL1,REST,Standard,12
2025,12,KIA,21,Huelva,Private,ICE,UKL2,REST,Standard,14
2025,12,LAND ROVER,21,Huelva,Corporate,ICE,MKL,FOCUS SEGMENT,Standard,2
2025,12,LEXUS,21,Huelva,Private,ICE,UKL2,FOCUS SEGMENT,Standard,1
2025,12,MAZDA,21,Huelva,Corporate,ICE,UKL2,REST,Standard,2
2025,12,MAZDA,21,Huelva,Private,BEV,MKL,REST,Standard,1
2025,12,MAZDA,21,Huelva,Private,ICE,KKL,REST,Standard,1
2025,12,MAZDA,21,Huelva,Private,ICE,UKL1,REST,Standard,1
2025,12,MAZDA,21,Huelva,Private,ICE,UKL2,REST,Standard,11
2025,12,MERCEDES,21,Huelva,Corporate,BEV,UKL2,FOCUS SEGMENT,Standard,3
2025,12,MERCEDES,21,Huelva,Corporate,ICE,GKL,FOCUS SEGMENT,Standard,1
2025,12,MERCEDES,21,Huelva,Corporate,ICE,KKL,FOCUS SEGMENT,Standard,2
2025,12,MERCEDES,21,Huelva,Corporate,ICE,MKL,REST,Standard,1
2025,12,MERCEDES,21,Huelva,Corporate,PHEV,KKL,FOCUS SEGMENT,Standard,4
2025,12,MERCEDES,21,Huelva,Corporate,PHEV,MKL,FOCUS SEGMENT,Standard,1
2025,12,MERCEDES,21,Huelva,Private,ICE,KKL,FOCUS SEGMENT,Standard,1
2025,12,MERCEDES,21,Huelva,Private,ICE,SKL,REST,Standard,1
2025,12,MERCEDES,21,Huelva,Private,ICE,UKL2,FOCUS SEGMENT,Standard,3
2025,12,MERCEDES,21,Huelva,Private,PHEV,KKL,FOCUS SEGMENT,Standard,1
2025,12,MG,21,Huelva,Corporate,PHEV,KKL,REST,Standard,1
2025,12,MG,21,Huelva,Private,ICE,UKL1,REST,Standard,13
2025,12,MG,21,Huelva,Private,PHEV,KKL,REST,Standard,5
2025,12,MINI,21,Huelva,Corporate,ICE,UKL1,FOCUS SEGMENT,Standard,1
2025,12,MINI,21,Huelva,Corporate,ICE,UKL2,FOCUS SEGMENT,Standard,1
2025,12,NISSAN,21,Huelva,Corporate,BEV,UKL1,REST,Standard,1
2025,12,NISSAN,21,Huelva,Corporate,BEV,UKL2,REST,Standard,1
2025,12,NISSAN,21,Huelva,Corporate,ICE,KKL,REST,Standard,1
2025,12,NISSAN,21,Huelva,Private,ICE,KKL,REST,Standard,3
2025,12,NISSAN,21,Huelva,Private,ICE,UKL1,REST,Standard,1
2025,12,NISSAN,21,Huelva,Private,ICE,UKL2,REST,Standard,4
2025,12,OMODA,21,Huelva,Corporate,ICE,UKL2,REST,Standard,1
2025,12,OMODA,21,Huelva,Private,BEV,UKL2,REST,Standard,1
2025,12,OMODA,21,Huelva,Private,ICE,UKL2,REST,Standard,1
2025,12,OMODA,21,Huelva,Private,PHEV,KKL,REST,Standard,2
2025,12,OPEL,21,Huelva,Private,ICE,KKL,REST,Standard,2
2025,12,OPEL,21,Huelva,Private,ICE,UKL1,REST,Standard,2
2025,12,OPEL,21,Huelva,Private,ICE,UKL2,REST,Standard,1
2025,12,OPEL,21,Huelva,Private,PHEV,UKL2,REST,Standard,1
2025,12,PEUGEOT,21,Huelva,Corporate,ICE,SKL,REST,Standard,1
2025,12,PEUGEOT,21,Huelva,Private,ICE,SKL,REST,Standard,1
2025,12,PEUGEOT,21,Huelva,Private,ICE,UKL1,REST,Standard,2
2025,12,PEUGEOT,21,Huelva,Private,ICE,UKL2,REST,Standard,3
2025,12,PEUGEOT,21,Huelva,Private,PHEV,UKL2,REST,Standard,1
2025,12,RENAULT,21,Huelva,Corporate,ICE,UKL1,REST,Standard,6
2025,12,RENAULT,21,Huelva,Corporate,ICE,UKL2,REST,Standard,2
2025,12,RENAULT,21,Huelva,Private,BEV,UKL1,REST,Standard,2
2025,12,RENAULT,21,Huelva,Private,BEV,UKL2,REST,Standard,1
2025,12,RENAULT,21,Huelva,Private,ICE,UKL1,REST,Standard,20
2025,12,RENAULT,21,Huelva,Private,ICE,UKL2,REST,Standard,9
2025,12,SEAT,21,Huelva,Corporate,ICE,UKL1,REST,Standard,2
2025,12,SEAT,21,Huelva,Corporate,ICE,UKL2,REST,Standard,2
2025,12,SEAT,21,Huelva,Private,ICE,UKL1,REST,Standard,13
2025,12,SEAT,21,Huelva,Private,ICE,UKL2,REST,Standard,9
2025,12,SKODA,21,Huelva,Private,ICE,UKL1,REST,Standard,11
2025,12,SKODA,21,Huelva,Private,ICE,UKL2,REST,Standard,7
2025,12,SMART,21,Huelva,Private,BEV,KKL,FOCUS SEGMENT,Standard,1
2025,12,TESLA,21,Huelva,Corporate,BEV,KKL,FOCUS SEGMENT,Standard,1
2025,12,TESLA,21,Huelva,Private,BEV,KKL,FOCUS SEGMENT,Standard,11
2025,12,TOYOTA,21,Huelva,Corporate,ICE,GKL,REST,Standard,1
2025,12,TOYOTA,21,Huelva,Corporate,ICE,UKL1,REST,Standard,3
2025,12,TOYOTA,21,Huelva,Corporate,ICE,UKL2,REST,Standard,1
2025,12,TOYOTA,21,Huelva,Corporate,PHEV,UKL1,REST,Standard,1
2025,12,TOYOTA,21,Huelva,Corporate,PHEV,UKL2,REST,Standard,3
2025,12,TOYOTA,21,Huelva,Private,ICE,GKL,REST,Standard,1
2025,12,TOYOTA,21,Huelva,Private,ICE,UKL0,REST,Standard,1
2025,12,TOYOTA,21,Huelva,Private,ICE,UKL1,REST,Standard,25
2025,12,TOYOTA,21,Huelva,Private,ICE,UKL2,REST,Standard,16
2025,12,TOYOTA,21,Huelva,Private,PHEV,UKL1,REST,Standard,2
2025,12,TOYOTA,21,Huelva,Private,PHEV,UKL2,REST,Standard,1
2025,12,VOLKSWAGEN,21,Huelva,Corporate,ICE,UKL2,REST,Standard,1
2025,12,VOLKSWAGEN,21,Huelva,Private,ICE,UKL1,REST,Standard,8
2025,12,VOLKSWAGEN,21,Huelva,Private,ICE,UKL2,REST,Standard,16
2025,12,VOLKSWAGEN,21,Huelva,Private,PHEV,UKL2,REST,Standard,4
2025,12,VOLKSWAGEN,21,Huelva,RAC,ICE,UKL2,REST,Standard,1
2025,12,VOLVO,21,Huelva,Corporate,ICE,KKL,FOCUS SEGMENT,Standard,2
2025,12,VOLVO,21,Huelva,Private,BEV,UKL2,FOCUS SEGMENT,Standard,1
2025,12,VOLVO,21,Huelva,Private,ICE,KKL,FOCUS SEGMENT,Standard,2
2025,12,VOLVO,21,Huelva,Private,ICE,UKL2,FOCUS SEGMENT,Standard,4
2025,12,XPENG,21,Huelva,Private,BEV,KKL,FOCUS SEGMENT,Standard,1
2025,12,AUDI,22,Huesca,Corporate,ICE,KKL,FOCUS SEGMENT,Standard,1
2025,12,AUDI,22,Huesca,Corporate,ICE,UKL2,FOCUS SEGMENT,Standard,1
2025,12,AUDI,22,Huesca,Private,BEV,UKL2,FOCUS SEGMENT,Standard,1
2025,12,AUDI,22,Huesca,Private,ICE,KKL,FOCUS SEGMENT,Standard,1
2025,12,AUDI,22,Huesca,Private,ICE,UKL1,FOCUS SEGMENT,Standard,1
2025,12,AUDI,22,Huesca,Private,ICE,UKL2,FOCUS SEGMENT,Standard,3
2025,12,AUDI,22,Huesca,Private,PHEV,KKL,FOCUS SEGMENT,Standard,1
2025,12,AUDI,22,Huesca,Private,PHEV,MKL,FOCUS SEGMENT,Standard,1
2025,12,AUDI,22,Huesca,Private,PHEV,UKL2,FOCUS SEGMENT,Standard,1
2025,12,BMW,22,Huesca,Corporate,ICE,KKL,FOCUS SEGMENT,Standard,1
2025,12,BMW,22,Huesca,Corporate,ICE,MKL,FOCUS SEGMENT,Standard,2
2025,12,BMW,22,Huesca,Corporate,ICE,UKL2,FOCUS SEGMENT,M,1
2025,12,BMW,22,Huesca,Private,BEV,KKL,FOCUS SEGMENT,Standard,1
2025,12,BMW,22,Huesca,Private,BEV,UKL2,FOCUS SEGMENT,Standard,1
2025,12,BMW,22,Huesca,Private,ICE,UKL2,FOCUS SEGMENT,Standard,5
2025,12,BYD,22,Huesca,Private,BEV,KKL,REST,Standard,2
2025,12,BYD,22,Huesca,Private,BEV,UKL0,REST,Standard,1
2025,12,BYD,22,Huesca,Private,BEV,UKL1,REST,Standard,2
2025,12,BYD,22,Huesca,Private,PHEV,KKL,REST,Standard,3
2025,12,CITROEN,22,Huesca,Corporate,ICE,UKL2,REST,Standard,5
2025,12,CITROEN,22,Huesca,Private,ICE,SKL,REST,Standard,1
2025,12,CITROEN,22,Huesca,Private,ICE,UKL1,REST,Standard,2
2025,12,CITROEN,22,Huesca,Private,ICE,UKL2,REST,Standard,1
2025,12,CUPRA,22,Huesca,Corporate,ICE,UKL2,REST,Standard,2
2025,12,CUPRA,22,Huesca,Corporate,PHEV,UKL2,REST,Standard,3
2025,12,CUPRA,22,Huesca,Private,ICE,UKL2,REST,Standard,3
2025,12,CUPRA,22,Huesca,Private,PHEV,UKL2,REST,Standard,3
2025,12,DACIA,22,Huesca,Corporate,ICE,SKL,REST,Standard,7
2025,12,DACIA,22,Huesca,Corporate,ICE,UKL1,REST,Standard,3
2025,12,DACIA,22,Huesca,Corporate,ICE,UKL2,REST,Standard,3
2025,12,DACIA,22,Huesca,Private,ICE,SKL,REST,Standard,8
2025,12,DACIA,22,Huesca,Private,ICE,UKL1,REST,Standard,11
2025,12,DACIA,22,Huesca,Private,ICE,UKL2,REST,Standard,7
2025,12,EBRO,22,Huesca,Corporate,ICE,UKL2,REST,Standard,1
2025,12,EBRO,22,Huesca,Private,ICE,UKL2,REST,Standard,4
2025,12,EBRO,22,Huesca,Private,PHEV,KKL,REST,Standard,4
2025,12,EBRO,22,Huesca,Private,PHEV,UKL2,REST,Standard,5
2025,12,FORD,22,Huesca,Corporate,ICE,SKL,REST,Standard,1
2025,12,FORD,22,Huesca,Private,ICE,UKL1,REST,Standard,1
2025,12,HYUNDAI,22,Huesca,Private,BEV,UKL1,REST,Standard,1
2025,12,HYUNDAI,22,Huesca,Private,BEV,UKL2,REST,Standard,1
2025,12,HYUNDAI,22,Huesca,Private,ICE,MKL,REST,Standard,1
2025,12,HYUNDAI,22,Huesca,Private,ICE,UKL1,REST,Standard,2
2025,12,HYUNDAI,22,Huesca,Private,ICE,UKL2,REST,Standard,2
2025,12,HYUNDAI,22,Huesca,Private,PHEV,UKL2,REST,Standard,1
2025,12,JAECOO,22,Huesca,Corporate,PHEV,UKL2,REST,Standard,1
2025,12,JAECOO,22,Huesca,Private,BEV,UKL1,REST,Standard,1
2025,12,JAECOO,22,Huesca,Private,ICE,UKL2,REST,Standard,2
2025,12,JAECOO,22,Huesca,Private,PHEV,UKL2,REST,Standard,2
2025,12,JEEP,22,Huesca,Private,ICE,UKL1,REST,Standard,1
2025,12,KG MOBILITY,22,Huesca,Private,ICE,MKL,REST,Standard,2
2025,12,KG MOBILITY,22,Huesca,Private,ICE,UKL2,REST,Standard,2
2025,12,KIA,22,Huesca,Corporate,BEV,SKL,REST,Standard,1
2025,12,KIA,22,Huesca,Corporate,BEV,UKL1,REST,Standard,2
2025,12,KIA,22,Huesca,Corporate,BEV,UKL2,REST,Standard,1
2025,12,KIA,22,Huesca,Corporate,ICE,UKL2,REST,Standard,2
2025,12,KIA,22,Huesca,Private,BEV,UKL2,REST,Standard,2
2025,12,KIA,22,Huesca,Private,ICE,UKL1,REST,Standard,1
2025,12,KIA,22,Huesca,Private,ICE,UKL2,REST,Standard,7
2025,12,KIA,22,Huesca,RAC,ICE,UKL1,REST,Standard,3
2025,12,LEAPMOTOR,22,Huesca,Corporate,BEV,UKL0,REST,Standard,1
2025,12,MAZDA,22,Huesca,Corporate,ICE,KKL,REST,Standard,2
2025,12,MAZDA,22,Huesca,Private,BEV,MKL,REST,Standard,1
2025,12,MAZDA,22,Huesca,Private,ICE,KKL,REST,Standard,1
2025,12,MAZDA,22,Huesca,Private,ICE,UKL2,REST,Standard,2
2025,12,MERCEDES,22,Huesca,Corporate,ICE,GKL,FOCUS SEGMENT,Standard,1
2025,12,MERCEDES,22,Huesca,Corporate,ICE,MKL,FOCUS SEGMENT,Standard,1
2025,12,MERCEDES,22,Huesca,Corporate,ICE,UKL2,FOCUS SEGMENT,Standard,3
2025,12,MERCEDES,22,Huesca,Corporate,PHEV,KKL,FOCUS SEGMENT,Standard,1
2025,12,MERCEDES,22,Huesca,Private,BEV,UKL2,FOCUS SEGMENT,Standard,1
2025,12,MERCEDES,22,Huesca,Private,ICE,KKL,FOCUS SEGMENT,Standard,2
2025,12,MERCEDES,22,Huesca,Private,ICE,SKL,REST,Standard,1
2025,12,MERCEDES,22,Huesca,Private,ICE,UKL2,FOCUS SEGMENT,Standard,3
2025,12,MERCEDES,22,Huesca,Private,PHEV,KKL,FOCUS SEGMENT,Standard,2
2025,12,MG,22,Huesca,Corporate,ICE,UKL1,REST,Standard,1
2025,12,MG,22,Huesca,Private,ICE,UKL1,REST,Standard,8
2025,12,MG,22,Huesca,Private,PHEV,KKL,REST,Standard,2
2025,12,MINI,22,Huesca,Private,ICE,UKL2,FOCUS SEGMENT,Standard,1
2025,12,NISSAN,22,Huesca,Corporate,BEV,UKL1,REST,Standard,1
2025,12,NISSAN,22,Huesca,Corporate,ICE,KKL,REST,Standard,2
2025,12,NISSAN,22,Huesca,Corporate,ICE,UKL1,REST,Standard,3
2025,12,NISSAN,22,Huesca,Corporate,ICE,UKL2,REST,Standard,3
2025,12,NISSAN,22,Huesca,Private,BEV,UKL2,REST,Standard,1
2025,12,NISSAN,22,Huesca,Private,ICE,SKL,REST,Standard,2
2025,12,NISSAN,22,Huesca,Private,ICE,UKL2,REST,Standard,3
2025,12,OMODA,22,Huesca,Corporate,ICE,UKL2,REST,Standard,2
2025,12,OMODA,22,Huesca,Private,ICE,UKL2,REST,Standard,5
2025,12,OMODA,22,Huesca,Private,PHEV,KKL,REST,Standard,1
2025,12,PEUGEOT,22,Huesca,Private,ICE,KKL,REST,Standard,1
2025,12,PEUGEOT,22,Huesca,Private,ICE,SKL,REST,Standard,1
2025,12,PEUGEOT,22,Huesca,Private,ICE,UKL1,REST,Standard,1
2025,12,PEUGEOT,22,Huesca,Private,ICE,UKL2,REST,Standard,1
2025,12,POLESTAR,22,Huesca,Private,BEV,KKL,FOCUS SEGMENT,Standard,1
2025,12,PORSCHE,22,Huesca,Corporate,PHEV,MKL,FOCUS SEGMENT,Standard,1
2025,12,RENAULT,22,Huesca,Corporate,ICE,SKL,REST,Standard,1
2025,12,RENAULT,22,Huesca,Corporate,ICE,UKL1,REST,Standard,10
2025,12,RENAULT,22,Huesca,Corporate,ICE,UKL2,REST,Standard,2
2025,12,RENAULT,22,Huesca,Private,BEV,UKL1,REST,Standard,1
2025,12,RENAULT,22,Huesca,Private,ICE,SKL,REST,Standard,2
2025,12,RENAULT,22,Huesca,Private,ICE,UKL1,REST,Standard,11
2025,12,RENAULT,22,Huesca,Private,ICE,UKL2,REST,Standard,1
2025,12,SEAT,22,Huesca,Corporate,ICE,UKL1,REST,Standard,3
2025,12,SEAT,22,Huesca,Corporate,ICE,UKL2,REST,Standard,2
2025,12,SEAT,22,Huesca,Corporate,PHEV,UKL2,REST,Standard,1
2025,12,SEAT,22,Huesca,Private,ICE,UKL1,REST,Standard,12
2025,12,SEAT,22,Huesca,Private,ICE,UKL2,REST,Standard,8
2025,12,SKODA,22,Huesca,Corporate,ICE,UKL2,REST,Standard,1
2025,12,SKODA,22,Huesca,Private,ICE,KKL,REST,Standard,1
2025,12,SKODA,22,Huesca,Private,ICE,UKL1,REST,Standard,2
2025,12,SKODA,22,Huesca,Private,ICE,UKL2,REST,Standard,3
2025,12,SUBARU,22,Huesca,Private,ICE,UKL2,REST,Standard,1
2025,12,SUZUKI,22,Huesca,RAC,ICE,UKL2,REST,Standard,2
2025,12,TESLA,22,Huesca,Private,BEV,KKL,FOCUS SEGMENT,Standard,2
2025,12,TOYOTA,22,Huesca,Corporate,ICE,GKL,REST,Standard,2
2025,12,TOYOTA,22,Huesca,Corporate,ICE,UKL1,REST,Standard,3
2025,12,TOYOTA,22,Huesca,Corporate,ICE,UKL2,REST,Standard,2
2025,12,TOYOTA,22,Huesca,Corporate,PHEV,UKL2,REST,Standard,1
2025,12,TOYOTA,22,Huesca,Private,ICE,UKL0,REST,Standard,1
2025,12,TOYOTA,22,Huesca,Private,ICE,UKL1,REST,Standard,6
2025,12,TOYOTA,22,Huesca,Private,ICE,UKL2,REST,Standard,7
2025,12,TOYOTA,22,Huesca,Private,PHEV,UKL2,REST,Standard,2
2025,12,VOLKSWAGEN,22,Huesca,Corporate,ICE,UKL2,REST,Standard,3
2025,12,VOLKSWAGEN,22,Huesca,Private,ICE,SKL,REST,Standard,2
2025,12,VOLKSWAGEN,22,Huesca,Private,ICE,UKL1,REST,Standard,2
2025,12,VOLKSWAGEN,22,Huesca,Private,ICE,UKL2,REST,Standard,3
2025,12,VOLKSWAGEN,22,Huesca,Private,PHEV,SKL,REST,Standard,1
2025,12,VOLKSWAGEN,22,Huesca,Private,PHEV,UKL2,REST,Standard,7
2025,12,VOLVO,22,Huesca,Corporate,ICE,KKL,FOCUS SEGMENT,Standard,1
2025,12,VOLVO,22,Huesca,Private,ICE,KKL,FOCUS SEGMENT,Standard,2
2025,12,VOLVO,22,Huesca,Private,ICE,UKL2,FOCUS SEGMENT,Standard,2
2025,12,ALPINE,23,Jaén,Corporate,BEV,UKL1,REST,Standard,1
2025,12,AUDI,23,Jaén,Corporate,ICE,KKL,FOCUS SEGMENT,Standard,3
2025,12,AUDI,23,Jaén,Corporate,ICE,UKL1,FOCUS SEGMENT,Standard,2
2025,12,AUDI,23,Jaén,Corporate,ICE,UKL2,FOCUS SEGMENT,Standard,2
2025,12,AUDI,23,Jaén,Corporate,PHEV,KKL,FOCUS SEGMENT,Standard,1
2025,12,AUDI,23,Jaén,Corporate,PHEV,MKL,FOCUS SEGMENT,Standard,1
2025,12,AUDI,23,Jaén,Private,ICE,KKL,FOCUS SEGMENT,Standard,2
2025,12,AUDI,23,Jaén,Private,ICE,UKL1,FOCUS SEGMENT,Standard,2
2025,12,AUDI,23,Jaén,Private,ICE,UKL2,FOCUS SEGMENT,Standard,5
2025,12,BMW,23,Jaén,Private,BEV,UKL2,FOCUS SEGMENT,Standard,1
2025,12,BMW,23,Jaén,Private,ICE,MKL,FOCUS SEGMENT,Standard,1
2025,12,BMW,23,Jaén,Private,ICE,UKL2,FOCUS SEGMENT,Standard,9
2025,12,BYD,23,Jaén,Corporate,BEV,KKL,REST,Standard,1
2025,12,BYD,23,Jaén,Corporate,BEV,UKL0,REST,Standard,1
2025,12,BYD,23,Jaén,Corporate,PHEV,KKL,REST,Standard,1
2025,12,BYD,23,Jaén,Private,BEV,KKL,REST,Standard,3
2025,12,BYD,23,Jaén,Private,BEV,UKL0,REST,Standard,9
2025,12,BYD,23,Jaén,Private,BEV,UKL1,REST,Standard,5
2025,12,BYD,23,Jaén,Private,BEV,UKL2,REST,Standard,5
2025,12,BYD,23,Jaén,Private,PHEV,KKL,REST,Standard,8
2025,12,CITROEN,23,Jaén,Corporate,ICE,UKL1,REST,Standard,5
2025,12,CITROEN,23,Jaén,Corporate,ICE,UKL2,REST,Standard,1
2025,12,CITROEN,23,Jaén,Private,ICE,UKL1,REST,Standard,2
2025,12,CITROEN,23,Jaén,Private,ICE,UKL2,REST,Standard,3
2025,12,CUPRA,23,Jaén,Private,ICE,UKL2,REST,Standard,3
2025,12,CUPRA,23,Jaén,Private,PHEV,UKL2,REST,Standard,1
2025,12,DACIA,23,Jaén,Corporate,ICE,SKL,REST,Standard,3
2025,12,DACIA,23,Jaén,Private,ICE,SKL,REST,Standard,8
2025,12,DACIA,23,Jaén,Private,ICE,UKL1,REST,Standard,21
2025,12,DACIA,23,Jaén,Private,ICE,UKL2,REST,Standard,7
2025,12,EBRO,23,Jaén,Corporate,PHEV,UKL2,REST,Standard,1
2025,12,EBRO,23,Jaén,Private,ICE,UKL2,REST,Standard,8
2025,12,EBRO,23,Jaén,Private,PHEV,UKL2,REST,Standard,5
2025,12,EVO,23,Jaén,Corporate,ICE,UKL2,REST,Standard,1
2025,12,EVO,23,Jaén,Private,ICE,UKL2,REST,Standard,3
2025,12,FAW,23,Jaén,Private,ICE,UKL2,REST,Standard,1
2025,12,FIAT,23,Jaén,Private,ICE,UKL1,REST,Standard,2
2025,12,FORD,23,Jaén,Private,BEV,SKL,REST,Standard,1
2025,12,FORD,23,Jaén,Private,ICE,SKL,REST,Standard,1
2025,12,FORD,23,Jaén,Private,ICE,UKL1,REST,Standard,3
2025,12,FORD,23,Jaén,Private,ICE,UKL2,REST,Standard,1
2025,12,FORD,23,Jaén,Private,PHEV,UKL2,REST,Standard,1
2025,12,HONDA,23,Jaén,Private,ICE,UKL2,REST,Standard,2
2025,12,HYUNDAI,23,Jaén,Corporate,ICE,UKL0,REST,Standard,1
2025,12,HYUNDAI,23,Jaén,Corporate,ICE,UKL2,REST,Standard,1
2025,12,HYUNDAI,23,Jaén,Private,ICE,UKL1,REST,Standard,15
2025,12,HYUNDAI,23,Jaén,Private,ICE,UKL2,REST,Standard,17
2025,12,HYUNDAI,23,Jaén,Private,PHEV,MKL,REST,Standard,1
2025,12,HYUNDAI,23,Jaén,Private,PHEV,UKL2,REST,Standard,2
2025,12,JAECOO,23,Jaén,Private,ICE,UKL2,REST,Standard,8
2025,12,JAECOO,23,Jaén,Private,PHEV,UKL2,REST,Standard,1
2025,12,JEEP,23,Jaén,Private,ICE,UKL1,REST,Standard,1
2025,12,JEEP,23,Jaén,Private,PHEV,UKL1,REST,Standard,1
2025,12,KG MOBILITY,23,Jaén,Private,ICE,MKL,REST,Standard,1
2025,12,KIA,23,Jaén,Corporate,BEV,UKL1,REST,Standard,1
2025,12,KIA,23,Jaén,Corporate,ICE,UKL0,REST,Standard,2
2025,12,KIA,23,Jaén,Corporate,ICE,UKL1,REST,Standard,1
2025,12,KIA,23,Jaén,Corporate,ICE,UKL2,REST,Standard,1
2025,12,KIA,23,Jaén,Private,BEV,UKL1,REST,Standard,1
2025,12,KIA,23,Jaén,Private,BEV,UKL2,REST,Standard,2
2025,12,KIA,23,Jaén,Private,ICE,UKL1,REST,Standard,8
2025,12,KIA,23,Jaén,Private,ICE,UKL2,REST,Standard,14
2025,12,LEAPMOTOR,23,Jaén,Corporate,BEV,MKL,REST,Standard,1
2025,12,LEAPMOTOR,23,Jaén,Private,BEV,UKL0,REST,Standard,2
2025,12,LEAPMOTOR,23,Jaén,Private,BEV,UKL2,REST,Standard,1
2025,12,LEXUS,23,Jaén,Private,PHEV,KKL,FOCUS SEGMENT,Standard,2
2025,12,MAZDA,23,Jaén,Corporate,ICE,KKL,REST,Standard,1
2025,12,MAZDA,23,Jaén,Corporate,ICE,UKL1,REST,Standard,1
2025,12,MAZDA,23,Jaén,Private,ICE,UKL2,REST,Standard,12
2025,12,MERCEDES,23,Jaén,Corporate,BEV,UKL2,FOCUS SEGMENT,Standard,1
2025,12,MERCEDES,23,Jaén,Corporate,ICE,KKL,FOCUS SEGMENT,Standard,1
2025,12,MERCEDES,23,Jaén,Corporate,ICE,MKL,FOCUS SEGMENT,Standard,1
2025,12,MERCEDES,23,Jaén,Corporate,ICE,SKL,REST,Standard,1
2025,12,MERCEDES,23,Jaén,Corporate,PHEV,KKL,FOCUS SEGMENT,Standard,2
2025,12,MERCEDES,23,Jaén,Corporate,PHEV,MKL,FOCUS SEGMENT,Standard,2
2025,12,MERCEDES,23,Jaén,Private,ICE,KKL,FOCUS SEGMENT,Standard,3
2025,12,MERCEDES,23,Jaén,Private,ICE,UKL2,FOCUS SEGMENT,Standard,7
2025,12,MERCEDES,23,Jaén,Private,PHEV,KKL,FOCUS SEGMENT,Standard,2
2025,12,MERCEDES,23,Jaén,Private,PHEV,MKL,FOCUS SEGMENT,Standard,1
2025,12,MERCEDES,23,Jaén,Private,PHEV,UKL2,FOCUS SEGMENT,Standard,6
2025,12,MERCEDES,23,Jaén,RAC,ICE,MKL,REST,Standard,1
2025,12,MG,23,Jaén,Corporate,ICE,KKL,REST,Standard,1
2025,12,MG,23,Jaén,Corporate,ICE,UKL1,REST,Standard,1
2025,12,MG,23,Jaén,Corporate,PHEV,KKL,REST,Standard,1
2025,12,MG,23,Jaén,Private,BEV,UKL2,REST,Standard,1
2025,12,MG,23,Jaén,Private,ICE,KKL,REST,Standard,4
2025,12,MG,23,Jaén,Private,ICE,UKL1,REST,Standard,12
2025,12,MG,23,Jaén,Private,PHEV,KKL,REST,Standard,18
2025,12,MINI,23,Jaén,Corporate,BEV,UKL1,FOCUS SEGMENT,Standard,1
2025,12,MINI,23,Jaén,Corporate,ICE,UKL1,FOCUS SEGMENT,Standard,1
2025,12,MINI,23,Jaén,Corporate,ICE,UKL2,FOCUS SEGMENT,Standard,1
2025,12,MINI,23,Jaén,Private,BEV,UKL1,FOCUS SEGMENT,Standard,1
2025,12,MITSUBISHI,23,Jaén,Private,ICE,UKL1,REST,Standard,1
2025,12,MITSUBISHI,23,Jaén,Private,ICE,UKL2,REST,Standard,6
2025,12,NISSAN,23,Jaén,Private,ICE,KKL,REST,Standard,2
2025,12,NISSAN,23,Jaén,Private,ICE,UKL1,REST,Standard,1
2025,12,NISSAN,23,Jaén,Private,ICE,UKL2,REST,Standard,5
2025,12,OMODA,23,Jaén,Corporate,PHEV,KKL,REST,Standard,1
2025,12,OMODA,23,Jaén,Private,ICE,UKL2,REST,Standard,5
2025,12,OMODA,23,Jaén,Private,PHEV,KKL,REST,Standard,2
2025,12,OPEL,23,Jaén,Private,ICE,KKL,REST,Standard,1
2025,12,OPEL,23,Jaén,Private,ICE,UKL1,REST,Standard,2
2025,12,PEUGEOT,23,Jaén,Corporate,ICE,UKL2,REST,Standard,5
2025,12,PEUGEOT,23,Jaén,Private,ICE,SKL,REST,Standard,1
2025,12,PEUGEOT,23,Jaén,Private,ICE,UKL1,REST,Standard,2
2025,12,PEUGEOT,23,Jaén,Private,ICE,UKL2,REST,Standard,1
2025,12,PEUGEOT,23,Jaén,Private,PHEV,UKL2,REST,Standard,1
2025,12,RENAULT,23,Jaén,Corporate,ICE,UKL1,REST,Standard,8
2025,12,RENAULT,23,Jaén,Corporate,ICE,UKL2,REST,Standard,1
2025,12,RENAULT,23,Jaén,Private,ICE,KKL,REST,Standard,3
2025,12,RENAULT,23,Jaén,Private,ICE,UKL1,REST,Standard,18
2025,12,RENAULT,23,Jaén,Private,ICE,UKL2,REST,Standard,13
2025,12,RENAULT,23,Jaén,Private,PHEV,UKL2,REST,Standard,1
2025,12,SEAT,23,Jaén,Private,ICE,UKL1,REST,Standard,16
2025,12,SEAT,23,Jaén,Private,ICE,UKL2,REST,Standard,7
2025,12,SKODA,23,Jaén,Corporate,ICE,UKL2,REST,Standard,1
2025,12,SKODA,23,Jaén,Private,ICE,UKL1,REST,Standard,5
2025,12,SKODA,23,Jaén,Private,ICE,UKL2,REST,Standard,4
2025,12,TESLA,23,Jaén,Corporate,BEV,KKL,FOCUS SEGMENT,Standard,1
2025,12,TESLA,23,Jaén,Private,BEV,KKL,FOCUS SEGMENT,Standard,13
2025,12,TOYOTA,23,Jaén,Corporate,BEV,UKL2,REST,Standard,1
2025,12,TOYOTA,23,Jaén,Corporate,ICE,UKL1,REST,Standard,2
2025,12,TOYOTA,23,Jaén,Corporate,ICE,UKL2,REST,Standard,1
2025,12,TOYOTA,23,Jaén,Private,ICE,UKL1,REST,Standard,23
2025,12,TOYOTA,23,Jaén,Private,ICE,UKL2,REST,Standard,11
2025,12,TOYOTA,23,Jaén,Private,PHEV,UKL2,REST,Standard,6
2025,12,VOLKSWAGEN,23,Jaén,Private,ICE,UKL1,REST,Standard,5
2025,12,VOLKSWAGEN,23,Jaén,Private,ICE,UKL2,REST,Standard,15
2025,12,VOLKSWAGEN,23,Jaén,Private,PHEV,UKL2,REST,Standard,1
2025,12,VOLVO,23,Jaén,Corporate,ICE,UKL2,FOCUS SEGMENT,Standard,17
2025,12,VOLVO,23,Jaén,Private,BEV,UKL1,FOCUS SEGMENT,Standard,1
2025,12,VOLVO,23,Jaén,Private,ICE,KKL,FOCUS SEGMENT,Standard,1
2025,12,VOLVO,23,Jaén,Private,ICE,UKL2,FOCUS SEGMENT,Standard,5
2025,12,VOYAH,23,Jaén,Corporate,BEV,MKL,REST,Standard,1
2025,12,XPENG,23,Jaén,Private,BEV,KKL,FOCUS SEGMENT,Standard,1
2025,12,ALPINE,24,León,Corporate,ICE,KKL,REST,Standard,1
2025,12,AUDI,24,León,Corporate,ICE,UKL1,FOCUS SEGMENT,Standard,3
2025,12,AUDI,24,León,Corporate,ICE,UKL2,FOCUS SEGMENT,Standard,4
2025,12,AUDI,24,León,Private,BEV,KKL,FOCUS SEGMENT,Standard,1
2025,12,AUDI,24,León,Private,BEV,UKL2,FOCUS SEGMENT,Standard,1
2025,12,AUDI,24,León,Private,ICE,KKL,FOCUS SEGMENT,Standard,1
2025,12,AUDI,24,León,Private,ICE,UKL1,FOCUS SEGMENT,Standard,2
2025,12,AUDI,24,León,Private,ICE,UKL2,FOCUS SEGMENT,Standard,7
2025,12,AUDI,24,León,Private,PHEV,KKL,FOCUS SEGMENT,Standard,3
2025,12,AUDI,24,León,Private,PHEV,UKL2,FOCUS SEGMENT,Standard,1
2025,12,BMW,24,León,Corporate,BEV,UKL2,FOCUS SEGMENT,Standard,2
2025,12,BMW,24,León,Corporate,ICE,KKL,FOCUS SEGMENT,Standard,1
2025,12,BMW,24,León,Private,BEV,KKL,FOCUS SEGMENT,Standard,1
2025,12,BMW,24,León,Private,ICE,MKL,FOCUS SEGMENT,Standard,1
2025,12,BMW,24,León,Private,ICE,UKL2,FOCUS SEGMENT,Standard,4
2025,12,BYD,24,León,Corporate,BEV,KKL,REST,Standard,1
2025,12,BYD,24,León,Private,BEV,KKL,REST,Standard,3
2025,12,BYD,24,León,Private,BEV,UKL0,REST,Standard,4
2025,12,BYD,24,León,Private,BEV,UKL1,REST,Standard,5
2025,12,BYD,24,León,Private,PHEV,KKL,REST,Standard,3
2025,12,CITROEN,24,León,Corporate,ICE,UKL2,REST,Standard,15
2025,12,CITROEN,24,León,Private,BEV,UKL2,REST,Standard,1
2025,12,CITROEN,24,León,Private,ICE,UKL1,REST,Standard,4
2025,12,CITROEN,24,León,Private,ICE,UKL2,REST,Standard,1
2025,12,CITROEN,24,León,RAC,BEV,UKL2,REST,Standard,1
2025,12,CUPRA,24,León,Corporate,BEV,UKL2,REST,Standard,1
2025,12,CUPRA,24,León,Corporate,ICE,UKL2,REST,Standard,4
2025,12,CUPRA,24,León,Corporate,PHEV,UKL2,REST,Standard,4
2025,12,CUPRA,24,León,Private,ICE,UKL2,REST,Standard,1
2025,12,DACIA,24,León,Private,ICE,SKL,REST,Standard,6
2025,12,DACIA,24,León,Private,ICE,UKL1,REST,Standard,17
2025,12,DACIA,24,León,Private,ICE,UKL2,REST,Standard,8
2025,12,EBRO,24,León,Corporate,PHEV,KKL,REST,Standard,1
2025,12,EBRO,24,León,Corporate,PHEV,UKL2,REST,Standard,1
2025,12,EBRO,24,León,Private,ICE,KKL,REST,Standard,1
2025,12,EBRO,24,León,Private,ICE,UKL2,REST,Standard,8
2025,12,EBRO,24,León,Private,PHEV,KKL,REST,Standard,2
2025,12,EBRO,24,León,Private,PHEV,UKL2,REST,Standard,8
2025,12,EVO,24,León,Corporate,ICE,UKL2,REST,Standard,1
2025,12,EVO,24,León,Private,ICE,UKL1,REST,Standard,1
2025,12,EVO,24,León,Private,ICE,UKL2,REST,Standard,3
2025,12,FORD,24,León,Corporate,BEV,UKL1,REST,Standard,1
2025,12,FORD,24,León,Corporate,ICE,UKL1,REST,Standard,2
2025,12,FORD,24,León,Corporate,ICE,UKL2,REST,Standard,2
2025,12,FORD,24,León,Corporate,PHEV,UKL2,REST,Standard,1
2025,12,FORD,24,León,Private,ICE,UKL1,REST,Standard,3
2025,12,FORD,24,León,Private,ICE,UKL2,REST,Standard,3
2025,12,FORD,24,León,Private,PHEV,SKL,REST,Standard,1
2025,12,FORD,24,León,Private,PHEV,UKL2,REST,Standard,4
2025,12,HYUNDAI,24,León,Corporate,BEV,MKL,REST,Standard,1
2025,12,HYUNDAI,24,León,Corporate,ICE,UKL0,REST,Standard,1
2025,12,HYUNDAI,24,León,Corporate,ICE,UKL1,REST,Standard,4
2025,12,HYUNDAI,24,León,Corporate,ICE,UKL2,REST,Standard,4
2025,12,HYUNDAI,24,León,Private,BEV,UKL2,REST,Standard,2
2025,12,HYUNDAI,24,León,Private,ICE,UKL1,REST,Standard,10
2025,12,HYUNDAI,24,León,Private,ICE,UKL2,REST,Standard,7
2025,12,HYUNDAI,24,León,Private,PHEV,UKL2,REST,Standard,5
2025,12,JAECOO,24,León,Private,ICE,UKL2,REST,Standard,6
2025,12,JAECOO,24,León,Private,PHEV,UKL2,REST,Standard,4
2025,12,JEEP,24,León,Private,ICE,UKL1,REST,Standard,2
2025,12,KG MOBILITY,24,León,Private,ICE,UKL2,REST,Standard,1
2025,12,KIA,24,León,Corporate,BEV,SKL,REST,Standard,1
2025,12,KIA,24,León,Corporate,BEV,UKL2,REST,Standard,1
2025,12,KIA,24,León,Corporate,ICE,UKL2,REST,Standard,1
2025,12,KIA,24,León,Private,BEV,UKL2,REST,Standard,1
2025,12,KIA,24,León,Private,ICE,UKL1,REST,Standard,5
2025,12,KIA,24,León,Private,ICE,UKL2,REST,Standard,20
2025,12,LEAPMOTOR,24,León,Private,BEV,UKL0,REST,Standard,1
2025,12,LEXUS,24,León,Corporate,PHEV,KKL,FOCUS SEGMENT,Standard,1
2025,12,LEXUS,24,León,Private,ICE,KKL,FOCUS SEGMENT,Standard,1
2025,12,LEXUS,24,León,Private,ICE,MKL,FOCUS SEGMENT,Standard,1
2025,12,LEXUS,24,León,Private,PHEV,KKL,FOCUS SEGMENT,Standard,6
2025,12,MAZDA,24,León,Corporate,ICE,UKL1,REST,Standard,1
2025,12,MAZDA,24,León,Corporate,PHEV,KKL,REST,Standard,1
2025,12,MAZDA,24,León,Private,ICE,KKL,REST,Standard,1
2025,12,MAZDA,24,León,Private,ICE,UKL1,REST,Standard,1
2025,12,MAZDA,24,León,Private,ICE,UKL2,REST,Standard,8
2025,12,MAZDA,24,León,Private,PHEV,KKL,REST,Standard,1
2025,12,MERCEDES,24,León,Corporate,ICE,KKL,FOCUS SEGMENT,Standard,1
2025,12,MERCEDES,24,León,Corporate,ICE,MKL,FOCUS SEGMENT,Standard,1
2025,12,MERCEDES,24,León,Corporate,ICE,UKL2,FOCUS SEGMENT,Standard,1
2025,12,MERCEDES,24,León,Corporate,PHEV,KKL,FOCUS SEGMENT,Standard,1
2025,12,MERCEDES,24,León,Corporate,PHEV,MKL,FOCUS SEGMENT,Standard,2
2025,12,MERCEDES,24,León,Private,BEV,UKL2,FOCUS SEGMENT,Standard,2
2025,12,MERCEDES,24,León,Private,ICE,KKL,FOCUS SEGMENT,Standard,1
2025,12,MERCEDES,24,León,Private,ICE,MKL,FOCUS SEGMENT,Standard,1
2025,12,MERCEDES,24,León,Private,ICE,UKL2,FOCUS SEGMENT,Standard,3
2025,12,MERCEDES,24,León,Private,PHEV,KKL,FOCUS SEGMENT,Standard,1
2025,12,MERCEDES,24,León,Private,PHEV,UKL2,FOCUS SEGMENT,Standard,1
2025,12,MG,24,León,Corporate,ICE,UKL1,REST,Standard,2
2025,12,MG,24,León,Private,ICE,UKL1,REST,Standard,19
2025,12,MG,24,León,Private,PHEV,KKL,REST,Standard,7
2025,12,MINI,24,León,Corporate,ICE,UKL2,FOCUS SEGMENT,Standard,1
2025,12,MITSUBISHI,24,León,Corporate,ICE,UKL2,REST,Standard,3
2025,12,NISSAN,24,León,Corporate,ICE,KKL,REST,Standard,1
2025,12,NISSAN,24,León,Corporate,ICE,UKL1,REST,Standard,4
2025,12,NISSAN,24,León,Private,ICE,UKL1,REST,Standard,5
2025,12,NISSAN,24,León,Private,ICE,UKL2,REST,Standard,6
2025,12,OMODA,24,León,Corporate,ICE,UKL2,REST,Standard,2
2025,12,OMODA,24,León,Corporate,PHEV,KKL,REST,Standard,2
2025,12,OMODA,24,León,Private,ICE,UKL2,REST,Standard,16
2025,12,OMODA,24,León,Private,PHEV,KKL,REST,Standard,12
2025,12,OPEL,24,León,Corporate,ICE,UKL1,REST,Standard,1
2025,12,OPEL,24,León,Private,ICE,KKL,REST,Standard,1
2025,12,OPEL,24,León,Private,ICE,UKL1,REST,Standard,1
2025,12,PEUGEOT,24,León,Corporate,ICE,SKL,REST,Standard,4
2025,12,PEUGEOT,24,León,Corporate,ICE,UKL1,REST,Standard,9
2025,12,PEUGEOT,24,León,Corporate,ICE,UKL2,REST,Standard,4
2025,12,PEUGEOT,24,León,Private,ICE,UKL2,REST,Standard,2
2025,12,RENAULT,24,León,Corporate,BEV,UKL1,REST,Standard,1
2025,12,RENAULT,24,León,Corporate,ICE,KKL,REST,Standard,1
2025,12,RENAULT,24,León,Corporate,ICE,SKL,REST,Standard,1
2025,12,RENAULT,24,León,Corporate,ICE,UKL1,REST,Standard,6
2025,12,RENAULT,24,León,Corporate,ICE,UKL2,REST,Standard,1
2025,12,RENAULT,24,León,Private,BEV,UKL1,REST,Standard,4
2025,12,RENAULT,24,León,Private,ICE,KKL,REST,Standard,2
2025,12,RENAULT,24,León,Private,ICE,SKL,REST,Standard,1
2025,12,RENAULT,24,León,Private,ICE,UKL1,REST,Standard,28
2025,12,RENAULT,24,León,Private,ICE,UKL2,REST,Standard,6
2025,12,RENAULT,24,León,Private,PHEV,UKL2,REST,Standard,3
2025,12,SEAT,24,León,Corporate,ICE,UKL1,REST,Standard,6
2025,12,SEAT,24,León,Corporate,ICE,UKL2,REST,Standard,4
2025,12,SEAT,24,León,Corporate,PHEV,UKL2,REST,Standard,5
2025,12,SEAT,24,León,Private,ICE,UKL1,REST,Standard,9
2025,12,SEAT,24,León,Private,ICE,UKL2,REST,Standard,5
2025,12,SKODA,24,León,Corporate,BEV,UKL2,REST,Standard,1
2025,12,SKODA,24,León,Private,ICE,UKL1,REST,Standard,5
2025,12,SKODA,24,León,Private,ICE,UKL2,REST,Standard,5
2025,12,SUBARU,24,León,Private,ICE,UKL2,REST,Standard,1
2025,12,SUZUKI,24,León,Corporate,ICE,UKL1,REST,Standard,2
2025,12,SUZUKI,24,León,Corporate,ICE,UKL2,REST,Standard,1
2025,12,SUZUKI,24,León,Private,ICE,UKL1,REST,Standard,2
2025,12,SUZUKI,24,León,Private,ICE,UKL2,REST,Standard,4
2025,12,TESLA,24,León,Private,BEV,KKL,FOCUS SEGMENT,Standard,10
2025,12,TOYOTA,24,León,Corporate,BEV,UKL2,REST,Standard,1
2025,12,TOYOTA,24,León,Corporate,ICE,UKL1,REST,Standard,2
2025,12,TOYOTA,24,León,Corporate,ICE,UKL2,REST,Standard,3
2025,12,TOYOTA,24,León,Private,ICE,SKL,REST,Standard,3
2025,12,TOYOTA,24,León,Private,ICE,UKL1,REST,Standard,18
2025,12,TOYOTA,24,León,Private,ICE,UKL2,REST,Standard,12
2025,12,TOYOTA,24,León,Private,PHEV,UKL1,REST,Standard,9
2025,12,TOYOTA,24,León,Private,PHEV,UKL2,REST,Standard,4
2025,12,VOLKSWAGEN,24,León,Corporate,ICE,UKL1,REST,Standard,5
2025,12,VOLKSWAGEN,24,León,Corporate,ICE,UKL2,REST,Standard,1
2025,12,VOLKSWAGEN,24,León,Corporate,PHEV,SKL,REST,Standard,1
2025,12,VOLKSWAGEN,24,León,Private,BEV,UKL2,REST,Standard,1
2025,12,VOLKSWAGEN,24,León,Private,ICE,SKL,REST,Standard,2
2025,12,VOLKSWAGEN,24,León,Private,ICE,UKL1,REST,Standard,10
2025,12,VOLKSWAGEN,24,León,Private,ICE,UKL2,REST,Standard,28
2025,12,VOLKSWAGEN,24,León,Private,PHEV,UKL2,REST,Standard,1
2025,12,VOLVO,24,León,Corporate,ICE,KKL,FOCUS SEGMENT,Standard,6
2025,12,VOLVO,24,León,Corporate,ICE,UKL2,FOCUS SEGMENT,Standard,6
2025,12,VOLVO,24,León,Private,BEV,UKL1,FOCUS SEGMENT,Standard,1
2025,12,VOLVO,24,León,Private,ICE,KKL,FOCUS SEGMENT,Standard,1
2025,12,VOLVO,24,León,Private,PHEV,KKL,FOCUS SEGMENT,Standard,2
2025,12,XPENG,24,León,Private,BEV,KKL,FOCUS SEGMENT,Standard,1
2025,12,ALFA ROMEO,25,Lleida,Private,ICE,UKL1,REST,Standard,1
2025,12,AUDI,25,Lleida,Corporate,BEV,KKL,FOCUS SEGMENT,M Performance,1
2025,12,AUDI,25,Lleida,Corporate,BEV,UKL2,FOCUS SEGMENT,Standard,2
2025,12,AUDI,25,Lleida,Corporate,ICE,KKL,FOCUS SEGMENT,Standard,1
2025,12,AUDI,25,Lleida,Corporate,ICE,UKL2,FOCUS SEGMENT,M Performance,1
2025,12,AUDI,25,Lleida,Corporate,ICE,UKL2,FOCUS SEGMENT,Standard,3
2025,12,AUDI,25,Lleida,Corporate,PHEV,KKL,FOCUS SEGMENT,Standard,4
2025,12,AUDI,25,Lleida,Corporate,PHEV,MKL,FOCUS SEGMENT,Standard,1
2025,12,AUDI,25,Lleida,Corporate,PHEV,UKL2,FOCUS SEGMENT,Standard,1
2025,12,AUDI,25,Lleida,Private,BEV,UKL2,FOCUS SEGMENT,Standard,1
2025,12,AUDI,25,Lleida,Private,ICE,UKL2,FOCUS SEGMENT,M,2
2025,12,AUDI,25,Lleida,Private,ICE,UKL2,FOCUS SEGMENT,Standard,4
2025,12,AUDI,25,Lleida,Private,PHEV,UKL2,FOCUS SEGMENT,Standard,1
2025,12,BMW,25,Lleida,Corporate,BEV,UKL2,FOCUS SEGMENT,Standard,2
2025,12,BMW,25,Lleida,Corporate,ICE,UKL2,FOCUS SEGMENT,Standard,3
2025,12,BMW,25,Lleida,Corporate,PHEV,KKL,FOCUS SEGMENT,Standard,1
2025,12,BMW,25,Lleida,Private,BEV,UKL2,FOCUS SEGMENT,Standard,4
2025,12,BMW,25,Lleida,Private,ICE,KKL,FOCUS SEGMENT,Standard,3
2025,12,BMW,25,Lleida,Private,ICE,UKL2,FOCUS SEGMENT,Standard,15
2025,12,BMW,25,Lleida,Private,PHEV,KKL,FOCUS SEGMENT,Standard,1
2025,12,BYD,25,Lleida,Corporate,BEV,KKL,REST,Standard,4
2025,12,BYD,25,Lleida,Corporate,BEV,UKL0,REST,Standard,1
2025,12,BYD,25,Lleida,Corporate,BEV,UKL1,REST,Standard,2
2025,12,BYD,25,Lleida,Corporate,BEV,UKL2,REST,Standard,1
2025,12,BYD,25,Lleida,Corporate,PHEV,KKL,REST,Standard,2
2025,12,BYD,25,Lleida,Private,BEV,UKL0,REST,Standard,1
2025,12,BYD,25,Lleida,Private,BEV,UKL1,REST,Standard,2
2025,12,BYD,25,Lleida,Private,PHEV,KKL,REST,Standard,2
2025,12,CITROEN,25,Lleida,Corporate,ICE,UKL2,REST,Standard,2
2025,12,CITROEN,25,Lleida,Private,ICE,MKL,REST,Standard,1
2025,12,CITROEN,25,Lleida,Private,ICE,UKL1,REST,Standard,4
2025,12,CITROEN,25,Lleida,Private,ICE,UKL2,REST,Standard,3
2025,12,CUPRA,25,Lleida,Corporate,ICE,UKL2,REST,Standard,3
2025,12,CUPRA,25,Lleida,Corporate,PHEV,UKL2,REST,Standard,4
2025,12,CUPRA,25,Lleida,Private,BEV,UKL2,REST,Standard,1
2025,12,CUPRA,25,Lleida,Private,ICE,UKL2,REST,Standard,4
2025,12,CUPRA,25,Lleida,Private,PHEV,UKL2,REST,Standard,3
2025,12,DACIA,25,Lleida,Corporate,ICE,SKL,REST,Standard,6
2025,12,DACIA,25,Lleida,Corporate,ICE,UKL1,REST,Standard,3
2025,12,DACIA,25,Lleida,Private,BEV,UKL0,REST,Standard,2
2025,12,DACIA,25,Lleida,Private,ICE,SKL,REST,Standard,21
2025,12,DACIA,25,Lleida,Private,ICE,UKL1,REST,Standard,16
2025,12,DACIA,25,Lleida,Private,ICE,UKL2,REST,Standard,13
2025,12,EBRO,25,Lleida,Corporate,PHEV,UKL2,REST,Standard,1
2025,12,EBRO,25,Lleida,Private,ICE,KKL,REST,Standard,1
2025,12,EBRO,25,Lleida,Private,ICE,UKL2,REST,Standard,10
2025,12,EBRO,25,Lleida,Private,PHEV,KKL,REST,Standard,3
2025,12,EBRO,25,Lleida,Private,PHEV,UKL2,REST,Standard,9
2025,12,FIAT,25,Lleida,Private,ICE,UKL0,REST,Standard,1
2025,12,FORD,25,Lleida,Corporate,BEV,SKL,REST,Standard,2
2025,12,FORD,25,Lleida,Corporate,BEV,UKL1,REST,Standard,2
2025,12,FORD,25,Lleida,Corporate,ICE,SKL,REST,Standard,1
2025,12,FORD,25,Lleida,Corporate,PHEV,SKL,REST,Standard,1
2025,12,FORD,25,Lleida,Private,BEV,UKL1,REST,Standard,1
2025,12,FORD,25,Lleida,Private,ICE,UKL1,REST,Standard,1
2025,12,FORD,25,Lleida,Private,PHEV,UKL2,REST,Standard,7
2025,12,HONDA,25,Lleida,Private,ICE,UKL2,REST,Standard,1
2025,12,HYUNDAI,25,Lleida,Corporate,ICE,UKL0,REST,Standard,2
2025,12,HYUNDAI,25,Lleida,Corporate,ICE,UKL1,REST,Standard,16
2025,12,HYUNDAI,25,Lleida,Corporate,ICE,UKL2,REST,Standard,10
2025,12,HYUNDAI,25,Lleida,Corporate,PHEV,UKL2,REST,Standard,3
2025,12,HYUNDAI,25,Lleida,Private,BEV,UKL1,REST,Standard,6
2025,12,HYUNDAI,25,Lleida,Private,BEV,UKL2,REST,Standard,1
2025,12,HYUNDAI,25,Lleida,Private,ICE,MKL,REST,Standard,1
2025,12,HYUNDAI,25,Lleida,Private,ICE,UKL1,REST,Standard,14
2025,12,HYUNDAI,25,Lleida,Private,ICE,UKL2,REST,Standard,4
2025,12,HYUNDAI,25,Lleida,Private,PHEV,UKL2,REST,Standard,3
2025,12,JAECOO,25,Lleida,Corporate,BEV,UKL1,REST,Standard,1
2025,12,JAECOO,25,Lleida,Corporate,ICE,UKL2,REST,Standard,1
2025,12,JAECOO,25,Lleida,Corporate,PHEV,UKL2,REST,Standard,4
2025,12,JAECOO,25,Lleida,Private,BEV,UKL1,REST,Standard,1
2025,12,JAECOO,25,Lleida,Private,ICE,UKL2,REST,Standard,2
2025,12,JAECOO,25,Lleida,Private,PHEV,UKL2,REST,Standard,5
2025,12,JEEP,25,Lleida,Corporate,ICE,UKL1,REST,Standard,1
2025,12,JEEP,25,Lleida,Private,ICE,UKL1,REST,Standard,3
2025,12,JEEP,25,Lleida,Private,ICE,UKL2,REST,Standard,1
2025,12,JEEP,25,Lleida,Private,PHEV,UKL2,REST,Standard,1
2025,12,KIA,25,Lleida,Corporate,BEV,SKL,REST,Standard,1
2025,12,KIA,25,Lleida,Corporate,BEV,UKL1,REST,Standard,1
2025,12,KIA,25,Lleida,Corporate,ICE,UKL1,REST,Standard,4
2025,12,KIA,25,Lleida,Corporate,ICE,UKL2,REST,Standard,4
2025,12,KIA,25,Lleida,Private,BEV,UKL1,REST,Standard,3
2025,12,KIA,25,Lleida,Private,BEV,UKL2,REST,Standard,5
2025,12,KIA,25,Lleida,Private,ICE,UKL1,REST,Standard,6
2025,12,KIA,25,Lleida,Private,ICE,UKL2,REST,Standard,13
2025,12,LAND ROVER,25,Lleida,Corporate,PHEV,MKL,FOCUS SEGMENT,Standard,1
2025,12,LAND ROVER,25,Lleida,Private,PHEV,MKL,FOCUS SEGMENT,Standard,1
2025,12,LEAPMOTOR,25,Lleida,Corporate,BEV,UKL0,REST,Standard,1
2025,12,LEAPMOTOR,25,Lleida,Corporate,BEV,UKL2,REST,Standard,3
2025,12,LEAPMOTOR,25,Lleida,Private,BEV,UKL2,REST,Standard,1
2025,12,LEXUS,25,Lleida,Private,ICE,KKL,FOCUS SEGMENT,Standard,1
2025,12,LEXUS,25,Lleida,Private,ICE,UKL1,FOCUS SEGMENT,Standard,1
2025,12,LYNK & CO,25,Lleida,Corporate,BEV,UKL2,REST,Standard,1
2025,12,LYNK & CO,25,Lleida,Private,PHEV,UKL2,REST,Standard,2
2025,12,MAZDA,25,Lleida,Corporate,ICE,KKL,REST,Standard,2
2025,12,MAZDA,25,Lleida,Corporate,ICE,UKL1,REST,Standard,1
2025,12,MAZDA,25,Lleida,Corporate,ICE,UKL2,REST,Standard,4
2025,12,MAZDA,25,Lleida,Corporate,PHEV,KKL,REST,Standard,1
2025,12,MAZDA,25,Lleida,Private,BEV,MKL,REST,Standard,1
2025,12,MAZDA,25,Lleida,Private,ICE,UKL2,REST,Standard,3
2025,12,MAZDA,25,Lleida,Private,PHEV,KKL,REST,Standard,1
2025,12,MERCEDES,25,Lleida,Corporate,BEV,UKL2,FOCUS SEGMENT,Standard,2
2025,12,MERCEDES,25,Lleida,Corporate,ICE,KKL,FOCUS SEGMENT,Standard,2
2025,12,MERCEDES,25,Lleida,Corporate,ICE,MKL,FOCUS SEGMENT,M Performance,1
2025,12,MERCEDES,25,Lleida,Corporate,ICE,MKL,REST,Standard,1
2025,12,MERCEDES,25,Lleida,Corporate,ICE,SKL,REST,Standard,6
2025,12,MERCEDES,25,Lleida,Corporate,PHEV,KKL,FOCUS SEGMENT,Standard,10
2025,12,MERCEDES,25,Lleida,Corporate,PHEV,MKL,FOCUS SEGMENT,Standard,2
2025,12,MERCEDES,25,Lleida,Corporate,PHEV,UKL2,FOCUS SEGMENT,Standard,2
2025,12,MERCEDES,25,Lleida,Private,ICE,KKL,FOCUS SEGMENT,Standard,2
2025,12,MERCEDES,25,Lleida,Private,ICE,MKL,REST,Standard,1
2025,12,MERCEDES,25,Lleida,Private,ICE,SKL,REST,Standard,1
2025,12,MERCEDES,25,Lleida,Private,ICE,UKL2,FOCUS SEGMENT,Standard,2
2025,12,MERCEDES,25,Lleida,Private,PHEV,UKL2,FOCUS SEGMENT,Standard,3
2025,12,MG,25,Lleida,Corporate,BEV,UKL1,REST,Standard,1
2025,12,MG,25,Lleida,Corporate,ICE,KKL,REST,Standard,1
2025,12,MG,25,Lleida,Corporate,ICE,UKL1,REST,Standard,2
2025,12,MG,25,Lleida,Corporate,PHEV,KKL,REST,Standard,1
2025,12,MG,25,Lleida,Private,ICE,UKL1,REST,Standard,10
2025,12,MG,25,Lleida,Private,PHEV,KKL,REST,Standard,5
2025,12,MINI,25,Lleida,Corporate,BEV,UKL1,FOCUS SEGMENT,Standard,1
2025,12,MINI,25,Lleida,Private,BEV,UKL1,FOCUS SEGMENT,Standard,2
2025,12,MINI,25,Lleida,Private,ICE,UKL2,FOCUS SEGMENT,Standard,2
2025,12,NISSAN,25,Lleida,Private,ICE,SKL,REST,Standard,2
2025,12,NISSAN,25,Lleida,Private,ICE,UKL2,REST,Standard,5
2025,12,OMODA,25,Lleida,Corporate,ICE,UKL2,REST,Standard,3
2025,12,OMODA,25,Lleida,Corporate,PHEV,KKL,REST,Standard,3
2025,12,OMODA,25,Lleida,Private,BEV,UKL2,REST,Standard,2
2025,12,OMODA,25,Lleida,Private,ICE,UKL2,REST,Standard,4
2025,12,OMODA,25,Lleida,Private,PHEV,KKL,REST,Standard,1
2025,12,OPEL,25,Lleida,Corporate,ICE,KKL,REST,Standard,5
2025,12,OPEL,25,Lleida,Corporate,ICE,UKL2,REST,Standard,2
2025,12,OPEL,25,Lleida,Private,ICE,UKL1,REST,Standard,7
2025,12,PEUGEOT,25,Lleida,Corporate,ICE,SKL,REST,Standard,1
2025,12,PEUGEOT,25,Lleida,Corporate,ICE,UKL1,REST,Standard,20
2025,12,PEUGEOT,25,Lleida,Corporate,ICE,UKL2,REST,Standard,2
2025,12,PEUGEOT,25,Lleida,Corporate,PHEV,UKL2,REST,Standard,1
2025,12,PEUGEOT,25,Lleida,Private,ICE,KKL,REST,Standard,1
2025,12,PEUGEOT,25,Lleida,Private,ICE,SKL,REST,Standard,2
2025,12,PEUGEOT,25,Lleida,Private,ICE,UKL1,REST,Standard,5
2025,12,PEUGEOT,25,Lleida,Private,ICE,UKL2,REST,Standard,4
2025,12,POLESTAR,25,Lleida,Private,BEV,KKL,FOCUS SEGMENT,Standard,1
2025,12,REHATRANS,25,Lleida,Corporate,ICE,SKL,REST,Standard,1
2025,12,RENAULT,25,Lleida,Corporate,ICE,UKL1,REST,Standard,13
2025,12,RENAULT,25,Lleida,Corporate,ICE,UKL2,REST,Standard,2
2025,12,RENAULT,25,Lleida,Corporate,PHEV,UKL2,REST,Standard,1
2025,12,RENAULT,25,Lleida,Private,BEV,UKL1,REST,Standard,1
2025,12,RENAULT,25,Lleida,Private,ICE,KKL,REST,Standard,2
2025,12,RENAULT,25,Lleida,Private,ICE,SKL,REST,Standard,1
2025,12,RENAULT,25,Lleida,Private,ICE,UKL1,REST,Standard,12
2025,12,RENAULT,25,Lleida,Private,ICE,UKL2,REST,Standard,10
2025,12,SEAT,25,Lleida,Corporate,ICE,UKL1,REST,Standard,6
2025,12,SEAT,25,Lleida,Corporate,ICE,UKL2,REST,Standard,4
2025,12,SEAT,25,Lleida,Corporate,PHEV,UKL2,REST,Standard,2
2025,12,SEAT,25,Lleida,Private,ICE,UKL1,REST,Standard,9
2025,12,SEAT,25,Lleida,Private,ICE,UKL2,REST,Standard,11
2025,12,SHINERAY,25,Lleida,Private,ICE,MKL,REST,Standard,1
2025,12,SKODA,25,Lleida,Corporate,PHEV,KKL,REST,Standard,1
2025,12,SKODA,25,Lleida,Private,BEV,UKL2,REST,Standard,1
2025,12,SKODA,25,Lleida,Private,ICE,UKL1,REST,Standard,2
2025,12,SKODA,25,Lleida,Private,ICE,UKL2,REST,Standard,4
2025,12,SUBARU,25,Lleida,Private,ICE,UKL2,REST,Standard,1
2025,12,SUZUKI,25,Lleida,Private,ICE,UKL1,REST,Standard,1
2025,12,SUZUKI,25,Lleida,Private,ICE,UKL2,REST,Standard,3
2025,12,TESLA,25,Lleida,Corporate,BEV,KKL,FOCUS SEGMENT,Standard,4
2025,12,TESLA,25,Lleida,Private,BEV,KKL,FOCUS SEGMENT,Standard,7
2025,12,TOYOTA,25,Lleida,Corporate,BEV,UKL2,REST,Standard,1
2025,12,TOYOTA,25,Lleida,Corporate,ICE,SKL,REST,Standard,1
2025,12,TOYOTA,25,Lleida,Corporate,ICE,UKL1,REST,Standard,1
2025,12,TOYOTA,25,Lleida,Corporate,ICE,UKL2,REST,Standard,1
2025,12,TOYOTA,25,Lleida,Corporate,PHEV,UKL1,REST,Standard,2
2025,12,TOYOTA,25,Lleida,Corporate,PHEV,UKL2,REST,Standard,2
2025,12,TOYOTA,25,Lleida,Private,ICE,GKL,REST,Standard,1
2025,12,TOYOTA,25,Lleida,Private,ICE,SKL,REST,Standard,1
2025,12,TOYOTA,25,Lleida,Private,ICE,UKL1,REST,Standard,18
2025,12,TOYOTA,25,Lleida,Private,ICE,UKL2,REST,Standard,11
2025,12,TOYOTA,25,Lleida,Private,PHEV,UKL1,REST,Standard,8
2025,12,TOYOTA,25,Lleida,Private,PHEV,UKL2,REST,Standard,7
2025,12,VOLKSWAGEN,25,Lleida,Corporate,BEV,UKL2,REST,Standard,1
2025,12,VOLKSWAGEN,25,Lleida,Corporate,ICE,UKL1,REST,Standard,2
2025,12,VOLKSWAGEN,25,Lleida,Corporate,ICE,UKL2,REST,Standard,7
2025,12,VOLKSWAGEN,25,Lleida,Corporate,PHEV,SKL,REST,Standard,1
2025,12,VOLKSWAGEN,25,Lleida,Private,BEV,UKL2,REST,Standard,1
2025,12,VOLKSWAGEN,25,Lleida,Private,ICE,SKL,REST,Standard,1
2025,12,VOLKSWAGEN,25,Lleida,Private,ICE,UKL1,REST,Standard,10
2025,12,VOLKSWAGEN,25,Lleida,Private,ICE,UKL2,REST,Standard,7
2025,12,VOLKSWAGEN,25,Lleida,Private,PHEV,SKL,REST,Standard,3
2025,12,VOLKSWAGEN,25,Lleida,Private,PHEV,UKL2,REST,Standard,1
2025,12,VOLVO,25,Lleida,Corporate,BEV,UKL1,FOCUS SEGMENT,Standard,1
2025,12,VOLVO,25,Lleida,Corporate,ICE,KKL,FOCUS SEGMENT,Standard,10
2025,12,VOLVO,25,Lleida,Corporate,ICE,MKL,FOCUS SEGMENT,Standard,2
2025,12,VOLVO,25,Lleida,Corporate,ICE,UKL2,FOCUS SEGMENT,Standard,38
2025,12,VOLVO,25,Lleida,Private,BEV,UKL1,FOCUS SEGMENT,Standard,1
2025,12,VOLVO,25,Lleida,Private,BEV,UKL2,FOCUS SEGMENT,Standard,1
2025,12,VOLVO,25,Lleida,Private,ICE,KKL,FOCUS SEGMENT,Standard,5
2025,12,VOLVO,25,Lleida,Private,ICE,UKL2,FOCUS SEGMENT,Standard,2
2025,12,XPENG,25,Lleida,Private,BEV,KKL,FOCUS SEGMENT,Standard,5
2025,12,AUDI,26,La Rioja,Corporate,ICE,MKL,FOCUS SEGMENT,Standard,2
2025,12,AUDI,26,La Rioja,Corporate,ICE,UKL1,FOCUS SEGMENT,Standard,1
2025,12,AUDI,26,La Rioja,Corporate,ICE,UKL2,FOCUS SEGMENT,M Performance,1
2025,12,AUDI,26,La Rioja,Corporate,ICE,UKL2,FOCUS SEGMENT,Standard,2
2025,12,AUDI,26,La Rioja,Corporate,PHEV,KKL,FOCUS SEGMENT,Standard,3
2025,12,AUDI,26,La Rioja,Corporate,PHEV,UKL2,FOCUS SEGMENT,Standard,1
2025,12,AUDI,26,La Rioja,Private,BEV,UKL2,FOCUS SEGMENT,Standard,1
2025,12,AUDI,26,La Rioja,Private,ICE,KKL,FOCUS SEGMENT,Standard,1
2025,12,AUDI,26,La Rioja,Private,ICE,UKL1,FOCUS SEGMENT,Standard,1
2025,12,AUDI,26,La Rioja,Private,ICE,UKL2,FOCUS SEGMENT,Standard,1
2025,12,BMW,26,La Rioja,Corporate,BEV,UKL2,FOCUS SEGMENT,Standard,1
2025,12,BMW,26,La Rioja,Corporate,ICE,MKL,FOCUS SEGMENT,Standard,2
2025,12,BMW,26,La Rioja,Corporate,PHEV,GKL,FOCUS SEGMENT,M,1
2025,12,BMW,26,La Rioja,Corporate,PHEV,KKL,FOCUS SEGMENT,Standard,1
2025,12,BMW,26,La Rioja,Private,ICE,UKL2,FOCUS SEGMENT,Standard,3
2025,12,BYD,26,La Rioja,Corporate,BEV,KKL,REST,Standard,1
2025,12,BYD,26,La Rioja,Corporate,BEV,UKL0,REST,Standard,2
2025,12,BYD,26,La Rioja,Private,BEV,UKL0,REST,Standard,2
2025,12,BYD,26,La Rioja,Private,BEV,UKL1,REST,Standard,1
2025,12,BYD,26,La Rioja,Private,BEV,UKL2,REST,Standard,1
2025,12,BYD,26,La Rioja,Private,PHEV,KKL,REST,Standard,5
2025,12,CITROEN,26,La Rioja,Corporate,ICE,SKL,REST,Standard,10
2025,12,CITROEN,26,La Rioja,Corporate,ICE,UKL2,REST,Standard,1
2025,12,CITROEN,26,La Rioja,Private,ICE,SKL,REST,Standard,1
2025,12,CITROEN,26,La Rioja,Private,ICE,UKL1,REST,Standard,1
2025,12,CITROEN,26,La Rioja,Private,ICE,UKL2,REST,Standard,4
2025,12,CITROEN,26,La Rioja,Private,PHEV,UKL2,REST,Standard,1
2025,12,CUPRA,26,La Rioja,Private,ICE,UKL2,REST,Standard,1
2025,12,DACIA,26,La Rioja,Corporate,ICE,SKL,REST,Standard,1
2025,12,DACIA,26,La Rioja,Private,ICE,SKL,REST,Standard,5
2025,12,DACIA,26,La Rioja,Private,ICE,UKL1,REST,Standard,25
2025,12,DACIA,26,La Rioja,Private,ICE,UKL2,REST,Standard,4
2025,12,EBRO,26,La Rioja,Corporate,PHEV,KKL,REST,Standard,1
2025,12,EBRO,26,La Rioja,Private,ICE,UKL2,REST,Standard,5
2025,12,EBRO,26,La Rioja,Private,PHEV,UKL2,REST,Standard,3
2025,12,FIAT,26,La Rioja,Private,ICE,UKL0,REST,Standard,1
2025,12,FORD,26,La Rioja,Corporate,PHEV,UKL2,REST,Standard,1
2025,12,FORD,26,La Rioja,Private,ICE,UKL1,REST,Standard,8
2025,12,FORD,26,La Rioja,Private,PHEV,UKL2,REST,Standard,2
2025,12,HYUNDAI,26,La Rioja,Corporate,ICE,UKL1,REST,Standard,15
2025,12,HYUNDAI,26,La Rioja,Corporate,ICE,UKL2,REST,Standard,10
2025,12,HYUNDAI,26,La Rioja,Corporate,PHEV,UKL2,REST,Standard,1
2025,12,HYUNDAI,26,La Rioja,Private,BEV,UKL1,REST,Standard,1
2025,12,HYUNDAI,26,La Rioja,Private,BEV,UKL2,REST,Standard,2
2025,12,HYUNDAI,26,La Rioja,Private,ICE,UKL1,REST,Standard,5
2025,12,HYUNDAI,26,La Rioja,Private,ICE,UKL2,REST,Standard,3
2025,12,JAECOO,26,La Rioja,Private,PHEV,UKL2,REST,Standard,6
2025,12,KIA,26,La Rioja,Private,BEV,UKL1,REST,Standard,2
2025,12,KIA,26,La Rioja,Private,ICE,UKL1,REST,Standard,5
2025,12,KIA,26,La Rioja,Private,ICE,UKL2,REST,Standard,12
2025,12,LEAPMOTOR,26,La Rioja,Corporate,BEV,UKL2,REST,Standard,1
2025,12,LEAPMOTOR,26,La Rioja,Private,BEV,MKL,REST,Standard,1
2025,12,LEAPMOTOR,26,La Rioja,Private,BEV,UKL0,REST,Standard,1
2025,12,LEXUS,26,La Rioja,Corporate,ICE,KKL,FOCUS SEGMENT,Standard,1
2025,12,LEXUS,26,La Rioja,Corporate,PHEV,KKL,FOCUS SEGMENT,Standard,1
2025,12,MAZDA,26,La Rioja,Corporate,ICE,UKL2,REST,Standard,3
2025,12,MAZDA,26,La Rioja,Corporate,PHEV,KKL,REST,Standard,1
2025,12,MAZDA,26,La Rioja,Private,ICE,UKL2,REST,Standard,6
2025,12,MERCEDES,26,La Rioja,Corporate,BEV,UKL2,FOCUS SEGMENT,Standard,2
2025,12,MERCEDES,26,La Rioja,Corporate,ICE,KKL,FOCUS SEGMENT,Standard,1
2025,12,MERCEDES,26,La Rioja,Corporate,ICE,MKL,REST,Standard,2
2025,12,MERCEDES,26,La Rioja,Corporate,ICE,SKL,REST,Standard,1
2025,12,MERCEDES,26,La Rioja,Corporate,ICE,UKL2,FOCUS SEGMENT,Standard,1
2025,12,MERCEDES,26,La Rioja,Corporate,PHEV,KKL,FOCUS SEGMENT,Standard,4
2025,12,MERCEDES,26,La Rioja,Corporate,PHEV,MKL,FOCUS SEGMENT,M Performance,1
2025,12,MERCEDES,26,La Rioja,Private,ICE,KKL,FOCUS SEGMENT,Standard,1
2025,12,MERCEDES,26,La Rioja,Private,PHEV,UKL2,FOCUS SEGMENT,Standard,2
2025,12,MG,26,La Rioja,Private,ICE,UKL1,REST,Standard,14
2025,12,MG,26,La Rioja,Private,PHEV,KKL,REST,Standard,1
2025,12,MITSUBISHI,26,La Rioja,Private,ICE,UKL2,REST,Standard,1
2025,12,NISSAN,26,La Rioja,Corporate,BEV,UKL1,REST,Standard,1
2025,12,NISSAN,26,La Rioja,Corporate,ICE,KKL,REST,Standard,1
2025,12,NISSAN,26,La Rioja,Corporate,ICE,UKL1,REST,Standard,2
2025,12,NISSAN,26,La Rioja,Private,ICE,KKL,REST,Standard,1
2025,12,NISSAN,26,La Rioja,Private,ICE,UKL1,REST,Standard,2
2025,12,NISSAN,26,La Rioja,Private,ICE,UKL2,REST,Standard,3
2025,12,OMODA,26,La Rioja,Private,BEV,UKL2,REST,Standard,1
2025,12,OMODA,26,La Rioja,Private,ICE,UKL2,REST,Standard,14
2025,12,OMODA,26,La Rioja,Private,PHEV,KKL,REST,Standard,4
2025,12,OPEL,26,La Rioja,Private,ICE,SKL,REST,Standard,1
2025,12,OPEL,26,La Rioja,Private,ICE,UKL1,REST,Standard,1
2025,12,PEUGEOT,26,La Rioja,Corporate,BEV,UKL1,REST,Standard,1
2025,12,PEUGEOT,26,La Rioja,Corporate,ICE,SKL,REST,Standard,5
2025,12,PEUGEOT,26,La Rioja,Corporate,ICE,UKL2,REST,Standard,16
2025,12,PEUGEOT,26,La Rioja,Corporate,PHEV,UKL2,REST,Standard,1
2025,12,PEUGEOT,26,La Rioja,Private,ICE,SKL,REST,Standard,2
2025,12,PEUGEOT,26,La Rioja,Private,ICE,UKL1,REST,Standard,5
2025,12,PEUGEOT,26,La Rioja,Private,ICE,UKL2,REST,Standard,2
2025,12,RENAULT,26,La Rioja,Corporate,ICE,UKL1,REST,Standard,6
2025,12,RENAULT,26,La Rioja,Corporate,ICE,UKL2,REST,Standard,1
2025,12,RENAULT,26,La Rioja,Private,ICE,KKL,REST,Standard,1
2025,12,RENAULT,26,La Rioja,Private,ICE,SKL,REST,Standard,1
2025,12,RENAULT,26,La Rioja,Private,ICE,UKL1,REST,Standard,14
2025,12,RENAULT,26,La Rioja,Private,ICE,UKL2,REST,Standard,6
2025,12,RENAULT,26,La Rioja,Private,PHEV,UKL2,REST,Standard,2
2025,12,SEAT,26,La Rioja,Corporate,ICE,UKL1,REST,Standard,3
2025,12,SEAT,26,La Rioja,Corporate,ICE,UKL2,REST,Standard,1
2025,12,SEAT,26,La Rioja,Private,ICE,UKL1,REST,Standard,5
2025,12,SEAT,26,La Rioja,Private,ICE,UKL2,REST,Standard,5
2025,12,SKODA,26,La Rioja,Corporate,BEV,UKL2,REST,Standard,1
2025,12,SKODA,26,La Rioja,Corporate,ICE,UKL1,REST,Standard,1
2025,12,SKODA,26,La Rioja,Corporate,ICE,UKL2,REST,Standard,2
2025,12,SKODA,26,La Rioja,Private,BEV,UKL2,REST,Standard,3
2025,12,SKODA,26,La Rioja,Private,ICE,KKL,REST,Standard,1
2025,12,SKODA,26,La Rioja,Private,ICE,UKL1,REST,Standard,4
2025,12,SKODA,26,La Rioja,Private,ICE,UKL2,REST,Standard,5
2025,12,SUZUKI,26,La Rioja,Corporate,ICE,UKL2,REST,Standard,6
2025,12,SUZUKI,26,La Rioja,Private,ICE,UKL2,REST,Standard,3
2025,12,TESLA,26,La Rioja,Private,BEV,KKL,FOCUS SEGMENT,Standard,6
2025,12,TOYOTA,26,La Rioja,Corporate,BEV,UKL2,REST,Standard,1
2025,12,TOYOTA,26,La Rioja,Corporate,ICE,UKL1,REST,Standard,2
2025,12,TOYOTA,26,La Rioja,Corporate,ICE,UKL2,REST,Standard,4
2025,12,TOYOTA,26,La Rioja,Corporate,PHEV,UKL1,REST,Standard,1
2025,12,TOYOTA,26,La Rioja,Private,BEV,SKL,REST,Standard,1
2025,12,TOYOTA,26,La Rioja,Private,ICE,SKL,REST,Standard,2
2025,12,TOYOTA,26,La Rioja,Private,ICE,UKL1,REST,Standard,7
2025,12,TOYOTA,26,La Rioja,Private,ICE,UKL2,REST,Standard,6
2025,12,TOYOTA,26,La Rioja,Private,PHEV,UKL1,REST,Standard,1
2025,12,TOYOTA,26,La Rioja,Private,PHEV,UKL2,REST,Standard,6
2025,12,VOLKSWAGEN,26,La Rioja,Corporate,BEV,SKL,REST,Standard,1
2025,12,VOLKSWAGEN,26,La Rioja,Corporate,ICE,UKL1,REST,Standard,1
2025,12,VOLKSWAGEN,26,La Rioja,Corporate,PHEV,SKL,REST,Standard,1
2025,12,VOLKSWAGEN,26,La Rioja,Private,BEV,UKL2,REST,Standard,3
2025,12,VOLKSWAGEN,26,La Rioja,Private,ICE,SKL,REST,Standard,2
2025,12,VOLKSWAGEN,26,La Rioja,Private,ICE,UKL1,REST,Standard,3
2025,12,VOLKSWAGEN,26,La Rioja,Private,ICE,UKL2,REST,Standard,5
2025,12,VOLKSWAGEN,26,La Rioja,Private,PHEV,SKL,REST,Standard,2
2025,12,VOLKSWAGEN,26,La Rioja,Private,PHEV,UKL2,REST,Standard,1
2025,12,VOLVO,26,La Rioja,Corporate,ICE,KKL,FOCUS SEGMENT,Standard,2
2025,12,VOLVO,26,La Rioja,Corporate,ICE,UKL2,FOCUS SEGMENT,Standard,8
2025,12,VOLVO,26,La Rioja,Private,ICE,KKL,FOCUS SEGMENT,Standard,1
2025,12,AUDI,27,Lugo,Corporate,BEV,MKL,FOCUS SEGMENT,Standard,1
2025,12,AUDI,27,Lugo,Corporate,ICE,UKL2,FOCUS SEGMENT,Standard,3
2025,12,AUDI,27,Lugo,Corporate,PHEV,KKL,FOCUS SEGMENT,Standard,1
2025,12,AUDI,27,Lugo,Private,BEV,UKL2,FOCUS SEGMENT,Standard,1
2025,12,AUDI,27,Lugo,Private,ICE,KKL,FOCUS SEGMENT,Standard,1
2025,12,AUDI,27,Lugo,Private,ICE,MKL,FOCUS SEGMENT,Standard,1
2025,12,AUDI,27,Lugo,Private,ICE,UKL1,FOCUS SEGMENT,Standard,3
2025,12,AUDI,27,Lugo,Private,ICE,UKL2,FOCUS SEGMENT,Standard,14
2025,12,AUDI,27,Lugo,Private,PHEV,KKL,FOCUS SEGMENT,Standard,3
2025,12,AUDI,27,Lugo,Private,PHEV,UKL2,FOCUS SEGMENT,Standard,1
2025,12,BAIC,27,Lugo,Corporate,ICE,UKL2,REST,Standard,1
2025,12,BMW,27,Lugo,Corporate,BEV,KKL,FOCUS SEGMENT,Standard,1
2025,12,BMW,27,Lugo,Corporate,BEV,UKL2,FOCUS SEGMENT,Standard,1
2025,12,BMW,27,Lugo,Corporate,ICE,KKL,FOCUS SEGMENT,M,1
2025,12,BMW,27,Lugo,Corporate,ICE,MKL,FOCUS SEGMENT,Standard,2
2025,12,BMW,27,Lugo,Corporate,ICE,UKL2,FOCUS SEGMENT,Standard,2
2025,12,BMW,27,Lugo,Corporate,PHEV,UKL2,FOCUS SEGMENT,Standard,1
2025,12,BMW,27,Lugo,Private,BEV,UKL2,FOCUS SEGMENT,Standard,3
2025,12,BMW,27,Lugo,Private,ICE,KKL,FOCUS SEGMENT,Standard,5
2025,12,BMW,27,Lugo,Private,ICE,UKL2,FOCUS SEGMENT,Standard,10
2025,12,BMW,27,Lugo,Private,PHEV,MKL,FOCUS SEGMENT,M,1
2025,12,BYD,27,Lugo,Corporate,BEV,KKL,REST,Standard,1
2025,12,BYD,27,Lugo,Private,BEV,KKL,REST,Standard,7
2025,12,BYD,27,Lugo,Private,BEV,UKL0,REST,Standard,4
2025,12,BYD,27,Lugo,Private,BEV,UKL2,REST,Standard,1
2025,12,BYD,27,Lugo,Private,PHEV,KKL,REST,Standard,5
2025,12,CITROEN,27,Lugo,Private,ICE,SKL,REST,Standard,1
2025,12,CITROEN,27,Lugo,Private,ICE,UKL1,REST,Standard,1
2025,12,CITROEN,27,Lugo,Private,ICE,UKL2,REST,Standard,1
2025,12,CUPRA,27,Lugo,Private,ICE,UKL2,REST,Standard,5
2025,12,CUPRA,27,Lugo,Private,PHEV,UKL2,REST,Standard,1
2025,12,DACIA,27,Lugo,Corporate,BEV,UKL0,REST,Standard,1
2025,12,DACIA,27,Lugo,Corporate,ICE,SKL,REST,Standard,4
2025,12,DACIA,27,Lugo,Private,ICE,SKL,REST,Standard,2
2025,12,DACIA,27,Lugo,Private,ICE,UKL1,REST,Standard,6
2025,12,DACIA,27,Lugo,Private,ICE,UKL2,REST,Standard,2
2025,12,DS,27,Lugo,Private,ICE,UKL2,REST,Standard,1
2025,12,EBRO,27,Lugo,Private,ICE,KKL,REST,Standard,1
2025,12,EBRO,27,Lugo,Private,PHEV,KKL,REST,Standard,1
2025,12,EBRO,27,Lugo,Private,PHEV,UKL2,REST,Standard,5
2025,12,FAW,27,Lugo,Private,ICE,,REST,Standard,1
2025,12,FAW,27,Lugo,Private,ICE,UKL2,REST,Standard,1
2025,12,FIAT,27,Lugo,Private,ICE,UKL2,REST,Standard,1
2025,12,FORD,27,Lugo,Corporate,BEV,SKL,REST,Standard,1
2025,12,FORD,27,Lugo,Corporate,BEV,UKL1,REST,Standard,3
2025,12,FORD,27,Lugo,Corporate,ICE,UKL1,REST,Standard,1
2025,12,FORD,27,Lugo,Corporate,ICE,UKL2,REST,Standard,3
2025,12,FORD,27,Lugo,Corporate,PHEV,UKL2,REST,Standard,2
2025,12,FORD,27,Lugo,Private,ICE,UKL1,REST,Standard,3
2025,12,FORD,27,Lugo,Private,PHEV,UKL2,REST,Standard,6
2025,12,HONDA,27,Lugo,Corporate,PHEV,KKL,REST,Standard,1
2025,12,HONDA,27,Lugo,Private,ICE,UKL2,REST,Standard,1
2025,12,HYUNDAI,27,Lugo,Private,ICE,UKL1,REST,Standard,3
2025,12,HYUNDAI,27,Lugo,Private,ICE,UKL2,REST,Standard,4
2025,12,JAECOO,27,Lugo,Private,BEV,UKL1,REST,Standard,1
2025,12,JAECOO,27,Lugo,Private,ICE,UKL2,REST,Standard,2
2025,12,JAECOO,27,Lugo,Private,PHEV,UKL2,REST,Standard,4
2025,12,JEEP,27,Lugo,Corporate,PHEV,UKL2,REST,Standard,2
2025,12,KG MOBILITY,27,Lugo,Private,ICE,UKL1,REST,Standard,1
2025,12,KIA,27,Lugo,Corporate,BEV,SKL,REST,Standard,1
2025,12,KIA,27,Lugo,Private,BEV,UKL1,REST,Standard,7
2025,12,KIA,27,Lugo,Private,BEV,UKL2,REST,Standard,3
2025,12,KIA,27,Lugo,Private,ICE,UKL0,REST,Standard,1
2025,12,KIA,27,Lugo,Private,ICE,UKL1,REST,Standard,4
2025,12,KIA,27,Lugo,Private,ICE,UKL2,REST,Standard,12
2025,12,KIA,27,Lugo,Private,PHEV,UKL2,REST,Standard,1
2025,12,LEAPMOTOR,27,Lugo,Corporate,BEV,UKL2,REST,Standard,2
2025,12,LEAPMOTOR,27,Lugo,Private,BEV,MKL,REST,Standard,1
2025,12,LEXUS,27,Lugo,Private,ICE,UKL1,FOCUS SEGMENT,Standard,1
2025,12,LIVAN,27,Lugo,Corporate,ICE,UKL1,REST,Standard,1
2025,12,LIVAN,27,Lugo,Corporate,ICE,UKL2,REST,Standard,1
2025,12,MAZDA,27,Lugo,Corporate,ICE,KKL,REST,Standard,1
2025,12,MAZDA,27,Lugo,Corporate,ICE,UKL1,REST,Standard,1
2025,12,MAZDA,27,Lugo,Corporate,ICE,UKL2,REST,Standard,1
2025,12,MAZDA,27,Lugo,Private,ICE,KKL,REST,Standard,1
2025,12,MAZDA,27,Lugo,Private,ICE,UKL2,REST,Standard,2
2025,12,MAZDA,27,Lugo,Private,PHEV,KKL,REST,Standard,1
2025,12,MERCEDES,27,Lugo,Corporate,BEV,UKL2,FOCUS SEGMENT,Standard,3
2025,12,MERCEDES,27,Lugo,Corporate,ICE,KKL,FOCUS SEGMENT,Standard,3
2025,12,MERCEDES,27,Lugo,Corporate,ICE,MKL,FOCUS SEGMENT,M,1
2025,12,MERCEDES,27,Lugo,Corporate,ICE,MKL,FOCUS SEGMENT,Standard,1
2025,12,MERCEDES,27,Lugo,Corporate,ICE,UKL2,FOCUS SEGMENT,Standard,2
2025,12,MERCEDES,27,Lugo,Corporate,PHEV,KKL,FOCUS SEGMENT,Standard,5
2025,12,MERCEDES,27,Lugo,Corporate,PHEV,MKL,FOCUS SEGMENT,Standard,1
2025,12,MERCEDES,27,Lugo,Private,BEV,MKL,FOCUS SEGMENT,Standard,1
2025,12,MERCEDES,27,Lugo,Private,BEV,UKL2,FOCUS SEGMENT,Standard,3
2025,12,MERCEDES,27,Lugo,Private,ICE,KKL,FOCUS SEGMENT,M Performance,1
2025,12,MERCEDES,27,Lugo,Private,ICE,UKL2,FOCUS SEGMENT,M Performance,1
2025,12,MERCEDES,27,Lugo,Private,ICE,UKL2,FOCUS SEGMENT,Standard,4
2025,12,MERCEDES,27,Lugo,Private,PHEV,KKL,FOCUS SEGMENT,Standard,1
2025,12,MERCEDES-V,27,Lugo,Private,ICE,SKL,REST,Standard,1
2025,12,MG,27,Lugo,Private,ICE,UKL1,REST,Standard,11
2025,12,MG,27,Lugo,Private,PHEV,KKL,REST,Standard,4
2025,12,MG,27,Lugo,RAC,ICE,UKL1,REST,Standard,1
2025,12,MINI,27,Lugo,Corporate,ICE,UKL1,FOCUS SEGMENT,Standard,1
2025,12,MINI,27,Lugo,Private,BEV,UKL1,FOCUS SEGMENT,Standard,1
2025,12,MITSUBISHI,27,Lugo,Corporate,ICE,UKL2,REST,Standard,1
2025,12,MITSUBISHI,27,Lugo,Private,ICE,UKL1,REST,Standard,3
2025,12,MITSUBISHI,27,Lugo,Private,ICE,UKL2,REST,Standard,2
2025,12,NISSAN,27,Lugo,Corporate,BEV,UKL1,REST,Standard,1
2025,12,NISSAN,27,Lugo,Corporate,ICE,KKL,REST,Standard,4
2025,12,NISSAN,27,Lugo,Corporate,ICE,SKL,REST,Standard,1
2025,12,NISSAN,27,Lugo,Private,ICE,KKL,REST,Standard,1
2025,12,NISSAN,27,Lugo,Private,ICE,UKL1,REST,Standard,3
2025,12,NISSAN,27,Lugo,Private,ICE,UKL2,REST,Standard,2
2025,12,OMODA,27,Lugo,Corporate,ICE,UKL2,REST,Standard,1
2025,12,OMODA,27,Lugo,Private,ICE,UKL2,REST,Standard,5
2025,12,OMODA,27,Lugo,Private,PHEV,KKL,REST,Standard,1
2025,12,OPEL,27,Lugo,Corporate,ICE,UKL2,REST,Standard,12
2025,12,PEUGEOT,27,Lugo,Corporate,ICE,UKL2,REST,Standard,1
2025,12,PEUGEOT,27,Lugo,Private,ICE,UKL1,REST,Standard,2
2025,12,PEUGEOT,27,Lugo,Private,ICE,UKL2,REST,Standard,1
2025,12,PEUGEOT,27,Lugo,Private,PHEV,KKL,REST,Standard,1
2025,12,PORSCHE,27,Lugo,Private,BEV,KKL,FOCUS SEGMENT,Standard,1
2025,12,RENAULT,27,Lugo,Corporate,BEV,UKL1,REST,Standard,1
2025,12,RENAULT,27,Lugo,Corporate,ICE,UKL1,REST,Standard,19
2025,12,RENAULT,27,Lugo,Corporate,ICE,UKL2,REST,Standard,10
2025,12,RENAULT,27,Lugo,Private,ICE,UKL1,REST,Standard,7
2025,12,SEAT,27,Lugo,Corporate,ICE,UKL2,REST,Standard,1
2025,12,SEAT,27,Lugo,Private,ICE,UKL1,REST,Standard,2
2025,12,SEAT,27,Lugo,Private,ICE,UKL2,REST,Standard,2
2025,12,SKODA,27,Lugo,Corporate,ICE,UKL1,REST,Standard,5
2025,12,SKODA,27,Lugo,Corporate,ICE,UKL2,REST,Standard,2
2025,12,SKODA,27,Lugo,Private,BEV,UKL2,REST,Standard,2
2025,12,SKODA,27,Lugo,Private,ICE,KKL,REST,Standard,1
2025,12,SKODA,27,Lugo,Private,ICE,UKL1,REST,Standard,3
2025,12,SKODA,27,Lugo,Private,ICE,UKL2,REST,Standard,5
2025,12,SUZUKI,27,Lugo,Corporate,ICE,UKL1,REST,Standard,1
2025,12,SUZUKI,27,Lugo,Private,ICE,UKL1,REST,Standard,4
2025,12,SUZUKI,27,Lugo,Private,ICE,UKL2,REST,Standard,1
2025,12,TESLA,27,Lugo,Corporate,BEV,KKL,FOCUS SEGMENT,Standard,2
2025,12,TESLA,27,Lugo,Private,BEV,KKL,FOCUS SEGMENT,Standard,5
2025,12,TOYOTA,27,Lugo,Corporate,BEV,UKL2,REST,Standard,1
2025,12,TOYOTA,27,Lugo,Corporate,ICE,UKL1,REST,Standard,2
2025,12,TOYOTA,27,Lugo,Corporate,ICE,UKL2,REST,Standard,2
2025,12,TOYOTA,27,Lugo,Corporate,PHEV,UKL1,REST,Standard,2
2025,12,TOYOTA,27,Lugo,Corporate,PHEV,UKL2,REST,Standard,4
2025,12,TOYOTA,27,Lugo,Private,ICE,SKL,REST,Standard,1
2025,12,TOYOTA,27,Lugo,Private,ICE,UKL1,REST,Standard,12
2025,12,TOYOTA,27,Lugo,Private,ICE,UKL2,REST,Standard,13
2025,12,TOYOTA,27,Lugo,Private,PHEV,UKL1,REST,Standard,2
2025,12,VOLKSWAGEN,27,Lugo,Private,BEV,UKL2,REST,Standard,1
2025,12,VOLKSWAGEN,27,Lugo,Private,ICE,UKL1,REST,Standard,5
2025,12,VOLKSWAGEN,27,Lugo,Private,ICE,UKL2,REST,Standard,9
2025,12,VOLVO,27,Lugo,Corporate,ICE,UKL2,FOCUS SEGMENT,Standard,6
2025,12,VOLVO,27,Lugo,Private,BEV,UKL2,FOCUS SEGMENT,Standard,1
2025,12,VOLVO,27,Lugo,Private,ICE,UKL2,FOCUS SEGMENT,Standard,1
2025,12,ABARTH,28,Madrid,Private,BEV,UKL0,REST,Standard,1
2025,12,ALFA ROMEO,28,Madrid,Corporate,BEV,UKL1,REST,Standard,32
2025,12,ALFA ROMEO,28,Madrid,Corporate,ICE,KKL,REST,Standard,3
2025,12,ALFA ROMEO,28,Madrid,Corporate,ICE,UKL1,REST,Standard,71
2025,12,ALFA ROMEO,28,Madrid,Corporate,ICE,UKL2,REST,Standard,48
2025,12,ALFA ROMEO,28,Madrid,Corporate,PHEV,UKL2,REST,Standard,4
2025,12,ALFA ROMEO,28,Madrid,Private,ICE,KKL,REST,Standard,1
2025,12,ALFA ROMEO,28,Madrid,Private,ICE,UKL1,REST,Standard,3
2025,12,ALFA ROMEO,28,Madrid,RAC,ICE,UKL1,REST,Standard,1
2025,12,ALPINE,28,Madrid,Corporate,BEV,UKL1,REST,Standard,18
2025,12,ALPINE,28,Madrid,Private,BEV,UKL1,REST,Standard,4
2025,12,AUDI,28,Madrid,Corporate,BEV,KKL,FOCUS SEGMENT,Standard,29
2025,12,AUDI,28,Madrid,Corporate,BEV,MKL,FOCUS SEGMENT,Standard,11
2025,12,AUDI,28,Madrid,Corporate,BEV,UKL2,FOCUS SEGMENT,Standard,23
2025,12,AUDI,28,Madrid,Corporate,ICE,KKL,FOCUS SEGMENT,M Performance,7
2025,12,AUDI,28,Madrid,Corporate,ICE,KKL,FOCUS SEGMENT,Standard,304
2025,12,AUDI,28,Madrid,Corporate,ICE,MKL,FOCUS SEGMENT,M,3
2025,12,AUDI,28,Madrid,Corporate,ICE,MKL,FOCUS SEGMENT,M Performance,3
2025,12,AUDI,28,Madrid,Corporate,ICE,MKL,FOCUS SEGMENT,Standard,39
2025,12,AUDI,28,Madrid,Corporate,ICE,UKL1,FOCUS SEGMENT,Standard,133
2025,12,AUDI,28,Madrid,Corporate,ICE,UKL2,FOCUS SEGMENT,M,7
2025,12,AUDI,28,Madrid,Corporate,ICE,UKL2,FOCUS SEGMENT,M Performance,2
2025,12,AUDI,28,Madrid,Corporate,ICE,UKL2,FOCUS SEGMENT,Standard,888
2025,12,AUDI,28,Madrid,Corporate,PHEV,KKL,FOCUS SEGMENT,Standard,226
2025,12,AUDI,28,Madrid,Corporate,PHEV,MKL,FOCUS SEGMENT,Standard,73
2025,12,AUDI,28,Madrid,Corporate,PHEV,UKL2,FOCUS SEGMENT,Standard,169
2025,12,AUDI,28,Madrid,Private,BEV,KKL,FOCUS SEGMENT,M Performance,1
2025,12,AUDI,28,Madrid,Private,BEV,KKL,FOCUS SEGMENT,Standard,2
2025,12,AUDI,28,Madrid,Private,BEV,UKL2,FOCUS SEGMENT,Standard,12
2025,12,AUDI,28,Madrid,Private,ICE,KKL,FOCUS SEGMENT,M Performance,1
2025,12,AUDI,28,Madrid,Private,ICE,KKL,FOCUS SEGMENT,Standard,12
2025,12,AUDI,28,Madrid,Private,ICE,MKL,FOCUS SEGMENT,M,1
2025,12,AUDI,28,Madrid,Private,ICE,MKL,FOCUS SEGMENT,Standard,3
2025,12,AUDI,28,Madrid,Private,ICE,UKL1,FOCUS SEGMENT,Standard,22
2025,12,AUDI,28,Madrid,Private,ICE,UKL2,FOCUS SEGMENT,M,2
2025,12,AUDI,28,Madrid,Private,ICE,UKL2,FOCUS SEGMENT,Standard,102
2025,12,AUDI,28,Madrid,Private,PHEV,KKL,FOCUS SEGMENT,Standard,37
2025,12,AUDI,28,Madrid,Private,PHEV,MKL,FOCUS SEGMENT,Standard,6
2025,12,AUDI,28,Madrid,Private,PHEV,UKL2,FOCUS SEGMENT,Standard,66
2025,12,AUDI,28,Madrid,RAC,ICE,KKL,FOCUS SEGMENT,M Performance,3
2025,12,AUDI,28,Madrid,RAC,ICE,KKL,FOCUS SEGMENT,Standard,3
2025,12,AUDI,28,Madrid,RAC,ICE,MKL,FOCUS SEGMENT,Standard,6
2025,12,AUDI,28,Madrid,RAC,ICE,UKL1,FOCUS SEGMENT,Standard,38
2025,12,AUDI,28,Madrid,RAC,ICE,UKL2,FOCUS SEGMENT,Standard,48
2025,12,AUDI,28,Madrid,RAC,PHEV,KKL,FOCUS SEGMENT,Standard,18
2025,12,AUDI,28,Madrid,RAC,PHEV,UKL2,FOCUS SEGMENT,Standard,25
2025,12,BENTLEY,28,Madrid,Corporate,PHEV,GKL+,FOCUS SEGMENT,Standard,1
2025,12,BMW,28,Madrid,Corporate,BEV,GKL,FOCUS SEGMENT,M Performance,1
2025,12,BMW,28,Madrid,Corporate,BEV,KKL,FOCUS SEGMENT,M Performance,2
2025,12,BMW,28,Madrid,Corporate,BEV,KKL,FOCUS SEGMENT,Standard,38
2025,12,BMW,28,Madrid,Corporate,BEV,MKL,FOCUS SEGMENT,M Performance,3
2025,12,BMW,28,Madrid,Corporate,BEV,MKL,FOCUS SEGMENT,Standard,30
2025,12,BMW,28,Madrid,Corporate,BEV,UKL2,FOCUS SEGMENT,Standard,107
2025,12,BMW,28,Madrid,Corporate,ICE,GKL,FOCUS SEGMENT,Standard,10
2025,12,BMW,28,Madrid,Corporate,ICE,KKL,FOCUS SEGMENT,M,12
2025,12,BMW,28,Madrid,Corporate,ICE,KKL,FOCUS SEGMENT,M Performance,6
2025,12,BMW,28,Madrid,Corporate,ICE,KKL,FOCUS SEGMENT,Standard,225
2025,12,BMW,28,Madrid,Corporate,ICE,MKL,FOCUS SEGMENT,M,1
2025,12,BMW,28,Madrid,Corporate,ICE,MKL,FOCUS SEGMENT,M Performance,1
2025,12,BMW,28,Madrid,Corporate,ICE,MKL,FOCUS SEGMENT,Standard,61
2025,12,BMW,28,Madrid,Corporate,ICE,UKL2,FOCUS SEGMENT,M,10
2025,12,BMW,28,Madrid,Corporate,ICE,UKL2,FOCUS SEGMENT,M Performance,8
2025,12,BMW,28,Madrid,Corporate,ICE,UKL2,FOCUS SEGMENT,Standard,833
2025,12,BMW,28,Madrid,Corporate,PHEV,GKL,FOCUS SEGMENT,M,4
2025,12,BMW,28,Madrid,Corporate,PHEV,GKL,FOCUS SEGMENT,M Performance,1
2025,12,BMW,28,Madrid,Corporate,PHEV,GKL,FOCUS SEGMENT,Standard,2
2025,12,BMW,28,Madrid,Corporate,PHEV,KKL,FOCUS SEGMENT,Standard,154
2025,12,BMW,28,Madrid,Corporate,PHEV,MKL,FOCUS SEGMENT,M,1
2025,12,BMW,28,Madrid,Corporate,PHEV,MKL,FOCUS SEGMENT,Standard,40
2025,12,BMW,28,Madrid,Corporate,PHEV,UKL2,FOCUS SEGMENT,Standard,71
2025,12,BMW,28,Madrid,Private,BEV,KKL,FOCUS SEGMENT,Standard,5
2025,12,BMW,28,Madrid,Private,BEV,MKL,FOCUS SEGMENT,M Performance,1
2025,12,BMW,28,Madrid,Private,BEV,MKL,FOCUS SEGMENT,Standard,1
2025,12,BMW,28,Madrid,Private,BEV,UKL2,FOCUS SEGMENT,Standard,63
2025,12,BMW,28,Madrid,Private,ICE,GKL,FOCUS SEGMENT,Standard,4
2025,12,BMW,28,Madrid,Private,ICE,KKL,FOCUS SEGMENT,M,6
2025,12,BMW,28,Madrid,Private,ICE,KKL,FOCUS SEGMENT,M Performance,5
2025,12,BMW,28,Madrid,Private,ICE,KKL,FOCUS SEGMENT,Standard,39
2025,12,BMW,28,Madrid,Private,ICE,MKL,FOCUS SEGMENT,M Performance,1
2025,12,BMW,28,Madrid,Private,ICE,MKL,FOCUS SEGMENT,Standard,9
2025,12,BMW,28,Madrid,Private,ICE,UKL2,FOCUS SEGMENT,M,2
2025,12,BMW,28,Madrid,Private,ICE,UKL2,FOCUS SEGMENT,M Performance,1
2025,12,BMW,28,Madrid,Private,ICE,UKL2,FOCUS SEGMENT,Standard,184
2025,12,BMW,28,Madrid,Private,PHEV,GKL,FOCUS SEGMENT,M,1
2025,12,BMW,28,Madrid,Private,PHEV,GKL,FOCUS SEGMENT,Standard,1
2025,12,BMW,28,Madrid,Private,PHEV,KKL,FOCUS SEGMENT,Standard,18
2025,12,BMW,28,Madrid,Private,PHEV,MKL,FOCUS SEGMENT,Standard,6
2025,12,BMW,28,Madrid,Private,PHEV,UKL2,FOCUS SEGMENT,Standard,47
2025,12,BMW,28,Madrid,RAC,BEV,GKL,FOCUS SEGMENT,Standard,1
2025,12,BMW,28,Madrid,RAC,BEV,MKL,FOCUS SEGMENT,Standard,3
2025,12,BMW,28,Madrid,RAC,BEV,UKL2,FOCUS SEGMENT,Standard,14
2025,12,BMW,28,Madrid,RAC,ICE,GKL,FOCUS SEGMENT,Standard,1
2025,12,BMW,28,Madrid,RAC,ICE,KKL,FOCUS SEGMENT,M Performance,1
2025,12,BMW,28,Madrid,RAC,ICE,KKL,FOCUS SEGMENT,Standard,53
2025,12,BMW,28,Madrid,RAC,ICE,MKL,FOCUS SEGMENT,Standard,6
2025,12,BMW,28,Madrid,RAC,ICE,UKL2,FOCUS SEGMENT,M,1
2025,12,BMW,28,Madrid,RAC,ICE,UKL2,FOCUS SEGMENT,Standard,271
2025,12,BMW,28,Madrid,RAC,PHEV,GKL,FOCUS SEGMENT,M,1
2025,12,BMW,28,Madrid,RAC,PHEV,KKL,FOCUS SEGMENT,Standard,15
2025,12,BMW,28,Madrid,RAC,PHEV,MKL,FOCUS SEGMENT,M,1
2025,12,BYD,28,Madrid,Corporate,BEV,KKL,REST,Standard,105
2025,12,BYD,28,Madrid,Corporate,BEV,UKL0,REST,Standard,21
2025,12,BYD,28,Madrid,Corporate,BEV,UKL1,REST,Standard,27
2025,12,BYD,28,Madrid,Corporate,BEV,UKL2,REST,Standard,12
2025,12,BYD,28,Madrid,Corporate,PHEV,KKL,REST,Standard,284
2025,12,BYD,28,Madrid,Private,BEV,KKL,REST,Standard,53
2025,12,BYD,28,Madrid,Private,BEV,UKL0,REST,Standard,180
2025,12,BYD,28,Madrid,Private,BEV,UKL1,REST,Standard,108
2025,12,BYD,28,Madrid,Private,BEV,UKL2,REST,Standard,36
2025,12,BYD,28,Madrid,Private,PHEV,KKL,REST,Standard,241
2025,12,CITROEN,28,Madrid,Corporate,BEV,SKL,REST,Standard,5
2025,12,CITROEN,28,Madrid,Corporate,BEV,UKL1,REST,Standard,60
2025,12,CITROEN,28,Madrid,Corporate,BEV,UKL2,REST,Standard,6
2025,12,CITROEN,28,Madrid,Corporate,ICE,SKL,REST,Standard,125
2025,12,CITROEN,28,Madrid,Corporate,ICE,UKL1,REST,Standard,222
2025,12,CITROEN,28,Madrid,Corporate,ICE,UKL2,REST,Standard,305
2025,12,CITROEN,28,Madrid,Corporate,PHEV,UKL2,REST,Standard,1
2025,12,CITROEN,28,Madrid,Private,BEV,SKL,REST,Standard,1
2025,12,CITROEN,28,Madrid,Private,BEV,UKL1,REST,Standard,26
2025,12,CITROEN,28,Madrid,Private,BEV,UKL2,REST,Standard,1
2025,12,CITROEN,28,Madrid,Private,ICE,SKL,REST,Standard,10
2025,12,CITROEN,28,Madrid,Private,ICE,UKL1,REST,Standard,52
2025,12,CITROEN,28,Madrid,Private,ICE,UKL2,REST,Standard,56
2025,12,CITROEN,28,Madrid,RAC,BEV,UKL1,REST,Standard,211
2025,12,CITROEN,28,Madrid,RAC,BEV,UKL2,REST,Standard,2
2025,12,CITROEN,28,Madrid,RAC,ICE,MKL,REST,Standard,2
2025,12,CITROEN,28,Madrid,RAC,ICE,SKL,REST,Standard,5
2025,12,CITROEN,28,Madrid,RAC,ICE,UKL1,REST,Standard,12
2025,12,CITROEN,28,Madrid,RAC,ICE,UKL2,REST,Standard,60
2025,12,CUPRA,28,Madrid,Corporate,BEV,UKL2,REST,Standard,12
2025,12,CUPRA,28,Madrid,Corporate,ICE,UKL2,REST,Standard,331
2025,12,CUPRA,28,Madrid,Corporate,PHEV,UKL2,REST,Standard,410
2025,12,CUPRA,28,Madrid,Private,BEV,UKL2,REST,Standard,2
2025,12,CUPRA,28,Madrid,Private,ICE,UKL2,REST,Standard,46
2025,12,CUPRA,28,Madrid,Private,PHEV,UKL2,REST,Standard,39
2025,12,CUPRA,28,Madrid,RAC,ICE,UKL2,REST,Standard,149
2025,12,DACIA,28,Madrid,Corporate,BEV,UKL0,REST,Standard,20
2025,12,DACIA,28,Madrid,Corporate,ICE,SKL,REST,Standard,126
2025,12,DACIA,28,Madrid,Corporate,ICE,UKL1,REST,Standard,100
2025,12,DACIA,28,Madrid,Corporate,ICE,UKL2,REST,Standard,76
2025,12,DACIA,28,Madrid,Private,BEV,UKL0,REST,Standard,32
2025,12,DACIA,28,Madrid,Private,ICE,SKL,REST,Standard,84
2025,12,DACIA,28,Madrid,Private,ICE,UKL1,REST,Standard,471
2025,12,DACIA,28,Madrid,Private,ICE,UKL2,REST,Standard,158
2025,12,DACIA,28,Madrid,RAC,BEV,UKL0,REST,Standard,90
2025,12,DACIA,28,Madrid,RAC,ICE,SKL,REST,Standard,30
2025,12,DACIA,28,Madrid,RAC,ICE,UKL1,REST,Standard,30
2025,12,DACIA,28,Madrid,RAC,ICE,UKL2,REST,Standard,15
2025,12,DFSK,28,Madrid,Corporate,ICE,,,Standard,1
2025,12,DFSK,28,Madrid,Corporate,ICE,UKL2,REST,Standard,1
2025,12,DFSK,28,Madrid,Corporate,PHEV,KKL,REST,Standard,1
2025,12,DFSK,28,Madrid,Private,PHEV,KKL,REST,Standard,6
2025,12,DONGFENG,28,Madrid,Corporate,BEV,UKL0,REST,Standard,2
2025,12,DONGFENG,28,Madrid,Private,BEV,UKL0,REST,Standard,2
2025,12,DR,28,Madrid,Private,ICE,UKL1,REST,Standard,1
2025,12,DS,28,Madrid,Corporate,ICE,UKL1,REST,Standard,3
2025,12,DS,28,Madrid,Corporate,ICE,UKL2,REST,Standard,63
2025,12,DS,28,Madrid,Corporate,PHEV,UKL2,REST,Standard,17
2025,12,DS,28,Madrid,Private,ICE,UKL2,REST,Standard,5
2025,12,DS,28,Madrid,Private,PHEV,UKL2,REST,Standard,3
2025,12,EBRO,28,Madrid,Corporate,ICE,KKL,REST,Standard,7
2025,12,EBRO,28,Madrid,Corporate,ICE,UKL2,REST,Standard,28
2025,12,EBRO,28,Madrid,Corporate,PHEV,KKL,REST,Standard,14
2025,12,EBRO,28,Madrid,Corporate,PHEV,UKL2,REST,Standard,37
2025,12,EBRO,28,Madrid,Private,ICE,KKL,REST,Standard,4
2025,12,EBRO,28,Madrid,Private,ICE,UKL2,REST,Standard,140
2025,12,EBRO,28,Madrid,Private,PHEV,KKL,REST,Standard,44
2025,12,EBRO,28,Madrid,Private,PHEV,UKL2,REST,Standard,95
2025,12,EBRO,28,Madrid,RAC,ICE,KKL,REST,Standard,50
2025,12,EBRO,28,Madrid,RAC,ICE,UKL2,REST,Standard,50
2025,12,EVO,28,Madrid,Private,ICE,UKL2,REST,Standard,1
2025,12,FAW,28,Madrid,Private,ICE,UKL2,REST,Standard,1
2025,12,FERRARI,28,Madrid,Corporate,ICE,GKL+,FOCUS SEGMENT,Standard,2
2025,12,FIAT,28,Madrid,Corporate,ICE,SKL,REST,Standard,15
2025,12,FIAT,28,Madrid,Corporate,ICE,UKL0,REST,Standard,33
2025,12,FIAT,28,Madrid,Corporate,ICE,UKL1,REST,Standard,77
2025,12,FIAT,28,Madrid,Private,BEV,UKL0,REST,Standard,3
2025,12,FIAT,28,Madrid,Private,BEV,UKL1,REST,Standard,1
2025,12,FIAT,28,Madrid,Private,ICE,UKL0,REST,Standard,8
2025,12,FIAT,28,Madrid,Private,ICE,UKL1,REST,Standard,4
2025,12,FIAT,28,Madrid,Private,ICE,UKL2,REST,Standard,3
2025,12,FIAT,28,Madrid,RAC,BEV,UKL1,REST,Standard,80
2025,12,FIAT,28,Madrid,RAC,ICE,UKL0,REST,Standard,10
2025,12,FIAT,28,Madrid,RAC,ICE,UKL1,REST,Standard,21
2025,12,FORD,28,Madrid,Corporate,BEV,KKL,REST,Standard,1
2025,12,FORD,28,Madrid,Corporate,BEV,SKL,REST,Standard,11
2025,12,FORD,28,Madrid,Corporate,BEV,UKL1,REST,Standard,14
2025,12,FORD,28,Madrid,Corporate,ICE,MKL,REST,Standard,4
2025,12,FORD,28,Madrid,Corporate,ICE,SKL,REST,Standard,5
2025,12,FORD,28,Madrid,Corporate,ICE,UKL1,REST,Standard,219
2025,12,FORD,28,Madrid,Corporate,ICE,UKL2,REST,Standard,141
2025,12,FORD,28,Madrid,Corporate,PHEV,SKL,REST,Standard,5
2025,12,FORD,28,Madrid,Corporate,PHEV,UKL2,REST,Standard,48
2025,12,FORD,28,Madrid,Private,BEV,KKL,REST,Standard,1
2025,12,FORD,28,Madrid,Private,BEV,SKL,REST,Standard,1
2025,12,FORD,28,Madrid,Private,BEV,UKL1,REST,Standard,10
2025,12,FORD,28,Madrid,Private,ICE,MKL,REST,Standard,2
2025,12,FORD,28,Madrid,Private,ICE,SKL,REST,Standard,5
2025,12,FORD,28,Madrid,Private,ICE,UKL1,REST,Standard,38
2025,12,FORD,28,Madrid,Private,ICE,UKL2,REST,Standard,16
2025,12,FORD,28,Madrid,Private,PHEV,SKL,REST,Standard,5
2025,12,FORD,28,Madrid,Private,PHEV,UKL2,REST,Standard,63
2025,12,HONDA,28,Madrid,Corporate,ICE,KKL,REST,Standard,8
2025,12,HONDA,28,Madrid,Corporate,ICE,UKL1,REST,Standard,12
2025,12,HONDA,28,Madrid,Corporate,ICE,UKL2,REST,Standard,13
2025,12,HONDA,28,Madrid,Corporate,PHEV,KKL,REST,Standard,7
2025,12,HONDA,28,Madrid,Private,ICE,KKL,REST,Standard,8
2025,12,HONDA,28,Madrid,Private,ICE,UKL1,REST,Standard,20
2025,12,HONDA,28,Madrid,Private,ICE,UKL2,REST,Standard,38
2025,12,HONDA,28,Madrid,Private,PHEV,KKL,REST,Standard,6
2025,12,HYUNDAI,28,Madrid,Corporate,BEV,UKL1,REST,Standard,10
2025,12,HYUNDAI,28,Madrid,Corporate,BEV,UKL2,REST,Standard,44
2025,12,HYUNDAI,28,Madrid,Corporate,ICE,MKL,REST,Standard,133
2025,12,HYUNDAI,28,Madrid,Corporate,ICE,UKL0,REST,Standard,23
2025,12,HYUNDAI,28,Madrid,Corporate,ICE,UKL1,REST,Standard,1545
2025,12,HYUNDAI,28,Madrid,Corporate,ICE,UKL2,REST,Standard,1240
2025,12,HYUNDAI,28,Madrid,Corporate,PHEV,MKL,REST,Standard,22
2025,12,HYUNDAI,28,Madrid,Corporate,PHEV,UKL2,REST,Standard,121
2025,12,HYUNDAI,28,Madrid,Private,BEV,MKL,REST,Standard,1
2025,12,HYUNDAI,28,Madrid,Private,BEV,UKL1,REST,Standard,46
2025,12,HYUNDAI,28,Madrid,Private,BEV,UKL2,REST,Standard,50
2025,12,HYUNDAI,28,Madrid,Private,ICE,MKL,REST,Standard,11
2025,12,HYUNDAI,28,Madrid,Private,ICE,UKL0,REST,Standard,16
2025,12,HYUNDAI,28,Madrid,Private,ICE,UKL1,REST,Standard,241
2025,12,HYUNDAI,28,Madrid,Private,ICE,UKL2,REST,Standard,193
2025,12,HYUNDAI,28,Madrid,Private,PHEV,MKL,REST,Standard,9
2025,12,HYUNDAI,28,Madrid,Private,PHEV,UKL2,REST,Standard,54
2025,12,HYUNDAI,28,Madrid,RAC,ICE,UKL0,REST,Standard,1135
2025,12,HYUNDAI,28,Madrid,RAC,ICE,UKL1,REST,Standard,263
2025,12,HYUNDAI,28,Madrid,RAC,ICE,UKL2,REST,Standard,90
2025,12,INEOS,28,Madrid,Private,ICE,MKL,REST,Standard,1
2025,12,ISUZU,28,Madrid,Corporate,ICE,SKL,REST,Standard,99
2025,12,JAECOO,28,Madrid,Corporate,BEV,UKL1,REST,Standard,2
2025,12,JAECOO,28,Madrid,Corporate,ICE,UKL2,REST,Standard,6
2025,12,JAECOO,28,Madrid,Corporate,PHEV,UKL2,REST,Standard,31
2025,12,JAECOO,28,Madrid,Private,BEV,UKL1,REST,Standard,11
2025,12,JAECOO,28,Madrid,Private,ICE,UKL2,REST,Standard,18
2025,12,JAECOO,28,Madrid,Private,PHEV,UKL2,REST,Standard,112
2025,12,JEEP,28,Madrid,Corporate,BEV,UKL1,REST,Standard,329
2025,12,JEEP,28,Madrid,Corporate,BEV,UKL2,REST,Standard,5
2025,12,JEEP,28,Madrid,Corporate,ICE,UKL1,REST,Standard,82
2025,12,JEEP,28,Madrid,Corporate,ICE,UKL2,REST,Standard,6
2025,12,JEEP,28,Madrid,Corporate,PHEV,MKL,REST,Standard,1
2025,12,JEEP,28,Madrid,Corporate,PHEV,UKL1,REST,Standard,3
2025,12,JEEP,28,Madrid,Corporate,PHEV,UKL2,REST,Standard,4
2025,12,JEEP,28,Madrid,Private,BEV,UKL1,REST,Standard,8
2025,12,JEEP,28,Madrid,Private,ICE,UKL1,REST,Standard,16
2025,12,JEEP,28,Madrid,Private,ICE,UKL2,REST,Standard,1
2025,12,JEEP,28,Madrid,Private,PHEV,UKL1,REST,Standard,3
2025,12,JEEP,28,Madrid,Private,PHEV,UKL2,REST,Standard,1
2025,12,JEEP,28,Madrid,RAC,BEV,UKL1,REST,Standard,1
2025,12,JEEP,28,Madrid,RAC,ICE,UKL1,REST,Standard,9
2025,12,JEEP,28,Madrid,RAC,ICE,UKL2,REST,Standard,3
2025,12,KG MOBILITY,28,Madrid,Corporate,ICE,MKL,REST,Standard,4
2025,12,KG MOBILITY,28,Madrid,Corporate,ICE,UKL1,REST,Standard,2
2025,12,KG MOBILITY,28,Madrid,Corporate,ICE,UKL2,REST,Standard,3
2025,12,KG MOBILITY,28,Madrid,Private,BEV,UKL2,REST,Standard,4
2025,12,KG MOBILITY,28,Madrid,Private,ICE,MKL,REST,Standard,1
2025,12,KG MOBILITY,28,Madrid,Private,ICE,UKL1,REST,Standard,4
2025,12,KG MOBILITY,28,Madrid,Private,ICE,UKL2,REST,Standard,11
2025,12,KG MOBILITY,28,Madrid,RAC,ICE,MKL,REST,Standard,1
2025,12,KIA,28,Madrid,Corporate,BEV,KKL,REST,Standard,5
2025,12,KIA,28,Madrid,Corporate,BEV,MKL,REST,Standard,2
2025,12,KIA,28,Madrid,Corporate,BEV,SKL,REST,Standard,10
2025,12,KIA,28,Madrid,Corporate,BEV,UKL1,REST,Standard,80
2025,12,KIA,28,Madrid,Corporate,BEV,UKL2,REST,Standard,19
2025,12,KIA,28,Madrid,Corporate,ICE,KKL,REST,Standard,3
2025,12,KIA,28,Madrid,Corporate,ICE,UKL0,REST,Standard,23
2025,12,KIA,28,Madrid,Corporate,ICE,UKL1,REST,Standard,469
2025,12,KIA,28,Madrid,Corporate,ICE,UKL2,REST,Standard,461
2025,12,KIA,28,Madrid,Corporate,PHEV,KKL,REST,Standard,13
2025,12,KIA,28,Madrid,Corporate,PHEV,UKL2,REST,Standard,9
2025,12,KIA,28,Madrid,Private,BEV,KKL,REST,Standard,5
2025,12,KIA,28,Madrid,Private,BEV,SKL,REST,Standard,1
2025,12,KIA,28,Madrid,Private,BEV,UKL1,REST,Standard,61
2025,12,KIA,28,Madrid,Private,BEV,UKL2,REST,Standard,15
2025,12,KIA,28,Madrid,Private,ICE,KKL,REST,Standard,7
2025,12,KIA,28,Madrid,Private,ICE,UKL0,REST,Standard,2
2025,12,KIA,28,Madrid,Private,ICE,UKL1,REST,Standard,86
2025,12,KIA,28,Madrid,Private,ICE,UKL2,REST,Standard,258
2025,12,KIA,28,Madrid,Private,PHEV,KKL,REST,Standard,2
2025,12,KIA,28,Madrid,Private,PHEV,UKL2,REST,Standard,1
2025,12,KIA,28,Madrid,RAC,ICE,UKL1,REST,Standard,115
2025,12,KIA,28,Madrid,RAC,ICE,UKL2,REST,Standard,235
2025,12,LAMBORGHINI,28,Madrid,Corporate,ICE,GKL+,FOCUS SEGMENT,Standard,1
2025,12,LANCIA,28,Madrid,Corporate,BEV,UKL1,REST,Standard,3
2025,12,LANCIA,28,Madrid,Corporate,ICE,UKL1,REST,Standard,63
2025,12,LANCIA,28,Madrid,Private,ICE,UKL1,REST,Standard,2
2025,12,LANCIA,28,Madrid,RAC,BEV,UKL1,REST,Standard,1
2025,12,LAND ROVER,28,Madrid,Corporate,ICE,GKL,FOCUS SEGMENT,Standard,3
2025,12,LAND ROVER,28,Madrid,Corporate,ICE,MKL,FOCUS SEGMENT,Standard,50
2025,12,LAND ROVER,28,Madrid,Corporate,ICE,UKL2,FOCUS SEGMENT,Standard,10
2025,12,LAND ROVER,28,Madrid,Corporate,PHEV,GKL,FOCUS SEGMENT,Standard,3
2025,12,LAND ROVER,28,Madrid,Corporate,PHEV,MKL,FOCUS SEGMENT,Standard,34
2025,12,LAND ROVER,28,Madrid,Corporate,PHEV,UKL2,FOCUS SEGMENT,Standard,9
2025,12,LAND ROVER,28,Madrid,Private,ICE,MKL,FOCUS SEGMENT,Standard,4
2025,12,LAND ROVER,28,Madrid,Private,PHEV,GKL,FOCUS SEGMENT,Standard,2
2025,12,LAND ROVER,28,Madrid,Private,PHEV,MKL,FOCUS SEGMENT,Standard,1
2025,12,LAND ROVER,28,Madrid,Private,PHEV,UKL2,FOCUS SEGMENT,Standard,1
2025,12,LEAPMOTOR,28,Madrid,Corporate,BEV,MKL,REST,Standard,17
2025,12,LEAPMOTOR,28,Madrid,Corporate,BEV,UKL0,REST,Standard,3
2025,12,LEAPMOTOR,28,Madrid,Corporate,BEV,UKL2,REST,Standard,8
2025,12,LEAPMOTOR,28,Madrid,Private,BEV,MKL,REST,Standard,20
2025,12,LEAPMOTOR,28,Madrid,Private,BEV,UKL0,REST,Standard,28
2025,12,LEAPMOTOR,28,Madrid,Private,BEV,UKL2,REST,Standard,22
2025,12,LEXUS,28,Madrid,Corporate,ICE,KKL,FOCUS SEGMENT,Standard,14
2025,12,LEXUS,28,Madrid,Corporate,ICE,MKL,FOCUS SEGMENT,Standard,12
2025,12,LEXUS,28,Madrid,Corporate,ICE,MKL,REST,Standard,1
2025,12,LEXUS,28,Madrid,Corporate,ICE,UKL1,FOCUS SEGMENT,Standard,57
2025,12,LEXUS,28,Madrid,Corporate,ICE,UKL2,FOCUS SEGMENT,Standard,19
2025,12,LEXUS,28,Madrid,Corporate,PHEV,KKL,FOCUS SEGMENT,Standard,52
2025,12,LEXUS,28,Madrid,Corporate,PHEV,MKL,FOCUS SEGMENT,Standard,22
2025,12,LEXUS,28,Madrid,Private,ICE,KKL,FOCUS SEGMENT,Standard,7
2025,12,LEXUS,28,Madrid,Private,ICE,MKL,FOCUS SEGMENT,Standard,6
2025,12,LEXUS,28,Madrid,Private,ICE,UKL1,FOCUS SEGMENT,Standard,27
2025,12,LEXUS,28,Madrid,Private,ICE,UKL2,FOCUS SEGMENT,Standard,15
2025,12,LEXUS,28,Madrid,Private,PHEV,KKL,FOCUS SEGMENT,Standard,39
2025,12,LEXUS,28,Madrid,Private,PHEV,MKL,FOCUS SEGMENT,Standard,3
2025,12,LEXUS,28,Madrid,RAC,ICE,UKL1,FOCUS SEGMENT,Standard,6
2025,12,LEXUS,28,Madrid,RAC,ICE,UKL2,FOCUS SEGMENT,Standard,11
2025,12,LIVAN,28,Madrid,Private,ICE,UKL1,REST,Standard,1
2025,12,LYNK & CO,28,Madrid,Corporate,BEV,UKL2,REST,Standard,2
2025,12,LYNK & CO,28,Madrid,Corporate,PHEV,UKL2,REST,Standard,88
2025,12,LYNK & CO,28,Madrid,Private,BEV,UKL2,REST,Standard,4
2025,12,LYNK & CO,28,Madrid,Private,PHEV,UKL2,REST,Standard,11
2025,12,MASERATI,28,Madrid,Corporate,ICE,KKL,FOCUS SEGMENT,Standard,11
2025,12,MASERATI,28,Madrid,Private,ICE,KKL,FOCUS SEGMENT,Standard,1
2025,12,MAZDA,28,Madrid,Corporate,BEV,MKL,REST,Standard,8
2025,12,MAZDA,28,Madrid,Corporate,ICE,KKL,REST,Standard,134
2025,12,MAZDA,28,Madrid,Corporate,ICE,UKL1,REST,Standard,24
2025,12,MAZDA,28,Madrid,Corporate,ICE,UKL2,REST,Standard,213
2025,12,MAZDA,28,Madrid,Corporate,PHEV,KKL,REST,Standard,45
2025,12,MAZDA,28,Madrid,Corporate,PHEV,UKL2,REST,Standard,1
2025,12,MAZDA,28,Madrid,Private,BEV,MKL,REST,Standard,11
2025,12,MAZDA,28,Madrid,Private,ICE,KKL,REST,Standard,14
2025,12,MAZDA,28,Madrid,Private,ICE,UKL1,REST,Standard,4
2025,12,MAZDA,28,Madrid,Private,ICE,UKL2,REST,Standard,200
2025,12,MAZDA,28,Madrid,Private,PHEV,KKL,REST,Standard,27
2025,12,MAZDA,28,Madrid,RAC,ICE,KKL,REST,Standard,1
2025,12,MAZDA,28,Madrid,RAC,ICE,UKL1,REST,Standard,1
2025,12,MAZDA,28,Madrid,RAC,ICE,UKL2,REST,Standard,50
2025,12,MERCEDES,28,Madrid,Corporate,BEV,GKL,FOCUS SEGMENT,Standard,7
2025,12,MERCEDES,28,Madrid,Corporate,BEV,MKL,FOCUS SEGMENT,Standard,34
2025,12,MERCEDES,28,Madrid,Corporate,BEV,MKL,REST,Standard,5
2025,12,MERCEDES,28,Madrid,Corporate,BEV,UKL2,FOCUS SEGMENT,Standard,103
2025,12,MERCEDES,28,Madrid,Corporate,ICE,GKL,FOCUS SEGMENT,M,5
2025,12,MERCEDES,28,Madrid,Corporate,ICE,GKL,FOCUS SEGMENT,Standard,10
2025,12,MERCEDES,28,Madrid,Corporate,ICE,KKL,FOCUS SEGMENT,M Performance,10
2025,12,MERCEDES,28,Madrid,Corporate,ICE,KKL,FOCUS SEGMENT,Standard,231
2025,12,MERCEDES,28,Madrid,Corporate,ICE,MKL,FOCUS SEGMENT,M,3
2025,12,MERCEDES,28,Madrid,Corporate,ICE,MKL,FOCUS SEGMENT,M Performance,10
2025,12,MERCEDES,28,Madrid,Corporate,ICE,MKL,FOCUS SEGMENT,Standard,40
2025,12,MERCEDES,28,Madrid,Corporate,ICE,MKL,REST,Standard,24
2025,12,MERCEDES,28,Madrid,Corporate,ICE,SKL,REST,Standard,29
2025,12,MERCEDES,28,Madrid,Corporate,ICE,UKL2,FOCUS SEGMENT,M,3
2025,12,MERCEDES,28,Madrid,Corporate,ICE,UKL2,FOCUS SEGMENT,M Performance,3
2025,12,MERCEDES,28,Madrid,Corporate,ICE,UKL2,FOCUS SEGMENT,Standard,472
2025,12,MERCEDES,28,Madrid,Corporate,PHEV,KKL,FOCUS SEGMENT,Standard,332
2025,12,MERCEDES,28,Madrid,Corporate,PHEV,MKL,FOCUS SEGMENT,M Performance,15
2025,12,MERCEDES,28,Madrid,Corporate,PHEV,MKL,FOCUS SEGMENT,Standard,67
2025,12,MERCEDES,28,Madrid,Corporate,PHEV,UKL2,FOCUS SEGMENT,Standard,208
2025,12,MERCEDES,28,Madrid,Private,BEV,MKL,FOCUS SEGMENT,Standard,5
2025,12,MERCEDES,28,Madrid,Private,BEV,UKL2,FOCUS SEGMENT,Standard,27
2025,12,MERCEDES,28,Madrid,Private,ICE,GKL,FOCUS SEGMENT,M,2
2025,12,MERCEDES,28,Madrid,Private,ICE,GKL,FOCUS SEGMENT,Standard,2
2025,12,MERCEDES,28,Madrid,Private,ICE,KKL,FOCUS SEGMENT,M Performance,3
2025,12,MERCEDES,28,Madrid,Private,ICE,KKL,FOCUS SEGMENT,Standard,12
2025,12,MERCEDES,28,Madrid,Private,ICE,MKL,FOCUS SEGMENT,M Performance,2
2025,12,MERCEDES,28,Madrid,Private,ICE,MKL,FOCUS SEGMENT,Standard,9
2025,12,MERCEDES,28,Madrid,Private,ICE,MKL,REST,Standard,3
2025,12,MERCEDES,28,Madrid,Private,ICE,UKL2,FOCUS SEGMENT,Standard,39
2025,12,MERCEDES,28,Madrid,Private,PHEV,GKL,FOCUS SEGMENT,Standard,1
2025,12,MERCEDES,28,Madrid,Private,PHEV,KKL,FOCUS SEGMENT,Standard,43
2025,12,MERCEDES,28,Madrid,Private,PHEV,MKL,FOCUS SEGMENT,M Performance,1
2025,12,MERCEDES,28,Madrid,Private,PHEV,MKL,FOCUS SEGMENT,Standard,7
2025,12,MERCEDES,28,Madrid,Private,PHEV,UKL2,FOCUS SEGMENT,Standard,54
2025,12,MERCEDES,28,Madrid,RAC,BEV,UKL2,FOCUS SEGMENT,Standard,37
2025,12,MERCEDES,28,Madrid,RAC,ICE,MKL,REST,Standard,1
2025,12,MERCEDES,28,Madrid,RAC,ICE,SKL,REST,Standard,9
2025,12,MERCEDES,28,Madrid,RAC,ICE,UKL2,FOCUS SEGMENT,Standard,7
2025,12,MERCEDES,28,Madrid,RAC,PHEV,MKL,FOCUS SEGMENT,Standard,1
2025,12,MERCEDES,28,Madrid,RAC,PHEV,UKL2,FOCUS SEGMENT,Standard,14
2025,12,MERCEDES-V,28,Madrid,Corporate,ICE,SKL,REST,Standard,2
2025,12,MG,28,Madrid,Corporate,BEV,UKL1,REST,Standard,2
2025,12,MG,28,Madrid,Corporate,BEV,UKL2,REST,Standard,2
2025,12,MG,28,Madrid,Corporate,ICE,KKL,REST,Standard,6
2025,12,MG,28,Madrid,Corporate,ICE,UKL1,REST,Standard,151
2025,12,MG,28,Madrid,Corporate,PHEV,KKL,REST,Standard,12
2025,12,MG,28,Madrid,Private,BEV,UKL1,REST,Standard,9
2025,12,MG,28,Madrid,Private,BEV,UKL2,REST,Standard,19
2025,12,MG,28,Madrid,Private,ICE,KKL,REST,Standard,16
2025,12,MG,28,Madrid,Private,ICE,UKL1,REST,Standard,268
2025,12,MG,28,Madrid,Private,PHEV,KKL,REST,Standard,210
2025,12,MG,28,Madrid,RAC,BEV,UKL2,REST,Standard,1
2025,12,MG,28,Madrid,RAC,ICE,UKL1,REST,Standard,175
2025,12,MINI,28,Madrid,Corporate,BEV,UKL1,FOCUS SEGMENT,JCW,11
2025,12,MINI,28,Madrid,Corporate,BEV,UKL1,FOCUS SEGMENT,Standard,60
2025,12,MINI,28,Madrid,Corporate,BEV,UKL2,FOCUS SEGMENT,Standard,7
2025,12,MINI,28,Madrid,Corporate,ICE,UKL1,FOCUS SEGMENT,JCW,1
2025,12,MINI,28,Madrid,Corporate,ICE,UKL1,FOCUS SEGMENT,Standard,39
2025,12,MINI,28,Madrid,Corporate,ICE,UKL2,FOCUS SEGMENT,Standard,46
2025,12,MINI,28,Madrid,Private,BEV,UKL1,FOCUS SEGMENT,JCW,11
2025,12,MINI,28,Madrid,Private,BEV,UKL1,FOCUS SEGMENT,Standard,79
2025,12,MINI,28,Madrid,Private,BEV,UKL2,FOCUS SEGMENT,Standard,7
2025,12,MINI,28,Madrid,Private,ICE,UKL1,FOCUS SEGMENT,JCW,4
2025,12,MINI,28,Madrid,Private,ICE,UKL1,FOCUS SEGMENT,Standard,26
2025,12,MINI,28,Madrid,Private,ICE,UKL2,FOCUS SEGMENT,JCW,1
2025,12,MINI,28,Madrid,Private,ICE,UKL2,FOCUS SEGMENT,Standard,9
2025,12,MINI,28,Madrid,RAC,BEV,UKL1,FOCUS SEGMENT,Standard,3
2025,12,MINI,28,Madrid,RAC,ICE,UKL1,FOCUS SEGMENT,Standard,58
2025,12,MINI,28,Madrid,RAC,ICE,UKL2,FOCUS SEGMENT,Standard,67
2025,12,MITSUBISHI,28,Madrid,Corporate,BEV,UKL2,REST,Standard,2
2025,12,MITSUBISHI,28,Madrid,Corporate,ICE,UKL1,REST,Standard,10
2025,12,MITSUBISHI,28,Madrid,Corporate,ICE,UKL2,REST,Standard,7
2025,12,MITSUBISHI,28,Madrid,Corporate,PHEV,KKL,REST,Standard,3
2025,12,MITSUBISHI,28,Madrid,Private,ICE,UKL1,REST,Standard,8
2025,12,MITSUBISHI,28,Madrid,Private,ICE,UKL2,REST,Standard,10
2025,12,MITSUBISHI,28,Madrid,Private,PHEV,KKL,REST,Standard,3
2025,12,MITSUBISHI,28,Madrid,RAC,ICE,UKL1,REST,Standard,200
2025,12,NISSAN,28,Madrid,Corporate,BEV,UKL1,REST,Standard,10
2025,12,NISSAN,28,Madrid,Corporate,BEV,UKL2,REST,Standard,2
2025,12,NISSAN,28,Madrid,Corporate,ICE,KKL,REST,Standard,77
2025,12,NISSAN,28,Madrid,Corporate,ICE,SKL,REST,Standard,2
2025,12,NISSAN,28,Madrid,Corporate,ICE,UKL1,REST,Standard,169
2025,12,NISSAN,28,Madrid,Corporate,ICE,UKL2,REST,Standard,568
2025,12,NISSAN,28,Madrid,Private,BEV,UKL1,REST,Standard,3
2025,12,NISSAN,28,Madrid,Private,BEV,UKL2,REST,Standard,3
2025,12,NISSAN,28,Madrid,Private,ICE,KKL,REST,Standard,39
2025,12,NISSAN,28,Madrid,Private,ICE,SKL,REST,Standard,2
2025,12,NISSAN,28,Madrid,Private,ICE,UKL1,REST,Standard,54
2025,12,NISSAN,28,Madrid,Private,ICE,UKL2,REST,Standard,147
2025,12,NISSAN,28,Madrid,RAC,ICE,UKL1,REST,Standard,42
2025,12,NISSAN,28,Madrid,RAC,ICE,UKL2,REST,Standard,149
2025,12,OMODA,28,Madrid,Corporate,BEV,UKL2,REST,Standard,2
2025,12,OMODA,28,Madrid,Corporate,ICE,UKL2,REST,Standard,107
2025,12,OMODA,28,Madrid,Corporate,PHEV,KKL,REST,Standard,73
2025,12,OMODA,28,Madrid,Private,BEV,UKL2,REST,Standard,25
2025,12,OMODA,28,Madrid,Private,ICE,UKL2,REST,Standard,75
2025,12,OMODA,28,Madrid,Private,PHEV,KKL,REST,Standard,87
2025,12,OPEL,28,Madrid,Corporate,BEV,KKL,REST,Standard,156
2025,12,OPEL,28,Madrid,Corporate,BEV,UKL1,REST,Standard,7
2025,12,OPEL,28,Madrid,Corporate,BEV,UKL2,REST,Standard,1
2025,12,OPEL,28,Madrid,Corporate,ICE,KKL,REST,Standard,69
2025,12,OPEL,28,Madrid,Corporate,ICE,SKL,REST,Standard,15
2025,12,OPEL,28,Madrid,Corporate,ICE,UKL1,REST,Standard,667
2025,12,OPEL,28,Madrid,Corporate,ICE,UKL2,REST,Standard,19
2025,12,OPEL,28,Madrid,Private,BEV,KKL,REST,Standard,3
2025,12,OPEL,28,Madrid,Private,BEV,UKL1,REST,Standard,1
2025,12,OPEL,28,Madrid,Private,ICE,KKL,REST,Standard,18
2025,12,OPEL,28,Madrid,Private,ICE,SKL,REST,Standard,1
2025,12,OPEL,28,Madrid,Private,ICE,UKL1,REST,Standard,29
2025,12,OPEL,28,Madrid,Private,ICE,UKL2,REST,Standard,8
2025,12,OPEL,28,Madrid,RAC,BEV,KKL,REST,Standard,16
2025,12,OPEL,28,Madrid,RAC,ICE,KKL,REST,Standard,3
2025,12,OPEL,28,Madrid,RAC,ICE,SKL,REST,Standard,4
2025,12,OPEL,28,Madrid,RAC,ICE,UKL1,REST,Standard,40
2025,12,OPEL,28,Madrid,RAC,ICE,UKL2,REST,Standard,35
2025,12,PEUGEOT,28,Madrid,Corporate,BEV,SKL,REST,Standard,2
2025,12,PEUGEOT,28,Madrid,Corporate,BEV,UKL1,REST,Standard,25
2025,12,PEUGEOT,28,Madrid,Corporate,BEV,UKL2,REST,Standard,4
2025,12,PEUGEOT,28,Madrid,Corporate,ICE,KKL,REST,Standard,39
2025,12,PEUGEOT,28,Madrid,Corporate,ICE,SKL,REST,Standard,154
2025,12,PEUGEOT,28,Madrid,Corporate,ICE,UKL1,REST,Standard,2097
2025,12,PEUGEOT,28,Madrid,Corporate,ICE,UKL2,REST,Standard,242
2025,12,PEUGEOT,28,Madrid,Corporate,PHEV,KKL,REST,Standard,16
2025,12,PEUGEOT,28,Madrid,Corporate,PHEV,UKL2,REST,Standard,48
2025,12,PEUGEOT,28,Madrid,Private,BEV,SKL,REST,Standard,2
2025,12,PEUGEOT,28,Madrid,Private,BEV,UKL1,REST,Standard,9
2025,12,PEUGEOT,28,Madrid,Private,BEV,UKL2,REST,Standard,8
2025,12,PEUGEOT,28,Madrid,Private,ICE,KKL,REST,Standard,16
2025,12,PEUGEOT,28,Madrid,Private,ICE,SKL,REST,Standard,17
2025,12,PEUGEOT,28,Madrid,Private,ICE,UKL1,REST,Standard,101
2025,12,PEUGEOT,28,Madrid,Private,ICE,UKL2,REST,Standard,75
2025,12,PEUGEOT,28,Madrid,Private,PHEV,KKL,REST,Standard,9
2025,12,PEUGEOT,28,Madrid,Private,PHEV,UKL2,REST,Standard,11
2025,12,PEUGEOT,28,Madrid,RAC,BEV,UKL1,REST,Standard,110
2025,12,PEUGEOT,28,Madrid,RAC,ICE,KKL,REST,Standard,68
2025,12,PEUGEOT,28,Madrid,RAC,ICE,SKL,REST,Standard,8
2025,12,PEUGEOT,28,Madrid,RAC,ICE,UKL1,REST,Standard,438
2025,12,PEUGEOT,28,Madrid,RAC,ICE,UKL2,REST,Standard,4
2025,12,PEUGEOT,28,Madrid,RAC,PHEV,UKL2,REST,Standard,3
2025,12,POLESTAR,28,Madrid,Corporate,BEV,KKL,FOCUS SEGMENT,Standard,49
2025,12,POLESTAR,28,Madrid,Corporate,BEV,MKL,FOCUS SEGMENT,Standard,7
2025,12,POLESTAR,28,Madrid,Private,BEV,KKL,FOCUS SEGMENT,Standard,10
2025,12,PORSCHE,28,Madrid,Corporate,BEV,GKL,FOCUS SEGMENT,M,2
2025,12,PORSCHE,28,Madrid,Corporate,BEV,GKL,FOCUS SEGMENT,M Performance,4
2025,12,PORSCHE,28,Madrid,Corporate,BEV,GKL,FOCUS SEGMENT,Standard,9
2025,12,PORSCHE,28,Madrid,Corporate,BEV,KKL,FOCUS SEGMENT,M,1
2025,12,PORSCHE,28,Madrid,Corporate,BEV,KKL,FOCUS SEGMENT,Standard,18
2025,12,PORSCHE,28,Madrid,Corporate,ICE,GKL,FOCUS SEGMENT,M Performance,8
2025,12,PORSCHE,28,Madrid,Corporate,ICE,GKL,FOCUS SEGMENT,Standard,3
2025,12,PORSCHE,28,Madrid,Corporate,ICE,MKL,FOCUS SEGMENT,M Performance,1
2025,12,PORSCHE,28,Madrid,Corporate,PHEV,GKL,FOCUS SEGMENT,M,1
2025,12,PORSCHE,28,Madrid,Corporate,PHEV,GKL,FOCUS SEGMENT,M Performance,3
2025,12,PORSCHE,28,Madrid,Corporate,PHEV,GKL,FOCUS SEGMENT,Standard,5
2025,12,PORSCHE,28,Madrid,Corporate,PHEV,MKL,FOCUS SEGMENT,M Performance,4
2025,12,PORSCHE,28,Madrid,Corporate,PHEV,MKL,FOCUS SEGMENT,Standard,18
2025,12,PORSCHE,28,Madrid,Private,BEV,GKL,FOCUS SEGMENT,M Performance,2
2025,12,PORSCHE,28,Madrid,Private,BEV,KKL,FOCUS SEGMENT,Standard,1
2025,12,PORSCHE,28,Madrid,Private,ICE,GKL,FOCUS SEGMENT,M Performance,3
2025,12,PORSCHE,28,Madrid,Private,ICE,GKL,FOCUS SEGMENT,Standard,1
2025,12,PORSCHE,28,Madrid,Private,PHEV,GKL,FOCUS SEGMENT,M,1
2025,12,PORSCHE,28,Madrid,Private,PHEV,GKL,FOCUS SEGMENT,M Performance,1
2025,12,PORSCHE,28,Madrid,Private,PHEV,GKL,FOCUS SEGMENT,Standard,1
2025,12,PORSCHE,28,Madrid,Private,PHEV,MKL,FOCUS SEGMENT,Standard,4
2025,12,REHATRANS,28,Madrid,Corporate,ICE,SKL,REST,Standard,3
2025,12,RENAULT,28,Madrid,Corporate,BEV,SKL,REST,Standard,9
2025,12,RENAULT,28,Madrid,Corporate,BEV,UKL1,REST,Standard,19
2025,12,RENAULT,28,Madrid,Corporate,BEV,UKL2,REST,Standard,14
2025,12,RENAULT,28,Madrid,Corporate,ICE,KKL,REST,Standard,116
2025,12,RENAULT,28,Madrid,Corporate,ICE,SKL,REST,Standard,34
2025,12,RENAULT,28,Madrid,Corporate,ICE,UKL1,REST,Standard,1312
2025,12,RENAULT,28,Madrid,Corporate,ICE,UKL2,REST,Standard,924
2025,12,RENAULT,28,Madrid,Corporate,PHEV,UKL2,REST,Standard,65
2025,12,RENAULT,28,Madrid,Private,BEV,UKL1,REST,Standard,45
2025,12,RENAULT,28,Madrid,Private,BEV,UKL2,REST,Standard,5
2025,12,RENAULT,28,Madrid,Private,ICE,KKL,REST,Standard,28
2025,12,RENAULT,28,Madrid,Private,ICE,SKL,REST,Standard,5
2025,12,RENAULT,28,Madrid,Private,ICE,UKL1,REST,Standard,434
2025,12,RENAULT,28,Madrid,Private,ICE,UKL2,REST,Standard,141
2025,12,RENAULT,28,Madrid,Private,PHEV,UKL2,REST,Standard,32
2025,12,RENAULT,28,Madrid,RAC,ICE,UKL1,REST,Standard,1071
2025,12,RENAULT,28,Madrid,RAC,ICE,UKL2,REST,Standard,25
2025,12,SEAT,28,Madrid,Corporate,ICE,UKL1,REST,Standard,647
2025,12,SEAT,28,Madrid,Corporate,ICE,UKL2,REST,Standard,542
2025,12,SEAT,28,Madrid,Corporate,PHEV,UKL2,REST,Standard,17
2025,12,SEAT,28,Madrid,Private,ICE,UKL1,REST,Standard,146
2025,12,SEAT,28,Madrid,Private,ICE,UKL2,REST,Standard,114
2025,12,SEAT,28,Madrid,Private,PHEV,UKL2,REST,Standard,8
2025,12,SEAT,28,Madrid,RAC,ICE,UKL1,REST,Standard,632
2025,12,SEAT,28,Madrid,RAC,ICE,UKL2,REST,Standard,224
2025,12,SHINERAY,28,Madrid,Private,ICE,MKL,REST,Standard,6
2025,12,SHINERAY,28,Madrid,Private,PHEV,MKL,REST,Standard,1
2025,12,SIN MARCA,28,Madrid,Corporate,ICE,,,Standard,1
2025,12,SIN MARCA,28,Madrid,Corporate,ICE,,REST,Standard,1
2025,12,SIN MARCA,28,Madrid,RAC,ICE,,REST,Standard,5
2025,12,SKODA,28,Madrid,Corporate,BEV,UKL2,REST,Standard,72
2025,12,SKODA,28,Madrid,Corporate,ICE,KKL,REST,Standard,45
2025,12,SKODA,28,Madrid,Corporate,ICE,UKL1,REST,Standard,818
2025,12,SKODA,28,Madrid,Corporate,ICE,UKL2,REST,Standard,446
2025,12,SKODA,28,Madrid,Corporate,PHEV,KKL,REST,Standard,19
2025,12,SKODA,28,Madrid,Private,BEV,UKL2,REST,Standard,40
2025,12,SKODA,28,Madrid,Private,ICE,KKL,REST,Standard,8
2025,12,SKODA,28,Madrid,Private,ICE,UKL1,REST,Standard,68
2025,12,SKODA,28,Madrid,Private,ICE,UKL2,REST,Standard,61
2025,12,SKODA,28,Madrid,Private,PHEV,KKL,REST,Standard,26
2025,12,SKODA,28,Madrid,RAC,ICE,KKL,REST,Standard,1
2025,12,SKODA,28,Madrid,RAC,ICE,UKL1,REST,Standard,2
2025,12,SKODA,28,Madrid,RAC,ICE,UKL2,REST,Standard,67
2025,12,SMART,28,Madrid,Corporate,BEV,KKL,FOCUS SEGMENT,Standard,1
2025,12,SMART,28,Madrid,Corporate,BEV,UKL1,FOCUS SEGMENT,Standard,6
2025,12,SMART,28,Madrid,Corporate,BEV,UKL2,FOCUS SEGMENT,Standard,2
2025,12,SMART,28,Madrid,Private,BEV,KKL,FOCUS SEGMENT,Standard,1
2025,12,SMART,28,Madrid,Private,BEV,UKL1,FOCUS SEGMENT,Standard,5
2025,12,SMART,28,Madrid,Private,BEV,UKL2,FOCUS SEGMENT,Standard,4
2025,12,SUBARU,28,Madrid,Corporate,ICE,KKL,REST,Standard,8
2025,12,SUBARU,28,Madrid,Corporate,ICE,UKL2,REST,Standard,1
2025,12,SUBARU,28,Madrid,Private,ICE,KKL,REST,Standard,6
2025,12,SUBARU,28,Madrid,Private,ICE,UKL2,REST,Standard,1
2025,12,SUZUKI,28,Madrid,Corporate,ICE,UKL1,REST,Standard,20
2025,12,SUZUKI,28,Madrid,Corporate,ICE,UKL2,REST,Standard,48
2025,12,SUZUKI,28,Madrid,Corporate,PHEV,UKL2,REST,Standard,1
2025,12,SUZUKI,28,Madrid,Private,ICE,UKL1,REST,Standard,30
2025,12,SUZUKI,28,Madrid,Private,ICE,UKL2,REST,Standard,25
2025,12,SUZUKI,28,Madrid,RAC,ICE,UKL1,REST,Standard,70
2025,12,SUZUKI,28,Madrid,RAC,ICE,UKL2,REST,Standard,1
2025,12,TESLA,28,Madrid,Corporate,BEV,GKL,FOCUS SEGMENT,Standard,2
2025,12,TESLA,28,Madrid,Corporate,BEV,KKL,FOCUS SEGMENT,Standard,178
2025,12,TESLA,28,Madrid,Private,BEV,KKL,FOCUS SEGMENT,Standard,382
2025,12,TOYOTA,28,Madrid,Corporate,BEV,SKL,REST,Standard,13
2025,12,TOYOTA,28,Madrid,Corporate,BEV,UKL2,REST,Standard,12
2025,12,TOYOTA,28,Madrid,Corporate,ICE,GKL,REST,Standard,21
2025,12,TOYOTA,28,Madrid,Corporate,ICE,SKL,REST,Standard,31
2025,12,TOYOTA,28,Madrid,Corporate,ICE,UKL0,REST,Standard,4
2025,12,TOYOTA,28,Madrid,Corporate,ICE,UKL1,REST,Standard,650
2025,12,TOYOTA,28,Madrid,Corporate,ICE,UKL2,REST,Standard,462
2025,12,TOYOTA,28,Madrid,Corporate,PHEV,UKL1,REST,Standard,107
2025,12,TOYOTA,28,Madrid,Corporate,PHEV,UKL2,REST,Standard,142
2025,12,TOYOTA,28,Madrid,Private,BEV,SKL,REST,Standard,1
2025,12,TOYOTA,28,Madrid,Private,BEV,UKL2,REST,Standard,1
2025,12,TOYOTA,28,Madrid,Private,ICE,GKL,REST,Standard,7
2025,12,TOYOTA,28,Madrid,Private,ICE,SKL,REST,Standard,13
2025,12,TOYOTA,28,Madrid,Private,ICE,UKL0,REST,Standard,1
2025,12,TOYOTA,28,Madrid,Private,ICE,UKL1,REST,Standard,507
2025,12,TOYOTA,28,Madrid,Private,ICE,UKL2,REST,Standard,302
2025,12,TOYOTA,28,Madrid,Private,PHEV,UKL1,REST,Standard,119
2025,12,TOYOTA,28,Madrid,Private,PHEV,UKL2,REST,Standard,106
2025,12,TOYOTA,28,Madrid,RAC,BEV,UKL2,REST,Standard,1
2025,12,TOYOTA,28,Madrid,RAC,ICE,SKL,REST,Standard,75
2025,12,TOYOTA,28,Madrid,RAC,ICE,UKL1,REST,Standard,25
2025,12,TOYOTA,28,Madrid,RAC,ICE,UKL2,REST,Standard,6
2025,12,VOLKSWAGEN,28,Madrid,Corporate,BEV,MKL,REST,Standard,7
2025,12,VOLKSWAGEN,28,Madrid,Corporate,BEV,SKL,REST,Standard,26
2025,12,VOLKSWAGEN,28,Madrid,Corporate,BEV,UKL2,REST,Standard,56
2025,12,VOLKSWAGEN,28,Madrid,Corporate,ICE,KKL,REST,Standard,27
2025,12,VOLKSWAGEN,28,Madrid,Corporate,ICE,MKL,REST,Standard,20
2025,12,VOLKSWAGEN,28,Madrid,Corporate,ICE,SKL,REST,Standard,42
2025,12,VOLKSWAGEN,28,Madrid,Corporate,ICE,UKL1,REST,Standard,455
2025,12,VOLKSWAGEN,28,Madrid,Corporate,ICE,UKL2,REST,Standard,1592
2025,12,VOLKSWAGEN,28,Madrid,Corporate,PHEV,KKL,REST,Standard,2
2025,12,VOLKSWAGEN,28,Madrid,Corporate,PHEV,MKL,REST,Standard,5
2025,12,VOLKSWAGEN,28,Madrid,Corporate,PHEV,SKL,REST,Standard,48
2025,12,VOLKSWAGEN,28,Madrid,Corporate,PHEV,UKL2,REST,Standard,218
2025,12,VOLKSWAGEN,28,Madrid,Private,BEV,MKL,REST,Standard,3
2025,12,VOLKSWAGEN,28,Madrid,Private,BEV,SKL,REST,Standard,3
2025,12,VOLKSWAGEN,28,Madrid,Private,BEV,UKL2,REST,Standard,49
2025,12,VOLKSWAGEN,28,Madrid,Private,ICE,MKL,REST,Standard,1
2025,12,VOLKSWAGEN,28,Madrid,Private,ICE,SKL,REST,Standard,7
2025,12,VOLKSWAGEN,28,Madrid,Private,ICE,UKL1,REST,Standard,110
2025,12,VOLKSWAGEN,28,Madrid,Private,ICE,UKL2,REST,Standard,197
2025,12,VOLKSWAGEN,28,Madrid,Private,PHEV,KKL,REST,Standard,1
2025,12,VOLKSWAGEN,28,Madrid,Private,PHEV,SKL,REST,Standard,31
2025,12,VOLKSWAGEN,28,Madrid,Private,PHEV,UKL2,REST,Standard,128
2025,12,VOLKSWAGEN,28,Madrid,RAC,ICE,SKL,REST,Standard,1
2025,12,VOLKSWAGEN,28,Madrid,RAC,ICE,UKL1,REST,Standard,500
2025,12,VOLKSWAGEN,28,Madrid,RAC,ICE,UKL2,REST,Standard,1
2025,12,VOLKSWAGEN,28,Madrid,RAC,PHEV,SKL,REST,Standard,1
2025,12,VOLVO,28,Madrid,Corporate,BEV,MKL,FOCUS SEGMENT,Standard,7
2025,12,VOLVO,28,Madrid,Corporate,BEV,UKL1,FOCUS SEGMENT,Standard,14
2025,12,VOLVO,28,Madrid,Corporate,BEV,UKL2,FOCUS SEGMENT,Standard,14
2025,12,VOLVO,28,Madrid,Corporate,ICE,KKL,FOCUS SEGMENT,Standard,84
2025,12,VOLVO,28,Madrid,Corporate,ICE,MKL,FOCUS SEGMENT,Standard,14
2025,12,VOLVO,28,Madrid,Corporate,ICE,UKL2,FOCUS SEGMENT,Standard,412
2025,12,VOLVO,28,Madrid,Corporate,PHEV,KKL,FOCUS SEGMENT,Standard,105
2025,12,VOLVO,28,Madrid,Corporate,PHEV,MKL,FOCUS SEGMENT,Standard,38
2025,12,VOLVO,28,Madrid,Private,BEV,UKL1,FOCUS SEGMENT,Standard,63
2025,12,VOLVO,28,Madrid,Private,BEV,UKL2,FOCUS SEGMENT,Standard,3
2025,12,VOLVO,28,Madrid,Private,ICE,KKL,FOCUS SEGMENT,Standard,30
2025,12,VOLVO,28,Madrid,Private,ICE,MKL,FOCUS SEGMENT,Standard,5
2025,12,VOLVO,28,Madrid,Private,ICE,UKL2,FOCUS SEGMENT,Standard,45
2025,12,VOLVO,28,Madrid,Private,PHEV,KKL,FOCUS SEGMENT,Standard,9
2025,12,VOLVO,28,Madrid,Private,PHEV,MKL,FOCUS SEGMENT,Standard,5
2025,12,VOYAH,28,Madrid,Corporate,BEV,KKL,REST,Standard,3
2025,12,XPENG,28,Madrid,Corporate,BEV,KKL,FOCUS SEGMENT,Standard,13
2025,12,XPENG,28,Madrid,Corporate,BEV,MKL,FOCUS SEGMENT,Standard,1
2025,12,XPENG,28,Madrid,Private,BEV,KKL,FOCUS SEGMENT,Standard,32
2025,12,XPENG,28,Madrid,Private,BEV,MKL,FOCUS SEGMENT,Standard,1
2025,12,ZHIDOU,28,Madrid,Private,BEV,,,Standard,1
2025,12,ALFA ROMEO,29,Málaga,Private,BEV,UKL1,REST,Standard,1
2025,12,ALFA ROMEO,29,Málaga,Private,ICE,UKL1,REST,Standard,2
2025,12,ALFA ROMEO,29,Málaga,Private,PHEV,UKL2,REST,Standard,1
2025,12,ALPINA,29,Málaga,Private,ICE,,REST,Standard,1
2025,12,ASTON MARTIN,29,Málaga,Private,ICE,GKL+,FOCUS SEGMENT,Standard,1
2025,12,AUDI,29,Málaga,Corporate,BEV,UKL2,FOCUS SEGMENT,Standard,2
2025,12,AUDI,29,Málaga,Corporate,ICE,KKL,FOCUS SEGMENT,Standard,5
2025,12,AUDI,29,Málaga,Corporate,ICE,MKL,FOCUS SEGMENT,Standard,2
2025,12,AUDI,29,Málaga,Corporate,ICE,UKL1,FOCUS SEGMENT,Standard,6
2025,12,AUDI,29,Málaga,Corporate,ICE,UKL2,FOCUS SEGMENT,Standard,8
2025,12,AUDI,29,Málaga,Corporate,PHEV,KKL,FOCUS SEGMENT,Standard,2
2025,12,AUDI,29,Málaga,Corporate,PHEV,MKL,FOCUS SEGMENT,Standard,1
2025,12,AUDI,29,Málaga,Private,ICE,KKL,FOCUS SEGMENT,M Performance,1
2025,12,AUDI,29,Málaga,Private,ICE,KKL,FOCUS SEGMENT,Standard,2
2025,12,AUDI,29,Málaga,Private,ICE,UKL1,FOCUS SEGMENT,Standard,8
2025,12,AUDI,29,Málaga,Private,ICE,UKL2,FOCUS SEGMENT,Standard,23
2025,12,AUDI,29,Málaga,Private,PHEV,KKL,FOCUS SEGMENT,Standard,4
2025,12,AUDI,29,Málaga,Private,PHEV,MKL,FOCUS SEGMENT,Standard,1
2025,12,AUDI,29,Málaga,Private,PHEV,UKL2,FOCUS SEGMENT,Standard,9
2025,12,AUDI,29,Málaga,RAC,ICE,UKL2,FOCUS SEGMENT,Standard,2
2025,12,BMW,29,Málaga,Corporate,BEV,MKL,FOCUS SEGMENT,Standard,2
2025,12,BMW,29,Málaga,Corporate,ICE,GKL,FOCUS SEGMENT,Standard,3
2025,12,BMW,29,Málaga,Corporate,ICE,KKL,FOCUS SEGMENT,M,4
2025,12,BMW,29,Málaga,Corporate,ICE,KKL,FOCUS SEGMENT,Standard,12
2025,12,BMW,29,Málaga,Corporate,ICE,MKL,FOCUS SEGMENT,Standard,11
2025,12,BMW,29,Málaga,Corporate,ICE,UKL2,FOCUS SEGMENT,Standard,22
2025,12,BMW,29,Málaga,Corporate,PHEV,KKL,FOCUS SEGMENT,Standard,2
2025,12,BMW,29,Málaga,Corporate,PHEV,MKL,FOCUS SEGMENT,M,2
2025,12,BMW,29,Málaga,Corporate,PHEV,MKL,FOCUS SEGMENT,Standard,3
2025,12,BMW,29,Málaga,Corporate,PHEV,UKL2,FOCUS SEGMENT,Standard,3
2025,12,BMW,29,Málaga,Private,BEV,KKL,FOCUS SEGMENT,Standard,1
2025,12,BMW,29,Málaga,Private,BEV,UKL2,FOCUS SEGMENT,Standard,9
2025,12,BMW,29,Málaga,Private,ICE,KKL,FOCUS SEGMENT,Standard,2
2025,12,BMW,29,Málaga,Private,ICE,MKL,FOCUS SEGMENT,M Performance,1
2025,12,BMW,29,Málaga,Private,ICE,MKL,FOCUS SEGMENT,Standard,2
2025,12,BMW,29,Málaga,Private,ICE,UKL2,FOCUS SEGMENT,M,1
2025,12,BMW,29,Málaga,Private,ICE,UKL2,FOCUS SEGMENT,Standard,31
2025,12,BMW,29,Málaga,Private,PHEV,KKL,FOCUS SEGMENT,Standard,3
2025,12,BMW,29,Málaga,Private,PHEV,MKL,FOCUS SEGMENT,Standard,2
2025,12,BMW,29,Málaga,Private,PHEV,UKL2,FOCUS SEGMENT,Standard,5
2025,12,BYD,29,Málaga,Corporate,BEV,KKL,REST,Standard,227
2025,12,BYD,29,Málaga,Corporate,BEV,UKL0,REST,Standard,7
2025,12,BYD,29,Málaga,Corporate,BEV,UKL1,REST,Standard,1
2025,12,BYD,29,Málaga,Corporate,BEV,UKL2,REST,Standard,4
2025,12,BYD,29,Málaga,Corporate,PHEV,KKL,REST,Standard,9
2025,12,BYD,29,Málaga,Private,BEV,KKL,REST,Standard,8
2025,12,BYD,29,Málaga,Private,BEV,UKL0,REST,Standard,19
2025,12,BYD,29,Málaga,Private,BEV,UKL1,REST,Standard,11
2025,12,BYD,29,Málaga,Private,BEV,UKL2,REST,Standard,7
2025,12,BYD,29,Málaga,Private,PHEV,KKL,REST,Standard,22
2025,12,CITROEN,29,Málaga,Corporate,ICE,SKL,REST,Standard,15
2025,12,CITROEN,29,Málaga,Corporate,ICE,UKL1,REST,Standard,7
2025,12,CITROEN,29,Málaga,Corporate,ICE,UKL2,REST,Standard,35
2025,12,CITROEN,29,Málaga,Private,BEV,UKL1,REST,Standard,6
2025,12,CITROEN,29,Málaga,Private,BEV,UKL2,REST,Standard,1
2025,12,CITROEN,29,Málaga,Private,ICE,SKL,REST,Standard,3
2025,12,CITROEN,29,Málaga,Private,ICE,UKL1,REST,Standard,17
2025,12,CITROEN,29,Málaga,Private,ICE,UKL2,REST,Standard,16
2025,12,CITROEN,29,Málaga,RAC,ICE,UKL2,REST,Standard,2
2025,12,CUPRA,29,Málaga,Corporate,ICE,UKL2,REST,Standard,3
2025,12,CUPRA,29,Málaga,Corporate,PHEV,UKL2,REST,Standard,10
2025,12,CUPRA,29,Málaga,Private,ICE,UKL2,REST,Standard,13
2025,12,CUPRA,29,Málaga,Private,PHEV,UKL2,REST,Standard,5
2025,12,DACIA,29,Málaga,Corporate,BEV,UKL0,REST,Standard,1
2025,12,DACIA,29,Málaga,Corporate,ICE,SKL,REST,Standard,4
2025,12,DACIA,29,Málaga,Corporate,ICE,UKL1,REST,Standard,4
2025,12,DACIA,29,Málaga,Corporate,ICE,UKL2,REST,Standard,1
2025,12,DACIA,29,Málaga,Private,BEV,UKL0,REST,Standard,1
2025,12,DACIA,29,Málaga,Private,ICE,SKL,REST,Standard,23
2025,12,DACIA,29,Málaga,Private,ICE,UKL1,REST,Standard,69
2025,12,DACIA,29,Málaga,Private,ICE,UKL2,REST,Standard,30
2025,12,DACIA,29,Málaga,RAC,ICE,UKL2,REST,Standard,2
2025,12,DFSK,29,Málaga,Private,PHEV,KKL,REST,Standard,1
2025,12,DONGFENG,29,Málaga,Private,BEV,UKL0,REST,Standard,1
2025,12,DR,29,Málaga,Private,ICE,UKL1,REST,Standard,2
2025,12,DS,29,Málaga,Corporate,PHEV,UKL2,REST,Standard,1
2025,12,DS,29,Málaga,Private,ICE,UKL2,REST,Standard,1
2025,12,EBRO,29,Málaga,Corporate,ICE,KKL,REST,Standard,1
2025,12,EBRO,29,Málaga,Corporate,ICE,UKL2,REST,Standard,9
2025,12,EBRO,29,Málaga,Corporate,PHEV,KKL,REST,Standard,2
2025,12,EBRO,29,Málaga,Corporate,PHEV,UKL2,REST,Standard,5
2025,12,EBRO,29,Málaga,Private,ICE,UKL2,REST,Standard,24
2025,12,EBRO,29,Málaga,Private,PHEV,KKL,REST,Standard,7
2025,12,EBRO,29,Málaga,Private,PHEV,UKL2,REST,Standard,11
2025,12,EVO,29,Málaga,Corporate,ICE,UKL2,REST,Standard,1
2025,12,EVO,29,Málaga,Private,ICE,UKL2,REST,Standard,1
2025,12,FERRARI,29,Málaga,Private,ICE,GKL+,FOCUS SEGMENT,Standard,1
2025,12,FERRARI,29,Málaga,Private,PHEV,GKL+,FOCUS SEGMENT,Standard,1
2025,12,FIAT,29,Málaga,Corporate,ICE,UKL1,REST,Standard,5
2025,12,FIAT,29,Málaga,Private,BEV,UKL0,REST,Standard,1
2025,12,FIAT,29,Málaga,Private,ICE,UKL0,REST,Standard,2
2025,12,FIAT,29,Málaga,Private,ICE,UKL1,REST,Standard,1
2025,12,FIAT,29,Málaga,RAC,ICE,UKL0,REST,Standard,5
2025,12,FORD,29,Málaga,Corporate,BEV,UKL1,REST,Standard,2
2025,12,FORD,29,Málaga,Corporate,ICE,UKL1,REST,Standard,4
2025,12,FORD,29,Málaga,Corporate,ICE,UKL2,REST,Standard,3
2025,12,FORD,29,Málaga,Corporate,PHEV,UKL2,REST,Standard,5
2025,12,FORD,29,Málaga,Private,BEV,UKL1,REST,Standard,5
2025,12,FORD,29,Málaga,Private,ICE,SKL,REST,Standard,3
2025,12,FORD,29,Málaga,Private,ICE,UKL1,REST,Standard,10
2025,12,FORD,29,Málaga,Private,ICE,UKL2,REST,Standard,8
2025,12,FORD,29,Málaga,Private,PHEV,SKL,REST,Standard,2
2025,12,FORD,29,Málaga,Private,PHEV,UKL2,REST,Standard,8
2025,12,HONDA,29,Málaga,Corporate,ICE,KKL,REST,Standard,2
2025,12,HONDA,29,Málaga,Corporate,ICE,UKL2,REST,Standard,8
2025,12,HONDA,29,Málaga,Private,BEV,UKL1,REST,Standard,1
2025,12,HONDA,29,Málaga,Private,ICE,UKL1,REST,Standard,5
2025,12,HONDA,29,Málaga,Private,ICE,UKL2,REST,Standard,10
2025,12,HYUNDAI,29,Málaga,Corporate,ICE,MKL,REST,Standard,2
2025,12,HYUNDAI,29,Málaga,Corporate,ICE,UKL0,REST,Standard,1
2025,12,HYUNDAI,29,Málaga,Corporate,ICE,UKL2,REST,Standard,8
2025,12,HYUNDAI,29,Málaga,Corporate,PHEV,UKL2,REST,Standard,3
2025,12,HYUNDAI,29,Málaga,Private,BEV,UKL1,REST,Standard,3
2025,12,HYUNDAI,29,Málaga,Private,BEV,UKL2,REST,Standard,2
2025,12,HYUNDAI,29,Málaga,Private,ICE,UKL0,REST,Standard,4
2025,12,HYUNDAI,29,Málaga,Private,ICE,UKL1,REST,Standard,36
2025,12,HYUNDAI,29,Málaga,Private,ICE,UKL2,REST,Standard,34
2025,12,HYUNDAI,29,Málaga,Private,PHEV,UKL2,REST,Standard,4
2025,12,INEOS,29,Málaga,RAC,ICE,MKL,REST,Standard,2
2025,12,JAECOO,29,Málaga,Corporate,ICE,UKL2,REST,Standard,6
2025,12,JAECOO,29,Málaga,Corporate,PHEV,UKL2,REST,Standard,1
2025,12,JAECOO,29,Málaga,Private,BEV,UKL1,REST,Standard,1
2025,12,JAECOO,29,Málaga,Private,ICE,UKL2,REST,Standard,13
2025,12,JAECOO,29,Málaga,Private,PHEV,UKL2,REST,Standard,8
2025,12,JEEP,29,Málaga,Corporate,ICE,UKL1,REST,Standard,2
2025,12,JEEP,29,Málaga,Private,ICE,UKL1,REST,Standard,6
2025,12,KG MOBILITY,29,Málaga,Private,BEV,UKL2,REST,Standard,3
2025,12,KG MOBILITY,29,Málaga,Private,ICE,MKL,REST,Standard,1
2025,12,KG MOBILITY,29,Málaga,Private,ICE,UKL1,REST,Standard,2
2025,12,KG MOBILITY,29,Málaga,Private,ICE,UKL2,REST,Standard,4
2025,12,KIA,29,Málaga,Corporate,BEV,KKL,REST,Standard,1
2025,12,KIA,29,Málaga,Corporate,BEV,MKL,REST,Standard,1
2025,12,KIA,29,Málaga,Corporate,ICE,UKL1,REST,Standard,14
2025,12,KIA,29,Málaga,Corporate,ICE,UKL2,REST,Standard,7
2025,12,KIA,29,Málaga,Private,BEV,KKL,REST,Standard,1
2025,12,KIA,29,Málaga,Private,BEV,MKL,REST,Standard,1
2025,12,KIA,29,Málaga,Private,BEV,SKL,REST,Standard,2
2025,12,KIA,29,Málaga,Private,BEV,UKL1,REST,Standard,5
2025,12,KIA,29,Málaga,Private,BEV,UKL2,REST,Standard,1
2025,12,KIA,29,Málaga,Private,ICE,KKL,REST,Standard,1
2025,12,KIA,29,Málaga,Private,ICE,UKL0,REST,Standard,2
2025,12,KIA,29,Málaga,Private,ICE,UKL1,REST,Standard,31
2025,12,KIA,29,Málaga,Private,ICE,UKL2,REST,Standard,68
2025,12,KIA,29,Málaga,Private,PHEV,UKL2,REST,Standard,1
2025,12,LAND ROVER,29,Málaga,Corporate,ICE,MKL,FOCUS SEGMENT,Standard,3
2025,12,LAND ROVER,29,Málaga,Corporate,ICE,UKL2,FOCUS SEGMENT,Standard,2
2025,12,LAND ROVER,29,Málaga,Corporate,PHEV,GKL,FOCUS SEGMENT,Standard,1
2025,12,LAND ROVER,29,Málaga,Corporate,PHEV,MKL,FOCUS SEGMENT,Standard,3
2025,12,LAND ROVER,29,Málaga,Private,ICE,GKL,FOCUS SEGMENT,Standard,1
2025,12,LAND ROVER,29,Málaga,Private,ICE,MKL,FOCUS SEGMENT,Standard,3
2025,12,LAND ROVER,29,Málaga,Private,PHEV,MKL,FOCUS SEGMENT,Standard,1
2025,12,LAND ROVER,29,Málaga,Private,PHEV,UKL2,FOCUS SEGMENT,Standard,1
2025,12,LEAPMOTOR,29,Málaga,Corporate,BEV,MKL,REST,Standard,3
2025,12,LEAPMOTOR,29,Málaga,Corporate,BEV,UKL0,REST,Standard,1
2025,12,LEAPMOTOR,29,Málaga,Corporate,BEV,UKL2,REST,Standard,1
2025,12,LEAPMOTOR,29,Málaga,Private,BEV,MKL,REST,Standard,3
2025,12,LEAPMOTOR,29,Málaga,Private,BEV,UKL0,REST,Standard,4
2025,12,LEAPMOTOR,29,Málaga,Private,BEV,UKL2,REST,Standard,9
2025,12,LEXUS,29,Málaga,Corporate,ICE,KKL,FOCUS SEGMENT,Standard,1
2025,12,LEXUS,29,Málaga,Corporate,ICE,UKL1,FOCUS SEGMENT,Standard,1
2025,12,LEXUS,29,Málaga,Corporate,ICE,UKL2,FOCUS SEGMENT,Standard,1
2025,12,LEXUS,29,Málaga,Private,ICE,KKL,FOCUS SEGMENT,Standard,3
2025,12,LEXUS,29,Málaga,Private,ICE,UKL1,FOCUS SEGMENT,Standard,4
2025,12,LEXUS,29,Málaga,Private,PHEV,KKL,FOCUS SEGMENT,Standard,6
2025,12,LYNK & CO,29,Málaga,Corporate,BEV,UKL2,REST,Standard,1
2025,12,LYNK & CO,29,Málaga,Private,PHEV,UKL2,REST,Standard,2
2025,12,MASERATI,29,Málaga,Private,ICE,KKL,FOCUS SEGMENT,Standard,1
2025,12,MAZDA,29,Málaga,Corporate,BEV,MKL,REST,Standard,1
2025,12,MAZDA,29,Málaga,Corporate,ICE,UKL1,REST,Standard,2
2025,12,MAZDA,29,Málaga,Corporate,ICE,UKL2,REST,Standard,6
2025,12,MAZDA,29,Málaga,Corporate,PHEV,KKL,REST,Standard,1
2025,12,MAZDA,29,Málaga,Private,BEV,MKL,REST,Standard,2
2025,12,MAZDA,29,Málaga,Private,ICE,UKL1,REST,Standard,2
2025,12,MAZDA,29,Málaga,Private,ICE,UKL2,REST,Standard,18
2025,12,MAZDA,29,Málaga,Private,PHEV,KKL,REST,Standard,1
2025,12,MAZDA,29,Málaga,RAC,ICE,KKL,REST,Standard,1
2025,12,MERCEDES,29,Málaga,Corporate,BEV,MKL,FOCUS SEGMENT,Standard,1
2025,12,MERCEDES,29,Málaga,Corporate,BEV,UKL2,FOCUS SEGMENT,Standard,1
2025,12,MERCEDES,29,Málaga,Corporate,ICE,KKL,FOCUS SEGMENT,M Performance,2
2025,12,MERCEDES,29,Málaga,Corporate,ICE,KKL,FOCUS SEGMENT,Standard,11
2025,12,MERCEDES,29,Málaga,Corporate,ICE,MKL,FOCUS SEGMENT,M Performance,1
2025,12,MERCEDES,29,Málaga,Corporate,ICE,MKL,FOCUS SEGMENT,Standard,4
2025,12,MERCEDES,29,Málaga,Corporate,ICE,SKL,REST,Standard,1
2025,12,MERCEDES,29,Málaga,Corporate,ICE,UKL2,FOCUS SEGMENT,Standard,7
2025,12,MERCEDES,29,Málaga,Corporate,PHEV,GKL,FOCUS SEGMENT,Standard,1
2025,12,MERCEDES,29,Málaga,Corporate,PHEV,KKL,FOCUS SEGMENT,Standard,8
2025,12,MERCEDES,29,Málaga,Corporate,PHEV,MKL,FOCUS SEGMENT,Standard,1
2025,12,MERCEDES,29,Málaga,Corporate,PHEV,UKL2,FOCUS SEGMENT,Standard,3
2025,12,MERCEDES,29,Málaga,Private,BEV,MKL,FOCUS SEGMENT,Standard,1
2025,12,MERCEDES,29,Málaga,Private,BEV,UKL2,FOCUS SEGMENT,Standard,6
2025,12,MERCEDES,29,Málaga,Private,ICE,KKL,FOCUS SEGMENT,Standard,3
2025,12,MERCEDES,29,Málaga,Private,ICE,MKL,FOCUS SEGMENT,Standard,2
2025,12,MERCEDES,29,Málaga,Private,ICE,UKL2,FOCUS SEGMENT,Standard,17
2025,12,MERCEDES,29,Málaga,Private,PHEV,KKL,FOCUS SEGMENT,Standard,5
2025,12,MERCEDES,29,Málaga,Private,PHEV,MKL,FOCUS SEGMENT,M Performance,1
2025,12,MERCEDES,29,Málaga,Private,PHEV,UKL2,FOCUS SEGMENT,Standard,18
2025,12,MERCEDES,29,Málaga,RAC,ICE,UKL2,FOCUS SEGMENT,Standard,1
2025,12,MERCEDES-V,29,Málaga,Private,ICE,SKL,REST,Standard,1
2025,12,MG,29,Málaga,Corporate,BEV,UKL1,REST,Standard,1
2025,12,MG,29,Málaga,Corporate,ICE,UKL1,REST,Standard,5
2025,12,MG,29,Málaga,Private,BEV,UKL1,REST,Standard,2
2025,12,MG,29,Málaga,Private,BEV,UKL2,REST,Standard,4
2025,12,MG,29,Málaga,Private,ICE,KKL,REST,Standard,3
2025,12,MG,29,Málaga,Private,ICE,UKL1,REST,Standard,80
2025,12,MG,29,Málaga,Private,PHEV,KKL,REST,Standard,20
2025,12,MINI,29,Málaga,Corporate,BEV,UKL1,FOCUS SEGMENT,JCW,1
2025,12,MINI,29,Málaga,Corporate,BEV,UKL1,FOCUS SEGMENT,Standard,5
2025,12,MINI,29,Málaga,Corporate,BEV,UKL2,FOCUS SEGMENT,Standard,1
2025,12,MINI,29,Málaga,Corporate,ICE,UKL1,FOCUS SEGMENT,Standard,23
2025,12,MINI,29,Málaga,Private,BEV,UKL1,FOCUS SEGMENT,JCW,1
2025,12,MINI,29,Málaga,Private,BEV,UKL1,FOCUS SEGMENT,Standard,6
2025,12,MINI,29,Málaga,Private,ICE,UKL1,FOCUS SEGMENT,Standard,6
2025,12,MINI,29,Málaga,Private,ICE,UKL2,FOCUS SEGMENT,Standard,5
2025,12,MITSUBISHI,29,Málaga,Corporate,ICE,UKL1,REST,Standard,2
2025,12,MITSUBISHI,29,Málaga,Private,ICE,UKL1,REST,Standard,1
2025,12,MITSUBISHI,29,Málaga,Private,ICE,UKL2,REST,Standard,4
2025,12,NISSAN,29,Málaga,Corporate,BEV,UKL1,REST,Standard,1
2025,12,NISSAN,29,Málaga,Corporate,ICE,KKL,REST,Standard,1
2025,12,NISSAN,29,Málaga,Corporate,ICE,UKL2,REST,Standard,4
2025,12,NISSAN,29,Málaga,Private,ICE,KKL,REST,Standard,7
2025,12,NISSAN,29,Málaga,Private,ICE,SKL,REST,Standard,3
2025,12,NISSAN,29,Málaga,Private,ICE,UKL1,REST,Standard,13
2025,12,NISSAN,29,Málaga,Private,ICE,UKL2,REST,Standard,39
2025,12,OMODA,29,Málaga,Corporate,ICE,UKL2,REST,Standard,4
2025,12,OMODA,29,Málaga,Corporate,PHEV,KKL,REST,Standard,4
2025,12,OMODA,29,Málaga,Private,BEV,UKL2,REST,Standard,4
2025,12,OMODA,29,Málaga,Private,ICE,UKL2,REST,Standard,25
2025,12,OMODA,29,Málaga,Private,PHEV,KKL,REST,Standard,7
2025,12,OPEL,29,Málaga,Corporate,ICE,UKL1,REST,Standard,1
2025,12,OPEL,29,Málaga,Private,ICE,KKL,REST,Standard,1
2025,12,OPEL,29,Málaga,Private,ICE,SKL,REST,Standard,1
2025,12,OPEL,29,Málaga,Private,ICE,UKL1,REST,Standard,1
2025,12,PEUGEOT,29,Málaga,Corporate,BEV,SKL,REST,Standard,3
2025,12,PEUGEOT,29,Málaga,Corporate,ICE,KKL,REST,Standard,1
2025,12,PEUGEOT,29,Málaga,Corporate,ICE,SKL,REST,Standard,7
2025,12,PEUGEOT,29,Málaga,Corporate,ICE,UKL1,REST,Standard,5
2025,12,PEUGEOT,29,Málaga,Corporate,ICE,UKL2,REST,Standard,2
2025,12,PEUGEOT,29,Málaga,Private,BEV,SKL,REST,Standard,1
2025,12,PEUGEOT,29,Málaga,Private,BEV,UKL2,REST,Standard,2
2025,12,PEUGEOT,29,Málaga,Private,ICE,KKL,REST,Standard,3
2025,12,PEUGEOT,29,Málaga,Private,ICE,SKL,REST,Standard,4
2025,12,PEUGEOT,29,Málaga,Private,ICE,UKL1,REST,Standard,31
2025,12,PEUGEOT,29,Málaga,Private,ICE,UKL2,REST,Standard,13
2025,12,PEUGEOT,29,Málaga,Private,PHEV,UKL2,REST,Standard,1
2025,12,POLESTAR,29,Málaga,Corporate,BEV,KKL,FOCUS SEGMENT,Standard,1
2025,12,PORSCHE,29,Málaga,Corporate,BEV,KKL,FOCUS SEGMENT,Standard,1
2025,12,PORSCHE,29,Málaga,Corporate,ICE,GKL,FOCUS SEGMENT,M Performance,1
2025,12,PORSCHE,29,Málaga,Corporate,ICE,KKL,FOCUS SEGMENT,M,1
2025,12,PORSCHE,29,Málaga,Corporate,PHEV,GKL,FOCUS SEGMENT,Standard,1
2025,12,PORSCHE,29,Málaga,Corporate,PHEV,MKL,FOCUS SEGMENT,Standard,2
2025,12,RENAULT,29,Málaga,Corporate,ICE,KKL,REST,Standard,1
2025,12,RENAULT,29,Málaga,Corporate,ICE,UKL1,REST,Standard,27
2025,12,RENAULT,29,Málaga,Corporate,ICE,UKL2,REST,Standard,5
2025,12,RENAULT,29,Málaga,Corporate,PHEV,UKL2,REST,Standard,2
2025,12,RENAULT,29,Málaga,Private,BEV,UKL1,REST,Standard,5
2025,12,RENAULT,29,Málaga,Private,ICE,KKL,REST,Standard,6
2025,12,RENAULT,29,Málaga,Private,ICE,SKL,REST,Standard,2
2025,12,RENAULT,29,Málaga,Private,ICE,UKL1,REST,Standard,118
2025,12,RENAULT,29,Málaga,Private,ICE,UKL2,REST,Standard,16
2025,12,RENAULT,29,Málaga,Private,PHEV,UKL2,REST,Standard,4
2025,12,RENAULT,29,Málaga,RAC,ICE,UKL1,REST,Standard,9
2025,12,SEAT,29,Málaga,Corporate,ICE,UKL1,REST,Standard,13
2025,12,SEAT,29,Málaga,Corporate,ICE,UKL2,REST,Standard,16
2025,12,SEAT,29,Málaga,Corporate,PHEV,UKL2,REST,Standard,7
2025,12,SEAT,29,Málaga,Private,ICE,UKL1,REST,Standard,77
2025,12,SEAT,29,Málaga,Private,ICE,UKL2,REST,Standard,28
2025,12,SEAT,29,Málaga,RAC,ICE,UKL1,REST,Standard,16
2025,12,SKODA,29,Málaga,Corporate,BEV,UKL2,REST,Standard,3
2025,12,SKODA,29,Málaga,Corporate,ICE,KKL,REST,Standard,2
2025,12,SKODA,29,Málaga,Corporate,ICE,UKL1,REST,Standard,22
2025,12,SKODA,29,Málaga,Corporate,ICE,UKL2,REST,Standard,5
2025,12,SKODA,29,Málaga,Private,BEV,UKL2,REST,Standard,3
2025,12,SKODA,29,Málaga,Private,ICE,KKL,REST,Standard,1
2025,12,SKODA,29,Málaga,Private,ICE,UKL1,REST,Standard,27
2025,12,SKODA,29,Málaga,Private,ICE,UKL2,REST,Standard,21
2025,12,SKODA,29,Málaga,Private,PHEV,KKL,REST,Standard,5
2025,12,SKODA,29,Málaga,RAC,ICE,UKL1,REST,Standard,3
2025,12,SMART,29,Málaga,Corporate,BEV,KKL,FOCUS SEGMENT,Standard,1
2025,12,SMART,29,Málaga,Private,BEV,UKL1,FOCUS SEGMENT,Standard,1
2025,12,SUBARU,29,Málaga,Corporate,ICE,KKL,REST,Standard,1
2025,12,SUBARU,29,Málaga,Private,ICE,UKL2,REST,Standard,1
2025,12,SUZUKI,29,Málaga,Corporate,ICE,UKL1,REST,Standard,1
2025,12,SUZUKI,29,Málaga,Corporate,ICE,UKL2,REST,Standard,1
2025,12,SUZUKI,29,Málaga,Private,ICE,UKL1,REST,Standard,2
2025,12,SUZUKI,29,Málaga,Private,ICE,UKL2,REST,Standard,10
2025,12,SUZUKI,29,Málaga,RAC,ICE,UKL1,REST,Standard,25
2025,12,SUZUKI,29,Málaga,RAC,ICE,UKL2,REST,Standard,2
2025,12,TESLA,29,Málaga,Corporate,BEV,KKL,FOCUS SEGMENT,Standard,8
2025,12,TESLA,29,Málaga,Private,BEV,KKL,FOCUS SEGMENT,Standard,79
2025,12,TOYOTA,29,Málaga,Corporate,BEV,SKL,REST,Standard,1
2025,12,TOYOTA,29,Málaga,Corporate,BEV,UKL2,REST,Standard,1
2025,12,TOYOTA,29,Málaga,Corporate,ICE,SKL,REST,Standard,2
2025,12,TOYOTA,29,Málaga,Corporate,ICE,UKL1,REST,Standard,15
2025,12,TOYOTA,29,Málaga,Corporate,ICE,UKL2,REST,Standard,5
2025,12,TOYOTA,29,Málaga,Corporate,PHEV,UKL1,REST,Standard,1
2025,12,TOYOTA,29,Málaga,Corporate,PHEV,UKL2,REST,Standard,1
2025,12,TOYOTA,29,Málaga,Private,BEV,SKL,REST,Standard,2
2025,12,TOYOTA,29,Málaga,Private,BEV,UKL2,REST,Standard,2
2025,12,TOYOTA,29,Málaga,Private,ICE,SKL,REST,Standard,2
2025,12,TOYOTA,29,Málaga,Private,ICE,UKL1,REST,Standard,130
2025,12,TOYOTA,29,Málaga,Private,ICE,UKL2,REST,Standard,53
2025,12,TOYOTA,29,Málaga,Private,PHEV,UKL1,REST,Standard,14
2025,12,TOYOTA,29,Málaga,Private,PHEV,UKL2,REST,Standard,10
2025,12,VOLKSWAGEN,29,Málaga,Corporate,ICE,SKL,REST,Standard,1
2025,12,VOLKSWAGEN,29,Málaga,Corporate,ICE,UKL1,REST,Standard,7
2025,12,VOLKSWAGEN,29,Málaga,Corporate,ICE,UKL2,REST,Standard,9
2025,12,VOLKSWAGEN,29,Málaga,Private,BEV,SKL,REST,Standard,1
2025,12,VOLKSWAGEN,29,Málaga,Private,BEV,UKL2,REST,Standard,7
2025,12,VOLKSWAGEN,29,Málaga,Private,ICE,SKL,REST,Standard,9
2025,12,VOLKSWAGEN,29,Málaga,Private,ICE,UKL1,REST,Standard,48
2025,12,VOLKSWAGEN,29,Málaga,Private,ICE,UKL2,REST,Standard,54
2025,12,VOLKSWAGEN,29,Málaga,Private,PHEV,SKL,REST,Standard,2
2025,12,VOLKSWAGEN,29,Málaga,Private,PHEV,UKL2,REST,Standard,10
2025,12,VOLKSWAGEN,29,Málaga,RAC,ICE,SKL,REST,Standard,3
2025,12,VOLKSWAGEN,29,Málaga,RAC,ICE,UKL2,REST,Standard,29
2025,12,VOLVO,29,Málaga,Corporate,ICE,KKL,FOCUS SEGMENT,Standard,3
2025,12,VOLVO,29,Málaga,Corporate,ICE,MKL,FOCUS SEGMENT,Standard,1
2025,12,VOLVO,29,Málaga,Corporate,ICE,UKL2,FOCUS SEGMENT,Standard,24
2025,12,VOLVO,29,Málaga,Private,BEV,UKL1,FOCUS SEGMENT,Standard,4
2025,12,VOLVO,29,Málaga,Private,BEV,UKL2,FOCUS SEGMENT,Standard,1
2025,12,VOLVO,29,Málaga,Private,ICE,KKL,FOCUS SEGMENT,Standard,5
2025,12,VOLVO,29,Málaga,Private,ICE,UKL2,FOCUS SEGMENT,Standard,9
2025,12,XPENG,29,Málaga,Corporate,BEV,MKL,FOCUS SEGMENT,Standard,1
2025,12,XPENG,29,Málaga,Private,BEV,KKL,FOCUS SEGMENT,Standard,7
2025,12,ALFA ROMEO,30,Murcia,Private,ICE,KKL,REST,Standard,1
2025,12,AUDI,30,Murcia,Corporate,BEV,KKL,FOCUS SEGMENT,Standard,1
2025,12,AUDI,30,Murcia,Corporate,BEV,UKL2,FOCUS SEGMENT,Standard,2
2025,12,AUDI,30,Murcia,Corporate,ICE,KKL,FOCUS SEGMENT,Standard,2
2025,12,AUDI,30,Murcia,Corporate,ICE,MKL,FOCUS SEGMENT,Standard,3
2025,12,AUDI,30,Murcia,Corporate,ICE,UKL2,FOCUS SEGMENT,M,1
2025,12,AUDI,30,Murcia,Corporate,ICE,UKL2,FOCUS SEGMENT,Standard,6
2025,12,AUDI,30,Murcia,Corporate,PHEV,KKL,FOCUS SEGMENT,Standard,1
2025,12,AUDI,30,Murcia,Corporate,PHEV,MKL,FOCUS SEGMENT,Standard,1
2025,12,AUDI,30,Murcia,Corporate,PHEV,UKL2,FOCUS SEGMENT,Standard,7
2025,12,AUDI,30,Murcia,Private,BEV,KKL,FOCUS SEGMENT,Standard,1
2025,12,AUDI,30,Murcia,Private,BEV,UKL2,FOCUS SEGMENT,Standard,2
2025,12,AUDI,30,Murcia,Private,ICE,KKL,FOCUS SEGMENT,Standard,3
2025,12,AUDI,30,Murcia,Private,ICE,MKL,FOCUS SEGMENT,M,1
2025,12,AUDI,30,Murcia,Private,ICE,MKL,FOCUS SEGMENT,Standard,3
2025,12,AUDI,30,Murcia,Private,ICE,UKL1,FOCUS SEGMENT,Standard,9
2025,12,AUDI,30,Murcia,Private,ICE,UKL2,FOCUS SEGMENT,Standard,19
2025,12,AUDI,30,Murcia,Private,PHEV,KKL,FOCUS SEGMENT,Standard,4
2025,12,AUDI,30,Murcia,Private,PHEV,UKL2,FOCUS SEGMENT,Standard,2
2025,12,BMW,30,Murcia,Corporate,ICE,GKL,FOCUS SEGMENT,Standard,1
2025,12,BMW,30,Murcia,Corporate,ICE,KKL,FOCUS SEGMENT,M,1
2025,12,BMW,30,Murcia,Corporate,ICE,KKL,FOCUS SEGMENT,Standard,13
2025,12,BMW,30,Murcia,Corporate,ICE,MKL,FOCUS SEGMENT,Standard,12
2025,12,BMW,30,Murcia,Corporate,ICE,UKL2,FOCUS SEGMENT,Standard,30
2025,12,BMW,30,Murcia,Corporate,PHEV,GKL,FOCUS SEGMENT,M,1
2025,12,BMW,30,Murcia,Corporate,PHEV,KKL,FOCUS SEGMENT,Standard,2
2025,12,BMW,30,Murcia,Corporate,PHEV,MKL,FOCUS SEGMENT,Standard,1
2025,12,BMW,30,Murcia,Private,BEV,KKL,FOCUS SEGMENT,Standard,1
2025,12,BMW,30,Murcia,Private,BEV,UKL2,FOCUS SEGMENT,Standard,3
2025,12,BMW,30,Murcia,Private,ICE,KKL,FOCUS SEGMENT,Standard,10
2025,12,BMW,30,Murcia,Private,ICE,MKL,FOCUS SEGMENT,Standard,7
2025,12,BMW,30,Murcia,Private,ICE,UKL2,FOCUS SEGMENT,Standard,27
2025,12,BMW,30,Murcia,Private,PHEV,KKL,FOCUS SEGMENT,Standard,2
2025,12,BMW,30,Murcia,Private,PHEV,UKL2,FOCUS SEGMENT,Standard,1
2025,12,BYD,30,Murcia,Corporate,BEV,KKL,REST,Standard,5
2025,12,BYD,30,Murcia,Corporate,BEV,UKL0,REST,Standard,5
2025,12,BYD,30,Murcia,Corporate,BEV,UKL2,REST,Standard,1
2025,12,BYD,30,Murcia,Corporate,PHEV,KKL,REST,Standard,17
2025,12,BYD,30,Murcia,Private,BEV,KKL,REST,Standard,7
2025,12,BYD,30,Murcia,Private,BEV,UKL0,REST,Standard,5
2025,12,BYD,30,Murcia,Private,BEV,UKL1,REST,Standard,14
2025,12,BYD,30,Murcia,Private,BEV,UKL2,REST,Standard,8
2025,12,BYD,30,Murcia,Private,PHEV,KKL,REST,Standard,14
2025,12,BYD,30,Murcia,RAC,BEV,KKL,REST,Standard,2
2025,12,CITROEN,30,Murcia,Corporate,ICE,SKL,REST,Standard,30
2025,12,CITROEN,30,Murcia,Corporate,ICE,UKL1,REST,Standard,2
2025,12,CITROEN,30,Murcia,Corporate,ICE,UKL2,REST,Standard,35
2025,12,CITROEN,30,Murcia,Private,ICE,SKL,REST,Standard,1
2025,12,CITROEN,30,Murcia,Private,ICE,UKL1,REST,Standard,11
2025,12,CITROEN,30,Murcia,Private,ICE,UKL2,REST,Standard,6
2025,12,CUPRA,30,Murcia,Corporate,ICE,UKL2,REST,Standard,4
2025,12,CUPRA,30,Murcia,Corporate,PHEV,UKL2,REST,Standard,8
2025,12,CUPRA,30,Murcia,Private,ICE,UKL2,REST,Standard,3
2025,12,CUPRA,30,Murcia,Private,PHEV,UKL2,REST,Standard,4
2025,12,DACIA,30,Murcia,Corporate,ICE,SKL,REST,Standard,7
2025,12,DACIA,30,Murcia,Corporate,ICE,UKL1,REST,Standard,4
2025,12,DACIA,30,Murcia,Corporate,ICE,UKL2,REST,Standard,4
2025,12,DACIA,30,Murcia,Private,ICE,SKL,REST,Standard,13
2025,12,DACIA,30,Murcia,Private,ICE,UKL1,REST,Standard,64
2025,12,DACIA,30,Murcia,Private,ICE,UKL2,REST,Standard,22
2025,12,DFSK,30,Murcia,Private,ICE,,,Standard,1
2025,12,EBRO,30,Murcia,Corporate,ICE,KKL,REST,Standard,3
2025,12,EBRO,30,Murcia,Corporate,ICE,UKL2,REST,Standard,5
2025,12,EBRO,30,Murcia,Corporate,PHEV,KKL,REST,Standard,6
2025,12,EBRO,30,Murcia,Corporate,PHEV,UKL2,REST,Standard,9
2025,12,EBRO,30,Murcia,Private,ICE,KKL,REST,Standard,1
2025,12,EBRO,30,Murcia,Private,ICE,UKL2,REST,Standard,25
2025,12,EBRO,30,Murcia,Private,PHEV,KKL,REST,Standard,4
2025,12,EBRO,30,Murcia,Private,PHEV,UKL2,REST,Standard,9
2025,12,EVO,30,Murcia,Private,ICE,UKL2,REST,Standard,1
2025,12,FAW,30,Murcia,Private,ICE,UKL2,REST,Standard,2
2025,12,FIAT,30,Murcia,Private,BEV,UKL0,REST,Standard,1
2025,12,FIAT,30,Murcia,Private,ICE,UKL0,REST,Standard,3
2025,12,FORD,30,Murcia,Corporate,BEV,SKL,REST,Standard,1
2025,12,FORD,30,Murcia,Corporate,BEV,UKL1,REST,Standard,2
2025,12,FORD,30,Murcia,Corporate,ICE,UKL1,REST,Standard,2
2025,12,FORD,30,Murcia,Corporate,PHEV,UKL2,REST,Standard,2
2025,12,FORD,30,Murcia,Private,BEV,SKL,REST,Standard,2
2025,12,FORD,30,Murcia,Private,BEV,UKL1,REST,Standard,2
2025,12,FORD,30,Murcia,Private,ICE,SKL,REST,Standard,1
2025,12,FORD,30,Murcia,Private,ICE,UKL1,REST,Standard,2
2025,12,FORD,30,Murcia,Private,ICE,UKL2,REST,Standard,5
2025,12,FORD,30,Murcia,Private,PHEV,SKL,REST,Standard,2
2025,12,FORD,30,Murcia,Private,PHEV,UKL2,REST,Standard,3
2025,12,HONDA,30,Murcia,Corporate,ICE,KKL,REST,Standard,1
2025,12,HONDA,30,Murcia,Private,ICE,KKL,REST,Standard,2
2025,12,HONDA,30,Murcia,Private,ICE,UKL1,REST,Standard,4
2025,12,HONDA,30,Murcia,Private,ICE,UKL2,REST,Standard,5
2025,12,HYUNDAI,30,Murcia,Corporate,ICE,MKL,REST,Standard,3
2025,12,HYUNDAI,30,Murcia,Corporate,ICE,UKL0,REST,Standard,4
2025,12,HYUNDAI,30,Murcia,Corporate,ICE,UKL1,REST,Standard,31
2025,12,HYUNDAI,30,Murcia,Corporate,ICE,UKL2,REST,Standard,87
2025,12,HYUNDAI,30,Murcia,Corporate,PHEV,UKL2,REST,Standard,4
2025,12,HYUNDAI,30,Murcia,Private,BEV,UKL1,REST,Standard,3
2025,12,HYUNDAI,30,Murcia,Private,BEV,UKL2,REST,Standard,6
2025,12,HYUNDAI,30,Murcia,Private,ICE,MKL,REST,Standard,3
2025,12,HYUNDAI,30,Murcia,Private,ICE,UKL0,REST,Standard,6
2025,12,HYUNDAI,30,Murcia,Private,ICE,UKL1,REST,Standard,50
2025,12,HYUNDAI,30,Murcia,Private,ICE,UKL2,REST,Standard,40
2025,12,HYUNDAI,30,Murcia,Private,PHEV,UKL2,REST,Standard,7
2025,12,ICH-X,30,Murcia,Corporate,ICE,UKL1,REST,Standard,1
2025,12,JAECOO,30,Murcia,Corporate,BEV,UKL1,REST,Standard,1
2025,12,JAECOO,30,Murcia,Corporate,ICE,UKL2,REST,Standard,1
2025,12,JAECOO,30,Murcia,Corporate,PHEV,UKL2,REST,Standard,1
2025,12,JAECOO,30,Murcia,Private,BEV,UKL1,REST,Standard,4
2025,12,JAECOO,30,Murcia,Private,ICE,UKL2,REST,Standard,22
2025,12,JAECOO,30,Murcia,Private,PHEV,UKL2,REST,Standard,15
2025,12,JEEP,30,Murcia,Corporate,ICE,UKL1,REST,Standard,1
2025,12,JEEP,30,Murcia,Private,ICE,UKL1,REST,Standard,3
2025,12,KG MOBILITY,30,Murcia,Corporate,BEV,UKL2,REST,Standard,1
2025,12,KG MOBILITY,30,Murcia,Corporate,ICE,MKL,REST,Standard,1
2025,12,KG MOBILITY,30,Murcia,Private,ICE,MKL,REST,Standard,3
2025,12,KG MOBILITY,30,Murcia,Private,ICE,UKL1,REST,Standard,5
2025,12,KG MOBILITY,30,Murcia,Private,ICE,UKL2,REST,Standard,5
2025,12,KIA,30,Murcia,Corporate,BEV,UKL1,REST,Standard,1
2025,12,KIA,30,Murcia,Corporate,ICE,UKL1,REST,Standard,6
2025,12,KIA,30,Murcia,Corporate,ICE,UKL2,REST,Standard,16
2025,12,KIA,30,Murcia,Private,BEV,UKL1,REST,Standard,6
2025,12,KIA,30,Murcia,Private,ICE,KKL,REST,Standard,1
2025,12,KIA,30,Murcia,Private,ICE,UKL0,REST,Standard,1
2025,12,KIA,30,Murcia,Private,ICE,UKL1,REST,Standard,19
2025,12,KIA,30,Murcia,Private,ICE,UKL2,REST,Standard,45
2025,12,KIA,30,Murcia,RAC,ICE,UKL2,REST,Standard,3
2025,12,LAND ROVER,30,Murcia,Corporate,ICE,GKL,FOCUS SEGMENT,Standard,1
2025,12,LAND ROVER,30,Murcia,Corporate,ICE,MKL,FOCUS SEGMENT,Standard,2
2025,12,LAND ROVER,30,Murcia,Corporate,ICE,UKL2,FOCUS SEGMENT,Standard,1
2025,12,LAND ROVER,30,Murcia,Corporate,PHEV,GKL,FOCUS SEGMENT,Standard,1
2025,12,LAND ROVER,30,Murcia,Corporate,PHEV,MKL,FOCUS SEGMENT,Standard,2
2025,12,LAND ROVER,30,Murcia,Private,ICE,MKL,FOCUS SEGMENT,Standard,1
2025,12,LEAPMOTOR,30,Murcia,Corporate,BEV,UKL0,REST,Standard,2
2025,12,LEAPMOTOR,30,Murcia,Corporate,BEV,UKL2,REST,Standard,2
2025,12,LEAPMOTOR,30,Murcia,Private,BEV,MKL,REST,Standard,3
2025,12,LEAPMOTOR,30,Murcia,Private,BEV,UKL2,REST,Standard,4
2025,12,LEXUS,30,Murcia,Corporate,ICE,KKL,FOCUS SEGMENT,Standard,1
2025,12,LEXUS,30,Murcia,Corporate,ICE,UKL1,FOCUS SEGMENT,Standard,1
2025,12,LEXUS,30,Murcia,Corporate,PHEV,KKL,FOCUS SEGMENT,Standard,1
2025,12,LEXUS,30,Murcia,Private,BEV,UKL2,FOCUS SEGMENT,Standard,1
2025,12,LEXUS,30,Murcia,Private,ICE,UKL1,FOCUS SEGMENT,Standard,10
2025,12,LEXUS,30,Murcia,Private,ICE,UKL2,FOCUS SEGMENT,Standard,4
2025,12,LEXUS,30,Murcia,Private,PHEV,KKL,FOCUS SEGMENT,Standard,9
2025,12,LYNK & CO,30,Murcia,Corporate,BEV,UKL2,REST,Standard,1
2025,12,LYNK & CO,30,Murcia,Corporate,PHEV,UKL2,REST,Standard,1
2025,12,LYNK & CO,30,Murcia,Private,BEV,UKL2,REST,Standard,1
2025,12,LYNK & CO,30,Murcia,Private,PHEV,UKL2,REST,Standard,1
2025,12,MAZDA,30,Murcia,Corporate,BEV,MKL,REST,Standard,1
2025,12,MAZDA,30,Murcia,Corporate,ICE,KKL,REST,Standard,2
2025,12,MAZDA,30,Murcia,Corporate,ICE,UKL2,REST,Standard,1
2025,12,MAZDA,30,Murcia,Corporate,PHEV,KKL,REST,Standard,1
2025,12,MAZDA,30,Murcia,Private,BEV,MKL,REST,Standard,2
2025,12,MAZDA,30,Murcia,Private,ICE,KKL,REST,Standard,2
2025,12,MAZDA,30,Murcia,Private,ICE,UKL2,REST,Standard,32
2025,12,MAZDA,30,Murcia,Private,PHEV,KKL,REST,Standard,1
2025,12,MERCEDES,30,Murcia,Corporate,BEV,MKL,FOCUS SEGMENT,Standard,3
2025,12,MERCEDES,30,Murcia,Corporate,BEV,UKL2,FOCUS SEGMENT,Standard,4
2025,12,MERCEDES,30,Murcia,Corporate,ICE,GKL,FOCUS SEGMENT,M,1
2025,12,MERCEDES,30,Murcia,Corporate,ICE,GKL,FOCUS SEGMENT,Standard,1
2025,12,MERCEDES,30,Murcia,Corporate,ICE,KKL,FOCUS SEGMENT,M Performance,1
2025,12,MERCEDES,30,Murcia,Corporate,ICE,KKL,FOCUS SEGMENT,Standard,12
2025,12,MERCEDES,30,Murcia,Corporate,ICE,MKL,FOCUS SEGMENT,Standard,4
2025,12,MERCEDES,30,Murcia,Corporate,ICE,MKL,REST,Standard,4
2025,12,MERCEDES,30,Murcia,Corporate,ICE,SKL,REST,Standard,2
2025,12,MERCEDES,30,Murcia,Corporate,ICE,UKL2,FOCUS SEGMENT,Standard,16
2025,12,MERCEDES,30,Murcia,Corporate,PHEV,KKL,FOCUS SEGMENT,Standard,23
2025,12,MERCEDES,30,Murcia,Corporate,PHEV,MKL,FOCUS SEGMENT,Standard,5
2025,12,MERCEDES,30,Murcia,Corporate,PHEV,UKL2,FOCUS SEGMENT,Standard,5
2025,12,MERCEDES,30,Murcia,Private,BEV,UKL2,FOCUS SEGMENT,Standard,4
2025,12,MERCEDES,30,Murcia,Private,ICE,KKL,FOCUS SEGMENT,M Performance,1
2025,12,MERCEDES,30,Murcia,Private,ICE,KKL,FOCUS SEGMENT,Standard,9
2025,12,MERCEDES,30,Murcia,Private,ICE,UKL2,FOCUS SEGMENT,Standard,13
2025,12,MERCEDES,30,Murcia,Private,PHEV,KKL,FOCUS SEGMENT,Standard,8
2025,12,MERCEDES,30,Murcia,Private,PHEV,UKL2,FOCUS SEGMENT,Standard,5
2025,12,MERCEDES,30,Murcia,RAC,ICE,SKL,REST,Standard,3
2025,12,MG,30,Murcia,Corporate,ICE,UKL1,REST,Standard,5
2025,12,MG,30,Murcia,Private,BEV,UKL1,REST,Standard,1
2025,12,MG,30,Murcia,Private,ICE,KKL,REST,Standard,4
2025,12,MG,30,Murcia,Private,ICE,UKL1,REST,Standard,59
2025,12,MG,30,Murcia,Private,PHEV,KKL,REST,Standard,14
2025,12,MINI,30,Murcia,Corporate,ICE,UKL1,FOCUS SEGMENT,Standard,2
2025,12,MINI,30,Murcia,Corporate,ICE,UKL2,FOCUS SEGMENT,Standard,1
2025,12,MINI,30,Murcia,Private,BEV,UKL1,FOCUS SEGMENT,Standard,3
2025,12,MINI,30,Murcia,Private,BEV,UKL2,FOCUS SEGMENT,Standard,1
2025,12,MINI,30,Murcia,Private,ICE,UKL1,FOCUS SEGMENT,Standard,2
2025,12,MINI,30,Murcia,Private,ICE,UKL2,FOCUS SEGMENT,Standard,2
2025,12,MITSUBISHI,30,Murcia,Corporate,ICE,UKL1,REST,Standard,7
2025,12,MITSUBISHI,30,Murcia,Corporate,ICE,UKL2,REST,Standard,1
2025,12,MITSUBISHI,30,Murcia,Private,ICE,UKL1,REST,Standard,9
2025,12,MITSUBISHI,30,Murcia,Private,ICE,UKL2,REST,Standard,13
2025,12,NISSAN,30,Murcia,Corporate,ICE,KKL,REST,Standard,1
2025,12,NISSAN,30,Murcia,Corporate,ICE,UKL2,REST,Standard,3
2025,12,NISSAN,30,Murcia,Private,ICE,KKL,REST,Standard,4
2025,12,NISSAN,30,Murcia,Private,ICE,UKL1,REST,Standard,9
2025,12,NISSAN,30,Murcia,Private,ICE,UKL2,REST,Standard,14
2025,12,OMODA,30,Murcia,Corporate,ICE,UKL2,REST,Standard,1
2025,12,OMODA,30,Murcia,Corporate,PHEV,KKL,REST,Standard,5
2025,12,OMODA,30,Murcia,Private,BEV,UKL2,REST,Standard,3
2025,12,OMODA,30,Murcia,Private,ICE,UKL2,REST,Standard,32
2025,12,OMODA,30,Murcia,Private,PHEV,KKL,REST,Standard,8
2025,12,OPEL,30,Murcia,Corporate,BEV,SKL,REST,Standard,1
2025,12,OPEL,30,Murcia,Private,ICE,KKL,REST,Standard,3
2025,12,OPEL,30,Murcia,Private,ICE,UKL1,REST,Standard,2
2025,12,PEUGEOT,30,Murcia,Corporate,BEV,SKL,REST,Standard,1
2025,12,PEUGEOT,30,Murcia,Corporate,ICE,SKL,REST,Standard,2
2025,12,PEUGEOT,30,Murcia,Corporate,ICE,UKL2,REST,Standard,15
2025,12,PEUGEOT,30,Murcia,Private,BEV,UKL1,REST,Standard,2
2025,12,PEUGEOT,30,Murcia,Private,ICE,KKL,REST,Standard,2
2025,12,PEUGEOT,30,Murcia,Private,ICE,SKL,REST,Standard,2
2025,12,PEUGEOT,30,Murcia,Private,ICE,UKL1,REST,Standard,13
2025,12,PEUGEOT,30,Murcia,Private,ICE,UKL2,REST,Standard,7
2025,12,PEUGEOT,30,Murcia,Private,PHEV,KKL,REST,Standard,1
2025,12,PEUGEOT,30,Murcia,Private,PHEV,UKL2,REST,Standard,1
2025,12,POLESTAR,30,Murcia,Corporate,BEV,KKL,FOCUS SEGMENT,Standard,5
2025,12,POLESTAR,30,Murcia,Private,BEV,KKL,FOCUS SEGMENT,Standard,1
2025,12,PORSCHE,30,Murcia,Corporate,PHEV,GKL,FOCUS SEGMENT,Standard,1
2025,12,PORSCHE,30,Murcia,Corporate,PHEV,MKL,FOCUS SEGMENT,Standard,1
2025,12,PORSCHE,30,Murcia,Private,PHEV,MKL,FOCUS SEGMENT,Standard,1
2025,12,RENAULT,30,Murcia,Corporate,BEV,UKL1,REST,Standard,4
2025,12,RENAULT,30,Murcia,Corporate,ICE,KKL,REST,Standard,1
2025,12,RENAULT,30,Murcia,Corporate,ICE,SKL,REST,Standard,2
2025,12,RENAULT,30,Murcia,Corporate,ICE,UKL1,REST,Standard,65
2025,12,RENAULT,30,Murcia,Corporate,ICE,UKL2,REST,Standard,5
2025,12,RENAULT,30,Murcia,Corporate,PHEV,UKL2,REST,Standard,3
2025,12,RENAULT,30,Murcia,Private,BEV,UKL1,REST,Standard,1
2025,12,RENAULT,30,Murcia,Private,ICE,KKL,REST,Standard,3
2025,12,RENAULT,30,Murcia,Private,ICE,SKL,REST,Standard,3
2025,12,RENAULT,30,Murcia,Private,ICE,UKL1,REST,Standard,53
2025,12,RENAULT,30,Murcia,Private,ICE,UKL2,REST,Standard,21
2025,12,RENAULT,30,Murcia,Private,PHEV,UKL2,REST,Standard,1
2025,12,SEAT,30,Murcia,Corporate,ICE,UKL1,REST,Standard,3
2025,12,SEAT,30,Murcia,Corporate,ICE,UKL2,REST,Standard,5
2025,12,SEAT,30,Murcia,Corporate,PHEV,UKL2,REST,Standard,2
2025,12,SEAT,30,Murcia,Private,ICE,UKL1,REST,Standard,45
2025,12,SEAT,30,Murcia,Private,ICE,UKL2,REST,Standard,27
2025,12,SHINERAY,30,Murcia,Private,ICE,MKL,REST,Standard,6
2025,12,SHINERAY,30,Murcia,Private,PHEV,MKL,REST,Standard,1
2025,12,SKODA,30,Murcia,Corporate,BEV,UKL2,REST,Standard,2
2025,12,SKODA,30,Murcia,Corporate,ICE,KKL,REST,Standard,2
2025,12,SKODA,30,Murcia,Corporate,ICE,UKL1,REST,Standard,4
2025,12,SKODA,30,Murcia,Corporate,ICE,UKL2,REST,Standard,3
2025,12,SKODA,30,Murcia,Private,BEV,UKL2,REST,Standard,10
2025,12,SKODA,30,Murcia,Private,ICE,KKL,REST,Standard,1
2025,12,SKODA,30,Murcia,Private,ICE,UKL1,REST,Standard,16
2025,12,SKODA,30,Murcia,Private,ICE,UKL2,REST,Standard,11
2025,12,SKODA,30,Murcia,Private,PHEV,KKL,REST,Standard,3
2025,12,SMART,30,Murcia,Private,BEV,UKL2,FOCUS SEGMENT,Standard,1
2025,12,SUZUKI,30,Murcia,Corporate,ICE,UKL1,REST,Standard,3
2025,12,SUZUKI,30,Murcia,Corporate,ICE,UKL2,REST,Standard,6
2025,12,SUZUKI,30,Murcia,Private,ICE,UKL1,REST,Standard,1
2025,12,SUZUKI,30,Murcia,Private,ICE,UKL2,REST,Standard,6
2025,12,TESLA,30,Murcia,Corporate,BEV,KKL,FOCUS SEGMENT,Standard,7
2025,12,TESLA,30,Murcia,Private,BEV,KKL,FOCUS SEGMENT,Standard,64
2025,12,TOYOTA,30,Murcia,Corporate,ICE,GKL,REST,Standard,1
2025,12,TOYOTA,30,Murcia,Corporate,ICE,SKL,REST,Standard,3
2025,12,TOYOTA,30,Murcia,Corporate,ICE,UKL1,REST,Standard,7
2025,12,TOYOTA,30,Murcia,Corporate,ICE,UKL2,REST,Standard,8
2025,12,TOYOTA,30,Murcia,Corporate,PHEV,UKL1,REST,Standard,1
2025,12,TOYOTA,30,Murcia,Corporate,PHEV,UKL2,REST,Standard,4
2025,12,TOYOTA,30,Murcia,Private,ICE,SKL,REST,Standard,2
2025,12,TOYOTA,30,Murcia,Private,ICE,UKL1,REST,Standard,90
2025,12,TOYOTA,30,Murcia,Private,ICE,UKL2,REST,Standard,23
2025,12,TOYOTA,30,Murcia,Private,PHEV,UKL1,REST,Standard,7
2025,12,TOYOTA,30,Murcia,Private,PHEV,UKL2,REST,Standard,9
2025,12,VOLKSWAGEN,30,Murcia,Corporate,BEV,UKL2,REST,Standard,1
2025,12,VOLKSWAGEN,30,Murcia,Corporate,ICE,MKL,REST,Standard,2
2025,12,VOLKSWAGEN,30,Murcia,Corporate,ICE,SKL,REST,Standard,1
2025,12,VOLKSWAGEN,30,Murcia,Corporate,ICE,UKL2,REST,Standard,9
2025,12,VOLKSWAGEN,30,Murcia,Corporate,PHEV,SKL,REST,Standard,3
2025,12,VOLKSWAGEN,30,Murcia,Private,BEV,MKL,REST,Standard,1
2025,12,VOLKSWAGEN,30,Murcia,Private,BEV,UKL2,REST,Standard,9
2025,12,VOLKSWAGEN,30,Murcia,Private,ICE,SKL,REST,Standard,3
2025,12,VOLKSWAGEN,30,Murcia,Private,ICE,UKL1,REST,Standard,54
2025,12,VOLKSWAGEN,30,Murcia,Private,ICE,UKL2,REST,Standard,59
2025,12,VOLKSWAGEN,30,Murcia,Private,PHEV,SKL,REST,Standard,1
2025,12,VOLKSWAGEN,30,Murcia,Private,PHEV,UKL2,REST,Standard,7
2025,12,VOLKSWAGEN,30,Murcia,RAC,ICE,UKL1,REST,Standard,1
2025,12,VOLVO,30,Murcia,Corporate,BEV,UKL1,FOCUS SEGMENT,Standard,4
2025,12,VOLVO,30,Murcia,Corporate,ICE,KKL,FOCUS SEGMENT,Standard,2
2025,12,VOLVO,30,Murcia,Corporate,ICE,UKL2,FOCUS SEGMENT,Standard,10
2025,12,VOLVO,30,Murcia,Private,BEV,UKL1,FOCUS SEGMENT,Standard,1
2025,12,VOLVO,30,Murcia,Private,ICE,KKL,FOCUS SEGMENT,Standard,2
2025,12,VOLVO,30,Murcia,Private,ICE,UKL2,FOCUS SEGMENT,Standard,10
2025,12,XPENG,30,Murcia,Corporate,BEV,KKL,FOCUS SEGMENT,Standard,2
2025,12,XPENG,30,Murcia,Private,BEV,KKL,FOCUS SEGMENT,Standard,5
2025,12,AUDI,31,Navarra,Corporate,BEV,MKL,FOCUS SEGMENT,Standard,1
2025,12,AUDI,31,Navarra,Corporate,ICE,KKL,FOCUS SEGMENT,Standard,2
2025,12,AUDI,31,Navarra,Corporate,ICE,UKL2,FOCUS SEGMENT,Standard,1
2025,12,AUDI,31,Navarra,Private,BEV,KKL,FOCUS SEGMENT,Standard,1
2025,12,AUDI,31,Navarra,Private,BEV,UKL2,FOCUS SEGMENT,Standard,3
2025,12,AUDI,31,Navarra,Private,ICE,KKL,FOCUS SEGMENT,Standard,1
2025,12,AUDI,31,Navarra,Private,ICE,UKL1,FOCUS SEGMENT,Standard,3
2025,12,AUDI,31,Navarra,Private,ICE,UKL2,FOCUS SEGMENT,Standard,7
2025,12,AUDI,31,Navarra,Private,PHEV,KKL,FOCUS SEGMENT,Standard,2
2025,12,AUDI,31,Navarra,Private,PHEV,UKL2,FOCUS SEGMENT,Standard,1
2025,12,BMW,31,Navarra,Corporate,ICE,KKL,FOCUS SEGMENT,Standard,2
2025,12,BMW,31,Navarra,Corporate,ICE,UKL2,FOCUS SEGMENT,Standard,1
2025,12,BMW,31,Navarra,Corporate,PHEV,MKL,FOCUS SEGMENT,M,1
2025,12,BMW,31,Navarra,Corporate,PHEV,MKL,FOCUS SEGMENT,Standard,1
2025,12,BMW,31,Navarra,Private,ICE,MKL,FOCUS SEGMENT,Standard,1
2025,12,BMW,31,Navarra,Private,PHEV,KKL,FOCUS SEGMENT,Standard,1
2025,12,BMW,31,Navarra,Private,PHEV,MKL,FOCUS SEGMENT,M,1
2025,12,BYD,31,Navarra,Corporate,BEV,KKL,REST,Standard,1
2025,12,BYD,31,Navarra,Corporate,BEV,UKL2,REST,Standard,1
2025,12,BYD,31,Navarra,Private,BEV,KKL,REST,Standard,5
2025,12,BYD,31,Navarra,Private,BEV,UKL0,REST,Standard,4
2025,12,BYD,31,Navarra,Private,BEV,UKL1,REST,Standard,2
2025,12,BYD,31,Navarra,Private,BEV,UKL2,REST,Standard,7
2025,12,BYD,31,Navarra,Private,PHEV,KKL,REST,Standard,3
2025,12,CITROEN,31,Navarra,Corporate,ICE,UKL1,REST,Standard,3
2025,12,CITROEN,31,Navarra,Private,BEV,SKL,REST,Standard,1
2025,12,CITROEN,31,Navarra,Private,BEV,UKL1,REST,Standard,1
2025,12,CITROEN,31,Navarra,Private,ICE,SKL,REST,Standard,4
2025,12,CITROEN,31,Navarra,Private,ICE,UKL1,REST,Standard,7
2025,12,CITROEN,31,Navarra,Private,ICE,UKL2,REST,Standard,5
2025,12,CUPRA,31,Navarra,Corporate,ICE,UKL2,REST,Standard,2
2025,12,CUPRA,31,Navarra,Corporate,PHEV,UKL2,REST,Standard,1
2025,12,CUPRA,31,Navarra,Private,BEV,UKL2,REST,Standard,1
2025,12,CUPRA,31,Navarra,Private,ICE,UKL2,REST,Standard,6
2025,12,CUPRA,31,Navarra,Private,PHEV,UKL2,REST,Standard,3
2025,12,DACIA,31,Navarra,Corporate,ICE,SKL,REST,Standard,2
2025,12,DACIA,31,Navarra,Corporate,ICE,UKL1,REST,Standard,4
2025,12,DACIA,31,Navarra,Corporate,ICE,UKL2,REST,Standard,1
2025,12,DACIA,31,Navarra,Private,BEV,UKL0,REST,Standard,1
2025,12,DACIA,31,Navarra,Private,ICE,SKL,REST,Standard,13
2025,12,DACIA,31,Navarra,Private,ICE,UKL1,REST,Standard,25
2025,12,DACIA,31,Navarra,Private,ICE,UKL2,REST,Standard,5
2025,12,DONGFENG,31,Navarra,Corporate,BEV,UKL0,REST,Standard,1
2025,12,EBRO,31,Navarra,Private,ICE,UKL2,REST,Standard,9
2025,12,EBRO,31,Navarra,Private,PHEV,KKL,REST,Standard,2
2025,12,EBRO,31,Navarra,Private,PHEV,UKL2,REST,Standard,5
2025,12,FIAT,31,Navarra,Private,BEV,UKL0,REST,Standard,1
2025,12,FIAT,31,Navarra,Private,ICE,UKL0,REST,Standard,1
2025,12,FORD,31,Navarra,Corporate,BEV,SKL,REST,Standard,1
2025,12,FORD,31,Navarra,Corporate,BEV,UKL1,REST,Standard,1
2025,12,FORD,31,Navarra,Corporate,ICE,UKL2,REST,Standard,4
2025,12,FORD,31,Navarra,Corporate,PHEV,UKL2,REST,Standard,1
2025,12,FORD,31,Navarra,Private,BEV,SKL,REST,Standard,1
2025,12,FORD,31,Navarra,Private,ICE,UKL1,REST,Standard,3
2025,12,FORD,31,Navarra,Private,ICE,UKL2,REST,Standard,1
2025,12,FORD,31,Navarra,Private,PHEV,UKL2,REST,Standard,1
2025,12,HONDA,31,Navarra,Corporate,ICE,KKL,REST,Standard,1
2025,12,HONDA,31,Navarra,Corporate,ICE,UKL2,REST,Standard,1
2025,12,HONDA,31,Navarra,Private,ICE,KKL,REST,Standard,1
2025,12,HONDA,31,Navarra,Private,ICE,UKL1,REST,Standard,1
2025,12,HONDA,31,Navarra,Private,ICE,UKL2,REST,Standard,2
2025,12,HYUNDAI,31,Navarra,Corporate,BEV,UKL2,REST,Standard,1
2025,12,HYUNDAI,31,Navarra,Corporate,ICE,UKL1,REST,Standard,1
2025,12,HYUNDAI,31,Navarra,Corporate,ICE,UKL2,REST,Standard,2
2025,12,HYUNDAI,31,Navarra,Private,BEV,UKL1,REST,Standard,5
2025,12,HYUNDAI,31,Navarra,Private,BEV,UKL2,REST,Standard,8
2025,12,HYUNDAI,31,Navarra,Private,ICE,MKL,REST,Standard,1
2025,12,HYUNDAI,31,Navarra,Private,ICE,UKL1,REST,Standard,8
2025,12,HYUNDAI,31,Navarra,Private,ICE,UKL2,REST,Standard,7
2025,12,HYUNDAI,31,Navarra,Private,PHEV,UKL2,REST,Standard,5
2025,12,JAECOO,31,Navarra,Corporate,BEV,UKL1,REST,Standard,1
2025,12,JAECOO,31,Navarra,Private,BEV,UKL1,REST,Standard,8
2025,12,JAECOO,31,Navarra,Private,PHEV,UKL2,REST,Standard,11
2025,12,JEEP,31,Navarra,Private,BEV,UKL1,REST,Standard,1
2025,12,KG MOBILITY,31,Navarra,Corporate,ICE,MKL,REST,Standard,2
2025,12,KG MOBILITY,31,Navarra,Private,ICE,UKL1,REST,Standard,1
2025,12,KIA,31,Navarra,Corporate,ICE,UKL2,REST,Standard,3
2025,12,KIA,31,Navarra,Private,BEV,SKL,REST,Standard,1
2025,12,KIA,31,Navarra,Private,BEV,UKL1,REST,Standard,29
2025,12,KIA,31,Navarra,Private,BEV,UKL2,REST,Standard,5
2025,12,KIA,31,Navarra,Private,ICE,UKL0,REST,Standard,1
2025,12,KIA,31,Navarra,Private,ICE,UKL1,REST,Standard,12
2025,12,KIA,31,Navarra,Private,ICE,UKL2,REST,Standard,16
2025,12,LEAPMOTOR,31,Navarra,Corporate,BEV,MKL,REST,Standard,1
2025,12,LEAPMOTOR,31,Navarra,Corporate,BEV,UKL0,REST,Standard,1
2025,12,LEAPMOTOR,31,Navarra,Corporate,BEV,UKL2,REST,Standard,1
2025,12,LEAPMOTOR,31,Navarra,Private,BEV,MKL,REST,Standard,3
2025,12,LEAPMOTOR,31,Navarra,Private,BEV,UKL2,REST,Standard,7
2025,12,LEXUS,31,Navarra,Private,PHEV,KKL,FOCUS SEGMENT,Standard,3
2025,12,LYNK & CO,31,Navarra,Corporate,PHEV,UKL2,REST,Standard,1
2025,12,LYNK & CO,31,Navarra,Private,BEV,UKL2,REST,Standard,2
2025,12,MAZDA,31,Navarra,Corporate,ICE,UKL1,REST,Standard,1
2025,12,MAZDA,31,Navarra,Corporate,ICE,UKL2,REST,Standard,2
2025,12,MAZDA,31,Navarra,Corporate,PHEV,KKL,REST,Standard,1
2025,12,MAZDA,31,Navarra,Private,BEV,MKL,REST,Standard,2
2025,12,MAZDA,31,Navarra,Private,ICE,KKL,REST,Standard,2
2025,12,MAZDA,31,Navarra,Private,ICE,UKL2,REST,Standard,12
2025,12,MAZDA,31,Navarra,Private,PHEV,KKL,REST,Standard,1
2025,12,MERCEDES,31,Navarra,Corporate,BEV,UKL2,FOCUS SEGMENT,Standard,4
2025,12,MERCEDES,31,Navarra,Corporate,ICE,GKL,FOCUS SEGMENT,Standard,2
2025,12,MERCEDES,31,Navarra,Corporate,ICE,MKL,FOCUS SEGMENT,Standard,2
2025,12,MERCEDES,31,Navarra,Corporate,ICE,MKL,REST,Standard,1
2025,12,MERCEDES,31,Navarra,Corporate,ICE,UKL2,FOCUS SEGMENT,Standard,3
2025,12,MERCEDES,31,Navarra,Corporate,PHEV,KKL,FOCUS SEGMENT,Standard,4
2025,12,MERCEDES,31,Navarra,Corporate,PHEV,MKL,FOCUS SEGMENT,Standard,3
2025,12,MERCEDES,31,Navarra,Private,BEV,UKL2,FOCUS SEGMENT,Standard,5
2025,12,MERCEDES,31,Navarra,Private,ICE,KKL,FOCUS SEGMENT,Standard,2
2025,12,MERCEDES,31,Navarra,Private,ICE,SKL,REST,Standard,1
2025,12,MERCEDES,31,Navarra,Private,ICE,UKL2,FOCUS SEGMENT,Standard,3
2025,12,MERCEDES,31,Navarra,Private,PHEV,KKL,FOCUS SEGMENT,Standard,2
2025,12,MERCEDES,31,Navarra,Private,PHEV,UKL2,FOCUS SEGMENT,Standard,3
2025,12,MERCEDES-V,31,Navarra,Private,ICE,SKL,REST,Standard,1
2025,12,MG,31,Navarra,Corporate,BEV,UKL2,REST,Standard,2
2025,12,MG,31,Navarra,Corporate,ICE,UKL1,REST,Standard,2
2025,12,MG,31,Navarra,Private,BEV,UKL1,REST,Standard,1
2025,12,MG,31,Navarra,Private,ICE,KKL,REST,Standard,3
2025,12,MG,31,Navarra,Private,ICE,UKL1,REST,Standard,10
2025,12,MG,31,Navarra,Private,PHEV,KKL,REST,Standard,2
2025,12,MINI,31,Navarra,Private,ICE,UKL1,FOCUS SEGMENT,Standard,1
2025,12,MITSUBISHI,31,Navarra,Corporate,ICE,UKL1,REST,Standard,2
2025,12,MITSUBISHI,31,Navarra,Private,ICE,UKL1,REST,Standard,2
2025,12,MITSUBISHI,31,Navarra,Private,ICE,UKL2,REST,Standard,2
2025,12,MITSUBISHI,31,Navarra,Private,PHEV,KKL,REST,Standard,1
2025,12,NISSAN,31,Navarra,Corporate,BEV,SKL,REST,Standard,2
2025,12,NISSAN,31,Navarra,Corporate,BEV,UKL1,REST,Standard,1
2025,12,NISSAN,31,Navarra,Corporate,ICE,KKL,REST,Standard,1
2025,12,NISSAN,31,Navarra,Corporate,ICE,UKL2,REST,Standard,6
2025,12,NISSAN,31,Navarra,Private,BEV,UKL2,REST,Standard,2
2025,12,NISSAN,31,Navarra,Private,ICE,KKL,REST,Standard,2
2025,12,NISSAN,31,Navarra,Private,ICE,SKL,REST,Standard,1
2025,12,NISSAN,31,Navarra,Private,ICE,UKL1,REST,Standard,5
2025,12,NISSAN,31,Navarra,Private,ICE,UKL2,REST,Standard,11
2025,12,OMODA,31,Navarra,Corporate,PHEV,KKL,REST,Standard,1
2025,12,OMODA,31,Navarra,Private,BEV,UKL2,REST,Standard,4
2025,12,OMODA,31,Navarra,Private,ICE,UKL2,REST,Standard,8
2025,12,OMODA,31,Navarra,Private,PHEV,KKL,REST,Standard,5
2025,12,OPEL,31,Navarra,Private,ICE,UKL1,REST,Standard,7
2025,12,PEUGEOT,31,Navarra,Corporate,BEV,UKL1,REST,Standard,1
2025,12,PEUGEOT,31,Navarra,Corporate,ICE,UKL1,REST,Standard,1
2025,12,PEUGEOT,31,Navarra,Corporate,ICE,UKL2,REST,Standard,5
2025,12,PEUGEOT,31,Navarra,Corporate,PHEV,UKL2,REST,Standard,3
2025,12,PEUGEOT,31,Navarra,Private,BEV,UKL2,REST,Standard,3
2025,12,PEUGEOT,31,Navarra,Private,ICE,SKL,REST,Standard,4
2025,12,PEUGEOT,31,Navarra,Private,ICE,UKL1,REST,Standard,7
2025,12,PEUGEOT,31,Navarra,Private,ICE,UKL2,REST,Standard,3
2025,12,PORSCHE,31,Navarra,Corporate,PHEV,MKL,FOCUS SEGMENT,M Performance,1
2025,12,PORSCHE,31,Navarra,Private,PHEV,MKL,FOCUS SEGMENT,Standard,1
2025,12,RENAULT,31,Navarra,Corporate,BEV,UKL2,REST,Standard,4
2025,12,RENAULT,31,Navarra,Corporate,ICE,SKL,REST,Standard,3
2025,12,RENAULT,31,Navarra,Corporate,ICE,UKL1,REST,Standard,10
2025,12,RENAULT,31,Navarra,Corporate,ICE,UKL2,REST,Standard,4
2025,12,RENAULT,31,Navarra,Private,BEV,UKL1,REST,Standard,2
2025,12,RENAULT,31,Navarra,Private,BEV,UKL2,REST,Standard,1
2025,12,RENAULT,31,Navarra,Private,ICE,KKL,REST,Standard,3
2025,12,RENAULT,31,Navarra,Private,ICE,SKL,REST,Standard,3
2025,12,RENAULT,31,Navarra,Private,ICE,UKL1,REST,Standard,20
2025,12,RENAULT,31,Navarra,Private,ICE,UKL2,REST,Standard,6
2025,12,RENAULT,31,Navarra,Private,PHEV,UKL2,REST,Standard,1
2025,12,SEAT,31,Navarra,Corporate,ICE,UKL1,REST,Standard,4
2025,12,SEAT,31,Navarra,Corporate,ICE,UKL2,REST,Standard,5
2025,12,SEAT,31,Navarra,Corporate,PHEV,UKL2,REST,Standard,1
2025,12,SEAT,31,Navarra,Private,ICE,UKL1,REST,Standard,12
2025,12,SEAT,31,Navarra,Private,ICE,UKL2,REST,Standard,15
2025,12,SKODA,31,Navarra,Corporate,ICE,UKL1,REST,Standard,1
2025,12,SKODA,31,Navarra,Corporate,ICE,UKL2,REST,Standard,1
2025,12,SKODA,31,Navarra,Private,BEV,UKL2,REST,Standard,10
2025,12,SKODA,31,Navarra,Private,ICE,KKL,REST,Standard,2
2025,12,SKODA,31,Navarra,Private,ICE,UKL1,REST,Standard,5
2025,12,SKODA,31,Navarra,Private,ICE,UKL2,REST,Standard,4
2025,12,SKODA,31,Navarra,Private,PHEV,KKL,REST,Standard,3
2025,12,SUBARU,31,Navarra,Corporate,ICE,UKL2,REST,Standard,1
2025,12,SUBARU,31,Navarra,Private,ICE,KKL,REST,Standard,1
2025,12,SUZUKI,31,Navarra,Corporate,ICE,UKL1,REST,Standard,1
2025,12,SUZUKI,31,Navarra,Corporate,ICE,UKL2,REST,Standard,1
2025,12,SUZUKI,31,Navarra,Private,ICE,UKL1,REST,Standard,2
2025,12,SUZUKI,31,Navarra,RAC,ICE,UKL1,REST,Standard,2
2025,12,SUZUKI,31,Navarra,RAC,ICE,UKL2,REST,Standard,1
2025,12,TESLA,31,Navarra,Corporate,BEV,KKL,FOCUS SEGMENT,Standard,2
2025,12,TESLA,31,Navarra,Private,BEV,KKL,FOCUS SEGMENT,Standard,32
2025,12,TOYOTA,31,Navarra,Corporate,BEV,SKL,REST,Standard,2
2025,12,TOYOTA,31,Navarra,Corporate,ICE,GKL,REST,Standard,1
2025,12,TOYOTA,31,Navarra,Corporate,ICE,UKL1,REST,Standard,5
2025,12,TOYOTA,31,Navarra,Corporate,ICE,UKL2,REST,Standard,3
2025,12,TOYOTA,31,Navarra,Corporate,PHEV,UKL2,REST,Standard,2
2025,12,TOYOTA,31,Navarra,Private,ICE,SKL,REST,Standard,1
2025,12,TOYOTA,31,Navarra,Private,ICE,UKL1,REST,Standard,22
2025,12,TOYOTA,31,Navarra,Private,ICE,UKL2,REST,Standard,19
2025,12,TOYOTA,31,Navarra,Private,PHEV,UKL1,REST,Standard,1
2025,12,TOYOTA,31,Navarra,Private,PHEV,UKL2,REST,Standard,6
2025,12,VOLKSWAGEN,31,Navarra,Corporate,BEV,UKL2,REST,Standard,5
2025,12,VOLKSWAGEN,31,Navarra,Corporate,ICE,KKL,REST,Standard,1
2025,12,VOLKSWAGEN,31,Navarra,Corporate,ICE,SKL,REST,Standard,1
2025,12,VOLKSWAGEN,31,Navarra,Corporate,ICE,UKL1,REST,Standard,9
2025,12,VOLKSWAGEN,31,Navarra,Corporate,ICE,UKL2,REST,Standard,4
2025,12,VOLKSWAGEN,31,Navarra,Corporate,PHEV,UKL2,REST,Standard,1
2025,12,VOLKSWAGEN,31,Navarra,Private,BEV,SKL,REST,Standard,1
2025,12,VOLKSWAGEN,31,Navarra,Private,BEV,UKL2,REST,Standard,20
2025,12,VOLKSWAGEN,31,Navarra,Private,ICE,SKL,REST,Standard,3
2025,12,VOLKSWAGEN,31,Navarra,Private,ICE,UKL1,REST,Standard,21
2025,12,VOLKSWAGEN,31,Navarra,Private,ICE,UKL2,REST,Standard,23
2025,12,VOLKSWAGEN,31,Navarra,Private,PHEV,SKL,REST,Standard,3
2025,12,VOLKSWAGEN,31,Navarra,Private,PHEV,UKL2,REST,Standard,1
2025,12,VOLVO,31,Navarra,Corporate,ICE,KKL,FOCUS SEGMENT,Standard,3
2025,12,VOLVO,31,Navarra,Corporate,ICE,UKL2,FOCUS SEGMENT,Standard,7
2025,12,VOLVO,31,Navarra,Private,BEV,UKL1,FOCUS SEGMENT,Standard,2
2025,12,VOLVO,31,Navarra,Private,BEV,UKL2,FOCUS SEGMENT,Standard,1
2025,12,VOLVO,31,Navarra,Private,ICE,UKL2,FOCUS SEGMENT,Standard,1
2025,12,VOLVO,31,Navarra,Private,PHEV,KKL,FOCUS SEGMENT,Standard,1
2025,12,XPENG,31,Navarra,Corporate,BEV,KKL,FOCUS SEGMENT,Standard,1
2025,12,XPENG,31,Navarra,Private,BEV,KKL,FOCUS SEGMENT,Standard,5
2025,12,ALFA ROMEO,32,Ourense,Corporate,ICE,KKL,REST,Standard,1
2025,12,ALFA ROMEO,32,Ourense,Corporate,ICE,UKL1,REST,Standard,1
2025,12,ALFA ROMEO,32,Ourense,Private,ICE,UKL1,REST,Standard,1
2025,12,AUDI,32,Ourense,Corporate,ICE,UKL1,FOCUS SEGMENT,Standard,1
2025,12,AUDI,32,Ourense,Corporate,ICE,UKL2,FOCUS SEGMENT,Standard,3
2025,12,AUDI,32,Ourense,Corporate,PHEV,KKL,FOCUS SEGMENT,Standard,2
2025,12,AUDI,32,Ourense,Private,ICE,KKL,FOCUS SEGMENT,Standard,1
2025,12,AUDI,32,Ourense,Private,ICE,MKL,FOCUS SEGMENT,Standard,1
2025,12,AUDI,32,Ourense,Private,ICE,UKL1,FOCUS SEGMENT,Standard,1
2025,12,AUDI,32,Ourense,Private,ICE,UKL2,FOCUS SEGMENT,Standard,9
2025,12,AUDI,32,Ourense,Private,PHEV,KKL,FOCUS SEGMENT,Standard,1
2025,12,AUDI,32,Ourense,Private,PHEV,MKL,FOCUS SEGMENT,Standard,1
2025,12,BMW,32,Ourense,Corporate,ICE,UKL2,FOCUS SEGMENT,M,1
2025,12,BMW,32,Ourense,Corporate,ICE,UKL2,FOCUS SEGMENT,Standard,1
2025,12,BMW,32,Ourense,Private,BEV,UKL2,FOCUS SEGMENT,Standard,3
2025,12,BMW,32,Ourense,Private,ICE,UKL2,FOCUS SEGMENT,Standard,9
2025,12,BYD,32,Ourense,Private,BEV,KKL,REST,Standard,4
2025,12,BYD,32,Ourense,Private,BEV,UKL0,REST,Standard,2
2025,12,BYD,32,Ourense,Private,BEV,UKL1,REST,Standard,4
2025,12,BYD,32,Ourense,Private,PHEV,KKL,REST,Standard,7
2025,12,CITROEN,32,Ourense,Corporate,ICE,UKL1,REST,Standard,4
2025,12,CITROEN,32,Ourense,Corporate,ICE,UKL2,REST,Standard,2
2025,12,CITROEN,32,Ourense,Private,BEV,UKL1,REST,Standard,1
2025,12,CITROEN,32,Ourense,Private,ICE,UKL1,REST,Standard,4
2025,12,CITROEN,32,Ourense,Private,ICE,UKL2,REST,Standard,6
2025,12,CUPRA,32,Ourense,Corporate,ICE,UKL2,REST,Standard,3
2025,12,CUPRA,32,Ourense,Corporate,PHEV,UKL2,REST,Standard,3
2025,12,CUPRA,32,Ourense,Private,ICE,UKL2,REST,Standard,1
2025,12,CUPRA,32,Ourense,Private,PHEV,UKL2,REST,Standard,2
2025,12,DACIA,32,Ourense,Corporate,ICE,UKL1,REST,Standard,2
2025,12,DACIA,32,Ourense,Corporate,ICE,UKL2,REST,Standard,1
2025,12,DACIA,32,Ourense,Private,ICE,SKL,REST,Standard,3
2025,12,DACIA,32,Ourense,Private,ICE,UKL1,REST,Standard,13
2025,12,DACIA,32,Ourense,Private,ICE,UKL2,REST,Standard,1
2025,12,EBRO,32,Ourense,Private,ICE,UKL2,REST,Standard,4
2025,12,EBRO,32,Ourense,Private,PHEV,UKL2,REST,Standard,6
2025,12,FORD,32,Ourense,Corporate,PHEV,UKL2,REST,Standard,1
2025,12,FORD,32,Ourense,Private,BEV,UKL1,REST,Standard,1
2025,12,FORD,32,Ourense,Private,ICE,UKL1,REST,Standard,1
2025,12,FORD,32,Ourense,Private,ICE,UKL2,REST,Standard,2
2025,12,FORD,32,Ourense,Private,PHEV,UKL2,REST,Standard,2
2025,12,HONDA,32,Ourense,Private,ICE,UKL2,REST,Standard,1
2025,12,HYUNDAI,32,Ourense,Corporate,ICE,UKL0,REST,Standard,2
2025,12,HYUNDAI,32,Ourense,Corporate,ICE,UKL1,REST,Standard,7
2025,12,HYUNDAI,32,Ourense,Corporate,ICE,UKL2,REST,Standard,1
2025,12,HYUNDAI,32,Ourense,Corporate,PHEV,UKL2,REST,Standard,1
2025,12,HYUNDAI,32,Ourense,Private,ICE,UKL1,REST,Standard,6
2025,12,HYUNDAI,32,Ourense,Private,ICE,UKL2,REST,Standard,2
2025,12,HYUNDAI,32,Ourense,Private,PHEV,UKL2,REST,Standard,2
2025,12,JAECOO,32,Ourense,Private,BEV,UKL1,REST,Standard,1
2025,12,JAECOO,32,Ourense,Private,PHEV,UKL2,REST,Standard,3
2025,12,JEEP,32,Ourense,Corporate,ICE,UKL1,REST,Standard,1
2025,12,JEEP,32,Ourense,Private,ICE,UKL1,REST,Standard,2
2025,12,JEEP,32,Ourense,Private,ICE,UKL2,REST,Standard,1
2025,12,JEEP,32,Ourense,Private,PHEV,UKL2,REST,Standard,1
2025,12,KIA,32,Ourense,Corporate,ICE,UKL1,REST,Standard,1
2025,12,KIA,32,Ourense,Private,BEV,UKL1,REST,Standard,4
2025,12,KIA,32,Ourense,Private,BEV,UKL2,REST,Standard,8
2025,12,KIA,32,Ourense,Private,ICE,UKL1,REST,Standard,3
2025,12,KIA,32,Ourense,Private,ICE,UKL2,REST,Standard,7
2025,12,LEAPMOTOR,32,Ourense,Corporate,BEV,UKL0,REST,Standard,2
2025,12,LEAPMOTOR,32,Ourense,Private,BEV,MKL,REST,Standard,2
2025,12,LEAPMOTOR,32,Ourense,Private,BEV,UKL0,REST,Standard,1
2025,12,LEXUS,32,Ourense,Private,ICE,UKL1,FOCUS SEGMENT,Standard,1
2025,12,MAZDA,32,Ourense,Private,ICE,KKL,REST,Standard,1
2025,12,MAZDA,32,Ourense,Private,ICE,UKL2,REST,Standard,5
2025,12,MERCEDES,32,Ourense,Corporate,ICE,UKL2,FOCUS SEGMENT,Standard,1
2025,12,MERCEDES,32,Ourense,Corporate,PHEV,KKL,FOCUS SEGMENT,Standard,1
2025,12,MERCEDES,32,Ourense,Corporate,PHEV,MKL,FOCUS SEGMENT,Standard,3
2025,12,MERCEDES,32,Ourense,Corporate,PHEV,UKL2,FOCUS SEGMENT,Standard,1
2025,12,MERCEDES,32,Ourense,Private,BEV,UKL2,FOCUS SEGMENT,Standard,1
2025,12,MERCEDES,32,Ourense,Private,ICE,KKL,FOCUS SEGMENT,Standard,2
2025,12,MERCEDES,32,Ourense,Private,ICE,UKL2,FOCUS SEGMENT,Standard,5
2025,12,MERCEDES,32,Ourense,Private,PHEV,KKL,FOCUS SEGMENT,Standard,2
2025,12,MERCEDES,32,Ourense,Private,PHEV,UKL2,FOCUS SEGMENT,Standard,1
2025,12,MG,32,Ourense,Corporate,ICE,UKL1,REST,Standard,1
2025,12,MG,32,Ourense,Private,BEV,UKL1,REST,Standard,1
2025,12,MG,32,Ourense,Private,ICE,KKL,REST,Standard,3
2025,12,MG,32,Ourense,Private,ICE,UKL1,REST,Standard,7
2025,12,MG,32,Ourense,Private,PHEV,KKL,REST,Standard,3
2025,12,MINI,32,Ourense,Private,BEV,UKL1,FOCUS SEGMENT,Standard,1
2025,12,MITSUBISHI,32,Ourense,Corporate,ICE,UKL1,REST,Standard,1
2025,12,MITSUBISHI,32,Ourense,Private,ICE,UKL1,REST,Standard,2
2025,12,NISSAN,32,Ourense,Private,BEV,UKL2,REST,Standard,1
2025,12,NISSAN,32,Ourense,Private,ICE,SKL,REST,Standard,1
2025,12,NISSAN,32,Ourense,Private,ICE,UKL1,REST,Standard,2
2025,12,NISSAN,32,Ourense,Private,ICE,UKL2,REST,Standard,7
2025,12,OMODA,32,Ourense,Private,ICE,UKL2,REST,Standard,5
2025,12,OMODA,32,Ourense,Private,PHEV,KKL,REST,Standard,1
2025,12,OPEL,32,Ourense,Private,ICE,KKL,REST,Standard,1
2025,12,OPEL,32,Ourense,Private,ICE,UKL1,REST,Standard,6
2025,12,OPEL,32,Ourense,Private,ICE,UKL2,REST,Standard,3
2025,12,PEUGEOT,32,Ourense,Private,BEV,UKL1,REST,Standard,1
2025,12,PEUGEOT,32,Ourense,Private,ICE,SKL,REST,Standard,2
2025,12,PEUGEOT,32,Ourense,Private,ICE,UKL1,REST,Standard,8
2025,12,PEUGEOT,32,Ourense,Private,ICE,UKL2,REST,Standard,2
2025,12,PEUGEOT,32,Ourense,RAC,ICE,UKL1,REST,Standard,4
2025,12,RENAULT,32,Ourense,Corporate,ICE,UKL1,REST,Standard,6
2025,12,RENAULT,32,Ourense,Private,ICE,KKL,REST,Standard,1
2025,12,RENAULT,32,Ourense,Private,ICE,UKL1,REST,Standard,15
2025,12,RENAULT,32,Ourense,Private,ICE,UKL2,REST,Standard,5
2025,12,SEAT,32,Ourense,Corporate,ICE,UKL1,REST,Standard,2
2025,12,SEAT,32,Ourense,Corporate,ICE,UKL2,REST,Standard,3
2025,12,SEAT,32,Ourense,Private,ICE,UKL1,REST,Standard,5
2025,12,SEAT,32,Ourense,Private,ICE,UKL2,REST,Standard,18
2025,12,SKODA,32,Ourense,Corporate,ICE,UKL1,REST,Standard,2
2025,12,SKODA,32,Ourense,Corporate,ICE,UKL2,REST,Standard,1
2025,12,SKODA,32,Ourense,Private,ICE,UKL1,REST,Standard,4
2025,12,SKODA,32,Ourense,Private,ICE,UKL2,REST,Standard,6
2025,12,SKODA,32,Ourense,Private,PHEV,KKL,REST,Standard,1
2025,12,SUBARU,32,Ourense,Private,ICE,UKL2,REST,Standard,1
2025,12,SUZUKI,32,Ourense,Corporate,ICE,UKL1,REST,Standard,2
2025,12,TESLA,32,Ourense,Corporate,BEV,KKL,FOCUS SEGMENT,Standard,1
2025,12,TESLA,32,Ourense,Private,BEV,KKL,FOCUS SEGMENT,Standard,4
2025,12,TOYOTA,32,Ourense,Corporate,BEV,UKL2,REST,Standard,1
2025,12,TOYOTA,32,Ourense,Corporate,ICE,UKL1,REST,Standard,1
2025,12,TOYOTA,32,Ourense,Corporate,ICE,UKL2,REST,Standard,1
2025,12,TOYOTA,32,Ourense,Private,ICE,UKL0,REST,Standard,1
2025,12,TOYOTA,32,Ourense,Private,ICE,UKL1,REST,Standard,15
2025,12,TOYOTA,32,Ourense,Private,ICE,UKL2,REST,Standard,4
2025,12,TOYOTA,32,Ourense,Private,PHEV,UKL1,REST,Standard,2
2025,12,VOLKSWAGEN,32,Ourense,Corporate,ICE,SKL,REST,Standard,1
2025,12,VOLKSWAGEN,32,Ourense,Private,ICE,SKL,REST,Standard,1
2025,12,VOLKSWAGEN,32,Ourense,Private,ICE,UKL1,REST,Standard,8
2025,12,VOLKSWAGEN,32,Ourense,Private,ICE,UKL2,REST,Standard,10
2025,12,VOLKSWAGEN,32,Ourense,Private,PHEV,SKL,REST,Standard,1
2025,12,VOLKSWAGEN,32,Ourense,Private,PHEV,UKL2,REST,Standard,1
2025,12,VOLVO,32,Ourense,Corporate,ICE,UKL2,FOCUS SEGMENT,Standard,1
2025,12,VOLVO,32,Ourense,Private,ICE,UKL2,FOCUS SEGMENT,Standard,4
2025,12,ALPINE,33,Asturias,Private,BEV,UKL1,REST,Standard,1
2025,12,AUDI,33,Asturias,Corporate,BEV,MKL,FOCUS SEGMENT,Standard,1
2025,12,AUDI,33,Asturias,Corporate,BEV,UKL2,FOCUS SEGMENT,Standard,30
2025,12,AUDI,33,Asturias,Corporate,ICE,KKL,FOCUS SEGMENT,Standard,6
2025,12,AUDI,33,Asturias,Corporate,ICE,MKL,FOCUS SEGMENT,Standard,2
2025,12,AUDI,33,Asturias,Corporate,ICE,UKL1,FOCUS SEGMENT,Standard,5
2025,12,AUDI,33,Asturias,Corporate,ICE,UKL2,FOCUS SEGMENT,Standard,9
2025,12,AUDI,33,Asturias,Corporate,PHEV,KKL,FOCUS SEGMENT,Standard,7
2025,12,AUDI,33,Asturias,Private,ICE,KKL,FOCUS SEGMENT,Standard,1
2025,12,AUDI,33,Asturias,Private,ICE,UKL1,FOCUS SEGMENT,Standard,6
2025,12,AUDI,33,Asturias,Private,ICE,UKL2,FOCUS SEGMENT,Standard,11
2025,12,AUDI,33,Asturias,Private,PHEV,KKL,FOCUS SEGMENT,Standard,4
2025,12,AUDI,33,Asturias,Private,PHEV,UKL2,FOCUS SEGMENT,Standard,3
2025,12,BMW,33,Asturias,Corporate,BEV,UKL2,FOCUS SEGMENT,Standard,2
2025,12,BMW,33,Asturias,Corporate,ICE,MKL,FOCUS SEGMENT,Standard,1
2025,12,BMW,33,Asturias,Corporate,ICE,UKL2,FOCUS SEGMENT,M Performance,1
2025,12,BMW,33,Asturias,Corporate,ICE,UKL2,FOCUS SEGMENT,Standard,3
2025,12,BMW,33,Asturias,Corporate,PHEV,UKL2,FOCUS SEGMENT,Standard,1
2025,12,BMW,33,Asturias,Private,BEV,UKL2,FOCUS SEGMENT,Standard,4
2025,12,BMW,33,Asturias,Private,ICE,KKL,FOCUS SEGMENT,M,1
2025,12,BMW,33,Asturias,Private,ICE,KKL,FOCUS SEGMENT,M Performance,1
2025,12,BMW,33,Asturias,Private,ICE,KKL,FOCUS SEGMENT,Standard,2
2025,12,BMW,33,Asturias,Private,ICE,MKL,FOCUS SEGMENT,Standard,2
2025,12,BMW,33,Asturias,Private,ICE,UKL2,FOCUS SEGMENT,Standard,17
2025,12,BMW,33,Asturias,Private,PHEV,KKL,FOCUS SEGMENT,Standard,1
2025,12,BMW,33,Asturias,Private,PHEV,MKL,FOCUS SEGMENT,Standard,2
2025,12,BMW,33,Asturias,Private,PHEV,UKL2,FOCUS SEGMENT,Standard,2
2025,12,BYD,33,Asturias,Corporate,BEV,UKL1,REST,Standard,2
2025,12,BYD,33,Asturias,Corporate,PHEV,KKL,REST,Standard,3
2025,12,BYD,33,Asturias,Private,BEV,KKL,REST,Standard,4
2025,12,BYD,33,Asturias,Private,BEV,UKL0,REST,Standard,14
2025,12,BYD,33,Asturias,Private,BEV,UKL1,REST,Standard,13
2025,12,BYD,33,Asturias,Private,BEV,UKL2,REST,Standard,7
2025,12,BYD,33,Asturias,Private,PHEV,KKL,REST,Standard,10
2025,12,CITROEN,33,Asturias,Corporate,ICE,UKL1,REST,Standard,2
2025,12,CITROEN,33,Asturias,Corporate,ICE,UKL2,REST,Standard,6
2025,12,CITROEN,33,Asturias,Private,BEV,UKL1,REST,Standard,3
2025,12,CITROEN,33,Asturias,Private,BEV,UKL2,REST,Standard,1
2025,12,CITROEN,33,Asturias,Private,ICE,MKL,REST,Standard,1
2025,12,CITROEN,33,Asturias,Private,ICE,SKL,REST,Standard,4
2025,12,CITROEN,33,Asturias,Private,ICE,UKL1,REST,Standard,7
2025,12,CITROEN,33,Asturias,Private,ICE,UKL2,REST,Standard,10
2025,12,CUPRA,33,Asturias,Corporate,ICE,UKL2,REST,Standard,4
2025,12,CUPRA,33,Asturias,Private,ICE,UKL2,REST,Standard,3
2025,12,CUPRA,33,Asturias,Private,PHEV,UKL2,REST,Standard,2
2025,12,DACIA,33,Asturias,Corporate,BEV,UKL0,REST,Standard,1
2025,12,DACIA,33,Asturias,Corporate,ICE,SKL,REST,Standard,36
2025,12,DACIA,33,Asturias,Corporate,ICE,UKL1,REST,Standard,1
2025,12,DACIA,33,Asturias,Corporate,ICE,UKL2,REST,Standard,6
2025,12,DACIA,33,Asturias,Private,BEV,UKL0,REST,Standard,1
2025,12,DACIA,33,Asturias,Private,ICE,SKL,REST,Standard,7
2025,12,DACIA,33,Asturias,Private,ICE,UKL1,REST,Standard,42
2025,12,DACIA,33,Asturias,Private,ICE,UKL2,REST,Standard,21
2025,12,DR,33,Asturias,Corporate,ICE,UKL1,REST,Standard,1
2025,12,EBRO,33,Asturias,Corporate,ICE,UKL2,REST,Standard,2
2025,12,EBRO,33,Asturias,Corporate,PHEV,KKL,REST,Standard,1
2025,12,EBRO,33,Asturias,Corporate,PHEV,UKL2,REST,Standard,1
2025,12,EBRO,33,Asturias,Private,ICE,KKL,REST,Standard,1
2025,12,EBRO,33,Asturias,Private,ICE,UKL2,REST,Standard,10
2025,12,EBRO,33,Asturias,Private,PHEV,KKL,REST,Standard,1
2025,12,EBRO,33,Asturias,Private,PHEV,UKL2,REST,Standard,10
2025,12,EVO,33,Asturias,Corporate,ICE,UKL1,REST,Standard,1
2025,12,FIAT,33,Asturias,Corporate,ICE,SKL,REST,Standard,1
2025,12,FIAT,33,Asturias,Corporate,ICE,UKL0,REST,Standard,1
2025,12,FORD,33,Asturias,Corporate,BEV,UKL1,REST,Standard,1
2025,12,FORD,33,Asturias,Corporate,ICE,SKL,REST,Standard,1
2025,12,FORD,33,Asturias,Corporate,ICE,UKL2,REST,Standard,1
2025,12,FORD,33,Asturias,Private,BEV,KKL,REST,Standard,2
2025,12,FORD,33,Asturias,Private,BEV,UKL1,REST,Standard,3
2025,12,FORD,33,Asturias,Private,ICE,SKL,REST,Standard,1
2025,12,FORD,33,Asturias,Private,ICE,UKL1,REST,Standard,5
2025,12,FORD,33,Asturias,Private,ICE,UKL2,REST,Standard,1
2025,12,FORD,33,Asturias,Private,PHEV,SKL,REST,Standard,1
2025,12,FORD,33,Asturias,Private,PHEV,UKL2,REST,Standard,5
2025,12,HONDA,33,Asturias,Corporate,ICE,KKL,REST,Standard,2
2025,12,HONDA,33,Asturias,Corporate,ICE,UKL1,REST,Standard,1
2025,12,HONDA,33,Asturias,Corporate,ICE,UKL2,REST,Standard,1
2025,12,HONDA,33,Asturias,Private,BEV,UKL1,REST,Standard,1
2025,12,HONDA,33,Asturias,Private,ICE,KKL,REST,Standard,4
2025,12,HONDA,33,Asturias,Private,ICE,UKL1,REST,Standard,6
2025,12,HONDA,33,Asturias,Private,ICE,UKL2,REST,Standard,12
2025,12,HYUNDAI,33,Asturias,Corporate,ICE,UKL0,REST,Standard,2
2025,12,HYUNDAI,33,Asturias,Corporate,ICE,UKL1,REST,Standard,35
2025,12,HYUNDAI,33,Asturias,Corporate,ICE,UKL2,REST,Standard,24
2025,12,HYUNDAI,33,Asturias,Corporate,PHEV,UKL2,REST,Standard,3
2025,12,HYUNDAI,33,Asturias,Private,BEV,UKL1,REST,Standard,1
2025,12,HYUNDAI,33,Asturias,Private,BEV,UKL2,REST,Standard,5
2025,12,HYUNDAI,33,Asturias,Private,ICE,UKL0,REST,Standard,1
2025,12,HYUNDAI,33,Asturias,Private,ICE,UKL1,REST,Standard,18
2025,12,HYUNDAI,33,Asturias,Private,ICE,UKL2,REST,Standard,16
2025,12,HYUNDAI,33,Asturias,Private,PHEV,UKL2,REST,Standard,4
2025,12,JAECOO,33,Asturias,Corporate,BEV,UKL1,REST,Standard,1
2025,12,JAECOO,33,Asturias,Corporate,PHEV,UKL2,REST,Standard,2
2025,12,JAECOO,33,Asturias,Private,BEV,UKL1,REST,Standard,2
2025,12,JAECOO,33,Asturias,Private,ICE,UKL2,REST,Standard,2
2025,12,JAECOO,33,Asturias,Private,PHEV,UKL2,REST,Standard,11
2025,12,JEEP,33,Asturias,Corporate,ICE,UKL1,REST,Standard,1
2025,12,JEEP,33,Asturias,Corporate,PHEV,UKL2,REST,Standard,2
2025,12,JEEP,33,Asturias,Private,ICE,UKL1,REST,Standard,3
2025,12,JEEP,33,Asturias,Private,PHEV,UKL2,REST,Standard,1
2025,12,KG MOBILITY,33,Asturias,Private,ICE,MKL,REST,Standard,1
2025,12,KG MOBILITY,33,Asturias,Private,ICE,UKL2,REST,Standard,1
2025,12,KIA,33,Asturias,Corporate,ICE,UKL2,REST,Standard,36
2025,12,KIA,33,Asturias,Private,BEV,UKL1,REST,Standard,8
2025,12,KIA,33,Asturias,Private,BEV,UKL2,REST,Standard,5
2025,12,KIA,33,Asturias,Private,ICE,UKL1,REST,Standard,13
2025,12,KIA,33,Asturias,Private,ICE,UKL2,REST,Standard,22
2025,12,LAND ROVER,33,Asturias,Private,PHEV,MKL,FOCUS SEGMENT,Standard,1
2025,12,LEAPMOTOR,33,Asturias,Corporate,BEV,UKL2,REST,Standard,1
2025,12,LEAPMOTOR,33,Asturias,Private,BEV,MKL,REST,Standard,1
2025,12,LEAPMOTOR,33,Asturias,Private,BEV,UKL0,REST,Standard,2
2025,12,LEAPMOTOR,33,Asturias,Private,BEV,UKL2,REST,Standard,2
2025,12,LEXUS,33,Asturias,Corporate,ICE,UKL1,FOCUS SEGMENT,Standard,2
2025,12,LEXUS,33,Asturias,Corporate,PHEV,KKL,FOCUS SEGMENT,Standard,1
2025,12,LEXUS,33,Asturias,Corporate,PHEV,MKL,FOCUS SEGMENT,Standard,1
2025,12,LEXUS,33,Asturias,Private,ICE,MKL,FOCUS SEGMENT,Standard,1
2025,12,LEXUS,33,Asturias,Private,ICE,UKL1,FOCUS SEGMENT,Standard,3
2025,12,LEXUS,33,Asturias,Private,PHEV,KKL,FOCUS SEGMENT,Standard,3
2025,12,LYNK & CO,33,Asturias,Private,BEV,UKL2,REST,Standard,1
2025,12,LYNK & CO,33,Asturias,Private,PHEV,UKL2,REST,Standard,2
2025,12,MAZDA,33,Asturias,Corporate,ICE,KKL,REST,Standard,3
2025,12,MAZDA,33,Asturias,Corporate,PHEV,KKL,REST,Standard,1
2025,12,MAZDA,33,Asturias,Private,BEV,MKL,REST,Standard,1
2025,12,MAZDA,33,Asturias,Private,ICE,KKL,REST,Standard,2
2025,12,MAZDA,33,Asturias,Private,ICE,UKL2,REST,Standard,27
2025,12,MERCEDES,33,Asturias,Corporate,BEV,UKL2,FOCUS SEGMENT,Standard,1
2025,12,MERCEDES,33,Asturias,Corporate,ICE,GKL,FOCUS SEGMENT,Standard,1
2025,12,MERCEDES,33,Asturias,Corporate,ICE,KKL,FOCUS SEGMENT,Standard,4
2025,12,MERCEDES,33,Asturias,Corporate,ICE,MKL,REST,Standard,1
2025,12,MERCEDES,33,Asturias,Corporate,ICE,UKL2,FOCUS SEGMENT,Standard,4
2025,12,MERCEDES,33,Asturias,Corporate,PHEV,KKL,FOCUS SEGMENT,Standard,2
2025,12,MERCEDES,33,Asturias,Corporate,PHEV,MKL,FOCUS SEGMENT,M Performance,1
2025,12,MERCEDES,33,Asturias,Corporate,PHEV,MKL,FOCUS SEGMENT,Standard,1
2025,12,MERCEDES,33,Asturias,Corporate,PHEV,UKL2,FOCUS SEGMENT,Standard,1
2025,12,MERCEDES,33,Asturias,Private,BEV,MKL,FOCUS SEGMENT,Standard,3
2025,12,MERCEDES,33,Asturias,Private,ICE,GKL,FOCUS SEGMENT,Standard,1
2025,12,MERCEDES,33,Asturias,Private,ICE,KKL,FOCUS SEGMENT,Standard,1
2025,12,MERCEDES,33,Asturias,Private,ICE,MKL,FOCUS SEGMENT,Standard,1
2025,12,MERCEDES,33,Asturias,Private,ICE,MKL,REST,Standard,2
2025,12,MERCEDES,33,Asturias,Private,ICE,SKL,REST,Standard,1
2025,12,MERCEDES,33,Asturias,Private,ICE,UKL2,FOCUS SEGMENT,Standard,19
2025,12,MERCEDES,33,Asturias,Private,PHEV,KKL,FOCUS SEGMENT,Standard,6
2025,12,MERCEDES,33,Asturias,Private,PHEV,UKL2,FOCUS SEGMENT,Standard,3
2025,12,MG,33,Asturias,Corporate,ICE,UKL1,REST,Standard,7
2025,12,MG,33,Asturias,Private,ICE,UKL1,REST,Standard,24
2025,12,MG,33,Asturias,Private,PHEV,KKL,REST,Standard,2
2025,12,MINI,33,Asturias,Corporate,BEV,UKL1,FOCUS SEGMENT,Standard,1
2025,12,MINI,33,Asturias,Corporate,BEV,UKL2,FOCUS SEGMENT,Standard,1
2025,12,MINI,33,Asturias,Corporate,ICE,UKL1,FOCUS SEGMENT,Standard,4
2025,12,MINI,33,Asturias,Private,BEV,UKL1,FOCUS SEGMENT,Standard,8
2025,12,MINI,33,Asturias,Private,BEV,UKL2,FOCUS SEGMENT,Standard,1
2025,12,MINI,33,Asturias,Private,ICE,UKL1,FOCUS SEGMENT,Standard,3
2025,12,MINI,33,Asturias,Private,ICE,UKL2,FOCUS SEGMENT,Standard,3
2025,12,MITSUBISHI,33,Asturias,Corporate,BEV,UKL2,REST,Standard,1
2025,12,MITSUBISHI,33,Asturias,Corporate,ICE,UKL1,REST,Standard,2
2025,12,MITSUBISHI,33,Asturias,Private,ICE,UKL1,REST,Standard,2
2025,12,MITSUBISHI,33,Asturias,Private,ICE,UKL2,REST,Standard,2
2025,12,NISSAN,33,Asturias,Corporate,BEV,UKL1,REST,Standard,1
2025,12,NISSAN,33,Asturias,Corporate,ICE,KKL,REST,Standard,2
2025,12,NISSAN,33,Asturias,Corporate,ICE,UKL1,REST,Standard,2
2025,12,NISSAN,33,Asturias,Private,BEV,SKL,REST,Standard,1
2025,12,NISSAN,33,Asturias,Private,ICE,KKL,REST,Standard,2
2025,12,NISSAN,33,Asturias,Private,ICE,SKL,REST,Standard,1
2025,12,NISSAN,33,Asturias,Private,ICE,UKL1,REST,Standard,6
2025,12,NISSAN,33,Asturias,Private,ICE,UKL2,REST,Standard,18
2025,12,OMODA,33,Asturias,Corporate,BEV,UKL2,REST,Standard,2
2025,12,OMODA,33,Asturias,Corporate,ICE,UKL2,REST,Standard,1
2025,12,OMODA,33,Asturias,Corporate,PHEV,KKL,REST,Standard,2
2025,12,OMODA,33,Asturias,Private,BEV,UKL2,REST,Standard,2
2025,12,OMODA,33,Asturias,Private,ICE,UKL2,REST,Standard,10
2025,12,OMODA,33,Asturias,Private,PHEV,KKL,REST,Standard,6
2025,12,OPEL,33,Asturias,Corporate,ICE,SKL,REST,Standard,1
2025,12,OPEL,33,Asturias,Corporate,ICE,UKL1,REST,Standard,85
2025,12,OPEL,33,Asturias,Private,ICE,KKL,REST,Standard,2
2025,12,OPEL,33,Asturias,Private,ICE,UKL1,REST,Standard,3
2025,12,PEUGEOT,33,Asturias,Corporate,ICE,UKL1,REST,Standard,11
2025,12,PEUGEOT,33,Asturias,Corporate,ICE,UKL2,REST,Standard,1
2025,12,PEUGEOT,33,Asturias,Private,BEV,SKL,REST,Standard,1
2025,12,PEUGEOT,33,Asturias,Private,BEV,UKL1,REST,Standard,2
2025,12,PEUGEOT,33,Asturias,Private,ICE,SKL,REST,Standard,1
2025,12,PEUGEOT,33,Asturias,Private,ICE,UKL1,REST,Standard,7
2025,12,PEUGEOT,33,Asturias,Private,PHEV,UKL2,REST,Standard,2
2025,12,PORSCHE,33,Asturias,Corporate,ICE,GKL,FOCUS SEGMENT,M Performance,1
2025,12,PORSCHE,33,Asturias,Corporate,PHEV,MKL,FOCUS SEGMENT,Standard,1
2025,12,PORSCHE,33,Asturias,Private,ICE,GKL,FOCUS SEGMENT,M Performance,1
2025,12,PORSCHE,33,Asturias,Private,PHEV,MKL,FOCUS SEGMENT,Standard,1
2025,12,RENAULT,33,Asturias,Corporate,ICE,SKL,REST,Standard,1
2025,12,RENAULT,33,Asturias,Corporate,ICE,UKL1,REST,Standard,23
2025,12,RENAULT,33,Asturias,Corporate,ICE,UKL2,REST,Standard,2
2025,12,RENAULT,33,Asturias,Private,BEV,UKL1,REST,Standard,5
2025,12,RENAULT,33,Asturias,Private,BEV,UKL2,REST,Standard,2
2025,12,RENAULT,33,Asturias,Private,ICE,KKL,REST,Standard,2
2025,12,RENAULT,33,Asturias,Private,ICE,SKL,REST,Standard,1
2025,12,RENAULT,33,Asturias,Private,ICE,UKL1,REST,Standard,49
2025,12,RENAULT,33,Asturias,Private,ICE,UKL2,REST,Standard,10
2025,12,RENAULT,33,Asturias,Private,PHEV,UKL2,REST,Standard,5
2025,12,RENAULT,33,Asturias,RAC,PHEV,UKL2,REST,Standard,1
2025,12,SEAT,33,Asturias,Corporate,ICE,UKL1,REST,Standard,5
2025,12,SEAT,33,Asturias,Corporate,PHEV,UKL2,REST,Standard,2
2025,12,SEAT,33,Asturias,Private,ICE,UKL1,REST,Standard,33
2025,12,SEAT,33,Asturias,Private,ICE,UKL2,REST,Standard,27
2025,12,SEAT,33,Asturias,Private,PHEV,UKL2,REST,Standard,3
2025,12,SEAT,33,Asturias,RAC,ICE,UKL1,REST,Standard,7
2025,12,SKODA,33,Asturias,Corporate,BEV,UKL2,REST,Standard,2
2025,12,SKODA,33,Asturias,Corporate,ICE,UKL1,REST,Standard,2
2025,12,SKODA,33,Asturias,Corporate,ICE,UKL2,REST,Standard,55
2025,12,SKODA,33,Asturias,Corporate,PHEV,KKL,REST,Standard,17
2025,12,SKODA,33,Asturias,Private,BEV,UKL2,REST,Standard,3
2025,12,SKODA,33,Asturias,Private,ICE,UKL1,REST,Standard,10
2025,12,SKODA,33,Asturias,Private,ICE,UKL2,REST,Standard,12
2025,12,SKODA,33,Asturias,Private,PHEV,KKL,REST,Standard,1
2025,12,SUZUKI,33,Asturias,Private,ICE,UKL2,REST,Standard,3
2025,12,TESLA,33,Asturias,Corporate,BEV,KKL,FOCUS SEGMENT,Standard,1
2025,12,TESLA,33,Asturias,Private,BEV,KKL,FOCUS SEGMENT,Standard,27
2025,12,TOYOTA,33,Asturias,Corporate,ICE,SKL,REST,Standard,5
2025,12,TOYOTA,33,Asturias,Corporate,ICE,UKL1,REST,Standard,4
2025,12,TOYOTA,33,Asturias,Corporate,ICE,UKL2,REST,Standard,6
2025,12,TOYOTA,33,Asturias,Private,ICE,UKL1,REST,Standard,28
2025,12,TOYOTA,33,Asturias,Private,ICE,UKL2,REST,Standard,29
2025,12,TOYOTA,33,Asturias,Private,PHEV,UKL1,REST,Standard,11
2025,12,TOYOTA,33,Asturias,Private,PHEV,UKL2,REST,Standard,13
2025,12,VOLKSWAGEN,33,Asturias,Corporate,BEV,SKL,REST,Standard,1
2025,12,VOLKSWAGEN,33,Asturias,Corporate,ICE,KKL,REST,Standard,1
2025,12,VOLKSWAGEN,33,Asturias,Corporate,ICE,UKL1,REST,Standard,1
2025,12,VOLKSWAGEN,33,Asturias,Corporate,ICE,UKL2,REST,Standard,2
2025,12,VOLKSWAGEN,33,Asturias,Corporate,PHEV,SKL,REST,Standard,6
2025,12,VOLKSWAGEN,33,Asturias,Private,BEV,UKL2,REST,Standard,2
2025,12,VOLKSWAGEN,33,Asturias,Private,ICE,SKL,REST,Standard,1
2025,12,VOLKSWAGEN,33,Asturias,Private,ICE,UKL1,REST,Standard,18
2025,12,VOLKSWAGEN,33,Asturias,Private,ICE,UKL2,REST,Standard,18
2025,12,VOLKSWAGEN,33,Asturias,Private,PHEV,SKL,REST,Standard,2
2025,12,VOLKSWAGEN,33,Asturias,Private,PHEV,UKL2,REST,Standard,6
2025,12,VOLVO,33,Asturias,Corporate,ICE,UKL2,FOCUS SEGMENT,Standard,13
2025,12,VOLVO,33,Asturias,Corporate,PHEV,KKL,FOCUS SEGMENT,Standard,1
2025,12,VOLVO,33,Asturias,Private,BEV,UKL1,FOCUS SEGMENT,Standard,4
2025,12,VOLVO,33,Asturias,Private,BEV,UKL2,FOCUS SEGMENT,Standard,1
2025,12,VOLVO,33,Asturias,Private,ICE,KKL,FOCUS SEGMENT,Standard,6
2025,12,VOLVO,33,Asturias,Private,ICE,UKL2,FOCUS SEGMENT,Standard,1
2025,12,XPENG,33,Asturias,Private,BEV,KKL,FOCUS SEGMENT,Standard,4
2025,12,AUDI,34,Palencia,Private,ICE,KKL,FOCUS SEGMENT,Standard,1
2025,12,AUDI,34,Palencia,Private,ICE,UKL1,FOCUS SEGMENT,Standard,1
2025,12,BMW,34,Palencia,Corporate,ICE,KKL,FOCUS SEGMENT,Standard,1
2025,12,BMW,34,Palencia,Corporate,PHEV,UKL2,FOCUS SEGMENT,Standard,1
2025,12,BMW,34,Palencia,Private,ICE,UKL2,FOCUS SEGMENT,Standard,1
2025,12,BYD,34,Palencia,Private,BEV,UKL2,REST,Standard,1
2025,12,CITROEN,34,Palencia,Corporate,ICE,SKL,REST,Standard,1
2025,12,CITROEN,34,Palencia,Private,ICE,UKL1,REST,Standard,1
2025,12,CITROEN,34,Palencia,Private,ICE,UKL2,REST,Standard,2
2025,12,CUPRA,34,Palencia,Private,PHEV,UKL2,REST,Standard,1
2025,12,DACIA,34,Palencia,Corporate,BEV,UKL0,REST,Standard,1
2025,12,DACIA,34,Palencia,Corporate,ICE,UKL1,REST,Standard,1
2025,12,DACIA,34,Palencia,Private,ICE,UKL1,REST,Standard,7
2025,12,DACIA,34,Palencia,Private,ICE,UKL2,REST,Standard,2
2025,12,DR,34,Palencia,Private,ICE,UKL1,REST,Standard,1
2025,12,EBRO,34,Palencia,Private,ICE,UKL2,REST,Standard,1
2025,12,EBRO,34,Palencia,Private,PHEV,UKL2,REST,Standard,1
2025,12,EVO,34,Palencia,Private,ICE,UKL2,REST,Standard,1
2025,12,HYUNDAI,34,Palencia,Corporate,ICE,UKL2,REST,Standard,1
2025,12,HYUNDAI,34,Palencia,Private,ICE,UKL1,REST,Standard,3
2025,12,HYUNDAI,34,Palencia,Private,ICE,UKL2,REST,Standard,2
2025,12,HYUNDAI,34,Palencia,Private,PHEV,UKL2,REST,Standard,3
2025,12,JAECOO,34,Palencia,Private,PHEV,UKL2,REST,Standard,1
2025,12,JEEP,34,Palencia,Private,ICE,UKL1,REST,Standard,1
2025,12,KIA,34,Palencia,Private,BEV,KKL,REST,Standard,1
2025,12,KIA,34,Palencia,Private,ICE,UKL1,REST,Standard,1
2025,12,KIA,34,Palencia,Private,ICE,UKL2,REST,Standard,3
2025,12,LEXUS,34,Palencia,Private,PHEV,KKL,FOCUS SEGMENT,Standard,1
2025,12,MAZDA,34,Palencia,Corporate,ICE,KKL,REST,Standard,1
2025,12,MAZDA,34,Palencia,Private,BEV,MKL,REST,Standard,1
2025,12,MAZDA,34,Palencia,Private,ICE,UKL2,REST,Standard,1
2025,12,MERCEDES,34,Palencia,Corporate,ICE,UKL2,FOCUS SEGMENT,Standard,1
2025,12,MERCEDES,34,Palencia,Corporate,PHEV,KKL,FOCUS SEGMENT,Standard,3
2025,12,MERCEDES,34,Palencia,Corporate,PHEV,MKL,FOCUS SEGMENT,Standard,1
2025,12,MERCEDES,34,Palencia,Private,BEV,UKL2,FOCUS SEGMENT,Standard,1
2025,12,MERCEDES,34,Palencia,Private,ICE,KKL,FOCUS SEGMENT,Standard,2
2025,12,MERCEDES,34,Palencia,Private,ICE,UKL2,FOCUS SEGMENT,Standard,4
2025,12,MERCEDES,34,Palencia,Private,PHEV,MKL,FOCUS SEGMENT,Standard,1
2025,12,MG,34,Palencia,Private,BEV,UKL1,REST,Standard,2
2025,12,MG,34,Palencia,Private,ICE,UKL1,REST,Standard,6
2025,12,MG,34,Palencia,Private,PHEV,KKL,REST,Standard,1
2025,12,NISSAN,34,Palencia,Corporate,ICE,UKL2,REST,Standard,1
2025,12,NISSAN,34,Palencia,Private,ICE,UKL2,REST,Standard,1
2025,12,OMODA,34,Palencia,Private,PHEV,KKL,REST,Standard,2
2025,12,PEUGEOT,34,Palencia,Corporate,ICE,UKL1,REST,Standard,8
2025,12,PEUGEOT,34,Palencia,Private,PHEV,KKL,REST,Standard,1
2025,12,RENAULT,34,Palencia,Corporate,ICE,UKL1,REST,Standard,3
2025,12,RENAULT,34,Palencia,Corporate,ICE,UKL2,REST,Standard,1
2025,12,RENAULT,34,Palencia,Private,BEV,UKL1,REST,Standard,2
2025,12,RENAULT,34,Palencia,Private,ICE,UKL1,REST,Standard,8
2025,12,RENAULT,34,Palencia,Private,ICE,UKL2,REST,Standard,3
2025,12,RENAULT,34,Palencia,Private,PHEV,UKL2,REST,Standard,4
2025,12,SEAT,34,Palencia,Corporate,ICE,UKL1,REST,Standard,1
2025,12,SEAT,34,Palencia,Private,ICE,UKL1,REST,Standard,5
2025,12,SEAT,34,Palencia,Private,ICE,UKL2,REST,Standard,1
2025,12,SKODA,34,Palencia,Private,BEV,UKL2,REST,Standard,1
2025,12,SKODA,34,Palencia,Private,ICE,UKL1,REST,Standard,3
2025,12,SKODA,34,Palencia,Private,ICE,UKL2,REST,Standard,2
2025,12,SUZUKI,34,Palencia,Private,ICE,UKL1,REST,Standard,2
2025,12,SUZUKI,34,Palencia,Private,ICE,UKL2,REST,Standard,1
2025,12,TESLA,34,Palencia,Private,BEV,KKL,FOCUS SEGMENT,Standard,1
2025,12,TOYOTA,34,Palencia,Corporate,ICE,GKL,REST,Standard,1
2025,12,TOYOTA,34,Palencia,Corporate,PHEV,UKL2,REST,Standard,2
2025,12,TOYOTA,34,Palencia,Private,ICE,UKL1,REST,Standard,15
2025,12,TOYOTA,34,Palencia,Private,ICE,UKL2,REST,Standard,4
2025,12,TOYOTA,34,Palencia,Private,PHEV,UKL1,REST,Standard,2
2025,12,TOYOTA,34,Palencia,Private,PHEV,UKL2,REST,Standard,5
2025,12,TOYOTA,34,Palencia,RAC,ICE,UKL2,REST,Standard,1
2025,12,VOLKSWAGEN,34,Palencia,Private,ICE,UKL1,REST,Standard,1
2025,12,VOLKSWAGEN,34,Palencia,Private,ICE,UKL2,REST,Standard,5
2025,12,VOLVO,34,Palencia,Private,ICE,KKL,FOCUS SEGMENT,Standard,2
2025,12,VOLVO,34,Palencia,Private,ICE,UKL2,FOCUS SEGMENT,Standard,3
2025,12,ABARTH,35,Las Palmas,Private,BEV,UKL0,REST,Standard,1
2025,12,ALFA ROMEO,35,Las Palmas,Private,BEV,UKL1,REST,Standard,1
2025,12,ALFA ROMEO,35,Las Palmas,Private,ICE,UKL1,REST,Standard,3
2025,12,AUDI,35,Las Palmas,Corporate,BEV,GKL,FOCUS SEGMENT,Standard,1
2025,12,AUDI,35,Las Palmas,Corporate,BEV,KKL,FOCUS SEGMENT,Standard,1
2025,12,AUDI,35,Las Palmas,Corporate,BEV,MKL,FOCUS SEGMENT,Standard,1
2025,12,AUDI,35,Las Palmas,Corporate,BEV,UKL2,FOCUS SEGMENT,Standard,6
2025,12,AUDI,35,Las Palmas,Corporate,ICE,KKL,FOCUS SEGMENT,M Performance,1
2025,12,AUDI,35,Las Palmas,Corporate,ICE,KKL,FOCUS SEGMENT,Standard,4
2025,12,AUDI,35,Las Palmas,Corporate,ICE,UKL1,FOCUS SEGMENT,Standard,5
2025,12,AUDI,35,Las Palmas,Corporate,ICE,UKL2,FOCUS SEGMENT,Standard,14
2025,12,AUDI,35,Las Palmas,Corporate,PHEV,KKL,FOCUS SEGMENT,Standard,2
2025,12,AUDI,35,Las Palmas,Corporate,PHEV,UKL2,FOCUS SEGMENT,Standard,2
2025,12,AUDI,35,Las Palmas,Private,BEV,UKL2,FOCUS SEGMENT,Standard,5
2025,12,AUDI,35,Las Palmas,Private,ICE,UKL1,FOCUS SEGMENT,Standard,11
2025,12,AUDI,35,Las Palmas,Private,ICE,UKL2,FOCUS SEGMENT,Standard,12
2025,12,AUDI,35,Las Palmas,Private,PHEV,KKL,FOCUS SEGMENT,Standard,1
2025,12,AUDI,35,Las Palmas,Private,PHEV,UKL2,FOCUS SEGMENT,Standard,2
2025,12,AUDI,35,Las Palmas,RAC,ICE,KKL,FOCUS SEGMENT,Standard,8
2025,12,AUDI,35,Las Palmas,RAC,ICE,UKL1,FOCUS SEGMENT,Standard,175
2025,12,AUDI,35,Las Palmas,RAC,ICE,UKL2,FOCUS SEGMENT,Standard,71
2025,12,BMW,35,Las Palmas,Corporate,BEV,UKL2,FOCUS SEGMENT,Standard,4
2025,12,BMW,35,Las Palmas,Corporate,ICE,UKL2,FOCUS SEGMENT,Standard,4
2025,12,BMW,35,Las Palmas,Private,BEV,UKL2,FOCUS SEGMENT,Standard,25
2025,12,BMW,35,Las Palmas,Private,ICE,KKL,FOCUS SEGMENT,Standard,1
2025,12,BMW,35,Las Palmas,Private,ICE,UKL2,FOCUS SEGMENT,M,1
2025,12,BMW,35,Las Palmas,Private,ICE,UKL2,FOCUS SEGMENT,Standard,1
2025,12,BMW,35,Las Palmas,Private,PHEV,GKL,FOCUS SEGMENT,M,1
2025,12,BMW,35,Las Palmas,Private,PHEV,UKL2,FOCUS SEGMENT,Standard,2
2025,12,BYD,35,Las Palmas,Corporate,BEV,KKL,REST,Standard,4
2025,12,BYD,35,Las Palmas,Corporate,BEV,UKL0,REST,Standard,2
2025,12,BYD,35,Las Palmas,Corporate,BEV,UKL1,REST,Standard,1
2025,12,BYD,35,Las Palmas,Corporate,BEV,UKL2,REST,Standard,1
2025,12,BYD,35,Las Palmas,Corporate,PHEV,KKL,REST,Standard,5
2025,12,BYD,35,Las Palmas,Private,BEV,KKL,REST,Standard,10
2025,12,BYD,35,Las Palmas,Private,BEV,UKL0,REST,Standard,7
2025,12,BYD,35,Las Palmas,Private,BEV,UKL1,REST,Standard,9
2025,12,BYD,35,Las Palmas,Private,PHEV,KKL,REST,Standard,6
2025,12,CITROEN,35,Las Palmas,Corporate,BEV,UKL1,REST,Standard,2
2025,12,CITROEN,35,Las Palmas,Corporate,ICE,UKL2,REST,Standard,3
2025,12,CITROEN,35,Las Palmas,Private,ICE,UKL1,REST,Standard,7
2025,12,CITROEN,35,Las Palmas,Private,ICE,UKL2,REST,Standard,10
2025,12,CITROEN,35,Las Palmas,RAC,ICE,UKL1,REST,Standard,11
2025,12,CITROEN,35,Las Palmas,RAC,ICE,UKL2,REST,Standard,13
2025,12,CUPRA,35,Las Palmas,Corporate,BEV,UKL2,REST,Standard,1
2025,12,CUPRA,35,Las Palmas,Corporate,PHEV,UKL2,REST,Standard,33
2025,12,CUPRA,35,Las Palmas,Private,BEV,UKL2,REST,Standard,1
2025,12,CUPRA,35,Las Palmas,Private,PHEV,UKL2,REST,Standard,3
2025,12,DACIA,35,Las Palmas,Corporate,BEV,UKL0,REST,Standard,13
2025,12,DACIA,35,Las Palmas,Corporate,ICE,SKL,REST,Standard,6
2025,12,DACIA,35,Las Palmas,Corporate,ICE,UKL1,REST,Standard,8
2025,12,DACIA,35,Las Palmas,Corporate,ICE,UKL2,REST,Standard,2
2025,12,DACIA,35,Las Palmas,Private,ICE,SKL,REST,Standard,15
2025,12,DACIA,35,Las Palmas,Private,ICE,UKL1,REST,Standard,58
2025,12,DACIA,35,Las Palmas,Private,ICE,UKL2,REST,Standard,27
2025,12,DACIA,35,Las Palmas,RAC,ICE,UKL1,REST,Standard,12
2025,12,DACIA,35,Las Palmas,RAC,ICE,UKL2,REST,Standard,28
2025,12,DS,35,Las Palmas,Corporate,ICE,UKL2,REST,Standard,1
2025,12,DS,35,Las Palmas,Private,PHEV,UKL2,REST,Standard,1
2025,12,EBRO,35,Las Palmas,Corporate,PHEV,UKL2,REST,Standard,2
2025,12,EBRO,35,Las Palmas,Private,ICE,KKL,REST,Standard,1
2025,12,EBRO,35,Las Palmas,Private,ICE,UKL2,REST,Standard,7
2025,12,EBRO,35,Las Palmas,Private,PHEV,KKL,REST,Standard,6
2025,12,EBRO,35,Las Palmas,Private,PHEV,UKL2,REST,Standard,6
2025,12,EVO,35,Las Palmas,Private,ICE,UKL1,REST,Standard,1
2025,12,FAW,35,Las Palmas,RAC,ICE,UKL2,REST,Standard,8
2025,12,FIAT,35,Las Palmas,Corporate,ICE,UKL0,REST,Standard,5
2025,12,FIAT,35,Las Palmas,Corporate,ICE,UKL1,REST,Standard,6
2025,12,FIAT,35,Las Palmas,RAC,ICE,UKL0,REST,Standard,36
2025,12,FORD,35,Las Palmas,Corporate,BEV,SKL,REST,Standard,3
2025,12,FORD,35,Las Palmas,Corporate,BEV,UKL1,REST,Standard,3
2025,12,FORD,35,Las Palmas,Corporate,ICE,UKL1,REST,Standard,6
2025,12,FORD,35,Las Palmas,Corporate,ICE,UKL2,REST,Standard,3
2025,12,FORD,35,Las Palmas,Private,BEV,SKL,REST,Standard,1
2025,12,FORD,35,Las Palmas,Private,BEV,UKL1,REST,Standard,1
2025,12,FORD,35,Las Palmas,Private,ICE,SKL,REST,Standard,1
2025,12,FORD,35,Las Palmas,Private,ICE,UKL1,REST,Standard,6
2025,12,FORD,35,Las Palmas,Private,ICE,UKL2,REST,Standard,2
2025,12,FORD,35,Las Palmas,Private,PHEV,SKL,REST,Standard,1
2025,12,FORD,35,Las Palmas,Private,PHEV,UKL2,REST,Standard,3
2025,12,HONDA,35,Las Palmas,Corporate,ICE,UKL1,REST,Standard,1
2025,12,HONDA,35,Las Palmas,Corporate,PHEV,KKL,REST,Standard,1
2025,12,HONDA,35,Las Palmas,Private,ICE,UKL1,REST,Standard,8
2025,12,HONDA,35,Las Palmas,Private,PHEV,KKL,REST,Standard,1
2025,12,HYUNDAI,35,Las Palmas,Corporate,BEV,UKL1,REST,Standard,3
2025,12,HYUNDAI,35,Las Palmas,Corporate,BEV,UKL2,REST,Standard,1
2025,12,HYUNDAI,35,Las Palmas,Corporate,ICE,UKL1,REST,Standard,11
2025,12,HYUNDAI,35,Las Palmas,Corporate,ICE,UKL2,REST,Standard,1
2025,12,HYUNDAI,35,Las Palmas,Corporate,PHEV,MKL,REST,Standard,1
2025,12,HYUNDAI,35,Las Palmas,Corporate,PHEV,UKL2,REST,Standard,5
2025,12,HYUNDAI,35,Las Palmas,Private,BEV,UKL1,REST,Standard,2
2025,12,HYUNDAI,35,Las Palmas,Private,BEV,UKL2,REST,Standard,8
2025,12,HYUNDAI,35,Las Palmas,Private,ICE,UKL0,REST,Standard,12
2025,12,HYUNDAI,35,Las Palmas,Private,ICE,UKL1,REST,Standard,53
2025,12,HYUNDAI,35,Las Palmas,Private,ICE,UKL2,REST,Standard,3
2025,12,HYUNDAI,35,Las Palmas,Private,PHEV,UKL2,REST,Standard,9
2025,12,HYUNDAI,35,Las Palmas,RAC,ICE,UKL1,REST,Standard,100
2025,12,JAECOO,35,Las Palmas,Corporate,BEV,UKL1,REST,Standard,1
2025,12,JAECOO,35,Las Palmas,Corporate,ICE,UKL2,REST,Standard,1
2025,12,JAECOO,35,Las Palmas,Private,BEV,UKL1,REST,Standard,2
2025,12,JAECOO,35,Las Palmas,Private,ICE,UKL2,REST,Standard,20
2025,12,JAECOO,35,Las Palmas,Private,PHEV,UKL2,REST,Standard,10
2025,12,JAECOO,35,Las Palmas,RAC,PHEV,UKL2,REST,Standard,1
2025,12,JEEP,35,Las Palmas,Corporate,ICE,UKL1,REST,Standard,10
2025,12,JEEP,35,Las Palmas,Private,ICE,UKL1,REST,Standard,3
2025,12,KG MOBILITY,35,Las Palmas,Corporate,ICE,MKL,REST,Standard,2
2025,12,KG MOBILITY,35,Las Palmas,Corporate,ICE,UKL1,REST,Standard,28
2025,12,KG MOBILITY,35,Las Palmas,Private,BEV,UKL2,REST,Standard,1
2025,12,KG MOBILITY,35,Las Palmas,Private,ICE,MKL,REST,Standard,3
2025,12,KG MOBILITY,35,Las Palmas,Private,ICE,UKL1,REST,Standard,2
2025,12,KG MOBILITY,35,Las Palmas,Private,ICE,UKL2,REST,Standard,1
2025,12,KG MOBILITY,35,Las Palmas,RAC,ICE,UKL1,REST,Standard,5
2025,12,KIA,35,Las Palmas,Corporate,BEV,KKL,REST,Standard,1
2025,12,KIA,35,Las Palmas,Corporate,BEV,SKL,REST,Standard,1
2025,12,KIA,35,Las Palmas,Corporate,ICE,UKL1,REST,Standard,1
2025,12,KIA,35,Las Palmas,Corporate,ICE,UKL2,REST,Standard,1
2025,12,KIA,35,Las Palmas,Corporate,PHEV,KKL,REST,Standard,1
2025,12,KIA,35,Las Palmas,Corporate,PHEV,UKL2,REST,Standard,1
2025,12,KIA,35,Las Palmas,Private,BEV,UKL1,REST,Standard,11
2025,12,KIA,35,Las Palmas,Private,ICE,,,Standard,1
2025,12,KIA,35,Las Palmas,Private,ICE,UKL0,REST,Standard,8
2025,12,KIA,35,Las Palmas,Private,ICE,UKL1,REST,Standard,10
2025,12,KIA,35,Las Palmas,Private,ICE,UKL2,REST,Standard,22
2025,12,KIA,35,Las Palmas,Private,PHEV,UKL2,REST,Standard,2
2025,12,KIA,35,Las Palmas,RAC,ICE,UKL0,REST,Standard,5
2025,12,KIA,35,Las Palmas,RAC,ICE,UKL2,REST,Standard,1
2025,12,LANCIA,35,Las Palmas,RAC,ICE,UKL1,REST,Standard,2
2025,12,LAND ROVER,35,Las Palmas,Corporate,ICE,MKL,FOCUS SEGMENT,Standard,1
2025,12,LAND ROVER,35,Las Palmas,Corporate,PHEV,GKL,FOCUS SEGMENT,Standard,1
2025,12,LAND ROVER,35,Las Palmas,Corporate,PHEV,MKL,FOCUS SEGMENT,Standard,2
2025,12,LEAPMOTOR,35,Las Palmas,Corporate,BEV,MKL,REST,Standard,5
2025,12,LEAPMOTOR,35,Las Palmas,Corporate,BEV,UKL2,REST,Standard,4
2025,12,LEAPMOTOR,35,Las Palmas,Private,BEV,MKL,REST,Standard,2
2025,12,LEAPMOTOR,35,Las Palmas,Private,BEV,UKL0,REST,Standard,4
2025,12,LEXUS,35,Las Palmas,Corporate,ICE,KKL,FOCUS SEGMENT,Standard,1
2025,12,LEXUS,35,Las Palmas,Corporate,ICE,UKL1,FOCUS SEGMENT,Standard,4
2025,12,LEXUS,35,Las Palmas,Corporate,PHEV,KKL,FOCUS SEGMENT,Standard,2
2025,12,LEXUS,35,Las Palmas,Private,ICE,UKL1,FOCUS SEGMENT,Standard,2
2025,12,LEXUS,35,Las Palmas,Private,PHEV,KKL,FOCUS SEGMENT,Standard,1
2025,12,LEXUS,35,Las Palmas,RAC,ICE,UKL1,FOCUS SEGMENT,Standard,4
2025,12,MAZDA,35,Las Palmas,Corporate,ICE,UKL1,REST,Standard,3
2025,12,MAZDA,35,Las Palmas,Corporate,ICE,UKL2,REST,Standard,1
2025,12,MAZDA,35,Las Palmas,Corporate,PHEV,KKL,REST,Standard,2
2025,12,MAZDA,35,Las Palmas,Private,BEV,MKL,REST,Standard,2
2025,12,MAZDA,35,Las Palmas,Private,ICE,UKL1,REST,Standard,3
2025,12,MAZDA,35,Las Palmas,Private,ICE,UKL2,REST,Standard,6
2025,12,MERCEDES,35,Las Palmas,Corporate,BEV,MKL,FOCUS SEGMENT,Standard,1
2025,12,MERCEDES,35,Las Palmas,Corporate,BEV,MKL,REST,Standard,1
2025,12,MERCEDES,35,Las Palmas,Corporate,BEV,UKL2,FOCUS SEGMENT,Standard,1
2025,12,MERCEDES,35,Las Palmas,Corporate,ICE,KKL,FOCUS SEGMENT,Standard,1
2025,12,MERCEDES,35,Las Palmas,Corporate,ICE,MKL,FOCUS SEGMENT,M Performance,1
2025,12,MERCEDES,35,Las Palmas,Corporate,ICE,SKL,REST,Standard,1
2025,12,MERCEDES,35,Las Palmas,Corporate,ICE,UKL2,FOCUS SEGMENT,Standard,7
2025,12,MERCEDES,35,Las Palmas,Corporate,PHEV,KKL,FOCUS SEGMENT,Standard,3
2025,12,MERCEDES,35,Las Palmas,Corporate,PHEV,MKL,FOCUS SEGMENT,Standard,2
2025,12,MERCEDES,35,Las Palmas,Corporate,PHEV,UKL2,FOCUS SEGMENT,Standard,2
2025,12,MERCEDES,35,Las Palmas,Private,BEV,MKL,FOCUS SEGMENT,Standard,1
2025,12,MERCEDES,35,Las Palmas,Private,BEV,UKL2,FOCUS SEGMENT,Standard,2
2025,12,MERCEDES,35,Las Palmas,Private,ICE,MKL,REST,Standard,1
2025,12,MERCEDES,35,Las Palmas,Private,PHEV,KKL,FOCUS SEGMENT,Standard,4
2025,12,MERCEDES,35,Las Palmas,Private,PHEV,UKL2,FOCUS SEGMENT,Standard,1
2025,12,MERCEDES,35,Las Palmas,RAC,BEV,UKL2,FOCUS SEGMENT,Standard,1
2025,12,MG,35,Las Palmas,Corporate,ICE,UKL1,REST,Standard,2
2025,12,MG,35,Las Palmas,Private,BEV,KKL,REST,Standard,1
2025,12,MG,35,Las Palmas,Private,BEV,UKL1,REST,Standard,5
2025,12,MG,35,Las Palmas,Private,ICE,UKL1,REST,Standard,22
2025,12,MG,35,Las Palmas,Private,PHEV,KKL,REST,Standard,12
2025,12,MINI,35,Las Palmas,Corporate,BEV,UKL1,FOCUS SEGMENT,JCW,1
2025,12,MINI,35,Las Palmas,Corporate,BEV,UKL1,FOCUS SEGMENT,Standard,5
2025,12,MINI,35,Las Palmas,Corporate,ICE,UKL1,FOCUS SEGMENT,Standard,5
2025,12,MINI,35,Las Palmas,Corporate,ICE,UKL2,FOCUS SEGMENT,Standard,1
2025,12,MINI,35,Las Palmas,Private,BEV,UKL1,FOCUS SEGMENT,JCW,3
2025,12,MINI,35,Las Palmas,Private,BEV,UKL1,FOCUS SEGMENT,Standard,12
2025,12,MINI,35,Las Palmas,Private,ICE,UKL1,FOCUS SEGMENT,Standard,2
2025,12,MITSUBISHI,35,Las Palmas,Corporate,ICE,UKL1,REST,Standard,1
2025,12,MITSUBISHI,35,Las Palmas,Private,ICE,UKL1,REST,Standard,1
2025,12,MITSUBISHI,35,Las Palmas,RAC,ICE,UKL1,REST,Standard,2
2025,12,NISSAN,35,Las Palmas,Corporate,BEV,SKL,REST,Standard,1
2025,12,NISSAN,35,Las Palmas,Corporate,BEV,UKL1,REST,Standard,2
2025,12,NISSAN,35,Las Palmas,Corporate,ICE,KKL,REST,Standard,1
2025,12,NISSAN,35,Las Palmas,Corporate,ICE,UKL1,REST,Standard,10
2025,12,NISSAN,35,Las Palmas,Corporate,ICE,UKL2,REST,Standard,11
2025,12,NISSAN,35,Las Palmas,Private,BEV,UKL2,REST,Standard,2
2025,12,NISSAN,35,Las Palmas,Private,ICE,KKL,REST,Standard,2
2025,12,NISSAN,35,Las Palmas,Private,ICE,SKL,REST,Standard,1
2025,12,NISSAN,35,Las Palmas,Private,ICE,UKL1,REST,Standard,15
2025,12,NISSAN,35,Las Palmas,Private,ICE,UKL2,REST,Standard,13
2025,12,OMODA,35,Las Palmas,Corporate,ICE,UKL2,REST,Standard,2
2025,12,OMODA,35,Las Palmas,Corporate,PHEV,KKL,REST,Standard,1
2025,12,OMODA,35,Las Palmas,Private,BEV,UKL2,REST,Standard,4
2025,12,OMODA,35,Las Palmas,Private,ICE,UKL2,REST,Standard,5
2025,12,OMODA,35,Las Palmas,Private,PHEV,KKL,REST,Standard,9
2025,12,OMODA,35,Las Palmas,RAC,ICE,UKL2,REST,Standard,1
2025,12,OPEL,35,Las Palmas,Corporate,BEV,UKL2,REST,Standard,1
2025,12,OPEL,35,Las Palmas,Corporate,ICE,KKL,REST,Standard,13
2025,12,OPEL,35,Las Palmas,Corporate,ICE,SKL,REST,Standard,2
2025,12,OPEL,35,Las Palmas,Corporate,ICE,UKL1,REST,Standard,10
2025,12,OPEL,35,Las Palmas,Corporate,ICE,UKL2,REST,Standard,1
2025,12,OPEL,35,Las Palmas,Private,BEV,KKL,REST,Standard,2
2025,12,OPEL,35,Las Palmas,Private,BEV,UKL1,REST,Standard,2
2025,12,OPEL,35,Las Palmas,Private,ICE,KKL,REST,Standard,1
2025,12,OPEL,35,Las Palmas,Private,ICE,SKL,REST,Standard,1
2025,12,OPEL,35,Las Palmas,Private,ICE,UKL1,REST,Standard,19
2025,12,OPEL,35,Las Palmas,Private,ICE,UKL2,REST,Standard,1
2025,12,OPEL,35,Las Palmas,RAC,ICE,KKL,REST,Standard,4
2025,12,OPEL,35,Las Palmas,RAC,ICE,SKL,REST,Standard,2
2025,12,OPEL,35,Las Palmas,RAC,ICE,UKL1,REST,Standard,67
2025,12,PEUGEOT,35,Las Palmas,Corporate,BEV,UKL1,REST,Standard,1
2025,12,PEUGEOT,35,Las Palmas,Corporate,ICE,SKL,REST,Standard,7
2025,12,PEUGEOT,35,Las Palmas,Corporate,ICE,UKL1,REST,Standard,9
2025,12,PEUGEOT,35,Las Palmas,Corporate,ICE,UKL2,REST,Standard,2
2025,12,PEUGEOT,35,Las Palmas,Private,BEV,SKL,REST,Standard,2
2025,12,PEUGEOT,35,Las Palmas,Private,BEV,UKL1,REST,Standard,1
2025,12,PEUGEOT,35,Las Palmas,Private,ICE,UKL1,REST,Standard,21
2025,12,PEUGEOT,35,Las Palmas,Private,ICE,UKL2,REST,Standard,1
2025,12,PEUGEOT,35,Las Palmas,RAC,ICE,UKL1,REST,Standard,30
2025,12,POLESTAR,35,Las Palmas,Corporate,BEV,KKL,FOCUS SEGMENT,Standard,1
2025,12,POLESTAR,35,Las Palmas,Private,BEV,KKL,FOCUS SEGMENT,Standard,3
2025,12,PORSCHE,35,Las Palmas,Corporate,PHEV,MKL,FOCUS SEGMENT,M Performance,1
2025,12,PORSCHE,35,Las Palmas,Corporate,PHEV,MKL,FOCUS SEGMENT,Standard,1
2025,12,PORSCHE,35,Las Palmas,Private,ICE,KKL,FOCUS SEGMENT,M,1
2025,12,PORSCHE,35,Las Palmas,RAC,ICE,GKL,FOCUS SEGMENT,M Performance,1
2025,12,RENAULT,35,Las Palmas,Corporate,BEV,UKL1,REST,Standard,6
2025,12,RENAULT,35,Las Palmas,Corporate,ICE,KKL,REST,Standard,3
2025,12,RENAULT,35,Las Palmas,Corporate,ICE,SKL,REST,Standard,2
2025,12,RENAULT,35,Las Palmas,Corporate,ICE,UKL1,REST,Standard,80
2025,12,RENAULT,35,Las Palmas,Corporate,ICE,UKL2,REST,Standard,23
2025,12,RENAULT,35,Las Palmas,Corporate,PHEV,UKL2,REST,Standard,1
2025,12,RENAULT,35,Las Palmas,Private,BEV,UKL1,REST,Standard,1
2025,12,RENAULT,35,Las Palmas,Private,ICE,KKL,REST,Standard,1
2025,12,RENAULT,35,Las Palmas,Private,ICE,UKL1,REST,Standard,42
2025,12,RENAULT,35,Las Palmas,Private,ICE,UKL2,REST,Standard,15
2025,12,RENAULT,35,Las Palmas,RAC,ICE,UKL1,REST,Standard,57
2025,12,SEAT,35,Las Palmas,Corporate,ICE,UKL1,REST,Standard,23
2025,12,SEAT,35,Las Palmas,Corporate,ICE,UKL2,REST,Standard,14
2025,12,SEAT,35,Las Palmas,Private,ICE,UKL1,REST,Standard,81
2025,12,SEAT,35,Las Palmas,Private,ICE,UKL2,REST,Standard,15
2025,12,SEAT,35,Las Palmas,Private,PHEV,UKL2,REST,Standard,2
2025,12,SERES,35,Las Palmas,Corporate,BEV,,,Standard,1
2025,12,SKODA,35,Las Palmas,Corporate,ICE,UKL1,REST,Standard,7
2025,12,SKODA,35,Las Palmas,Corporate,ICE,UKL2,REST,Standard,2
2025,12,SKODA,35,Las Palmas,Corporate,PHEV,KKL,REST,Standard,3
2025,12,SKODA,35,Las Palmas,Private,BEV,UKL2,REST,Standard,5
2025,12,SKODA,35,Las Palmas,Private,ICE,KKL,REST,Standard,1
2025,12,SKODA,35,Las Palmas,Private,ICE,UKL1,REST,Standard,49
2025,12,SKODA,35,Las Palmas,Private,ICE,UKL2,REST,Standard,8
2025,12,SKODA,35,Las Palmas,Private,PHEV,KKL,REST,Standard,1
2025,12,SKODA,35,Las Palmas,RAC,ICE,KKL,REST,Standard,14
2025,12,SKODA,35,Las Palmas,RAC,ICE,UKL1,REST,Standard,29
2025,12,SUZUKI,35,Las Palmas,Corporate,ICE,UKL1,REST,Standard,3
2025,12,SUZUKI,35,Las Palmas,Corporate,ICE,UKL2,REST,Standard,1
2025,12,SUZUKI,35,Las Palmas,Private,ICE,UKL1,REST,Standard,7
2025,12,SUZUKI,35,Las Palmas,Private,ICE,UKL2,REST,Standard,2
2025,12,TESLA,35,Las Palmas,Corporate,BEV,GKL,FOCUS SEGMENT,Standard,1
2025,12,TESLA,35,Las Palmas,Corporate,BEV,KKL,FOCUS SEGMENT,Standard,3
2025,12,TESLA,35,Las Palmas,Private,BEV,KKL,FOCUS SEGMENT,Standard,1
2025,12,TOYOTA,35,Las Palmas,Corporate,BEV,UKL2,REST,Standard,1
2025,12,TOYOTA,35,Las Palmas,Corporate,ICE,GKL,REST,Standard,1
2025,12,TOYOTA,35,Las Palmas,Corporate,ICE,SKL,REST,Standard,4
2025,12,TOYOTA,35,Las Palmas,Corporate,ICE,UKL0,REST,Standard,1
2025,12,TOYOTA,35,Las Palmas,Corporate,ICE,UKL1,REST,Standard,18
2025,12,TOYOTA,35,Las Palmas,Corporate,ICE,UKL2,REST,Standard,15
2025,12,TOYOTA,35,Las Palmas,Corporate,PHEV,UKL1,REST,Standard,2
2025,12,TOYOTA,35,Las Palmas,Corporate,PHEV,UKL2,REST,Standard,1
2025,12,TOYOTA,35,Las Palmas,Private,ICE,SKL,REST,Standard,3
2025,12,TOYOTA,35,Las Palmas,Private,ICE,UKL1,REST,Standard,96
2025,12,TOYOTA,35,Las Palmas,Private,ICE,UKL2,REST,Standard,42
2025,12,TOYOTA,35,Las Palmas,Private,PHEV,UKL1,REST,Standard,4
2025,12,TOYOTA,35,Las Palmas,Private,PHEV,UKL2,REST,Standard,3
2025,12,TOYOTA,35,Las Palmas,RAC,ICE,UKL1,REST,Standard,25
2025,12,TOYOTA,35,Las Palmas,RAC,ICE,UKL2,REST,Standard,6
2025,12,VOLKSWAGEN,35,Las Palmas,Corporate,BEV,MKL,REST,Standard,2
2025,12,VOLKSWAGEN,35,Las Palmas,Corporate,BEV,SKL,REST,Standard,1
2025,12,VOLKSWAGEN,35,Las Palmas,Corporate,BEV,UKL2,REST,Standard,1
2025,12,VOLKSWAGEN,35,Las Palmas,Corporate,ICE,UKL1,REST,Standard,5
2025,12,VOLKSWAGEN,35,Las Palmas,Corporate,ICE,UKL2,REST,Standard,23
2025,12,VOLKSWAGEN,35,Las Palmas,Corporate,PHEV,SKL,REST,Standard,9
2025,12,VOLKSWAGEN,35,Las Palmas,Corporate,PHEV,UKL2,REST,Standard,18
2025,12,VOLKSWAGEN,35,Las Palmas,Private,BEV,SKL,REST,Standard,3
2025,12,VOLKSWAGEN,35,Las Palmas,Private,BEV,UKL2,REST,Standard,3
2025,12,VOLKSWAGEN,35,Las Palmas,Private,ICE,SKL,REST,Standard,1
2025,12,VOLKSWAGEN,35,Las Palmas,Private,ICE,UKL1,REST,Standard,62
2025,12,VOLKSWAGEN,35,Las Palmas,Private,ICE,UKL2,REST,Standard,27
2025,12,VOLKSWAGEN,35,Las Palmas,Private,PHEV,SKL,REST,Standard,11
2025,12,VOLKSWAGEN,35,Las Palmas,Private,PHEV,UKL2,REST,Standard,10
2025,12,VOLKSWAGEN,35,Las Palmas,RAC,ICE,UKL1,REST,Standard,40
2025,12,VOLKSWAGEN,35,Las Palmas,RAC,ICE,UKL2,REST,Standard,6
2025,12,VOLVO,35,Las Palmas,Corporate,BEV,MKL,FOCUS SEGMENT,Standard,1
2025,12,VOLVO,35,Las Palmas,Corporate,BEV,UKL1,FOCUS SEGMENT,Standard,1
2025,12,VOLVO,35,Las Palmas,Corporate,BEV,UKL2,FOCUS SEGMENT,Standard,1
2025,12,VOLVO,35,Las Palmas,Corporate,ICE,UKL2,FOCUS SEGMENT,Standard,6
2025,12,VOLVO,35,Las Palmas,Corporate,PHEV,KKL,FOCUS SEGMENT,Standard,3
2025,12,VOLVO,35,Las Palmas,Corporate,PHEV,MKL,FOCUS SEGMENT,Standard,2
2025,12,VOLVO,35,Las Palmas,Private,BEV,UKL1,FOCUS SEGMENT,Standard,8
2025,12,VOLVO,35,Las Palmas,Private,BEV,UKL2,FOCUS SEGMENT,Standard,5
2025,12,VOLVO,35,Las Palmas,Private,ICE,UKL2,FOCUS SEGMENT,Standard,2
2025,12,VOLVO,35,Las Palmas,Private,PHEV,KKL,FOCUS SEGMENT,Standard,2
2025,12,VOLVO,35,Las Palmas,Private,PHEV,MKL,FOCUS SEGMENT,Standard,1
2025,12,VOLVO,35,Las Palmas,RAC,PHEV,KKL,FOCUS SEGMENT,Standard,1
2025,12,VOLVO,35,Las Palmas,RAC,PHEV,MKL,FOCUS SEGMENT,Standard,4
2025,12,ALFA ROMEO,36,Pontevedra,Private,ICE,KKL,REST,Standard,1
2025,12,AUDI,36,Pontevedra,Corporate,BEV,KKL,FOCUS SEGMENT,Standard,1
2025,12,AUDI,36,Pontevedra,Corporate,ICE,KKL,FOCUS SEGMENT,Standard,1
2025,12,AUDI,36,Pontevedra,Corporate,ICE,MKL,FOCUS SEGMENT,Standard,1
2025,12,AUDI,36,Pontevedra,Corporate,ICE,UKL1,FOCUS SEGMENT,Standard,1
2025,12,AUDI,36,Pontevedra,Corporate,ICE,UKL2,FOCUS SEGMENT,Standard,1
2025,12,AUDI,36,Pontevedra,Corporate,PHEV,KKL,FOCUS SEGMENT,Standard,2
2025,12,AUDI,36,Pontevedra,Corporate,PHEV,MKL,FOCUS SEGMENT,Standard,1
2025,12,AUDI,36,Pontevedra,Private,BEV,UKL2,FOCUS SEGMENT,Standard,4
2025,12,AUDI,36,Pontevedra,Private,ICE,UKL1,FOCUS SEGMENT,Standard,6
2025,12,AUDI,36,Pontevedra,Private,ICE,UKL2,FOCUS SEGMENT,Standard,19
2025,12,AUDI,36,Pontevedra,Private,PHEV,KKL,FOCUS SEGMENT,Standard,5
2025,12,AUDI,36,Pontevedra,Private,PHEV,MKL,FOCUS SEGMENT,Standard,2
2025,12,AUDI,36,Pontevedra,Private,PHEV,UKL2,FOCUS SEGMENT,Standard,3
2025,12,BMW,36,Pontevedra,Corporate,BEV,KKL,FOCUS SEGMENT,Standard,1
2025,12,BMW,36,Pontevedra,Corporate,ICE,KKL,FOCUS SEGMENT,M Performance,1
2025,12,BMW,36,Pontevedra,Corporate,ICE,KKL,FOCUS SEGMENT,Standard,1
2025,12,BMW,36,Pontevedra,Corporate,ICE,MKL,FOCUS SEGMENT,Standard,1
2025,12,BMW,36,Pontevedra,Corporate,ICE,UKL2,FOCUS SEGMENT,Standard,1
2025,12,BMW,36,Pontevedra,Corporate,PHEV,KKL,FOCUS SEGMENT,Standard,1
2025,12,BMW,36,Pontevedra,Private,BEV,UKL2,FOCUS SEGMENT,Standard,4
2025,12,BMW,36,Pontevedra,Private,ICE,KKL,FOCUS SEGMENT,M Performance,1
2025,12,BMW,36,Pontevedra,Private,ICE,KKL,FOCUS SEGMENT,Standard,3
2025,12,BMW,36,Pontevedra,Private,ICE,MKL,FOCUS SEGMENT,Standard,2
2025,12,BMW,36,Pontevedra,Private,ICE,UKL2,FOCUS SEGMENT,M Performance,1
2025,12,BMW,36,Pontevedra,Private,ICE,UKL2,FOCUS SEGMENT,Standard,9
2025,12,BMW,36,Pontevedra,Private,PHEV,MKL,FOCUS SEGMENT,Standard,1
2025,12,BMW,36,Pontevedra,Private,PHEV,UKL2,FOCUS SEGMENT,Standard,2
2025,12,BYD,36,Pontevedra,Corporate,BEV,UKL0,REST,Standard,1
2025,12,BYD,36,Pontevedra,Corporate,BEV,UKL1,REST,Standard,3
2025,12,BYD,36,Pontevedra,Corporate,PHEV,KKL,REST,Standard,1
2025,12,BYD,36,Pontevedra,Private,BEV,KKL,REST,Standard,7
2025,12,BYD,36,Pontevedra,Private,BEV,UKL0,REST,Standard,7
2025,12,BYD,36,Pontevedra,Private,BEV,UKL1,REST,Standard,12
2025,12,BYD,36,Pontevedra,Private,BEV,UKL2,REST,Standard,8
2025,12,BYD,36,Pontevedra,Private,PHEV,KKL,REST,Standard,7
2025,12,CITROEN,36,Pontevedra,Corporate,BEV,SKL,REST,Standard,1
2025,12,CITROEN,36,Pontevedra,Corporate,ICE,UKL1,REST,Standard,3
2025,12,CITROEN,36,Pontevedra,Corporate,ICE,UKL2,REST,Standard,1
2025,12,CITROEN,36,Pontevedra,Private,BEV,UKL1,REST,Standard,3
2025,12,CITROEN,36,Pontevedra,Private,ICE,SKL,REST,Standard,1
2025,12,CITROEN,36,Pontevedra,Private,ICE,UKL1,REST,Standard,9
2025,12,CITROEN,36,Pontevedra,Private,ICE,UKL2,REST,Standard,10
2025,12,CUPRA,36,Pontevedra,Corporate,ICE,UKL2,REST,Standard,3
2025,12,CUPRA,36,Pontevedra,Corporate,PHEV,UKL2,REST,Standard,4
2025,12,CUPRA,36,Pontevedra,Private,ICE,UKL2,REST,Standard,2
2025,12,CUPRA,36,Pontevedra,Private,PHEV,UKL2,REST,Standard,1
2025,12,DACIA,36,Pontevedra,Corporate,ICE,UKL2,REST,Standard,1
2025,12,DACIA,36,Pontevedra,Private,BEV,UKL0,REST,Standard,2
2025,12,DACIA,36,Pontevedra,Private,ICE,SKL,REST,Standard,3
2025,12,DACIA,36,Pontevedra,Private,ICE,UKL1,REST,Standard,42
2025,12,DACIA,36,Pontevedra,Private,ICE,UKL2,REST,Standard,9
2025,12,DFSK,36,Pontevedra,Private,PHEV,KKL,REST,Standard,1
2025,12,DS,36,Pontevedra,Corporate,ICE,UKL2,REST,Standard,2
2025,12,DS,36,Pontevedra,Private,ICE,UKL1,REST,Standard,1
2025,12,DS,36,Pontevedra,Private,ICE,UKL2,REST,Standard,5
2025,12,EBRO,36,Pontevedra,Corporate,ICE,KKL,REST,Standard,1
2025,12,EBRO,36,Pontevedra,Corporate,PHEV,UKL2,REST,Standard,1
2025,12,EBRO,36,Pontevedra,Private,ICE,UKL2,REST,Standard,6
2025,12,EBRO,36,Pontevedra,Private,PHEV,KKL,REST,Standard,2
2025,12,EBRO,36,Pontevedra,Private,PHEV,UKL2,REST,Standard,6
2025,12,EVO,36,Pontevedra,Private,ICE,UKL2,REST,Standard,1
2025,12,FIAT,36,Pontevedra,Private,BEV,UKL1,REST,Standard,1
2025,12,FIAT,36,Pontevedra,Private,ICE,UKL1,REST,Standard,1
2025,12,FIAT,36,Pontevedra,Private,ICE,UKL2,REST,Standard,1
2025,12,FORD,36,Pontevedra,Corporate,BEV,UKL1,REST,Standard,1
2025,12,FORD,36,Pontevedra,Corporate,PHEV,UKL2,REST,Standard,2
2025,12,FORD,36,Pontevedra,Private,ICE,UKL1,REST,Standard,2
2025,12,FORD,36,Pontevedra,Private,PHEV,UKL2,REST,Standard,1
2025,12,HONDA,36,Pontevedra,Corporate,ICE,KKL,REST,Standard,1
2025,12,HONDA,36,Pontevedra,Private,ICE,UKL1,REST,Standard,2
2025,12,HONDA,36,Pontevedra,Private,ICE,UKL2,REST,Standard,3
2025,12,HYUNDAI,36,Pontevedra,Corporate,BEV,UKL1,REST,Standard,1
2025,12,HYUNDAI,36,Pontevedra,Corporate,BEV,UKL2,REST,Standard,1
2025,12,HYUNDAI,36,Pontevedra,Corporate,ICE,UKL0,REST,Standard,7
2025,12,HYUNDAI,36,Pontevedra,Corporate,ICE,UKL1,REST,Standard,10
2025,12,HYUNDAI,36,Pontevedra,Corporate,ICE,UKL2,REST,Standard,9
2025,12,HYUNDAI,36,Pontevedra,Corporate,PHEV,UKL2,REST,Standard,1
2025,12,HYUNDAI,36,Pontevedra,Private,BEV,UKL1,REST,Standard,4
2025,12,HYUNDAI,36,Pontevedra,Private,BEV,UKL2,REST,Standard,3
2025,12,HYUNDAI,36,Pontevedra,Private,ICE,UKL1,REST,Standard,6
2025,12,HYUNDAI,36,Pontevedra,Private,ICE,UKL2,REST,Standard,6
2025,12,HYUNDAI,36,Pontevedra,Private,PHEV,MKL,REST,Standard,1
2025,12,HYUNDAI,36,Pontevedra,Private,PHEV,UKL2,REST,Standard,3
2025,12,JAECOO,36,Pontevedra,Corporate,PHEV,UKL2,REST,Standard,1
2025,12,JAECOO,36,Pontevedra,Private,BEV,UKL1,REST,Standard,2
2025,12,JAECOO,36,Pontevedra,Private,ICE,UKL2,REST,Standard,1
2025,12,JAECOO,36,Pontevedra,Private,PHEV,UKL2,REST,Standard,5
2025,12,JEEP,36,Pontevedra,Private,ICE,UKL2,REST,Standard,1
2025,12,KIA,36,Pontevedra,Corporate,BEV,UKL2,REST,Standard,2
2025,12,KIA,36,Pontevedra,Corporate,ICE,UKL2,REST,Standard,1
2025,12,KIA,36,Pontevedra,Private,BEV,SKL,REST,Standard,1
2025,12,KIA,36,Pontevedra,Private,BEV,UKL1,REST,Standard,6
2025,12,KIA,36,Pontevedra,Private,BEV,UKL2,REST,Standard,2
2025,12,KIA,36,Pontevedra,Private,ICE,UKL1,REST,Standard,14
2025,12,KIA,36,Pontevedra,Private,ICE,UKL2,REST,Standard,24
2025,12,LEAPMOTOR,36,Pontevedra,Private,BEV,MKL,REST,Standard,1
2025,12,LEAPMOTOR,36,Pontevedra,Private,BEV,UKL0,REST,Standard,1
2025,12,LEAPMOTOR,36,Pontevedra,Private,BEV,UKL2,REST,Standard,6
2025,12,LEXUS,36,Pontevedra,Corporate,ICE,KKL,FOCUS SEGMENT,Standard,1
2025,12,LEXUS,36,Pontevedra,Corporate,ICE,UKL1,FOCUS SEGMENT,Standard,1
2025,12,LEXUS,36,Pontevedra,Corporate,ICE,UKL2,FOCUS SEGMENT,Standard,1
2025,12,LEXUS,36,Pontevedra,Corporate,PHEV,KKL,FOCUS SEGMENT,Standard,1
2025,12,LEXUS,36,Pontevedra,Private,ICE,UKL1,FOCUS SEGMENT,Standard,1
2025,12,LEXUS,36,Pontevedra,Private,ICE,UKL2,FOCUS SEGMENT,Standard,2
2025,12,LEXUS,36,Pontevedra,Private,PHEV,KKL,FOCUS SEGMENT,Standard,1
2025,12,LYNK & CO,36,Pontevedra,Private,PHEV,UKL2,REST,Standard,1
2025,12,MAZDA,36,Pontevedra,Corporate,ICE,KKL,REST,Standard,2
2025,12,MAZDA,36,Pontevedra,Corporate,ICE,UKL2,REST,Standard,3
2025,12,MAZDA,36,Pontevedra,Private,ICE,UKL1,REST,Standard,4
2025,12,MAZDA,36,Pontevedra,Private,ICE,UKL2,REST,Standard,9
2025,12,MAZDA,36,Pontevedra,Private,PHEV,KKL,REST,Standard,1
2025,12,MERCEDES,36,Pontevedra,Corporate,BEV,UKL2,FOCUS SEGMENT,Standard,1
2025,12,MERCEDES,36,Pontevedra,Corporate,ICE,KKL,FOCUS SEGMENT,Standard,2
2025,12,MERCEDES,36,Pontevedra,Corporate,ICE,MKL,FOCUS SEGMENT,Standard,2
2025,12,MERCEDES,36,Pontevedra,Corporate,ICE,MKL,REST,Standard,1
2025,12,MERCEDES,36,Pontevedra,Corporate,PHEV,KKL,FOCUS SEGMENT,Standard,7
2025,12,MERCEDES,36,Pontevedra,Corporate,PHEV,UKL2,FOCUS SEGMENT,Standard,2
2025,12,MERCEDES,36,Pontevedra,Private,BEV,UKL2,FOCUS SEGMENT,Standard,2
2025,12,MERCEDES,36,Pontevedra,Private,ICE,KKL,FOCUS SEGMENT,Standard,1
2025,12,MERCEDES,36,Pontevedra,Private,ICE,MKL,REST,Standard,1
2025,12,MERCEDES,36,Pontevedra,Private,ICE,SKL,REST,Standard,1
2025,12,MERCEDES,36,Pontevedra,Private,ICE,UKL2,FOCUS SEGMENT,Standard,6
2025,12,MERCEDES,36,Pontevedra,Private,PHEV,KKL,FOCUS SEGMENT,Standard,1
2025,12,MERCEDES,36,Pontevedra,Private,PHEV,MKL,FOCUS SEGMENT,M Performance,1
2025,12,MERCEDES,36,Pontevedra,Private,PHEV,UKL2,FOCUS SEGMENT,Standard,2
2025,12,MG,36,Pontevedra,Corporate,ICE,UKL1,REST,Standard,3
2025,12,MG,36,Pontevedra,Private,BEV,UKL1,REST,Standard,3
2025,12,MG,36,Pontevedra,Private,BEV,UKL2,REST,Standard,5
2025,12,MG,36,Pontevedra,Private,ICE,KKL,REST,Standard,3
2025,12,MG,36,Pontevedra,Private,ICE,UKL1,REST,Standard,27
2025,12,MG,36,Pontevedra,Private,PHEV,KKL,REST,Standard,19
2025,12,MINI,36,Pontevedra,Corporate,ICE,UKL1,FOCUS SEGMENT,Standard,1
2025,12,MINI,36,Pontevedra,Private,BEV,UKL1,FOCUS SEGMENT,JCW,1
2025,12,MINI,36,Pontevedra,Private,BEV,UKL1,FOCUS SEGMENT,Standard,3
2025,12,MINI,36,Pontevedra,Private,ICE,UKL2,FOCUS SEGMENT,Standard,1
2025,12,MITSUBISHI,36,Pontevedra,Corporate,ICE,UKL1,REST,Standard,5
2025,12,MITSUBISHI,36,Pontevedra,Private,ICE,UKL1,REST,Standard,2
2025,12,MITSUBISHI,36,Pontevedra,Private,PHEV,KKL,REST,Standard,2
2025,12,NISSAN,36,Pontevedra,Corporate,BEV,UKL1,REST,Standard,4
2025,12,NISSAN,36,Pontevedra,Corporate,ICE,KKL,REST,Standard,3
2025,12,NISSAN,36,Pontevedra,Corporate,ICE,SKL,REST,Standard,1
2025,12,NISSAN,36,Pontevedra,Corporate,ICE,UKL1,REST,Standard,1
2025,12,NISSAN,36,Pontevedra,Corporate,ICE,UKL2,REST,Standard,2
2025,12,NISSAN,36,Pontevedra,Private,BEV,UKL1,REST,Standard,1
2025,12,NISSAN,36,Pontevedra,Private,BEV,UKL2,REST,Standard,1
2025,12,NISSAN,36,Pontevedra,Private,ICE,SKL,REST,Standard,1
2025,12,NISSAN,36,Pontevedra,Private,ICE,UKL1,REST,Standard,7
2025,12,NISSAN,36,Pontevedra,Private,ICE,UKL2,REST,Standard,12
2025,12,OMODA,36,Pontevedra,Corporate,PHEV,KKL,REST,Standard,2
2025,12,OMODA,36,Pontevedra,Private,BEV,UKL2,REST,Standard,3
2025,12,OMODA,36,Pontevedra,Private,ICE,UKL2,REST,Standard,4
2025,12,OMODA,36,Pontevedra,Private,PHEV,KKL,REST,Standard,4
2025,12,OPEL,36,Pontevedra,Corporate,ICE,UKL1,REST,Standard,2
2025,12,OPEL,36,Pontevedra,Private,BEV,UKL2,REST,Standard,1
2025,12,OPEL,36,Pontevedra,Private,ICE,KKL,REST,Standard,1
2025,12,OPEL,36,Pontevedra,Private,ICE,SKL,REST,Standard,1
2025,12,OPEL,36,Pontevedra,Private,ICE,UKL1,REST,Standard,13
2025,12,PEUGEOT,36,Pontevedra,Corporate,BEV,SKL,REST,Standard,2
2025,12,PEUGEOT,36,Pontevedra,Corporate,ICE,UKL2,REST,Standard,7
2025,12,PEUGEOT,36,Pontevedra,Corporate,PHEV,KKL,REST,Standard,2
2025,12,PEUGEOT,36,Pontevedra,Corporate,PHEV,UKL2,REST,Standard,1
2025,12,PEUGEOT,36,Pontevedra,Private,BEV,SKL,REST,Standard,1
2025,12,PEUGEOT,36,Pontevedra,Private,ICE,KKL,REST,Standard,1
2025,12,PEUGEOT,36,Pontevedra,Private,ICE,SKL,REST,Standard,1
2025,12,PEUGEOT,36,Pontevedra,Private,ICE,UKL1,REST,Standard,19
2025,12,PEUGEOT,36,Pontevedra,Private,ICE,UKL2,REST,Standard,10
2025,12,PEUGEOT,36,Pontevedra,Private,PHEV,UKL2,REST,Standard,1
2025,12,PEUGEOT,36,Pontevedra,RAC,BEV,UKL1,REST,Standard,3
2025,12,POLESTAR,36,Pontevedra,Corporate,BEV,KKL,FOCUS SEGMENT,Standard,9
2025,12,PORSCHE,36,Pontevedra,Corporate,BEV,KKL,FOCUS SEGMENT,Standard,1
2025,12,PORSCHE,36,Pontevedra,Corporate,ICE,GKL,FOCUS SEGMENT,M Performance,1
2025,12,PORSCHE,36,Pontevedra,Corporate,ICE,KKL,FOCUS SEGMENT,M,1
2025,12,PORSCHE,36,Pontevedra,Corporate,PHEV,GKL,FOCUS SEGMENT,Standard,1
2025,12,PORSCHE,36,Pontevedra,Corporate,PHEV,MKL,FOCUS SEGMENT,Standard,1
2025,12,PORSCHE,36,Pontevedra,Private,ICE,KKL,FOCUS SEGMENT,M,1
2025,12,RENAULT,36,Pontevedra,Corporate,BEV,UKL1,REST,Standard,3
2025,12,RENAULT,36,Pontevedra,Corporate,ICE,KKL,REST,Standard,1
2025,12,RENAULT,36,Pontevedra,Corporate,ICE,SKL,REST,Standard,1
2025,12,RENAULT,36,Pontevedra,Corporate,ICE,UKL1,REST,Standard,23
2025,12,RENAULT,36,Pontevedra,Corporate,ICE,UKL2,REST,Standard,1
2025,12,RENAULT,36,Pontevedra,Corporate,PHEV,UKL2,REST,Standard,4
2025,12,RENAULT,36,Pontevedra,Private,BEV,UKL2,REST,Standard,2
2025,12,RENAULT,36,Pontevedra,Private,ICE,KKL,REST,Standard,2
2025,12,RENAULT,36,Pontevedra,Private,ICE,SKL,REST,Standard,1
2025,12,RENAULT,36,Pontevedra,Private,ICE,UKL1,REST,Standard,47
2025,12,RENAULT,36,Pontevedra,Private,ICE,UKL2,REST,Standard,11
2025,12,RENAULT,36,Pontevedra,Private,PHEV,UKL2,REST,Standard,1
2025,12,SEAT,36,Pontevedra,Corporate,ICE,UKL1,REST,Standard,4
2025,12,SEAT,36,Pontevedra,Corporate,ICE,UKL2,REST,Standard,8
2025,12,SEAT,36,Pontevedra,Corporate,PHEV,UKL2,REST,Standard,1
2025,12,SEAT,36,Pontevedra,Private,ICE,UKL1,REST,Standard,29
2025,12,SEAT,36,Pontevedra,Private,ICE,UKL2,REST,Standard,8
2025,12,SHINERAY,36,Pontevedra,Private,ICE,MKL,REST,Standard,1
2025,12,SKODA,36,Pontevedra,Corporate,BEV,UKL2,REST,Standard,1
2025,12,SKODA,36,Pontevedra,Corporate,ICE,UKL1,REST,Standard,6
2025,12,SKODA,36,Pontevedra,Corporate,ICE,UKL2,REST,Standard,2
2025,12,SKODA,36,Pontevedra,Corporate,PHEV,KKL,REST,Standard,1
2025,12,SKODA,36,Pontevedra,Private,ICE,KKL,REST,Standard,1
2025,12,SKODA,36,Pontevedra,Private,ICE,UKL1,REST,Standard,17
2025,12,SKODA,36,Pontevedra,Private,ICE,UKL2,REST,Standard,10
2025,12,SKODA,36,Pontevedra,Private,PHEV,KKL,REST,Standard,1
2025,12,SUBARU,36,Pontevedra,Private,ICE,UKL2,REST,Standard,1
2025,12,TESLA,36,Pontevedra,Corporate,BEV,KKL,FOCUS SEGMENT,Standard,3
2025,12,TESLA,36,Pontevedra,Private,BEV,KKL,FOCUS SEGMENT,Standard,23
2025,12,TOYOTA,36,Pontevedra,Corporate,BEV,SKL,REST,Standard,1
2025,12,TOYOTA,36,Pontevedra,Corporate,BEV,UKL2,REST,Standard,1
2025,12,TOYOTA,36,Pontevedra,Corporate,ICE,UKL1,REST,Standard,1
2025,12,TOYOTA,36,Pontevedra,Corporate,ICE,UKL2,REST,Standard,8
2025,12,TOYOTA,36,Pontevedra,Corporate,PHEV,UKL2,REST,Standard,1
2025,12,TOYOTA,36,Pontevedra,Private,ICE,UKL1,REST,Standard,28
2025,12,TOYOTA,36,Pontevedra,Private,ICE,UKL2,REST,Standard,13
2025,12,TOYOTA,36,Pontevedra,Private,PHEV,UKL1,REST,Standard,11
2025,12,TOYOTA,36,Pontevedra,Private,PHEV,UKL2,REST,Standard,5
2025,12,VOLKSWAGEN,36,Pontevedra,Corporate,BEV,UKL2,REST,Standard,1
2025,12,VOLKSWAGEN,36,Pontevedra,Corporate,ICE,UKL1,REST,Standard,1
2025,12,VOLKSWAGEN,36,Pontevedra,Corporate,ICE,UKL2,REST,Standard,11
2025,12,VOLKSWAGEN,36,Pontevedra,Private,BEV,UKL2,REST,Standard,2
2025,12,VOLKSWAGEN,36,Pontevedra,Private,ICE,UKL1,REST,Standard,25
2025,12,VOLKSWAGEN,36,Pontevedra,Private,ICE,UKL2,REST,Standard,26
2025,12,VOLKSWAGEN,36,Pontevedra,Private,PHEV,MKL,REST,Standard,1
2025,12,VOLKSWAGEN,36,Pontevedra,Private,PHEV,SKL,REST,Standard,1
2025,12,VOLKSWAGEN,36,Pontevedra,Private,PHEV,UKL2,REST,Standard,5
2025,12,VOLVO,36,Pontevedra,Corporate,BEV,UKL1,FOCUS SEGMENT,Standard,1
2025,12,VOLVO,36,Pontevedra,Corporate,ICE,MKL,FOCUS SEGMENT,Standard,1
2025,12,VOLVO,36,Pontevedra,Corporate,ICE,UKL2,FOCUS SEGMENT,Standard,1
2025,12,VOLVO,36,Pontevedra,Private,BEV,UKL1,FOCUS SEGMENT,Standard,4
2025,12,VOLVO,36,Pontevedra,Private,ICE,KKL,FOCUS SEGMENT,Standard,2
2025,12,VOLVO,36,Pontevedra,Private,ICE,UKL2,FOCUS SEGMENT,Standard,3
2025,12,VOLVO,36,Pontevedra,Private,PHEV,KKL,FOCUS SEGMENT,Standard,1
2025,12,AUDI,37,Salamanca,Corporate,ICE,MKL,FOCUS SEGMENT,Standard,2
2025,12,AUDI,37,Salamanca,Corporate,ICE,UKL1,FOCUS SEGMENT,Standard,2
2025,12,AUDI,37,Salamanca,Corporate,PHEV,MKL,FOCUS SEGMENT,Standard,1
2025,12,AUDI,37,Salamanca,Corporate,PHEV,UKL2,FOCUS SEGMENT,Standard,2
2025,12,AUDI,37,Salamanca,Private,BEV,UKL2,FOCUS SEGMENT,Standard,1
2025,12,AUDI,37,Salamanca,Private,ICE,KKL,FOCUS SEGMENT,Standard,3
2025,12,AUDI,37,Salamanca,Private,ICE,UKL2,FOCUS SEGMENT,Standard,3
2025,12,BMW,37,Salamanca,Corporate,ICE,KKL,FOCUS SEGMENT,Standard,2
2025,12,BMW,37,Salamanca,Corporate,ICE,UKL2,FOCUS SEGMENT,Standard,2
2025,12,BMW,37,Salamanca,Private,BEV,UKL2,FOCUS SEGMENT,Standard,2
2025,12,BMW,37,Salamanca,Private,ICE,KKL,FOCUS SEGMENT,Standard,1
2025,12,BMW,37,Salamanca,Private,ICE,UKL2,FOCUS SEGMENT,M,1
2025,12,BMW,37,Salamanca,Private,ICE,UKL2,FOCUS SEGMENT,Standard,2
2025,12,BMW,37,Salamanca,Private,PHEV,UKL2,FOCUS SEGMENT,Standard,1
2025,12,BYD,37,Salamanca,Corporate,PHEV,KKL,REST,Standard,7
2025,12,BYD,37,Salamanca,Private,BEV,KKL,REST,Standard,1
2025,12,BYD,37,Salamanca,Private,BEV,UKL0,REST,Standard,3
2025,12,BYD,37,Salamanca,Private,BEV,UKL1,REST,Standard,2
2025,12,BYD,37,Salamanca,Private,PHEV,KKL,REST,Standard,2
2025,12,CITROEN,37,Salamanca,Corporate,ICE,SKL,REST,Standard,1
2025,12,CITROEN,37,Salamanca,Private,ICE,SKL,REST,Standard,1
2025,12,CITROEN,37,Salamanca,Private,ICE,UKL1,REST,Standard,2
2025,12,CITROEN,37,Salamanca,Private,ICE,UKL2,REST,Standard,4
2025,12,CUPRA,37,Salamanca,Corporate,ICE,UKL2,REST,Standard,4
2025,12,CUPRA,37,Salamanca,Corporate,PHEV,UKL2,REST,Standard,2
2025,12,CUPRA,37,Salamanca,Private,ICE,UKL2,REST,Standard,2
2025,12,CUPRA,37,Salamanca,Private,PHEV,UKL2,REST,Standard,2
2025,12,DACIA,37,Salamanca,Corporate,ICE,SKL,REST,Standard,3
2025,12,DACIA,37,Salamanca,Corporate,ICE,UKL1,REST,Standard,2
2025,12,DACIA,37,Salamanca,Corporate,ICE,UKL2,REST,Standard,1
2025,12,DACIA,37,Salamanca,Private,ICE,SKL,REST,Standard,3
2025,12,DACIA,37,Salamanca,Private,ICE,UKL1,REST,Standard,4
2025,12,DACIA,37,Salamanca,Private,ICE,UKL2,REST,Standard,3
2025,12,DFSK,37,Salamanca,Private,ICE,,,Standard,1
2025,12,EBRO,37,Salamanca,Private,ICE,UKL2,REST,Standard,5
2025,12,EBRO,37,Salamanca,Private,PHEV,KKL,REST,Standard,1
2025,12,EBRO,37,Salamanca,Private,PHEV,UKL2,REST,Standard,1
2025,12,FORD,37,Salamanca,Private,ICE,UKL1,REST,Standard,1
2025,12,FORD,37,Salamanca,Private,ICE,UKL2,REST,Standard,1
2025,12,FORD,37,Salamanca,Private,PHEV,UKL2,REST,Standard,1
2025,12,HONDA,37,Salamanca,Private,ICE,UKL1,REST,Standard,1
2025,12,HYUNDAI,37,Salamanca,Corporate,BEV,UKL2,REST,Standard,1
2025,12,HYUNDAI,37,Salamanca,Corporate,ICE,MKL,REST,Standard,2
2025,12,HYUNDAI,37,Salamanca,Corporate,ICE,UKL0,REST,Standard,1
2025,12,HYUNDAI,37,Salamanca,Corporate,ICE,UKL1,REST,Standard,6
2025,12,HYUNDAI,37,Salamanca,Corporate,ICE,UKL2,REST,Standard,5
2025,12,HYUNDAI,37,Salamanca,Corporate,PHEV,UKL2,REST,Standard,1
2025,12,HYUNDAI,37,Salamanca,Private,BEV,UKL2,REST,Standard,1
2025,12,HYUNDAI,37,Salamanca,Private,ICE,UKL1,REST,Standard,6
2025,12,HYUNDAI,37,Salamanca,Private,ICE,UKL2,REST,Standard,7
2025,12,HYUNDAI,37,Salamanca,Private,PHEV,UKL2,REST,Standard,1
2025,12,JAECOO,37,Salamanca,Private,PHEV,UKL2,REST,Standard,1
2025,12,KG MOBILITY,37,Salamanca,Private,ICE,MKL,REST,Standard,2
2025,12,KG MOBILITY,37,Salamanca,Private,ICE,UKL2,REST,Standard,1
2025,12,KIA,37,Salamanca,Corporate,BEV,SKL,REST,Standard,1
2025,12,KIA,37,Salamanca,Corporate,BEV,UKL1,REST,Standard,2
2025,12,KIA,37,Salamanca,Corporate,ICE,UKL2,REST,Standard,1
2025,12,KIA,37,Salamanca,Private,BEV,KKL,REST,Standard,1
2025,12,KIA,37,Salamanca,Private,BEV,UKL1,REST,Standard,1
2025,12,KIA,37,Salamanca,Private,ICE,UKL1,REST,Standard,2
2025,12,KIA,37,Salamanca,Private,ICE,UKL2,REST,Standard,11
2025,12,LAND ROVER,37,Salamanca,Corporate,ICE,MKL,FOCUS SEGMENT,Standard,1
2025,12,LEAPMOTOR,37,Salamanca,Corporate,BEV,MKL,REST,Standard,1
2025,12,LEAPMOTOR,37,Salamanca,Corporate,BEV,UKL2,REST,Standard,1
2025,12,LEXUS,37,Salamanca,Private,ICE,MKL,FOCUS SEGMENT,Standard,1
2025,12,LEXUS,37,Salamanca,Private,PHEV,KKL,FOCUS SEGMENT,Standard,1
2025,12,LEXUS,37,Salamanca,Private,PHEV,MKL,FOCUS SEGMENT,Standard,1
2025,12,MAZDA,37,Salamanca,Corporate,ICE,KKL,REST,Standard,1
2025,12,MAZDA,37,Salamanca,Private,BEV,MKL,REST,Standard,2
2025,12,MAZDA,37,Salamanca,Private,ICE,UKL2,REST,Standard,3
2025,12,MERCEDES,37,Salamanca,Corporate,BEV,GKL,FOCUS SEGMENT,Standard,1
2025,12,MERCEDES,37,Salamanca,Corporate,BEV,UKL2,FOCUS SEGMENT,Standard,1
2025,12,MERCEDES,37,Salamanca,Corporate,ICE,KKL,FOCUS SEGMENT,Standard,2
2025,12,MERCEDES,37,Salamanca,Corporate,ICE,MKL,FOCUS SEGMENT,Standard,1
2025,12,MERCEDES,37,Salamanca,Corporate,ICE,MKL,REST,Standard,1
2025,12,MERCEDES,37,Salamanca,Corporate,PHEV,KKL,FOCUS SEGMENT,Standard,3
2025,12,MERCEDES,37,Salamanca,Private,BEV,UKL2,FOCUS SEGMENT,Standard,2
2025,12,MERCEDES,37,Salamanca,Private,ICE,KKL,FOCUS SEGMENT,Standard,1
2025,12,MERCEDES,37,Salamanca,Private,ICE,UKL2,FOCUS SEGMENT,Standard,5
2025,12,MERCEDES,37,Salamanca,Private,PHEV,KKL,FOCUS SEGMENT,Standard,1
2025,12,MERCEDES,37,Salamanca,Private,PHEV,UKL2,FOCUS SEGMENT,Standard,4
2025,12,MG,37,Salamanca,Corporate,ICE,UKL1,REST,Standard,14
2025,12,MG,37,Salamanca,Private,ICE,UKL1,REST,Standard,4
2025,12,MG,37,Salamanca,Private,PHEV,KKL,REST,Standard,7
2025,12,MINI,37,Salamanca,Corporate,ICE,UKL2,FOCUS SEGMENT,Standard,1
2025,12,MINI,37,Salamanca,Private,BEV,UKL1,FOCUS SEGMENT,JCW,1
2025,12,MINI,37,Salamanca,Private,BEV,UKL1,FOCUS SEGMENT,Standard,3
2025,12,MINI,37,Salamanca,Private,ICE,UKL1,FOCUS SEGMENT,JCW,1
2025,12,MINI,37,Salamanca,Private,ICE,UKL1,FOCUS SEGMENT,Standard,1
2025,12,MITSUBISHI,37,Salamanca,Corporate,BEV,UKL2,REST,Standard,1
2025,12,MITSUBISHI,37,Salamanca,Corporate,ICE,UKL1,REST,Standard,1
2025,12,MITSUBISHI,37,Salamanca,Corporate,PHEV,KKL,REST,Standard,1
2025,12,NISSAN,37,Salamanca,Corporate,ICE,UKL2,REST,Standard,1
2025,12,NISSAN,37,Salamanca,Private,ICE,UKL1,REST,Standard,1
2025,12,NISSAN,37,Salamanca,Private,ICE,UKL2,REST,Standard,9
2025,12,OMODA,37,Salamanca,Corporate,PHEV,KKL,REST,Standard,1
2025,12,OMODA,37,Salamanca,Private,BEV,UKL2,REST,Standard,1
2025,12,OMODA,37,Salamanca,Private,ICE,UKL2,REST,Standard,3
2025,12,OMODA,37,Salamanca,Private,PHEV,KKL,REST,Standard,4
2025,12,OPEL,37,Salamanca,Corporate,ICE,UKL1,REST,Standard,1
2025,12,OPEL,37,Salamanca,Private,ICE,KKL,REST,Standard,1
2025,12,PEUGEOT,37,Salamanca,Corporate,PHEV,KKL,REST,Standard,1
2025,12,PEUGEOT,37,Salamanca,Private,ICE,KKL,REST,Standard,1
2025,12,PEUGEOT,37,Salamanca,Private,ICE,UKL1,REST,Standard,4
2025,12,PEUGEOT,37,Salamanca,Private,ICE,UKL2,REST,Standard,1
2025,12,RENAULT,37,Salamanca,Corporate,ICE,UKL1,REST,Standard,8
2025,12,RENAULT,37,Salamanca,Corporate,ICE,UKL2,REST,Standard,1
2025,12,RENAULT,37,Salamanca,Private,BEV,UKL2,REST,Standard,3
2025,12,RENAULT,37,Salamanca,Private,ICE,KKL,REST,Standard,1
2025,12,RENAULT,37,Salamanca,Private,ICE,UKL1,REST,Standard,13
2025,12,RENAULT,37,Salamanca,Private,ICE,UKL2,REST,Standard,4
2025,12,SEAT,37,Salamanca,Corporate,ICE,UKL1,REST,Standard,1
2025,12,SEAT,37,Salamanca,Corporate,ICE,UKL2,REST,Standard,2
2025,12,SEAT,37,Salamanca,Corporate,PHEV,UKL2,REST,Standard,1
2025,12,SEAT,37,Salamanca,Private,ICE,UKL1,REST,Standard,4
2025,12,SEAT,37,Salamanca,Private,ICE,UKL2,REST,Standard,1
2025,12,SKODA,37,Salamanca,Private,ICE,UKL1,REST,Standard,4
2025,12,SKODA,37,Salamanca,Private,ICE,UKL2,REST,Standard,1
2025,12,SUZUKI,37,Salamanca,Corporate,ICE,UKL1,REST,Standard,1
2025,12,SUZUKI,37,Salamanca,Corporate,ICE,UKL2,REST,Standard,1
2025,12,SUZUKI,37,Salamanca,Private,ICE,UKL1,REST,Standard,2
2025,12,SUZUKI,37,Salamanca,Private,ICE,UKL2,REST,Standard,1
2025,12,TESLA,37,Salamanca,Corporate,BEV,KKL,FOCUS SEGMENT,Standard,2
2025,12,TESLA,37,Salamanca,Private,BEV,KKL,FOCUS SEGMENT,Standard,5
2025,12,TOYOTA,37,Salamanca,Corporate,BEV,UKL2,REST,Standard,1
2025,12,TOYOTA,37,Salamanca,Corporate,ICE,UKL1,REST,Standard,1
2025,12,TOYOTA,37,Salamanca,Corporate,PHEV,UKL1,REST,Standard,1
2025,12,TOYOTA,37,Salamanca,Corporate,PHEV,UKL2,REST,Standard,1
2025,12,TOYOTA,37,Salamanca,Private,ICE,UKL1,REST,Standard,5
2025,12,TOYOTA,37,Salamanca,Private,ICE,UKL2,REST,Standard,7
2025,12,TOYOTA,37,Salamanca,Private,PHEV,UKL1,REST,Standard,3
2025,12,TOYOTA,37,Salamanca,Private,PHEV,UKL2,REST,Standard,2
2025,12,VOLKSWAGEN,37,Salamanca,Corporate,ICE,UKL1,REST,Standard,1
2025,12,VOLKSWAGEN,37,Salamanca,Corporate,ICE,UKL2,REST,Standard,2
2025,12,VOLKSWAGEN,37,Salamanca,Corporate,PHEV,UKL2,REST,Standard,1
2025,12,VOLKSWAGEN,37,Salamanca,Private,ICE,UKL1,REST,Standard,2
2025,12,VOLKSWAGEN,37,Salamanca,Private,ICE,UKL2,REST,Standard,11
2025,12,VOLKSWAGEN,37,Salamanca,Private,PHEV,UKL2,REST,Standard,3
2025,12,VOLVO,37,Salamanca,Corporate,ICE,UKL2,FOCUS SEGMENT,Standard,2
2025,12,VOLVO,37,Salamanca,Private,BEV,UKL2,FOCUS SEGMENT,Standard,1
2025,12,VOLVO,37,Salamanca,Private,ICE,KKL,FOCUS SEGMENT,Standard,1
2025,12,VOLVO,37,Salamanca,Private,ICE,UKL2,FOCUS SEGMENT,Standard,2
2025,12,VOLVO,37,Salamanca,Private,PHEV,KKL,FOCUS SEGMENT,Standard,2
2025,12,XPENG,37,Salamanca,Private,BEV,KKL,FOCUS SEGMENT,Standard,1
2025,12,ABARTH,38,S.C. Tenerife,Private,BEV,UKL0,REST,Standard,1
2025,12,ALFA ROMEO,38,S.C. Tenerife,Private,ICE,UKL1,REST,Standard,2
2025,12,AUDI,38,S.C. Tenerife,Corporate,BEV,KKL,FOCUS SEGMENT,Standard,1
2025,12,AUDI,38,S.C. Tenerife,Corporate,BEV,UKL2,FOCUS SEGMENT,Standard,1
2025,12,AUDI,38,S.C. Tenerife,Corporate,ICE,KKL,FOCUS SEGMENT,Standard,3
2025,12,AUDI,38,S.C. Tenerife,Corporate,ICE,UKL1,FOCUS SEGMENT,Standard,1
2025,12,AUDI,38,S.C. Tenerife,Corporate,ICE,UKL2,FOCUS SEGMENT,Standard,2
2025,12,AUDI,38,S.C. Tenerife,Corporate,PHEV,KKL,FOCUS SEGMENT,Standard,2
2025,12,AUDI,38,S.C. Tenerife,Corporate,PHEV,UKL2,FOCUS SEGMENT,Standard,1
2025,12,AUDI,38,S.C. Tenerife,Private,BEV,UKL2,FOCUS SEGMENT,Standard,4
2025,12,AUDI,38,S.C. Tenerife,Private,ICE,KKL,FOCUS SEGMENT,Standard,1
2025,12,AUDI,38,S.C. Tenerife,Private,ICE,UKL1,FOCUS SEGMENT,Standard,13
2025,12,AUDI,38,S.C. Tenerife,Private,ICE,UKL2,FOCUS SEGMENT,Standard,14
2025,12,AUDI,38,S.C. Tenerife,Private,PHEV,KKL,FOCUS SEGMENT,Standard,1
2025,12,AUDI,38,S.C. Tenerife,Private,PHEV,MKL,FOCUS SEGMENT,Standard,1
2025,12,AUDI,38,S.C. Tenerife,RAC,ICE,KKL,FOCUS SEGMENT,Standard,6
2025,12,AUDI,38,S.C. Tenerife,RAC,ICE,UKL2,FOCUS SEGMENT,Standard,34
2025,12,BMW,38,S.C. Tenerife,Corporate,BEV,KKL,FOCUS SEGMENT,Standard,1
2025,12,BMW,38,S.C. Tenerife,Corporate,BEV,UKL2,FOCUS SEGMENT,Standard,2
2025,12,BMW,38,S.C. Tenerife,Corporate,ICE,KKL,FOCUS SEGMENT,M Performance,1
2025,12,BMW,38,S.C. Tenerife,Corporate,ICE,KKL,FOCUS SEGMENT,Standard,1
2025,12,BMW,38,S.C. Tenerife,Corporate,ICE,UKL2,FOCUS SEGMENT,Standard,7
2025,12,BMW,38,S.C. Tenerife,Corporate,PHEV,KKL,FOCUS SEGMENT,Standard,1
2025,12,BMW,38,S.C. Tenerife,Corporate,PHEV,MKL,FOCUS SEGMENT,Standard,1
2025,12,BMW,38,S.C. Tenerife,Corporate,PHEV,UKL2,FOCUS SEGMENT,Standard,1
2025,12,BMW,38,S.C. Tenerife,Private,BEV,MKL,FOCUS SEGMENT,Standard,1
2025,12,BMW,38,S.C. Tenerife,Private,BEV,UKL2,FOCUS SEGMENT,Standard,12
2025,12,BMW,38,S.C. Tenerife,Private,ICE,UKL2,FOCUS SEGMENT,Standard,9
2025,12,BMW,38,S.C. Tenerife,Private,PHEV,KKL,FOCUS SEGMENT,Standard,1
2025,12,BMW,38,S.C. Tenerife,Private,PHEV,MKL,FOCUS SEGMENT,Standard,1
2025,12,BMW,38,S.C. Tenerife,Private,PHEV,UKL2,FOCUS SEGMENT,Standard,10
2025,12,BYD,38,S.C. Tenerife,Corporate,BEV,UKL0,REST,Standard,1
2025,12,BYD,38,S.C. Tenerife,Corporate,PHEV,KKL,REST,Standard,3
2025,12,BYD,38,S.C. Tenerife,Private,BEV,KKL,REST,Standard,4
2025,12,BYD,38,S.C. Tenerife,Private,BEV,UKL0,REST,Standard,10
2025,12,BYD,38,S.C. Tenerife,Private,BEV,UKL1,REST,Standard,9
2025,12,BYD,38,S.C. Tenerife,Private,BEV,UKL2,REST,Standard,5
2025,12,BYD,38,S.C. Tenerife,Private,PHEV,KKL,REST,Standard,5
2025,12,CITROEN,38,S.C. Tenerife,Corporate,ICE,UKL2,REST,Standard,1
2025,12,CITROEN,38,S.C. Tenerife,Private,BEV,UKL1,REST,Standard,1
2025,12,CITROEN,38,S.C. Tenerife,Private,ICE,UKL1,REST,Standard,11
2025,12,CITROEN,38,S.C. Tenerife,Private,ICE,UKL2,REST,Standard,4
2025,12,CITROEN,38,S.C. Tenerife,RAC,ICE,UKL1,REST,Standard,1
2025,12,CUPRA,38,S.C. Tenerife,Corporate,BEV,UKL2,REST,Standard,2
2025,12,CUPRA,38,S.C. Tenerife,Corporate,PHEV,UKL2,REST,Standard,8
2025,12,CUPRA,38,S.C. Tenerife,Private,BEV,UKL2,REST,Standard,2
2025,12,CUPRA,38,S.C. Tenerife,Private,ICE,UKL2,REST,Standard,1
2025,12,CUPRA,38,S.C. Tenerife,Private,PHEV,UKL2,REST,Standard,7
2025,12,DACIA,38,S.C. Tenerife,Corporate,ICE,SKL,REST,Standard,2
2025,12,DACIA,38,S.C. Tenerife,Corporate,ICE,UKL1,REST,Standard,2
2025,12,DACIA,38,S.C. Tenerife,Private,ICE,SKL,REST,Standard,12
2025,12,DACIA,38,S.C. Tenerife,Private,ICE,UKL1,REST,Standard,54
2025,12,DACIA,38,S.C. Tenerife,Private,ICE,UKL2,REST,Standard,27
2025,12,EBRO,38,S.C. Tenerife,Corporate,PHEV,UKL2,REST,Standard,2
2025,12,EBRO,38,S.C. Tenerife,Private,ICE,UKL2,REST,Standard,2
2025,12,EBRO,38,S.C. Tenerife,Private,PHEV,UKL2,REST,Standard,2
2025,12,EBRO,38,S.C. Tenerife,RAC,ICE,KKL,REST,Standard,2
2025,12,EBRO,38,S.C. Tenerife,RAC,ICE,UKL2,REST,Standard,2
2025,12,EBRO,38,S.C. Tenerife,RAC,PHEV,KKL,REST,Standard,2
2025,12,EBRO,38,S.C. Tenerife,RAC,PHEV,UKL2,REST,Standard,5
2025,12,FIAT,38,S.C. Tenerife,Private,BEV,UKL0,REST,Standard,2
2025,12,FIAT,38,S.C. Tenerife,Private,ICE,UKL0,REST,Standard,1
2025,12,FIAT,38,S.C. Tenerife,Private,ICE,UKL1,REST,Standard,2
2025,12,FIAT,38,S.C. Tenerife,RAC,ICE,UKL0,REST,Standard,3
2025,12,FIAT,38,S.C. Tenerife,RAC,ICE,UKL1,REST,Standard,3
2025,12,FORD,38,S.C. Tenerife,Corporate,BEV,UKL1,REST,Standard,2
2025,12,FORD,38,S.C. Tenerife,Corporate,ICE,UKL1,REST,Standard,1
2025,12,FORD,38,S.C. Tenerife,Private,BEV,KKL,REST,Standard,1
2025,12,FORD,38,S.C. Tenerife,Private,BEV,SKL,REST,Standard,2
2025,12,FORD,38,S.C. Tenerife,Private,BEV,UKL1,REST,Standard,2
2025,12,FORD,38,S.C. Tenerife,Private,ICE,SKL,REST,Standard,2
2025,12,FORD,38,S.C. Tenerife,Private,ICE,UKL1,REST,Standard,10
2025,12,FORD,38,S.C. Tenerife,Private,ICE,UKL2,REST,Standard,1
2025,12,FORD,38,S.C. Tenerife,Private,PHEV,UKL2,REST,Standard,9
2025,12,HONDA,38,S.C. Tenerife,Corporate,BEV,UKL1,REST,Standard,1
2025,12,HONDA,38,S.C. Tenerife,Private,ICE,UKL1,REST,Standard,4
2025,12,HONDA,38,S.C. Tenerife,Private,PHEV,KKL,REST,Standard,1
2025,12,HYUNDAI,38,S.C. Tenerife,Corporate,BEV,UKL2,REST,Standard,1
2025,12,HYUNDAI,38,S.C. Tenerife,Corporate,ICE,UKL0,REST,Standard,4
2025,12,HYUNDAI,38,S.C. Tenerife,Corporate,ICE,UKL1,REST,Standard,3
2025,12,HYUNDAI,38,S.C. Tenerife,Corporate,PHEV,UKL2,REST,Standard,3
2025,12,HYUNDAI,38,S.C. Tenerife,Private,BEV,UKL1,REST,Standard,2
2025,12,HYUNDAI,38,S.C. Tenerife,Private,BEV,UKL2,REST,Standard,6
2025,12,HYUNDAI,38,S.C. Tenerife,Private,ICE,UKL0,REST,Standard,5
2025,12,HYUNDAI,38,S.C. Tenerife,Private,ICE,UKL1,REST,Standard,52
2025,12,HYUNDAI,38,S.C. Tenerife,Private,ICE,UKL2,REST,Standard,7
2025,12,HYUNDAI,38,S.C. Tenerife,Private,PHEV,UKL2,REST,Standard,8
2025,12,HYUNDAI,38,S.C. Tenerife,RAC,ICE,UKL1,REST,Standard,6
2025,12,JAECOO,38,S.C. Tenerife,Private,BEV,UKL1,REST,Standard,3
2025,12,JAECOO,38,S.C. Tenerife,Private,ICE,UKL2,REST,Standard,5
2025,12,JAECOO,38,S.C. Tenerife,Private,PHEV,UKL2,REST,Standard,3
2025,12,JEEP,38,S.C. Tenerife,Private,ICE,UKL1,REST,Standard,2
2025,12,JEEP,38,S.C. Tenerife,RAC,ICE,UKL1,REST,Standard,1
2025,12,KG MOBILITY,38,S.C. Tenerife,Private,BEV,UKL2,REST,Standard,1
2025,12,KG MOBILITY,38,S.C. Tenerife,Private,ICE,MKL,REST,Standard,2
2025,12,KG MOBILITY,38,S.C. Tenerife,RAC,ICE,UKL1,REST,Standard,2
2025,12,KIA,38,S.C. Tenerife,Corporate,BEV,SKL,REST,Standard,1
2025,12,KIA,38,S.C. Tenerife,Corporate,ICE,UKL1,REST,Standard,10
2025,12,KIA,38,S.C. Tenerife,Corporate,ICE,UKL2,REST,Standard,1
2025,12,KIA,38,S.C. Tenerife,Private,BEV,UKL1,REST,Standard,4
2025,12,KIA,38,S.C. Tenerife,Private,ICE,UKL0,REST,Standard,6
2025,12,KIA,38,S.C. Tenerife,Private,ICE,UKL1,REST,Standard,12
2025,12,KIA,38,S.C. Tenerife,Private,ICE,UKL2,REST,Standard,24
2025,12,KIA,38,S.C. Tenerife,Private,PHEV,KKL,REST,Standard,1
2025,12,KIA,38,S.C. Tenerife,Private,PHEV,UKL2,REST,Standard,1
2025,12,LAMBORGHINI,38,S.C. Tenerife,Private,PHEV,GKL+,FOCUS SEGMENT,Standard,1
2025,12,LAND ROVER,38,S.C. Tenerife,Corporate,PHEV,UKL2,FOCUS SEGMENT,Standard,1
2025,12,LEAPMOTOR,38,S.C. Tenerife,Corporate,BEV,MKL,REST,Standard,2
2025,12,LEAPMOTOR,38,S.C. Tenerife,Corporate,BEV,UKL2,REST,Standard,2
2025,12,LEAPMOTOR,38,S.C. Tenerife,Private,BEV,MKL,REST,Standard,1
2025,12,LEAPMOTOR,38,S.C. Tenerife,Private,BEV,UKL0,REST,Standard,10
2025,12,LEAPMOTOR,38,S.C. Tenerife,Private,BEV,UKL2,REST,Standard,2
2025,12,LEXUS,38,S.C. Tenerife,Private,ICE,UKL1,FOCUS SEGMENT,Standard,4
2025,12,LEXUS,38,S.C. Tenerife,Private,ICE,UKL2,FOCUS SEGMENT,Standard,4
2025,12,LEXUS,38,S.C. Tenerife,Private,PHEV,KKL,FOCUS SEGMENT,Standard,1
2025,12,MAZDA,38,S.C. Tenerife,Corporate,ICE,UKL2,REST,Standard,1
2025,12,MAZDA,38,S.C. Tenerife,Private,BEV,MKL,REST,Standard,1
2025,12,MAZDA,38,S.C. Tenerife,Private,ICE,UKL1,REST,Standard,11
2025,12,MAZDA,38,S.C. Tenerife,Private,ICE,UKL2,REST,Standard,19
2025,12,MAZDA,38,S.C. Tenerife,Private,PHEV,KKL,REST,Standard,1
2025,12,MAZDA,38,S.C. Tenerife,RAC,ICE,UKL1,REST,Standard,3
2025,12,MERCEDES,38,S.C. Tenerife,Corporate,ICE,KKL,FOCUS SEGMENT,Standard,1
2025,12,MERCEDES,38,S.C. Tenerife,Corporate,ICE,SKL,REST,Standard,1
2025,12,MERCEDES,38,S.C. Tenerife,Corporate,ICE,UKL2,FOCUS SEGMENT,M Performance,1
2025,12,MERCEDES,38,S.C. Tenerife,Corporate,PHEV,KKL,FOCUS SEGMENT,Standard,7
2025,12,MERCEDES,38,S.C. Tenerife,Corporate,PHEV,UKL2,FOCUS SEGMENT,Standard,7
2025,12,MERCEDES,38,S.C. Tenerife,Private,BEV,UKL2,FOCUS SEGMENT,Standard,3
2025,12,MERCEDES,38,S.C. Tenerife,Private,ICE,KKL,FOCUS SEGMENT,Standard,2
2025,12,MERCEDES,38,S.C. Tenerife,Private,ICE,MKL,FOCUS SEGMENT,M Performance,1
2025,12,MERCEDES,38,S.C. Tenerife,Private,ICE,SKL,REST,Standard,1
2025,12,MERCEDES,38,S.C. Tenerife,Private,ICE,UKL2,FOCUS SEGMENT,Standard,4
2025,12,MERCEDES,38,S.C. Tenerife,Private,PHEV,KKL,FOCUS SEGMENT,Standard,2
2025,12,MERCEDES,38,S.C. Tenerife,Private,PHEV,UKL2,FOCUS SEGMENT,Standard,2
2025,12,MG,38,S.C. Tenerife,Corporate,BEV,UKL1,REST,Standard,1
2025,12,MG,38,S.C. Tenerife,Corporate,BEV,UKL2,REST,Standard,1
2025,12,MG,38,S.C. Tenerife,Corporate,ICE,UKL1,REST,Standard,5
2025,12,MG,38,S.C. Tenerife,Corporate,PHEV,KKL,REST,Standard,1
2025,12,MG,38,S.C. Tenerife,Private,BEV,UKL1,REST,Standard,1
2025,12,MG,38,S.C. Tenerife,Private,ICE,UKL1,REST,Standard,39
2025,12,MG,38,S.C. Tenerife,Private,PHEV,KKL,REST,Standard,15
2025,12,MINI,38,S.C. Tenerife,Corporate,ICE,UKL1,FOCUS SEGMENT,JCW,1
2025,12,MINI,38,S.C. Tenerife,Corporate,ICE,UKL1,FOCUS SEGMENT,Standard,4
2025,12,MINI,38,S.C. Tenerife,Private,BEV,UKL1,FOCUS SEGMENT,Standard,3
2025,12,MINI,38,S.C. Tenerife,Private,BEV,UKL2,FOCUS SEGMENT,Standard,1
2025,12,MINI,38,S.C. Tenerife,Private,ICE,UKL1,FOCUS SEGMENT,JCW,1
2025,12,MINI,38,S.C. Tenerife,Private,ICE,UKL1,FOCUS SEGMENT,Standard,2
2025,12,MINI,38,S.C. Tenerife,Private,ICE,UKL2,FOCUS SEGMENT,Standard,1
2025,12,MITSUBISHI,38,S.C. Tenerife,Private,ICE,UKL1,REST,Standard,3
2025,12,MITSUBISHI,38,S.C. Tenerife,Private,ICE,UKL2,REST,Standard,3
2025,12,MITSUBISHI,38,S.C. Tenerife,Private,PHEV,KKL,REST,Standard,1
2025,12,MORGAN,38,S.C. Tenerife,Private,ICE,KKL,REST,Standard,1
2025,12,NISSAN,38,S.C. Tenerife,Corporate,BEV,UKL1,REST,Standard,1
2025,12,NISSAN,38,S.C. Tenerife,Corporate,ICE,KKL,REST,Standard,1
2025,12,NISSAN,38,S.C. Tenerife,Corporate,ICE,UKL2,REST,Standard,7
2025,12,NISSAN,38,S.C. Tenerife,Private,BEV,UKL1,REST,Standard,1
2025,12,NISSAN,38,S.C. Tenerife,Private,BEV,UKL2,REST,Standard,3
2025,12,NISSAN,38,S.C. Tenerife,Private,ICE,KKL,REST,Standard,1
2025,12,NISSAN,38,S.C. Tenerife,Private,ICE,SKL,REST,Standard,1
2025,12,NISSAN,38,S.C. Tenerife,Private,ICE,UKL1,REST,Standard,10
2025,12,NISSAN,38,S.C. Tenerife,Private,ICE,UKL2,REST,Standard,19
2025,12,OMODA,38,S.C. Tenerife,Corporate,PHEV,KKL,REST,Standard,3
2025,12,OMODA,38,S.C. Tenerife,Private,BEV,UKL2,REST,Standard,4
2025,12,OMODA,38,S.C. Tenerife,Private,ICE,UKL2,REST,Standard,1
2025,12,OMODA,38,S.C. Tenerife,Private,PHEV,KKL,REST,Standard,1
2025,12,OPEL,38,S.C. Tenerife,Corporate,BEV,KKL,REST,Standard,1
2025,12,OPEL,38,S.C. Tenerife,Corporate,BEV,UKL1,REST,Standard,5
2025,12,OPEL,38,S.C. Tenerife,Corporate,ICE,KKL,REST,Standard,2
2025,12,OPEL,38,S.C. Tenerife,Corporate,ICE,UKL1,REST,Standard,14
2025,12,OPEL,38,S.C. Tenerife,Private,BEV,KKL,REST,Standard,4
2025,12,OPEL,38,S.C. Tenerife,Private,BEV,SKL,REST,Standard,1
2025,12,OPEL,38,S.C. Tenerife,Private,ICE,UKL1,REST,Standard,11
2025,12,OPEL,38,S.C. Tenerife,RAC,ICE,KKL,REST,Standard,42
2025,12,OPEL,38,S.C. Tenerife,RAC,ICE,UKL1,REST,Standard,20
2025,12,PEUGEOT,38,S.C. Tenerife,Corporate,BEV,UKL1,REST,Standard,1
2025,12,PEUGEOT,38,S.C. Tenerife,Corporate,ICE,SKL,REST,Standard,1
2025,12,PEUGEOT,38,S.C. Tenerife,Corporate,ICE,UKL1,REST,Standard,2
2025,12,PEUGEOT,38,S.C. Tenerife,Private,BEV,SKL,REST,Standard,2
2025,12,PEUGEOT,38,S.C. Tenerife,Private,BEV,UKL1,REST,Standard,1
2025,12,PEUGEOT,38,S.C. Tenerife,Private,BEV,UKL2,REST,Standard,2
2025,12,PEUGEOT,38,S.C. Tenerife,Private,ICE,SKL,REST,Standard,1
2025,12,PEUGEOT,38,S.C. Tenerife,Private,ICE,UKL1,REST,Standard,30
2025,12,PEUGEOT,38,S.C. Tenerife,Private,ICE,UKL2,REST,Standard,1
2025,12,PORSCHE,38,S.C. Tenerife,Corporate,ICE,GKL,FOCUS SEGMENT,M Performance,1
2025,12,PORSCHE,38,S.C. Tenerife,Private,ICE,GKL,FOCUS SEGMENT,M Performance,1
2025,12,RENAULT,38,S.C. Tenerife,Corporate,BEV,UKL1,REST,Standard,1
2025,12,RENAULT,38,S.C. Tenerife,Corporate,ICE,UKL1,REST,Standard,3
2025,12,RENAULT,38,S.C. Tenerife,Corporate,ICE,UKL2,REST,Standard,6
2025,12,RENAULT,38,S.C. Tenerife,Private,BEV,UKL1,REST,Standard,2
2025,12,RENAULT,38,S.C. Tenerife,Private,ICE,UKL1,REST,Standard,43
2025,12,RENAULT,38,S.C. Tenerife,Private,ICE,UKL2,REST,Standard,13
2025,12,RENAULT,38,S.C. Tenerife,Private,PHEV,UKL2,REST,Standard,1
2025,12,RENAULT,38,S.C. Tenerife,RAC,ICE,UKL1,REST,Standard,6
2025,12,SEAT,38,S.C. Tenerife,Corporate,ICE,UKL1,REST,Standard,12
2025,12,SEAT,38,S.C. Tenerife,Corporate,ICE,UKL2,REST,Standard,1
2025,12,SEAT,38,S.C. Tenerife,Corporate,PHEV,UKL2,REST,Standard,6
2025,12,SEAT,38,S.C. Tenerife,Private,ICE,UKL1,REST,Standard,89
2025,12,SEAT,38,S.C. Tenerife,Private,ICE,UKL2,REST,Standard,12
2025,12,SEAT,38,S.C. Tenerife,Private,PHEV,UKL2,REST,Standard,3
2025,12,SEAT,38,S.C. Tenerife,RAC,ICE,UKL1,REST,Standard,61
2025,12,SKODA,38,S.C. Tenerife,Corporate,ICE,UKL1,REST,Standard,5
2025,12,SKODA,38,S.C. Tenerife,Corporate,PHEV,KKL,REST,Standard,1
2025,12,SKODA,38,S.C. Tenerife,Private,BEV,UKL2,REST,Standard,1
2025,12,SKODA,38,S.C. Tenerife,Private,ICE,KKL,REST,Standard,3
2025,12,SKODA,38,S.C. Tenerife,Private,ICE,UKL1,REST,Standard,41
2025,12,SKODA,38,S.C. Tenerife,Private,ICE,UKL2,REST,Standard,3
2025,12,SMART,38,S.C. Tenerife,Corporate,BEV,UKL1,FOCUS SEGMENT,Standard,1
2025,12,SMART,38,S.C. Tenerife,Private,BEV,UKL1,FOCUS SEGMENT,Standard,1
2025,12,SUZUKI,38,S.C. Tenerife,Corporate,ICE,UKL1,REST,Standard,2
2025,12,SUZUKI,38,S.C. Tenerife,Corporate,ICE,UKL2,REST,Standard,1
2025,12,SUZUKI,38,S.C. Tenerife,Private,ICE,UKL1,REST,Standard,3
2025,12,SUZUKI,38,S.C. Tenerife,Private,ICE,UKL2,REST,Standard,6
2025,12,SUZUKI,38,S.C. Tenerife,RAC,ICE,UKL2,REST,Standard,3
2025,12,TESLA,38,S.C. Tenerife,Private,BEV,KKL,FOCUS SEGMENT,Standard,3
2025,12,TOYOTA,38,S.C. Tenerife,Corporate,ICE,SKL,REST,Standard,7
2025,12,TOYOTA,38,S.C. Tenerife,Corporate,ICE,UKL1,REST,Standard,14
2025,12,TOYOTA,38,S.C. Tenerife,Corporate,ICE,UKL2,REST,Standard,2
2025,12,TOYOTA,38,S.C. Tenerife,Corporate,PHEV,UKL1,REST,Standard,2
2025,12,TOYOTA,38,S.C. Tenerife,Corporate,PHEV,UKL2,REST,Standard,1
2025,12,TOYOTA,38,S.C. Tenerife,Private,ICE,SKL,REST,Standard,3
2025,12,TOYOTA,38,S.C. Tenerife,Private,ICE,UKL0,REST,Standard,1
2025,12,TOYOTA,38,S.C. Tenerife,Private,ICE,UKL1,REST,Standard,105
2025,12,TOYOTA,38,S.C. Tenerife,Private,ICE,UKL2,REST,Standard,27
2025,12,TOYOTA,38,S.C. Tenerife,Private,PHEV,UKL1,REST,Standard,1
2025,12,TOYOTA,38,S.C. Tenerife,Private,PHEV,UKL2,REST,Standard,2
2025,12,TOYOTA,38,S.C. Tenerife,RAC,ICE,SKL,REST,Standard,3
2025,12,VOLKSWAGEN,38,S.C. Tenerife,Corporate,BEV,SKL,REST,Standard,1
2025,12,VOLKSWAGEN,38,S.C. Tenerife,Corporate,ICE,UKL1,REST,Standard,4
2025,12,VOLKSWAGEN,38,S.C. Tenerife,Corporate,ICE,UKL2,REST,Standard,8
2025,12,VOLKSWAGEN,38,S.C. Tenerife,Corporate,PHEV,SKL,REST,Standard,4
2025,12,VOLKSWAGEN,38,S.C. Tenerife,Private,BEV,SKL,REST,Standard,2
2025,12,VOLKSWAGEN,38,S.C. Tenerife,Private,BEV,UKL2,REST,Standard,4
2025,12,VOLKSWAGEN,38,S.C. Tenerife,Private,ICE,SKL,REST,Standard,7
2025,12,VOLKSWAGEN,38,S.C. Tenerife,Private,ICE,UKL1,REST,Standard,77
2025,12,VOLKSWAGEN,38,S.C. Tenerife,Private,ICE,UKL2,REST,Standard,43
2025,12,VOLKSWAGEN,38,S.C. Tenerife,Private,PHEV,SKL,REST,Standard,14
2025,12,VOLKSWAGEN,38,S.C. Tenerife,Private,PHEV,UKL2,REST,Standard,6
2025,12,VOLKSWAGEN,38,S.C. Tenerife,RAC,ICE,UKL1,REST,Standard,5
2025,12,VOLKSWAGEN,38,S.C. Tenerife,RAC,ICE,UKL2,REST,Standard,4
2025,12,VOLVO,38,S.C. Tenerife,Corporate,PHEV,KKL,FOCUS SEGMENT,Standard,2
2025,12,VOLVO,38,S.C. Tenerife,Private,BEV,UKL1,FOCUS SEGMENT,Standard,4
2025,12,VOLVO,38,S.C. Tenerife,Private,BEV,UKL2,FOCUS SEGMENT,Standard,1
2025,12,VOLVO,38,S.C. Tenerife,Private,ICE,UKL2,FOCUS SEGMENT,Standard,5
2025,12,VOLVO,38,S.C. Tenerife,Private,PHEV,KKL,FOCUS SEGMENT,Standard,1
2025,12,ALFA ROMEO,39,Cantabria,Corporate,ICE,UKL1,REST,Standard,1
2025,12,AUDI,39,Cantabria,Corporate,ICE,UKL1,FOCUS SEGMENT,Standard,8
2025,12,AUDI,39,Cantabria,Corporate,ICE,UKL2,FOCUS SEGMENT,Standard,5
2025,12,AUDI,39,Cantabria,Corporate,PHEV,KKL,FOCUS SEGMENT,Standard,1
2025,12,AUDI,39,Cantabria,Corporate,PHEV,MKL,FOCUS SEGMENT,Standard,1
2025,12,AUDI,39,Cantabria,Private,ICE,KKL,FOCUS SEGMENT,Standard,1
2025,12,AUDI,39,Cantabria,Private,ICE,UKL1,FOCUS SEGMENT,Standard,3
2025,12,AUDI,39,Cantabria,Private,ICE,UKL2,FOCUS SEGMENT,Standard,12
2025,12,AUDI,39,Cantabria,Private,PHEV,KKL,FOCUS SEGMENT,Standard,1
2025,12,AUDI,39,Cantabria,Private,PHEV,MKL,FOCUS SEGMENT,Standard,1
2025,12,AUDI,39,Cantabria,Private,PHEV,UKL2,FOCUS SEGMENT,Standard,2
2025,12,BMW,39,Cantabria,Corporate,BEV,KKL,FOCUS SEGMENT,Standard,1
2025,12,BMW,39,Cantabria,Corporate,BEV,UKL2,FOCUS SEGMENT,Standard,1
2025,12,BMW,39,Cantabria,Corporate,ICE,KKL,FOCUS SEGMENT,Standard,2
2025,12,BMW,39,Cantabria,Corporate,ICE,MKL,FOCUS SEGMENT,Standard,1
2025,12,BMW,39,Cantabria,Corporate,ICE,UKL2,FOCUS SEGMENT,Standard,1
2025,12,BMW,39,Cantabria,Corporate,PHEV,KKL,FOCUS SEGMENT,Standard,1
2025,12,BMW,39,Cantabria,Private,ICE,GKL,FOCUS SEGMENT,M Performance,1
2025,12,BMW,39,Cantabria,Private,ICE,KKL,FOCUS SEGMENT,Standard,4
2025,12,BMW,39,Cantabria,Private,ICE,UKL2,FOCUS SEGMENT,M,1
2025,12,BMW,39,Cantabria,Private,ICE,UKL2,FOCUS SEGMENT,Standard,3
2025,12,BMW,39,Cantabria,Private,PHEV,KKL,FOCUS SEGMENT,Standard,2
2025,12,BMW,39,Cantabria,Private,PHEV,UKL2,FOCUS SEGMENT,Standard,1
2025,12,BYD,39,Cantabria,Corporate,PHEV,KKL,REST,Standard,1
2025,12,BYD,39,Cantabria,Private,BEV,KKL,REST,Standard,1
2025,12,BYD,39,Cantabria,Private,BEV,UKL0,REST,Standard,9
2025,12,BYD,39,Cantabria,Private,BEV,UKL1,REST,Standard,1
2025,12,BYD,39,Cantabria,Private,BEV,UKL2,REST,Standard,3
2025,12,BYD,39,Cantabria,Private,PHEV,KKL,REST,Standard,3
2025,12,CITROEN,39,Cantabria,Corporate,BEV,UKL1,REST,Standard,1
2025,12,CITROEN,39,Cantabria,Corporate,ICE,UKL1,REST,Standard,1
2025,12,CITROEN,39,Cantabria,Private,BEV,UKL1,REST,Standard,3
2025,12,CITROEN,39,Cantabria,Private,ICE,UKL1,REST,Standard,14
2025,12,CITROEN,39,Cantabria,Private,ICE,UKL2,REST,Standard,10
2025,12,CUPRA,39,Cantabria,Corporate,ICE,UKL2,REST,Standard,1
2025,12,CUPRA,39,Cantabria,Corporate,PHEV,UKL2,REST,Standard,8
2025,12,CUPRA,39,Cantabria,Private,ICE,UKL2,REST,Standard,2
2025,12,CUPRA,39,Cantabria,Private,PHEV,UKL2,REST,Standard,1
2025,12,DACIA,39,Cantabria,Corporate,ICE,UKL2,REST,Standard,1
2025,12,DACIA,39,Cantabria,Private,ICE,SKL,REST,Standard,8
2025,12,DACIA,39,Cantabria,Private,ICE,UKL1,REST,Standard,33
2025,12,DACIA,39,Cantabria,Private,ICE,UKL2,REST,Standard,12
2025,12,DR,39,Cantabria,Private,ICE,UKL1,REST,Standard,3
2025,12,DS,39,Cantabria,Corporate,PHEV,UKL2,REST,Standard,1
2025,12,DS,39,Cantabria,Private,ICE,UKL2,REST,Standard,1
2025,12,DS,39,Cantabria,Private,PHEV,UKL2,REST,Standard,1
2025,12,EBRO,39,Cantabria,Corporate,ICE,UKL2,REST,Standard,1
2025,12,EBRO,39,Cantabria,Corporate,PHEV,KKL,REST,Standard,1
2025,12,EBRO,39,Cantabria,Corporate,PHEV,UKL2,REST,Standard,7
2025,12,EBRO,39,Cantabria,Private,ICE,UKL2,REST,Standard,8
2025,12,EBRO,39,Cantabria,Private,PHEV,KKL,REST,Standard,3
2025,12,EBRO,39,Cantabria,Private,PHEV,UKL2,REST,Standard,8
2025,12,EVO,39,Cantabria,Private,ICE,UKL1,REST,Standard,1
2025,12,EVO,39,Cantabria,Private,ICE,UKL2,REST,Standard,1
2025,12,FIAT,39,Cantabria,Private,ICE,UKL0,REST,Standard,2
2025,12,FORD,39,Cantabria,Private,BEV,SKL,REST,Standard,1
2025,12,FORD,39,Cantabria,Private,ICE,UKL1,REST,Standard,3
2025,12,FORD,39,Cantabria,Private,PHEV,UKL2,REST,Standard,2
2025,12,HONDA,39,Cantabria,Corporate,ICE,KKL,REST,Standard,1
2025,12,HONDA,39,Cantabria,Private,ICE,KKL,REST,Standard,1
2025,12,HONDA,39,Cantabria,Private,ICE,UKL1,REST,Standard,4
2025,12,HONDA,39,Cantabria,Private,ICE,UKL2,REST,Standard,10
2025,12,HYUNDAI,39,Cantabria,Corporate,ICE,MKL,REST,Standard,1
2025,12,HYUNDAI,39,Cantabria,Corporate,ICE,UKL0,REST,Standard,6
2025,12,HYUNDAI,39,Cantabria,Corporate,ICE,UKL1,REST,Standard,13
2025,12,HYUNDAI,39,Cantabria,Corporate,ICE,UKL2,REST,Standard,6
2025,12,HYUNDAI,39,Cantabria,Private,BEV,UKL1,REST,Standard,1
2025,12,HYUNDAI,39,Cantabria,Private,BEV,UKL2,REST,Standard,1
2025,12,HYUNDAI,39,Cantabria,Private,ICE,UKL0,REST,Standard,2
2025,12,HYUNDAI,39,Cantabria,Private,ICE,UKL1,REST,Standard,9
2025,12,HYUNDAI,39,Cantabria,Private,ICE,UKL2,REST,Standard,9
2025,12,HYUNDAI,39,Cantabria,Private,PHEV,UKL2,REST,Standard,3
2025,12,HYUNDAI,39,Cantabria,RAC,ICE,UKL1,REST,Standard,9
2025,12,HYUNDAI,39,Cantabria,RAC,ICE,UKL2,REST,Standard,10
2025,12,JAECOO,39,Cantabria,Corporate,PHEV,UKL2,REST,Standard,1
2025,12,JAECOO,39,Cantabria,Private,BEV,UKL1,REST,Standard,2
2025,12,JAECOO,39,Cantabria,Private,ICE,UKL2,REST,Standard,5
2025,12,JAECOO,39,Cantabria,Private,PHEV,UKL2,REST,Standard,8
2025,12,JEEP,39,Cantabria,Corporate,ICE,UKL1,REST,Standard,2
2025,12,JEEP,39,Cantabria,Private,ICE,UKL1,REST,Standard,1
2025,12,KG MOBILITY,39,Cantabria,Private,ICE,MKL,REST,Standard,1
2025,12,KIA,39,Cantabria,Corporate,BEV,SKL,REST,Standard,1
2025,12,KIA,39,Cantabria,Corporate,BEV,UKL2,REST,Standard,1
2025,12,KIA,39,Cantabria,Corporate,ICE,UKL0,REST,Standard,4
2025,12,KIA,39,Cantabria,Corporate,ICE,UKL1,REST,Standard,1
2025,12,KIA,39,Cantabria,Corporate,ICE,UKL2,REST,Standard,1
2025,12,KIA,39,Cantabria,Private,BEV,UKL1,REST,Standard,5
2025,12,KIA,39,Cantabria,Private,BEV,UKL2,REST,Standard,3
2025,12,KIA,39,Cantabria,Private,ICE,UKL1,REST,Standard,9
2025,12,KIA,39,Cantabria,Private,ICE,UKL2,REST,Standard,24
2025,12,LAND ROVER,39,Cantabria,Private,ICE,MKL,FOCUS SEGMENT,Standard,1
2025,12,LEAPMOTOR,39,Cantabria,Private,BEV,UKL2,REST,Standard,1
2025,12,LEXUS,39,Cantabria,Corporate,PHEV,KKL,FOCUS SEGMENT,Standard,1
2025,12,LEXUS,39,Cantabria,Private,ICE,UKL1,FOCUS SEGMENT,Standard,1
2025,12,LEXUS,39,Cantabria,Private,ICE,UKL2,FOCUS SEGMENT,Standard,1
2025,12,LEXUS,39,Cantabria,Private,PHEV,KKL,FOCUS SEGMENT,Standard,4
2025,12,MAZDA,39,Cantabria,Corporate,ICE,KKL,REST,Standard,1
2025,12,MAZDA,39,Cantabria,Corporate,ICE,UKL2,REST,Standard,1
2025,12,MAZDA,39,Cantabria,Private,ICE,KKL,REST,Standard,3
2025,12,MAZDA,39,Cantabria,Private,ICE,UKL1,REST,Standard,1
2025,12,MAZDA,39,Cantabria,Private,ICE,UKL2,REST,Standard,15
2025,12,MAZDA,39,Cantabria,Private,PHEV,KKL,REST,Standard,1
2025,12,MERCEDES,39,Cantabria,Corporate,BEV,UKL2,FOCUS SEGMENT,Standard,1
2025,12,MERCEDES,39,Cantabria,Corporate,ICE,KKL,FOCUS SEGMENT,Standard,2
2025,12,MERCEDES,39,Cantabria,Corporate,ICE,MKL,REST,Standard,2
2025,12,MERCEDES,39,Cantabria,Corporate,ICE,UKL2,FOCUS SEGMENT,Standard,4
2025,12,MERCEDES,39,Cantabria,Corporate,PHEV,KKL,FOCUS SEGMENT,Standard,2
2025,12,MERCEDES,39,Cantabria,Corporate,PHEV,UKL2,FOCUS SEGMENT,Standard,1
2025,12,MERCEDES,39,Cantabria,Private,BEV,UKL2,FOCUS SEGMENT,Standard,2
2025,12,MERCEDES,39,Cantabria,Private,ICE,KKL,FOCUS SEGMENT,Standard,2
2025,12,MERCEDES,39,Cantabria,Private,ICE,MKL,FOCUS SEGMENT,Standard,1
2025,12,MERCEDES,39,Cantabria,Private,ICE,MKL,REST,Standard,2
2025,12,MERCEDES,39,Cantabria,Private,ICE,SKL,REST,Standard,1
2025,12,MERCEDES,39,Cantabria,Private,ICE,UKL2,FOCUS SEGMENT,M Performance,1
2025,12,MERCEDES,39,Cantabria,Private,ICE,UKL2,FOCUS SEGMENT,Standard,12
2025,12,MERCEDES,39,Cantabria,Private,PHEV,KKL,FOCUS SEGMENT,Standard,2
2025,12,MERCEDES,39,Cantabria,Private,PHEV,MKL,FOCUS SEGMENT,M Performance,1
2025,12,MERCEDES,39,Cantabria,Private,PHEV,UKL2,FOCUS SEGMENT,Standard,3
2025,12,MERCEDES-V,39,Cantabria,Private,ICE,SKL,REST,Standard,1
2025,12,MG,39,Cantabria,Corporate,ICE,UKL1,REST,Standard,3
2025,12,MG,39,Cantabria,Private,BEV,UKL1,REST,Standard,1
2025,12,MG,39,Cantabria,Private,BEV,UKL2,REST,Standard,2
2025,12,MG,39,Cantabria,Private,ICE,KKL,REST,Standard,3
2025,12,MG,39,Cantabria,Private,ICE,UKL1,REST,Standard,18
2025,12,MG,39,Cantabria,Private,PHEV,KKL,REST,Standard,11
2025,12,MINI,39,Cantabria,Corporate,BEV,UKL1,FOCUS SEGMENT,Standard,1
2025,12,MINI,39,Cantabria,Corporate,ICE,UKL1,FOCUS SEGMENT,Standard,1
2025,12,MINI,39,Cantabria,Private,BEV,UKL1,FOCUS SEGMENT,Standard,1
2025,12,MINI,39,Cantabria,Private,ICE,UKL1,FOCUS SEGMENT,Standard,3
2025,12,MITSUBISHI,39,Cantabria,Corporate,ICE,UKL1,REST,Standard,3
2025,12,MITSUBISHI,39,Cantabria,Corporate,ICE,UKL2,REST,Standard,2
2025,12,MITSUBISHI,39,Cantabria,Private,ICE,UKL1,REST,Standard,1
2025,12,MITSUBISHI,39,Cantabria,Private,ICE,UKL2,REST,Standard,1
2025,12,MITSUBISHI,39,Cantabria,Private,PHEV,KKL,REST,Standard,1
2025,12,NISSAN,39,Cantabria,Corporate,ICE,KKL,REST,Standard,1
2025,12,NISSAN,39,Cantabria,Corporate,ICE,UKL1,REST,Standard,3
2025,12,NISSAN,39,Cantabria,Corporate,ICE,UKL2,REST,Standard,1
2025,12,NISSAN,39,Cantabria,Private,ICE,KKL,REST,Standard,1
2025,12,NISSAN,39,Cantabria,Private,ICE,SKL,REST,Standard,1
2025,12,NISSAN,39,Cantabria,Private,ICE,UKL1,REST,Standard,9
2025,12,NISSAN,39,Cantabria,Private,ICE,UKL2,REST,Standard,11
2025,12,OMODA,39,Cantabria,Corporate,ICE,UKL2,REST,Standard,5
2025,12,OMODA,39,Cantabria,Corporate,PHEV,KKL,REST,Standard,1
2025,12,OMODA,39,Cantabria,Private,BEV,UKL2,REST,Standard,1
2025,12,OMODA,39,Cantabria,Private,ICE,UKL2,REST,Standard,8
2025,12,OMODA,39,Cantabria,Private,PHEV,KKL,REST,Standard,5
2025,12,OPEL,39,Cantabria,Corporate,ICE,UKL1,REST,Standard,40
2025,12,OPEL,39,Cantabria,Private,ICE,KKL,REST,Standard,2
2025,12,OPEL,39,Cantabria,Private,ICE,UKL1,REST,Standard,7
2025,12,PEUGEOT,39,Cantabria,Corporate,PHEV,UKL2,REST,Standard,1
2025,12,PEUGEOT,39,Cantabria,Private,ICE,SKL,REST,Standard,1
2025,12,PEUGEOT,39,Cantabria,Private,ICE,UKL1,REST,Standard,1
2025,12,PEUGEOT,39,Cantabria,Private,ICE,UKL2,REST,Standard,1
2025,12,PORSCHE,39,Cantabria,Corporate,BEV,KKL,FOCUS SEGMENT,Standard,1
2025,12,PORSCHE,39,Cantabria,Private,ICE,MKL,FOCUS SEGMENT,M Performance,1
2025,12,RENAULT,39,Cantabria,Corporate,ICE,UKL1,REST,Standard,6
2025,12,RENAULT,39,Cantabria,Corporate,ICE,UKL2,REST,Standard,1
2025,12,RENAULT,39,Cantabria,Corporate,PHEV,UKL2,REST,Standard,2
2025,12,RENAULT,39,Cantabria,Private,BEV,UKL1,REST,Standard,1
2025,12,RENAULT,39,Cantabria,Private,ICE,KKL,REST,Standard,2
2025,12,RENAULT,39,Cantabria,Private,ICE,SKL,REST,Standard,1
2025,12,RENAULT,39,Cantabria,Private,ICE,UKL1,REST,Standard,26
2025,12,RENAULT,39,Cantabria,Private,ICE,UKL2,REST,Standard,9
2025,12,RENAULT,39,Cantabria,Private,PHEV,UKL2,REST,Standard,7
2025,12,SEAT,39,Cantabria,Corporate,ICE,UKL1,REST,Standard,7
2025,12,SEAT,39,Cantabria,Corporate,ICE,UKL2,REST,Standard,5
2025,12,SEAT,39,Cantabria,Corporate,PHEV,UKL2,REST,Standard,3
2025,12,SEAT,39,Cantabria,Private,ICE,UKL1,REST,Standard,31
2025,12,SEAT,39,Cantabria,Private,ICE,UKL2,REST,Standard,26
2025,12,SHINERAY,39,Cantabria,Private,ICE,MKL,REST,Standard,1
2025,12,SKODA,39,Cantabria,Corporate,BEV,UKL2,REST,Standard,15
2025,12,SKODA,39,Cantabria,Corporate,ICE,KKL,REST,Standard,1
2025,12,SKODA,39,Cantabria,Corporate,ICE,UKL2,REST,Standard,2
2025,12,SKODA,39,Cantabria,Private,BEV,UKL2,REST,Standard,3
2025,12,SKODA,39,Cantabria,Private,ICE,UKL1,REST,Standard,10
2025,12,SKODA,39,Cantabria,Private,ICE,UKL2,REST,Standard,5
2025,12,SKODA,39,Cantabria,Private,PHEV,KKL,REST,Standard,1
2025,12,SMART,39,Cantabria,Private,BEV,UKL1,FOCUS SEGMENT,Standard,1
2025,12,SMART,39,Cantabria,Private,BEV,UKL2,FOCUS SEGMENT,Standard,1
2025,12,SUBARU,39,Cantabria,Private,ICE,UKL2,REST,Standard,3
2025,12,SUZUKI,39,Cantabria,Corporate,ICE,UKL1,REST,Standard,1
2025,12,SUZUKI,39,Cantabria,Private,ICE,UKL1,REST,Standard,4
2025,12,SUZUKI,39,Cantabria,Private,ICE,UKL2,REST,Standard,3
2025,12,TESLA,39,Cantabria,Corporate,BEV,KKL,FOCUS SEGMENT,Standard,1
2025,12,TESLA,39,Cantabria,Private,BEV,KKL,FOCUS SEGMENT,Standard,11
2025,12,TOYOTA,39,Cantabria,Corporate,ICE,GKL,REST,Standard,1
2025,12,TOYOTA,39,Cantabria,Corporate,ICE,UKL1,REST,Standard,1
2025,12,TOYOTA,39,Cantabria,Corporate,ICE,UKL2,REST,Standard,4
2025,12,TOYOTA,39,Cantabria,Corporate,PHEV,UKL1,REST,Standard,1
2025,12,TOYOTA,39,Cantabria,Corporate,PHEV,UKL2,REST,Standard,1
2025,12,TOYOTA,39,Cantabria,Private,ICE,SKL,REST,Standard,1
2025,12,TOYOTA,39,Cantabria,Private,ICE,UKL1,REST,Standard,37
2025,12,TOYOTA,39,Cantabria,Private,ICE,UKL2,REST,Standard,20
2025,12,TOYOTA,39,Cantabria,Private,PHEV,UKL1,REST,Standard,7
2025,12,TOYOTA,39,Cantabria,Private,PHEV,UKL2,REST,Standard,10
2025,12,VOLKSWAGEN,39,Cantabria,Corporate,BEV,UKL2,REST,Standard,1
2025,12,VOLKSWAGEN,39,Cantabria,Corporate,ICE,UKL1,REST,Standard,2
2025,12,VOLKSWAGEN,39,Cantabria,Corporate,PHEV,UKL2,REST,Standard,1
2025,12,VOLKSWAGEN,39,Cantabria,Private,BEV,UKL2,REST,Standard,2
2025,12,VOLKSWAGEN,39,Cantabria,Private,ICE,SKL,REST,Standard,2
2025,12,VOLKSWAGEN,39,Cantabria,Private,ICE,UKL1,REST,Standard,14
2025,12,VOLKSWAGEN,39,Cantabria,Private,ICE,UKL2,REST,Standard,22
2025,12,VOLVO,39,Cantabria,Corporate,ICE,KKL,FOCUS SEGMENT,Standard,3
2025,12,VOLVO,39,Cantabria,Corporate,ICE,UKL2,FOCUS SEGMENT,Standard,6
2025,12,VOLVO,39,Cantabria,Private,BEV,UKL1,FOCUS SEGMENT,Standard,1
2025,12,VOLVO,39,Cantabria,Private,ICE,KKL,FOCUS SEGMENT,Standard,4
2025,12,VOLVO,39,Cantabria,Private,ICE,UKL2,FOCUS SEGMENT,Standard,5
2025,12,XPENG,39,Cantabria,Corporate,BEV,KKL,FOCUS SEGMENT,Standard,1
2025,12,XPENG,39,Cantabria,Private,BEV,KKL,FOCUS SEGMENT,Standard,4
2025,12,AUDI,40,Segovia,Private,BEV,UKL2,FOCUS SEGMENT,Standard,1
2025,12,AUDI,40,Segovia,Private,ICE,MKL,FOCUS SEGMENT,Standard,2
2025,12,AUDI,40,Segovia,Private,ICE,UKL2,FOCUS SEGMENT,Standard,2
2025,12,AUDI,40,Segovia,Private,PHEV,UKL2,FOCUS SEGMENT,Standard,1
2025,12,BMW,40,Segovia,Private,ICE,KKL,FOCUS SEGMENT,Standard,1
2025,12,BMW,40,Segovia,Private,ICE,UKL2,FOCUS SEGMENT,Standard,2
2025,12,BMW,40,Segovia,Private,PHEV,MKL,FOCUS SEGMENT,M,1
2025,12,BYD,40,Segovia,Corporate,BEV,KKL,REST,Standard,1
2025,12,BYD,40,Segovia,Corporate,PHEV,KKL,REST,Standard,5
2025,12,BYD,40,Segovia,Private,BEV,KKL,REST,Standard,1
2025,12,BYD,40,Segovia,Private,BEV,UKL2,REST,Standard,1
2025,12,CITROEN,40,Segovia,Private,ICE,SKL,REST,Standard,1
2025,12,CUPRA,40,Segovia,Corporate,ICE,UKL2,REST,Standard,2
2025,12,CUPRA,40,Segovia,Corporate,PHEV,UKL2,REST,Standard,1
2025,12,CUPRA,40,Segovia,Private,ICE,UKL2,REST,Standard,2
2025,12,CUPRA,40,Segovia,Private,PHEV,UKL2,REST,Standard,1
2025,12,DACIA,40,Segovia,Corporate,ICE,SKL,REST,Standard,1
2025,12,DACIA,40,Segovia,Private,ICE,SKL,REST,Standard,2
2025,12,DACIA,40,Segovia,Private,ICE,UKL1,REST,Standard,5
2025,12,DACIA,40,Segovia,Private,ICE,UKL2,REST,Standard,2
2025,12,EBRO,40,Segovia,Corporate,PHEV,UKL2,REST,Standard,1
2025,12,EBRO,40,Segovia,Private,ICE,KKL,REST,Standard,1
2025,12,EBRO,40,Segovia,Private,ICE,UKL2,REST,Standard,3
2025,12,EBRO,40,Segovia,Private,PHEV,UKL2,REST,Standard,6
2025,12,FORD,40,Segovia,Private,BEV,UKL1,REST,Standard,1
2025,12,FORD,40,Segovia,Private,ICE,UKL2,REST,Standard,1
2025,12,FORD,40,Segovia,Private,PHEV,UKL2,REST,Standard,1
2025,12,HONDA,40,Segovia,Private,ICE,UKL2,REST,Standard,1
2025,12,HYUNDAI,40,Segovia,Corporate,ICE,UKL0,REST,Standard,3
2025,12,HYUNDAI,40,Segovia,Corporate,ICE,UKL1,REST,Standard,6
2025,12,HYUNDAI,40,Segovia,Private,BEV,UKL2,REST,Standard,1
2025,12,HYUNDAI,40,Segovia,Private,ICE,MKL,REST,Standard,1
2025,12,HYUNDAI,40,Segovia,Private,ICE,UKL1,REST,Standard,6
2025,12,HYUNDAI,40,Segovia,Private,ICE,UKL2,REST,Standard,1
2025,12,HYUNDAI,40,Segovia,Private,PHEV,UKL2,REST,Standard,1
2025,12,KIA,40,Segovia,Corporate,ICE,UKL2,REST,Standard,1
2025,12,KIA,40,Segovia,Private,BEV,KKL,REST,Standard,1
2025,12,KIA,40,Segovia,Private,BEV,UKL1,REST,Standard,2
2025,12,KIA,40,Segovia,Private,ICE,UKL1,REST,Standard,5
2025,12,KIA,40,Segovia,Private,ICE,UKL2,REST,Standard,6
2025,12,LEXUS,40,Segovia,Corporate,PHEV,KKL,FOCUS SEGMENT,Standard,1
2025,12,LEXUS,40,Segovia,Private,PHEV,KKL,FOCUS SEGMENT,Standard,1
2025,12,LYNK & CO,40,Segovia,Private,BEV,UKL2,REST,Standard,1
2025,12,MAZDA,40,Segovia,Private,ICE,UKL2,REST,Standard,2
2025,12,MERCEDES,40,Segovia,Corporate,BEV,GKL,FOCUS SEGMENT,Standard,1
2025,12,MERCEDES,40,Segovia,Corporate,PHEV,KKL,FOCUS SEGMENT,Standard,2
2025,12,MERCEDES,40,Segovia,Private,PHEV,KKL,FOCUS SEGMENT,Standard,1
2025,12,MG,40,Segovia,Private,ICE,UKL1,REST,Standard,2
2025,12,MG,40,Segovia,Private,PHEV,KKL,REST,Standard,5
2025,12,MINI,40,Segovia,Corporate,BEV,UKL1,FOCUS SEGMENT,Standard,1
2025,12,MINI,40,Segovia,Corporate,BEV,UKL2,FOCUS SEGMENT,Standard,1
2025,12,MITSUBISHI,40,Segovia,Private,ICE,UKL1,REST,Standard,1
2025,12,MITSUBISHI,40,Segovia,Private,ICE,UKL2,REST,Standard,2
2025,12,NISSAN,40,Segovia,Private,ICE,UKL2,REST,Standard,1
2025,12,RENAULT,40,Segovia,Corporate,BEV,UKL2,REST,Standard,1
2025,12,RENAULT,40,Segovia,Corporate,ICE,UKL1,REST,Standard,6
2025,12,RENAULT,40,Segovia,Private,BEV,UKL1,REST,Standard,1
2025,12,RENAULT,40,Segovia,Private,ICE,UKL1,REST,Standard,3
2025,12,RENAULT,40,Segovia,Private,ICE,UKL2,REST,Standard,2
2025,12,SEAT,40,Segovia,Corporate,ICE,UKL1,REST,Standard,1
2025,12,SEAT,40,Segovia,Corporate,ICE,UKL2,REST,Standard,3
2025,12,SEAT,40,Segovia,Private,ICE,UKL1,REST,Standard,4
2025,12,SEAT,40,Segovia,Private,ICE,UKL2,REST,Standard,4
2025,12,SKODA,40,Segovia,Corporate,BEV,UKL2,REST,Standard,1
2025,12,SKODA,40,Segovia,Corporate,ICE,UKL1,REST,Standard,5
2025,12,SKODA,40,Segovia,Private,ICE,UKL1,REST,Standard,4
2025,12,SKODA,40,Segovia,Private,ICE,UKL2,REST,Standard,1
2025,12,SMART,40,Segovia,Private,BEV,UKL2,FOCUS SEGMENT,Standard,1
2025,12,SUZUKI,40,Segovia,Corporate,ICE,UKL2,REST,Standard,1
2025,12,TESLA,40,Segovia,Private,BEV,KKL,FOCUS SEGMENT,Standard,2
2025,12,TOYOTA,40,Segovia,Corporate,ICE,SKL,REST,Standard,1
2025,12,TOYOTA,40,Segovia,Corporate,ICE,UKL1,REST,Standard,1
2025,12,TOYOTA,40,Segovia,Private,ICE,UKL1,REST,Standard,13
2025,12,TOYOTA,40,Segovia,Private,ICE,UKL2,REST,Standard,5
2025,12,TOYOTA,40,Segovia,Private,PHEV,UKL1,REST,Standard,5
2025,12,TOYOTA,40,Segovia,Private,PHEV,UKL2,REST,Standard,5
2025,12,VOLKSWAGEN,40,Segovia,Corporate,ICE,UKL1,REST,Standard,1
2025,12,VOLKSWAGEN,40,Segovia,Corporate,ICE,UKL2,REST,Standard,3
2025,12,VOLKSWAGEN,40,Segovia,Private,ICE,UKL1,REST,Standard,3
2025,12,VOLKSWAGEN,40,Segovia,Private,ICE,UKL2,REST,Standard,7
2025,12,VOLKSWAGEN,40,Segovia,Private,PHEV,UKL2,REST,Standard,2
2025,12,ALFA ROMEO,41,Sevilla,Private,ICE,KKL,REST,Standard,1
2025,12,ALFA ROMEO,41,Sevilla,Private,ICE,UKL2,REST,Standard,1
2025,12,AUDI,41,Sevilla,Corporate,ICE,MKL,FOCUS SEGMENT,Standard,1
2025,12,AUDI,41,Sevilla,Corporate,ICE,UKL1,FOCUS SEGMENT,Standard,1
2025,12,AUDI,41,Sevilla,Corporate,ICE,UKL2,FOCUS SEGMENT,Standard,8
2025,12,AUDI,41,Sevilla,Corporate,PHEV,KKL,FOCUS SEGMENT,Standard,4
2025,12,AUDI,41,Sevilla,Corporate,PHEV,MKL,FOCUS SEGMENT,Standard,4
2025,12,AUDI,41,Sevilla,Corporate,PHEV,UKL2,FOCUS SEGMENT,Standard,1
2025,12,AUDI,41,Sevilla,Private,BEV,UKL2,FOCUS SEGMENT,Standard,4
2025,12,AUDI,41,Sevilla,Private,ICE,KKL,FOCUS SEGMENT,Standard,4
2025,12,AUDI,41,Sevilla,Private,ICE,UKL1,FOCUS SEGMENT,Standard,15
2025,12,AUDI,41,Sevilla,Private,ICE,UKL2,FOCUS SEGMENT,Standard,18
2025,12,AUDI,41,Sevilla,Private,PHEV,KKL,FOCUS SEGMENT,Standard,5
2025,12,AUDI,41,Sevilla,Private,PHEV,UKL2,FOCUS SEGMENT,Standard,8
2025,12,BAIC,41,Sevilla,Private,ICE,UKL2,REST,Standard,2
2025,12,BENTLEY,41,Sevilla,Corporate,PHEV,GKL+,FOCUS SEGMENT,Standard,1
2025,12,BMW,41,Sevilla,Corporate,BEV,UKL2,FOCUS SEGMENT,Standard,1
2025,12,BMW,41,Sevilla,Corporate,ICE,KKL,FOCUS SEGMENT,M,1
2025,12,BMW,41,Sevilla,Corporate,ICE,KKL,FOCUS SEGMENT,M Performance,1
2025,12,BMW,41,Sevilla,Corporate,ICE,KKL,FOCUS SEGMENT,Standard,8
2025,12,BMW,41,Sevilla,Corporate,ICE,MKL,FOCUS SEGMENT,Standard,1
2025,12,BMW,41,Sevilla,Corporate,ICE,UKL2,FOCUS SEGMENT,M Performance,2
2025,12,BMW,41,Sevilla,Corporate,ICE,UKL2,FOCUS SEGMENT,Standard,10
2025,12,BMW,41,Sevilla,Corporate,PHEV,MKL,FOCUS SEGMENT,M,1
2025,12,BMW,41,Sevilla,Corporate,PHEV,UKL2,FOCUS SEGMENT,Standard,1
2025,12,BMW,41,Sevilla,Private,BEV,KKL,FOCUS SEGMENT,Standard,1
2025,12,BMW,41,Sevilla,Private,BEV,UKL2,FOCUS SEGMENT,Standard,6
2025,12,BMW,41,Sevilla,Private,ICE,GKL,FOCUS SEGMENT,Standard,1
2025,12,BMW,41,Sevilla,Private,ICE,KKL,FOCUS SEGMENT,Standard,4
2025,12,BMW,41,Sevilla,Private,ICE,MKL,FOCUS SEGMENT,Standard,1
2025,12,BMW,41,Sevilla,Private,ICE,UKL2,FOCUS SEGMENT,Standard,25
2025,12,BMW,41,Sevilla,Private,PHEV,MKL,FOCUS SEGMENT,Standard,1
2025,12,BMW,41,Sevilla,Private,PHEV,UKL2,FOCUS SEGMENT,Standard,1
2025,12,BYD,41,Sevilla,Corporate,BEV,KKL,REST,Standard,4
2025,12,BYD,41,Sevilla,Corporate,PHEV,KKL,REST,Standard,1
2025,12,BYD,41,Sevilla,Private,BEV,KKL,REST,Standard,3
2025,12,BYD,41,Sevilla,Private,BEV,UKL0,REST,Standard,22
2025,12,BYD,41,Sevilla,Private,BEV,UKL1,REST,Standard,6
2025,12,BYD,41,Sevilla,Private,BEV,UKL2,REST,Standard,5
2025,12,BYD,41,Sevilla,Private,PHEV,KKL,REST,Standard,24
2025,12,CITROEN,41,Sevilla,Corporate,BEV,UKL1,REST,Standard,3
2025,12,CITROEN,41,Sevilla,Corporate,ICE,SKL,REST,Standard,13
2025,12,CITROEN,41,Sevilla,Corporate,ICE,UKL2,REST,Standard,4
2025,12,CITROEN,41,Sevilla,Private,ICE,SKL,REST,Standard,4
2025,12,CITROEN,41,Sevilla,Private,ICE,UKL1,REST,Standard,23
2025,12,CITROEN,41,Sevilla,Private,ICE,UKL2,REST,Standard,15
2025,12,CUPRA,41,Sevilla,Corporate,ICE,UKL2,REST,Standard,3
2025,12,CUPRA,41,Sevilla,Private,ICE,UKL2,REST,Standard,9
2025,12,CUPRA,41,Sevilla,Private,PHEV,UKL2,REST,Standard,2
2025,12,DACIA,41,Sevilla,Corporate,ICE,SKL,REST,Standard,4
2025,12,DACIA,41,Sevilla,Corporate,ICE,UKL1,REST,Standard,4
2025,12,DACIA,41,Sevilla,Corporate,ICE,UKL2,REST,Standard,8
2025,12,DACIA,41,Sevilla,Private,BEV,UKL0,REST,Standard,1
2025,12,DACIA,41,Sevilla,Private,ICE,SKL,REST,Standard,25
2025,12,DACIA,41,Sevilla,Private,ICE,UKL1,REST,Standard,83
2025,12,DACIA,41,Sevilla,Private,ICE,UKL2,REST,Standard,31
2025,12,DFSK,41,Sevilla,Private,ICE,,,Standard,1
2025,12,DFSK,41,Sevilla,Private,PHEV,KKL,REST,Standard,1
2025,12,DONGFENG,41,Sevilla,Private,BEV,UKL0,REST,Standard,1
2025,12,DR,41,Sevilla,Private,ICE,UKL1,REST,Standard,5
2025,12,EBRO,41,Sevilla,Corporate,ICE,KKL,REST,Standard,2
2025,12,EBRO,41,Sevilla,Corporate,ICE,UKL2,REST,Standard,6
2025,12,EBRO,41,Sevilla,Corporate,PHEV,KKL,REST,Standard,4
2025,12,EBRO,41,Sevilla,Corporate,PHEV,UKL2,REST,Standard,6
2025,12,EBRO,41,Sevilla,Private,ICE,KKL,REST,Standard,6
2025,12,EBRO,41,Sevilla,Private,ICE,UKL2,REST,Standard,28
2025,12,EBRO,41,Sevilla,Private,PHEV,KKL,REST,Standard,2
2025,12,EBRO,41,Sevilla,Private,PHEV,UKL2,REST,Standard,7
2025,12,EVO,41,Sevilla,Private,ICE,UKL1,REST,Standard,1
2025,12,FAW,41,Sevilla,Private,ICE,,REST,Standard,2
2025,12,FIAT,41,Sevilla,Private,BEV,UKL1,REST,Standard,1
2025,12,FIAT,41,Sevilla,Private,ICE,UKL0,REST,Standard,7
2025,12,FIAT,41,Sevilla,Private,ICE,UKL1,REST,Standard,1
2025,12,FIAT,41,Sevilla,Private,ICE,UKL2,REST,Standard,2
2025,12,FORD,41,Sevilla,Corporate,ICE,UKL1,REST,Standard,3
2025,12,FORD,41,Sevilla,Corporate,ICE,UKL2,REST,Standard,4
2025,12,FORD,41,Sevilla,Corporate,PHEV,UKL2,REST,Standard,1
2025,12,FORD,41,Sevilla,Private,BEV,UKL1,REST,Standard,2
2025,12,FORD,41,Sevilla,Private,ICE,SKL,REST,Standard,4
2025,12,FORD,41,Sevilla,Private,ICE,UKL1,REST,Standard,11
2025,12,FORD,41,Sevilla,Private,ICE,UKL2,REST,Standard,3
2025,12,FORD,41,Sevilla,Private,PHEV,UKL2,REST,Standard,4
2025,12,HONDA,41,Sevilla,Corporate,ICE,KKL,REST,Standard,1
2025,12,HONDA,41,Sevilla,Corporate,ICE,UKL2,REST,Standard,1
2025,12,HONDA,41,Sevilla,Private,ICE,KKL,REST,Standard,1
2025,12,HONDA,41,Sevilla,Private,ICE,UKL1,REST,Standard,11
2025,12,HONDA,41,Sevilla,Private,ICE,UKL2,REST,Standard,5
2025,12,HONDA,41,Sevilla,Private,PHEV,KKL,REST,Standard,1
2025,12,HYUNDAI,41,Sevilla,Corporate,BEV,UKL1,REST,Standard,1
2025,12,HYUNDAI,41,Sevilla,Corporate,BEV,UKL2,REST,Standard,1
2025,12,HYUNDAI,41,Sevilla,Corporate,ICE,UKL0,REST,Standard,11
2025,12,HYUNDAI,41,Sevilla,Corporate,ICE,UKL1,REST,Standard,58
2025,12,HYUNDAI,41,Sevilla,Corporate,ICE,UKL2,REST,Standard,20
2025,12,HYUNDAI,41,Sevilla,Corporate,PHEV,UKL2,REST,Standard,2
2025,12,HYUNDAI,41,Sevilla,Private,BEV,UKL1,REST,Standard,2
2025,12,HYUNDAI,41,Sevilla,Private,BEV,UKL2,REST,Standard,2
2025,12,HYUNDAI,41,Sevilla,Private,ICE,UKL0,REST,Standard,3
2025,12,HYUNDAI,41,Sevilla,Private,ICE,UKL1,REST,Standard,29
2025,12,HYUNDAI,41,Sevilla,Private,ICE,UKL2,REST,Standard,32
2025,12,HYUNDAI,41,Sevilla,Private,PHEV,UKL2,REST,Standard,3
2025,12,JAECOO,41,Sevilla,Corporate,ICE,UKL2,REST,Standard,4
2025,12,JAECOO,41,Sevilla,Private,BEV,UKL1,REST,Standard,1
2025,12,JAECOO,41,Sevilla,Private,ICE,UKL2,REST,Standard,15
2025,12,JAECOO,41,Sevilla,Private,PHEV,UKL2,REST,Standard,20
2025,12,JEEP,41,Sevilla,Corporate,ICE,UKL1,REST,Standard,7
2025,12,JEEP,41,Sevilla,Private,ICE,UKL1,REST,Standard,1
2025,12,JEEP,41,Sevilla,Private,ICE,UKL2,REST,Standard,4
2025,12,KG MOBILITY,41,Sevilla,Corporate,ICE,MKL,REST,Standard,2
2025,12,KG MOBILITY,41,Sevilla,Private,BEV,UKL2,REST,Standard,1
2025,12,KG MOBILITY,41,Sevilla,Private,ICE,MKL,REST,Standard,2
2025,12,KG MOBILITY,41,Sevilla,Private,ICE,UKL1,REST,Standard,4
2025,12,KG MOBILITY,41,Sevilla,Private,ICE,UKL2,REST,Standard,1
2025,12,KIA,41,Sevilla,Corporate,ICE,UKL0,REST,Standard,1
2025,12,KIA,41,Sevilla,Corporate,ICE,UKL1,REST,Standard,5
2025,12,KIA,41,Sevilla,Corporate,ICE,UKL2,REST,Standard,14
2025,12,KIA,41,Sevilla,Corporate,PHEV,KKL,REST,Standard,1
2025,12,KIA,41,Sevilla,Private,BEV,UKL1,REST,Standard,1
2025,12,KIA,41,Sevilla,Private,BEV,UKL2,REST,Standard,2
2025,12,KIA,41,Sevilla,Private,ICE,UKL0,REST,Standard,1
2025,12,KIA,41,Sevilla,Private,ICE,UKL1,REST,Standard,15
2025,12,KIA,41,Sevilla,Private,ICE,UKL2,REST,Standard,35
2025,12,LAND ROVER,41,Sevilla,Corporate,ICE,MKL,FOCUS SEGMENT,Standard,2
2025,12,LAND ROVER,41,Sevilla,Corporate,PHEV,MKL,FOCUS SEGMENT,Standard,1
2025,12,LAND ROVER,41,Sevilla,Private,PHEV,MKL,FOCUS SEGMENT,Standard,1
2025,12,LAND ROVER,41,Sevilla,Private,PHEV,UKL2,FOCUS SEGMENT,Standard,1
2025,12,LEAPMOTOR,41,Sevilla,Private,BEV,MKL,REST,Standard,1
2025,12,LEAPMOTOR,41,Sevilla,Private,BEV,UKL0,REST,Standard,3
2025,12,LEAPMOTOR,41,Sevilla,Private,BEV,UKL2,REST,Standard,3
2025,12,LEXUS,41,Sevilla,Corporate,ICE,KKL,FOCUS SEGMENT,Standard,1
2025,12,LEXUS,41,Sevilla,Corporate,ICE,MKL,FOCUS SEGMENT,Standard,1
2025,12,LEXUS,41,Sevilla,Corporate,ICE,UKL1,FOCUS SEGMENT,Standard,4
2025,12,LEXUS,41,Sevilla,Corporate,ICE,UKL2,FOCUS SEGMENT,Standard,2
2025,12,LEXUS,41,Sevilla,Corporate,PHEV,KKL,FOCUS SEGMENT,Standard,1
2025,12,LEXUS,41,Sevilla,Private,ICE,KKL,FOCUS SEGMENT,Standard,4
2025,12,LEXUS,41,Sevilla,Private,ICE,UKL1,FOCUS SEGMENT,Standard,1
2025,12,LEXUS,41,Sevilla,Private,ICE,UKL2,FOCUS SEGMENT,Standard,3
2025,12,LEXUS,41,Sevilla,Private,PHEV,KKL,FOCUS SEGMENT,Standard,9
2025,12,LIVAN,41,Sevilla,Private,ICE,UKL1,REST,Standard,3
2025,12,LIVAN,41,Sevilla,Private,ICE,UKL2,REST,Standard,2
2025,12,LYNK & CO,41,Sevilla,Corporate,PHEV,UKL2,REST,Standard,1
2025,12,LYNK & CO,41,Sevilla,Private,BEV,UKL2,REST,Standard,4
2025,12,LYNK & CO,41,Sevilla,Private,PHEV,UKL2,REST,Standard,5
2025,12,MAZDA,41,Sevilla,Corporate,BEV,MKL,REST,Standard,3
2025,12,MAZDA,41,Sevilla,Corporate,ICE,KKL,REST,Standard,4
2025,12,MAZDA,41,Sevilla,Corporate,ICE,UKL2,REST,Standard,4
2025,12,MAZDA,41,Sevilla,Corporate,PHEV,KKL,REST,Standard,3
2025,12,MAZDA,41,Sevilla,Private,BEV,MKL,REST,Standard,2
2025,12,MAZDA,41,Sevilla,Private,ICE,KKL,REST,Standard,2
2025,12,MAZDA,41,Sevilla,Private,ICE,UKL2,REST,Standard,27
2025,12,MAZDA,41,Sevilla,Private,PHEV,KKL,REST,Standard,2
2025,12,MERCEDES,41,Sevilla,Corporate,BEV,MKL,FOCUS SEGMENT,Standard,2
2025,12,MERCEDES,41,Sevilla,Corporate,BEV,UKL2,FOCUS SEGMENT,Standard,5
2025,12,MERCEDES,41,Sevilla,Corporate,ICE,GKL,FOCUS SEGMENT,M,1
2025,12,MERCEDES,41,Sevilla,Corporate,ICE,KKL,FOCUS SEGMENT,Standard,3
2025,12,MERCEDES,41,Sevilla,Corporate,ICE,MKL,FOCUS SEGMENT,M Performance,1
2025,12,MERCEDES,41,Sevilla,Corporate,ICE,MKL,FOCUS SEGMENT,Standard,3
2025,12,MERCEDES,41,Sevilla,Corporate,ICE,MKL,REST,Standard,3
2025,12,MERCEDES,41,Sevilla,Corporate,ICE,UKL2,FOCUS SEGMENT,Standard,5
2025,12,MERCEDES,41,Sevilla,Corporate,PHEV,KKL,FOCUS SEGMENT,Standard,13
2025,12,MERCEDES,41,Sevilla,Corporate,PHEV,MKL,FOCUS SEGMENT,M Performance,2
2025,12,MERCEDES,41,Sevilla,Corporate,PHEV,MKL,FOCUS SEGMENT,Standard,3
2025,12,MERCEDES,41,Sevilla,Corporate,PHEV,UKL2,FOCUS SEGMENT,Standard,5
2025,12,MERCEDES,41,Sevilla,Private,BEV,UKL2,FOCUS SEGMENT,Standard,4
2025,12,MERCEDES,41,Sevilla,Private,ICE,GKL,FOCUS SEGMENT,M,1
2025,12,MERCEDES,41,Sevilla,Private,ICE,KKL,FOCUS SEGMENT,Standard,6
2025,12,MERCEDES,41,Sevilla,Private,ICE,MKL,FOCUS SEGMENT,Standard,3
2025,12,MERCEDES,41,Sevilla,Private,ICE,MKL,REST,Standard,1
2025,12,MERCEDES,41,Sevilla,Private,ICE,UKL2,FOCUS SEGMENT,M Performance,1
2025,12,MERCEDES,41,Sevilla,Private,ICE,UKL2,FOCUS SEGMENT,Standard,16
2025,12,MERCEDES,41,Sevilla,Private,PHEV,KKL,FOCUS SEGMENT,Standard,11
2025,12,MERCEDES,41,Sevilla,Private,PHEV,UKL2,FOCUS SEGMENT,Standard,5
2025,12,MERCEDES-V,41,Sevilla,Corporate,ICE,SKL,REST,Standard,1
2025,12,MG,41,Sevilla,Corporate,ICE,UKL1,REST,Standard,4
2025,12,MG,41,Sevilla,Corporate,PHEV,KKL,REST,Standard,1
2025,12,MG,41,Sevilla,Private,BEV,UKL1,REST,Standard,2
2025,12,MG,41,Sevilla,Private,ICE,KKL,REST,Standard,7
2025,12,MG,41,Sevilla,Private,ICE,UKL1,REST,Standard,73
2025,12,MG,41,Sevilla,Private,PHEV,KKL,REST,Standard,36
2025,12,MINI,41,Sevilla,Corporate,BEV,UKL1,FOCUS SEGMENT,Standard,1
2025,12,MINI,41,Sevilla,Corporate,ICE,UKL1,FOCUS SEGMENT,Standard,4
2025,12,MINI,41,Sevilla,Corporate,ICE,UKL2,FOCUS SEGMENT,JCW,1
2025,12,MINI,41,Sevilla,Private,BEV,UKL2,FOCUS SEGMENT,Standard,1
2025,12,MINI,41,Sevilla,Private,ICE,UKL1,FOCUS SEGMENT,Standard,1
2025,12,MINI,41,Sevilla,Private,ICE,UKL2,FOCUS SEGMENT,JCW,1
2025,12,MINI,41,Sevilla,Private,ICE,UKL2,FOCUS SEGMENT,Standard,3
2025,12,MITSUBISHI,41,Sevilla,Corporate,BEV,UKL2,REST,Standard,1
2025,12,MITSUBISHI,41,Sevilla,Corporate,ICE,UKL2,REST,Standard,1
2025,12,MITSUBISHI,41,Sevilla,Private,ICE,UKL1,REST,Standard,1
2025,12,MITSUBISHI,41,Sevilla,Private,PHEV,KKL,REST,Standard,1
2025,12,NISSAN,41,Sevilla,Corporate,ICE,KKL,REST,Standard,1
2025,12,NISSAN,41,Sevilla,Corporate,ICE,UKL1,REST,Standard,4
2025,12,NISSAN,41,Sevilla,Private,ICE,KKL,REST,Standard,4
2025,12,NISSAN,41,Sevilla,Private,ICE,SKL,REST,Standard,1
2025,12,NISSAN,41,Sevilla,Private,ICE,UKL1,REST,Standard,5
2025,12,NISSAN,41,Sevilla,Private,ICE,UKL2,REST,Standard,16
2025,12,OMODA,41,Sevilla,Corporate,ICE,UKL2,REST,Standard,2
2025,12,OMODA,41,Sevilla,Corporate,PHEV,KKL,REST,Standard,2
2025,12,OMODA,41,Sevilla,Private,ICE,UKL2,REST,Standard,26
2025,12,OMODA,41,Sevilla,Private,PHEV,KKL,REST,Standard,13
2025,12,OPEL,41,Sevilla,Corporate,ICE,SKL,REST,Standard,1
2025,12,OPEL,41,Sevilla,Corporate,ICE,UKL1,REST,Standard,22
2025,12,OPEL,41,Sevilla,Private,BEV,KKL,REST,Standard,1
2025,12,OPEL,41,Sevilla,Private,ICE,KKL,REST,Standard,3
2025,12,OPEL,41,Sevilla,Private,ICE,SKL,REST,Standard,1
2025,12,OPEL,41,Sevilla,Private,ICE,UKL1,REST,Standard,5
2025,12,OPEL,41,Sevilla,Private,ICE,UKL2,REST,Standard,2
2025,12,PEUGEOT,41,Sevilla,Corporate,BEV,UKL2,REST,Standard,1
2025,12,PEUGEOT,41,Sevilla,Corporate,ICE,SKL,REST,Standard,2
2025,12,PEUGEOT,41,Sevilla,Corporate,ICE,UKL2,REST,Standard,3
2025,12,PEUGEOT,41,Sevilla,Private,BEV,UKL2,REST,Standard,1
2025,12,PEUGEOT,41,Sevilla,Private,ICE,KKL,REST,Standard,5
2025,12,PEUGEOT,41,Sevilla,Private,ICE,SKL,REST,Standard,8
2025,12,PEUGEOT,41,Sevilla,Private,ICE,UKL1,REST,Standard,33
2025,12,PEUGEOT,41,Sevilla,Private,ICE,UKL2,REST,Standard,12
2025,12,PEUGEOT,41,Sevilla,Private,PHEV,KKL,REST,Standard,1
2025,12,PEUGEOT,41,Sevilla,Private,PHEV,UKL2,REST,Standard,1
2025,12,PORSCHE,41,Sevilla,Corporate,ICE,MKL,FOCUS SEGMENT,M Performance,1
2025,12,RENAULT,41,Sevilla,Corporate,BEV,UKL1,REST,Standard,2
2025,12,RENAULT,41,Sevilla,Corporate,ICE,UKL1,REST,Standard,20
2025,12,RENAULT,41,Sevilla,Corporate,ICE,UKL2,REST,Standard,4
2025,12,RENAULT,41,Sevilla,Corporate,PHEV,UKL2,REST,Standard,2
2025,12,RENAULT,41,Sevilla,Private,BEV,UKL1,REST,Standard,1
2025,12,RENAULT,41,Sevilla,Private,ICE,KKL,REST,Standard,6
2025,12,RENAULT,41,Sevilla,Private,ICE,SKL,REST,Standard,1
2025,12,RENAULT,41,Sevilla,Private,ICE,UKL1,REST,Standard,89
2025,12,RENAULT,41,Sevilla,Private,ICE,UKL2,REST,Standard,31
2025,12,RENAULT,41,Sevilla,Private,PHEV,UKL2,REST,Standard,3
2025,12,SEAT,41,Sevilla,Corporate,ICE,UKL1,REST,Standard,9
2025,12,SEAT,41,Sevilla,Corporate,ICE,UKL2,REST,Standard,4
2025,12,SEAT,41,Sevilla,Corporate,PHEV,UKL2,REST,Standard,1
2025,12,SEAT,41,Sevilla,Private,ICE,UKL1,REST,Standard,95
2025,12,SEAT,41,Sevilla,Private,ICE,UKL2,REST,Standard,59
2025,12,SEAT,41,Sevilla,Private,PHEV,UKL2,REST,Standard,1
2025,12,SHINERAY,41,Sevilla,Private,ICE,MKL,REST,Standard,8
2025,12,SKODA,41,Sevilla,Corporate,BEV,UKL2,REST,Standard,1
2025,12,SKODA,41,Sevilla,Corporate,ICE,KKL,REST,Standard,1
2025,12,SKODA,41,Sevilla,Corporate,PHEV,KKL,REST,Standard,2
2025,12,SKODA,41,Sevilla,Private,BEV,UKL2,REST,Standard,1
2025,12,SKODA,41,Sevilla,Private,ICE,KKL,REST,Standard,4
2025,12,SKODA,41,Sevilla,Private,ICE,UKL1,REST,Standard,30
2025,12,SKODA,41,Sevilla,Private,ICE,UKL2,REST,Standard,18
2025,12,SKODA,41,Sevilla,Private,PHEV,KKL,REST,Standard,2
2025,12,SUBARU,41,Sevilla,Corporate,ICE,UKL2,REST,Standard,2
2025,12,SUBARU,41,Sevilla,Private,ICE,UKL2,REST,Standard,1
2025,12,SUZUKI,41,Sevilla,Corporate,ICE,UKL1,REST,Standard,2
2025,12,SUZUKI,41,Sevilla,Corporate,ICE,UKL2,REST,Standard,2
2025,12,SUZUKI,41,Sevilla,Corporate,PHEV,UKL2,REST,Standard,1
2025,12,SUZUKI,41,Sevilla,Private,ICE,UKL1,REST,Standard,2
2025,12,SUZUKI,41,Sevilla,Private,ICE,UKL2,REST,Standard,3
2025,12,TESLA,41,Sevilla,Corporate,BEV,KKL,FOCUS SEGMENT,Standard,6
2025,12,TESLA,41,Sevilla,Private,BEV,KKL,FOCUS SEGMENT,Standard,46
2025,12,TOYOTA,41,Sevilla,Corporate,BEV,UKL2,REST,Standard,1
2025,12,TOYOTA,41,Sevilla,Corporate,ICE,GKL,REST,Standard,2
2025,12,TOYOTA,41,Sevilla,Corporate,ICE,SKL,REST,Standard,1
2025,12,TOYOTA,41,Sevilla,Corporate,ICE,UKL1,REST,Standard,7
2025,12,TOYOTA,41,Sevilla,Corporate,ICE,UKL2,REST,Standard,9
2025,12,TOYOTA,41,Sevilla,Corporate,PHEV,UKL2,REST,Standard,10
2025,12,TOYOTA,41,Sevilla,Private,BEV,SKL,REST,Standard,1
2025,12,TOYOTA,41,Sevilla,Private,ICE,GKL,REST,Standard,1
2025,12,TOYOTA,41,Sevilla,Private,ICE,SKL,REST,Standard,1
2025,12,TOYOTA,41,Sevilla,Private,ICE,UKL0,REST,Standard,1
2025,12,TOYOTA,41,Sevilla,Private,ICE,UKL1,REST,Standard,90
2025,12,TOYOTA,41,Sevilla,Private,ICE,UKL2,REST,Standard,60
2025,12,TOYOTA,41,Sevilla,Private,PHEV,UKL1,REST,Standard,9
2025,12,TOYOTA,41,Sevilla,Private,PHEV,UKL2,REST,Standard,18
2025,12,VOLKSWAGEN,41,Sevilla,Corporate,BEV,UKL2,REST,Standard,4
2025,12,VOLKSWAGEN,41,Sevilla,Corporate,ICE,KKL,REST,Standard,1
2025,12,VOLKSWAGEN,41,Sevilla,Corporate,ICE,UKL1,REST,Standard,3
2025,12,VOLKSWAGEN,41,Sevilla,Corporate,ICE,UKL2,REST,Standard,6
2025,12,VOLKSWAGEN,41,Sevilla,Corporate,PHEV,SKL,REST,Standard,1
2025,12,VOLKSWAGEN,41,Sevilla,Private,BEV,MKL,REST,Standard,1
2025,12,VOLKSWAGEN,41,Sevilla,Private,BEV,UKL2,REST,Standard,3
2025,12,VOLKSWAGEN,41,Sevilla,Private,ICE,SKL,REST,Standard,7
2025,12,VOLKSWAGEN,41,Sevilla,Private,ICE,UKL1,REST,Standard,90
2025,12,VOLKSWAGEN,41,Sevilla,Private,ICE,UKL2,REST,Standard,98
2025,12,VOLKSWAGEN,41,Sevilla,Private,PHEV,SKL,REST,Standard,2
2025,12,VOLKSWAGEN,41,Sevilla,Private,PHEV,UKL2,REST,Standard,7
2025,12,VOLVO,41,Sevilla,Corporate,ICE,KKL,FOCUS SEGMENT,Standard,5
2025,12,VOLVO,41,Sevilla,Corporate,ICE,MKL,FOCUS SEGMENT,Standard,4
2025,12,VOLVO,41,Sevilla,Corporate,ICE,UKL2,FOCUS SEGMENT,Standard,18
2025,12,VOLVO,41,Sevilla,Corporate,PHEV,KKL,FOCUS SEGMENT,Standard,1
2025,12,VOLVO,41,Sevilla,Corporate,PHEV,MKL,FOCUS SEGMENT,Standard,2
2025,12,VOLVO,41,Sevilla,Private,BEV,UKL1,FOCUS SEGMENT,Standard,4
2025,12,VOLVO,41,Sevilla,Private,BEV,UKL2,FOCUS SEGMENT,Standard,1
2025,12,VOLVO,41,Sevilla,Private,ICE,KKL,FOCUS SEGMENT,Standard,14
2025,12,VOLVO,41,Sevilla,Private,ICE,UKL2,FOCUS SEGMENT,Standard,16
2025,12,VOLVO,41,Sevilla,Private,PHEV,KKL,FOCUS SEGMENT,Standard,1
2025,12,XPENG,41,Sevilla,Private,BEV,KKL,FOCUS SEGMENT,Standard,2
2025,12,AUDI,42,Soria,Private,ICE,KKL,FOCUS SEGMENT,Standard,1
2025,12,BMW,42,Soria,Private,ICE,UKL2,FOCUS SEGMENT,Standard,1
2025,12,CITROEN,42,Soria,Private,ICE,UKL1,REST,Standard,1
2025,12,CUPRA,42,Soria,Corporate,ICE,UKL2,REST,Standard,1
2025,12,CUPRA,42,Soria,Private,ICE,UKL2,REST,Standard,1
2025,12,DACIA,42,Soria,Private,ICE,SKL,REST,Standard,1
2025,12,DACIA,42,Soria,Private,ICE,UKL1,REST,Standard,3
2025,12,DACIA,42,Soria,Private,ICE,UKL2,REST,Standard,3
2025,12,EBRO,42,Soria,Corporate,ICE,UKL2,REST,Standard,1
2025,12,EBRO,42,Soria,Corporate,PHEV,KKL,REST,Standard,1
2025,12,EBRO,42,Soria,Private,PHEV,UKL2,REST,Standard,3
2025,12,FORD,42,Soria,Corporate,ICE,UKL2,REST,Standard,1
2025,12,FORD,42,Soria,Private,ICE,UKL1,REST,Standard,1
2025,12,FORD,42,Soria,Private,ICE,UKL2,REST,Standard,1
2025,12,HYUNDAI,42,Soria,Corporate,ICE,UKL2,REST,Standard,2
2025,12,HYUNDAI,42,Soria,Private,ICE,UKL1,REST,Standard,4
2025,12,HYUNDAI,42,Soria,Private,ICE,UKL2,REST,Standard,3
2025,12,JAECOO,42,Soria,Private,ICE,UKL2,REST,Standard,1
2025,12,JAECOO,42,Soria,Private,PHEV,UKL2,REST,Standard,2
2025,12,JEEP,42,Soria,Private,ICE,UKL1,REST,Standard,2
2025,12,KG MOBILITY,42,Soria,Private,ICE,MKL,REST,Standard,1
2025,12,KIA,42,Soria,Corporate,BEV,KKL,REST,Standard,1
2025,12,KIA,42,Soria,Corporate,ICE,UKL2,REST,Standard,1
2025,12,KIA,42,Soria,Private,BEV,UKL1,REST,Standard,1
2025,12,KIA,42,Soria,Private,ICE,UKL2,REST,Standard,2
2025,12,LEXUS,42,Soria,Private,ICE,UKL1,FOCUS SEGMENT,Standard,1
2025,12,MAZDA,42,Soria,Corporate,ICE,KKL,REST,Standard,1
2025,12,MAZDA,42,Soria,Corporate,ICE,UKL2,REST,Standard,1
2025,12,MAZDA,42,Soria,Private,ICE,UKL2,REST,Standard,3
2025,12,MAZDA,42,Soria,Private,PHEV,KKL,REST,Standard,1
2025,12,MERCEDES,42,Soria,Corporate,ICE,SKL,REST,Standard,1
2025,12,MERCEDES,42,Soria,Corporate,ICE,UKL2,FOCUS SEGMENT,Standard,1
2025,12,MERCEDES,42,Soria,Corporate,PHEV,MKL,FOCUS SEGMENT,M Performance,1
2025,12,MERCEDES,42,Soria,Corporate,PHEV,MKL,FOCUS SEGMENT,Standard,1
2025,12,MERCEDES,42,Soria,Private,ICE,UKL2,FOCUS SEGMENT,Standard,1
2025,12,MG,42,Soria,Private,ICE,UKL1,REST,Standard,4
2025,12,MG,42,Soria,Private,PHEV,KKL,REST,Standard,8
2025,12,MITSUBISHI,42,Soria,Corporate,ICE,UKL1,REST,Standard,1
2025,12,MITSUBISHI,42,Soria,Corporate,ICE,UKL2,REST,Standard,1
2025,12,MITSUBISHI,42,Soria,Private,ICE,UKL2,REST,Standard,1
2025,12,NISSAN,42,Soria,Private,ICE,UKL2,REST,Standard,1
2025,12,OMODA,42,Soria,Private,BEV,UKL2,REST,Standard,1
2025,12,OMODA,42,Soria,Private,ICE,UKL2,REST,Standard,1
2025,12,OMODA,42,Soria,Private,PHEV,KKL,REST,Standard,1
2025,12,OPEL,42,Soria,Private,ICE,UKL1,REST,Standard,1
2025,12,RENAULT,42,Soria,Corporate,BEV,UKL1,REST,Standard,1
2025,12,RENAULT,42,Soria,Corporate,BEV,UKL2,REST,Standard,1
2025,12,RENAULT,42,Soria,Corporate,ICE,UKL1,REST,Standard,2
2025,12,RENAULT,42,Soria,Corporate,ICE,UKL2,REST,Standard,1
2025,12,RENAULT,42,Soria,Private,ICE,KKL,REST,Standard,1
2025,12,RENAULT,42,Soria,Private,ICE,UKL1,REST,Standard,3
2025,12,RENAULT,42,Soria,Private,ICE,UKL2,REST,Standard,1
2025,12,SEAT,42,Soria,Corporate,ICE,UKL2,REST,Standard,1
2025,12,SEAT,42,Soria,Corporate,PHEV,UKL2,REST,Standard,1
2025,12,SEAT,42,Soria,Private,ICE,UKL1,REST,Standard,2
2025,12,SEAT,42,Soria,Private,ICE,UKL2,REST,Standard,2
2025,12,SKODA,42,Soria,Private,ICE,UKL1,REST,Standard,1
2025,12,SUZUKI,42,Soria,Private,ICE,UKL2,REST,Standard,1
2025,12,TESLA,42,Soria,Private,BEV,KKL,FOCUS SEGMENT,Standard,1
2025,12,TOYOTA,42,Soria,Private,ICE,UKL1,REST,Standard,3
2025,12,TOYOTA,42,Soria,Private,ICE,UKL2,REST,Standard,1
2025,12,TOYOTA,42,Soria,Private,PHEV,UKL1,REST,Standard,1
2025,12,TOYOTA,42,Soria,Private,PHEV,UKL2,REST,Standard,1
2025,12,VOLKSWAGEN,42,Soria,Corporate,BEV,SKL,REST,Standard,1
2025,12,VOLVO,42,Soria,Private,ICE,KKL,FOCUS SEGMENT,Standard,1
2025,12,AUDI,43,Tarragona,Corporate,ICE,KKL,FOCUS SEGMENT,Standard,2
2025,12,AUDI,43,Tarragona,Corporate,ICE,MKL,FOCUS SEGMENT,Standard,1
2025,12,AUDI,43,Tarragona,Corporate,ICE,UKL1,FOCUS SEGMENT,Standard,1
2025,12,AUDI,43,Tarragona,Corporate,ICE,UKL2,FOCUS SEGMENT,Standard,2
2025,12,AUDI,43,Tarragona,Corporate,PHEV,KKL,FOCUS SEGMENT,Standard,1
2025,12,AUDI,43,Tarragona,Corporate,PHEV,UKL2,FOCUS SEGMENT,Standard,1
2025,12,AUDI,43,Tarragona,Private,BEV,KKL,FOCUS SEGMENT,Standard,1
2025,12,AUDI,43,Tarragona,Private,BEV,UKL2,FOCUS SEGMENT,Standard,1
2025,12,AUDI,43,Tarragona,Private,ICE,KKL,FOCUS SEGMENT,M Performance,1
2025,12,AUDI,43,Tarragona,Private,ICE,UKL1,FOCUS SEGMENT,Standard,2
2025,12,AUDI,43,Tarragona,Private,ICE,UKL2,FOCUS SEGMENT,Standard,10
2025,12,AUDI,43,Tarragona,Private,PHEV,KKL,FOCUS SEGMENT,Standard,1
2025,12,AUDI,43,Tarragona,Private,PHEV,UKL2,FOCUS SEGMENT,Standard,4
2025,12,BMW,43,Tarragona,Corporate,BEV,UKL2,FOCUS SEGMENT,Standard,2
2025,12,BMW,43,Tarragona,Corporate,PHEV,UKL2,FOCUS SEGMENT,Standard,1
2025,12,BMW,43,Tarragona,Private,BEV,UKL2,FOCUS SEGMENT,Standard,6
2025,12,BMW,43,Tarragona,Private,ICE,KKL,FOCUS SEGMENT,M Performance,1
2025,12,BMW,43,Tarragona,Private,ICE,MKL,FOCUS SEGMENT,Standard,1
2025,12,BMW,43,Tarragona,Private,ICE,UKL2,FOCUS SEGMENT,Standard,14
2025,12,BMW,43,Tarragona,Private,PHEV,MKL,FOCUS SEGMENT,Standard,1
2025,12,BYD,43,Tarragona,Corporate,BEV,KKL,REST,Standard,1
2025,12,BYD,43,Tarragona,Corporate,BEV,UKL0,REST,Standard,1
2025,12,BYD,43,Tarragona,Corporate,BEV,UKL1,REST,Standard,2
2025,12,BYD,43,Tarragona,Corporate,PHEV,KKL,REST,Standard,1
2025,12,BYD,43,Tarragona,Private,BEV,KKL,REST,Standard,7
2025,12,BYD,43,Tarragona,Private,BEV,UKL0,REST,Standard,6
2025,12,BYD,43,Tarragona,Private,BEV,UKL1,REST,Standard,10
2025,12,BYD,43,Tarragona,Private,BEV,UKL2,REST,Standard,1
2025,12,BYD,43,Tarragona,Private,PHEV,KKL,REST,Standard,10
2025,12,CITROEN,43,Tarragona,Corporate,BEV,UKL2,REST,Standard,1
2025,12,CITROEN,43,Tarragona,Corporate,ICE,SKL,REST,Standard,8
2025,12,CITROEN,43,Tarragona,Corporate,ICE,UKL2,REST,Standard,36
2025,12,CITROEN,43,Tarragona,Private,BEV,SKL,REST,Standard,1
2025,12,CITROEN,43,Tarragona,Private,BEV,UKL1,REST,Standard,1
2025,12,CITROEN,43,Tarragona,Private,ICE,SKL,REST,Standard,5
2025,12,CITROEN,43,Tarragona,Private,ICE,UKL1,REST,Standard,9
2025,12,CITROEN,43,Tarragona,Private,ICE,UKL2,REST,Standard,7
2025,12,CUPRA,43,Tarragona,Corporate,PHEV,UKL2,REST,Standard,10
2025,12,CUPRA,43,Tarragona,Private,ICE,UKL2,REST,Standard,13
2025,12,CUPRA,43,Tarragona,Private,PHEV,UKL2,REST,Standard,5
2025,12,DACIA,43,Tarragona,Corporate,ICE,SKL,REST,Standard,3
2025,12,DACIA,43,Tarragona,Corporate,ICE,UKL1,REST,Standard,1
2025,12,DACIA,43,Tarragona,Corporate,ICE,UKL2,REST,Standard,2
2025,12,DACIA,43,Tarragona,Private,ICE,SKL,REST,Standard,19
2025,12,DACIA,43,Tarragona,Private,ICE,UKL1,REST,Standard,44
2025,12,DACIA,43,Tarragona,Private,ICE,UKL2,REST,Standard,12
2025,12,DFSK,43,Tarragona,Private,ICE,,,Standard,1
2025,12,DFSK,43,Tarragona,Private,PHEV,KKL,REST,Standard,1
2025,12,EBRO,43,Tarragona,Corporate,ICE,KKL,REST,Standard,1
2025,12,EBRO,43,Tarragona,Corporate,ICE,UKL2,REST,Standard,4
2025,12,EBRO,43,Tarragona,Private,ICE,KKL,REST,Standard,1
2025,12,EBRO,43,Tarragona,Private,ICE,UKL2,REST,Standard,28
2025,12,EBRO,43,Tarragona,Private,PHEV,KKL,REST,Standard,2
2025,12,EBRO,43,Tarragona,Private,PHEV,UKL2,REST,Standard,18
2025,12,FAW,43,Tarragona,Private,ICE,UKL2,REST,Standard,1
2025,12,FIAT,43,Tarragona,Private,ICE,UKL1,REST,Standard,3
2025,12,FORD,43,Tarragona,Corporate,BEV,SKL,REST,Standard,1
2025,12,FORD,43,Tarragona,Corporate,BEV,UKL1,REST,Standard,2
2025,12,FORD,43,Tarragona,Corporate,ICE,SKL,REST,Standard,1
2025,12,FORD,43,Tarragona,Corporate,ICE,UKL1,REST,Standard,3
2025,12,FORD,43,Tarragona,Corporate,ICE,UKL2,REST,Standard,1
2025,12,FORD,43,Tarragona,Corporate,PHEV,SKL,REST,Standard,2
2025,12,FORD,43,Tarragona,Corporate,PHEV,UKL2,REST,Standard,3
2025,12,FORD,43,Tarragona,Private,BEV,UKL1,REST,Standard,1
2025,12,FORD,43,Tarragona,Private,ICE,MKL,REST,Standard,2
2025,12,FORD,43,Tarragona,Private,ICE,SKL,REST,Standard,4
2025,12,FORD,43,Tarragona,Private,ICE,UKL1,REST,Standard,12
2025,12,FORD,43,Tarragona,Private,ICE,UKL2,REST,Standard,1
2025,12,FORD,43,Tarragona,Private,PHEV,UKL2,REST,Standard,5
2025,12,HONDA,43,Tarragona,Corporate,ICE,KKL,REST,Standard,1
2025,12,HONDA,43,Tarragona,Corporate,ICE,UKL2,REST,Standard,3
2025,12,HONDA,43,Tarragona,Private,ICE,UKL1,REST,Standard,2
2025,12,HONDA,43,Tarragona,Private,ICE,UKL2,REST,Standard,4
2025,12,HONDA,43,Tarragona,Private,PHEV,KKL,REST,Standard,1
2025,12,HYUNDAI,43,Tarragona,Corporate,ICE,UKL0,REST,Standard,21
2025,12,HYUNDAI,43,Tarragona,Corporate,ICE,UKL1,REST,Standard,41
2025,12,HYUNDAI,43,Tarragona,Corporate,ICE,UKL2,REST,Standard,12
2025,12,HYUNDAI,43,Tarragona,Corporate,PHEV,UKL2,REST,Standard,5
2025,12,HYUNDAI,43,Tarragona,Private,BEV,UKL1,REST,Standard,2
2025,12,HYUNDAI,43,Tarragona,Private,BEV,UKL2,REST,Standard,4
2025,12,HYUNDAI,43,Tarragona,Private,ICE,UKL0,REST,Standard,3
2025,12,HYUNDAI,43,Tarragona,Private,ICE,UKL1,REST,Standard,34
2025,12,HYUNDAI,43,Tarragona,Private,ICE,UKL2,REST,Standard,14
2025,12,HYUNDAI,43,Tarragona,Private,PHEV,UKL2,REST,Standard,6
2025,12,JAECOO,43,Tarragona,Corporate,PHEV,UKL2,REST,Standard,1
2025,12,JAECOO,43,Tarragona,Private,BEV,UKL1,REST,Standard,2
2025,12,JAECOO,43,Tarragona,Private,ICE,UKL2,REST,Standard,7
2025,12,JAECOO,43,Tarragona,Private,PHEV,UKL2,REST,Standard,5
2025,12,JEEP,43,Tarragona,Corporate,ICE,UKL1,REST,Standard,5
2025,12,JEEP,43,Tarragona,Private,ICE,UKL1,REST,Standard,6
2025,12,JEEP,43,Tarragona,Private,PHEV,UKL2,REST,Standard,1
2025,12,KG MOBILITY,43,Tarragona,Corporate,ICE,UKL2,REST,Standard,2
2025,12,KG MOBILITY,43,Tarragona,Private,BEV,UKL2,REST,Standard,1
2025,12,KG MOBILITY,43,Tarragona,Private,ICE,MKL,REST,Standard,1
2025,12,KG MOBILITY,43,Tarragona,Private,ICE,UKL1,REST,Standard,1
2025,12,KIA,43,Tarragona,Corporate,BEV,SKL,REST,Standard,1
2025,12,KIA,43,Tarragona,Corporate,ICE,UKL0,REST,Standard,1
2025,12,KIA,43,Tarragona,Corporate,ICE,UKL2,REST,Standard,2
2025,12,KIA,43,Tarragona,Private,BEV,KKL,REST,Standard,1
2025,12,KIA,43,Tarragona,Private,BEV,UKL1,REST,Standard,4
2025,12,KIA,43,Tarragona,Private,BEV,UKL2,REST,Standard,8
2025,12,KIA,43,Tarragona,Private,ICE,KKL,REST,Standard,1
2025,12,KIA,43,Tarragona,Private,ICE,UKL0,REST,Standard,2
2025,12,KIA,43,Tarragona,Private,ICE,UKL1,REST,Standard,15
2025,12,KIA,43,Tarragona,Private,ICE,UKL2,REST,Standard,21
2025,12,LEAPMOTOR,43,Tarragona,Private,BEV,MKL,REST,Standard,2
2025,12,LEAPMOTOR,43,Tarragona,Private,BEV,UKL0,REST,Standard,2
2025,12,LEAPMOTOR,43,Tarragona,Private,BEV,UKL2,REST,Standard,3
2025,12,LEXUS,43,Tarragona,Corporate,ICE,UKL1,FOCUS SEGMENT,Standard,1
2025,12,LEXUS,43,Tarragona,Corporate,PHEV,KKL,FOCUS SEGMENT,Standard,1
2025,12,LEXUS,43,Tarragona,Private,ICE,MKL,FOCUS SEGMENT,Standard,1
2025,12,LEXUS,43,Tarragona,Private,ICE,UKL1,FOCUS SEGMENT,Standard,2
2025,12,LEXUS,43,Tarragona,Private,ICE,UKL2,FOCUS SEGMENT,Standard,3
2025,12,LEXUS,43,Tarragona,Private,PHEV,KKL,FOCUS SEGMENT,Standard,1
2025,12,LYNK & CO,43,Tarragona,Private,BEV,UKL2,REST,Standard,1
2025,12,LYNK & CO,43,Tarragona,Private,PHEV,UKL2,REST,Standard,1
2025,12,MAZDA,43,Tarragona,Corporate,ICE,UKL2,REST,Standard,3
2025,12,MAZDA,43,Tarragona,Private,ICE,KKL,REST,Standard,3
2025,12,MAZDA,43,Tarragona,Private,ICE,UKL1,REST,Standard,2
2025,12,MAZDA,43,Tarragona,Private,ICE,UKL2,REST,Standard,21
2025,12,MAZDA,43,Tarragona,Private,PHEV,KKL,REST,Standard,1
2025,12,MERCEDES,43,Tarragona,Corporate,ICE,GKL,FOCUS SEGMENT,M,1
2025,12,MERCEDES,43,Tarragona,Corporate,ICE,KKL,FOCUS SEGMENT,Standard,1
2025,12,MERCEDES,43,Tarragona,Corporate,ICE,MKL,FOCUS SEGMENT,Standard,1
2025,12,MERCEDES,43,Tarragona,Corporate,ICE,MKL,REST,Standard,1
2025,12,MERCEDES,43,Tarragona,Corporate,ICE,UKL2,FOCUS SEGMENT,Standard,2
2025,12,MERCEDES,43,Tarragona,Corporate,PHEV,KKL,FOCUS SEGMENT,Standard,1
2025,12,MERCEDES,43,Tarragona,Corporate,PHEV,MKL,FOCUS SEGMENT,Standard,2
2025,12,MERCEDES,43,Tarragona,Corporate,PHEV,UKL2,FOCUS SEGMENT,Standard,1
2025,12,MERCEDES,43,Tarragona,Private,BEV,UKL2,FOCUS SEGMENT,Standard,4
2025,12,MERCEDES,43,Tarragona,Private,ICE,UKL2,FOCUS SEGMENT,Standard,13
2025,12,MERCEDES,43,Tarragona,Private,PHEV,KKL,FOCUS SEGMENT,Standard,2
2025,12,MERCEDES,43,Tarragona,Private,PHEV,UKL2,FOCUS SEGMENT,Standard,8
2025,12,MG,43,Tarragona,Corporate,ICE,KKL,REST,Standard,1
2025,12,MG,43,Tarragona,Corporate,ICE,UKL1,REST,Standard,2
2025,12,MG,43,Tarragona,Private,BEV,UKL1,REST,Standard,4
2025,12,MG,43,Tarragona,Private,ICE,KKL,REST,Standard,3
2025,12,MG,43,Tarragona,Private,ICE,UKL1,REST,Standard,49
2025,12,MG,43,Tarragona,Private,PHEV,KKL,REST,Standard,15
2025,12,MINI,43,Tarragona,Corporate,BEV,UKL1,FOCUS SEGMENT,Standard,5
2025,12,MINI,43,Tarragona,Corporate,ICE,UKL1,FOCUS SEGMENT,Standard,1
2025,12,MINI,43,Tarragona,Corporate,ICE,UKL2,FOCUS SEGMENT,JCW,1
2025,12,MINI,43,Tarragona,Private,BEV,UKL1,FOCUS SEGMENT,Standard,2
2025,12,MINI,43,Tarragona,Private,BEV,UKL2,FOCUS SEGMENT,Standard,2
2025,12,MINI,43,Tarragona,Private,ICE,UKL1,FOCUS SEGMENT,Standard,2
2025,12,MINI,43,Tarragona,Private,ICE,UKL2,FOCUS SEGMENT,Standard,1
2025,12,MITSUBISHI,43,Tarragona,Corporate,ICE,UKL1,REST,Standard,1
2025,12,MITSUBISHI,43,Tarragona,Private,ICE,UKL1,REST,Standard,3
2025,12,MITSUBISHI,43,Tarragona,Private,ICE,UKL2,REST,Standard,1
2025,12,NISSAN,43,Tarragona,Corporate,BEV,UKL1,REST,Standard,2
2025,12,NISSAN,43,Tarragona,Corporate,ICE,SKL,REST,Standard,1
2025,12,NISSAN,43,Tarragona,Corporate,ICE,UKL1,REST,Standard,3
2025,12,NISSAN,43,Tarragona,Corporate,ICE,UKL2,REST,Standard,2
2025,12,NISSAN,43,Tarragona,Private,BEV,UKL2,REST,Standard,1
2025,12,NISSAN,43,Tarragona,Private,ICE,KKL,REST,Standard,3
2025,12,NISSAN,43,Tarragona,Private,ICE,SKL,REST,Standard,2
2025,12,NISSAN,43,Tarragona,Private,ICE,UKL1,REST,Standard,7
2025,12,NISSAN,43,Tarragona,Private,ICE,UKL2,REST,Standard,5
2025,12,OMODA,43,Tarragona,Corporate,ICE,UKL2,REST,Standard,2
2025,12,OMODA,43,Tarragona,Corporate,PHEV,KKL,REST,Standard,3
2025,12,OMODA,43,Tarragona,Private,ICE,UKL2,REST,Standard,20
2025,12,OMODA,43,Tarragona,Private,PHEV,KKL,REST,Standard,7
2025,12,OMODA,43,Tarragona,RAC,PHEV,KKL,REST,Standard,1
2025,12,OPEL,43,Tarragona,Corporate,BEV,UKL1,REST,Standard,2
2025,12,OPEL,43,Tarragona,Corporate,ICE,KKL,REST,Standard,2
2025,12,OPEL,43,Tarragona,Private,ICE,KKL,REST,Standard,2
2025,12,OPEL,43,Tarragona,Private,ICE,UKL1,REST,Standard,9
2025,12,PEUGEOT,43,Tarragona,Corporate,BEV,SKL,REST,Standard,1
2025,12,PEUGEOT,43,Tarragona,Corporate,ICE,UKL1,REST,Standard,4
2025,12,PEUGEOT,43,Tarragona,Corporate,ICE,UKL2,REST,Standard,9
2025,12,PEUGEOT,43,Tarragona,Private,BEV,SKL,REST,Standard,2
2025,12,PEUGEOT,43,Tarragona,Private,BEV,UKL2,REST,Standard,2
2025,12,PEUGEOT,43,Tarragona,Private,ICE,SKL,REST,Standard,1
2025,12,PEUGEOT,43,Tarragona,Private,ICE,UKL1,REST,Standard,14
2025,12,PEUGEOT,43,Tarragona,Private,ICE,UKL2,REST,Standard,6
2025,12,PEUGEOT,43,Tarragona,Private,PHEV,UKL2,REST,Standard,1
2025,12,POLESTAR,43,Tarragona,Private,BEV,KKL,FOCUS SEGMENT,Standard,1
2025,12,PORSCHE,43,Tarragona,Corporate,ICE,GKL,FOCUS SEGMENT,M,1
2025,12,PORSCHE,43,Tarragona,Private,PHEV,MKL,FOCUS SEGMENT,Standard,1
2025,12,RENAULT,43,Tarragona,Corporate,ICE,UKL1,REST,Standard,8
2025,12,RENAULT,43,Tarragona,Corporate,PHEV,UKL2,REST,Standard,1
2025,12,RENAULT,43,Tarragona,Private,BEV,UKL1,REST,Standard,1
2025,12,RENAULT,43,Tarragona,Private,ICE,UKL1,REST,Standard,28
2025,12,RENAULT,43,Tarragona,Private,ICE,UKL2,REST,Standard,5
2025,12,SEAT,43,Tarragona,Corporate,ICE,UKL1,REST,Standard,2
2025,12,SEAT,43,Tarragona,Corporate,ICE,UKL2,REST,Standard,3
2025,12,SEAT,43,Tarragona,Corporate,PHEV,UKL2,REST,Standard,2
2025,12,SEAT,43,Tarragona,Private,ICE,UKL1,REST,Standard,34
2025,12,SEAT,43,Tarragona,Private,ICE,UKL2,REST,Standard,22
2025,12,SEAT,43,Tarragona,Private,PHEV,UKL2,REST,Standard,2
2025,12,SHINERAY,43,Tarragona,Private,ICE,MKL,REST,Standard,3
2025,12,SIN MARCA,43,Tarragona,Corporate,ICE,,,Standard,1
2025,12,SKODA,43,Tarragona,Corporate,BEV,UKL2,REST,Standard,1
2025,12,SKODA,43,Tarragona,Corporate,ICE,UKL1,REST,Standard,3
2025,12,SKODA,43,Tarragona,Corporate,ICE,UKL2,REST,Standard,6
2025,12,SKODA,43,Tarragona,Private,BEV,UKL2,REST,Standard,4
2025,12,SKODA,43,Tarragona,Private,ICE,KKL,REST,Standard,1
2025,12,SKODA,43,Tarragona,Private,ICE,UKL1,REST,Standard,24
2025,12,SKODA,43,Tarragona,Private,ICE,UKL2,REST,Standard,10
2025,12,SKODA,43,Tarragona,Private,PHEV,KKL,REST,Standard,3
2025,12,SMART,43,Tarragona,Private,BEV,UKL2,FOCUS SEGMENT,Standard,1
2025,12,SUBARU,43,Tarragona,Private,ICE,KKL,REST,Standard,1
2025,12,SUZUKI,43,Tarragona,Corporate,ICE,UKL1,REST,Standard,2
2025,12,SUZUKI,43,Tarragona,Private,ICE,UKL1,REST,Standard,5
2025,12,SUZUKI,43,Tarragona,Private,ICE,UKL2,REST,Standard,5
2025,12,TESLA,43,Tarragona,Corporate,BEV,KKL,FOCUS SEGMENT,Standard,5
2025,12,TESLA,43,Tarragona,Private,BEV,KKL,FOCUS SEGMENT,Standard,32
2025,12,TOYOTA,43,Tarragona,Corporate,ICE,SKL,REST,Standard,2
2025,12,TOYOTA,43,Tarragona,Corporate,ICE,UKL1,REST,Standard,14
2025,12,TOYOTA,43,Tarragona,Corporate,ICE,UKL2,REST,Standard,5
2025,12,TOYOTA,43,Tarragona,Corporate,PHEV,UKL1,REST,Standard,1
2025,12,TOYOTA,43,Tarragona,Corporate,PHEV,UKL2,REST,Standard,1
2025,12,TOYOTA,43,Tarragona,Private,ICE,SKL,REST,Standard,1
2025,12,TOYOTA,43,Tarragona,Private,ICE,UKL0,REST,Standard,1
2025,12,TOYOTA,43,Tarragona,Private,ICE,UKL1,REST,Standard,71
2025,12,TOYOTA,43,Tarragona,Private,ICE,UKL2,REST,Standard,28
2025,12,TOYOTA,43,Tarragona,Private,PHEV,UKL1,REST,Standard,15
2025,12,TOYOTA,43,Tarragona,Private,PHEV,UKL2,REST,Standard,8
2025,12,VOLKSWAGEN,43,Tarragona,Corporate,BEV,SKL,REST,Standard,1
2025,12,VOLKSWAGEN,43,Tarragona,Corporate,ICE,SKL,REST,Standard,7
2025,12,VOLKSWAGEN,43,Tarragona,Corporate,ICE,UKL1,REST,Standard,1
2025,12,VOLKSWAGEN,43,Tarragona,Corporate,ICE,UKL2,REST,Standard,3
2025,12,VOLKSWAGEN,43,Tarragona,Corporate,PHEV,UKL2,REST,Standard,2
2025,12,VOLKSWAGEN,43,Tarragona,Private,BEV,SKL,REST,Standard,1
2025,12,VOLKSWAGEN,43,Tarragona,Private,BEV,UKL2,REST,Standard,1
2025,12,VOLKSWAGEN,43,Tarragona,Private,ICE,SKL,REST,Standard,6
2025,12,VOLKSWAGEN,43,Tarragona,Private,ICE,UKL1,REST,Standard,35
2025,12,VOLKSWAGEN,43,Tarragona,Private,ICE,UKL2,REST,Standard,26
2025,12,VOLKSWAGEN,43,Tarragona,Private,PHEV,SKL,REST,Standard,2
2025,12,VOLKSWAGEN,43,Tarragona,Private,PHEV,UKL2,REST,Standard,1
2025,12,VOLVO,43,Tarragona,Corporate,ICE,KKL,FOCUS SEGMENT,Standard,2
2025,12,VOLVO,43,Tarragona,Corporate,ICE,UKL2,FOCUS SEGMENT,Standard,5
2025,12,VOLVO,43,Tarragona,Corporate,PHEV,KKL,FOCUS SEGMENT,Standard,1
2025,12,VOLVO,43,Tarragona,Corporate,PHEV,MKL,FOCUS SEGMENT,Standard,1
2025,12,VOLVO,43,Tarragona,Private,BEV,UKL1,FOCUS SEGMENT,Standard,3
2025,12,VOLVO,43,Tarragona,Private,ICE,KKL,FOCUS SEGMENT,Standard,3
2025,12,VOLVO,43,Tarragona,Private,ICE,UKL2,FOCUS SEGMENT,Standard,4
2025,12,XPENG,43,Tarragona,Corporate,BEV,KKL,FOCUS SEGMENT,Standard,3
2025,12,XPENG,43,Tarragona,Private,BEV,KKL,FOCUS SEGMENT,Standard,3
2025,12,XPENG,43,Tarragona,Private,BEV,MKL,FOCUS SEGMENT,Standard,1
2025,12,AUDI,44,Teruel,Corporate,PHEV,KKL,FOCUS SEGMENT,Standard,1
2025,12,AUDI,44,Teruel,Corporate,PHEV,UKL2,FOCUS SEGMENT,Standard,1
2025,12,AUDI,44,Teruel,Private,ICE,UKL2,FOCUS SEGMENT,Standard,1
2025,12,BMW,44,Teruel,Corporate,BEV,KKL,FOCUS SEGMENT,Standard,1
2025,12,BMW,44,Teruel,Corporate,ICE,KKL,FOCUS SEGMENT,Standard,2
2025,12,BMW,44,Teruel,Corporate,ICE,UKL2,FOCUS SEGMENT,Standard,3
2025,12,CITROEN,44,Teruel,Private,BEV,UKL1,REST,Standard,2
2025,12,CITROEN,44,Teruel,Private,ICE,UKL1,REST,Standard,2
2025,12,CITROEN,44,Teruel,Private,ICE,UKL2,REST,Standard,2
2025,12,CUPRA,44,Teruel,Corporate,PHEV,UKL2,REST,Standard,2
2025,12,CUPRA,44,Teruel,Private,BEV,UKL2,REST,Standard,1
2025,12,CUPRA,44,Teruel,Private,ICE,UKL2,REST,Standard,1
2025,12,CUPRA,44,Teruel,Private,PHEV,UKL2,REST,Standard,1
2025,12,DACIA,44,Teruel,Corporate,ICE,SKL,REST,Standard,1
2025,12,DACIA,44,Teruel,Corporate,ICE,UKL1,REST,Standard,1
2025,12,DACIA,44,Teruel,Corporate,ICE,UKL2,REST,Standard,3
2025,12,DACIA,44,Teruel,Private,BEV,UKL0,REST,Standard,1
2025,12,DACIA,44,Teruel,Private,ICE,SKL,REST,Standard,3
2025,12,DACIA,44,Teruel,Private,ICE,UKL1,REST,Standard,6
2025,12,DACIA,44,Teruel,Private,ICE,UKL2,REST,Standard,1
2025,12,EBRO,44,Teruel,Corporate,ICE,UKL2,REST,Standard,1
2025,12,EBRO,44,Teruel,Corporate,PHEV,KKL,REST,Standard,1
2025,12,EBRO,44,Teruel,Private,ICE,UKL2,REST,Standard,4
2025,12,EBRO,44,Teruel,Private,PHEV,KKL,REST,Standard,1
2025,12,HONDA,44,Teruel,Private,ICE,UKL2,REST,Standard,1
2025,12,HYUNDAI,44,Teruel,Corporate,ICE,UKL1,REST,Standard,2
2025,12,HYUNDAI,44,Teruel,Corporate,ICE,UKL2,REST,Standard,4
2025,12,HYUNDAI,44,Teruel,Private,BEV,UKL1,REST,Standard,1
2025,12,HYUNDAI,44,Teruel,Private,ICE,UKL1,REST,Standard,3
2025,12,HYUNDAI,44,Teruel,Private,ICE,UKL2,REST,Standard,3
2025,12,JAECOO,44,Teruel,Private,ICE,UKL2,REST,Standard,2
2025,12,KG MOBILITY,44,Teruel,Private,ICE,UKL1,REST,Standard,1
2025,12,KG MOBILITY,44,Teruel,Private,ICE,UKL2,REST,Standard,1
2025,12,KIA,44,Teruel,Corporate,ICE,KKL,REST,Standard,1
2025,12,KIA,44,Teruel,Corporate,ICE,UKL2,REST,Standard,2
2025,12,KIA,44,Teruel,Private,ICE,UKL1,REST,Standard,2
2025,12,KIA,44,Teruel,Private,ICE,UKL2,REST,Standard,2
2025,12,LEAPMOTOR,44,Teruel,Private,BEV,MKL,REST,Standard,1
2025,12,LEXUS,44,Teruel,Private,ICE,KKL,FOCUS SEGMENT,Standard,1
2025,12,LEXUS,44,Teruel,Private,PHEV,KKL,FOCUS SEGMENT,Standard,1
2025,12,LEXUS,44,Teruel,Private,PHEV,MKL,FOCUS SEGMENT,Standard,1
2025,12,MAZDA,44,Teruel,Corporate,ICE,UKL2,REST,Standard,4
2025,12,MAZDA,44,Teruel,Corporate,PHEV,KKL,REST,Standard,1
2025,12,MAZDA,44,Teruel,Private,ICE,UKL2,REST,Standard,2
2025,12,MAZDA,44,Teruel,Private,PHEV,KKL,REST,Standard,1
2025,12,MERCEDES,44,Teruel,Corporate,BEV,UKL2,FOCUS SEGMENT,Standard,1
2025,12,MERCEDES,44,Teruel,Corporate,ICE,KKL,FOCUS SEGMENT,Standard,1
2025,12,MERCEDES,44,Teruel,Corporate,ICE,UKL2,FOCUS SEGMENT,M Performance,1
2025,12,MERCEDES,44,Teruel,Corporate,PHEV,KKL,FOCUS SEGMENT,Standard,3
2025,12,MERCEDES,44,Teruel,Private,ICE,KKL,FOCUS SEGMENT,Standard,1
2025,12,MERCEDES,44,Teruel,Private,PHEV,UKL2,FOCUS SEGMENT,Standard,1
2025,12,MG,44,Teruel,Private,ICE,UKL1,REST,Standard,2
2025,12,MG,44,Teruel,Private,PHEV,KKL,REST,Standard,2
2025,12,NISSAN,44,Teruel,Corporate,ICE,KKL,REST,Standard,2
2025,12,NISSAN,44,Teruel,Private,ICE,UKL1,REST,Standard,2
2025,12,OMODA,44,Teruel,Private,ICE,UKL2,REST,Standard,3
2025,12,OMODA,44,Teruel,Private,PHEV,KKL,REST,Standard,1
2025,12,PEUGEOT,44,Teruel,Private,ICE,UKL2,REST,Standard,1
2025,12,RENAULT,44,Teruel,Corporate,ICE,UKL1,REST,Standard,9
2025,12,RENAULT,44,Teruel,Corporate,ICE,UKL2,REST,Standard,1
2025,12,RENAULT,44,Teruel,Private,ICE,UKL1,REST,Standard,4
2025,12,RENAULT,44,Teruel,Private,ICE,UKL2,REST,Standard,1
2025,12,SEAT,44,Teruel,Corporate,ICE,UKL2,REST,Standard,2
2025,12,SEAT,44,Teruel,Private,ICE,UKL1,REST,Standard,8
2025,12,SEAT,44,Teruel,Private,ICE,UKL2,REST,Standard,5
2025,12,SEAT,44,Teruel,Private,PHEV,UKL2,REST,Standard,1
2025,12,SKODA,44,Teruel,Corporate,BEV,UKL2,REST,Standard,1
2025,12,SKODA,44,Teruel,Corporate,ICE,UKL1,REST,Standard,1
2025,12,SKODA,44,Teruel,Private,ICE,UKL1,REST,Standard,1
2025,12,SKODA,44,Teruel,Private,ICE,UKL2,REST,Standard,3
2025,12,SUBARU,44,Teruel,Private,ICE,UKL2,REST,Standard,1
2025,12,SUZUKI,44,Teruel,Private,ICE,UKL2,REST,Standard,1
2025,12,TESLA,44,Teruel,Corporate,BEV,KKL,FOCUS SEGMENT,Standard,1
2025,12,TESLA,44,Teruel,Private,BEV,KKL,FOCUS SEGMENT,Standard,2
2025,12,TOYOTA,44,Teruel,Corporate,ICE,GKL,REST,Standard,1
2025,12,TOYOTA,44,Teruel,Corporate,ICE,SKL,REST,Standard,1
2025,12,TOYOTA,44,Teruel,Corporate,ICE,UKL1,REST,Standard,2
2025,12,TOYOTA,44,Teruel,Corporate,ICE,UKL2,REST,Standard,2
2025,12,TOYOTA,44,Teruel,Private,ICE,SKL,REST,Standard,1
2025,12,TOYOTA,44,Teruel,Private,ICE,UKL1,REST,Standard,6
2025,12,TOYOTA,44,Teruel,Private,ICE,UKL2,REST,Standard,3
2025,12,TOYOTA,44,Teruel,Private,PHEV,UKL2,REST,Standard,1
2025,12,VOLKSWAGEN,44,Teruel,Private,ICE,UKL1,REST,Standard,3
2025,12,VOLKSWAGEN,44,Teruel,Private,ICE,UKL2,REST,Standard,3
2025,12,VOLKSWAGEN,44,Teruel,Private,PHEV,UKL2,REST,Standard,1
2025,12,VOLVO,44,Teruel,Private,ICE,UKL2,FOCUS SEGMENT,Standard,1
2025,12,XPENG,44,Teruel,Private,BEV,KKL,FOCUS SEGMENT,Standard,1
2025,12,AUDI,45,Toledo,Corporate,ICE,KKL,FOCUS SEGMENT,M Performance,1
2025,12,AUDI,45,Toledo,Corporate,ICE,KKL,FOCUS SEGMENT,Standard,1
2025,12,AUDI,45,Toledo,Corporate,ICE,UKL2,FOCUS SEGMENT,Standard,2
2025,12,AUDI,45,Toledo,Corporate,PHEV,KKL,FOCUS SEGMENT,Standard,3
2025,12,AUDI,45,Toledo,Corporate,PHEV,MKL,FOCUS SEGMENT,Standard,1
2025,12,AUDI,45,Toledo,Corporate,PHEV,UKL2,FOCUS SEGMENT,Standard,1
2025,12,AUDI,45,Toledo,Private,BEV,KKL,FOCUS SEGMENT,Standard,1
2025,12,AUDI,45,Toledo,Private,ICE,KKL,FOCUS SEGMENT,Standard,2
2025,12,AUDI,45,Toledo,Private,ICE,UKL1,FOCUS SEGMENT,Standard,1
2025,12,AUDI,45,Toledo,Private,ICE,UKL2,FOCUS SEGMENT,Standard,5
2025,12,AUDI,45,Toledo,Private,PHEV,KKL,FOCUS SEGMENT,Standard,1
2025,12,AUDI,45,Toledo,Private,PHEV,UKL2,FOCUS SEGMENT,Standard,2
2025,12,BMW,45,Toledo,Corporate,BEV,UKL2,FOCUS SEGMENT,Standard,1
2025,12,BMW,45,Toledo,Corporate,ICE,GKL,FOCUS SEGMENT,Standard,1
2025,12,BMW,45,Toledo,Corporate,ICE,KKL,FOCUS SEGMENT,M Performance,1
2025,12,BMW,45,Toledo,Corporate,ICE,KKL,FOCUS SEGMENT,Standard,2
2025,12,BMW,45,Toledo,Corporate,ICE,UKL2,FOCUS SEGMENT,Standard,2
2025,12,BMW,45,Toledo,Corporate,PHEV,UKL2,FOCUS SEGMENT,Standard,1
2025,12,BMW,45,Toledo,Private,BEV,UKL2,FOCUS SEGMENT,Standard,3
2025,12,BMW,45,Toledo,Private,ICE,KKL,FOCUS SEGMENT,Standard,5
2025,12,BMW,45,Toledo,Private,ICE,UKL2,FOCUS SEGMENT,Standard,12
2025,12,BMW,45,Toledo,Private,PHEV,UKL2,FOCUS SEGMENT,Standard,1
2025,12,BYD,45,Toledo,Corporate,BEV,KKL,REST,Standard,7
2025,12,BYD,45,Toledo,Corporate,BEV,UKL0,REST,Standard,1
2025,12,BYD,45,Toledo,Corporate,PHEV,KKL,REST,Standard,5
2025,12,BYD,45,Toledo,Private,BEV,KKL,REST,Standard,3
2025,12,BYD,45,Toledo,Private,BEV,UKL0,REST,Standard,14
2025,12,BYD,45,Toledo,Private,BEV,UKL1,REST,Standard,11
2025,12,BYD,45,Toledo,Private,BEV,UKL2,REST,Standard,3
2025,12,BYD,45,Toledo,Private,PHEV,KKL,REST,Standard,11
2025,12,CITROEN,45,Toledo,Corporate,BEV,UKL2,REST,Standard,2
2025,12,CITROEN,45,Toledo,Corporate,ICE,SKL,REST,Standard,6
2025,12,CITROEN,45,Toledo,Corporate,ICE,UKL1,REST,Standard,9
2025,12,CITROEN,45,Toledo,Corporate,ICE,UKL2,REST,Standard,18
2025,12,CITROEN,45,Toledo,Corporate,PHEV,UKL2,REST,Standard,1
2025,12,CITROEN,45,Toledo,Private,ICE,UKL1,REST,Standard,6
2025,12,CITROEN,45,Toledo,Private,ICE,UKL2,REST,Standard,8
2025,12,CUPRA,45,Toledo,Corporate,ICE,UKL2,REST,Standard,1
2025,12,CUPRA,45,Toledo,Corporate,PHEV,UKL2,REST,Standard,1
2025,12,CUPRA,45,Toledo,Private,BEV,UKL2,REST,Standard,1
2025,12,CUPRA,45,Toledo,Private,ICE,UKL2,REST,Standard,5
2025,12,CUPRA,45,Toledo,Private,PHEV,UKL2,REST,Standard,4
2025,12,DACIA,45,Toledo,Corporate,BEV,UKL0,REST,Standard,1
2025,12,DACIA,45,Toledo,Corporate,ICE,SKL,REST,Standard,1
2025,12,DACIA,45,Toledo,Corporate,ICE,UKL1,REST,Standard,2
2025,12,DACIA,45,Toledo,Private,ICE,SKL,REST,Standard,7
2025,12,DACIA,45,Toledo,Private,ICE,UKL1,REST,Standard,37
2025,12,DACIA,45,Toledo,Private,ICE,UKL2,REST,Standard,19
2025,12,DS,45,Toledo,Corporate,BEV,MKL,REST,Standard,1
2025,12,EBRO,45,Toledo,Corporate,ICE,KKL,REST,Standard,7
2025,12,EBRO,45,Toledo,Corporate,ICE,UKL2,REST,Standard,1
2025,12,EBRO,45,Toledo,Corporate,PHEV,UKL2,REST,Standard,1
2025,12,EBRO,45,Toledo,Private,ICE,UKL2,REST,Standard,18
2025,12,EBRO,45,Toledo,Private,PHEV,KKL,REST,Standard,2
2025,12,EBRO,45,Toledo,Private,PHEV,UKL2,REST,Standard,8
2025,12,FIAT,45,Toledo,Corporate,ICE,UKL0,REST,Standard,1
2025,12,FIAT,45,Toledo,Corporate,ICE,UKL1,REST,Standard,1
2025,12,FIAT,45,Toledo,Corporate,ICE,UKL2,REST,Standard,3
2025,12,FIAT,45,Toledo,Private,ICE,UKL1,REST,Standard,1
2025,12,FIAT,45,Toledo,Private,ICE,UKL2,REST,Standard,1
2025,12,FORD,45,Toledo,Corporate,ICE,SKL,REST,Standard,1
2025,12,FORD,45,Toledo,Corporate,ICE,UKL1,REST,Standard,3
2025,12,FORD,45,Toledo,Private,BEV,UKL1,REST,Standard,1
2025,12,FORD,45,Toledo,Private,ICE,MKL,REST,Standard,1
2025,12,FORD,45,Toledo,Private,ICE,UKL1,REST,Standard,2
2025,12,FORD,45,Toledo,Private,PHEV,UKL2,REST,Standard,3
2025,12,HONDA,45,Toledo,Private,ICE,UKL2,REST,Standard,1
2025,12,HYUNDAI,45,Toledo,Corporate,BEV,UKL1,REST,Standard,1
2025,12,HYUNDAI,45,Toledo,Corporate,ICE,UKL0,REST,Standard,4
2025,12,HYUNDAI,45,Toledo,Corporate,ICE,UKL1,REST,Standard,14
2025,12,HYUNDAI,45,Toledo,Corporate,ICE,UKL2,REST,Standard,15
2025,12,HYUNDAI,45,Toledo,Corporate,PHEV,UKL2,REST,Standard,1
2025,12,HYUNDAI,45,Toledo,Private,BEV,UKL1,REST,Standard,1
2025,12,HYUNDAI,45,Toledo,Private,BEV,UKL2,REST,Standard,3
2025,12,HYUNDAI,45,Toledo,Private,ICE,UKL1,REST,Standard,18
2025,12,HYUNDAI,45,Toledo,Private,ICE,UKL2,REST,Standard,28
2025,12,HYUNDAI,45,Toledo,Private,PHEV,UKL2,REST,Standard,8
2025,12,JAECOO,45,Toledo,Corporate,BEV,UKL1,REST,Standard,1
2025,12,JAECOO,45,Toledo,Corporate,ICE,UKL2,REST,Standard,1
2025,12,JAECOO,45,Toledo,Corporate,PHEV,UKL2,REST,Standard,4
2025,12,JAECOO,45,Toledo,Private,BEV,UKL1,REST,Standard,2
2025,12,JAECOO,45,Toledo,Private,ICE,UKL2,REST,Standard,4
2025,12,JAECOO,45,Toledo,Private,PHEV,UKL2,REST,Standard,10
2025,12,JEEP,45,Toledo,Corporate,BEV,UKL1,REST,Standard,1
2025,12,JEEP,45,Toledo,Corporate,ICE,UKL1,REST,Standard,7
2025,12,JEEP,45,Toledo,Corporate,PHEV,UKL2,REST,Standard,1
2025,12,KG MOBILITY,45,Toledo,Corporate,BEV,UKL2,REST,Standard,2
2025,12,KG MOBILITY,45,Toledo,Corporate,ICE,MKL,REST,Standard,1
2025,12,KG MOBILITY,45,Toledo,Private,ICE,MKL,REST,Standard,2
2025,12,KIA,45,Toledo,Corporate,ICE,UKL2,REST,Standard,1
2025,12,KIA,45,Toledo,Private,BEV,UKL1,REST,Standard,4
2025,12,KIA,45,Toledo,Private,BEV,UKL2,REST,Standard,2
2025,12,KIA,45,Toledo,Private,ICE,UKL1,REST,Standard,4
2025,12,KIA,45,Toledo,Private,ICE,UKL2,REST,Standard,7
2025,12,LEAPMOTOR,45,Toledo,Corporate,BEV,MKL,REST,Standard,4
2025,12,LEAPMOTOR,45,Toledo,Corporate,BEV,UKL0,REST,Standard,3
2025,12,LEAPMOTOR,45,Toledo,Corporate,BEV,UKL2,REST,Standard,2
2025,12,LEAPMOTOR,45,Toledo,Private,BEV,MKL,REST,Standard,2
2025,12,LEAPMOTOR,45,Toledo,Private,BEV,UKL0,REST,Standard,4
2025,12,LEAPMOTOR,45,Toledo,Private,BEV,UKL2,REST,Standard,2
2025,12,LEXUS,45,Toledo,Private,PHEV,KKL,FOCUS SEGMENT,Standard,1
2025,12,MAZDA,45,Toledo,Corporate,ICE,KKL,REST,Standard,4
2025,12,MAZDA,45,Toledo,Corporate,ICE,UKL2,REST,Standard,7
2025,12,MAZDA,45,Toledo,Corporate,PHEV,KKL,REST,Standard,1
2025,12,MAZDA,45,Toledo,Private,BEV,MKL,REST,Standard,1
2025,12,MAZDA,45,Toledo,Private,ICE,KKL,REST,Standard,1
2025,12,MAZDA,45,Toledo,Private,ICE,UKL1,REST,Standard,2
2025,12,MAZDA,45,Toledo,Private,ICE,UKL2,REST,Standard,16
2025,12,MERCEDES,45,Toledo,Corporate,ICE,KKL,FOCUS SEGMENT,Standard,6
2025,12,MERCEDES,45,Toledo,Corporate,ICE,MKL,REST,Standard,1
2025,12,MERCEDES,45,Toledo,Corporate,PHEV,KKL,FOCUS SEGMENT,Standard,2
2025,12,MERCEDES,45,Toledo,Corporate,PHEV,MKL,FOCUS SEGMENT,Standard,2
2025,12,MERCEDES,45,Toledo,Private,BEV,MKL,FOCUS SEGMENT,Standard,1
2025,12,MERCEDES,45,Toledo,Private,BEV,UKL2,FOCUS SEGMENT,Standard,1
2025,12,MERCEDES,45,Toledo,Private,ICE,KKL,FOCUS SEGMENT,Standard,2
2025,12,MERCEDES,45,Toledo,Private,ICE,UKL2,FOCUS SEGMENT,Standard,2
2025,12,MERCEDES,45,Toledo,Private,PHEV,KKL,FOCUS SEGMENT,Standard,2
2025,12,MERCEDES,45,Toledo,Private,PHEV,UKL2,FOCUS SEGMENT,Standard,2
2025,12,MG,45,Toledo,Corporate,PHEV,KKL,REST,Standard,2
2025,12,MG,45,Toledo,Private,BEV,UKL2,REST,Standard,2
2025,12,MG,45,Toledo,Private,ICE,KKL,REST,Standard,2
2025,12,MG,45,Toledo,Private,ICE,UKL1,REST,Standard,23
2025,12,MG,45,Toledo,Private,PHEV,KKL,REST,Standard,10
2025,12,MINI,45,Toledo,Corporate,ICE,UKL1,FOCUS SEGMENT,Standard,2
2025,12,MINI,45,Toledo,Private,BEV,UKL2,FOCUS SEGMENT,Standard,1
2025,12,MINI,45,Toledo,Private,ICE,UKL1,FOCUS SEGMENT,Standard,1
2025,12,MITSUBISHI,45,Toledo,Corporate,BEV,UKL2,REST,Standard,4
2025,12,MITSUBISHI,45,Toledo,Corporate,ICE,UKL1,REST,Standard,4
2025,12,MITSUBISHI,45,Toledo,Private,ICE,UKL2,REST,Standard,3
2025,12,MITSUBISHI,45,Toledo,Private,PHEV,KKL,REST,Standard,1
2025,12,NISSAN,45,Toledo,Corporate,BEV,UKL1,REST,Standard,1
2025,12,NISSAN,45,Toledo,Corporate,BEV,UKL2,REST,Standard,1
2025,12,NISSAN,45,Toledo,Corporate,ICE,KKL,REST,Standard,3
2025,12,NISSAN,45,Toledo,Corporate,ICE,UKL1,REST,Standard,1
2025,12,NISSAN,45,Toledo,Corporate,ICE,UKL2,REST,Standard,1
2025,12,NISSAN,45,Toledo,Private,BEV,UKL2,REST,Standard,1
2025,12,NISSAN,45,Toledo,Private,ICE,UKL1,REST,Standard,4
2025,12,NISSAN,45,Toledo,Private,ICE,UKL2,REST,Standard,6
2025,12,OMODA,45,Toledo,Corporate,ICE,UKL2,REST,Standard,3
2025,12,OMODA,45,Toledo,Corporate,PHEV,KKL,REST,Standard,4
2025,12,OMODA,45,Toledo,Private,BEV,UKL2,REST,Standard,6
2025,12,OMODA,45,Toledo,Private,ICE,UKL2,REST,Standard,18
2025,12,OMODA,45,Toledo,Private,PHEV,KKL,REST,Standard,7
2025,12,OPEL,45,Toledo,Corporate,BEV,KKL,REST,Standard,3
2025,12,OPEL,45,Toledo,Corporate,ICE,SKL,REST,Standard,1
2025,12,OPEL,45,Toledo,Corporate,ICE,UKL1,REST,Standard,21
2025,12,OPEL,45,Toledo,Corporate,PHEV,UKL2,REST,Standard,2
2025,12,OPEL,45,Toledo,Private,BEV,UKL2,REST,Standard,1
2025,12,OPEL,45,Toledo,Private,ICE,KKL,REST,Standard,2
2025,12,OPEL,45,Toledo,Private,ICE,UKL1,REST,Standard,2
2025,12,PEUGEOT,45,Toledo,Corporate,BEV,UKL1,REST,Standard,1
2025,12,PEUGEOT,45,Toledo,Corporate,ICE,KKL,REST,Standard,2
2025,12,PEUGEOT,45,Toledo,Corporate,ICE,SKL,REST,Standard,7
2025,12,PEUGEOT,45,Toledo,Corporate,ICE,UKL1,REST,Standard,4
2025,12,PEUGEOT,45,Toledo,Corporate,ICE,UKL2,REST,Standard,6
2025,12,PEUGEOT,45,Toledo,Corporate,PHEV,KKL,REST,Standard,1
2025,12,PEUGEOT,45,Toledo,Corporate,PHEV,UKL2,REST,Standard,2
2025,12,PEUGEOT,45,Toledo,Private,BEV,UKL2,REST,Standard,1
2025,12,PEUGEOT,45,Toledo,Private,ICE,SKL,REST,Standard,2
2025,12,PEUGEOT,45,Toledo,Private,ICE,UKL1,REST,Standard,10
2025,12,PEUGEOT,45,Toledo,Private,ICE,UKL2,REST,Standard,7
2025,12,PEUGEOT,45,Toledo,RAC,ICE,KKL,REST,Standard,1
2025,12,POLESTAR,45,Toledo,Private,BEV,KKL,FOCUS SEGMENT,Standard,2
2025,12,PORSCHE,45,Toledo,Private,ICE,GKL,FOCUS SEGMENT,M Performance,1
2025,12,RENAULT,45,Toledo,Corporate,BEV,UKL1,REST,Standard,1
2025,12,RENAULT,45,Toledo,Corporate,BEV,UKL2,REST,Standard,2
2025,12,RENAULT,45,Toledo,Corporate,ICE,KKL,REST,Standard,1
2025,12,RENAULT,45,Toledo,Corporate,ICE,UKL1,REST,Standard,13
2025,12,RENAULT,45,Toledo,Corporate,ICE,UKL2,REST,Standard,3
2025,12,RENAULT,45,Toledo,Corporate,PHEV,UKL2,REST,Standard,2
2025,12,RENAULT,45,Toledo,Private,BEV,UKL1,REST,Standard,7
2025,12,RENAULT,45,Toledo,Private,ICE,KKL,REST,Standard,2
2025,12,RENAULT,45,Toledo,Private,ICE,UKL1,REST,Standard,35
2025,12,RENAULT,45,Toledo,Private,ICE,UKL2,REST,Standard,5
2025,12,RENAULT,45,Toledo,Private,PHEV,UKL2,REST,Standard,5
2025,12,SEAT,45,Toledo,Corporate,ICE,UKL1,REST,Standard,1
2025,12,SEAT,45,Toledo,Corporate,ICE,UKL2,REST,Standard,2
2025,12,SEAT,45,Toledo,Private,ICE,UKL1,REST,Standard,12
2025,12,SEAT,45,Toledo,Private,ICE,UKL2,REST,Standard,13
2025,12,SEAT,45,Toledo,Private,PHEV,UKL2,REST,Standard,2
2025,12,SKODA,45,Toledo,Private,BEV,UKL2,REST,Standard,2
2025,12,SKODA,45,Toledo,Private,ICE,UKL1,REST,Standard,5
2025,12,SKODA,45,Toledo,Private,ICE,UKL2,REST,Standard,2
2025,12,SKODA,45,Toledo,Private,PHEV,KKL,REST,Standard,1
2025,12,SUBARU,45,Toledo,Corporate,ICE,KKL,REST,Standard,1
2025,12,SUBARU,45,Toledo,Corporate,ICE,UKL2,REST,Standard,2
2025,12,SUZUKI,45,Toledo,Corporate,ICE,UKL1,REST,Standard,1
2025,12,SUZUKI,45,Toledo,Private,ICE,UKL1,REST,Standard,5
2025,12,SUZUKI,45,Toledo,Private,ICE,UKL2,REST,Standard,2
2025,12,TESLA,45,Toledo,Corporate,BEV,KKL,FOCUS SEGMENT,Standard,8
2025,12,TESLA,45,Toledo,Private,BEV,KKL,FOCUS SEGMENT,Standard,43
2025,12,TOYOTA,45,Toledo,Corporate,BEV,SKL,REST,Standard,2
2025,12,TOYOTA,45,Toledo,Corporate,ICE,UKL1,REST,Standard,6
2025,12,TOYOTA,45,Toledo,Corporate,ICE,UKL2,REST,Standard,2
2025,12,TOYOTA,45,Toledo,Corporate,PHEV,UKL2,REST,Standard,1
2025,12,TOYOTA,45,Toledo,Private,ICE,UKL1,REST,Standard,33
2025,12,TOYOTA,45,Toledo,Private,ICE,UKL2,REST,Standard,19
2025,12,TOYOTA,45,Toledo,Private,PHEV,UKL1,REST,Standard,5
2025,12,TOYOTA,45,Toledo,Private,PHEV,UKL2,REST,Standard,4
2025,12,VOLKSWAGEN,45,Toledo,Corporate,ICE,SKL,REST,Standard,1
2025,12,VOLKSWAGEN,45,Toledo,Corporate,ICE,UKL1,REST,Standard,1
2025,12,VOLKSWAGEN,45,Toledo,Corporate,ICE,UKL2,REST,Standard,2
2025,12,VOLKSWAGEN,45,Toledo,Private,BEV,UKL2,REST,Standard,3
2025,12,VOLKSWAGEN,45,Toledo,Private,ICE,UKL1,REST,Standard,11
2025,12,VOLKSWAGEN,45,Toledo,Private,ICE,UKL2,REST,Standard,13
2025,12,VOLKSWAGEN,45,Toledo,Private,PHEV,SKL,REST,Standard,1
2025,12,VOLKSWAGEN,45,Toledo,Private,PHEV,UKL2,REST,Standard,5
2025,12,VOLVO,45,Toledo,Corporate,BEV,MKL,FOCUS SEGMENT,Standard,1
2025,12,VOLVO,45,Toledo,Corporate,BEV,UKL1,FOCUS SEGMENT,Standard,4
2025,12,VOLVO,45,Toledo,Corporate,ICE,KKL,FOCUS SEGMENT,Standard,1
2025,12,VOLVO,45,Toledo,Corporate,ICE,MKL,FOCUS SEGMENT,Standard,1
2025,12,VOLVO,45,Toledo,Corporate,ICE,UKL2,FOCUS SEGMENT,Standard,3
2025,12,VOLVO,45,Toledo,Corporate,PHEV,KKL,FOCUS SEGMENT,Standard,1
2025,12,VOLVO,45,Toledo,Private,BEV,UKL1,FOCUS SEGMENT,Standard,13
2025,12,VOLVO,45,Toledo,Private,ICE,KKL,FOCUS SEGMENT,Standard,2
2025,12,VOLVO,45,Toledo,Private,ICE,UKL2,FOCUS SEGMENT,Standard,8
2025,12,VOLVO,45,Toledo,Private,PHEV,KKL,FOCUS SEGMENT,Standard,1
2025,12,XPENG,45,Toledo,Corporate,BEV,KKL,FOCUS SEGMENT,Standard,1
2025,12,ALFA ROMEO,46,Valencia,Corporate,ICE,KKL,REST,Standard,1
2025,12,ALPINE,46,Valencia,Corporate,BEV,UKL1,REST,Standard,4
2025,12,ALPINE,46,Valencia,Private,BEV,UKL1,REST,Standard,6
2025,12,AUDI,46,Valencia,Corporate,BEV,KKL,FOCUS SEGMENT,Standard,2
2025,12,AUDI,46,Valencia,Corporate,BEV,UKL2,FOCUS SEGMENT,Standard,2
2025,12,AUDI,46,Valencia,Corporate,ICE,KKL,FOCUS SEGMENT,M Performance,1
2025,12,AUDI,46,Valencia,Corporate,ICE,KKL,FOCUS SEGMENT,Standard,2
2025,12,AUDI,46,Valencia,Corporate,ICE,MKL,FOCUS SEGMENT,Standard,1
2025,12,AUDI,46,Valencia,Corporate,ICE,UKL1,FOCUS SEGMENT,Standard,12
2025,12,AUDI,46,Valencia,Corporate,ICE,UKL2,FOCUS SEGMENT,Standard,11
2025,12,AUDI,46,Valencia,Corporate,PHEV,KKL,FOCUS SEGMENT,Standard,3
2025,12,AUDI,46,Valencia,Corporate,PHEV,MKL,FOCUS SEGMENT,Standard,3
2025,12,AUDI,46,Valencia,Corporate,PHEV,UKL2,FOCUS SEGMENT,Standard,4
2025,12,AUDI,46,Valencia,Private,BEV,MKL,FOCUS SEGMENT,Standard,1
2025,12,AUDI,46,Valencia,Private,BEV,UKL2,FOCUS SEGMENT,Standard,7
2025,12,AUDI,46,Valencia,Private,ICE,KKL,FOCUS SEGMENT,Standard,2
2025,12,AUDI,46,Valencia,Private,ICE,MKL,FOCUS SEGMENT,Standard,1
2025,12,AUDI,46,Valencia,Private,ICE,UKL1,FOCUS SEGMENT,Standard,15
2025,12,AUDI,46,Valencia,Private,ICE,UKL2,FOCUS SEGMENT,M,1
2025,12,AUDI,46,Valencia,Private,ICE,UKL2,FOCUS SEGMENT,M Performance,1
2025,12,AUDI,46,Valencia,Private,ICE,UKL2,FOCUS SEGMENT,Standard,48
2025,12,AUDI,46,Valencia,Private,PHEV,KKL,FOCUS SEGMENT,Standard,4
2025,12,AUDI,46,Valencia,Private,PHEV,MKL,FOCUS SEGMENT,Standard,1
2025,12,AUDI,46,Valencia,Private,PHEV,UKL2,FOCUS SEGMENT,Standard,12
2025,12,BMW,46,Valencia,Corporate,BEV,GKL,FOCUS SEGMENT,Standard,1
2025,12,BMW,46,Valencia,Corporate,BEV,KKL,FOCUS SEGMENT,Standard,1
2025,12,BMW,46,Valencia,Corporate,BEV,UKL2,FOCUS SEGMENT,Standard,3
2025,12,BMW,46,Valencia,Corporate,ICE,GKL,FOCUS SEGMENT,Standard,1
2025,12,BMW,46,Valencia,Corporate,ICE,KKL,FOCUS SEGMENT,M Performance,1
2025,12,BMW,46,Valencia,Corporate,ICE,KKL,FOCUS SEGMENT,Standard,5
2025,12,BMW,46,Valencia,Corporate,ICE,MKL,FOCUS SEGMENT,M,1
2025,12,BMW,46,Valencia,Corporate,ICE,MKL,FOCUS SEGMENT,Standard,4
2025,12,BMW,46,Valencia,Corporate,ICE,UKL2,FOCUS SEGMENT,M Performance,1
2025,12,BMW,46,Valencia,Corporate,ICE,UKL2,FOCUS SEGMENT,Standard,19
2025,12,BMW,46,Valencia,Corporate,PHEV,KKL,FOCUS SEGMENT,Standard,1
2025,12,BMW,46,Valencia,Corporate,PHEV,MKL,FOCUS SEGMENT,M,1
2025,12,BMW,46,Valencia,Corporate,PHEV,UKL2,FOCUS SEGMENT,Standard,1
2025,12,BMW,46,Valencia,Private,BEV,KKL,FOCUS SEGMENT,M Performance,1
2025,12,BMW,46,Valencia,Private,BEV,KKL,FOCUS SEGMENT,Standard,2
2025,12,BMW,46,Valencia,Private,BEV,UKL2,FOCUS SEGMENT,Standard,25
2025,12,BMW,46,Valencia,Private,ICE,GKL,FOCUS SEGMENT,Standard,1
2025,12,BMW,46,Valencia,Private,ICE,KKL,FOCUS SEGMENT,M Performance,1
2025,12,BMW,46,Valencia,Private,ICE,KKL,FOCUS SEGMENT,Standard,5
2025,12,BMW,46,Valencia,Private,ICE,MKL,FOCUS SEGMENT,Standard,2
2025,12,BMW,46,Valencia,Private,ICE,UKL2,FOCUS SEGMENT,M Performance,1
2025,12,BMW,46,Valencia,Private,ICE,UKL2,FOCUS SEGMENT,Standard,48
2025,12,BMW,46,Valencia,Private,PHEV,KKL,FOCUS SEGMENT,Standard,1
2025,12,BMW,46,Valencia,Private,PHEV,UKL2,FOCUS SEGMENT,Standard,6
2025,12,BYD,46,Valencia,Corporate,BEV,KKL,REST,Standard,5
2025,12,BYD,46,Valencia,Corporate,BEV,UKL0,REST,Standard,4
2025,12,BYD,46,Valencia,Corporate,BEV,UKL1,REST,Standard,5
2025,12,BYD,46,Valencia,Corporate,BEV,UKL2,REST,Standard,1
2025,12,BYD,46,Valencia,Corporate,PHEV,KKL,REST,Standard,9
2025,12,BYD,46,Valencia,Private,BEV,KKL,REST,Standard,21
2025,12,BYD,46,Valencia,Private,BEV,UKL0,REST,Standard,79
2025,12,BYD,46,Valencia,Private,BEV,UKL1,REST,Standard,47
2025,12,BYD,46,Valencia,Private,BEV,UKL2,REST,Standard,19
2025,12,BYD,46,Valencia,Private,PHEV,KKL,REST,Standard,48
2025,12,CITROEN,46,Valencia,Corporate,BEV,UKL1,REST,Standard,24
2025,12,CITROEN,46,Valencia,Corporate,ICE,SKL,REST,Standard,2
2025,12,CITROEN,46,Valencia,Corporate,ICE,UKL1,REST,Standard,1
2025,12,CITROEN,46,Valencia,Corporate,ICE,UKL2,REST,Standard,2
2025,12,CITROEN,46,Valencia,Private,BEV,SKL,REST,Standard,1
2025,12,CITROEN,46,Valencia,Private,BEV,UKL1,REST,Standard,10
2025,12,CITROEN,46,Valencia,Private,BEV,UKL2,REST,Standard,1
2025,12,CITROEN,46,Valencia,Private,ICE,SKL,REST,Standard,11
2025,12,CITROEN,46,Valencia,Private,ICE,UKL1,REST,Standard,39
2025,12,CITROEN,46,Valencia,Private,ICE,UKL2,REST,Standard,31
2025,12,CUPRA,46,Valencia,Corporate,ICE,UKL2,REST,Standard,11
2025,12,CUPRA,46,Valencia,Corporate,PHEV,UKL2,REST,Standard,14
2025,12,CUPRA,46,Valencia,Private,ICE,UKL2,REST,Standard,18
2025,12,CUPRA,46,Valencia,Private,PHEV,UKL2,REST,Standard,8
2025,12,DACIA,46,Valencia,Corporate,BEV,UKL0,REST,Standard,2
2025,12,DACIA,46,Valencia,Corporate,ICE,SKL,REST,Standard,1
2025,12,DACIA,46,Valencia,Corporate,ICE,UKL1,REST,Standard,24
2025,12,DACIA,46,Valencia,Corporate,ICE,UKL2,REST,Standard,2
2025,12,DACIA,46,Valencia,Private,BEV,UKL0,REST,Standard,5
2025,12,DACIA,46,Valencia,Private,ICE,SKL,REST,Standard,32
2025,12,DACIA,46,Valencia,Private,ICE,UKL1,REST,Standard,171
2025,12,DACIA,46,Valencia,Private,ICE,UKL2,REST,Standard,44
2025,12,DR,46,Valencia,Private,ICE,UKL1,REST,Standard,3
2025,12,DS,46,Valencia,Private,ICE,UKL1,REST,Standard,1
2025,12,DS,46,Valencia,Private,ICE,UKL2,REST,Standard,2
2025,12,DS,46,Valencia,Private,PHEV,UKL2,REST,Standard,1
2025,12,EBRO,46,Valencia,Corporate,ICE,KKL,REST,Standard,2
2025,12,EBRO,46,Valencia,Corporate,ICE,UKL2,REST,Standard,3
2025,12,EBRO,46,Valencia,Corporate,PHEV,KKL,REST,Standard,2
2025,12,EBRO,46,Valencia,Corporate,PHEV,UKL2,REST,Standard,2
2025,12,EBRO,46,Valencia,Private,ICE,KKL,REST,Standard,3
2025,12,EBRO,46,Valencia,Private,ICE,UKL2,REST,Standard,91
2025,12,EBRO,46,Valencia,Private,PHEV,KKL,REST,Standard,8
2025,12,EBRO,46,Valencia,Private,PHEV,UKL2,REST,Standard,18
2025,12,EVO,46,Valencia,Private,ICE,UKL1,REST,Standard,4
2025,12,EVO,46,Valencia,Private,ICE,UKL2,REST,Standard,3
2025,12,FAW,46,Valencia,Private,ICE,UKL2,REST,Standard,4
2025,12,FIAT,46,Valencia,Corporate,BEV,UKL0,REST,Standard,7
2025,12,FIAT,46,Valencia,Corporate,ICE,UKL0,REST,Standard,1
2025,12,FIAT,46,Valencia,Corporate,ICE,UKL1,REST,Standard,1
2025,12,FIAT,46,Valencia,Corporate,ICE,UKL2,REST,Standard,2
2025,12,FIAT,46,Valencia,Private,BEV,UKL0,REST,Standard,1
2025,12,FIAT,46,Valencia,Private,BEV,UKL1,REST,Standard,1
2025,12,FIAT,46,Valencia,Private,ICE,SKL,REST,Standard,1
2025,12,FIAT,46,Valencia,Private,ICE,UKL0,REST,Standard,9
2025,12,FIAT,46,Valencia,Private,ICE,UKL1,REST,Standard,8
2025,12,FIAT,46,Valencia,Private,ICE,UKL2,REST,Standard,1
2025,12,FORD,46,Valencia,Corporate,BEV,KKL,REST,Standard,2
2025,12,FORD,46,Valencia,Corporate,BEV,SKL,REST,Standard,4
2025,12,FORD,46,Valencia,Corporate,BEV,UKL1,REST,Standard,15
2025,12,FORD,46,Valencia,Corporate,ICE,MKL,REST,Standard,1
2025,12,FORD,46,Valencia,Corporate,ICE,SKL,REST,Standard,1
2025,12,FORD,46,Valencia,Corporate,ICE,UKL1,REST,Standard,3
2025,12,FORD,46,Valencia,Corporate,ICE,UKL2,REST,Standard,7
2025,12,FORD,46,Valencia,Corporate,PHEV,SKL,REST,Standard,4
2025,12,FORD,46,Valencia,Corporate,PHEV,UKL2,REST,Standard,15
2025,12,FORD,46,Valencia,Private,BEV,SKL,REST,Standard,2
2025,12,FORD,46,Valencia,Private,BEV,UKL1,REST,Standard,7
2025,12,FORD,46,Valencia,Private,ICE,SKL,REST,Standard,1
2025,12,FORD,46,Valencia,Private,ICE,UKL1,REST,Standard,48
2025,12,FORD,46,Valencia,Private,ICE,UKL2,REST,Standard,10
2025,12,FORD,46,Valencia,Private,PHEV,SKL,REST,Standard,3
2025,12,FORD,46,Valencia,Private,PHEV,UKL2,REST,Standard,50
2025,12,FORD,46,Valencia,RAC,BEV,SKL,REST,Standard,3
2025,12,FORD,46,Valencia,RAC,BEV,UKL1,REST,Standard,13
2025,12,FORD,46,Valencia,RAC,ICE,SKL,REST,Standard,1
2025,12,FORD,46,Valencia,RAC,ICE,UKL1,REST,Standard,6
2025,12,FORD,46,Valencia,RAC,PHEV,SKL,REST,Standard,2
2025,12,FORD,46,Valencia,RAC,PHEV,UKL2,REST,Standard,2
2025,12,HONDA,46,Valencia,Corporate,ICE,KKL,REST,Standard,1
2025,12,HONDA,46,Valencia,Corporate,ICE,UKL1,REST,Standard,1
2025,12,HONDA,46,Valencia,Private,ICE,KKL,REST,Standard,3
2025,12,HONDA,46,Valencia,Private,ICE,UKL1,REST,Standard,15
2025,12,HONDA,46,Valencia,Private,ICE,UKL2,REST,Standard,5
2025,12,HONDA,46,Valencia,Private,PHEV,KKL,REST,Standard,1
2025,12,HYUNDAI,46,Valencia,Corporate,BEV,UKL2,REST,Standard,1
2025,12,HYUNDAI,46,Valencia,Corporate,ICE,UKL0,REST,Standard,13
2025,12,HYUNDAI,46,Valencia,Corporate,ICE,UKL1,REST,Standard,11
2025,12,HYUNDAI,46,Valencia,Corporate,ICE,UKL2,REST,Standard,21
2025,12,HYUNDAI,46,Valencia,Corporate,PHEV,MKL,REST,Standard,1
2025,12,HYUNDAI,46,Valencia,Corporate,PHEV,UKL2,REST,Standard,2
2025,12,HYUNDAI,46,Valencia,Private,BEV,UKL1,REST,Standard,9
2025,12,HYUNDAI,46,Valencia,Private,BEV,UKL2,REST,Standard,7
2025,12,HYUNDAI,46,Valencia,Private,ICE,MKL,REST,Standard,1
2025,12,HYUNDAI,46,Valencia,Private,ICE,UKL0,REST,Standard,8
2025,12,HYUNDAI,46,Valencia,Private,ICE,UKL1,REST,Standard,85
2025,12,HYUNDAI,46,Valencia,Private,ICE,UKL2,REST,Standard,42
2025,12,HYUNDAI,46,Valencia,Private,PHEV,MKL,REST,Standard,1
2025,12,HYUNDAI,46,Valencia,Private,PHEV,UKL2,REST,Standard,11
2025,12,HYUNDAI,46,Valencia,RAC,ICE,UKL2,REST,Standard,7
2025,12,JAECOO,46,Valencia,Corporate,ICE,UKL2,REST,Standard,7
2025,12,JAECOO,46,Valencia,Corporate,PHEV,UKL2,REST,Standard,2
2025,12,JAECOO,46,Valencia,Private,BEV,UKL1,REST,Standard,5
2025,12,JAECOO,46,Valencia,Private,ICE,UKL2,REST,Standard,30
2025,12,JAECOO,46,Valencia,Private,PHEV,UKL2,REST,Standard,33
2025,12,JEEP,46,Valencia,Corporate,ICE,UKL1,REST,Standard,3
2025,12,JEEP,46,Valencia,Corporate,ICE,UKL2,REST,Standard,1
2025,12,JEEP,46,Valencia,Corporate,PHEV,UKL1,REST,Standard,1
2025,12,JEEP,46,Valencia,Corporate,PHEV,UKL2,REST,Standard,1
2025,12,JEEP,46,Valencia,Private,BEV,UKL1,REST,Standard,3
2025,12,JEEP,46,Valencia,Private,ICE,UKL1,REST,Standard,16
2025,12,JEEP,46,Valencia,Private,ICE,UKL2,REST,Standard,2
2025,12,JEEP,46,Valencia,Private,PHEV,UKL2,REST,Standard,1
2025,12,KG MOBILITY,46,Valencia,Private,BEV,UKL2,REST,Standard,1
2025,12,KG MOBILITY,46,Valencia,Private,ICE,MKL,REST,Standard,7
2025,12,KG MOBILITY,46,Valencia,Private,ICE,UKL1,REST,Standard,5
2025,12,KG MOBILITY,46,Valencia,Private,ICE,UKL2,REST,Standard,7
2025,12,KIA,46,Valencia,Corporate,BEV,MKL,REST,Standard,1
2025,12,KIA,46,Valencia,Corporate,BEV,SKL,REST,Standard,1
2025,12,KIA,46,Valencia,Corporate,BEV,UKL1,REST,Standard,2
2025,12,KIA,46,Valencia,Corporate,BEV,UKL2,REST,Standard,1
2025,12,KIA,46,Valencia,Corporate,ICE,UKL2,REST,Standard,1
2025,12,KIA,46,Valencia,Private,BEV,KKL,REST,Standard,1
2025,12,KIA,46,Valencia,Private,BEV,SKL,REST,Standard,2
2025,12,KIA,46,Valencia,Private,BEV,UKL1,REST,Standard,19
2025,12,KIA,46,Valencia,Private,BEV,UKL2,REST,Standard,4
2025,12,KIA,46,Valencia,Private,ICE,UKL0,REST,Standard,4
2025,12,KIA,46,Valencia,Private,ICE,UKL1,REST,Standard,43
2025,12,KIA,46,Valencia,Private,ICE,UKL2,REST,Standard,115
2025,12,KIA,46,Valencia,Private,PHEV,KKL,REST,Standard,2
2025,12,KIA,46,Valencia,Private,PHEV,UKL2,REST,Standard,8
2025,12,LAMBORGHINI,46,Valencia,Corporate,PHEV,GKL+,FOCUS SEGMENT,Standard,1
2025,12,LAND ROVER,46,Valencia,Corporate,ICE,MKL,FOCUS SEGMENT,Standard,2
2025,12,LAND ROVER,46,Valencia,Corporate,ICE,UKL2,FOCUS SEGMENT,Standard,1
2025,12,LAND ROVER,46,Valencia,Private,PHEV,MKL,FOCUS SEGMENT,Standard,1
2025,12,LEAPMOTOR,46,Valencia,Corporate,BEV,UKL0,REST,Standard,2
2025,12,LEAPMOTOR,46,Valencia,Private,BEV,MKL,REST,Standard,10
2025,12,LEAPMOTOR,46,Valencia,Private,BEV,UKL0,REST,Standard,8
2025,12,LEAPMOTOR,46,Valencia,Private,BEV,UKL2,REST,Standard,19
2025,12,LEXUS,46,Valencia,Corporate,ICE,KKL,FOCUS SEGMENT,Standard,2
2025,12,LEXUS,46,Valencia,Corporate,ICE,MKL,FOCUS SEGMENT,Standard,2
2025,12,LEXUS,46,Valencia,Corporate,ICE,UKL1,FOCUS SEGMENT,Standard,2
2025,12,LEXUS,46,Valencia,Corporate,PHEV,KKL,FOCUS SEGMENT,Standard,3
2025,12,LEXUS,46,Valencia,Corporate,PHEV,MKL,FOCUS SEGMENT,Standard,1
2025,12,LEXUS,46,Valencia,Private,ICE,KKL,FOCUS SEGMENT,Standard,1
2025,12,LEXUS,46,Valencia,Private,ICE,UKL1,FOCUS SEGMENT,Standard,18
2025,12,LEXUS,46,Valencia,Private,ICE,UKL2,FOCUS SEGMENT,Standard,8
2025,12,LEXUS,46,Valencia,Private,PHEV,KKL,FOCUS SEGMENT,Standard,8
2025,12,LIVAN,46,Valencia,Private,ICE,UKL1,REST,Standard,1
2025,12,LYNK & CO,46,Valencia,Private,BEV,UKL2,REST,Standard,1
2025,12,LYNK & CO,46,Valencia,Private,PHEV,UKL2,REST,Standard,5
2025,12,MASERATI,46,Valencia,Corporate,ICE,KKL,FOCUS SEGMENT,Standard,1
2025,12,MAZDA,46,Valencia,Corporate,BEV,MKL,REST,Standard,1
2025,12,MAZDA,46,Valencia,Corporate,ICE,KKL,REST,Standard,3
2025,12,MAZDA,46,Valencia,Corporate,ICE,UKL2,REST,Standard,2
2025,12,MAZDA,46,Valencia,Corporate,PHEV,KKL,REST,Standard,2
2025,12,MAZDA,46,Valencia,Private,BEV,MKL,REST,Standard,1
2025,12,MAZDA,46,Valencia,Private,ICE,KKL,REST,Standard,5
2025,12,MAZDA,46,Valencia,Private,ICE,UKL1,REST,Standard,5
2025,12,MAZDA,46,Valencia,Private,ICE,UKL2,REST,Standard,81
2025,12,MAZDA,46,Valencia,Private,PHEV,KKL,REST,Standard,2
2025,12,MERCEDES,46,Valencia,Corporate,BEV,MKL,FOCUS SEGMENT,Standard,3
2025,12,MERCEDES,46,Valencia,Corporate,BEV,UKL2,FOCUS SEGMENT,Standard,9
2025,12,MERCEDES,46,Valencia,Corporate,ICE,GKL,FOCUS SEGMENT,M,1
2025,12,MERCEDES,46,Valencia,Corporate,ICE,GKL,FOCUS SEGMENT,Standard,1
2025,12,MERCEDES,46,Valencia,Corporate,ICE,KKL,FOCUS SEGMENT,M Performance,2
2025,12,MERCEDES,46,Valencia,Corporate,ICE,KKL,FOCUS SEGMENT,Standard,21
2025,12,MERCEDES,46,Valencia,Corporate,ICE,MKL,FOCUS SEGMENT,Standard,6
2025,12,MERCEDES,46,Valencia,Corporate,ICE,MKL,REST,Standard,1
2025,12,MERCEDES,46,Valencia,Corporate,ICE,SKL,REST,Standard,2
2025,12,MERCEDES,46,Valencia,Corporate,ICE,UKL2,FOCUS SEGMENT,M,1
2025,12,MERCEDES,46,Valencia,Corporate,ICE,UKL2,FOCUS SEGMENT,Standard,8
2025,12,MERCEDES,46,Valencia,Corporate,PHEV,KKL,FOCUS SEGMENT,Standard,17
2025,12,MERCEDES,46,Valencia,Corporate,PHEV,MKL,FOCUS SEGMENT,M Performance,3
2025,12,MERCEDES,46,Valencia,Corporate,PHEV,MKL,FOCUS SEGMENT,Standard,7
2025,12,MERCEDES,46,Valencia,Corporate,PHEV,UKL2,FOCUS SEGMENT,Standard,10
2025,12,MERCEDES,46,Valencia,Private,BEV,MKL,FOCUS SEGMENT,Standard,1
2025,12,MERCEDES,46,Valencia,Private,BEV,UKL2,FOCUS SEGMENT,Standard,8
2025,12,MERCEDES,46,Valencia,Private,ICE,GKL,FOCUS SEGMENT,M,1
2025,12,MERCEDES,46,Valencia,Private,ICE,KKL,FOCUS SEGMENT,M Performance,1
2025,12,MERCEDES,46,Valencia,Private,ICE,KKL,FOCUS SEGMENT,Standard,3
2025,12,MERCEDES,46,Valencia,Private,ICE,MKL,FOCUS SEGMENT,M Performance,2
2025,12,MERCEDES,46,Valencia,Private,ICE,MKL,FOCUS SEGMENT,Standard,4
2025,12,MERCEDES,46,Valencia,Private,ICE,MKL,REST,Standard,4
2025,12,MERCEDES,46,Valencia,Private,ICE,UKL2,FOCUS SEGMENT,M Performance,1
2025,12,MERCEDES,46,Valencia,Private,ICE,UKL2,FOCUS SEGMENT,Standard,19
2025,12,MERCEDES,46,Valencia,Private,PHEV,KKL,FOCUS SEGMENT,Standard,17
2025,12,MERCEDES,46,Valencia,Private,PHEV,MKL,FOCUS SEGMENT,Standard,1
2025,12,MERCEDES,46,Valencia,Private,PHEV,UKL2,FOCUS SEGMENT,Standard,18
2025,12,MERCEDES,46,Valencia,RAC,ICE,MKL,REST,Standard,1
2025,12,MERCEDES-V,46,Valencia,Private,ICE,SKL,REST,Standard,1
2025,12,MG,46,Valencia,Corporate,BEV,UKL2,REST,Standard,1
2025,12,MG,46,Valencia,Corporate,ICE,KKL,REST,Standard,5
2025,12,MG,46,Valencia,Corporate,ICE,UKL1,REST,Standard,19
2025,12,MG,46,Valencia,Private,BEV,UKL1,REST,Standard,3
2025,12,MG,46,Valencia,Private,BEV,UKL2,REST,Standard,2
2025,12,MG,46,Valencia,Private,ICE,KKL,REST,Standard,5
2025,12,MG,46,Valencia,Private,ICE,UKL1,REST,Standard,175
2025,12,MG,46,Valencia,Private,PHEV,KKL,REST,Standard,16
2025,12,MINI,46,Valencia,Corporate,BEV,UKL1,FOCUS SEGMENT,Standard,1
2025,12,MINI,46,Valencia,Corporate,ICE,UKL1,FOCUS SEGMENT,Standard,2
2025,12,MINI,46,Valencia,Corporate,ICE,UKL2,FOCUS SEGMENT,Standard,3
2025,12,MINI,46,Valencia,Private,BEV,UKL1,FOCUS SEGMENT,JCW,3
2025,12,MINI,46,Valencia,Private,BEV,UKL1,FOCUS SEGMENT,Standard,9
2025,12,MINI,46,Valencia,Private,BEV,UKL2,FOCUS SEGMENT,Standard,1
2025,12,MINI,46,Valencia,Private,ICE,UKL1,FOCUS SEGMENT,JCW,1
2025,12,MINI,46,Valencia,Private,ICE,UKL1,FOCUS SEGMENT,Standard,5
2025,12,MINI,46,Valencia,Private,ICE,UKL2,FOCUS SEGMENT,JCW,1
2025,12,MINI,46,Valencia,Private,ICE,UKL2,FOCUS SEGMENT,Standard,2
2025,12,MITSUBISHI,46,Valencia,Corporate,ICE,UKL2,REST,Standard,1
2025,12,MITSUBISHI,46,Valencia,Private,ICE,UKL1,REST,Standard,7
2025,12,MITSUBISHI,46,Valencia,Private,ICE,UKL2,REST,Standard,11
2025,12,MITSUBISHI,46,Valencia,Private,PHEV,KKL,REST,Standard,1
2025,12,NISSAN,46,Valencia,Corporate,BEV,UKL1,REST,Standard,2
2025,12,NISSAN,46,Valencia,Corporate,BEV,UKL2,REST,Standard,1
2025,12,NISSAN,46,Valencia,Corporate,ICE,KKL,REST,Standard,5
2025,12,NISSAN,46,Valencia,Corporate,ICE,UKL2,REST,Standard,4
2025,12,NISSAN,46,Valencia,Private,BEV,UKL2,REST,Standard,1
2025,12,NISSAN,46,Valencia,Private,ICE,KKL,REST,Standard,11
2025,12,NISSAN,46,Valencia,Private,ICE,SKL,REST,Standard,3
2025,12,NISSAN,46,Valencia,Private,ICE,UKL1,REST,Standard,25
2025,12,NISSAN,46,Valencia,Private,ICE,UKL2,REST,Standard,55
2025,12,OMODA,46,Valencia,Corporate,ICE,UKL2,REST,Standard,2
2025,12,OMODA,46,Valencia,Corporate,PHEV,KKL,REST,Standard,6
2025,12,OMODA,46,Valencia,Private,BEV,UKL2,REST,Standard,7
2025,12,OMODA,46,Valencia,Private,ICE,UKL2,REST,Standard,84
2025,12,OMODA,46,Valencia,Private,PHEV,KKL,REST,Standard,13
2025,12,OPEL,46,Valencia,Corporate,ICE,KKL,REST,Standard,1
2025,12,OPEL,46,Valencia,Private,BEV,KKL,REST,Standard,1
2025,12,OPEL,46,Valencia,Private,BEV,UKL1,REST,Standard,1
2025,12,OPEL,46,Valencia,Private,ICE,KKL,REST,Standard,13
2025,12,OPEL,46,Valencia,Private,ICE,UKL1,REST,Standard,33
2025,12,OPEL,46,Valencia,Private,PHEV,UKL2,REST,Standard,1
2025,12,PEUGEOT,46,Valencia,Corporate,BEV,SKL,REST,Standard,1
2025,12,PEUGEOT,46,Valencia,Corporate,ICE,KKL,REST,Standard,2
2025,12,PEUGEOT,46,Valencia,Corporate,ICE,SKL,REST,Standard,7
2025,12,PEUGEOT,46,Valencia,Corporate,ICE,UKL1,REST,Standard,3
2025,12,PEUGEOT,46,Valencia,Corporate,ICE,UKL2,REST,Standard,10
2025,12,PEUGEOT,46,Valencia,Corporate,PHEV,KKL,REST,Standard,1
2025,12,PEUGEOT,46,Valencia,Corporate,PHEV,UKL2,REST,Standard,2
2025,12,PEUGEOT,46,Valencia,Private,BEV,UKL2,REST,Standard,2
2025,12,PEUGEOT,46,Valencia,Private,ICE,KKL,REST,Standard,3
2025,12,PEUGEOT,46,Valencia,Private,ICE,SKL,REST,Standard,12
2025,12,PEUGEOT,46,Valencia,Private,ICE,UKL1,REST,Standard,70
2025,12,PEUGEOT,46,Valencia,Private,ICE,UKL2,REST,Standard,16
2025,12,PEUGEOT,46,Valencia,Private,PHEV,KKL,REST,Standard,3
2025,12,PEUGEOT,46,Valencia,Private,PHEV,UKL2,REST,Standard,4
2025,12,PEUGEOT,46,Valencia,RAC,PHEV,UKL2,REST,Standard,1
2025,12,POLESTAR,46,Valencia,Corporate,BEV,KKL,FOCUS SEGMENT,Standard,3
2025,12,POLESTAR,46,Valencia,Private,BEV,KKL,FOCUS SEGMENT,Standard,1
2025,12,PORSCHE,46,Valencia,Corporate,BEV,KKL,FOCUS SEGMENT,Standard,2
2025,12,PORSCHE,46,Valencia,Corporate,PHEV,GKL,FOCUS SEGMENT,M Performance,1
2025,12,PORSCHE,46,Valencia,Corporate,PHEV,MKL,FOCUS SEGMENT,M Performance,1
2025,12,PORSCHE,46,Valencia,Corporate,PHEV,MKL,FOCUS SEGMENT,Standard,1
2025,12,PORSCHE,46,Valencia,Private,BEV,KKL,FOCUS SEGMENT,Standard,1
2025,12,PORSCHE,46,Valencia,Private,PHEV,MKL,FOCUS SEGMENT,Standard,1
2025,12,REHATRANS,46,Valencia,Corporate,ICE,SKL,REST,Standard,1
2025,12,REHATRANS,46,Valencia,RAC,ICE,SKL,REST,Standard,1
2025,12,RENAULT,46,Valencia,Corporate,BEV,UKL2,REST,Standard,2
2025,12,RENAULT,46,Valencia,Corporate,ICE,KKL,REST,Standard,2
2025,12,RENAULT,46,Valencia,Corporate,ICE,UKL1,REST,Standard,45
2025,12,RENAULT,46,Valencia,Corporate,ICE,UKL2,REST,Standard,5
2025,12,RENAULT,46,Valencia,Corporate,PHEV,UKL2,REST,Standard,1
2025,12,RENAULT,46,Valencia,Private,BEV,UKL1,REST,Standard,6
2025,12,RENAULT,46,Valencia,Private,BEV,UKL2,REST,Standard,1
2025,12,RENAULT,46,Valencia,Private,ICE,KKL,REST,Standard,6
2025,12,RENAULT,46,Valencia,Private,ICE,SKL,REST,Standard,1
2025,12,RENAULT,46,Valencia,Private,ICE,UKL1,REST,Standard,169
2025,12,RENAULT,46,Valencia,Private,ICE,UKL2,REST,Standard,46
2025,12,RENAULT,46,Valencia,Private,PHEV,UKL2,REST,Standard,10
2025,12,RENAULT,46,Valencia,RAC,ICE,UKL1,REST,Standard,2
2025,12,SEAT,46,Valencia,Corporate,ICE,UKL1,REST,Standard,19
2025,12,SEAT,46,Valencia,Corporate,ICE,UKL2,REST,Standard,10
2025,12,SEAT,46,Valencia,Corporate,PHEV,UKL2,REST,Standard,2
2025,12,SEAT,46,Valencia,Private,ICE,UKL1,REST,Standard,94
2025,12,SEAT,46,Valencia,Private,ICE,UKL2,REST,Standard,60
2025,12,SEAT,46,Valencia,Private,PHEV,UKL2,REST,Standard,3
2025,12,SHINERAY,46,Valencia,Private,ICE,MKL,REST,Standard,7
2025,12,SHINERAY,46,Valencia,Private,PHEV,MKL,REST,Standard,1
2025,12,SKODA,46,Valencia,Corporate,ICE,UKL1,REST,Standard,5
2025,12,SKODA,46,Valencia,Corporate,ICE,UKL2,REST,Standard,3
2025,12,SKODA,46,Valencia,Corporate,PHEV,KKL,REST,Standard,1
2025,12,SKODA,46,Valencia,Private,BEV,UKL2,REST,Standard,9
2025,12,SKODA,46,Valencia,Private,ICE,UKL1,REST,Standard,46
2025,12,SKODA,46,Valencia,Private,ICE,UKL2,REST,Standard,20
2025,12,SKODA,46,Valencia,Private,PHEV,KKL,REST,Standard,3
2025,12,SMART,46,Valencia,Corporate,BEV,UKL2,FOCUS SEGMENT,Standard,1
2025,12,SMART,46,Valencia,Private,BEV,UKL1,FOCUS SEGMENT,Standard,2
2025,12,SMART,46,Valencia,Private,BEV,UKL2,FOCUS SEGMENT,Standard,3
2025,12,SPORTEQUIPE,46,Valencia,Private,ICE,UKL2,REST,Standard,3
2025,12,SSANGYONG,46,Valencia,Corporate,ICE,MKL,REST,Standard,1
2025,12,SUBARU,46,Valencia,Private,ICE,KKL,REST,Standard,3
2025,12,SUZUKI,46,Valencia,Corporate,ICE,UKL1,REST,Standard,4
2025,12,SUZUKI,46,Valencia,Corporate,ICE,UKL2,REST,Standard,7
2025,12,SUZUKI,46,Valencia,Private,ICE,UKL1,REST,Standard,5
2025,12,SUZUKI,46,Valencia,Private,ICE,UKL2,REST,Standard,14
2025,12,TESLA,46,Valencia,Corporate,BEV,KKL,FOCUS SEGMENT,Standard,17
2025,12,TESLA,46,Valencia,Private,BEV,KKL,FOCUS SEGMENT,Standard,164
2025,12,TOYOTA,46,Valencia,Corporate,BEV,SKL,REST,Standard,2
2025,12,TOYOTA,46,Valencia,Corporate,BEV,UKL2,REST,Standard,1
2025,12,TOYOTA,46,Valencia,Corporate,ICE,SKL,REST,Standard,6
2025,12,TOYOTA,46,Valencia,Corporate,ICE,UKL1,REST,Standard,7
2025,12,TOYOTA,46,Valencia,Corporate,ICE,UKL2,REST,Standard,13
2025,12,TOYOTA,46,Valencia,Corporate,PHEV,UKL1,REST,Standard,4
2025,12,TOYOTA,46,Valencia,Corporate,PHEV,UKL2,REST,Standard,3
2025,12,TOYOTA,46,Valencia,Private,BEV,SKL,REST,Standard,1
2025,12,TOYOTA,46,Valencia,Private,ICE,GKL,REST,Standard,1
2025,12,TOYOTA,46,Valencia,Private,ICE,SKL,REST,Standard,9
2025,12,TOYOTA,46,Valencia,Private,ICE,UKL1,REST,Standard,192
2025,12,TOYOTA,46,Valencia,Private,ICE,UKL2,REST,Standard,80
2025,12,TOYOTA,46,Valencia,Private,PHEV,UKL1,REST,Standard,35
2025,12,TOYOTA,46,Valencia,Private,PHEV,UKL2,REST,Standard,17
2025,12,VOLKSWAGEN,46,Valencia,Corporate,BEV,UKL2,REST,Standard,4
2025,12,VOLKSWAGEN,46,Valencia,Corporate,ICE,UKL1,REST,Standard,13
2025,12,VOLKSWAGEN,46,Valencia,Corporate,ICE,UKL2,REST,Standard,19
2025,12,VOLKSWAGEN,46,Valencia,Corporate,PHEV,SKL,REST,Standard,18
2025,12,VOLKSWAGEN,46,Valencia,Corporate,PHEV,UKL2,REST,Standard,5
2025,12,VOLKSWAGEN,46,Valencia,Private,BEV,SKL,REST,Standard,1
2025,12,VOLKSWAGEN,46,Valencia,Private,BEV,UKL2,REST,Standard,9
2025,12,VOLKSWAGEN,46,Valencia,Private,ICE,SKL,REST,Standard,6
2025,12,VOLKSWAGEN,46,Valencia,Private,ICE,UKL1,REST,Standard,100
2025,12,VOLKSWAGEN,46,Valencia,Private,ICE,UKL2,REST,Standard,112
2025,12,VOLKSWAGEN,46,Valencia,Private,PHEV,MKL,REST,Standard,1
2025,12,VOLKSWAGEN,46,Valencia,Private,PHEV,SKL,REST,Standard,8
2025,12,VOLKSWAGEN,46,Valencia,Private,PHEV,UKL2,REST,Standard,30
2025,12,VOLKSWAGEN,46,Valencia,RAC,ICE,UKL1,REST,Standard,2
2025,12,VOLVO,46,Valencia,Corporate,BEV,MKL,FOCUS SEGMENT,Standard,1
2025,12,VOLVO,46,Valencia,Corporate,BEV,UKL1,FOCUS SEGMENT,Standard,4
2025,12,VOLVO,46,Valencia,Corporate,BEV,UKL2,FOCUS SEGMENT,Standard,1
2025,12,VOLVO,46,Valencia,Corporate,ICE,KKL,FOCUS SEGMENT,Standard,24
2025,12,VOLVO,46,Valencia,Corporate,ICE,MKL,FOCUS SEGMENT,Standard,2
2025,12,VOLVO,46,Valencia,Corporate,ICE,UKL2,FOCUS SEGMENT,Standard,45
2025,12,VOLVO,46,Valencia,Corporate,PHEV,KKL,FOCUS SEGMENT,Standard,3
2025,12,VOLVO,46,Valencia,Corporate,PHEV,MKL,FOCUS SEGMENT,Standard,1
2025,12,VOLVO,46,Valencia,Private,BEV,UKL1,FOCUS SEGMENT,Standard,17
2025,12,VOLVO,46,Valencia,Private,BEV,UKL2,FOCUS SEGMENT,Standard,7
2025,12,VOLVO,46,Valencia,Private,ICE,KKL,FOCUS SEGMENT,Standard,9
2025,12,VOLVO,46,Valencia,Private,ICE,UKL2,FOCUS SEGMENT,Standard,11
2025,12,VOLVO,46,Valencia,Private,PHEV,KKL,FOCUS SEGMENT,Standard,3
2025,12,VOLVO,46,Valencia,Private,PHEV,MKL,FOCUS SEGMENT,Standard,1
2025,12,XPENG,46,Valencia,Corporate,BEV,MKL,FOCUS SEGMENT,Standard,1
2025,12,XPENG,46,Valencia,Private,BEV,KKL,FOCUS SEGMENT,Standard,6
2025,12,AUDI,47,Valladolid,Corporate,BEV,UKL2,FOCUS SEGMENT,Standard,1
2025,12,AUDI,47,Valladolid,Corporate,ICE,KKL,FOCUS SEGMENT,Standard,3
2025,12,AUDI,47,Valladolid,Corporate,ICE,UKL1,FOCUS SEGMENT,Standard,1
2025,12,AUDI,47,Valladolid,Corporate,ICE,UKL2,FOCUS SEGMENT,Standard,2
2025,12,AUDI,47,Valladolid,Corporate,PHEV,KKL,FOCUS SEGMENT,Standard,1
2025,12,AUDI,47,Valladolid,Corporate,PHEV,UKL2,FOCUS SEGMENT,Standard,1
2025,12,AUDI,47,Valladolid,Private,ICE,UKL1,FOCUS SEGMENT,Standard,3
2025,12,AUDI,47,Valladolid,Private,ICE,UKL2,FOCUS SEGMENT,Standard,5
2025,12,AUDI,47,Valladolid,Private,PHEV,KKL,FOCUS SEGMENT,Standard,2
2025,12,AUDI,47,Valladolid,Private,PHEV,UKL2,FOCUS SEGMENT,Standard,1
2025,12,BMW,47,Valladolid,Corporate,ICE,KKL,FOCUS SEGMENT,Standard,1
2025,12,BMW,47,Valladolid,Corporate,ICE,MKL,FOCUS SEGMENT,Standard,3
2025,12,BMW,47,Valladolid,Corporate,ICE,UKL2,FOCUS SEGMENT,Standard,1
2025,12,BMW,47,Valladolid,Private,ICE,UKL2,FOCUS SEGMENT,Standard,6
2025,12,BMW,47,Valladolid,Private,PHEV,MKL,FOCUS SEGMENT,M,1
2025,12,BMW,47,Valladolid,Private,PHEV,UKL2,FOCUS SEGMENT,Standard,1
2025,12,BYD,47,Valladolid,Private,BEV,KKL,REST,Standard,2
2025,12,BYD,47,Valladolid,Private,BEV,UKL0,REST,Standard,9
2025,12,BYD,47,Valladolid,Private,BEV,UKL1,REST,Standard,2
2025,12,BYD,47,Valladolid,Private,BEV,UKL2,REST,Standard,4
2025,12,BYD,47,Valladolid,Private,PHEV,KKL,REST,Standard,8
2025,12,CITROEN,47,Valladolid,Corporate,ICE,SKL,REST,Standard,1
2025,12,CITROEN,47,Valladolid,Corporate,ICE,UKL2,REST,Standard,1
2025,12,CITROEN,47,Valladolid,Private,ICE,UKL2,REST,Standard,4
2025,12,CUPRA,47,Valladolid,Corporate,BEV,UKL2,REST,Standard,1
2025,12,CUPRA,47,Valladolid,Corporate,ICE,UKL2,REST,Standard,1
2025,12,CUPRA,47,Valladolid,Corporate,PHEV,UKL2,REST,Standard,1
2025,12,CUPRA,47,Valladolid,Private,ICE,UKL2,REST,Standard,2
2025,12,CUPRA,47,Valladolid,Private,PHEV,UKL2,REST,Standard,2
2025,12,DACIA,47,Valladolid,Corporate,ICE,SKL,REST,Standard,3
2025,12,DACIA,47,Valladolid,Corporate,ICE,UKL1,REST,Standard,4
2025,12,DACIA,47,Valladolid,Corporate,ICE,UKL2,REST,Standard,1
2025,12,DACIA,47,Valladolid,Private,BEV,UKL0,REST,Standard,4
2025,12,DACIA,47,Valladolid,Private,ICE,SKL,REST,Standard,6
2025,12,DACIA,47,Valladolid,Private,ICE,UKL1,REST,Standard,25
2025,12,DACIA,47,Valladolid,Private,ICE,UKL2,REST,Standard,13
2025,12,EBRO,47,Valladolid,Corporate,PHEV,KKL,REST,Standard,1
2025,12,EBRO,47,Valladolid,Corporate,PHEV,UKL2,REST,Standard,1
2025,12,EBRO,47,Valladolid,Private,ICE,UKL2,REST,Standard,11
2025,12,EBRO,47,Valladolid,Private,PHEV,KKL,REST,Standard,3
2025,12,EBRO,47,Valladolid,Private,PHEV,UKL2,REST,Standard,11
2025,12,EVO,47,Valladolid,Corporate,ICE,UKL1,REST,Standard,1
2025,12,FORD,47,Valladolid,Corporate,BEV,UKL1,REST,Standard,1
2025,12,FORD,47,Valladolid,Corporate,PHEV,UKL2,REST,Standard,1
2025,12,FORD,47,Valladolid,Private,ICE,UKL1,REST,Standard,1
2025,12,FORD,47,Valladolid,Private,ICE,UKL2,REST,Standard,1
2025,12,FORD,47,Valladolid,Private,PHEV,UKL2,REST,Standard,4
2025,12,HONDA,47,Valladolid,Corporate,ICE,KKL,REST,Standard,1
2025,12,HONDA,47,Valladolid,Private,ICE,UKL2,REST,Standard,2
2025,12,HYUNDAI,47,Valladolid,Corporate,BEV,UKL1,REST,Standard,1
2025,12,HYUNDAI,47,Valladolid,Corporate,ICE,MKL,REST,Standard,1
2025,12,HYUNDAI,47,Valladolid,Corporate,ICE,UKL1,REST,Standard,3
2025,12,HYUNDAI,47,Valladolid,Corporate,ICE,UKL2,REST,Standard,1
2025,12,HYUNDAI,47,Valladolid,Private,BEV,UKL1,REST,Standard,1
2025,12,HYUNDAI,47,Valladolid,Private,BEV,UKL2,REST,Standard,1
2025,12,HYUNDAI,47,Valladolid,Private,ICE,UKL1,REST,Standard,12
2025,12,HYUNDAI,47,Valladolid,Private,ICE,UKL2,REST,Standard,8
2025,12,HYUNDAI,47,Valladolid,Private,PHEV,UKL2,REST,Standard,2
2025,12,JAECOO,47,Valladolid,Private,BEV,UKL1,REST,Standard,1
2025,12,JAECOO,47,Valladolid,Private,ICE,UKL2,REST,Standard,1
2025,12,JAECOO,47,Valladolid,Private,PHEV,UKL2,REST,Standard,5
2025,12,JEEP,47,Valladolid,Private,PHEV,UKL1,REST,Standard,1
2025,12,KG MOBILITY,47,Valladolid,Corporate,ICE,UKL2,REST,Standard,1
2025,12,KG MOBILITY,47,Valladolid,Private,BEV,UKL2,REST,Standard,1
2025,12,KG MOBILITY,47,Valladolid,Private,ICE,MKL,REST,Standard,1
2025,12,KG MOBILITY,47,Valladolid,Private,ICE,UKL2,REST,Standard,1
2025,12,KIA,47,Valladolid,Corporate,ICE,UKL2,REST,Standard,2
2025,12,KIA,47,Valladolid,Private,BEV,KKL,REST,Standard,1
2025,12,KIA,47,Valladolid,Private,BEV,UKL1,REST,Standard,2
2025,12,KIA,47,Valladolid,Private,ICE,UKL1,REST,Standard,4
2025,12,KIA,47,Valladolid,Private,ICE,UKL2,REST,Standard,33
2025,12,LEAPMOTOR,47,Valladolid,Private,BEV,MKL,REST,Standard,2
2025,12,LEXUS,47,Valladolid,Corporate,PHEV,KKL,FOCUS SEGMENT,Standard,2
2025,12,LEXUS,47,Valladolid,Corporate,PHEV,MKL,FOCUS SEGMENT,Standard,1
2025,12,LEXUS,47,Valladolid,Private,ICE,UKL1,FOCUS SEGMENT,Standard,3
2025,12,LEXUS,47,Valladolid,Private,PHEV,KKL,FOCUS SEGMENT,Standard,4
2025,12,LYNK & CO,47,Valladolid,Private,PHEV,UKL2,REST,Standard,1
2025,12,MAZDA,47,Valladolid,Private,BEV,MKL,REST,Standard,1
2025,12,MAZDA,47,Valladolid,Private,ICE,UKL2,REST,Standard,10
2025,12,MERCEDES,47,Valladolid,Corporate,BEV,UKL2,FOCUS SEGMENT,Standard,2
2025,12,MERCEDES,47,Valladolid,Corporate,ICE,KKL,FOCUS SEGMENT,Standard,2
2025,12,MERCEDES,47,Valladolid,Corporate,ICE,MKL,REST,Standard,2
2025,12,MERCEDES,47,Valladolid,Corporate,ICE,UKL2,FOCUS SEGMENT,Standard,1
2025,12,MERCEDES,47,Valladolid,Corporate,PHEV,KKL,FOCUS SEGMENT,Standard,3
2025,12,MERCEDES,47,Valladolid,Corporate,PHEV,MKL,FOCUS SEGMENT,M Performance,1
2025,12,MERCEDES,47,Valladolid,Private,BEV,UKL2,FOCUS SEGMENT,Standard,2
2025,12,MERCEDES,47,Valladolid,Private,ICE,KKL,FOCUS SEGMENT,Standard,2
2025,12,MERCEDES,47,Valladolid,Private,ICE,UKL2,FOCUS SEGMENT,Standard,3
2025,12,MERCEDES,47,Valladolid,Private,PHEV,KKL,FOCUS SEGMENT,Standard,3
2025,12,MERCEDES,47,Valladolid,Private,PHEV,UKL2,FOCUS SEGMENT,Standard,6
2025,12,MG,47,Valladolid,Corporate,ICE,UKL1,REST,Standard,1
2025,12,MG,47,Valladolid,Private,BEV,UKL1,REST,Standard,4
2025,12,MG,47,Valladolid,Private,BEV,UKL2,REST,Standard,2
2025,12,MG,47,Valladolid,Private,ICE,KKL,REST,Standard,2
2025,12,MG,47,Valladolid,Private,ICE,UKL1,REST,Standard,20
2025,12,MG,47,Valladolid,Private,PHEV,KKL,REST,Standard,15
2025,12,MINI,47,Valladolid,Corporate,BEV,UKL1,FOCUS SEGMENT,Standard,1
2025,12,MINI,47,Valladolid,Corporate,BEV,UKL2,FOCUS SEGMENT,Standard,1
2025,12,MINI,47,Valladolid,Private,ICE,UKL1,FOCUS SEGMENT,JCW,1
2025,12,MITSUBISHI,47,Valladolid,Private,ICE,UKL2,REST,Standard,1
2025,12,NISSAN,47,Valladolid,Corporate,ICE,KKL,REST,Standard,1
2025,12,NISSAN,47,Valladolid,Private,ICE,KKL,REST,Standard,3
2025,12,NISSAN,47,Valladolid,Private,ICE,SKL,REST,Standard,2
2025,12,NISSAN,47,Valladolid,Private,ICE,UKL1,REST,Standard,3
2025,12,NISSAN,47,Valladolid,Private,ICE,UKL2,REST,Standard,11
2025,12,OMODA,47,Valladolid,Corporate,PHEV,KKL,REST,Standard,1
2025,12,OMODA,47,Valladolid,Private,ICE,UKL2,REST,Standard,8
2025,12,OMODA,47,Valladolid,Private,PHEV,KKL,REST,Standard,4
2025,12,OPEL,47,Valladolid,Private,ICE,UKL1,REST,Standard,1
2025,12,PEUGEOT,47,Valladolid,Corporate,PHEV,UKL2,REST,Standard,1
2025,12,PEUGEOT,47,Valladolid,Private,ICE,KKL,REST,Standard,1
2025,12,PEUGEOT,47,Valladolid,Private,ICE,UKL1,REST,Standard,1
2025,12,PEUGEOT,47,Valladolid,Private,ICE,UKL2,REST,Standard,1
2025,12,PORSCHE,47,Valladolid,Corporate,BEV,KKL,FOCUS SEGMENT,Standard,1
2025,12,PORSCHE,47,Valladolid,Corporate,ICE,GKL,FOCUS SEGMENT,M Performance,1
2025,12,PORSCHE,47,Valladolid,Corporate,PHEV,MKL,FOCUS SEGMENT,Standard,2
2025,12,RENAULT,47,Valladolid,Corporate,BEV,UKL1,REST,Standard,2
2025,12,RENAULT,47,Valladolid,Corporate,BEV,UKL2,REST,Standard,1
2025,12,RENAULT,47,Valladolid,Corporate,ICE,KKL,REST,Standard,3
2025,12,RENAULT,47,Valladolid,Corporate,ICE,UKL1,REST,Standard,31
2025,12,RENAULT,47,Valladolid,Corporate,ICE,UKL2,REST,Standard,3
2025,12,RENAULT,47,Valladolid,Corporate,PHEV,UKL2,REST,Standard,3
2025,12,RENAULT,47,Valladolid,Private,BEV,UKL1,REST,Standard,3
2025,12,RENAULT,47,Valladolid,Private,BEV,UKL2,REST,Standard,3
2025,12,RENAULT,47,Valladolid,Private,ICE,KKL,REST,Standard,3
2025,12,RENAULT,47,Valladolid,Private,ICE,SKL,REST,Standard,1
2025,12,RENAULT,47,Valladolid,Private,ICE,UKL1,REST,Standard,36
2025,12,RENAULT,47,Valladolid,Private,ICE,UKL2,REST,Standard,14
2025,12,RENAULT,47,Valladolid,Private,PHEV,UKL2,REST,Standard,7
2025,12,SEAT,47,Valladolid,Corporate,ICE,UKL2,REST,Standard,1
2025,12,SEAT,47,Valladolid,Private,ICE,UKL1,REST,Standard,7
2025,12,SEAT,47,Valladolid,Private,ICE,UKL2,REST,Standard,4
2025,12,SEAT,47,Valladolid,Private,PHEV,UKL2,REST,Standard,1
2025,12,SKODA,47,Valladolid,Corporate,ICE,UKL1,REST,Standard,2
2025,12,SKODA,47,Valladolid,Corporate,ICE,UKL2,REST,Standard,1
2025,12,SKODA,47,Valladolid,Private,BEV,UKL2,REST,Standard,3
2025,12,SKODA,47,Valladolid,Private,ICE,UKL1,REST,Standard,4
2025,12,SKODA,47,Valladolid,Private,ICE,UKL2,REST,Standard,2
2025,12,SKODA,47,Valladolid,Private,PHEV,KKL,REST,Standard,6
2025,12,SUZUKI,47,Valladolid,Private,ICE,UKL1,REST,Standard,1
2025,12,SUZUKI,47,Valladolid,Private,ICE,UKL2,REST,Standard,1
2025,12,TESLA,47,Valladolid,Private,BEV,KKL,FOCUS SEGMENT,Standard,9
2025,12,TOYOTA,47,Valladolid,Corporate,ICE,SKL,REST,Standard,3
2025,12,TOYOTA,47,Valladolid,Corporate,ICE,UKL0,REST,Standard,1
2025,12,TOYOTA,47,Valladolid,Corporate,ICE,UKL1,REST,Standard,1
2025,12,TOYOTA,47,Valladolid,Corporate,ICE,UKL2,REST,Standard,1
2025,12,TOYOTA,47,Valladolid,Private,ICE,SKL,REST,Standard,1
2025,12,TOYOTA,47,Valladolid,Private,ICE,UKL1,REST,Standard,18
2025,12,TOYOTA,47,Valladolid,Private,ICE,UKL2,REST,Standard,12
2025,12,TOYOTA,47,Valladolid,Private,PHEV,UKL1,REST,Standard,6
2025,12,TOYOTA,47,Valladolid,Private,PHEV,UKL2,REST,Standard,5
2025,12,VOLKSWAGEN,47,Valladolid,Corporate,ICE,KKL,REST,Standard,1
2025,12,VOLKSWAGEN,47,Valladolid,Corporate,ICE,UKL2,REST,Standard,2
2025,12,VOLKSWAGEN,47,Valladolid,Corporate,PHEV,UKL2,REST,Standard,1
2025,12,VOLKSWAGEN,47,Valladolid,Private,BEV,UKL2,REST,Standard,5
2025,12,VOLKSWAGEN,47,Valladolid,Private,ICE,KKL,REST,Standard,1
2025,12,VOLKSWAGEN,47,Valladolid,Private,ICE,UKL1,REST,Standard,2
2025,12,VOLKSWAGEN,47,Valladolid,Private,ICE,UKL2,REST,Standard,7
2025,12,VOLKSWAGEN,47,Valladolid,Private,PHEV,SKL,REST,Standard,4
2025,12,VOLVO,47,Valladolid,Corporate,ICE,KKL,FOCUS SEGMENT,Standard,2
2025,12,VOLVO,47,Valladolid,Corporate,ICE,MKL,FOCUS SEGMENT,Standard,1
2025,12,VOLVO,47,Valladolid,Corporate,ICE,UKL2,FOCUS SEGMENT,Standard,12
2025,12,VOLVO,47,Valladolid,Private,ICE,KKL,FOCUS SEGMENT,Standard,1
2025,12,VOLVO,47,Valladolid,Private,ICE,UKL2,FOCUS SEGMENT,Standard,4
2025,12,XPENG,47,Valladolid,Corporate,BEV,KKL,FOCUS SEGMENT,Standard,1
2025,12,XPENG,47,Valladolid,Private,BEV,KKL,FOCUS SEGMENT,Standard,4
2025,12,ALFA ROMEO,48,Bizkaia,Private,ICE,UKL1,REST,Standard,1
2025,12,AUDI,48,Bizkaia,Corporate,BEV,UKL2,FOCUS SEGMENT,Standard,3
2025,12,AUDI,48,Bizkaia,Corporate,ICE,KKL,FOCUS SEGMENT,M Performance,1
2025,12,AUDI,48,Bizkaia,Corporate,ICE,KKL,FOCUS SEGMENT,Standard,5
2025,12,AUDI,48,Bizkaia,Corporate,ICE,MKL,FOCUS SEGMENT,Standard,1
2025,12,AUDI,48,Bizkaia,Corporate,ICE,UKL1,FOCUS SEGMENT,Standard,18
2025,12,AUDI,48,Bizkaia,Corporate,ICE,UKL2,FOCUS SEGMENT,Standard,8
2025,12,AUDI,48,Bizkaia,Corporate,PHEV,KKL,FOCUS SEGMENT,Standard,2
2025,12,AUDI,48,Bizkaia,Corporate,PHEV,UKL2,FOCUS SEGMENT,Standard,2
2025,12,AUDI,48,Bizkaia,Private,BEV,MKL,FOCUS SEGMENT,Standard,1
2025,12,AUDI,48,Bizkaia,Private,ICE,KKL,FOCUS SEGMENT,Standard,3
2025,12,AUDI,48,Bizkaia,Private,ICE,UKL1,FOCUS SEGMENT,Standard,1
2025,12,AUDI,48,Bizkaia,Private,ICE,UKL2,FOCUS SEGMENT,Standard,18
2025,12,AUDI,48,Bizkaia,Private,PHEV,KKL,FOCUS SEGMENT,Standard,4
2025,12,AUDI,48,Bizkaia,Private,PHEV,UKL2,FOCUS SEGMENT,Standard,4
2025,12,BMW,48,Bizkaia,Corporate,BEV,KKL,FOCUS SEGMENT,Standard,1
2025,12,BMW,48,Bizkaia,Corporate,BEV,UKL2,FOCUS SEGMENT,Standard,2
2025,12,BMW,48,Bizkaia,Corporate,ICE,KKL,FOCUS SEGMENT,M,1
2025,12,BMW,48,Bizkaia,Corporate,ICE,KKL,FOCUS SEGMENT,Standard,5
2025,12,BMW,48,Bizkaia,Corporate,ICE,MKL,FOCUS SEGMENT,Standard,6
2025,12,BMW,48,Bizkaia,Corporate,ICE,UKL2,FOCUS SEGMENT,Standard,14
2025,12,BMW,48,Bizkaia,Corporate,PHEV,KKL,FOCUS SEGMENT,Standard,2
2025,12,BMW,48,Bizkaia,Private,BEV,UKL2,FOCUS SEGMENT,Standard,1
2025,12,BMW,48,Bizkaia,Private,ICE,KKL,FOCUS SEGMENT,Standard,6
2025,12,BMW,48,Bizkaia,Private,ICE,MKL,FOCUS SEGMENT,Standard,3
2025,12,BMW,48,Bizkaia,Private,ICE,UKL2,FOCUS SEGMENT,Standard,7
2025,12,BMW,48,Bizkaia,Private,PHEV,KKL,FOCUS SEGMENT,Standard,1
2025,12,BMW,48,Bizkaia,Private,PHEV,UKL2,FOCUS SEGMENT,Standard,1
2025,12,BYD,48,Bizkaia,Corporate,BEV,KKL,REST,Standard,1
2025,12,BYD,48,Bizkaia,Corporate,BEV,UKL0,REST,Standard,1
2025,12,BYD,48,Bizkaia,Private,BEV,KKL,REST,Standard,4
2025,12,BYD,48,Bizkaia,Private,BEV,UKL0,REST,Standard,7
2025,12,BYD,48,Bizkaia,Private,BEV,UKL1,REST,Standard,5
2025,12,BYD,48,Bizkaia,Private,BEV,UKL2,REST,Standard,6
2025,12,BYD,48,Bizkaia,Private,PHEV,KKL,REST,Standard,9
2025,12,CITROEN,48,Bizkaia,Corporate,ICE,UKL1,REST,Standard,7
2025,12,CITROEN,48,Bizkaia,Corporate,ICE,UKL2,REST,Standard,4
2025,12,CITROEN,48,Bizkaia,Private,BEV,UKL1,REST,Standard,6
2025,12,CITROEN,48,Bizkaia,Private,ICE,SKL,REST,Standard,5
2025,12,CITROEN,48,Bizkaia,Private,ICE,UKL1,REST,Standard,9
2025,12,CITROEN,48,Bizkaia,Private,ICE,UKL2,REST,Standard,2
2025,12,CUPRA,48,Bizkaia,Corporate,BEV,UKL2,REST,Standard,1
2025,12,CUPRA,48,Bizkaia,Corporate,ICE,UKL2,REST,Standard,3
2025,12,CUPRA,48,Bizkaia,Corporate,PHEV,UKL2,REST,Standard,2
2025,12,CUPRA,48,Bizkaia,Private,ICE,UKL2,REST,Standard,7
2025,12,CUPRA,48,Bizkaia,Private,PHEV,UKL2,REST,Standard,4
2025,12,DACIA,48,Bizkaia,Corporate,ICE,SKL,REST,Standard,3
2025,12,DACIA,48,Bizkaia,Corporate,ICE,UKL1,REST,Standard,5
2025,12,DACIA,48,Bizkaia,Corporate,ICE,UKL2,REST,Standard,17
2025,12,DACIA,48,Bizkaia,Private,ICE,SKL,REST,Standard,11
2025,12,DACIA,48,Bizkaia,Private,ICE,UKL1,REST,Standard,39
2025,12,DACIA,48,Bizkaia,Private,ICE,UKL2,REST,Standard,19
2025,12,DS,48,Bizkaia,Corporate,ICE,UKL2,REST,Standard,1
2025,12,DS,48,Bizkaia,Private,ICE,UKL2,REST,Standard,1
2025,12,EBRO,48,Bizkaia,Corporate,ICE,UKL2,REST,Standard,1
2025,12,EBRO,48,Bizkaia,Corporate,PHEV,UKL2,REST,Standard,2
2025,12,EBRO,48,Bizkaia,Private,ICE,KKL,REST,Standard,2
2025,12,EBRO,48,Bizkaia,Private,ICE,UKL2,REST,Standard,14
2025,12,EBRO,48,Bizkaia,Private,PHEV,KKL,REST,Standard,7
2025,12,EBRO,48,Bizkaia,Private,PHEV,UKL2,REST,Standard,24
2025,12,EVO,48,Bizkaia,Private,ICE,UKL1,REST,Standard,1
2025,12,EVO,48,Bizkaia,Private,ICE,UKL2,REST,Standard,1
2025,12,FIAT,48,Bizkaia,Private,ICE,UKL0,REST,Standard,1
2025,12,FIAT,48,Bizkaia,Private,ICE,UKL2,REST,Standard,2
2025,12,FORD,48,Bizkaia,Corporate,BEV,SKL,REST,Standard,1
2025,12,FORD,48,Bizkaia,Corporate,BEV,UKL1,REST,Standard,1
2025,12,FORD,48,Bizkaia,Corporate,ICE,SKL,REST,Standard,1
2025,12,FORD,48,Bizkaia,Corporate,ICE,UKL1,REST,Standard,4
2025,12,FORD,48,Bizkaia,Corporate,ICE,UKL2,REST,Standard,1
2025,12,FORD,48,Bizkaia,Corporate,PHEV,SKL,REST,Standard,6
2025,12,FORD,48,Bizkaia,Corporate,PHEV,UKL2,REST,Standard,7
2025,12,FORD,48,Bizkaia,Private,BEV,UKL1,REST,Standard,1
2025,12,FORD,48,Bizkaia,Private,ICE,MKL,REST,Standard,1
2025,12,FORD,48,Bizkaia,Private,ICE,SKL,REST,Standard,1
2025,12,FORD,48,Bizkaia,Private,ICE,UKL1,REST,Standard,3
2025,12,FORD,48,Bizkaia,Private,ICE,UKL2,REST,Standard,3
2025,12,FORD,48,Bizkaia,Private,PHEV,SKL,REST,Standard,3
2025,12,FORD,48,Bizkaia,Private,PHEV,UKL2,REST,Standard,2
2025,12,HONDA,48,Bizkaia,Corporate,ICE,KKL,REST,Standard,1
2025,12,HONDA,48,Bizkaia,Private,ICE,KKL,REST,Standard,2
2025,12,HONDA,48,Bizkaia,Private,ICE,UKL1,REST,Standard,2
2025,12,HONDA,48,Bizkaia,Private,ICE,UKL2,REST,Standard,7
2025,12,HONDA,48,Bizkaia,Private,PHEV,KKL,REST,Standard,1
2025,12,HYUNDAI,48,Bizkaia,Corporate,BEV,UKL1,REST,Standard,2
2025,12,HYUNDAI,48,Bizkaia,Corporate,BEV,UKL2,REST,Standard,3
2025,12,HYUNDAI,48,Bizkaia,Corporate,ICE,UKL0,REST,Standard,11
2025,12,HYUNDAI,48,Bizkaia,Corporate,ICE,UKL1,REST,Standard,21
2025,12,HYUNDAI,48,Bizkaia,Corporate,ICE,UKL2,REST,Standard,15
2025,12,HYUNDAI,48,Bizkaia,Private,BEV,UKL1,REST,Standard,5
2025,12,HYUNDAI,48,Bizkaia,Private,BEV,UKL2,REST,Standard,4
2025,12,HYUNDAI,48,Bizkaia,Private,ICE,MKL,REST,Standard,1
2025,12,HYUNDAI,48,Bizkaia,Private,ICE,UKL0,REST,Standard,4
2025,12,HYUNDAI,48,Bizkaia,Private,ICE,UKL1,REST,Standard,42
2025,12,HYUNDAI,48,Bizkaia,Private,ICE,UKL2,REST,Standard,27
2025,12,HYUNDAI,48,Bizkaia,Private,PHEV,MKL,REST,Standard,1
2025,12,HYUNDAI,48,Bizkaia,Private,PHEV,UKL2,REST,Standard,8
2025,12,JAECOO,48,Bizkaia,Private,ICE,UKL2,REST,Standard,5
2025,12,JAECOO,48,Bizkaia,Private,PHEV,UKL2,REST,Standard,9
2025,12,JEEP,48,Bizkaia,Corporate,PHEV,UKL2,REST,Standard,1
2025,12,JEEP,48,Bizkaia,Private,ICE,UKL1,REST,Standard,1
2025,12,KIA,48,Bizkaia,Corporate,BEV,KKL,REST,Standard,1
2025,12,KIA,48,Bizkaia,Corporate,ICE,KKL,REST,Standard,1
2025,12,KIA,48,Bizkaia,Corporate,ICE,UKL1,REST,Standard,1
2025,12,KIA,48,Bizkaia,Corporate,ICE,UKL2,REST,Standard,8
2025,12,KIA,48,Bizkaia,Private,BEV,SKL,REST,Standard,1
2025,12,KIA,48,Bizkaia,Private,BEV,UKL1,REST,Standard,8
2025,12,KIA,48,Bizkaia,Private,BEV,UKL2,REST,Standard,2
2025,12,KIA,48,Bizkaia,Private,ICE,KKL,REST,Standard,2
2025,12,KIA,48,Bizkaia,Private,ICE,UKL1,REST,Standard,9
2025,12,KIA,48,Bizkaia,Private,ICE,UKL2,REST,Standard,29
2025,12,KIA,48,Bizkaia,Private,PHEV,UKL2,REST,Standard,1
2025,12,LAND ROVER,48,Bizkaia,Corporate,ICE,MKL,FOCUS SEGMENT,Standard,1
2025,12,LAND ROVER,48,Bizkaia,Corporate,PHEV,UKL2,FOCUS SEGMENT,Standard,2
2025,12,LEAPMOTOR,48,Bizkaia,Corporate,BEV,MKL,REST,Standard,1
2025,12,LEAPMOTOR,48,Bizkaia,Corporate,BEV,UKL2,REST,Standard,1
2025,12,LEAPMOTOR,48,Bizkaia,Private,BEV,UKL2,REST,Standard,2
2025,12,LEXUS,48,Bizkaia,Corporate,ICE,KKL,FOCUS SEGMENT,Standard,1
2025,12,LEXUS,48,Bizkaia,Corporate,PHEV,KKL,FOCUS SEGMENT,Standard,4
2025,12,LEXUS,48,Bizkaia,Private,ICE,UKL1,FOCUS SEGMENT,Standard,4
2025,12,LEXUS,48,Bizkaia,Private,ICE,UKL2,FOCUS SEGMENT,Standard,3
2025,12,LEXUS,48,Bizkaia,Private,PHEV,KKL,FOCUS SEGMENT,Standard,1
2025,12,LIVAN,48,Bizkaia,Corporate,ICE,UKL1,REST,Standard,1
2025,12,LIVAN,48,Bizkaia,Private,ICE,UKL1,REST,Standard,1
2025,12,LYNK & CO,48,Bizkaia,Corporate,PHEV,UKL2,REST,Standard,1
2025,12,LYNK & CO,48,Bizkaia,Private,BEV,UKL2,REST,Standard,1
2025,12,LYNK & CO,48,Bizkaia,Private,PHEV,UKL2,REST,Standard,2
2025,12,MAN,48,Bizkaia,Corporate,ICE,SKL,REST,Standard,1
2025,12,MASERATI,48,Bizkaia,Corporate,ICE,KKL,FOCUS SEGMENT,Standard,1
2025,12,MAZDA,48,Bizkaia,Corporate,ICE,UKL2,REST,Standard,3
2025,12,MAZDA,48,Bizkaia,Private,BEV,MKL,REST,Standard,1
2025,12,MAZDA,48,Bizkaia,Private,ICE,KKL,REST,Standard,3
2025,12,MAZDA,48,Bizkaia,Private,ICE,UKL1,REST,Standard,1
2025,12,MAZDA,48,Bizkaia,Private,ICE,UKL2,REST,Standard,24
2025,12,MAZDA,48,Bizkaia,Private,PHEV,KKL,REST,Standard,3
2025,12,MERCEDES,48,Bizkaia,Corporate,BEV,UKL2,FOCUS SEGMENT,Standard,2
2025,12,MERCEDES,48,Bizkaia,Corporate,ICE,GKL,FOCUS SEGMENT,M,1
2025,12,MERCEDES,48,Bizkaia,Corporate,ICE,MKL,FOCUS SEGMENT,M Performance,1
2025,12,MERCEDES,48,Bizkaia,Corporate,ICE,MKL,REST,Standard,4
2025,12,MERCEDES,48,Bizkaia,Corporate,ICE,SKL,REST,Standard,2
2025,12,MERCEDES,48,Bizkaia,Corporate,ICE,UKL2,FOCUS SEGMENT,Standard,3
2025,12,MERCEDES,48,Bizkaia,Corporate,PHEV,KKL,FOCUS SEGMENT,Standard,15
2025,12,MERCEDES,48,Bizkaia,Corporate,PHEV,MKL,FOCUS SEGMENT,Standard,2
2025,12,MERCEDES,48,Bizkaia,Corporate,PHEV,UKL2,FOCUS SEGMENT,Standard,5
2025,12,MERCEDES,48,Bizkaia,Private,ICE,KKL,FOCUS SEGMENT,Standard,2
2025,12,MERCEDES,48,Bizkaia,Private,ICE,MKL,REST,Standard,1
2025,12,MERCEDES,48,Bizkaia,Private,ICE,UKL2,FOCUS SEGMENT,Standard,3
2025,12,MERCEDES,48,Bizkaia,Private,PHEV,KKL,FOCUS SEGMENT,Standard,1
2025,12,MERCEDES,48,Bizkaia,Private,PHEV,UKL2,FOCUS SEGMENT,Standard,5
2025,12,MERCEDES,48,Bizkaia,RAC,ICE,MKL,REST,Standard,1
2025,12,MG,48,Bizkaia,Corporate,BEV,KKL,REST,Standard,1
2025,12,MG,48,Bizkaia,Corporate,ICE,UKL1,REST,Standard,3
2025,12,MG,48,Bizkaia,Corporate,PHEV,KKL,REST,Standard,3
2025,12,MG,48,Bizkaia,Private,BEV,UKL1,REST,Standard,2
2025,12,MG,48,Bizkaia,Private,BEV,UKL2,REST,Standard,2
2025,12,MG,48,Bizkaia,Private,ICE,KKL,REST,Standard,2
2025,12,MG,48,Bizkaia,Private,ICE,UKL1,REST,Standard,25
2025,12,MG,48,Bizkaia,Private,PHEV,KKL,REST,Standard,19
2025,12,MINI,48,Bizkaia,Corporate,BEV,UKL1,FOCUS SEGMENT,Standard,1
2025,12,MINI,48,Bizkaia,Corporate,ICE,UKL1,FOCUS SEGMENT,Standard,1
2025,12,MINI,48,Bizkaia,Corporate,ICE,UKL2,FOCUS SEGMENT,JCW,1
2025,12,MINI,48,Bizkaia,Corporate,ICE,UKL2,FOCUS SEGMENT,Standard,3
2025,12,MINI,48,Bizkaia,Private,BEV,UKL1,FOCUS SEGMENT,JCW,1
2025,12,MINI,48,Bizkaia,Private,BEV,UKL1,FOCUS SEGMENT,Standard,3
2025,12,MINI,48,Bizkaia,Private,BEV,UKL2,FOCUS SEGMENT,Standard,2
2025,12,MINI,48,Bizkaia,Private,ICE,UKL1,FOCUS SEGMENT,JCW,1
2025,12,MINI,48,Bizkaia,Private,ICE,UKL1,FOCUS SEGMENT,Standard,2
2025,12,MINI,48,Bizkaia,Private,ICE,UKL2,FOCUS SEGMENT,Standard,3
2025,12,MITSUBISHI,48,Bizkaia,Corporate,ICE,UKL1,REST,Standard,1
2025,12,MITSUBISHI,48,Bizkaia,Private,ICE,UKL1,REST,Standard,3
2025,12,MITSUBISHI,48,Bizkaia,Private,ICE,UKL2,REST,Standard,4
2025,12,NISSAN,48,Bizkaia,Corporate,BEV,UKL1,REST,Standard,1
2025,12,NISSAN,48,Bizkaia,Corporate,ICE,KKL,REST,Standard,1
2025,12,NISSAN,48,Bizkaia,Corporate,ICE,UKL1,REST,Standard,1
2025,12,NISSAN,48,Bizkaia,Corporate,ICE,UKL2,REST,Standard,3
2025,12,NISSAN,48,Bizkaia,Private,ICE,KKL,REST,Standard,5
2025,12,NISSAN,48,Bizkaia,Private,ICE,SKL,REST,Standard,2
2025,12,NISSAN,48,Bizkaia,Private,ICE,UKL1,REST,Standard,3
2025,12,NISSAN,48,Bizkaia,Private,ICE,UKL2,REST,Standard,16
2025,12,OMODA,48,Bizkaia,Corporate,PHEV,KKL,REST,Standard,4
2025,12,OMODA,48,Bizkaia,Private,BEV,UKL2,REST,Standard,2
2025,12,OMODA,48,Bizkaia,Private,ICE,UKL2,REST,Standard,15
2025,12,OMODA,48,Bizkaia,Private,PHEV,KKL,REST,Standard,5
2025,12,OPEL,48,Bizkaia,Corporate,ICE,UKL1,REST,Standard,2
2025,12,OPEL,48,Bizkaia,Private,ICE,KKL,REST,Standard,3
2025,12,OPEL,48,Bizkaia,Private,ICE,SKL,REST,Standard,2
2025,12,OPEL,48,Bizkaia,Private,ICE,UKL1,REST,Standard,4
2025,12,OPEL,48,Bizkaia,Private,ICE,UKL2,REST,Standard,2
2025,12,PEUGEOT,48,Bizkaia,Corporate,ICE,UKL1,REST,Standard,1
2025,12,PEUGEOT,48,Bizkaia,Private,ICE,KKL,REST,Standard,1
2025,12,PEUGEOT,48,Bizkaia,Private,ICE,SKL,REST,Standard,5
2025,12,PEUGEOT,48,Bizkaia,Private,ICE,UKL1,REST,Standard,3
2025,12,PEUGEOT,48,Bizkaia,Private,ICE,UKL2,REST,Standard,2
2025,12,PEUGEOT,48,Bizkaia,Private,PHEV,UKL2,REST,Standard,2
2025,12,PORSCHE,48,Bizkaia,Corporate,BEV,GKL,FOCUS SEGMENT,M Performance,1
2025,12,PORSCHE,48,Bizkaia,Corporate,BEV,GKL,FOCUS SEGMENT,Standard,1
2025,12,PORSCHE,48,Bizkaia,Corporate,ICE,GKL,FOCUS SEGMENT,M Performance,2
2025,12,PORSCHE,48,Bizkaia,Corporate,PHEV,GKL,FOCUS SEGMENT,Standard,2
2025,12,PORSCHE,48,Bizkaia,Corporate,PHEV,MKL,FOCUS SEGMENT,Standard,1
2025,12,RENAULT,48,Bizkaia,Corporate,BEV,UKL1,REST,Standard,12
2025,12,RENAULT,48,Bizkaia,Corporate,ICE,UKL1,REST,Standard,25
2025,12,RENAULT,48,Bizkaia,Corporate,ICE,UKL2,REST,Standard,3
2025,12,RENAULT,48,Bizkaia,Corporate,PHEV,UKL2,REST,Standard,4
2025,12,RENAULT,48,Bizkaia,Private,BEV,UKL1,REST,Standard,7
2025,12,RENAULT,48,Bizkaia,Private,BEV,UKL2,REST,Standard,2
2025,12,RENAULT,48,Bizkaia,Private,ICE,KKL,REST,Standard,8
2025,12,RENAULT,48,Bizkaia,Private,ICE,SKL,REST,Standard,5
2025,12,RENAULT,48,Bizkaia,Private,ICE,UKL1,REST,Standard,46
2025,12,RENAULT,48,Bizkaia,Private,ICE,UKL2,REST,Standard,13
2025,12,RENAULT,48,Bizkaia,Private,PHEV,UKL2,REST,Standard,4
2025,12,SEAT,48,Bizkaia,Corporate,ICE,UKL1,REST,Standard,6
2025,12,SEAT,48,Bizkaia,Corporate,ICE,UKL2,REST,Standard,3
2025,12,SEAT,48,Bizkaia,Corporate,PHEV,UKL2,REST,Standard,2
2025,12,SEAT,48,Bizkaia,Private,ICE,UKL1,REST,Standard,29
2025,12,SEAT,48,Bizkaia,Private,ICE,UKL2,REST,Standard,29
2025,12,SEAT,48,Bizkaia,Private,PHEV,UKL2,REST,Standard,3
2025,12,SKODA,48,Bizkaia,Corporate,ICE,KKL,REST,Standard,1
2025,12,SKODA,48,Bizkaia,Corporate,ICE,UKL2,REST,Standard,2
2025,12,SKODA,48,Bizkaia,Private,BEV,UKL2,REST,Standard,5
2025,12,SKODA,48,Bizkaia,Private,ICE,KKL,REST,Standard,3
2025,12,SKODA,48,Bizkaia,Private,ICE,UKL1,REST,Standard,18
2025,12,SKODA,48,Bizkaia,Private,ICE,UKL2,REST,Standard,17
2025,12,SKODA,48,Bizkaia,Private,PHEV,KKL,REST,Standard,3
2025,12,SUZUKI,48,Bizkaia,Corporate,ICE,UKL1,REST,Standard,4
2025,12,SUZUKI,48,Bizkaia,Corporate,ICE,UKL2,REST,Standard,3
2025,12,SUZUKI,48,Bizkaia,Private,ICE,UKL1,REST,Standard,6
2025,12,SUZUKI,48,Bizkaia,Private,ICE,UKL2,REST,Standard,3
2025,12,TESLA,48,Bizkaia,Corporate,BEV,KKL,FOCUS SEGMENT,Standard,6
2025,12,TESLA,48,Bizkaia,Private,BEV,KKL,FOCUS SEGMENT,Standard,27
2025,12,TOYOTA,48,Bizkaia,Corporate,BEV,SKL,REST,Standard,1
2025,12,TOYOTA,48,Bizkaia,Corporate,ICE,GKL,REST,Standard,1
2025,12,TOYOTA,48,Bizkaia,Corporate,ICE,SKL,REST,Standard,1
2025,12,TOYOTA,48,Bizkaia,Corporate,ICE,UKL1,REST,Standard,2
2025,12,TOYOTA,48,Bizkaia,Corporate,ICE,UKL2,REST,Standard,5
2025,12,TOYOTA,48,Bizkaia,Corporate,PHEV,UKL1,REST,Standard,1
2025,12,TOYOTA,48,Bizkaia,Corporate,PHEV,UKL2,REST,Standard,1
2025,12,TOYOTA,48,Bizkaia,Private,ICE,GKL,REST,Standard,1
2025,12,TOYOTA,48,Bizkaia,Private,ICE,SKL,REST,Standard,1
2025,12,TOYOTA,48,Bizkaia,Private,ICE,UKL1,REST,Standard,53
2025,12,TOYOTA,48,Bizkaia,Private,ICE,UKL2,REST,Standard,53
2025,12,TOYOTA,48,Bizkaia,Private,PHEV,UKL1,REST,Standard,1
2025,12,TOYOTA,48,Bizkaia,Private,PHEV,UKL2,REST,Standard,10
2025,12,VOLKSWAGEN,48,Bizkaia,Corporate,ICE,UKL1,REST,Standard,5
2025,12,VOLKSWAGEN,48,Bizkaia,Corporate,ICE,UKL2,REST,Standard,6
2025,12,VOLKSWAGEN,48,Bizkaia,Corporate,PHEV,SKL,REST,Standard,2
2025,12,VOLKSWAGEN,48,Bizkaia,Corporate,PHEV,UKL2,REST,Standard,1
2025,12,VOLKSWAGEN,48,Bizkaia,Private,BEV,MKL,REST,Standard,1
2025,12,VOLKSWAGEN,48,Bizkaia,Private,BEV,UKL2,REST,Standard,2
2025,12,VOLKSWAGEN,48,Bizkaia,Private,ICE,KKL,REST,Standard,1
2025,12,VOLKSWAGEN,48,Bizkaia,Private,ICE,SKL,REST,Standard,3
2025,12,VOLKSWAGEN,48,Bizkaia,Private,ICE,UKL1,REST,Standard,14
2025,12,VOLKSWAGEN,48,Bizkaia,Private,ICE,UKL2,REST,Standard,32
2025,12,VOLKSWAGEN,48,Bizkaia,Private,PHEV,SKL,REST,Standard,10
2025,12,VOLKSWAGEN,48,Bizkaia,Private,PHEV,UKL2,REST,Standard,8
2025,12,VOLVO,48,Bizkaia,Corporate,ICE,UKL2,FOCUS SEGMENT,Standard,19
2025,12,VOLVO,48,Bizkaia,Corporate,PHEV,KKL,FOCUS SEGMENT,Standard,1
2025,12,VOLVO,48,Bizkaia,Corporate,PHEV,MKL,FOCUS SEGMENT,Standard,2
2025,12,VOLVO,48,Bizkaia,Private,BEV,UKL1,FOCUS SEGMENT,Standard,4
2025,12,VOLVO,48,Bizkaia,Private,ICE,KKL,FOCUS SEGMENT,Standard,3
2025,12,VOLVO,48,Bizkaia,Private,ICE,UKL2,FOCUS SEGMENT,Standard,7
2025,12,XPENG,48,Bizkaia,Corporate,BEV,KKL,FOCUS SEGMENT,Standard,2
2025,12,XPENG,48,Bizkaia,Private,BEV,KKL,FOCUS SEGMENT,Standard,4
2025,12,AUDI,49,Zamora,Private,BEV,UKL2,FOCUS SEGMENT,Standard,1
2025,12,AUDI,49,Zamora,Private,ICE,UKL1,FOCUS SEGMENT,Standard,1
2025,12,AUDI,49,Zamora,Private,ICE,UKL2,FOCUS SEGMENT,Standard,2
2025,12,BMW,49,Zamora,Corporate,ICE,UKL2,FOCUS SEGMENT,Standard,1
2025,12,BMW,49,Zamora,Private,ICE,KKL,FOCUS SEGMENT,Standard,3
2025,12,BMW,49,Zamora,Private,ICE,UKL2,FOCUS SEGMENT,Standard,2
2025,12,BYD,49,Zamora,Private,BEV,KKL,REST,Standard,1
2025,12,BYD,49,Zamora,Private,BEV,UKL2,REST,Standard,1
2025,12,BYD,49,Zamora,Private,PHEV,KKL,REST,Standard,3
2025,12,CITROEN,49,Zamora,Corporate,ICE,UKL2,REST,Standard,1
2025,12,CITROEN,49,Zamora,Private,ICE,SKL,REST,Standard,1
2025,12,CITROEN,49,Zamora,Private,ICE,UKL2,REST,Standard,1
2025,12,DACIA,49,Zamora,Corporate,ICE,UKL1,REST,Standard,1
2025,12,DACIA,49,Zamora,Private,BEV,UKL0,REST,Standard,1
2025,12,DACIA,49,Zamora,Private,ICE,SKL,REST,Standard,4
2025,12,DACIA,49,Zamora,Private,ICE,UKL1,REST,Standard,4
2025,12,DACIA,49,Zamora,Private,ICE,UKL2,REST,Standard,5
2025,12,EBRO,49,Zamora,Private,ICE,UKL2,REST,Standard,2
2025,12,EBRO,49,Zamora,Private,PHEV,UKL2,REST,Standard,1
2025,12,EVO,49,Zamora,Private,ICE,UKL2,REST,Standard,1
2025,12,HONDA,49,Zamora,Private,ICE,UKL2,REST,Standard,1
2025,12,HYUNDAI,49,Zamora,Corporate,ICE,UKL0,REST,Standard,1
2025,12,HYUNDAI,49,Zamora,Corporate,ICE,UKL2,REST,Standard,1
2025,12,HYUNDAI,49,Zamora,Private,BEV,UKL1,REST,Standard,1
2025,12,HYUNDAI,49,Zamora,Private,ICE,UKL0,REST,Standard,1
2025,12,HYUNDAI,49,Zamora,Private,ICE,UKL1,REST,Standard,8
2025,12,HYUNDAI,49,Zamora,Private,ICE,UKL2,REST,Standard,4
2025,12,HYUNDAI,49,Zamora,Private,PHEV,UKL2,REST,Standard,1
2025,12,JAECOO,49,Zamora,Private,ICE,UKL2,REST,Standard,2
2025,12,JAECOO,49,Zamora,Private,PHEV,UKL2,REST,Standard,1
2025,12,KG MOBILITY,49,Zamora,Private,ICE,UKL2,REST,Standard,1
2025,12,KIA,49,Zamora,Private,BEV,KKL,REST,Standard,1
2025,12,KIA,49,Zamora,Private,BEV,UKL1,REST,Standard,2
2025,12,KIA,49,Zamora,Private,BEV,UKL2,REST,Standard,1
2025,12,KIA,49,Zamora,Private,ICE,UKL1,REST,Standard,3
2025,12,KIA,49,Zamora,Private,ICE,UKL2,REST,Standard,3
2025,12,LEAPMOTOR,49,Zamora,Private,BEV,UKL2,REST,Standard,1
2025,12,MAZDA,49,Zamora,Corporate,ICE,KKL,REST,Standard,1
2025,12,MAZDA,49,Zamora,Private,ICE,KKL,REST,Standard,1
2025,12,MAZDA,49,Zamora,Private,ICE,UKL2,REST,Standard,4
2025,12,MERCEDES,49,Zamora,Corporate,ICE,KKL,FOCUS SEGMENT,Standard,1
2025,12,MERCEDES,49,Zamora,Corporate,ICE,MKL,REST,Standard,1
2025,12,MERCEDES,49,Zamora,Corporate,ICE,SKL,REST,Standard,1
2025,12,MERCEDES,49,Zamora,Corporate,PHEV,MKL,FOCUS SEGMENT,Standard,2
2025,12,MERCEDES,49,Zamora,Private,BEV,MKL,FOCUS SEGMENT,Standard,1
2025,12,MERCEDES,49,Zamora,Private,ICE,KKL,FOCUS SEGMENT,Standard,2
2025,12,MERCEDES,49,Zamora,Private,PHEV,KKL,FOCUS SEGMENT,Standard,1
2025,12,MG,49,Zamora,Private,ICE,KKL,REST,Standard,1
2025,12,MG,49,Zamora,Private,ICE,UKL1,REST,Standard,7
2025,12,MG,49,Zamora,Private,PHEV,KKL,REST,Standard,1
2025,12,NISSAN,49,Zamora,Corporate,ICE,UKL2,REST,Standard,2
2025,12,NISSAN,49,Zamora,Private,ICE,UKL2,REST,Standard,3
2025,12,OMODA,49,Zamora,Private,BEV,UKL2,REST,Standard,1
2025,12,OMODA,49,Zamora,Private,PHEV,KKL,REST,Standard,3
2025,12,PEUGEOT,49,Zamora,Private,ICE,UKL2,REST,Standard,1
2025,12,PORSCHE,49,Zamora,Corporate,BEV,KKL,FOCUS SEGMENT,M Performance,1
2025,12,RENAULT,49,Zamora,Corporate,ICE,UKL1,REST,Standard,4
2025,12,RENAULT,49,Zamora,Corporate,ICE,UKL2,REST,Standard,1
2025,12,RENAULT,49,Zamora,Private,BEV,UKL1,REST,Standard,1
2025,12,RENAULT,49,Zamora,Private,ICE,KKL,REST,Standard,1
2025,12,RENAULT,49,Zamora,Private,ICE,UKL1,REST,Standard,11
2025,12,RENAULT,49,Zamora,Private,ICE,UKL2,REST,Standard,3
2025,12,SEAT,49,Zamora,Private,ICE,UKL1,REST,Standard,6
2025,12,SEAT,49,Zamora,Private,ICE,UKL2,REST,Standard,5
2025,12,SHINERAY,49,Zamora,Private,ICE,MKL,REST,Standard,1
2025,12,SKODA,49,Zamora,Private,ICE,UKL1,REST,Standard,1
2025,12,TOYOTA,49,Zamora,Corporate,BEV,UKL2,REST,Standard,1
2025,12,TOYOTA,49,Zamora,Corporate,ICE,SKL,REST,Standard,1
2025,12,TOYOTA,49,Zamora,Corporate,ICE,UKL2,REST,Standard,4
2025,12,TOYOTA,49,Zamora,Private,ICE,UKL1,REST,Standard,4
2025,12,TOYOTA,49,Zamora,Private,ICE,UKL2,REST,Standard,4
2025,12,TOYOTA,49,Zamora,Private,PHEV,UKL1,REST,Standard,1
2025,12,VOLKSWAGEN,49,Zamora,Private,ICE,UKL1,REST,Standard,4
2025,12,VOLKSWAGEN,49,Zamora,Private,ICE,UKL2,REST,Standard,3
2025,12,VOLVO,49,Zamora,Private,ICE,KKL,FOCUS SEGMENT,Standard,2
2025,12,VOLVO,49,Zamora,Private,PHEV,MKL,FOCUS SEGMENT,Standard,1
2025,12,AUDI,50,Zaragoza,Corporate,ICE,KKL,FOCUS SEGMENT,M Performance,1
2025,12,AUDI,50,Zaragoza,Corporate,ICE,KKL,FOCUS SEGMENT,Standard,1
2025,12,AUDI,50,Zaragoza,Corporate,ICE,MKL,FOCUS SEGMENT,M Performance,1
2025,12,AUDI,50,Zaragoza,Corporate,ICE,UKL1,FOCUS SEGMENT,Standard,2
2025,12,AUDI,50,Zaragoza,Corporate,ICE,UKL2,FOCUS SEGMENT,M Performance,2
2025,12,AUDI,50,Zaragoza,Corporate,ICE,UKL2,FOCUS SEGMENT,Standard,13
2025,12,AUDI,50,Zaragoza,Corporate,PHEV,KKL,FOCUS SEGMENT,Standard,13
2025,12,AUDI,50,Zaragoza,Corporate,PHEV,UKL2,FOCUS SEGMENT,Standard,2
2025,12,AUDI,50,Zaragoza,Private,BEV,KKL,FOCUS SEGMENT,Standard,2
2025,12,AUDI,50,Zaragoza,Private,ICE,KKL,FOCUS SEGMENT,Standard,1
2025,12,AUDI,50,Zaragoza,Private,ICE,MKL,FOCUS SEGMENT,Standard,1
2025,12,AUDI,50,Zaragoza,Private,ICE,UKL1,FOCUS SEGMENT,Standard,6
2025,12,AUDI,50,Zaragoza,Private,ICE,UKL2,FOCUS SEGMENT,Standard,13
2025,12,AUDI,50,Zaragoza,Private,PHEV,KKL,FOCUS SEGMENT,Standard,2
2025,12,AUDI,50,Zaragoza,Private,PHEV,UKL2,FOCUS SEGMENT,Standard,2
2025,12,AUDI,50,Zaragoza,RAC,ICE,MKL,FOCUS SEGMENT,M,1
2025,12,BMW,50,Zaragoza,Corporate,BEV,UKL2,FOCUS SEGMENT,Standard,1
2025,12,BMW,50,Zaragoza,Corporate,ICE,KKL,FOCUS SEGMENT,M,1
2025,12,BMW,50,Zaragoza,Corporate,ICE,KKL,FOCUS SEGMENT,Standard,2
2025,12,BMW,50,Zaragoza,Corporate,ICE,MKL,FOCUS SEGMENT,Standard,2
2025,12,BMW,50,Zaragoza,Corporate,ICE,UKL2,FOCUS SEGMENT,Standard,30
2025,12,BMW,50,Zaragoza,Corporate,PHEV,MKL,FOCUS SEGMENT,M,1
2025,12,BMW,50,Zaragoza,Private,BEV,UKL2,FOCUS SEGMENT,Standard,2
2025,12,BMW,50,Zaragoza,Private,ICE,KKL,FOCUS SEGMENT,Standard,1
2025,12,BMW,50,Zaragoza,Private,ICE,UKL2,FOCUS SEGMENT,M Performance,1
2025,12,BMW,50,Zaragoza,Private,ICE,UKL2,FOCUS SEGMENT,Standard,7
2025,12,BYD,50,Zaragoza,Corporate,BEV,KKL,REST,Standard,6
2025,12,BYD,50,Zaragoza,Corporate,BEV,UKL0,REST,Standard,1
2025,12,BYD,50,Zaragoza,Corporate,BEV,UKL2,REST,Standard,1
2025,12,BYD,50,Zaragoza,Corporate,PHEV,KKL,REST,Standard,5
2025,12,BYD,50,Zaragoza,Private,BEV,KKL,REST,Standard,3
2025,12,BYD,50,Zaragoza,Private,BEV,UKL0,REST,Standard,10
2025,12,BYD,50,Zaragoza,Private,BEV,UKL1,REST,Standard,16
2025,12,BYD,50,Zaragoza,Private,BEV,UKL2,REST,Standard,3
2025,12,BYD,50,Zaragoza,Private,PHEV,KKL,REST,Standard,13
2025,12,CITROEN,50,Zaragoza,Corporate,BEV,UKL2,REST,Standard,1
2025,12,CITROEN,50,Zaragoza,Corporate,ICE,SKL,REST,Standard,1
2025,12,CITROEN,50,Zaragoza,Corporate,ICE,UKL2,REST,Standard,14
2025,12,CITROEN,50,Zaragoza,Private,BEV,SKL,REST,Standard,1
2025,12,CITROEN,50,Zaragoza,Private,BEV,UKL1,REST,Standard,2
2025,12,CITROEN,50,Zaragoza,Private,ICE,SKL,REST,Standard,2
2025,12,CITROEN,50,Zaragoza,Private,ICE,UKL1,REST,Standard,8
2025,12,CITROEN,50,Zaragoza,Private,ICE,UKL2,REST,Standard,11
2025,12,CUPRA,50,Zaragoza,Corporate,ICE,UKL2,REST,Standard,10
2025,12,CUPRA,50,Zaragoza,Corporate,PHEV,UKL2,REST,Standard,5
2025,12,CUPRA,50,Zaragoza,Private,ICE,UKL2,REST,Standard,5
2025,12,CUPRA,50,Zaragoza,Private,PHEV,UKL2,REST,Standard,6
2025,12,DACIA,50,Zaragoza,Corporate,ICE,UKL1,REST,Standard,7
2025,12,DACIA,50,Zaragoza,Corporate,ICE,UKL2,REST,Standard,3
2025,12,DACIA,50,Zaragoza,Private,ICE,SKL,REST,Standard,13
2025,12,DACIA,50,Zaragoza,Private,ICE,UKL1,REST,Standard,33
2025,12,DACIA,50,Zaragoza,Private,ICE,UKL2,REST,Standard,29
2025,12,DS,50,Zaragoza,Private,BEV,UKL2,REST,Standard,1
2025,12,DS,50,Zaragoza,Private,ICE,UKL2,REST,Standard,3
2025,12,EBRO,50,Zaragoza,Corporate,ICE,UKL2,REST,Standard,55
2025,12,EBRO,50,Zaragoza,Corporate,PHEV,KKL,REST,Standard,6
2025,12,EBRO,50,Zaragoza,Corporate,PHEV,UKL2,REST,Standard,1
2025,12,EBRO,50,Zaragoza,Private,ICE,KKL,REST,Standard,1
2025,12,EBRO,50,Zaragoza,Private,ICE,UKL2,REST,Standard,13
2025,12,EBRO,50,Zaragoza,Private,PHEV,KKL,REST,Standard,4
2025,12,EBRO,50,Zaragoza,Private,PHEV,UKL2,REST,Standard,6
2025,12,FAW,50,Zaragoza,Corporate,ICE,UKL2,REST,Standard,2
2025,12,FAW,50,Zaragoza,Private,ICE,,REST,Standard,1
2025,12,FAW,50,Zaragoza,Private,ICE,UKL2,REST,Standard,2
2025,12,FIAT,50,Zaragoza,Corporate,ICE,UKL1,REST,Standard,4
2025,12,FIAT,50,Zaragoza,Private,ICE,UKL1,REST,Standard,1
2025,12,FORD,50,Zaragoza,Corporate,BEV,SKL,REST,Standard,1
2025,12,FORD,50,Zaragoza,Corporate,ICE,UKL1,REST,Standard,1
2025,12,FORD,50,Zaragoza,Private,ICE,UKL1,REST,Standard,2
2025,12,FORD,50,Zaragoza,Private,ICE,UKL2,REST,Standard,1
2025,12,FORD,50,Zaragoza,Private,PHEV,UKL2,REST,Standard,1
2025,12,HONDA,50,Zaragoza,Corporate,ICE,KKL,REST,Standard,1
2025,12,HONDA,50,Zaragoza,Corporate,ICE,UKL2,REST,Standard,1
2025,12,HONDA,50,Zaragoza,Private,ICE,KKL,REST,Standard,1
2025,12,HONDA,50,Zaragoza,Private,ICE,UKL1,REST,Standard,6
2025,12,HONDA,50,Zaragoza,Private,ICE,UKL2,REST,Standard,9
2025,12,HONDA,50,Zaragoza,Private,PHEV,KKL,REST,Standard,1
2025,12,HYUNDAI,50,Zaragoza,Corporate,BEV,UKL1,REST,Standard,1
2025,12,HYUNDAI,50,Zaragoza,Corporate,ICE,UKL1,REST,Standard,8
2025,12,HYUNDAI,50,Zaragoza,Corporate,ICE,UKL2,REST,Standard,11
2025,12,HYUNDAI,50,Zaragoza,Corporate,PHEV,UKL2,REST,Standard,3
2025,12,HYUNDAI,50,Zaragoza,Private,BEV,UKL1,REST,Standard,1
2025,12,HYUNDAI,50,Zaragoza,Private,BEV,UKL2,REST,Standard,1
2025,12,HYUNDAI,50,Zaragoza,Private,ICE,UKL0,REST,Standard,4
2025,12,HYUNDAI,50,Zaragoza,Private,ICE,UKL1,REST,Standard,28
2025,12,HYUNDAI,50,Zaragoza,Private,ICE,UKL2,REST,Standard,31
2025,12,HYUNDAI,50,Zaragoza,Private,PHEV,UKL2,REST,Standard,3
2025,12,JAECOO,50,Zaragoza,Corporate,ICE,UKL2,REST,Standard,1
2025,12,JAECOO,50,Zaragoza,Private,BEV,UKL1,REST,Standard,1
2025,12,JAECOO,50,Zaragoza,Private,ICE,UKL2,REST,Standard,5
2025,12,JAECOO,50,Zaragoza,Private,PHEV,UKL2,REST,Standard,6
2025,12,JEEP,50,Zaragoza,Corporate,ICE,UKL1,REST,Standard,1
2025,12,JEEP,50,Zaragoza,Private,ICE,UKL1,REST,Standard,1
2025,12,KG MOBILITY,50,Zaragoza,Private,ICE,MKL,REST,Standard,2
2025,12,KIA,50,Zaragoza,Corporate,BEV,SKL,REST,Standard,1
2025,12,KIA,50,Zaragoza,Corporate,ICE,UKL2,REST,Standard,2
2025,12,KIA,50,Zaragoza,Private,BEV,SKL,REST,Standard,1
2025,12,KIA,50,Zaragoza,Private,BEV,UKL1,REST,Standard,4
2025,12,KIA,50,Zaragoza,Private,BEV,UKL2,REST,Standard,3
2025,12,KIA,50,Zaragoza,Private,ICE,UKL0,REST,Standard,2
2025,12,KIA,50,Zaragoza,Private,ICE,UKL1,REST,Standard,5
2025,12,KIA,50,Zaragoza,Private,ICE,UKL2,REST,Standard,36
2025,12,KIA,50,Zaragoza,Private,PHEV,UKL2,REST,Standard,2
2025,12,LANCIA,50,Zaragoza,Private,ICE,UKL1,REST,Standard,1
2025,12,LEAPMOTOR,50,Zaragoza,Private,BEV,MKL,REST,Standard,6
2025,12,LEAPMOTOR,50,Zaragoza,Private,BEV,UKL0,REST,Standard,5
2025,12,LEAPMOTOR,50,Zaragoza,Private,BEV,UKL2,REST,Standard,5
2025,12,LEXUS,50,Zaragoza,Private,ICE,KKL,FOCUS SEGMENT,Standard,3
2025,12,LEXUS,50,Zaragoza,Private,ICE,MKL,FOCUS SEGMENT,Standard,1
2025,12,LEXUS,50,Zaragoza,Private,ICE,UKL1,FOCUS SEGMENT,Standard,2
2025,12,LEXUS,50,Zaragoza,Private,PHEV,KKL,FOCUS SEGMENT,Standard,2
2025,12,LYNK & CO,50,Zaragoza,Corporate,PHEV,UKL2,REST,Standard,1
2025,12,LYNK & CO,50,Zaragoza,Private,PHEV,UKL2,REST,Standard,1
2025,12,MASERATI,50,Zaragoza,Private,ICE,KKL,FOCUS SEGMENT,Standard,1
2025,12,MAZDA,50,Zaragoza,Corporate,BEV,MKL,REST,Standard,1
2025,12,MAZDA,50,Zaragoza,Corporate,ICE,KKL,REST,Standard,3
2025,12,MAZDA,50,Zaragoza,Corporate,ICE,UKL2,REST,Standard,1
2025,12,MAZDA,50,Zaragoza,Corporate,PHEV,KKL,REST,Standard,1
2025,12,MAZDA,50,Zaragoza,Private,BEV,MKL,REST,Standard,1
2025,12,MAZDA,50,Zaragoza,Private,ICE,KKL,REST,Standard,2
2025,12,MAZDA,50,Zaragoza,Private,ICE,UKL1,REST,Standard,1
2025,12,MAZDA,50,Zaragoza,Private,ICE,UKL2,REST,Standard,22
2025,12,MAZDA,50,Zaragoza,Private,PHEV,KKL,REST,Standard,1
2025,12,MERCEDES,50,Zaragoza,Corporate,BEV,UKL2,FOCUS SEGMENT,Standard,3
2025,12,MERCEDES,50,Zaragoza,Corporate,ICE,GKL,FOCUS SEGMENT,Standard,1
2025,12,MERCEDES,50,Zaragoza,Corporate,ICE,KKL,FOCUS SEGMENT,Standard,3
2025,12,MERCEDES,50,Zaragoza,Corporate,ICE,MKL,FOCUS SEGMENT,Standard,2
2025,12,MERCEDES,50,Zaragoza,Corporate,ICE,SKL,REST,Standard,2
2025,12,MERCEDES,50,Zaragoza,Corporate,ICE,UKL2,FOCUS SEGMENT,Standard,6
2025,12,MERCEDES,50,Zaragoza,Corporate,PHEV,KKL,FOCUS SEGMENT,Standard,4
2025,12,MERCEDES,50,Zaragoza,Corporate,PHEV,MKL,FOCUS SEGMENT,Standard,2
2025,12,MERCEDES,50,Zaragoza,Private,BEV,MKL,FOCUS SEGMENT,Standard,1
2025,12,MERCEDES,50,Zaragoza,Private,BEV,UKL2,FOCUS SEGMENT,Standard,1
2025,12,MERCEDES,50,Zaragoza,Private,ICE,GKL,FOCUS SEGMENT,Standard,1
2025,12,MERCEDES,50,Zaragoza,Private,ICE,KKL,FOCUS SEGMENT,Standard,4
2025,12,MERCEDES,50,Zaragoza,Private,ICE,MKL,FOCUS SEGMENT,M Performance,1
2025,12,MERCEDES,50,Zaragoza,Private,ICE,MKL,FOCUS SEGMENT,Standard,2
2025,12,MERCEDES,50,Zaragoza,Private,ICE,MKL,REST,Standard,1
2025,12,MERCEDES,50,Zaragoza,Private,ICE,SKL,REST,Standard,2
2025,12,MERCEDES,50,Zaragoza,Private,ICE,UKL2,FOCUS SEGMENT,Standard,8
2025,12,MERCEDES,50,Zaragoza,Private,PHEV,KKL,FOCUS SEGMENT,Standard,3
2025,12,MERCEDES,50,Zaragoza,Private,PHEV,UKL2,FOCUS SEGMENT,Standard,4
2025,12,MG,50,Zaragoza,Corporate,PHEV,KKL,REST,Standard,1
2025,12,MG,50,Zaragoza,Private,ICE,KKL,REST,Standard,1
2025,12,MG,50,Zaragoza,Private,ICE,UKL1,REST,Standard,47
2025,12,MG,50,Zaragoza,Private,PHEV,KKL,REST,Standard,27
2025,12,MINI,50,Zaragoza,Corporate,BEV,UKL1,FOCUS SEGMENT,Standard,3
2025,12,MINI,50,Zaragoza,Corporate,ICE,UKL1,FOCUS SEGMENT,Standard,2
2025,12,MINI,50,Zaragoza,Corporate,ICE,UKL2,FOCUS SEGMENT,JCW,1
2025,12,MINI,50,Zaragoza,Corporate,ICE,UKL2,FOCUS SEGMENT,Standard,2
2025,12,MINI,50,Zaragoza,Private,BEV,UKL1,FOCUS SEGMENT,JCW,1
2025,12,MINI,50,Zaragoza,Private,BEV,UKL1,FOCUS SEGMENT,Standard,2
2025,12,MINI,50,Zaragoza,Private,ICE,UKL1,FOCUS SEGMENT,Standard,1
2025,12,MINI,50,Zaragoza,Private,ICE,UKL2,FOCUS SEGMENT,Standard,1
2025,12,MITSUBISHI,50,Zaragoza,Private,ICE,UKL1,REST,Standard,5
2025,12,MITSUBISHI,50,Zaragoza,Private,ICE,UKL2,REST,Standard,3
2025,12,MITSUBISHI,50,Zaragoza,Private,PHEV,KKL,REST,Standard,1
2025,12,NISSAN,50,Zaragoza,Corporate,BEV,UKL1,REST,Standard,1
2025,12,NISSAN,50,Zaragoza,Corporate,BEV,UKL2,REST,Standard,1
2025,12,NISSAN,50,Zaragoza,Corporate,ICE,KKL,REST,Standard,2
2025,12,NISSAN,50,Zaragoza,Corporate,ICE,UKL2,REST,Standard,2
2025,12,NISSAN,50,Zaragoza,Private,ICE,KKL,REST,Standard,3
2025,12,NISSAN,50,Zaragoza,Private,ICE,SKL,REST,Standard,2
2025,12,NISSAN,50,Zaragoza,Private,ICE,UKL1,REST,Standard,7
2025,12,NISSAN,50,Zaragoza,Private,ICE,UKL2,REST,Standard,15
2025,12,OMODA,50,Zaragoza,Corporate,ICE,UKL2,REST,Standard,1
2025,12,OMODA,50,Zaragoza,Corporate,PHEV,KKL,REST,Standard,3
2025,12,OMODA,50,Zaragoza,Private,BEV,UKL2,REST,Standard,1
2025,12,OMODA,50,Zaragoza,Private,ICE,UKL2,REST,Standard,16
2025,12,OMODA,50,Zaragoza,Private,PHEV,KKL,REST,Standard,6
2025,12,OPEL,50,Zaragoza,Corporate,ICE,UKL1,REST,Standard,2
2025,12,OPEL,50,Zaragoza,Private,BEV,UKL2,REST,Standard,1
2025,12,OPEL,50,Zaragoza,Private,ICE,KKL,REST,Standard,2
2025,12,OPEL,50,Zaragoza,Private,ICE,SKL,REST,Standard,3
2025,12,OPEL,50,Zaragoza,Private,ICE,UKL1,REST,Standard,12
2025,12,PEUGEOT,50,Zaragoza,Corporate,ICE,SKL,REST,Standard,6
2025,12,PEUGEOT,50,Zaragoza,Corporate,ICE,UKL2,REST,Standard,3
2025,12,PEUGEOT,50,Zaragoza,Private,BEV,UKL1,REST,Standard,1
2025,12,PEUGEOT,50,Zaragoza,Private,BEV,UKL2,REST,Standard,1
2025,12,PEUGEOT,50,Zaragoza,Private,ICE,KKL,REST,Standard,3
2025,12,PEUGEOT,50,Zaragoza,Private,ICE,SKL,REST,Standard,2
2025,12,PEUGEOT,50,Zaragoza,Private,ICE,UKL1,REST,Standard,23
2025,12,PEUGEOT,50,Zaragoza,Private,ICE,UKL2,REST,Standard,19
2025,12,PEUGEOT,50,Zaragoza,Private,PHEV,UKL2,REST,Standard,1
2025,12,POLESTAR,50,Zaragoza,Corporate,BEV,KKL,FOCUS SEGMENT,Standard,3
2025,12,POLESTAR,50,Zaragoza,Corporate,BEV,MKL,FOCUS SEGMENT,Standard,1
2025,12,PORSCHE,50,Zaragoza,Private,PHEV,GKL,FOCUS SEGMENT,Standard,1
2025,12,PORSCHE,50,Zaragoza,Private,PHEV,MKL,FOCUS SEGMENT,Standard,1
2025,12,RENAULT,50,Zaragoza,Corporate,BEV,UKL1,REST,Standard,1
2025,12,RENAULT,50,Zaragoza,Corporate,ICE,KKL,REST,Standard,1
2025,12,RENAULT,50,Zaragoza,Corporate,ICE,UKL1,REST,Standard,10
2025,12,RENAULT,50,Zaragoza,Corporate,ICE,UKL2,REST,Standard,2
2025,12,RENAULT,50,Zaragoza,Corporate,PHEV,UKL2,REST,Standard,3
2025,12,RENAULT,50,Zaragoza,Private,BEV,UKL2,REST,Standard,1
2025,12,RENAULT,50,Zaragoza,Private,ICE,KKL,REST,Standard,3
2025,12,RENAULT,50,Zaragoza,Private,ICE,SKL,REST,Standard,3
2025,12,RENAULT,50,Zaragoza,Private,ICE,UKL1,REST,Standard,27
2025,12,RENAULT,50,Zaragoza,Private,ICE,UKL2,REST,Standard,16
2025,12,RENAULT,50,Zaragoza,Private,PHEV,UKL2,REST,Standard,2
2025,12,SEAT,50,Zaragoza,Corporate,ICE,UKL1,REST,Standard,6
2025,12,SEAT,50,Zaragoza,Corporate,ICE,UKL2,REST,Standard,6
2025,12,SEAT,50,Zaragoza,Corporate,PHEV,UKL2,REST,Standard,2
2025,12,SEAT,50,Zaragoza,Private,ICE,UKL1,REST,Standard,24
2025,12,SEAT,50,Zaragoza,Private,ICE,UKL2,REST,Standard,20
2025,12,SEAT,50,Zaragoza,Private,PHEV,UKL2,REST,Standard,1
2025,12,SKODA,50,Zaragoza,Corporate,BEV,UKL2,REST,Standard,5
2025,12,SKODA,50,Zaragoza,Corporate,ICE,KKL,REST,Standard,1
2025,12,SKODA,50,Zaragoza,Corporate,ICE,UKL1,REST,Standard,13
2025,12,SKODA,50,Zaragoza,Corporate,ICE,UKL2,REST,Standard,17
2025,12,SKODA,50,Zaragoza,Private,BEV,UKL2,REST,Standard,1
2025,12,SKODA,50,Zaragoza,Private,ICE,UKL1,REST,Standard,9
2025,12,SKODA,50,Zaragoza,Private,ICE,UKL2,REST,Standard,8
2025,12,SKODA,50,Zaragoza,Private,PHEV,KKL,REST,Standard,5
2025,12,SUZUKI,50,Zaragoza,Corporate,ICE,UKL1,REST,Standard,2
2025,12,SUZUKI,50,Zaragoza,Private,ICE,UKL1,REST,Standard,3
2025,12,SUZUKI,50,Zaragoza,Private,ICE,UKL2,REST,Standard,7
2025,12,TESLA,50,Zaragoza,Corporate,BEV,KKL,FOCUS SEGMENT,Standard,1
2025,12,TESLA,50,Zaragoza,Private,BEV,KKL,FOCUS SEGMENT,Standard,11
2025,12,TOYOTA,50,Zaragoza,Corporate,ICE,GKL,REST,Standard,1
2025,12,TOYOTA,50,Zaragoza,Corporate,ICE,SKL,REST,Standard,1
2025,12,TOYOTA,50,Zaragoza,Corporate,ICE,UKL1,REST,Standard,2
2025,12,TOYOTA,50,Zaragoza,Corporate,ICE,UKL2,REST,Standard,4
2025,12,TOYOTA,50,Zaragoza,Corporate,PHEV,UKL1,REST,Standard,3
2025,12,TOYOTA,50,Zaragoza,Corporate,PHEV,UKL2,REST,Standard,2
2025,12,TOYOTA,50,Zaragoza,Private,BEV,UKL2,REST,Standard,1
2025,12,TOYOTA,50,Zaragoza,Private,ICE,SKL,REST,Standard,1
2025,12,TOYOTA,50,Zaragoza,Private,ICE,UKL1,REST,Standard,40
2025,12,TOYOTA,50,Zaragoza,Private,ICE,UKL2,REST,Standard,32
2025,12,TOYOTA,50,Zaragoza,Private,PHEV,UKL1,REST,Standard,10
2025,12,TOYOTA,50,Zaragoza,Private,PHEV,UKL2,REST,Standard,17
2025,12,VOLKSWAGEN,50,Zaragoza,Corporate,BEV,UKL2,REST,Standard,3
2025,12,VOLKSWAGEN,50,Zaragoza,Corporate,ICE,UKL2,REST,Standard,2
2025,12,VOLKSWAGEN,50,Zaragoza,Corporate,PHEV,SKL,REST,Standard,1
2025,12,VOLKSWAGEN,50,Zaragoza,Corporate,PHEV,UKL2,REST,Standard,2
2025,12,VOLKSWAGEN,50,Zaragoza,Private,BEV,UKL2,REST,Standard,6
2025,12,VOLKSWAGEN,50,Zaragoza,Private,ICE,SKL,REST,Standard,4
2025,12,VOLKSWAGEN,50,Zaragoza,Private,ICE,UKL1,REST,Standard,30
2025,12,VOLKSWAGEN,50,Zaragoza,Private,ICE,UKL2,REST,Standard,23
2025,12,VOLKSWAGEN,50,Zaragoza,Private,PHEV,SKL,REST,Standard,1
2025,12,VOLKSWAGEN,50,Zaragoza,Private,PHEV,UKL2,REST,Standard,7
2025,12,VOLVO,50,Zaragoza,Corporate,PHEV,MKL,FOCUS SEGMENT,Standard,1
2025,12,VOLVO,50,Zaragoza,Private,BEV,UKL1,FOCUS SEGMENT,Standard,3
2025,12,VOLVO,50,Zaragoza,Private,BEV,UKL2,FOCUS SEGMENT,Standard,1
2025,12,VOLVO,50,Zaragoza,Private,ICE,KKL,FOCUS SEGMENT,Standard,3
2025,12,VOLVO,50,Zaragoza,Private,ICE,UKL2,FOCUS SEGMENT,Standard,3
2025,12,XPENG,50,Zaragoza,Private,BEV,KKL,FOCUS SEGMENT,Standard,4
2025,12,ALFA ROMEO,51,Ceuta,Private,ICE,UKL1,REST,Standard,1
2025,12,AUDI,51,Ceuta,Private,ICE,UKL1,FOCUS SEGMENT,Standard,1
2025,12,AUDI,51,Ceuta,Private,ICE,UKL2,FOCUS SEGMENT,Standard,5
2025,12,BMW,51,Ceuta,Private,ICE,UKL2,FOCUS SEGMENT,Standard,2
2025,12,BYD,51,Ceuta,Private,PHEV,KKL,REST,Standard,1
2025,12,DACIA,51,Ceuta,Corporate,BEV,UKL0,REST,Standard,1
2025,12,DACIA,51,Ceuta,Private,ICE,SKL,REST,Standard,1
2025,12,DACIA,51,Ceuta,Private,ICE,UKL1,REST,Standard,2
2025,12,DACIA,51,Ceuta,Private,ICE,UKL2,REST,Standard,4
2025,12,FIAT,51,Ceuta,Corporate,ICE,UKL1,REST,Standard,1
2025,12,FIAT,51,Ceuta,Private,ICE,UKL0,REST,Standard,1
2025,12,FIAT,51,Ceuta,Private,ICE,UKL1,REST,Standard,2
2025,12,HYUNDAI,51,Ceuta,Private,ICE,UKL0,REST,Standard,2
2025,12,HYUNDAI,51,Ceuta,Private,ICE,UKL1,REST,Standard,2
2025,12,JAECOO,51,Ceuta,Private,PHEV,UKL2,REST,Standard,1
2025,12,KIA,51,Ceuta,Private,ICE,UKL0,REST,Standard,3
2025,12,KIA,51,Ceuta,Private,ICE,UKL1,REST,Standard,2
2025,12,KIA,51,Ceuta,Private,ICE,UKL2,REST,Standard,4
2025,12,MERCEDES,51,Ceuta,Private,ICE,MKL,FOCUS SEGMENT,Standard,1
2025,12,MERCEDES,51,Ceuta,Private,ICE,UKL2,FOCUS SEGMENT,Standard,2
2025,12,MERCEDES,51,Ceuta,Private,PHEV,UKL2,FOCUS SEGMENT,Standard,1
2025,12,MG,51,Ceuta,Private,ICE,UKL1,REST,Standard,1
2025,12,MITSUBISHI,51,Ceuta,Private,ICE,UKL2,REST,Standard,1
2025,12,NISSAN,51,Ceuta,Private,ICE,KKL,REST,Standard,1
2025,12,OMODA,51,Ceuta,Private,PHEV,KKL,REST,Standard,1
2025,12,OPEL,51,Ceuta,Private,ICE,KKL,REST,Standard,1
2025,12,PEUGEOT,51,Ceuta,Corporate,ICE,SKL,REST,Standard,2
2025,12,PEUGEOT,51,Ceuta,Private,ICE,SKL,REST,Standard,1
2025,12,PEUGEOT,51,Ceuta,Private,ICE,UKL1,REST,Standard,1
2025,12,PEUGEOT,51,Ceuta,Private,ICE,UKL2,REST,Standard,1
2025,12,POLESTAR,51,Ceuta,Private,BEV,KKL,FOCUS SEGMENT,Standard,1
2025,12,RENAULT,51,Ceuta,Corporate,BEV,UKL2,REST,Standard,1
2025,12,RENAULT,51,Ceuta,Corporate,ICE,SKL,REST,Standard,2
2025,12,RENAULT,51,Ceuta,Corporate,ICE,UKL1,REST,Standard,2
2025,12,RENAULT,51,Ceuta,Private,BEV,UKL1,REST,Standard,1
2025,12,RENAULT,51,Ceuta,Private,ICE,UKL1,REST,Standard,5
2025,12,RENAULT,51,Ceuta,Private,ICE,UKL2,REST,Standard,4
2025,12,SEAT,51,Ceuta,Corporate,ICE,UKL1,REST,Standard,1
2025,12,SHINERAY,51,Ceuta,Private,ICE,MKL,REST,Standard,1
2025,12,SKODA,51,Ceuta,Private,ICE,KKL,REST,Standard,1
2025,12,TOYOTA,51,Ceuta,Private,ICE,GKL,REST,Standard,1
2025,12,TOYOTA,51,Ceuta,Private,ICE,UKL1,REST,Standard,7
2025,12,TOYOTA,51,Ceuta,Private,ICE,UKL2,REST,Standard,7
2025,12,VOLKSWAGEN,51,Ceuta,Private,ICE,UKL1,REST,Standard,2
2025,12,VOLKSWAGEN,51,Ceuta,Private,ICE,UKL2,REST,Standard,4
2025,12,AUDI,52,Melilla,Corporate,ICE,UKL1,FOCUS SEGMENT,Standard,1
2025,12,AUDI,52,Melilla,Corporate,PHEV,KKL,FOCUS SEGMENT,Standard,1
2025,12,AUDI,52,Melilla,Private,ICE,UKL2,FOCUS SEGMENT,Standard,3
2025,12,DACIA,52,Melilla,Private,ICE,UKL1,REST,Standard,4
2025,12,DACIA,52,Melilla,Private,ICE,UKL2,REST,Standard,2
2025,12,EBRO,52,Melilla,Private,ICE,KKL,REST,Standard,1
2025,12,EBRO,52,Melilla,Private,ICE,UKL2,REST,Standard,3
2025,12,EBRO,52,Melilla,Private,PHEV,KKL,REST,Standard,1
2025,12,EBRO,52,Melilla,Private,PHEV,UKL2,REST,Standard,7
2025,12,HYUNDAI,52,Melilla,Corporate,ICE,UKL0,REST,Standard,1
2025,12,HYUNDAI,52,Melilla,Private,ICE,UKL0,REST,Standard,3
2025,12,HYUNDAI,52,Melilla,Private,ICE,UKL1,REST,Standard,8
2025,12,HYUNDAI,52,Melilla,Private,ICE,UKL2,REST,Standard,2
2025,12,JAECOO,52,Melilla,Corporate,ICE,UKL2,REST,Standard,3
2025,12,JAECOO,52,Melilla,Private,ICE,UKL2,REST,Standard,2
2025,12,KG MOBILITY,52,Melilla,Private,ICE,UKL1,REST,Standard,1
2025,12,KG MOBILITY,52,Melilla,Private,ICE,UKL2,REST,Standard,1
2025,12,KIA,52,Melilla,Corporate,ICE,UKL1,REST,Standard,2
2025,12,KIA,52,Melilla,Private,ICE,UKL0,REST,Standard,1
2025,12,KIA,52,Melilla,Private,ICE,UKL1,REST,Standard,2
2025,12,KIA,52,Melilla,Private,ICE,UKL2,REST,Standard,4
2025,12,MAZDA,52,Melilla,Private,ICE,UKL2,REST,Standard,1
2025,12,MG,52,Melilla,Corporate,ICE,KKL,REST,Standard,1
2025,12,MG,52,Melilla,Corporate,ICE,UKL1,REST,Standard,3
2025,12,MG,52,Melilla,Private,ICE,KKL,REST,Standard,2
2025,12,MG,52,Melilla,Private,ICE,UKL1,REST,Standard,4
2025,12,MITSUBISHI,52,Melilla,Corporate,ICE,UKL1,REST,Standard,1
2025,12,MITSUBISHI,52,Melilla,Private,ICE,UKL2,REST,Standard,2
2025,12,NISSAN,52,Melilla,Corporate,ICE,UKL1,REST,Standard,1
2025,12,NISSAN,52,Melilla,Corporate,ICE,UKL2,REST,Standard,1
2025,12,NISSAN,52,Melilla,Private,ICE,UKL2,REST,Standard,1
2025,12,OMODA,52,Melilla,Corporate,ICE,UKL2,REST,Standard,6
2025,12,OMODA,52,Melilla,Private,ICE,UKL2,REST,Standard,1
2025,12,PEUGEOT,52,Melilla,Private,ICE,KKL,REST,Standard,1
2025,12,PEUGEOT,52,Melilla,Private,ICE,UKL1,REST,Standard,2
2025,12,RENAULT,52,Melilla,Private,ICE,UKL1,REST,Standard,3
2025,12,RENAULT,52,Melilla,Private,ICE,UKL2,REST,Standard,4
2025,12,RENAULT,52,Melilla,Private,PHEV,UKL2,REST,Standard,1
2025,12,SEAT,52,Melilla,Private,ICE,UKL1,REST,Standard,4
2025,12,SEAT,52,Melilla,Private,ICE,UKL2,REST,Standard,2
2025,12,TESLA,52,Melilla,Private,BEV,KKL,FOCUS SEGMENT,Standard,2
2025,12,TOYOTA,52,Melilla,Corporate,ICE,UKL0,REST,Standard,1
2025,12,TOYOTA,52,Melilla,Private,ICE,GKL,REST,Standard,2
2025,12,TOYOTA,52,Melilla,Private,ICE,UKL0,REST,Standard,1
2025,12,TOYOTA,52,Melilla,Private,ICE,UKL1,REST,Standard,9
2025,12,TOYOTA,52,Melilla,Private,ICE,UKL2,REST,Standard,20
2025,12,VOLKSWAGEN,52,Melilla,Corporate,ICE,UKL1,REST,Standard,2
2025,12,VOLKSWAGEN,52,Melilla,Private,ICE,UKL1,REST,Standard,4
2025,12,VOLKSWAGEN,52,Melilla,Private,ICE,UKL2,REST,Standard,3
2025,12,VOLKSWAGEN,52,Melilla,Private,PHEV,SKL,REST,Standard,1
