anyo,mes,dia,marca,modelo,canal,fuel_type,fuel,segmento,subseg,hp,body_type,cod_prov,provincia,dealer_estimated,dealer_id,confidence,source_confidence,count
2026,07,28,AUDI,A1,Private,ICE,Gasolina,UKL1,FOCUS SEGMENT,Standard,HACH 5P,03,Alicante,motor pacífico alicante,MOTOR PACIFICO ALICANTE,high,official,1
2026,07,28,AUDI,A1,Private,ICE,Gasolina,UKL1,FOCUS SEGMENT,Standard,HACH 5P,07,Baleares,center palma,AUDI CENTER PALMA,high,official,2
2026,07,28,AUDI,A1,Private,ICE,Gasolina,UKL1,FOCUS SEGMENT,Standard,HACH 5P,24,León,telenauto,TELENAUTO,medium,official,1
2026,07,28,AUDI,A1,Private,ICE,Gasolina,UKL1,FOCUS SEGMENT,Standard,HACH 5P,27,Lugo,center lugo,AUDI CENTER LUGO,high,official,1
2026,07,28,AUDI,A1,Private,ICE,Gasolina,UKL1,FOCUS SEGMENT,Standard,HACH 5P,30,Murcia,huertas motor cartagena,HUERTAS MOTOR CARTAGENA,high,official,1
2026,07,28,AUDI,A1,Private,ICE,Gasolina,UKL1,FOCUS SEGMENT,Standard,HACH 5P,31,Navarra,iruñamovil,IRUNAMOVIL,high,official,1
2026,07,28,AUDI,A3,Private,ICE,Gasolina/Electrico Enchufable,UKL2,FOCUS SEGMENT,M Performance,HACH 5P,28,Madrid,center madrid las rozas,AUDI CENTER MADRID LAS ROZAS,high,official,1
2026,07,28,AUDI,A3,Private,ICE,Gasolina/Electrico Enchufable,UKL2,FOCUS SEGMENT,Standard,HACH 5P,03,Alicante,serramóvil,SERRAMOVIL,high,official,1
2026,07,28,AUDI,A3,Private,ICE,Gasolina/Electrico Enchufable,UKL2,FOCUS SEGMENT,Standard,HACH 5P,03,Alicante,serramóvil,SERRAMOVIL,medium,official,2
2026,07,28,AUDI,A3,Private,ICE,Gasolina/Electrico Enchufable,UKL2,FOCUS SEGMENT,Standard,HACH 5P,20,Gipuzkoa,menai,MENAI,high,official,1
2026,07,28,AUDI,A3,Private,ICE,Gasolina/Electrico Enchufable,UKL2,FOCUS SEGMENT,Standard,HACH 5P,25,Lleida,dalmau motor,DALMAU MOTOR,high,official,1
2026,07,28,AUDI,A3,Private,ICE,Gasolina/Electrico Enchufable,UKL2,FOCUS SEGMENT,Standard,HACH 5P,28,Madrid,f. tomé,F TOME,high,official,1
2026,07,28,AUDI,A3,Private,ICE,Gasolina/Electrico Enchufable,UKL2,FOCUS SEGMENT,Standard,HACH 5P,29,Málaga,safamotor,SAFAMOTOR,medium,official,1
2026,07,28,AUDI,A3,Private,ICE,Gasolina/Electrico Enchufable,UKL2,FOCUS SEGMENT,Standard,HACH 5P,46,Valencia,center valencia,AUDI CENTER VALENCIA,high,official,1
2026,07,28,AUDI,A3,Private,ICE,Gasolina/Electrico Enchufable,UKL2,FOCUS SEGMENT,Standard,HACH 5P,47,Valladolid,valladolid wagen,VALLADOLID WAGEN,high,official,1
2026,07,28,AUDI,A3,Private,PHEV,Gasolina/Electrico Enchufable,UKL2,FOCUS SEGMENT,Standard,HACH 5P,46,Valencia,center valencia,AUDI CENTER VALENCIA,high,official,1
2026,07,28,AUDI,A5,Private,ICE,Gasolina/Electrico Enchufable,KKL,FOCUS SEGMENT,Standard,SEDAN,28,Madrid,center madrid las rozas,AUDI CENTER MADRID LAS ROZAS,medium,official,1
2026,07,28,AUDI,A5,Private,PHEV,Gasolina/Electrico Enchufable,KKL,FOCUS SEGMENT,Standard,SEDAN,33,Asturias,asturpersa,ASTURPERSA,high,official,1
2026,07,28,AUDI,Q2,Private,ICE,Gasolina,UKL2,FOCUS SEGMENT,Standard,SAV,03,Alicante,serramóvil,SERRAMOVIL,medium,official,1
2026,07,28,AUDI,Q2,Private,ICE,Gasolina,UKL2,FOCUS SEGMENT,Standard,SAV,11,Cádiz,solera motor,SOLERA MOTOR,medium,official,1
2026,07,28,AUDI,Q2,Private,ICE,Gasolina,UKL2,FOCUS SEGMENT,Standard,SAV,15,A Coruña,arrojo,ARROJO,high,official,1
2026,07,28,AUDI,Q2,Private,ICE,Gasolina,UKL2,FOCUS SEGMENT,Standard,SAV,25,Lleida,dalmau motor,DALMAU MOTOR,high,official,1
2026,07,28,AUDI,Q2,Private,ICE,Gasolina,UKL2,FOCUS SEGMENT,Standard,SAV,28,Madrid,motorsan,MOTORSAN,high,official,1
2026,07,28,AUDI,Q2,Private,ICE,Gasolina,UKL2,FOCUS SEGMENT,Standard,SAV,30,Murcia,motor pacífico alicante,MOTOR PACIFICO ALICANTE,medium,official,2
2026,07,28,AUDI,Q2,Private,ICE,Gasolina,UKL2,FOCUS SEGMENT,Standard,SAV,32,Ourense,apersa,APERSA,high,official,1
2026,07,28,AUDI,Q2,Private,ICE,Gasolina,UKL2,FOCUS SEGMENT,Standard,SAV,33,Asturias,asturpersa,ASTURPERSA,high,official,1
2026,07,28,AUDI,Q3,Private,ICE,Gasolina/Electrico Enchufable,UKL2,FOCUS SEGMENT,Standard,SAV,25,Lleida,dalmau motor,DALMAU MOTOR,high,official,1
2026,07,28,AUDI,Q3,Private,ICE,Gasolina/Electrico Enchufable,UKL2,FOCUS SEGMENT,Standard,SAV,30,Murcia,motor pacífico alicante,MOTOR PACIFICO ALICANTE,medium,official,1
2026,07,28,AUDI,Q3,Private,ICE,Gasolina/Electrico Enchufable,UKL2,FOCUS SEGMENT,Standard,SAV,33,Asturias,asturpersa,ASTURPERSA,high,official,1
2026,07,28,AUDI,Q3,Private,ICE,Gasolina/Electrico Enchufable,UKL2,FOCUS SEGMENT,Standard,SAV,36,Pontevedra,vepersa,VEPERSA,high,official,1
2026,07,28,AUDI,Q3,Private,PHEV,Gasolina/Electrico Enchufable,UKL2,FOCUS SEGMENT,Standard,SAV,09,Burgos,center burgos,AUDI CENTER BURGOS,high,official,1
2026,07,28,AUDI,Q3 SPORTBACK,Private,ICE,Gasolina/Electrico Enchufable,UKL2,FOCUS SEGMENT,Standard,SAV,11,Cádiz,solera motor,SOLERA MOTOR,medium,official,1
2026,07,28,AUDI,Q3 SPORTBACK,Private,ICE,Gasolina/Electrico Enchufable,UKL2,FOCUS SEGMENT,Standard,SAV,17,Girona,autopodium,AUTOPODIUM,high,official,1
2026,07,28,AUDI,Q3 SPORTBACK,Private,ICE,Gasolina/Electrico Enchufable,UKL2,FOCUS SEGMENT,Standard,SAV,25,Lleida,dalmau motor,DALMAU MOTOR,high,official,1
2026,07,28,AUDI,Q3 SPORTBACK,Private,ICE,Gasolina/Electrico Enchufable,UKL2,FOCUS SEGMENT,Standard,SAV,30,Murcia,motor pacífico alicante,MOTOR PACIFICO ALICANTE,medium,official,1
2026,07,28,AUDI,Q3 SPORTBACK,Private,PHEV,Gasolina/Electrico Enchufable,UKL2,FOCUS SEGMENT,Standard,SAV,07,Baleares,center palma,AUDI CENTER PALMA,medium,official,2
2026,07,28,AUDI,Q4 E-TRON,Private,BEV,Electrico,UKL2,FOCUS SEGMENT,Standard,SAV,29,Málaga,safamotor,SAFAMOTOR,high,official,1
2026,07,28,AUDI,Q5 SPORTBACK,Private,ICE,Gasolina/Electrico Enchufable,KKL,FOCUS SEGMENT,Standard,SAV,02,Albacete,wagen motors,WAGEN MOTORS,high,official,1
2026,07,28,AUDI,Q5 SPORTBACK,Private,ICE,Gasolina/Electrico Enchufable,KKL,FOCUS SEGMENT,Standard,SAV,30,Murcia,huertas motor cartagena,HUERTAS MOTOR CARTAGENA,medium,official,1
2026,07,28,AUDI,Q5 SPORTBACK,Private,ICE,Gasolina/Electrico Enchufable,KKL,FOCUS SEGMENT,Standard,SAV,30,Murcia,motor pacífico alicante,MOTOR PACIFICO ALICANTE,medium,official,1
2026,07,28,AUDI,Q5 SPORTBACK,Private,ICE,Gasolina/Electrico Enchufable,KKL,FOCUS SEGMENT,Standard,SAV,37,Salamanca,helmántica,HELMANTICA,medium,official,1
2026,07,28,AUDI,Q5 SPORTBACK,Private,PHEV,Gasolina/Electrico Enchufable,KKL,FOCUS SEGMENT,Standard,SAV,07,Baleares,center palma,AUDI CENTER PALMA,medium,official,1
2026,07,28,AUDI,Q5 SPORTBACK,Private,PHEV,Gasolina/Electrico Enchufable,KKL,FOCUS SEGMENT,Standard,SAV,12,Castellón,quadis marzá,QUADIS MARZA,medium,official,1
2026,07,28,BMW,SERIE 1,Private,ICE,Gasolina,UKL2,FOCUS SEGMENT,Standard,HACH 5P,15,A Coruña,novomóvil,100304,high,internal,1
2026,07,28,BMW,SERIE 1,Private,ICE,Gasolina,UKL2,FOCUS SEGMENT,Standard,HACH 5P,28,Madrid,movilnorte,100213,high,internal,1
2026,07,28,BMW,SERIE 1,Private,ICE,Gasolina,UKL2,FOCUS SEGMENT,Standard,HACH 5P,33,Asturias,triocar,100379,high,internal,1
2026,07,28,BMW,SERIE 1,Private,ICE,Gasolina,UKL2,FOCUS SEGMENT,Standard,HACH 5P,36,Pontevedra,celtamotor,100410,high,internal,1
2026,07,28,BMW,SERIE 1,Private,ICE,Gasolina,UKL2,FOCUS SEGMENT,Standard,HACH 5P,46,Valencia,fersán,100062,high,internal,1
2026,07,28,BMW,SERIE 2,Private,ICE,Gasolina/Electrico Enchufable,UKL2,FOCUS SEGMENT,M,MPV,45,Toledo,adler motor,100730,high,internal,1
2026,07,28,BMW,SERIE 2,Private,ICE,Gasolina/Electrico Enchufable,UKL2,FOCUS SEGMENT,Standard,MPV,28,Madrid,movilnorte,100213,high,internal,1
2026,07,28,BMW,SERIE 3,Private,ICE,Gasolina,KKL,FOCUS SEGMENT,M,ESTATE,29,Málaga,automotor,100586,high,internal,1
2026,07,28,BMW,SERIE 3,Private,ICE,Gasolina,KKL,FOCUS SEGMENT,Standard,ESTATE,30,Murcia,marcos a. murcia,100393,high,internal,1
2026,07,28,BMW,SERIE 4,Private,ICE,Gasolina,KKL,FOCUS SEGMENT,M Performance,CABRIO,29,Málaga,automotor,100586,high,internal,1
2026,07,28,BMW,SERIE 4,Private,ICE,Gasolina,KKL,FOCUS SEGMENT,M Performance,CABRIO,38,S.C. Tenerife,canaauto,100389,high,internal,1
2026,07,28,BMW,SERIE 4,Private,ICE,Gasolina,KKL,FOCUS SEGMENT,Standard,CABRIO,11,Cádiz,movitransa,100881,high,internal,1
2026,07,28,BMW,X1,Private,ICE,Gasolina/Electrico Enchufable,UKL2,FOCUS SEGMENT,Standard,SAV,06,Badajoz,mandel motor,100380:mandel-motor,high,internal,2
2026,07,28,BMW,X1,Private,ICE,Gasolina/Electrico Enchufable,UKL2,FOCUS SEGMENT,Standard,SAV,28,Madrid,bymycar madrid,100873,high,internal,1
2026,07,28,BMW,X1,Private,ICE,Gasolina/Electrico Enchufable,UKL2,FOCUS SEGMENT,Standard,SAV,36,Pontevedra,celtamotor,100410,high,internal,1
2026,07,28,BMW,X1,Private,ICE,Gasolina/Electrico Enchufable,UKL2,FOCUS SEGMENT,Standard,SAV,37,Salamanca,tormes motor,100571,high,internal,1
2026,07,28,BMW,X1,Private,ICE,Gasolina/Electrico Enchufable,UKL2,FOCUS SEGMENT,Standard,SAV,45,Toledo,adler motor,100730,high,internal,2
2026,07,28,BMW,X1,Private,ICE,Gasolina/Electrico Enchufable,UKL2,FOCUS SEGMENT,Standard,SAV,46,Valencia,bertolín,100002,high,internal,1
2026,07,28,BMW,X1,Private,PHEV,Gasolina/Electrico Enchufable,UKL2,FOCUS SEGMENT,Standard,SAV,28,Madrid,bymycar madrid,100873,high,internal,1
2026,07,28,BMW,X1,Private,PHEV,Gasolina/Electrico Enchufable,UKL2,FOCUS SEGMENT,Standard,SAV,48,Bizkaia,enekuri motor,100726,high,internal,1
2026,07,28,BMW,X2,Private,ICE,Diesel Mild Hybrid,UKL2,FOCUS SEGMENT,Standard,SAV,03,Alicante,hispamovil,100206,high,internal,1
2026,07,28,BMW,X2,Private,ICE,Diesel Mild Hybrid,UKL2,FOCUS SEGMENT,Standard,SAV,04,Almería,automotor costa,100813,high,internal,1
2026,07,28,BMW,X2,Private,ICE,Diesel Mild Hybrid,UKL2,FOCUS SEGMENT,Standard,SAV,08,Barcelona,ibericar bcn,100572,high,internal,1
2026,07,28,BMW,X2,Private,ICE,Diesel Mild Hybrid,UKL2,FOCUS SEGMENT,Standard,SAV,08,Barcelona,quadis munich,100909,high,internal,1
2026,07,28,BMW,X2,Private,ICE,Diesel Mild Hybrid,UKL2,FOCUS SEGMENT,Standard,SAV,41,Sevilla,san pablo motor,100344,high,internal,2
2026,07,28,BMW,X3,Private,ICE,Gasolina Mild Hybrid,KKL,FOCUS SEGMENT,Standard,SAV,08,Barcelona,ibericar bcn,100572,high,internal,1
2026,07,28,BMW,X3,Private,ICE,Gasolina Mild Hybrid,KKL,FOCUS SEGMENT,Standard,SAV,08,Barcelona,pruna motor,100584,high,internal,1
2026,07,28,BMW,X3,Private,ICE,Gasolina Mild Hybrid,KKL,FOCUS SEGMENT,Standard,SAV,26,La Rioja,autoberón,100597,high,internal,1
2026,07,28,BMW,X3,Private,PHEV,Gasolina Mild Hybrid,KKL,FOCUS SEGMENT,Standard,SAV,28,Madrid,bymycar madrid,100873,high,internal,2
2026,07,28,BMW,X6,Private,ICE,Gasolina Mild Hybrid,MKL,FOCUS SEGMENT,Standard,SAV,28,Madrid,autopremier,100349,high,internal,1
2026,07,28,BMW,X6,Private,ICE,Gasolina Mild Hybrid,MKL,FOCUS SEGMENT,Standard,SAV,28,Madrid,bymycar madrid,100873,high,internal,1
2026,07,28,BMW,X7,Private,ICE,Gasolina Mild Hybrid,GKL,FOCUS SEGMENT,Standard,SAV,28,Madrid,bymycar madrid,100873,high,internal,1
2026,07,28,BMW,iX1,Private,BEV,Electrico,UKL2,FOCUS SEGMENT,Standard,SAV,03,Alicante,movibegar,100468,high,internal,1
2026,07,28,BMW,iX1,Private,BEV,Electrico,UKL2,FOCUS SEGMENT,Standard,SAV,08,Barcelona,ibericar bcn,100572,high,internal,2
2026,07,28,BMW,iX1,Private,BEV,Electrico,UKL2,FOCUS SEGMENT,Standard,SAV,29,Málaga,automotor,100586,high,internal,2
2026,07,28,BMW,iX1,Private,BEV,Electrico,UKL2,FOCUS SEGMENT,Standard,SAV,35,Las Palmas,marmotor,100738,high,internal,1
2026,07,28,BMW,iX2,Private,BEV,Electrico,UKL2,FOCUS SEGMENT,Standard,SAV,03,Alicante,movibegar,100468,high,internal,1
2026,07,28,BMW,iX2,Private,BEV,Electrico,UKL2,FOCUS SEGMENT,Standard,SAV,28,Madrid,movilnorte,100213,high,internal,1
2026,07,28,BMW,iX2,Private,BEV,Electrico,UKL2,FOCUS SEGMENT,Standard,SAV,50,Zaragoza,augusta aragón,100348,high,internal,1
2026,07,28,BMW,iX3,Private,BEV,Electrico,KKL,FOCUS SEGMENT,Standard,SAV,08,Barcelona,quadis munich,100909,high,internal,1
2026,07,28,BMW,iX3,Private,BEV,Electrico,KKL,FOCUS SEGMENT,Standard,SAV,28,Madrid,bymycar madrid,100873,high,internal,1
2026,07,28,BMW,iX3,Private,BEV,Electrico,KKL,FOCUS SEGMENT,Standard,SAV,46,Valencia,bertolín,100002,high,internal,1
2026,07,28,BYD,ATTO 2,Private,BEV,Gasolina/Electrico Enchufable,UKL1,REST,Standard,SAV,15,A Coruña,la coruña,BYD LA CORUNA,high,official,1
2026,07,28,BYD,ATTO 2,Private,BEV,Gasolina/Electrico Enchufable,UKL1,REST,Standard,SAV,21,Huelva,huelva,BYD HUELVA,high,official,1
2026,07,28,BYD,ATTO 2,Private,BEV,Gasolina/Electrico Enchufable,UKL1,REST,Standard,SAV,28,Madrid,aranjuez,BYD ARANJUEZ,high,official,1
2026,07,28,BYD,ATTO 2,Private,BEV,Gasolina/Electrico Enchufable,UKL1,REST,Standard,SAV,30,Murcia,murcia,BYD MURCIA,high,official,1
2026,07,28,BYD,ATTO 2,Private,BEV,Gasolina/Electrico Enchufable,UKL1,REST,Standard,SAV,33,Asturias,oviedo,BYD OVIEDO,high,official,1
2026,07,28,BYD,ATTO 2,Private,BEV,Gasolina/Electrico Enchufable,UKL1,REST,Standard,SAV,38,S.C. Tenerife,tenerife sur,BYD TENERIFE SUR,high,official,1
2026,07,28,BYD,ATTO 2,Private,PHEV,Gasolina/Electrico Enchufable,UKL1,REST,Standard,SAV,02,Albacete,albacete,BYD ALBACETE,high,official,1
2026,07,28,BYD,ATTO 2,Private,PHEV,Gasolina/Electrico Enchufable,UKL1,REST,Standard,SAV,03,Alicante,torrevieja,BYD TORREVIEJA,high,official,2
2026,07,28,BYD,ATTO 2,Private,PHEV,Gasolina/Electrico Enchufable,UKL1,REST,Standard,SAV,08,Barcelona,manresa,BYD MANRESA,high,official,1
2026,07,28,BYD,ATTO 2,Private,PHEV,Gasolina/Electrico Enchufable,UKL1,REST,Standard,SAV,08,Barcelona,vic,BYD VIC,high,official,1
2026,07,28,BYD,ATTO 2,Private,PHEV,Gasolina/Electrico Enchufable,UKL1,REST,Standard,SAV,09,Burgos,burgos,BYD BURGOS,high,official,1
2026,07,28,BYD,ATTO 2,Private,PHEV,Gasolina/Electrico Enchufable,UKL1,REST,Standard,SAV,11,Cádiz,algeciras,BYD ALGECIRAS,high,official,1
2026,07,28,BYD,ATTO 2,Private,PHEV,Gasolina/Electrico Enchufable,UKL1,REST,Standard,SAV,11,Cádiz,jerez de la frontera,BYD JEREZ DE LA FRONTERA,high,official,1
2026,07,28,BYD,ATTO 2,Private,PHEV,Gasolina/Electrico Enchufable,UKL1,REST,Standard,SAV,11,Cádiz,jerez de la frontera,BYD JEREZ DE LA FRONTERA,medium,official,1
2026,07,28,BYD,ATTO 2,Private,PHEV,Gasolina/Electrico Enchufable,UKL1,REST,Standard,SAV,13,Ciudad Real,ciudad real,BYD CIUDAD REAL,high,official,1
2026,07,28,BYD,ATTO 2,Private,PHEV,Gasolina/Electrico Enchufable,UKL1,REST,Standard,SAV,23,Jaén,jaén,BYD JAEN,high,official,1
2026,07,28,BYD,ATTO 2,Private,PHEV,Gasolina/Electrico Enchufable,UKL1,REST,Standard,SAV,28,Madrid,alcalá de henares,BYD ALCALA DE HENARES,high,official,1
2026,07,28,BYD,ATTO 2,Private,PHEV,Gasolina/Electrico Enchufable,UKL1,REST,Standard,SAV,30,Murcia,murcia,BYD MURCIA,high,official,2
2026,07,28,BYD,ATTO 2,Private,PHEV,Gasolina/Electrico Enchufable,UKL1,REST,Standard,SAV,30,Murcia,murcia,BYD MURCIA,medium,official,1
2026,07,28,BYD,ATTO 2,Private,PHEV,Gasolina/Electrico Enchufable,UKL1,REST,Standard,SAV,35,Las Palmas,gran canaria,BYD GRAN CANARIA,high,official,1
2026,07,28,BYD,ATTO 2,Private,PHEV,Gasolina/Electrico Enchufable,UKL1,REST,Standard,SAV,36,Pontevedra,vigo,BYD VIGO,high,official,1
2026,07,28,BYD,ATTO 2,Private,PHEV,Gasolina/Electrico Enchufable,UKL1,REST,Standard,SAV,38,S.C. Tenerife,la palma,BYD LA PALMA,high,official,1
2026,07,28,BYD,ATTO 2,Private,PHEV,Gasolina/Electrico Enchufable,UKL1,REST,Standard,SAV,38,S.C. Tenerife,tenerife,BYD TENERIFE,medium,official,1
2026,07,28,BYD,ATTO 2,Private,PHEV,Gasolina/Electrico Enchufable,UKL1,REST,Standard,SAV,43,Tarragona,tarragona,BYD TARRAGONA,high,official,1
2026,07,28,BYD,ATTO 2,Private,PHEV,Gasolina/Electrico Enchufable,UKL1,REST,Standard,SAV,43,Tarragona,tarragona,BYD TARRAGONA,medium,official,1
2026,07,28,BYD,ATTO 2,Private,PHEV,Gasolina/Electrico Enchufable,UKL1,REST,Standard,SAV,46,Valencia,sagunto,BYD SAGUNTO,high,official,1
2026,07,28,BYD,ATTO 2,Private,PHEV,Gasolina/Electrico Enchufable,UKL1,REST,Standard,SAV,47,Valladolid,valladolid,BYD VALLADOLID,high,official,1
2026,07,28,BYD,ATTO 3 EVO,Private,BEV,Electrico,UKL2,REST,Standard,SAV,07,Baleares,mallorca,BYD MALLORCA,high,official,1
2026,07,28,BYD,ATTO 3 EVO,Private,BEV,Electrico,UKL2,REST,Standard,SAV,22,Huesca,huesca,BYD HUESCA,high,official,1
2026,07,28,BYD,ATTO 3 EVO,Private,BEV,Electrico,UKL2,REST,Standard,SAV,23,Jaén,jaén,BYD JAEN,high,official,1
2026,07,28,BYD,ATTO 3 EVO,Private,BEV,Electrico,UKL2,REST,Standard,SAV,30,Murcia,murcia,BYD MURCIA,high,official,1
2026,07,28,BYD,ATTO 3 EVO,Private,BEV,Electrico,UKL2,REST,Standard,SAV,32,Ourense,orense,BYD ORENSE,high,official,1
2026,07,28,BYD,ATTO 3 EVO,Private,BEV,Electrico,UKL2,REST,Standard,SAV,33,Asturias,oviedo,BYD OVIEDO,high,official,1
2026,07,28,BYD,ATTO 3 EVO,Private,BEV,Electrico,UKL2,REST,Standard,SAV,36,Pontevedra,vigo,BYD VIGO,high,official,1
2026,07,28,BYD,DOLPHIN,Private,BEV,Electrico,UKL1,REST,Standard,HACH 5P,07,Baleares,mallorca,BYD MALLORCA,high,official,1
2026,07,28,BYD,DOLPHIN G,Private,PHEV,Gasolina/Electrico Enchufable,UKL1,REST,Standard,HACH 5P,03,Alicante,elche,BYD ELCHE,medium,official,1
2026,07,28,BYD,DOLPHIN G,Private,PHEV,Gasolina/Electrico Enchufable,UKL1,REST,Standard,HACH 5P,08,Barcelona,vic,BYD VIC,high,official,1
2026,07,28,BYD,DOLPHIN G,Private,PHEV,Gasolina/Electrico Enchufable,UKL1,REST,Standard,HACH 5P,13,Ciudad Real,ciudad real,BYD CIUDAD REAL,high,official,1
2026,07,28,BYD,DOLPHIN G,Private,PHEV,Gasolina/Electrico Enchufable,UKL1,REST,Standard,HACH 5P,36,Pontevedra,vigo,BYD VIGO,high,official,1
2026,07,28,BYD,DOLPHIN SURF,Private,BEV,Electrico,UKL0,REST,Standard,HACH 5P,03,Alicante,torrevieja,BYD TORREVIEJA,high,official,1
2026,07,28,BYD,DOLPHIN SURF,Private,BEV,Electrico,UKL0,REST,Standard,HACH 5P,06,Badajoz,badajoz,BYD BADAJOZ,high,official,1
2026,07,28,BYD,DOLPHIN SURF,Private,BEV,Electrico,UKL0,REST,Standard,HACH 5P,11,Cádiz,jerez de la frontera,BYD JEREZ DE LA FRONTERA,high,official,1
2026,07,28,BYD,DOLPHIN SURF,Private,BEV,Electrico,UKL0,REST,Standard,HACH 5P,14,Córdoba,córdoba,BYD CORDOBA,high,official,1
2026,07,28,BYD,DOLPHIN SURF,Private,BEV,Electrico,UKL0,REST,Standard,HACH 5P,30,Murcia,murcia,BYD MURCIA,high,official,1
2026,07,28,BYD,DOLPHIN SURF,Private,BEV,Electrico,UKL0,REST,Standard,HACH 5P,33,Asturias,oviedo,BYD OVIEDO,medium,official,1
2026,07,28,BYD,DOLPHIN SURF,Private,BEV,Electrico,UKL0,REST,Standard,HACH 5P,36,Pontevedra,vigo,BYD VIGO,high,official,1
2026,07,28,BYD,DOLPHIN SURF,Private,BEV,Electrico,UKL0,REST,Standard,HACH 5P,50,Zaragoza,zaragoza,BYD ZARAGOZA,high,official,1
2026,07,28,BYD,SEAL,Private,BEV,Electrico,KKL,REST,Standard,SEDAN,03,Alicante,elche,BYD ELCHE,high,official,1
2026,07,28,BYD,SEAL,Private,BEV,Electrico,KKL,REST,Standard,SEDAN,36,Pontevedra,caldas,BYD CALDAS,medium,official,1
2026,07,28,BYD,SEAL 6,Private,PHEV,Gasolina/Electrico Enchufable,KKL,REST,Standard,SEDAN,08,Barcelona,vic,BYD VIC,high,official,1
2026,07,28,BYD,SEAL U,Private,BEV,Gasolina/Electrico Enchufable,KKL,REST,Standard,SAV,27,Lugo,orense,BYD ORENSE,high,official,1
2026,07,28,BYD,SEAL U,Private,PHEV,Gasolina/Electrico Enchufable,KKL,REST,Standard,SAV,03,Alicante,elche,BYD ELCHE,medium,official,1
2026,07,28,BYD,SEAL U,Private,PHEV,Gasolina/Electrico Enchufable,KKL,REST,Standard,SAV,03,Alicante,torrevieja,BYD TORREVIEJA,high,official,1
2026,07,28,BYD,SEAL U,Private,PHEV,Gasolina/Electrico Enchufable,KKL,REST,Standard,SAV,04,Almería,almería,BYD ALMERIA,high,official,1
2026,07,28,BYD,SEAL U,Private,PHEV,Gasolina/Electrico Enchufable,KKL,REST,Standard,SAV,08,Barcelona,manresa,BYD MANRESA,high,official,1
2026,07,28,BYD,SEAL U,Private,PHEV,Gasolina/Electrico Enchufable,KKL,REST,Standard,SAV,08,Barcelona,maquinista,BYD MAQUINISTA,high,official,1
2026,07,28,BYD,SEAL U,Private,PHEV,Gasolina/Electrico Enchufable,KKL,REST,Standard,SAV,17,Girona,figueres,BYD FIGUERES,high,official,1
2026,07,28,BYD,SEAL U,Private,PHEV,Gasolina/Electrico Enchufable,KKL,REST,Standard,SAV,19,Guadalajara,guadalajara,BYD GUADALAJARA,high,official,1
2026,07,28,BYD,SEAL U,Private,PHEV,Gasolina/Electrico Enchufable,KKL,REST,Standard,SAV,33,Asturias,gijón,BYD GIJON,high,official,1
2026,07,28,BYD,SEAL U,Private,PHEV,Gasolina/Electrico Enchufable,KKL,REST,Standard,SAV,35,Las Palmas,gran canaria,BYD GRAN CANARIA,high,official,1
2026,07,28,BYD,SEAL U,Private,PHEV,Gasolina/Electrico Enchufable,KKL,REST,Standard,SAV,38,S.C. Tenerife,la palma,BYD LA PALMA,high,official,1
2026,07,28,BYD,SEAL U,Private,PHEV,Gasolina/Electrico Enchufable,KKL,REST,Standard,SAV,40,Segovia,segovia,BYD SEGOVIA,medium,official,1
2026,07,28,BYD,SEALION 7,Private,BEV,Electrico,KKL,REST,Standard,SAV,08,Barcelona,cabrera,BYD CABRERA,high,official,1
2026,07,28,BYD,SEALION 7,Private,BEV,Electrico,KKL,REST,Standard,SAV,15,A Coruña,la coruña,BYD LA CORUNA,high,official,1
2026,07,28,BYD,SEALION 7,Private,BEV,Electrico,KKL,REST,Standard,SAV,35,Las Palmas,gran canaria sur,BYD GRAN CANARIA SUR,high,official,1
2026,07,28,CUPRA,CUPRA LEON,Private,ICE,Gasolina/Electrico Enchufable,UKL2,REST,Standard,HACH 5P,11,Cádiz,automocion terry,0344KD,high,official,2
2026,07,28,CUPRA,CUPRA LEON,Private,ICE,Gasolina/Electrico Enchufable,UKL2,REST,Standard,HACH 5P,21,Huelva,huelva motor,03476D,high,official,1
2026,07,28,CUPRA,CUPRA LEON,Private,ICE,Gasolina/Electrico Enchufable,UKL2,REST,Standard,HACH 5P,21,Huelva,huelva motor,03476D,medium,official,1
2026,07,28,CUPRA,CUPRA LEON,Private,ICE,Gasolina/Electrico Enchufable,UKL2,REST,Standard,HACH 5P,24,León,varocar,03A10D,medium,official,1
2026,07,28,CUPRA,CUPRA LEON,Private,ICE,Gasolina/Electrico Enchufable,UKL2,REST,Standard,HACH 5P,29,Málaga,autos bellamar,00577R,high,official,1
2026,07,28,CUPRA,CUPRA LEON,Private,ICE,Gasolina/Electrico Enchufable,UKL2,REST,Standard,HACH 5P,45,Toledo,automoción toledo,00524R,medium,official,1
2026,07,28,CUPRA,FORMENTOR,Private,ICE,Gasolina/Electrico Enchufable,UKL2,REST,Standard,SAT,09,Burgos,arlanzon motor,03647D,high,official,1
2026,07,28,CUPRA,FORMENTOR,Private,ICE,Gasolina/Electrico Enchufable,UKL2,REST,Standard,SAT,11,Cádiz,turial,0344CD,high,official,1
2026,07,28,CUPRA,FORMENTOR,Private,ICE,Gasolina/Electrico Enchufable,UKL2,REST,Standard,SAT,15,A Coruña,marineda motor,00581R,high,official,1
2026,07,28,CUPRA,FORMENTOR,Private,ICE,Gasolina/Electrico Enchufable,UKL2,REST,Standard,SAT,18,Granada,vigilsa,03913D,high,official,2
2026,07,28,CUPRA,FORMENTOR,Private,ICE,Gasolina/Electrico Enchufable,UKL2,REST,Standard,SAT,22,Huesca,dalmau motor,03263D,medium,official,1
2026,07,28,CUPRA,FORMENTOR,Private,ICE,Gasolina/Electrico Enchufable,UKL2,REST,Standard,SAT,26,La Rioja,auto moriz,03544D,high,official,1
2026,07,28,CUPRA,FORMENTOR,Private,ICE,Gasolina/Electrico Enchufable,UKL2,REST,Standard,SAT,28,Madrid,castellana motor,0A111D,high,official,1
2026,07,28,CUPRA,FORMENTOR,Private,PHEV,Gasolina/Electrico Enchufable,UKL2,REST,Standard,SAT,06,Badajoz,gedauto car,03465D,medium,official,1
2026,07,28,CUPRA,FORMENTOR,Private,PHEV,Gasolina/Electrico Enchufable,UKL2,REST,Standard,SAT,16,Cuenca,seare,03315D,medium,official,1
2026,07,28,CUPRA,FORMENTOR,Private,PHEV,Gasolina/Electrico Enchufable,UKL2,REST,Standard,SAT,25,Lleida,dalmau motor,03263D,high,official,1
2026,07,28,CUPRA,FORMENTOR,Private,PHEV,Gasolina/Electrico Enchufable,UKL2,REST,Standard,SAT,34,Palencia,arlanzon motor,03647D,medium,official,1
2026,07,28,CUPRA,FORMENTOR,Private,PHEV,Gasolina/Electrico Enchufable,UKL2,REST,Standard,SAT,37,Salamanca,seauto,03665D,high,official,1
2026,07,28,CUPRA,FORMENTOR,Private,PHEV,Gasolina/Electrico Enchufable,UKL2,REST,Standard,SAT,43,Tarragona,baycar,00541R,high,official,1
2026,07,28,CUPRA,RAVAL,Private,BEV,Electrico,UKL1,REST,Standard,HACH 5P,03,Alicante,jose jorro,03345D,high,official,1
2026,07,28,CUPRA,RAVAL,Private,BEV,Electrico,UKL1,REST,Standard,HACH 5P,17,Girona,proauto,03246D,high,official,1
2026,07,28,CUPRA,RAVAL,Private,BEV,Electrico,UKL1,REST,Standard,HACH 5P,28,Madrid,castellana motor,0A111D,high,official,1
2026,07,28,CUPRA,RAVAL,Private,BEV,Electrico,UKL1,REST,Standard,HACH 5P,38,S.C. Tenerife,motor 7 islas,00547R,high,official,1
2026,07,28,CUPRA,TERRAMAR,Private,ICE,Gasolina/Electrico Enchufable,UKL2,REST,Standard,SAT,12,Castellón,m-automocion,03368D,high,official,1
2026,07,28,CUPRA,TERRAMAR,Private,ICE,Gasolina/Electrico Enchufable,UKL2,REST,Standard,SAT,18,Granada,vigilsa,03913D,high,official,1
2026,07,28,CUPRA,TERRAMAR,Private,PHEV,Gasolina/Electrico Enchufable,UKL2,REST,Standard,SAT,32,Ourense,copersa,03743D,high,official,1
2026,07,28,CUPRA,TERRAMAR,Private,PHEV,Gasolina/Electrico Enchufable,UKL2,REST,Standard,SAT,43,Tarragona,baycar,00541R,high,official,1
2026,07,28,DACIA,BIGSTER,Private,ICE,Gasolina/Electrico,UKL2,REST,Standard,SAV,03,Alicante,"japemasa solar, s.l",72405423,high,official,1
2026,07,28,DACIA,BIGSTER,Private,ICE,Gasolina/Electrico,UKL2,REST,Standard,SAV,03,Alicante,"talleres ginestar, s.l.u.",72405154,high,official,1
2026,07,28,DACIA,BIGSTER,Private,ICE,Gasolina/Electrico,UKL2,REST,Standard,SAV,09,Burgos,"autovican, s.l.",72405246,high,official,1
2026,07,28,DACIA,BIGSTER,Private,ICE,Gasolina/Electrico,UKL2,REST,Standard,SAV,29,Málaga,"rombo sol 2002, s.l.u",72405039,high,official,1
2026,07,28,DACIA,BIGSTER,Private,ICE,Gasolina/Electrico,UKL2,REST,Standard,SAV,30,Murcia,"automocion del noroeste, s.l",72405494,high,official,1
2026,07,28,DACIA,BIGSTER,Private,ICE,Gasolina/Electrico,UKL2,REST,Standard,SAV,35,Las Palmas,"caetano formula canarias, s.l.",72405493,high,official,1
2026,07,28,DACIA,BIGSTER,Private,ICE,Gasolina/Electrico,UKL2,REST,Standard,SAV,38,S.C. Tenerife,arautava motor s.l.,72405380,high,official,1
2026,07,28,DACIA,BIGSTER,Private,ICE,Gasolina/Electrico,UKL2,REST,Standard,SAV,38,S.C. Tenerife,"motor ari, s.a.",72405269,high,official,1
2026,07,28,DACIA,BIGSTER,Private,ICE,Gasolina/Electrico,UKL2,REST,Standard,SAV,38,S.C. Tenerife,"taller cutillas, s.l.",72405509,high,official,1
2026,07,28,DACIA,DUSTER,Private,ICE,Gasolina/Electrico,SKL,REST,Standard,PICKUP,04,Almería,"syrsa automocion, s.l.",72405317,high,official,1
2026,07,28,DACIA,DUSTER,Private,ICE,Gasolina/Electrico,SKL,REST,Standard,PICKUP,08,Barcelona,comercial marti s.a.,72405384,high,official,1
2026,07,28,DACIA,DUSTER,Private,ICE,Gasolina/Electrico,SKL,REST,Standard,PICKUP,08,Barcelona,"remm guitart, s.l.",72430900,high,official,1
2026,07,28,DACIA,DUSTER,Private,ICE,Gasolina/Electrico,SKL,REST,Standard,PICKUP,09,Burgos,"autovican, s.l.",72405246,high,official,1
2026,07,28,DACIA,DUSTER,Private,ICE,Gasolina/Electrico,SKL,REST,Standard,PICKUP,10,Cáceres,"marcesa servicios, s.a.",72457700,medium,official,1
2026,07,28,DACIA,DUSTER,Private,ICE,Gasolina/Electrico,SKL,REST,Standard,PICKUP,12,Castellón,"talleres boix, s.l.",72438810,medium,official,1
2026,07,28,DACIA,DUSTER,Private,ICE,Gasolina/Electrico,SKL,REST,Standard,PICKUP,17,Girona,"intercargirona.s,l",72405408,high,official,1
2026,07,28,DACIA,DUSTER,Private,ICE,Gasolina/Electrico,SKL,REST,Standard,PICKUP,18,Granada,"japemasa solar, s.l",72405360,high,official,1
2026,07,28,DACIA,DUSTER,Private,ICE,Gasolina/Electrico,SKL,REST,Standard,PICKUP,28,Madrid,"autosae, s.a.u.",72405361,high,official,1
2026,07,28,DACIA,DUSTER,Private,ICE,Gasolina/Electrico,SKL,REST,Standard,PICKUP,31,Navarra,"ainzua, s.l.",72421505,high,official,1
2026,07,28,DACIA,DUSTER,Private,ICE,Gasolina/Electrico,SKL,REST,Standard,PICKUP,31,Navarra,"unsain, s.l.u.",72405035,high,official,1
2026,07,28,DACIA,DUSTER,Private,ICE,Gasolina/Electrico,SKL,REST,Standard,PICKUP,33,Asturias,"leomotor asturias, s.l.",72405168,high,official,1
2026,07,28,DACIA,DUSTER,Private,ICE,Gasolina/Electrico,SKL,REST,Standard,PICKUP,38,S.C. Tenerife,arautava motor s.l.,72405380,high,official,1
2026,07,28,DACIA,DUSTER,Private,ICE,Gasolina/Electrico,SKL,REST,Standard,PICKUP,38,S.C. Tenerife,"motor ari, s.a.",72405269,high,official,1
2026,07,28,DACIA,DUSTER,Private,ICE,Gasolina/Electrico,SKL,REST,Standard,PICKUP,38,S.C. Tenerife,"motor ari, s.a.",72405304,high,official,1
2026,07,28,DACIA,JOGGER,Private,ICE,Gasolina/Electrico,UKL2,REST,Standard,MPV,07,Baleares,"dibauto plus, s.a",72405427,high,official,1
2026,07,28,DACIA,JOGGER,Private,ICE,Gasolina/Electrico,UKL2,REST,Standard,MPV,11,Cádiz,"caetano formula cadiz, s.l.u",72405264,medium,official,1
2026,07,28,DACIA,JOGGER,Private,ICE,Gasolina/Electrico,UKL2,REST,Standard,MPV,12,Castellón,"talleres boix, s.l.",72438810,medium,official,1
2026,07,28,DACIA,JOGGER,Private,ICE,Gasolina/Electrico,UKL2,REST,Standard,MPV,33,Asturias,"leomotor asturias, s.l.",72405366,medium,official,1
2026,07,28,DACIA,JOGGER,Private,ICE,Gasolina/Electrico,UKL2,REST,Standard,MPV,35,Las Palmas,"juan toledo, s.l.",72481000,high,official,1
2026,07,28,DACIA,JOGGER,Private,ICE,Gasolina/Electrico,UKL2,REST,Standard,MPV,41,Sevilla,"guadaira movil 2001, s.l",72405338,high,official,1
2026,07,28,DACIA,SANDERO,Private,ICE,Gasolina,UKL1,REST,Standard,HACH 5P,01,Álava,"arabauto motor,s.l.u",72405315,high,official,1
2026,07,28,DACIA,SANDERO,Private,ICE,Gasolina,UKL1,REST,Standard,HACH 5P,02,Albacete,manuel laguia calero s.l,72405397,high,official,1
2026,07,28,DACIA,SANDERO,Private,ICE,Gasolina,UKL1,REST,Standard,HACH 5P,03,Alicante,"talleres blas serna, s.a.",72405286,high,official,1
2026,07,28,DACIA,SANDERO,Private,ICE,Gasolina,UKL1,REST,Standard,HACH 5P,03,Alicante,"talleres ginestar, s.l.u.",72405154,high,official,1
2026,07,28,DACIA,SANDERO,Private,ICE,Gasolina,UKL1,REST,Standard,HACH 5P,04,Almería,"syrsa automocion, s.l.",72405317,high,official,1
2026,07,28,DACIA,SANDERO,Private,ICE,Gasolina,UKL1,REST,Standard,HACH 5P,04,Almería,"syrsa automocion, s.l.",72405321,high,official,1
2026,07,28,DACIA,SANDERO,Private,ICE,Gasolina,UKL1,REST,Standard,HACH 5P,04,Almería,"syrsa automocion, s.l.",72405322,high,official,2
2026,07,28,DACIA,SANDERO,Private,ICE,Gasolina,UKL1,REST,Standard,HACH 5P,07,Baleares,"autos socias perello, s.l.",72405247,high,official,1
2026,07,28,DACIA,SANDERO,Private,ICE,Gasolina,UKL1,REST,Standard,HACH 5P,07,Baleares,"dibauto plus, s.a",72405090,high,official,3
2026,07,28,DACIA,SANDERO,Private,ICE,Gasolina,UKL1,REST,Standard,HACH 5P,07,Baleares,"punicauto, s.l.",72459800,high,official,1
2026,07,28,DACIA,SANDERO,Private,ICE,Gasolina,UKL1,REST,Standard,HACH 5P,08,Barcelona,"garatge sant jaume,s.a.",72431200,high,official,1
2026,07,28,DACIA,SANDERO,Private,ICE,Gasolina,UKL1,REST,Standard,HACH 5P,10,Cáceres,"auto salamanca cars, s.l.",72405464,high,official,1
2026,07,28,DACIA,SANDERO,Private,ICE,Gasolina,UKL1,REST,Standard,HACH 5P,11,Cádiz,"caetano formula cadiz, s.l.u",72405228,high,official,1
2026,07,28,DACIA,SANDERO,Private,ICE,Gasolina,UKL1,REST,Standard,HACH 5P,11,Cádiz,"caetano formula cadiz, s.l.u",72405264,high,official,1
2026,07,28,DACIA,SANDERO,Private,ICE,Gasolina,UKL1,REST,Standard,HACH 5P,11,Cádiz,"caetano formula cadiz, s.l.u",72405265,high,official,1
2026,07,28,DACIA,SANDERO,Private,ICE,Gasolina,UKL1,REST,Standard,HACH 5P,12,Castellón,"talleres boix, s.l.",72438810,medium,official,1
2026,07,28,DACIA,SANDERO,Private,ICE,Gasolina,UKL1,REST,Standard,HACH 5P,13,Ciudad Real,"aries ciudad real, s.l.",72418900,high,official,1
2026,07,28,DACIA,SANDERO,Private,ICE,Gasolina,UKL1,REST,Standard,HACH 5P,14,Córdoba,"mezquita motor, s.l. unipersonal",72405434,high,official,2
2026,07,28,DACIA,SANDERO,Private,ICE,Gasolina,UKL1,REST,Standard,HACH 5P,15,A Coruña,"caetano formula galicia, s.l.u",72405438,high,official,1
2026,07,28,DACIA,SANDERO,Private,ICE,Gasolina,UKL1,REST,Standard,HACH 5P,17,Girona,"automocio i serveis del nord-est, s.l.",72405346,high,official,1
2026,07,28,DACIA,SANDERO,Private,ICE,Gasolina,UKL1,REST,Standard,HACH 5P,17,Girona,"automocio i serveis del nord-est, s.l.",72405474,high,official,1
2026,07,28,DACIA,SANDERO,Private,ICE,Gasolina,UKL1,REST,Standard,HACH 5P,18,Granada,"japemasa solar, s.l",72405360,high,official,1
2026,07,28,DACIA,SANDERO,Private,ICE,Gasolina,UKL1,REST,Standard,HACH 5P,22,Huesca,"auto cuatro, s.a.",72436200,high,official,1
2026,07,28,DACIA,SANDERO,Private,ICE,Gasolina,UKL1,REST,Standard,HACH 5P,23,Jaén,"japemasa solar, s.l",72405351,high,official,1
2026,07,28,DACIA,SANDERO,Private,ICE,Gasolina,UKL1,REST,Standard,HACH 5P,24,León,"leomovil, s.l.",72423617,high,official,3
2026,07,28,DACIA,SANDERO,Private,ICE,Gasolina,UKL1,REST,Standard,HACH 5P,25,Lleida,"autansa 3000,s.l.u.",72405179,high,official,2
2026,07,28,DACIA,SANDERO,Private,ICE,Gasolina,UKL1,REST,Standard,HACH 5P,29,Málaga,"rombo sol 2002, s.l.u",72405439,high,official,1
2026,07,28,DACIA,SANDERO,Private,ICE,Gasolina,UKL1,REST,Standard,HACH 5P,30,Murcia,"automocion del noroeste, s.l",72405494,high,official,1
2026,07,28,DACIA,SANDERO,Private,ICE,Gasolina,UKL1,REST,Standard,HACH 5P,30,Murcia,"herrero y lopez, s.a.",72405133,medium,official,1
2026,07,28,DACIA,SANDERO,Private,ICE,Gasolina,UKL1,REST,Standard,HACH 5P,30,Murcia,"herrero y lopez, s.a.",72405416,high,official,1
2026,07,28,DACIA,SANDERO,Private,ICE,Gasolina,UKL1,REST,Standard,HACH 5P,33,Asturias,"leomotor asturias, s.l.",72405119,high,official,1
2026,07,28,DACIA,SANDERO,Private,ICE,Gasolina,UKL1,REST,Standard,HACH 5P,34,Palencia,"vicauto, s.a.u",72424100,high,official,3
2026,07,28,DACIA,SANDERO,Private,ICE,Gasolina,UKL1,REST,Standard,HACH 5P,35,Las Palmas,"motor ari, s.a.",72405109,high,official,1
2026,07,28,DACIA,SANDERO,Private,ICE,Gasolina,UKL1,REST,Standard,HACH 5P,37,Salamanca,"auto salamanca cars, s.l.",72405460,high,official,1
2026,07,28,DACIA,SANDERO,Private,ICE,Gasolina,UKL1,REST,Standard,HACH 5P,38,S.C. Tenerife,"motor ari, s.a.",72405269,high,official,1
2026,07,28,DACIA,SANDERO,Private,ICE,Gasolina,UKL1,REST,Standard,HACH 5P,40,Segovia,"auto salamanca cars, s.l.",72405466,high,official,1
2026,07,28,DACIA,SANDERO,Private,ICE,Gasolina,UKL1,REST,Standard,HACH 5P,43,Tarragona,"auto-sport albert, s.l.",72437001,medium,official,1
2026,07,28,DACIA,SANDERO,Private,ICE,Gasolina,UKL1,REST,Standard,HACH 5P,46,Valencia,"rrg valencia, s.a. burjasot",72405520,high,official,1
2026,07,28,DACIA,SANDERO,Private,ICE,Gasolina,UKL1,REST,Standard,HACH 5P,48,Bizkaia,"ekin autoak, s.a.l.",72405024,high,official,1
2026,07,28,DACIA,SPRING,Private,BEV,Electrico,UKL0,REST,Standard,SAV,12,Castellón,"talleres boix, s.l.",72438810,medium,official,1
2026,07,28,HYUNDAI,BAYON,Private,ICE,Gasolina Mild Hybrid,UKL1,REST,Standard,SAV,01,Álava,autolasa,1,high,official,1
2026,07,28,HYUNDAI,BAYON,Private,ICE,Gasolina Mild Hybrid,UKL1,REST,Standard,SAV,03,Alicante,auto fima,762,high,official,1
2026,07,28,HYUNDAI,BAYON,Private,ICE,Gasolina Mild Hybrid,UKL1,REST,Standard,SAV,07,Baleares,proa automoción,518,high,official,1
2026,07,28,HYUNDAI,BAYON,Private,ICE,Gasolina Mild Hybrid,UKL1,REST,Standard,SAV,30,Murcia,huertas móvil,1198,high,official,1
2026,07,28,HYUNDAI,I10,Private,ICE,Gasolina,UKL0,REST,Standard,HACH 5P,07,Baleares,proa automoción,687,high,official,1
2026,07,28,HYUNDAI,I10,Private,ICE,Gasolina,UKL0,REST,Standard,HACH 5P,12,Castellón,autiber motor,1161,medium,official,1
2026,07,28,HYUNDAI,I20,Private,ICE,Gasolina Mild Hybrid,UKL1,REST,Standard,HACH 5P,12,Castellón,autiber motor,1161,medium,official,1
2026,07,28,HYUNDAI,I20,Private,ICE,Gasolina Mild Hybrid,UKL1,REST,Standard,HACH 5P,12,Castellón,mobikorea quadis,1146,high,official,1
2026,07,28,HYUNDAI,I20,Private,ICE,Gasolina Mild Hybrid,UKL1,REST,Standard,HACH 5P,17,Girona,fornells motor,1200,high,official,1
2026,07,28,HYUNDAI,I20,Private,ICE,Gasolina Mild Hybrid,UKL1,REST,Standard,HACH 5P,17,Girona,fornells motor,667,high,official,1
2026,07,28,HYUNDAI,I20,Private,ICE,Gasolina Mild Hybrid,UKL1,REST,Standard,HACH 5P,18,Granada,sport automoción,1197,high,official,1
2026,07,28,HYUNDAI,I20,Private,ICE,Gasolina Mild Hybrid,UKL1,REST,Standard,HACH 5P,23,Jaén,motor jaén,1241,medium,official,1
2026,07,28,HYUNDAI,I20,Private,ICE,Gasolina Mild Hybrid,UKL1,REST,Standard,HACH 5P,25,Lleida,control motor serveis automobilistics,87,high,official,1
2026,07,28,HYUNDAI,I20,Private,ICE,Gasolina Mild Hybrid,UKL1,REST,Standard,HACH 5P,29,Málaga,syrluz málaga,1244,high,official,1
2026,07,28,HYUNDAI,I20,Private,ICE,Gasolina Mild Hybrid,UKL1,REST,Standard,HACH 5P,30,Murcia,gasmovil,105,high,official,1
2026,07,28,HYUNDAI,I20,Private,ICE,Gasolina Mild Hybrid,UKL1,REST,Standard,HACH 5P,30,Murcia,huertas móvil,1174,high,official,1
2026,07,28,HYUNDAI,I20,Private,ICE,Gasolina Mild Hybrid,UKL1,REST,Standard,HACH 5P,43,Tarragona,augusta car,1193,high,official,1
2026,07,28,HYUNDAI,I30,Private,ICE,Gasolina Mild Hybrid,UKL2,REST,Standard,HACH 5P,08,Barcelona,linkmotor,678,high,official,1
2026,07,28,HYUNDAI,I30,Private,ICE,Gasolina Mild Hybrid,UKL2,REST,Standard,HACH 5P,14,Córdoba,corhyund,695,high,official,1
2026,07,28,HYUNDAI,KONA,Private,BEV,Gasolina/Electrico,UKL1,REST,Standard,SAV,16,Cuenca,auracar,1185,high,official,1
2026,07,28,HYUNDAI,KONA,Private,BEV,Gasolina/Electrico,UKL1,REST,Standard,SAV,20,Gipuzkoa,oarso car,698,high,official,1
2026,07,28,HYUNDAI,KONA,Private,ICE,Gasolina/Electrico,UKL1,REST,Standard,SAV,02,Albacete,martiaga automoción,763,high,official,1
2026,07,28,HYUNDAI,KONA,Private,ICE,Gasolina/Electrico,UKL1,REST,Standard,SAV,03,Alicante,auto fima,5,high,official,1
2026,07,28,HYUNDAI,KONA,Private,ICE,Gasolina/Electrico,UKL1,REST,Standard,SAV,03,Alicante,leuka car,511,high,official,1
2026,07,28,HYUNDAI,KONA,Private,ICE,Gasolina/Electrico,UKL1,REST,Standard,SAV,06,Badajoz,maven motor,1101,high,official,1
2026,07,28,HYUNDAI,KONA,Private,ICE,Gasolina/Electrico,UKL1,REST,Standard,SAV,06,Badajoz,maven motor,706,high,official,1
2026,07,28,HYUNDAI,KONA,Private,ICE,Gasolina/Electrico,UKL1,REST,Standard,SAV,06,Badajoz,maven motor,707,high,official,1
2026,07,28,HYUNDAI,KONA,Private,ICE,Gasolina/Electrico,UKL1,REST,Standard,SAV,07,Baleares,proa automoción,687,high,official,1
2026,07,28,HYUNDAI,KONA,Private,ICE,Gasolina/Electrico,UKL1,REST,Standard,SAV,12,Castellón,mobikorea quadis,1146,high,official,2
2026,07,28,HYUNDAI,KONA,Private,ICE,Gasolina/Electrico,UKL1,REST,Standard,SAV,17,Girona,fornells motor,1111,high,official,1
2026,07,28,HYUNDAI,KONA,Private,ICE,Gasolina/Electrico,UKL1,REST,Standard,SAV,18,Granada,sport automoción,63,high,official,1
2026,07,28,HYUNDAI,KONA,Private,ICE,Gasolina/Electrico,UKL1,REST,Standard,SAV,20,Gipuzkoa,oarso car,698,high,official,2
2026,07,28,HYUNDAI,KONA,Private,ICE,Gasolina/Electrico,UKL1,REST,Standard,SAV,24,León,lemauto,1156,high,official,1
2026,07,28,HYUNDAI,KONA,Private,ICE,Gasolina/Electrico,UKL1,REST,Standard,SAV,28,Madrid,zonauto sur,250,high,official,1
2026,07,28,HYUNDAI,KONA,Private,ICE,Gasolina/Electrico,UKL1,REST,Standard,SAV,37,Salamanca,gestorauto,126,high,official,1
2026,07,28,HYUNDAI,KONA,Private,ICE,Gasolina/Electrico,UKL1,REST,Standard,SAV,45,Toledo,gidecar,1208,high,official,1
2026,07,28,HYUNDAI,KONA,Private,ICE,Gasolina/Electrico,UKL1,REST,Standard,SAV,48,Bizkaia,hyunbisa,1202,high,official,1
2026,07,28,HYUNDAI,TUCSON,Private,ICE,Gasolina/Electrico Enchufable,UKL2,REST,Standard,SAV,01,Álava,autolasa,1,high,official,1
2026,07,28,HYUNDAI,TUCSON,Private,ICE,Gasolina/Electrico Enchufable,UKL2,REST,Standard,SAV,02,Albacete,martiaga automoción,763,high,official,2
2026,07,28,HYUNDAI,TUCSON,Private,ICE,Gasolina/Electrico Enchufable,UKL2,REST,Standard,SAV,03,Alicante,auto fima,5,high,official,1
2026,07,28,HYUNDAI,TUCSON,Private,ICE,Gasolina/Electrico Enchufable,UKL2,REST,Standard,SAV,03,Alicante,auto fima,6,high,official,1
2026,07,28,HYUNDAI,TUCSON,Private,ICE,Gasolina/Electrico Enchufable,UKL2,REST,Standard,SAV,04,Almería,gasmovil,1213,medium,official,1
2026,07,28,HYUNDAI,TUCSON,Private,ICE,Gasolina/Electrico Enchufable,UKL2,REST,Standard,SAV,06,Badajoz,maven motor,1101,high,official,1
2026,07,28,HYUNDAI,TUCSON,Private,ICE,Gasolina/Electrico Enchufable,UKL2,REST,Standard,SAV,07,Baleares,pitiusas cars,23,high,official,1
2026,07,28,HYUNDAI,TUCSON,Private,ICE,Gasolina/Electrico Enchufable,UKL2,REST,Standard,SAV,08,Barcelona,motorprim movento,1137,high,official,1
2026,07,28,HYUNDAI,TUCSON,Private,ICE,Gasolina/Electrico Enchufable,UKL2,REST,Standard,SAV,10,Cáceres,maven motor,900,high,official,1
2026,07,28,HYUNDAI,TUCSON,Private,ICE,Gasolina/Electrico Enchufable,UKL2,REST,Standard,SAV,13,Ciudad Real,agritrasa cars,1140,medium,official,1
2026,07,28,HYUNDAI,TUCSON,Private,ICE,Gasolina/Electrico Enchufable,UKL2,REST,Standard,SAV,14,Córdoba,corhyund,695,medium,official,1
2026,07,28,HYUNDAI,TUCSON,Private,ICE,Gasolina/Electrico Enchufable,UKL2,REST,Standard,SAV,15,A Coruña,hyupersa santiago,1188,high,official,1
2026,07,28,HYUNDAI,TUCSON,Private,ICE,Gasolina/Electrico Enchufable,UKL2,REST,Standard,SAV,17,Girona,fornells motor,1111,high,official,1
2026,07,28,HYUNDAI,TUCSON,Private,ICE,Gasolina/Electrico Enchufable,UKL2,REST,Standard,SAV,18,Granada,sport automoción,63,high,official,2
2026,07,28,HYUNDAI,TUCSON,Private,ICE,Gasolina/Electrico Enchufable,UKL2,REST,Standard,SAV,21,Huelva,syrluz syrsa,729,high,official,1
2026,07,28,HYUNDAI,TUCSON,Private,ICE,Gasolina/Electrico Enchufable,UKL2,REST,Standard,SAV,23,Jaén,motor jaén,1241,medium,official,1
2026,07,28,HYUNDAI,TUCSON,Private,ICE,Gasolina/Electrico Enchufable,UKL2,REST,Standard,SAV,24,León,lemauto,1136,high,official,1
2026,07,28,HYUNDAI,TUCSON,Private,ICE,Gasolina/Electrico Enchufable,UKL2,REST,Standard,SAV,28,Madrid,zonauto sur,250,high,official,1
2026,07,28,HYUNDAI,TUCSON,Private,ICE,Gasolina/Electrico Enchufable,UKL2,REST,Standard,SAV,29,Málaga,syrluz málaga,1243,high,official,2
2026,07,28,HYUNDAI,TUCSON,Private,ICE,Gasolina/Electrico Enchufable,UKL2,REST,Standard,SAV,29,Málaga,syrluz málaga,1244,high,official,1
2026,07,28,HYUNDAI,TUCSON,Private,ICE,Gasolina/Electrico Enchufable,UKL2,REST,Standard,SAV,31,Navarra,oarso car navarra,1253,high,official,1
2026,07,28,HYUNDAI,TUCSON,Private,ICE,Gasolina/Electrico Enchufable,UKL2,REST,Standard,SAV,31,Navarra,riauto,1112,medium,official,1
2026,07,28,HYUNDAI,TUCSON,Private,ICE,Gasolina/Electrico Enchufable,UKL2,REST,Standard,SAV,33,Asturias,asturdai,115,high,official,1
2026,07,28,HYUNDAI,TUCSON,Private,ICE,Gasolina/Electrico Enchufable,UKL2,REST,Standard,SAV,36,Pontevedra,hyupersa vigo,1091,high,official,1
2026,07,28,HYUNDAI,TUCSON,Private,ICE,Gasolina/Electrico Enchufable,UKL2,REST,Standard,SAV,41,Sevilla,automoción aljarafe,138,high,official,1
2026,07,28,HYUNDAI,TUCSON,Private,ICE,Gasolina/Electrico Enchufable,UKL2,REST,Standard,SAV,41,Sevilla,hyundauto,1069,high,official,1
2026,07,28,HYUNDAI,TUCSON,Private,ICE,Gasolina/Electrico Enchufable,UKL2,REST,Standard,SAV,44,Teruel,abello autotec,146,medium,official,1
2026,07,28,HYUNDAI,TUCSON,Private,ICE,Gasolina/Electrico Enchufable,UKL2,REST,Standard,SAV,45,Toledo,gidecar,1208,high,official,1
2026,07,28,HYUNDAI,TUCSON,Private,ICE,Gasolina/Electrico Enchufable,UKL2,REST,Standard,SAV,46,Valencia,koryo car,773,high,official,1
2026,07,28,HYUNDAI,TUCSON,Private,ICE,Gasolina/Electrico Enchufable,UKL2,REST,Standard,SAV,48,Bizkaia,hyunbisa,1202,high,official,1
2026,07,28,HYUNDAI,TUCSON,Private,ICE,Gasolina/Electrico Enchufable,UKL2,REST,Standard,SAV,48,Bizkaia,hyunbisa,686,high,official,1
2026,07,28,HYUNDAI,TUCSON,Private,ICE,Gasolina/Electrico Enchufable,UKL2,REST,Standard,SAV,51,Ceuta,permotor algeciras,45,high,official,1
2026,07,28,HYUNDAI,TUCSON,Private,PHEV,Gasolina/Electrico Enchufable,UKL2,REST,Standard,SAV,20,Gipuzkoa,oarso car,698,high,official,1
2026,07,28,HYUNDAI,TUCSON,Private,PHEV,Gasolina/Electrico Enchufable,UKL2,REST,Standard,SAV,30,Murcia,gasmovil,105,high,official,1
2026,07,28,HYUNDAI,TUCSON,Private,PHEV,Gasolina/Electrico Enchufable,UKL2,REST,Standard,SAV,37,Salamanca,gestorauto,126,medium,official,1
2026,07,28,KIA,CEED,Private,ICE,Gasolina Mild Hybrid,UKL2,REST,Standard,HACH 5P,41,Sevilla,"mobilify sevilla 2024, s.l.","MOBILIFY SEVILLA 2024, S.L.",high,official,1
2026,07,28,KIA,EV2,Private,BEV,Electrico,UKL1,REST,Standard,SAV,08,Barcelona,"autocam sport, s.l.","AUTOCAM SPORT, S.L.",medium,official,1
2026,07,28,KIA,EV2,Private,BEV,Electrico,UKL1,REST,Standard,SAV,15,A Coruña,corgal automóviles s.l.,CORGAL AUTOMÓVILES S.L.,high,official,1
2026,07,28,KIA,EV2,Private,BEV,Electrico,UKL1,REST,Standard,SAV,18,Granada,"arm motor, s.l.","ARM MOTOR, S.L.",high,official,1
2026,07,28,KIA,EV2,Private,BEV,Electrico,UKL1,REST,Standard,SAV,24,León,"busanauto, s.l.","BUSANAUTO, S.L.",high,official,1
2026,07,28,KIA,EV2,Private,BEV,Electrico,UKL1,REST,Standard,SAV,28,Madrid,"shuma gamboa, s.l.","SHUMA GAMBOA, S.L.",medium,official,1
2026,07,28,KIA,EV2,Private,BEV,Electrico,UKL1,REST,Standard,SAV,43,Tarragona,"autocam sport, s.l.","AUTOCAM SPORT, S.L.",medium,official,1
2026,07,28,KIA,EV2,Private,BEV,Electrico,UKL1,REST,Standard,SAV,43,Tarragona,"garancar, s.a. (quadis armotors","GARANCAR, S.A. (QUADIS ARmotors)",medium,official,1
2026,07,28,KIA,EV3,Private,BEV,Electrico,UKL1,REST,Standard,SAV,06,Badajoz,"gedauto servicios, s.l.","GEDAUTO SERVICIOS, S.L.",medium,official,1
2026,07,28,KIA,EV3,Private,BEV,Electrico,UKL1,REST,Standard,SAV,08,Barcelona,"eix motor catalunya, s.l.","EIX MOTOR CATALUNYA, S.L.",high,official,3
2026,07,28,KIA,EV3,Private,BEV,Electrico,UKL1,REST,Standard,SAV,25,Lleida,"eix motor catalunya, s.l.","EIX MOTOR CATALUNYA, S.L.",high,official,1
2026,07,28,KIA,EV3,Private,BEV,Electrico,UKL1,REST,Standard,SAV,28,Madrid,"kmib retail, s.l.","KMIB RETAIL, S.L.",medium,official,1
2026,07,28,KIA,EV3,Private,BEV,Electrico,UKL1,REST,Standard,SAV,29,Málaga,"caetano móvil sur, s.l.","CAETANO MÓVIL SUR, S.L.",high,official,1
2026,07,28,KIA,EV3,Private,BEV,Electrico,UKL1,REST,Standard,SAV,46,Valencia,"ulsan motor, s.l.","ULSAN MOTOR, S.L.",high,official,2
2026,07,28,KIA,EV3,Private,BEV,Electrico,UKL1,REST,Standard,SAV,48,Bizkaia,"mas motor, s.a.","MAS MOTOR, S.A.",medium,official,1
2026,07,28,KIA,EV4,Private,BEV,Electrico,KKL,REST,Standard,SEDAN,06,Badajoz,"gedauto servicios, s.l.","GEDAUTO SERVICIOS, S.L.",medium,official,1
2026,07,28,KIA,EV4,Private,BEV,Electrico,KKL,REST,Standard,SEDAN,43,Tarragona,"garancar, s.a. (quadis armotors","GARANCAR, S.A. (QUADIS ARmotors)",medium,official,1
2026,07,28,KIA,EV5,Private,BEV,Electrico,UKL2,REST,Standard,HACH 5P,07,Baleares,"tracxioncars, s.a. (ibiza",C17VC00642,high,official,1
2026,07,28,KIA,EV5,Private,BEV,Electrico,UKL2,REST,Standard,HACH 5P,13,Ciudad Real,"ferma movil, s.l.","FERMA MOVIL, S.L.",high,official,1
2026,07,28,KIA,EV5,Private,BEV,Electrico,UKL2,REST,Standard,HACH 5P,17,Girona,"empor speed, s.l.u","EMPOR SPEED, S.L.U",high,official,1
2026,07,28,KIA,EV5,Private,BEV,Electrico,UKL2,REST,Standard,HACH 5P,46,Valencia,"ulsan motor, s.l.","ULSAN MOTOR, S.L.",high,official,1
2026,07,28,KIA,NIRO,Private,ICE,Gasolina/Electrico Enchufable,UKL2,REST,Standard,SAV,03,Alicante,"valgauto motor, s.l. (marcos automoción","VALGAUTO MOTOR, S.L. (MARCOS AUTOMOCIÓN)",high,official,1
2026,07,28,KIA,NIRO,Private,ICE,Gasolina/Electrico Enchufable,UKL2,REST,Standard,SAV,03,Alicante,"valgauto motor, s.l. (marcos automoción","VALGAUTO MOTOR, S.L. (MARCOS AUTOMOCIÓN)",medium,official,1
2026,07,28,KIA,NIRO,Private,ICE,Gasolina/Electrico Enchufable,UKL2,REST,Standard,SAV,07,Baleares,"tracxioncars, s.a. (ibiza",C17VC00642,high,official,1
2026,07,28,KIA,NIRO,Private,ICE,Gasolina/Electrico Enchufable,UKL2,REST,Standard,SAV,08,Barcelona,"automobils a.r. motors, s.l. (quadis armotors","AUTOMOBILS A.R. MOTORS, S.L. (QUADIS ARmotors)",medium,official,1
2026,07,28,KIA,NIRO,Private,ICE,Gasolina/Electrico Enchufable,UKL2,REST,Standard,SAV,08,Barcelona,"eix motor catalunya, s.l.","EIX MOTOR CATALUNYA, S.L.",high,official,2
2026,07,28,KIA,NIRO,Private,ICE,Gasolina/Electrico Enchufable,UKL2,REST,Standard,SAV,08,Barcelona,"semprocar, s.l.","SEMPROCAR, S.L.",medium,official,1
2026,07,28,KIA,NIRO,Private,ICE,Gasolina/Electrico Enchufable,UKL2,REST,Standard,SAV,13,Ciudad Real,"ferma movil, s.l.","FERMA MOVIL, S.L.",high,official,1
2026,07,28,KIA,NIRO,Private,ICE,Gasolina/Electrico Enchufable,UKL2,REST,Standard,SAV,13,Ciudad Real,"ferma movil, s.l.","FERMA MOVIL, S.L.",medium,official,1
2026,07,28,KIA,NIRO,Private,ICE,Gasolina/Electrico Enchufable,UKL2,REST,Standard,SAV,15,A Coruña,"breogan drive, s.l.","BREOGAN DRIVE, S.L.",high,official,1
2026,07,28,KIA,NIRO,Private,ICE,Gasolina/Electrico Enchufable,UKL2,REST,Standard,SAV,15,A Coruña,corgal automóviles s.l.,CORGAL AUTOMÓVILES S.L.,high,official,1
2026,07,28,KIA,NIRO,Private,ICE,Gasolina/Electrico Enchufable,UKL2,REST,Standard,SAV,17,Girona,"texauto motor, s.l.","TEXAUTO MOTOR, S.L.",high,official,1
2026,07,28,KIA,NIRO,Private,ICE,Gasolina/Electrico Enchufable,UKL2,REST,Standard,SAV,20,Gipuzkoa,"novocar motor, s.l.","NOVOCAR MOTOR, S.L.",high,official,1
2026,07,28,KIA,NIRO,Private,ICE,Gasolina/Electrico Enchufable,UKL2,REST,Standard,SAV,21,Huelva,"veyser automoción, s.l. (huelva",C17VC00694,high,official,3
2026,07,28,KIA,NIRO,Private,ICE,Gasolina/Electrico Enchufable,UKL2,REST,Standard,SAV,23,Jaén,"motum automoción, s.l.","MOTUM AUTOMOCIÓN, S.L.",high,official,1
2026,07,28,KIA,NIRO,Private,ICE,Gasolina/Electrico Enchufable,UKL2,REST,Standard,SAV,24,León,"hipergar, s.l. (camponaraya, ponferrada",C17VC00356,medium,official,1
2026,07,28,KIA,NIRO,Private,ICE,Gasolina/Electrico Enchufable,UKL2,REST,Standard,SAV,25,Lleida,"centro de automoción lleida, s.a.","CENTRO DE AUTOMOCIÓN LLEIDA, S.A.",high,official,2
2026,07,28,KIA,NIRO,Private,ICE,Gasolina/Electrico Enchufable,UKL2,REST,Standard,SAV,28,Madrid,"aki madrid automoción, s.l.","AKI MADRID AUTOMOCIÓN, S.L.",high,official,1
2026,07,28,KIA,NIRO,Private,ICE,Gasolina/Electrico Enchufable,UKL2,REST,Standard,SAV,30,Murcia,"grupo m. gallego, s.l.","GRUPO M. GALLEGO, S.L.",high,official,2
2026,07,28,KIA,NIRO,Private,ICE,Gasolina/Electrico Enchufable,UKL2,REST,Standard,SAV,30,Murcia,"grupo m. gallego, s.l.","GRUPO M. GALLEGO, S.L.",medium,official,1
2026,07,28,KIA,NIRO,Private,ICE,Gasolina/Electrico Enchufable,UKL2,REST,Standard,SAV,34,Palencia,"autoconsa, s.l.","AUTOCONSA, S.L.",high,official,1
2026,07,28,KIA,NIRO,Private,ICE,Gasolina/Electrico Enchufable,UKL2,REST,Standard,SAV,37,Salamanca,"marta motor, s.l.","MARTA MOTOR, S.L.",high,official,1
2026,07,28,KIA,NIRO,Private,ICE,Gasolina/Electrico Enchufable,UKL2,REST,Standard,SAV,37,Salamanca,"rojas motor, s.l.","ROJAS MOTOR, S.L.",medium,official,1
2026,07,28,KIA,NIRO,Private,ICE,Gasolina/Electrico Enchufable,UKL2,REST,Standard,SAV,41,Sevilla,"mobilify sevilla 2024, s.l.","MOBILIFY SEVILLA 2024, S.L.",high,official,1
2026,07,28,KIA,NIRO,Private,ICE,Gasolina/Electrico Enchufable,UKL2,REST,Standard,SAV,43,Tarragona,"autocam sport, s.l.","AUTOCAM SPORT, S.L.",high,official,1
2026,07,28,KIA,NIRO,Private,ICE,Gasolina/Electrico Enchufable,UKL2,REST,Standard,SAV,46,Valencia,"autopista sur, s.l.","AUTOPISTA SUR, S.L.",high,official,1
2026,07,28,KIA,NIRO,Private,ICE,Gasolina/Electrico Enchufable,UKL2,REST,Standard,SAV,46,Valencia,"ulsan motor, s.l.","ULSAN MOTOR, S.L.",high,official,1
2026,07,28,KIA,NIRO,Private,ICE,Gasolina/Electrico Enchufable,UKL2,REST,Standard,SAV,48,Bizkaia,"mas motor, s.a.","MAS MOTOR, S.A.",medium,official,1
2026,07,28,KIA,PICANTO,Private,ICE,Gasolina,UKL0,REST,Standard,HACH 5P,18,Granada,"arm motor, s.l.","ARM MOTOR, S.L.",high,official,1
2026,07,28,KIA,PV5,Private,BEV,Electrico,SKL,REST,Standard,TRANSPORTER,11,Cádiz,"gadir automoción, s.a.u.","GADIR AUTOMOCIÓN, S.A.U.",high,official,1
2026,07,28,KIA,PV5,Private,BEV,Electrico,SKL,REST,Standard,TRANSPORTER,22,Huesca,"automotor huesca, s.l.","AUTOMOTOR HUESCA, S.L.",high,official,1
2026,07,28,KIA,PV5,Private,BEV,Electrico,SKL,REST,Standard,TRANSPORTER,39,Cantabria,"numar motor, s.l.","NUMAR MOTOR, S.L.",high,official,1
2026,07,28,KIA,SELTOS,Private,ICE,Gasolina,UKL2,REST,Standard,SAV,09,Burgos,"import móvil julian, s.l.","IMPORT MÓVIL JULIAN, S.L.",high,official,1
2026,07,28,KIA,SELTOS,Private,ICE,Gasolina,UKL2,REST,Standard,SAV,15,A Coruña,corgal automóviles s.l.,CORGAL AUTOMÓVILES S.L.,high,official,1
2026,07,28,KIA,SORENTO,Private,ICE,Gasolina/Electrico Enchufable,KKL,REST,Standard,SAV,50,Zaragoza,"autosalduba, s.a.","AUTOSALDUBA, S.A.",medium,official,1
2026,07,28,KIA,SPORTAGE,Private,ICE,Gasolina/Electrico Enchufable,UKL2,REST,Standard,SAV,03,Alicante,"valgauto motor, s.l. (marcos automoción","VALGAUTO MOTOR, S.L. (MARCOS AUTOMOCIÓN)",high,official,4
2026,07,28,KIA,SPORTAGE,Private,ICE,Gasolina/Electrico Enchufable,UKL2,REST,Standard,SAV,06,Badajoz,"gedauto servicios, s.l.","GEDAUTO SERVICIOS, S.L.",high,official,1
2026,07,28,KIA,SPORTAGE,Private,ICE,Gasolina/Electrico Enchufable,UKL2,REST,Standard,SAV,07,Baleares,"tracxioncars, s.a. (ibiza",C17VC00642,high,official,2
2026,07,28,KIA,SPORTAGE,Private,ICE,Gasolina/Electrico Enchufable,UKL2,REST,Standard,SAV,08,Barcelona,"eix motor catalunya, s.l.","EIX MOTOR CATALUNYA, S.L.",high,official,1
2026,07,28,KIA,SPORTAGE,Private,ICE,Gasolina/Electrico Enchufable,UKL2,REST,Standard,SAV,08,Barcelona,"eix motor catalunya, s.l.","EIX MOTOR CATALUNYA, S.L.",medium,official,1
2026,07,28,KIA,SPORTAGE,Private,ICE,Gasolina/Electrico Enchufable,UKL2,REST,Standard,SAV,09,Burgos,"import móvil julian, s.l.","IMPORT MÓVIL JULIAN, S.L.",high,official,1
2026,07,28,KIA,SPORTAGE,Private,ICE,Gasolina/Electrico Enchufable,UKL2,REST,Standard,SAV,10,Cáceres,"rojas motor, s.l.","ROJAS MOTOR, S.L.",high,official,1
2026,07,28,KIA,SPORTAGE,Private,ICE,Gasolina/Electrico Enchufable,UKL2,REST,Standard,SAV,13,Ciudad Real,"ferma movil, s.l.","FERMA MOVIL, S.L.",high,official,2
2026,07,28,KIA,SPORTAGE,Private,ICE,Gasolina/Electrico Enchufable,UKL2,REST,Standard,SAV,14,Córdoba,"mobilify sevilla 2024, s.l.","MOBILIFY SEVILLA 2024, S.L.",high,official,1
2026,07,28,KIA,SPORTAGE,Private,ICE,Gasolina/Electrico Enchufable,UKL2,REST,Standard,SAV,14,Córdoba,"mobility cars andalucía, s.l.","MOBILITY CARS ANDALUCÍA, S.L.",high,official,3
2026,07,28,KIA,SPORTAGE,Private,ICE,Gasolina/Electrico Enchufable,UKL2,REST,Standard,SAV,18,Granada,"arm motor, s.l.","ARM MOTOR, S.L.",high,official,1
2026,07,28,KIA,SPORTAGE,Private,ICE,Gasolina/Electrico Enchufable,UKL2,REST,Standard,SAV,19,Guadalajara,"eleckai motor 3.0, s.l.","ELECKAI MOTOR 3.0, S.L.",medium,official,1
2026,07,28,KIA,SPORTAGE,Private,ICE,Gasolina/Electrico Enchufable,UKL2,REST,Standard,SAV,23,Jaén,"motum automoción, s.l.","MOTUM AUTOMOCIÓN, S.L.",high,official,1
2026,07,28,KIA,SPORTAGE,Private,ICE,Gasolina/Electrico Enchufable,UKL2,REST,Standard,SAV,23,Jaén,"motum automoción, s.l.","MOTUM AUTOMOCIÓN, S.L.",medium,official,1
2026,07,28,KIA,SPORTAGE,Private,ICE,Gasolina/Electrico Enchufable,UKL2,REST,Standard,SAV,25,Lleida,"centro de automoción lleida, s.a.","CENTRO DE AUTOMOCIÓN LLEIDA, S.A.",high,official,2
2026,07,28,KIA,SPORTAGE,Private,ICE,Gasolina/Electrico Enchufable,UKL2,REST,Standard,SAV,26,La Rioja,"garte turismos, s.l.","GARTE TURISMOS, S.L.",high,official,2
2026,07,28,KIA,SPORTAGE,Private,ICE,Gasolina/Electrico Enchufable,UKL2,REST,Standard,SAV,28,Madrid,"repuestos auto motor ram, s.a. (collado villalba",C17VC00736,high,official,1
2026,07,28,KIA,SPORTAGE,Private,ICE,Gasolina/Electrico Enchufable,UKL2,REST,Standard,SAV,29,Málaga,"caetano móvil sur, s.l.","CAETANO MÓVIL SUR, S.L.",high,official,6
2026,07,28,KIA,SPORTAGE,Private,ICE,Gasolina/Electrico Enchufable,UKL2,REST,Standard,SAV,30,Murcia,"grupo m. gallego, s.l.","GRUPO M. GALLEGO, S.L.",medium,official,3
2026,07,28,KIA,SPORTAGE,Private,ICE,Gasolina/Electrico Enchufable,UKL2,REST,Standard,SAV,31,Navarra,"sakimóvil, s.l.u","SAKIMÓVIL, S.L.U",high,official,1
2026,07,28,KIA,SPORTAGE,Private,ICE,Gasolina/Electrico Enchufable,UKL2,REST,Standard,SAV,41,Sevilla,"mobilify sevilla 2024, s.l.","MOBILIFY SEVILLA 2024, S.L.",high,official,1
2026,07,28,KIA,SPORTAGE,Private,ICE,Gasolina/Electrico Enchufable,UKL2,REST,Standard,SAV,43,Tarragona,"garancar, s.a. (quadis armotors","GARANCAR, S.A. (QUADIS ARmotors)",high,official,1
2026,07,28,KIA,SPORTAGE,Private,ICE,Gasolina/Electrico Enchufable,UKL2,REST,Standard,SAV,44,Teruel,"rimauto team, s.l.","RIMAUTO TEAM, S.L.",medium,official,1
2026,07,28,KIA,SPORTAGE,Private,ICE,Gasolina/Electrico Enchufable,UKL2,REST,Standard,SAV,45,Toledo,"ferma movil, s.l.","FERMA MOVIL, S.L.",high,official,1
2026,07,28,KIA,SPORTAGE,Private,ICE,Gasolina/Electrico Enchufable,UKL2,REST,Standard,SAV,50,Zaragoza,"autosalduba, s.a.","AUTOSALDUBA, S.A.",medium,official,1
2026,07,28,KIA,STONIC,Private,ICE,Gasolina Mild Hybrid,UKL1,REST,Standard,SAV,03,Alicante,"valgauto motor, s.l. (marcos automoción","VALGAUTO MOTOR, S.L. (MARCOS AUTOMOCIÓN)",medium,official,2
2026,07,28,KIA,STONIC,Private,ICE,Gasolina Mild Hybrid,UKL1,REST,Standard,SAV,04,Almería,marcos automoción,KIA MARCOS AUTOMOCIÓN,high,official,2
2026,07,28,KIA,STONIC,Private,ICE,Gasolina Mild Hybrid,UKL1,REST,Standard,SAV,07,Baleares,"tracxioncars, s.a. (ibiza",C17VC00642,high,official,1
2026,07,28,KIA,STONIC,Private,ICE,Gasolina Mild Hybrid,UKL1,REST,Standard,SAV,08,Barcelona,"eix motor catalunya, s.l.","EIX MOTOR CATALUNYA, S.L.",high,official,1
2026,07,28,KIA,STONIC,Private,ICE,Gasolina Mild Hybrid,UKL1,REST,Standard,SAV,18,Granada,"arm motor, s.l.","ARM MOTOR, S.L.",high,official,1
2026,07,28,KIA,STONIC,Private,ICE,Gasolina Mild Hybrid,UKL1,REST,Standard,SAV,23,Jaén,"motum automoción, s.l.","MOTUM AUTOMOCIÓN, S.L.",high,official,1
2026,07,28,KIA,STONIC,Private,ICE,Gasolina Mild Hybrid,UKL1,REST,Standard,SAV,27,Lugo,"breogán car, s.l.","BREOGÁN CAR, S.L.",high,official,1
2026,07,28,KIA,STONIC,Private,ICE,Gasolina Mild Hybrid,UKL1,REST,Standard,SAV,29,Málaga,"caetano móvil sur, s.l.","CAETANO MÓVIL SUR, S.L.",high,official,2
2026,07,28,KIA,XCEED,Private,ICE,Gasolina Mild Hybrid,UKL2,REST,Standard,HACH 5P,03,Alicante,"valgauto motor, s.l. (marcos automoción","VALGAUTO MOTOR, S.L. (MARCOS AUTOMOCIÓN)",medium,official,1
2026,07,28,KIA,XCEED,Private,ICE,Gasolina Mild Hybrid,UKL2,REST,Standard,HACH 5P,05,Ávila,"cervera motor, s.l. (avila",C17VC00615,high,official,1
2026,07,28,KIA,XCEED,Private,ICE,Gasolina Mild Hybrid,UKL2,REST,Standard,HACH 5P,06,Badajoz,"gedauto servicios, s.l.","GEDAUTO SERVICIOS, S.L.",high,official,2
2026,07,28,KIA,XCEED,Private,ICE,Gasolina Mild Hybrid,UKL2,REST,Standard,HACH 5P,08,Barcelona,"eix motor catalunya, s.l.","EIX MOTOR CATALUNYA, S.L.",high,official,1
2026,07,28,KIA,XCEED,Private,ICE,Gasolina Mild Hybrid,UKL2,REST,Standard,HACH 5P,10,Cáceres,"rojas motor, s.l.","ROJAS MOTOR, S.L.",high,official,1
2026,07,28,KIA,XCEED,Private,ICE,Gasolina Mild Hybrid,UKL2,REST,Standard,HACH 5P,14,Córdoba,"mobility cars andalucía, s.l.","MOBILITY CARS ANDALUCÍA, S.L.",high,official,2
2026,07,28,KIA,XCEED,Private,ICE,Gasolina Mild Hybrid,UKL2,REST,Standard,HACH 5P,15,A Coruña,corgal automóviles s.l.,CORGAL AUTOMÓVILES S.L.,high,official,1
2026,07,28,KIA,XCEED,Private,ICE,Gasolina Mild Hybrid,UKL2,REST,Standard,HACH 5P,28,Madrid,"aki madrid automoción, s.l.","AKI MADRID AUTOMOCIÓN, S.L.",high,official,1
2026,07,28,KIA,XCEED,Private,ICE,Gasolina Mild Hybrid,UKL2,REST,Standard,HACH 5P,29,Málaga,"caetano móvil sur, s.l.","CAETANO MÓVIL SUR, S.L.",high,official,1
2026,07,28,KIA,XCEED,Private,ICE,Gasolina Mild Hybrid,UKL2,REST,Standard,HACH 5P,30,Murcia,"grupo m. gallego, s.l.","GRUPO M. GALLEGO, S.L.",high,official,1
2026,07,28,KIA,XCEED,Private,ICE,Gasolina Mild Hybrid,UKL2,REST,Standard,HACH 5P,45,Toledo,"aki madrid automoción, s.l.","AKI MADRID AUTOMOCIÓN, S.L.",high,official,1
2026,07,28,KIA,XCEED,Private,ICE,Gasolina Mild Hybrid,UKL2,REST,Standard,HACH 5P,52,Melilla,"parres- , s.l.","PARRES-KIA, S.L.",medium,official,1
2026,07,28,LEXUS,LBX,Private,ICE,Gasolina/Electrico,UKL1,FOCUS SEGMENT,Standard,SAV,08,Barcelona,nipauto barcelona,NIPAUTO BARCELONA,medium,official,1
2026,07,28,LEXUS,LBX,Private,ICE,Gasolina/Electrico,UKL1,FOCUS SEGMENT,Standard,SAV,09,Burgos,"motorbafer, s.l",MOTORBAFER S L,high,official,1
2026,07,28,LEXUS,LBX,Private,ICE,Gasolina/Electrico,UKL1,FOCUS SEGMENT,Standard,SAV,16,Cuenca,comauto premium,COMAUTO PREMIUM,medium,official,1
2026,07,28,LEXUS,LBX,Private,ICE,Gasolina/Electrico,UKL1,FOCUS SEGMENT,Standard,SAV,24,León,"motorbafer, s.l",MOTORBAFER S L,high,official,1
2026,07,28,LEXUS,LBX,Private,ICE,Gasolina/Electrico,UKL1,FOCUS SEGMENT,Standard,SAV,36,Pontevedra,"breogan autolux, s.l.u",BREOGAN AUTOLUX S L U,high,official,1
2026,07,28,LEXUS,LBX,Private,ICE,Gasolina/Electrico,UKL1,FOCUS SEGMENT,Standard,SAV,46,Valencia,comauto premium,COMAUTO PREMIUM,high,official,3
2026,07,28,LEXUS,LBX,Private,ICE,Gasolina/Electrico,UKL1,FOCUS SEGMENT,Standard,SAV,46,Valencia,comauto premium,COMAUTO PREMIUM,medium,official,1
2026,07,28,LEXUS,NX,Private,ICE,Gasolina/Electrico Enchufable,KKL,FOCUS SEGMENT,Standard,SAV,08,Barcelona,nipauto barcelona,NIPAUTO BARCELONA,medium,official,1
2026,07,28,LEXUS,NX,Private,ICE,Gasolina/Electrico Enchufable,KKL,FOCUS SEGMENT,Standard,SAV,18,Granada,cumaca premium s.l.,CUMACA PREMIUM S L,medium,official,1
2026,07,28,LEXUS,NX,Private,ICE,Gasolina/Electrico Enchufable,KKL,FOCUS SEGMENT,Standard,SAV,28,Madrid,automoviles axel s.a.,AUTOMOVILES AXEL S A,medium,official,1
2026,07,28,LEXUS,NX,Private,ICE,Gasolina/Electrico Enchufable,KKL,FOCUS SEGMENT,Standard,SAV,41,Sevilla,nimo gordillo luxury,NIMO GORDILLO LUXURY,high,official,1
2026,07,28,LEXUS,NX,Private,ICE,Gasolina/Electrico Enchufable,KKL,FOCUS SEGMENT,Standard,SAV,46,Valencia,comauto premium,COMAUTO PREMIUM,medium,official,1
2026,07,28,LEXUS,NX,Private,PHEV,Gasolina/Electrico Enchufable,KKL,FOCUS SEGMENT,Standard,SAV,08,Barcelona,ippon motor valles s.a.,IPPON MOTOR VALLES S A,high,official,1
2026,07,28,LEXUS,NX,Private,PHEV,Gasolina/Electrico Enchufable,KKL,FOCUS SEGMENT,Standard,SAV,28,Madrid,automoviles axel s.a.,AUTOMOVILES AXEL S A,medium,official,2
2026,07,28,LEXUS,NX,Private,PHEV,Gasolina/Electrico Enchufable,KKL,FOCUS SEGMENT,Standard,SAV,28,Madrid,comauto premium,COMAUTO PREMIUM,high,official,2
2026,07,28,LEXUS,NX,Private,PHEV,Gasolina/Electrico Enchufable,KKL,FOCUS SEGMENT,Standard,SAV,29,Málaga,cumaca premium s.l.,CUMACA PREMIUM S L,high,official,1
2026,07,28,LEXUS,NX,Private,PHEV,Gasolina/Electrico Enchufable,KKL,FOCUS SEGMENT,Standard,SAV,41,Sevilla,nimo gordillo luxury,NIMO GORDILLO LUXURY,high,official,1
2026,07,28,LEXUS,NX,Private,PHEV,Gasolina/Electrico Enchufable,KKL,FOCUS SEGMENT,Standard,SAV,48,Bizkaia,"milenium car, s.l",MILENIUM CAR S L,high,official,1
2026,07,28,LEXUS,NX,Private,PHEV,Gasolina/Electrico Enchufable,KKL,FOCUS SEGMENT,Standard,SAV,50,Zaragoza,"artal autolux, s.l.",ARTAL AUTOLUX S L,high,official,1
2026,07,28,LEXUS,RZ,Private,BEV,Electrico,KKL,FOCUS SEGMENT,Standard,SAT,08,Barcelona,nipauto barcelona,NIPAUTO BARCELONA,medium,official,1
2026,07,28,LEXUS,UX,Private,ICE,Gasolina/Electrico,UKL2,FOCUS SEGMENT,Standard,SAV,14,Córdoba,nimo gordillo luxury,NIMO GORDILLO LUXURY,medium,official,1
2026,07,28,LEXUS,UX,Private,ICE,Gasolina/Electrico,UKL2,FOCUS SEGMENT,Standard,SAV,29,Málaga,cumaca premium s.l.,CUMACA PREMIUM S L,high,official,1
2026,07,28,LEXUS,UX,Private,ICE,Gasolina/Electrico,UKL2,FOCUS SEGMENT,Standard,SAV,48,Bizkaia,"milenium car, s.l",MILENIUM CAR S L,high,official,1
2026,07,28,MERCEDES,CITAN,Private,ICE,Gasolina,SKL,REST,Standard,TRANSPORTER,17,Girona,garatge plana,GC0008498,high,official,1
2026,07,28,MERCEDES,CLASE A,Private,ICE,Diesel,UKL2,FOCUS SEGMENT,Standard,SEDAN,46,Valencia,valdisa,GC00110108,medium,official,1
2026,07,28,MERCEDES,CLASE A,Private,ICE,Diesel,UKL2,FOCUS SEGMENT,Standard,SEDAN,47,Valladolid,adarsa,GC0008336,high,official,1
2026,07,28,MERCEDES,CLASE A,Private,PHEV,Gasolina/Electrico Enchufable,UKL2,FOCUS SEGMENT,Standard,HACH 5P,15,A Coruña,louzao vigo,GC0008434,high,official,1
2026,07,28,MERCEDES,CLASE A,Private,PHEV,Gasolina/Electrico Enchufable,UKL2,FOCUS SEGMENT,Standard,HACH 5P,28,Madrid,mobility centro,GC00110545,medium,official,1
2026,07,28,MERCEDES,CLASE A,Private,PHEV,Gasolina/Electrico Enchufable,UKL2,FOCUS SEGMENT,Standard,HACH 5P,46,Valencia,valdisa,GC00110108,medium,official,1
2026,07,28,MERCEDES,CLASE C,Private,ICE,Gasolina,KKL,FOCUS SEGMENT,Standard,ESTATE,32,Ourense,adarsa,GC0008566,medium,official,1
2026,07,28,MERCEDES,CLASE CLA,Private,BEV,Gasolina/Electrico Enchufable,UKL2,FOCUS SEGMENT,Standard,SEDAN,07,Baleares,autovidal,GC0010464,medium,official,1
2026,07,28,MERCEDES,CLASE CLA,Private,BEV,Gasolina/Electrico Enchufable,UKL2,FOCUS SEGMENT,Standard,SEDAN,12,Castellón,"autocas, s.a.",GC0013072,high,official,1
2026,07,28,MERCEDES,CLASE CLA,Private,BEV,Gasolina/Electrico Enchufable,UKL2,FOCUS SEGMENT,Standard,SEDAN,31,Navarra,comercial gazpi,GC0008615,high,official,1
2026,07,28,MERCEDES,CLASE CLA,Private,BEV,Gasolina/Electrico Enchufable,UKL2,FOCUS SEGMENT,Standard,SEDAN,46,Valencia,valdisa,GC00110108,medium,official,1
2026,07,28,MERCEDES,CLASE CLA,Private,ICE,Gasolina,UKL2,FOCUS SEGMENT,Standard,ESTATE,12,Castellón,"autocas, s.a.",GC0013072,high,official,1
2026,07,28,MERCEDES,CLASE CLA,Private,ICE,Gasolina,UKL2,FOCUS SEGMENT,Standard,ESTATE,23,Jaén,jadisa,GC0008494,high,official,1
2026,07,28,MERCEDES,CLASE CLE,Private,ICE,Gasolina/Electrico Enchufable,MKL,FOCUS SEGMENT,M Performance,COUPE,46,Valencia,valdisa,GC00110108,medium,official,1
2026,07,28,MERCEDES,CLASE GLA,Private,ICE,Gasolina,UKL2,FOCUS SEGMENT,Standard,SAV,07,Baleares,autovidal,GC0010464,high,official,1
2026,07,28,MERCEDES,CLASE GLA,Private,ICE,Gasolina,UKL2,FOCUS SEGMENT,Standard,SAV,18,Granada,granada premium,GC0062700,high,official,1
2026,07,28,MERCEDES,CLASE GLA,Private,ICE,Gasolina,UKL2,FOCUS SEGMENT,Standard,SAV,23,Jaén,jadisa,GC0008494,high,official,1
2026,07,28,MERCEDES,CLASE GLA,Private,PHEV,Gasolina/Electrico Enchufable,UKL2,FOCUS SEGMENT,Standard,SAV,02,Albacete,automóviles villar,GC0010467,high,official,1
2026,07,28,MERCEDES,CLASE GLA,Private,PHEV,Gasolina/Electrico Enchufable,UKL2,FOCUS SEGMENT,Standard,SAV,11,Cádiz,cadimar,GC0008414,medium,official,1
2026,07,28,MERCEDES,CLASE GLA,Private,PHEV,Gasolina/Electrico Enchufable,UKL2,FOCUS SEGMENT,Standard,SAV,17,Girona,garatge plana,GC0008498,high,official,1
2026,07,28,MERCEDES,CLASE GLA,Private,PHEV,Gasolina/Electrico Enchufable,UKL2,FOCUS SEGMENT,Standard,SAV,28,Madrid,mobility centro,GC00110545,medium,official,1
2026,07,28,MERCEDES,CLASE GLA,Private,PHEV,Gasolina/Electrico Enchufable,UKL2,FOCUS SEGMENT,Standard,SAV,33,Asturias,adarsa,GC0008566,high,official,1
2026,07,28,MERCEDES,CLASE GLA,Private,PHEV,Gasolina/Electrico Enchufable,UKL2,FOCUS SEGMENT,Standard,SAV,43,Tarragona,quadis autolica,GC0008432,high,official,1
2026,07,28,MERCEDES,CLASE GLA,Private,PHEV,Gasolina/Electrico Enchufable,UKL2,FOCUS SEGMENT,Standard,SAV,43,Tarragona,quadis autolica,GC0008432,medium,official,1
2026,07,28,MERCEDES,CLASE GLB,Private,BEV,Gasolina Mild Hybrid,UKL2,FOCUS SEGMENT,Standard,SAV,14,Córdoba,caetano covisa,GC00111034,high,official,1
2026,07,28,MERCEDES,CLASE GLC,Private,ICE,Diesel,KKL,FOCUS SEGMENT,Standard,SAV,11,Cádiz,cadimar,GC0008414,high,official,1
2026,07,28,MERCEDES,CLASE GLC,Private,ICE,Diesel,KKL,FOCUS SEGMENT,Standard,SAV,15,A Coruña,louzao vigo,GC0008434,high,official,1
2026,07,28,MERCEDES,CLASE GLC,Private,ICE,Gasolina,KKL,FOCUS SEGMENT,Standard,SAV,04,Almería,saveres,GC0008628,high,official,1
2026,07,28,MERCEDES,CLASE GLC,Private,PHEV,Diesel/Electrico Enchufable,KKL,FOCUS SEGMENT,Standard,SAV,28,Madrid,mobility centro,GC00110545,medium,official,1
2026,07,28,MERCEDES,CLASE GLC,Private,PHEV,Diesel/Electrico Enchufable,KKL,FOCUS SEGMENT,Standard,SAV,32,Ourense,louzao vigo,GC0008434,high,official,1
2026,07,28,MERCEDES,CLASE GLC,Private,PHEV,Diesel/Electrico Enchufable,KKL,FOCUS SEGMENT,Standard,SAV,46,Valencia,valdisa,GC00110108,medium,official,1
2026,07,28,MERCEDES,CLASE V,Private,ICE,Gasolina Mild Hybrid,MKL,REST,Standard,MPV,50,Zaragoza,agreda automovil,GC0008409,high,official,1
2026,07,28,MERCEDES,EQA,Private,BEV,Electrico,UKL2,FOCUS SEGMENT,Standard,SAV,29,Málaga,caetano benet,GC0008614,medium,official,2
2026,07,28,MERCEDES,SPRINTER 300,Private,ICE,Diesel,SKL,REST,Standard,TRANSPORTER,29,Málaga,caetano benet,GC0008614,high,official,1
2026,07,28,MERCEDES,SPRINTER 300,Private,ICE,Diesel,SKL,REST,Standard,TRANSPORTER,31,Navarra,comercial gazpi,GC0008615,high,official,1
2026,07,28,MINI,ACEMAN,Private,BEV,Electrico,UKL1,FOCUS SEGMENT,Standard,SAV,03,Alicante,movibegar,100468,high,internal,1
2026,07,28,MINI,ACEMAN,Private,BEV,Electrico,UKL1,FOCUS SEGMENT,Standard,SAV,28,Madrid,caetano cuzco,100323,high,internal,1
2026,07,28,MINI,CABRIO,Private,ICE,Gasolina,UKL1,FOCUS SEGMENT,Standard,CABRIO,38,S.C. Tenerife,canaauto,100389,high,internal,1
2026,07,28,MINI,CABRIO,Private,ICE,Gasolina,UKL1,FOCUS SEGMENT,Standard,CABRIO,46,Valencia,bertolín,100002,high,internal,1
2026,07,28,MINI,COUNTRYMAN,Private,BEV,Electrico,UKL2,FOCUS SEGMENT,Standard,SAV,29,Málaga,automotor,100586,high,internal,1
2026,07,28,MINI,COUNTRYMAN,Private,BEV,Electrico,UKL2,FOCUS SEGMENT,Standard,SAV,33,Asturias,triocar,100379,high,internal,1
2026,07,28,MINI,COUNTRYMAN,Private,ICE,Electrico,UKL2,FOCUS SEGMENT,Standard,SAV,08,Barcelona,quadis munich,100909,high,internal,1
2026,07,28,MINI,COUNTRYMAN,Private,ICE,Electrico,UKL2,FOCUS SEGMENT,Standard,SAV,14,Córdoba,san rafael motor,100422,high,internal,1
2026,07,28,MINI,HATCHBACK,Private,BEV,Electrico,UKL1,FOCUS SEGMENT,Standard,HACH 3P,28,Madrid,bymycar madrid,100873,high,internal,2
2026,07,28,MINI,HATCHBACK,Private,BEV,Electrico,UKL1,FOCUS SEGMENT,Standard,HACH 3P,46,Valencia,bertolín,100002,high,internal,1
2026,07,28,MINI,HATCHBACK,Private,ICE,Electrico,UKL1,FOCUS SEGMENT,JCW,HACH 3P,07,Baleares,proa premium,100734,high,internal,1
2026,07,28,MINI,HATCHBACK,Private,ICE,Electrico,UKL1,FOCUS SEGMENT,Standard,HACH 3P,07,Baleares,proa premium,100734,high,internal,1
2026,07,28,MINI,HATCHBACK,Private,ICE,Electrico,UKL1,FOCUS SEGMENT,Standard,HACH 3P,08,Barcelona,quadis munich,100909,high,internal,3
2026,07,28,MINI,HATCHBACK,Private,ICE,Electrico,UKL1,FOCUS SEGMENT,Standard,HACH 3P,17,Girona,oliva motor girona,100817,high,internal,1
2026,07,28,MINI,HATCHBACK,Private,ICE,Electrico,UKL1,FOCUS SEGMENT,Standard,HACH 3P,28,Madrid,bymycar madrid,100873,high,internal,1
2026,07,28,MINI,HATCHBACK,Private,ICE,Electrico,UKL1,FOCUS SEGMENT,Standard,HACH 3P,46,Valencia,bertolín,100002,high,internal,1
2026,07,28,NISSAN,ARIYA,Private,BEV,Electrico,UKL2,REST,Standard,SAV,16,Cuenca,aurassan,aurassan,high,official,1
2026,07,28,NISSAN,ARIYA,Private,BEV,Electrico,UKL2,REST,Standard,SAV,45,Toledo,kento motor,kentomotor,high,official,1
2026,07,28,NISSAN,JUKE,Private,ICE,Gasolina/Electrico,UKL1,REST,Standard,SAV,07,Baleares,autovidal,autovidal,high,official,1
2026,07,28,NISSAN,JUKE,Private,ICE,Gasolina/Electrico,UKL1,REST,Standard,SAV,08,Barcelona,nikko center,nikkocenter,high,official,1
2026,07,28,NISSAN,JUKE,Private,ICE,Gasolina/Electrico,UKL1,REST,Standard,SAV,11,Cádiz,loreto motor,loretomotor,high,official,1
2026,07,28,NISSAN,JUKE,Private,ICE,Gasolina/Electrico,UKL1,REST,Standard,SAV,11,Cádiz,loreto motor,loretomotor,medium,official,1
2026,07,28,NISSAN,JUKE,Private,ICE,Gasolina/Electrico,UKL1,REST,Standard,SAV,15,A Coruña,automóviles antamotor,antamotor,high,official,1
2026,07,28,NISSAN,JUKE,Private,ICE,Gasolina/Electrico,UKL1,REST,Standard,SAV,17,Girona,camps motor,campsmotor,high,official,1
2026,07,28,NISSAN,JUKE,Private,ICE,Gasolina/Electrico,UKL1,REST,Standard,SAV,20,Gipuzkoa,gaursa,gaursa,high,official,1
2026,07,28,NISSAN,JUKE,Private,ICE,Gasolina/Electrico,UKL1,REST,Standard,SAV,28,Madrid,caetano reicomsa,caetanoreicomsa,medium,official,1
2026,07,28,NISSAN,JUKE,Private,ICE,Gasolina/Electrico,UKL1,REST,Standard,SAV,33,Asturias,cyasa,cyasa,high,official,1
2026,07,28,NISSAN,JUKE,Private,ICE,Gasolina/Electrico,UKL1,REST,Standard,SAV,35,Las Palmas,brisa motor,brisamotor,medium,official,1
2026,07,28,NISSAN,JUKE,Private,ICE,Gasolina/Electrico,UKL1,REST,Standard,SAV,43,Tarragona,nikko center,nikkocenter,high,official,1
2026,07,28,NISSAN,PRIMASTAR,Private,ICE,Diesel,SKL,REST,Standard,TRANSPORTER,30,Murcia,marcos automoción,marcosautomocion,high,official,1
2026,07,28,NISSAN,PRIMASTAR,Private,ICE,Diesel,SKL,REST,Standard,TRANSPORTER,38,S.C. Tenerife,farray motor,arimotortenerife,high,official,1
2026,07,28,NISSAN,QASHQAI,Private,ICE,Gasolina/Electrico,UKL2,REST,Standard,SAT,02,Albacete,romóvil,romovil,medium,official,1
2026,07,28,NISSAN,QASHQAI,Private,ICE,Gasolina/Electrico,UKL2,REST,Standard,SAT,03,Alicante,almenar,nissanalmenar,medium,official,1
2026,07,28,NISSAN,QASHQAI,Private,ICE,Gasolina/Electrico,UKL2,REST,Standard,SAT,03,Alicante,marcos automoción,marcosautomocion,high,official,3
2026,07,28,NISSAN,QASHQAI,Private,ICE,Gasolina/Electrico,UKL2,REST,Standard,SAT,06,Badajoz,ns maven,nsmaven,medium,official,1
2026,07,28,NISSAN,QASHQAI,Private,ICE,Gasolina/Electrico,UKL2,REST,Standard,SAT,07,Baleares,autovidal,autovidal,medium,official,1
2026,07,28,NISSAN,QASHQAI,Private,ICE,Gasolina/Electrico,UKL2,REST,Standard,SAT,08,Barcelona,romauto,romauto,high,official,1
2026,07,28,NISSAN,QASHQAI,Private,ICE,Gasolina/Electrico,UKL2,REST,Standard,SAT,08,Barcelona,romauto,romauto,medium,official,1
2026,07,28,NISSAN,QASHQAI,Private,ICE,Gasolina/Electrico,UKL2,REST,Standard,SAT,08,Barcelona,sanfeliu motors,sanfeliu,high,official,2
2026,07,28,NISSAN,QASHQAI,Private,ICE,Gasolina/Electrico,UKL2,REST,Standard,SAT,08,Barcelona,santi enrique,santienrique,high,official,1
2026,07,28,NISSAN,QASHQAI,Private,ICE,Gasolina/Electrico,UKL2,REST,Standard,SAT,08,Barcelona,santi enrique,santienrique,medium,official,3
2026,07,28,NISSAN,QASHQAI,Private,ICE,Gasolina/Electrico,UKL2,REST,Standard,SAT,09,Burgos,ibermotor,ibermotor,high,official,1
2026,07,28,NISSAN,QASHQAI,Private,ICE,Gasolina/Electrico,UKL2,REST,Standard,SAT,11,Cádiz,loreto motor,loretomotor,medium,official,2
2026,07,28,NISSAN,QASHQAI,Private,ICE,Gasolina/Electrico,UKL2,REST,Standard,SAT,13,Ciudad Real,kento motor,kentomotor,high,official,1
2026,07,28,NISSAN,QASHQAI,Private,ICE,Gasolina/Electrico,UKL2,REST,Standard,SAT,15,A Coruña,automóviles antamotor,antamotor,high,official,1
2026,07,28,NISSAN,QASHQAI,Private,ICE,Gasolina/Electrico,UKL2,REST,Standard,SAT,17,Girona,interdiesel,interdiesel,medium,official,1
2026,07,28,NISSAN,QASHQAI,Private,ICE,Gasolina/Electrico,UKL2,REST,Standard,SAT,20,Gipuzkoa,gaursa,gaursa,high,official,2
2026,07,28,NISSAN,QASHQAI,Private,ICE,Gasolina/Electrico,UKL2,REST,Standard,SAT,23,Jaén,tokio motor,tokiomotor,high,official,2
2026,07,28,NISSAN,QASHQAI,Private,ICE,Gasolina/Electrico,UKL2,REST,Standard,SAT,24,León,cyasa,cyasa,medium,official,1
2026,07,28,NISSAN,QASHQAI,Private,ICE,Gasolina/Electrico,UKL2,REST,Standard,SAT,30,Murcia,marcos automoción,marcosautomocion,high,official,2
2026,07,28,NISSAN,QASHQAI,Private,ICE,Gasolina/Electrico,UKL2,REST,Standard,SAT,32,Ourense,roipesa,rofervigo,high,official,1
2026,07,28,NISSAN,QASHQAI,Private,ICE,Gasolina/Electrico,UKL2,REST,Standard,SAT,33,Asturias,cyasa,cyasa,high,official,1
2026,07,28,NISSAN,QASHQAI,Private,ICE,Gasolina/Electrico,UKL2,REST,Standard,SAT,35,Las Palmas,brisa motor,brisamotor,high,official,1
2026,07,28,NISSAN,QASHQAI,Private,ICE,Gasolina/Electrico,UKL2,REST,Standard,SAT,36,Pontevedra,automóviles antamotor,antamotor,high,official,1
2026,07,28,NISSAN,QASHQAI,Private,ICE,Gasolina/Electrico,UKL2,REST,Standard,SAT,41,Sevilla,divesan,divesan,medium,official,1
2026,07,28,NISSAN,QASHQAI,Private,ICE,Gasolina/Electrico,UKL2,REST,Standard,SAT,45,Toledo,talauto cars,talauto,high,official,1
2026,07,28,NISSAN,QASHQAI,Private,ICE,Gasolina/Electrico,UKL2,REST,Standard,SAT,46,Valencia,almenar,nissanalmenar,high,official,1
2026,07,28,NISSAN,QASHQAI,Private,ICE,Gasolina/Electrico,UKL2,REST,Standard,SAT,46,Valencia,marcos automoción,marcosautomocion,high,official,1
2026,07,28,NISSAN,QASHQAI,Private,ICE,Gasolina/Electrico,UKL2,REST,Standard,SAT,46,Valencia,marcos automoción,marcosautomocion,medium,official,1
2026,07,28,NISSAN,QASHQAI,Private,ICE,Gasolina/Electrico,UKL2,REST,Standard,SAT,47,Valladolid,eylo motor,eylomotor,high,official,1
2026,07,28,NISSAN,QASHQAI,Private,ICE,Gasolina/Electrico,UKL2,REST,Standard,SAT,50,Zaragoza,arvesa,arvesa,medium,official,1
2026,07,28,NISSAN,TOWNSTAR,Private,BEV,Gasolina,SKL,REST,Standard,TRANSPORTER,36,Pontevedra,roipesa,rofervigo,high,official,1
2026,07,28,NISSAN,TOWNSTAR,Private,ICE,Gasolina,SKL,REST,Standard,TRANSPORTER,11,Cádiz,loreto motor,loretomotor,high,official,1
2026,07,28,NISSAN,TOWNSTAR,Private,ICE,Gasolina,SKL,REST,Standard,TRANSPORTER,33,Asturias,cyasa,cyasa,high,official,1
2026,07,28,NISSAN,X-TRAIL,Private,ICE,Gasolina/Electrico,KKL,REST,Standard,SUV,02,Albacete,romóvil,romovil,medium,official,1
2026,07,28,NISSAN,X-TRAIL,Private,ICE,Gasolina/Electrico,KKL,REST,Standard,SUV,03,Alicante,almenar,nissanalmenar,medium,official,1
2026,07,28,NISSAN,X-TRAIL,Private,ICE,Gasolina/Electrico,KKL,REST,Standard,SUV,08,Barcelona,nikko center,nikkocenter,high,official,1
2026,07,28,NISSAN,X-TRAIL,Private,ICE,Gasolina/Electrico,KKL,REST,Standard,SUV,11,Cádiz,loreto motor,loretomotor,medium,official,1
2026,07,28,NISSAN,X-TRAIL,Private,ICE,Gasolina/Electrico,KKL,REST,Standard,SUV,14,Córdoba,catac,catac,medium,official,1
2026,07,28,NISSAN,X-TRAIL,Private,ICE,Gasolina/Electrico,KKL,REST,Standard,SUV,28,Madrid,caetano reicomsa,caetanoreicomsa,medium,official,1
2026,07,28,NISSAN,X-TRAIL,Private,ICE,Gasolina/Electrico,KKL,REST,Standard,SUV,28,Madrid,gamboa automocion,gamboautomocion,high,official,1
2026,07,28,NISSAN,X-TRAIL,Private,ICE,Gasolina/Electrico,KKL,REST,Standard,SUV,41,Sevilla,divesan,divesan,medium,official,1
2026,07,28,NISSAN,X-TRAIL,Private,ICE,Gasolina/Electrico,KKL,REST,Standard,SUV,46,Valencia,marcos automoción,marcosautomocion,high,official,1
2026,07,28,PORSCHE,CAYENNE,Private,BEV,Electrico,MKL,FOCUS SEGMENT,Standard,SAV,17,Girona,centro girona,CENTRO PORSCHE GIRONA,high,official,1
2026,07,28,PORSCHE,CAYENNE,Private,BEV,Electrico,MKL,FOCUS SEGMENT,Standard,SAV,46,Valencia,centro valencia,CENTRO PORSCHE VALENCIA,high,official,1
2026,07,28,PORSCHE,MACAN,Private,BEV,Electrico,KKL,FOCUS SEGMENT,M Performance,SAV,29,Málaga,centro marbella,CENTRO PORSCHE MARBELLA,high,official,1
2026,07,28,RENAULT,4,Private,BEV,Electrico,UKL1,REST,Standard,SAV,16,Cuenca,"automocion hnos. suarez,s.l.",72439401,medium,official,1
2026,07,28,RENAULT,4,Private,BEV,Electrico,UKL1,REST,Standard,SAV,18,Granada,"japemasa solar, s.l",72405360,high,official,1
2026,07,28,RENAULT,4,Private,BEV,Electrico,UKL1,REST,Standard,SAV,33,Asturias,"leomotor asturias, s.l.",72405168,high,official,1
2026,07,28,RENAULT,5,Private,BEV,Electrico,UKL1,REST,Standard,HACH 5P,03,Alicante,"japemasa solar, s.l",72405424,high,official,1
2026,07,28,RENAULT,5,Private,BEV,Electrico,UKL1,REST,Standard,HACH 5P,07,Baleares,"autos socias perello, s.l.",72405247,high,official,1
2026,07,28,RENAULT,5,Private,BEV,Electrico,UKL1,REST,Standard,HACH 5P,07,Baleares,"dibauto plus, s.a",72405427,high,official,1
2026,07,28,RENAULT,5,Private,BEV,Electrico,UKL1,REST,Standard,HACH 5P,15,A Coruña,"caetano formula galicia, s.l.u",72405437,high,official,1
2026,07,28,RENAULT,5,Private,BEV,Electrico,UKL1,REST,Standard,HACH 5P,15,A Coruña,"caetano formula galicia, s.l.u",72405438,high,official,1
2026,07,28,RENAULT,5,Private,BEV,Electrico,UKL1,REST,Standard,HACH 5P,19,Guadalajara,"autocarpe concesionario, s.l.",72405104,medium,official,1
2026,07,28,RENAULT,5,Private,BEV,Electrico,UKL1,REST,Standard,HACH 5P,38,S.C. Tenerife,"taller cutillas, s.l.",72481701,high,official,1
2026,07,28,RENAULT,ARKANA,Private,ICE,Gasolina/Electrico,UKL2,REST,Standard,SAV,13,Ciudad Real,manuel laguia calero s.l,72405397,high,official,1
2026,07,28,RENAULT,ARKANA,Private,ICE,Gasolina/Electrico,UKL2,REST,Standard,SAV,14,Córdoba,"castillejo diaz, s.l.",72405124,high,official,1
2026,07,28,RENAULT,ARKANA,Private,ICE,Gasolina/Electrico,UKL2,REST,Standard,SAV,35,Las Palmas,"juan toledo, s.l.",72405138,high,official,1
2026,07,28,RENAULT,ARKANA,Private,ICE,Gasolina/Electrico,UKL2,REST,Standard,SAV,35,Las Palmas,"motor ari, s.a.",72405508,high,official,1
2026,07,28,RENAULT,ARKANA,Private,ICE,Gasolina/Electrico,UKL2,REST,Standard,SAV,43,Tarragona,"auto-sport albert, s.l.",72437001,high,official,1
2026,07,28,RENAULT,AUSTRAL,Private,ICE,Gasolina/Electrico,UKL2,REST,Standard,SAV,02,Albacete,"automaor, s.l",72405388,high,official,1
2026,07,28,RENAULT,AUSTRAL,Private,ICE,Gasolina/Electrico,UKL2,REST,Standard,SAV,03,Alicante,"talleres blas serna, s.a.",72405286,high,official,1
2026,07,28,RENAULT,AUSTRAL,Private,ICE,Gasolina/Electrico,UKL2,REST,Standard,SAV,06,Badajoz,"marcesa servicios, s.a.",72405012,high,official,1
2026,07,28,RENAULT,AUSTRAL,Private,ICE,Gasolina/Electrico,UKL2,REST,Standard,SAV,08,Barcelona,comercial marti s.a.,72405383,high,official,1
2026,07,28,RENAULT,AUSTRAL,Private,ICE,Gasolina/Electrico,UKL2,REST,Standard,SAV,09,Burgos,"autovican, s.l.",72405246,high,official,1
2026,07,28,RENAULT,AUSTRAL,Private,ICE,Gasolina/Electrico,UKL2,REST,Standard,SAV,10,Cáceres,"marcesa servicios, s.a.",72457700,high,official,1
2026,07,28,RENAULT,AUSTRAL,Private,ICE,Gasolina/Electrico,UKL2,REST,Standard,SAV,14,Córdoba,"magestomotor, s.l.",72405002,high,official,1
2026,07,28,RENAULT,AUSTRAL,Private,ICE,Gasolina/Electrico,UKL2,REST,Standard,SAV,19,Guadalajara,"autocarpe concesionario, s.l.",72405104,high,official,1
2026,07,28,RENAULT,AUSTRAL,Private,ICE,Gasolina/Electrico,UKL2,REST,Standard,SAV,33,Asturias,"leomotor asturias, s.l.",72405168,high,official,1
2026,07,28,RENAULT,AUSTRAL,Private,ICE,Gasolina/Electrico,UKL2,REST,Standard,SAV,38,S.C. Tenerife,"motor ari, s.a.",72405304,high,official,1
2026,07,28,RENAULT,AUSTRAL,Private,ICE,Gasolina/Electrico,UKL2,REST,Standard,SAV,41,Sevilla,"hijos de j. cerrato, s.a.",72454500,high,official,1
2026,07,28,RENAULT,AUSTRAL,Private,ICE,Gasolina/Electrico,UKL2,REST,Standard,SAV,42,Soria,"aceña motor, s.l.",72426003,high,official,1
2026,07,28,RENAULT,AUSTRAL,Private,ICE,Gasolina/Electrico,UKL2,REST,Standard,SAV,47,Valladolid,"autovican, s.l.",72405357,medium,official,1
2026,07,28,RENAULT,AUSTRAL,Private,ICE,Gasolina/Electrico,UKL2,REST,Standard,SAV,48,Bizkaia,"gaursa autoak, s.l.u.",72405287,high,official,1
2026,07,28,RENAULT,CAPTUR,Private,ICE,Gasolina/Electrico,UKL1,REST,Standard,SAV,03,Alicante,"talleres blas serna, s.a.",72437700,high,official,1
2026,07,28,RENAULT,CAPTUR,Private,ICE,Gasolina/Electrico,UKL1,REST,Standard,SAV,04,Almería,"syrsa automocion, s.l.",72405317,high,official,1
2026,07,28,RENAULT,CAPTUR,Private,ICE,Gasolina/Electrico,UKL1,REST,Standard,SAV,11,Cádiz,"caetano formula cadiz, s.l.u",72405264,high,official,1
2026,07,28,RENAULT,CAPTUR,Private,ICE,Gasolina/Electrico,UKL1,REST,Standard,SAV,17,Girona,"intercargirona.s,l",72434434,high,official,1
2026,07,28,RENAULT,CAPTUR,Private,ICE,Gasolina/Electrico,UKL1,REST,Standard,SAV,21,Huelva,"zamora autos, s.l.",72455540,high,official,1
2026,07,28,RENAULT,CAPTUR,Private,ICE,Gasolina/Electrico,UKL1,REST,Standard,SAV,29,Málaga,"rombo sol 2002, s.l.u",72405039,high,official,2
2026,07,28,RENAULT,CAPTUR,Private,ICE,Gasolina/Electrico,UKL1,REST,Standard,SAV,30,Murcia,"angel paulins, s.l",72458805,high,official,2
2026,07,28,RENAULT,CAPTUR,Private,ICE,Gasolina/Electrico,UKL1,REST,Standard,SAV,33,Asturias,"norte motor,s.l.",72405239,high,official,1
2026,07,28,RENAULT,CAPTUR,Private,ICE,Gasolina/Electrico,UKL1,REST,Standard,SAV,38,S.C. Tenerife,arautava motor s.l.,72405380,high,official,1
2026,07,28,RENAULT,CAPTUR,Private,ICE,Gasolina/Electrico,UKL1,REST,Standard,SAV,38,S.C. Tenerife,"motor ari, s.a.",72405269,high,official,1
2026,07,28,RENAULT,CAPTUR,Private,ICE,Gasolina/Electrico,UKL1,REST,Standard,SAV,38,S.C. Tenerife,"motor ari, s.a.",72405304,high,official,1
2026,07,28,RENAULT,CAPTUR,Private,ICE,Gasolina/Electrico,UKL1,REST,Standard,SAV,41,Sevilla,"guadaira movil 2001, s.l",72405338,high,official,1
2026,07,28,RENAULT,CAPTUR,Private,ICE,Gasolina/Electrico,UKL1,REST,Standard,SAV,41,Sevilla,"hijos de j. cerrato, s.a.",72454500,high,official,1
2026,07,28,RENAULT,CLIO,Private,ICE,Gasolina/Electrico,UKL1,REST,Standard,HACH 5P,06,Badajoz,"marcesa servicios, s.a.",72457423,high,official,1
2026,07,28,RENAULT,CLIO,Private,ICE,Gasolina/Electrico,UKL1,REST,Standard,HACH 5P,06,Badajoz,"marcesa servicios, s.a.",72457500,high,official,1
2026,07,28,RENAULT,CLIO,Private,ICE,Gasolina/Electrico,UKL1,REST,Standard,HACH 5P,09,Burgos,"autovican, s.l.",72405246,high,official,1
2026,07,28,RENAULT,CLIO,Private,ICE,Gasolina/Electrico,UKL1,REST,Standard,HACH 5P,15,A Coruña,"caetano formula galicia, s.l.u",72405437,high,official,1
2026,07,28,RENAULT,CLIO,Private,ICE,Gasolina/Electrico,UKL1,REST,Standard,HACH 5P,15,A Coruña,"talleres m.l.baleato, s.l.",72410417,high,official,1
2026,07,28,RENAULT,CLIO,Private,ICE,Gasolina/Electrico,UKL1,REST,Standard,HACH 5P,17,Girona,"automocio i serveis del nord-est, s.l.",72405346,high,official,1
2026,07,28,RENAULT,CLIO,Private,ICE,Gasolina/Electrico,UKL1,REST,Standard,HACH 5P,19,Guadalajara,"autocarpe concesionario, s.l.",72405104,high,official,1
2026,07,28,RENAULT,CLIO,Private,ICE,Gasolina/Electrico,UKL1,REST,Standard,HACH 5P,21,Huelva,"zamora autos, s.l.",72455540,high,official,1
2026,07,28,RENAULT,CLIO,Private,ICE,Gasolina/Electrico,UKL1,REST,Standard,HACH 5P,23,Jaén,"japemasa solar, s.l",72405349,medium,official,1
2026,07,28,RENAULT,CLIO,Private,ICE,Gasolina/Electrico,UKL1,REST,Standard,HACH 5P,24,León,"leomovil, s.l.",72423617,high,official,1
2026,07,28,RENAULT,CLIO,Private,ICE,Gasolina/Electrico,UKL1,REST,Standard,HACH 5P,26,La Rioja,auto urbion s.l.,72422114,high,official,1
2026,07,28,RENAULT,CLIO,Private,ICE,Gasolina/Electrico,UKL1,REST,Standard,HACH 5P,26,La Rioja,"autovican, s.l.",72405343,medium,official,1
2026,07,28,RENAULT,CLIO,Private,ICE,Gasolina/Electrico,UKL1,REST,Standard,HACH 5P,29,Málaga,"rombo sol 2002, s.l.u",72405040,high,official,1
2026,07,28,RENAULT,CLIO,Private,ICE,Gasolina/Electrico,UKL1,REST,Standard,HACH 5P,30,Murcia,"diego garcia cayuela, s.l.",72459102,high,official,1
2026,07,28,RENAULT,CLIO,Private,ICE,Gasolina/Electrico,UKL1,REST,Standard,HACH 5P,38,S.C. Tenerife,arautava motor s.l.,72405380,high,official,1
2026,07,28,RENAULT,CLIO,Private,ICE,Gasolina/Electrico,UKL1,REST,Standard,HACH 5P,44,Teruel,"autersa servicios de movilidad, s.a.",72436000,high,official,1
2026,07,28,RENAULT,ESPACE,Private,ICE,Gasolina/Electrico,KKL,REST,Standard,SAV,02,Albacete,"automaor, s.l",72405388,high,official,1
2026,07,28,RENAULT,ESPACE,Private,ICE,Gasolina/Electrico,KKL,REST,Standard,SAV,11,Cádiz,"caetano formula cadiz, s.l.u",72405264,high,official,1
2026,07,28,RENAULT,ESPACE,Private,ICE,Gasolina/Electrico,KKL,REST,Standard,SAV,22,Huesca,"antonio bardaji, s.l.",72436203,medium,official,1
2026,07,28,RENAULT,KANGOO,Private,ICE,Gasolina,SKL,REST,Standard,TRANSPORTER,03,Alicante,"japemasa solar, s.l",72405423,high,official,1
2026,07,28,RENAULT,KANGOO,Private,ICE,Gasolina,SKL,REST,Standard,TRANSPORTER,35,Las Palmas,"caetano formula canarias, s.l.",72405493,high,official,1
2026,07,28,RENAULT,RAFALE,Private,ICE,Gasolina/Electrico Enchufable,UKL2,REST,Standard,SAV,19,Guadalajara,"autocarpe concesionario, s.l.",72405104,high,official,1
2026,07,28,RENAULT,RAFALE,Private,PHEV,Gasolina/Electrico Enchufable,UKL2,REST,Standard,SAV,31,Navarra,"unsain, s.l.u.",72405035,high,official,1
2026,07,28,RENAULT,SYMBIOZ,Private,ICE,Gasolina/Electrico,UKL1,REST,Standard,SAV,20,Gipuzkoa,"irazcar, s.l",72405334,high,official,1
2026,07,28,RENAULT,SYMBIOZ,Private,ICE,Gasolina/Electrico,UKL1,REST,Standard,SAV,38,S.C. Tenerife,"motor ari, s.a.",72405269,high,official,1
2026,07,28,RENAULT,SYMBIOZ,Private,ICE,Gasolina/Electrico,UKL1,REST,Standard,SAV,48,Bizkaia,"gaursa autoak, s.l.u.",72405287,high,official,1
2026,07,28,RENAULT,TWINGO,Private,BEV,Electrico,UKL0,REST,Standard,HACH 5P,09,Burgos,"autovican, s.l.",72405246,high,official,1
2026,07,28,RENAULT,TWINGO,Private,BEV,Electrico,UKL0,REST,Standard,HACH 5P,38,S.C. Tenerife,"motor ari, s.a.",72405269,high,official,1
2026,07,28,SEAT,ARONA,Private,ICE,Gasolina,UKL1,REST,Standard,SAV,03,Alicante,serrauto,03340D,high,official,1
2026,07,28,SEAT,ARONA,Private,ICE,Gasolina,UKL1,REST,Standard,SAV,05,Ávila,miferauto,03137D,high,official,1
2026,07,28,SEAT,ARONA,Private,ICE,Gasolina,UKL1,REST,Standard,SAV,07,Baleares,motor inca,00377R,high,official,1
2026,07,28,SEAT,ARONA,Private,ICE,Gasolina,UKL1,REST,Standard,SAV,08,Barcelona,maresme lesseps,0322KD,high,official,1
2026,07,28,SEAT,ARONA,Private,ICE,Gasolina,UKL1,REST,Standard,SAV,08,Barcelona,martorell motor,00615R,high,official,1
2026,07,28,SEAT,ARONA,Private,ICE,Gasolina,UKL1,REST,Standard,SAV,08,Barcelona,osona automocio,0321SD,high,official,1
2026,07,28,SEAT,ARONA,Private,ICE,Gasolina,UKL1,REST,Standard,SAV,17,Girona,proauto,00075R,high,official,1
2026,07,28,SEAT,ARONA,Private,ICE,Gasolina,UKL1,REST,Standard,SAV,18,Granada,vigilsa,03913D,high,official,2
2026,07,28,SEAT,ARONA,Private,ICE,Gasolina,UKL1,REST,Standard,SAV,18,Granada,vigilsa,03913D,medium,official,1
2026,07,28,SEAT,ARONA,Private,ICE,Gasolina,UKL1,REST,Standard,SAV,23,Jaén,savoy,03908D,high,official,1
2026,07,28,SEAT,ARONA,Private,ICE,Gasolina,UKL1,REST,Standard,SAV,25,Lleida,dalmau motor,03263D,high,official,1
2026,07,28,SEAT,ARONA,Private,ICE,Gasolina,UKL1,REST,Standard,SAV,26,La Rioja,auto moriz,03544D,high,official,1
2026,07,28,SEAT,ARONA,Private,ICE,Gasolina,UKL1,REST,Standard,SAV,30,Murcia,gines huertas cervantes,00595R,high,official,1
2026,07,28,SEAT,ARONA,Private,ICE,Gasolina,UKL1,REST,Standard,SAV,30,Murcia,gines huertas cervantes,03389D,high,official,1
2026,07,28,SEAT,ARONA,Private,ICE,Gasolina,UKL1,REST,Standard,SAV,31,Navarra,vian automobile,03557D,high,official,1
2026,07,28,SEAT,ARONA,Private,ICE,Gasolina,UKL1,REST,Standard,SAV,35,Las Palmas,orvecame,00590R,high,official,1
2026,07,28,SEAT,ARONA,Private,ICE,Gasolina,UKL1,REST,Standard,SAV,38,S.C. Tenerife,motor 7 islas,00547R,high,official,2
2026,07,28,SEAT,ARONA,Private,ICE,Gasolina,UKL1,REST,Standard,SAV,38,S.C. Tenerife,motor 7 islas,00628R,high,official,1
2026,07,28,SEAT,ARONA,Private,ICE,Gasolina,UKL1,REST,Standard,SAV,46,Valencia,miferauto,00619R,high,official,1
2026,07,28,SEAT,ATECA,Private,ICE,Gasolina,UKL2,REST,Standard,SAT,07,Baleares,motor inca,00377R,high,official,1
2026,07,28,SEAT,ATECA,Private,ICE,Gasolina,UKL2,REST,Standard,SAT,15,A Coruña,compostela motor,03729D,high,official,1
2026,07,28,SEAT,ATECA,Private,ICE,Gasolina,UKL2,REST,Standard,SAT,29,Málaga,automoviles rueda,00496R,high,official,1
2026,07,28,SEAT,ATECA,Private,ICE,Gasolina,UKL2,REST,Standard,SAT,35,Las Palmas,orvecame,80120D,high,official,1
2026,07,28,SEAT,ATECA,Private,ICE,Gasolina,UKL2,REST,Standard,SAT,36,Pontevedra,copervi,00601R,high,official,1
2026,07,28,SEAT,IBIZA,Private,ICE,Gasolina,UKL1,REST,Standard,HACH 5P,03,Alicante,hugo motor,00449R,high,official,1
2026,07,28,SEAT,IBIZA,Private,ICE,Gasolina,UKL1,REST,Standard,HACH 5P,04,Almería,indalo motor,00548R,high,official,1
2026,07,28,SEAT,IBIZA,Private,ICE,Gasolina,UKL1,REST,Standard,HACH 5P,07,Baleares,motor inca,00377R,high,official,1
2026,07,28,SEAT,IBIZA,Private,ICE,Gasolina,UKL1,REST,Standard,HACH 5P,08,Barcelona,joumovil,03252D,high,official,1
2026,07,28,SEAT,IBIZA,Private,ICE,Gasolina,UKL1,REST,Standard,HACH 5P,08,Barcelona,maresme lesseps,0322KD,high,official,1
2026,07,28,SEAT,IBIZA,Private,ICE,Gasolina,UKL1,REST,Standard,HACH 5P,08,Barcelona,martorell motor,00615R,high,official,1
2026,07,28,SEAT,IBIZA,Private,ICE,Gasolina,UKL1,REST,Standard,HACH 5P,08,Barcelona,osona automocio,0321SD,high,official,1
2026,07,28,SEAT,IBIZA,Private,ICE,Gasolina,UKL1,REST,Standard,HACH 5P,11,Cádiz,automocion terry,0344KD,high,official,1
2026,07,28,SEAT,IBIZA,Private,ICE,Gasolina,UKL1,REST,Standard,HACH 5P,12,Castellón,m-automocion,03368D,high,official,1
2026,07,28,SEAT,IBIZA,Private,ICE,Gasolina,UKL1,REST,Standard,HACH 5P,15,A Coruña,marineda motor,00581R,high,official,1
2026,07,28,SEAT,IBIZA,Private,ICE,Gasolina,UKL1,REST,Standard,HACH 5P,17,Girona,proauto,00075R,high,official,1
2026,07,28,SEAT,IBIZA,Private,ICE,Gasolina,UKL1,REST,Standard,HACH 5P,17,Girona,proauto,00076R,high,official,1
2026,07,28,SEAT,IBIZA,Private,ICE,Gasolina,UKL1,REST,Standard,HACH 5P,18,Granada,vigilsa,03913D,high,official,2
2026,07,28,SEAT,IBIZA,Private,ICE,Gasolina,UKL1,REST,Standard,HACH 5P,20,Gipuzkoa,lugaritz,03588D,high,official,1
2026,07,28,SEAT,IBIZA,Private,ICE,Gasolina,UKL1,REST,Standard,HACH 5P,23,Jaén,savoy,03908D,high,official,2
2026,07,28,SEAT,IBIZA,Private,ICE,Gasolina,UKL1,REST,Standard,HACH 5P,27,Lugo,copersa,00634R,high,official,1
2026,07,28,SEAT,IBIZA,Private,ICE,Gasolina,UKL1,REST,Standard,HACH 5P,29,Málaga,automoviles rueda,00567R,high,official,1
2026,07,28,SEAT,IBIZA,Private,ICE,Gasolina,UKL1,REST,Standard,HACH 5P,30,Murcia,gines huertas cervantes,03389D,high,official,1
2026,07,28,SEAT,IBIZA,Private,ICE,Gasolina,UKL1,REST,Standard,HACH 5P,31,Navarra,vian automobile,03557D,high,official,1
2026,07,28,SEAT,IBIZA,Private,ICE,Gasolina,UKL1,REST,Standard,HACH 5P,32,Ourense,copersa,03743D,high,official,1
2026,07,28,SEAT,IBIZA,Private,ICE,Gasolina,UKL1,REST,Standard,HACH 5P,35,Las Palmas,orvecame,00590R,high,official,1
2026,07,28,SEAT,IBIZA,Private,ICE,Gasolina,UKL1,REST,Standard,HACH 5P,36,Pontevedra,copervi,03764D,high,official,1
2026,07,28,SEAT,IBIZA,Private,ICE,Gasolina,UKL1,REST,Standard,HACH 5P,38,S.C. Tenerife,motor 7 islas,00547R,high,official,1
2026,07,28,SEAT,IBIZA,Private,ICE,Gasolina,UKL1,REST,Standard,HACH 5P,38,S.C. Tenerife,motor 7 islas,00599R,high,official,1
2026,07,28,SEAT,IBIZA,Private,ICE,Gasolina,UKL1,REST,Standard,HACH 5P,38,S.C. Tenerife,motor 7 islas,00628R,high,official,1
2026,07,28,SEAT,IBIZA,Private,ICE,Gasolina,UKL1,REST,Standard,HACH 5P,43,Tarragona,baix motor,00624R,high,official,2
2026,07,28,SEAT,IBIZA,Private,ICE,Gasolina,UKL1,REST,Standard,HACH 5P,45,Toledo,automoción toledo,00524R,high,official,2
2026,07,28,SEAT,IBIZA,Private,ICE,Gasolina,UKL1,REST,Standard,HACH 5P,45,Toledo,automoción toledo,00524R,medium,official,1
2026,07,28,SEAT,IBIZA,Private,ICE,Gasolina,UKL1,REST,Standard,HACH 5P,46,Valencia,miferauto,00619R,high,official,2
2026,07,28,SEAT,IBIZA,Private,ICE,Gasolina,UKL1,REST,Standard,HACH 5P,47,Valladolid,valladolid motor,0A611D,high,official,1
2026,07,28,SEAT,IBIZA,Private,ICE,Gasolina,UKL1,REST,Standard,HACH 5P,47,Valladolid,valladolid motor,0A611D,medium,official,1
2026,07,28,SEAT,IBIZA,Private,ICE,Gasolina,UKL1,REST,Standard,HACH 5P,48,Bizkaia,lugaritz,00600R,high,official,1
2026,07,28,SEAT,IBIZA,Private,ICE,Gasolina,UKL1,REST,Standard,HACH 5P,49,Zamora,seauto,00571R,high,official,1
2026,07,28,SEAT,IBIZA,Private,ICE,Gasolina,UKL1,REST,Standard,HACH 5P,49,Zamora,seauto,00571R,medium,official,1
2026,07,28,SEAT,LEON,Private,ICE,Gasolina/Electrico Enchufable,UKL2,REST,Standard,HACH 5P,03,Alicante,serrauto,00559R,high,official,1
2026,07,28,SEAT,LEON,Private,ICE,Gasolina/Electrico Enchufable,UKL2,REST,Standard,HACH 5P,03,Alicante,serrauto,03340D,high,official,1
2026,07,28,SEAT,LEON,Private,ICE,Gasolina/Electrico Enchufable,UKL2,REST,Standard,HACH 5P,08,Barcelona,ablanes,00578R,medium,official,1
2026,07,28,SEAT,LEON,Private,ICE,Gasolina/Electrico Enchufable,UKL2,REST,Standard,HACH 5P,11,Cádiz,automocion terry,0344KD,high,official,1
2026,07,28,SEAT,LEON,Private,ICE,Gasolina/Electrico Enchufable,UKL2,REST,Standard,HACH 5P,15,A Coruña,autos ferrol,03726D,high,official,1
2026,07,28,SEAT,LEON,Private,ICE,Gasolina/Electrico Enchufable,UKL2,REST,Standard,HACH 5P,29,Málaga,autos bellamar,00577R,high,official,1
2026,07,28,TESLA,MODEL Y,Private,BEV,Electrico,KKL,FOCUS SEGMENT,Standard,SAT,03,Alicante,center alicante,TESLA CENTER ALICANTE,medium,official,1
2026,07,28,TESLA,MODEL Y,Private,BEV,Electrico,KKL,FOCUS SEGMENT,Standard,SAT,41,Sevilla,center sevilla,TESLA CENTER SEVILLA,high,official,1
2026,07,28,TESLA,MODEL Y,Private,BEV,Electrico,KKL,FOCUS SEGMENT,Standard,SAT,46,Valencia,center eliana,TESLA CENTER ELIANA,medium,official,1
2026,07,28,TESLA,MODEL Y,Private,BEV,Electrico,KKL,FOCUS SEGMENT,Standard,SAT,46,Valencia,center valencia,TESLA CENTER VALENCIA,high,official,1
2026,07,28,TOYOTA,AYGO X,Private,ICE,Gasolina/Electrico,UKL0,REST,Standard,HACH 5P,07,Baleares,"medimotors gestion, s.l.",00CD0-E9EAD-15E56-7AA00-01260-3,high,official,2
2026,07,28,TOYOTA,AYGO X,Private,ICE,Gasolina/Electrico,UKL0,REST,Standard,HACH 5P,17,Girona,"japand 21, s.l.u.",00CD0-E9EAD-15456-BD200-01260-3,medium,official,1
2026,07,28,TOYOTA,AYGO X,Private,ICE,Gasolina/Electrico,UKL0,REST,Standard,HACH 5P,18,Granada,"gracoluc, s.l.",143fa64a-1b7d-4aa1-8da6-c3f47091237d,high,official,1
2026,07,28,TOYOTA,AYGO X,Private,ICE,Gasolina/Electrico,UKL0,REST,Standard,HACH 5P,28,Madrid,"kobe motor, s.l.",00CD0-E9EAD-150FB-9E000-01260-3,medium,official,2
2026,07,28,TOYOTA,AYGO X,Private,ICE,Gasolina/Electrico,UKL0,REST,Standard,HACH 5P,29,Málaga,"cumaca motor, s.l.",00CD0-E9EAD-14F87-B1600-01260-3,medium,official,1
2026,07,28,TOYOTA,AYGO X,Private,ICE,Gasolina/Electrico,UKL0,REST,Standard,HACH 5P,46,Valencia,"sakurauto, s.a. ( valencia",00CD0-E9EAD-17E8C-24800-01350-3,medium,official,2
2026,07,28,TOYOTA,BZ4X,Private,BEV,Electrico,UKL2,REST,Standard,SAV,09,Burgos,"autobafer, s.l.u.",00CD0-E9EAD-16AD3-BD600-01260-3,high,official,1
2026,07,28,TOYOTA,BZ4X,Private,BEV,Electrico,UKL2,REST,Standard,SAV,30,Murcia,"labasa, s.l.",00CD0-E9EAD-16F93-A4200-01260-3,high,official,1
2026,07,28,TOYOTA,BZ4X,Private,BEV,Electrico,UKL2,REST,Standard,SAV,47,Valladolid,"hybrid car, s.a.",00CD0-E9EAD-18153-C3C00-01350-3,high,official,1
2026,07,28,TOYOTA,BZ4X,Private,BEV,Electrico,UKL2,REST,Standard,SAV,47,Valladolid,"hybrid car, s.a.",00CD0-E9EAD-18153-C3C00-01350-3,medium,official,1
2026,07,28,TOYOTA,C-HR,Private,BEV,Gasolina/Electrico Enchufable,UKL1,REST,Standard,SAV,04,Almería,"alborán motor, s.l.",00CD0-E9EAD-17A44-88800-01350-3,medium,official,1
2026,07,28,TOYOTA,C-HR,Private,BEV,Gasolina/Electrico Enchufable,UKL1,REST,Standard,SAV,12,Castellón,"cobelsa, s.a.u.",00CD0-E9EAD-156C4-98C00-01260-3,high,official,1
2026,07,28,TOYOTA,C-HR,Private,BEV,Gasolina/Electrico Enchufable,UKL1,REST,Standard,SAV,13,Ciudad Real,"tresa motor, s.l.u. ( ciudad real",00CD0-E9EAD-18546-B1400-01260-3,high,official,1
2026,07,28,TOYOTA,C-HR,Private,BEV,Gasolina/Electrico Enchufable,UKL1,REST,Standard,SAV,15,A Coruña,"breogan motor, s.l.u.",00CD0-E9EAD-18BF8-08400-01260-3,medium,official,2
2026,07,28,TOYOTA,C-HR,Private,BEV,Gasolina/Electrico Enchufable,UKL1,REST,Standard,SAV,17,Girona,"japand 21, s.l.u.",00CD0-E9EAD-15456-BD200-01260-3,medium,official,1
2026,07,28,TOYOTA,C-HR,Private,BEV,Gasolina/Electrico Enchufable,UKL1,REST,Standard,SAV,23,Jaén,"lucorja, s.l.",394414cf-38c0-47de-9be8-f6e3b7a8ec9d,high,official,1
2026,07,28,TOYOTA,C-HR,Private,BEV,Gasolina/Electrico Enchufable,UKL1,REST,Standard,SAV,31,Navarra,"tauro motor car, s.l.",00CD0-E9EAD-1830A-FE000-01260-3,high,official,1
2026,07,28,TOYOTA,C-HR,Private,BEV,Gasolina/Electrico Enchufable,UKL1,REST,Standard,SAV,33,Asturias,"asturhibrido, s.l.",d4d885fe-4b49-4f91-919c-24338f20c7b0,high,official,1
2026,07,28,TOYOTA,C-HR,Private,BEV,Gasolina/Electrico Enchufable,UKL1,REST,Standard,SAV,36,Pontevedra,"breogan gallega de automoción, s.l.u.",92a5b9ce-5ca2-4cab-8eab-8104ee5fe7e7,high,official,1
2026,07,28,TOYOTA,C-HR,Private,BEV,Gasolina/Electrico Enchufable,UKL1,REST,Standard,SAV,48,Bizkaia,"japan car, s.a.",00CD0-E9EAD-179F3-C6A00-01350-3,medium,official,1
2026,07,28,TOYOTA,C-HR,Private,ICE,Gasolina/Electrico Enchufable,UKL1,REST,Standard,SAV,01,Álava,"autocentro armentia, s.a.",00CD0-E9EAD-160D4-32E00-01260-3,high,official,2
2026,07,28,TOYOTA,C-HR,Private,ICE,Gasolina/Electrico Enchufable,UKL1,REST,Standard,SAV,02,Albacete,"automoviles albacete, s.l.",00CD0-E9EAD-18033-86800-01350-3,high,official,3
2026,07,28,TOYOTA,C-HR,Private,ICE,Gasolina/Electrico Enchufable,UKL1,REST,Standard,SAV,03,Alicante,"medimotors premium, s.l.",a878988b-42d6-4ed4-944e-3eb04a3c072c,high,official,3
2026,07,28,TOYOTA,C-HR,Private,ICE,Gasolina/Electrico Enchufable,UKL1,REST,Standard,SAV,03,Alicante,"medimotors premium, s.l.",a878988b-42d6-4ed4-944e-3eb04a3c072c,medium,official,1
2026,07,28,TOYOTA,C-HR,Private,ICE,Gasolina/Electrico Enchufable,UKL1,REST,Standard,SAV,04,Almería,"alborán motor, s.l.",00CD0-E9EAD-17A44-88800-01350-3,high,official,1
2026,07,28,TOYOTA,C-HR,Private,ICE,Gasolina/Electrico Enchufable,UKL1,REST,Standard,SAV,06,Badajoz,"trevauto comercio de automoviles, s.l.",00CD0-E9EAD-164C4-3A400-01260-3,high,official,1
2026,07,28,TOYOTA,C-HR,Private,ICE,Gasolina/Electrico Enchufable,UKL1,REST,Standard,SAV,07,Baleares,"medimotors gestion, s.l.",00CD0-E9EAD-15E56-7AA00-01260-3,high,official,1
2026,07,28,TOYOTA,C-HR,Private,ICE,Gasolina/Electrico Enchufable,UKL1,REST,Standard,SAV,08,Barcelona,"anoia automoció, s.l.",00CD0-E9EAD-17916-33400-01350-3,high,official,1
2026,07,28,TOYOTA,C-HR,Private,ICE,Gasolina/Electrico Enchufable,UKL1,REST,Standard,SAV,08,Barcelona,"casacuberta automobils, s.l.",00CD0-E9EAD-16A53-76A00-01260-3,high,official,1
2026,07,28,TOYOTA,C-HR,Private,ICE,Gasolina/Electrico Enchufable,UKL1,REST,Standard,SAV,08,Barcelona,"teams motor, s.a.",a3a3da07-e6ba-49b4-b4f6-79180c19630c,medium,official,1
2026,07,28,TOYOTA,C-HR,Private,ICE,Gasolina/Electrico Enchufable,UKL1,REST,Standard,SAV,11,Cádiz,"automoción tomax, s.l.",00CD0-E9EAD-16B16-27800-01260-3,high,official,1
2026,07,28,TOYOTA,C-HR,Private,ICE,Gasolina/Electrico Enchufable,UKL1,REST,Standard,SAV,11,Cádiz,"gamo bahía, s.l.",00CD0-E9EAD-16C73-C8000-01260-3,high,official,2
2026,07,28,TOYOTA,C-HR,Private,ICE,Gasolina/Electrico Enchufable,UKL1,REST,Standard,SAV,12,Castellón,"cobelsa, s.a.u.",00CD0-E9EAD-156C4-98C00-01260-3,high,official,1
2026,07,28,TOYOTA,C-HR,Private,ICE,Gasolina/Electrico Enchufable,UKL1,REST,Standard,SAV,12,Castellón,"cobelsa, s.a.u.",00CD0-E9EAD-156C4-98C00-01260-3,medium,official,1
2026,07,28,TOYOTA,C-HR,Private,ICE,Gasolina/Electrico Enchufable,UKL1,REST,Standard,SAV,13,Ciudad Real,"tresa motor, s.l.u. ( ciudad real",00CD0-E9EAD-18546-B1400-01260-3,high,official,1
2026,07,28,TOYOTA,C-HR,Private,ICE,Gasolina/Electrico Enchufable,UKL1,REST,Standard,SAV,18,Granada,"gracoluc, s.l.",143fa64a-1b7d-4aa1-8da6-c3f47091237d,high,official,2
2026,07,28,TOYOTA,C-HR,Private,ICE,Gasolina/Electrico Enchufable,UKL1,REST,Standard,SAV,19,Guadalajara,"motor arjona, s.l.",00CD0-E9EAD-18BB7-31800-01260-3,medium,official,1
2026,07,28,TOYOTA,C-HR,Private,ICE,Gasolina/Electrico Enchufable,UKL1,REST,Standard,SAV,20,Gipuzkoa,"euskoauto 2003, s.l.",00CD0-E9EAD-18DE6-78200-01350-3,high,official,1
2026,07,28,TOYOTA,C-HR,Private,ICE,Gasolina/Electrico Enchufable,UKL1,REST,Standard,SAV,28,Madrid,"hersamotor, s.a.u",00CD0-E9EAD-15BD8-D4200-01260-3,high,official,2
2026,07,28,TOYOTA,C-HR,Private,ICE,Gasolina/Electrico Enchufable,UKL1,REST,Standard,SAV,28,Madrid,"hersamotor, s.a.u",00CD0-E9EAD-15BD8-D4200-01260-3,medium,official,1
2026,07,28,TOYOTA,C-HR,Private,ICE,Gasolina/Electrico Enchufable,UKL1,REST,Standard,SAV,28,Madrid,"motor arjona, s.l.",00CD0-E9EAD-18BB7-31800-01260-3,high,official,1
2026,07,28,TOYOTA,C-HR,Private,ICE,Gasolina/Electrico Enchufable,UKL1,REST,Standard,SAV,29,Málaga,"automoción tomax, s.l.",00CD0-E9EAD-16B16-27800-01260-3,high,official,1
2026,07,28,TOYOTA,C-HR,Private,ICE,Gasolina/Electrico Enchufable,UKL1,REST,Standard,SAV,29,Málaga,"cumaca motor, s.l.",00CD0-E9EAD-14F87-B1600-01260-3,medium,official,4
2026,07,28,TOYOTA,C-HR,Private,ICE,Gasolina/Electrico Enchufable,UKL1,REST,Standard,SAV,29,Málaga,"yokamotril, s.l.",00CD0-E9EAD-15F96-30200-01260-3,high,official,1
2026,07,28,TOYOTA,C-HR,Private,ICE,Gasolina/Electrico Enchufable,UKL1,REST,Standard,SAV,30,Murcia,"labasa, s.l.",00CD0-E9EAD-16F93-A4200-01260-3,high,official,1
2026,07,28,TOYOTA,C-HR,Private,ICE,Gasolina/Electrico Enchufable,UKL1,REST,Standard,SAV,30,Murcia,"labasa, s.l.",00CD0-E9EAD-16F93-A4200-01260-3,medium,official,3
2026,07,28,TOYOTA,C-HR,Private,ICE,Gasolina/Electrico Enchufable,UKL1,REST,Standard,SAV,31,Navarra,"tauro motor car, s.l.",00CD0-E9EAD-1830A-FE000-01260-3,high,official,3
2026,07,28,TOYOTA,C-HR,Private,ICE,Gasolina/Electrico Enchufable,UKL1,REST,Standard,SAV,33,Asturias,"asturhibrido, s.l.",d4d885fe-4b49-4f91-919c-24338f20c7b0,high,official,1
2026,07,28,TOYOTA,C-HR,Private,ICE,Gasolina/Electrico Enchufable,UKL1,REST,Standard,SAV,33,Asturias,"asturhibrido, s.l.",d4d885fe-4b49-4f91-919c-24338f20c7b0,medium,official,2
2026,07,28,TOYOTA,C-HR,Private,ICE,Gasolina/Electrico Enchufable,UKL1,REST,Standard,SAV,34,Palencia,"megamotor, s.l.",00CD0-E9EAD-159D4-3CC00-01260-3,medium,official,1
2026,07,28,TOYOTA,C-HR,Private,ICE,Gasolina/Electrico Enchufable,UKL1,REST,Standard,SAV,41,Sevilla,"comluve, s.l.",00CD0-E9EAD-17299-BA800-01260-3,medium,official,1
2026,07,28,TOYOTA,C-HR,Private,ICE,Gasolina/Electrico Enchufable,UKL1,REST,Standard,SAV,41,Sevilla,"nimo gordillo automóviles, s.a.",dc647751-4a25-4a32-a6b1-29624611289f,medium,official,1
2026,07,28,TOYOTA,C-HR,Private,ICE,Gasolina/Electrico Enchufable,UKL1,REST,Standard,SAV,43,Tarragona,"autoforum tarragona, s.a.",00CD0-E9EAD-18F94-9A600-01350-3,high,official,1
2026,07,28,TOYOTA,C-HR,Private,ICE,Gasolina/Electrico Enchufable,UKL1,REST,Standard,SAV,45,Toledo,"centrocar y sierra, s.l.",00CD0-E9EAD-188C4-73400-01260-3,high,official,3
2026,07,28,TOYOTA,C-HR,Private,ICE,Gasolina/Electrico Enchufable,UKL1,REST,Standard,SAV,46,Valencia,"sakurauto, s.a. ( valencia",00CD0-E9EAD-17E8C-24800-01350-3,high,official,2
2026,07,28,TOYOTA,C-HR,Private,ICE,Gasolina/Electrico Enchufable,UKL1,REST,Standard,SAV,46,Valencia,"sakurauto, s.a. ( valencia",00CD0-E9EAD-17E8C-24800-01350-3,medium,official,5
2026,07,28,TOYOTA,C-HR,Private,ICE,Gasolina/Electrico Enchufable,UKL1,REST,Standard,SAV,47,Valladolid,"hybrid car, s.a.",00CD0-E9EAD-18153-C3C00-01350-3,high,official,3
2026,07,28,TOYOTA,C-HR,Private,ICE,Gasolina/Electrico Enchufable,UKL1,REST,Standard,SAV,50,Zaragoza,"artal vehículos zaragoza, s.l. (artal",6dafa392-8e69-4220-b295-9cb8ffbe3936,medium,official,1
2026,07,28,TOYOTA,C-HR,Private,ICE,Gasolina/Electrico Enchufable,UKL1,REST,Standard,SAV,50,Zaragoza,"japoauto, s.l.",00CD0-E9EAD-187E0-91400-01260-3,high,official,1
2026,07,28,TOYOTA,C-HR,Private,PHEV,Gasolina/Electrico Enchufable,UKL1,REST,Standard,SAV,01,Álava,"autocentro armentia, s.a.",00CD0-E9EAD-160D4-32E00-01260-3,high,official,1
2026,07,28,TOYOTA,C-HR,Private,PHEV,Gasolina/Electrico Enchufable,UKL1,REST,Standard,SAV,03,Alicante,"medimotors premium, s.l.",a878988b-42d6-4ed4-944e-3eb04a3c072c,high,official,2
2026,07,28,TOYOTA,C-HR,Private,PHEV,Gasolina/Electrico Enchufable,UKL1,REST,Standard,SAV,03,Alicante,"medimotors premium, s.l.",a878988b-42d6-4ed4-944e-3eb04a3c072c,medium,official,2
2026,07,28,TOYOTA,C-HR,Private,PHEV,Gasolina/Electrico Enchufable,UKL1,REST,Standard,SAV,08,Barcelona,"casacuberta automobils, s.l.",00CD0-E9EAD-16A53-76A00-01260-3,medium,official,1
2026,07,28,TOYOTA,C-HR,Private,PHEV,Gasolina/Electrico Enchufable,UKL1,REST,Standard,SAV,08,Barcelona,"tallers ballús, s.l.",00CD0-E9EAD-18750-E0E00-01260-3,high,official,1
2026,07,28,TOYOTA,C-HR,Private,PHEV,Gasolina/Electrico Enchufable,UKL1,REST,Standard,SAV,11,Cádiz,"automoción tomax, s.l.",00CD0-E9EAD-16B16-27800-01260-3,high,official,2
2026,07,28,TOYOTA,C-HR,Private,PHEV,Gasolina/Electrico Enchufable,UKL1,REST,Standard,SAV,11,Cádiz,"gamo bahía, s.l.",00CD0-E9EAD-16C73-C8000-01260-3,high,official,1
2026,07,28,TOYOTA,C-HR,Private,PHEV,Gasolina/Electrico Enchufable,UKL1,REST,Standard,SAV,11,Cádiz,"nimauto, s.l.",077e975a-e3f0-4020-8e48-a3870598ab6a,medium,official,2
2026,07,28,TOYOTA,C-HR,Private,PHEV,Gasolina/Electrico Enchufable,UKL1,REST,Standard,SAV,12,Castellón,"cobelsa, s.a.u.",00CD0-E9EAD-156C4-98C00-01260-3,high,official,1
2026,07,28,TOYOTA,C-HR,Private,PHEV,Gasolina/Electrico Enchufable,UKL1,REST,Standard,SAV,15,A Coruña,"breogan motor, s.l.u.",00CD0-E9EAD-18BF8-08400-01260-3,high,official,2
2026,07,28,TOYOTA,C-HR,Private,PHEV,Gasolina/Electrico Enchufable,UKL1,REST,Standard,SAV,15,A Coruña,"breogan motor, s.l.u.",00CD0-E9EAD-18BF8-08400-01260-3,medium,official,1
2026,07,28,TOYOTA,C-HR,Private,PHEV,Gasolina/Electrico Enchufable,UKL1,REST,Standard,SAV,17,Girona,"japand 21, s.l.u.",00CD0-E9EAD-15456-BD200-01260-3,medium,official,1
2026,07,28,TOYOTA,C-HR,Private,PHEV,Gasolina/Electrico Enchufable,UKL1,REST,Standard,SAV,17,Girona,"noumovil, s.l.",00CE7-64D32-9030A-55600-01220-3,high,official,1
2026,07,28,TOYOTA,C-HR,Private,PHEV,Gasolina/Electrico Enchufable,UKL1,REST,Standard,SAV,24,León,"legio cars, s.l.u.",00CD0-E9EAD-1574E-AE000-01260-3,high,official,2
2026,07,28,TOYOTA,C-HR,Private,PHEV,Gasolina/Electrico Enchufable,UKL1,REST,Standard,SAV,28,Madrid,"hersamotor, s.a.u",00CD0-E9EAD-15BD8-D4200-01260-3,high,official,1
2026,07,28,TOYOTA,C-HR,Private,PHEV,Gasolina/Electrico Enchufable,UKL1,REST,Standard,SAV,28,Madrid,"kobe motor, s.l.",00CD0-E9EAD-150FB-9E000-01260-3,medium,official,2
2026,07,28,TOYOTA,C-HR,Private,PHEV,Gasolina/Electrico Enchufable,UKL1,REST,Standard,SAV,28,Madrid,"motor arjona, s.l.",00CD0-E9EAD-18BB7-31800-01260-3,high,official,1
2026,07,28,TOYOTA,C-HR,Private,PHEV,Gasolina/Electrico Enchufable,UKL1,REST,Standard,SAV,29,Málaga,"cumaca motor, s.l.",00CD0-E9EAD-14F87-B1600-01260-3,high,official,1
2026,07,28,TOYOTA,C-HR,Private,PHEV,Gasolina/Electrico Enchufable,UKL1,REST,Standard,SAV,29,Málaga,"cumaca motor, s.l.",00CD0-E9EAD-14F87-B1600-01260-3,medium,official,1
2026,07,28,TOYOTA,C-HR,Private,PHEV,Gasolina/Electrico Enchufable,UKL1,REST,Standard,SAV,30,Murcia,"labasa, s.l.",00CD0-E9EAD-16F93-A4200-01260-3,high,official,1
2026,07,28,TOYOTA,C-HR,Private,PHEV,Gasolina/Electrico Enchufable,UKL1,REST,Standard,SAV,30,Murcia,"labasa, s.l.",00CD0-E9EAD-16F93-A4200-01260-3,medium,official,1
2026,07,28,TOYOTA,C-HR,Private,PHEV,Gasolina/Electrico Enchufable,UKL1,REST,Standard,SAV,36,Pontevedra,"breogan gallega de automoción, s.l.u.",92a5b9ce-5ca2-4cab-8eab-8104ee5fe7e7,high,official,2
2026,07,28,TOYOTA,C-HR,Private,PHEV,Gasolina/Electrico Enchufable,UKL1,REST,Standard,SAV,39,Cantabria,"japan car, s.a.",00CD0-E9EAD-179F3-C6A00-01350-3,medium,official,1
2026,07,28,TOYOTA,C-HR,Private,PHEV,Gasolina/Electrico Enchufable,UKL1,REST,Standard,SAV,41,Sevilla,"nimo gordillo automóviles, s.a.",dc647751-4a25-4a32-a6b1-29624611289f,medium,official,2
2026,07,28,TOYOTA,C-HR,Private,PHEV,Gasolina/Electrico Enchufable,UKL1,REST,Standard,SAV,43,Tarragona,"autoforum tarragona, s.a.",00CD0-E9EAD-18F94-9A600-01350-3,high,official,1
2026,07,28,TOYOTA,C-HR,Private,PHEV,Gasolina/Electrico Enchufable,UKL1,REST,Standard,SAV,46,Valencia,"sakurauto, s.a. ( valencia",00CD0-E9EAD-17E8C-24800-01350-3,medium,official,4
2026,07,28,TOYOTA,C-HR,Private,PHEV,Gasolina/Electrico Enchufable,UKL1,REST,Standard,SAV,47,Valladolid,"hybrid car, s.a.",00CD0-E9EAD-18153-C3C00-01350-3,high,official,1
2026,07,28,TOYOTA,C-HR,Private,PHEV,Gasolina/Electrico Enchufable,UKL1,REST,Standard,SAV,48,Bizkaia,"japan car, s.a.",00CD0-E9EAD-179F3-C6A00-01350-3,medium,official,1
2026,07,28,TOYOTA,COROLLA,Private,ICE,Gasolina/Electrico,UKL2,REST,Standard,HACH 5P,03,Alicante,"medimotors premium, s.l.",a878988b-42d6-4ed4-944e-3eb04a3c072c,high,official,2
2026,07,28,TOYOTA,COROLLA,Private,ICE,Gasolina/Electrico,UKL2,REST,Standard,HACH 5P,04,Almería,"alborán motor, s.l.",00CD0-E9EAD-17A44-88800-01350-3,medium,official,1
2026,07,28,TOYOTA,COROLLA,Private,ICE,Gasolina/Electrico,UKL2,REST,Standard,HACH 5P,06,Badajoz,"trevauto comercio de automoviles, s.l.",00CD0-E9EAD-164C4-3A400-01260-3,high,official,1
2026,07,28,TOYOTA,COROLLA,Private,ICE,Gasolina/Electrico,UKL2,REST,Standard,HACH 5P,09,Burgos,"autobafer, s.l.u.",00CD0-E9EAD-16AD3-BD600-01260-3,medium,official,1
2026,07,28,TOYOTA,COROLLA,Private,ICE,Gasolina/Electrico,UKL2,REST,Standard,HACH 5P,10,Cáceres,"novomotor cáceres, s.l.",f3c0b6dd-edfa-4827-a786-cb70a4dae216,medium,official,1
2026,07,28,TOYOTA,COROLLA,Private,ICE,Gasolina/Electrico,UKL2,REST,Standard,HACH 5P,11,Cádiz,"nimauto, s.l.",077e975a-e3f0-4020-8e48-a3870598ab6a,medium,official,1
2026,07,28,TOYOTA,COROLLA,Private,ICE,Gasolina/Electrico,UKL2,REST,Standard,HACH 5P,14,Córdoba,"comluve, s.l.",00CD0-E9EAD-17299-BA800-01260-3,medium,official,3
2026,07,28,TOYOTA,COROLLA,Private,ICE,Gasolina/Electrico,UKL2,REST,Standard,HACH 5P,15,A Coruña,"breogan motor, s.l.u.",00CD0-E9EAD-18BF8-08400-01260-3,medium,official,1
2026,07,28,TOYOTA,COROLLA,Private,ICE,Gasolina/Electrico,UKL2,REST,Standard,HACH 5P,17,Girona,"japand 21, s.l.u.",00CD0-E9EAD-15456-BD200-01260-3,medium,official,1
2026,07,28,TOYOTA,COROLLA,Private,ICE,Gasolina/Electrico,UKL2,REST,Standard,HACH 5P,19,Guadalajara,"motor arjona, s.l.",00CD0-E9EAD-18BB7-31800-01260-3,medium,official,1
2026,07,28,TOYOTA,COROLLA,Private,ICE,Gasolina/Electrico,UKL2,REST,Standard,HACH 5P,20,Gipuzkoa,"euskoauto 2003, s.l.",00CD0-E9EAD-18DE6-78200-01350-3,high,official,4
2026,07,28,TOYOTA,COROLLA,Private,ICE,Gasolina/Electrico,UKL2,REST,Standard,HACH 5P,21,Huelva,"nimo gordillo huelva, s.l.u.",00CD0-E9EAD-18294-E8400-01260-3,medium,official,1
2026,07,28,TOYOTA,COROLLA,Private,ICE,Gasolina/Electrico,UKL2,REST,Standard,HACH 5P,25,Lleida,"naymotor, s.l.",00CD0-E9EAD-17B94-8AA00-01350-3,high,official,1
2026,07,28,TOYOTA,COROLLA,Private,ICE,Gasolina/Electrico,UKL2,REST,Standard,HACH 5P,28,Madrid,"supra gamboa, s.a.",00CD0-E9EAD-16E53-6D600-01260-3,medium,official,1
2026,07,28,TOYOTA,COROLLA,Private,ICE,Gasolina/Electrico,UKL2,REST,Standard,HACH 5P,30,Murcia,"labasa, s.l.",00CD0-E9EAD-16F93-A4200-01260-3,medium,official,1
2026,07,28,TOYOTA,COROLLA,Private,ICE,Gasolina/Electrico,UKL2,REST,Standard,HACH 5P,31,Navarra,"tauro motor car, s.l.",00CD0-E9EAD-1830A-FE000-01260-3,high,official,1
2026,07,28,TOYOTA,COROLLA,Private,ICE,Gasolina/Electrico,UKL2,REST,Standard,HACH 5P,33,Asturias,"asturhibrido, s.l.",d4d885fe-4b49-4f91-919c-24338f20c7b0,high,official,1
2026,07,28,TOYOTA,COROLLA,Private,ICE,Gasolina/Electrico,UKL2,REST,Standard,HACH 5P,36,Pontevedra,"breogan gallega de automoción, s.l.u.",92a5b9ce-5ca2-4cab-8eab-8104ee5fe7e7,high,official,4
2026,07,28,TOYOTA,COROLLA,Private,ICE,Gasolina/Electrico,UKL2,REST,Standard,HACH 5P,43,Tarragona,"autoforum tarragona, s.a.",00CD0-E9EAD-18F94-9A600-01350-3,high,official,1
2026,07,28,TOYOTA,COROLLA,Private,ICE,Gasolina/Electrico,UKL2,REST,Standard,HACH 5P,43,Tarragona,"autoforum tarragona, s.a.",00CD0-E9EAD-18F94-9A600-01350-3,medium,official,1
2026,07,28,TOYOTA,COROLLA,Private,ICE,Gasolina/Electrico,UKL2,REST,Standard,HACH 5P,45,Toledo,"centrocar y sierra, s.l.",00CD0-E9EAD-188C4-73400-01260-3,high,official,2
2026,07,28,TOYOTA,COROLLA,Private,ICE,Gasolina/Electrico,UKL2,REST,Standard,HACH 5P,46,Valencia,"sakurauto, s.a. ( valencia",00CD0-E9EAD-17E8C-24800-01350-3,medium,official,2
2026,07,28,TOYOTA,COROLLA,Private,ICE,Gasolina/Electrico,UKL2,REST,Standard,HACH 5P,52,Melilla,"nipon melilla, s.a.",00CD0-E9EAD-15C83-C2E00-01260-3,medium,official,1
2026,07,28,TOYOTA,HI LUX,Private,ICE,Electrico,SKL,REST,Standard,PICKUP,10,Cáceres,"novomotor cáceres, s.l.",f3c0b6dd-edfa-4827-a786-cb70a4dae216,high,official,1
2026,07,28,TOYOTA,LAND CRUISER,Private,ICE,Diesel Mild Hybrid,GKL,REST,Standard,SUV,44,Teruel,"rimauto nipón, s.l.u.",00CD0-E9EAD-15B48-2CE00-01260-3,high,official,1
2026,07,28,TOYOTA,PROACE,Private,ICE,Electrico,SKL,REST,Standard,TRANSPORTER,01,Álava,"autocentro armentia, s.a.",00CD0-E9EAD-160D4-32E00-01260-3,high,official,1
2026,07,28,TOYOTA,PROACE,Private,ICE,Electrico,SKL,REST,Standard,TRANSPORTER,11,Cádiz,"nimauto, s.l.",077e975a-e3f0-4020-8e48-a3870598ab6a,medium,official,1
2026,07,28,TOYOTA,PROACE,Private,ICE,Electrico,SKL,REST,Standard,TRANSPORTER,43,Tarragona,"autoforum tarragona, s.a.",00CD0-E9EAD-18F94-9A600-01350-3,high,official,1
2026,07,28,TOYOTA,PROACE,Private,ICE,Electrico,SKL,REST,Standard,TRANSPORTER,48,Bizkaia,"japan car, s.a.",00CD0-E9EAD-179F3-C6A00-01350-3,medium,official,1
2026,07,28,TOYOTA,PROACE VERSO,Private,BEV,Gasolina,SKL,REST,Standard,TRANSPORTER,48,Bizkaia,"japan car, s.a.",00CD0-E9EAD-179F3-C6A00-01350-3,medium,official,1
2026,07,28,TOYOTA,PROACE VERSO,Private,ICE,Gasolina,SKL,REST,Standard,TRANSPORTER,15,A Coruña,"breogan motor, s.l.u.",00CD0-E9EAD-18BF8-08400-01260-3,high,official,1
2026,07,28,TOYOTA,PROACE VERSO,Private,ICE,Gasolina,SKL,REST,Standard,TRANSPORTER,17,Girona,"japand 21, s.l.u.",00CD0-E9EAD-15456-BD200-01260-3,high,official,1
2026,07,28,TOYOTA,RAV 4,Private,ICE,Gasolina/Electrico Enchufable,UKL2,REST,Standard,SAV,30,Murcia,"labasa, s.l.",00CD0-E9EAD-16F93-A4200-01260-3,medium,official,1
2026,07,28,TOYOTA,RAV 4,Private,ICE,Gasolina/Electrico Enchufable,UKL2,REST,Standard,SAV,51,Ceuta,"parque ceutí del automóvil, s.l.",00CD0-E9EAD-18104-D1400-01350-3,high,official,2
2026,07,28,TOYOTA,RAV 4,Private,PHEV,Gasolina/Electrico Enchufable,UKL2,REST,Standard,SAV,08,Barcelona,"teams motor, s.a.",a3a3da07-e6ba-49b4-b4f6-79180c19630c,medium,official,2
2026,07,28,TOYOTA,RAV 4,Private,PHEV,Gasolina/Electrico Enchufable,UKL2,REST,Standard,SAV,17,Girona,"japand 21, s.l.u.",00CD0-E9EAD-15456-BD200-01260-3,high,official,1
2026,07,28,TOYOTA,RAV 4,Private,PHEV,Gasolina/Electrico Enchufable,UKL2,REST,Standard,SAV,17,Girona,"noumovil, s.l.",00CE7-64D32-9030A-55600-01220-3,high,official,1
2026,07,28,TOYOTA,RAV 4,Private,PHEV,Gasolina/Electrico Enchufable,UKL2,REST,Standard,SAV,18,Granada,"gracoluc, s.l.",143fa64a-1b7d-4aa1-8da6-c3f47091237d,high,official,1
2026,07,28,TOYOTA,RAV 4,Private,PHEV,Gasolina/Electrico Enchufable,UKL2,REST,Standard,SAV,23,Jaén,"lucorja, s.l.",394414cf-38c0-47de-9be8-f6e3b7a8ec9d,high,official,1
2026,07,28,TOYOTA,RAV 4,Private,PHEV,Gasolina/Electrico Enchufable,UKL2,REST,Standard,SAV,24,León,"legio cars, s.l.u.",00CD0-E9EAD-1574E-AE000-01260-3,high,official,1
2026,07,28,TOYOTA,RAV 4,Private,PHEV,Gasolina/Electrico Enchufable,UKL2,REST,Standard,SAV,28,Madrid,"kobe motor, s.l.",00CD0-E9EAD-150FB-9E000-01260-3,medium,official,3
2026,07,28,TOYOTA,RAV 4,Private,PHEV,Gasolina/Electrico Enchufable,UKL2,REST,Standard,SAV,29,Málaga,"automoción tomax, s.l.",00CD0-E9EAD-16B16-27800-01260-3,high,official,1
2026,07,28,TOYOTA,RAV 4,Private,PHEV,Gasolina/Electrico Enchufable,UKL2,REST,Standard,SAV,30,Murcia,"labasa, s.l.",00CD0-E9EAD-16F93-A4200-01260-3,medium,official,1
2026,07,28,TOYOTA,RAV 4,Private,PHEV,Gasolina/Electrico Enchufable,UKL2,REST,Standard,SAV,41,Sevilla,"comluve, s.l.",00CD0-E9EAD-17299-BA800-01260-3,medium,official,1
2026,07,28,TOYOTA,RAV 4,Private,PHEV,Gasolina/Electrico Enchufable,UKL2,REST,Standard,SAV,41,Sevilla,"nimo gordillo automóviles, s.a.",dc647751-4a25-4a32-a6b1-29624611289f,medium,official,1
2026,07,28,TOYOTA,RAV 4,Private,PHEV,Gasolina/Electrico Enchufable,UKL2,REST,Standard,SAV,45,Toledo,"centrocar y sierra, s.l.",00CD0-E9EAD-188C4-73400-01260-3,medium,official,1
2026,07,28,TOYOTA,RAV 4,Private,PHEV,Gasolina/Electrico Enchufable,UKL2,REST,Standard,SAV,47,Valladolid,"hybrid car, s.a.",00CD0-E9EAD-18153-C3C00-01350-3,high,official,1
2026,07,28,TOYOTA,RAV 4,Private,PHEV,Gasolina/Electrico Enchufable,UKL2,REST,Standard,SAV,48,Bizkaia,"japan car, s.a.",00CD0-E9EAD-179F3-C6A00-01350-3,high,official,1
2026,07,28,TOYOTA,RAV 4,Private,PHEV,Gasolina/Electrico Enchufable,UKL2,REST,Standard,SAV,51,Ceuta,"parque ceutí del automóvil, s.l.",00CD0-E9EAD-18104-D1400-01350-3,high,official,1
2026,07,28,TOYOTA,YARIS,Private,ICE,Gasolina/Electrico,UKL1,REST,Standard,HACH 5P,03,Alicante,"medimotors premium, s.l.",a878988b-42d6-4ed4-944e-3eb04a3c072c,high,official,1
2026,07,28,TOYOTA,YARIS,Private,ICE,Gasolina/Electrico,UKL1,REST,Standard,HACH 5P,07,Baleares,"medimotors gestion, s.l.",00CD0-E9EAD-15E56-7AA00-01260-3,high,official,1
2026,07,28,TOYOTA,YARIS,Private,ICE,Gasolina/Electrico,UKL1,REST,Standard,HACH 5P,08,Barcelona,"automobils supra motor, s.l.",00CD0-E9EAD-16193-D3400-01260-3,high,official,1
2026,07,28,TOYOTA,YARIS,Private,ICE,Gasolina/Electrico,UKL1,REST,Standard,HACH 5P,08,Barcelona,"tallers ballús, s.l.",00CD0-E9EAD-18750-E0E00-01260-3,high,official,1
2026,07,28,TOYOTA,YARIS,Private,ICE,Gasolina/Electrico,UKL1,REST,Standard,HACH 5P,09,Burgos,"autobafer, s.l.u.",00CD0-E9EAD-16AD3-BD600-01260-3,high,official,1
2026,07,28,TOYOTA,YARIS,Private,ICE,Gasolina/Electrico,UKL1,REST,Standard,HACH 5P,11,Cádiz,"gamo bahía, s.l.",00CD0-E9EAD-16C73-C8000-01260-3,high,official,1
2026,07,28,TOYOTA,YARIS,Private,ICE,Gasolina/Electrico,UKL1,REST,Standard,HACH 5P,14,Córdoba,"comluve, s.l.",00CD0-E9EAD-17299-BA800-01260-3,medium,official,4
2026,07,28,TOYOTA,YARIS,Private,ICE,Gasolina/Electrico,UKL1,REST,Standard,HACH 5P,17,Girona,"japand 21, s.l.u.",00CD0-E9EAD-15456-BD200-01260-3,high,official,1
2026,07,28,TOYOTA,YARIS,Private,ICE,Gasolina/Electrico,UKL1,REST,Standard,HACH 5P,18,Granada,"gracoluc, s.l.",143fa64a-1b7d-4aa1-8da6-c3f47091237d,high,official,3
2026,07,28,TOYOTA,YARIS,Private,ICE,Gasolina/Electrico,UKL1,REST,Standard,HACH 5P,22,Huesca,"naymotor, s.l.",00CD0-E9EAD-17B94-8AA00-01350-3,high,official,1
2026,07,28,TOYOTA,YARIS,Private,ICE,Gasolina/Electrico,UKL1,REST,Standard,HACH 5P,23,Jaén,"lucorja, s.l.",394414cf-38c0-47de-9be8-f6e3b7a8ec9d,high,official,1
2026,07,28,TOYOTA,YARIS,Private,ICE,Gasolina/Electrico,UKL1,REST,Standard,HACH 5P,24,León,"legio cars, s.l.u.",00CD0-E9EAD-1574E-AE000-01260-3,high,official,1
2026,07,28,TOYOTA,YARIS,Private,ICE,Gasolina/Electrico,UKL1,REST,Standard,HACH 5P,28,Madrid,"motor arjona, s.l.",00CD0-E9EAD-18BB7-31800-01260-3,medium,official,1
2026,07,28,TOYOTA,YARIS,Private,ICE,Gasolina/Electrico,UKL1,REST,Standard,HACH 5P,29,Málaga,"cumaca motor, s.l.",00CD0-E9EAD-14F87-B1600-01260-3,high,official,1
2026,07,28,TOYOTA,YARIS,Private,ICE,Gasolina/Electrico,UKL1,REST,Standard,HACH 5P,29,Málaga,"cumaca motor, s.l.",00CD0-E9EAD-14F87-B1600-01260-3,medium,official,1
2026,07,28,TOYOTA,YARIS,Private,ICE,Gasolina/Electrico,UKL1,REST,Standard,HACH 5P,32,Ourense,"cibrao motor, s.l. ( ourense",00CD0-E9EAD-14FE4-96200-01260-3,high,official,2
2026,07,28,TOYOTA,YARIS,Private,ICE,Gasolina/Electrico,UKL1,REST,Standard,HACH 5P,43,Tarragona,"autoforum tarragona, s.a.",00CD0-E9EAD-18F94-9A600-01350-3,medium,official,1
2026,07,28,TOYOTA,YARIS,Private,ICE,Gasolina/Electrico,UKL1,REST,Standard,HACH 5P,46,Valencia,"sakurauto, s.a. ( valencia",00CD0-E9EAD-17E8C-24800-01350-3,medium,official,3
2026,07,28,TOYOTA,YARIS CROSS,Private,ICE,Gasolina/Electrico,UKL1,REST,Standard,SAV,03,Alicante,"medimotors premium, s.l.",a878988b-42d6-4ed4-944e-3eb04a3c072c,high,official,2
2026,07,28,TOYOTA,YARIS CROSS,Private,ICE,Gasolina/Electrico,UKL1,REST,Standard,SAV,04,Almería,"alborán motor, s.l.",00CD0-E9EAD-17A44-88800-01350-3,high,official,1
2026,07,28,TOYOTA,YARIS CROSS,Private,ICE,Gasolina/Electrico,UKL1,REST,Standard,SAV,07,Baleares,"autos magon, s.l.",3b34d10d-ceef-41e1-b2da-8438f538da8d,high,official,1
2026,07,28,TOYOTA,YARIS CROSS,Private,ICE,Gasolina/Electrico,UKL1,REST,Standard,SAV,07,Baleares,"medimotors gestion, s.l.",00CD0-E9EAD-15E56-7AA00-01260-3,high,official,2
2026,07,28,TOYOTA,YARIS CROSS,Private,ICE,Gasolina/Electrico,UKL1,REST,Standard,SAV,07,Baleares,"medimotors gestion, s.l.",00CD0-E9EAD-15E56-7AA00-01260-3,medium,official,1
2026,07,28,TOYOTA,YARIS CROSS,Private,ICE,Gasolina/Electrico,UKL1,REST,Standard,SAV,08,Barcelona,"automobils supra motor, s.l.",00CD0-E9EAD-16193-D3400-01260-3,high,official,1
2026,07,28,TOYOTA,YARIS CROSS,Private,ICE,Gasolina/Electrico,UKL1,REST,Standard,SAV,08,Barcelona,"casacuberta automobils, s.l.",00CD0-E9EAD-16A53-76A00-01260-3,high,official,2
2026,07,28,TOYOTA,YARIS CROSS,Private,ICE,Gasolina/Electrico,UKL1,REST,Standard,SAV,08,Barcelona,"japand 21, s.l.u.",00CD0-E9EAD-15456-BD200-01260-3,medium,official,1
2026,07,28,TOYOTA,YARIS CROSS,Private,ICE,Gasolina/Electrico,UKL1,REST,Standard,SAV,08,Barcelona,"mastertrac de automoción, s.a.",00CD0-E9EAD-14DBC-02A00-01260-3,medium,official,2
2026,07,28,TOYOTA,YARIS CROSS,Private,ICE,Gasolina/Electrico,UKL1,REST,Standard,SAV,09,Burgos,"autobafer, s.l.u.",00CD0-E9EAD-16AD3-BD600-01260-3,high,official,1
2026,07,28,TOYOTA,YARIS CROSS,Private,ICE,Gasolina/Electrico,UKL1,REST,Standard,SAV,11,Cádiz,"nimauto, s.l.",077e975a-e3f0-4020-8e48-a3870598ab6a,medium,official,1
2026,07,28,TOYOTA,YARIS CROSS,Private,ICE,Gasolina/Electrico,UKL1,REST,Standard,SAV,15,A Coruña,"compostela movil, s.a.u.",00CD0-E9EAD-16769-B9600-01260-3,high,official,1
2026,07,28,TOYOTA,YARIS CROSS,Private,ICE,Gasolina/Electrico,UKL1,REST,Standard,SAV,17,Girona,"aura motor, s.l.",00CD0-E9EAD-16556-0C000-01260-3,high,official,3
2026,07,28,TOYOTA,YARIS CROSS,Private,ICE,Gasolina/Electrico,UKL1,REST,Standard,SAV,17,Girona,"japand 21, s.l.u.",00CD0-E9EAD-15456-BD200-01260-3,high,official,1
2026,07,28,TOYOTA,YARIS CROSS,Private,ICE,Gasolina/Electrico,UKL1,REST,Standard,SAV,17,Girona,"noumovil, s.l.",00CE7-64D32-9030A-55600-01220-3,high,official,1
2026,07,28,TOYOTA,YARIS CROSS,Private,ICE,Gasolina/Electrico,UKL1,REST,Standard,SAV,20,Gipuzkoa,"euskoauto 2003, s.l.",00CD0-E9EAD-18DE6-78200-01350-3,high,official,1
2026,07,28,TOYOTA,YARIS CROSS,Private,ICE,Gasolina/Electrico,UKL1,REST,Standard,SAV,20,Gipuzkoa,"euskoauto 2003, s.l.",00CD0-E9EAD-18DE6-78200-01350-3,medium,official,1
2026,07,28,TOYOTA,YARIS CROSS,Private,ICE,Gasolina/Electrico,UKL1,REST,Standard,SAV,21,Huelva,"nimo gordillo huelva, s.l.u.",00CD0-E9EAD-18294-E8400-01260-3,medium,official,2
2026,07,28,TOYOTA,YARIS CROSS,Private,ICE,Gasolina/Electrico,UKL1,REST,Standard,SAV,23,Jaén,"gracoluc, s.l.",143fa64a-1b7d-4aa1-8da6-c3f47091237d,medium,official,1
2026,07,28,TOYOTA,YARIS CROSS,Private,ICE,Gasolina/Electrico,UKL1,REST,Standard,SAV,26,La Rioja,"autobafer, s.l.u.",00CD0-E9EAD-16AD3-BD600-01260-3,high,official,1
2026,07,28,TOYOTA,YARIS CROSS,Private,ICE,Gasolina/Electrico,UKL1,REST,Standard,SAV,28,Madrid,"motor arjona, s.l.",00CD0-E9EAD-18BB7-31800-01260-3,medium,official,1
2026,07,28,TOYOTA,YARIS CROSS,Private,ICE,Gasolina/Electrico,UKL1,REST,Standard,SAV,29,Málaga,"cumaca motor, s.l.",00CD0-E9EAD-14F87-B1600-01260-3,medium,official,4
2026,07,28,TOYOTA,YARIS CROSS,Private,ICE,Gasolina/Electrico,UKL1,REST,Standard,SAV,30,Murcia,"labasa, s.l.",00CD0-E9EAD-16F93-A4200-01260-3,high,official,1
2026,07,28,TOYOTA,YARIS CROSS,Private,ICE,Gasolina/Electrico,UKL1,REST,Standard,SAV,32,Ourense,"cibrao motor, s.l. ( ourense",00CD0-E9EAD-14FE4-96200-01260-3,high,official,1
2026,07,28,TOYOTA,YARIS CROSS,Private,ICE,Gasolina/Electrico,UKL1,REST,Standard,SAV,33,Asturias,"asturhibrido, s.l.",d4d885fe-4b49-4f91-919c-24338f20c7b0,high,official,1
2026,07,28,TOYOTA,YARIS CROSS,Private,ICE,Gasolina/Electrico,UKL1,REST,Standard,SAV,41,Sevilla,"nimo gordillo automóviles, s.a.",dc647751-4a25-4a32-a6b1-29624611289f,medium,official,1
2026,07,28,TOYOTA,YARIS CROSS,Private,ICE,Gasolina/Electrico,UKL1,REST,Standard,SAV,46,Valencia,"sakurauto, s.a. ( valencia",00CD0-E9EAD-17E8C-24800-01350-3,high,official,1
2026,07,28,TOYOTA,YARIS CROSS,Private,ICE,Gasolina/Electrico,UKL1,REST,Standard,SAV,46,Valencia,"sakurauto, s.a. ( valencia",00CD0-E9EAD-17E8C-24800-01350-3,medium,official,5
2026,07,28,TOYOTA,YARIS CROSS,Private,ICE,Gasolina/Electrico,UKL1,REST,Standard,SAV,50,Zaragoza,"artal vehículos zaragoza, s.l. (artal",6dafa392-8e69-4220-b295-9cb8ffbe3936,medium,official,1
2026,07,28,VOLVO,EX30,Private,BEV,Electrico,UKL1,FOCUS SEGMENT,Standard,SAV,02,Albacete,provehima,PROVEHIMA,high,official,1
2026,07,28,VOLVO,EX30,Private,BEV,Electrico,UKL1,FOCUS SEGMENT,Standard,SAV,18,Granada,arista,ARISTA,high,official,1
2026,07,28,VOLVO,EX30,Private,BEV,Electrico,UKL1,FOCUS SEGMENT,Standard,SAV,18,Granada,arista,ARISTA,medium,official,1
2026,07,28,VOLVO,EX30,Private,BEV,Electrico,UKL1,FOCUS SEGMENT,Standard,SAV,23,Jaén,casmar jaén,CASMAR JAEN,high,official,1
2026,07,28,VOLVO,EX30,Private,BEV,Electrico,UKL1,FOCUS SEGMENT,Standard,SAV,28,Madrid,auto elia,AUTO ELIA,medium,official,1
2026,07,28,VOLVO,EX30,Private,BEV,Electrico,UKL1,FOCUS SEGMENT,Standard,SAV,28,Madrid,battinver,BATTINVER,medium,official,1
2026,07,28,VOLVO,EX30,Private,BEV,Electrico,UKL1,FOCUS SEGMENT,Standard,SAV,33,Asturias,auto salón importaciones,AUTO SALON IMPORTACIONES,medium,official,1
2026,07,28,VOLVO,EX30,Private,BEV,Electrico,UKL1,FOCUS SEGMENT,Standard,SAV,35,Las Palmas,orvecame,ORVECAME,high,official,1
2026,07,28,VOLVO,EX30,Private,BEV,Electrico,UKL1,FOCUS SEGMENT,Standard,SAV,36,Pontevedra,merenauto,MERENAUTO,medium,official,1
2026,07,28,VOLVO,EX40,Private,BEV,Electrico,UKL2,FOCUS SEGMENT,Standard,SAV,33,Asturias,auto salón importaciones,AUTO SALON IMPORTACIONES,high,official,1
2026,07,28,VOLVO,XC40,Private,ICE,Gasolina Mild Hybrid,UKL2,FOCUS SEGMENT,Standard,SAV,07,Baleares,autovidal,AUTOVIDAL,high,official,1
2026,07,28,VOLVO,XC40,Private,ICE,Gasolina Mild Hybrid,UKL2,FOCUS SEGMENT,Standard,SAV,11,Cádiz,surauto sherry,SURAUTO SHERRY,high,official,2
2026,07,28,VOLVO,XC40,Private,ICE,Gasolina Mild Hybrid,UKL2,FOCUS SEGMENT,Standard,SAV,12,Castellón,vedat valencia,VEDAT VALENCIA,high,official,1
2026,07,28,VOLVO,XC40,Private,ICE,Gasolina Mild Hybrid,UKL2,FOCUS SEGMENT,Standard,SAV,15,A Coruña,merenauto,MERENAUTO,high,official,1
2026,07,28,VOLVO,XC40,Private,ICE,Gasolina Mild Hybrid,UKL2,FOCUS SEGMENT,Standard,SAV,17,Girona,turismes girona,TURISMES GIRONA,high,official,1
2026,07,28,VOLVO,XC40,Private,ICE,Gasolina Mild Hybrid,UKL2,FOCUS SEGMENT,Standard,SAV,20,Gipuzkoa,auto suecia,AUTO SUECIA,high,official,1
2026,07,28,VOLVO,XC40,Private,ICE,Gasolina Mild Hybrid,UKL2,FOCUS SEGMENT,Standard,SAV,28,Madrid,viñarás premium,VINARAS PREMIUM,medium,official,1
2026,07,28,VOLVO,XC40,Private,ICE,Gasolina Mild Hybrid,UKL2,FOCUS SEGMENT,Standard,SAV,32,Ourense,balper,BALPER,medium,official,1
2026,07,28,VOLVO,XC60,Private,ICE,Gasolina/Electrico Enchufable,KKL,FOCUS SEGMENT,Standard,SAV,45,Toledo,viñarás premium,VINARAS PREMIUM,high,official,1
2026,07,28,VOLVO,XC60,Private,ICE,Gasolina/Electrico Enchufable,KKL,FOCUS SEGMENT,Standard,SAV,50,Zaragoza,automóviles sánchez,AUTOMOVILES SANCHEZ,high,official,2
2026,07,28,VOLVO,XC60,Private,ICE,Gasolina/Electrico Enchufable,KKL,FOCUS SEGMENT,Standard,SAV,50,Zaragoza,automóviles sánchez,AUTOMOVILES SANCHEZ,medium,official,1
2026,07,28,VOLVO,XC90,Private,ICE,Gasolina/Electrico Enchufable,MKL,FOCUS SEGMENT,Standard,SAV,04,Almería,indacar,INDACAR,high,official,1
