anyo,mes,marca,modelo,canal,fuel_type,fuel,segmento,subseg,hp,body_type,count
2024,04,3 CARROCEROS,,Corporate,ICE,Diesel,,REST,Standard,,1
2024,04,A.R. PICHEL SA,,Private,ICE,Diesel,,REST,Standard,,1
2024,04,ABARTH,500,Private,BEV,Electrico,UKL0,REST,Standard,HACH 3P,2
2024,04,ACROSS,,Private,ICE,Diesel,,REST,Standard,,1
2024,04,ACROSS,,RAC,ICE,Diesel,,REST,Standard,,2
2024,04,ACURA,,Corporate,ICE,Gasolina,,REST,Standard,,1
2024,04,ADRIA,,Private,ICE,Diesel,,REST,Standard,,1
2024,04,ALFA ROMEO,GIULIA,Corporate,ICE,Gasolina,KKL,REST,Standard,SEDAN,5
2024,04,ALFA ROMEO,GIULIA,Private,ICE,Gasolina,KKL,REST,Standard,SEDAN,3
2024,04,ALFA ROMEO,STELVIO,Corporate,ICE,Gasolina,KKL,REST,Standard,SAV,38
2024,04,ALFA ROMEO,STELVIO,Private,ICE,Gasolina,KKL,REST,Standard,SAV,7
2024,04,ALFA ROMEO,STELVIO,RAC,ICE,Gasolina,KKL,REST,Standard,SAV,70
2024,04,ALFA ROMEO,TONALE,Corporate,ICE,Gasolina/Electrico Enchufable,UKL2,REST,Standard,SAV,125
2024,04,ALFA ROMEO,TONALE,Corporate,PHEV,Gasolina/Electrico Enchufable,UKL2,REST,Standard,SAV,2
2024,04,ALFA ROMEO,TONALE,Private,ICE,Gasolina/Electrico Enchufable,UKL2,REST,Standard,SAV,10
2024,04,ALFA ROMEO,TONALE,Private,PHEV,Gasolina/Electrico Enchufable,UKL2,REST,Standard,SAV,2
2024,04,ALFA ROMEO,TONALE,RAC,ICE,Gasolina/Electrico Enchufable,UKL2,REST,Standard,SAV,58
2024,04,ALFA ROMEO,TONALE,RAC,PHEV,Gasolina/Electrico Enchufable,UKL2,REST,Standard,SAV,5
2024,04,ALFOZ,,Corporate,ICE,Diesel,,REST,Standard,,1
2024,04,ALMANSA,,Corporate,ICE,Diesel,,REST,Standard,,1
2024,04,ALPINE,A110,Corporate,ICE,Gasolina,,,Standard,,3
2024,04,ALPINE,A110,Private,ICE,Gasolina,,,Standard,,1
2024,04,ALQUIBER QUALITY,,Corporate,ICE,Diesel,,REST,Standard,,62
2024,04,ALQUIBER QUALITY,,RAC,ICE,Diesel,,REST,Standard,,3
2024,04,"ALQUIBER QUALITY, S.A.",,Corporate,ICE,Diesel,,REST,Standard,,7
2024,04,"ALQUIBER QUALITY, S.A.",,RAC,ICE,Diesel,,REST,Standard,,7
2024,04,ANTONIO JURADO GONZALEZ,,Corporate,ICE,Diesel,,REST,Standard,,1
2024,04,ARB ARBUCIES,,Private,ICE,Diesel,,REST,Standard,,2
2024,04,ASTIZ,,Corporate,ICE,Diesel,,REST,Standard,,1
2024,04,ASTON MARTIN,DB12,Corporate,ICE,Gasolina,GKL+,FOCUS SEGMENT,Standard,CABRIO,5
2024,04,ASTON MARTIN,DB12,Private,ICE,Gasolina,GKL+,FOCUS SEGMENT,Standard,CABRIO,2
2024,04,ASTON MARTIN,DBX707,Corporate,ICE,Gasolina,,,Standard,,2
2024,04,ASTON MARTIN,VANTAGE,Corporate,ICE,Gasolina,GKL,FOCUS SEGMENT,Standard,COUPE,1
2024,04,ATALAYA,,RAC,ICE,Diesel,,REST,Standard,,4
2024,04,ATIS,,Corporate,ICE,Diesel,,REST,Standard,,2
2024,04,AUDI,A1,Corporate,ICE,Gasolina,UKL1,FOCUS SEGMENT,Standard,HACH 5P,214
2024,04,AUDI,A1,Private,ICE,Gasolina,UKL1,FOCUS SEGMENT,Standard,HACH 5P,95
2024,04,AUDI,A1,RAC,ICE,Gasolina,UKL1,FOCUS SEGMENT,Standard,HACH 5P,12
2024,04,AUDI,A3,Corporate,ICE,Gasolina/Electrico Enchufable,UKL2,FOCUS SEGMENT,M,HACH 5P,10
2024,04,AUDI,A3,Corporate,ICE,Gasolina/Electrico Enchufable,UKL2,FOCUS SEGMENT,M Performance,HACH 5P,11
2024,04,AUDI,A3,Corporate,ICE,Gasolina/Electrico Enchufable,UKL2,FOCUS SEGMENT,Standard,HACH 5P,170
2024,04,AUDI,A3,Corporate,PHEV,Gasolina/Electrico Enchufable,UKL2,FOCUS SEGMENT,Standard,HACH 5P,55
2024,04,AUDI,A3,Private,ICE,Gasolina/Electrico Enchufable,UKL2,FOCUS SEGMENT,M,HACH 5P,9
2024,04,AUDI,A3,Private,ICE,Gasolina/Electrico Enchufable,UKL2,FOCUS SEGMENT,M Performance,HACH 5P,2
2024,04,AUDI,A3,Private,ICE,Gasolina/Electrico Enchufable,UKL2,FOCUS SEGMENT,Standard,HACH 5P,119
2024,04,AUDI,A3,Private,PHEV,Gasolina/Electrico Enchufable,UKL2,FOCUS SEGMENT,Standard,HACH 5P,60
2024,04,AUDI,A3,RAC,ICE,Gasolina/Electrico Enchufable,UKL2,FOCUS SEGMENT,Standard,HACH 5P,103
2024,04,AUDI,A4,Corporate,ICE,Gasolina Mild Hybrid,KKL,FOCUS SEGMENT,M,ESTATE,3
2024,04,AUDI,A4,Corporate,ICE,Gasolina Mild Hybrid,KKL,FOCUS SEGMENT,Standard,ESTATE,66
2024,04,AUDI,A4,Private,ICE,Gasolina Mild Hybrid,KKL,FOCUS SEGMENT,Standard,ESTATE,18
2024,04,AUDI,A4,RAC,ICE,Gasolina Mild Hybrid,KKL,FOCUS SEGMENT,Standard,ESTATE,61
2024,04,AUDI,A4 ALLROAD,Corporate,ICE,Diesel Mild Hybrid,KKL,FOCUS SEGMENT,Standard,ESTATE,9
2024,04,AUDI,A4 ALLROAD,Private,ICE,Diesel Mild Hybrid,KKL,FOCUS SEGMENT,Standard,ESTATE,1
2024,04,AUDI,A4 ALLROAD,RAC,ICE,Diesel Mild Hybrid,KKL,FOCUS SEGMENT,Standard,ESTATE,1
2024,04,AUDI,A5,Corporate,ICE,Gasolina/Electrico Enchufable,KKL,FOCUS SEGMENT,M,SEDAN,2
2024,04,AUDI,A5,Corporate,ICE,Gasolina/Electrico Enchufable,KKL,FOCUS SEGMENT,Standard,SEDAN,25
2024,04,AUDI,A5,Private,ICE,Gasolina/Electrico Enchufable,KKL,FOCUS SEGMENT,Standard,SEDAN,11
2024,04,AUDI,A5,RAC,ICE,Gasolina/Electrico Enchufable,KKL,FOCUS SEGMENT,Standard,SEDAN,42
2024,04,AUDI,A6,Corporate,ICE,Gasolina/Electrico Enchufable,MKL,FOCUS SEGMENT,M,SEDAN,3
2024,04,AUDI,A6,Corporate,ICE,Gasolina/Electrico Enchufable,MKL,FOCUS SEGMENT,M Performance,SEDAN,3
2024,04,AUDI,A6,Corporate,ICE,Gasolina/Electrico Enchufable,MKL,FOCUS SEGMENT,Standard,SEDAN,14
2024,04,AUDI,A6,Corporate,PHEV,Gasolina/Electrico Enchufable,MKL,FOCUS SEGMENT,Standard,SEDAN,15
2024,04,AUDI,A6,Private,ICE,Gasolina/Electrico Enchufable,MKL,FOCUS SEGMENT,Standard,SEDAN,1
2024,04,AUDI,A6,Private,PHEV,Gasolina/Electrico Enchufable,MKL,FOCUS SEGMENT,Standard,SEDAN,2
2024,04,AUDI,A6,RAC,ICE,Gasolina/Electrico Enchufable,MKL,FOCUS SEGMENT,Standard,SEDAN,30
2024,04,AUDI,A6 ALLROAD,Corporate,ICE,Gasolina/Electrico Enchufable,MKL,FOCUS SEGMENT,Standard,ESTATE,3
2024,04,AUDI,A6 ALLROAD,Private,ICE,Gasolina/Electrico Enchufable,MKL,FOCUS SEGMENT,Standard,ESTATE,1
2024,04,AUDI,A7,Corporate,ICE,Diesel Mild Hybrid,MKL,FOCUS SEGMENT,M Performance,SEDAN,1
2024,04,AUDI,A7,Corporate,PHEV,Diesel Mild Hybrid,MKL,FOCUS SEGMENT,M Performance,SEDAN,6
2024,04,AUDI,A7,Private,PHEV,Diesel Mild Hybrid,MKL,FOCUS SEGMENT,M Performance,SEDAN,1
2024,04,AUDI,A8,Corporate,PHEV,Gasolina/Electrico Enchufable,GKL,FOCUS SEGMENT,Standard,SEDAN,4
2024,04,AUDI,E-TRON GT,Corporate,BEV,Electrico,GKL,FOCUS SEGMENT,Standard,SEDAN,2
2024,04,AUDI,Q2,Corporate,ICE,Gasolina,UKL2,FOCUS SEGMENT,Standard,SAV,244
2024,04,AUDI,Q2,Private,ICE,Gasolina,UKL2,FOCUS SEGMENT,Standard,SAV,170
2024,04,AUDI,Q2,RAC,ICE,Gasolina,UKL2,FOCUS SEGMENT,Standard,SAV,261
2024,04,AUDI,Q3,Corporate,ICE,Gasolina/Electrico Enchufable,UKL2,FOCUS SEGMENT,M,SAV,1
2024,04,AUDI,Q3,Corporate,ICE,Gasolina/Electrico Enchufable,UKL2,FOCUS SEGMENT,Standard,SAV,185
2024,04,AUDI,Q3,Corporate,PHEV,Gasolina/Electrico Enchufable,UKL2,FOCUS SEGMENT,Standard,SAV,27
2024,04,AUDI,Q3,Private,ICE,Gasolina/Electrico Enchufable,UKL2,FOCUS SEGMENT,Standard,SAV,55
2024,04,AUDI,Q3,Private,PHEV,Gasolina/Electrico Enchufable,UKL2,FOCUS SEGMENT,Standard,SAV,23
2024,04,AUDI,Q3,RAC,ICE,Gasolina/Electrico Enchufable,UKL2,FOCUS SEGMENT,Standard,SAV,118
2024,04,AUDI,Q3 SPORTBACK,Corporate,ICE,Gasolina/Electrico Enchufable,UKL2,FOCUS SEGMENT,M,SAV,13
2024,04,AUDI,Q3 SPORTBACK,Corporate,ICE,Gasolina/Electrico Enchufable,UKL2,FOCUS SEGMENT,Standard,SAV,245
2024,04,AUDI,Q3 SPORTBACK,Corporate,PHEV,Gasolina/Electrico Enchufable,UKL2,FOCUS SEGMENT,Standard,SAV,58
2024,04,AUDI,Q3 SPORTBACK,Private,ICE,Gasolina/Electrico Enchufable,UKL2,FOCUS SEGMENT,M,SAV,5
2024,04,AUDI,Q3 SPORTBACK,Private,ICE,Gasolina/Electrico Enchufable,UKL2,FOCUS SEGMENT,Standard,SAV,132
2024,04,AUDI,Q3 SPORTBACK,Private,PHEV,Gasolina/Electrico Enchufable,UKL2,FOCUS SEGMENT,Standard,SAV,60
2024,04,AUDI,Q3 SPORTBACK,RAC,ICE,Gasolina/Electrico Enchufable,UKL2,FOCUS SEGMENT,Standard,SAV,57
2024,04,AUDI,Q4 E-TRON,Corporate,BEV,Electrico,UKL2,FOCUS SEGMENT,Standard,SAV,16
2024,04,AUDI,Q4 E-TRON,Private,BEV,Electrico,UKL2,FOCUS SEGMENT,Standard,SAV,12
2024,04,AUDI,Q4 SPORTBACK E-TRON,Corporate,BEV,Electrico,UKL2,FOCUS SEGMENT,Standard,SAV,20
2024,04,AUDI,Q4 SPORTBACK E-TRON,Private,BEV,Electrico,UKL2,FOCUS SEGMENT,Standard,SAV,10
2024,04,AUDI,Q5,Corporate,ICE,Gasolina/Electrico Enchufable,KKL,FOCUS SEGMENT,M Performance,SAV,1
2024,04,AUDI,Q5,Corporate,ICE,Gasolina/Electrico Enchufable,KKL,FOCUS SEGMENT,Standard,SAV,21
2024,04,AUDI,Q5,Corporate,PHEV,Gasolina/Electrico Enchufable,KKL,FOCUS SEGMENT,Standard,SAV,10
2024,04,AUDI,Q5,Private,ICE,Gasolina/Electrico Enchufable,KKL,FOCUS SEGMENT,M Performance,SAV,1
2024,04,AUDI,Q5,Private,ICE,Gasolina/Electrico Enchufable,KKL,FOCUS SEGMENT,Standard,SAV,19
2024,04,AUDI,Q5,Private,PHEV,Gasolina/Electrico Enchufable,KKL,FOCUS SEGMENT,Standard,SAV,2
2024,04,AUDI,Q5,RAC,ICE,Gasolina/Electrico Enchufable,KKL,FOCUS SEGMENT,Standard,SAV,1
2024,04,AUDI,Q5 SPORTBACK,Corporate,ICE,Gasolina/Electrico Enchufable,KKL,FOCUS SEGMENT,Standard,SAV,20
2024,04,AUDI,Q5 SPORTBACK,Corporate,PHEV,Gasolina/Electrico Enchufable,KKL,FOCUS SEGMENT,Standard,SAV,31
2024,04,AUDI,Q5 SPORTBACK,Private,ICE,Gasolina/Electrico Enchufable,KKL,FOCUS SEGMENT,Standard,SAV,3
2024,04,AUDI,Q5 SPORTBACK,Private,PHEV,Gasolina/Electrico Enchufable,KKL,FOCUS SEGMENT,Standard,SAV,7
2024,04,AUDI,Q5 SPORTBACK,RAC,ICE,Gasolina/Electrico Enchufable,KKL,FOCUS SEGMENT,Standard,SAV,1
2024,04,AUDI,Q7,Corporate,ICE,Gasolina/Electrico Enchufable,MKL,FOCUS SEGMENT,Standard,SAV,4
2024,04,AUDI,Q7,Corporate,PHEV,Gasolina/Electrico Enchufable,MKL,FOCUS SEGMENT,Standard,SAV,3
2024,04,AUDI,Q7,Private,ICE,Gasolina/Electrico Enchufable,MKL,FOCUS SEGMENT,Standard,SAV,3
2024,04,AUDI,Q8,Corporate,BEV,Gasolina/Electrico Enchufable,MKL,FOCUS SEGMENT,Standard,SAV,2
2024,04,AUDI,Q8,Corporate,ICE,Gasolina/Electrico Enchufable,MKL,FOCUS SEGMENT,M,SAV,3
2024,04,AUDI,Q8,Corporate,ICE,Gasolina/Electrico Enchufable,MKL,FOCUS SEGMENT,M Performance,SAV,3
2024,04,AUDI,Q8,Corporate,ICE,Gasolina/Electrico Enchufable,MKL,FOCUS SEGMENT,Standard,SAV,7
2024,04,AUDI,Q8,Corporate,PHEV,Gasolina/Electrico Enchufable,MKL,FOCUS SEGMENT,Standard,SAV,1
2024,04,AUDI,Q8,Private,BEV,Gasolina/Electrico Enchufable,MKL,FOCUS SEGMENT,Standard,SAV,2
2024,04,AUDI,Q8,Private,PHEV,Gasolina/Electrico Enchufable,MKL,FOCUS SEGMENT,Standard,SAV,1
2024,04,AUDI,R8,Corporate,ICE,Gasolina,GKL,FOCUS SEGMENT,M,COUPE,1
2024,04,AUDI,TT,Corporate,ICE,Gasolina,KKL,FOCUS SEGMENT,Standard,COUPE,1
2024,04,AUTOMOBILES PEUGEOT,,Private,ICE,Diesel,,REST,Standard,,1
2024,04,BAHIA V.I.,,Corporate,ICE,Diesel,,REST,Standard,,4
2024,04,BALLESTAS REUS,,Corporate,ICE,Diesel,,REST,Standard,,1
2024,04,BARBANY,,Corporate,ICE,Diesel,,REST,Standard,,5
2024,04,BARBANY,,Private,ICE,Diesel,,REST,Standard,,1
2024,04,BAYCAR,,Corporate,ICE,Diesel,,REST,Standard,,1
2024,04,BEMAR,,Corporate,ICE,Diesel,,REST,Standard,,1
2024,04,BENTLEY,BENTAYGA,Corporate,ICE,Gasolina/Electrico Enchufable,GKL+,FOCUS SEGMENT,Standard,SAV,1
2024,04,BENTLEY,CONTINENTAL,Corporate,ICE,Gasolina/Electrico Enchufable,GKL+,FOCUS SEGMENT,Standard,CABRIO,2
2024,04,BENTLEY,CONTINENTAL,Private,ICE,Gasolina/Electrico Enchufable,GKL+,FOCUS SEGMENT,Standard,CABRIO,2
2024,04,BENTLEY,FLYING SPUR,Corporate,PHEV,Gasolina,GKL+,FOCUS SEGMENT,Standard,SEDAN,1
2024,04,BENTLEY,FLYING SPUR,Private,ICE,Gasolina,GKL+,FOCUS SEGMENT,Standard,SEDAN,1
2024,04,BERGADANA,,Private,ICE,Diesel,,REST,Standard,,5
2024,04,BLUCAMP,,RAC,ICE,Diesel,,REST,Standard,,2
2024,04,BMW,SERIE 1,Corporate,ICE,Gasolina,UKL2,FOCUS SEGMENT,M Performance,HACH 5P,3
2024,04,BMW,SERIE 1,Corporate,ICE,Gasolina,UKL2,FOCUS SEGMENT,Standard,HACH 5P,346
2024,04,BMW,SERIE 1,Private,ICE,Gasolina,UKL2,FOCUS SEGMENT,M Performance,HACH 5P,2
2024,04,BMW,SERIE 1,Private,ICE,Gasolina,UKL2,FOCUS SEGMENT,Standard,HACH 5P,69
2024,04,BMW,SERIE 1,RAC,ICE,Gasolina,UKL2,FOCUS SEGMENT,M Performance,HACH 5P,8
2024,04,BMW,SERIE 1,RAC,ICE,Gasolina,UKL2,FOCUS SEGMENT,Standard,HACH 5P,229
2024,04,BMW,SERIE 2,Corporate,ICE,Gasolina/Electrico Enchufable,UKL2,FOCUS SEGMENT,M,MPV,9
2024,04,BMW,SERIE 2,Corporate,ICE,Gasolina/Electrico Enchufable,UKL2,FOCUS SEGMENT,M Performance,MPV,2
2024,04,BMW,SERIE 2,Corporate,ICE,Gasolina/Electrico Enchufable,UKL2,FOCUS SEGMENT,Standard,MPV,82
2024,04,BMW,SERIE 2,Corporate,PHEV,Gasolina/Electrico Enchufable,UKL2,FOCUS SEGMENT,Standard,MPV,6
2024,04,BMW,SERIE 2,Private,ICE,Gasolina/Electrico Enchufable,UKL2,FOCUS SEGMENT,M,MPV,8
2024,04,BMW,SERIE 2,Private,ICE,Gasolina/Electrico Enchufable,UKL2,FOCUS SEGMENT,M Performance,MPV,2
2024,04,BMW,SERIE 2,Private,ICE,Gasolina/Electrico Enchufable,UKL2,FOCUS SEGMENT,Standard,MPV,46
2024,04,BMW,SERIE 2,Private,PHEV,Gasolina/Electrico Enchufable,UKL2,FOCUS SEGMENT,Standard,MPV,5
2024,04,BMW,SERIE 2,RAC,ICE,Gasolina/Electrico Enchufable,UKL2,FOCUS SEGMENT,M,MPV,2
2024,04,BMW,SERIE 2,RAC,ICE,Gasolina/Electrico Enchufable,UKL2,FOCUS SEGMENT,M Performance,MPV,3
2024,04,BMW,SERIE 2,RAC,ICE,Gasolina/Electrico Enchufable,UKL2,FOCUS SEGMENT,Standard,MPV,39
2024,04,BMW,SERIE 3,Corporate,ICE,Gasolina,KKL,FOCUS SEGMENT,M,ESTATE,14
2024,04,BMW,SERIE 3,Corporate,ICE,Gasolina,KKL,FOCUS SEGMENT,M Performance,ESTATE,7
2024,04,BMW,SERIE 3,Corporate,ICE,Gasolina,KKL,FOCUS SEGMENT,Standard,ESTATE,112
2024,04,BMW,SERIE 3,Corporate,PHEV,Gasolina,KKL,FOCUS SEGMENT,Standard,ESTATE,25
2024,04,BMW,SERIE 3,Private,ICE,Gasolina,KKL,FOCUS SEGMENT,M,ESTATE,2
2024,04,BMW,SERIE 3,Private,ICE,Gasolina,KKL,FOCUS SEGMENT,M Performance,ESTATE,3
2024,04,BMW,SERIE 3,Private,ICE,Gasolina,KKL,FOCUS SEGMENT,Standard,ESTATE,30
2024,04,BMW,SERIE 3,Private,PHEV,Gasolina,KKL,FOCUS SEGMENT,Standard,ESTATE,7
2024,04,BMW,SERIE 3,RAC,ICE,Gasolina,KKL,FOCUS SEGMENT,M Performance,ESTATE,3
2024,04,BMW,SERIE 3,RAC,ICE,Gasolina,KKL,FOCUS SEGMENT,Standard,ESTATE,89
2024,04,BMW,SERIE 3,RAC,PHEV,Gasolina,KKL,FOCUS SEGMENT,Standard,ESTATE,20
2024,04,BMW,SERIE 4,Corporate,ICE,Gasolina,KKL,FOCUS SEGMENT,M,CABRIO,5
2024,04,BMW,SERIE 4,Corporate,ICE,Gasolina,KKL,FOCUS SEGMENT,M Performance,CABRIO,7
2024,04,BMW,SERIE 4,Corporate,ICE,Gasolina,KKL,FOCUS SEGMENT,Standard,CABRIO,58
2024,04,BMW,SERIE 4,Private,ICE,Gasolina,KKL,FOCUS SEGMENT,M,CABRIO,6
2024,04,BMW,SERIE 4,Private,ICE,Gasolina,KKL,FOCUS SEGMENT,M Performance,CABRIO,2
2024,04,BMW,SERIE 4,Private,ICE,Gasolina,KKL,FOCUS SEGMENT,Standard,CABRIO,31
2024,04,BMW,SERIE 4,RAC,ICE,Gasolina,KKL,FOCUS SEGMENT,M,CABRIO,1
2024,04,BMW,SERIE 4,RAC,ICE,Gasolina,KKL,FOCUS SEGMENT,M Performance,CABRIO,9
2024,04,BMW,SERIE 4,RAC,ICE,Gasolina,KKL,FOCUS SEGMENT,Standard,CABRIO,60
2024,04,BMW,SERIE 5,Corporate,ICE,Gasolina/Electrico Enchufable,MKL,FOCUS SEGMENT,Standard,ESTATE,36
2024,04,BMW,SERIE 5,Corporate,PHEV,Gasolina/Electrico Enchufable,MKL,FOCUS SEGMENT,Standard,ESTATE,5
2024,04,BMW,SERIE 5,Private,ICE,Gasolina/Electrico Enchufable,MKL,FOCUS SEGMENT,Standard,ESTATE,4
2024,04,BMW,SERIE 5,Private,PHEV,Gasolina/Electrico Enchufable,MKL,FOCUS SEGMENT,Standard,ESTATE,2
2024,04,BMW,SERIE 5,RAC,ICE,Gasolina/Electrico Enchufable,MKL,FOCUS SEGMENT,Standard,ESTATE,23
2024,04,BMW,SERIE 5,RAC,PHEV,Gasolina/Electrico Enchufable,MKL,FOCUS SEGMENT,Standard,ESTATE,10
2024,04,BMW,SERIE 7,Corporate,ICE,Gasolina/Electrico Enchufable,GKL,FOCUS SEGMENT,Standard,SEDAN,6
2024,04,BMW,SERIE 7,Corporate,PHEV,Gasolina/Electrico Enchufable,GKL,FOCUS SEGMENT,M Performance,SEDAN,2
2024,04,BMW,SERIE 7,Corporate,PHEV,Gasolina/Electrico Enchufable,GKL,FOCUS SEGMENT,Standard,SEDAN,1
2024,04,BMW,SERIE 7,Private,PHEV,Gasolina/Electrico Enchufable,GKL,FOCUS SEGMENT,Standard,SEDAN,1
2024,04,BMW,SERIE 7,RAC,ICE,Gasolina/Electrico Enchufable,GKL,FOCUS SEGMENT,Standard,SEDAN,18
2024,04,BMW,SERIE 7,RAC,PHEV,Gasolina/Electrico Enchufable,GKL,FOCUS SEGMENT,Standard,SEDAN,3
2024,04,BMW,SERIE 8,Corporate,ICE,Diesel Mild Hybrid,GKL,FOCUS SEGMENT,M,COUPE,3
2024,04,BMW,SERIE 8,Corporate,ICE,Diesel Mild Hybrid,GKL,FOCUS SEGMENT,Standard,COUPE,1
2024,04,BMW,X1,Corporate,ICE,Gasolina/Electrico Enchufable,UKL2,FOCUS SEGMENT,M Performance,SAV,6
2024,04,BMW,X1,Corporate,ICE,Gasolina/Electrico Enchufable,UKL2,FOCUS SEGMENT,Standard,SAV,596
2024,04,BMW,X1,Corporate,PHEV,Gasolina/Electrico Enchufable,UKL2,FOCUS SEGMENT,Standard,SAV,52
2024,04,BMW,X1,Private,ICE,Gasolina/Electrico Enchufable,UKL2,FOCUS SEGMENT,M Performance,SAV,2
2024,04,BMW,X1,Private,ICE,Gasolina/Electrico Enchufable,UKL2,FOCUS SEGMENT,Standard,SAV,254
2024,04,BMW,X1,Private,PHEV,Gasolina/Electrico Enchufable,UKL2,FOCUS SEGMENT,Standard,SAV,58
2024,04,BMW,X1,RAC,ICE,Gasolina/Electrico Enchufable,UKL2,FOCUS SEGMENT,M Performance,SAV,1
2024,04,BMW,X1,RAC,ICE,Gasolina/Electrico Enchufable,UKL2,FOCUS SEGMENT,Standard,SAV,120
2024,04,BMW,X1,RAC,PHEV,Gasolina/Electrico Enchufable,UKL2,FOCUS SEGMENT,Standard,SAV,3
2024,04,BMW,X2,Corporate,ICE,Diesel Mild Hybrid,UKL2,FOCUS SEGMENT,M Performance,SAV,4
2024,04,BMW,X2,Corporate,ICE,Diesel Mild Hybrid,UKL2,FOCUS SEGMENT,Standard,SAV,83
2024,04,BMW,X2,Private,ICE,Diesel Mild Hybrid,UKL2,FOCUS SEGMENT,M Performance,SAV,4
2024,04,BMW,X2,Private,ICE,Diesel Mild Hybrid,UKL2,FOCUS SEGMENT,Standard,SAV,89
2024,04,BMW,X2,Private,PHEV,Diesel Mild Hybrid,UKL2,FOCUS SEGMENT,Standard,SAV,1
2024,04,BMW,X2,RAC,ICE,Diesel Mild Hybrid,UKL2,FOCUS SEGMENT,M Performance,SAV,1
2024,04,BMW,X2,RAC,ICE,Diesel Mild Hybrid,UKL2,FOCUS SEGMENT,Standard,SAV,10
2024,04,BMW,X3,Corporate,ICE,Gasolina Mild Hybrid,KKL,FOCUS SEGMENT,M Performance,SAV,3
2024,04,BMW,X3,Corporate,ICE,Gasolina Mild Hybrid,KKL,FOCUS SEGMENT,Standard,SAV,278
2024,04,BMW,X3,Corporate,PHEV,Gasolina Mild Hybrid,KKL,FOCUS SEGMENT,Standard,SAV,17
2024,04,BMW,X3,Private,ICE,Gasolina Mild Hybrid,KKL,FOCUS SEGMENT,M Performance,SAV,4
2024,04,BMW,X3,Private,ICE,Gasolina Mild Hybrid,KKL,FOCUS SEGMENT,Standard,SAV,47
2024,04,BMW,X3,Private,PHEV,Gasolina Mild Hybrid,KKL,FOCUS SEGMENT,Standard,SAV,4
2024,04,BMW,X3,RAC,ICE,Gasolina Mild Hybrid,KKL,FOCUS SEGMENT,M Performance,SAV,5
2024,04,BMW,X3,RAC,ICE,Gasolina Mild Hybrid,KKL,FOCUS SEGMENT,Standard,SAV,43
2024,04,BMW,X4,Corporate,ICE,Diesel Mild Hybrid,KKL,FOCUS SEGMENT,M,SAV,1
2024,04,BMW,X4,Corporate,ICE,Diesel Mild Hybrid,KKL,FOCUS SEGMENT,M Performance,SAV,8
2024,04,BMW,X4,Corporate,ICE,Diesel Mild Hybrid,KKL,FOCUS SEGMENT,Standard,SAV,121
2024,04,BMW,X4,Private,ICE,Diesel Mild Hybrid,KKL,FOCUS SEGMENT,M Performance,SAV,1
2024,04,BMW,X4,Private,ICE,Diesel Mild Hybrid,KKL,FOCUS SEGMENT,Standard,SAV,50
2024,04,BMW,X4,RAC,ICE,Diesel Mild Hybrid,KKL,FOCUS SEGMENT,M Performance,SAV,1
2024,04,BMW,X4,RAC,ICE,Diesel Mild Hybrid,KKL,FOCUS SEGMENT,Standard,SAV,7
2024,04,BMW,X5,Corporate,ICE,Gasolina/Electrico Enchufable,MKL,FOCUS SEGMENT,M,SAV,2
2024,04,BMW,X5,Corporate,ICE,Gasolina/Electrico Enchufable,MKL,FOCUS SEGMENT,M Performance,SAV,2
2024,04,BMW,X5,Corporate,ICE,Gasolina/Electrico Enchufable,MKL,FOCUS SEGMENT,Standard,SAV,59
2024,04,BMW,X5,Corporate,PHEV,Gasolina/Electrico Enchufable,MKL,FOCUS SEGMENT,Standard,SAV,29
2024,04,BMW,X5,Private,ICE,Gasolina/Electrico Enchufable,MKL,FOCUS SEGMENT,M Performance,SAV,1
2024,04,BMW,X5,Private,ICE,Gasolina/Electrico Enchufable,MKL,FOCUS SEGMENT,Standard,SAV,7
2024,04,BMW,X5,Private,PHEV,Gasolina/Electrico Enchufable,MKL,FOCUS SEGMENT,Standard,SAV,8
2024,04,BMW,X5,RAC,ICE,Gasolina/Electrico Enchufable,MKL,FOCUS SEGMENT,Standard,SAV,3
2024,04,BMW,X5,RAC,PHEV,Gasolina/Electrico Enchufable,MKL,FOCUS SEGMENT,Standard,SAV,1
2024,04,BMW,X6,Corporate,ICE,Gasolina Mild Hybrid,MKL,FOCUS SEGMENT,M,SAV,1
2024,04,BMW,X6,Corporate,ICE,Gasolina Mild Hybrid,MKL,FOCUS SEGMENT,Standard,SAV,36
2024,04,BMW,X6,Private,ICE,Gasolina Mild Hybrid,MKL,FOCUS SEGMENT,M Performance,SAV,2
2024,04,BMW,X6,Private,ICE,Gasolina Mild Hybrid,MKL,FOCUS SEGMENT,Standard,SAV,20
2024,04,BMW,X6,RAC,ICE,Gasolina Mild Hybrid,MKL,FOCUS SEGMENT,M,SAV,1
2024,04,BMW,X6,RAC,ICE,Gasolina Mild Hybrid,MKL,FOCUS SEGMENT,Standard,SAV,2
2024,04,BMW,X7,Corporate,ICE,Gasolina Mild Hybrid,GKL,FOCUS SEGMENT,M Performance,SAV,2
2024,04,BMW,X7,Corporate,ICE,Gasolina Mild Hybrid,GKL,FOCUS SEGMENT,Standard,SAV,23
2024,04,BMW,X7,Private,ICE,Gasolina Mild Hybrid,GKL,FOCUS SEGMENT,Standard,SAV,4
2024,04,BMW,X7,RAC,ICE,Gasolina Mild Hybrid,GKL,FOCUS SEGMENT,Standard,SAV,4
2024,04,BMW,XM,Corporate,PHEV,Gasolina/Electrico Enchufable,GKL,FOCUS SEGMENT,M,SAV,10
2024,04,BMW,XM,Private,PHEV,Gasolina/Electrico Enchufable,GKL,FOCUS SEGMENT,M,SAV,2
2024,04,BMW,XM,RAC,PHEV,Gasolina/Electrico Enchufable,GKL,FOCUS SEGMENT,M,SAV,2
2024,04,BMW,Z4,Corporate,ICE,Gasolina,KKL,FOCUS SEGMENT,M Performance,ROADSTER,3
2024,04,BMW,Z4,Corporate,ICE,Gasolina,KKL,FOCUS SEGMENT,Standard,ROADSTER,4
2024,04,BMW,Z4,Private,ICE,Gasolina,KKL,FOCUS SEGMENT,M Performance,ROADSTER,1
2024,04,BMW,Z4,Private,ICE,Gasolina,KKL,FOCUS SEGMENT,Standard,ROADSTER,5
2024,04,BMW,Z4,RAC,ICE,Gasolina,KKL,FOCUS SEGMENT,M Performance,ROADSTER,1
2024,04,BMW,Z4,RAC,ICE,Gasolina,KKL,FOCUS SEGMENT,Standard,ROADSTER,5
2024,04,BMW,i4,Corporate,BEV,Electrico,KKL,FOCUS SEGMENT,M Performance,SEDAN,3
2024,04,BMW,i4,Corporate,BEV,Electrico,KKL,FOCUS SEGMENT,Standard,SEDAN,25
2024,04,BMW,i4,Private,BEV,Electrico,KKL,FOCUS SEGMENT,M Performance,SEDAN,1
2024,04,BMW,i4,Private,BEV,Electrico,KKL,FOCUS SEGMENT,Standard,SEDAN,14
2024,04,BMW,i5,Corporate,BEV,Electrico,MKL,FOCUS SEGMENT,M Performance,ESTATE,4
2024,04,BMW,i5,Corporate,BEV,Electrico,MKL,FOCUS SEGMENT,Standard,ESTATE,18
2024,04,BMW,i5,Private,BEV,Electrico,MKL,FOCUS SEGMENT,Standard,ESTATE,1
2024,04,BMW,i5,RAC,BEV,Electrico,MKL,FOCUS SEGMENT,Standard,ESTATE,4
2024,04,BMW,i7,Corporate,BEV,Electrico,GKL,FOCUS SEGMENT,M Performance,SEDAN,1
2024,04,BMW,i7,Corporate,BEV,Electrico,GKL,FOCUS SEGMENT,Standard,SEDAN,2
2024,04,BMW,i7,RAC,BEV,Electrico,GKL,FOCUS SEGMENT,Standard,SEDAN,4
2024,04,BMW,iX,Corporate,BEV,Electrico,MKL,FOCUS SEGMENT,Standard,SAV,4
2024,04,BMW,iX,Private,BEV,Electrico,MKL,FOCUS SEGMENT,M Performance,SAV,1
2024,04,BMW,iX,Private,BEV,Electrico,MKL,FOCUS SEGMENT,Standard,SAV,2
2024,04,BMW,iX1,Corporate,BEV,Electrico,UKL2,FOCUS SEGMENT,Standard,SAV,57
2024,04,BMW,iX1,Private,BEV,Electrico,UKL2,FOCUS SEGMENT,Standard,SAV,63
2024,04,BMW,iX2,Corporate,BEV,Electrico,UKL2,FOCUS SEGMENT,Standard,SAV,34
2024,04,BMW,iX2,Private,BEV,Electrico,UKL2,FOCUS SEGMENT,Standard,SAV,15
2024,04,BMW,iX2,RAC,BEV,Electrico,UKL2,FOCUS SEGMENT,Standard,SAV,5
2024,04,BMW,iX3,Corporate,BEV,Electrico,KKL,FOCUS SEGMENT,Standard,SAV,10
2024,04,BMW,iX3,Private,BEV,Electrico,KKL,FOCUS SEGMENT,Standard,SAV,1
2024,04,BRAVIA,,Private,ICE,Diesel,,REST,Standard,,1
2024,04,BRAVO,,Corporate,ICE,Diesel,,REST,Standard,,1
2024,04,BRETCHA,,Corporate,ICE,Diesel,,REST,Standard,,1
2024,04,BRP,,Corporate,ICE,Gasolina,,REST,Standard,,6
2024,04,BUNKERVAN,,Private,ICE,Diesel,,REST,Standard,,1
2024,04,BURSTNER GMBH,,Private,ICE,Diesel,,REST,Standard,,3
2024,04,BURSTNER GMBH,,RAC,ICE,Diesel,,REST,Standard,,5
2024,04,BYD,ATTO 3,Corporate,BEV,Electrico,UKL2,REST,Standard,SAV,45
2024,04,BYD,ATTO 3,Private,BEV,Electrico,UKL2,REST,Standard,SAV,78
2024,04,BYD,DOLPHIN,Corporate,BEV,Electrico,UKL1,REST,Standard,HACH 5P,4
2024,04,BYD,DOLPHIN,Private,BEV,Electrico,UKL1,REST,Standard,HACH 5P,49
2024,04,BYD,HAN,Corporate,BEV,Electrico,MKL,REST,Standard,SEDAN,1
2024,04,BYD,SEAL,Corporate,BEV,Electrico,KKL,REST,Standard,SEDAN,23
2024,04,BYD,SEAL,Private,BEV,Electrico,KKL,REST,Standard,SEDAN,69
2024,04,BYD,SEAL U,Corporate,BEV,Gasolina/Electrico Enchufable,KKL,REST,Standard,SAV,11
2024,04,BYD,SEAL U,Private,BEV,Gasolina/Electrico Enchufable,KKL,REST,Standard,SAV,1
2024,04,CACESA,,Corporate,ICE,Diesel,,REST,Standard,,1
2024,04,CAFRISE,,Corporate,ICE,Diesel,,REST,Standard,,2
2024,04,CAJISA,,RAC,ICE,Diesel,,REST,Standard,,28
2024,04,CALLAU,,Private,ICE,Diesel,,REST,Standard,,1
2024,04,CALVO,,Corporate,ICE,Diesel,,REST,Standard,,2
2024,04,CAPRON GMBH,,Corporate,ICE,Diesel,,REST,Standard,,1
2024,04,CAPRON GMBH,,Private,ICE,Diesel,,REST,Standard,,4
2024,04,CAPRON GMBH,,RAC,ICE,Diesel,,REST,Standard,,4
2024,04,CARGAN,,Corporate,ICE,Diesel,,REST,Standard,,1
2024,04,CARROC. RAFAEL MIRALLES,,RAC,ICE,Diesel,,REST,Standard,,1
2024,04,CARROCER.FRIGOR.SEVILLA,,Corporate,ICE,Diesel,,REST,Standard,,5
2024,04,CARROCER.FRIGOR.SEVILLA,,Private,ICE,Diesel,,REST,Standard,,2
2024,04,CARROCER.FRIGOR.SEVILLA,,RAC,ICE,Diesel,,REST,Standard,,1
2024,04,CARROCERIAS AITOR,,Private,ICE,Diesel,,REST,Standard,,1
2024,04,CARROCERIAS CITY,,Corporate,ICE,Diesel,,REST,Standard,,1
2024,04,CARROCERIAS CITY,,RAC,ICE,Diesel,,REST,Standard,,27
2024,04,CARROCERIAS CREVILLENTE,,Corporate,ICE,Diesel,,REST,Standard,,2
2024,04,CARROCERIAS CREVILLENTE,,RAC,ICE,Diesel,,REST,Standard,,12
2024,04,CARROCERIAS EL GALLO,,Corporate,ICE,Diesel,,REST,Standard,,7
2024,04,CARROCERIAS EL GALLO,,Private,ICE,Diesel,,REST,Standard,,1
2024,04,CARROCERIAS FRANCAR,,Corporate,ICE,Diesel,,REST,Standard,,1
2024,04,CARROCERIAS GRANADA,,Corporate,ICE,Diesel,,REST,Standard,,1
2024,04,CARROCERIAS JANKAR,,Corporate,ICE,Diesel,,REST,Standard,,3
2024,04,CARROCERIAS JANKAR,,Private,ICE,Diesel,,REST,Standard,,1
2024,04,CARROCERIAS JAZ,,Corporate,ICE,Diesel,,REST,Standard,,1
2024,04,CARROCERIAS JEREZ,,Private,ICE,Diesel,,REST,Standard,,1
2024,04,CARROCERIAS JEREZ,,RAC,ICE,Diesel,,REST,Standard,,1
2024,04,CARROCERIAS MINDA,,Corporate,BEV,Electrico,,REST,Standard,,4
2024,04,CARROCERIAS MINDA,,Corporate,ICE,Diesel,,REST,Standard,,6
2024,04,CARROCERIAS MINDA,,RAC,ICE,Diesel,,REST,Standard,,3
2024,04,CARROCERIAS REVERTE,,Corporate,ICE,Diesel,,REST,Standard,,1
2024,04,CARROCERIAS SANCA,,Corporate,ICE,Diesel,,REST,Standard,,3
2024,04,CARROCERIAS SANCA,,Private,ICE,Diesel,,REST,Standard,,1
2024,04,CARROCERIAS SANCA,,RAC,ICE,Diesel,,REST,Standard,,6
2024,04,CARROCERIAS SANCA SA,,Corporate,ICE,Diesel,,REST,Standard,,5
2024,04,CARROCERIAS SANCA SA,,Private,ICE,Diesel,,REST,Standard,,2
2024,04,CARROCERIAS SANCA SA,,RAC,ICE,Diesel,,REST,Standard,,1
2024,04,CARROCERIAS VASALLO,,Corporate,ICE,Diesel,,REST,Standard,,1
2024,04,CARROCERIAS YECLA,,Corporate,ICE,Diesel,,REST,Standard,,1
2024,04,CARROCERIAS YECLA,,RAC,ICE,Diesel,,REST,Standard,,2
2024,04,CARROCEROS F&G,,Corporate,ICE,Diesel,,REST,Standard,,3
2024,04,CARROSSERIES TOLOSA,,Corporate,ICE,Diesel,,REST,Standard,,3
2024,04,CARTHAGO,,Private,ICE,Diesel,,REST,Standard,,1
2024,04,CAYVOL,,Corporate,ICE,Diesel,,REST,Standard,,7
2024,04,CAYVOL,,Corporate,ICE,Gas natural comprimido (GNC),,REST,Standard,,1
2024,04,CBF NAVARRO,,Private,ICE,Diesel,,REST,Standard,,1
2024,04,CELA,,RAC,ICE,Diesel,,REST,Standard,,1
2024,04,CERRAPALMA,,Corporate,ICE,Diesel,,REST,Standard,,1
2024,04,CHALLENGER,,Private,ICE,Diesel,,REST,Standard,,1
2024,04,CHALLENGER,,RAC,ICE,Diesel,,REST,Standard,,1
2024,04,CHAPINSA,,Corporate,ICE,Diesel,,REST,Standard,,2
2024,04,CHAPINSA,,RAC,ICE,Diesel,,REST,Standard,,1
2024,04,CHEVROLET,,Corporate,ICE,Gasolina,,REST,Standard,,3
2024,04,CHT,,Corporate,ICE,Diesel,,REST,Standard,,1
2024,04,CI,,Private,ICE,Diesel,,REST,Standard,,1
2024,04,CI,,RAC,ICE,Diesel,,REST,Standard,,4
2024,04,CISVAN,,Private,ICE,Diesel,,REST,Standard,,2
2024,04,CITROEN,,Private,ICE,Gasolina,,REST,Standard,,1
2024,04,CITROEN,,RAC,ICE,Diesel,,REST,Standard,,2
2024,04,CITROEN,BERLINGO,Corporate,BEV,Electrico,SKL,REST,Standard,TRANSPORTER,59
2024,04,CITROEN,BERLINGO,Corporate,ICE,Electrico,SKL,REST,Standard,TRANSPORTER,651
2024,04,CITROEN,BERLINGO,Private,BEV,Electrico,SKL,REST,Standard,TRANSPORTER,8
2024,04,CITROEN,BERLINGO,Private,ICE,Electrico,SKL,REST,Standard,TRANSPORTER,202
2024,04,CITROEN,BERLINGO,RAC,ICE,Electrico,SKL,REST,Standard,TRANSPORTER,210
2024,04,CITROEN,C3,Corporate,ICE,Gasolina Mild Hybrid,UKL1,REST,Standard,HACH 5P,424
2024,04,CITROEN,C3,Private,ICE,Gasolina Mild Hybrid,UKL1,REST,Standard,HACH 5P,215
2024,04,CITROEN,C3,RAC,ICE,Gasolina Mild Hybrid,UKL1,REST,Standard,HACH 5P,1491
2024,04,CITROEN,C3 AIRCROSS,Corporate,ICE,Gasolina Mild Hybrid,UKL2,REST,Standard,SAV,206
2024,04,CITROEN,C3 AIRCROSS,Private,ICE,Gasolina Mild Hybrid,UKL2,REST,Standard,SAV,117
2024,04,CITROEN,C3 AIRCROSS,RAC,ICE,Gasolina Mild Hybrid,UKL2,REST,Standard,SAV,407
2024,04,CITROEN,C4,Corporate,BEV,Gasolina Mild Hybrid,UKL2,REST,Standard,HACH 5P,24
2024,04,CITROEN,C4,Corporate,ICE,Gasolina Mild Hybrid,UKL2,REST,Standard,HACH 5P,238
2024,04,CITROEN,C4,Private,BEV,Gasolina Mild Hybrid,UKL2,REST,Standard,HACH 5P,63
2024,04,CITROEN,C4,Private,ICE,Gasolina Mild Hybrid,UKL2,REST,Standard,HACH 5P,173
2024,04,CITROEN,C4,RAC,BEV,Gasolina Mild Hybrid,UKL2,REST,Standard,HACH 5P,1
2024,04,CITROEN,C4,RAC,ICE,Gasolina Mild Hybrid,UKL2,REST,Standard,HACH 5P,183
2024,04,CITROEN,C4X,Corporate,BEV,Gasolina Mild Hybrid,UKL2,REST,Standard,SEDAN,2
2024,04,CITROEN,C4X,Corporate,ICE,Gasolina Mild Hybrid,UKL2,REST,Standard,SEDAN,55
2024,04,CITROEN,C4X,Private,BEV,Gasolina Mild Hybrid,UKL2,REST,Standard,SEDAN,11
2024,04,CITROEN,C4X,Private,ICE,Gasolina Mild Hybrid,UKL2,REST,Standard,SEDAN,28
2024,04,CITROEN,C4X,RAC,ICE,Gasolina Mild Hybrid,UKL2,REST,Standard,SEDAN,62
2024,04,CITROEN,C5 AIRCROSS,Corporate,ICE,Gasolina/Electrico Enchufable,UKL2,REST,Standard,SAV,59
2024,04,CITROEN,C5 AIRCROSS,Corporate,PHEV,Gasolina/Electrico Enchufable,UKL2,REST,Standard,SAV,16
2024,04,CITROEN,C5 AIRCROSS,Private,ICE,Gasolina/Electrico Enchufable,UKL2,REST,Standard,SAV,49
2024,04,CITROEN,C5 AIRCROSS,Private,PHEV,Gasolina/Electrico Enchufable,UKL2,REST,Standard,SAV,111
2024,04,CITROEN,C5 AIRCROSS,RAC,ICE,Gasolina/Electrico Enchufable,UKL2,REST,Standard,SAV,131
2024,04,CITROEN,C5X,Corporate,ICE,Gasolina/Electrico Enchufable,MKL,REST,Standard,SEDAN,6
2024,04,CITROEN,C5X,Corporate,PHEV,Gasolina/Electrico Enchufable,MKL,REST,Standard,SEDAN,16
2024,04,CITROEN,C5X,Private,ICE,Gasolina/Electrico Enchufable,MKL,REST,Standard,SEDAN,3
2024,04,CITROEN,C5X,Private,PHEV,Gasolina/Electrico Enchufable,MKL,REST,Standard,SEDAN,17
2024,04,CITROEN,C5X,RAC,PHEV,Gasolina/Electrico Enchufable,MKL,REST,Standard,SEDAN,3
2024,04,CITROEN,JUMPER,Corporate,ICE,Diesel,SKL,REST,Standard,TRANSPORTER,186
2024,04,CITROEN,JUMPER,Private,ICE,Diesel,SKL,REST,Standard,TRANSPORTER,32
2024,04,CITROEN,JUMPER,RAC,ICE,Diesel,SKL,REST,Standard,TRANSPORTER,54
2024,04,CITROEN,JUMPY,Corporate,BEV,Electrico,SKL,REST,Standard,TRANSPORTER,16
2024,04,CITROEN,JUMPY,Corporate,ICE,Electrico,SKL,REST,Standard,TRANSPORTER,166
2024,04,CITROEN,JUMPY,Private,BEV,Electrico,SKL,REST,Standard,TRANSPORTER,1
2024,04,CITROEN,JUMPY,Private,ICE,Electrico,SKL,REST,Standard,TRANSPORTER,20
2024,04,CITROEN,JUMPY,RAC,ICE,Electrico,SKL,REST,Standard,TRANSPORTER,176
2024,04,CITROEN,SPACETOURER,Corporate,ICE,Electrico,SKL,REST,Standard,TRANSPORTER,2
2024,04,CITROEN,SPACETOURER,Private,ICE,Electrico,SKL,REST,Standard,TRANSPORTER,5
2024,04,CITROEN,SPACETOURER,RAC,ICE,Electrico,SKL,REST,Standard,TRANSPORTER,5
2024,04,COCAR,,Corporate,ICE,Diesel,,REST,Standard,,2
2024,04,CODETRANS,,Corporate,ICE,Diesel,,REST,Standard,,5
2024,04,CODETRANS,,Private,ICE,Diesel,,REST,Standard,,4
2024,04,COLD CAR,,Corporate,ICE,Diesel,,REST,Standard,,3
2024,04,COLD CAR,,RAC,ICE,Diesel,,REST,Standard,,3
2024,04,COMPAIR HOLMAN,,Private,ICE,Diesel,,REST,Standard,,1
2024,04,COMPOSITES REFORZADOS,,Corporate,ICE,Diesel,,REST,Standard,,6
2024,04,COMPOSITES REFORZADOS,,RAC,ICE,Diesel,,REST,Standard,,9
2024,04,CONCORDE,,Private,ICE,Diesel,,REST,Standard,,1
2024,04,CONSA,,Corporate,ICE,Diesel,,REST,Standard,,1
2024,04,CONSA,,Private,ICE,Diesel,,REST,Standard,,1
2024,04,COOLGADES,,Corporate,ICE,Diesel,,REST,Standard,,7
2024,04,COOLGADES,,Private,ICE,Diesel,,REST,Standard,,1
2024,04,COOLGADES,,RAC,ICE,Diesel,,REST,Standard,,1
2024,04,COVALCA,,Corporate,ICE,Diesel,,REST,Standard,,4
2024,04,COVALCA,,RAC,ICE,Diesel,,REST,Standard,,1
2024,04,CROSSCAMP,,RAC,ICE,Diesel,,REST,Standard,,2
2024,04,CUPRA,BORN,Corporate,BEV,Electrico,UKL2,REST,Standard,HACH 5P,54
2024,04,CUPRA,BORN,Private,BEV,Electrico,UKL2,REST,Standard,HACH 5P,18
2024,04,CUPRA,CUPRA ATECA,Corporate,ICE,Gasolina,UKL2,REST,Standard,SAT,10
2024,04,CUPRA,CUPRA ATECA,Private,ICE,Gasolina,UKL2,REST,Standard,SAT,5
2024,04,CUPRA,CUPRA ATECA,RAC,ICE,Gasolina,UKL2,REST,Standard,SAT,31
2024,04,CUPRA,CUPRA LEON,Corporate,ICE,Gasolina/Electrico Enchufable,UKL2,REST,Standard,HACH 5P,389
2024,04,CUPRA,CUPRA LEON,Corporate,PHEV,Gasolina/Electrico Enchufable,UKL2,REST,Standard,HACH 5P,64
2024,04,CUPRA,CUPRA LEON,Private,ICE,Gasolina/Electrico Enchufable,UKL2,REST,Standard,HACH 5P,122
2024,04,CUPRA,CUPRA LEON,Private,PHEV,Gasolina/Electrico Enchufable,UKL2,REST,Standard,HACH 5P,22
2024,04,CUPRA,CUPRA LEON,RAC,ICE,Gasolina/Electrico Enchufable,UKL2,REST,Standard,HACH 5P,361
2024,04,CUPRA,FORMENTOR,Corporate,ICE,Gasolina/Electrico Enchufable,UKL2,REST,Standard,SAT,406
2024,04,CUPRA,FORMENTOR,Corporate,PHEV,Gasolina/Electrico Enchufable,UKL2,REST,Standard,SAT,101
2024,04,CUPRA,FORMENTOR,Private,ICE,Gasolina/Electrico Enchufable,UKL2,REST,Standard,SAT,322
2024,04,CUPRA,FORMENTOR,Private,PHEV,Gasolina/Electrico Enchufable,UKL2,REST,Standard,SAT,82
2024,04,CUPRA,FORMENTOR,RAC,ICE,Gasolina/Electrico Enchufable,UKL2,REST,Standard,SAT,686
2024,04,CUPRA,TERRAMAR,Corporate,ICE,Gasolina/Electrico Enchufable,UKL2,REST,Standard,SAT,2
2024,04,CUPRA,TERRAMAR,Corporate,PHEV,Gasolina/Electrico Enchufable,UKL2,REST,Standard,SAT,2
2024,04,DACIA,,Private,ICE,Diesel,,REST,Standard,,1
2024,04,DACIA,DOKKER,Corporate,ICE,Diesel,SKL,REST,Standard,TRANSPORTER,1
2024,04,DACIA,DUSTER,Corporate,ICE,Gasolina/Electrico,SKL,REST,Standard,PICKUP,348
2024,04,DACIA,DUSTER,Private,ICE,Gasolina/Electrico,SKL,REST,Standard,PICKUP,704
2024,04,DACIA,DUSTER,RAC,ICE,Gasolina/Electrico,SKL,REST,Standard,PICKUP,81
2024,04,DACIA,JOGGER,Corporate,ICE,Gasolina/Electrico,UKL2,REST,Standard,MPV,64
2024,04,DACIA,JOGGER,Private,ICE,Gasolina/Electrico,UKL2,REST,Standard,MPV,366
2024,04,DACIA,JOGGER,RAC,ICE,Gasolina/Electrico,UKL2,REST,Standard,MPV,81
2024,04,DACIA,SANDERO,Corporate,ICE,Gasolina,UKL1,REST,Standard,HACH 5P,259
2024,04,DACIA,SANDERO,Private,ICE,Gasolina,UKL1,REST,Standard,HACH 5P,2896
2024,04,DACIA,SANDERO,RAC,ICE,Gasolina,UKL1,REST,Standard,HACH 5P,252
2024,04,DACIA,SPRING,Corporate,BEV,Electrico,UKL0,REST,Standard,SAV,41
2024,04,DACIA,SPRING,Private,BEV,Electrico,UKL0,REST,Standard,SAV,53
2024,04,DACIA,SPRING,RAC,BEV,Electrico,UKL0,REST,Standard,SAV,25
2024,04,DEL VALLE,,Corporate,ICE,Diesel,,REST,Standard,,3
2024,04,DEL VALLE,,Private,ICE,Diesel,,REST,Standard,,1
2024,04,DFSK,,Corporate,BEV,Electrico,,REST,Standard,,9
2024,04,DFSK,,Corporate,ICE,Gas Licuado con petroleo (GLP),,REST,Standard,,1
2024,04,DFSK,,Corporate,ICE,Gasolina,,REST,Standard,,11
2024,04,DFSK,,Private,ICE,Gasolina,,REST,Standard,,1
2024,04,DFSK,,RAC,BEV,Electrico,,REST,Standard,,1
2024,04,DFSK,580,Private,ICE,Gasolina,UKL2,REST,Standard,SUV,2
2024,04,DFSK,580,RAC,ICE,Gasolina,UKL2,REST,Standard,SUV,11
2024,04,DFSK,FENGON,Corporate,ICE,Gasolina,,,Standard,,1
2024,04,DFSK,FENGON,Private,ICE,Gasolina,,,Standard,,5
2024,04,DFSK,FENGON,RAC,ICE,Gasolina,,,Standard,,1
2024,04,DFSK,IX5,Private,ICE,Gasolina,KKL,REST,Standard,SAV,1
2024,04,DFSK,IX5,RAC,ICE,Gasolina,KKL,REST,Standard,SAV,1
2024,04,DFSK,SERES 3,Corporate,BEV,Electrico,UKL2,REST,Standard,SAV,1
2024,04,DIGAL,,Corporate,ICE,Diesel,,REST,Standard,,7
2024,04,DIVISEGUR CATALUNYA,,Corporate,ICE,Diesel,,REST,Standard,,12
2024,04,DODGE,,Corporate,ICE,Gasolina,,REST,Standard,,1
2024,04,DONOSO,,Corporate,ICE,Diesel,,REST,Standard,,5
2024,04,DONOSO,,RAC,ICE,Diesel,,REST,Standard,,1
2024,04,DR,DR4,Private,ICE,Gas Licuado con petroleo (GLP),UKL1,REST,Standard,SAV,1
2024,04,DR,EVO,Corporate,ICE,Gas Licuado con petroleo (GLP),,,Standard,,2
2024,04,DR,EVO,Corporate,ICE,Gasolina,,,Standard,,2
2024,04,DR,EVO,Private,ICE,Gas Licuado con petroleo (GLP),,,Standard,,3
2024,04,DR,EVO,Private,ICE,Gasolina,,,Standard,,2
2024,04,DR,EVO4,Corporate,ICE,Gas Licuado con petroleo (GLP),,,Standard,,1
2024,04,DR,EVO4,Private,ICE,Gas Licuado con petroleo (GLP),,,Standard,,2
2024,04,DR,EVO4,Private,ICE,Gasolina,,,Standard,,4
2024,04,DR,EVO7,Corporate,ICE,Gasolina,,,Standard,,1
2024,04,DR,EVO7,Private,ICE,Gasolina,,,Standard,,4
2024,04,DREAMER,,Private,ICE,Diesel,,REST,Standard,,2
2024,04,DREAMER,,RAC,ICE,Diesel,,REST,Standard,,1
2024,04,EGA,,Corporate,ICE,Diesel,,REST,Standard,,3
2024,04,EGA,,RAC,ICE,Diesel,,REST,Standard,,1
2024,04,ELNAGH,,Private,ICE,Diesel,,REST,Standard,,5
2024,04,ELNAGH,,RAC,ICE,Diesel,,REST,Standard,,4
2024,04,EQUIPFRED,,Corporate,ICE,Diesel,,REST,Standard,,6
2024,04,EQUIPFRED,,Private,ICE,Diesel,,REST,Standard,,2
2024,04,EQUIPFRED,,RAC,ICE,Diesel,,REST,Standard,,2
2024,04,ERJOMA,,Corporate,ICE,Diesel,,REST,Standard,,1
2024,04,ERKE,,Corporate,ICE,Diesel,,REST,Standard,,19
2024,04,ESCALANTE,,Corporate,ICE,Diesel,,REST,Standard,,1
2024,04,ESMI,,Corporate,ICE,Diesel,,REST,Standard,,1
2024,04,ETRUSCO,,Private,ICE,Diesel,,REST,Standard,,3
2024,04,ETRUSCO,,RAC,ICE,Diesel,,REST,Standard,,2
2024,04,EURA MOBIL,,Private,ICE,Diesel,,REST,Standard,,1
2024,04,EUROCARROCERA,,Corporate,ICE,Diesel,,REST,Standard,,5
2024,04,EUROGAZA,,Private,ICE,Diesel,,REST,Standard,,32
2024,04,EUROMOBILITY,,Corporate,ICE,Diesel,,REST,Standard,,1
2024,04,EVO,CROSS 4,Private,ICE,Diesel,SKL,REST,Standard,PICKUP,2
2024,04,FEGAMAR,,Corporate,ICE,Diesel,,REST,Standard,,1
2024,04,FENIKS,,Corporate,BEV,Electrico,,REST,Standard,,2
2024,04,FENIKS,,Corporate,ICE,Diesel,,REST,Standard,,6
2024,04,FERRARI,296,Private,PHEV,Gasolina/Electrico Enchufable,GKL+,FOCUS SEGMENT,Standard,COUPE,4
2024,04,FERRARI,812,Private,ICE,Gasolina,GKL+,FOCUS SEGMENT,Standard,COUPE,1
2024,04,FERRARI,ROMA,Corporate,ICE,Gasolina,GKL+,FOCUS SEGMENT,Standard,COUPE,1
2024,04,FERRARI,SF90,Corporate,PHEV,Gasolina/Electrico Enchufable,GKL+,FOCUS SEGMENT,Standard,COUPE,1
2024,04,FIAT,,Corporate,ICE,Gasolina,,REST,Standard,,3
2024,04,FIAT,,Private,ICE,Diesel,,REST,Standard,,6
2024,04,FIAT,,Private,ICE,Gasolina,,REST,Standard,,6
2024,04,FIAT,,RAC,ICE,Diesel,,REST,Standard,,8
2024,04,FIAT,500,Corporate,BEV,Gasolina Mild Hybrid,UKL0,REST,Standard,HACH 3P,31
2024,04,FIAT,500,Corporate,ICE,Gasolina Mild Hybrid,UKL0,REST,Standard,HACH 3P,41
2024,04,FIAT,500,Private,BEV,Gasolina Mild Hybrid,UKL0,REST,Standard,HACH 3P,13
2024,04,FIAT,500,Private,ICE,Gasolina Mild Hybrid,UKL0,REST,Standard,HACH 3P,80
2024,04,FIAT,500,RAC,ICE,Gasolina Mild Hybrid,UKL0,REST,Standard,HACH 3P,656
2024,04,FIAT,500X,Corporate,ICE,Gasolina,,,Standard,,8
2024,04,FIAT,500X,Private,ICE,Gasolina,,,Standard,,23
2024,04,FIAT,600,Corporate,BEV,Gasolina Mild Hybrid,UKL1,REST,Standard,SAV,1
2024,04,FIAT,600,Private,BEV,Gasolina Mild Hybrid,UKL1,REST,Standard,SAV,3
2024,04,FIAT,600,RAC,BEV,Gasolina Mild Hybrid,UKL1,REST,Standard,SAV,3
2024,04,FIAT,BARON,RAC,ICE,Diesel,,,Standard,,1
2024,04,FIAT,DOBLO CARGO,Corporate,BEV,Electrico,SKL,REST,Standard,TRANSPORTER,7
2024,04,FIAT,DOBLO CARGO,Corporate,ICE,Electrico,SKL,REST,Standard,TRANSPORTER,127
2024,04,FIAT,DOBLO CARGO,Private,ICE,Electrico,SKL,REST,Standard,TRANSPORTER,6
2024,04,FIAT,DOBLO CARGO,RAC,ICE,Electrico,SKL,REST,Standard,TRANSPORTER,98
2024,04,FIAT,DUCATO,Corporate,ICE,Diesel,SKL,REST,Standard,TRANSPORTER,221
2024,04,FIAT,DUCATO,Private,ICE,Diesel,SKL,REST,Standard,TRANSPORTER,82
2024,04,FIAT,DUCATO,RAC,ICE,Diesel,SKL,REST,Standard,TRANSPORTER,124
2024,04,FIAT,FIORINO,Corporate,ICE,Diesel,SKL,REST,Standard,TRANSPORTER,100
2024,04,FIAT,FIORINO,Private,ICE,Diesel,SKL,REST,Standard,TRANSPORTER,3
2024,04,FIAT,FIORINO,RAC,ICE,Diesel,SKL,REST,Standard,TRANSPORTER,2
2024,04,FIAT,PANDA,Corporate,ICE,Gasolina Mild Hybrid,UKL0,REST,Standard,HACH 5P,317
2024,04,FIAT,PANDA,Private,ICE,Gasolina Mild Hybrid,UKL0,REST,Standard,HACH 5P,79
2024,04,FIAT,PANDA,RAC,ICE,Gasolina Mild Hybrid,UKL0,REST,Standard,HACH 5P,12
2024,04,FIAT,SCUDO,Corporate,BEV,Electrico,SKL,REST,Standard,TRANSPORTER,1
2024,04,FIAT,SCUDO,Corporate,ICE,Electrico,SKL,REST,Standard,TRANSPORTER,48
2024,04,FIAT,SCUDO,Private,ICE,Electrico,SKL,REST,Standard,TRANSPORTER,3
2024,04,FIAT,SCUDO,RAC,ICE,Electrico,SKL,REST,Standard,TRANSPORTER,7
2024,04,FIAT,TIPO,Corporate,ICE,Diesel,UKL2,REST,Standard,HACH 5P,8
2024,04,FIAT,TIPO,Private,ICE,Diesel,UKL2,REST,Standard,HACH 5P,9
2024,04,FIREMAR,,Corporate,ICE,Diesel,,REST,Standard,,2
2024,04,FLEURETTE,,Private,ICE,Diesel,,REST,Standard,,1
2024,04,FOIMA,,Corporate,ICE,Diesel,,REST,Standard,,2
2024,04,FORD,,Corporate,ICE,Diesel,,REST,Standard,,2
2024,04,FORD,,Corporate,ICE,Gasolina,,REST,Standard,,4
2024,04,FORD,,Private,ICE,Diesel,,REST,Standard,,3
2024,04,FORD,,RAC,ICE,Diesel,,REST,Standard,,3
2024,04,FORD,BRONCO,Corporate,ICE,Gasolina,MKL,REST,Standard,SUV,4
2024,04,FORD,BRONCO,Private,ICE,Gasolina,MKL,REST,Standard,SUV,2
2024,04,FORD,BRONCO,RAC,ICE,Gasolina,MKL,REST,Standard,SUV,2
2024,04,FORD,EXPLORER,Corporate,ICE,Gasolina/Electrico Enchufable,SKL,REST,Standard,PICKUP,1
2024,04,FORD,EXPLORER,Corporate,PHEV,Gasolina/Electrico Enchufable,SKL,REST,Standard,PICKUP,8
2024,04,FORD,FIESTA,Corporate,ICE,Gasolina Mild Hybrid,UKL1,REST,Standard,HACH 5P,2
2024,04,FORD,FIESTA,Private,ICE,Gasolina Mild Hybrid,UKL1,REST,Standard,HACH 5P,2
2024,04,FORD,FOCUS,Corporate,ICE,Gasolina Mild Hybrid,UKL2,REST,Standard,HACH 5P,106
2024,04,FORD,FOCUS,Private,ICE,Gasolina Mild Hybrid,UKL2,REST,Standard,HACH 5P,173
2024,04,FORD,FOCUS,RAC,ICE,Gasolina Mild Hybrid,UKL2,REST,Standard,HACH 5P,2
2024,04,FORD,KUGA,Corporate,ICE,Gasolina/Electrico Enchufable,UKL2,REST,Standard,SAV,232
2024,04,FORD,KUGA,Corporate,PHEV,Gasolina/Electrico Enchufable,UKL2,REST,Standard,SAV,60
2024,04,FORD,KUGA,Private,ICE,Gasolina/Electrico Enchufable,UKL2,REST,Standard,SAV,255
2024,04,FORD,KUGA,Private,PHEV,Gasolina/Electrico Enchufable,UKL2,REST,Standard,SAV,284
2024,04,FORD,KUGA,RAC,ICE,Gasolina/Electrico Enchufable,UKL2,REST,Standard,SAV,7
2024,04,FORD,MUSTANG,Corporate,ICE,Gasolina,MKL,REST,Standard,CABRIO,2
2024,04,FORD,MUSTANG,Private,ICE,Gasolina,MKL,REST,Standard,CABRIO,5
2024,04,FORD,MUSTANG MACH-E,Corporate,BEV,Electrico,KKL,REST,Standard,SAV,29
2024,04,FORD,MUSTANG MACH-E,Private,BEV,Electrico,KKL,REST,Standard,SAV,44
2024,04,FORD,MUSTANG MACH-E,RAC,BEV,Electrico,KKL,REST,Standard,SAV,4
2024,04,FORD,PUMA,Corporate,ICE,Gasolina Mild Hybrid,UKL1,REST,Standard,SAV,221
2024,04,FORD,PUMA,Private,ICE,Gasolina Mild Hybrid,UKL1,REST,Standard,SAV,372
2024,04,FORD,PUMA,RAC,ICE,Gasolina Mild Hybrid,UKL1,REST,Standard,SAV,436
2024,04,FORD,RANGER,Corporate,ICE,Gasolina/Electrico Enchufable,SKL,REST,Standard,PICKUP,239
2024,04,FORD,RANGER,Private,ICE,Gasolina/Electrico Enchufable,SKL,REST,Standard,PICKUP,23
2024,04,FORD,RANGER,RAC,ICE,Gasolina/Electrico Enchufable,SKL,REST,Standard,PICKUP,2
2024,04,FORD,TOURNEO,Corporate,ICE,Gasolina/Electrico Enchufable,SKL,REST,Standard,TRANSPORTER,179
2024,04,FORD,TOURNEO,Private,ICE,Gasolina/Electrico Enchufable,SKL,REST,Standard,TRANSPORTER,148
2024,04,FORD,TOURNEO,RAC,ICE,Gasolina/Electrico Enchufable,SKL,REST,Standard,TRANSPORTER,15
2024,04,FORD,TRANSIT,Corporate,BEV,Electrico,SKL,REST,Standard,TRANSPORTER,10
2024,04,FORD,TRANSIT,Corporate,ICE,Electrico,SKL,REST,Standard,TRANSPORTER,280
2024,04,FORD,TRANSIT,Private,BEV,Electrico,SKL,REST,Standard,TRANSPORTER,14
2024,04,FORD,TRANSIT,Private,ICE,Electrico,SKL,REST,Standard,TRANSPORTER,77
2024,04,FORD,TRANSIT,RAC,BEV,Electrico,SKL,REST,Standard,TRANSPORTER,1
2024,04,FORD,TRANSIT,RAC,ICE,Electrico,SKL,REST,Standard,TRANSPORTER,58
2024,04,FORD,TRANSIT CONNECT,Corporate,ICE,Gasolina/Electrico Enchufable,SKL,REST,Standard,TRANSPORTER,77
2024,04,FORD,TRANSIT CONNECT,Private,ICE,Gasolina/Electrico Enchufable,SKL,REST,Standard,TRANSPORTER,4
2024,04,FORD,TRANSIT CONNECT,RAC,ICE,Gasolina/Electrico Enchufable,SKL,REST,Standard,TRANSPORTER,1
2024,04,FORD,TRANSIT COURIER,Corporate,ICE,Gasolina,SKL,REST,Standard,TRANSPORTER,199
2024,04,FORD,TRANSIT COURIER,Private,ICE,Gasolina,SKL,REST,Standard,TRANSPORTER,6
2024,04,FORD,TRANSIT COURIER,RAC,ICE,Gasolina,SKL,REST,Standard,TRANSPORTER,5
2024,04,FORD,TRANSIT CUSTOM,Corporate,ICE,Gasolina/Electrico Enchufable,SKL,REST,Standard,TRANSPORTER,202
2024,04,FORD,TRANSIT CUSTOM,Private,ICE,Gasolina/Electrico Enchufable,SKL,REST,Standard,TRANSPORTER,14
2024,04,FORD,TRANSIT CUSTOM,RAC,ICE,Gasolina/Electrico Enchufable,SKL,REST,Standard,TRANSPORTER,67
2024,04,FRANCAL,,Private,ICE,Diesel,,REST,Standard,,1
2024,04,FRISACUL,,RAC,ICE,Diesel,,REST,Standard,,4
2024,04,FURCAR,,Corporate,ICE,Diesel,,REST,Standard,,5
2024,04,FURCAR,,RAC,ICE,Diesel,,REST,Standard,,2
2024,04,FURGOKARAVANING,,Private,ICE,Diesel,,REST,Standard,,1
2024,04,GALO HEREDIA,,Corporate,ICE,Diesel,,REST,Standard,,1
2024,04,GARIA,,Corporate,BEV,Electrico,,REST,Standard,,1
2024,04,GIOTTLINE,,Private,ICE,Diesel,,REST,Standard,,2
2024,04,GOMEZ,,Corporate,ICE,Diesel,,REST,Standard,,7
2024,04,GORBEA,,Corporate,ICE,Diesel,,REST,Standard,,1
2024,04,GOUPIL,,Corporate,BEV,Electrico,,REST,Standard,,8
2024,04,GRAU,,Corporate,BEV,Electrico,,REST,Standard,,9
2024,04,GRUAUTO,,Corporate,ICE,Diesel,,REST,Standard,,2
2024,04,GRUAUTO,,RAC,ICE,Diesel,,REST,Standard,,1
2024,04,GRUIVOL,,Corporate,ICE,Diesel,,REST,Standard,,2
2024,04,GSE,,Corporate,ICE,Diesel,,REST,Standard,,1
2024,04,HERCOV,,Corporate,ICE,Diesel,,REST,Standard,,1
2024,04,HERMONT,,Corporate,ICE,Diesel,,REST,Standard,,11
2024,04,HONDA,,Corporate,ICE,Gasolina,,REST,Standard,,1
2024,04,HONDA,CIVIC,Corporate,ICE,Gasolina/Electrico,UKL2,REST,Standard,HACH 5P,54
2024,04,HONDA,CIVIC,Private,ICE,Gasolina/Electrico,UKL2,REST,Standard,HACH 5P,62
2024,04,HONDA,CR-V,Corporate,ICE,Gasolina/Electrico Enchufable,KKL,REST,Standard,SAV,46
2024,04,HONDA,CR-V,Corporate,PHEV,Gasolina/Electrico Enchufable,KKL,REST,Standard,SAV,3
2024,04,HONDA,CR-V,Private,ICE,Gasolina/Electrico Enchufable,KKL,REST,Standard,SAV,10
2024,04,HONDA,E:NY1,Corporate,BEV,Electrico,UKL1,REST,Standard,SAV,1
2024,04,HONDA,E:NY1,Private,BEV,Electrico,UKL1,REST,Standard,SAV,1
2024,04,HONDA,HR-V,Corporate,ICE,Gasolina/Electrico,UKL1,REST,Standard,SAV,35
2024,04,HONDA,HR-V,Private,ICE,Gasolina/Electrico,UKL1,REST,Standard,SAV,70
2024,04,HONDA,JAZZ,Corporate,ICE,Gasolina/Electrico,UKL1,REST,Standard,HACH 5P,46
2024,04,HONDA,JAZZ,Private,ICE,Gasolina/Electrico,UKL1,REST,Standard,HACH 5P,17
2024,04,HONDA,ZR-V,Corporate,ICE,Gasolina/Electrico,UKL2,REST,Standard,SAV,17
2024,04,HONDA,ZR-V,Private,ICE,Gasolina/Electrico,UKL2,REST,Standard,SAV,23
2024,04,HYUNDAI,,Corporate,ICE,Gasolina,,REST,Standard,,2
2024,04,HYUNDAI,BAYON,Corporate,ICE,Gasolina Mild Hybrid,UKL1,REST,Standard,SAV,48
2024,04,HYUNDAI,BAYON,Private,ICE,Gasolina Mild Hybrid,UKL1,REST,Standard,SAV,197
2024,04,HYUNDAI,BAYON,RAC,ICE,Gasolina Mild Hybrid,UKL1,REST,Standard,SAV,51
2024,04,HYUNDAI,I10,Corporate,ICE,Gasolina,UKL0,REST,Standard,HACH 5P,45
2024,04,HYUNDAI,I10,Private,ICE,Gasolina,UKL0,REST,Standard,HACH 5P,179
2024,04,HYUNDAI,I10,RAC,ICE,Gasolina,UKL0,REST,Standard,HACH 5P,83
2024,04,HYUNDAI,I20,Corporate,ICE,Gasolina Mild Hybrid,UKL1,REST,Standard,HACH 5P,151
2024,04,HYUNDAI,I20,Private,ICE,Gasolina Mild Hybrid,UKL1,REST,Standard,HACH 5P,522
2024,04,HYUNDAI,I20,RAC,ICE,Gasolina Mild Hybrid,UKL1,REST,Standard,HACH 5P,613
2024,04,HYUNDAI,I30,Corporate,ICE,Gasolina Mild Hybrid,UKL2,REST,Standard,HACH 5P,87
2024,04,HYUNDAI,I30,Private,ICE,Gasolina Mild Hybrid,UKL2,REST,Standard,HACH 5P,327
2024,04,HYUNDAI,I30,RAC,ICE,Gasolina Mild Hybrid,UKL2,REST,Standard,HACH 5P,199
2024,04,HYUNDAI,IONIQ 5,Corporate,BEV,Electrico,UKL2,REST,Standard,SAV,6
2024,04,HYUNDAI,IONIQ 5,Private,BEV,Electrico,UKL2,REST,Standard,SAV,17
2024,04,HYUNDAI,IONIQ 6,Corporate,BEV,Electrico,KKL,REST,Standard,SEDAN,1
2024,04,HYUNDAI,IONIQ 6,Private,BEV,Electrico,KKL,REST,Standard,SEDAN,2
2024,04,HYUNDAI,KONA,Corporate,BEV,Gasolina/Electrico,UKL1,REST,Standard,SAV,34
2024,04,HYUNDAI,KONA,Corporate,ICE,Gasolina/Electrico,UKL1,REST,Standard,SAV,253
2024,04,HYUNDAI,KONA,Private,BEV,Gasolina/Electrico,UKL1,REST,Standard,SAV,37
2024,04,HYUNDAI,KONA,Private,ICE,Gasolina/Electrico,UKL1,REST,Standard,SAV,861
2024,04,HYUNDAI,KONA,RAC,ICE,Gasolina/Electrico,UKL1,REST,Standard,SAV,159
2024,04,HYUNDAI,SANTA FE,Corporate,ICE,Gasolina/Electrico Enchufable,MKL,REST,Standard,SAV,10
2024,04,HYUNDAI,SANTA FE,Corporate,PHEV,Gasolina/Electrico Enchufable,MKL,REST,Standard,SAV,4
2024,04,HYUNDAI,SANTA FE,Private,ICE,Gasolina/Electrico Enchufable,MKL,REST,Standard,SAV,15
2024,04,HYUNDAI,SANTA FE,Private,PHEV,Gasolina/Electrico Enchufable,MKL,REST,Standard,SAV,9
2024,04,HYUNDAI,STARIA,Corporate,ICE,Gasolina/Electrico,MKL,REST,Standard,MPV,8
2024,04,HYUNDAI,STARIA,Private,ICE,Gasolina/Electrico,MKL,REST,Standard,MPV,3
2024,04,HYUNDAI,TUCSON,Corporate,ICE,Gasolina/Electrico Enchufable,UKL2,REST,Standard,SAV,343
2024,04,HYUNDAI,TUCSON,Corporate,PHEV,Gasolina/Electrico Enchufable,UKL2,REST,Standard,SAV,49
2024,04,HYUNDAI,TUCSON,Private,ICE,Gasolina/Electrico Enchufable,UKL2,REST,Standard,SAV,905
2024,04,HYUNDAI,TUCSON,Private,PHEV,Gasolina/Electrico Enchufable,UKL2,REST,Standard,SAV,86
2024,04,HYUNDAI,TUCSON,RAC,ICE,Gasolina/Electrico Enchufable,UKL2,REST,Standard,SAV,539
2024,04,ILUSION,,Private,ICE,Diesel,,REST,Standard,,4
2024,04,INEOS,GRENADIER,Corporate,ICE,Gasolina,MKL,REST,Standard,PICKUP,5
2024,04,INEOS,GRENADIER,Private,ICE,Gasolina,MKL,REST,Standard,PICKUP,1
2024,04,ISUZU,,Corporate,ICE,Diesel,,REST,Standard,,46
2024,04,ISUZU,,Private,ICE,Diesel,,REST,Standard,,3
2024,04,ISUZU,,RAC,ICE,Diesel,,REST,Standard,,9
2024,04,ISUZU,D-MAX,Corporate,ICE,Electrico,SKL,REST,Standard,PICKUP,12
2024,04,ISUZU,D-MAX,Private,ICE,Electrico,SKL,REST,Standard,PICKUP,6
2024,04,ISUZU,D-MAX,RAC,ICE,Electrico,SKL,REST,Standard,PICKUP,1
2024,04,ITINEO,,Private,ICE,Diesel,,REST,Standard,,6
2024,04,ITINEO,,RAC,ICE,Diesel,,REST,Standard,,1
2024,04,IVECO,,RAC,ICE,Diesel,,REST,Standard,,1
2024,04,IVECO,DAILY,Corporate,ICE,Gas natural comprimido (GNC),SKL,REST,Standard,TRANSPORTER,275
2024,04,IVECO,DAILY,Private,ICE,Gas natural comprimido (GNC),SKL,REST,Standard,TRANSPORTER,27
2024,04,IVECO,DAILY,RAC,BEV,Gas natural comprimido (GNC),SKL,REST,Standard,TRANSPORTER,1
2024,04,IVECO,DAILY,RAC,ICE,Gas natural comprimido (GNC),SKL,REST,Standard,TRANSPORTER,194
2024,04,JAGUAR,,Private,ICE,Gasolina,,REST,Standard,,1
2024,04,JAGUAR,E-PACE,Corporate,ICE,Diesel,UKL2,FOCUS SEGMENT,Standard,SAV,2
2024,04,JAGUAR,E-PACE,Corporate,PHEV,Diesel,UKL2,FOCUS SEGMENT,Standard,SAV,4
2024,04,JAGUAR,E-PACE,Private,ICE,Diesel,UKL2,FOCUS SEGMENT,Standard,SAV,2
2024,04,JAGUAR,E-PACE,Private,PHEV,Diesel,UKL2,FOCUS SEGMENT,Standard,SAV,1
2024,04,JAGUAR,E-PACE,RAC,ICE,Diesel,UKL2,FOCUS SEGMENT,Standard,SAV,1
2024,04,JAGUAR,F-PACE,Corporate,ICE,Diesel Mild Hybrid,KKL,FOCUS SEGMENT,Standard,SAV,14
2024,04,JAGUAR,F-PACE,Corporate,PHEV,Diesel Mild Hybrid,KKL,FOCUS SEGMENT,Standard,SAV,9
2024,04,JAGUAR,F-PACE,Private,ICE,Diesel Mild Hybrid,KKL,FOCUS SEGMENT,Standard,SAV,4
2024,04,JAGUAR,F-PACE,Private,PHEV,Diesel Mild Hybrid,KKL,FOCUS SEGMENT,Standard,SAV,1
2024,04,JAGUAR,F-PACE,RAC,ICE,Diesel Mild Hybrid,KKL,FOCUS SEGMENT,Standard,SAV,6
2024,04,JAGUAR,F-PACE,RAC,PHEV,Diesel Mild Hybrid,KKL,FOCUS SEGMENT,Standard,SAV,1
2024,04,JAGUAR,F-TYPE,Corporate,ICE,Gasolina,MKL,FOCUS SEGMENT,Standard,COUPE,1
2024,04,JAGUAR,F-TYPE,Private,ICE,Gasolina,MKL,FOCUS SEGMENT,Standard,COUPE,1
2024,04,JAGUAR,I-PACE,Corporate,BEV,Electrico,KKL,FOCUS SEGMENT,Standard,SAV,3
2024,04,JEANJE,,RAC,ICE,Diesel,,REST,Standard,,1
2024,04,JEEP,AVENGER,Corporate,BEV,Gasolina Mild Hybrid,UKL1,REST,Standard,SAV,19
2024,04,JEEP,AVENGER,Corporate,ICE,Gasolina Mild Hybrid,UKL1,REST,Standard,SAV,143
2024,04,JEEP,AVENGER,Private,BEV,Gasolina Mild Hybrid,UKL1,REST,Standard,SAV,10
2024,04,JEEP,AVENGER,Private,ICE,Gasolina Mild Hybrid,UKL1,REST,Standard,SAV,85
2024,04,JEEP,AVENGER,RAC,BEV,Gasolina Mild Hybrid,UKL1,REST,Standard,SAV,10
2024,04,JEEP,AVENGER,RAC,ICE,Gasolina Mild Hybrid,UKL1,REST,Standard,SAV,164
2024,04,JEEP,COMPASS,Corporate,ICE,Gasolina/Electrico Enchufable,UKL2,REST,Standard,SAV,20
2024,04,JEEP,COMPASS,Corporate,PHEV,Gasolina/Electrico Enchufable,UKL2,REST,Standard,SAV,67
2024,04,JEEP,COMPASS,Private,ICE,Gasolina/Electrico Enchufable,UKL2,REST,Standard,SAV,28
2024,04,JEEP,COMPASS,Private,PHEV,Gasolina/Electrico Enchufable,UKL2,REST,Standard,SAV,11
2024,04,JEEP,COMPASS,RAC,ICE,Gasolina/Electrico Enchufable,UKL2,REST,Standard,SAV,155
2024,04,JEEP,COMPASS,RAC,PHEV,Gasolina/Electrico Enchufable,UKL2,REST,Standard,SAV,17
2024,04,JEEP,GLADIATOR,Corporate,ICE,Diesel,SKL,REST,Standard,PICKUP,1
2024,04,JEEP,GRAND CHEROKEE,Corporate,PHEV,Gasolina/Electrico Enchufable,MKL,REST,Standard,SUV,4
2024,04,JEEP,GRAND CHEROKEE,Private,PHEV,Gasolina/Electrico Enchufable,MKL,REST,Standard,SUV,3
2024,04,JEEP,RENEGADE,Corporate,ICE,Gasolina/Electrico Enchufable,UKL1,REST,Standard,SAV,32
2024,04,JEEP,RENEGADE,Corporate,PHEV,Gasolina/Electrico Enchufable,UKL1,REST,Standard,SAV,7
2024,04,JEEP,RENEGADE,Private,ICE,Gasolina/Electrico Enchufable,UKL1,REST,Standard,SAV,32
2024,04,JEEP,RENEGADE,Private,PHEV,Gasolina/Electrico Enchufable,UKL1,REST,Standard,SAV,5
2024,04,JEEP,RENEGADE,RAC,ICE,Gasolina/Electrico Enchufable,UKL1,REST,Standard,SAV,75
2024,04,JEEP,RENEGADE,RAC,PHEV,Gasolina/Electrico Enchufable,UKL1,REST,Standard,SAV,35
2024,04,JEEP,WRANGLER,Corporate,ICE,Gasolina/Electrico Enchufable,UKL2,REST,Standard,SUV,17
2024,04,JEEP,WRANGLER,Corporate,PHEV,Gasolina/Electrico Enchufable,UKL2,REST,Standard,SUV,1
2024,04,JEEP,WRANGLER,Private,PHEV,Gasolina/Electrico Enchufable,UKL2,REST,Standard,SUV,1
2024,04,JEEP,WRANGLER,RAC,ICE,Gasolina/Electrico Enchufable,UKL2,REST,Standard,SUV,28
2024,04,JIMECA,,Corporate,ICE,Diesel,,REST,Standard,,2
2024,04,JOA CAMP,,Private,ICE,Diesel,,REST,Standard,,2
2024,04,JOSE REYES CARROCERO,,Corporate,ICE,Diesel,,REST,Standard,,1
2024,04,JOSE RGUEZ M E HIJOS,,Private,ICE,Diesel,,REST,Standard,,1
2024,04,JUAN SUAREZ,,Corporate,ICE,Diesel,,REST,Standard,,8
2024,04,KIA,,Corporate,ICE,Gasolina,,REST,Standard,,1
2024,04,KIA,,Private,ICE,Gasolina,,REST,Standard,,6
2024,04,KIA,CEED,Corporate,ICE,Gasolina Mild Hybrid,UKL2,REST,Standard,HACH 5P,132
2024,04,KIA,CEED,Corporate,PHEV,Gasolina Mild Hybrid,UKL2,REST,Standard,HACH 5P,9
2024,04,KIA,CEED,Private,ICE,Gasolina Mild Hybrid,UKL2,REST,Standard,HACH 5P,198
2024,04,KIA,CEED,Private,PHEV,Gasolina Mild Hybrid,UKL2,REST,Standard,HACH 5P,5
2024,04,KIA,CEED,RAC,ICE,Gasolina Mild Hybrid,UKL2,REST,Standard,HACH 5P,306
2024,04,KIA,EV6,Corporate,BEV,Electrico,KKL,REST,Standard,SAV,30
2024,04,KIA,EV6,Private,BEV,Electrico,KKL,REST,Standard,SAV,44
2024,04,KIA,EV9,Corporate,BEV,Electrico,MKL,REST,Standard,MPV,13
2024,04,KIA,EV9,Private,BEV,Electrico,MKL,REST,Standard,MPV,6
2024,04,KIA,NIRO,Corporate,BEV,Gasolina/Electrico Enchufable,UKL2,REST,Standard,SAV,31
2024,04,KIA,NIRO,Corporate,ICE,Gasolina/Electrico Enchufable,UKL2,REST,Standard,SAV,152
2024,04,KIA,NIRO,Corporate,PHEV,Gasolina/Electrico Enchufable,UKL2,REST,Standard,SAV,29
2024,04,KIA,NIRO,Private,BEV,Gasolina/Electrico Enchufable,UKL2,REST,Standard,SAV,44
2024,04,KIA,NIRO,Private,ICE,Gasolina/Electrico Enchufable,UKL2,REST,Standard,SAV,391
2024,04,KIA,NIRO,Private,PHEV,Gasolina/Electrico Enchufable,UKL2,REST,Standard,SAV,25
2024,04,KIA,PICANTO,Corporate,ICE,Gasolina,UKL0,REST,Standard,HACH 5P,52
2024,04,KIA,PICANTO,Private,ICE,Gasolina,UKL0,REST,Standard,HACH 5P,115
2024,04,KIA,PICANTO,RAC,ICE,Gasolina,UKL0,REST,Standard,HACH 5P,250
2024,04,KIA,PROCEED,Private,ICE,Gasolina,,,Standard,,4
2024,04,KIA,RIO,Private,ICE,Gasolina,UKL1,REST,Standard,HACH 5P,1
2024,04,KIA,SORENTO,Corporate,ICE,Gasolina/Electrico Enchufable,KKL,REST,Standard,SAV,28
2024,04,KIA,SORENTO,Corporate,PHEV,Gasolina/Electrico Enchufable,KKL,REST,Standard,SAV,14
2024,04,KIA,SORENTO,Private,ICE,Gasolina/Electrico Enchufable,KKL,REST,Standard,SAV,54
2024,04,KIA,SORENTO,Private,PHEV,Gasolina/Electrico Enchufable,KKL,REST,Standard,SAV,23
2024,04,KIA,SOUL,Corporate,ICE,Electrico,UKL1,REST,Standard,SAT,1
2024,04,KIA,SPORTAGE,Corporate,ICE,Gasolina/Electrico Enchufable,UKL2,REST,Standard,SAV,244
2024,04,KIA,SPORTAGE,Corporate,PHEV,Gasolina/Electrico Enchufable,UKL2,REST,Standard,SAV,29
2024,04,KIA,SPORTAGE,Private,ICE,Gasolina/Electrico Enchufable,UKL2,REST,Standard,SAV,822
2024,04,KIA,SPORTAGE,Private,PHEV,Gasolina/Electrico Enchufable,UKL2,REST,Standard,SAV,82
2024,04,KIA,SPORTAGE,RAC,ICE,Gasolina/Electrico Enchufable,UKL2,REST,Standard,SAV,365
2024,04,KIA,STONIC,Corporate,ICE,Gasolina Mild Hybrid,UKL1,REST,Standard,SAV,73
2024,04,KIA,STONIC,Private,ICE,Gasolina Mild Hybrid,UKL1,REST,Standard,SAV,469
2024,04,KIA,STONIC,RAC,ICE,Gasolina Mild Hybrid,UKL1,REST,Standard,SAV,160
2024,04,KIA,XCEED,Corporate,ICE,Gasolina Mild Hybrid,UKL2,REST,Standard,HACH 5P,59
2024,04,KIA,XCEED,Corporate,PHEV,Gasolina Mild Hybrid,UKL2,REST,Standard,HACH 5P,22
2024,04,KIA,XCEED,Private,ICE,Gasolina Mild Hybrid,UKL2,REST,Standard,HACH 5P,339
2024,04,KIA,XCEED,Private,PHEV,Gasolina Mild Hybrid,UKL2,REST,Standard,HACH 5P,21
2024,04,KIA,XCEED,RAC,ICE,Gasolina Mild Hybrid,UKL2,REST,Standard,HACH 5P,121
2024,04,KNAUS,,Private,ICE,Diesel,,REST,Standard,,6
2024,04,KNAUS,,RAC,ICE,Diesel,,REST,Standard,,1
2024,04,LAIKA,,RAC,ICE,Diesel,,REST,Standard,,2
2024,04,LAIKA CARAVANS SPA,,Private,ICE,Diesel,,REST,Standard,,1
2024,04,LAIKA CARAVANS SPA,,RAC,ICE,Diesel,,REST,Standard,,1
2024,04,LAMBORGHINI,HURACAN,RAC,ICE,Gasolina,GKL+,FOCUS SEGMENT,Standard,COUPE,2
2024,04,LAMBORGHINI,REVUELTO,Corporate,PHEV,Gasolina/Electrico Enchufable,GKL+,FOCUS SEGMENT,Standard,COUPE,1
2024,04,LANCIA,,Corporate,ICE,Gasolina,,REST,Standard,,1
2024,04,LAND ROVER,DEFENDER,Corporate,ICE,Gasolina/Electrico Enchufable,MKL,FOCUS SEGMENT,Standard,SUV,21
2024,04,LAND ROVER,DEFENDER,Corporate,PHEV,Gasolina/Electrico Enchufable,MKL,FOCUS SEGMENT,Standard,SUV,14
2024,04,LAND ROVER,DEFENDER,Private,ICE,Gasolina/Electrico Enchufable,MKL,FOCUS SEGMENT,Standard,SUV,8
2024,04,LAND ROVER,DEFENDER,Private,PHEV,Gasolina/Electrico Enchufable,MKL,FOCUS SEGMENT,Standard,SUV,4
2024,04,LAND ROVER,DEFENDER,RAC,ICE,Gasolina/Electrico Enchufable,MKL,FOCUS SEGMENT,Standard,SUV,13
2024,04,LAND ROVER,DEFENDER,RAC,PHEV,Gasolina/Electrico Enchufable,MKL,FOCUS SEGMENT,Standard,SUV,2
2024,04,LAND ROVER,DISCOVERY,Corporate,ICE,Gasolina/Electrico Enchufable,MKL,FOCUS SEGMENT,Standard,SUV,8
2024,04,LAND ROVER,DISCOVERY,Corporate,PHEV,Gasolina/Electrico Enchufable,MKL,FOCUS SEGMENT,Standard,SUV,5
2024,04,LAND ROVER,DISCOVERY,Private,ICE,Gasolina/Electrico Enchufable,MKL,FOCUS SEGMENT,Standard,SUV,2
2024,04,LAND ROVER,DISCOVERY,Private,PHEV,Gasolina/Electrico Enchufable,MKL,FOCUS SEGMENT,Standard,SUV,1
2024,04,LAND ROVER,DISCOVERY,RAC,PHEV,Gasolina/Electrico Enchufable,MKL,FOCUS SEGMENT,Standard,SUV,2
2024,04,LAND ROVER,RANGE ROVER,Corporate,ICE,Gasolina/Electrico Enchufable,GKL,FOCUS SEGMENT,Standard,SAV,6
2024,04,LAND ROVER,RANGE ROVER,Corporate,PHEV,Gasolina/Electrico Enchufable,GKL,FOCUS SEGMENT,Standard,SAV,7
2024,04,LAND ROVER,RANGE ROVER,Private,ICE,Gasolina/Electrico Enchufable,GKL,FOCUS SEGMENT,Standard,SAV,4
2024,04,LAND ROVER,RANGE ROVER,Private,PHEV,Gasolina/Electrico Enchufable,GKL,FOCUS SEGMENT,Standard,SAV,4
2024,04,LAND ROVER,RANGE ROVER EVOQUE,Corporate,ICE,Gasolina/Electrico Enchufable,UKL2,FOCUS SEGMENT,Standard,SAV,14
2024,04,LAND ROVER,RANGE ROVER EVOQUE,Corporate,PHEV,Gasolina/Electrico Enchufable,UKL2,FOCUS SEGMENT,Standard,SAV,19
2024,04,LAND ROVER,RANGE ROVER EVOQUE,Private,ICE,Gasolina/Electrico Enchufable,UKL2,FOCUS SEGMENT,Standard,SAV,5
2024,04,LAND ROVER,RANGE ROVER EVOQUE,Private,PHEV,Gasolina/Electrico Enchufable,UKL2,FOCUS SEGMENT,Standard,SAV,5
2024,04,LAND ROVER,RANGE ROVER EVOQUE,RAC,ICE,Gasolina/Electrico Enchufable,UKL2,FOCUS SEGMENT,Standard,SAV,2
2024,04,LAND ROVER,RANGE ROVER EVOQUE,RAC,PHEV,Gasolina/Electrico Enchufable,UKL2,FOCUS SEGMENT,Standard,SAV,2
2024,04,LAND ROVER,RANGE ROVER SPORT,Corporate,ICE,Gasolina/Electrico Enchufable,MKL,FOCUS SEGMENT,Standard,SAV,39
2024,04,LAND ROVER,RANGE ROVER SPORT,Corporate,PHEV,Gasolina/Electrico Enchufable,MKL,FOCUS SEGMENT,Standard,SAV,35
2024,04,LAND ROVER,RANGE ROVER SPORT,Private,ICE,Gasolina/Electrico Enchufable,MKL,FOCUS SEGMENT,Standard,SAV,10
2024,04,LAND ROVER,RANGE ROVER SPORT,Private,PHEV,Gasolina/Electrico Enchufable,MKL,FOCUS SEGMENT,Standard,SAV,4
2024,04,LAND ROVER,RANGE ROVER SPORT,RAC,ICE,Gasolina/Electrico Enchufable,MKL,FOCUS SEGMENT,Standard,SAV,3
2024,04,LAND ROVER,RANGE ROVER SPORT,RAC,PHEV,Gasolina/Electrico Enchufable,MKL,FOCUS SEGMENT,Standard,SAV,4
2024,04,LAND ROVER,RANGE ROVER VELAR,Corporate,ICE,Gasolina/Electrico Enchufable,MKL,FOCUS SEGMENT,Standard,SAV,23
2024,04,LAND ROVER,RANGE ROVER VELAR,Corporate,PHEV,Gasolina/Electrico Enchufable,MKL,FOCUS SEGMENT,Standard,SAV,18
2024,04,LAND ROVER,RANGE ROVER VELAR,Private,ICE,Gasolina/Electrico Enchufable,MKL,FOCUS SEGMENT,Standard,SAV,3
2024,04,LAND ROVER,RANGE ROVER VELAR,Private,PHEV,Gasolina/Electrico Enchufable,MKL,FOCUS SEGMENT,Standard,SAV,3
2024,04,LAND ROVER,RANGE ROVER VELAR,RAC,ICE,Gasolina/Electrico Enchufable,MKL,FOCUS SEGMENT,Standard,SAV,4
2024,04,LAND ROVER,RANGE ROVER VELAR,RAC,PHEV,Gasolina/Electrico Enchufable,MKL,FOCUS SEGMENT,Standard,SAV,1
2024,04,LEXUS,ES,Corporate,ICE,Gasolina/Electrico,MKL,FOCUS SEGMENT,Standard,SEDAN,49
2024,04,LEXUS,ES,Private,ICE,Gasolina/Electrico,MKL,FOCUS SEGMENT,Standard,SEDAN,12
2024,04,LEXUS,LBX,Corporate,ICE,Gasolina/Electrico,UKL1,FOCUS SEGMENT,Standard,SAV,58
2024,04,LEXUS,LBX,Private,ICE,Gasolina/Electrico,UKL1,FOCUS SEGMENT,Standard,SAV,168
2024,04,LEXUS,LBX,RAC,ICE,Gasolina/Electrico,UKL1,FOCUS SEGMENT,Standard,SAV,8
2024,04,LEXUS,LM,Corporate,ICE,Gasolina/Electrico,MKL,REST,Standard,MPV,2
2024,04,LEXUS,LS,Corporate,ICE,Gasolina/Electrico,GKL,FOCUS SEGMENT,Standard,SEDAN,1
2024,04,LEXUS,NX,Corporate,ICE,Gasolina/Electrico Enchufable,KKL,FOCUS SEGMENT,Standard,SAV,95
2024,04,LEXUS,NX,Corporate,PHEV,Gasolina/Electrico Enchufable,KKL,FOCUS SEGMENT,Standard,SAV,29
2024,04,LEXUS,NX,Private,ICE,Gasolina/Electrico Enchufable,KKL,FOCUS SEGMENT,Standard,SAV,122
2024,04,LEXUS,NX,Private,PHEV,Gasolina/Electrico Enchufable,KKL,FOCUS SEGMENT,Standard,SAV,20
2024,04,LEXUS,RX,Corporate,ICE,Gasolina/Electrico Enchufable,MKL,FOCUS SEGMENT,Standard,SAV,9
2024,04,LEXUS,RX,Corporate,PHEV,Gasolina/Electrico Enchufable,MKL,FOCUS SEGMENT,Standard,SAV,10
2024,04,LEXUS,RX,Private,ICE,Gasolina/Electrico Enchufable,MKL,FOCUS SEGMENT,Standard,SAV,4
2024,04,LEXUS,RX,Private,PHEV,Gasolina/Electrico Enchufable,MKL,FOCUS SEGMENT,Standard,SAV,2
2024,04,LEXUS,RZ,Corporate,BEV,Electrico,KKL,FOCUS SEGMENT,Standard,SAT,2
2024,04,LEXUS,UX,Corporate,BEV,Gasolina/Electrico,UKL2,FOCUS SEGMENT,Standard,SAV,2
2024,04,LEXUS,UX,Corporate,ICE,Gasolina/Electrico,UKL2,FOCUS SEGMENT,Standard,SAV,79
2024,04,LEXUS,UX,Private,ICE,Gasolina/Electrico,UKL2,FOCUS SEGMENT,Standard,SAV,67
2024,04,LEXUS,UX,RAC,BEV,Gasolina/Electrico,UKL2,FOCUS SEGMENT,Standard,SAV,1
2024,04,LEXUS,UX,RAC,ICE,Gasolina/Electrico,UKL2,FOCUS SEGMENT,Standard,SAV,30
2024,04,LIDERKIT,,RAC,ICE,Diesel,,REST,Standard,,1
2024,04,LOS MAÑOS,,Corporate,ICE,Diesel,,REST,Standard,,1
2024,04,LYNK & CO,LYNK&CO 01,Corporate,PHEV,Gasolina/Electrico Enchufable,UKL2,REST,Standard,SAV,46
2024,04,LYNK & CO,LYNK&CO 01,RAC,PHEV,Gasolina/Electrico Enchufable,UKL2,REST,Standard,SAV,68
2024,04,MAGICAR,,RAC,ICE,Diesel,,REST,Standard,,2
2024,04,MAN,TGE,Corporate,ICE,Diesel,SKL,REST,Standard,TRANSPORTER,51
2024,04,MAN,TGE,Private,ICE,Diesel,SKL,REST,Standard,TRANSPORTER,16
2024,04,MAN,TGE,RAC,ICE,Diesel,SKL,REST,Standard,TRANSPORTER,15
2024,04,MARTIN,,Corporate,ICE,Diesel,,REST,Standard,,1
2024,04,MASERATI,GHIBLI,Private,ICE,Gasolina,MKL,FOCUS SEGMENT,Standard,SEDAN,2
2024,04,MASERATI,GRECALE,Corporate,BEV,Gasolina Mild Hybrid,KKL,FOCUS SEGMENT,Standard,SAV,3
2024,04,MASERATI,GRECALE,Corporate,ICE,Gasolina Mild Hybrid,KKL,FOCUS SEGMENT,Standard,SAV,12
2024,04,MASERATI,GRECALE,Private,ICE,Gasolina Mild Hybrid,KKL,FOCUS SEGMENT,Standard,SAV,5
2024,04,MASERATI,LEVANTE,Corporate,ICE,Gasolina,MKL,FOCUS SEGMENT,Standard,SAV,1
2024,04,MATURANA,,Corporate,ICE,Diesel,,REST,Standard,,1
2024,04,MAXUS,,Corporate,BEV,Electrico,,REST,Standard,,10
2024,04,MAXUS,,Private,BEV,Electrico,,REST,Standard,,1
2024,04,MAXUS,DELIVER 9,Corporate,ICE,Electrico,SKL,REST,Standard,TRANSPORTER,22
2024,04,MAXUS,DELIVER 9,Private,ICE,Electrico,SKL,REST,Standard,TRANSPORTER,3
2024,04,MAXUS,EUNIQ 5,Private,BEV,Electrico,MKL,REST,Standard,MPV,1
2024,04,MAZDA,CX30,Corporate,ICE,Gasolina Mild Hybrid,UKL2,REST,Standard,SAV,47
2024,04,MAZDA,CX30,Private,ICE,Gasolina Mild Hybrid,UKL2,REST,Standard,SAV,303
2024,04,MAZDA,CX30,RAC,ICE,Gasolina Mild Hybrid,UKL2,REST,Standard,SAV,1
2024,04,MAZDA,CX5,Corporate,ICE,Gasolina Mild Hybrid,UKL2,REST,Standard,SAV,45
2024,04,MAZDA,CX5,Private,ICE,Gasolina Mild Hybrid,UKL2,REST,Standard,SAV,222
2024,04,MAZDA,CX5,RAC,ICE,Gasolina Mild Hybrid,UKL2,REST,Standard,SAV,1
2024,04,MAZDA,CX60,Corporate,ICE,Gasolina/Electrico Enchufable,KKL,REST,Standard,SAV,36
2024,04,MAZDA,CX60,Corporate,PHEV,Gasolina/Electrico Enchufable,KKL,REST,Standard,SAV,18
2024,04,MAZDA,CX60,Private,ICE,Gasolina/Electrico Enchufable,KKL,REST,Standard,SAV,29
2024,04,MAZDA,CX60,Private,PHEV,Gasolina/Electrico Enchufable,KKL,REST,Standard,SAV,12
2024,04,MAZDA,MAZDA 2,Corporate,ICE,Gasolina/Electrico,UKL1,REST,Standard,HACH 5P,53
2024,04,MAZDA,MAZDA 2,Private,ICE,Gasolina/Electrico,UKL1,REST,Standard,HACH 5P,69
2024,04,MAZDA,MAZDA 2,RAC,ICE,Gasolina/Electrico,UKL1,REST,Standard,HACH 5P,3
2024,04,MAZDA,MAZDA 3,Corporate,ICE,Gasolina Mild Hybrid,UKL2,REST,Standard,SEDAN,33
2024,04,MAZDA,MAZDA 3,Private,ICE,Gasolina Mild Hybrid,UKL2,REST,Standard,SEDAN,160
2024,04,MAZDA,MAZDA 3,RAC,ICE,Gasolina Mild Hybrid,UKL2,REST,Standard,SEDAN,10
2024,04,MAZDA,MAZDA 6,Corporate,ICE,Gasolina,KKL,REST,Standard,ESTATE,2
2024,04,MAZDA,MX-30,Corporate,PHEV,Gasolina/Electrico Enchufable,UKL2,REST,Standard,HACH 5P,22
2024,04,MAZDA,MX-30,Private,PHEV,Gasolina/Electrico Enchufable,UKL2,REST,Standard,HACH 5P,24
2024,04,MAZDA,MX-30,RAC,BEV,Gasolina/Electrico Enchufable,UKL2,REST,Standard,HACH 5P,2
2024,04,MAZDA,MX-30,RAC,PHEV,Gasolina/Electrico Enchufable,UKL2,REST,Standard,HACH 5P,1
2024,04,MAZDA,MX-5,Corporate,ICE,Gasolina,UKL2,REST,Standard,ROADSTER,17
2024,04,MAZDA,MX-5,Private,ICE,Gasolina,UKL2,REST,Standard,ROADSTER,55
2024,04,MCLOUIS,,Private,ICE,Diesel,,REST,Standard,,1
2024,04,MERCEDES,,Corporate,ICE,Diesel,,REST,Standard,,5
2024,04,MERCEDES,,Private,ICE,Diesel,,REST,Standard,,7
2024,04,MERCEDES,,Private,ICE,Gasolina,,REST,Standard,,1
2024,04,MERCEDES,,RAC,ICE,Diesel,,REST,Standard,,1
2024,04,MERCEDES,AMG GT,Corporate,ICE,Gasolina Mild Hybrid,GKL,FOCUS SEGMENT,M,COUPE,1
2024,04,MERCEDES,AMG GT,Corporate,ICE,Gasolina Mild Hybrid,GKL,FOCUS SEGMENT,M Performance,COUPE,1
2024,04,MERCEDES,AMG GT,Private,ICE,Gasolina Mild Hybrid,GKL,FOCUS SEGMENT,M,COUPE,1
2024,04,MERCEDES,CITAN,Corporate,ICE,Gasolina,SKL,REST,Standard,TRANSPORTER,202
2024,04,MERCEDES,CITAN,Private,ICE,Gasolina,SKL,REST,Standard,TRANSPORTER,9
2024,04,MERCEDES,CITAN,RAC,ICE,Gasolina,SKL,REST,Standard,TRANSPORTER,19
2024,04,MERCEDES,CLASE A,Corporate,ICE,Gasolina/Electrico Enchufable,UKL2,FOCUS SEGMENT,M,HACH 5P,1
2024,04,MERCEDES,CLASE A,Corporate,ICE,Gasolina/Electrico Enchufable,UKL2,FOCUS SEGMENT,M Performance,HACH 5P,3
2024,04,MERCEDES,CLASE A,Corporate,ICE,Gasolina/Electrico Enchufable,UKL2,FOCUS SEGMENT,Standard,HACH 5P,116
2024,04,MERCEDES,CLASE A,Corporate,PHEV,Gasolina/Electrico Enchufable,UKL2,FOCUS SEGMENT,Standard,HACH 5P,59
2024,04,MERCEDES,CLASE A,Private,ICE,Gasolina/Electrico Enchufable,UKL2,FOCUS SEGMENT,M Performance,HACH 5P,1
2024,04,MERCEDES,CLASE A,Private,ICE,Gasolina/Electrico Enchufable,UKL2,FOCUS SEGMENT,Standard,HACH 5P,49
2024,04,MERCEDES,CLASE A,Private,PHEV,Gasolina/Electrico Enchufable,UKL2,FOCUS SEGMENT,Standard,HACH 5P,55
2024,04,MERCEDES,CLASE A,RAC,ICE,Gasolina/Electrico Enchufable,UKL2,FOCUS SEGMENT,Standard,HACH 5P,216
2024,04,MERCEDES,CLASE A,RAC,PHEV,Gasolina/Electrico Enchufable,UKL2,FOCUS SEGMENT,Standard,HACH 5P,99
2024,04,MERCEDES,CLASE B,Corporate,ICE,Gasolina/Electrico Enchufable,UKL2,FOCUS SEGMENT,Standard,MPV,30
2024,04,MERCEDES,CLASE B,Corporate,PHEV,Gasolina/Electrico Enchufable,UKL2,FOCUS SEGMENT,Standard,MPV,8
2024,04,MERCEDES,CLASE B,Private,ICE,Gasolina/Electrico Enchufable,UKL2,FOCUS SEGMENT,Standard,MPV,12
2024,04,MERCEDES,CLASE B,Private,PHEV,Gasolina/Electrico Enchufable,UKL2,FOCUS SEGMENT,Standard,MPV,5
2024,04,MERCEDES,CLASE B,RAC,ICE,Gasolina/Electrico Enchufable,UKL2,FOCUS SEGMENT,Standard,MPV,24
2024,04,MERCEDES,CLASE B,RAC,PHEV,Gasolina/Electrico Enchufable,UKL2,FOCUS SEGMENT,Standard,MPV,39
2024,04,MERCEDES,CLASE C,Corporate,ICE,Gasolina/Electrico Enchufable,KKL,FOCUS SEGMENT,M Performance,SEDAN,1
2024,04,MERCEDES,CLASE C,Corporate,ICE,Gasolina/Electrico Enchufable,KKL,FOCUS SEGMENT,Standard,SEDAN,99
2024,04,MERCEDES,CLASE C,Corporate,PHEV,Gasolina/Electrico Enchufable,KKL,FOCUS SEGMENT,Standard,SEDAN,18
2024,04,MERCEDES,CLASE C,Private,ICE,Gasolina/Electrico Enchufable,KKL,FOCUS SEGMENT,Standard,SEDAN,40
2024,04,MERCEDES,CLASE C,Private,PHEV,Gasolina/Electrico Enchufable,KKL,FOCUS SEGMENT,Standard,SEDAN,5
2024,04,MERCEDES,CLASE C,RAC,ICE,Gasolina/Electrico Enchufable,KKL,FOCUS SEGMENT,Standard,SEDAN,65
2024,04,MERCEDES,CLASE C,RAC,PHEV,Gasolina/Electrico Enchufable,KKL,FOCUS SEGMENT,Standard,SEDAN,37
2024,04,MERCEDES,CLASE CLA,Corporate,ICE,Gasolina/Electrico Enchufable,UKL2,FOCUS SEGMENT,M,SEDAN,1
2024,04,MERCEDES,CLASE CLA,Corporate,ICE,Gasolina/Electrico Enchufable,UKL2,FOCUS SEGMENT,M Performance,SEDAN,3
2024,04,MERCEDES,CLASE CLA,Corporate,ICE,Gasolina/Electrico Enchufable,UKL2,FOCUS SEGMENT,Standard,SEDAN,55
2024,04,MERCEDES,CLASE CLA,Corporate,PHEV,Gasolina/Electrico Enchufable,UKL2,FOCUS SEGMENT,Standard,SEDAN,23
2024,04,MERCEDES,CLASE CLA,Private,ICE,Gasolina/Electrico Enchufable,UKL2,FOCUS SEGMENT,M,SEDAN,3
2024,04,MERCEDES,CLASE CLA,Private,ICE,Gasolina/Electrico Enchufable,UKL2,FOCUS SEGMENT,M Performance,SEDAN,1
2024,04,MERCEDES,CLASE CLA,Private,ICE,Gasolina/Electrico Enchufable,UKL2,FOCUS SEGMENT,Standard,SEDAN,43
2024,04,MERCEDES,CLASE CLA,Private,PHEV,Gasolina/Electrico Enchufable,UKL2,FOCUS SEGMENT,Standard,SEDAN,16
2024,04,MERCEDES,CLASE CLA,RAC,ICE,Gasolina/Electrico Enchufable,UKL2,FOCUS SEGMENT,Standard,SEDAN,74
2024,04,MERCEDES,CLASE CLA,RAC,PHEV,Gasolina/Electrico Enchufable,UKL2,FOCUS SEGMENT,Standard,SEDAN,18
2024,04,MERCEDES,CLASE CLE,Corporate,ICE,Gasolina/Electrico Enchufable,MKL,FOCUS SEGMENT,M Performance,COUPE,2
2024,04,MERCEDES,CLASE CLE,Corporate,ICE,Gasolina/Electrico Enchufable,MKL,FOCUS SEGMENT,Standard,COUPE,86
2024,04,MERCEDES,CLASE CLE,Private,ICE,Gasolina/Electrico Enchufable,MKL,FOCUS SEGMENT,M Performance,COUPE,2
2024,04,MERCEDES,CLASE CLE,Private,ICE,Gasolina/Electrico Enchufable,MKL,FOCUS SEGMENT,Standard,COUPE,49
2024,04,MERCEDES,CLASE CLE,RAC,ICE,Gasolina/Electrico Enchufable,MKL,FOCUS SEGMENT,Standard,COUPE,1
2024,04,MERCEDES,CLASE CLS,Corporate,ICE,Diesel,MKL,FOCUS SEGMENT,Standard,SEDAN,1
2024,04,MERCEDES,CLASE CLS,Private,ICE,Diesel,MKL,FOCUS SEGMENT,Standard,SEDAN,1
2024,04,MERCEDES,CLASE E,Corporate,ICE,Gasolina/Electrico Enchufable,MKL,FOCUS SEGMENT,Standard,ESTATE,58
2024,04,MERCEDES,CLASE E,Corporate,PHEV,Gasolina/Electrico Enchufable,MKL,FOCUS SEGMENT,Standard,ESTATE,34
2024,04,MERCEDES,CLASE E,Private,ICE,Gasolina/Electrico Enchufable,MKL,FOCUS SEGMENT,Standard,ESTATE,17
2024,04,MERCEDES,CLASE E,Private,PHEV,Gasolina/Electrico Enchufable,MKL,FOCUS SEGMENT,Standard,ESTATE,8
2024,04,MERCEDES,CLASE E,RAC,ICE,Gasolina/Electrico Enchufable,MKL,FOCUS SEGMENT,Standard,ESTATE,22
2024,04,MERCEDES,CLASE G,Corporate,ICE,Gasolina Mild Hybrid,GKL,FOCUS SEGMENT,M,SAV,6
2024,04,MERCEDES,CLASE G,Corporate,ICE,Gasolina Mild Hybrid,GKL,FOCUS SEGMENT,Standard,SAV,8
2024,04,MERCEDES,CLASE G,Private,ICE,Gasolina Mild Hybrid,GKL,FOCUS SEGMENT,M,SAV,1
2024,04,MERCEDES,CLASE G,Private,ICE,Gasolina Mild Hybrid,GKL,FOCUS SEGMENT,Standard,SAV,2
2024,04,MERCEDES,CLASE GLA,Corporate,ICE,Gasolina/Electrico Enchufable,UKL2,FOCUS SEGMENT,M,SAV,1
2024,04,MERCEDES,CLASE GLA,Corporate,ICE,Gasolina/Electrico Enchufable,UKL2,FOCUS SEGMENT,M Performance,SAV,3
2024,04,MERCEDES,CLASE GLA,Corporate,ICE,Gasolina/Electrico Enchufable,UKL2,FOCUS SEGMENT,Standard,SAV,293
2024,04,MERCEDES,CLASE GLA,Corporate,PHEV,Gasolina/Electrico Enchufable,UKL2,FOCUS SEGMENT,Standard,SAV,60
2024,04,MERCEDES,CLASE GLA,Private,ICE,Gasolina/Electrico Enchufable,UKL2,FOCUS SEGMENT,M Performance,SAV,2
2024,04,MERCEDES,CLASE GLA,Private,ICE,Gasolina/Electrico Enchufable,UKL2,FOCUS SEGMENT,Standard,SAV,164
2024,04,MERCEDES,CLASE GLA,Private,PHEV,Gasolina/Electrico Enchufable,UKL2,FOCUS SEGMENT,Standard,SAV,69
2024,04,MERCEDES,CLASE GLA,RAC,ICE,Gasolina/Electrico Enchufable,UKL2,FOCUS SEGMENT,Standard,SAV,91
2024,04,MERCEDES,CLASE GLA,RAC,PHEV,Gasolina/Electrico Enchufable,UKL2,FOCUS SEGMENT,Standard,SAV,53
2024,04,MERCEDES,CLASE GLB,Corporate,ICE,Gasolina Mild Hybrid,UKL2,FOCUS SEGMENT,M Performance,SAV,2
2024,04,MERCEDES,CLASE GLB,Corporate,ICE,Gasolina Mild Hybrid,UKL2,FOCUS SEGMENT,Standard,SAV,127
2024,04,MERCEDES,CLASE GLB,Private,ICE,Gasolina Mild Hybrid,UKL2,FOCUS SEGMENT,M Performance,SAV,1
2024,04,MERCEDES,CLASE GLB,Private,ICE,Gasolina Mild Hybrid,UKL2,FOCUS SEGMENT,Standard,SAV,46
2024,04,MERCEDES,CLASE GLB,RAC,ICE,Gasolina Mild Hybrid,UKL2,FOCUS SEGMENT,Standard,SAV,24
2024,04,MERCEDES,CLASE GLC,Corporate,ICE,Gasolina/Electrico Enchufable,KKL,FOCUS SEGMENT,Standard,SAV,271
2024,04,MERCEDES,CLASE GLC,Corporate,PHEV,Gasolina/Electrico Enchufable,KKL,FOCUS SEGMENT,Standard,SAV,350
2024,04,MERCEDES,CLASE GLC,Private,ICE,Gasolina/Electrico Enchufable,KKL,FOCUS SEGMENT,Standard,SAV,132
2024,04,MERCEDES,CLASE GLC,Private,PHEV,Gasolina/Electrico Enchufable,KKL,FOCUS SEGMENT,Standard,SAV,134
2024,04,MERCEDES,CLASE GLC,RAC,ICE,Gasolina/Electrico Enchufable,KKL,FOCUS SEGMENT,Standard,SAV,1
2024,04,MERCEDES,CLASE GLC,RAC,PHEV,Gasolina/Electrico Enchufable,KKL,FOCUS SEGMENT,Standard,SAV,1
2024,04,MERCEDES,CLASE GLE,Corporate,ICE,Gasolina/Electrico Enchufable,MKL,FOCUS SEGMENT,M,SAV,4
2024,04,MERCEDES,CLASE GLE,Corporate,ICE,Gasolina/Electrico Enchufable,MKL,FOCUS SEGMENT,M Performance,SAV,19
2024,04,MERCEDES,CLASE GLE,Corporate,ICE,Gasolina/Electrico Enchufable,MKL,FOCUS SEGMENT,Standard,SAV,21
2024,04,MERCEDES,CLASE GLE,Corporate,PHEV,Gasolina/Electrico Enchufable,MKL,FOCUS SEGMENT,Standard,SAV,34
2024,04,MERCEDES,CLASE GLE,Private,ICE,Gasolina/Electrico Enchufable,MKL,FOCUS SEGMENT,M,SAV,2
2024,04,MERCEDES,CLASE GLE,Private,ICE,Gasolina/Electrico Enchufable,MKL,FOCUS SEGMENT,M Performance,SAV,9
2024,04,MERCEDES,CLASE GLE,Private,ICE,Gasolina/Electrico Enchufable,MKL,FOCUS SEGMENT,Standard,SAV,4
2024,04,MERCEDES,CLASE GLE,Private,PHEV,Gasolina/Electrico Enchufable,MKL,FOCUS SEGMENT,Standard,SAV,3
2024,04,MERCEDES,CLASE GLE COUPE,Corporate,ICE,Gasolina/Electrico Enchufable,MKL,FOCUS SEGMENT,Standard,SAV,36
2024,04,MERCEDES,CLASE GLE COUPE,Corporate,PHEV,Gasolina/Electrico Enchufable,MKL,FOCUS SEGMENT,Standard,SAV,37
2024,04,MERCEDES,CLASE GLE COUPE,Private,ICE,Gasolina/Electrico Enchufable,MKL,FOCUS SEGMENT,Standard,SAV,11
2024,04,MERCEDES,CLASE GLE COUPE,Private,PHEV,Gasolina/Electrico Enchufable,MKL,FOCUS SEGMENT,Standard,SAV,4
2024,04,MERCEDES,CLASE GLE COUPE,RAC,ICE,Gasolina/Electrico Enchufable,MKL,FOCUS SEGMENT,Standard,SAV,1
2024,04,MERCEDES,CLASE GLS,Corporate,ICE,Gasolina Mild Hybrid,GKL,FOCUS SEGMENT,Standard,SAV,7
2024,04,MERCEDES,CLASE GLS,Private,ICE,Gasolina Mild Hybrid,GKL,FOCUS SEGMENT,Standard,SAV,3
2024,04,MERCEDES,CLASE S,Corporate,ICE,Gasolina/Electrico Enchufable,GKL,FOCUS SEGMENT,Standard,SEDAN,7
2024,04,MERCEDES,CLASE S,Corporate,PHEV,Gasolina/Electrico Enchufable,GKL,FOCUS SEGMENT,M Performance,SEDAN,1
2024,04,MERCEDES,CLASE S,Corporate,PHEV,Gasolina/Electrico Enchufable,GKL,FOCUS SEGMENT,Standard,SEDAN,4
2024,04,MERCEDES,CLASE S,Private,ICE,Gasolina/Electrico Enchufable,GKL,FOCUS SEGMENT,Standard,SEDAN,2
2024,04,MERCEDES,CLASE S,Private,PHEV,Gasolina/Electrico Enchufable,GKL,FOCUS SEGMENT,M Performance,SEDAN,1
2024,04,MERCEDES,CLASE S,RAC,ICE,Gasolina/Electrico Enchufable,GKL,FOCUS SEGMENT,Standard,SEDAN,4
2024,04,MERCEDES,CLASE SL,Corporate,ICE,Gasolina Mild Hybrid,GKL,FOCUS SEGMENT,M Performance,ROADSTER,5
2024,04,MERCEDES,CLASE SL,Private,ICE,Gasolina Mild Hybrid,GKL,FOCUS SEGMENT,M Performance,ROADSTER,1
2024,04,MERCEDES,CLASE T,Corporate,ICE,Gasolina,SKL,REST,Standard,TRANSPORTER,30
2024,04,MERCEDES,CLASE T,Private,ICE,Gasolina,SKL,REST,Standard,TRANSPORTER,29
2024,04,MERCEDES,CLASE T,RAC,ICE,Gasolina,SKL,REST,Standard,TRANSPORTER,10
2024,04,MERCEDES,CLASE V,Corporate,ICE,Gasolina Mild Hybrid,MKL,REST,Standard,MPV,139
2024,04,MERCEDES,CLASE V,Private,ICE,Gasolina Mild Hybrid,MKL,REST,Standard,MPV,21
2024,04,MERCEDES,CLASE V,RAC,ICE,Gasolina Mild Hybrid,MKL,REST,Standard,MPV,133
2024,04,MERCEDES,E-SPRINTER,Corporate,BEV,Electrico,SKL,REST,Standard,TRANSPORTER,20
2024,04,MERCEDES,ECITAN,Corporate,BEV,Electrico,SKL,REST,Standard,TRANSPORTER,7
2024,04,MERCEDES,ECITAN,RAC,BEV,Electrico,SKL,REST,Standard,TRANSPORTER,13
2024,04,MERCEDES,EQA,Corporate,BEV,Electrico,UKL2,FOCUS SEGMENT,Standard,SAV,54
2024,04,MERCEDES,EQA,Private,BEV,Electrico,UKL2,FOCUS SEGMENT,Standard,SAV,19
2024,04,MERCEDES,EQA,RAC,BEV,Electrico,UKL2,FOCUS SEGMENT,Standard,SAV,52
2024,04,MERCEDES,EQB,Corporate,BEV,Electrico,UKL2,FOCUS SEGMENT,Standard,SAV,18
2024,04,MERCEDES,EQB,Private,BEV,Electrico,UKL2,FOCUS SEGMENT,Standard,SAV,11
2024,04,MERCEDES,EQB,RAC,BEV,Electrico,UKL2,FOCUS SEGMENT,Standard,SAV,10
2024,04,MERCEDES,EQC,Corporate,BEV,Electrico,KKL,FOCUS SEGMENT,Standard,SAV,1
2024,04,MERCEDES,EQE,Corporate,BEV,Electrico,MKL,FOCUS SEGMENT,M Performance,SEDAN,4
2024,04,MERCEDES,EQE,Corporate,BEV,Electrico,MKL,FOCUS SEGMENT,Standard,SEDAN,29
2024,04,MERCEDES,EQE,Private,BEV,Electrico,MKL,FOCUS SEGMENT,M Performance,SEDAN,1
2024,04,MERCEDES,EQE,Private,BEV,Electrico,MKL,FOCUS SEGMENT,Standard,SEDAN,9
2024,04,MERCEDES,EQE,RAC,BEV,Electrico,MKL,FOCUS SEGMENT,Standard,SEDAN,12
2024,04,MERCEDES,EQS,Corporate,BEV,Electrico,GKL,FOCUS SEGMENT,Standard,SAV,2
2024,04,MERCEDES,EQS,Private,BEV,Electrico,GKL,FOCUS SEGMENT,M Performance,SAV,1
2024,04,MERCEDES,EQS,Private,BEV,Electrico,GKL,FOCUS SEGMENT,Standard,SAV,2
2024,04,MERCEDES,EQT,Corporate,BEV,Electrico,SKL,REST,Standard,TRANSPORTER,4
2024,04,MERCEDES,EQT,RAC,BEV,Electrico,SKL,REST,Standard,TRANSPORTER,2
2024,04,MERCEDES,EQV,Corporate,BEV,Electrico,MKL,REST,Standard,MPV,11
2024,04,MERCEDES,EQV,RAC,BEV,Electrico,MKL,REST,Standard,MPV,3
2024,04,MERCEDES,MARCO POLO,Corporate,ICE,Diesel,SKL,REST,Standard,TRANSPORTER,3
2024,04,MERCEDES,MARCO POLO,Private,ICE,Diesel,SKL,REST,Standard,TRANSPORTER,1
2024,04,MERCEDES,SPRINTER 300,Corporate,ICE,Diesel,SKL,REST,Standard,TRANSPORTER,201
2024,04,MERCEDES,SPRINTER 300,Private,ICE,Diesel,SKL,REST,Standard,TRANSPORTER,57
2024,04,MERCEDES,SPRINTER 300,RAC,ICE,Diesel,SKL,REST,Standard,TRANSPORTER,131
2024,04,MERCEDES-V,,Corporate,BEV,Electrico,,REST,Standard,,10
2024,04,MERCEDES-V,,Corporate,ICE,Diesel,,REST,Standard,,1
2024,04,MERCEDES-V,,Private,BEV,Electrico,,REST,Standard,,1
2024,04,MERCEDES-V,,RAC,BEV,Electrico,,REST,Standard,,1
2024,04,MERCEDES-V,VITO,Corporate,ICE,Diesel,SKL,REST,Standard,TRANSPORTER,136
2024,04,MERCEDES-V,VITO,Private,ICE,Diesel,SKL,REST,Standard,TRANSPORTER,40
2024,04,MERCEDES-V,VITO,RAC,ICE,Diesel,SKL,REST,Standard,TRANSPORTER,111
2024,04,MG,EHS,Corporate,PHEV,Gasolina/Electrico Enchufable,KKL,REST,Standard,SAV,16
2024,04,MG,EHS,Private,PHEV,Gasolina/Electrico Enchufable,KKL,REST,Standard,SAV,133
2024,04,MG,HS,Corporate,ICE,Gasolina/Electrico Enchufable,KKL,REST,Standard,SAV,27
2024,04,MG,HS,Private,ICE,Gasolina/Electrico Enchufable,KKL,REST,Standard,SAV,197
2024,04,MG,HS,RAC,ICE,Gasolina/Electrico Enchufable,KKL,REST,Standard,SAV,86
2024,04,MG,MARVEL R,Corporate,BEV,Electrico,UKL2,REST,Standard,SAV,2
2024,04,MG,MARVEL R,Private,BEV,Electrico,UKL2,REST,Standard,SAV,4
2024,04,MG,MG 4,Corporate,BEV,Electrico,UKL2,REST,Standard,HACH 5P,25
2024,04,MG,MG 4,Private,BEV,Electrico,UKL2,REST,Standard,HACH 5P,201
2024,04,MG,MG 5,Corporate,BEV,Electrico,UKL2,REST,Standard,ESTATE,1
2024,04,MG,MG 5,Private,BEV,Electrico,UKL2,REST,Standard,ESTATE,2
2024,04,MG,ZS,Corporate,BEV,Gasolina/Electrico,UKL1,REST,Standard,SAV,27
2024,04,MG,ZS,Corporate,ICE,Gasolina/Electrico,UKL1,REST,Standard,SAV,323
2024,04,MG,ZS,Private,BEV,Gasolina/Electrico,UKL1,REST,Standard,SAV,30
2024,04,MG,ZS,Private,ICE,Gasolina/Electrico,UKL1,REST,Standard,SAV,1348
2024,04,MG,ZS,RAC,ICE,Gasolina/Electrico,UKL1,REST,Standard,SAV,1
2024,04,MINGHONG-POWER,,Corporate,BEV,Electrico,,REST,Standard,,4
2024,04,MINI,CLUBMAN,Corporate,ICE,Diesel,UKL2,FOCUS SEGMENT,JCW,ESTATE,1
2024,04,MINI,CLUBMAN,Corporate,ICE,Diesel,UKL2,FOCUS SEGMENT,Standard,ESTATE,5
2024,04,MINI,CLUBMAN,Private,ICE,Diesel,UKL2,FOCUS SEGMENT,JCW,ESTATE,1
2024,04,MINI,CLUBMAN,Private,ICE,Diesel,UKL2,FOCUS SEGMENT,Standard,ESTATE,7
2024,04,MINI,COUNTRYMAN,Corporate,BEV,Electrico,UKL2,FOCUS SEGMENT,Standard,SAV,11
2024,04,MINI,COUNTRYMAN,Corporate,ICE,Electrico,UKL2,FOCUS SEGMENT,JCW,SAV,14
2024,04,MINI,COUNTRYMAN,Corporate,ICE,Electrico,UKL2,FOCUS SEGMENT,Standard,SAV,146
2024,04,MINI,COUNTRYMAN,Corporate,PHEV,Electrico,UKL2,FOCUS SEGMENT,Standard,SAV,27
2024,04,MINI,COUNTRYMAN,Private,ICE,Electrico,UKL2,FOCUS SEGMENT,JCW,SAV,3
2024,04,MINI,COUNTRYMAN,Private,ICE,Electrico,UKL2,FOCUS SEGMENT,Standard,SAV,40
2024,04,MINI,COUNTRYMAN,Private,PHEV,Electrico,UKL2,FOCUS SEGMENT,Standard,SAV,10
2024,04,MINI,COUNTRYMAN,RAC,ICE,Electrico,UKL2,FOCUS SEGMENT,Standard,SAV,53
2024,04,MINI,HATCHBACK,Corporate,BEV,Electrico,UKL1,FOCUS SEGMENT,Standard,HACH 3P,2
2024,04,MINI,HATCHBACK,Corporate,ICE,Electrico,UKL1,FOCUS SEGMENT,JCW,HACH 3P,3
2024,04,MINI,HATCHBACK,Corporate,ICE,Electrico,UKL1,FOCUS SEGMENT,Standard,HACH 3P,211
2024,04,MINI,HATCHBACK,Private,ICE,Electrico,UKL1,FOCUS SEGMENT,JCW,HACH 3P,14
2024,04,MINI,HATCHBACK,Private,ICE,Electrico,UKL1,FOCUS SEGMENT,Standard,HACH 3P,101
2024,04,MINI,HATCHBACK,RAC,ICE,Electrico,UKL1,FOCUS SEGMENT,Standard,HACH 3P,2
2024,04,MITSUBISHI,,Corporate,ICE,Gasolina,,REST,Standard,,1
2024,04,MITSUBISHI,ASX,Corporate,ICE,Gasolina/Electrico,UKL2,REST,Standard,SAV,43
2024,04,MITSUBISHI,ASX,Corporate,PHEV,Gasolina/Electrico,UKL2,REST,Standard,SAV,9
2024,04,MITSUBISHI,ASX,Private,ICE,Gasolina/Electrico,UKL2,REST,Standard,SAV,74
2024,04,MITSUBISHI,ASX,Private,PHEV,Gasolina/Electrico,UKL2,REST,Standard,SAV,10
2024,04,MITSUBISHI,ASX,RAC,ICE,Gasolina/Electrico,UKL2,REST,Standard,SAV,5
2024,04,MITSUBISHI,COLT,Corporate,ICE,Gasolina/Electrico,UKL1,REST,Standard,HACH 3P,10
2024,04,MITSUBISHI,COLT,Private,ICE,Gasolina/Electrico,UKL1,REST,Standard,HACH 3P,32
2024,04,MITSUBISHI,ECLIPSE CROSS,Corporate,PHEV,Gasolina/Electrico Enchufable,UKL2,REST,Standard,SAV,5
2024,04,MITSUBISHI,ECLIPSE CROSS,Private,PHEV,Gasolina/Electrico Enchufable,UKL2,REST,Standard,SAV,13
2024,04,MITSUBISHI,SPACE STAR,Corporate,ICE,Gasolina,UKL1,REST,Standard,HACH 5P,24
2024,04,MITSUBISHI,SPACE STAR,Private,ICE,Gasolina,UKL1,REST,Standard,HACH 5P,21
2024,04,MITSUBISHI,SPACE STAR,RAC,ICE,Gasolina,UKL1,REST,Standard,HACH 5P,7
2024,04,MITSUBISHI-FUSO,CANTER,Corporate,ICE,Electrico,SKL,REST,Standard,TRANSPORTER,30
2024,04,MITSUBISHI-FUSO,CANTER,Private,ICE,Electrico,SKL,REST,Standard,TRANSPORTER,1
2024,04,MITSUBISHI-FUSO,CANTER,RAC,ICE,Electrico,SKL,REST,Standard,TRANSPORTER,1
2024,04,MOBILVETTA DESIGN,,Corporate,ICE,Diesel,,REST,Standard,,1
2024,04,MOBILVETTA DESIGN,,Private,ICE,Diesel,,REST,Standard,,5
2024,04,MOBILVETTA DESIGN,,RAC,ICE,Diesel,,REST,Standard,,1
2024,04,MORELO,,Private,ICE,Diesel,,REST,Standard,,1
2024,04,MOVEX,,Corporate,ICE,Diesel,,REST,Standard,,12
2024,04,MOVEX,,RAC,ICE,Diesel,,REST,Standard,,4
2024,04,MULTIGOM,,Corporate,ICE,Diesel,,REST,Standard,,1
2024,04,NISSAN,,Corporate,ICE,Diesel,,REST,Standard,,1
2024,04,NISSAN,,Corporate,ICE,Gasolina,,REST,Standard,,3
2024,04,NISSAN,ARIYA,Corporate,BEV,Electrico,UKL2,REST,Standard,SAV,4
2024,04,NISSAN,INTERSTAR,Corporate,ICE,Diesel,SKL,REST,Standard,TRANSPORTER,75
2024,04,NISSAN,INTERSTAR,Private,ICE,Diesel,SKL,REST,Standard,TRANSPORTER,7
2024,04,NISSAN,INTERSTAR,RAC,ICE,Diesel,SKL,REST,Standard,TRANSPORTER,8
2024,04,NISSAN,JUKE,Corporate,ICE,Gasolina/Electrico,UKL1,REST,Standard,SAV,435
2024,04,NISSAN,JUKE,Private,ICE,Gasolina/Electrico,UKL1,REST,Standard,SAV,218
2024,04,NISSAN,JUKE,RAC,ICE,Gasolina/Electrico,UKL1,REST,Standard,SAV,39
2024,04,NISSAN,LEAF,Corporate,BEV,Electrico,UKL2,REST,Standard,HACH 5P,17
2024,04,NISSAN,LEAF,Private,BEV,Electrico,UKL2,REST,Standard,HACH 5P,5
2024,04,NISSAN,PRIMASTAR,Corporate,ICE,Diesel,SKL,REST,Standard,TRANSPORTER,73
2024,04,NISSAN,PRIMASTAR,Private,ICE,Diesel,SKL,REST,Standard,TRANSPORTER,11
2024,04,NISSAN,PRIMASTAR,RAC,ICE,Diesel,SKL,REST,Standard,TRANSPORTER,11
2024,04,NISSAN,QASHQAI,Corporate,BEV,Gasolina/Electrico,UKL2,REST,Standard,SAT,1
2024,04,NISSAN,QASHQAI,Corporate,ICE,Gasolina/Electrico,UKL2,REST,Standard,SAT,700
2024,04,NISSAN,QASHQAI,Private,ICE,Gasolina/Electrico,UKL2,REST,Standard,SAT,410
2024,04,NISSAN,QASHQAI,RAC,ICE,Gasolina/Electrico,UKL2,REST,Standard,SAT,57
2024,04,NISSAN,TOWNSTAR,Corporate,BEV,Gasolina,SKL,REST,Standard,TRANSPORTER,28
2024,04,NISSAN,TOWNSTAR,Corporate,ICE,Gasolina,SKL,REST,Standard,TRANSPORTER,56
2024,04,NISSAN,TOWNSTAR,Private,BEV,Gasolina,SKL,REST,Standard,TRANSPORTER,1
2024,04,NISSAN,TOWNSTAR,Private,ICE,Gasolina,SKL,REST,Standard,TRANSPORTER,25
2024,04,NISSAN,X-TRAIL,Corporate,ICE,Gasolina/Electrico,KKL,REST,Standard,SUV,116
2024,04,NISSAN,X-TRAIL,Private,ICE,Gasolina/Electrico,KKL,REST,Standard,SUV,116
2024,04,NORANTZ,,Private,ICE,Diesel,,REST,Standard,,1
2024,04,NORANTZ,,RAC,ICE,Diesel,,REST,Standard,,1
2024,04,NOROESTE,,Corporate,ICE,Diesel,,REST,Standard,,2
2024,04,OIL&STEEL,,Corporate,ICE,Diesel,,REST,Standard,,1
2024,04,OIL&STEEL,,Private,ICE,Diesel,,REST,Standard,,1
2024,04,OIL&STEEL,,RAC,ICE,Diesel,,REST,Standard,,1
2024,04,OMODA,OMODA 5,Corporate,BEV,Gasolina/Electrico,UKL2,REST,Standard,SAV,13
2024,04,OMODA,OMODA 5,Corporate,ICE,Gasolina/Electrico,UKL2,REST,Standard,SAV,76
2024,04,OMODA,OMODA 5,Private,BEV,Gasolina/Electrico,UKL2,REST,Standard,SAV,1
2024,04,OMODA,OMODA 5,Private,ICE,Gasolina/Electrico,UKL2,REST,Standard,SAV,324
2024,04,OMODA,OMODA 5,RAC,ICE,Gasolina/Electrico,UKL2,REST,Standard,SAV,4
2024,04,ONTINYENT,,Corporate,ICE,Diesel,,REST,Standard,,1
2024,04,OPEL,ASTRA,Corporate,BEV,Gasolina/Electrico Enchufable,UKL2,REST,Standard,HACH 5P,1
2024,04,OPEL,ASTRA,Corporate,ICE,Gasolina/Electrico Enchufable,UKL2,REST,Standard,HACH 5P,30
2024,04,OPEL,ASTRA,Corporate,PHEV,Gasolina/Electrico Enchufable,UKL2,REST,Standard,HACH 5P,18
2024,04,OPEL,ASTRA,Private,ICE,Gasolina/Electrico Enchufable,UKL2,REST,Standard,HACH 5P,32
2024,04,OPEL,ASTRA,Private,PHEV,Gasolina/Electrico Enchufable,UKL2,REST,Standard,HACH 5P,5
2024,04,OPEL,ASTRA,RAC,ICE,Gasolina/Electrico Enchufable,UKL2,REST,Standard,HACH 5P,41
2024,04,OPEL,COMBO,Corporate,BEV,Gasolina,SKL,REST,Standard,TRANSPORTER,8
2024,04,OPEL,COMBO,Corporate,ICE,Gasolina,SKL,REST,Standard,TRANSPORTER,187
2024,04,OPEL,COMBO,Private,ICE,Gasolina,SKL,REST,Standard,TRANSPORTER,57
2024,04,OPEL,COMBO,RAC,ICE,Gasolina,SKL,REST,Standard,TRANSPORTER,21
2024,04,OPEL,CORSA,Corporate,BEV,Gasolina Mild Hybrid,UKL1,REST,Standard,HACH 5P,18
2024,04,OPEL,CORSA,Corporate,ICE,Gasolina Mild Hybrid,UKL1,REST,Standard,HACH 5P,319
2024,04,OPEL,CORSA,Private,BEV,Gasolina Mild Hybrid,UKL1,REST,Standard,HACH 5P,12
2024,04,OPEL,CORSA,Private,ICE,Gasolina Mild Hybrid,UKL1,REST,Standard,HACH 5P,246
2024,04,OPEL,CORSA,RAC,ICE,Gasolina Mild Hybrid,UKL1,REST,Standard,HACH 5P,1192
2024,04,OPEL,CROSSLAND,Corporate,ICE,Diesel,UKL1,REST,Standard,SAV,99
2024,04,OPEL,CROSSLAND,Private,ICE,Diesel,UKL1,REST,Standard,SAV,73
2024,04,OPEL,CROSSLAND,RAC,ICE,Diesel,UKL1,REST,Standard,SAV,105
2024,04,OPEL,GRANDLAND X,Corporate,ICE,Gasolina/Electrico Enchufable,UKL2,REST,Standard,SAV,118
2024,04,OPEL,GRANDLAND X,Corporate,PHEV,Gasolina/Electrico Enchufable,UKL2,REST,Standard,SAV,6
2024,04,OPEL,GRANDLAND X,Private,ICE,Gasolina/Electrico Enchufable,UKL2,REST,Standard,SAV,43
2024,04,OPEL,GRANDLAND X,Private,PHEV,Gasolina/Electrico Enchufable,UKL2,REST,Standard,SAV,3
2024,04,OPEL,GRANDLAND X,RAC,ICE,Gasolina/Electrico Enchufable,UKL2,REST,Standard,SAV,52
2024,04,OPEL,MOKKA,Corporate,BEV,Gasolina Mild Hybrid,UKL1,REST,Standard,SAV,9
2024,04,OPEL,MOKKA,Corporate,ICE,Gasolina Mild Hybrid,UKL1,REST,Standard,SAV,77
2024,04,OPEL,MOKKA,Private,BEV,Gasolina Mild Hybrid,UKL1,REST,Standard,SAV,6
2024,04,OPEL,MOKKA,Private,ICE,Gasolina Mild Hybrid,UKL1,REST,Standard,SAV,112
2024,04,OPEL,MOKKA,RAC,ICE,Gasolina Mild Hybrid,UKL1,REST,Standard,SAV,272
2024,04,OPEL,MOVANO,Corporate,ICE,Electrico,SKL,REST,Standard,TRANSPORTER,59
2024,04,OPEL,MOVANO,Private,ICE,Electrico,SKL,REST,Standard,TRANSPORTER,6
2024,04,OPEL,MOVANO,RAC,ICE,Electrico,SKL,REST,Standard,TRANSPORTER,6
2024,04,OPEL,VIVARO,Corporate,BEV,Electrico,SKL,REST,Standard,TRANSPORTER,2
2024,04,OPEL,VIVARO,Corporate,ICE,Electrico,SKL,REST,Standard,TRANSPORTER,53
2024,04,OPEL,VIVARO,Private,ICE,Electrico,SKL,REST,Standard,TRANSPORTER,11
2024,04,OPEL,VIVARO,RAC,ICE,Electrico,SKL,REST,Standard,TRANSPORTER,2
2024,04,PANAMA,,Corporate,ICE,Diesel,,REST,Standard,,1
2024,04,PANAMA,,Private,ICE,Diesel,,REST,Standard,,1
2024,04,PERTASA,,Corporate,ICE,Diesel,,REST,Standard,,1
2024,04,PEUGEOT,,Private,ICE,Diesel,,REST,Standard,,5
2024,04,PEUGEOT,,RAC,ICE,Diesel,,REST,Standard,,1
2024,04,PEUGEOT,2008,Corporate,BEV,Gasolina Mild Hybrid,UKL1,REST,Standard,SAV,2
2024,04,PEUGEOT,2008,Corporate,ICE,Gasolina Mild Hybrid,UKL1,REST,Standard,SAV,479
2024,04,PEUGEOT,2008,Private,BEV,Gasolina Mild Hybrid,UKL1,REST,Standard,SAV,7
2024,04,PEUGEOT,2008,Private,ICE,Gasolina Mild Hybrid,UKL1,REST,Standard,SAV,261
2024,04,PEUGEOT,2008,RAC,BEV,Gasolina Mild Hybrid,UKL1,REST,Standard,SAV,1
2024,04,PEUGEOT,2008,RAC,ICE,Gasolina Mild Hybrid,UKL1,REST,Standard,SAV,469
2024,04,PEUGEOT,208,Corporate,BEV,Gasolina Mild Hybrid,UKL1,REST,Standard,HACH 5P,19
2024,04,PEUGEOT,208,Corporate,ICE,Gasolina Mild Hybrid,UKL1,REST,Standard,HACH 5P,126
2024,04,PEUGEOT,208,Private,BEV,Gasolina Mild Hybrid,UKL1,REST,Standard,HACH 5P,45
2024,04,PEUGEOT,208,Private,ICE,Gasolina Mild Hybrid,UKL1,REST,Standard,HACH 5P,256
2024,04,PEUGEOT,208,RAC,ICE,Gasolina Mild Hybrid,UKL1,REST,Standard,HACH 5P,829
2024,04,PEUGEOT,3008,Corporate,ICE,Gasolina/Electrico Enchufable,UKL2,REST,Standard,SAT,418
2024,04,PEUGEOT,3008,Corporate,PHEV,Gasolina/Electrico Enchufable,UKL2,REST,Standard,SAT,8
2024,04,PEUGEOT,3008,Private,ICE,Gasolina/Electrico Enchufable,UKL2,REST,Standard,SAT,132
2024,04,PEUGEOT,3008,Private,PHEV,Gasolina/Electrico Enchufable,UKL2,REST,Standard,SAT,21
2024,04,PEUGEOT,3008,RAC,ICE,Gasolina/Electrico Enchufable,UKL2,REST,Standard,SAT,383
2024,04,PEUGEOT,3008,RAC,PHEV,Gasolina/Electrico Enchufable,UKL2,REST,Standard,SAT,237
2024,04,PEUGEOT,308,Corporate,BEV,Gasolina/Electrico Enchufable,UKL2,REST,Standard,HACH 5P,19
2024,04,PEUGEOT,308,Corporate,ICE,Gasolina/Electrico Enchufable,UKL2,REST,Standard,HACH 5P,166
2024,04,PEUGEOT,308,Corporate,PHEV,Gasolina/Electrico Enchufable,UKL2,REST,Standard,HACH 5P,3
2024,04,PEUGEOT,308,Private,ICE,Gasolina/Electrico Enchufable,UKL2,REST,Standard,HACH 5P,86
2024,04,PEUGEOT,308,Private,PHEV,Gasolina/Electrico Enchufable,UKL2,REST,Standard,HACH 5P,6
2024,04,PEUGEOT,308,RAC,ICE,Gasolina/Electrico Enchufable,UKL2,REST,Standard,HACH 5P,461
2024,04,PEUGEOT,408,Corporate,ICE,Gasolina/Electrico Enchufable,UKL2,REST,Standard,SEDAN,69
2024,04,PEUGEOT,408,Corporate,PHEV,Gasolina/Electrico Enchufable,UKL2,REST,Standard,SEDAN,9
2024,04,PEUGEOT,408,Private,ICE,Gasolina/Electrico Enchufable,UKL2,REST,Standard,SEDAN,21
2024,04,PEUGEOT,408,Private,PHEV,Gasolina/Electrico Enchufable,UKL2,REST,Standard,SEDAN,13
2024,04,PEUGEOT,408,RAC,ICE,Gasolina/Electrico Enchufable,UKL2,REST,Standard,SEDAN,43
2024,04,PEUGEOT,408,RAC,PHEV,Gasolina/Electrico Enchufable,UKL2,REST,Standard,SEDAN,11
2024,04,PEUGEOT,5008,Corporate,ICE,Gasolina/Electrico Enchufable,KKL,REST,Standard,SUV,121
2024,04,PEUGEOT,5008,Private,ICE,Gasolina/Electrico Enchufable,KKL,REST,Standard,SUV,80
2024,04,PEUGEOT,5008,RAC,ICE,Gasolina/Electrico Enchufable,KKL,REST,Standard,SUV,128
2024,04,PEUGEOT,508,Corporate,ICE,Diesel,KKL,REST,Standard,ESTATE,19
2024,04,PEUGEOT,508,Corporate,PHEV,Diesel,KKL,REST,Standard,ESTATE,28
2024,04,PEUGEOT,508,Private,ICE,Diesel,KKL,REST,Standard,ESTATE,4
2024,04,PEUGEOT,508,Private,PHEV,Diesel,KKL,REST,Standard,ESTATE,5
2024,04,PEUGEOT,508,RAC,ICE,Diesel,KKL,REST,Standard,ESTATE,30
2024,04,PEUGEOT,508,RAC,PHEV,Diesel,KKL,REST,Standard,ESTATE,2
2024,04,PEUGEOT,BOXER,Corporate,ICE,Diesel,SKL,REST,Standard,TRANSPORTER,139
2024,04,PEUGEOT,BOXER,Private,ICE,Diesel,SKL,REST,Standard,TRANSPORTER,42
2024,04,PEUGEOT,BOXER,RAC,ICE,Diesel,SKL,REST,Standard,TRANSPORTER,32
2024,04,PEUGEOT,E-2008 ALLURE ELECTRICO,Corporate,BEV,Electrico,,,Standard,,4
2024,04,PEUGEOT,E-2008 ALLURE ELECTRICO,Private,BEV,Electrico,,,Standard,,1
2024,04,PEUGEOT,E-208,Private,BEV,Electrico,,,Standard,,1
2024,04,PEUGEOT,EXPERT,Corporate,BEV,Electrico,SKL,REST,Standard,TRANSPORTER,37
2024,04,PEUGEOT,EXPERT,Corporate,ICE,Electrico,SKL,REST,Standard,TRANSPORTER,125
2024,04,PEUGEOT,EXPERT,Private,ICE,Electrico,SKL,REST,Standard,TRANSPORTER,16
2024,04,PEUGEOT,EXPERT,RAC,ICE,Electrico,SKL,REST,Standard,TRANSPORTER,71
2024,04,PEUGEOT,PARTNER,Corporate,BEV,Electrico,SKL,REST,Standard,TRANSPORTER,17
2024,04,PEUGEOT,PARTNER,Corporate,ICE,Electrico,SKL,REST,Standard,TRANSPORTER,268
2024,04,PEUGEOT,PARTNER,Private,ICE,Electrico,SKL,REST,Standard,TRANSPORTER,4
2024,04,PEUGEOT,PARTNER,RAC,BEV,Electrico,SKL,REST,Standard,TRANSPORTER,1
2024,04,PEUGEOT,PARTNER,RAC,ICE,Electrico,SKL,REST,Standard,TRANSPORTER,13
2024,04,PEUGEOT,RIFTER,Corporate,BEV,Electrico,SKL,REST,Standard,TRANSPORTER,28
2024,04,PEUGEOT,RIFTER,Corporate,ICE,Electrico,SKL,REST,Standard,TRANSPORTER,511
2024,04,PEUGEOT,RIFTER,Private,BEV,Electrico,SKL,REST,Standard,TRANSPORTER,7
2024,04,PEUGEOT,RIFTER,Private,ICE,Electrico,SKL,REST,Standard,TRANSPORTER,300
2024,04,PEUGEOT,RIFTER,RAC,ICE,Electrico,SKL,REST,Standard,TRANSPORTER,264
2024,04,PEUGEOT,TRAVELLER,Corporate,BEV,Diesel,SKL,REST,Standard,TRANSPORTER,3
2024,04,PEUGEOT,TRAVELLER,Corporate,ICE,Diesel,SKL,REST,Standard,TRANSPORTER,7
2024,04,PEUGEOT,TRAVELLER,Private,BEV,Diesel,SKL,REST,Standard,TRANSPORTER,1
2024,04,PEUGEOT,TRAVELLER,Private,ICE,Diesel,SKL,REST,Standard,TRANSPORTER,8
2024,04,PEUGEOT,TRAVELLER,RAC,ICE,Diesel,SKL,REST,Standard,TRANSPORTER,87
2024,04,PIAGGIO,PORTER,Corporate,ICE,Gas natural comprimido (GNC),SKL,REST,Standard,TRANSPORTER,11
2024,04,PILOTE,,Private,ICE,Diesel,,REST,Standard,,3
2024,04,PILOTE,,RAC,ICE,Diesel,,REST,Standard,,1
2024,04,PIRINEUS,,Corporate,ICE,Diesel,,REST,Standard,,3
2024,04,POESSL,,Corporate,ICE,Diesel,,REST,Standard,,1
2024,04,POESSL,,Private,ICE,Diesel,,REST,Standard,,1
2024,04,POESSL,,RAC,ICE,Diesel,,REST,Standard,,1
2024,04,POLESTAR,POLESTAR 2,Corporate,BEV,Electrico,KKL,FOCUS SEGMENT,Standard,SEDAN,6
2024,04,POLESTAR,POLESTAR 2,Private,BEV,Electrico,KKL,FOCUS SEGMENT,Standard,SEDAN,3
2024,04,POLESTAR,POLESTAR 2,RAC,BEV,Electrico,KKL,FOCUS SEGMENT,Standard,SEDAN,11
2024,04,PORSCHE,718,Corporate,ICE,Gasolina,KKL,FOCUS SEGMENT,M,ROADSTER,1
2024,04,PORSCHE,718,Corporate,ICE,Gasolina,KKL,FOCUS SEGMENT,M Performance,ROADSTER,2
2024,04,PORSCHE,718,Corporate,ICE,Gasolina,KKL,FOCUS SEGMENT,Standard,ROADSTER,9
2024,04,PORSCHE,718,Private,ICE,Gasolina,KKL,FOCUS SEGMENT,M,ROADSTER,2
2024,04,PORSCHE,718,Private,ICE,Gasolina,KKL,FOCUS SEGMENT,M Performance,ROADSTER,2
2024,04,PORSCHE,718,Private,ICE,Gasolina,KKL,FOCUS SEGMENT,Standard,ROADSTER,8
2024,04,PORSCHE,718,RAC,ICE,Gasolina,KKL,FOCUS SEGMENT,M,ROADSTER,1
2024,04,PORSCHE,718,RAC,ICE,Gasolina,KKL,FOCUS SEGMENT,Standard,ROADSTER,7
2024,04,PORSCHE,911,Corporate,ICE,Gasolina/Electrico,GKL,FOCUS SEGMENT,M,COUPE,28
2024,04,PORSCHE,911,Corporate,ICE,Gasolina/Electrico,GKL,FOCUS SEGMENT,M Performance,COUPE,11
2024,04,PORSCHE,911,Corporate,ICE,Gasolina/Electrico,GKL,FOCUS SEGMENT,Standard,COUPE,7
2024,04,PORSCHE,911,Private,ICE,Gasolina/Electrico,GKL,FOCUS SEGMENT,M,COUPE,17
2024,04,PORSCHE,911,Private,ICE,Gasolina/Electrico,GKL,FOCUS SEGMENT,M Performance,COUPE,27
2024,04,PORSCHE,911,Private,ICE,Gasolina/Electrico,GKL,FOCUS SEGMENT,Standard,COUPE,10
2024,04,PORSCHE,911,RAC,ICE,Gasolina/Electrico,GKL,FOCUS SEGMENT,M,COUPE,2
2024,04,PORSCHE,911,RAC,ICE,Gasolina/Electrico,GKL,FOCUS SEGMENT,M Performance,COUPE,1
2024,04,PORSCHE,911,RAC,ICE,Gasolina/Electrico,GKL,FOCUS SEGMENT,Standard,COUPE,6
2024,04,PORSCHE,CAYENNE,Corporate,ICE,Gasolina/Electrico Enchufable,MKL,FOCUS SEGMENT,Standard,SAV,5
2024,04,PORSCHE,CAYENNE,Corporate,PHEV,Gasolina/Electrico Enchufable,MKL,FOCUS SEGMENT,M,SAV,3
2024,04,PORSCHE,CAYENNE,Corporate,PHEV,Gasolina/Electrico Enchufable,MKL,FOCUS SEGMENT,M Performance,SAV,4
2024,04,PORSCHE,CAYENNE,Private,ICE,Gasolina/Electrico Enchufable,MKL,FOCUS SEGMENT,Standard,SAV,1
2024,04,PORSCHE,CAYENNE,Private,PHEV,Gasolina/Electrico Enchufable,MKL,FOCUS SEGMENT,M,SAV,5
2024,04,PORSCHE,CAYENNE,Private,PHEV,Gasolina/Electrico Enchufable,MKL,FOCUS SEGMENT,M Performance,SAV,4
2024,04,PORSCHE,CAYENNE,RAC,PHEV,Gasolina/Electrico Enchufable,MKL,FOCUS SEGMENT,M Performance,SAV,1
2024,04,PORSCHE,CAYENNE COUPE,Corporate,ICE,Gasolina/Electrico Enchufable,MKL,FOCUS SEGMENT,M Performance,SAV,6
2024,04,PORSCHE,CAYENNE COUPE,Corporate,PHEV,Gasolina/Electrico Enchufable,MKL,FOCUS SEGMENT,Standard,SAV,43
2024,04,PORSCHE,CAYENNE COUPE,Private,ICE,Gasolina/Electrico Enchufable,MKL,FOCUS SEGMENT,M Performance,SAV,2
2024,04,PORSCHE,CAYENNE COUPE,Private,PHEV,Gasolina/Electrico Enchufable,MKL,FOCUS SEGMENT,Standard,SAV,12
2024,04,PORSCHE,CAYENNE COUPE,RAC,PHEV,Gasolina/Electrico Enchufable,MKL,FOCUS SEGMENT,Standard,SAV,8
2024,04,PORSCHE,MACAN,Corporate,ICE,Electrico,KKL,FOCUS SEGMENT,M Performance,SAV,31
2024,04,PORSCHE,MACAN,Corporate,ICE,Electrico,KKL,FOCUS SEGMENT,Standard,SAV,32
2024,04,PORSCHE,MACAN,Private,ICE,Electrico,KKL,FOCUS SEGMENT,M Performance,SAV,33
2024,04,PORSCHE,MACAN,Private,ICE,Electrico,KKL,FOCUS SEGMENT,Standard,SAV,26
2024,04,PORSCHE,MACAN,RAC,ICE,Electrico,KKL,FOCUS SEGMENT,M Performance,SAV,2
2024,04,PORSCHE,MACAN,RAC,ICE,Electrico,KKL,FOCUS SEGMENT,Standard,SAV,8
2024,04,PORSCHE,PANAMERA,Corporate,ICE,Gasolina/Electrico Enchufable,GKL,FOCUS SEGMENT,Standard,SEDAN,2
2024,04,PORSCHE,PANAMERA,Corporate,PHEV,Gasolina/Electrico Enchufable,GKL,FOCUS SEGMENT,M,SEDAN,1
2024,04,PORSCHE,PANAMERA,Corporate,PHEV,Gasolina/Electrico Enchufable,GKL,FOCUS SEGMENT,Standard,SEDAN,5
2024,04,PORSCHE,PANAMERA,Private,PHEV,Gasolina/Electrico Enchufable,GKL,FOCUS SEGMENT,M Performance,SEDAN,1
2024,04,PORSCHE,PANAMERA,RAC,PHEV,Gasolina/Electrico Enchufable,GKL,FOCUS SEGMENT,Standard,SEDAN,3
2024,04,PORSCHE,TAYCAN,Corporate,BEV,Electrico,GKL,FOCUS SEGMENT,M,ESTATE,1
2024,04,PORSCHE,TAYCAN,Corporate,BEV,Electrico,GKL,FOCUS SEGMENT,M Performance,ESTATE,5
2024,04,PORSCHE,TAYCAN,Corporate,BEV,Electrico,GKL,FOCUS SEGMENT,Standard,ESTATE,4
2024,04,POSSL,,Private,ICE,Diesel,,REST,Standard,,2
2024,04,PUJOL,,Corporate,ICE,Diesel,,REST,Standard,,5
2024,04,PUJOL,,Private,ICE,Diesel,,REST,Standard,,1
2024,04,RANDGER,,Private,ICE,Diesel,,REST,Standard,,4
2024,04,RAPIDO,,Private,ICE,Diesel,,REST,Standard,,9
2024,04,RECAPOL,,Corporate,ICE,Diesel,,REST,Standard,,2
2024,04,REHATRANS,,Corporate,ICE,Diesel,,REST,Standard,,15
2024,04,REHATRANS,,Private,ICE,Diesel,,REST,Standard,,5
2024,04,REHATRANS,,RAC,ICE,Diesel,,REST,Standard,,2
2024,04,REMAOP,,Corporate,ICE,Gas Licuado con petroleo (GLP),,REST,Standard,,1
2024,04,RENAULT,,Corporate,ICE,Diesel,,REST,Standard,,1
2024,04,RENAULT,,RAC,ICE,Diesel,,REST,Standard,,3
2024,04,RENAULT,ARKANA,Corporate,ICE,Gasolina/Electrico,UKL2,REST,Standard,SAV,126
2024,04,RENAULT,ARKANA,Private,ICE,Gasolina/Electrico,UKL2,REST,Standard,SAV,219
2024,04,RENAULT,ARKANA,RAC,ICE,Gasolina/Electrico,UKL2,REST,Standard,SAV,116
2024,04,RENAULT,AUSTRAL,Corporate,ICE,Gasolina/Electrico,UKL2,REST,Standard,SAV,374
2024,04,RENAULT,AUSTRAL,Private,ICE,Gasolina/Electrico,UKL2,REST,Standard,SAV,477
2024,04,RENAULT,AUSTRAL,RAC,ICE,Gasolina/Electrico,UKL2,REST,Standard,SAV,90
2024,04,RENAULT,CAPTUR,Corporate,ICE,Gasolina/Electrico,UKL1,REST,Standard,SAV,542
2024,04,RENAULT,CAPTUR,Corporate,PHEV,Gasolina/Electrico,UKL1,REST,Standard,SAV,3
2024,04,RENAULT,CAPTUR,Private,ICE,Gasolina/Electrico,UKL1,REST,Standard,SAV,742
2024,04,RENAULT,CAPTUR,RAC,ICE,Gasolina/Electrico,UKL1,REST,Standard,SAV,83
2024,04,RENAULT,CLIO,Corporate,ICE,Gasolina/Electrico,UKL1,REST,Standard,HACH 5P,907
2024,04,RENAULT,CLIO,Private,ICE,Gasolina/Electrico,UKL1,REST,Standard,HACH 5P,968
2024,04,RENAULT,CLIO,RAC,ICE,Gasolina/Electrico,UKL1,REST,Standard,HACH 5P,466
2024,04,RENAULT,ESPACE,Corporate,ICE,Gasolina/Electrico,KKL,REST,Standard,SAV,70
2024,04,RENAULT,ESPACE,Private,ICE,Gasolina/Electrico,KKL,REST,Standard,SAV,70
2024,04,RENAULT,ESPACE,RAC,ICE,Gasolina/Electrico,KKL,REST,Standard,SAV,83
2024,04,RENAULT,EXPRESS,Corporate,ICE,Diesel,SKL,REST,Standard,TRANSPORTER,1381
2024,04,RENAULT,EXPRESS,Private,ICE,Diesel,SKL,REST,Standard,TRANSPORTER,14
2024,04,RENAULT,EXPRESS,RAC,ICE,Diesel,SKL,REST,Standard,TRANSPORTER,5
2024,04,RENAULT,KANGOO,Corporate,BEV,Gasolina,SKL,REST,Standard,TRANSPORTER,93
2024,04,RENAULT,KANGOO,Corporate,ICE,Gasolina,SKL,REST,Standard,TRANSPORTER,557
2024,04,RENAULT,KANGOO,Private,ICE,Gasolina,SKL,REST,Standard,TRANSPORTER,98
2024,04,RENAULT,KANGOO,RAC,ICE,Gasolina,SKL,REST,Standard,TRANSPORTER,7
2024,04,RENAULT,MASTER,Corporate,BEV,Electrico,SKL,REST,Standard,TRANSPORTER,15
2024,04,RENAULT,MASTER,Corporate,ICE,Electrico,SKL,REST,Standard,TRANSPORTER,386
2024,04,RENAULT,MASTER,Private,ICE,Electrico,SKL,REST,Standard,TRANSPORTER,49
2024,04,RENAULT,MASTER,RAC,ICE,Electrico,SKL,REST,Standard,TRANSPORTER,74
2024,04,RENAULT,MEGANE,Corporate,BEV,Gasolina,UKL2,REST,Standard,HACH 5P,14
2024,04,RENAULT,MEGANE,Corporate,ICE,Gasolina,UKL2,REST,Standard,HACH 5P,148
2024,04,RENAULT,MEGANE,Private,BEV,Gasolina,UKL2,REST,Standard,HACH 5P,7
2024,04,RENAULT,MEGANE,Private,ICE,Gasolina,UKL2,REST,Standard,HACH 5P,4
2024,04,RENAULT,MEGANE,RAC,BEV,Gasolina,UKL2,REST,Standard,HACH 5P,64
2024,04,RENAULT,MEGANE,RAC,ICE,Gasolina,UKL2,REST,Standard,HACH 5P,2
2024,04,RENAULT,RAFALE,Corporate,ICE,Gasolina/Electrico Enchufable,UKL2,REST,Standard,SAV,7
2024,04,RENAULT,RAFALE,Corporate,PHEV,Gasolina/Electrico Enchufable,UKL2,REST,Standard,SAV,1
2024,04,RENAULT,TRAFIC,Corporate,ICE,Electrico,SKL,REST,Standard,TRANSPORTER,429
2024,04,RENAULT,TRAFIC,Private,ICE,Electrico,SKL,REST,Standard,TRANSPORTER,91
2024,04,RENAULT,TRAFIC,RAC,ICE,Electrico,SKL,REST,Standard,TRANSPORTER,16
2024,04,RENAULT,TWINGO,Corporate,BEV,Electrico,UKL0,REST,Standard,HACH 5P,1
2024,04,RENAULT,TWINGO,Private,BEV,Electrico,UKL0,REST,Standard,HACH 5P,1
2024,04,RENAULT,ZOE,Corporate,BEV,Electrico,UKL1,REST,Standard,HACH 5P,7
2024,04,RENAULT TRUCKS,MASTER,Corporate,BEV,Electrico,SKL,REST,Standard,TRANSPORTER,2
2024,04,RENAULT TRUCKS,MASTER,Corporate,ICE,Electrico,SKL,REST,Standard,TRANSPORTER,65
2024,04,RENAULT TRUCKS,MASTER,Private,ICE,Electrico,SKL,REST,Standard,TRANSPORTER,18
2024,04,RENAULT TRUCKS,MASTER,RAC,ICE,Electrico,SKL,REST,Standard,TRANSPORTER,14
2024,04,RENAULT TRUCKS,TRAFIC,Corporate,ICE,Diesel,SKL,REST,Standard,TRANSPORTER,20
2024,04,RENAULT TRUCKS,TRAFIC,Private,ICE,Diesel,SKL,REST,Standard,TRANSPORTER,2
2024,04,RENAULT TRUCKS,TRAFIC,RAC,ICE,Diesel,SKL,REST,Standard,TRANSPORTER,3
2024,04,RIMOR,,Private,ICE,Diesel,,REST,Standard,,1
2024,04,RIMOR,,RAC,ICE,Diesel,,REST,Standard,,1
2024,04,ROGA,,Private,ICE,Diesel,,REST,Standard,,1
2024,04,ROLLER TEAM,,RAC,ICE,Diesel,,REST,Standard,,1
2024,04,ROMERO,,Corporate,ICE,Diesel,,REST,Standard,,1
2024,04,ROTOMAR,,Corporate,ICE,Diesel,,REST,Standard,,5
2024,04,RTF,,Corporate,ICE,Diesel,,REST,Standard,,1
2024,04,SARTRUCK,,Corporate,ICE,Diesel,,REST,Standard,,12
2024,04,SCORA,,Corporate,ICE,Diesel,,REST,Standard,,1
2024,04,SEAT,ARONA,Corporate,ICE,Gasolina,UKL1,REST,Standard,SAV,640
2024,04,SEAT,ARONA,Private,ICE,Gasolina,UKL1,REST,Standard,SAV,767
2024,04,SEAT,ARONA,RAC,ICE,Gasolina,UKL1,REST,Standard,SAV,914
2024,04,SEAT,ATECA,Corporate,ICE,Gasolina,UKL2,REST,Standard,SAT,122
2024,04,SEAT,ATECA,Private,ICE,Gasolina,UKL2,REST,Standard,SAT,259
2024,04,SEAT,ATECA,RAC,ICE,Gasolina,UKL2,REST,Standard,SAT,220
2024,04,SEAT,IBIZA,Corporate,ICE,Gasolina,UKL1,REST,Standard,HACH 5P,466
2024,04,SEAT,IBIZA,Private,ICE,Gasolina,UKL1,REST,Standard,HACH 5P,826
2024,04,SEAT,IBIZA,RAC,ICE,Gasolina,UKL1,REST,Standard,HACH 5P,1183
2024,04,SEAT,LEON,Corporate,ICE,Gasolina/Electrico Enchufable,UKL2,REST,Standard,HACH 5P,354
2024,04,SEAT,LEON,Corporate,PHEV,Gasolina/Electrico Enchufable,UKL2,REST,Standard,HACH 5P,18
2024,04,SEAT,LEON,Private,ICE,Gasolina/Electrico Enchufable,UKL2,REST,Standard,HACH 5P,340
2024,04,SEAT,LEON,Private,PHEV,Gasolina/Electrico Enchufable,UKL2,REST,Standard,HACH 5P,6
2024,04,SEAT,LEON,RAC,ICE,Gasolina/Electrico Enchufable,UKL2,REST,Standard,HACH 5P,365
2024,04,SEAT,TARRACO,Corporate,ICE,Diesel,KKL,REST,Standard,SAV,39
2024,04,SEAT,TARRACO,Corporate,PHEV,Diesel,KKL,REST,Standard,SAV,6
2024,04,SEAT,TARRACO,Private,ICE,Diesel,KKL,REST,Standard,SAV,95
2024,04,SEAT,TARRACO,Private,PHEV,Diesel,KKL,REST,Standard,SAV,12
2024,04,SEAT,TARRACO,RAC,ICE,Diesel,KKL,REST,Standard,SAV,114
2024,04,SEMICARFRAN SL,,Corporate,ICE,Diesel,,REST,Standard,,9
2024,04,SEMICARFRAN SL,,RAC,ICE,Diesel,,REST,Standard,,15
2024,04,SHINERAY,,Private,ICE,Gasolina,,REST,Standard,,6
2024,04,SHINERAY,,RAC,ICE,Gasolina,,REST,Standard,,5
2024,04,SILA,,Corporate,BEV,Electrico,,REST,Standard,,8
2024,04,SILA,,Corporate,ICE,Diesel,,REST,Standard,,6
2024,04,SIN MARCA,,Corporate,BEV,Electrico,,REST,Standard,,1
2024,04,SIN MARCA,,Corporate,ICE,Diesel,,REST,Standard,,142
2024,04,SIN MARCA,,Corporate,ICE,Gasolina,,REST,Standard,,38
2024,04,SIN MARCA,,Corporate,PHEV,Gasolina/Electrico Enchufable,,REST,Standard,,63
2024,04,SIN MARCA,,Private,ICE,Diesel,,REST,Standard,,13
2024,04,SIN MARCA,,Private,PHEV,Gasolina/Electrico Enchufable,,REST,Standard,,10
2024,04,SIN MARCA,,RAC,ICE,Diesel,,REST,Standard,,150
2024,04,SIN MARCA,,RAC,ICE,Gasolina,,REST,Standard,,71
2024,04,SIN MARCA,,RAC,PHEV,Gasolina/Electrico Enchufable,,REST,Standard,,23
2024,04,SKODA,ENYAQ,Corporate,BEV,Electrico,UKL2,REST,Standard,SAV,37
2024,04,SKODA,ENYAQ,Private,BEV,Electrico,UKL2,REST,Standard,SAV,15
2024,04,SKODA,FABIA,Corporate,ICE,Gasolina,UKL1,REST,Standard,HACH 5P,196
2024,04,SKODA,FABIA,Private,ICE,Gasolina,UKL1,REST,Standard,HACH 5P,182
2024,04,SKODA,FABIA,RAC,ICE,Gasolina,UKL1,REST,Standard,HACH 5P,241
2024,04,SKODA,KAMIQ,Corporate,ICE,Gasolina,UKL1,REST,Standard,SAV,160
2024,04,SKODA,KAMIQ,Private,ICE,Gasolina,UKL1,REST,Standard,SAV,327
2024,04,SKODA,KAMIQ,RAC,ICE,Gasolina,UKL1,REST,Standard,SAV,380
2024,04,SKODA,KAROQ,Corporate,ICE,Gasolina,UKL2,REST,Standard,SAT,91
2024,04,SKODA,KAROQ,Private,ICE,Gasolina,UKL2,REST,Standard,SAT,256
2024,04,SKODA,KAROQ,RAC,ICE,Gasolina,UKL2,REST,Standard,SAT,120
2024,04,SKODA,KODIAQ,Corporate,ICE,Gasolina/Electrico Enchufable,KKL,REST,Standard,SAV,91
2024,04,SKODA,KODIAQ,Private,ICE,Gasolina/Electrico Enchufable,KKL,REST,Standard,SAV,39
2024,04,SKODA,KODIAQ,RAC,ICE,Gasolina/Electrico Enchufable,KKL,REST,Standard,SAV,109
2024,04,SKODA,OCTAVIA,Corporate,ICE,Gasolina Mild Hybrid,UKL2,REST,Standard,ESTATE,239
2024,04,SKODA,OCTAVIA,Corporate,PHEV,Gasolina Mild Hybrid,UKL2,REST,Standard,ESTATE,6
2024,04,SKODA,OCTAVIA,Private,ICE,Gasolina Mild Hybrid,UKL2,REST,Standard,ESTATE,127
2024,04,SKODA,OCTAVIA,Private,PHEV,Gasolina Mild Hybrid,UKL2,REST,Standard,ESTATE,2
2024,04,SKODA,OCTAVIA,RAC,ICE,Gasolina Mild Hybrid,UKL2,REST,Standard,ESTATE,2
2024,04,SKODA,SCALA,Corporate,ICE,Gasolina,UKL2,REST,Standard,HACH 5P,66
2024,04,SKODA,SCALA,Private,ICE,Gasolina,UKL2,REST,Standard,HACH 5P,87
2024,04,SKODA,SCALA,RAC,ICE,Gasolina,UKL2,REST,Standard,HACH 5P,301
2024,04,SKODA,SUPERB,Corporate,ICE,Gasolina/Electrico Enchufable,KKL,REST,Standard,SEDAN,46
2024,04,SKODA,SUPERB,Corporate,PHEV,Gasolina/Electrico Enchufable,KKL,REST,Standard,SEDAN,1
2024,04,SKODA,SUPERB,Private,ICE,Gasolina/Electrico Enchufable,KKL,REST,Standard,SEDAN,7
2024,04,SKYWELL,ET5,Corporate,BEV,Electrico,UKL2,REST,Standard,SAV,1
2024,04,SMART,,Corporate,BEV,Electrico,,REST,Standard,,4
2024,04,SMART,,Private,BEV,Electrico,,REST,Standard,,3
2024,04,SMART,#1,Corporate,BEV,Electrico,UKL1,FOCUS SEGMENT,Standard,SAV,45
2024,04,SMART,#1,Private,BEV,Electrico,UKL1,FOCUS SEGMENT,Standard,SAV,19
2024,04,SMART,#3,Corporate,BEV,Electrico,UKL2,FOCUS SEGMENT,Standard,HACH 5P,15
2024,04,SMART,#3,Private,BEV,Electrico,UKL2,FOCUS SEGMENT,Standard,HACH 5P,24
2024,04,SOCAGE,,Corporate,ICE,Diesel,,REST,Standard,,3
2024,04,SOCAGE,,Corporate,ICE,Gas Licuado con petroleo (GLP),,REST,Standard,,1
2024,04,SOCAGE,,RAC,ICE,Diesel,,REST,Standard,,2
2024,04,SORTIMO,,Corporate,ICE,Diesel,,REST,Standard,,8
2024,04,SORTIMO,,Corporate,ICE,Gasolina,,REST,Standard,,35
2024,04,SSANGYONG,KORANDO K4,Corporate,BEV,Diesel,KKL,REST,Standard,SAV,1
2024,04,SSANGYONG,KORANDO K4,Corporate,ICE,Diesel,KKL,REST,Standard,SAV,3
2024,04,SSANGYONG,KORANDO K4,Private,BEV,Diesel,KKL,REST,Standard,SAV,1
2024,04,SSANGYONG,KORANDO K4,Private,ICE,Diesel,KKL,REST,Standard,SAV,30
2024,04,SSANGYONG,KORANDO K4,RAC,ICE,Diesel,KKL,REST,Standard,SAV,72
2024,04,SSANGYONG,MUSSO,Corporate,ICE,Diesel,SKL,REST,Standard,PICKUP,24
2024,04,SSANGYONG,MUSSO,Private,ICE,Diesel,SKL,REST,Standard,PICKUP,10
2024,04,SSANGYONG,MUSSO,RAC,ICE,Diesel,SKL,REST,Standard,PICKUP,4
2024,04,SSANGYONG,REXTON,Corporate,ICE,Diesel,MKL,REST,Standard,SAV,83
2024,04,SSANGYONG,REXTON,Private,ICE,Diesel,MKL,REST,Standard,SAV,6
2024,04,SSANGYONG,TIVOLI,Corporate,ICE,Gasolina,UKL1,REST,Standard,SAV,11
2024,04,SSANGYONG,TIVOLI,Private,ICE,Gasolina,UKL1,REST,Standard,SAV,97
2024,04,SSANGYONG,TIVOLI,RAC,ICE,Gasolina,UKL1,REST,Standard,SAV,556
2024,04,SSANGYONG,TORRES,Corporate,ICE,Gasolina,KKL,REST,Standard,SAV,18
2024,04,SSANGYONG,TORRES,Private,ICE,Gasolina,KKL,REST,Standard,SAV,16
2024,04,STX,,Corporate,ICE,Diesel,,REST,Standard,,2
2024,04,STX,,Private,ICE,Diesel,,REST,Standard,,1
2024,04,SUBARU,FORESTER,Corporate,ICE,Gasolina/Electrico,KKL,REST,Standard,SAV,68
2024,04,SUBARU,FORESTER,Private,ICE,Gasolina/Electrico,KKL,REST,Standard,SAV,17
2024,04,SUBARU,IMPREZA,Corporate,ICE,Gasolina Mild Hybrid,UKL2,REST,Standard,HACH 5P,1
2024,04,SUBARU,OUTBACK,Corporate,ICE,Gasolina,KKL,REST,Standard,ESTATE,22
2024,04,SUBARU,OUTBACK,Private,ICE,Gasolina,KKL,REST,Standard,ESTATE,20
2024,04,SUBARU,OUTBACK,RAC,ICE,Gasolina,KKL,REST,Standard,ESTATE,2
2024,04,SUBARU,SOLTERRA,Corporate,BEV,Electrico,UKL2,REST,Standard,SAV,2
2024,04,SUBARU,SOLTERRA,Private,BEV,Electrico,UKL2,REST,Standard,SAV,2
2024,04,SUBARU,WRX,Corporate,ICE,Gasolina,UKL2,REST,Standard,SEDAN,2
2024,04,SUBARU,XV,Corporate,ICE,Gasolina,UKL2,REST,Standard,SAV,15
2024,04,SUBARU,XV,Private,ICE,Gasolina,UKL2,REST,Standard,SAV,41
2024,04,SUBARU,XV,RAC,ICE,Gasolina,UKL2,REST,Standard,SAV,10
2024,04,SUN LIVING,,Private,ICE,Diesel,,REST,Standard,,6
2024,04,SUN LIVING,,RAC,ICE,Diesel,,REST,Standard,,3
2024,04,SURTRUCK,,Corporate,BEV,Electrico,,REST,Standard,,1
2024,04,SURTRUCK,,RAC,ICE,Diesel,,REST,Standard,,1
2024,04,SUZUKI,ACROSS,Private,PHEV,Gasolina/Electrico Enchufable,UKL2,REST,Standard,SAV,1
2024,04,SUZUKI,IGNIS,Corporate,ICE,Gasolina Mild Hybrid,UKL0,REST,Standard,HACH 5P,2
2024,04,SUZUKI,IGNIS,Private,ICE,Gasolina Mild Hybrid,UKL0,REST,Standard,HACH 5P,34
2024,04,SUZUKI,IGNIS,RAC,ICE,Gasolina Mild Hybrid,UKL0,REST,Standard,HACH 5P,1
2024,04,SUZUKI,JIMNY,Corporate,ICE,Gasolina,SKL,REST,Standard,TRANSPORTER,20
2024,04,SUZUKI,JIMNY,Private,ICE,Gasolina,SKL,REST,Standard,TRANSPORTER,43
2024,04,SUZUKI,JIMNY,RAC,ICE,Gasolina,SKL,REST,Standard,TRANSPORTER,5
2024,04,SUZUKI,SWACE,Corporate,ICE,Gasolina/Electrico,UKL2,REST,Standard,HACH 5P,4
2024,04,SUZUKI,SWACE,Private,ICE,Gasolina/Electrico,UKL2,REST,Standard,HACH 5P,8
2024,04,SUZUKI,SWIFT,Corporate,ICE,Gasolina Mild Hybrid,UKL1,REST,Standard,HACH 5P,28
2024,04,SUZUKI,SWIFT,Private,ICE,Gasolina Mild Hybrid,UKL1,REST,Standard,HACH 5P,53
2024,04,SUZUKI,SX4,Corporate,ICE,Gasolina/Electrico,UKL1,REST,Standard,SAV,27
2024,04,SUZUKI,SX4,Private,ICE,Gasolina/Electrico,UKL1,REST,Standard,SAV,37
2024,04,SUZUKI,SX4,RAC,ICE,Gasolina/Electrico,UKL1,REST,Standard,SAV,6
2024,04,SUZUKI,VITARA,Corporate,ICE,Gasolina/Electrico,UKL2,REST,Standard,SUV,11
2024,04,SUZUKI,VITARA,Private,ICE,Gasolina/Electrico,UKL2,REST,Standard,SUV,67
2024,04,SUZUKI,VITARA,RAC,ICE,Gasolina/Electrico,UKL2,REST,Standard,SUV,17
2024,04,TAGASA,,Corporate,ICE,Diesel,,REST,Standard,,1
2024,04,TALLERES AGUILAR,,Corporate,ICE,Diesel,,REST,Standard,,3
2024,04,TALLERES JOFRAUTO,,Corporate,ICE,Diesel,,REST,Standard,,2
2024,04,TALLERES PRAT RUSIÑOL,,Corporate,ICE,Diesel,,REST,Standard,,6
2024,04,TALLERES PRAT RUSIÑOL,,Private,ICE,Diesel,,REST,Standard,,3
2024,04,TALLERES PRAT RUSIÑOL,,RAC,ICE,Diesel,,REST,Standard,,2
2024,04,TAMAME,,Corporate,ICE,Diesel,,REST,Standard,,1
2024,04,TECNOCARROCERA,,Corporate,ICE,Diesel,,REST,Standard,,9
2024,04,TECNOCARSA,,Corporate,ICE,Diesel,,REST,Standard,,5
2024,04,TECNOCARSA,,Private,ICE,Diesel,,REST,Standard,,2
2024,04,TECNOGRUA,,Corporate,ICE,Diesel,,REST,Standard,,1
2024,04,TECNOVE FIBERGLASS,,Corporate,ICE,Diesel,,REST,Standard,,1
2024,04,TERRADAS,,Corporate,ICE,Diesel,,REST,Standard,,9
2024,04,TESLA,MODEL 3,Corporate,BEV,Electrico,KKL,FOCUS SEGMENT,Standard,SEDAN,108
2024,04,TESLA,MODEL 3,Private,BEV,Electrico,KKL,FOCUS SEGMENT,Standard,SEDAN,487
2024,04,TESLA,MODEL 3,RAC,BEV,Electrico,KKL,FOCUS SEGMENT,Standard,SEDAN,1
2024,04,TESLA,MODEL S,Corporate,BEV,Electrico,GKL,FOCUS SEGMENT,Standard,SEDAN,2
2024,04,TESLA,MODEL S,Private,BEV,Electrico,GKL,FOCUS SEGMENT,Standard,SEDAN,1
2024,04,TESLA,MODEL X,Corporate,BEV,Electrico,GKL,FOCUS SEGMENT,Standard,SAT,3
2024,04,TESLA,MODEL X,Private,BEV,Electrico,GKL,FOCUS SEGMENT,Standard,SAT,4
2024,04,TESLA,MODEL Y,Corporate,BEV,Electrico,KKL,FOCUS SEGMENT,Standard,SAT,90
2024,04,TESLA,MODEL Y,Private,BEV,Electrico,KKL,FOCUS SEGMENT,Standard,SAT,187
2024,04,THERMOEUROP,,RAC,ICE,Diesel,,REST,Standard,,3
2024,04,TOTH ES FIAI,,RAC,ICE,Diesel,,REST,Standard,,1
2024,04,TOYOTA,,Corporate,ICE,Gasolina,,REST,Standard,,1
2024,04,TOYOTA,AYGO X,Corporate,ICE,Gasolina/Electrico,UKL0,REST,Standard,HACH 5P,56
2024,04,TOYOTA,AYGO X,Private,ICE,Gasolina/Electrico,UKL0,REST,Standard,HACH 5P,165
2024,04,TOYOTA,AYGO X,RAC,ICE,Gasolina/Electrico,UKL0,REST,Standard,HACH 5P,265
2024,04,TOYOTA,BZ4X,Corporate,BEV,Electrico,UKL2,REST,Standard,SAV,10
2024,04,TOYOTA,BZ4X,Private,BEV,Electrico,UKL2,REST,Standard,SAV,10
2024,04,TOYOTA,C-HR,Corporate,ICE,Gasolina/Electrico Enchufable,UKL1,REST,Standard,SAV,206
2024,04,TOYOTA,C-HR,Corporate,PHEV,Gasolina/Electrico Enchufable,UKL1,REST,Standard,SAV,111
2024,04,TOYOTA,C-HR,Private,ICE,Gasolina/Electrico Enchufable,UKL1,REST,Standard,SAV,588
2024,04,TOYOTA,C-HR,Private,PHEV,Gasolina/Electrico Enchufable,UKL1,REST,Standard,SAV,18
2024,04,TOYOTA,C-HR,RAC,ICE,Gasolina/Electrico Enchufable,UKL1,REST,Standard,SAV,46
2024,04,TOYOTA,CAMRY,Corporate,ICE,Gasolina/Electrico,KKL,REST,Standard,SEDAN,2
2024,04,TOYOTA,CAMRY,Private,ICE,Gasolina/Electrico,KKL,REST,Standard,SEDAN,5
2024,04,TOYOTA,COROLLA,Corporate,ICE,Gasolina/Electrico,UKL2,REST,Standard,HACH 5P,518
2024,04,TOYOTA,COROLLA,Private,ICE,Gasolina/Electrico,UKL2,REST,Standard,HACH 5P,1361
2024,04,TOYOTA,COROLLA,RAC,ICE,Gasolina/Electrico,UKL2,REST,Standard,HACH 5P,264
2024,04,TOYOTA,GR YARIS,Corporate,ICE,Gasolina,,,Standard,,2
2024,04,TOYOTA,GR YARIS,Private,ICE,Gasolina,,,Standard,,2
2024,04,TOYOTA,GR86,Corporate,ICE,Gasolina,UKL2,REST,Standard,COUPE,3
2024,04,TOYOTA,GR86,Private,ICE,Gasolina,UKL2,REST,Standard,COUPE,32
2024,04,TOYOTA,HI LUX,Corporate,ICE,Electrico,SKL,REST,Standard,PICKUP,314
2024,04,TOYOTA,HI LUX,Private,ICE,Electrico,SKL,REST,Standard,PICKUP,61
2024,04,TOYOTA,HI LUX,RAC,ICE,Electrico,SKL,REST,Standard,PICKUP,3
2024,04,TOYOTA,HIGHLANDER,Corporate,ICE,Gasolina/Electrico,MKL,REST,Standard,SUV,10
2024,04,TOYOTA,HIGHLANDER,Private,ICE,Gasolina/Electrico,MKL,REST,Standard,SUV,13
2024,04,TOYOTA,HIGHLANDER,RAC,ICE,Gasolina/Electrico,MKL,REST,Standard,SUV,1
2024,04,TOYOTA,LAND CRUISER,Corporate,ICE,Diesel Mild Hybrid,GKL,REST,Standard,SUV,39
2024,04,TOYOTA,LAND CRUISER,Private,ICE,Diesel Mild Hybrid,GKL,REST,Standard,SUV,8
2024,04,TOYOTA,PROACE,Corporate,BEV,Electrico,SKL,REST,Standard,TRANSPORTER,10
2024,04,TOYOTA,PROACE,Corporate,ICE,Electrico,SKL,REST,Standard,TRANSPORTER,193
2024,04,TOYOTA,PROACE,Private,BEV,Electrico,SKL,REST,Standard,TRANSPORTER,1
2024,04,TOYOTA,PROACE,Private,ICE,Electrico,SKL,REST,Standard,TRANSPORTER,58
2024,04,TOYOTA,PROACE,RAC,BEV,Electrico,SKL,REST,Standard,TRANSPORTER,7
2024,04,TOYOTA,PROACE,RAC,ICE,Electrico,SKL,REST,Standard,TRANSPORTER,30
2024,04,TOYOTA,PROACE CITY,Corporate,BEV,Electrico,SKL,REST,Standard,TRANSPORTER,17
2024,04,TOYOTA,PROACE CITY,Corporate,ICE,Electrico,SKL,REST,Standard,TRANSPORTER,177
2024,04,TOYOTA,PROACE CITY,Private,ICE,Electrico,SKL,REST,Standard,TRANSPORTER,13
2024,04,TOYOTA,PROACE CITY,RAC,ICE,Electrico,SKL,REST,Standard,TRANSPORTER,3
2024,04,TOYOTA,PROACE VERSO,Corporate,BEV,Gasolina,SKL,REST,Standard,TRANSPORTER,11
2024,04,TOYOTA,PROACE VERSO,Corporate,ICE,Gasolina,SKL,REST,Standard,TRANSPORTER,155
2024,04,TOYOTA,PROACE VERSO,Private,BEV,Gasolina,SKL,REST,Standard,TRANSPORTER,2
2024,04,TOYOTA,PROACE VERSO,Private,ICE,Gasolina,SKL,REST,Standard,TRANSPORTER,76
2024,04,TOYOTA,PROACE VERSO,RAC,ICE,Gasolina,SKL,REST,Standard,TRANSPORTER,5
2024,04,TOYOTA,RAV 4,Corporate,ICE,Gasolina/Electrico Enchufable,UKL2,REST,Standard,SAV,402
2024,04,TOYOTA,RAV 4,Corporate,PHEV,Gasolina/Electrico Enchufable,UKL2,REST,Standard,SAV,34
2024,04,TOYOTA,RAV 4,Private,ICE,Gasolina/Electrico Enchufable,UKL2,REST,Standard,SAV,1000
2024,04,TOYOTA,RAV 4,Private,PHEV,Gasolina/Electrico Enchufable,UKL2,REST,Standard,SAV,59
2024,04,TOYOTA,RAV 4,RAC,ICE,Gasolina/Electrico Enchufable,UKL2,REST,Standard,SAV,1
2024,04,TOYOTA,YARIS,Corporate,ICE,Gasolina/Electrico,UKL1,REST,Standard,HACH 5P,601
2024,04,TOYOTA,YARIS,Private,ICE,Gasolina/Electrico,UKL1,REST,Standard,HACH 5P,1258
2024,04,TOYOTA,YARIS,RAC,ICE,Gasolina/Electrico,UKL1,REST,Standard,HACH 5P,335
2024,04,TOYOTA,YARIS CROSS,Corporate,ICE,Gasolina/Electrico,UKL1,REST,Standard,SAV,236
2024,04,TOYOTA,YARIS CROSS,Private,ICE,Gasolina/Electrico,UKL1,REST,Standard,SAV,1106
2024,04,TOYOTA,YARIS CROSS,RAC,ICE,Gasolina/Electrico,UKL1,REST,Standard,SAV,242
2024,04,TRANSPOL,,Corporate,ICE,Diesel,,REST,Standard,,6
2024,04,TRANSPOL,,Private,ICE,Diesel,,REST,Standard,,1
2024,04,TRECASA,,Corporate,ICE,Diesel,,REST,Standard,,1
2024,04,TRIGANO S.P.A.,,Private,ICE,Diesel,,REST,Standard,,1
2024,04,TRIPOD,,Private,ICE,Diesel,,REST,Standard,,3
2024,04,TRUCK DEAL,,Corporate,ICE,Diesel,,REST,Standard,,1
2024,04,TVI,,Corporate,ICE,Diesel,,REST,Standard,,2
2024,04,UREÑA,,Corporate,ICE,Diesel,,REST,Standard,,1
2024,04,VALLOR,,Corporate,ICE,Diesel,,REST,Standard,,2
2024,04,VALSAT,,Corporate,BEV,Electrico,,REST,Standard,,1
2024,04,VALSAT,,Corporate,ICE,Diesel,,REST,Standard,,10
2024,04,VEBLINTER,,Corporate,ICE,Diesel,,REST,Standard,,1
2024,04,VEBLINTER,,Corporate,ICE,Gas Licuado con petroleo (GLP),,REST,Standard,,1
2024,04,VEBLINTER,,Corporate,ICE,Gasolina,,REST,Standard,,1
2024,04,VEBLINTER,,Private,ICE,Gas Licuado con petroleo (GLP),,REST,Standard,,1
2024,04,VEBLINTER,,Private,ICE,Gasolina,,REST,Standard,,1
2024,04,VEMASUR,,Corporate,ICE,Diesel,,REST,Standard,,1
2024,04,VEMASUR,,Corporate,ICE,Gas Licuado con petroleo (GLP),,REST,Standard,,2
2024,04,VOLKSWAGEN,,Corporate,BEV,Electrico,,REST,Standard,,1
2024,04,VOLKSWAGEN,,Corporate,ICE,Gasolina,,REST,Standard,,1
2024,04,VOLKSWAGEN,,Private,ICE,Diesel,,REST,Standard,,1
2024,04,VOLKSWAGEN,AMAROK,Corporate,ICE,Diesel,SKL,REST,Standard,PICKUP,40
2024,04,VOLKSWAGEN,AMAROK,Private,ICE,Diesel,SKL,REST,Standard,PICKUP,8
2024,04,VOLKSWAGEN,ARTEON,Corporate,ICE,Diesel,KKL,REST,Standard,SEDAN,5
2024,04,VOLKSWAGEN,ARTEON,Corporate,PHEV,Diesel,KKL,REST,Standard,SEDAN,1
2024,04,VOLKSWAGEN,CADDY,Corporate,ICE,Gasolina/Electrico Enchufable,SKL,REST,Standard,TRANSPORTER,391
2024,04,VOLKSWAGEN,CADDY,Private,ICE,Gasolina/Electrico Enchufable,SKL,REST,Standard,TRANSPORTER,138
2024,04,VOLKSWAGEN,CADDY,RAC,ICE,Gasolina/Electrico Enchufable,SKL,REST,Standard,TRANSPORTER,259
2024,04,VOLKSWAGEN,CALIFORNIA,Corporate,ICE,Gasolina/Electrico Enchufable,SKL,REST,Standard,TRANSPORTER,40
2024,04,VOLKSWAGEN,CALIFORNIA,Private,ICE,Gasolina/Electrico Enchufable,SKL,REST,Standard,TRANSPORTER,127
2024,04,VOLKSWAGEN,CALIFORNIA,RAC,ICE,Gasolina/Electrico Enchufable,SKL,REST,Standard,TRANSPORTER,5
2024,04,VOLKSWAGEN,CARAVELLE,Corporate,ICE,Gasolina/Electrico Enchufable,SKL,REST,Standard,TRANSPORTER,59
2024,04,VOLKSWAGEN,CARAVELLE,Private,ICE,Gasolina/Electrico Enchufable,SKL,REST,Standard,TRANSPORTER,20
2024,04,VOLKSWAGEN,CARAVELLE,RAC,ICE,Gasolina/Electrico Enchufable,SKL,REST,Standard,TRANSPORTER,112
2024,04,VOLKSWAGEN,CRAFTER,Corporate,ICE,Diesel,SKL,REST,Standard,TRANSPORTER,163
2024,04,VOLKSWAGEN,CRAFTER,Private,ICE,Diesel,SKL,REST,Standard,TRANSPORTER,51
2024,04,VOLKSWAGEN,CRAFTER,RAC,ICE,Diesel,SKL,REST,Standard,TRANSPORTER,53
2024,04,VOLKSWAGEN,GOLF,Corporate,ICE,Gasolina/Electrico Enchufable,UKL2,REST,Standard,HACH 5P,354
2024,04,VOLKSWAGEN,GOLF,Corporate,PHEV,Gasolina/Electrico Enchufable,UKL2,REST,Standard,HACH 5P,13
2024,04,VOLKSWAGEN,GOLF,Private,ICE,Gasolina/Electrico Enchufable,UKL2,REST,Standard,HACH 5P,239
2024,04,VOLKSWAGEN,GOLF,Private,PHEV,Gasolina/Electrico Enchufable,UKL2,REST,Standard,HACH 5P,12
2024,04,VOLKSWAGEN,GOLF,RAC,ICE,Gasolina/Electrico Enchufable,UKL2,REST,Standard,HACH 5P,86
2024,04,VOLKSWAGEN,ID.3,Corporate,BEV,Electrico,UKL2,REST,Standard,HACH 5P,21
2024,04,VOLKSWAGEN,ID.3,Private,BEV,Electrico,UKL2,REST,Standard,HACH 5P,18
2024,04,VOLKSWAGEN,ID.4,Corporate,BEV,Electrico,UKL2,REST,Standard,SAV,53
2024,04,VOLKSWAGEN,ID.4,Private,BEV,Electrico,UKL2,REST,Standard,SAV,63
2024,04,VOLKSWAGEN,ID.5,Corporate,BEV,Electrico,UKL2,REST,Standard,SAV,2
2024,04,VOLKSWAGEN,ID.5,Private,BEV,Electrico,UKL2,REST,Standard,SAV,13
2024,04,VOLKSWAGEN,ID.7,Corporate,BEV,Electrico,MKL,REST,Standard,SEDAN,1
2024,04,VOLKSWAGEN,ID.7,Private,BEV,Electrico,MKL,REST,Standard,SEDAN,1
2024,04,VOLKSWAGEN,ID.BUZZ,Corporate,BEV,Electrico,SKL,REST,Standard,TRANSPORTER,68
2024,04,VOLKSWAGEN,ID.BUZZ,Private,BEV,Electrico,SKL,REST,Standard,TRANSPORTER,8
2024,04,VOLKSWAGEN,MULTIVAN,Corporate,ICE,Gasolina/Electrico Enchufable,SKL,REST,Standard,TRANSPORTER,14
2024,04,VOLKSWAGEN,MULTIVAN,Corporate,PHEV,Gasolina/Electrico Enchufable,SKL,REST,Standard,TRANSPORTER,38
2024,04,VOLKSWAGEN,MULTIVAN,Private,ICE,Gasolina/Electrico Enchufable,SKL,REST,Standard,TRANSPORTER,8
2024,04,VOLKSWAGEN,MULTIVAN,Private,PHEV,Gasolina/Electrico Enchufable,SKL,REST,Standard,TRANSPORTER,45
2024,04,VOLKSWAGEN,MULTIVAN,RAC,PHEV,Gasolina/Electrico Enchufable,SKL,REST,Standard,TRANSPORTER,1
2024,04,VOLKSWAGEN,PASSAT,Corporate,ICE,Gasolina/Electrico Enchufable,KKL,REST,Standard,ESTATE,30
2024,04,VOLKSWAGEN,PASSAT,Corporate,PHEV,Gasolina/Electrico Enchufable,KKL,REST,Standard,ESTATE,1
2024,04,VOLKSWAGEN,PASSAT,Private,ICE,Gasolina/Electrico Enchufable,KKL,REST,Standard,ESTATE,6
2024,04,VOLKSWAGEN,POLO,Corporate,ICE,Gasolina,UKL1,REST,Standard,HACH 5P,67
2024,04,VOLKSWAGEN,POLO,Private,ICE,Gasolina,UKL1,REST,Standard,HACH 5P,103
2024,04,VOLKSWAGEN,POLO,RAC,ICE,Gasolina,UKL1,REST,Standard,HACH 5P,272
2024,04,VOLKSWAGEN,T-CROSS,Corporate,ICE,Gasolina,UKL1,REST,Standard,SAV,235
2024,04,VOLKSWAGEN,T-CROSS,Private,ICE,Gasolina,UKL1,REST,Standard,SAV,575
2024,04,VOLKSWAGEN,T-CROSS,RAC,ICE,Gasolina,UKL1,REST,Standard,SAV,967
2024,04,VOLKSWAGEN,T-ROC,Corporate,ICE,Gasolina Mild Hybrid,UKL2,REST,Standard,SAV,571
2024,04,VOLKSWAGEN,T-ROC,Private,ICE,Gasolina Mild Hybrid,UKL2,REST,Standard,SAV,869
2024,04,VOLKSWAGEN,T-ROC,RAC,ICE,Gasolina Mild Hybrid,UKL2,REST,Standard,SAV,670
2024,04,VOLKSWAGEN,TAIGO,Corporate,ICE,Gasolina,UKL1,REST,Standard,SAV,153
2024,04,VOLKSWAGEN,TAIGO,Private,ICE,Gasolina,UKL1,REST,Standard,SAV,151
2024,04,VOLKSWAGEN,TAIGO,RAC,ICE,Gasolina,UKL1,REST,Standard,SAV,287
2024,04,VOLKSWAGEN,TIGUAN,Corporate,ICE,Gasolina/Electrico Enchufable,UKL2,REST,Standard,SAV,547
2024,04,VOLKSWAGEN,TIGUAN,Corporate,PHEV,Gasolina/Electrico Enchufable,UKL2,REST,Standard,SAV,56
2024,04,VOLKSWAGEN,TIGUAN,Private,ICE,Gasolina/Electrico Enchufable,UKL2,REST,Standard,SAV,265
2024,04,VOLKSWAGEN,TIGUAN,Private,PHEV,Gasolina/Electrico Enchufable,UKL2,REST,Standard,SAV,40
2024,04,VOLKSWAGEN,TIGUAN,RAC,ICE,Gasolina/Electrico Enchufable,UKL2,REST,Standard,SAV,116
2024,04,VOLKSWAGEN,TOUAREG,Corporate,ICE,Gasolina/Electrico Enchufable,MKL,REST,Standard,SAV,14
2024,04,VOLKSWAGEN,TOUAREG,Corporate,PHEV,Gasolina/Electrico Enchufable,MKL,REST,Standard,SAV,2
2024,04,VOLKSWAGEN,TOUAREG,Private,ICE,Gasolina/Electrico Enchufable,MKL,REST,Standard,SAV,7
2024,04,VOLKSWAGEN,TOUAREG,Private,PHEV,Gasolina/Electrico Enchufable,MKL,REST,Standard,SAV,2
2024,04,VOLKSWAGEN,TOURAN,Corporate,ICE,Gasolina,UKL2,REST,Standard,MPV,19
2024,04,VOLKSWAGEN,TOURAN,Private,ICE,Gasolina,UKL2,REST,Standard,MPV,23
2024,04,VOLKSWAGEN,TOURAN,RAC,ICE,Gasolina,UKL2,REST,Standard,MPV,1
2024,04,VOLKSWAGEN,TRANSPORTER,Corporate,ICE,Gasolina/Electrico Enchufable,SKL,REST,Standard,TRANSPORTER,133
2024,04,VOLKSWAGEN,TRANSPORTER,Private,ICE,Gasolina/Electrico Enchufable,SKL,REST,Standard,TRANSPORTER,6
2024,04,VOLKSWAGEN,TRANSPORTER,RAC,ICE,Gasolina/Electrico Enchufable,SKL,REST,Standard,TRANSPORTER,30
2024,04,VOLQUETES GONZALVEZ,,Corporate,ICE,Diesel,,REST,Standard,,5
2024,04,VOLQUETES Y CAR GALICIA,,Corporate,ICE,Diesel,,REST,Standard,,1
2024,04,VOLVO,C40,Corporate,BEV,Electrico,UKL2,FOCUS SEGMENT,Standard,SAV,6
2024,04,VOLVO,C40,Private,BEV,Electrico,UKL2,FOCUS SEGMENT,Standard,SAV,20
2024,04,VOLVO,C40,RAC,BEV,Electrico,UKL2,FOCUS SEGMENT,Standard,SAV,14
2024,04,VOLVO,EX30,Corporate,BEV,Electrico,UKL1,FOCUS SEGMENT,Standard,SAV,74
2024,04,VOLVO,EX30,Private,BEV,Electrico,UKL1,FOCUS SEGMENT,Standard,SAV,168
2024,04,VOLVO,EX30,RAC,BEV,Electrico,UKL1,FOCUS SEGMENT,Standard,SAV,4
2024,04,VOLVO,S60,Corporate,PHEV,Gasolina/Electrico Enchufable,KKL,FOCUS SEGMENT,Standard,SEDAN,3
2024,04,VOLVO,S60,Private,PHEV,Gasolina/Electrico Enchufable,KKL,FOCUS SEGMENT,Standard,SEDAN,1
2024,04,VOLVO,S60,RAC,ICE,Gasolina/Electrico Enchufable,KKL,FOCUS SEGMENT,Standard,SEDAN,16
2024,04,VOLVO,S90,Corporate,PHEV,Diesel Mild Hybrid,MKL,FOCUS SEGMENT,Standard,SEDAN,3
2024,04,VOLVO,V60,Corporate,ICE,Gasolina/Electrico Enchufable,KKL,FOCUS SEGMENT,Standard,ESTATE,11
2024,04,VOLVO,V60,Private,ICE,Gasolina/Electrico Enchufable,KKL,FOCUS SEGMENT,Standard,ESTATE,7
2024,04,VOLVO,V90,Corporate,ICE,Gasolina/Electrico Enchufable,MKL,FOCUS SEGMENT,Standard,ESTATE,3
2024,04,VOLVO,V90,Private,ICE,Gasolina/Electrico Enchufable,MKL,FOCUS SEGMENT,Standard,ESTATE,1
2024,04,VOLVO,XC40,Corporate,BEV,Gasolina Mild Hybrid,UKL2,FOCUS SEGMENT,Standard,SAV,14
2024,04,VOLVO,XC40,Corporate,ICE,Gasolina Mild Hybrid,UKL2,FOCUS SEGMENT,Standard,SAV,252
2024,04,VOLVO,XC40,Corporate,PHEV,Gasolina Mild Hybrid,UKL2,FOCUS SEGMENT,Standard,SAV,5
2024,04,VOLVO,XC40,Private,BEV,Gasolina Mild Hybrid,UKL2,FOCUS SEGMENT,Standard,SAV,27
2024,04,VOLVO,XC40,Private,ICE,Gasolina Mild Hybrid,UKL2,FOCUS SEGMENT,Standard,SAV,237
2024,04,VOLVO,XC40,Private,PHEV,Gasolina Mild Hybrid,UKL2,FOCUS SEGMENT,Standard,SAV,2
2024,04,VOLVO,XC40,RAC,BEV,Gasolina Mild Hybrid,UKL2,FOCUS SEGMENT,Standard,SAV,23
2024,04,VOLVO,XC40,RAC,ICE,Gasolina Mild Hybrid,UKL2,FOCUS SEGMENT,Standard,SAV,223
2024,04,VOLVO,XC60,Corporate,ICE,Gasolina/Electrico Enchufable,KKL,FOCUS SEGMENT,Standard,SAV,175
2024,04,VOLVO,XC60,Corporate,PHEV,Gasolina/Electrico Enchufable,KKL,FOCUS SEGMENT,Standard,SAV,110
2024,04,VOLVO,XC60,Private,ICE,Gasolina/Electrico Enchufable,KKL,FOCUS SEGMENT,Standard,SAV,49
2024,04,VOLVO,XC60,Private,PHEV,Gasolina/Electrico Enchufable,KKL,FOCUS SEGMENT,Standard,SAV,25
2024,04,VOLVO,XC60,RAC,ICE,Gasolina/Electrico Enchufable,KKL,FOCUS SEGMENT,Standard,SAV,124
2024,04,VOLVO,XC60,RAC,PHEV,Gasolina/Electrico Enchufable,KKL,FOCUS SEGMENT,Standard,SAV,31
2024,04,VOLVO,XC90,Corporate,ICE,Gasolina/Electrico Enchufable,MKL,FOCUS SEGMENT,Standard,SAV,46
2024,04,VOLVO,XC90,Corporate,PHEV,Gasolina/Electrico Enchufable,MKL,FOCUS SEGMENT,Standard,SAV,57
2024,04,VOLVO,XC90,Private,ICE,Gasolina/Electrico Enchufable,MKL,FOCUS SEGMENT,Standard,SAV,10
2024,04,VOLVO,XC90,Private,PHEV,Gasolina/Electrico Enchufable,MKL,FOCUS SEGMENT,Standard,SAV,4
2024,04,VOLVO,XC90,RAC,ICE,Gasolina/Electrico Enchufable,MKL,FOCUS SEGMENT,Standard,SAV,10
2024,04,VOLVO,XC90,RAC,PHEV,Gasolina/Electrico Enchufable,MKL,FOCUS SEGMENT,Standard,SAV,29
2024,04,VPS,,Corporate,ICE,Diesel,,REST,Standard,,1
2024,04,VSVE,,Corporate,ICE,Diesel,,REST,Standard,,2
2024,04,WESTFALIA,,Private,ICE,Diesel,,REST,Standard,,3
2024,04,YAGUE,,Corporate,BEV,Electrico,,REST,Standard,,1
2024,04,YAGUE,,Corporate,ICE,Diesel,,REST,Standard,,4
2024,04,YOLDI,,Corporate,ICE,Diesel,,REST,Standard,,3
2024,04,YUDO,YUDO 3,Corporate,BEV,Electrico,UKL2,REST,Standard,SAV,5
2024,04,YUDO,YUDO 3,Private,BEV,Electrico,UKL2,REST,Standard,SAV,6
2024,04,ZAGO AUTOMOTIVE,,Corporate,ICE,Diesel,,REST,Standard,,3
