anyo,mes,dia,marca,modelo,canal,fuel_type,fuel,segmento,subseg,hp,body_type,cod_prov,provincia,dealer_estimated,dealer_id,confidence,source_confidence,count
2026,08,31,AUDI,A1,Private,ICE,Gasolina,UKL1,FOCUS SEGMENT,Standard,HACH 5P,03,Alicante,serramóvil,SERRAMOVIL,high,official,1
2026,08,31,AUDI,A1,Private,ICE,Gasolina,UKL1,FOCUS SEGMENT,Standard,HACH 5P,06,Badajoz,centrowagen,CENTROWAGEN,high,official,1
2026,08,31,AUDI,A1,Private,ICE,Gasolina,UKL1,FOCUS SEGMENT,Standard,HACH 5P,08,Barcelona,movento sarsa,MOVENTO SARSA,high,official,1
2026,08,31,AUDI,A1,Private,ICE,Gasolina,UKL1,FOCUS SEGMENT,Standard,HACH 5P,11,Cádiz,solera motor,SOLERA MOTOR,high,official,1
2026,08,31,AUDI,A1,Private,ICE,Gasolina,UKL1,FOCUS SEGMENT,Standard,HACH 5P,14,Córdoba,safamotor córdoba,SAFAMOTOR CORDOBA,high,official,1
2026,08,31,AUDI,A1,Private,ICE,Gasolina,UKL1,FOCUS SEGMENT,Standard,HACH 5P,15,A Coruña,bonaval premium,BONAVAL PREMIUM,high,official,1
2026,08,31,AUDI,A1,Private,ICE,Gasolina,UKL1,FOCUS SEGMENT,Standard,HACH 5P,18,Granada,gilauto,GILAUTO,high,official,1
2026,08,31,AUDI,A1,Private,ICE,Gasolina,UKL1,FOCUS SEGMENT,Standard,HACH 5P,24,León,telenauto,TELENAUTO,medium,official,1
2026,08,31,AUDI,A1,Private,ICE,Gasolina,UKL1,FOCUS SEGMENT,Standard,HACH 5P,29,Málaga,safamotor,SAFAMOTOR,medium,official,1
2026,08,31,AUDI,A1,Private,ICE,Gasolina,UKL1,FOCUS SEGMENT,Standard,HACH 5P,32,Ourense,apersa,APERSA,high,official,1
2026,08,31,AUDI,A1,Private,ICE,Gasolina,UKL1,FOCUS SEGMENT,Standard,HACH 5P,39,Cantabria,hercos parayas,HERCOS PARAYAS,high,official,1
2026,08,31,AUDI,A1,Private,ICE,Gasolina,UKL1,FOCUS SEGMENT,Standard,HACH 5P,43,Tarragona,vilamòbil,VILAMOBIL,high,official,1
2026,08,31,AUDI,A1,Private,ICE,Gasolina,UKL1,FOCUS SEGMENT,Standard,HACH 5P,45,Toledo,aldauto car,ALDAUTO CAR,high,official,1
2026,08,31,AUDI,A1,Private,ICE,Gasolina,UKL1,FOCUS SEGMENT,Standard,HACH 5P,46,Valencia,center valencia,AUDI CENTER VALENCIA,high,official,2
2026,08,31,AUDI,A3,Private,ICE,Gasolina/Electrico Enchufable,UKL2,FOCUS SEGMENT,M,HACH 5P,33,Asturias,center lugo,AUDI CENTER LUGO,medium,official,1
2026,08,31,AUDI,A3,Private,ICE,Gasolina/Electrico Enchufable,UKL2,FOCUS SEGMENT,Standard,HACH 5P,03,Alicante,serramóvil,SERRAMOVIL,high,official,1
2026,08,31,AUDI,A3,Private,ICE,Gasolina/Electrico Enchufable,UKL2,FOCUS SEGMENT,Standard,HACH 5P,07,Baleares,center palma,AUDI CENTER PALMA,high,official,1
2026,08,31,AUDI,A3,Private,ICE,Gasolina/Electrico Enchufable,UKL2,FOCUS SEGMENT,Standard,HACH 5P,11,Cádiz,solera motor,SOLERA MOTOR,high,official,1
2026,08,31,AUDI,A3,Private,ICE,Gasolina/Electrico Enchufable,UKL2,FOCUS SEGMENT,Standard,HACH 5P,18,Granada,gilauto,GILAUTO,high,official,1
2026,08,31,AUDI,A3,Private,ICE,Gasolina/Electrico Enchufable,UKL2,FOCUS SEGMENT,Standard,HACH 5P,19,Guadalajara,motorsan,MOTORSAN,high,official,1
2026,08,31,AUDI,A3,Private,ICE,Gasolina/Electrico Enchufable,UKL2,FOCUS SEGMENT,Standard,HACH 5P,30,Murcia,motor pacífico alicante,MOTOR PACIFICO ALICANTE,medium,official,2
2026,08,31,AUDI,A3,Private,PHEV,Gasolina/Electrico Enchufable,UKL2,FOCUS SEGMENT,Standard,HACH 5P,14,Córdoba,safamotor córdoba,SAFAMOTOR CORDOBA,high,official,1
2026,08,31,AUDI,A3,Private,PHEV,Gasolina/Electrico Enchufable,UKL2,FOCUS SEGMENT,Standard,HACH 5P,46,Valencia,center valencia,AUDI CENTER VALENCIA,high,official,1
2026,08,31,AUDI,A5,Private,ICE,Gasolina/Electrico Enchufable,KKL,FOCUS SEGMENT,Standard,SEDAN,14,Córdoba,safamotor córdoba,SAFAMOTOR CORDOBA,high,official,1
2026,08,31,AUDI,A5,Private,ICE,Gasolina/Electrico Enchufable,KKL,FOCUS SEGMENT,Standard,SEDAN,23,Jaén,espawagen,ESPAWAGEN,high,official,1
2026,08,31,AUDI,A5,Private,ICE,Gasolina/Electrico Enchufable,KKL,FOCUS SEGMENT,Standard,SEDAN,39,Cantabria,hercos parayas,HERCOS PARAYAS,high,official,1
2026,08,31,AUDI,A5,Private,ICE,Gasolina/Electrico Enchufable,KKL,FOCUS SEGMENT,Standard,SEDAN,43,Tarragona,merkamotor,MERKAMOTOR,high,official,1
2026,08,31,AUDI,A5,Private,PHEV,Gasolina/Electrico Enchufable,KKL,FOCUS SEGMENT,Standard,SEDAN,03,Alicante,motor pacífico alicante,MOTOR PACIFICO ALICANTE,medium,official,1
2026,08,31,AUDI,Q2,Private,ICE,Gasolina,UKL2,FOCUS SEGMENT,Standard,SAV,01,Álava,rioja motor,RIOJA MOTOR,high,official,1
2026,08,31,AUDI,Q2,Private,ICE,Gasolina,UKL2,FOCUS SEGMENT,Standard,SAV,04,Almería,vera import,VERA IMPORT,medium,official,1
2026,08,31,AUDI,Q2,Private,ICE,Gasolina,UKL2,FOCUS SEGMENT,Standard,SAV,07,Baleares,center palma,AUDI CENTER PALMA,medium,official,1
2026,08,31,AUDI,Q2,Private,ICE,Gasolina,UKL2,FOCUS SEGMENT,Standard,SAV,11,Cádiz,solera motor,SOLERA MOTOR,high,official,1
2026,08,31,AUDI,Q2,Private,ICE,Gasolina,UKL2,FOCUS SEGMENT,Standard,SAV,21,Huelva,huelva wagen,HUELVA WAGEN,high,official,1
2026,08,31,AUDI,Q2,Private,ICE,Gasolina,UKL2,FOCUS SEGMENT,Standard,SAV,25,Lleida,dalmau motor,DALMAU MOTOR,medium,official,1
2026,08,31,AUDI,Q2,Private,ICE,Gasolina,UKL2,FOCUS SEGMENT,Standard,SAV,27,Lugo,center lugo,AUDI CENTER LUGO,high,official,1
2026,08,31,AUDI,Q2,Private,ICE,Gasolina,UKL2,FOCUS SEGMENT,Standard,SAV,29,Málaga,safamotor,SAFAMOTOR,high,official,2
2026,08,31,AUDI,Q2,Private,ICE,Gasolina,UKL2,FOCUS SEGMENT,Standard,SAV,30,Murcia,huertas motor cartagena,HUERTAS MOTOR CARTAGENA,high,official,1
2026,08,31,AUDI,Q2,Private,ICE,Gasolina,UKL2,FOCUS SEGMENT,Standard,SAV,30,Murcia,motor pacífico alicante,MOTOR PACIFICO ALICANTE,medium,official,1
2026,08,31,AUDI,Q2,Private,ICE,Gasolina,UKL2,FOCUS SEGMENT,Standard,SAV,30,Murcia,vera import,VERA IMPORT,medium,official,1
2026,08,31,AUDI,Q2,Private,ICE,Gasolina,UKL2,FOCUS SEGMENT,Standard,SAV,32,Ourense,apersa,APERSA,high,official,1
2026,08,31,AUDI,Q2,Private,ICE,Gasolina,UKL2,FOCUS SEGMENT,Standard,SAV,36,Pontevedra,vepersa,VEPERSA,high,official,3
2026,08,31,AUDI,Q2,Private,ICE,Gasolina,UKL2,FOCUS SEGMENT,Standard,SAV,40,Segovia,nuñez automoción,NUNEZ AUTOMOCION,medium,official,1
2026,08,31,AUDI,Q2,Private,ICE,Gasolina,UKL2,FOCUS SEGMENT,Standard,SAV,46,Valencia,center valencia,AUDI CENTER VALENCIA,high,official,3
2026,08,31,AUDI,Q2,Private,ICE,Gasolina,UKL2,FOCUS SEGMENT,Standard,SAV,46,Valencia,motor pacífico levante,MOTOR PACIFICO LEVANTE,medium,official,1
2026,08,31,AUDI,Q3,Private,ICE,Gasolina/Electrico Enchufable,UKL2,FOCUS SEGMENT,Standard,SAV,03,Alicante,serramóvil,SERRAMOVIL,medium,official,1
2026,08,31,AUDI,Q3,Private,ICE,Gasolina/Electrico Enchufable,UKL2,FOCUS SEGMENT,Standard,SAV,08,Barcelona,vilamòbil,VILAMOBIL,high,official,1
2026,08,31,AUDI,Q3,Private,ICE,Gasolina/Electrico Enchufable,UKL2,FOCUS SEGMENT,Standard,SAV,09,Burgos,center burgos,AUDI CENTER BURGOS,high,official,1
2026,08,31,AUDI,Q3,Private,PHEV,Gasolina/Electrico Enchufable,UKL2,FOCUS SEGMENT,Standard,SAV,24,León,telenauto,TELENAUTO,medium,official,1
2026,08,31,AUDI,Q3,Private,PHEV,Gasolina/Electrico Enchufable,UKL2,FOCUS SEGMENT,Standard,SAV,31,Navarra,iruñamovil,IRUNAMOVIL,high,official,1
2026,08,31,AUDI,Q3,Private,PHEV,Gasolina/Electrico Enchufable,UKL2,FOCUS SEGMENT,Standard,SAV,46,Valencia,center valencia,AUDI CENTER VALENCIA,high,official,1
2026,08,31,AUDI,Q3 SPORTBACK,Private,ICE,Gasolina/Electrico Enchufable,UKL2,FOCUS SEGMENT,Standard,SAV,03,Alicante,motor pacífico levante,MOTOR PACIFICO LEVANTE,medium,official,1
2026,08,31,AUDI,Q3 SPORTBACK,Private,ICE,Gasolina/Electrico Enchufable,UKL2,FOCUS SEGMENT,Standard,SAV,15,A Coruña,arrojo,ARROJO,high,official,2
2026,08,31,AUDI,Q3 SPORTBACK,Private,ICE,Gasolina/Electrico Enchufable,UKL2,FOCUS SEGMENT,Standard,SAV,15,A Coruña,arrojo,ARROJO,medium,official,1
2026,08,31,AUDI,Q3 SPORTBACK,Private,ICE,Gasolina/Electrico Enchufable,UKL2,FOCUS SEGMENT,Standard,SAV,43,Tarragona,vilamòbil,VILAMOBIL,high,official,1
2026,08,31,AUDI,Q3 SPORTBACK,Private,PHEV,Gasolina/Electrico Enchufable,UKL2,FOCUS SEGMENT,Standard,SAV,03,Alicante,serramóvil,SERRAMOVIL,high,official,1
2026,08,31,AUDI,Q3 SPORTBACK,Private,PHEV,Gasolina/Electrico Enchufable,UKL2,FOCUS SEGMENT,Standard,SAV,07,Baleares,eivimotor,EIVIMOTOR,medium,official,1
2026,08,31,AUDI,Q3 SPORTBACK,Private,PHEV,Gasolina/Electrico Enchufable,UKL2,FOCUS SEGMENT,Standard,SAV,08,Barcelona,mogauto,MOGAUTO,high,official,1
2026,08,31,AUDI,Q3 SPORTBACK,Private,PHEV,Gasolina/Electrico Enchufable,UKL2,FOCUS SEGMENT,Standard,SAV,22,Huesca,huesca import,HUESCA IMPORT,medium,official,1
2026,08,31,AUDI,Q3 SPORTBACK,Private,PHEV,Gasolina/Electrico Enchufable,UKL2,FOCUS SEGMENT,Standard,SAV,46,Valencia,center valencia,AUDI CENTER VALENCIA,high,official,1
2026,08,31,AUDI,Q4 E-TRON,Private,BEV,Electrico,UKL2,FOCUS SEGMENT,Standard,SAV,03,Alicante,motor pacífico alicante,MOTOR PACIFICO ALICANTE,high,official,1
2026,08,31,AUDI,Q4 E-TRON,Private,BEV,Electrico,UKL2,FOCUS SEGMENT,Standard,SAV,03,Alicante,serramóvil,SERRAMOVIL,high,official,1
2026,08,31,AUDI,Q4 E-TRON,Private,BEV,Electrico,UKL2,FOCUS SEGMENT,Standard,SAV,04,Almería,gilauto,GILAUTO,medium,official,1
2026,08,31,AUDI,Q4 SPORTBACK E-TRON,Private,BEV,Electrico,UKL2,FOCUS SEGMENT,Standard,SAV,15,A Coruña,apersa,APERSA,high,official,1
2026,08,31,AUDI,Q5,Private,PHEV,Gasolina/Electrico Enchufable,KKL,FOCUS SEGMENT,Standard,SAV,11,Cádiz,solera motor,SOLERA MOTOR,high,official,1
2026,08,31,AUDI,Q5,Private,PHEV,Gasolina/Electrico Enchufable,KKL,FOCUS SEGMENT,Standard,SAV,28,Madrid,f. tomé,F TOME,high,official,1
2026,08,31,AUDI,Q5 SPORTBACK,Private,ICE,Gasolina/Electrico Enchufable,KKL,FOCUS SEGMENT,Standard,SAV,18,Granada,gilauto,GILAUTO,medium,official,1
2026,08,31,AUDI,Q5 SPORTBACK,Private,PHEV,Gasolina/Electrico Enchufable,KKL,FOCUS SEGMENT,Standard,SAV,15,A Coruña,bonaval premium,BONAVAL PREMIUM,high,official,1
2026,08,31,AUDI,Q5 SPORTBACK,Private,PHEV,Gasolina/Electrico Enchufable,KKL,FOCUS SEGMENT,Standard,SAV,29,Málaga,safamotor,SAFAMOTOR,medium,official,1
2026,08,31,AUDI,Q5 SPORTBACK,Private,PHEV,Gasolina/Electrico Enchufable,KKL,FOCUS SEGMENT,Standard,SAV,45,Toledo,aldauto car,ALDAUTO CAR,high,official,1
2026,08,31,AUDI,Q6 E-TRON SPORTBACK,Private,BEV,Electrico,KKL,FOCUS SEGMENT,Standard,SAV,15,A Coruña,bonaval premium,BONAVAL PREMIUM,high,official,1
2026,08,31,BMW,SERIE 1,Private,ICE,Gasolina,UKL2,FOCUS SEGMENT,Standard,HACH 5P,03,Alicante,fersán,100062,high,internal,1
2026,08,31,BMW,SERIE 1,Private,ICE,Gasolina,UKL2,FOCUS SEGMENT,Standard,HACH 5P,03,Alicante,movibegar,100468,high,internal,1
2026,08,31,BMW,SERIE 1,Private,ICE,Gasolina,UKL2,FOCUS SEGMENT,Standard,HACH 5P,08,Barcelona,pruna motor,100584,high,internal,1
2026,08,31,BMW,SERIE 1,Private,ICE,Gasolina,UKL2,FOCUS SEGMENT,Standard,HACH 5P,15,A Coruña,amiocar,100346,high,internal,1
2026,08,31,BMW,SERIE 1,Private,ICE,Gasolina,UKL2,FOCUS SEGMENT,Standard,HACH 5P,24,León,bernesga,100739,high,internal,1
2026,08,31,BMW,SERIE 1,Private,ICE,Gasolina,UKL2,FOCUS SEGMENT,Standard,HACH 5P,28,Madrid,movilnorte,100213,high,internal,1
2026,08,31,BMW,SERIE 2,Private,ICE,Gasolina/Electrico Enchufable,UKL2,FOCUS SEGMENT,M,MPV,33,Asturias,autosa,100155,high,internal,1
2026,08,31,BMW,SERIE 2,Private,ICE,Gasolina/Electrico Enchufable,UKL2,FOCUS SEGMENT,Standard,MPV,08,Barcelona,quadis munich,100909,high,internal,1
2026,08,31,BMW,SERIE 2,Private,ICE,Gasolina/Electrico Enchufable,UKL2,FOCUS SEGMENT,Standard,MPV,36,Pontevedra,celtamotor,100410,high,internal,1
2026,08,31,BMW,SERIE 3,Private,ICE,Gasolina,KKL,FOCUS SEGMENT,M,ESTATE,07,Baleares,proa premium,100734,high,internal,1
2026,08,31,BMW,SERIE 3,Private,ICE,Gasolina,KKL,FOCUS SEGMENT,Standard,ESTATE,08,Barcelona,ibericar bcn,100572,high,internal,1
2026,08,31,BMW,SERIE 3,Private,ICE,Gasolina,KKL,FOCUS SEGMENT,Standard,ESTATE,33,Asturias,autosa,100155,high,internal,1
2026,08,31,BMW,SERIE 4,Private,ICE,Gasolina,KKL,FOCUS SEGMENT,Standard,CABRIO,28,Madrid,bymycar madrid,100873,high,internal,1
2026,08,31,BMW,X1,Private,ICE,Gasolina/Electrico Enchufable,UKL2,FOCUS SEGMENT,Standard,SAV,02,Albacete,albamoción,100764,high,internal,1
2026,08,31,BMW,X1,Private,ICE,Gasolina/Electrico Enchufable,UKL2,FOCUS SEGMENT,Standard,SAV,08,Barcelona,quadis munich,100909,high,internal,1
2026,08,31,BMW,X1,Private,ICE,Gasolina/Electrico Enchufable,UKL2,FOCUS SEGMENT,Standard,SAV,15,A Coruña,amiocar,100346,high,internal,1
2026,08,31,BMW,X1,Private,ICE,Gasolina/Electrico Enchufable,UKL2,FOCUS SEGMENT,Standard,SAV,15,A Coruña,novomóvil,100304,high,internal,1
2026,08,31,BMW,X1,Private,ICE,Gasolina/Electrico Enchufable,UKL2,FOCUS SEGMENT,Standard,SAV,17,Girona,oliva motor girona,100817,high,internal,1
2026,08,31,BMW,X1,Private,ICE,Gasolina/Electrico Enchufable,UKL2,FOCUS SEGMENT,Standard,SAV,21,Huelva,movitransa,100881,high,internal,1
2026,08,31,BMW,X1,Private,ICE,Gasolina/Electrico Enchufable,UKL2,FOCUS SEGMENT,Standard,SAV,28,Madrid,autopremier,100349,high,internal,1
2026,08,31,BMW,X1,Private,ICE,Gasolina/Electrico Enchufable,UKL2,FOCUS SEGMENT,Standard,SAV,28,Madrid,vehinter,100319,high,internal,1
2026,08,31,BMW,X1,Private,ICE,Gasolina/Electrico Enchufable,UKL2,FOCUS SEGMENT,Standard,SAV,29,Málaga,automotor,100586,high,internal,2
2026,08,31,BMW,X1,Private,ICE,Gasolina/Electrico Enchufable,UKL2,FOCUS SEGMENT,Standard,SAV,33,Asturias,triocar,100379,high,internal,1
2026,08,31,BMW,X1,Private,ICE,Gasolina/Electrico Enchufable,UKL2,FOCUS SEGMENT,Standard,SAV,41,Sevilla,san pablo motor,100344,high,internal,2
2026,08,31,BMW,X1,Private,ICE,Gasolina/Electrico Enchufable,UKL2,FOCUS SEGMENT,Standard,SAV,46,Valencia,bertolín,100002,high,internal,1
2026,08,31,BMW,X1,Private,ICE,Gasolina/Electrico Enchufable,UKL2,FOCUS SEGMENT,Standard,SAV,48,Bizkaia,enekuri motor,100726,high,internal,1
2026,08,31,BMW,X1,Private,PHEV,Gasolina/Electrico Enchufable,UKL2,FOCUS SEGMENT,Standard,SAV,37,Salamanca,tormes motor,100571,high,internal,1
2026,08,31,BMW,X2,Private,ICE,Diesel Mild Hybrid,UKL2,FOCUS SEGMENT,Standard,SAV,03,Alicante,hispamovil,100206,high,internal,1
2026,08,31,BMW,X2,Private,ICE,Diesel Mild Hybrid,UKL2,FOCUS SEGMENT,Standard,SAV,08,Barcelona,ibericar bcn,100572,high,internal,1
2026,08,31,BMW,X2,Private,ICE,Diesel Mild Hybrid,UKL2,FOCUS SEGMENT,Standard,SAV,18,Granada,ilbira motor,100589,high,internal,2
2026,08,31,BMW,X2,Private,ICE,Diesel Mild Hybrid,UKL2,FOCUS SEGMENT,Standard,SAV,29,Málaga,automotor,100586,high,internal,1
2026,08,31,BMW,X2,Private,ICE,Diesel Mild Hybrid,UKL2,FOCUS SEGMENT,Standard,SAV,41,Sevilla,san pablo motor,100344,high,internal,1
2026,08,31,BMW,X3,Private,ICE,Gasolina Mild Hybrid,KKL,FOCUS SEGMENT,Standard,SAV,03,Alicante,fersán,100062,high,internal,2
2026,08,31,BMW,X3,Private,ICE,Gasolina Mild Hybrid,KKL,FOCUS SEGMENT,Standard,SAV,23,Jaén,motri motor,100819,high,internal,1
2026,08,31,BMW,X3,Private,ICE,Gasolina Mild Hybrid,KKL,FOCUS SEGMENT,Standard,SAV,29,Málaga,automotor,100586,high,internal,1
2026,08,31,BMW,X3,Private,ICE,Gasolina Mild Hybrid,KKL,FOCUS SEGMENT,Standard,SAV,33,Asturias,autosa,100155,high,internal,1
2026,08,31,BMW,X3,Private,ICE,Gasolina Mild Hybrid,KKL,FOCUS SEGMENT,Standard,SAV,37,Salamanca,tormes motor,100571,high,internal,1
2026,08,31,BMW,X3,Private,ICE,Gasolina Mild Hybrid,KKL,FOCUS SEGMENT,Standard,SAV,38,S.C. Tenerife,canaauto,100389,high,internal,1
2026,08,31,BMW,X3,Private,ICE,Gasolina Mild Hybrid,KKL,FOCUS SEGMENT,Standard,SAV,41,Sevilla,san pablo motor,100344,high,internal,1
2026,08,31,BMW,X3,Private,ICE,Gasolina Mild Hybrid,KKL,FOCUS SEGMENT,Standard,SAV,43,Tarragona,oliva motor,100728,high,internal,1
2026,08,31,BMW,X3,Private,PHEV,Gasolina Mild Hybrid,KKL,FOCUS SEGMENT,Standard,SAV,08,Barcelona,pruna motor,100584,high,internal,1
2026,08,31,BMW,X6,Private,ICE,Gasolina Mild Hybrid,MKL,FOCUS SEGMENT,Standard,SAV,48,Bizkaia,enekuri motor,100726,high,internal,1
2026,08,31,BMW,iX1,Private,BEV,Electrico,UKL2,FOCUS SEGMENT,Standard,SAV,06,Badajoz,mandel motor,100380:mandel-motor,high,internal,1
2026,08,31,BMW,iX1,Private,BEV,Electrico,UKL2,FOCUS SEGMENT,Standard,SAV,08,Barcelona,quadis munich,100909,high,internal,1
2026,08,31,BMW,iX1,Private,BEV,Electrico,UKL2,FOCUS SEGMENT,Standard,SAV,22,Huesca,cabrero motorsport,100585,high,internal,1
2026,08,31,BMW,iX2,Private,BEV,Electrico,UKL2,FOCUS SEGMENT,Standard,SAV,03,Alicante,hispamovil,100206,high,internal,1
2026,08,31,BMW,iX2,Private,BEV,Electrico,UKL2,FOCUS SEGMENT,Standard,SAV,08,Barcelona,ibericar bcn,100572,high,internal,1
2026,08,31,BMW,iX2,Private,BEV,Electrico,UKL2,FOCUS SEGMENT,Standard,SAV,15,A Coruña,novomóvil,100304,high,internal,1
2026,08,31,BMW,iX2,Private,BEV,Electrico,UKL2,FOCUS SEGMENT,Standard,SAV,18,Granada,ilbira motor,100589,high,internal,1
2026,08,31,BMW,iX2,Private,BEV,Electrico,UKL2,FOCUS SEGMENT,Standard,SAV,28,Madrid,bymycar madrid,100873,high,internal,1
2026,08,31,BMW,iX2,Private,BEV,Electrico,UKL2,FOCUS SEGMENT,Standard,SAV,30,Murcia,marcos a. murcia,100393,high,internal,2
2026,08,31,BMW,iX2,Private,BEV,Electrico,UKL2,FOCUS SEGMENT,Standard,SAV,35,Las Palmas,marmotor,100738,high,internal,1
2026,08,31,BMW,iX2,Private,BEV,Electrico,UKL2,FOCUS SEGMENT,Standard,SAV,38,S.C. Tenerife,canaauto,100389,high,internal,1
2026,08,31,BMW,iX2,Private,BEV,Electrico,UKL2,FOCUS SEGMENT,Standard,SAV,45,Toledo,adler motor,100730,high,internal,1
2026,08,31,BMW,iX3,Private,BEV,Electrico,KKL,FOCUS SEGMENT,Standard,SAV,04,Almería,automotor costa,100813,high,internal,1
2026,08,31,BMW,iX3,Private,BEV,Electrico,KKL,FOCUS SEGMENT,Standard,SAV,23,Jaén,motri motor,100819,high,internal,1
2026,08,31,BYD,ATTO 2,Private,BEV,Gasolina/Electrico Enchufable,UKL1,REST,Standard,SAV,06,Badajoz,badajoz,BYD BADAJOZ,high,official,1
2026,08,31,BYD,ATTO 2,Private,BEV,Gasolina/Electrico Enchufable,UKL1,REST,Standard,SAV,08,Barcelona,granollers,BYD GRANOLLERS,high,official,1
2026,08,31,BYD,ATTO 2,Private,BEV,Gasolina/Electrico Enchufable,UKL1,REST,Standard,SAV,08,Barcelona,pineda del mar,BYD PINEDA DEL MAR,high,official,1
2026,08,31,BYD,ATTO 2,Private,BEV,Gasolina/Electrico Enchufable,UKL1,REST,Standard,SAV,08,Barcelona,vilanova,BYD VILANOVA,high,official,1
2026,08,31,BYD,ATTO 2,Private,BEV,Gasolina/Electrico Enchufable,UKL1,REST,Standard,SAV,11,Cádiz,jerez de la frontera,BYD JEREZ DE LA FRONTERA,medium,official,1
2026,08,31,BYD,ATTO 2,Private,BEV,Gasolina/Electrico Enchufable,UKL1,REST,Standard,SAV,15,A Coruña,la coruña,BYD LA CORUNA,high,official,1
2026,08,31,BYD,ATTO 2,Private,BEV,Gasolina/Electrico Enchufable,UKL1,REST,Standard,SAV,17,Girona,figueres,BYD FIGUERES,high,official,1
2026,08,31,BYD,ATTO 2,Private,BEV,Gasolina/Electrico Enchufable,UKL1,REST,Standard,SAV,22,Huesca,huesca,BYD HUESCA,high,official,1
2026,08,31,BYD,ATTO 2,Private,BEV,Gasolina/Electrico Enchufable,UKL1,REST,Standard,SAV,24,León,león,BYD LEON,high,official,1
2026,08,31,BYD,ATTO 2,Private,BEV,Gasolina/Electrico Enchufable,UKL1,REST,Standard,SAV,32,Ourense,orense,BYD ORENSE,high,official,1
2026,08,31,BYD,ATTO 2,Private,BEV,Gasolina/Electrico Enchufable,UKL1,REST,Standard,SAV,39,Cantabria,santander,BYD SANTANDER,high,official,1
2026,08,31,BYD,ATTO 2,Private,BEV,Gasolina/Electrico Enchufable,UKL1,REST,Standard,SAV,43,Tarragona,reus,BYD REUS,high,official,1
2026,08,31,BYD,ATTO 2,Private,PHEV,Gasolina/Electrico Enchufable,UKL1,REST,Standard,SAV,03,Alicante,alicante,BYD ALICANTE,high,official,1
2026,08,31,BYD,ATTO 2,Private,PHEV,Gasolina/Electrico Enchufable,UKL1,REST,Standard,SAV,03,Alicante,alicante,BYD ALICANTE,medium,official,1
2026,08,31,BYD,ATTO 2,Private,PHEV,Gasolina/Electrico Enchufable,UKL1,REST,Standard,SAV,04,Almería,almería,BYD ALMERIA,medium,official,1
2026,08,31,BYD,ATTO 2,Private,PHEV,Gasolina/Electrico Enchufable,UKL1,REST,Standard,SAV,05,Ávila,ávila,BYD AVILA,high,official,1
2026,08,31,BYD,ATTO 2,Private,PHEV,Gasolina/Electrico Enchufable,UKL1,REST,Standard,SAV,07,Baleares,mallorca,BYD MALLORCA,high,official,1
2026,08,31,BYD,ATTO 2,Private,PHEV,Gasolina/Electrico Enchufable,UKL1,REST,Standard,SAV,08,Barcelona,cabrera,BYD CABRERA,high,official,2
2026,08,31,BYD,ATTO 2,Private,PHEV,Gasolina/Electrico Enchufable,UKL1,REST,Standard,SAV,08,Barcelona,igualada,BYD IGUALADA,high,official,1
2026,08,31,BYD,ATTO 2,Private,PHEV,Gasolina/Electrico Enchufable,UKL1,REST,Standard,SAV,08,Barcelona,pineda del mar,BYD PINEDA DEL MAR,high,official,1
2026,08,31,BYD,ATTO 2,Private,PHEV,Gasolina/Electrico Enchufable,UKL1,REST,Standard,SAV,12,Castellón,villarreal,BYD VILLARREAL,high,official,1
2026,08,31,BYD,ATTO 2,Private,PHEV,Gasolina/Electrico Enchufable,UKL1,REST,Standard,SAV,15,A Coruña,caldas,BYD CALDAS,high,official,1
2026,08,31,BYD,ATTO 2,Private,PHEV,Gasolina/Electrico Enchufable,UKL1,REST,Standard,SAV,15,A Coruña,lalín,BYD LALIN,high,official,1
2026,08,31,BYD,ATTO 2,Private,PHEV,Gasolina/Electrico Enchufable,UKL1,REST,Standard,SAV,17,Girona,girona,BYD GIRONA,high,official,1
2026,08,31,BYD,ATTO 2,Private,PHEV,Gasolina/Electrico Enchufable,UKL1,REST,Standard,SAV,17,Girona,vic,BYD VIC,high,official,1
2026,08,31,BYD,ATTO 2,Private,PHEV,Gasolina/Electrico Enchufable,UKL1,REST,Standard,SAV,18,Granada,granada,BYD GRANADA,high,official,1
2026,08,31,BYD,ATTO 2,Private,PHEV,Gasolina/Electrico Enchufable,UKL1,REST,Standard,SAV,20,Gipuzkoa,san sebastián,BYD SAN SEBASTIAN,high,official,1
2026,08,31,BYD,ATTO 2,Private,PHEV,Gasolina/Electrico Enchufable,UKL1,REST,Standard,SAV,23,Jaén,úbeda,BYD UBEDA,medium,official,2
2026,08,31,BYD,ATTO 2,Private,PHEV,Gasolina/Electrico Enchufable,UKL1,REST,Standard,SAV,26,La Rioja,logroño,BYD LOGRONO,high,official,1
2026,08,31,BYD,ATTO 2,Private,PHEV,Gasolina/Electrico Enchufable,UKL1,REST,Standard,SAV,27,Lugo,lugo,BYD LUGO,medium,official,1
2026,08,31,BYD,ATTO 2,Private,PHEV,Gasolina/Electrico Enchufable,UKL1,REST,Standard,SAV,28,Madrid,alcobendas,BYD ALCOBENDAS,high,official,1
2026,08,31,BYD,ATTO 2,Private,PHEV,Gasolina/Electrico Enchufable,UKL1,REST,Standard,SAV,29,Málaga,marbella,BYD MARBELLA,medium,official,1
2026,08,31,BYD,ATTO 2,Private,PHEV,Gasolina/Electrico Enchufable,UKL1,REST,Standard,SAV,30,Murcia,murcia,BYD MURCIA,high,official,3
2026,08,31,BYD,ATTO 2,Private,PHEV,Gasolina/Electrico Enchufable,UKL1,REST,Standard,SAV,32,Ourense,orense,BYD ORENSE,high,official,1
2026,08,31,BYD,ATTO 2,Private,PHEV,Gasolina/Electrico Enchufable,UKL1,REST,Standard,SAV,33,Asturias,gijón,BYD GIJON,high,official,1
2026,08,31,BYD,ATTO 2,Private,PHEV,Gasolina/Electrico Enchufable,UKL1,REST,Standard,SAV,36,Pontevedra,caldas,BYD CALDAS,high,official,1
2026,08,31,BYD,ATTO 2,Private,PHEV,Gasolina/Electrico Enchufable,UKL1,REST,Standard,SAV,36,Pontevedra,la coruña,BYD LA CORUNA,high,official,1
2026,08,31,BYD,ATTO 2,Private,PHEV,Gasolina/Electrico Enchufable,UKL1,REST,Standard,SAV,36,Pontevedra,vigo,BYD VIGO,high,official,2
2026,08,31,BYD,ATTO 2,Private,PHEV,Gasolina/Electrico Enchufable,UKL1,REST,Standard,SAV,39,Cantabria,santander,BYD SANTANDER,high,official,3
2026,08,31,BYD,ATTO 2,Private,PHEV,Gasolina/Electrico Enchufable,UKL1,REST,Standard,SAV,43,Tarragona,tarragona,BYD TARRAGONA,high,official,1
2026,08,31,BYD,ATTO 2,Private,PHEV,Gasolina/Electrico Enchufable,UKL1,REST,Standard,SAV,43,Tarragona,tarragona,BYD TARRAGONA,medium,official,1
2026,08,31,BYD,ATTO 2,Private,PHEV,Gasolina/Electrico Enchufable,UKL1,REST,Standard,SAV,45,Toledo,talavera,BYD TALAVERA,high,official,1
2026,08,31,BYD,ATTO 3 EVO,Private,BEV,Electrico,UKL2,REST,Standard,SAV,08,Barcelona,pineda del mar,BYD PINEDA DEL MAR,high,official,1
2026,08,31,BYD,ATTO 3 EVO,Private,BEV,Electrico,UKL2,REST,Standard,SAV,08,Barcelona,vilanova,BYD VILANOVA,high,official,1
2026,08,31,BYD,ATTO 3 EVO,Private,BEV,Electrico,UKL2,REST,Standard,SAV,17,Girona,girona,BYD GIRONA,high,official,1
2026,08,31,BYD,ATTO 3 EVO,Private,BEV,Electrico,UKL2,REST,Standard,SAV,27,Lugo,lugo,BYD LUGO,medium,official,1
2026,08,31,BYD,ATTO 3 EVO,Private,BEV,Electrico,UKL2,REST,Standard,SAV,31,Navarra,pamplona,BYD PAMPLONA,high,official,1
2026,08,31,BYD,ATTO 3 EVO,Private,BEV,Electrico,UKL2,REST,Standard,SAV,43,Tarragona,tarragona,BYD TARRAGONA,high,official,1
2026,08,31,BYD,DOLPHIN,Private,BEV,Electrico,UKL1,REST,Standard,HACH 5P,07,Baleares,mallorca,BYD MALLORCA,high,official,1
2026,08,31,BYD,DOLPHIN,Private,BEV,Electrico,UKL1,REST,Standard,HACH 5P,12,Castellón,villarreal,BYD VILLARREAL,high,official,1
2026,08,31,BYD,DOLPHIN,Private,BEV,Electrico,UKL1,REST,Standard,HACH 5P,17,Girona,vic,BYD VIC,medium,official,1
2026,08,31,BYD,DOLPHIN,Private,BEV,Electrico,UKL1,REST,Standard,HACH 5P,19,Guadalajara,guadalajara,BYD GUADALAJARA,high,official,1
2026,08,31,BYD,DOLPHIN,Private,BEV,Electrico,UKL1,REST,Standard,HACH 5P,25,Lleida,lleida,BYD LLEIDA,medium,official,1
2026,08,31,BYD,DOLPHIN,Private,BEV,Electrico,UKL1,REST,Standard,HACH 5P,36,Pontevedra,vigo,BYD VIGO,high,official,2
2026,08,31,BYD,DOLPHIN,Private,BEV,Electrico,UKL1,REST,Standard,HACH 5P,43,Tarragona,tarragona,BYD TARRAGONA,high,official,1
2026,08,31,BYD,DOLPHIN,Private,BEV,Electrico,UKL1,REST,Standard,HACH 5P,45,Toledo,toledo,BYD TOLEDO,high,official,1
2026,08,31,BYD,DOLPHIN G,Private,PHEV,Gasolina/Electrico Enchufable,UKL1,REST,Standard,HACH 5P,04,Almería,almería,BYD ALMERIA,medium,official,1
2026,08,31,BYD,DOLPHIN G,Private,PHEV,Gasolina/Electrico Enchufable,UKL1,REST,Standard,HACH 5P,07,Baleares,mallorca,BYD MALLORCA,high,official,1
2026,08,31,BYD,DOLPHIN G,Private,PHEV,Gasolina/Electrico Enchufable,UKL1,REST,Standard,HACH 5P,08,Barcelona,igualada,BYD IGUALADA,high,official,1
2026,08,31,BYD,DOLPHIN G,Private,PHEV,Gasolina/Electrico Enchufable,UKL1,REST,Standard,HACH 5P,08,Barcelona,manresa,BYD MANRESA,high,official,1
2026,08,31,BYD,DOLPHIN G,Private,PHEV,Gasolina/Electrico Enchufable,UKL1,REST,Standard,HACH 5P,15,A Coruña,la coruña,BYD LA CORUNA,high,official,1
2026,08,31,BYD,DOLPHIN G,Private,PHEV,Gasolina/Electrico Enchufable,UKL1,REST,Standard,HACH 5P,19,Guadalajara,guadalajara,BYD GUADALAJARA,high,official,1
2026,08,31,BYD,DOLPHIN G,Private,PHEV,Gasolina/Electrico Enchufable,UKL1,REST,Standard,HACH 5P,27,Lugo,lugo,BYD LUGO,high,official,1
2026,08,31,BYD,DOLPHIN G,Private,PHEV,Gasolina/Electrico Enchufable,UKL1,REST,Standard,HACH 5P,28,Madrid,alcobendas,BYD ALCOBENDAS,high,official,1
2026,08,31,BYD,DOLPHIN G,Private,PHEV,Gasolina/Electrico Enchufable,UKL1,REST,Standard,HACH 5P,30,Murcia,murcia,BYD MURCIA,high,official,1
2026,08,31,BYD,DOLPHIN G,Private,PHEV,Gasolina/Electrico Enchufable,UKL1,REST,Standard,HACH 5P,33,Asturias,gijón,BYD GIJON,high,official,1
2026,08,31,BYD,DOLPHIN G,Private,PHEV,Gasolina/Electrico Enchufable,UKL1,REST,Standard,HACH 5P,33,Asturias,lugo,BYD LUGO,medium,official,1
2026,08,31,BYD,DOLPHIN G,Private,PHEV,Gasolina/Electrico Enchufable,UKL1,REST,Standard,HACH 5P,33,Asturias,oviedo,BYD OVIEDO,high,official,2
2026,08,31,BYD,DOLPHIN G,Private,PHEV,Gasolina/Electrico Enchufable,UKL1,REST,Standard,HACH 5P,35,Las Palmas,gran canaria,BYD GRAN CANARIA,high,official,1
2026,08,31,BYD,DOLPHIN G,Private,PHEV,Gasolina/Electrico Enchufable,UKL1,REST,Standard,HACH 5P,50,Zaragoza,zaragoza,BYD ZARAGOZA,high,official,2
2026,08,31,BYD,DOLPHIN SURF,Private,BEV,Electrico,UKL0,REST,Standard,HACH 5P,03,Alicante,elche,BYD ELCHE,high,official,1
2026,08,31,BYD,DOLPHIN SURF,Private,BEV,Electrico,UKL0,REST,Standard,HACH 5P,08,Barcelona,cabrera,BYD CABRERA,high,official,1
2026,08,31,BYD,DOLPHIN SURF,Private,BEV,Electrico,UKL0,REST,Standard,HACH 5P,08,Barcelona,vilanova,BYD VILANOVA,high,official,1
2026,08,31,BYD,DOLPHIN SURF,Private,BEV,Electrico,UKL0,REST,Standard,HACH 5P,11,Cádiz,jerez de la frontera,BYD JEREZ DE LA FRONTERA,high,official,1
2026,08,31,BYD,DOLPHIN SURF,Private,BEV,Electrico,UKL0,REST,Standard,HACH 5P,13,Ciudad Real,ciudad real,BYD CIUDAD REAL,medium,official,1
2026,08,31,BYD,DOLPHIN SURF,Private,BEV,Electrico,UKL0,REST,Standard,HACH 5P,13,Ciudad Real,valdepeñas,BYD VALDEPENAS,high,official,2
2026,08,31,BYD,DOLPHIN SURF,Private,BEV,Electrico,UKL0,REST,Standard,HACH 5P,15,A Coruña,la coruña,BYD LA CORUNA,high,official,2
2026,08,31,BYD,DOLPHIN SURF,Private,BEV,Electrico,UKL0,REST,Standard,HACH 5P,23,Jaén,jaén,BYD JAEN,high,official,1
2026,08,31,BYD,DOLPHIN SURF,Private,BEV,Electrico,UKL0,REST,Standard,HACH 5P,24,León,león,BYD LEON,high,official,1
2026,08,31,BYD,DOLPHIN SURF,Private,BEV,Electrico,UKL0,REST,Standard,HACH 5P,27,Lugo,lugo,BYD LUGO,medium,official,1
2026,08,31,BYD,DOLPHIN SURF,Private,BEV,Electrico,UKL0,REST,Standard,HACH 5P,28,Madrid,aranjuez,BYD ARANJUEZ,high,official,1
2026,08,31,BYD,DOLPHIN SURF,Private,BEV,Electrico,UKL0,REST,Standard,HACH 5P,33,Asturias,oviedo,BYD OVIEDO,high,official,1
2026,08,31,BYD,DOLPHIN SURF,Private,BEV,Electrico,UKL0,REST,Standard,HACH 5P,36,Pontevedra,vigo,BYD VIGO,high,official,1
2026,08,31,BYD,DOLPHIN SURF,Private,BEV,Electrico,UKL0,REST,Standard,HACH 5P,43,Tarragona,tarragona,BYD TARRAGONA,high,official,2
2026,08,31,BYD,DOLPHIN SURF,Private,BEV,Electrico,UKL0,REST,Standard,HACH 5P,43,Tarragona,tarragona,BYD TARRAGONA,medium,official,1
2026,08,31,BYD,DOLPHIN SURF,Private,BEV,Electrico,UKL0,REST,Standard,HACH 5P,43,Tarragona,vilanova,BYD VILANOVA,medium,official,1
2026,08,31,BYD,DOLPHIN SURF,Private,BEV,Electrico,UKL0,REST,Standard,HACH 5P,45,Toledo,toledo,BYD TOLEDO,high,official,1
2026,08,31,BYD,DOLPHIN SURF,Private,BEV,Electrico,UKL0,REST,Standard,HACH 5P,45,Toledo,toledo,BYD TOLEDO,medium,official,1
2026,08,31,BYD,DOLPHIN SURF,Private,BEV,Electrico,UKL0,REST,Standard,HACH 5P,47,Valladolid,valladolid,BYD VALLADOLID,high,official,1
2026,08,31,BYD,SEAL,Private,BEV,Electrico,KKL,REST,Standard,SEDAN,23,Jaén,úbeda,BYD UBEDA,medium,official,1
2026,08,31,BYD,SEAL 6,Private,PHEV,Gasolina/Electrico Enchufable,KKL,REST,Standard,SEDAN,08,Barcelona,vilanova,BYD VILANOVA,high,official,1
2026,08,31,BYD,SEAL 6,Private,PHEV,Gasolina/Electrico Enchufable,KKL,REST,Standard,SEDAN,21,Huelva,huelva,BYD HUELVA,medium,official,1
2026,08,31,BYD,SEAL U,Private,BEV,Gasolina/Electrico Enchufable,KKL,REST,Standard,SAV,18,Granada,granada,BYD GRANADA,high,official,1
2026,08,31,BYD,SEAL U,Private,BEV,Gasolina/Electrico Enchufable,KKL,REST,Standard,SAV,22,Huesca,huesca,BYD HUESCA,high,official,1
2026,08,31,BYD,SEAL U,Private,BEV,Gasolina/Electrico Enchufable,KKL,REST,Standard,SAV,25,Lleida,manresa,BYD MANRESA,medium,official,1
2026,08,31,BYD,SEAL U,Private,BEV,Gasolina/Electrico Enchufable,KKL,REST,Standard,SAV,40,Segovia,segovia,BYD SEGOVIA,high,official,1
2026,08,31,BYD,SEAL U,Private,BEV,Gasolina/Electrico Enchufable,KKL,REST,Standard,SAV,47,Valladolid,valladolid,BYD VALLADOLID,high,official,1
2026,08,31,BYD,SEAL U,Private,PHEV,Gasolina/Electrico Enchufable,KKL,REST,Standard,SAV,06,Badajoz,badajoz,BYD BADAJOZ,high,official,1
2026,08,31,BYD,SEAL U,Private,PHEV,Gasolina/Electrico Enchufable,KKL,REST,Standard,SAV,07,Baleares,mallorca,BYD MALLORCA,medium,official,1
2026,08,31,BYD,SEAL U,Private,PHEV,Gasolina/Electrico Enchufable,KKL,REST,Standard,SAV,08,Barcelona,vic,BYD VIC,high,official,1
2026,08,31,BYD,SEAL U,Private,PHEV,Gasolina/Electrico Enchufable,KKL,REST,Standard,SAV,08,Barcelona,vilanova,BYD VILANOVA,high,official,1
2026,08,31,BYD,SEAL U,Private,PHEV,Gasolina/Electrico Enchufable,KKL,REST,Standard,SAV,11,Cádiz,jerez de la frontera,BYD JEREZ DE LA FRONTERA,high,official,3
2026,08,31,BYD,SEAL U,Private,PHEV,Gasolina/Electrico Enchufable,KKL,REST,Standard,SAV,12,Castellón,villarreal,BYD VILLARREAL,high,official,1
2026,08,31,BYD,SEAL U,Private,PHEV,Gasolina/Electrico Enchufable,KKL,REST,Standard,SAV,14,Córdoba,córdoba,BYD CORDOBA,high,official,1
2026,08,31,BYD,SEAL U,Private,PHEV,Gasolina/Electrico Enchufable,KKL,REST,Standard,SAV,17,Girona,vic,BYD VIC,high,official,1
2026,08,31,BYD,SEAL U,Private,PHEV,Gasolina/Electrico Enchufable,KKL,REST,Standard,SAV,18,Granada,granada,BYD GRANADA,high,official,2
2026,08,31,BYD,SEAL U,Private,PHEV,Gasolina/Electrico Enchufable,KKL,REST,Standard,SAV,23,Jaén,úbeda,BYD UBEDA,medium,official,1
2026,08,31,BYD,SEAL U,Private,PHEV,Gasolina/Electrico Enchufable,KKL,REST,Standard,SAV,28,Madrid,alcobendas,BYD ALCOBENDAS,high,official,1
2026,08,31,BYD,SEAL U,Private,PHEV,Gasolina/Electrico Enchufable,KKL,REST,Standard,SAV,30,Murcia,murcia,BYD MURCIA,high,official,3
2026,08,31,BYD,SEAL U,Private,PHEV,Gasolina/Electrico Enchufable,KKL,REST,Standard,SAV,33,Asturias,oviedo,BYD OVIEDO,medium,official,1
2026,08,31,BYD,SEAL U,Private,PHEV,Gasolina/Electrico Enchufable,KKL,REST,Standard,SAV,37,Salamanca,salamanca,BYD SALAMANCA,medium,official,1
2026,08,31,BYD,SEAL U,Private,PHEV,Gasolina/Electrico Enchufable,KKL,REST,Standard,SAV,46,Valencia,alginet,BYD ALGINET,high,official,1
2026,08,31,BYD,SEAL U,Private,PHEV,Gasolina/Electrico Enchufable,KKL,REST,Standard,SAV,50,Zaragoza,zaragoza,BYD ZARAGOZA,high,official,2
2026,08,31,BYD,SEALION 7,Private,BEV,Electrico,KKL,REST,Standard,SAV,15,A Coruña,santiago,BYD SANTIAGO,medium,official,1
2026,08,31,BYD,SEALION 7,Private,BEV,Electrico,KKL,REST,Standard,SAV,31,Navarra,pamplona,BYD PAMPLONA,high,official,1
2026,08,31,BYD,SEALION 7,Private,BEV,Electrico,KKL,REST,Standard,SAV,45,Toledo,toledo,BYD TOLEDO,high,official,1
2026,08,31,CUPRA,BORN,Private,BEV,Electrico,UKL2,REST,Standard,HACH 5P,03,Alicante,gines huertas cervantes,03389D,medium,official,1
2026,08,31,CUPRA,BORN,Private,BEV,Electrico,UKL2,REST,Standard,HACH 5P,29,Málaga,automoviles rueda,00567R,high,official,1
2026,08,31,CUPRA,BORN,Private,BEV,Electrico,UKL2,REST,Standard,HACH 5P,33,Asturias,varocar,03A10D,medium,official,1
2026,08,31,CUPRA,CUPRA LEON,Private,ICE,Gasolina/Electrico Enchufable,UKL2,REST,Standard,HACH 5P,08,Barcelona,maresme lesseps,0322KD,high,official,1
2026,08,31,CUPRA,CUPRA LEON,Private,ICE,Gasolina/Electrico Enchufable,UKL2,REST,Standard,HACH 5P,11,Cádiz,automocion terry,0344KD,high,official,1
2026,08,31,CUPRA,CUPRA LEON,Private,ICE,Gasolina/Electrico Enchufable,UKL2,REST,Standard,HACH 5P,21,Huelva,huelva motor,03476D,high,official,1
2026,08,31,CUPRA,CUPRA LEON,Private,ICE,Gasolina/Electrico Enchufable,UKL2,REST,Standard,HACH 5P,21,Huelva,huelva motor,03476D,medium,official,1
2026,08,31,CUPRA,CUPRA LEON,Private,ICE,Gasolina/Electrico Enchufable,UKL2,REST,Standard,HACH 5P,28,Madrid,castellana motor,0A111D,high,official,1
2026,08,31,CUPRA,FORMENTOR,Private,ICE,Gasolina/Electrico Enchufable,UKL2,REST,Standard,SAT,02,Albacete,talleres rubens,03330D,medium,official,1
2026,08,31,CUPRA,FORMENTOR,Private,ICE,Gasolina/Electrico Enchufable,UKL2,REST,Standard,SAT,03,Alicante,autom. sala rodriguez,03346D,medium,official,1
2026,08,31,CUPRA,FORMENTOR,Private,ICE,Gasolina/Electrico Enchufable,UKL2,REST,Standard,SAT,15,A Coruña,compostela motor,03729D,high,official,1
2026,08,31,CUPRA,FORMENTOR,Private,ICE,Gasolina/Electrico Enchufable,UKL2,REST,Standard,SAT,20,Gipuzkoa,lugaritz,03588D,medium,official,1
2026,08,31,CUPRA,FORMENTOR,Private,ICE,Gasolina/Electrico Enchufable,UKL2,REST,Standard,SAT,21,Huelva,huelva motor,03476D,high,official,1
2026,08,31,CUPRA,FORMENTOR,Private,ICE,Gasolina/Electrico Enchufable,UKL2,REST,Standard,SAT,23,Jaén,savoy,03908D,high,official,1
2026,08,31,CUPRA,FORMENTOR,Private,ICE,Gasolina/Electrico Enchufable,UKL2,REST,Standard,SAT,30,Murcia,gines huertas cervantes,03389D,high,official,1
2026,08,31,CUPRA,FORMENTOR,Private,ICE,Gasolina/Electrico Enchufable,UKL2,REST,Standard,SAT,30,Murcia,gines huertas cervantes,03389D,medium,official,1
2026,08,31,CUPRA,FORMENTOR,Private,PHEV,Gasolina/Electrico Enchufable,UKL2,REST,Standard,SAT,03,Alicante,serrauto,03340D,high,official,2
2026,08,31,CUPRA,FORMENTOR,Private,PHEV,Gasolina/Electrico Enchufable,UKL2,REST,Standard,SAT,35,Las Palmas,orvecame,80120D,high,official,1
2026,08,31,CUPRA,FORMENTOR,Private,PHEV,Gasolina/Electrico Enchufable,UKL2,REST,Standard,SAT,38,S.C. Tenerife,motor 7 islas,00547R,medium,official,1
2026,08,31,CUPRA,RAVAL,Private,BEV,Electrico,UKL1,REST,Standard,HACH 5P,26,La Rioja,auto moriz,03544D,high,official,1
2026,08,31,CUPRA,RAVAL,Private,BEV,Electrico,UKL1,REST,Standard,HACH 5P,28,Madrid,castellana motor,0A111D,high,official,1
2026,08,31,CUPRA,TAVASCAN,Private,BEV,Electrico,UKL2,REST,Standard,SAV,38,S.C. Tenerife,motor 7 islas,00547R,medium,official,1
2026,08,31,CUPRA,TERRAMAR,Private,ICE,Gasolina/Electrico Enchufable,UKL2,REST,Standard,SAT,03,Alicante,autom. sala rodriguez,03346D,high,official,1
2026,08,31,CUPRA,TERRAMAR,Private,ICE,Gasolina/Electrico Enchufable,UKL2,REST,Standard,SAT,08,Barcelona,maresme lesseps,0322KD,high,official,1
2026,08,31,CUPRA,TERRAMAR,Private,ICE,Gasolina/Electrico Enchufable,UKL2,REST,Standard,SAT,29,Málaga,autos bellamar,03938D,high,official,1
2026,08,31,CUPRA,TERRAMAR,Private,PHEV,Gasolina/Electrico Enchufable,UKL2,REST,Standard,SAT,04,Almería,indalo motor,03931D,high,official,1
2026,08,31,CUPRA,TERRAMAR,Private,PHEV,Gasolina/Electrico Enchufable,UKL2,REST,Standard,SAT,09,Burgos,arlanzon motor,03647D,high,official,1
2026,08,31,CUPRA,TERRAMAR,Private,PHEV,Gasolina/Electrico Enchufable,UKL2,REST,Standard,SAT,23,Jaén,savoy,03908D,medium,official,1
2026,08,31,CUPRA,TERRAMAR,Private,PHEV,Gasolina/Electrico Enchufable,UKL2,REST,Standard,SAT,30,Murcia,gines huertas cervantes,03389D,high,official,1
2026,08,31,CUPRA,TERRAMAR,Private,PHEV,Gasolina/Electrico Enchufable,UKL2,REST,Standard,SAT,36,Pontevedra,copervi,03764D,high,official,1
2026,08,31,CUPRA,TERRAMAR,Private,PHEV,Gasolina/Electrico Enchufable,UKL2,REST,Standard,SAT,41,Sevilla,automocion terry,03415D,high,official,1
2026,08,31,DACIA,BIGSTER,Private,ICE,Gasolina/Electrico,UKL2,REST,Standard,SAV,03,Alicante,"talleres ginestar, s.l.u.",72405154,high,official,1
2026,08,31,DACIA,BIGSTER,Private,ICE,Gasolina/Electrico,UKL2,REST,Standard,SAV,04,Almería,"syrsa automocion, s.l.",72405317,high,official,1
2026,08,31,DACIA,BIGSTER,Private,ICE,Gasolina/Electrico,UKL2,REST,Standard,SAV,06,Badajoz,"marcesa servicios, s.a.",72457509,high,official,1
2026,08,31,DACIA,BIGSTER,Private,ICE,Gasolina/Electrico,UKL2,REST,Standard,SAV,07,Baleares,"motorauto ponent, s.a.",72459909,high,official,1
2026,08,31,DACIA,BIGSTER,Private,ICE,Gasolina/Electrico,UKL2,REST,Standard,SAV,11,Cádiz,"automoviles tinajero, s.l.",72456602,high,official,1
2026,08,31,DACIA,BIGSTER,Private,ICE,Gasolina/Electrico,UKL2,REST,Standard,SAV,15,A Coruña,"caetano formula galicia, s.l.u",72405435,high,official,1
2026,08,31,DACIA,BIGSTER,Private,ICE,Gasolina/Electrico,UKL2,REST,Standard,SAV,20,Gipuzkoa,"lazkao garajea, s.l.",72421412,medium,official,1
2026,08,31,DACIA,BIGSTER,Private,ICE,Gasolina/Electrico,UKL2,REST,Standard,SAV,21,Huelva,"syrsa automocion, s.l.",72405076,high,official,1
2026,08,31,DACIA,BIGSTER,Private,ICE,Gasolina/Electrico,UKL2,REST,Standard,SAV,27,Lugo,"talleres mecanicos pardo, s.l.",72405140,high,official,1
2026,08,31,DACIA,BIGSTER,Private,ICE,Gasolina/Electrico,UKL2,REST,Standard,SAV,29,Málaga,"rombo sol 2002, s.l.u",72405040,high,official,1
2026,08,31,DACIA,BIGSTER,Private,ICE,Gasolina/Electrico,UKL2,REST,Standard,SAV,29,Málaga,"rombo sol 2002, s.l.u",72405439,high,official,1
2026,08,31,DACIA,BIGSTER,Private,ICE,Gasolina/Electrico,UKL2,REST,Standard,SAV,35,Las Palmas,"juan toledo, s.l.",72405138,high,official,1
2026,08,31,DACIA,BIGSTER,Private,ICE,Gasolina/Electrico,UKL2,REST,Standard,SAV,39,Cantabria,"vidal de la peña automoviles, s.l.",72405041,high,official,1
2026,08,31,DACIA,BIGSTER,Private,ICE,Gasolina/Electrico,UKL2,REST,Standard,SAV,41,Sevilla,"nebriauto, s.l.",72450723,high,official,1
2026,08,31,DACIA,DUSTER,Private,ICE,Gasolina/Electrico,SKL,REST,Standard,PICKUP,03,Alicante,"talleres blas serna, s.a.",72405286,high,official,1
2026,08,31,DACIA,DUSTER,Private,ICE,Gasolina/Electrico,SKL,REST,Standard,PICKUP,04,Almería,"syrsa automocion, s.l.",72405317,high,official,1
2026,08,31,DACIA,DUSTER,Private,ICE,Gasolina/Electrico,SKL,REST,Standard,PICKUP,04,Almería,"syrsa automocion, s.l.",72405322,high,official,1
2026,08,31,DACIA,DUSTER,Private,ICE,Gasolina/Electrico,SKL,REST,Standard,PICKUP,05,Ávila,"auto salamanca cars, s.l.",72405465,medium,official,1
2026,08,31,DACIA,DUSTER,Private,ICE,Gasolina/Electrico,SKL,REST,Standard,PICKUP,06,Badajoz,"marcesa servicios, s.a.",72457400,high,official,1
2026,08,31,DACIA,DUSTER,Private,ICE,Gasolina/Electrico,SKL,REST,Standard,PICKUP,06,Badajoz,"marcesa servicios, s.a.",72457423,medium,official,1
2026,08,31,DACIA,DUSTER,Private,ICE,Gasolina/Electrico,SKL,REST,Standard,PICKUP,07,Baleares,"dibauto plus, s.a",72405090,high,official,1
2026,08,31,DACIA,DUSTER,Private,ICE,Gasolina/Electrico,SKL,REST,Standard,PICKUP,09,Burgos,"autovican, s.l.",72405357,high,official,1
2026,08,31,DACIA,DUSTER,Private,ICE,Gasolina/Electrico,SKL,REST,Standard,PICKUP,11,Cádiz,"automoviles conil, s.l.",72450916,high,official,1
2026,08,31,DACIA,DUSTER,Private,ICE,Gasolina/Electrico,SKL,REST,Standard,PICKUP,11,Cádiz,"caetano formula cadiz, s.l.u",72405264,high,official,1
2026,08,31,DACIA,DUSTER,Private,ICE,Gasolina/Electrico,SKL,REST,Standard,PICKUP,11,Cádiz,"sauto, s.l.(sanluqueña de automoviles",72450920,high,official,3
2026,08,31,DACIA,DUSTER,Private,ICE,Gasolina/Electrico,SKL,REST,Standard,PICKUP,12,Castellón,"talleres boix, s.l.",72438810,medium,official,1
2026,08,31,DACIA,DUSTER,Private,ICE,Gasolina/Electrico,SKL,REST,Standard,PICKUP,15,A Coruña,"caetano formula galicia, s.l.u",72405438,high,official,2
2026,08,31,DACIA,DUSTER,Private,ICE,Gasolina/Electrico,SKL,REST,Standard,PICKUP,22,Huesca,"antonio bardaji, s.l.",72436203,medium,official,1
2026,08,31,DACIA,DUSTER,Private,ICE,Gasolina/Electrico,SKL,REST,Standard,PICKUP,23,Jaén,"japemasa solar, s.l",72405349,high,official,1
2026,08,31,DACIA,DUSTER,Private,ICE,Gasolina/Electrico,SKL,REST,Standard,PICKUP,24,León,"fernandez encina, s.l.",72423609,high,official,1
2026,08,31,DACIA,DUSTER,Private,ICE,Gasolina/Electrico,SKL,REST,Standard,PICKUP,24,León,"leomovil, s.l.",72423617,high,official,1
2026,08,31,DACIA,DUSTER,Private,ICE,Gasolina/Electrico,SKL,REST,Standard,PICKUP,27,Lugo,"caetano formula galicia, s.l.u",72405057,high,official,1
2026,08,31,DACIA,DUSTER,Private,ICE,Gasolina/Electrico,SKL,REST,Standard,PICKUP,29,Málaga,"rombo sol 2002, s.l.u",72405039,high,official,1
2026,08,31,DACIA,DUSTER,Private,ICE,Gasolina/Electrico,SKL,REST,Standard,PICKUP,29,Málaga,"tahermo, s.l.u",72405399,medium,official,1
2026,08,31,DACIA,DUSTER,Private,ICE,Gasolina/Electrico,SKL,REST,Standard,PICKUP,30,Murcia,"automocion del noroeste, s.l",72458901,high,official,1
2026,08,31,DACIA,DUSTER,Private,ICE,Gasolina/Electrico,SKL,REST,Standard,PICKUP,30,Murcia,"automociones ureña, s.l.",72459013,high,official,1
2026,08,31,DACIA,DUSTER,Private,ICE,Gasolina/Electrico,SKL,REST,Standard,PICKUP,31,Navarra,"aramburu belloso, s.l.",72420100,high,official,1
2026,08,31,DACIA,DUSTER,Private,ICE,Gasolina/Electrico,SKL,REST,Standard,PICKUP,31,Navarra,"talleres santesteban, s.a.",72421502,high,official,1
2026,08,31,DACIA,DUSTER,Private,ICE,Gasolina/Electrico,SKL,REST,Standard,PICKUP,34,Palencia,"fernandez encina, s.l.",72423609,high,official,1
2026,08,31,DACIA,DUSTER,Private,ICE,Gasolina/Electrico,SKL,REST,Standard,PICKUP,35,Las Palmas,"juan toledo, s.l.",72405138,high,official,1
2026,08,31,DACIA,DUSTER,Private,ICE,Gasolina/Electrico,SKL,REST,Standard,PICKUP,39,Cantabria,"vidal de la peña automoviles, s.l.",72405043,high,official,1
2026,08,31,DACIA,DUSTER,Private,ICE,Gasolina/Electrico,SKL,REST,Standard,PICKUP,43,Tarragona,"oliva motor rd tarragona, s.l.u.",72405523,high,official,2
2026,08,31,DACIA,DUSTER,Private,ICE,Gasolina/Electrico,SKL,REST,Standard,PICKUP,45,Toledo,"automoviles roman sanchez, s.l.",72405417,high,official,2
2026,08,31,DACIA,DUSTER,Private,ICE,Gasolina/Electrico,SKL,REST,Standard,PICKUP,46,Valencia,"automocion l'eliana, s.l.",72439410,high,official,1
2026,08,31,DACIA,DUSTER,Private,ICE,Gasolina/Electrico,SKL,REST,Standard,PICKUP,48,Bizkaia,"gaursa autoak, s.l.u.",72405287,high,official,1
2026,08,31,DACIA,JOGGER,Private,ICE,Gasolina/Electrico,UKL2,REST,Standard,MPV,01,Álava,"arabauto motor,s.l.u",72405315,high,official,1
2026,08,31,DACIA,JOGGER,Private,ICE,Gasolina/Electrico,UKL2,REST,Standard,MPV,07,Baleares,"punicauto, s.l.",72459800,high,official,1
2026,08,31,DACIA,JOGGER,Private,ICE,Gasolina/Electrico,UKL2,REST,Standard,MPV,10,Cáceres,"marcesa servicios, s.a.",72457700,high,official,1
2026,08,31,DACIA,JOGGER,Private,ICE,Gasolina/Electrico,UKL2,REST,Standard,MPV,11,Cádiz,"caetano formula cadiz, s.l.u",72405228,high,official,2
2026,08,31,DACIA,JOGGER,Private,ICE,Gasolina/Electrico,UKL2,REST,Standard,MPV,18,Granada,"japemasa solar, s.l",72405353,high,official,1
2026,08,31,DACIA,JOGGER,Private,ICE,Gasolina/Electrico,UKL2,REST,Standard,MPV,33,Asturias,"leomotor asturias, s.l.",72405168,high,official,1
2026,08,31,DACIA,JOGGER,Private,ICE,Gasolina/Electrico,UKL2,REST,Standard,MPV,45,Toledo,"aries toledo-talavera, s.l.",72405160,high,official,1
2026,08,31,DACIA,JOGGER,Private,ICE,Gasolina/Electrico,UKL2,REST,Standard,MPV,48,Bizkaia,"ekin autoak, s.a.l.",72405024,high,official,1
2026,08,31,DACIA,SANDERO,Private,ICE,Gasolina,UKL1,REST,Standard,HACH 5P,02,Albacete,"automaor, s.l",72405388,high,official,1
2026,08,31,DACIA,SANDERO,Private,ICE,Gasolina,UKL1,REST,Standard,HACH 5P,03,Alicante,"japemasa solar, s.l",72405424,high,official,2
2026,08,31,DACIA,SANDERO,Private,ICE,Gasolina,UKL1,REST,Standard,HACH 5P,03,Alicante,"talleres blas serna, s.a.",72405286,high,official,1
2026,08,31,DACIA,SANDERO,Private,ICE,Gasolina,UKL1,REST,Standard,HACH 5P,03,Alicante,"talleres blas serna, s.a.",72405303,high,official,2
2026,08,31,DACIA,SANDERO,Private,ICE,Gasolina,UKL1,REST,Standard,HACH 5P,04,Almería,"juan enrique, s.l.",72450505,high,official,1
2026,08,31,DACIA,SANDERO,Private,ICE,Gasolina,UKL1,REST,Standard,HACH 5P,04,Almería,"syrsa automocion, s.l.",72405317,high,official,1
2026,08,31,DACIA,SANDERO,Private,ICE,Gasolina,UKL1,REST,Standard,HACH 5P,04,Almería,"syrsa automocion, s.l.",72405321,high,official,1
2026,08,31,DACIA,SANDERO,Private,ICE,Gasolina,UKL1,REST,Standard,HACH 5P,04,Almería,"syrsa automocion, s.l.",72405322,high,official,1
2026,08,31,DACIA,SANDERO,Private,ICE,Gasolina,UKL1,REST,Standard,HACH 5P,06,Badajoz,"marcesa servicios, s.a.",72457423,high,official,1
2026,08,31,DACIA,SANDERO,Private,ICE,Gasolina,UKL1,REST,Standard,HACH 5P,06,Badajoz,"marcesa servicios, s.a.",72457423,medium,official,1
2026,08,31,DACIA,SANDERO,Private,ICE,Gasolina,UKL1,REST,Standard,HACH 5P,09,Burgos,"autovican, s.l.",72405246,high,official,2
2026,08,31,DACIA,SANDERO,Private,ICE,Gasolina,UKL1,REST,Standard,HACH 5P,09,Burgos,"autovican, s.l.",72405357,high,official,1
2026,08,31,DACIA,SANDERO,Private,ICE,Gasolina,UKL1,REST,Standard,HACH 5P,10,Cáceres,"auto salamanca cars, s.l.",72405464,medium,official,1
2026,08,31,DACIA,SANDERO,Private,ICE,Gasolina,UKL1,REST,Standard,HACH 5P,10,Cáceres,"auto salamanca cars, s.l.",72405465,high,official,1
2026,08,31,DACIA,SANDERO,Private,ICE,Gasolina,UKL1,REST,Standard,HACH 5P,10,Cáceres,"marcesa servicios, s.a.",72457700,high,official,2
2026,08,31,DACIA,SANDERO,Private,ICE,Gasolina,UKL1,REST,Standard,HACH 5P,11,Cádiz,"caetano formula cadiz, s.l.u",72405228,high,official,1
2026,08,31,DACIA,SANDERO,Private,ICE,Gasolina,UKL1,REST,Standard,HACH 5P,11,Cádiz,"caetano formula cadiz, s.l.u",72405264,high,official,4
2026,08,31,DACIA,SANDERO,Private,ICE,Gasolina,UKL1,REST,Standard,HACH 5P,11,Cádiz,"caetano formula cadiz, s.l.u",72405265,high,official,3
2026,08,31,DACIA,SANDERO,Private,ICE,Gasolina,UKL1,REST,Standard,HACH 5P,11,Cádiz,"sauto, s.l.(sanluqueña de automoviles",72450920,high,official,3
2026,08,31,DACIA,SANDERO,Private,ICE,Gasolina,UKL1,REST,Standard,HACH 5P,12,Castellón,"talleres boix, s.l.",72438810,medium,official,2
2026,08,31,DACIA,SANDERO,Private,ICE,Gasolina,UKL1,REST,Standard,HACH 5P,13,Ciudad Real,"aries ciudad real, s.l.",72412700,high,official,1
2026,08,31,DACIA,SANDERO,Private,ICE,Gasolina,UKL1,REST,Standard,HACH 5P,15,A Coruña,"caetano formula galicia, s.l.u",72405437,medium,official,1
2026,08,31,DACIA,SANDERO,Private,ICE,Gasolina,UKL1,REST,Standard,HACH 5P,16,Cuenca,"automoviles audasa, s.l.",72405459,high,official,1
2026,08,31,DACIA,SANDERO,Private,ICE,Gasolina,UKL1,REST,Standard,HACH 5P,17,Girona,"intercargirona.s,l",72434434,medium,official,1
2026,08,31,DACIA,SANDERO,Private,ICE,Gasolina,UKL1,REST,Standard,HACH 5P,20,Gipuzkoa,"irazcar, s.l",72405334,high,official,1
2026,08,31,DACIA,SANDERO,Private,ICE,Gasolina,UKL1,REST,Standard,HACH 5P,21,Huelva,"syrsa automocion, s.l.",72405076,high,official,1
2026,08,31,DACIA,SANDERO,Private,ICE,Gasolina,UKL1,REST,Standard,HACH 5P,21,Huelva,"syrsa automocion, s.l.",72405076,medium,official,1
2026,08,31,DACIA,SANDERO,Private,ICE,Gasolina,UKL1,REST,Standard,HACH 5P,22,Huesca,"talleres blanco, s.a.",72436205,high,official,1
2026,08,31,DACIA,SANDERO,Private,ICE,Gasolina,UKL1,REST,Standard,HACH 5P,25,Lleida,"moles auto ii,s.l.u.",72405475,high,official,1
2026,08,31,DACIA,SANDERO,Private,ICE,Gasolina,UKL1,REST,Standard,HACH 5P,28,Madrid,"automocion qualitauto, s.a.",72405469,high,official,1
2026,08,31,DACIA,SANDERO,Private,ICE,Gasolina,UKL1,REST,Standard,HACH 5P,29,Málaga,"rombo sol 2002, s.l.u",72405039,high,official,1
2026,08,31,DACIA,SANDERO,Private,ICE,Gasolina,UKL1,REST,Standard,HACH 5P,29,Málaga,"rombo sol 2002, s.l.u",72405040,high,official,3
2026,08,31,DACIA,SANDERO,Private,ICE,Gasolina,UKL1,REST,Standard,HACH 5P,31,Navarra,"unsain, s.l.u.",72405035,high,official,1
2026,08,31,DACIA,SANDERO,Private,ICE,Gasolina,UKL1,REST,Standard,HACH 5P,33,Asturias,"leomotor asturias, s.l.",72405126,high,official,1
2026,08,31,DACIA,SANDERO,Private,ICE,Gasolina,UKL1,REST,Standard,HACH 5P,33,Asturias,"norte motor,s.l.",72405239,high,official,1
2026,08,31,DACIA,SANDERO,Private,ICE,Gasolina,UKL1,REST,Standard,HACH 5P,34,Palencia,"vicauto, s.a.u",72424100,high,official,1
2026,08,31,DACIA,SANDERO,Private,ICE,Gasolina,UKL1,REST,Standard,HACH 5P,35,Las Palmas,"motor ari, s.a.",72405508,high,official,1
2026,08,31,DACIA,SANDERO,Private,ICE,Gasolina,UKL1,REST,Standard,HACH 5P,38,S.C. Tenerife,arautava motor s.l.,72405380,high,official,2
2026,08,31,DACIA,SANDERO,Private,ICE,Gasolina,UKL1,REST,Standard,HACH 5P,38,S.C. Tenerife,"motor ari, s.a.",72405269,high,official,1
2026,08,31,DACIA,SANDERO,Private,ICE,Gasolina,UKL1,REST,Standard,HACH 5P,39,Cantabria,"vidal de la peña automoviles, s.l.",72405041,high,official,3
2026,08,31,DACIA,SANDERO,Private,ICE,Gasolina,UKL1,REST,Standard,HACH 5P,40,Segovia,"german sancho arribas, s.l",72405330,high,official,1
2026,08,31,DACIA,SANDERO,Private,ICE,Gasolina,UKL1,REST,Standard,HACH 5P,41,Sevilla,"automoviles tinajero, s.l.",72456602,medium,official,1
2026,08,31,DACIA,SANDERO,Private,ICE,Gasolina,UKL1,REST,Standard,HACH 5P,41,Sevilla,"guadaira movil 2001, s.l",72405338,high,official,1
2026,08,31,DACIA,SANDERO,Private,ICE,Gasolina,UKL1,REST,Standard,HACH 5P,43,Tarragona,"oliva motor rd tarragona, s.l.u.",72405523,high,official,3
2026,08,31,DACIA,SANDERO,Private,ICE,Gasolina,UKL1,REST,Standard,HACH 5P,43,Tarragona,"oliva motor rd tarragona, s.l.u.",72405523,medium,official,1
2026,08,31,DACIA,SANDERO,Private,ICE,Gasolina,UKL1,REST,Standard,HACH 5P,45,Toledo,"aries toledo-talavera, s.l.",72405160,high,official,1
2026,08,31,DACIA,SANDERO,Private,ICE,Gasolina,UKL1,REST,Standard,HACH 5P,45,Toledo,"auto martin-andino, s.l.",72419800,high,official,1
2026,08,31,DACIA,SANDERO,Private,ICE,Gasolina,UKL1,REST,Standard,HACH 5P,45,Toledo,"auto salamanca cars, s.l.",72405465,high,official,1
2026,08,31,DACIA,SANDERO,Private,ICE,Gasolina,UKL1,REST,Standard,HACH 5P,46,Valencia,"talleres ginestar, s.l.u.",72405169,high,official,1
2026,08,31,DACIA,SANDERO,Private,ICE,Gasolina,UKL1,REST,Standard,HACH 5P,48,Bizkaia,"talleres garbi, s.a.",72422400,high,official,1
2026,08,31,HYUNDAI,BAYON,Private,ICE,Gasolina Mild Hybrid,UKL1,REST,Standard,SAV,07,Baleares,proa automoción,518,medium,official,1
2026,08,31,HYUNDAI,BAYON,Private,ICE,Gasolina Mild Hybrid,UKL1,REST,Standard,SAV,07,Baleares,proa automoción,687,high,official,1
2026,08,31,HYUNDAI,BAYON,Private,ICE,Gasolina Mild Hybrid,UKL1,REST,Standard,SAV,12,Castellón,mobikorea quadis,1146,high,official,1
2026,08,31,HYUNDAI,BAYON,Private,ICE,Gasolina Mild Hybrid,UKL1,REST,Standard,SAV,29,Málaga,syrluz málaga,1244,high,official,1
2026,08,31,HYUNDAI,I10,Private,ICE,Gasolina,UKL0,REST,Standard,HACH 5P,01,Álava,autolasa,1,high,official,1
2026,08,31,HYUNDAI,I10,Private,ICE,Gasolina,UKL0,REST,Standard,HACH 5P,07,Baleares,proa automoción,687,high,official,1
2026,08,31,HYUNDAI,I10,Private,ICE,Gasolina,UKL0,REST,Standard,HACH 5P,08,Barcelona,linkmotor,678,high,official,1
2026,08,31,HYUNDAI,I10,Private,ICE,Gasolina,UKL0,REST,Standard,HACH 5P,18,Granada,sport automoción,63,high,official,1
2026,08,31,HYUNDAI,I10,Private,ICE,Gasolina,UKL0,REST,Standard,HACH 5P,41,Sevilla,hyundauto,1069,high,official,1
2026,08,31,HYUNDAI,I20,Private,ICE,Gasolina Mild Hybrid,UKL1,REST,Standard,HACH 5P,03,Alicante,auto fima,6,high,official,1
2026,08,31,HYUNDAI,I20,Private,ICE,Gasolina Mild Hybrid,UKL1,REST,Standard,HACH 5P,07,Baleares,proa automoción,687,high,official,1
2026,08,31,HYUNDAI,I20,Private,ICE,Gasolina Mild Hybrid,UKL1,REST,Standard,HACH 5P,08,Barcelona,motorprim movento,1103,high,official,1
2026,08,31,HYUNDAI,I20,Private,ICE,Gasolina Mild Hybrid,UKL1,REST,Standard,HACH 5P,08,Barcelona,senco motor,183,high,official,1
2026,08,31,HYUNDAI,I20,Private,ICE,Gasolina Mild Hybrid,UKL1,REST,Standard,HACH 5P,09,Burgos,tecnimóvil julián,40,high,official,1
2026,08,31,HYUNDAI,I20,Private,ICE,Gasolina Mild Hybrid,UKL1,REST,Standard,HACH 5P,11,Cádiz,guadalete motor,506,medium,official,1
2026,08,31,HYUNDAI,I20,Private,ICE,Gasolina Mild Hybrid,UKL1,REST,Standard,HACH 5P,11,Cádiz,guadalete motor,649,medium,official,1
2026,08,31,HYUNDAI,I20,Private,ICE,Gasolina Mild Hybrid,UKL1,REST,Standard,HACH 5P,18,Granada,sport automoción,1197,high,official,1
2026,08,31,HYUNDAI,I20,Private,ICE,Gasolina Mild Hybrid,UKL1,REST,Standard,HACH 5P,18,Granada,sport automoción,63,high,official,1
2026,08,31,HYUNDAI,I20,Private,ICE,Gasolina Mild Hybrid,UKL1,REST,Standard,HACH 5P,21,Huelva,syrluz syrsa,729,high,official,1
2026,08,31,HYUNDAI,I20,Private,ICE,Gasolina Mild Hybrid,UKL1,REST,Standard,HACH 5P,25,Lleida,control motor serveis automobilistics,87,high,official,1
2026,08,31,HYUNDAI,I20,Private,ICE,Gasolina Mild Hybrid,UKL1,REST,Standard,HACH 5P,28,Madrid,zonauto sur,250,high,official,1
2026,08,31,HYUNDAI,I20,Private,ICE,Gasolina Mild Hybrid,UKL1,REST,Standard,HACH 5P,29,Málaga,syrluz málaga,1246,high,official,1
2026,08,31,HYUNDAI,I20,Private,ICE,Gasolina Mild Hybrid,UKL1,REST,Standard,HACH 5P,30,Murcia,gasmovil,105,high,official,1
2026,08,31,HYUNDAI,I20,Private,ICE,Gasolina Mild Hybrid,UKL1,REST,Standard,HACH 5P,30,Murcia,huertas móvil,1174,high,official,1
2026,08,31,HYUNDAI,I20,Private,ICE,Gasolina Mild Hybrid,UKL1,REST,Standard,HACH 5P,41,Sevilla,hyundauto,1069,high,official,2
2026,08,31,HYUNDAI,I30,Private,ICE,Gasolina Mild Hybrid,UKL2,REST,Standard,HACH 5P,01,Álava,autolasa,1,high,official,1
2026,08,31,HYUNDAI,I30,Private,ICE,Gasolina Mild Hybrid,UKL2,REST,Standard,HACH 5P,39,Cantabria,hercos motor,1055,high,official,1
2026,08,31,HYUNDAI,INSTER,Private,BEV,Electrico,UKL2,REST,Standard,SAV,07,Baleares,proa automoción,687,high,official,1
2026,08,31,HYUNDAI,INSTER,Private,BEV,Electrico,UKL2,REST,Standard,SAV,08,Barcelona,linkmotor,678,high,official,1
2026,08,31,HYUNDAI,INSTER,Private,BEV,Electrico,UKL2,REST,Standard,SAV,08,Barcelona,senco motor,181,high,official,1
2026,08,31,HYUNDAI,INSTER,Private,BEV,Electrico,UKL2,REST,Standard,SAV,11,Cádiz,guadalete motor,649,high,official,1
2026,08,31,HYUNDAI,INSTER,Private,BEV,Electrico,UKL2,REST,Standard,SAV,31,Navarra,oarso car navarra,1253,high,official,1
2026,08,31,HYUNDAI,INSTER,Private,BEV,Electrico,UKL2,REST,Standard,SAV,39,Cantabria,hercos motor,738,high,official,2
2026,08,31,HYUNDAI,IONIQ 5,Private,BEV,Electrico,UKL2,REST,Standard,SAV,01,Álava,autolasa,1,high,official,1
2026,08,31,HYUNDAI,KONA,Private,BEV,Gasolina/Electrico,UKL1,REST,Standard,SAV,30,Murcia,huertas móvil,1174,high,official,1
2026,08,31,HYUNDAI,KONA,Private,BEV,Gasolina/Electrico,UKL1,REST,Standard,SAV,32,Ourense,hyupersa ourense,1192,high,official,1
2026,08,31,HYUNDAI,KONA,Private,BEV,Gasolina/Electrico,UKL1,REST,Standard,SAV,41,Sevilla,automoción aljarafe,138,high,official,1
2026,08,31,HYUNDAI,KONA,Private,BEV,Gasolina/Electrico,UKL1,REST,Standard,SAV,41,Sevilla,hyundauto,1069,medium,official,1
2026,08,31,HYUNDAI,KONA,Private,ICE,Gasolina/Electrico,UKL1,REST,Standard,SAV,03,Alicante,auto fima,5,high,official,1
2026,08,31,HYUNDAI,KONA,Private,ICE,Gasolina/Electrico,UKL1,REST,Standard,SAV,03,Alicante,leuka car,511,high,official,1
2026,08,31,HYUNDAI,KONA,Private,ICE,Gasolina/Electrico,UKL1,REST,Standard,SAV,07,Baleares,proa automoción,687,high,official,2
2026,08,31,HYUNDAI,KONA,Private,ICE,Gasolina/Electrico,UKL1,REST,Standard,SAV,08,Barcelona,linkmotor,678,high,official,1
2026,08,31,HYUNDAI,KONA,Private,ICE,Gasolina/Electrico,UKL1,REST,Standard,SAV,08,Barcelona,motorprim movento,723,high,official,1
2026,08,31,HYUNDAI,KONA,Private,ICE,Gasolina/Electrico,UKL1,REST,Standard,SAV,09,Burgos,tecnimóvil julián,40,high,official,1
2026,08,31,HYUNDAI,KONA,Private,ICE,Gasolina/Electrico,UKL1,REST,Standard,SAV,10,Cáceres,maven motor,900,medium,official,1
2026,08,31,HYUNDAI,KONA,Private,ICE,Gasolina/Electrico,UKL1,REST,Standard,SAV,11,Cádiz,guadalete motor,649,high,official,2
2026,08,31,HYUNDAI,KONA,Private,ICE,Gasolina/Electrico,UKL1,REST,Standard,SAV,11,Cádiz,permotor algeciras,45,high,official,1
2026,08,31,HYUNDAI,KONA,Private,ICE,Gasolina/Electrico,UKL1,REST,Standard,SAV,12,Castellón,mobikorea quadis,1146,high,official,2
2026,08,31,HYUNDAI,KONA,Private,ICE,Gasolina/Electrico,UKL1,REST,Standard,SAV,13,Ciudad Real,agritrasa cars,1123,medium,official,2
2026,08,31,HYUNDAI,KONA,Private,ICE,Gasolina/Electrico,UKL1,REST,Standard,SAV,14,Córdoba,corhyund,695,high,official,1
2026,08,31,HYUNDAI,KONA,Private,ICE,Gasolina/Electrico,UKL1,REST,Standard,SAV,18,Granada,sport automoción,63,high,official,1
2026,08,31,HYUNDAI,KONA,Private,ICE,Gasolina/Electrico,UKL1,REST,Standard,SAV,23,Jaén,motor jaén,1241,high,official,2
2026,08,31,HYUNDAI,KONA,Private,ICE,Gasolina/Electrico,UKL1,REST,Standard,SAV,25,Lleida,control motor serveis automobilistics,1237,high,official,1
2026,08,31,HYUNDAI,KONA,Private,ICE,Gasolina/Electrico,UKL1,REST,Standard,SAV,29,Málaga,syrluz málaga,1244,medium,official,1
2026,08,31,HYUNDAI,KONA,Private,ICE,Gasolina/Electrico,UKL1,REST,Standard,SAV,29,Málaga,syrluz málaga,1248,high,official,1
2026,08,31,HYUNDAI,KONA,Private,ICE,Gasolina/Electrico,UKL1,REST,Standard,SAV,30,Murcia,gasmovil,105,high,official,2
2026,08,31,HYUNDAI,KONA,Private,ICE,Gasolina/Electrico,UKL1,REST,Standard,SAV,39,Cantabria,hercos motor,738,high,official,1
2026,08,31,HYUNDAI,KONA,Private,ICE,Gasolina/Electrico,UKL1,REST,Standard,SAV,40,Segovia,segohyun,444,high,official,1
2026,08,31,HYUNDAI,KONA,Private,ICE,Gasolina/Electrico,UKL1,REST,Standard,SAV,41,Sevilla,automoción aljarafe,138,high,official,2
2026,08,31,HYUNDAI,KONA,Private,ICE,Gasolina/Electrico,UKL1,REST,Standard,SAV,41,Sevilla,automoción aljarafe,138,medium,official,1
2026,08,31,HYUNDAI,KONA,Private,ICE,Gasolina/Electrico,UKL1,REST,Standard,SAV,46,Valencia,koryo car,773,high,official,1
2026,08,31,HYUNDAI,SANTA FE,Private,ICE,Gasolina/Electrico Enchufable,MKL,REST,Standard,SAV,28,Madrid,merodigar motor,483,medium,official,1
2026,08,31,HYUNDAI,SANTA FE,Private,ICE,Gasolina/Electrico Enchufable,MKL,REST,Standard,SAV,30,Murcia,huertas móvil,1174,high,official,1
2026,08,31,HYUNDAI,STARIA,Private,ICE,Gasolina/Electrico,MKL,REST,Standard,MPV,24,León,lemauto,1136,high,official,1
2026,08,31,HYUNDAI,TUCSON,Private,ICE,Gasolina/Electrico Enchufable,UKL2,REST,Standard,SAV,03,Alicante,auto fima,5,high,official,1
2026,08,31,HYUNDAI,TUCSON,Private,ICE,Gasolina/Electrico Enchufable,UKL2,REST,Standard,SAV,03,Alicante,gasmovil,105,high,official,1
2026,08,31,HYUNDAI,TUCSON,Private,ICE,Gasolina/Electrico Enchufable,UKL2,REST,Standard,SAV,04,Almería,almerialva,16,high,official,1
2026,08,31,HYUNDAI,TUCSON,Private,ICE,Gasolina/Electrico Enchufable,UKL2,REST,Standard,SAV,05,Ávila,cerverauto,19,high,official,1
2026,08,31,HYUNDAI,TUCSON,Private,ICE,Gasolina/Electrico Enchufable,UKL2,REST,Standard,SAV,07,Baleares,proa automoción,518,high,official,1
2026,08,31,HYUNDAI,TUCSON,Private,ICE,Gasolina/Electrico Enchufable,UKL2,REST,Standard,SAV,11,Cádiz,guadalete motor,506,high,official,1
2026,08,31,HYUNDAI,TUCSON,Private,ICE,Gasolina/Electrico Enchufable,UKL2,REST,Standard,SAV,11,Cádiz,guadalete motor,649,high,official,2
2026,08,31,HYUNDAI,TUCSON,Private,ICE,Gasolina/Electrico Enchufable,UKL2,REST,Standard,SAV,14,Córdoba,corhyund,695,high,official,2
2026,08,31,HYUNDAI,TUCSON,Private,ICE,Gasolina/Electrico Enchufable,UKL2,REST,Standard,SAV,14,Córdoba,syrluz málaga,1248,high,official,1
2026,08,31,HYUNDAI,TUCSON,Private,ICE,Gasolina/Electrico Enchufable,UKL2,REST,Standard,SAV,18,Granada,molinauto,65,high,official,2
2026,08,31,HYUNDAI,TUCSON,Private,ICE,Gasolina/Electrico Enchufable,UKL2,REST,Standard,SAV,18,Granada,sport automoción,1204,high,official,1
2026,08,31,HYUNDAI,TUCSON,Private,ICE,Gasolina/Electrico Enchufable,UKL2,REST,Standard,SAV,18,Granada,sport automoción,63,high,official,2
2026,08,31,HYUNDAI,TUCSON,Private,ICE,Gasolina/Electrico Enchufable,UKL2,REST,Standard,SAV,18,Granada,sport automoción,63,medium,official,1
2026,08,31,HYUNDAI,TUCSON,Private,ICE,Gasolina/Electrico Enchufable,UKL2,REST,Standard,SAV,21,Huelva,syrluz syrsa,729,high,official,2
2026,08,31,HYUNDAI,TUCSON,Private,ICE,Gasolina/Electrico Enchufable,UKL2,REST,Standard,SAV,23,Jaén,motor jaén,1241,high,official,1
2026,08,31,HYUNDAI,TUCSON,Private,ICE,Gasolina/Electrico Enchufable,UKL2,REST,Standard,SAV,23,Jaén,motor jaén,1241,medium,official,1
2026,08,31,HYUNDAI,TUCSON,Private,ICE,Gasolina/Electrico Enchufable,UKL2,REST,Standard,SAV,25,Lleida,control motor serveis automobilistics,87,high,official,2
2026,08,31,HYUNDAI,TUCSON,Private,ICE,Gasolina/Electrico Enchufable,UKL2,REST,Standard,SAV,28,Madrid,zonauto sur,250,high,official,1
2026,08,31,HYUNDAI,TUCSON,Private,ICE,Gasolina/Electrico Enchufable,UKL2,REST,Standard,SAV,29,Málaga,syrluz málaga,1243,high,official,1
2026,08,31,HYUNDAI,TUCSON,Private,ICE,Gasolina/Electrico Enchufable,UKL2,REST,Standard,SAV,30,Murcia,gasmovil,1213,high,official,1
2026,08,31,HYUNDAI,TUCSON,Private,ICE,Gasolina/Electrico Enchufable,UKL2,REST,Standard,SAV,33,Asturias,asturdai,115,high,official,1
2026,08,31,HYUNDAI,TUCSON,Private,ICE,Gasolina/Electrico Enchufable,UKL2,REST,Standard,SAV,36,Pontevedra,hyupersa vigo,526,high,official,1
2026,08,31,HYUNDAI,TUCSON,Private,ICE,Gasolina/Electrico Enchufable,UKL2,REST,Standard,SAV,39,Cantabria,hercos motor,1055,high,official,1
2026,08,31,HYUNDAI,TUCSON,Private,ICE,Gasolina/Electrico Enchufable,UKL2,REST,Standard,SAV,39,Cantabria,hercos motor,738,high,official,1
2026,08,31,HYUNDAI,TUCSON,Private,ICE,Gasolina/Electrico Enchufable,UKL2,REST,Standard,SAV,41,Sevilla,automoción aljarafe,138,high,official,2
2026,08,31,HYUNDAI,TUCSON,Private,ICE,Gasolina/Electrico Enchufable,UKL2,REST,Standard,SAV,41,Sevilla,corhyund,695,medium,official,1
2026,08,31,HYUNDAI,TUCSON,Private,ICE,Gasolina/Electrico Enchufable,UKL2,REST,Standard,SAV,41,Sevilla,hyundauto,1069,high,official,2
2026,08,31,HYUNDAI,TUCSON,Private,ICE,Gasolina/Electrico Enchufable,UKL2,REST,Standard,SAV,41,Sevilla,hyundauto,1069,medium,official,2
2026,08,31,HYUNDAI,TUCSON,Private,ICE,Gasolina/Electrico Enchufable,UKL2,REST,Standard,SAV,45,Toledo,gidecar,1208,high,official,1
2026,08,31,HYUNDAI,TUCSON,Private,PHEV,Gasolina/Electrico Enchufable,UKL2,REST,Standard,SAV,06,Badajoz,maven motor,707,high,official,1
2026,08,31,HYUNDAI,TUCSON,Private,PHEV,Gasolina/Electrico Enchufable,UKL2,REST,Standard,SAV,11,Cádiz,guadalete motor,649,high,official,1
2026,08,31,HYUNDAI,TUCSON,Private,PHEV,Gasolina/Electrico Enchufable,UKL2,REST,Standard,SAV,14,Córdoba,corhyund,695,medium,official,1
2026,08,31,HYUNDAI,TUCSON,Private,PHEV,Gasolina/Electrico Enchufable,UKL2,REST,Standard,SAV,31,Navarra,oarso car navarra,1253,high,official,1
2026,08,31,HYUNDAI,TUCSON,Private,PHEV,Gasolina/Electrico Enchufable,UKL2,REST,Standard,SAV,39,Cantabria,hercos motor,1055,medium,official,1
2026,08,31,HYUNDAI,TUCSON,Private,PHEV,Gasolina/Electrico Enchufable,UKL2,REST,Standard,SAV,43,Tarragona,abello autotec,146,high,official,1
2026,08,31,KIA,CEED,Private,ICE,Gasolina Mild Hybrid,UKL2,REST,Standard,HACH 5P,41,Sevilla,"mobilify sevilla 2024, s.l.","MOBILIFY SEVILLA 2024, S.L.",high,official,1
2026,08,31,KIA,EV2,Private,BEV,Electrico,UKL1,REST,Standard,SAV,02,Albacete,"albacete motor, s.l.","ALBACETE MOTOR, S.L.",high,official,1
2026,08,31,KIA,EV2,Private,BEV,Electrico,UKL1,REST,Standard,SAV,09,Burgos,"import móvil julian, s.l.","IMPORT MÓVIL JULIAN, S.L.",high,official,1
2026,08,31,KIA,EV2,Private,BEV,Electrico,UKL1,REST,Standard,SAV,15,A Coruña,corgal automóviles s.l.,CORGAL AUTOMÓVILES S.L.,high,official,2
2026,08,31,KIA,EV2,Private,BEV,Electrico,UKL1,REST,Standard,SAV,17,Girona,"empor speed, s.l.u","EMPOR SPEED, S.L.U",high,official,1
2026,08,31,KIA,EV2,Private,BEV,Electrico,UKL1,REST,Standard,SAV,18,Granada,"arm motor, s.l.","ARM MOTOR, S.L.",high,official,1
2026,08,31,KIA,EV2,Private,BEV,Electrico,UKL1,REST,Standard,SAV,20,Gipuzkoa,"novocar motor, s.l.","NOVOCAR MOTOR, S.L.",high,official,1
2026,08,31,KIA,EV2,Private,BEV,Electrico,UKL1,REST,Standard,SAV,25,Lleida,"centro de automoción lleida, s.a.","CENTRO DE AUTOMOCIÓN LLEIDA, S.A.",high,official,2
2026,08,31,KIA,EV2,Private,BEV,Electrico,UKL1,REST,Standard,SAV,28,Madrid,"aki madrid automoción, s.l.","AKI MADRID AUTOMOCIÓN, S.L.",high,official,1
2026,08,31,KIA,EV2,Private,BEV,Electrico,UKL1,REST,Standard,SAV,28,Madrid,"talleres de las heras, s.l.","TALLERES DE LAS HERAS, S.L.",medium,official,1
2026,08,31,KIA,EV2,Private,BEV,Electrico,UKL1,REST,Standard,SAV,30,Murcia,"grupo m. gallego, s.l.","GRUPO M. GALLEGO, S.L.",medium,official,1
2026,08,31,KIA,EV2,Private,BEV,Electrico,UKL1,REST,Standard,SAV,31,Navarra,"novocar motor, s.l.","NOVOCAR MOTOR, S.L.",medium,official,1
2026,08,31,KIA,EV2,Private,BEV,Electrico,UKL1,REST,Standard,SAV,31,Navarra,"sakimóvil, s.l.u","SAKIMÓVIL, S.L.U",high,official,1
2026,08,31,KIA,EV2,Private,BEV,Electrico,UKL1,REST,Standard,SAV,33,Asturias,"asturiana de concesionarios, s.a.","ASTURIANA DE CONCESIONARIOS, S.A.",high,official,1
2026,08,31,KIA,EV2,Private,BEV,Electrico,UKL1,REST,Standard,SAV,33,Asturias,"asturiana de concesionarios, s.a.","ASTURIANA DE CONCESIONARIOS, S.A.",medium,official,1
2026,08,31,KIA,EV2,Private,BEV,Electrico,UKL1,REST,Standard,SAV,36,Pontevedra,"rias motor 2018, s.l.","RIAS MOTOR 2018, S.L.",high,official,1
2026,08,31,KIA,EV2,Private,BEV,Electrico,UKL1,REST,Standard,SAV,39,Cantabria,"numar motor, s.l.","NUMAR MOTOR, S.L.",high,official,1
2026,08,31,KIA,EV2,Private,BEV,Electrico,UKL1,REST,Standard,SAV,43,Tarragona,"garancar, s.a. (quadis armotors","GARANCAR, S.A. (QUADIS ARmotors)",medium,official,1
2026,08,31,KIA,EV2,Private,BEV,Electrico,UKL1,REST,Standard,SAV,46,Valencia,"autopista sur, s.l.","AUTOPISTA SUR, S.L.",high,official,1
2026,08,31,KIA,EV2,Private,BEV,Electrico,UKL1,REST,Standard,SAV,48,Bizkaia,"mas motor, s.a.","MAS MOTOR, S.A.",medium,official,2
2026,08,31,KIA,EV2,Private,BEV,Electrico,UKL1,REST,Standard,SAV,48,Bizkaia,"naia car 2015, s.l.","NAIA CAR 2015, S.L.",medium,official,1
2026,08,31,KIA,EV2,Private,BEV,Electrico,UKL1,REST,Standard,SAV,50,Zaragoza,"autosalduba, s.a.","AUTOSALDUBA, S.A.",medium,official,1
2026,08,31,KIA,EV3,Private,BEV,Electrico,UKL1,REST,Standard,SAV,01,Álava,"deltavi, s.a.","DELTAVI, S.A.",medium,official,1
2026,08,31,KIA,EV3,Private,BEV,Electrico,UKL1,REST,Standard,SAV,01,Álava,"mas motor, s.a.","MAS MOTOR, S.A.",medium,official,1
2026,08,31,KIA,EV3,Private,BEV,Electrico,UKL1,REST,Standard,SAV,03,Alicante,"valgauto motor, s.l. (marcos automoción","VALGAUTO MOTOR, S.L. (MARCOS AUTOMOCIÓN)",medium,official,2
2026,08,31,KIA,EV3,Private,BEV,Electrico,UKL1,REST,Standard,SAV,20,Gipuzkoa,"naia car 2015, s.l.","NAIA CAR 2015, S.L.",high,official,1
2026,08,31,KIA,EV3,Private,BEV,Electrico,UKL1,REST,Standard,SAV,20,Gipuzkoa,"novocar motor, s.l.","NOVOCAR MOTOR, S.L.",high,official,1
2026,08,31,KIA,EV3,Private,BEV,Electrico,UKL1,REST,Standard,SAV,27,Lugo,"breogán car, s.l.","BREOGÁN CAR, S.L.",high,official,1
2026,08,31,KIA,EV3,Private,BEV,Electrico,UKL1,REST,Standard,SAV,28,Madrid,"aki madrid automoción, s.l.","AKI MADRID AUTOMOCIÓN, S.L.",high,official,1
2026,08,31,KIA,EV3,Private,BEV,Electrico,UKL1,REST,Standard,SAV,28,Madrid,"talleres de las heras, s.l.","TALLERES DE LAS HERAS, S.L.",medium,official,1
2026,08,31,KIA,EV3,Private,BEV,Electrico,UKL1,REST,Standard,SAV,29,Málaga,"caetano móvil sur, s.l.","CAETANO MÓVIL SUR, S.L.",high,official,1
2026,08,31,KIA,EV3,Private,BEV,Electrico,UKL1,REST,Standard,SAV,30,Murcia,"grupo m. gallego, s.l.","GRUPO M. GALLEGO, S.L.",high,official,2
2026,08,31,KIA,EV3,Private,BEV,Electrico,UKL1,REST,Standard,SAV,30,Murcia,"grupo m. gallego, s.l.","GRUPO M. GALLEGO, S.L.",medium,official,1
2026,08,31,KIA,EV3,Private,BEV,Electrico,UKL1,REST,Standard,SAV,31,Navarra,"estella motor, s.a.",C17VC00411,high,official,1
2026,08,31,KIA,EV3,Private,BEV,Electrico,UKL1,REST,Standard,SAV,31,Navarra,"sakimóvil, s.l.u","SAKIMÓVIL, S.L.U",high,official,2
2026,08,31,KIA,EV3,Private,BEV,Electrico,UKL1,REST,Standard,SAV,32,Ourense,"blendio santauto, s.l.u. (san ciprian de viñas. orense",C17VC00749,high,official,1
2026,08,31,KIA,EV3,Private,BEV,Electrico,UKL1,REST,Standard,SAV,33,Asturias,"asturiana de concesionarios, s.a.","ASTURIANA DE CONCESIONARIOS, S.A.",high,official,4
2026,08,31,KIA,EV3,Private,BEV,Electrico,UKL1,REST,Standard,SAV,36,Pontevedra,"rias motor 2018, s.l.","RIAS MOTOR 2018, S.L.",high,official,2
2026,08,31,KIA,EV3,Private,BEV,Electrico,UKL1,REST,Standard,SAV,43,Tarragona,"garancar, s.a. (quadis armotors","GARANCAR, S.A. (QUADIS ARmotors)",high,official,1
2026,08,31,KIA,EV3,Private,BEV,Electrico,UKL1,REST,Standard,SAV,46,Valencia,"autopista sur, s.l.","AUTOPISTA SUR, S.L.",high,official,1
2026,08,31,KIA,EV3,Private,BEV,Electrico,UKL1,REST,Standard,SAV,48,Bizkaia,"mas motor, s.a.","MAS MOTOR, S.A.",medium,official,2
2026,08,31,KIA,EV3,Private,BEV,Electrico,UKL1,REST,Standard,SAV,48,Bizkaia,"naia car 2015, s.l.","NAIA CAR 2015, S.L.",medium,official,1
2026,08,31,KIA,EV3,Private,BEV,Electrico,UKL1,REST,Standard,SAV,50,Zaragoza,"autosalduba, s.a.","AUTOSALDUBA, S.A.",medium,official,5
2026,08,31,KIA,EV4,Private,BEV,Electrico,KKL,REST,Standard,SEDAN,20,Gipuzkoa,"novocar motor, s.l.","NOVOCAR MOTOR, S.L.",high,official,1
2026,08,31,KIA,EV4,Private,BEV,Electrico,KKL,REST,Standard,SEDAN,20,Gipuzkoa,"novocar motor, s.l.","NOVOCAR MOTOR, S.L.",medium,official,1
2026,08,31,KIA,EV4,Private,BEV,Electrico,KKL,REST,Standard,SEDAN,32,Ourense,"blendio santauto, s.l.u. (san ciprian de viñas. orense",C17VC00749,high,official,1
2026,08,31,KIA,EV4,Private,BEV,Electrico,KKL,REST,Standard,SEDAN,36,Pontevedra,"rias motor 2018, s.l.","RIAS MOTOR 2018, S.L.",high,official,1
2026,08,31,KIA,EV5,Private,BEV,Electrico,UKL2,REST,Standard,HACH 5P,11,Cádiz,"gadir automoción, s.a.u.","GADIR AUTOMOCIÓN, S.A.U.",high,official,2
2026,08,31,KIA,EV5,Private,BEV,Electrico,UKL2,REST,Standard,HACH 5P,20,Gipuzkoa,"novocar motor, s.l.","NOVOCAR MOTOR, S.L.",high,official,1
2026,08,31,KIA,EV5,Private,BEV,Electrico,UKL2,REST,Standard,HACH 5P,33,Asturias,"asturiana de concesionarios, s.a.","ASTURIANA DE CONCESIONARIOS, S.A.",high,official,1
2026,08,31,KIA,EV5,Private,BEV,Electrico,UKL2,REST,Standard,HACH 5P,45,Toledo,"eleckai motor 3.0, s.l.","ELECKAI MOTOR 3.0, S.L.",high,official,1
2026,08,31,KIA,EV6,Private,BEV,Electrico,KKL,REST,Standard,SAV,36,Pontevedra,"rias motor 2018, s.l.","RIAS MOTOR 2018, S.L.",high,official,1
2026,08,31,KIA,NIRO,Private,ICE,Gasolina/Electrico Enchufable,UKL2,REST,Standard,SAV,01,Álava,"deltavi, s.a.","DELTAVI, S.A.",medium,official,2
2026,08,31,KIA,NIRO,Private,ICE,Gasolina/Electrico Enchufable,UKL2,REST,Standard,SAV,02,Albacete,"albacete motor, s.l.","ALBACETE MOTOR, S.L.",high,official,2
2026,08,31,KIA,NIRO,Private,ICE,Gasolina/Electrico Enchufable,UKL2,REST,Standard,SAV,04,Almería,marcos automoción,KIA MARCOS AUTOMOCIÓN,high,official,1
2026,08,31,KIA,NIRO,Private,ICE,Gasolina/Electrico Enchufable,UKL2,REST,Standard,SAV,08,Barcelona,"automobils a.r. motors, s.l. (quadis armotors","AUTOMOBILS A.R. MOTORS, S.L. (QUADIS ARmotors)",medium,official,1
2026,08,31,KIA,NIRO,Private,ICE,Gasolina/Electrico Enchufable,UKL2,REST,Standard,SAV,08,Barcelona,"semprocar, s.l.","SEMPROCAR, S.L.",medium,official,1
2026,08,31,KIA,NIRO,Private,ICE,Gasolina/Electrico Enchufable,UKL2,REST,Standard,SAV,09,Burgos,"import móvil julian, s.l.","IMPORT MÓVIL JULIAN, S.L.",high,official,1
2026,08,31,KIA,NIRO,Private,ICE,Gasolina/Electrico Enchufable,UKL2,REST,Standard,SAV,14,Córdoba,"mobility cars andalucía, s.l.","MOBILITY CARS ANDALUCÍA, S.L.",high,official,2
2026,08,31,KIA,NIRO,Private,ICE,Gasolina/Electrico Enchufable,UKL2,REST,Standard,SAV,20,Gipuzkoa,"novocar motor, s.l.","NOVOCAR MOTOR, S.L.",high,official,2
2026,08,31,KIA,NIRO,Private,ICE,Gasolina/Electrico Enchufable,UKL2,REST,Standard,SAV,20,Gipuzkoa,"novocar motor, s.l.","NOVOCAR MOTOR, S.L.",medium,official,1
2026,08,31,KIA,NIRO,Private,ICE,Gasolina/Electrico Enchufable,UKL2,REST,Standard,SAV,21,Huelva,"veyser automoción, s.l. (huelva",C17VC00694,high,official,1
2026,08,31,KIA,NIRO,Private,ICE,Gasolina/Electrico Enchufable,UKL2,REST,Standard,SAV,22,Huesca,"automotor huesca, s.l.","AUTOMOTOR HUESCA, S.L.",high,official,1
2026,08,31,KIA,NIRO,Private,ICE,Gasolina/Electrico Enchufable,UKL2,REST,Standard,SAV,24,León,"busanauto, s.l.","BUSANAUTO, S.L.",high,official,1
2026,08,31,KIA,NIRO,Private,ICE,Gasolina/Electrico Enchufable,UKL2,REST,Standard,SAV,25,Lleida,"centro de automoción lleida, s.a.","CENTRO DE AUTOMOCIÓN LLEIDA, S.A.",high,official,1
2026,08,31,KIA,NIRO,Private,ICE,Gasolina/Electrico Enchufable,UKL2,REST,Standard,SAV,27,Lugo,"breogán car, s.l.","BREOGÁN CAR, S.L.",high,official,1
2026,08,31,KIA,NIRO,Private,ICE,Gasolina/Electrico Enchufable,UKL2,REST,Standard,SAV,28,Madrid,"shuma gamboa, s.l.","SHUMA GAMBOA, S.L.",medium,official,1
2026,08,31,KIA,NIRO,Private,ICE,Gasolina/Electrico Enchufable,UKL2,REST,Standard,SAV,28,Madrid,"talleres de las heras, s.l.","TALLERES DE LAS HERAS, S.L.",medium,official,1
2026,08,31,KIA,NIRO,Private,ICE,Gasolina/Electrico Enchufable,UKL2,REST,Standard,SAV,29,Málaga,"caetano móvil sur, s.l.","CAETANO MÓVIL SUR, S.L.",high,official,1
2026,08,31,KIA,NIRO,Private,ICE,Gasolina/Electrico Enchufable,UKL2,REST,Standard,SAV,33,Asturias,"asturiana de concesionarios, s.a.","ASTURIANA DE CONCESIONARIOS, S.A.",high,official,3
2026,08,31,KIA,NIRO,Private,ICE,Gasolina/Electrico Enchufable,UKL2,REST,Standard,SAV,33,Asturias,"asturiana de concesionarios, s.a.","ASTURIANA DE CONCESIONARIOS, S.A.",medium,official,1
2026,08,31,KIA,NIRO,Private,ICE,Gasolina/Electrico Enchufable,UKL2,REST,Standard,SAV,34,Palencia,"autoconsa, s.l.","AUTOCONSA, S.L.",high,official,1
2026,08,31,KIA,NIRO,Private,ICE,Gasolina/Electrico Enchufable,UKL2,REST,Standard,SAV,36,Pontevedra,"rias motor 2018, s.l.","RIAS MOTOR 2018, S.L.",high,official,2
2026,08,31,KIA,NIRO,Private,ICE,Gasolina/Electrico Enchufable,UKL2,REST,Standard,SAV,41,Sevilla,"mobilify sevilla 2024, s.l.","MOBILIFY SEVILLA 2024, S.L.",high,official,1
2026,08,31,KIA,NIRO,Private,ICE,Gasolina/Electrico Enchufable,UKL2,REST,Standard,SAV,41,Sevilla,"mobilify sevilla 2024, s.l.","MOBILIFY SEVILLA 2024, S.L.",medium,official,1
2026,08,31,KIA,NIRO,Private,ICE,Gasolina/Electrico Enchufable,UKL2,REST,Standard,SAV,43,Tarragona,"garancar, s.a. (quadis armotors","GARANCAR, S.A. (QUADIS ARmotors)",high,official,1
2026,08,31,KIA,NIRO,Private,ICE,Gasolina/Electrico Enchufable,UKL2,REST,Standard,SAV,45,Toledo,"aki madrid automoción, s.l.","AKI MADRID AUTOMOCIÓN, S.L.",high,official,1
2026,08,31,KIA,NIRO,Private,ICE,Gasolina/Electrico Enchufable,UKL2,REST,Standard,SAV,46,Valencia,"autopista sur, s.l.","AUTOPISTA SUR, S.L.",high,official,2
2026,08,31,KIA,NIRO,Private,ICE,Gasolina/Electrico Enchufable,UKL2,REST,Standard,SAV,48,Bizkaia,"mas motor, s.a.","MAS MOTOR, S.A.",medium,official,1
2026,08,31,KIA,NIRO,Private,ICE,Gasolina/Electrico Enchufable,UKL2,REST,Standard,SAV,50,Zaragoza,"autosalduba, s.a.","AUTOSALDUBA, S.A.",medium,official,1
2026,08,31,KIA,PICANTO,Private,ICE,Gasolina,UKL0,REST,Standard,HACH 5P,50,Zaragoza,"autosalduba, s.a.","AUTOSALDUBA, S.A.",medium,official,1
2026,08,31,KIA,PV5,Private,BEV,Electrico,SKL,REST,Standard,TRANSPORTER,18,Granada,"arm motor, s.l.","ARM MOTOR, S.L.",high,official,1
2026,08,31,KIA,PV5,Private,BEV,Electrico,SKL,REST,Standard,TRANSPORTER,29,Málaga,"caetano móvil sur, s.l.","CAETANO MÓVIL SUR, S.L.",high,official,1
2026,08,31,KIA,PV5,Private,BEV,Electrico,SKL,REST,Standard,TRANSPORTER,33,Asturias,"asturiana de concesionarios, s.a.","ASTURIANA DE CONCESIONARIOS, S.A.",medium,official,1
2026,08,31,KIA,PV5,Private,BEV,Electrico,SKL,REST,Standard,TRANSPORTER,48,Bizkaia,"naia car 2015, s.l.","NAIA CAR 2015, S.L.",medium,official,1
2026,08,31,KIA,SELTOS,Private,ICE,Gasolina,UKL2,REST,Standard,SAV,03,Alicante,"valgauto motor, s.l. (marcos automoción","VALGAUTO MOTOR, S.L. (MARCOS AUTOMOCIÓN)",medium,official,1
2026,08,31,KIA,SELTOS,Private,ICE,Gasolina,UKL2,REST,Standard,SAV,11,Cádiz,"gadir automoción, s.a.u.","GADIR AUTOMOCIÓN, S.A.U.",high,official,1
2026,08,31,KIA,SELTOS,Private,ICE,Gasolina,UKL2,REST,Standard,SAV,20,Gipuzkoa,"novocar motor, s.l.","NOVOCAR MOTOR, S.L.",high,official,1
2026,08,31,KIA,SELTOS,Private,ICE,Gasolina,UKL2,REST,Standard,SAV,25,Lleida,"centro de automoción lleida, s.a.","CENTRO DE AUTOMOCIÓN LLEIDA, S.A.",high,official,1
2026,08,31,KIA,SELTOS,Private,ICE,Gasolina,UKL2,REST,Standard,SAV,45,Toledo,"ferma movil, s.l.","FERMA MOVIL, S.L.",high,official,1
2026,08,31,KIA,SPORTAGE,Private,ICE,Gasolina/Electrico Enchufable,UKL2,REST,Standard,SAV,02,Albacete,"albacete motor, s.l.","ALBACETE MOTOR, S.L.",high,official,3
2026,08,31,KIA,SPORTAGE,Private,ICE,Gasolina/Electrico Enchufable,UKL2,REST,Standard,SAV,03,Alicante,"valgauto motor, s.l. (marcos automoción","VALGAUTO MOTOR, S.L. (MARCOS AUTOMOCIÓN)",high,official,1
2026,08,31,KIA,SPORTAGE,Private,ICE,Gasolina/Electrico Enchufable,UKL2,REST,Standard,SAV,04,Almería,marcos automoción,KIA MARCOS AUTOMOCIÓN,high,official,1
2026,08,31,KIA,SPORTAGE,Private,ICE,Gasolina/Electrico Enchufable,UKL2,REST,Standard,SAV,04,Almería,marcos automoción,KIA MARCOS AUTOMOCIÓN,medium,official,1
2026,08,31,KIA,SPORTAGE,Private,ICE,Gasolina/Electrico Enchufable,UKL2,REST,Standard,SAV,07,Baleares,"tracxioncars, s.a. (ibiza",C17VC00642,high,official,1
2026,08,31,KIA,SPORTAGE,Private,ICE,Gasolina/Electrico Enchufable,UKL2,REST,Standard,SAV,10,Cáceres,"rojas motor, s.l.","ROJAS MOTOR, S.L.",high,official,1
2026,08,31,KIA,SPORTAGE,Private,ICE,Gasolina/Electrico Enchufable,UKL2,REST,Standard,SAV,11,Cádiz,"gadir automoción, s.a.u.","GADIR AUTOMOCIÓN, S.A.U.",high,official,2
2026,08,31,KIA,SPORTAGE,Private,ICE,Gasolina/Electrico Enchufable,UKL2,REST,Standard,SAV,11,Cádiz,"gadir automoción, s.a.u.","GADIR AUTOMOCIÓN, S.A.U.",medium,official,2
2026,08,31,KIA,SPORTAGE,Private,ICE,Gasolina/Electrico Enchufable,UKL2,REST,Standard,SAV,12,Castellón,"automoción cano, s.a.u.","AUTOMOCIÓN CANO, S.A.U.",high,official,2
2026,08,31,KIA,SPORTAGE,Private,ICE,Gasolina/Electrico Enchufable,UKL2,REST,Standard,SAV,13,Ciudad Real,"ferma movil, s.l.","FERMA MOVIL, S.L.",high,official,1
2026,08,31,KIA,SPORTAGE,Private,ICE,Gasolina/Electrico Enchufable,UKL2,REST,Standard,SAV,14,Córdoba,"mobility cars andalucía, s.l.","MOBILITY CARS ANDALUCÍA, S.L.",high,official,1
2026,08,31,KIA,SPORTAGE,Private,ICE,Gasolina/Electrico Enchufable,UKL2,REST,Standard,SAV,18,Granada,"arm motor, s.l.","ARM MOTOR, S.L.",high,official,1
2026,08,31,KIA,SPORTAGE,Private,ICE,Gasolina/Electrico Enchufable,UKL2,REST,Standard,SAV,20,Gipuzkoa,"novocar motor, s.l.","NOVOCAR MOTOR, S.L.",high,official,2
2026,08,31,KIA,SPORTAGE,Private,ICE,Gasolina/Electrico Enchufable,UKL2,REST,Standard,SAV,21,Huelva,"veyser automoción, s.l. (huelva",C17VC00694,high,official,2
2026,08,31,KIA,SPORTAGE,Private,ICE,Gasolina/Electrico Enchufable,UKL2,REST,Standard,SAV,23,Jaén,"motum automoción, s.l.","MOTUM AUTOMOCIÓN, S.L.",high,official,3
2026,08,31,KIA,SPORTAGE,Private,ICE,Gasolina/Electrico Enchufable,UKL2,REST,Standard,SAV,23,Jaén,"motum automoción, s.l.","MOTUM AUTOMOCIÓN, S.L.",medium,official,1
2026,08,31,KIA,SPORTAGE,Private,ICE,Gasolina/Electrico Enchufable,UKL2,REST,Standard,SAV,27,Lugo,"breogán car, s.l.","BREOGÁN CAR, S.L.",high,official,3
2026,08,31,KIA,SPORTAGE,Private,ICE,Gasolina/Electrico Enchufable,UKL2,REST,Standard,SAV,28,Madrid,"aki madrid automoción, s.l.","AKI MADRID AUTOMOCIÓN, S.L.",high,official,1
2026,08,31,KIA,SPORTAGE,Private,ICE,Gasolina/Electrico Enchufable,UKL2,REST,Standard,SAV,30,Murcia,"grupo m. gallego, s.l.","GRUPO M. GALLEGO, S.L.",medium,official,1
2026,08,31,KIA,SPORTAGE,Private,ICE,Gasolina/Electrico Enchufable,UKL2,REST,Standard,SAV,33,Asturias,"asturiana de concesionarios, s.a.","ASTURIANA DE CONCESIONARIOS, S.A.",medium,official,2
2026,08,31,KIA,SPORTAGE,Private,ICE,Gasolina/Electrico Enchufable,UKL2,REST,Standard,SAV,34,Palencia,"autoconsa, s.l.","AUTOCONSA, S.L.",high,official,1
2026,08,31,KIA,SPORTAGE,Private,ICE,Gasolina/Electrico Enchufable,UKL2,REST,Standard,SAV,37,Salamanca,"marta motor, s.l.","MARTA MOTOR, S.L.",high,official,1
2026,08,31,KIA,SPORTAGE,Private,ICE,Gasolina/Electrico Enchufable,UKL2,REST,Standard,SAV,43,Tarragona,"ebre mòbil, s.l.","EBRE MÒBIL, S.L.",medium,official,1
2026,08,31,KIA,SPORTAGE,Private,ICE,Gasolina/Electrico Enchufable,UKL2,REST,Standard,SAV,43,Tarragona,"garancar, s.a. (quadis armotors","GARANCAR, S.A. (QUADIS ARmotors)",high,official,1
2026,08,31,KIA,SPORTAGE,Private,ICE,Gasolina/Electrico Enchufable,UKL2,REST,Standard,SAV,46,Valencia,"autopista sur, s.l.","AUTOPISTA SUR, S.L.",high,official,1
2026,08,31,KIA,SPORTAGE,Private,ICE,Gasolina/Electrico Enchufable,UKL2,REST,Standard,SAV,46,Valencia,"ulsan motor, s.l.","ULSAN MOTOR, S.L.",high,official,1
2026,08,31,KIA,SPORTAGE,Private,ICE,Gasolina/Electrico Enchufable,UKL2,REST,Standard,SAV,48,Bizkaia,"mas motor, s.a.","MAS MOTOR, S.A.",medium,official,3
2026,08,31,KIA,SPORTAGE,Private,ICE,Gasolina/Electrico Enchufable,UKL2,REST,Standard,SAV,48,Bizkaia,"naia car 2015, s.l.","NAIA CAR 2015, S.L.",medium,official,1
2026,08,31,KIA,SPORTAGE,Private,ICE,Gasolina/Electrico Enchufable,UKL2,REST,Standard,SAV,49,Zamora,"busanauto, s.l.","BUSANAUTO, S.L.",high,official,1
2026,08,31,KIA,SPORTAGE,Private,ICE,Gasolina/Electrico Enchufable,UKL2,REST,Standard,SAV,50,Zaragoza,"autosalduba, s.a.","AUTOSALDUBA, S.A.",medium,official,2
2026,08,31,KIA,STONIC,Private,ICE,Gasolina Mild Hybrid,UKL1,REST,Standard,SAV,01,Álava,"deltavi, s.a.","DELTAVI, S.A.",medium,official,1
2026,08,31,KIA,STONIC,Private,ICE,Gasolina Mild Hybrid,UKL1,REST,Standard,SAV,04,Almería,marcos automoción,KIA MARCOS AUTOMOCIÓN,high,official,1
2026,08,31,KIA,STONIC,Private,ICE,Gasolina Mild Hybrid,UKL1,REST,Standard,SAV,11,Cádiz,"gadir automoción, s.a.u.","GADIR AUTOMOCIÓN, S.A.U.",high,official,1
2026,08,31,KIA,STONIC,Private,ICE,Gasolina Mild Hybrid,UKL1,REST,Standard,SAV,12,Castellón,"automoción cano, s.a.u.","AUTOMOCIÓN CANO, S.A.U.",high,official,1
2026,08,31,KIA,STONIC,Private,ICE,Gasolina Mild Hybrid,UKL1,REST,Standard,SAV,12,Castellón,"automoción cano, s.a.u.","AUTOMOCIÓN CANO, S.A.U.",medium,official,1
2026,08,31,KIA,STONIC,Private,ICE,Gasolina Mild Hybrid,UKL1,REST,Standard,SAV,15,A Coruña,corgal automóviles s.l.,CORGAL AUTOMÓVILES S.L.,high,official,1
2026,08,31,KIA,STONIC,Private,ICE,Gasolina Mild Hybrid,UKL1,REST,Standard,SAV,18,Granada,"arm motor, s.l.","ARM MOTOR, S.L.",high,official,2
2026,08,31,KIA,STONIC,Private,ICE,Gasolina Mild Hybrid,UKL1,REST,Standard,SAV,19,Guadalajara,"eleckai motor 3.0, s.l.","ELECKAI MOTOR 3.0, S.L.",medium,official,1
2026,08,31,KIA,STONIC,Private,ICE,Gasolina Mild Hybrid,UKL1,REST,Standard,SAV,20,Gipuzkoa,"novocar motor, s.l.","NOVOCAR MOTOR, S.L.",high,official,1
2026,08,31,KIA,STONIC,Private,ICE,Gasolina Mild Hybrid,UKL1,REST,Standard,SAV,28,Madrid,"aki madrid automoción, s.l.","AKI MADRID AUTOMOCIÓN, S.L.",high,official,1
2026,08,31,KIA,STONIC,Private,ICE,Gasolina Mild Hybrid,UKL1,REST,Standard,SAV,29,Málaga,"caetano móvil sur, s.l.","CAETANO MÓVIL SUR, S.L.",high,official,1
2026,08,31,KIA,STONIC,Private,ICE,Gasolina Mild Hybrid,UKL1,REST,Standard,SAV,31,Navarra,"sakimóvil, s.l.u","SAKIMÓVIL, S.L.U",high,official,1
2026,08,31,KIA,STONIC,Private,ICE,Gasolina Mild Hybrid,UKL1,REST,Standard,SAV,32,Ourense,"blendio santauto, s.l.u. (san ciprian de viñas. orense",C17VC00749,high,official,1
2026,08,31,KIA,STONIC,Private,ICE,Gasolina Mild Hybrid,UKL1,REST,Standard,SAV,33,Asturias,"asturiana de concesionarios, s.a.","ASTURIANA DE CONCESIONARIOS, S.A.",high,official,1
2026,08,31,KIA,STONIC,Private,ICE,Gasolina Mild Hybrid,UKL1,REST,Standard,SAV,36,Pontevedra,"rias motor 2018, s.l.","RIAS MOTOR 2018, S.L.",high,official,1
2026,08,31,KIA,STONIC,Private,ICE,Gasolina Mild Hybrid,UKL1,REST,Standard,SAV,43,Tarragona,"garancar, s.a. (quadis armotors","GARANCAR, S.A. (QUADIS ARmotors)",medium,official,1
2026,08,31,KIA,STONIC,Private,ICE,Gasolina Mild Hybrid,UKL1,REST,Standard,SAV,46,Valencia,"autopista sur, s.l.","AUTOPISTA SUR, S.L.",high,official,1
2026,08,31,KIA,STONIC,Private,ICE,Gasolina Mild Hybrid,UKL1,REST,Standard,SAV,50,Zaragoza,"autosalduba, s.a.","AUTOSALDUBA, S.A.",medium,official,1
2026,08,31,KIA,XCEED,Private,ICE,Gasolina Mild Hybrid,UKL2,REST,Standard,HACH 5P,03,Alicante,"valgauto motor, s.l. (marcos automoción","VALGAUTO MOTOR, S.L. (MARCOS AUTOMOCIÓN)",high,official,1
2026,08,31,KIA,XCEED,Private,ICE,Gasolina Mild Hybrid,UKL2,REST,Standard,HACH 5P,04,Almería,marcos automoción,KIA MARCOS AUTOMOCIÓN,medium,official,1
2026,08,31,KIA,XCEED,Private,ICE,Gasolina Mild Hybrid,UKL2,REST,Standard,HACH 5P,11,Cádiz,"gadir automoción, s.a.u.","GADIR AUTOMOCIÓN, S.A.U.",high,official,3
2026,08,31,KIA,XCEED,Private,ICE,Gasolina Mild Hybrid,UKL2,REST,Standard,HACH 5P,11,Cádiz,"gadir automoción, s.a.u.","GADIR AUTOMOCIÓN, S.A.U.",medium,official,1
2026,08,31,KIA,XCEED,Private,ICE,Gasolina Mild Hybrid,UKL2,REST,Standard,HACH 5P,15,A Coruña,"rias motor 2018, s.l.","RIAS MOTOR 2018, S.L.",high,official,1
2026,08,31,KIA,XCEED,Private,ICE,Gasolina Mild Hybrid,UKL2,REST,Standard,HACH 5P,18,Granada,"arm motor, s.l.","ARM MOTOR, S.L.",high,official,1
2026,08,31,KIA,XCEED,Private,ICE,Gasolina Mild Hybrid,UKL2,REST,Standard,HACH 5P,20,Gipuzkoa,"novocar motor, s.l.","NOVOCAR MOTOR, S.L.",medium,official,1
2026,08,31,KIA,XCEED,Private,ICE,Gasolina Mild Hybrid,UKL2,REST,Standard,HACH 5P,21,Huelva,"veyser automoción, s.l. (huelva",C17VC00694,high,official,1
2026,08,31,KIA,XCEED,Private,ICE,Gasolina Mild Hybrid,UKL2,REST,Standard,HACH 5P,21,Huelva,"veyser automoción, s.l. (huelva",C17VC00694,medium,official,1
2026,08,31,KIA,XCEED,Private,ICE,Gasolina Mild Hybrid,UKL2,REST,Standard,HACH 5P,25,Lleida,"centro de automoción lleida, s.a.","CENTRO DE AUTOMOCIÓN LLEIDA, S.A.",high,official,1
2026,08,31,KIA,XCEED,Private,ICE,Gasolina Mild Hybrid,UKL2,REST,Standard,HACH 5P,29,Málaga,"caetano móvil sur, s.l.","CAETANO MÓVIL SUR, S.L.",high,official,2
2026,08,31,KIA,XCEED,Private,ICE,Gasolina Mild Hybrid,UKL2,REST,Standard,HACH 5P,32,Ourense,"blendio santauto, s.l.u. (san ciprian de viñas. orense",C17VC00749,high,official,1
2026,08,31,KIA,XCEED,Private,ICE,Gasolina Mild Hybrid,UKL2,REST,Standard,HACH 5P,41,Sevilla,"mobilify aljarafe, s.l.","MOBILIFY ALJARAFE, S.L.",medium,official,1
2026,08,31,KIA,XCEED,Private,ICE,Gasolina Mild Hybrid,UKL2,REST,Standard,HACH 5P,41,Sevilla,"mobilify sevilla 2024, s.l.","MOBILIFY SEVILLA 2024, S.L.",high,official,1
2026,08,31,KIA,XCEED,Private,ICE,Gasolina Mild Hybrid,UKL2,REST,Standard,HACH 5P,41,Sevilla,"mobilify sevilla 2024, s.l.","MOBILIFY SEVILLA 2024, S.L.",medium,official,1
2026,08,31,KIA,XCEED,Private,ICE,Gasolina Mild Hybrid,UKL2,REST,Standard,HACH 5P,50,Zaragoza,"autosalduba, s.a.","AUTOSALDUBA, S.A.",medium,official,4
2026,08,31,LEXUS,LBX,Private,ICE,Gasolina/Electrico,UKL1,FOCUS SEGMENT,Standard,SAV,08,Barcelona,nipauto barcelona,NIPAUTO BARCELONA,medium,official,1
2026,08,31,LEXUS,LBX,Private,ICE,Gasolina/Electrico,UKL1,FOCUS SEGMENT,Standard,SAV,41,Sevilla,nimo gordillo luxury,NIMO GORDILLO LUXURY,high,official,1
2026,08,31,LEXUS,LBX,Private,ICE,Gasolina/Electrico,UKL1,FOCUS SEGMENT,Standard,SAV,46,Valencia,comauto premium,COMAUTO PREMIUM,high,official,1
2026,08,31,LEXUS,LBX,Private,ICE,Gasolina/Electrico,UKL1,FOCUS SEGMENT,Standard,SAV,46,Valencia,comauto premium,COMAUTO PREMIUM,medium,official,1
2026,08,31,LEXUS,LBX,Private,ICE,Gasolina/Electrico,UKL1,FOCUS SEGMENT,Standard,SAV,46,Valencia,medimotors premium s.l.,MEDIMOTORS PREMIUM S L,medium,official,1
2026,08,31,LEXUS,LBX,Private,ICE,Gasolina/Electrico,UKL1,FOCUS SEGMENT,Standard,SAV,48,Bizkaia,"milenium car, s.l",MILENIUM CAR S L,high,official,1
2026,08,31,LEXUS,NX,Private,ICE,Gasolina/Electrico Enchufable,KKL,FOCUS SEGMENT,Standard,SAV,28,Madrid,automoviles axel s.a.,AUTOMOVILES AXEL S A,medium,official,1
2026,08,31,LEXUS,NX,Private,PHEV,Gasolina/Electrico Enchufable,KKL,FOCUS SEGMENT,Standard,SAV,07,Baleares,golpoku,GOLPOKU,high,official,1
2026,08,31,LEXUS,NX,Private,PHEV,Gasolina/Electrico Enchufable,KKL,FOCUS SEGMENT,Standard,SAV,08,Barcelona,ippon motor valles s.a.,IPPON MOTOR VALLES S A,medium,official,1
2026,08,31,LEXUS,NX,Private,PHEV,Gasolina/Electrico Enchufable,KKL,FOCUS SEGMENT,Standard,SAV,28,Madrid,automoviles axel s.a.,AUTOMOVILES AXEL S A,medium,official,1
2026,08,31,LEXUS,NX,Private,PHEV,Gasolina/Electrico Enchufable,KKL,FOCUS SEGMENT,Standard,SAV,41,Sevilla,nimo gordillo luxury,NIMO GORDILLO LUXURY,high,official,1
2026,08,31,LEXUS,NX,Private,PHEV,Gasolina/Electrico Enchufable,KKL,FOCUS SEGMENT,Standard,SAV,46,Valencia,comauto premium,COMAUTO PREMIUM,medium,official,1
2026,08,31,LEXUS,RZ,Private,BEV,Electrico,KKL,FOCUS SEGMENT,Standard,SAT,28,Madrid,automoviles axel s.a.,AUTOMOVILES AXEL S A,medium,official,2
2026,08,31,LEXUS,UX,Private,ICE,Gasolina/Electrico,UKL2,FOCUS SEGMENT,Standard,SAV,08,Barcelona,nipauto barcelona,NIPAUTO BARCELONA,medium,official,1
2026,08,31,LEXUS,UX,Private,ICE,Gasolina/Electrico,UKL2,FOCUS SEGMENT,Standard,SAV,28,Madrid,automoviles axel s.a.,AUTOMOVILES AXEL S A,medium,official,4
2026,08,31,LEXUS,UX,Private,ICE,Gasolina/Electrico,UKL2,FOCUS SEGMENT,Standard,SAV,41,Sevilla,nimo gordillo luxury,NIMO GORDILLO LUXURY,high,official,1
2026,08,31,LEXUS,UX,Private,ICE,Gasolina/Electrico,UKL2,FOCUS SEGMENT,Standard,SAV,48,Bizkaia,"milenium car, s.l",MILENIUM CAR S L,high,official,1
2026,08,31,MERCEDES,CLASE CLA,Private,BEV,Gasolina/Electrico Enchufable,UKL2,FOCUS SEGMENT,Standard,SEDAN,03,Alicante,visauto,GC0008399,high,official,1
2026,08,31,MERCEDES,CLASE CLA,Private,BEV,Gasolina/Electrico Enchufable,UKL2,FOCUS SEGMENT,Standard,SEDAN,36,Pontevedra,louzao vigo,GC0008434,high,official,1
2026,08,31,MERCEDES,CLASE CLA,Private,ICE,Gasolina/Electrico Enchufable,UKL2,FOCUS SEGMENT,Standard,SEDAN,29,Málaga,caetano benet,GC0008614,high,official,1
2026,08,31,MERCEDES,CLASE CLE,Private,ICE,Gasolina/Electrico Enchufable,MKL,FOCUS SEGMENT,M Performance,COUPE,46,Valencia,valdisa,GC00110108,medium,official,1
2026,08,31,MERCEDES,CLASE GLA,Private,ICE,Gasolina,UKL2,FOCUS SEGMENT,Standard,SAV,29,Málaga,caetano benet,GC0008614,medium,official,1
2026,08,31,MERCEDES,CLASE GLA,Private,ICE,Gasolina,UKL2,FOCUS SEGMENT,Standard,SAV,45,Toledo,autokrator,GC0010465,high,official,1
2026,08,31,MERCEDES,CLASE GLA,Private,ICE,Gasolina,UKL2,FOCUS SEGMENT,Standard,SAV,47,Valladolid,adarsa,GC0008336,high,official,1
2026,08,31,MERCEDES,CLASE GLA,Private,PHEV,Gasolina/Electrico Enchufable,UKL2,FOCUS SEGMENT,Standard,SAV,28,Madrid,mobility centro,GC00110545,high,official,1
2026,08,31,MERCEDES,CLASE GLA,Private,PHEV,Gasolina/Electrico Enchufable,UKL2,FOCUS SEGMENT,Standard,SAV,45,Toledo,autokrator,GC0010465,high,official,1
2026,08,31,MERCEDES,CLASE GLA,Private,PHEV,Gasolina/Electrico Enchufable,UKL2,FOCUS SEGMENT,Standard,SAV,46,Valencia,valdisa,GC00110108,medium,official,1
2026,08,31,MERCEDES,CLASE GLB,Private,BEV,Gasolina Mild Hybrid,UKL2,FOCUS SEGMENT,Standard,SAV,29,Málaga,caetano benet,GC0008614,high,official,1
2026,08,31,MERCEDES,CLASE GLB,Private,ICE,Diesel,UKL2,FOCUS SEGMENT,Standard,SAV,03,Alicante,visauto,GC0008399,high,official,1
2026,08,31,MERCEDES,CLASE GLC,Private,BEV,Gasolina/Electrico Enchufable,KKL,FOCUS SEGMENT,Standard,SAV,11,Cádiz,cadimar,GC0008414,high,official,1
2026,08,31,MERCEDES,CLASE GLC,Private,BEV,Gasolina/Electrico Enchufable,KKL,FOCUS SEGMENT,Standard,SAV,12,Castellón,"autocas, s.a.",GC0013072,high,official,1
2026,08,31,MERCEDES,CLASE GLC,Private,BEV,Gasolina/Electrico Enchufable,KKL,FOCUS SEGMENT,Standard,SAV,18,Granada,granada premium,GC0062700,high,official,1
2026,08,31,MERCEDES,CLASE GLC,Private,ICE,Diesel,KKL,FOCUS SEGMENT,Standard,SAV,15,A Coruña,louzao vigo,GC0008434,high,official,1
2026,08,31,MERCEDES,CLASE GLC,Private,PHEV,Diesel/Electrico Enchufable,KKL,FOCUS SEGMENT,Standard,SAV,46,Valencia,visauto,GC0008399,high,official,2
2026,08,31,MERCEDES,CLASE GLC,Private,PHEV,Gasolina/Electrico Enchufable,KKL,FOCUS SEGMENT,Standard,SAV,07,Baleares,terrenauto,GC0018011,high,official,1
2026,08,31,MERCEDES,CLASE GLE,Private,PHEV,Diesel/Electrico Enchufable,MKL,FOCUS SEGMENT,Standard,SAV,31,Navarra,comercial gazpi,GC0008615,high,official,1
2026,08,31,MERCEDES,CLASE T,Private,ICE,Gasolina,SKL,REST,Standard,TRANSPORTER,07,Baleares,autovidal,GC0010464,high,official,1
2026,08,31,MERCEDES,EQE,Private,BEV,Electrico,MKL,FOCUS SEGMENT,Standard,SAV,04,Almería,saveres,GC0008628,high,official,1
2026,08,31,MERCEDES,EQE,Private,BEV,Electrico,MKL,FOCUS SEGMENT,Standard,SAV,11,Cádiz,cadimar,GC0008414,high,official,1
2026,08,31,MERCEDES,EQE,Private,BEV,Electrico,MKL,FOCUS SEGMENT,Standard,SAV,28,Madrid,mobility centro,GC00110545,medium,official,1
2026,08,31,MERCEDES,SPRINTER 300,Private,ICE,Diesel,SKL,REST,Standard,TRANSPORTER,26,La Rioja,comercial gazpi,GC0008615,high,official,1
2026,08,31,MERCEDES,SPRINTER 300,Private,ICE,Diesel,SKL,REST,Standard,TRANSPORTER,38,S.C. Tenerife,louzao vigo,GC0008434,medium,official,1
2026,08,31,MINI,ACEMAN,Private,BEV,Electrico,UKL1,FOCUS SEGMENT,Standard,SAV,12,Castellón,maberauto,100394,high,internal,1
2026,08,31,MINI,ACEMAN,Private,BEV,Electrico,UKL1,FOCUS SEGMENT,Standard,SAV,28,Madrid,bymycar madrid,100873,high,internal,1
2026,08,31,MINI,ACEMAN,Private,BEV,Electrico,UKL1,FOCUS SEGMENT,Standard,SAV,46,Valencia,fersán,100062,high,internal,1
2026,08,31,MINI,COUNTRYMAN,Private,BEV,Electrico,UKL2,FOCUS SEGMENT,Standard,SAV,04,Almería,automotor costa,100813,high,internal,1
2026,08,31,MINI,COUNTRYMAN,Private,BEV,Electrico,UKL2,FOCUS SEGMENT,Standard,SAV,08,Barcelona,pruna motor,100584,high,internal,1
2026,08,31,MINI,COUNTRYMAN,Private,ICE,Electrico,UKL2,FOCUS SEGMENT,Standard,SAV,24,León,bernesga,100739,high,internal,1
2026,08,31,MINI,COUNTRYMAN,Private,ICE,Electrico,UKL2,FOCUS SEGMENT,Standard,SAV,48,Bizkaia,enekuri motor,100726,high,internal,1
2026,08,31,MINI,HATCHBACK,Private,BEV,Electrico,UKL1,FOCUS SEGMENT,Standard,HACH 3P,28,Madrid,vehinter,100319,high,internal,1
2026,08,31,MINI,HATCHBACK,Private,ICE,Electrico,UKL1,FOCUS SEGMENT,Standard,HACH 3P,03,Alicante,fersán,100062,high,internal,1
2026,08,31,MINI,HATCHBACK,Private,ICE,Electrico,UKL1,FOCUS SEGMENT,Standard,HACH 3P,07,Baleares,proa premium,100734,high,internal,1
2026,08,31,MINI,HATCHBACK,Private,ICE,Electrico,UKL1,FOCUS SEGMENT,Standard,HACH 3P,29,Málaga,automotor,100586,high,internal,1
2026,08,31,NISSAN,JUKE,Private,ICE,Gasolina/Electrico,UKL1,REST,Standard,SAV,03,Alicante,marcos automoción,marcosautomocion,medium,official,1
2026,08,31,NISSAN,JUKE,Private,ICE,Gasolina/Electrico,UKL1,REST,Standard,SAV,07,Baleares,autovidal,autovidal,high,official,1
2026,08,31,NISSAN,JUKE,Private,ICE,Gasolina/Electrico,UKL1,REST,Standard,SAV,17,Girona,camps motor,campsmotor,high,official,1
2026,08,31,NISSAN,JUKE,Private,ICE,Gasolina/Electrico,UKL1,REST,Standard,SAV,17,Girona,olot motor,olotmotor,high,official,1
2026,08,31,NISSAN,JUKE,Private,ICE,Gasolina/Electrico,UKL1,REST,Standard,SAV,26,La Rioja,blendio pérez repuestos,blendioperezrepuestos,high,official,2
2026,08,31,NISSAN,JUKE,Private,ICE,Gasolina/Electrico,UKL1,REST,Standard,SAV,28,Madrid,gamboa automocion,gamboautomocion,medium,official,1
2026,08,31,NISSAN,JUKE,Private,ICE,Gasolina/Electrico,UKL1,REST,Standard,SAV,33,Asturias,cyasa,cyasa,high,official,2
2026,08,31,NISSAN,JUKE,Private,ICE,Gasolina/Electrico,UKL1,REST,Standard,SAV,33,Asturias,cyasa,cyasa,medium,official,1
2026,08,31,NISSAN,JUKE,Private,ICE,Gasolina/Electrico,UKL1,REST,Standard,SAV,38,S.C. Tenerife,farray motor,arimotortenerife,high,official,2
2026,08,31,NISSAN,JUKE,Private,ICE,Gasolina/Electrico,UKL1,REST,Standard,SAV,41,Sevilla,divesan,divesan,high,official,1
2026,08,31,NISSAN,JUKE,Private,ICE,Gasolina/Electrico,UKL1,REST,Standard,SAV,41,Sevilla,divesan,divesan,medium,official,3
2026,08,31,NISSAN,JUKE,Private,ICE,Gasolina/Electrico,UKL1,REST,Standard,SAV,43,Tarragona,nikko center,nikkocenter,high,official,2
2026,08,31,NISSAN,JUKE,Private,ICE,Gasolina/Electrico,UKL1,REST,Standard,SAV,45,Toledo,kento motor,kentomotor,medium,official,1
2026,08,31,NISSAN,JUKE,Private,ICE,Gasolina/Electrico,UKL1,REST,Standard,SAV,46,Valencia,almenar,nissanalmenar,high,official,1
2026,08,31,NISSAN,JUKE,Private,ICE,Gasolina/Electrico,UKL1,REST,Standard,SAV,47,Valladolid,eylo motor,eylomotor,high,official,1
2026,08,31,NISSAN,JUKE,Private,ICE,Gasolina/Electrico,UKL1,REST,Standard,SAV,48,Bizkaia,blendio kalauto,blendiokalauto,high,official,1
2026,08,31,NISSAN,LEAF,Private,BEV,Electrico,UKL2,REST,Standard,HACH 5P,11,Cádiz,concesol automoción,concesol,high,official,1
2026,08,31,NISSAN,LEAF,Private,BEV,Electrico,UKL2,REST,Standard,HACH 5P,46,Valencia,marcos automoción,marcosautomocion,medium,official,1
2026,08,31,NISSAN,MICRA,Private,BEV,Electrico,UKL1,REST,Standard,HACH 5P,15,A Coruña,automóviles antamotor,antamotor,high,official,1
2026,08,31,NISSAN,MICRA,Private,BEV,Electrico,UKL1,REST,Standard,HACH 5P,17,Girona,romauto,romauto,high,official,1
2026,08,31,NISSAN,MICRA,Private,BEV,Electrico,UKL1,REST,Standard,HACH 5P,33,Asturias,cyasa,cyasa,high,official,1
2026,08,31,NISSAN,MICRA,Private,BEV,Electrico,UKL1,REST,Standard,HACH 5P,35,Las Palmas,brisa motor,brisamotor,medium,official,1
2026,08,31,NISSAN,QASHQAI,Private,ICE,Gasolina/Electrico,UKL2,REST,Standard,SAT,06,Badajoz,ns maven,nsmaven,medium,official,1
2026,08,31,NISSAN,QASHQAI,Private,ICE,Gasolina/Electrico,UKL2,REST,Standard,SAT,07,Baleares,autovidal,autovidal,high,official,1
2026,08,31,NISSAN,QASHQAI,Private,ICE,Gasolina/Electrico,UKL2,REST,Standard,SAT,08,Barcelona,romauto,romauto,high,official,1
2026,08,31,NISSAN,QASHQAI,Private,ICE,Gasolina/Electrico,UKL2,REST,Standard,SAT,08,Barcelona,santi enrique,santienrique,medium,official,3
2026,08,31,NISSAN,QASHQAI,Private,ICE,Gasolina/Electrico,UKL2,REST,Standard,SAT,10,Cáceres,ns maven,nsmaven,high,official,1
2026,08,31,NISSAN,QASHQAI,Private,ICE,Gasolina/Electrico,UKL2,REST,Standard,SAT,11,Cádiz,concesol automoción,concesol,high,official,1
2026,08,31,NISSAN,QASHQAI,Private,ICE,Gasolina/Electrico,UKL2,REST,Standard,SAT,12,Castellón,almenar,nissanalmenar,medium,official,1
2026,08,31,NISSAN,QASHQAI,Private,ICE,Gasolina/Electrico,UKL2,REST,Standard,SAT,13,Ciudad Real,kento motor,kentomotor,medium,official,1
2026,08,31,NISSAN,QASHQAI,Private,ICE,Gasolina/Electrico,UKL2,REST,Standard,SAT,15,A Coruña,automóviles antamotor,antamotor,high,official,1
2026,08,31,NISSAN,QASHQAI,Private,ICE,Gasolina/Electrico,UKL2,REST,Standard,SAT,17,Girona,garatge nogreda,GARATGE NOGREDA,medium,official,1
2026,08,31,NISSAN,QASHQAI,Private,ICE,Gasolina/Electrico,UKL2,REST,Standard,SAT,17,Girona,romauto,romauto,medium,official,1
2026,08,31,NISSAN,QASHQAI,Private,ICE,Gasolina/Electrico,UKL2,REST,Standard,SAT,18,Granada,tokio motor,tokiomotor,high,official,1
2026,08,31,NISSAN,QASHQAI,Private,ICE,Gasolina/Electrico,UKL2,REST,Standard,SAT,20,Gipuzkoa,gaursa,gaursa,high,official,1
2026,08,31,NISSAN,QASHQAI,Private,ICE,Gasolina/Electrico,UKL2,REST,Standard,SAT,21,Huelva,syrsa,syrsa,high,official,1
2026,08,31,NISSAN,QASHQAI,Private,ICE,Gasolina/Electrico,UKL2,REST,Standard,SAT,23,Jaén,tokio motor,tokiomotor,medium,official,1
2026,08,31,NISSAN,QASHQAI,Private,ICE,Gasolina/Electrico,UKL2,REST,Standard,SAT,25,Lleida,ilerdauto,ilerdauto,high,official,1
2026,08,31,NISSAN,QASHQAI,Private,ICE,Gasolina/Electrico,UKL2,REST,Standard,SAT,26,La Rioja,blendio pérez repuestos,blendioperezrepuestos,high,official,1
2026,08,31,NISSAN,QASHQAI,Private,ICE,Gasolina/Electrico,UKL2,REST,Standard,SAT,27,Lugo,roipesa,rofervigo,medium,official,1
2026,08,31,NISSAN,QASHQAI,Private,ICE,Gasolina/Electrico,UKL2,REST,Standard,SAT,28,Madrid,caetano reicomsa,caetanoreicomsa,medium,official,1
2026,08,31,NISSAN,QASHQAI,Private,ICE,Gasolina/Electrico,UKL2,REST,Standard,SAT,28,Madrid,gamboa automocion,gamboautomocion,high,official,1
2026,08,31,NISSAN,QASHQAI,Private,ICE,Gasolina/Electrico,UKL2,REST,Standard,SAT,31,Navarra,comercial arre motor,comercialarremotor,high,official,1
2026,08,31,NISSAN,QASHQAI,Private,ICE,Gasolina/Electrico,UKL2,REST,Standard,SAT,32,Ourense,roipesa,rofervigo,high,official,1
2026,08,31,NISSAN,QASHQAI,Private,ICE,Gasolina/Electrico,UKL2,REST,Standard,SAT,33,Asturias,cyasa,cyasa,high,official,1
2026,08,31,NISSAN,QASHQAI,Private,ICE,Gasolina/Electrico,UKL2,REST,Standard,SAT,33,Asturias,cyasa,cyasa,medium,official,1
2026,08,31,NISSAN,QASHQAI,Private,ICE,Gasolina/Electrico,UKL2,REST,Standard,SAT,35,Las Palmas,brisa motor,brisamotor,medium,official,1
2026,08,31,NISSAN,QASHQAI,Private,ICE,Gasolina/Electrico,UKL2,REST,Standard,SAT,38,S.C. Tenerife,farray motor,arimotortenerife,high,official,3
2026,08,31,NISSAN,QASHQAI,Private,ICE,Gasolina/Electrico,UKL2,REST,Standard,SAT,43,Tarragona,germans gelida,gelida,high,official,2
2026,08,31,NISSAN,QASHQAI,Private,ICE,Gasolina/Electrico,UKL2,REST,Standard,SAT,47,Valladolid,eylo motor,eylomotor,high,official,1
2026,08,31,NISSAN,QASHQAI,Private,ICE,Gasolina/Electrico,UKL2,REST,Standard,SAT,48,Bizkaia,blendio kalauto,blendiokalauto,high,official,1
2026,08,31,NISSAN,QASHQAI,Private,ICE,Gasolina/Electrico,UKL2,REST,Standard,SAT,48,Bizkaia,blendio kalauto,blendiokalauto,medium,official,2
2026,08,31,NISSAN,TOWNSTAR,Private,ICE,Gasolina,SKL,REST,Standard,TRANSPORTER,01,Álava,gaursa,gaursa,high,official,1
2026,08,31,NISSAN,TOWNSTAR,Private,ICE,Gasolina,SKL,REST,Standard,TRANSPORTER,11,Cádiz,concesol automoción,concesol,high,official,1
2026,08,31,NISSAN,TOWNSTAR,Private,ICE,Gasolina,SKL,REST,Standard,TRANSPORTER,17,Girona,camps motor,campsmotor,high,official,1
2026,08,31,NISSAN,TOWNSTAR,Private,ICE,Gasolina,SKL,REST,Standard,TRANSPORTER,17,Girona,romauto,romauto,high,official,1
2026,08,31,NISSAN,TOWNSTAR,Private,ICE,Gasolina,SKL,REST,Standard,TRANSPORTER,33,Asturias,cyasa,cyasa,high,official,2
2026,08,31,NISSAN,TOWNSTAR,Private,ICE,Gasolina,SKL,REST,Standard,TRANSPORTER,35,Las Palmas,macher motor,machermotor,high,official,1
2026,08,31,NISSAN,TOWNSTAR,Private,ICE,Gasolina,SKL,REST,Standard,TRANSPORTER,38,S.C. Tenerife,farray motor,arimotortenerife,high,official,1
2026,08,31,NISSAN,X-TRAIL,Private,ICE,Gasolina/Electrico,KKL,REST,Standard,SUV,03,Alicante,almenar,nissanalmenar,high,official,1
2026,08,31,NISSAN,X-TRAIL,Private,ICE,Gasolina/Electrico,KKL,REST,Standard,SUV,17,Girona,olot motor,olotmotor,high,official,1
2026,08,31,NISSAN,X-TRAIL,Private,ICE,Gasolina/Electrico,KKL,REST,Standard,SUV,20,Gipuzkoa,gaursa,gaursa,medium,official,1
2026,08,31,NISSAN,X-TRAIL,Private,ICE,Gasolina/Electrico,KKL,REST,Standard,SUV,24,León,cyasa,cyasa,high,official,1
2026,08,31,NISSAN,X-TRAIL,Private,ICE,Gasolina/Electrico,KKL,REST,Standard,SUV,29,Málaga,safamotor autos,safamotor,medium,official,1
2026,08,31,NISSAN,X-TRAIL,Private,ICE,Gasolina/Electrico,KKL,REST,Standard,SUV,35,Las Palmas,brisa motor,brisamotor,medium,official,1
2026,08,31,NISSAN,X-TRAIL,Private,ICE,Gasolina/Electrico,KKL,REST,Standard,SUV,41,Sevilla,divesan,divesan,high,official,1
2026,08,31,NISSAN,X-TRAIL,Private,ICE,Gasolina/Electrico,KKL,REST,Standard,SUV,48,Bizkaia,blendio kalauto,blendiokalauto,medium,official,1
2026,08,31,PORSCHE,CAYENNE COUPE,Private,PHEV,Gasolina/Electrico Enchufable,MKL,FOCUS SEGMENT,Standard,SAV,36,Pontevedra,centro vigo,CENTRO PORSCHE VIGO,high,official,1
2026,08,31,RENAULT,4,Private,BEV,Electrico,UKL1,REST,Standard,SAV,15,A Coruña,"caetano formula galicia, s.l.u",72405435,high,official,1
2026,08,31,RENAULT,4,Private,BEV,Electrico,UKL1,REST,Standard,SAV,15,A Coruña,"caetano formula galicia, s.l.u",72405437,high,official,1
2026,08,31,RENAULT,4,Private,BEV,Electrico,UKL1,REST,Standard,SAV,18,Granada,"japemasa solar, s.l",72405353,high,official,1
2026,08,31,RENAULT,5,Private,BEV,Electrico,UKL1,REST,Standard,HACH 5P,03,Alicante,"japemasa solar, s.l",72405424,high,official,1
2026,08,31,RENAULT,5,Private,BEV,Electrico,UKL1,REST,Standard,HACH 5P,03,Alicante,"japemasa solar, s.l",72405425,high,official,1
2026,08,31,RENAULT,5,Private,BEV,Electrico,UKL1,REST,Standard,HACH 5P,03,Alicante,"talleres blas serna, s.a.",72405286,high,official,1
2026,08,31,RENAULT,5,Private,BEV,Electrico,UKL1,REST,Standard,HACH 5P,05,Ávila,"auto salamanca cars, s.l.",72405463,high,official,1
2026,08,31,RENAULT,5,Private,BEV,Electrico,UKL1,REST,Standard,HACH 5P,12,Castellón,"talleres boix, s.l.",72438810,medium,official,1
2026,08,31,RENAULT,5,Private,BEV,Electrico,UKL1,REST,Standard,HACH 5P,15,A Coruña,"caetano formula galicia, s.l.u",72405437,high,official,1
2026,08,31,RENAULT,5,Private,BEV,Electrico,UKL1,REST,Standard,HACH 5P,31,Navarra,"unsain, s.l.u.",72405035,high,official,3
2026,08,31,RENAULT,5,Private,BEV,Electrico,UKL1,REST,Standard,HACH 5P,34,Palencia,"vicauto, s.a.u",72405332,high,official,1
2026,08,31,RENAULT,5,Private,BEV,Electrico,UKL1,REST,Standard,HACH 5P,38,S.C. Tenerife,"motor ari, s.a.",72405304,high,official,3
2026,08,31,RENAULT,5,Private,BEV,Electrico,UKL1,REST,Standard,HACH 5P,42,Soria,"auto gonse, s.a.",72426000,high,official,1
2026,08,31,RENAULT,5,Private,BEV,Electrico,UKL1,REST,Standard,HACH 5P,45,Toledo,"aries toledo-talavera, s.l.",72405160,high,official,1
2026,08,31,RENAULT,5,Private,BEV,Electrico,UKL1,REST,Standard,HACH 5P,46,Valencia,"ginestar automocion, s.l.u. (alcira",72405276,high,official,1
2026,08,31,RENAULT,5,Private,BEV,Electrico,UKL1,REST,Standard,HACH 5P,48,Bizkaia,"ekin autoak, s.a.l.",72405024,high,official,1
2026,08,31,RENAULT,5,Private,BEV,Electrico,UKL1,REST,Standard,HACH 5P,49,Zamora,"leomotor asturias, s.l.",72405490,high,official,1
2026,08,31,RENAULT,ARKANA,Private,ICE,Gasolina/Electrico,UKL2,REST,Standard,SAV,02,Albacete,"automaor, s.l",72405388,high,official,1
2026,08,31,RENAULT,ARKANA,Private,ICE,Gasolina/Electrico,UKL2,REST,Standard,SAV,03,Alicante,"talleres ginestar, s.l.u.",72405154,high,official,1
2026,08,31,RENAULT,ARKANA,Private,ICE,Gasolina/Electrico,UKL2,REST,Standard,SAV,03,Alicante,"talleres ginestar, s.l.u.",72405156,high,official,1
2026,08,31,RENAULT,ARKANA,Private,ICE,Gasolina/Electrico,UKL2,REST,Standard,SAV,04,Almería,"syrsa automocion, s.l.",72405317,high,official,3
2026,08,31,RENAULT,ARKANA,Private,ICE,Gasolina/Electrico,UKL2,REST,Standard,SAV,06,Badajoz,"marcesa servicios, s.a.",72457400,high,official,1
2026,08,31,RENAULT,ARKANA,Private,ICE,Gasolina/Electrico,UKL2,REST,Standard,SAV,12,Castellón,"talleres boix, s.l.",72438810,medium,official,3
2026,08,31,RENAULT,ARKANA,Private,ICE,Gasolina/Electrico,UKL2,REST,Standard,SAV,14,Córdoba,"mezquita motor, s.l. unipersonal",72405434,medium,official,1
2026,08,31,RENAULT,ARKANA,Private,ICE,Gasolina/Electrico,UKL2,REST,Standard,SAV,20,Gipuzkoa,"irazcar, s.l",72405334,high,official,1
2026,08,31,RENAULT,ARKANA,Private,ICE,Gasolina/Electrico,UKL2,REST,Standard,SAV,23,Jaén,"japemasa solar, s.l",72405351,high,official,5
2026,08,31,RENAULT,ARKANA,Private,ICE,Gasolina/Electrico,UKL2,REST,Standard,SAV,26,La Rioja,auto urbion s.l.,72405082,high,official,3
2026,08,31,RENAULT,ARKANA,Private,ICE,Gasolina/Electrico,UKL2,REST,Standard,SAV,29,Málaga,"tahermo, s.l.u",72405399,medium,official,1
2026,08,31,RENAULT,ARKANA,Private,ICE,Gasolina/Electrico,UKL2,REST,Standard,SAV,30,Murcia,"automocion del noroeste, s.l",72458901,high,official,1
2026,08,31,RENAULT,ARKANA,Private,ICE,Gasolina/Electrico,UKL2,REST,Standard,SAV,32,Ourense,"talleres rodosa, s.l.",72405389,high,official,1
2026,08,31,RENAULT,ARKANA,Private,ICE,Gasolina/Electrico,UKL2,REST,Standard,SAV,33,Asturias,"norte motor,s.l.",72405239,high,official,1
2026,08,31,RENAULT,ARKANA,Private,ICE,Gasolina/Electrico,UKL2,REST,Standard,SAV,39,Cantabria,"vicauto, s.a.u",72405332,medium,official,1
2026,08,31,RENAULT,ARKANA,Private,ICE,Gasolina/Electrico,UKL2,REST,Standard,SAV,41,Sevilla,"fornault, s.l.",72405203,high,official,1
2026,08,31,RENAULT,ARKANA,Private,ICE,Gasolina/Electrico,UKL2,REST,Standard,SAV,41,Sevilla,"guadaira movil 2001, s.l",72405338,high,official,2
2026,08,31,RENAULT,ARKANA,Private,ICE,Gasolina/Electrico,UKL2,REST,Standard,SAV,41,Sevilla,"nebriauto, s.l.",72450723,high,official,6
2026,08,31,RENAULT,ARKANA,Private,ICE,Gasolina/Electrico,UKL2,REST,Standard,SAV,41,Sevilla,"nodiauto, s.l.",72405505,high,official,2
2026,08,31,RENAULT,ARKANA,Private,ICE,Gasolina/Electrico,UKL2,REST,Standard,SAV,45,Toledo,"auto martin-andino, s.l.",72419800,high,official,2
2026,08,31,RENAULT,ARKANA,Private,ICE,Gasolina/Electrico,UKL2,REST,Standard,SAV,46,Valencia,"talleres ginestar, s.l.u.",72405169,high,official,1
2026,08,31,RENAULT,ARKANA,Private,ICE,Gasolina/Electrico,UKL2,REST,Standard,SAV,48,Bizkaia,"gaursa autoak, s.l.u.",72405287,high,official,1
2026,08,31,RENAULT,AUSTRAL,Private,ICE,Gasolina/Electrico,UKL2,REST,Standard,SAV,09,Burgos,"autovican, s.l.",72405246,high,official,2
2026,08,31,RENAULT,AUSTRAL,Private,ICE,Gasolina/Electrico,UKL2,REST,Standard,SAV,09,Burgos,"autovican, s.l.",72405357,high,official,1
2026,08,31,RENAULT,AUSTRAL,Private,ICE,Gasolina/Electrico,UKL2,REST,Standard,SAV,11,Cádiz,"caetano formula cadiz, s.l.u",72405228,high,official,1
2026,08,31,RENAULT,AUSTRAL,Private,ICE,Gasolina/Electrico,UKL2,REST,Standard,SAV,11,Cádiz,"caetano formula cadiz, s.l.u",72405264,high,official,1
2026,08,31,RENAULT,AUSTRAL,Private,ICE,Gasolina/Electrico,UKL2,REST,Standard,SAV,11,Cádiz,"caetano formula cadiz, s.l.u",72405264,medium,official,1
2026,08,31,RENAULT,AUSTRAL,Private,ICE,Gasolina/Electrico,UKL2,REST,Standard,SAV,11,Cádiz,"caetano formula cadiz, s.l.u",72405265,high,official,1
2026,08,31,RENAULT,AUSTRAL,Private,ICE,Gasolina/Electrico,UKL2,REST,Standard,SAV,11,Cádiz,"sauto, s.l.(sanluqueña de automoviles",72450920,high,official,1
2026,08,31,RENAULT,AUSTRAL,Private,ICE,Gasolina/Electrico,UKL2,REST,Standard,SAV,12,Castellón,"uxo motor, s.l.",72438842,high,official,1
2026,08,31,RENAULT,AUSTRAL,Private,ICE,Gasolina/Electrico,UKL2,REST,Standard,SAV,13,Ciudad Real,"aries ciudad real, s.l.",72412700,high,official,1
2026,08,31,RENAULT,AUSTRAL,Private,ICE,Gasolina/Electrico,UKL2,REST,Standard,SAV,13,Ciudad Real,"aries ciudad real, s.l.",72418900,high,official,1
2026,08,31,RENAULT,AUSTRAL,Private,ICE,Gasolina/Electrico,UKL2,REST,Standard,SAV,14,Córdoba,"mezquita motor, s.l. unipersonal",72405434,medium,official,1
2026,08,31,RENAULT,AUSTRAL,Private,ICE,Gasolina/Electrico,UKL2,REST,Standard,SAV,22,Huesca,"antonio bardaji, s.l.",72436203,high,official,1
2026,08,31,RENAULT,AUSTRAL,Private,ICE,Gasolina/Electrico,UKL2,REST,Standard,SAV,24,León,"leomovil, s.l.",72423617,high,official,1
2026,08,31,RENAULT,AUSTRAL,Private,ICE,Gasolina/Electrico,UKL2,REST,Standard,SAV,25,Lleida,"autansa 3000,s.l.u.",72405179,high,official,1
2026,08,31,RENAULT,AUSTRAL,Private,ICE,Gasolina/Electrico,UKL2,REST,Standard,SAV,30,Murcia,"automocion del noroeste, s.l",72405359,high,official,1
2026,08,31,RENAULT,AUSTRAL,Private,ICE,Gasolina/Electrico,UKL2,REST,Standard,SAV,30,Murcia,"automociones ureña, s.l.",72459013,high,official,1
2026,08,31,RENAULT,AUSTRAL,Private,ICE,Gasolina/Electrico,UKL2,REST,Standard,SAV,33,Asturias,"garaje covadonga cangas de onis, s.l.",72423408,high,official,1
2026,08,31,RENAULT,AUSTRAL,Private,ICE,Gasolina/Electrico,UKL2,REST,Standard,SAV,34,Palencia,"vicauto, s.a.u",72424100,high,official,1
2026,08,31,RENAULT,AUSTRAL,Private,ICE,Gasolina/Electrico,UKL2,REST,Standard,SAV,35,Las Palmas,"juan toledo, s.l.",72481000,high,official,1
2026,08,31,RENAULT,AUSTRAL,Private,ICE,Gasolina/Electrico,UKL2,REST,Standard,SAV,38,S.C. Tenerife,arautava motor s.l.,72405380,high,official,1
2026,08,31,RENAULT,AUSTRAL,Private,ICE,Gasolina/Electrico,UKL2,REST,Standard,SAV,38,S.C. Tenerife,"motor ari, s.a.",72405269,high,official,1
2026,08,31,RENAULT,AUSTRAL,Private,ICE,Gasolina/Electrico,UKL2,REST,Standard,SAV,39,Cantabria,"vidal de la peña automoviles, s.l.",72405041,high,official,2
2026,08,31,RENAULT,AUSTRAL,Private,ICE,Gasolina/Electrico,UKL2,REST,Standard,SAV,41,Sevilla,"fornault, s.l.",72405203,high,official,2
2026,08,31,RENAULT,AUSTRAL,Private,ICE,Gasolina/Electrico,UKL2,REST,Standard,SAV,41,Sevilla,"guadaira movil 2001, s.l",72405338,high,official,1
2026,08,31,RENAULT,AUSTRAL,Private,ICE,Gasolina/Electrico,UKL2,REST,Standard,SAV,42,Soria,"auto gonse, s.a.",72426000,high,official,1
2026,08,31,RENAULT,AUSTRAL,Private,ICE,Gasolina/Electrico,UKL2,REST,Standard,SAV,45,Toledo,"aries toledo-talavera, s.l.",72416300,medium,official,1
2026,08,31,RENAULT,AUSTRAL,Private,ICE,Gasolina/Electrico,UKL2,REST,Standard,SAV,48,Bizkaia,"gaursa autoak, s.l.u.",72405287,high,official,1
2026,08,31,RENAULT,CAPTUR,Private,ICE,Gasolina/Electrico,UKL1,REST,Standard,SAV,02,Albacete,manuel laguia calero s.l,72405397,high,official,1
2026,08,31,RENAULT,CAPTUR,Private,ICE,Gasolina/Electrico,UKL1,REST,Standard,SAV,03,Alicante,"talleres blas serna, s.a.",72405303,high,official,2
2026,08,31,RENAULT,CAPTUR,Private,ICE,Gasolina/Electrico,UKL1,REST,Standard,SAV,03,Alicante,"talleres ginestar, s.l.u.",72405154,high,official,2
2026,08,31,RENAULT,CAPTUR,Private,ICE,Gasolina/Electrico,UKL1,REST,Standard,SAV,04,Almería,"syrsa automocion, s.l.",72405317,high,official,1
2026,08,31,RENAULT,CAPTUR,Private,ICE,Gasolina/Electrico,UKL1,REST,Standard,SAV,04,Almería,"syrsa automocion, s.l.",72405322,high,official,1
2026,08,31,RENAULT,CAPTUR,Private,ICE,Gasolina/Electrico,UKL1,REST,Standard,SAV,08,Barcelona,comercial marti s.a.,72405384,high,official,1
2026,08,31,RENAULT,CAPTUR,Private,ICE,Gasolina/Electrico,UKL1,REST,Standard,SAV,10,Cáceres,"auto salamanca cars, s.l.",72405464,high,official,1
2026,08,31,RENAULT,CAPTUR,Private,ICE,Gasolina/Electrico,UKL1,REST,Standard,SAV,10,Cáceres,"auto salamanca cars, s.l.",72405464,medium,official,1
2026,08,31,RENAULT,CAPTUR,Private,ICE,Gasolina/Electrico,UKL1,REST,Standard,SAV,11,Cádiz,"automoviles conil, s.l.",72450916,high,official,1
2026,08,31,RENAULT,CAPTUR,Private,ICE,Gasolina/Electrico,UKL1,REST,Standard,SAV,11,Cádiz,"caetano formula cadiz, s.l.u",72405264,medium,official,1
2026,08,31,RENAULT,CAPTUR,Private,ICE,Gasolina/Electrico,UKL1,REST,Standard,SAV,11,Cádiz,"sauto, s.l.(sanluqueña de automoviles",72450920,high,official,2
2026,08,31,RENAULT,CAPTUR,Private,ICE,Gasolina/Electrico,UKL1,REST,Standard,SAV,13,Ciudad Real,"aries ciudad real, s.l.",72418900,high,official,1
2026,08,31,RENAULT,CAPTUR,Private,ICE,Gasolina/Electrico,UKL1,REST,Standard,SAV,14,Córdoba,"mezquita motor, s.l. unipersonal",72405434,medium,official,1
2026,08,31,RENAULT,CAPTUR,Private,ICE,Gasolina/Electrico,UKL1,REST,Standard,SAV,15,A Coruña,baleato motor sl,72405385,high,official,1
2026,08,31,RENAULT,CAPTUR,Private,ICE,Gasolina/Electrico,UKL1,REST,Standard,SAV,15,A Coruña,"talleres m.l.baleato, s.l.",72410417,high,official,1
2026,08,31,RENAULT,CAPTUR,Private,ICE,Gasolina/Electrico,UKL1,REST,Standard,SAV,15,A Coruña,"vealsi deza,s.l",72405316,medium,official,1
2026,08,31,RENAULT,CAPTUR,Private,ICE,Gasolina/Electrico,UKL1,REST,Standard,SAV,17,Girona,"intercargirona.s,l",72405408,high,official,3
2026,08,31,RENAULT,CAPTUR,Private,ICE,Gasolina/Electrico,UKL1,REST,Standard,SAV,17,Girona,"intercargirona.s,l",72434434,high,official,2
2026,08,31,RENAULT,CAPTUR,Private,ICE,Gasolina/Electrico,UKL1,REST,Standard,SAV,17,Girona,sola sport automocio s.l.,72434602,medium,official,1
2026,08,31,RENAULT,CAPTUR,Private,ICE,Gasolina/Electrico,UKL1,REST,Standard,SAV,21,Huelva,"zamora autos, s.l.",72455540,medium,official,1
2026,08,31,RENAULT,CAPTUR,Private,ICE,Gasolina/Electrico,UKL1,REST,Standard,SAV,23,Jaén,"japemasa solar, s.l",72405452,high,official,1
2026,08,31,RENAULT,CAPTUR,Private,ICE,Gasolina/Electrico,UKL1,REST,Standard,SAV,29,Málaga,"rombo sol 2002, s.l.u",72405039,high,official,1
2026,08,31,RENAULT,CAPTUR,Private,ICE,Gasolina/Electrico,UKL1,REST,Standard,SAV,29,Málaga,"talleres colorado, s.a.",72455000,high,official,1
2026,08,31,RENAULT,CAPTUR,Private,ICE,Gasolina/Electrico,UKL1,REST,Standard,SAV,30,Murcia,"automocion del noroeste, s.l",72405359,high,official,1
2026,08,31,RENAULT,CAPTUR,Private,ICE,Gasolina/Electrico,UKL1,REST,Standard,SAV,30,Murcia,"automocion del noroeste, s.l",72458901,high,official,1
2026,08,31,RENAULT,CAPTUR,Private,ICE,Gasolina/Electrico,UKL1,REST,Standard,SAV,30,Murcia,"automociones ureña, s.l.",72459013,high,official,1
2026,08,31,RENAULT,CAPTUR,Private,ICE,Gasolina/Electrico,UKL1,REST,Standard,SAV,30,Murcia,"herrero y lopez, s.a.",72405415,high,official,1
2026,08,31,RENAULT,CAPTUR,Private,ICE,Gasolina/Electrico,UKL1,REST,Standard,SAV,30,Murcia,"herrero y lopez, s.a.",72405416,high,official,1
2026,08,31,RENAULT,CAPTUR,Private,ICE,Gasolina/Electrico,UKL1,REST,Standard,SAV,31,Navarra,auto urbion s.l.,72422114,high,official,1
2026,08,31,RENAULT,CAPTUR,Private,ICE,Gasolina/Electrico,UKL1,REST,Standard,SAV,31,Navarra,"unsain, s.l.u.",72405035,high,official,3
2026,08,31,RENAULT,CAPTUR,Private,ICE,Gasolina/Electrico,UKL1,REST,Standard,SAV,33,Asturias,"garaje covadonga cangas de onis, s.l.",72423408,high,official,32
2026,08,31,RENAULT,CAPTUR,Private,ICE,Gasolina/Electrico,UKL1,REST,Standard,SAV,33,Asturias,"leomotor asturias, s.l.",72405168,high,official,1
2026,08,31,RENAULT,CAPTUR,Private,ICE,Gasolina/Electrico,UKL1,REST,Standard,SAV,33,Asturias,"suarez ibañez, s.l.",72405116,high,official,1
2026,08,31,RENAULT,CAPTUR,Private,ICE,Gasolina/Electrico,UKL1,REST,Standard,SAV,34,Palencia,"vicauto, s.a.u",72424100,high,official,1
2026,08,31,RENAULT,CAPTUR,Private,ICE,Gasolina/Electrico,UKL1,REST,Standard,SAV,35,Las Palmas,"caetano formula canarias, s.l.",72405493,medium,official,1
2026,08,31,RENAULT,CAPTUR,Private,ICE,Gasolina/Electrico,UKL1,REST,Standard,SAV,35,Las Palmas,"juan toledo, s.l.",72481000,high,official,1
2026,08,31,RENAULT,CAPTUR,Private,ICE,Gasolina/Electrico,UKL1,REST,Standard,SAV,37,Salamanca,"auto salamanca cars, s.l.",72405460,high,official,1
2026,08,31,RENAULT,CAPTUR,Private,ICE,Gasolina/Electrico,UKL1,REST,Standard,SAV,38,S.C. Tenerife,arautava motor s.l.,72405380,high,official,1
2026,08,31,RENAULT,CAPTUR,Private,ICE,Gasolina/Electrico,UKL1,REST,Standard,SAV,38,S.C. Tenerife,arautava motor s.l.,72405380,medium,official,1
2026,08,31,RENAULT,CAPTUR,Private,ICE,Gasolina/Electrico,UKL1,REST,Standard,SAV,38,S.C. Tenerife,"motor ari, s.a.",72405269,high,official,1
2026,08,31,RENAULT,CAPTUR,Private,ICE,Gasolina/Electrico,UKL1,REST,Standard,SAV,38,S.C. Tenerife,"motor ari, s.a.",72405304,high,official,1
2026,08,31,RENAULT,CAPTUR,Private,ICE,Gasolina/Electrico,UKL1,REST,Standard,SAV,41,Sevilla,"fornault, s.l.",72405203,high,official,2
2026,08,31,RENAULT,CAPTUR,Private,ICE,Gasolina/Electrico,UKL1,REST,Standard,SAV,45,Toledo,"aries toledo-talavera, s.l.",72416300,medium,official,1
2026,08,31,RENAULT,CAPTUR,Private,ICE,Gasolina/Electrico,UKL1,REST,Standard,SAV,45,Toledo,"aries toledo-talavera, s.l.",72419600,high,official,1
2026,08,31,RENAULT,CAPTUR,Private,ICE,Gasolina/Electrico,UKL1,REST,Standard,SAV,46,Valencia,"ginestar automocion, s.l.u. (alcira",72405276,high,official,1
2026,08,31,RENAULT,CAPTUR,Private,ICE,Gasolina/Electrico,UKL1,REST,Standard,SAV,46,Valencia,"ginestar automocion, s.l.u. (alcira",72405276,medium,official,1
2026,08,31,RENAULT,CAPTUR,Private,ICE,Gasolina/Electrico,UKL1,REST,Standard,SAV,48,Bizkaia,"gaursa autoak, s.l.u.",72405287,high,official,1
2026,08,31,RENAULT,CAPTUR,Private,ICE,Gasolina/Electrico,UKL1,REST,Standard,SAV,49,Zamora,"leomotor asturias, s.l.",72405490,high,official,1
2026,08,31,RENAULT,CLIO,Private,ICE,Gasolina/Electrico,UKL1,REST,Standard,HACH 5P,01,Álava,"arabauto motor,s.l.u",72405315,high,official,2
2026,08,31,RENAULT,CLIO,Private,ICE,Gasolina/Electrico,UKL1,REST,Standard,HACH 5P,03,Alicante,"herrero y lopez, s.a.",72405416,high,official,1
2026,08,31,RENAULT,CLIO,Private,ICE,Gasolina/Electrico,UKL1,REST,Standard,HACH 5P,03,Alicante,"talleres blas serna, s.a.",72437700,high,official,1
2026,08,31,RENAULT,CLIO,Private,ICE,Gasolina/Electrico,UKL1,REST,Standard,HACH 5P,04,Almería,"syrsa automocion, s.l.",72405317,high,official,6
2026,08,31,RENAULT,CLIO,Private,ICE,Gasolina/Electrico,UKL1,REST,Standard,HACH 5P,04,Almería,"syrsa automocion, s.l.",72405322,high,official,1
2026,08,31,RENAULT,CLIO,Private,ICE,Gasolina/Electrico,UKL1,REST,Standard,HACH 5P,06,Badajoz,"marcesa servicios, s.a.",72457400,high,official,1
2026,08,31,RENAULT,CLIO,Private,ICE,Gasolina/Electrico,UKL1,REST,Standard,HACH 5P,09,Burgos,"autovican, s.l.",72405343,high,official,1
2026,08,31,RENAULT,CLIO,Private,ICE,Gasolina/Electrico,UKL1,REST,Standard,HACH 5P,10,Cáceres,"marcesa servicios, s.a.",72457700,high,official,2
2026,08,31,RENAULT,CLIO,Private,ICE,Gasolina/Electrico,UKL1,REST,Standard,HACH 5P,11,Cádiz,"caetano formula cadiz, s.l.u",72405228,high,official,1
2026,08,31,RENAULT,CLIO,Private,ICE,Gasolina/Electrico,UKL1,REST,Standard,HACH 5P,11,Cádiz,"caetano formula cadiz, s.l.u",72405264,high,official,4
2026,08,31,RENAULT,CLIO,Private,ICE,Gasolina/Electrico,UKL1,REST,Standard,HACH 5P,12,Castellón,"talleres boix, s.l.",72438810,medium,official,1
2026,08,31,RENAULT,CLIO,Private,ICE,Gasolina/Electrico,UKL1,REST,Standard,HACH 5P,13,Ciudad Real,"aries ciudad real, s.l.",72412700,high,official,1
2026,08,31,RENAULT,CLIO,Private,ICE,Gasolina/Electrico,UKL1,REST,Standard,HACH 5P,13,Ciudad Real,"automoviles roman sanchez, s.l.",72405417,high,official,1
2026,08,31,RENAULT,CLIO,Private,ICE,Gasolina/Electrico,UKL1,REST,Standard,HACH 5P,14,Córdoba,"mezquita motor, s.l. unipersonal",72405434,medium,official,1
2026,08,31,RENAULT,CLIO,Private,ICE,Gasolina/Electrico,UKL1,REST,Standard,HACH 5P,14,Córdoba,"nodiauto, s.l.",72405505,high,official,1
2026,08,31,RENAULT,CLIO,Private,ICE,Gasolina/Electrico,UKL1,REST,Standard,HACH 5P,15,A Coruña,"caetano formula galicia, s.l.u",72405435,high,official,1
2026,08,31,RENAULT,CLIO,Private,ICE,Gasolina/Electrico,UKL1,REST,Standard,HACH 5P,15,A Coruña,"caetano formula galicia, s.l.u",72405438,high,official,2
2026,08,31,RENAULT,CLIO,Private,ICE,Gasolina/Electrico,UKL1,REST,Standard,HACH 5P,16,Cuenca,"automoviles audasa, s.l.",72405459,high,official,2
2026,08,31,RENAULT,CLIO,Private,ICE,Gasolina/Electrico,UKL1,REST,Standard,HACH 5P,17,Girona,"intercargirona.s,l",72405408,high,official,1
2026,08,31,RENAULT,CLIO,Private,ICE,Gasolina/Electrico,UKL1,REST,Standard,HACH 5P,18,Granada,"japemasa solar, s.l",72405353,high,official,1
2026,08,31,RENAULT,CLIO,Private,ICE,Gasolina/Electrico,UKL1,REST,Standard,HACH 5P,18,Granada,"japemasa solar, s.l",72405360,high,official,1
2026,08,31,RENAULT,CLIO,Private,ICE,Gasolina/Electrico,UKL1,REST,Standard,HACH 5P,23,Jaén,"japemasa solar, s.l",72405349,high,official,1
2026,08,31,RENAULT,CLIO,Private,ICE,Gasolina/Electrico,UKL1,REST,Standard,HACH 5P,24,León,"leomotor asturias, s.l.",72405490,high,official,2
2026,08,31,RENAULT,CLIO,Private,ICE,Gasolina/Electrico,UKL1,REST,Standard,HACH 5P,24,León,"leomovil, s.l.",72423617,high,official,1
2026,08,31,RENAULT,CLIO,Private,ICE,Gasolina/Electrico,UKL1,REST,Standard,HACH 5P,25,Lleida,"autansa 3000,s.l.u.",72405179,high,official,3
2026,08,31,RENAULT,CLIO,Private,ICE,Gasolina/Electrico,UKL1,REST,Standard,HACH 5P,29,Málaga,"rombo sol 2002, s.l.u",72405040,high,official,1
2026,08,31,RENAULT,CLIO,Private,ICE,Gasolina/Electrico,UKL1,REST,Standard,HACH 5P,30,Murcia,"herrero y lopez, s.a.",72405415,high,official,8
2026,08,31,RENAULT,CLIO,Private,ICE,Gasolina/Electrico,UKL1,REST,Standard,HACH 5P,30,Murcia,"herrero y lopez, s.a.",72405416,high,official,3
2026,08,31,RENAULT,CLIO,Private,ICE,Gasolina/Electrico,UKL1,REST,Standard,HACH 5P,31,Navarra,"unsain, s.l.u.",72405035,high,official,1
2026,08,31,RENAULT,CLIO,Private,ICE,Gasolina/Electrico,UKL1,REST,Standard,HACH 5P,33,Asturias,"garaje covadonga cangas de onis, s.l.",72423408,high,official,1
2026,08,31,RENAULT,CLIO,Private,ICE,Gasolina/Electrico,UKL1,REST,Standard,HACH 5P,33,Asturias,"norte motor,s.l.",72405239,high,official,1
2026,08,31,RENAULT,CLIO,Private,ICE,Gasolina/Electrico,UKL1,REST,Standard,HACH 5P,35,Las Palmas,"caetano formula canarias, s.l.",72405493,high,official,1
2026,08,31,RENAULT,CLIO,Private,ICE,Gasolina/Electrico,UKL1,REST,Standard,HACH 5P,36,Pontevedra,"motor flores, s.l.",72417601,medium,official,1
2026,08,31,RENAULT,CLIO,Private,ICE,Gasolina/Electrico,UKL1,REST,Standard,HACH 5P,37,Salamanca,"auto salamanca cars, s.l.",72405460,high,official,2
2026,08,31,RENAULT,CLIO,Private,ICE,Gasolina/Electrico,UKL1,REST,Standard,HACH 5P,38,S.C. Tenerife,"motor ari, s.a.",72405269,high,official,2
2026,08,31,RENAULT,CLIO,Private,ICE,Gasolina/Electrico,UKL1,REST,Standard,HACH 5P,38,S.C. Tenerife,"motor ari, s.a.",72405304,high,official,2
2026,08,31,RENAULT,CLIO,Private,ICE,Gasolina/Electrico,UKL1,REST,Standard,HACH 5P,39,Cantabria,"vidal de la peña automoviles, s.l.",72405041,high,official,2
2026,08,31,RENAULT,CLIO,Private,ICE,Gasolina/Electrico,UKL1,REST,Standard,HACH 5P,39,Cantabria,"vidal de la peña automoviles, s.l.",72405042,high,official,2
2026,08,31,RENAULT,CLIO,Private,ICE,Gasolina/Electrico,UKL1,REST,Standard,HACH 5P,39,Cantabria,"vidal de la peña automoviles, s.l.",72405043,high,official,1
2026,08,31,RENAULT,CLIO,Private,ICE,Gasolina/Electrico,UKL1,REST,Standard,HACH 5P,41,Sevilla,"guadaira movil 2001, s.l",72405338,high,official,2
2026,08,31,RENAULT,CLIO,Private,ICE,Gasolina/Electrico,UKL1,REST,Standard,HACH 5P,41,Sevilla,"hijos de j. cerrato, s.a.",72454500,high,official,1
2026,08,31,RENAULT,CLIO,Private,ICE,Gasolina/Electrico,UKL1,REST,Standard,HACH 5P,43,Tarragona,"oliva motor rd tarragona, s.l.u.",72405523,high,official,3
2026,08,31,RENAULT,CLIO,Private,ICE,Gasolina/Electrico,UKL1,REST,Standard,HACH 5P,45,Toledo,"aries toledo-talavera, s.l.",72405160,high,official,1
2026,08,31,RENAULT,CLIO,Private,ICE,Gasolina/Electrico,UKL1,REST,Standard,HACH 5P,45,Toledo,"aries toledo-talavera, s.l.",72419600,high,official,4
2026,08,31,RENAULT,CLIO,Private,ICE,Gasolina/Electrico,UKL1,REST,Standard,HACH 5P,45,Toledo,"auto martin-andino, s.l.",72419800,high,official,2
2026,08,31,RENAULT,CLIO,Private,ICE,Gasolina/Electrico,UKL1,REST,Standard,HACH 5P,45,Toledo,"vegue industrial, s.l.",72405172,high,official,1
2026,08,31,RENAULT,CLIO,Private,ICE,Gasolina/Electrico,UKL1,REST,Standard,HACH 5P,46,Valencia,"ginestar automocion, s.l.u. (alcira",72405276,high,official,1
2026,08,31,RENAULT,CLIO,Private,ICE,Gasolina/Electrico,UKL1,REST,Standard,HACH 5P,46,Valencia,"talleres ginestar, s.l.u.",72405169,high,official,3
2026,08,31,RENAULT,CLIO,Private,ICE,Gasolina/Electrico,UKL1,REST,Standard,HACH 5P,48,Bizkaia,"gaursa autoak, s.l.u.",72405287,high,official,3
2026,08,31,RENAULT,CLIO,Private,ICE,Gasolina/Electrico,UKL1,REST,Standard,HACH 5P,49,Zamora,"leomovil, s.l.",72405467,high,official,1
2026,08,31,RENAULT,CLIO,Private,ICE,Gasolina/Electrico,UKL1,REST,Standard,HACH 5P,50,Zaragoza,"automoviles delpon, s.l.",72430639,high,official,1
2026,08,31,RENAULT,ESPACE,Private,ICE,Gasolina/Electrico,KKL,REST,Standard,SAV,11,Cádiz,"caetano formula cadiz, s.l.u",72405265,high,official,2
2026,08,31,RENAULT,ESPACE,Private,ICE,Gasolina/Electrico,KKL,REST,Standard,SAV,29,Málaga,"rombo sol 2002, s.l.u",72405040,high,official,1
2026,08,31,RENAULT,ESPACE,Private,ICE,Gasolina/Electrico,KKL,REST,Standard,SAV,37,Salamanca,"auto salamanca cars, s.l.",72405460,high,official,1
2026,08,31,RENAULT,KANGOO,Private,BEV,Gasolina,SKL,REST,Standard,TRANSPORTER,08,Barcelona,solé fabrega automocio i serveis s.l.,72405440,high,official,1
2026,08,31,RENAULT,KANGOO,Private,BEV,Gasolina,SKL,REST,Standard,TRANSPORTER,49,Zamora,"leomotor asturias, s.l.",72405490,high,official,1
2026,08,31,RENAULT,KANGOO,Private,ICE,Gasolina,SKL,REST,Standard,TRANSPORTER,06,Badajoz,"marcesa servicios, s.a.",72457509,high,official,1
2026,08,31,RENAULT,KANGOO,Private,ICE,Gasolina,SKL,REST,Standard,TRANSPORTER,06,Badajoz,"marcesa servicios, s.a.",72457509,medium,official,1
2026,08,31,RENAULT,KANGOO,Private,ICE,Gasolina,SKL,REST,Standard,TRANSPORTER,07,Baleares,"autos socias perello, s.l.",72405247,high,official,1
2026,08,31,RENAULT,KANGOO,Private,ICE,Gasolina,SKL,REST,Standard,TRANSPORTER,08,Barcelona,comercial marti s.a.,72405384,high,official,1
2026,08,31,RENAULT,KANGOO,Private,ICE,Gasolina,SKL,REST,Standard,TRANSPORTER,13,Ciudad Real,"aries ciudad real, s.l.",72418900,medium,official,1
2026,08,31,RENAULT,KANGOO,Private,ICE,Gasolina,SKL,REST,Standard,TRANSPORTER,19,Guadalajara,"autocarpe concesionario, s.l.",72405104,high,official,1
2026,08,31,RENAULT,KANGOO,Private,ICE,Gasolina,SKL,REST,Standard,TRANSPORTER,30,Murcia,"diego garcia cayuela, s.l.",72459102,high,official,1
2026,08,31,RENAULT,KANGOO,Private,ICE,Gasolina,SKL,REST,Standard,TRANSPORTER,30,Murcia,"herrero y lopez, s.a.",72405416,high,official,1
2026,08,31,RENAULT,KANGOO,Private,ICE,Gasolina,SKL,REST,Standard,TRANSPORTER,32,Ourense,"talleres piorasa, s.a.",72412626,high,official,1
2026,08,31,RENAULT,KANGOO,Private,ICE,Gasolina,SKL,REST,Standard,TRANSPORTER,49,Zamora,"leomovil, s.l.",72405467,high,official,1
2026,08,31,RENAULT,MASTER,Private,ICE,Electrico,SKL,REST,Standard,TRANSPORTER,04,Almería,"juan enrique, s.l.",72450505,high,official,1
2026,08,31,RENAULT,MASTER,Private,ICE,Electrico,SKL,REST,Standard,TRANSPORTER,06,Badajoz,"marcesa servicios, s.a.",72457500,high,official,1
2026,08,31,RENAULT,MASTER,Private,ICE,Electrico,SKL,REST,Standard,TRANSPORTER,10,Cáceres,"marcesa servicios, s.a.",72457509,high,official,1
2026,08,31,RENAULT,MASTER,Private,ICE,Electrico,SKL,REST,Standard,TRANSPORTER,18,Granada,"japemasa solar, s.l",72405353,high,official,1
2026,08,31,RENAULT,MASTER,Private,ICE,Electrico,SKL,REST,Standard,TRANSPORTER,38,S.C. Tenerife,"motor ari, s.a.",72405304,high,official,2
2026,08,31,RENAULT,MEGANE,Private,BEV,Gasolina,UKL2,REST,Standard,HACH 5P,31,Navarra,"unsain, s.l.u.",72405035,high,official,1
2026,08,31,RENAULT,RAFALE,Private,ICE,Gasolina/Electrico Enchufable,UKL2,REST,Standard,SAV,02,Albacete,"automaor, s.l",72405388,high,official,1
2026,08,31,RENAULT,RAFALE,Private,ICE,Gasolina/Electrico Enchufable,UKL2,REST,Standard,SAV,03,Alicante,"japemasa solar, s.l",72405424,high,official,1
2026,08,31,RENAULT,RAFALE,Private,ICE,Gasolina/Electrico Enchufable,UKL2,REST,Standard,SAV,25,Lleida,"les, s.l.",72431600,high,official,1
2026,08,31,RENAULT,RAFALE,Private,PHEV,Gasolina/Electrico Enchufable,UKL2,REST,Standard,SAV,03,Alicante,"talleres blas serna, s.a.",72437700,high,official,1
2026,08,31,RENAULT,RAFALE,Private,PHEV,Gasolina/Electrico Enchufable,UKL2,REST,Standard,SAV,27,Lugo,"talleres mecanicos pardo, s.l.",72405140,high,official,2
2026,08,31,RENAULT,RAFALE,Private,PHEV,Gasolina/Electrico Enchufable,UKL2,REST,Standard,SAV,33,Asturias,"norte motor,s.l.",72405239,high,official,2
2026,08,31,RENAULT,SCENIC,Private,BEV,Electrico,UKL2,REST,Standard,MPV,33,Asturias,"norte motor,s.l.",72405239,high,official,1
2026,08,31,RENAULT,SCENIC,Private,BEV,Electrico,UKL2,REST,Standard,MPV,34,Palencia,"vicauto, s.a.u",72424100,high,official,1
2026,08,31,RENAULT,SCENIC,Private,BEV,Electrico,UKL2,REST,Standard,MPV,38,S.C. Tenerife,arautava motor s.l.,72405380,high,official,1
2026,08,31,RENAULT,SCENIC,Private,BEV,Electrico,UKL2,REST,Standard,MPV,43,Tarragona,"oliva motor rd tarragona, s.l.u.",72405523,high,official,1
2026,08,31,RENAULT,SYMBIOZ,Private,ICE,Gasolina/Electrico,UKL1,REST,Standard,SAV,02,Albacete,"automaor, s.l",72405388,high,official,1
2026,08,31,RENAULT,SYMBIOZ,Private,ICE,Gasolina/Electrico,UKL1,REST,Standard,SAV,03,Alicante,"talleres blas serna, s.a.",72437700,high,official,1
2026,08,31,RENAULT,SYMBIOZ,Private,ICE,Gasolina/Electrico,UKL1,REST,Standard,SAV,05,Ávila,"auto salamanca cars, s.l.",72405463,medium,official,1
2026,08,31,RENAULT,SYMBIOZ,Private,ICE,Gasolina/Electrico,UKL1,REST,Standard,SAV,11,Cádiz,"caetano formula cadiz, s.l.u",72405264,high,official,1
2026,08,31,RENAULT,SYMBIOZ,Private,ICE,Gasolina/Electrico,UKL1,REST,Standard,SAV,13,Ciudad Real,"magestomotor, s.l.",72405002,medium,official,1
2026,08,31,RENAULT,SYMBIOZ,Private,ICE,Gasolina/Electrico,UKL1,REST,Standard,SAV,30,Murcia,"automocion del noroeste, s.l",72405359,high,official,1
2026,08,31,RENAULT,SYMBIOZ,Private,ICE,Gasolina/Electrico,UKL1,REST,Standard,SAV,31,Navarra,"unsain, s.l.u.",72405035,high,official,1
2026,08,31,RENAULT,SYMBIOZ,Private,ICE,Gasolina/Electrico,UKL1,REST,Standard,SAV,32,Ourense,"talleres piorasa, s.a.",72412626,high,official,1
2026,08,31,RENAULT,SYMBIOZ,Private,ICE,Gasolina/Electrico,UKL1,REST,Standard,SAV,35,Las Palmas,"juan toledo, s.l.",72481000,high,official,1
2026,08,31,RENAULT,SYMBIOZ,Private,ICE,Gasolina/Electrico,UKL1,REST,Standard,SAV,37,Salamanca,"auto salamanca cars, s.l.",72405460,high,official,2
2026,08,31,RENAULT,SYMBIOZ,Private,ICE,Gasolina/Electrico,UKL1,REST,Standard,SAV,39,Cantabria,"vidal de la peña automoviles, s.l.",72405043,high,official,1
2026,08,31,RENAULT,SYMBIOZ,Private,ICE,Gasolina/Electrico,UKL1,REST,Standard,SAV,41,Sevilla,"hijos de j. cerrato, s.a.",72454500,high,official,1
2026,08,31,RENAULT,SYMBIOZ,Private,ICE,Gasolina/Electrico,UKL1,REST,Standard,SAV,43,Tarragona,"oliva motor rd tarragona, s.l.u.",72405523,high,official,1
2026,08,31,RENAULT,SYMBIOZ,Private,ICE,Gasolina/Electrico,UKL1,REST,Standard,SAV,45,Toledo,"aries toledo-talavera, s.l.",72416300,high,official,1
2026,08,31,RENAULT,SYMBIOZ,Private,ICE,Gasolina/Electrico,UKL1,REST,Standard,SAV,48,Bizkaia,"gaursa autoak, s.l.u.",72405287,high,official,1
2026,08,31,RENAULT,TRAFIC,Private,BEV,Electrico,SKL,REST,Standard,TRANSPORTER,24,León,"leomotor asturias, s.l.",72405490,high,official,1
2026,08,31,RENAULT,TRAFIC,Private,ICE,Electrico,SKL,REST,Standard,TRANSPORTER,32,Ourense,"talleres rodosa, s.l.",72405389,high,official,1
2026,08,31,RENAULT,TRAFIC,Private,ICE,Electrico,SKL,REST,Standard,TRANSPORTER,39,Cantabria,"vidal de la peña automoviles, s.l.",72405042,high,official,1
2026,08,31,RENAULT,TWINGO,Private,BEV,Electrico,UKL0,REST,Standard,HACH 5P,03,Alicante,"japemasa solar, s.l",72405424,high,official,1
2026,08,31,RENAULT,TWINGO,Private,BEV,Electrico,UKL0,REST,Standard,HACH 5P,08,Barcelona,comercial marti s.a.,72405384,high,official,1
2026,08,31,RENAULT,TWINGO,Private,BEV,Electrico,UKL0,REST,Standard,HACH 5P,09,Burgos,"autovican, s.l.",72405246,high,official,1
2026,08,31,RENAULT,TWINGO,Private,BEV,Electrico,UKL0,REST,Standard,HACH 5P,15,A Coruña,"caetano formula galicia, s.l.u",72405438,medium,official,1
2026,08,31,RENAULT,TWINGO,Private,BEV,Electrico,UKL0,REST,Standard,HACH 5P,35,Las Palmas,"motor ari, s.a.",72405109,high,official,2
2026,08,31,RENAULT,TWINGO,Private,BEV,Electrico,UKL0,REST,Standard,HACH 5P,46,Valencia,"ginestar automocion, s.l.u. (alcira",72405276,high,official,1
2026,08,31,RENAULT,TWINGO,Private,BEV,Electrico,UKL0,REST,Standard,HACH 5P,48,Bizkaia,"ekin autoak, s.a.l.",72405024,high,official,1
2026,08,31,SEAT,ARONA,Private,ICE,Gasolina,UKL1,REST,Standard,SAV,03,Alicante,hugo motor,00449R,high,official,1
2026,08,31,SEAT,ARONA,Private,ICE,Gasolina,UKL1,REST,Standard,SAV,04,Almería,navarro segura,03930D,high,official,1
2026,08,31,SEAT,ARONA,Private,ICE,Gasolina,UKL1,REST,Standard,SAV,08,Barcelona,martorell motor,00615R,medium,official,1
2026,08,31,SEAT,ARONA,Private,ICE,Gasolina,UKL1,REST,Standard,SAV,11,Cádiz,automocion terry,00614R,high,official,2
2026,08,31,SEAT,ARONA,Private,ICE,Gasolina,UKL1,REST,Standard,SAV,11,Cádiz,automocion terry,00614R,medium,official,1
2026,08,31,SEAT,ARONA,Private,ICE,Gasolina,UKL1,REST,Standard,SAV,13,Ciudad Real,comatur,00609R,medium,official,1
2026,08,31,SEAT,ARONA,Private,ICE,Gasolina,UKL1,REST,Standard,SAV,15,A Coruña,compostela motor,03729D,high,official,1
2026,08,31,SEAT,ARONA,Private,ICE,Gasolina,UKL1,REST,Standard,SAV,23,Jaén,savoy,03908D,high,official,1
2026,08,31,SEAT,ARONA,Private,ICE,Gasolina,UKL1,REST,Standard,SAV,25,Lleida,dalmau motor,03263D,high,official,1
2026,08,31,SEAT,ARONA,Private,ICE,Gasolina,UKL1,REST,Standard,SAV,29,Málaga,automoviles rueda,00567R,high,official,1
2026,08,31,SEAT,ARONA,Private,ICE,Gasolina,UKL1,REST,Standard,SAV,32,Ourense,copersa,03743D,high,official,2
2026,08,31,SEAT,ARONA,Private,ICE,Gasolina,UKL1,REST,Standard,SAV,37,Salamanca,seauto,03665D,medium,official,1
2026,08,31,SEAT,ARONA,Private,ICE,Gasolina,UKL1,REST,Standard,SAV,38,S.C. Tenerife,motor 7 islas,00547R,high,official,3
2026,08,31,SEAT,ARONA,Private,ICE,Gasolina,UKL1,REST,Standard,SAV,38,S.C. Tenerife,motor 7 islas,00628R,high,official,3
2026,08,31,SEAT,ARONA,Private,ICE,Gasolina,UKL1,REST,Standard,SAV,38,S.C. Tenerife,motor 7 islas,80119D,high,official,1
2026,08,31,SEAT,ARONA,Private,ICE,Gasolina,UKL1,REST,Standard,SAV,40,Segovia,noauto segovia,03179D,high,official,1
2026,08,31,SEAT,ARONA,Private,ICE,Gasolina,UKL1,REST,Standard,SAV,46,Valencia,miferauto,00619R,high,official,1
2026,08,31,SEAT,ATECA,Private,ICE,Gasolina,UKL2,REST,Standard,SAT,03,Alicante,serrauto,03340D,high,official,1
2026,08,31,SEAT,ATECA,Private,ICE,Gasolina,UKL2,REST,Standard,SAT,11,Cádiz,automocion terry,00614R,high,official,1
2026,08,31,SEAT,ATECA,Private,ICE,Gasolina,UKL2,REST,Standard,SAT,11,Cádiz,automocion terry,0344KD,high,official,2
2026,08,31,SEAT,ATECA,Private,ICE,Gasolina,UKL2,REST,Standard,SAT,11,Cádiz,automocion terry,0344KD,medium,official,1
2026,08,31,SEAT,ATECA,Private,ICE,Gasolina,UKL2,REST,Standard,SAT,18,Granada,tropiauto motril,03953D,high,official,1
2026,08,31,SEAT,ATECA,Private,ICE,Gasolina,UKL2,REST,Standard,SAT,29,Málaga,autos bellamar,00577R,high,official,1
2026,08,31,SEAT,ATECA,Private,ICE,Gasolina,UKL2,REST,Standard,SAT,36,Pontevedra,copervi,03764D,high,official,2
2026,08,31,SEAT,ATECA,Private,ICE,Gasolina,UKL2,REST,Standard,SAT,38,S.C. Tenerife,motor 7 islas,00547R,high,official,1
2026,08,31,SEAT,ATECA,Private,ICE,Gasolina,UKL2,REST,Standard,SAT,39,Cantabria,besauto,03566D,high,official,2
2026,08,31,SEAT,IBIZA,Private,ICE,Gasolina,UKL1,REST,Standard,HACH 5P,01,Álava,lendiz motor,03597D,high,official,1
2026,08,31,SEAT,IBIZA,Private,ICE,Gasolina,UKL1,REST,Standard,HACH 5P,03,Alicante,sala marina,00426R,high,official,1
2026,08,31,SEAT,IBIZA,Private,ICE,Gasolina,UKL1,REST,Standard,HACH 5P,04,Almería,indalo motor,00548R,high,official,1
2026,08,31,SEAT,IBIZA,Private,ICE,Gasolina,UKL1,REST,Standard,HACH 5P,07,Baleares,motor illes,00626R,high,official,1
2026,08,31,SEAT,IBIZA,Private,ICE,Gasolina,UKL1,REST,Standard,HACH 5P,08,Barcelona,martorell motor,00615R,high,official,1
2026,08,31,SEAT,IBIZA,Private,ICE,Gasolina,UKL1,REST,Standard,HACH 5P,09,Burgos,lendiz motor,03597D,high,official,1
2026,08,31,SEAT,IBIZA,Private,ICE,Gasolina,UKL1,REST,Standard,HACH 5P,10,Cáceres,gedauto car,00587R,medium,official,1
2026,08,31,SEAT,IBIZA,Private,ICE,Gasolina,UKL1,REST,Standard,HACH 5P,11,Cádiz,automocion terry,00614R,high,official,5
2026,08,31,SEAT,IBIZA,Private,ICE,Gasolina,UKL1,REST,Standard,HACH 5P,11,Cádiz,automocion terry,0344KD,high,official,3
2026,08,31,SEAT,IBIZA,Private,ICE,Gasolina,UKL1,REST,Standard,HACH 5P,11,Cádiz,automocion terry,0344KD,medium,official,1
2026,08,31,SEAT,IBIZA,Private,ICE,Gasolina,UKL1,REST,Standard,HACH 5P,15,A Coruña,marineda motor,00581R,high,official,1
2026,08,31,SEAT,IBIZA,Private,ICE,Gasolina,UKL1,REST,Standard,HACH 5P,18,Granada,talleres bonachera,00051R,high,official,1
2026,08,31,SEAT,IBIZA,Private,ICE,Gasolina,UKL1,REST,Standard,HACH 5P,18,Granada,vigilsa,03913D,high,official,1
2026,08,31,SEAT,IBIZA,Private,ICE,Gasolina,UKL1,REST,Standard,HACH 5P,20,Gipuzkoa,lugaritz,00597R,high,official,1
2026,08,31,SEAT,IBIZA,Private,ICE,Gasolina,UKL1,REST,Standard,HACH 5P,21,Huelva,huelva motor,03476D,high,official,1
2026,08,31,SEAT,IBIZA,Private,ICE,Gasolina,UKL1,REST,Standard,HACH 5P,27,Lugo,copersa,00634R,high,official,1
2026,08,31,SEAT,IBIZA,Private,ICE,Gasolina,UKL1,REST,Standard,HACH 5P,29,Málaga,autos bellamar,00577R,high,official,1
2026,08,31,SEAT,IBIZA,Private,ICE,Gasolina,UKL1,REST,Standard,HACH 5P,32,Ourense,copersa,03743D,high,official,1
2026,08,31,SEAT,IBIZA,Private,ICE,Gasolina,UKL1,REST,Standard,HACH 5P,35,Las Palmas,orvecame,00586R,high,official,1
2026,08,31,SEAT,IBIZA,Private,ICE,Gasolina,UKL1,REST,Standard,HACH 5P,35,Las Palmas,orvecame,00590R,high,official,1
2026,08,31,SEAT,IBIZA,Private,ICE,Gasolina,UKL1,REST,Standard,HACH 5P,36,Pontevedra,copervi,00620R,high,official,1
2026,08,31,SEAT,IBIZA,Private,ICE,Gasolina,UKL1,REST,Standard,HACH 5P,37,Salamanca,seauto,03665D,medium,official,1
2026,08,31,SEAT,IBIZA,Private,ICE,Gasolina,UKL1,REST,Standard,HACH 5P,39,Cantabria,besauto,03566D,high,official,1
2026,08,31,SEAT,IBIZA,Private,ICE,Gasolina,UKL1,REST,Standard,HACH 5P,39,Cantabria,besauto,03566D,medium,official,1
2026,08,31,SEAT,IBIZA,Private,ICE,Gasolina,UKL1,REST,Standard,HACH 5P,41,Sevilla,automocion terry,03415D,high,official,1
2026,08,31,SEAT,IBIZA,Private,ICE,Gasolina,UKL1,REST,Standard,HACH 5P,46,Valencia,miferauto,00619R,high,official,1
2026,08,31,SEAT,IBIZA,Private,ICE,Gasolina,UKL1,REST,Standard,HACH 5P,52,Melilla,joverauto,80091D,high,official,1
2026,08,31,SEAT,LEON,Private,ICE,Gasolina/Electrico Enchufable,UKL2,REST,Standard,HACH 5P,03,Alicante,miferauto,00616R,high,official,1
2026,08,31,SEAT,LEON,Private,ICE,Gasolina/Electrico Enchufable,UKL2,REST,Standard,HACH 5P,09,Burgos,lendiz motor,03597D,high,official,1
2026,08,31,SEAT,LEON,Private,ICE,Gasolina/Electrico Enchufable,UKL2,REST,Standard,HACH 5P,10,Cáceres,gedauto car,00587R,high,official,1
2026,08,31,SEAT,LEON,Private,ICE,Gasolina/Electrico Enchufable,UKL2,REST,Standard,HACH 5P,11,Cádiz,automocion terry,00614R,high,official,1
2026,08,31,SEAT,LEON,Private,ICE,Gasolina/Electrico Enchufable,UKL2,REST,Standard,HACH 5P,11,Cádiz,automocion terry,0344KD,high,official,1
2026,08,31,SEAT,LEON,Private,ICE,Gasolina/Electrico Enchufable,UKL2,REST,Standard,HACH 5P,11,Cádiz,turial,0344CD,high,official,1
2026,08,31,SEAT,LEON,Private,ICE,Gasolina/Electrico Enchufable,UKL2,REST,Standard,HACH 5P,16,Cuenca,comatur,00609R,medium,official,1
2026,08,31,SEAT,LEON,Private,ICE,Gasolina/Electrico Enchufable,UKL2,REST,Standard,HACH 5P,23,Jaén,savoy,00052R,high,official,1
2026,08,31,SEAT,LEON,Private,ICE,Gasolina/Electrico Enchufable,UKL2,REST,Standard,HACH 5P,30,Murcia,gines huertas cervantes,03389D,high,official,1
2026,08,31,SEAT,LEON,Private,ICE,Gasolina/Electrico Enchufable,UKL2,REST,Standard,HACH 5P,40,Segovia,noauto segovia,03179D,high,official,1
2026,08,31,SEAT,LEON,Private,ICE,Gasolina/Electrico Enchufable,UKL2,REST,Standard,HACH 5P,41,Sevilla,automocion terry,03415D,high,official,1
2026,08,31,SEAT,LEON,Private,ICE,Gasolina/Electrico Enchufable,UKL2,REST,Standard,HACH 5P,43,Tarragona,baycar,00541R,high,official,1
2026,08,31,SEAT,LEON,Private,PHEV,Gasolina/Electrico Enchufable,UKL2,REST,Standard,HACH 5P,25,Lleida,dalmau motor,03263D,high,official,1
2026,08,31,TESLA,MODEL 3,Private,BEV,Electrico,KKL,FOCUS SEGMENT,Standard,SEDAN,03,Alicante,center alicante,TESLA CENTER ALICANTE,medium,official,1
2026,08,31,TESLA,MODEL 3,Private,BEV,Electrico,KKL,FOCUS SEGMENT,Standard,SEDAN,03,Alicante,center valencia,TESLA CENTER VALENCIA,medium,official,1
2026,08,31,TESLA,MODEL 3,Private,BEV,Electrico,KKL,FOCUS SEGMENT,Standard,SEDAN,03,Alicante,murcia,TESLA MURCIA,high,official,1
2026,08,31,TESLA,MODEL 3,Private,BEV,Electrico,KKL,FOCUS SEGMENT,Standard,SEDAN,07,Baleares,center mallorca,TESLA CENTER MALLORCA,high,official,1
2026,08,31,TESLA,MODEL 3,Private,BEV,Electrico,KKL,FOCUS SEGMENT,Standard,SEDAN,08,Barcelona,barcelona sarrià-sant gervasi,TESLA BARCELONA SARRIA SANT GERVASI,high,official,4
2026,08,31,TESLA,MODEL 3,Private,BEV,Electrico,KKL,FOCUS SEGMENT,Standard,SEDAN,08,Barcelona,barcelona-sabadell,TESLA BARCELONA SABADELL,high,official,5
2026,08,31,TESLA,MODEL 3,Private,BEV,Electrico,KKL,FOCUS SEGMENT,Standard,SEDAN,08,Barcelona,barcelona-sabadell,TESLA BARCELONA SABADELL,medium,official,5
2026,08,31,TESLA,MODEL 3,Private,BEV,Electrico,KKL,FOCUS SEGMENT,Standard,SEDAN,11,Cádiz,center sevilla,TESLA CENTER SEVILLA,medium,official,1
2026,08,31,TESLA,MODEL 3,Private,BEV,Electrico,KKL,FOCUS SEGMENT,Standard,SEDAN,17,Girona,barcelona-sabadell,TESLA BARCELONA SABADELL,medium,official,2
2026,08,31,TESLA,MODEL 3,Private,BEV,Electrico,KKL,FOCUS SEGMENT,Standard,SEDAN,22,Huesca,center tarragona - reus,TESLA CENTER TARRAGONA REUS,medium,official,1
2026,08,31,TESLA,MODEL 3,Private,BEV,Electrico,KKL,FOCUS SEGMENT,Standard,SEDAN,25,Lleida,center tarragona - reus,TESLA CENTER TARRAGONA REUS,medium,official,3
2026,08,31,TESLA,MODEL 3,Private,BEV,Electrico,KKL,FOCUS SEGMENT,Standard,SEDAN,28,Madrid,center madrid alcobendas,TESLA CENTER MADRID ALCOBENDAS,medium,official,1
2026,08,31,TESLA,MODEL 3,Private,BEV,Electrico,KKL,FOCUS SEGMENT,Standard,SEDAN,28,Madrid,center madrid fuenlabrada,TESLA CENTER MADRID FUENLABRADA,high,official,5
2026,08,31,TESLA,MODEL 3,Private,BEV,Electrico,KKL,FOCUS SEGMENT,Standard,SEDAN,29,Málaga,center málaga,TESLA CENTER MALAGA,high,official,1
2026,08,31,TESLA,MODEL 3,Private,BEV,Electrico,KKL,FOCUS SEGMENT,Standard,SEDAN,30,Murcia,murcia,TESLA MURCIA,medium,official,1
2026,08,31,TESLA,MODEL 3,Private,BEV,Electrico,KKL,FOCUS SEGMENT,Standard,SEDAN,41,Sevilla,center sevilla,TESLA CENTER SEVILLA,high,official,2
2026,08,31,TESLA,MODEL 3,Private,BEV,Electrico,KKL,FOCUS SEGMENT,Standard,SEDAN,43,Tarragona,center tarragona - reus,TESLA CENTER TARRAGONA REUS,high,official,9
2026,08,31,TESLA,MODEL 3,Private,BEV,Electrico,KKL,FOCUS SEGMENT,Standard,SEDAN,45,Toledo,center madrid fuenlabrada,TESLA CENTER MADRID FUENLABRADA,high,official,1
2026,08,31,TESLA,MODEL 3,Private,BEV,Electrico,KKL,FOCUS SEGMENT,Standard,SEDAN,46,Valencia,center eliana,TESLA CENTER ELIANA,high,official,1
2026,08,31,TESLA,MODEL 3,Private,BEV,Electrico,KKL,FOCUS SEGMENT,Standard,SEDAN,46,Valencia,center eliana,TESLA CENTER ELIANA,medium,official,1
2026,08,31,TESLA,MODEL 3,Private,BEV,Electrico,KKL,FOCUS SEGMENT,Standard,SEDAN,48,Bizkaia,center vizcaya iurreta,TESLA CENTER VIZCAYA IURRETA,high,official,1
2026,08,31,TESLA,MODEL Y,Private,BEV,Electrico,KKL,FOCUS SEGMENT,Standard,SAT,01,Álava,center vizcaya iurreta,TESLA CENTER VIZCAYA IURRETA,medium,official,1
2026,08,31,TESLA,MODEL Y,Private,BEV,Electrico,KKL,FOCUS SEGMENT,Standard,SAT,15,A Coruña,a coruña,TESLA A CORUNA,high,official,1
2026,08,31,TESLA,MODEL Y,Private,BEV,Electrico,KKL,FOCUS SEGMENT,Standard,SAT,18,Granada,granada,TESLA GRANADA,medium,official,1
2026,08,31,TESLA,MODEL Y,Private,BEV,Electrico,KKL,FOCUS SEGMENT,Standard,SAT,28,Madrid,center madrid fuenlabrada,TESLA CENTER MADRID FUENLABRADA,high,official,2
2026,08,31,TESLA,MODEL Y,Private,BEV,Electrico,KKL,FOCUS SEGMENT,Standard,SAT,30,Murcia,murcia,TESLA MURCIA,medium,official,1
2026,08,31,TESLA,MODEL Y,Private,BEV,Electrico,KKL,FOCUS SEGMENT,Standard,SAT,31,Navarra,gipuzkoa oiartzun,TESLA GIPUZKOA OIARTZUN,medium,official,1
2026,08,31,TESLA,MODEL Y,Private,BEV,Electrico,KKL,FOCUS SEGMENT,Standard,SAT,44,Teruel,center eliana,TESLA CENTER ELIANA,medium,official,1
2026,08,31,TESLA,MODEL Y,Private,BEV,Electrico,KKL,FOCUS SEGMENT,Standard,SAT,46,Valencia,center alicante,TESLA CENTER ALICANTE,medium,official,1
2026,08,31,TESLA,MODEL Y,Private,BEV,Electrico,KKL,FOCUS SEGMENT,Standard,SAT,46,Valencia,center eliana,TESLA CENTER ELIANA,high,official,1
2026,08,31,TESLA,MODEL Y,Private,BEV,Electrico,KKL,FOCUS SEGMENT,Standard,SAT,46,Valencia,center valencia,TESLA CENTER VALENCIA,medium,official,1
2026,08,31,TOYOTA,AYGO X,Private,ICE,Gasolina/Electrico,UKL0,REST,Standard,HACH 5P,01,Álava,"autocentro armentia, s.a.",00CD0-E9EAD-160D4-32E00-01260-3,high,official,1
2026,08,31,TOYOTA,AYGO X,Private,ICE,Gasolina/Electrico,UKL0,REST,Standard,HACH 5P,03,Alicante,"medimotors premium, s.l.",a878988b-42d6-4ed4-944e-3eb04a3c072c,high,official,1
2026,08,31,TOYOTA,AYGO X,Private,ICE,Gasolina/Electrico,UKL0,REST,Standard,HACH 5P,07,Baleares,"medimotors gestion, s.l.",00CD0-E9EAD-15E56-7AA00-01260-3,high,official,1
2026,08,31,TOYOTA,AYGO X,Private,ICE,Gasolina/Electrico,UKL0,REST,Standard,HACH 5P,21,Huelva,"nimo gordillo huelva, s.l.u.",00CD0-E9EAD-18294-E8400-01260-3,medium,official,2
2026,08,31,TOYOTA,AYGO X,Private,ICE,Gasolina/Electrico,UKL0,REST,Standard,HACH 5P,25,Lleida,"naymotor, s.l.",00CD0-E9EAD-17B94-8AA00-01350-3,high,official,1
2026,08,31,TOYOTA,AYGO X,Private,ICE,Gasolina/Electrico,UKL0,REST,Standard,HACH 5P,46,Valencia,"sakurauto, s.a. ( valencia",00CD0-E9EAD-17E8C-24800-01350-3,medium,official,1
2026,08,31,TOYOTA,BZ4X,Private,BEV,Electrico,UKL2,REST,Standard,SAV,46,Valencia,"sakurauto, s.a. ( valencia",00CD0-E9EAD-17E8C-24800-01350-3,medium,official,1
2026,08,31,TOYOTA,C-HR,Private,BEV,Gasolina/Electrico Enchufable,UKL1,REST,Standard,SAV,14,Córdoba,"comluve, s.l.",00CD0-E9EAD-17299-BA800-01260-3,medium,official,1
2026,08,31,TOYOTA,C-HR,Private,BEV,Gasolina/Electrico Enchufable,UKL1,REST,Standard,SAV,18,Granada,"gracoluc, s.l.",143fa64a-1b7d-4aa1-8da6-c3f47091237d,high,official,1
2026,08,31,TOYOTA,C-HR,Private,BEV,Gasolina/Electrico Enchufable,UKL1,REST,Standard,SAV,27,Lugo,"breogan motor, s.l.u.",00CD0-E9EAD-18BF8-08400-01260-3,high,official,2
2026,08,31,TOYOTA,C-HR,Private,ICE,Gasolina/Electrico Enchufable,UKL1,REST,Standard,SAV,01,Álava,"autocentro armentia, s.a.",00CD0-E9EAD-160D4-32E00-01260-3,high,official,1
2026,08,31,TOYOTA,C-HR,Private,ICE,Gasolina/Electrico Enchufable,UKL1,REST,Standard,SAV,07,Baleares,"medimotors gestion, s.l.",00CD0-E9EAD-15E56-7AA00-01260-3,high,official,1
2026,08,31,TOYOTA,C-HR,Private,ICE,Gasolina/Electrico Enchufable,UKL1,REST,Standard,SAV,11,Cádiz,"automoción tomax, s.l.",00CD0-E9EAD-16B16-27800-01260-3,high,official,1
2026,08,31,TOYOTA,C-HR,Private,ICE,Gasolina/Electrico Enchufable,UKL1,REST,Standard,SAV,11,Cádiz,"nimauto, s.l.",077e975a-e3f0-4020-8e48-a3870598ab6a,medium,official,1
2026,08,31,TOYOTA,C-HR,Private,ICE,Gasolina/Electrico Enchufable,UKL1,REST,Standard,SAV,14,Córdoba,"comluve, s.l.",00CD0-E9EAD-17299-BA800-01260-3,medium,official,1
2026,08,31,TOYOTA,C-HR,Private,ICE,Gasolina/Electrico Enchufable,UKL1,REST,Standard,SAV,22,Huesca,"naymotor, s.l.",00CD0-E9EAD-17B94-8AA00-01350-3,high,official,1
2026,08,31,TOYOTA,C-HR,Private,ICE,Gasolina/Electrico Enchufable,UKL1,REST,Standard,SAV,27,Lugo,"breogan motor, s.l.u.",00CD0-E9EAD-18BF8-08400-01260-3,high,official,1
2026,08,31,TOYOTA,C-HR,Private,ICE,Gasolina/Electrico Enchufable,UKL1,REST,Standard,SAV,30,Murcia,"labasa, s.l.",00CD0-E9EAD-16F93-A4200-01260-3,medium,official,2
2026,08,31,TOYOTA,C-HR,Private,ICE,Gasolina/Electrico Enchufable,UKL1,REST,Standard,SAV,33,Asturias,"asturhibrido, s.l.",d4d885fe-4b49-4f91-919c-24338f20c7b0,high,official,2
2026,08,31,TOYOTA,C-HR,Private,ICE,Gasolina/Electrico Enchufable,UKL1,REST,Standard,SAV,39,Cantabria,"megamotor, s.l.",00CD0-E9EAD-159D4-3CC00-01260-3,high,official,1
2026,08,31,TOYOTA,C-HR,Private,PHEV,Gasolina/Electrico Enchufable,UKL1,REST,Standard,SAV,08,Barcelona,"casacuberta automobils, s.l.",00CD0-E9EAD-16A53-76A00-01260-3,high,official,1
2026,08,31,TOYOTA,C-HR,Private,PHEV,Gasolina/Electrico Enchufable,UKL1,REST,Standard,SAV,11,Cádiz,"automoción tomax, s.l.",00CD0-E9EAD-16B16-27800-01260-3,high,official,1
2026,08,31,TOYOTA,C-HR,Private,PHEV,Gasolina/Electrico Enchufable,UKL1,REST,Standard,SAV,11,Cádiz,"automoción tomax, s.l.",00CD0-E9EAD-16B16-27800-01260-3,medium,official,1
2026,08,31,TOYOTA,C-HR,Private,PHEV,Gasolina/Electrico Enchufable,UKL1,REST,Standard,SAV,21,Huelva,"nimo gordillo huelva, s.l.u.",00CD0-E9EAD-18294-E8400-01260-3,medium,official,1
2026,08,31,TOYOTA,C-HR,Private,PHEV,Gasolina/Electrico Enchufable,UKL1,REST,Standard,SAV,22,Huesca,"naymotor, s.l.",00CD0-E9EAD-17B94-8AA00-01350-3,high,official,1
2026,08,31,TOYOTA,C-HR,Private,PHEV,Gasolina/Electrico Enchufable,UKL1,REST,Standard,SAV,33,Asturias,"asturhibrido, s.l.",d4d885fe-4b49-4f91-919c-24338f20c7b0,high,official,1
2026,08,31,TOYOTA,C-HR,Private,PHEV,Gasolina/Electrico Enchufable,UKL1,REST,Standard,SAV,36,Pontevedra,"breogan gallega de automoción, s.l.u.",92a5b9ce-5ca2-4cab-8eab-8104ee5fe7e7,high,official,2
2026,08,31,TOYOTA,C-HR,Private,PHEV,Gasolina/Electrico Enchufable,UKL1,REST,Standard,SAV,37,Salamanca,"hacha motor, s.l.",00CD0-E9EAD-15964-4DA00-01260-3,high,official,1
2026,08,31,TOYOTA,C-HR,Private,PHEV,Gasolina/Electrico Enchufable,UKL1,REST,Standard,SAV,39,Cantabria,"megamotor, s.l.",00CD0-E9EAD-159D4-3CC00-01260-3,high,official,1
2026,08,31,TOYOTA,C-HR,Private,PHEV,Gasolina/Electrico Enchufable,UKL1,REST,Standard,SAV,41,Sevilla,"nimo gordillo automóviles, s.a.",dc647751-4a25-4a32-a6b1-29624611289f,medium,official,1
2026,08,31,TOYOTA,C-HR,Private,PHEV,Gasolina/Electrico Enchufable,UKL1,REST,Standard,SAV,43,Tarragona,"autoforum tarragona, s.a.",00CD0-E9EAD-18F94-9A600-01350-3,medium,official,2
2026,08,31,TOYOTA,C-HR,Private,PHEV,Gasolina/Electrico Enchufable,UKL1,REST,Standard,SAV,46,Valencia,"sakurauto, s.a. ( valencia",00CD0-E9EAD-17E8C-24800-01350-3,medium,official,2
2026,08,31,TOYOTA,COROLLA,Private,ICE,Gasolina/Electrico,UKL2,REST,Standard,HACH 5P,03,Alicante,"medimotors premium, s.l.",a878988b-42d6-4ed4-944e-3eb04a3c072c,high,official,1
2026,08,31,TOYOTA,COROLLA,Private,ICE,Gasolina/Electrico,UKL2,REST,Standard,HACH 5P,03,Alicante,"medimotors premium, s.l.",a878988b-42d6-4ed4-944e-3eb04a3c072c,medium,official,1
2026,08,31,TOYOTA,COROLLA,Private,ICE,Gasolina/Electrico,UKL2,REST,Standard,HACH 5P,06,Badajoz,"trevauto comercio de automoviles, s.l.",00CD0-E9EAD-164C4-3A400-01260-3,medium,official,1
2026,08,31,TOYOTA,COROLLA,Private,ICE,Gasolina/Electrico,UKL2,REST,Standard,HACH 5P,07,Baleares,"medimotors gestion, s.l.",00CD0-E9EAD-15E56-7AA00-01260-3,high,official,2
2026,08,31,TOYOTA,COROLLA,Private,ICE,Gasolina/Electrico,UKL2,REST,Standard,HACH 5P,08,Barcelona,"casacuberta automobils, s.l.",00CD0-E9EAD-16A53-76A00-01260-3,high,official,1
2026,08,31,TOYOTA,COROLLA,Private,ICE,Gasolina/Electrico,UKL2,REST,Standard,HACH 5P,08,Barcelona,"teams motor, s.a.",a3a3da07-e6ba-49b4-b4f6-79180c19630c,medium,official,2
2026,08,31,TOYOTA,COROLLA,Private,ICE,Gasolina/Electrico,UKL2,REST,Standard,HACH 5P,11,Cádiz,"automoción tomax, s.l.",00CD0-E9EAD-16B16-27800-01260-3,high,official,2
2026,08,31,TOYOTA,COROLLA,Private,ICE,Gasolina/Electrico,UKL2,REST,Standard,HACH 5P,14,Córdoba,"comluve, s.l.",00CD0-E9EAD-17299-BA800-01260-3,medium,official,1
2026,08,31,TOYOTA,COROLLA,Private,ICE,Gasolina/Electrico,UKL2,REST,Standard,HACH 5P,25,Lleida,"naymotor, s.l.",00CD0-E9EAD-17B94-8AA00-01350-3,high,official,1
2026,08,31,TOYOTA,COROLLA,Private,ICE,Gasolina/Electrico,UKL2,REST,Standard,HACH 5P,26,La Rioja,"japoauto, s.l.",00CD0-E9EAD-187E0-91400-01260-3,medium,official,1
2026,08,31,TOYOTA,COROLLA,Private,ICE,Gasolina/Electrico,UKL2,REST,Standard,HACH 5P,30,Murcia,"labasa, s.l.",00CD0-E9EAD-16F93-A4200-01260-3,medium,official,3
2026,08,31,TOYOTA,COROLLA,Private,ICE,Gasolina/Electrico,UKL2,REST,Standard,HACH 5P,31,Navarra,"japoauto, s.l.",00CD0-E9EAD-187E0-91400-01260-3,high,official,2
2026,08,31,TOYOTA,COROLLA,Private,ICE,Gasolina/Electrico,UKL2,REST,Standard,HACH 5P,33,Asturias,"asturhibrido, s.l.",d4d885fe-4b49-4f91-919c-24338f20c7b0,high,official,1
2026,08,31,TOYOTA,COROLLA,Private,ICE,Gasolina/Electrico,UKL2,REST,Standard,HACH 5P,33,Asturias,"asturhibrido, s.l.",d4d885fe-4b49-4f91-919c-24338f20c7b0,medium,official,1
2026,08,31,TOYOTA,COROLLA,Private,ICE,Gasolina/Electrico,UKL2,REST,Standard,HACH 5P,36,Pontevedra,"breogan gallega de automoción, s.l.u.",92a5b9ce-5ca2-4cab-8eab-8104ee5fe7e7,high,official,1
2026,08,31,TOYOTA,COROLLA,Private,ICE,Gasolina/Electrico,UKL2,REST,Standard,HACH 5P,36,Pontevedra,"breogan gallega de automoción, s.l.u.",92a5b9ce-5ca2-4cab-8eab-8104ee5fe7e7,medium,official,1
2026,08,31,TOYOTA,COROLLA,Private,ICE,Gasolina/Electrico,UKL2,REST,Standard,HACH 5P,39,Cantabria,"megamotor, s.l.",00CD0-E9EAD-159D4-3CC00-01260-3,high,official,1
2026,08,31,TOYOTA,COROLLA,Private,ICE,Gasolina/Electrico,UKL2,REST,Standard,HACH 5P,41,Sevilla,"nimo gordillo automóviles, s.a.",dc647751-4a25-4a32-a6b1-29624611289f,medium,official,1
2026,08,31,TOYOTA,COROLLA,Private,ICE,Gasolina/Electrico,UKL2,REST,Standard,HACH 5P,46,Valencia,"sakurauto, s.a. ( valencia",00CD0-E9EAD-17E8C-24800-01350-3,high,official,1
2026,08,31,TOYOTA,COROLLA,Private,ICE,Gasolina/Electrico,UKL2,REST,Standard,HACH 5P,46,Valencia,"sakurauto, s.a. ( valencia",00CD0-E9EAD-17E8C-24800-01350-3,medium,official,4
2026,08,31,TOYOTA,COROLLA,Private,ICE,Gasolina/Electrico,UKL2,REST,Standard,HACH 5P,48,Bizkaia,"japan car, s.a.",00CD0-E9EAD-179F3-C6A00-01350-3,medium,official,1
2026,08,31,TOYOTA,COROLLA,Private,ICE,Gasolina/Electrico,UKL2,REST,Standard,HACH 5P,50,Zaragoza,"artal vehículos zaragoza, s.l. (artal",6dafa392-8e69-4220-b295-9cb8ffbe3936,medium,official,1
2026,08,31,TOYOTA,HI LUX,Private,ICE,Electrico,SKL,REST,Standard,PICKUP,04,Almería,"alborán motor, s.l.",00CD0-E9EAD-17A44-88800-01350-3,high,official,1
2026,08,31,TOYOTA,PROACE,Private,ICE,Electrico,SKL,REST,Standard,TRANSPORTER,30,Murcia,"labasa, s.l.",00CD0-E9EAD-16F93-A4200-01260-3,high,official,1
2026,08,31,TOYOTA,PROACE,Private,ICE,Electrico,SKL,REST,Standard,TRANSPORTER,43,Tarragona,"autoforum tarragona, s.a.",00CD0-E9EAD-18F94-9A600-01350-3,medium,official,1
2026,08,31,TOYOTA,PROACE VERSO,Private,BEV,Gasolina,SKL,REST,Standard,TRANSPORTER,07,Baleares,"medimotors gestion, s.l.",00CD0-E9EAD-15E56-7AA00-01260-3,high,official,1
2026,08,31,TOYOTA,RAV 4,Private,ICE,Gasolina/Electrico Enchufable,UKL2,REST,Standard,SAV,07,Baleares,"medimotors gestion, s.l.",00CD0-E9EAD-15E56-7AA00-01260-3,high,official,1
2026,08,31,TOYOTA,RAV 4,Private,PHEV,Gasolina/Electrico Enchufable,UKL2,REST,Standard,SAV,03,Alicante,"medimotors premium, s.l.",a878988b-42d6-4ed4-944e-3eb04a3c072c,high,official,1
2026,08,31,TOYOTA,RAV 4,Private,PHEV,Gasolina/Electrico Enchufable,UKL2,REST,Standard,SAV,07,Baleares,"medimotors gestion, s.l.",00CD0-E9EAD-15E56-7AA00-01260-3,high,official,1
2026,08,31,TOYOTA,RAV 4,Private,PHEV,Gasolina/Electrico Enchufable,UKL2,REST,Standard,SAV,08,Barcelona,"japand 21, s.l.u.",00CD0-E9EAD-15456-BD200-01260-3,medium,official,1
2026,08,31,TOYOTA,RAV 4,Private,PHEV,Gasolina/Electrico Enchufable,UKL2,REST,Standard,SAV,27,Lugo,"breogan motor, s.l.u.",00CD0-E9EAD-18BF8-08400-01260-3,high,official,1
2026,08,31,TOYOTA,YARIS,Private,ICE,Gasolina/Electrico,UKL1,REST,Standard,HACH 5P,03,Alicante,"medimotors premium, s.l.",a878988b-42d6-4ed4-944e-3eb04a3c072c,high,official,5
2026,08,31,TOYOTA,YARIS,Private,ICE,Gasolina/Electrico,UKL1,REST,Standard,HACH 5P,07,Baleares,"medimotors gestion, s.l.",00CD0-E9EAD-15E56-7AA00-01260-3,high,official,3
2026,08,31,TOYOTA,YARIS,Private,ICE,Gasolina/Electrico,UKL1,REST,Standard,HACH 5P,07,Baleares,"medimotors premium, s.l.",a878988b-42d6-4ed4-944e-3eb04a3c072c,medium,official,1
2026,08,31,TOYOTA,YARIS,Private,ICE,Gasolina/Electrico,UKL1,REST,Standard,HACH 5P,08,Barcelona,"casacuberta automobils, s.l.",00CD0-E9EAD-16A53-76A00-01260-3,high,official,1
2026,08,31,TOYOTA,YARIS,Private,ICE,Gasolina/Electrico,UKL1,REST,Standard,HACH 5P,08,Barcelona,"teams motor, s.a.",a3a3da07-e6ba-49b4-b4f6-79180c19630c,medium,official,2
2026,08,31,TOYOTA,YARIS,Private,ICE,Gasolina/Electrico,UKL1,REST,Standard,HACH 5P,09,Burgos,"autobafer, s.l.u.",00CD0-E9EAD-16AD3-BD600-01260-3,high,official,1
2026,08,31,TOYOTA,YARIS,Private,ICE,Gasolina/Electrico,UKL1,REST,Standard,HACH 5P,15,A Coruña,"breogan motor, s.l.u.",00CD0-E9EAD-18BF8-08400-01260-3,high,official,1
2026,08,31,TOYOTA,YARIS,Private,ICE,Gasolina/Electrico,UKL1,REST,Standard,HACH 5P,15,A Coruña,"breogan motor, s.l.u.",00CD0-E9EAD-18BF8-08400-01260-3,medium,official,1
2026,08,31,TOYOTA,YARIS,Private,ICE,Gasolina/Electrico,UKL1,REST,Standard,HACH 5P,18,Granada,"comluve, s.l.",00CD0-E9EAD-17299-BA800-01260-3,medium,official,1
2026,08,31,TOYOTA,YARIS,Private,ICE,Gasolina/Electrico,UKL1,REST,Standard,HACH 5P,20,Gipuzkoa,"euskoauto 2003, s.l.",00CD0-E9EAD-18DE6-78200-01350-3,high,official,1
2026,08,31,TOYOTA,YARIS,Private,ICE,Gasolina/Electrico,UKL1,REST,Standard,HACH 5P,21,Huelva,"nimo gordillo huelva, s.l.u.",00CD0-E9EAD-18294-E8400-01260-3,medium,official,1
2026,08,31,TOYOTA,YARIS,Private,ICE,Gasolina/Electrico,UKL1,REST,Standard,HACH 5P,26,La Rioja,"japoauto, s.l.",00CD0-E9EAD-187E0-91400-01260-3,medium,official,1
2026,08,31,TOYOTA,YARIS,Private,ICE,Gasolina/Electrico,UKL1,REST,Standard,HACH 5P,27,Lugo,"breogan motor, s.l.u.",00CD0-E9EAD-18BF8-08400-01260-3,high,official,1
2026,08,31,TOYOTA,YARIS,Private,ICE,Gasolina/Electrico,UKL1,REST,Standard,HACH 5P,37,Salamanca,"hacha motor, s.l.",00CD0-E9EAD-15964-4DA00-01260-3,high,official,1
2026,08,31,TOYOTA,YARIS,Private,ICE,Gasolina/Electrico,UKL1,REST,Standard,HACH 5P,46,Valencia,"sakurauto, s.a. ( valencia",00CD0-E9EAD-17E8C-24800-01350-3,medium,official,2
2026,08,31,TOYOTA,YARIS,Private,ICE,Gasolina/Electrico,UKL1,REST,Standard,HACH 5P,48,Bizkaia,"japan car, s.a.",00CD0-E9EAD-179F3-C6A00-01350-3,medium,official,1
2026,08,31,TOYOTA,YARIS,Private,ICE,Gasolina/Electrico,UKL1,REST,Standard,HACH 5P,50,Zaragoza,"artal vehículos zaragoza, s.l. (artal",6dafa392-8e69-4220-b295-9cb8ffbe3936,medium,official,1
2026,08,31,TOYOTA,YARIS CROSS,Private,ICE,Gasolina/Electrico,UKL1,REST,Standard,SAV,03,Alicante,"medimotors premium, s.l.",a878988b-42d6-4ed4-944e-3eb04a3c072c,high,official,2
2026,08,31,TOYOTA,YARIS CROSS,Private,ICE,Gasolina/Electrico,UKL1,REST,Standard,SAV,11,Cádiz,"gamo bahía, s.l.",00CD0-E9EAD-16C73-C8000-01260-3,high,official,1
2026,08,31,TOYOTA,YARIS CROSS,Private,ICE,Gasolina/Electrico,UKL1,REST,Standard,SAV,14,Córdoba,"comluve, s.l.",00CD0-E9EAD-17299-BA800-01260-3,medium,official,1
2026,08,31,TOYOTA,YARIS CROSS,Private,ICE,Gasolina/Electrico,UKL1,REST,Standard,SAV,25,Lleida,"naymotor, s.l.",00CD0-E9EAD-17B94-8AA00-01350-3,high,official,1
2026,08,31,TOYOTA,YARIS CROSS,Private,ICE,Gasolina/Electrico,UKL1,REST,Standard,SAV,30,Murcia,"labasa, s.l.",00CD0-E9EAD-16F93-A4200-01260-3,medium,official,1
2026,08,31,TOYOTA,YARIS CROSS,Private,ICE,Gasolina/Electrico,UKL1,REST,Standard,SAV,36,Pontevedra,"breogan gallega de automoción, s.l.u.",92a5b9ce-5ca2-4cab-8eab-8104ee5fe7e7,high,official,2
2026,08,31,VOLVO,EX30,Private,BEV,Electrico,UKL1,FOCUS SEGMENT,Standard,SAV,03,Alicante,ankara motor,ANKARA MOTOR,high,official,1
2026,08,31,VOLVO,EX30,Private,BEV,Electrico,UKL1,FOCUS SEGMENT,Standard,SAV,08,Barcelona,volmar,VOLMAR,high,official,1
2026,08,31,VOLVO,EX30,Private,BEV,Electrico,UKL1,FOCUS SEGMENT,Standard,SAV,09,Burgos,auto olsan,AUTO OLSAN,high,official,1
2026,08,31,VOLVO,EX30,Private,BEV,Electrico,UKL1,FOCUS SEGMENT,Standard,SAV,28,Madrid,battinver,BATTINVER,high,official,1
2026,08,31,VOLVO,EX30,Private,BEV,Electrico,UKL1,FOCUS SEGMENT,Standard,SAV,35,Las Palmas,orvecame,ORVECAME,high,official,1
2026,08,31,VOLVO,XC40,Private,ICE,Gasolina Mild Hybrid,UKL2,FOCUS SEGMENT,Standard,SAV,06,Badajoz,mavensa,MAVENSA,medium,official,1
2026,08,31,VOLVO,XC40,Private,ICE,Gasolina Mild Hybrid,UKL2,FOCUS SEGMENT,Standard,SAV,10,Cáceres,mavensa,MAVENSA,high,official,1
2026,08,31,VOLVO,XC40,Private,ICE,Gasolina Mild Hybrid,UKL2,FOCUS SEGMENT,Standard,SAV,11,Cádiz,surauto sherry,SURAUTO SHERRY,medium,official,1
2026,08,31,VOLVO,XC40,Private,ICE,Gasolina Mild Hybrid,UKL2,FOCUS SEGMENT,Standard,SAV,15,A Coruña,merenauto,MERENAUTO,high,official,1
2026,08,31,VOLVO,XC40,Private,ICE,Gasolina Mild Hybrid,UKL2,FOCUS SEGMENT,Standard,SAV,23,Jaén,casmar jaén,CASMAR JAEN,medium,official,1
2026,08,31,VOLVO,XC40,Private,ICE,Gasolina Mild Hybrid,UKL2,FOCUS SEGMENT,Standard,SAV,25,Lleida,llemosa,LLEMOSA,high,official,1
2026,08,31,VOLVO,XC40,Private,ICE,Gasolina Mild Hybrid,UKL2,FOCUS SEGMENT,Standard,SAV,26,La Rioja,auto agrisa,AUTO AGRISA,high,official,1
2026,08,31,VOLVO,XC40,Private,ICE,Gasolina Mild Hybrid,UKL2,FOCUS SEGMENT,Standard,SAV,30,Murcia,sedauto,SEDAUTO,high,official,1
2026,08,31,VOLVO,XC40,Private,ICE,Gasolina Mild Hybrid,UKL2,FOCUS SEGMENT,Standard,SAV,32,Ourense,balper,BALPER,high,official,1
2026,08,31,VOLVO,XC40,Private,ICE,Gasolina Mild Hybrid,UKL2,FOCUS SEGMENT,Standard,SAV,36,Pontevedra,balper,BALPER,high,official,1
2026,08,31,VOLVO,XC40,Private,ICE,Gasolina Mild Hybrid,UKL2,FOCUS SEGMENT,Standard,SAV,45,Toledo,viñarás premium,VINARAS PREMIUM,high,official,1
2026,08,31,VOLVO,XC40,Private,ICE,Gasolina Mild Hybrid,UKL2,FOCUS SEGMENT,Standard,SAV,50,Zaragoza,automóviles sánchez,AUTOMOVILES SANCHEZ,high,official,2
2026,08,31,VOLVO,XC60,Private,ICE,Gasolina/Electrico Enchufable,KKL,FOCUS SEGMENT,Standard,SAV,43,Tarragona,tarraco center,TARRACO CENTER,high,official,1
2026,08,31,VOLVO,XC90,Private,ICE,Gasolina/Electrico Enchufable,MKL,FOCUS SEGMENT,Standard,SAV,18,Granada,arista,ARISTA,high,official,1
