anyo,mes,marca,cod_prov,provincia,canal,fuel_type,count
2024,05,BENIMAR,00,Desconocida,Private,ICE,2
2024,05,BMW,00,Desconocida,Private,ICE,6
2024,05,FIAT,00,Desconocida,Private,ICE,1
2024,05,FORD,00,Desconocida,Private,ICE,2
2024,05,HYMER,00,Desconocida,Private,ICE,1
2024,05,KIA,00,Desconocida,Private,ICE,1
2024,05,MINI,00,Desconocida,Private,ICE,1
2024,05,SEAT,00,Desconocida,Private,ICE,1
2024,05,VOLKSWAGEN,00,Desconocida,Private,ICE,1
2024,05,AUDI,01,Álava,Corporate,ICE,2
2024,05,AUDI,01,Álava,Private,ICE,4
2024,05,BENIMAR,01,Álava,Private,ICE,2
2024,05,BMW,01,Álava,Corporate,ICE,1
2024,05,BMW,01,Álava,Private,BEV,1
2024,05,BMW,01,Álava,Private,ICE,3
2024,05,CITROEN,01,Álava,Corporate,ICE,17
2024,05,CITROEN,01,Álava,Private,BEV,1
2024,05,CITROEN,01,Álava,Private,ICE,20
2024,05,CITROEN,01,Álava,Private,PHEV,1
2024,05,CUPRA,01,Álava,Corporate,ICE,4
2024,05,CUPRA,01,Álava,Private,ICE,2
2024,05,DACIA,01,Álava,Corporate,ICE,4
2024,05,DACIA,01,Álava,Private,ICE,19
2024,05,DR,01,Álava,Private,ICE,1
2024,05,ERKE,01,Álava,Corporate,ICE,1
2024,05,EVO,01,Álava,Private,ICE,1
2024,05,FIAT,01,Álava,Private,ICE,2
2024,05,FORD,01,Álava,Corporate,ICE,8
2024,05,FORD,01,Álava,Corporate,PHEV,3
2024,05,FORD,01,Álava,Private,BEV,2
2024,05,FORD,01,Álava,Private,ICE,6
2024,05,FORD,01,Álava,Private,PHEV,2
2024,05,HONDA,01,Álava,Private,ICE,4
2024,05,HYUNDAI,01,Álava,Corporate,ICE,5
2024,05,HYUNDAI,01,Álava,Private,BEV,2
2024,05,HYUNDAI,01,Álava,Private,ICE,34
2024,05,HYUNDAI,01,Álava,Private,PHEV,1
2024,05,IVECO,01,Álava,Corporate,ICE,2
2024,05,JEEP,01,Álava,Corporate,ICE,1
2024,05,JEEP,01,Álava,Private,ICE,2
2024,05,JEEP,01,Álava,Private,PHEV,1
2024,05,KIA,01,Álava,Private,ICE,14
2024,05,KIA,01,Álava,Private,PHEV,1
2024,05,LAND ROVER,01,Álava,Corporate,ICE,1
2024,05,LAND ROVER,01,Álava,Corporate,PHEV,1
2024,05,LAND ROVER,01,Álava,Private,ICE,2
2024,05,LEXUS,01,Álava,Private,ICE,3
2024,05,MAXUS,01,Álava,Private,BEV,1
2024,05,MAZDA,01,Álava,Corporate,ICE,2
2024,05,MAZDA,01,Álava,Private,ICE,15
2024,05,MERCEDES,01,Álava,Corporate,ICE,8
2024,05,MERCEDES,01,Álava,Corporate,PHEV,3
2024,05,MERCEDES,01,Álava,Private,ICE,9
2024,05,MERCEDES,01,Álava,Private,PHEV,1
2024,05,MG,01,Álava,Corporate,ICE,2
2024,05,MG,01,Álava,Private,BEV,4
2024,05,MG,01,Álava,Private,ICE,13
2024,05,MG,01,Álava,Private,PHEV,1
2024,05,MINI,01,Álava,Private,ICE,2
2024,05,MITSUBISHI,01,Álava,Private,ICE,4
2024,05,NISSAN,01,Álava,Corporate,ICE,3
2024,05,NISSAN,01,Álava,Private,ICE,7
2024,05,OPEL,01,Álava,Corporate,ICE,1
2024,05,OPEL,01,Álava,Private,ICE,4
2024,05,PEUGEOT,01,Álava,Corporate,ICE,9
2024,05,PEUGEOT,01,Álava,Private,BEV,1
2024,05,PEUGEOT,01,Álava,Private,ICE,10
2024,05,POSSL,01,Álava,Private,ICE,1
2024,05,RAPIDO,01,Álava,Private,ICE,1
2024,05,REHATRANS,01,Álava,Corporate,ICE,1
2024,05,RENAULT,01,Álava,Corporate,ICE,8
2024,05,RENAULT,01,Álava,Private,ICE,30
2024,05,SEAT,01,Álava,Corporate,ICE,2
2024,05,SEAT,01,Álava,Private,ICE,12
2024,05,SKODA,01,Álava,Corporate,ICE,3
2024,05,SKODA,01,Álava,Private,ICE,5
2024,05,SSANGYONG,01,Álava,Private,ICE,2
2024,05,SUZUKI,01,Álava,Corporate,ICE,2
2024,05,SUZUKI,01,Álava,Private,ICE,1
2024,05,TESLA,01,Álava,Corporate,BEV,1
2024,05,TESLA,01,Álava,Private,BEV,3
2024,05,TOYOTA,01,Álava,Corporate,ICE,11
2024,05,TOYOTA,01,Álava,Private,ICE,30
2024,05,TOYOTA,01,Álava,Private,PHEV,4
2024,05,VOLKSWAGEN,01,Álava,Corporate,ICE,3
2024,05,VOLKSWAGEN,01,Álava,Private,ICE,13
2024,05,VOLVO,01,Álava,Corporate,BEV,1
2024,05,VOLVO,01,Álava,Corporate,ICE,2
2024,05,VOLVO,01,Álava,Private,BEV,3
2024,05,VOLVO,01,Álava,Private,ICE,2
2024,05,ALFA ROMEO,02,Albacete,Corporate,ICE,3
2024,05,ALFA ROMEO,02,Albacete,Private,ICE,1
2024,05,AUDI,02,Albacete,Corporate,ICE,4
2024,05,AUDI,02,Albacete,Private,ICE,9
2024,05,AUDI,02,Albacete,Private,PHEV,1
2024,05,BMW,02,Albacete,Corporate,ICE,7
2024,05,BMW,02,Albacete,Private,ICE,8
2024,05,BYD,02,Albacete,Private,BEV,2
2024,05,CAR-BUS.NET,02,Albacete,Corporate,ICE,1
2024,05,CITROEN,02,Albacete,Corporate,BEV,2
2024,05,CITROEN,02,Albacete,Private,BEV,1
2024,05,CITROEN,02,Albacete,Private,ICE,9
2024,05,COLD CAR,02,Albacete,Corporate,ICE,1
2024,05,CUPRA,02,Albacete,Corporate,PHEV,2
2024,05,CUPRA,02,Albacete,Private,ICE,1
2024,05,CUPRA,02,Albacete,Private,PHEV,1
2024,05,DACIA,02,Albacete,Corporate,ICE,14
2024,05,DACIA,02,Albacete,Private,ICE,8
2024,05,DFSK,02,Albacete,Private,ICE,1
2024,05,FIAT,02,Albacete,Corporate,ICE,3
2024,05,FIAT,02,Albacete,Private,ICE,1
2024,05,FORD,02,Albacete,Corporate,ICE,3
2024,05,FORD,02,Albacete,Private,ICE,1
2024,05,GIOTTILINE,02,Albacete,Private,ICE,1
2024,05,HYUNDAI,02,Albacete,Corporate,BEV,1
2024,05,HYUNDAI,02,Albacete,Corporate,ICE,9
2024,05,HYUNDAI,02,Albacete,Private,BEV,1
2024,05,HYUNDAI,02,Albacete,Private,ICE,15
2024,05,HYUNDAI,02,Albacete,Private,PHEV,1
2024,05,IVECO,02,Albacete,Corporate,ICE,3
2024,05,IVECO,02,Albacete,Private,ICE,1
2024,05,JEEP,02,Albacete,Corporate,ICE,1
2024,05,KIA,02,Albacete,Corporate,BEV,1
2024,05,KIA,02,Albacete,Corporate,ICE,4
2024,05,KIA,02,Albacete,Private,BEV,1
2024,05,KIA,02,Albacete,Private,ICE,11
2024,05,MAZDA,02,Albacete,Corporate,PHEV,1
2024,05,MAZDA,02,Albacete,Private,ICE,7
2024,05,MERCEDES,02,Albacete,Corporate,BEV,1
2024,05,MERCEDES,02,Albacete,Corporate,ICE,2
2024,05,MERCEDES,02,Albacete,Corporate,PHEV,3
2024,05,MERCEDES,02,Albacete,Private,BEV,1
2024,05,MERCEDES,02,Albacete,Private,ICE,9
2024,05,MERCEDES,02,Albacete,Private,PHEV,2
2024,05,MERCEDES,02,Albacete,RAC,ICE,1
2024,05,MERCEDES-V,02,Albacete,Private,ICE,1
2024,05,MG,02,Albacete,Corporate,ICE,4
2024,05,MG,02,Albacete,Private,ICE,5
2024,05,MITSUBISHI,02,Albacete,Corporate,PHEV,1
2024,05,MITSUBISHI,02,Albacete,Private,ICE,4
2024,05,NISSAN,02,Albacete,Corporate,ICE,3
2024,05,NISSAN,02,Albacete,Private,ICE,10
2024,05,OMODA,02,Albacete,Corporate,ICE,1
2024,05,OMODA,02,Albacete,Private,ICE,7
2024,05,OPEL,02,Albacete,Corporate,ICE,1
2024,05,OPEL,02,Albacete,Private,BEV,1
2024,05,OPEL,02,Albacete,Private,ICE,1
2024,05,PEUGEOT,02,Albacete,Corporate,BEV,1
2024,05,PEUGEOT,02,Albacete,Corporate,ICE,2
2024,05,PEUGEOT,02,Albacete,Private,ICE,10
2024,05,RENAULT,02,Albacete,Corporate,BEV,1
2024,05,RENAULT,02,Albacete,Corporate,ICE,6
2024,05,RENAULT,02,Albacete,Private,BEV,1
2024,05,RENAULT,02,Albacete,Private,ICE,16
2024,05,ROLLER TEAM,02,Albacete,Private,ICE,1
2024,05,SEAT,02,Albacete,Corporate,ICE,3
2024,05,SEAT,02,Albacete,Corporate,PHEV,1
2024,05,SEAT,02,Albacete,Private,ICE,13
2024,05,SKODA,02,Albacete,Corporate,ICE,3
2024,05,SKODA,02,Albacete,Private,ICE,15
2024,05,SSANGYONG,02,Albacete,Corporate,ICE,2
2024,05,SSANGYONG,02,Albacete,Private,ICE,2
2024,05,SUBARU,02,Albacete,Corporate,ICE,1
2024,05,SUZUKI,02,Albacete,Corporate,ICE,1
2024,05,SUZUKI,02,Albacete,Private,ICE,1
2024,05,TECNOVE FIBERGLASS,02,Albacete,Corporate,ICE,1
2024,05,TOYOTA,02,Albacete,Corporate,ICE,8
2024,05,TOYOTA,02,Albacete,Corporate,PHEV,1
2024,05,TOYOTA,02,Albacete,Private,ICE,16
2024,05,TOYOTA,02,Albacete,Private,PHEV,1
2024,05,URBAN TRUCKS,02,Albacete,Corporate,ICE,1
2024,05,VOLKSWAGEN,02,Albacete,Corporate,ICE,5
2024,05,VOLKSWAGEN,02,Albacete,Private,ICE,17
2024,05,VOLKSWAGEN,02,Albacete,Private,PHEV,1
2024,05,VOLVO,02,Albacete,Corporate,ICE,4
2024,05,VOLVO,02,Albacete,Private,ICE,2
2024,05,ADRIA,03,Alicante,Private,ICE,3
2024,05,ALBA,03,Alicante,RAC,BEV,1
2024,05,ALFA ROMEO,03,Alicante,Private,ICE,1
2024,05,ATALAYA,03,Alicante,RAC,ICE,1
2024,05,AUDI,03,Alicante,Corporate,ICE,17
2024,05,AUDI,03,Alicante,Corporate,PHEV,6
2024,05,AUDI,03,Alicante,Private,BEV,1
2024,05,AUDI,03,Alicante,Private,ICE,28
2024,05,AUDI,03,Alicante,Private,PHEV,3
2024,05,BENIMAR,03,Alicante,Private,ICE,6
2024,05,BENIMAR,03,Alicante,RAC,ICE,1
2024,05,BMW,03,Alicante,Corporate,BEV,3
2024,05,BMW,03,Alicante,Corporate,ICE,32
2024,05,BMW,03,Alicante,Corporate,PHEV,1
2024,05,BMW,03,Alicante,Private,BEV,3
2024,05,BMW,03,Alicante,Private,ICE,45
2024,05,BMW,03,Alicante,Private,PHEV,4
2024,05,BYD,03,Alicante,Private,BEV,3
2024,05,CAPRON,03,Alicante,Private,ICE,1
2024,05,CAPRON GMBH,03,Alicante,Private,ICE,2
2024,05,CARROCERIAS CREVILLENTE,03,Alicante,Corporate,ICE,3
2024,05,CARROCERIAS CREVILLENTE,03,Alicante,Private,ICE,1
2024,05,CARROCERIAS CREVILLENTE,03,Alicante,RAC,ICE,4
2024,05,CAYVOL,03,Alicante,Corporate,ICE,1
2024,05,CFMOTO,03,Alicante,Corporate,ICE,1
2024,05,CFMOTO,03,Alicante,Private,ICE,2
2024,05,CHEVROLET,03,Alicante,Private,ICE,1
2024,05,CITROEN,03,Alicante,Corporate,BEV,3
2024,05,CITROEN,03,Alicante,Corporate,ICE,11
2024,05,CITROEN,03,Alicante,Private,BEV,10
2024,05,CITROEN,03,Alicante,Private,ICE,24
2024,05,CITROEN,03,Alicante,Private,PHEV,2
2024,05,CITROEN,03,Alicante,RAC,ICE,21
2024,05,COMPOCARR,03,Alicante,RAC,ICE,1
2024,05,CUPRA,03,Alicante,Corporate,ICE,5
2024,05,CUPRA,03,Alicante,Corporate,PHEV,2
2024,05,CUPRA,03,Alicante,Private,BEV,3
2024,05,CUPRA,03,Alicante,Private,ICE,23
2024,05,CUPRA,03,Alicante,Private,PHEV,7
2024,05,DACIA,03,Alicante,Corporate,BEV,1
2024,05,DACIA,03,Alicante,Corporate,ICE,7
2024,05,DACIA,03,Alicante,Private,BEV,1
2024,05,DACIA,03,Alicante,Private,ICE,156
2024,05,DACIA,03,Alicante,RAC,ICE,174
2024,05,DFSK,03,Alicante,Corporate,ICE,1
2024,05,DFSK,03,Alicante,Private,ICE,1
2024,05,DIVISEGUR CATALUNYA,03,Alicante,Corporate,ICE,1
2024,05,ETRUSCO,03,Alicante,Private,ICE,1
2024,05,FIAT,03,Alicante,Corporate,ICE,1
2024,05,FIAT,03,Alicante,Private,ICE,7
2024,05,FIAT,03,Alicante,RAC,ICE,204
2024,05,FORD,03,Alicante,Corporate,ICE,76
2024,05,FORD,03,Alicante,Corporate,PHEV,7
2024,05,FORD,03,Alicante,Private,BEV,6
2024,05,FORD,03,Alicante,Private,ICE,77
2024,05,FORD,03,Alicante,Private,PHEV,19
2024,05,FORD,03,Alicante,RAC,ICE,5
2024,05,GIOTTILINE,03,Alicante,Private,ICE,2
2024,05,GRUIVOL,03,Alicante,Corporate,ICE,3
2024,05,HONDA,03,Alicante,Private,ICE,6
2024,05,HYUNDAI,03,Alicante,Corporate,ICE,8
2024,05,HYUNDAI,03,Alicante,Corporate,PHEV,1
2024,05,HYUNDAI,03,Alicante,Private,BEV,3
2024,05,HYUNDAI,03,Alicante,Private,ICE,171
2024,05,HYUNDAI,03,Alicante,Private,PHEV,2
2024,05,HYUNDAI,03,Alicante,RAC,ICE,964
2024,05,IGLUVAN,03,Alicante,Corporate,ICE,1
2024,05,INDCAR,03,Alicante,Corporate,ICE,2
2024,05,IVECO,03,Alicante,Corporate,ICE,8
2024,05,IVECO,03,Alicante,Private,ICE,1
2024,05,IVECO,03,Alicante,RAC,ICE,19
2024,05,JEANJE,03,Alicante,RAC,ICE,5
2024,05,JEEP,03,Alicante,Private,ICE,4
2024,05,JEEP,03,Alicante,RAC,ICE,273
2024,05,JEEP,03,Alicante,RAC,PHEV,25
2024,05,KIA,03,Alicante,Corporate,ICE,3
2024,05,KIA,03,Alicante,Private,BEV,6
2024,05,KIA,03,Alicante,Private,ICE,117
2024,05,KIA,03,Alicante,Private,PHEV,4
2024,05,KIA,03,Alicante,RAC,ICE,288
2024,05,LAND ROVER,03,Alicante,Corporate,ICE,2
2024,05,LAND ROVER,03,Alicante,Corporate,PHEV,1
2024,05,LAND ROVER,03,Alicante,Private,ICE,3
2024,05,LAND ROVER,03,Alicante,Private,PHEV,2
2024,05,LEXUS,03,Alicante,Corporate,ICE,2
2024,05,LEXUS,03,Alicante,Corporate,PHEV,2
2024,05,LEXUS,03,Alicante,Private,ICE,17
2024,05,LEXUS,03,Alicante,Private,PHEV,1
2024,05,LIGIER,03,Alicante,Corporate,ICE,1
2024,05,LIGIER,03,Alicante,Private,ICE,9
2024,05,MAGIRUS,03,Alicante,Corporate,ICE,2
2024,05,MAN,03,Alicante,Corporate,ICE,6
2024,05,MASERATI,03,Alicante,Corporate,ICE,1
2024,05,MAXUS,03,Alicante,RAC,BEV,1
2024,05,MAZDA,03,Alicante,Corporate,ICE,2
2024,05,MAZDA,03,Alicante,Private,ICE,36
2024,05,MAZDA,03,Alicante,RAC,ICE,5
2024,05,MCLOUIS,03,Alicante,Private,ICE,2
2024,05,MCLOUIS,03,Alicante,RAC,ICE,1
2024,05,MEBAUTO,03,Alicante,Private,ICE,1
2024,05,MERCEDES,03,Alicante,Corporate,BEV,1
2024,05,MERCEDES,03,Alicante,Corporate,ICE,43
2024,05,MERCEDES,03,Alicante,Corporate,PHEV,16
2024,05,MERCEDES,03,Alicante,Private,BEV,5
2024,05,MERCEDES,03,Alicante,Private,ICE,29
2024,05,MERCEDES,03,Alicante,Private,PHEV,11
2024,05,MERCEDES,03,Alicante,RAC,ICE,3
2024,05,MERCEDES-V,03,Alicante,Corporate,BEV,1
2024,05,MERCEDES-V,03,Alicante,Corporate,ICE,1
2024,05,MERCEDES-V,03,Alicante,Private,ICE,1
2024,05,MG,03,Alicante,Corporate,ICE,8
2024,05,MG,03,Alicante,Private,BEV,13
2024,05,MG,03,Alicante,Private,ICE,109
2024,05,MG,03,Alicante,Private,PHEV,1
2024,05,MG,03,Alicante,RAC,ICE,250
2024,05,MICROCAR,03,Alicante,Private,ICE,1
2024,05,MINI,03,Alicante,Corporate,ICE,6
2024,05,MINI,03,Alicante,Private,ICE,10
2024,05,MITSUBISHI,03,Alicante,Corporate,ICE,3
2024,05,MITSUBISHI,03,Alicante,Private,ICE,9
2024,05,MITSUBISHI,03,Alicante,RAC,ICE,1
2024,05,NIESMANN BISCHOFF,03,Alicante,Private,ICE,1
2024,05,NISSAN,03,Alicante,Corporate,ICE,10
2024,05,NISSAN,03,Alicante,Private,ICE,64
2024,05,OMODA,03,Alicante,Corporate,ICE,1
2024,05,OMODA,03,Alicante,Private,ICE,62
2024,05,OPEL,03,Alicante,Corporate,ICE,9
2024,05,OPEL,03,Alicante,Private,BEV,5
2024,05,OPEL,03,Alicante,Private,ICE,46
2024,05,OPEL,03,Alicante,Private,PHEV,1
2024,05,OPEL,03,Alicante,RAC,ICE,4
2024,05,PANAMA,03,Alicante,Private,ICE,2
2024,05,PERTASA,03,Alicante,Corporate,ICE,1
2024,05,PEUGEOT,03,Alicante,Corporate,BEV,4
2024,05,PEUGEOT,03,Alicante,Corporate,ICE,68
2024,05,PEUGEOT,03,Alicante,Corporate,PHEV,1
2024,05,PEUGEOT,03,Alicante,Private,BEV,4
2024,05,PEUGEOT,03,Alicante,Private,ICE,88
2024,05,PEUGEOT,03,Alicante,RAC,ICE,1
2024,05,PORSCHE,03,Alicante,Corporate,ICE,1
2024,05,PORSCHE,03,Alicante,Corporate,PHEV,1
2024,05,PORSCHE,03,Alicante,Private,ICE,6
2024,05,PORSCHE,03,Alicante,Private,PHEV,2
2024,05,PORSCHE,03,Alicante,RAC,ICE,2
2024,05,RENAULT,03,Alicante,Corporate,BEV,7
2024,05,RENAULT,03,Alicante,Corporate,ICE,56
2024,05,RENAULT,03,Alicante,Private,BEV,1
2024,05,RENAULT,03,Alicante,Private,ICE,144
2024,05,RENAULT,03,Alicante,RAC,ICE,126
2024,05,RODRIGUEZ LOPEZ AUTO,03,Alicante,Private,ICE,6
2024,05,SARTRUCK,03,Alicante,Corporate,ICE,1
2024,05,SEAT,03,Alicante,Corporate,ICE,25
2024,05,SEAT,03,Alicante,Private,ICE,101
2024,05,SEMICARFRAN SL,03,Alicante,Corporate,ICE,2
2024,05,SEMICARFRAN SL,03,Alicante,RAC,ICE,1
2024,05,SHINERAY,03,Alicante,Private,ICE,2
2024,05,SILENCE,03,Alicante,Private,BEV,1
2024,05,SIN MARCA,03,Alicante,Private,ICE,1
2024,05,SKODA,03,Alicante,Corporate,ICE,10
2024,05,SKODA,03,Alicante,Private,BEV,1
2024,05,SKODA,03,Alicante,Private,ICE,46
2024,05,SKODA,03,Alicante,RAC,ICE,7
2024,05,SKYWELL,03,Alicante,Corporate,BEV,1
2024,05,SMART,03,Alicante,Corporate,BEV,1
2024,05,SMART,03,Alicante,Private,BEV,6
2024,05,SSANGYONG,03,Alicante,Private,ICE,15
2024,05,SUBARU,03,Alicante,Corporate,ICE,1
2024,05,SUZUKI,03,Alicante,Corporate,ICE,1
2024,05,SUZUKI,03,Alicante,Private,ICE,18
2024,05,TECNOCARSA,03,Alicante,Corporate,ICE,3
2024,05,TECNOCARSA,03,Alicante,Private,ICE,1
2024,05,"TECNOCARSA, S.L.",03,Alicante,Corporate,ICE,1
2024,05,TESLA,03,Alicante,Corporate,BEV,9
2024,05,TESLA,03,Alicante,Private,BEV,41
2024,05,TGB,03,Alicante,Private,ICE,2
2024,05,TOYOTA,03,Alicante,Corporate,BEV,2
2024,05,TOYOTA,03,Alicante,Corporate,ICE,39
2024,05,TOYOTA,03,Alicante,Private,ICE,175
2024,05,TOYOTA,03,Alicante,Private,PHEV,3
2024,05,TRANSPOL,03,Alicante,Corporate,ICE,1
2024,05,TRUCK DEAL,03,Alicante,Corporate,ICE,6
2024,05,VOLKSWAGEN,03,Alicante,Corporate,ICE,16
2024,05,VOLKSWAGEN,03,Alicante,Corporate,PHEV,3
2024,05,VOLKSWAGEN,03,Alicante,Private,BEV,1
2024,05,VOLKSWAGEN,03,Alicante,Private,ICE,109
2024,05,VOLKSWAGEN,03,Alicante,Private,PHEV,5
2024,05,VOLKSWAGEN,03,Alicante,RAC,ICE,280
2024,05,VOLQUETES GONZALVEZ,03,Alicante,Corporate,ICE,4
2024,05,VOLVO,03,Alicante,Corporate,BEV,6
2024,05,VOLVO,03,Alicante,Corporate,ICE,3
2024,05,VOLVO,03,Alicante,Private,BEV,3
2024,05,VOLVO,03,Alicante,Private,ICE,8
2024,05,ALTAS AUTO,04,Almería,Corporate,ICE,1
2024,05,AUDI,04,Almería,Corporate,ICE,3
2024,05,AUDI,04,Almería,Private,BEV,1
2024,05,AUDI,04,Almería,Private,ICE,18
2024,05,BAHIA V.I.,04,Almería,Corporate,ICE,1
2024,05,BENIMAR,04,Almería,Private,ICE,2
2024,05,BMW,04,Almería,Corporate,ICE,8
2024,05,BMW,04,Almería,Corporate,PHEV,2
2024,05,BMW,04,Almería,Private,BEV,1
2024,05,BMW,04,Almería,Private,ICE,29
2024,05,BMW,04,Almería,Private,PHEV,1
2024,05,BYD,04,Almería,Private,BEV,2
2024,05,CFMOTO,04,Almería,Private,ICE,1
2024,05,CITROEN,04,Almería,Corporate,ICE,8
2024,05,CITROEN,04,Almería,Corporate,PHEV,1
2024,05,CITROEN,04,Almería,Private,BEV,1
2024,05,CITROEN,04,Almería,Private,ICE,17
2024,05,CITROEN,04,Almería,Private,PHEV,1
2024,05,CORVUS,04,Almería,Corporate,ICE,2
2024,05,CORVUS,04,Almería,Private,ICE,1
2024,05,CUPRA,04,Almería,Corporate,ICE,1
2024,05,CUPRA,04,Almería,Corporate,PHEV,1
2024,05,CUPRA,04,Almería,Private,ICE,10
2024,05,DACIA,04,Almería,Corporate,ICE,5
2024,05,DACIA,04,Almería,Private,ICE,53
2024,05,DFSK,04,Almería,Private,ICE,2
2024,05,ELECTROHIDRAULICA S P,04,Almería,Corporate,ICE,1
2024,05,FIAT,04,Almería,Corporate,ICE,1
2024,05,FIAT,04,Almería,Private,ICE,1
2024,05,FORD,04,Almería,Corporate,ICE,41
2024,05,FORD,04,Almería,Private,BEV,1
2024,05,FORD,04,Almería,Private,ICE,22
2024,05,FORD,04,Almería,Private,PHEV,4
2024,05,GALO HEREDIA,04,Almería,Corporate,ICE,1
2024,05,GOMEZ,04,Almería,Corporate,ICE,1
2024,05,HERMONT,04,Almería,Corporate,ICE,2
2024,05,HYUNDAI,04,Almería,Corporate,ICE,20
2024,05,HYUNDAI,04,Almería,Private,BEV,1
2024,05,HYUNDAI,04,Almería,Private,ICE,24
2024,05,IBERICA DE ISOTERMIZ,04,Almería,Corporate,ICE,3
2024,05,IBERICA DE ISOTERMIZ,04,Almería,Private,ICE,1
2024,05,IGLUVAN,04,Almería,Corporate,ICE,1
2024,05,IVECO,04,Almería,Corporate,ICE,5
2024,05,IVECO,04,Almería,Private,ICE,1
2024,05,JEANJE,04,Almería,Corporate,ICE,1
2024,05,JEEP,04,Almería,Private,PHEV,2
2024,05,KIA,04,Almería,Corporate,ICE,1
2024,05,KIA,04,Almería,Private,ICE,37
2024,05,KIA,04,Almería,RAC,ICE,2
2024,05,LAND ROVER,04,Almería,Corporate,ICE,4
2024,05,LEXUS,04,Almería,Private,ICE,2
2024,05,LIGIER,04,Almería,Private,ICE,1
2024,05,MAXUS,04,Almería,Corporate,ICE,1
2024,05,MAXUS,04,Almería,RAC,ICE,1
2024,05,MAZDA,04,Almería,Private,ICE,11
2024,05,MEBAUTO,04,Almería,Corporate,ICE,1
2024,05,MERCEDES,04,Almería,Corporate,ICE,19
2024,05,MERCEDES,04,Almería,Corporate,PHEV,9
2024,05,MERCEDES,04,Almería,Private,BEV,1
2024,05,MERCEDES,04,Almería,Private,ICE,9
2024,05,MERCEDES,04,Almería,Private,PHEV,10
2024,05,MERCEDES-V,04,Almería,Corporate,ICE,2
2024,05,MG,04,Almería,Corporate,ICE,1
2024,05,MG,04,Almería,Private,ICE,28
2024,05,MINI,04,Almería,Corporate,ICE,1
2024,05,MINI,04,Almería,Private,ICE,2
2024,05,MITSUBISHI,04,Almería,Corporate,ICE,3
2024,05,MITSUBISHI,04,Almería,Private,ICE,2
2024,05,MITSUBISHI FUSO,04,Almería,RAC,ICE,3
2024,05,MOVEX,04,Almería,RAC,ICE,2
2024,05,NISSAN,04,Almería,Corporate,ICE,6
2024,05,NISSAN,04,Almería,Private,BEV,1
2024,05,NISSAN,04,Almería,Private,ICE,17
2024,05,OMODA,04,Almería,Corporate,ICE,1
2024,05,OMODA,04,Almería,Private,ICE,12
2024,05,OPEL,04,Almería,Corporate,ICE,3
2024,05,OPEL,04,Almería,Private,ICE,4
2024,05,OPEL,04,Almería,Private,PHEV,1
2024,05,PALFINGER,04,Almería,Corporate,ICE,1
2024,05,PEUGEOT,04,Almería,Corporate,ICE,7
2024,05,PEUGEOT,04,Almería,Private,ICE,15
2024,05,PEUGEOT,04,Almería,Private,PHEV,1
2024,05,PEUGEOT,04,Almería,RAC,ICE,6
2024,05,POLARIS,04,Almería,Corporate,ICE,2
2024,05,PORSCHE,04,Almería,Corporate,ICE,1
2024,05,RAPIDO,04,Almería,Private,ICE,1
2024,05,RENAULT,04,Almería,Corporate,BEV,1
2024,05,RENAULT,04,Almería,Corporate,ICE,26
2024,05,RENAULT,04,Almería,Private,ICE,46
2024,05,RENAULT TRUCKS,04,Almería,Corporate,ICE,1
2024,05,SEAT,04,Almería,Corporate,ICE,10
2024,05,SEAT,04,Almería,Private,ICE,34
2024,05,SKODA,04,Almería,Corporate,ICE,4
2024,05,SKODA,04,Almería,Private,ICE,10
2024,05,SMART,04,Almería,Private,BEV,1
2024,05,SUZUKI,04,Almería,Private,ICE,6
2024,05,TESLA,04,Almería,Private,BEV,14
2024,05,TOYOTA,04,Almería,Corporate,BEV,2
2024,05,TOYOTA,04,Almería,Corporate,ICE,19
2024,05,TOYOTA,04,Almería,Corporate,PHEV,2
2024,05,TOYOTA,04,Almería,Private,ICE,51
2024,05,TOYOTA,04,Almería,Private,PHEV,1
2024,05,VOLKSWAGEN,04,Almería,Corporate,ICE,6
2024,05,VOLKSWAGEN,04,Almería,Private,BEV,2
2024,05,VOLKSWAGEN,04,Almería,Private,ICE,29
2024,05,VOLKSWAGEN,04,Almería,Private,PHEV,3
2024,05,VOLVO,04,Almería,Corporate,ICE,3
2024,05,VOLVO,04,Almería,Private,ICE,4
2024,05,VPS,04,Almería,Corporate,ICE,1
2024,05,BMW,05,Ávila,Corporate,ICE,1
2024,05,BMW,05,Ávila,Private,ICE,2
2024,05,CALZADA,05,Ávila,Private,ICE,1
2024,05,CFMOTO,05,Ávila,Private,ICE,1
2024,05,CITROEN,05,Ávila,Corporate,ICE,1
2024,05,CITROEN,05,Ávila,Private,ICE,3
2024,05,DACIA,05,Ávila,Private,ICE,9
2024,05,DIVISEGUR CATALUNYA,05,Ávila,Corporate,ICE,1
2024,05,ERKE,05,Ávila,Corporate,ICE,1
2024,05,FIAT,05,Ávila,Corporate,ICE,5
2024,05,FORD,05,Ávila,Corporate,ICE,1
2024,05,FORD,05,Ávila,Private,ICE,4
2024,05,FORD,05,Ávila,Private,PHEV,1
2024,05,GRUAUTO,05,Ávila,Corporate,ICE,1
2024,05,HYUNDAI,05,Ávila,Corporate,ICE,1
2024,05,HYUNDAI,05,Ávila,Private,ICE,11
2024,05,INCIPRESA,05,Ávila,Corporate,ICE,5
2024,05,IVECO,05,Ávila,Corporate,ICE,1
2024,05,JEEP,05,Ávila,Corporate,BEV,1
2024,05,JEEP,05,Ávila,Corporate,ICE,3
2024,05,JEEP,05,Ávila,Corporate,PHEV,2
2024,05,KIA,05,Ávila,Corporate,ICE,2
2024,05,KIA,05,Ávila,Private,ICE,5
2024,05,MAN,05,Ávila,Corporate,ICE,1
2024,05,MAZDA,05,Ávila,Private,ICE,6
2024,05,MERCEDES,05,Ávila,Corporate,ICE,3
2024,05,MERCEDES,05,Ávila,Private,ICE,1
2024,05,MG,05,Ávila,Corporate,ICE,1
2024,05,MG,05,Ávila,Private,ICE,5
2024,05,MITSUBISHI,05,Ávila,Private,ICE,1
2024,05,MITSUBISHI,05,Ávila,Private,PHEV,1
2024,05,NISSAN,05,Ávila,Corporate,ICE,1
2024,05,NISSAN,05,Ávila,Private,ICE,5
2024,05,OMODA,05,Ávila,Private,ICE,3
2024,05,OPEL,05,Ávila,Private,ICE,2
2024,05,PEUGEOT,05,Ávila,Private,ICE,3
2024,05,PEUGEOT,05,Ávila,Private,PHEV,1
2024,05,RENAULT,05,Ávila,Corporate,BEV,1
2024,05,RENAULT,05,Ávila,Corporate,ICE,7
2024,05,RENAULT,05,Ávila,Private,ICE,3
2024,05,ROLLER TEAM,05,Ávila,RAC,ICE,1
2024,05,SEAT,05,Ávila,Private,ICE,8
2024,05,SKODA,05,Ávila,Private,ICE,3
2024,05,SSANGYONG,05,Ávila,Private,ICE,2
2024,05,SUZUKI,05,Ávila,Corporate,ICE,1
2024,05,SUZUKI,05,Ávila,Private,ICE,2
2024,05,TESLA,05,Ávila,Private,BEV,2
2024,05,TOYOTA,05,Ávila,Corporate,ICE,10
2024,05,TOYOTA,05,Ávila,Private,ICE,9
2024,05,TOYOTA,05,Ávila,RAC,ICE,1
2024,05,VOLKSWAGEN,05,Ávila,Private,ICE,2
2024,05,VOLVO,05,Ávila,Corporate,ICE,2
2024,05,VOLVO,05,Ávila,Private,ICE,3
2024,05,AUDI,06,Badajoz,Corporate,ICE,4
2024,05,AUDI,06,Badajoz,Private,ICE,10
2024,05,AUDI,06,Badajoz,Private,PHEV,2
2024,05,BMW,06,Badajoz,Corporate,BEV,1
2024,05,BMW,06,Badajoz,Corporate,ICE,6
2024,05,BMW,06,Badajoz,Private,BEV,2
2024,05,BMW,06,Badajoz,Private,ICE,5
2024,05,CFMOTO,06,Badajoz,Private,ICE,2
2024,05,CHALLENGER,06,Badajoz,Private,ICE,1
2024,05,CITROEN,06,Badajoz,Corporate,BEV,1
2024,05,CITROEN,06,Badajoz,Corporate,ICE,4
2024,05,CITROEN,06,Badajoz,Private,BEV,1
2024,05,CITROEN,06,Badajoz,Private,ICE,12
2024,05,CUPRA,06,Badajoz,Corporate,ICE,2
2024,05,CUPRA,06,Badajoz,Corporate,PHEV,1
2024,05,CUPRA,06,Badajoz,Private,ICE,3
2024,05,DACIA,06,Badajoz,Corporate,ICE,1
2024,05,DACIA,06,Badajoz,Private,ICE,16
2024,05,DACIA,06,Badajoz,RAC,ICE,1
2024,05,DIVISEGUR CATALUNYA,06,Badajoz,Corporate,ICE,1
2024,05,DONOSO,06,Badajoz,Corporate,ICE,1
2024,05,FIAT,06,Badajoz,Private,BEV,1
2024,05,FORD,06,Badajoz,Corporate,ICE,14
2024,05,FORD,06,Badajoz,Private,ICE,14
2024,05,FORD,06,Badajoz,Private,PHEV,1
2024,05,GRAU,06,Badajoz,Corporate,BEV,9
2024,05,HONDA,06,Badajoz,Private,ICE,1
2024,05,HYUNDAI,06,Badajoz,Corporate,ICE,16
2024,05,HYUNDAI,06,Badajoz,Private,ICE,30
2024,05,HYUNDAI,06,Badajoz,Private,PHEV,1
2024,05,IGLUVAN,06,Badajoz,Corporate,ICE,4
2024,05,IVECO,06,Badajoz,Corporate,ICE,1
2024,05,KIA,06,Badajoz,Corporate,ICE,19
2024,05,KIA,06,Badajoz,Private,BEV,1
2024,05,KIA,06,Badajoz,Private,ICE,22
2024,05,LEXUS,06,Badajoz,Corporate,PHEV,1
2024,05,LEXUS,06,Badajoz,Private,ICE,1
2024,05,LIGIER,06,Badajoz,Private,ICE,1
2024,05,MAZDA,06,Badajoz,Corporate,ICE,4
2024,05,MAZDA,06,Badajoz,Private,ICE,10
2024,05,MERCEDES,06,Badajoz,Corporate,BEV,1
2024,05,MERCEDES,06,Badajoz,Corporate,ICE,12
2024,05,MERCEDES,06,Badajoz,Corporate,PHEV,4
2024,05,MERCEDES,06,Badajoz,Private,BEV,1
2024,05,MERCEDES,06,Badajoz,Private,ICE,6
2024,05,MERCEDES-V,06,Badajoz,Corporate,ICE,2
2024,05,MG,06,Badajoz,Private,ICE,25
2024,05,MINI,06,Badajoz,Corporate,ICE,2
2024,05,MITSUBISHI,06,Badajoz,Corporate,ICE,1
2024,05,NISSAN,06,Badajoz,Corporate,ICE,7
2024,05,NISSAN,06,Badajoz,Private,ICE,16
2024,05,OMODA,06,Badajoz,Corporate,ICE,1
2024,05,OMODA,06,Badajoz,Private,ICE,10
2024,05,OPEL,06,Badajoz,Corporate,BEV,1
2024,05,OPEL,06,Badajoz,Corporate,ICE,1
2024,05,OPEL,06,Badajoz,Private,ICE,5
2024,05,PEUGEOT,06,Badajoz,Corporate,BEV,4
2024,05,PEUGEOT,06,Badajoz,Private,ICE,12
2024,05,PEUGEOT,06,Badajoz,RAC,ICE,1
2024,05,POLARIS,06,Badajoz,Corporate,ICE,1
2024,05,QUADDY,06,Badajoz,Corporate,ICE,1
2024,05,REHATRANS,06,Badajoz,Corporate,ICE,1
2024,05,RENAULT,06,Badajoz,Corporate,BEV,1
2024,05,RENAULT,06,Badajoz,Corporate,ICE,25
2024,05,RENAULT,06,Badajoz,Private,ICE,14
2024,05,RIMOR,06,Badajoz,Private,ICE,1
2024,05,SEAT,06,Badajoz,Corporate,ICE,9
2024,05,SEAT,06,Badajoz,Private,ICE,13
2024,05,SKODA,06,Badajoz,Corporate,ICE,3
2024,05,SKODA,06,Badajoz,Private,ICE,8
2024,05,SOCAGE,06,Badajoz,Corporate,ICE,1
2024,05,SSANGYONG,06,Badajoz,Private,ICE,1
2024,05,SUZUKI,06,Badajoz,Private,ICE,5
2024,05,TECNOVE FIBERGLASS,06,Badajoz,Corporate,ICE,4
2024,05,TESLA,06,Badajoz,Corporate,BEV,1
2024,05,TESLA,06,Badajoz,Private,BEV,5
2024,05,TOYOTA,06,Badajoz,Corporate,ICE,18
2024,05,TOYOTA,06,Badajoz,Corporate,PHEV,1
2024,05,TOYOTA,06,Badajoz,Private,ICE,45
2024,05,VOLKSWAGEN,06,Badajoz,Corporate,ICE,4
2024,05,VOLKSWAGEN,06,Badajoz,Corporate,PHEV,2
2024,05,VOLKSWAGEN,06,Badajoz,Private,ICE,24
2024,05,VOLVO,06,Badajoz,Corporate,BEV,1
2024,05,ASTON MARTIN,07,Baleares,Private,ICE,1
2024,05,AUDI,07,Baleares,Corporate,ICE,18
2024,05,AUDI,07,Baleares,Corporate,PHEV,3
2024,05,AUDI,07,Baleares,Private,BEV,1
2024,05,AUDI,07,Baleares,Private,ICE,28
2024,05,AUDI,07,Baleares,Private,PHEV,9
2024,05,BENIMAR,07,Baleares,Private,ICE,3
2024,05,BMW,07,Baleares,Corporate,BEV,9
2024,05,BMW,07,Baleares,Corporate,ICE,29
2024,05,BMW,07,Baleares,Corporate,PHEV,1
2024,05,BMW,07,Baleares,Private,BEV,5
2024,05,BMW,07,Baleares,Private,ICE,10
2024,05,BMW,07,Baleares,RAC,ICE,7
2024,05,BYD,07,Baleares,Private,BEV,3
2024,05,CARROCERIAS SEVILLA,07,Baleares,Corporate,BEV,3
2024,05,CFMOTO,07,Baleares,Private,ICE,1
2024,05,CHALLENGER,07,Baleares,Corporate,ICE,1
2024,05,CITROEN,07,Baleares,Corporate,BEV,3
2024,05,CITROEN,07,Baleares,Corporate,ICE,12
2024,05,CITROEN,07,Baleares,Corporate,PHEV,1
2024,05,CITROEN,07,Baleares,Private,BEV,5
2024,05,CITROEN,07,Baleares,Private,ICE,41
2024,05,CITROEN,07,Baleares,Private,PHEV,1
2024,05,CITROEN,07,Baleares,RAC,ICE,104
2024,05,COINPOL,07,Baleares,Corporate,ICE,2
2024,05,CUPRA,07,Baleares,Corporate,BEV,1
2024,05,CUPRA,07,Baleares,Corporate,ICE,2
2024,05,CUPRA,07,Baleares,Corporate,PHEV,1
2024,05,CUPRA,07,Baleares,Private,BEV,2
2024,05,CUPRA,07,Baleares,Private,ICE,8
2024,05,CUPRA,07,Baleares,Private,PHEV,5
2024,05,DACIA,07,Baleares,Corporate,ICE,6
2024,05,DACIA,07,Baleares,Private,BEV,4
2024,05,DACIA,07,Baleares,Private,ICE,122
2024,05,DACIA,07,Baleares,RAC,ICE,2
2024,05,DFSK,07,Baleares,Corporate,ICE,1
2024,05,FERQUI,07,Baleares,Corporate,ICE,1
2024,05,FIAT,07,Baleares,Corporate,BEV,1
2024,05,FIAT,07,Baleares,Corporate,ICE,14
2024,05,FIAT,07,Baleares,Private,BEV,4
2024,05,FIAT,07,Baleares,Private,ICE,7
2024,05,FIAT,07,Baleares,RAC,ICE,20
2024,05,FORD,07,Baleares,Corporate,BEV,1
2024,05,FORD,07,Baleares,Corporate,ICE,68
2024,05,FORD,07,Baleares,Corporate,PHEV,2
2024,05,FORD,07,Baleares,Private,BEV,2
2024,05,FORD,07,Baleares,Private,ICE,49
2024,05,FORD,07,Baleares,Private,PHEV,2
2024,05,FORD,07,Baleares,RAC,ICE,3
2024,05,GIOTTILINE,07,Baleares,Private,ICE,2
2024,05,GIOTTILINE,07,Baleares,RAC,ICE,2
2024,05,GOMEZ,07,Baleares,Corporate,ICE,2
2024,05,HONDA,07,Baleares,Private,ICE,3
2024,05,HYUNDAI,07,Baleares,Corporate,BEV,2
2024,05,HYUNDAI,07,Baleares,Corporate,ICE,11
2024,05,HYUNDAI,07,Baleares,Corporate,PHEV,2
2024,05,HYUNDAI,07,Baleares,Private,BEV,2
2024,05,HYUNDAI,07,Baleares,Private,ICE,100
2024,05,HYUNDAI,07,Baleares,Private,PHEV,2
2024,05,HYUNDAI,07,Baleares,RAC,ICE,639
2024,05,IGLUVAN,07,Baleares,Corporate,ICE,1
2024,05,IGLUVAN,07,Baleares,RAC,ICE,6
2024,05,IRIZAR,07,Baleares,Corporate,ICE,1
2024,05,ISUZU,07,Baleares,Corporate,ICE,12
2024,05,ISUZU,07,Baleares,Private,ICE,1
2024,05,ISUZU,07,Baleares,RAC,ICE,2
2024,05,IVECO,07,Baleares,Corporate,ICE,8
2024,05,IVECO,07,Baleares,Private,ICE,1
2024,05,IVECO,07,Baleares,RAC,ICE,2
2024,05,IVECO BUS,07,Baleares,Corporate,ICE,1
2024,05,JEEP,07,Baleares,Corporate,BEV,1
2024,05,JEEP,07,Baleares,Corporate,ICE,2
2024,05,JEEP,07,Baleares,Corporate,PHEV,2
2024,05,JEEP,07,Baleares,Private,BEV,1
2024,05,JEEP,07,Baleares,Private,ICE,5
2024,05,JEEP,07,Baleares,Private,PHEV,3
2024,05,JEEP,07,Baleares,RAC,ICE,7
2024,05,KIA,07,Baleares,Corporate,BEV,2
2024,05,KIA,07,Baleares,Corporate,ICE,7
2024,05,KIA,07,Baleares,Corporate,PHEV,1
2024,05,KIA,07,Baleares,Private,BEV,6
2024,05,KIA,07,Baleares,Private,ICE,75
2024,05,KIA,07,Baleares,Private,PHEV,1
2024,05,KIA,07,Baleares,RAC,ICE,5
2024,05,KNAUS,07,Baleares,Private,ICE,1
2024,05,LAND ROVER,07,Baleares,Corporate,ICE,1
2024,05,LAND ROVER,07,Baleares,Corporate,PHEV,4
2024,05,LAND ROVER,07,Baleares,Private,ICE,3
2024,05,LAND ROVER,07,Baleares,Private,PHEV,7
2024,05,LAND ROVER,07,Baleares,RAC,PHEV,1
2024,05,LEXUS,07,Baleares,Corporate,BEV,1
2024,05,LEXUS,07,Baleares,Corporate,ICE,3
2024,05,LEXUS,07,Baleares,Corporate,PHEV,1
2024,05,LEXUS,07,Baleares,Private,BEV,2
2024,05,LEXUS,07,Baleares,Private,ICE,10
2024,05,LEXUS,07,Baleares,Private,PHEV,1
2024,05,LIGIER,07,Baleares,Corporate,ICE,3
2024,05,LIGIER,07,Baleares,Private,ICE,4
2024,05,MAN,07,Baleares,Corporate,ICE,5
2024,05,MAXUS,07,Baleares,Corporate,BEV,6
2024,05,MAZDA,07,Baleares,Corporate,ICE,1
2024,05,MAZDA,07,Baleares,Private,ICE,19
2024,05,MCLOUIS,07,Baleares,Private,ICE,1
2024,05,MCLOUIS,07,Baleares,RAC,ICE,1
2024,05,MEBAUTO,07,Baleares,Corporate,ICE,4
2024,05,MERCEDES,07,Baleares,Corporate,BEV,3
2024,05,MERCEDES,07,Baleares,Corporate,ICE,27
2024,05,MERCEDES,07,Baleares,Private,ICE,17
2024,05,MERCEDES,07,Baleares,Private,PHEV,6
2024,05,MERCEDES,07,Baleares,RAC,ICE,12
2024,05,MERCEDES-AMG,07,Baleares,Private,ICE,1
2024,05,MERCEDES-V,07,Baleares,Corporate,ICE,5
2024,05,MG,07,Baleares,Corporate,BEV,1
2024,05,MG,07,Baleares,Corporate,ICE,1
2024,05,MG,07,Baleares,Private,ICE,46
2024,05,MG,07,Baleares,Private,PHEV,2
2024,05,MICROCAR,07,Baleares,Private,ICE,3
2024,05,MINI,07,Baleares,Corporate,BEV,1
2024,05,MINI,07,Baleares,Corporate,ICE,16
2024,05,MINI,07,Baleares,Corporate,PHEV,7
2024,05,MINI,07,Baleares,Private,BEV,1
2024,05,MINI,07,Baleares,Private,ICE,9
2024,05,MINI,07,Baleares,RAC,ICE,2
2024,05,MITSUBISHI,07,Baleares,Corporate,ICE,2
2024,05,MITSUBISHI,07,Baleares,Private,ICE,4
2024,05,MITSUBISHI FUSO,07,Baleares,Corporate,ICE,4
2024,05,MITSUBISHI FUSO,07,Baleares,RAC,ICE,1
2024,05,NISSAN,07,Baleares,Corporate,BEV,1
2024,05,NISSAN,07,Baleares,Corporate,ICE,10
2024,05,NISSAN,07,Baleares,Private,ICE,33
2024,05,NISSAN,07,Baleares,RAC,ICE,8
2024,05,NORANTZ,07,Baleares,Private,ICE,1
2024,05,NOROESTE,07,Baleares,Corporate,ICE,1
2024,05,OMODA,07,Baleares,Private,ICE,11
2024,05,OPEL,07,Baleares,Corporate,BEV,2
2024,05,OPEL,07,Baleares,Corporate,ICE,12
2024,05,OPEL,07,Baleares,Private,BEV,2
2024,05,OPEL,07,Baleares,Private,ICE,52
2024,05,OPEL,07,Baleares,RAC,ICE,104
2024,05,PEUGEOT,07,Baleares,Corporate,BEV,7
2024,05,PEUGEOT,07,Baleares,Corporate,ICE,18
2024,05,PEUGEOT,07,Baleares,Private,BEV,5
2024,05,PEUGEOT,07,Baleares,Private,ICE,56
2024,05,PEUGEOT,07,Baleares,Private,PHEV,1
2024,05,PEUGEOT,07,Baleares,RAC,ICE,37
2024,05,PIAGGIO,07,Baleares,Corporate,ICE,1
2024,05,POLARIS,07,Baleares,Private,ICE,1
2024,05,PORSCHE,07,Baleares,Corporate,ICE,3
2024,05,PORSCHE,07,Baleares,Private,ICE,5
2024,05,PORSCHE,07,Baleares,Private,PHEV,2
2024,05,PORSCHE,07,Baleares,RAC,BEV,2
2024,05,PORSCHE,07,Baleares,RAC,ICE,4
2024,05,PORSCHE,07,Baleares,RAC,PHEV,1
2024,05,RAPIDO,07,Baleares,Private,ICE,1
2024,05,RENAULT,07,Baleares,Corporate,BEV,5
2024,05,RENAULT,07,Baleares,Corporate,ICE,61
2024,05,RENAULT,07,Baleares,Private,BEV,1
2024,05,RENAULT,07,Baleares,Private,ICE,75
2024,05,RENAULT,07,Baleares,RAC,ICE,66
2024,05,ROLLER TEAM,07,Baleares,Private,ICE,1
2024,05,ROMU,07,Baleares,Corporate,ICE,1
2024,05,SEAT,07,Baleares,Corporate,ICE,12
2024,05,SEAT,07,Baleares,Private,ICE,75
2024,05,SEAT,07,Baleares,Private,PHEV,2
2024,05,SEAT,07,Baleares,RAC,ICE,71
2024,05,SIN MARCA,07,Baleares,Corporate,PHEV,1
2024,05,SIN MARCA,07,Baleares,Private,ICE,1
2024,05,SIN MARCA,07,Baleares,Private,PHEV,2
2024,05,SKODA,07,Baleares,Corporate,ICE,1
2024,05,SKODA,07,Baleares,Private,ICE,36
2024,05,SKODA,07,Baleares,RAC,ICE,12
2024,05,SMART,07,Baleares,Corporate,BEV,2
2024,05,SOCAGE,07,Baleares,Corporate,ICE,1
2024,05,SSANGYONG,07,Baleares,Corporate,ICE,2
2024,05,SSANGYONG,07,Baleares,Private,ICE,7
2024,05,STIL CONVERSION,07,Baleares,Private,ICE,1
2024,05,SUBARU,07,Baleares,Corporate,ICE,1
2024,05,SUBARU,07,Baleares,Private,ICE,1
2024,05,SUBIELA,07,Baleares,Corporate,ICE,2
2024,05,SUZUKI,07,Baleares,Corporate,ICE,2
2024,05,SUZUKI,07,Baleares,Private,ICE,12
2024,05,SUZUKI,07,Baleares,RAC,ICE,3
2024,05,TECNOVE FIBERGLASS,07,Baleares,Corporate,ICE,2
2024,05,TESLA,07,Baleares,Corporate,BEV,5
2024,05,TESLA,07,Baleares,Private,BEV,22
2024,05,TOYOTA,07,Baleares,Corporate,BEV,1
2024,05,TOYOTA,07,Baleares,Corporate,ICE,34
2024,05,TOYOTA,07,Baleares,Corporate,PHEV,2
2024,05,TOYOTA,07,Baleares,Private,BEV,3
2024,05,TOYOTA,07,Baleares,Private,ICE,188
2024,05,TOYOTA,07,Baleares,Private,PHEV,2
2024,05,TOYOTA,07,Baleares,RAC,ICE,20
2024,05,VOLKSWAGEN,07,Baleares,Corporate,BEV,2
2024,05,VOLKSWAGEN,07,Baleares,Corporate,ICE,24
2024,05,VOLKSWAGEN,07,Baleares,Private,BEV,4
2024,05,VOLKSWAGEN,07,Baleares,Private,ICE,82
2024,05,VOLKSWAGEN,07,Baleares,Private,PHEV,1
2024,05,VOLKSWAGEN,07,Baleares,RAC,ICE,14
2024,05,VOLVO,07,Baleares,Corporate,BEV,1
2024,05,VOLVO,07,Baleares,Corporate,ICE,1
2024,05,VOLVO,07,Baleares,Corporate,PHEV,2
2024,05,VOLVO,07,Baleares,Private,BEV,10
2024,05,VOLVO,07,Baleares,Private,ICE,6
2024,05,ABARTH,08,Barcelona,Corporate,BEV,1
2024,05,ADRIA,08,Barcelona,Private,ICE,5
2024,05,ADRIA,08,Barcelona,RAC,ICE,2
2024,05,ALFA ROMEO,08,Barcelona,Corporate,ICE,42
2024,05,ALFA ROMEO,08,Barcelona,Private,ICE,2
2024,05,ALFA ROMEO,08,Barcelona,RAC,ICE,3
2024,05,ALLIED VEHICLES LTD,08,Barcelona,Corporate,ICE,1
2024,05,ALPINE,08,Barcelona,Corporate,ICE,1
2024,05,ALPINE,08,Barcelona,Private,ICE,1
2024,05,ATALAYA,08,Barcelona,RAC,ICE,1
2024,05,AUDI,08,Barcelona,Corporate,BEV,3
2024,05,AUDI,08,Barcelona,Corporate,ICE,77
2024,05,AUDI,08,Barcelona,Corporate,PHEV,34
2024,05,AUDI,08,Barcelona,Private,ICE,84
2024,05,AUDI,08,Barcelona,Private,PHEV,15
2024,05,AUDI,08,Barcelona,RAC,ICE,14
2024,05,AUTOMOBILI LAMBORGHINI S.P.A.,08,Barcelona,Private,ICE,1
2024,05,AUTOMOBILI LAMBORGHINI S.P.A.,08,Barcelona,RAC,ICE,1
2024,05,BARBANY,08,Barcelona,Corporate,ICE,7
2024,05,BARBANY,08,Barcelona,Private,ICE,1
2024,05,BENIMAR,08,Barcelona,Private,ICE,6
2024,05,BENTLEY,08,Barcelona,Corporate,ICE,1
2024,05,BERGADANA,08,Barcelona,Private,ICE,16
2024,05,BMW,08,Barcelona,Corporate,BEV,6
2024,05,BMW,08,Barcelona,Corporate,ICE,65
2024,05,BMW,08,Barcelona,Corporate,PHEV,10
2024,05,BMW,08,Barcelona,Private,BEV,9
2024,05,BMW,08,Barcelona,Private,ICE,80
2024,05,BMW,08,Barcelona,Private,PHEV,4
2024,05,BOMBARDIER,08,Barcelona,Private,ICE,1
2024,05,BRETCHA,08,Barcelona,Corporate,ICE,1
2024,05,BRP,08,Barcelona,Corporate,ICE,1
2024,05,BRP,08,Barcelona,Private,ICE,2
2024,05,BUNKERVAN,08,Barcelona,Private,ICE,1
2024,05,BYD,08,Barcelona,Corporate,BEV,12
2024,05,BYD,08,Barcelona,Private,BEV,26
2024,05,CAMPEREVE,08,Barcelona,Private,ICE,1
2024,05,CAPRON,08,Barcelona,Private,ICE,2
2024,05,CAPRON,08,Barcelona,RAC,ICE,6
2024,05,"CARROCERIAS SANCA, S.A.",08,Barcelona,Private,ICE,1
2024,05,CARROCERIAS SEVILLA,08,Barcelona,Corporate,ICE,5
2024,05,CAYVOL,08,Barcelona,Corporate,ICE,6
2024,05,CFMOTO,08,Barcelona,Corporate,ICE,3
2024,05,CFMOTO,08,Barcelona,Private,ICE,1
2024,05,CHALLENGER,08,Barcelona,Private,ICE,2
2024,05,CHALLENGER,08,Barcelona,RAC,ICE,3
2024,05,CI,08,Barcelona,Private,ICE,2
2024,05,CITROEN,08,Barcelona,Corporate,BEV,5
2024,05,CITROEN,08,Barcelona,Corporate,ICE,56
2024,05,CITROEN,08,Barcelona,Corporate,PHEV,2
2024,05,CITROEN,08,Barcelona,Private,BEV,15
2024,05,CITROEN,08,Barcelona,Private,ICE,96
2024,05,CITROEN,08,Barcelona,Private,PHEV,6
2024,05,COINPOL,08,Barcelona,Corporate,ICE,2
2024,05,CUPRA,08,Barcelona,Corporate,BEV,35
2024,05,CUPRA,08,Barcelona,Corporate,ICE,57
2024,05,CUPRA,08,Barcelona,Corporate,PHEV,23
2024,05,CUPRA,08,Barcelona,Private,BEV,6
2024,05,CUPRA,08,Barcelona,Private,ICE,124
2024,05,CUPRA,08,Barcelona,Private,PHEV,30
2024,05,CUPRA,08,Barcelona,RAC,ICE,1
2024,05,DACIA,08,Barcelona,Corporate,ICE,48
2024,05,DACIA,08,Barcelona,Private,BEV,1
2024,05,DACIA,08,Barcelona,Private,ICE,353
2024,05,DETHLEFFS,08,Barcelona,Private,ICE,4
2024,05,DETHLEFFS,08,Barcelona,RAC,ICE,2
2024,05,DFSK,08,Barcelona,Corporate,BEV,4
2024,05,DFSK,08,Barcelona,Corporate,ICE,1
2024,05,DFSK,08,Barcelona,Private,ICE,1
2024,05,DIVISEGUR CATALUNYA,08,Barcelona,Corporate,ICE,2
2024,05,DIVISEGUR CATALUNYA,08,Barcelona,Private,ICE,1
2024,05,DR,08,Barcelona,Private,ICE,1
2024,05,DREAMER,08,Barcelona,RAC,ICE,1
2024,05,ELNAGH,08,Barcelona,RAC,ICE,2
2024,05,EQUIPFRED,08,Barcelona,Corporate,ICE,3
2024,05,EQUIPFRED,08,Barcelona,Private,ICE,2
2024,05,EQUIPFRED,08,Barcelona,RAC,ICE,1
2024,05,ERKE,08,Barcelona,Corporate,ICE,6
2024,05,ETRUSCO,08,Barcelona,Corporate,ICE,1
2024,05,EURA MOBIL,08,Barcelona,Private,ICE,2
2024,05,EUROGAZA,08,Barcelona,Corporate,ICE,1
2024,05,FERRARI,08,Barcelona,Corporate,PHEV,1
2024,05,FERRARI,08,Barcelona,Private,ICE,1
2024,05,FIAT,08,Barcelona,Corporate,BEV,1
2024,05,FIAT,08,Barcelona,Corporate,ICE,28
2024,05,FIAT,08,Barcelona,Private,BEV,3
2024,05,FIAT,08,Barcelona,Private,ICE,62
2024,05,FIAT,08,Barcelona,RAC,ICE,112
2024,05,FOIMA,08,Barcelona,Corporate,ICE,2
2024,05,FORD,08,Barcelona,Corporate,BEV,3
2024,05,FORD,08,Barcelona,Corporate,ICE,140
2024,05,FORD,08,Barcelona,Corporate,PHEV,10
2024,05,FORD,08,Barcelona,Private,BEV,7
2024,05,FORD,08,Barcelona,Private,ICE,144
2024,05,FORD,08,Barcelona,Private,PHEV,46
2024,05,FORD,08,Barcelona,RAC,ICE,3
2024,05,GRAU,08,Barcelona,Corporate,BEV,1
2024,05,GRUAUTO,08,Barcelona,Corporate,ICE,1
2024,05,HONDA,08,Barcelona,Corporate,ICE,8
2024,05,HONDA,08,Barcelona,Private,BEV,1
2024,05,HONDA,08,Barcelona,Private,ICE,44
2024,05,HYMER,08,Barcelona,RAC,ICE,1
2024,05,HYUNDAI,08,Barcelona,Corporate,BEV,3
2024,05,HYUNDAI,08,Barcelona,Corporate,ICE,32
2024,05,HYUNDAI,08,Barcelona,Corporate,PHEV,4
2024,05,HYUNDAI,08,Barcelona,Private,BEV,3
2024,05,HYUNDAI,08,Barcelona,Private,ICE,289
2024,05,HYUNDAI,08,Barcelona,Private,PHEV,4
2024,05,IGLUVAN,08,Barcelona,Corporate,ICE,1
2024,05,ISUZU,08,Barcelona,Corporate,ICE,3
2024,05,IVECO,08,Barcelona,Corporate,ICE,9
2024,05,IVECO,08,Barcelona,RAC,ICE,1
2024,05,IVECO BUS,08,Barcelona,Corporate,ICE,1
2024,05,JAGUAR,08,Barcelona,Corporate,PHEV,1
2024,05,JAGUAR,08,Barcelona,Private,ICE,1
2024,05,JEEP,08,Barcelona,Corporate,BEV,3
2024,05,JEEP,08,Barcelona,Corporate,ICE,8
2024,05,JEEP,08,Barcelona,Corporate,PHEV,1
2024,05,JEEP,08,Barcelona,Private,BEV,4
2024,05,JEEP,08,Barcelona,Private,ICE,30
2024,05,JEEP,08,Barcelona,Private,PHEV,6
2024,05,JEEP,08,Barcelona,RAC,ICE,76
2024,05,JOA CAMP,08,Barcelona,RAC,ICE,5
2024,05,KIA,08,Barcelona,Corporate,BEV,1
2024,05,KIA,08,Barcelona,Corporate,ICE,99
2024,05,KIA,08,Barcelona,Corporate,PHEV,6
2024,05,KIA,08,Barcelona,Private,BEV,16
2024,05,KIA,08,Barcelona,Private,ICE,282
2024,05,KIA,08,Barcelona,Private,PHEV,22
2024,05,KNAUS,08,Barcelona,Private,ICE,4
2024,05,LAND ROVER,08,Barcelona,Corporate,ICE,8
2024,05,LAND ROVER,08,Barcelona,Corporate,PHEV,4
2024,05,LAND ROVER,08,Barcelona,Private,ICE,2
2024,05,LAND ROVER,08,Barcelona,Private,PHEV,5
2024,05,LEXUS,08,Barcelona,Corporate,BEV,1
2024,05,LEXUS,08,Barcelona,Corporate,ICE,13
2024,05,LEXUS,08,Barcelona,Corporate,PHEV,4
2024,05,LEXUS,08,Barcelona,Private,ICE,58
2024,05,LEXUS,08,Barcelona,Private,PHEV,5
2024,05,LIGIER,08,Barcelona,Corporate,ICE,1
2024,05,LIGIER,08,Barcelona,Private,ICE,9
2024,05,LONCIN,08,Barcelona,Corporate,ICE,1
2024,05,LYNK & CO,08,Barcelona,RAC,PHEV,43
2024,05,MAN,08,Barcelona,Corporate,BEV,1
2024,05,MAN,08,Barcelona,Corporate,ICE,2
2024,05,MASERATI,08,Barcelona,Private,ICE,1
2024,05,MAXUS,08,Barcelona,Corporate,BEV,4
2024,05,MAZDA,08,Barcelona,Corporate,ICE,30
2024,05,MAZDA,08,Barcelona,Corporate,PHEV,5
2024,05,MAZDA,08,Barcelona,Private,ICE,126
2024,05,MAZDA,08,Barcelona,Private,PHEV,3
2024,05,MCLOUIS,08,Barcelona,Private,ICE,9
2024,05,MCLOUIS,08,Barcelona,RAC,ICE,8
2024,05,MEBAUTO,08,Barcelona,Corporate,ICE,2
2024,05,MERCEDES,08,Barcelona,Corporate,BEV,14
2024,05,MERCEDES,08,Barcelona,Corporate,ICE,89
2024,05,MERCEDES,08,Barcelona,Corporate,PHEV,32
2024,05,MERCEDES,08,Barcelona,Private,BEV,7
2024,05,MERCEDES,08,Barcelona,Private,ICE,69
2024,05,MERCEDES,08,Barcelona,Private,PHEV,31
2024,05,MERCEDES,08,Barcelona,RAC,ICE,2
2024,05,MERCEDES-V,08,Barcelona,Corporate,ICE,12
2024,05,MERCEDES-V,08,Barcelona,Private,ICE,8
2024,05,MERCEDES-V,08,Barcelona,RAC,ICE,10
2024,05,MG,08,Barcelona,Corporate,BEV,1
2024,05,MG,08,Barcelona,Corporate,ICE,9
2024,05,MG,08,Barcelona,Corporate,PHEV,1
2024,05,MG,08,Barcelona,Private,BEV,26
2024,05,MG,08,Barcelona,Private,ICE,95
2024,05,MG,08,Barcelona,Private,PHEV,8
2024,05,MICROCAR,08,Barcelona,Private,ICE,1
2024,05,MINI,08,Barcelona,Corporate,BEV,6
2024,05,MINI,08,Barcelona,Corporate,ICE,18
2024,05,MINI,08,Barcelona,Private,BEV,3
2024,05,MINI,08,Barcelona,Private,ICE,32
2024,05,MITSUBISHI,08,Barcelona,Private,ICE,9
2024,05,MOBILVETTA DESIGN,08,Barcelona,Private,ICE,1
2024,05,MOVEX,08,Barcelona,Corporate,ICE,5
2024,05,MOVEX,08,Barcelona,RAC,ICE,4
2024,05,NISSAN,08,Barcelona,Corporate,BEV,4
2024,05,NISSAN,08,Barcelona,Corporate,ICE,78
2024,05,NISSAN,08,Barcelona,Private,ICE,150
2024,05,OMODA,08,Barcelona,Corporate,BEV,1
2024,05,OMODA,08,Barcelona,Corporate,ICE,10
2024,05,OMODA,08,Barcelona,Private,ICE,110
2024,05,OPEL,08,Barcelona,Corporate,BEV,1
2024,05,OPEL,08,Barcelona,Corporate,ICE,101
2024,05,OPEL,08,Barcelona,Private,BEV,3
2024,05,OPEL,08,Barcelona,Private,ICE,63
2024,05,PALFINGER,08,Barcelona,RAC,ICE,6
2024,05,PEUGEOT,08,Barcelona,Corporate,BEV,12
2024,05,PEUGEOT,08,Barcelona,Corporate,ICE,79
2024,05,PEUGEOT,08,Barcelona,Corporate,PHEV,9
2024,05,PEUGEOT,08,Barcelona,Private,BEV,12
2024,05,PEUGEOT,08,Barcelona,Private,ICE,177
2024,05,PEUGEOT,08,Barcelona,Private,PHEV,1
2024,05,PEUGEOT,08,Barcelona,RAC,BEV,1
2024,05,PEUGEOT,08,Barcelona,RAC,ICE,16
2024,05,PILOTE,08,Barcelona,Private,ICE,2
2024,05,PILOTE,08,Barcelona,RAC,ICE,3
2024,05,POESSL,08,Barcelona,Private,ICE,1
2024,05,POLARIS,08,Barcelona,Corporate,ICE,3
2024,05,POLARIS,08,Barcelona,Private,ICE,2
2024,05,PORSCHE,08,Barcelona,Corporate,BEV,3
2024,05,PORSCHE,08,Barcelona,Corporate,ICE,28
2024,05,PORSCHE,08,Barcelona,Corporate,PHEV,8
2024,05,PORSCHE,08,Barcelona,Private,ICE,20
2024,05,PORSCHE,08,Barcelona,Private,PHEV,7
2024,05,PORSCHE,08,Barcelona,RAC,ICE,4
2024,05,PUJOL,08,Barcelona,Corporate,ICE,3
2024,05,RANDGER,08,Barcelona,Private,ICE,1
2024,05,RAPIDO,08,Barcelona,Private,ICE,2
2024,05,RENAULT,08,Barcelona,Corporate,BEV,10
2024,05,RENAULT,08,Barcelona,Corporate,ICE,134
2024,05,RENAULT,08,Barcelona,Private,BEV,1
2024,05,RENAULT,08,Barcelona,Private,ICE,302
2024,05,RENAULT,08,Barcelona,RAC,ICE,1
2024,05,RODRIGUEZ LOPEZ AUTO,08,Barcelona,Private,ICE,2
2024,05,ROLLER TEAM,08,Barcelona,Private,ICE,1
2024,05,ROLLER TEAM,08,Barcelona,RAC,ICE,6
2024,05,ROMU,08,Barcelona,Corporate,ICE,18
2024,05,ROMU,08,Barcelona,Private,ICE,2
2024,05,ROMU,08,Barcelona,RAC,ICE,2
2024,05,SEAT,08,Barcelona,Corporate,ICE,140
2024,05,SEAT,08,Barcelona,Corporate,PHEV,5
2024,05,SEAT,08,Barcelona,Private,ICE,446
2024,05,SHINERAY,08,Barcelona,Private,ICE,1
2024,05,SILENCE,08,Barcelona,Corporate,BEV,11
2024,05,SIN MARCA,08,Barcelona,Private,ICE,1
2024,05,SIN MARCA,08,Barcelona,RAC,ICE,1
2024,05,SKODA,08,Barcelona,Corporate,BEV,1
2024,05,SKODA,08,Barcelona,Corporate,ICE,74
2024,05,SKODA,08,Barcelona,Corporate,PHEV,1
2024,05,SKODA,08,Barcelona,Private,ICE,140
2024,05,SKODA,08,Barcelona,RAC,ICE,74
2024,05,SMART,08,Barcelona,Corporate,BEV,2
2024,05,SMART,08,Barcelona,Private,BEV,14
2024,05,SOLARIS,08,Barcelona,Corporate,ICE,13
2024,05,SSANGYONG,08,Barcelona,Corporate,ICE,1
2024,05,SSANGYONG,08,Barcelona,Private,ICE,28
2024,05,SSANGYONG,08,Barcelona,RAC,ICE,75
2024,05,SUBARU,08,Barcelona,Private,ICE,7
2024,05,SUZUKI,08,Barcelona,Corporate,ICE,105
2024,05,SUZUKI,08,Barcelona,Private,ICE,34
2024,05,TALLERES PRAT RUSIÑOL,08,Barcelona,Corporate,ICE,3
2024,05,TERRADAS,08,Barcelona,Corporate,ICE,10
2024,05,TESLA,08,Barcelona,Corporate,BEV,58
2024,05,TESLA,08,Barcelona,Private,BEV,118
2024,05,TMMA,08,Barcelona,Corporate,BEV,1
2024,05,TOYOTA,08,Barcelona,Corporate,BEV,9
2024,05,TOYOTA,08,Barcelona,Corporate,ICE,116
2024,05,TOYOTA,08,Barcelona,Corporate,PHEV,10
2024,05,TOYOTA,08,Barcelona,Private,BEV,2
2024,05,TOYOTA,08,Barcelona,Private,ICE,814
2024,05,TOYOTA,08,Barcelona,Private,PHEV,37
2024,05,TOYOTA,08,Barcelona,RAC,ICE,1
2024,05,VALLEJO,08,Barcelona,RAC,ICE,1
2024,05,VEBLINTER,08,Barcelona,Corporate,ICE,1
2024,05,VOLKSWAGEN,08,Barcelona,Corporate,BEV,7
2024,05,VOLKSWAGEN,08,Barcelona,Corporate,ICE,141
2024,05,VOLKSWAGEN,08,Barcelona,Corporate,PHEV,13
2024,05,VOLKSWAGEN,08,Barcelona,Private,BEV,8
2024,05,VOLKSWAGEN,08,Barcelona,Private,ICE,337
2024,05,VOLKSWAGEN,08,Barcelona,Private,PHEV,10
2024,05,VOLKSWAGEN,08,Barcelona,RAC,ICE,1
2024,05,VOLVO,08,Barcelona,Corporate,BEV,7
2024,05,VOLVO,08,Barcelona,Corporate,ICE,9
2024,05,VOLVO,08,Barcelona,Private,BEV,22
2024,05,VOLVO,08,Barcelona,Private,ICE,21
2024,05,VOLVO,08,Barcelona,Private,PHEV,3
2024,05,WEINSBERG,08,Barcelona,Private,ICE,1
2024,05,WESTFALIA,08,Barcelona,Private,ICE,1
2024,05,WXEVERBRIGHT,08,Barcelona,Corporate,BEV,1
2024,05,YUDO,08,Barcelona,Private,BEV,1
2024,05,ZAGO AUTOMOTIVE,08,Barcelona,RAC,ICE,1
2024,05,ALFA ROMEO,09,Burgos,Corporate,ICE,1
2024,05,AUDI,09,Burgos,Corporate,ICE,2
2024,05,AUDI,09,Burgos,Corporate,PHEV,1
2024,05,AUDI,09,Burgos,Private,ICE,4
2024,05,AUDI,09,Burgos,Private,PHEV,1
2024,05,BMW,09,Burgos,Corporate,ICE,3
2024,05,BMW,09,Burgos,Private,BEV,1
2024,05,BMW,09,Burgos,Private,ICE,6
2024,05,BYD,09,Burgos,Private,BEV,1
2024,05,CITROEN,09,Burgos,Corporate,ICE,4
2024,05,CITROEN,09,Burgos,Private,BEV,1
2024,05,CITROEN,09,Burgos,Private,ICE,4
2024,05,CITROEN,09,Burgos,Private,PHEV,2
2024,05,CUPRA,09,Burgos,Private,ICE,2
2024,05,CUPRA,09,Burgos,Private,PHEV,2
2024,05,DACIA,09,Burgos,Corporate,BEV,3
2024,05,DACIA,09,Burgos,Corporate,ICE,1
2024,05,DACIA,09,Burgos,Private,ICE,8
2024,05,DACIA,09,Burgos,RAC,ICE,1
2024,05,ELNAGH,09,Burgos,RAC,ICE,1
2024,05,FLEURETTE,09,Burgos,Private,ICE,1
2024,05,FORD,09,Burgos,Corporate,ICE,4
2024,05,FORD,09,Burgos,Private,ICE,2
2024,05,GAIA,09,Burgos,Private,BEV,1
2024,05,HERCOV,09,Burgos,Corporate,ICE,3
2024,05,HERCOV,09,Burgos,Private,ICE,1
2024,05,HYUNDAI,09,Burgos,Corporate,ICE,9
2024,05,HYUNDAI,09,Burgos,Private,ICE,19
2024,05,IVECO,09,Burgos,Corporate,ICE,1
2024,05,IVECO,09,Burgos,Private,ICE,1
2024,05,KIA,09,Burgos,Corporate,ICE,7
2024,05,KIA,09,Burgos,Corporate,PHEV,1
2024,05,KIA,09,Burgos,Private,ICE,17
2024,05,LEXUS,09,Burgos,Corporate,ICE,2
2024,05,LEXUS,09,Burgos,Private,ICE,6
2024,05,MAN,09,Burgos,Corporate,ICE,1
2024,05,MAXUS,09,Burgos,Corporate,BEV,9
2024,05,MAZDA,09,Burgos,Private,ICE,11
2024,05,MERCEDES,09,Burgos,Corporate,BEV,1
2024,05,MERCEDES,09,Burgos,Corporate,ICE,10
2024,05,MERCEDES,09,Burgos,Corporate,PHEV,4
2024,05,MERCEDES,09,Burgos,Private,BEV,1
2024,05,MERCEDES,09,Burgos,Private,ICE,6
2024,05,MERCEDES,09,Burgos,Private,PHEV,1
2024,05,MERCEDES,09,Burgos,RAC,ICE,1
2024,05,MERCEDES-V,09,Burgos,Corporate,ICE,1
2024,05,MERCEDES-V,09,Burgos,Private,ICE,1
2024,05,MG,09,Burgos,Corporate,BEV,2
2024,05,MG,09,Burgos,Private,BEV,1
2024,05,MG,09,Burgos,Private,ICE,8
2024,05,MG,09,Burgos,Private,PHEV,1
2024,05,MINI,09,Burgos,Corporate,ICE,1
2024,05,MINI,09,Burgos,Private,ICE,1
2024,05,MITSUBISHI,09,Burgos,Corporate,ICE,3
2024,05,MITSUBISHI,09,Burgos,Private,ICE,6
2024,05,MITSUBISHI,09,Burgos,Private,PHEV,1
2024,05,NISSAN,09,Burgos,Corporate,ICE,2
2024,05,NISSAN,09,Burgos,Private,ICE,4
2024,05,OMODA,09,Burgos,Corporate,ICE,1
2024,05,OMODA,09,Burgos,Private,ICE,1
2024,05,OPEL,09,Burgos,Private,ICE,2
2024,05,PANAMA,09,Burgos,Private,ICE,1
2024,05,PEUGEOT,09,Burgos,Corporate,BEV,2
2024,05,PEUGEOT,09,Burgos,Corporate,ICE,3
2024,05,PEUGEOT,09,Burgos,Corporate,PHEV,2
2024,05,PEUGEOT,09,Burgos,Private,BEV,2
2024,05,PEUGEOT,09,Burgos,Private,ICE,5
2024,05,PEUGEOT,09,Burgos,Private,PHEV,1
2024,05,REHATRANS,09,Burgos,Private,ICE,1
2024,05,RENAULT,09,Burgos,Corporate,BEV,2
2024,05,RENAULT,09,Burgos,Corporate,ICE,15
2024,05,RENAULT,09,Burgos,Private,ICE,17
2024,05,SEAT,09,Burgos,Corporate,ICE,5
2024,05,SEAT,09,Burgos,Private,ICE,12
2024,05,SKODA,09,Burgos,Corporate,ICE,10
2024,05,SKODA,09,Burgos,Private,ICE,7
2024,05,SSANGYONG,09,Burgos,Private,ICE,2
2024,05,SUZUKI,09,Burgos,Corporate,ICE,2
2024,05,SUZUKI,09,Burgos,Private,ICE,3
2024,05,TESLA,09,Burgos,Private,BEV,5
2024,05,TOYOTA,09,Burgos,Corporate,ICE,8
2024,05,TOYOTA,09,Burgos,Private,ICE,36
2024,05,TOYOTA,09,Burgos,Private,PHEV,1
2024,05,VOLKSWAGEN,09,Burgos,Corporate,ICE,5
2024,05,VOLKSWAGEN,09,Burgos,Private,ICE,13
2024,05,VOLVO,09,Burgos,Corporate,BEV,2
2024,05,VOLVO,09,Burgos,Corporate,ICE,4
2024,05,VOLVO,09,Burgos,Private,BEV,1
2024,05,VOLVO,09,Burgos,Private,ICE,1
2024,05,AUDI,10,Cáceres,Corporate,ICE,2
2024,05,AUDI,10,Cáceres,Corporate,PHEV,1
2024,05,AUDI,10,Cáceres,Private,ICE,8
2024,05,BMW,10,Cáceres,Corporate,ICE,2
2024,05,BMW,10,Cáceres,Private,ICE,6
2024,05,BMW,10,Cáceres,Private,PHEV,1
2024,05,CFMOTO,10,Cáceres,Private,ICE,2
2024,05,CHALLENGER,10,Cáceres,Private,ICE,1
2024,05,CITROEN,10,Cáceres,Corporate,ICE,1
2024,05,CITROEN,10,Cáceres,Private,BEV,2
2024,05,CITROEN,10,Cáceres,Private,ICE,6
2024,05,CITROEN,10,Cáceres,Private,PHEV,1
2024,05,CODETRANS,10,Cáceres,Private,ICE,1
2024,05,CUPRA,10,Cáceres,Corporate,ICE,2
2024,05,CUPRA,10,Cáceres,Private,ICE,2
2024,05,DACIA,10,Cáceres,Corporate,ICE,1
2024,05,DACIA,10,Cáceres,Private,BEV,1
2024,05,DACIA,10,Cáceres,Private,ICE,29
2024,05,EUROCARROCERA,10,Cáceres,Private,ICE,1
2024,05,FIAT,10,Cáceres,Private,ICE,2
2024,05,FOIMA,10,Cáceres,Corporate,ICE,1
2024,05,FORD,10,Cáceres,Corporate,ICE,1
2024,05,FORD,10,Cáceres,Corporate,PHEV,1
2024,05,FORD,10,Cáceres,Private,BEV,3
2024,05,FORD,10,Cáceres,Private,ICE,3
2024,05,FORD,10,Cáceres,Private,PHEV,1
2024,05,HYUNDAI,10,Cáceres,Private,ICE,18
2024,05,IVECO BUS,10,Cáceres,Private,ICE,1
2024,05,KIA,10,Cáceres,Corporate,ICE,1
2024,05,KIA,10,Cáceres,Private,ICE,10
2024,05,LIGIER,10,Cáceres,Corporate,ICE,1
2024,05,MAN,10,Cáceres,Corporate,ICE,1
2024,05,MAZDA,10,Cáceres,Corporate,ICE,3
2024,05,MAZDA,10,Cáceres,Corporate,PHEV,1
2024,05,MAZDA,10,Cáceres,Private,ICE,3
2024,05,MERCEDES,10,Cáceres,Corporate,BEV,2
2024,05,MERCEDES,10,Cáceres,Corporate,ICE,1
2024,05,MERCEDES,10,Cáceres,Corporate,PHEV,1
2024,05,MERCEDES,10,Cáceres,Private,ICE,2
2024,05,MG,10,Cáceres,Private,ICE,15
2024,05,MITSUBISHI,10,Cáceres,Private,ICE,2
2024,05,MITSUBISHI FUSO,10,Cáceres,Corporate,ICE,1
2024,05,NISSAN,10,Cáceres,Corporate,ICE,2
2024,05,NISSAN,10,Cáceres,Private,ICE,6
2024,05,OMODA,10,Cáceres,Private,ICE,4
2024,05,OPEL,10,Cáceres,Corporate,BEV,1
2024,05,OPEL,10,Cáceres,Private,ICE,3
2024,05,PANAMA,10,Cáceres,Private,ICE,1
2024,05,PERIANES,10,Cáceres,Corporate,ICE,2
2024,05,PEUGEOT,10,Cáceres,Corporate,BEV,1
2024,05,PEUGEOT,10,Cáceres,Corporate,ICE,2
2024,05,PEUGEOT,10,Cáceres,Private,BEV,1
2024,05,PEUGEOT,10,Cáceres,Private,ICE,7
2024,05,POLESTAR,10,Cáceres,Corporate,BEV,1
2024,05,RENAULT,10,Cáceres,Corporate,ICE,3
2024,05,RENAULT,10,Cáceres,Private,ICE,15
2024,05,RENAULT,10,Cáceres,RAC,ICE,3
2024,05,SEAT,10,Cáceres,Corporate,ICE,5
2024,05,SEAT,10,Cáceres,Private,ICE,6
2024,05,SKODA,10,Cáceres,Private,ICE,2
2024,05,TESLA,10,Cáceres,Private,BEV,4
2024,05,TOYOTA,10,Cáceres,Corporate,ICE,10
2024,05,TOYOTA,10,Cáceres,Private,ICE,30
2024,05,TOYOTA,10,Cáceres,Private,PHEV,1
2024,05,VOLKSWAGEN,10,Cáceres,Corporate,ICE,3
2024,05,VOLKSWAGEN,10,Cáceres,Private,ICE,13
2024,05,VOLVO,10,Cáceres,Private,ICE,2
2024,05,ALFA ROMEO,11,Cádiz,Private,ICE,1
2024,05,AUDI,11,Cádiz,Corporate,ICE,11
2024,05,AUDI,11,Cádiz,Private,ICE,23
2024,05,BENIMAR,11,Cádiz,Private,ICE,1
2024,05,BMW,11,Cádiz,Corporate,BEV,1
2024,05,BMW,11,Cádiz,Corporate,ICE,11
2024,05,BMW,11,Cádiz,Corporate,PHEV,1
2024,05,BMW,11,Cádiz,Private,ICE,15
2024,05,BYD,11,Cádiz,Private,BEV,1
2024,05,CAFRISE,11,Cádiz,Private,ICE,1
2024,05,CAPRON GMBH,11,Cádiz,RAC,ICE,1
2024,05,CAR-BUS.NET,11,Cádiz,Corporate,ICE,1
2024,05,CARROCERIAS JEREZ,11,Cádiz,Corporate,ICE,4
2024,05,CARROCERIAS JEREZ,11,Cádiz,Private,ICE,1
2024,05,CARROCERIAS JEREZ,11,Cádiz,RAC,ICE,2
2024,05,CFMOTO,11,Cádiz,Private,ICE,1
2024,05,CHALLENGER,11,Cádiz,Private,ICE,1
2024,05,CHEVROLET,11,Cádiz,Corporate,ICE,3
2024,05,CITROEN,11,Cádiz,Corporate,BEV,3
2024,05,CITROEN,11,Cádiz,Corporate,ICE,15
2024,05,CITROEN,11,Cádiz,Private,BEV,1
2024,05,CITROEN,11,Cádiz,Private,ICE,41
2024,05,CITROEN,11,Cádiz,Private,PHEV,3
2024,05,CODETRANS,11,Cádiz,Private,ICE,1
2024,05,COOLGADES,11,Cádiz,Corporate,ICE,2
2024,05,COOLGADES,11,Cádiz,Private,ICE,1
2024,05,CUPRA,11,Cádiz,Corporate,ICE,2
2024,05,CUPRA,11,Cádiz,Corporate,PHEV,3
2024,05,CUPRA,11,Cádiz,Private,ICE,10
2024,05,DACIA,11,Cádiz,Corporate,ICE,4
2024,05,DACIA,11,Cádiz,Private,ICE,99
2024,05,DEL VALLE,11,Cádiz,Corporate,ICE,1
2024,05,DIVISEGUR CATALUNYA,11,Cádiz,Corporate,ICE,3
2024,05,FENIKS,11,Cádiz,Corporate,ICE,1
2024,05,FIAT,11,Cádiz,Corporate,ICE,6
2024,05,FIAT,11,Cádiz,Private,ICE,14
2024,05,FORD,11,Cádiz,Corporate,BEV,1
2024,05,FORD,11,Cádiz,Corporate,ICE,11
2024,05,FORD,11,Cádiz,Corporate,PHEV,2
2024,05,FORD,11,Cádiz,Private,BEV,2
2024,05,FORD,11,Cádiz,Private,ICE,16
2024,05,FORD,11,Cádiz,Private,PHEV,7
2024,05,GMC,11,Cádiz,Corporate,ICE,1
2024,05,GOMEZ,11,Cádiz,Corporate,ICE,1
2024,05,HONDA,11,Cádiz,Corporate,ICE,7
2024,05,HONDA,11,Cádiz,Private,ICE,2
2024,05,HYUNDAI,11,Cádiz,Corporate,BEV,1
2024,05,HYUNDAI,11,Cádiz,Corporate,ICE,20
2024,05,HYUNDAI,11,Cádiz,Private,ICE,52
2024,05,HYUNDAI,11,Cádiz,Private,PHEV,1
2024,05,IGLUVAN,11,Cádiz,Corporate,ICE,2
2024,05,IRIZAR,11,Cádiz,Corporate,ICE,3
2024,05,ISUZU,11,Cádiz,Corporate,ICE,1
2024,05,ISUZU,11,Cádiz,Private,ICE,1
2024,05,JAGUAR,11,Cádiz,Corporate,ICE,1
2024,05,JEEP,11,Cádiz,Corporate,ICE,3
2024,05,JEEP,11,Cádiz,Corporate,PHEV,2
2024,05,JEEP,11,Cádiz,Private,BEV,1
2024,05,JEEP,11,Cádiz,Private,ICE,5
2024,05,JEEP,11,Cádiz,Private,PHEV,2
2024,05,KIA,11,Cádiz,Corporate,BEV,1
2024,05,KIA,11,Cádiz,Corporate,ICE,13
2024,05,KIA,11,Cádiz,Private,BEV,5
2024,05,KIA,11,Cádiz,Private,ICE,59
2024,05,KNAUS,11,Cádiz,RAC,ICE,1
2024,05,LAND ROVER,11,Cádiz,Corporate,PHEV,1
2024,05,LAND ROVER,11,Cádiz,Private,ICE,1
2024,05,LEXUS,11,Cádiz,Corporate,ICE,6
2024,05,LEXUS,11,Cádiz,Corporate,PHEV,1
2024,05,LEXUS,11,Cádiz,Private,ICE,8
2024,05,LIGIER,11,Cádiz,Private,ICE,4
2024,05,MAXUS,11,Cádiz,Private,ICE,1
2024,05,MAZDA,11,Cádiz,Corporate,ICE,5
2024,05,MAZDA,11,Cádiz,Corporate,PHEV,1
2024,05,MAZDA,11,Cádiz,Private,ICE,20
2024,05,MCLOUIS,11,Cádiz,Private,ICE,1
2024,05,MERCEDES,11,Cádiz,Corporate,ICE,16
2024,05,MERCEDES,11,Cádiz,Private,ICE,15
2024,05,MERCEDES,11,Cádiz,Private,PHEV,6
2024,05,MERCEDES-V,11,Cádiz,Corporate,ICE,2
2024,05,MERCEDES-V,11,Cádiz,Private,ICE,1
2024,05,MG,11,Cádiz,Corporate,ICE,12
2024,05,MG,11,Cádiz,Private,ICE,56
2024,05,MG,11,Cádiz,Private,PHEV,2
2024,05,MINI,11,Cádiz,Corporate,ICE,2
2024,05,MINI,11,Cádiz,Private,BEV,2
2024,05,MINI,11,Cádiz,Private,ICE,2
2024,05,MITSUBISHI,11,Cádiz,Private,ICE,5
2024,05,MITSUBISHI,11,Cádiz,Private,PHEV,1
2024,05,MLT AUTOMOTIVE,11,Cádiz,Private,BEV,1
2024,05,NISSAN,11,Cádiz,Corporate,ICE,16
2024,05,NISSAN,11,Cádiz,Private,BEV,1
2024,05,NISSAN,11,Cádiz,Private,ICE,28
2024,05,OMODA,11,Cádiz,Corporate,ICE,2
2024,05,OMODA,11,Cádiz,Private,ICE,10
2024,05,OPEL,11,Cádiz,Corporate,ICE,3
2024,05,OPEL,11,Cádiz,Private,ICE,13
2024,05,PEUGEOT,11,Cádiz,Corporate,BEV,3
2024,05,PEUGEOT,11,Cádiz,Corporate,ICE,13
2024,05,PEUGEOT,11,Cádiz,Private,BEV,1
2024,05,PEUGEOT,11,Cádiz,Private,ICE,66
2024,05,POLARIS,11,Cádiz,Private,ICE,1
2024,05,PORSCHE,11,Cádiz,Corporate,ICE,2
2024,05,PORSCHE,11,Cádiz,Corporate,PHEV,1
2024,05,PORSCHE,11,Cádiz,Private,ICE,1
2024,05,REHATRANS,11,Cádiz,Corporate,ICE,1
2024,05,RENAULT,11,Cádiz,Corporate,BEV,5
2024,05,RENAULT,11,Cádiz,Corporate,ICE,31
2024,05,RENAULT,11,Cádiz,Private,ICE,81
2024,05,ROLLER TEAM,11,Cádiz,Private,ICE,2
2024,05,ROLLER TEAM,11,Cádiz,RAC,ICE,1
2024,05,SEAT,11,Cádiz,Corporate,ICE,15
2024,05,SEAT,11,Cádiz,Private,ICE,76
2024,05,SKODA,11,Cádiz,Corporate,ICE,6
2024,05,SKODA,11,Cádiz,Private,BEV,1
2024,05,SKODA,11,Cádiz,Private,ICE,44
2024,05,SORTIMO,11,Cádiz,Corporate,ICE,2
2024,05,SSANGYONG,11,Cádiz,Private,ICE,5
2024,05,SUBARU,11,Cádiz,Corporate,ICE,2
2024,05,SUBARU,11,Cádiz,Private,ICE,2
2024,05,SUNSUNDEGUI,11,Cádiz,Corporate,ICE,6
2024,05,SUZUKI,11,Cádiz,Corporate,ICE,7
2024,05,SUZUKI,11,Cádiz,Private,ICE,11
2024,05,TESLA,11,Cádiz,Corporate,BEV,3
2024,05,TESLA,11,Cádiz,Private,BEV,6
2024,05,TOYOTA,11,Cádiz,Corporate,BEV,4
2024,05,TOYOTA,11,Cádiz,Corporate,ICE,30
2024,05,TOYOTA,11,Cádiz,Private,ICE,122
2024,05,VOLKSWAGEN,11,Cádiz,Corporate,ICE,9
2024,05,VOLKSWAGEN,11,Cádiz,Corporate,PHEV,1
2024,05,VOLKSWAGEN,11,Cádiz,Private,ICE,86
2024,05,VOLKSWAGEN,11,Cádiz,Private,PHEV,4
2024,05,VOLVO,11,Cádiz,Corporate,BEV,1
2024,05,VOLVO,11,Cádiz,Corporate,ICE,8
2024,05,VOLVO,11,Cádiz,Private,ICE,7
2024,05,3 CARROCEROS,12,Castellón,Corporate,ICE,1
2024,05,AUDI,12,Castellón,Corporate,ICE,7
2024,05,AUDI,12,Castellón,Corporate,PHEV,1
2024,05,AUDI,12,Castellón,Private,ICE,11
2024,05,AUDI,12,Castellón,Private,PHEV,1
2024,05,BENIMAR,12,Castellón,Private,ICE,1
2024,05,BMW,12,Castellón,Corporate,ICE,4
2024,05,BMW,12,Castellón,Private,BEV,1
2024,05,BMW,12,Castellón,Private,ICE,4
2024,05,BYD,12,Castellón,Corporate,BEV,1
2024,05,CFMOTO,12,Castellón,Private,ICE,1
2024,05,CITROEN,12,Castellón,Corporate,ICE,61
2024,05,CITROEN,12,Castellón,Private,BEV,2
2024,05,CITROEN,12,Castellón,Private,ICE,13
2024,05,CITROEN,12,Castellón,RAC,ICE,1
2024,05,CUPRA,12,Castellón,Corporate,ICE,3
2024,05,CUPRA,12,Castellón,Corporate,PHEV,1
2024,05,CUPRA,12,Castellón,Private,ICE,6
2024,05,CUPRA,12,Castellón,Private,PHEV,1
2024,05,DACIA,12,Castellón,Corporate,ICE,2
2024,05,DACIA,12,Castellón,Private,ICE,24
2024,05,DACIA,12,Castellón,RAC,ICE,10
2024,05,DFSK,12,Castellón,Corporate,BEV,1
2024,05,DFSK,12,Castellón,Corporate,ICE,1
2024,05,DR,12,Castellón,Private,ICE,1
2024,05,FIAT,12,Castellón,Corporate,BEV,1
2024,05,FIAT,12,Castellón,Corporate,ICE,45
2024,05,FIAT,12,Castellón,Private,ICE,2
2024,05,FORD,12,Castellón,Corporate,ICE,31
2024,05,FORD,12,Castellón,Private,ICE,15
2024,05,FORD,12,Castellón,Private,PHEV,5
2024,05,FORD,12,Castellón,RAC,ICE,5
2024,05,HONDA,12,Castellón,Corporate,ICE,2
2024,05,HONDA,12,Castellón,Private,ICE,3
2024,05,HYUNDAI,12,Castellón,Corporate,ICE,7
2024,05,HYUNDAI,12,Castellón,Private,ICE,31
2024,05,HYUNDAI,12,Castellón,RAC,ICE,59
2024,05,INDCAR,12,Castellón,Corporate,ICE,1
2024,05,IVECO,12,Castellón,Corporate,ICE,7
2024,05,IVECO,12,Castellón,RAC,ICE,1
2024,05,JEEP,12,Castellón,Private,ICE,2
2024,05,KIA,12,Castellón,Corporate,ICE,8
2024,05,KIA,12,Castellón,Corporate,PHEV,2
2024,05,KIA,12,Castellón,Private,BEV,1
2024,05,KIA,12,Castellón,Private,ICE,41
2024,05,KIA,12,Castellón,RAC,ICE,1
2024,05,KNAUS,12,Castellón,Private,ICE,1
2024,05,LA PLANA,12,Castellón,Corporate,ICE,1
2024,05,LAND ROVER,12,Castellón,Corporate,ICE,1
2024,05,LEXUS,12,Castellón,Corporate,ICE,2
2024,05,LEXUS,12,Castellón,Corporate,PHEV,2
2024,05,LEXUS,12,Castellón,Private,ICE,8
2024,05,LYNK & CO,12,Castellón,RAC,PHEV,1
2024,05,MAZDA,12,Castellón,Corporate,ICE,2
2024,05,MAZDA,12,Castellón,Private,ICE,12
2024,05,MAZDA,12,Castellón,Private,PHEV,1
2024,05,MERCEDES,12,Castellón,Corporate,BEV,4
2024,05,MERCEDES,12,Castellón,Corporate,ICE,21
2024,05,MERCEDES,12,Castellón,Corporate,PHEV,6
2024,05,MERCEDES,12,Castellón,Private,ICE,15
2024,05,MERCEDES,12,Castellón,Private,PHEV,7
2024,05,MERCEDES,12,Castellón,RAC,ICE,2
2024,05,MG,12,Castellón,Corporate,ICE,2
2024,05,MG,12,Castellón,Private,BEV,1
2024,05,MG,12,Castellón,Private,ICE,26
2024,05,MG,12,Castellón,Private,PHEV,1
2024,05,MICROCAR,12,Castellón,Private,ICE,1
2024,05,MINI,12,Castellón,Corporate,ICE,1
2024,05,MINI,12,Castellón,Private,ICE,5
2024,05,MITSUBISHI,12,Castellón,Private,ICE,4
2024,05,MITSUBISHI FUSO,12,Castellón,Corporate,ICE,1
2024,05,NISSAN,12,Castellón,Corporate,ICE,7
2024,05,NISSAN,12,Castellón,Private,ICE,11
2024,05,OMODA,12,Castellón,Corporate,ICE,3
2024,05,OMODA,12,Castellón,Private,ICE,20
2024,05,OPEL,12,Castellón,Corporate,ICE,6
2024,05,OPEL,12,Castellón,Private,ICE,3
2024,05,PEUGEOT,12,Castellón,Corporate,BEV,1
2024,05,PEUGEOT,12,Castellón,Corporate,ICE,53
2024,05,PEUGEOT,12,Castellón,Private,ICE,18
2024,05,PIAGGIO,12,Castellón,Corporate,ICE,1
2024,05,RENAULT,12,Castellón,Corporate,BEV,1
2024,05,RENAULT,12,Castellón,Corporate,ICE,9
2024,05,RENAULT,12,Castellón,Private,ICE,22
2024,05,RODRIGUEZ LOPEZ AUTO,12,Castellón,Private,ICE,3
2024,05,SCANIA,12,Castellón,Corporate,ICE,1
2024,05,SEAT,12,Castellón,Corporate,ICE,31
2024,05,SEAT,12,Castellón,Corporate,PHEV,1
2024,05,SEAT,12,Castellón,Private,ICE,33
2024,05,SKODA,12,Castellón,Corporate,ICE,4
2024,05,SKODA,12,Castellón,Private,ICE,15
2024,05,SMART,12,Castellón,Private,BEV,1
2024,05,SSANGYONG,12,Castellón,Private,ICE,3
2024,05,SUZUKI,12,Castellón,Corporate,ICE,1
2024,05,SUZUKI,12,Castellón,Private,ICE,4
2024,05,TECNOCARSA,12,Castellón,Corporate,ICE,1
2024,05,TESLA,12,Castellón,Corporate,BEV,3
2024,05,TESLA,12,Castellón,Private,BEV,7
2024,05,TOYOTA,12,Castellón,Corporate,ICE,41
2024,05,TOYOTA,12,Castellón,Corporate,PHEV,1
2024,05,TOYOTA,12,Castellón,Private,ICE,54
2024,05,TOYOTA,12,Castellón,Private,PHEV,2
2024,05,VOLKSWAGEN,12,Castellón,Corporate,BEV,1
2024,05,VOLKSWAGEN,12,Castellón,Corporate,ICE,56
2024,05,VOLKSWAGEN,12,Castellón,Private,BEV,2
2024,05,VOLKSWAGEN,12,Castellón,Private,ICE,14
2024,05,VOLKSWAGEN,12,Castellón,RAC,ICE,82
2024,05,VOLVO,12,Castellón,Corporate,ICE,1
2024,05,VOLVO,12,Castellón,Private,BEV,1
2024,05,VOLVO,12,Castellón,Private,ICE,2
2024,05,ALFA ROMEO,13,Ciudad Real,Private,ICE,1
2024,05,AUDI,13,Ciudad Real,Corporate,ICE,4
2024,05,AUDI,13,Ciudad Real,Corporate,PHEV,3
2024,05,AUDI,13,Ciudad Real,Private,ICE,5
2024,05,AUDI,13,Ciudad Real,Private,PHEV,1
2024,05,BENIMAR,13,Ciudad Real,RAC,ICE,1
2024,05,BMW,13,Ciudad Real,Corporate,BEV,4
2024,05,BMW,13,Ciudad Real,Corporate,ICE,4
2024,05,BMW,13,Ciudad Real,Private,ICE,7
2024,05,BYD,13,Ciudad Real,Private,BEV,1
2024,05,CFMOTO,13,Ciudad Real,Private,ICE,1
2024,05,CITROEN,13,Ciudad Real,Corporate,ICE,3
2024,05,CITROEN,13,Ciudad Real,Private,BEV,2
2024,05,CITROEN,13,Ciudad Real,Private,ICE,6
2024,05,CUPRA,13,Ciudad Real,Corporate,PHEV,3
2024,05,CUPRA,13,Ciudad Real,Private,ICE,5
2024,05,DACIA,13,Ciudad Real,Corporate,ICE,6
2024,05,DACIA,13,Ciudad Real,Private,ICE,29
2024,05,DAVID INDUSTRIAS MET,13,Ciudad Real,Corporate,ICE,1
2024,05,DFSK,13,Ciudad Real,Private,ICE,1
2024,05,DR,13,Ciudad Real,Private,ICE,1
2024,05,FARMTRAC,13,Ciudad Real,Private,ICE,1
2024,05,FIAT,13,Ciudad Real,Corporate,ICE,2
2024,05,FIAT,13,Ciudad Real,Private,ICE,3
2024,05,FORD,13,Ciudad Real,Corporate,ICE,5
2024,05,FORD,13,Ciudad Real,Private,BEV,1
2024,05,FORD,13,Ciudad Real,Private,ICE,6
2024,05,FORD,13,Ciudad Real,Private,PHEV,3
2024,05,HIGER,13,Ciudad Real,Corporate,ICE,1
2024,05,HONDA,13,Ciudad Real,Private,ICE,5
2024,05,HYUNDAI,13,Ciudad Real,Corporate,ICE,6
2024,05,HYUNDAI,13,Ciudad Real,Private,ICE,13
2024,05,ISUZU,13,Ciudad Real,Private,ICE,1
2024,05,IVECO,13,Ciudad Real,Corporate,ICE,3
2024,05,IVECO,13,Ciudad Real,Private,ICE,1
2024,05,JEEP,13,Ciudad Real,Private,ICE,4
2024,05,JEEP,13,Ciudad Real,Private,PHEV,1
2024,05,KIA,13,Ciudad Real,Corporate,ICE,1
2024,05,KIA,13,Ciudad Real,Private,BEV,1
2024,05,KIA,13,Ciudad Real,Private,ICE,14
2024,05,KIA,13,Ciudad Real,Private,PHEV,1
2024,05,MAZDA,13,Ciudad Real,Corporate,ICE,2
2024,05,MAZDA,13,Ciudad Real,Private,ICE,5
2024,05,MAZDA,13,Ciudad Real,Private,PHEV,1
2024,05,MCLOUIS,13,Ciudad Real,RAC,ICE,1
2024,05,MERCEDES,13,Ciudad Real,Corporate,ICE,3
2024,05,MERCEDES,13,Ciudad Real,Corporate,PHEV,1
2024,05,MERCEDES,13,Ciudad Real,Private,ICE,6
2024,05,MERCEDES,13,Ciudad Real,Private,PHEV,1
2024,05,MG,13,Ciudad Real,Private,ICE,17
2024,05,MITSUBISHI,13,Ciudad Real,Private,ICE,2
2024,05,NISSAN,13,Ciudad Real,Corporate,ICE,1
2024,05,NISSAN,13,Ciudad Real,Private,ICE,7
2024,05,OPEL,13,Ciudad Real,Private,ICE,1
2024,05,PEUGEOT,13,Ciudad Real,Corporate,ICE,4
2024,05,PEUGEOT,13,Ciudad Real,Private,ICE,9
2024,05,RENAULT,13,Ciudad Real,Corporate,ICE,8
2024,05,RENAULT,13,Ciudad Real,Private,ICE,28
2024,05,SEAT,13,Ciudad Real,Corporate,ICE,8
2024,05,SEAT,13,Ciudad Real,Private,ICE,26
2024,05,SHINERAY,13,Ciudad Real,Private,ICE,1
2024,05,SIN MARCA,13,Ciudad Real,Private,PHEV,1
2024,05,SKODA,13,Ciudad Real,Private,ICE,10
2024,05,SSANGYONG,13,Ciudad Real,Corporate,ICE,2
2024,05,SSANGYONG,13,Ciudad Real,Private,ICE,4
2024,05,SUBARU,13,Ciudad Real,Private,ICE,1
2024,05,TESLA,13,Ciudad Real,Private,BEV,3
2024,05,TOYOTA,13,Ciudad Real,Corporate,ICE,7
2024,05,TOYOTA,13,Ciudad Real,Private,ICE,23
2024,05,TOYOTA,13,Ciudad Real,Private,PHEV,1
2024,05,VOLKSWAGEN,13,Ciudad Real,Corporate,ICE,4
2024,05,VOLKSWAGEN,13,Ciudad Real,Corporate,PHEV,1
2024,05,VOLKSWAGEN,13,Ciudad Real,Private,BEV,1
2024,05,VOLKSWAGEN,13,Ciudad Real,Private,ICE,12
2024,05,VOLVO,13,Ciudad Real,Corporate,ICE,7
2024,05,VOLVO,13,Ciudad Real,Private,BEV,3
2024,05,VOLVO,13,Ciudad Real,Private,ICE,5
2024,05,ADRIA,14,Córdoba,Private,ICE,1
2024,05,ALFA ROMEO,14,Córdoba,Private,ICE,1
2024,05,AUDI,14,Córdoba,Corporate,ICE,13
2024,05,AUDI,14,Córdoba,Private,ICE,8
2024,05,AUDI,14,Córdoba,Private,PHEV,1
2024,05,BENIMAR,14,Córdoba,Private,ICE,1
2024,05,BMW,14,Córdoba,Corporate,BEV,1
2024,05,BMW,14,Córdoba,Private,BEV,1
2024,05,BMW,14,Córdoba,Private,ICE,11
2024,05,CARROCERIAS CARRAÑACA,14,Córdoba,Corporate,ICE,1
2024,05,CARROCERIAS JANKAR,14,Córdoba,Corporate,ICE,1
2024,05,CARROCERIAS MINDA,14,Córdoba,Corporate,ICE,1
2024,05,"CARROCERIAS SANCA, S.A.",14,Córdoba,Corporate,ICE,2
2024,05,CASALINI,14,Córdoba,Private,ICE,1
2024,05,CFMOTO,14,Córdoba,Private,ICE,5
2024,05,CITROEN,14,Córdoba,Corporate,BEV,1
2024,05,CITROEN,14,Córdoba,Corporate,ICE,10
2024,05,CITROEN,14,Córdoba,Private,BEV,2
2024,05,CITROEN,14,Córdoba,Private,ICE,26
2024,05,CITROEN,14,Córdoba,Private,PHEV,2
2024,05,CUPRA,14,Córdoba,Corporate,ICE,3
2024,05,CUPRA,14,Córdoba,Private,ICE,2
2024,05,DACIA,14,Córdoba,Corporate,ICE,14
2024,05,DACIA,14,Córdoba,Private,ICE,40
2024,05,DIVISEGUR CATALUNYA,14,Córdoba,Corporate,ICE,1
2024,05,DR,14,Córdoba,Private,ICE,1
2024,05,ERKE,14,Córdoba,Corporate,ICE,2
2024,05,FIAT,14,Córdoba,Corporate,ICE,3
2024,05,FIAT,14,Córdoba,Private,ICE,7
2024,05,FIREMAR,14,Córdoba,Corporate,ICE,1
2024,05,FORD,14,Córdoba,Corporate,ICE,7
2024,05,FORD,14,Córdoba,Corporate,PHEV,1
2024,05,FORD,14,Córdoba,Private,BEV,1
2024,05,FORD,14,Córdoba,Private,ICE,18
2024,05,FORD,14,Córdoba,Private,PHEV,4
2024,05,HONDA,14,Córdoba,Corporate,ICE,3
2024,05,HYUNDAI,14,Córdoba,Corporate,ICE,8
2024,05,HYUNDAI,14,Córdoba,Private,ICE,30
2024,05,IGLUVAN,14,Córdoba,Corporate,ICE,1
2024,05,IVECO,14,Córdoba,Corporate,ICE,2
2024,05,KIA,14,Córdoba,Private,ICE,25
2024,05,LAND ROVER,14,Córdoba,Corporate,ICE,2
2024,05,LAND ROVER,14,Córdoba,Corporate,PHEV,2
2024,05,LAND ROVER,14,Córdoba,Private,ICE,1
2024,05,LEXUS,14,Córdoba,Corporate,ICE,2
2024,05,LEXUS,14,Córdoba,Private,ICE,1
2024,05,LIGIER,14,Córdoba,Private,ICE,3
2024,05,MAN,14,Córdoba,RAC,ICE,6
2024,05,MAXUS,14,Córdoba,Corporate,ICE,1
2024,05,MAZDA,14,Córdoba,Corporate,ICE,1
2024,05,MAZDA,14,Córdoba,Private,ICE,7
2024,05,MERCEDES,14,Córdoba,Corporate,ICE,18
2024,05,MERCEDES,14,Córdoba,Corporate,PHEV,4
2024,05,MERCEDES,14,Córdoba,Private,ICE,9
2024,05,MERCEDES,14,Córdoba,Private,PHEV,2
2024,05,MERCEDES,14,Córdoba,RAC,ICE,4
2024,05,MG,14,Córdoba,Corporate,ICE,2
2024,05,MG,14,Córdoba,Private,BEV,2
2024,05,MG,14,Córdoba,Private,ICE,18
2024,05,MINI,14,Córdoba,Corporate,ICE,1
2024,05,MINI,14,Córdoba,Private,ICE,2
2024,05,MITSUBISHI,14,Córdoba,Corporate,ICE,1
2024,05,MITSUBISHI,14,Córdoba,Private,ICE,5
2024,05,NISSAN,14,Córdoba,Corporate,ICE,6
2024,05,NISSAN,14,Córdoba,Private,ICE,9
2024,05,OMODA,14,Córdoba,Private,ICE,8
2024,05,OPEL,14,Córdoba,Corporate,ICE,4
2024,05,OPEL,14,Córdoba,Private,ICE,6
2024,05,PEUGEOT,14,Córdoba,Corporate,BEV,1
2024,05,PEUGEOT,14,Córdoba,Corporate,ICE,9
2024,05,PEUGEOT,14,Córdoba,Private,ICE,13
2024,05,PORSCHE,14,Córdoba,Corporate,ICE,1
2024,05,PORSCHE,14,Córdoba,Corporate,PHEV,1
2024,05,PORSCHE,14,Córdoba,Private,ICE,1
2024,05,RENAULT,14,Córdoba,Corporate,BEV,1
2024,05,RENAULT,14,Córdoba,Corporate,ICE,34
2024,05,RENAULT,14,Córdoba,Private,ICE,26
2024,05,SEAT,14,Córdoba,Corporate,ICE,11
2024,05,SEAT,14,Córdoba,Private,ICE,27
2024,05,SIN MARCA,14,Córdoba,Corporate,ICE,1
2024,05,SKODA,14,Córdoba,Corporate,ICE,1
2024,05,SKODA,14,Córdoba,Private,ICE,8
2024,05,SMART,14,Córdoba,Private,BEV,1
2024,05,SSANGYONG,14,Córdoba,Corporate,ICE,3
2024,05,SSANGYONG,14,Córdoba,Private,ICE,2
2024,05,SUBARU,14,Córdoba,Corporate,ICE,1
2024,05,SUBARU,14,Córdoba,Private,ICE,1
2024,05,SUZUKI,14,Córdoba,Corporate,ICE,2
2024,05,SUZUKI,14,Córdoba,Private,ICE,3
2024,05,TESLA,14,Córdoba,Private,BEV,3
2024,05,TOYOTA,14,Córdoba,Corporate,ICE,16
2024,05,TOYOTA,14,Córdoba,Private,ICE,41
2024,05,TOYOTA,14,Córdoba,Private,PHEV,1
2024,05,VOLKSWAGEN,14,Córdoba,Corporate,ICE,1
2024,05,VOLKSWAGEN,14,Córdoba,Private,BEV,2
2024,05,VOLKSWAGEN,14,Córdoba,Private,ICE,14
2024,05,VOLVO,14,Córdoba,Corporate,BEV,1
2024,05,VOLVO,14,Córdoba,Corporate,ICE,8
2024,05,VOLVO,14,Córdoba,Private,BEV,2
2024,05,VOLVO,14,Córdoba,Private,ICE,3
2024,05,VOLVO,14,Córdoba,Private,PHEV,1
2024,05,ALFA ROMEO,15,A Coruña,Private,ICE,1
2024,05,AUDI,15,A Coruña,Corporate,ICE,19
2024,05,AUDI,15,A Coruña,Corporate,PHEV,4
2024,05,AUDI,15,A Coruña,Private,ICE,18
2024,05,AUDI,15,A Coruña,Private,PHEV,5
2024,05,BAYCAR,15,A Coruña,Corporate,ICE,1
2024,05,BENIMAR,15,A Coruña,Private,ICE,1
2024,05,BENIMAR,15,A Coruña,RAC,ICE,2
2024,05,BLUCAMP,15,A Coruña,RAC,ICE,1
2024,05,BMW,15,A Coruña,Corporate,BEV,3
2024,05,BMW,15,A Coruña,Corporate,ICE,10
2024,05,BMW,15,A Coruña,Private,BEV,1
2024,05,BMW,15,A Coruña,Private,ICE,30
2024,05,BMW,15,A Coruña,Private,PHEV,2
2024,05,BYD,15,A Coruña,Private,BEV,1
2024,05,CAPRON,15,A Coruña,Corporate,ICE,1
2024,05,CAPRON,15,A Coruña,Private,ICE,1
2024,05,CAPRON,15,A Coruña,RAC,ICE,2
2024,05,CARROCERIAS SANCA SA,15,A Coruña,Corporate,ICE,1
2024,05,CHALLENGER,15,A Coruña,RAC,ICE,1
2024,05,CI,15,A Coruña,Corporate,ICE,1
2024,05,CITROEN,15,A Coruña,Corporate,BEV,1
2024,05,CITROEN,15,A Coruña,Corporate,ICE,15
2024,05,CITROEN,15,A Coruña,Private,BEV,1
2024,05,CITROEN,15,A Coruña,Private,ICE,18
2024,05,CITROEN,15,A Coruña,RAC,ICE,3
2024,05,CORVUS,15,A Coruña,Corporate,ICE,1
2024,05,CUPRA,15,A Coruña,Corporate,BEV,1
2024,05,CUPRA,15,A Coruña,Corporate,ICE,4
2024,05,CUPRA,15,A Coruña,Private,ICE,7
2024,05,CUPRA,15,A Coruña,Private,PHEV,4
2024,05,DACIA,15,A Coruña,Private,BEV,1
2024,05,DACIA,15,A Coruña,Private,ICE,37
2024,05,FIAT,15,A Coruña,Corporate,ICE,7
2024,05,FIAT,15,A Coruña,Private,ICE,4
2024,05,FIAT,15,A Coruña,RAC,ICE,8
2024,05,FORD,15,A Coruña,Corporate,ICE,13
2024,05,FORD,15,A Coruña,Corporate,PHEV,2
2024,05,FORD,15,A Coruña,Private,BEV,1
2024,05,FORD,15,A Coruña,Private,ICE,22
2024,05,FORD,15,A Coruña,Private,PHEV,7
2024,05,HARLEY-DAVIDSON,15,A Coruña,Private,ICE,1
2024,05,HONDA,15,A Coruña,Corporate,ICE,3
2024,05,HONDA,15,A Coruña,Private,ICE,9
2024,05,HYMER,15,A Coruña,Private,ICE,1
2024,05,HYUNDAI,15,A Coruña,Corporate,BEV,1
2024,05,HYUNDAI,15,A Coruña,Corporate,ICE,20
2024,05,HYUNDAI,15,A Coruña,Private,ICE,52
2024,05,HYUNDAI,15,A Coruña,Private,PHEV,1
2024,05,IVECO,15,A Coruña,Corporate,ICE,2
2024,05,IVECO,15,A Coruña,Private,ICE,1
2024,05,JEEP,15,A Coruña,Corporate,BEV,1
2024,05,JEEP,15,A Coruña,Corporate,ICE,3
2024,05,JEEP,15,A Coruña,Private,ICE,1
2024,05,JEEP,15,A Coruña,Private,PHEV,1
2024,05,KIA,15,A Coruña,Corporate,ICE,3
2024,05,KIA,15,A Coruña,Corporate,PHEV,1
2024,05,KIA,15,A Coruña,Private,BEV,1
2024,05,KIA,15,A Coruña,Private,ICE,79
2024,05,KIA,15,A Coruña,Private,PHEV,3
2024,05,LAND ROVER,15,A Coruña,Corporate,PHEV,2
2024,05,LAND ROVER,15,A Coruña,Private,PHEV,1
2024,05,LEXUS,15,A Coruña,Private,ICE,12
2024,05,LIGIER,15,A Coruña,Private,ICE,1
2024,05,MAN,15,A Coruña,Corporate,ICE,1
2024,05,MAZDA,15,A Coruña,Corporate,ICE,1
2024,05,MAZDA,15,A Coruña,Private,ICE,12
2024,05,MC LOUIS,15,A Coruña,RAC,ICE,1
2024,05,MERCEDES,15,A Coruña,Corporate,BEV,1
2024,05,MERCEDES,15,A Coruña,Corporate,ICE,24
2024,05,MERCEDES,15,A Coruña,Corporate,PHEV,5
2024,05,MERCEDES,15,A Coruña,Private,ICE,19
2024,05,MERCEDES,15,A Coruña,Private,PHEV,2
2024,05,MERCEDES,15,A Coruña,RAC,ICE,5
2024,05,MERCEDES-V,15,A Coruña,Corporate,ICE,1
2024,05,MERCEDES-V,15,A Coruña,Private,ICE,1
2024,05,MG,15,A Coruña,Corporate,BEV,1
2024,05,MG,15,A Coruña,Corporate,ICE,1
2024,05,MG,15,A Coruña,Private,BEV,8
2024,05,MG,15,A Coruña,Private,ICE,25
2024,05,MINI,15,A Coruña,Corporate,ICE,1
2024,05,MINI,15,A Coruña,Private,BEV,1
2024,05,MINI,15,A Coruña,Private,ICE,7
2024,05,MITSUBISHI,15,A Coruña,Corporate,PHEV,2
2024,05,MITSUBISHI,15,A Coruña,Private,PHEV,1
2024,05,NISSAN,15,A Coruña,Corporate,ICE,11
2024,05,NISSAN,15,A Coruña,Private,ICE,16
2024,05,OMODA,15,A Coruña,Corporate,ICE,5
2024,05,OMODA,15,A Coruña,Private,ICE,9
2024,05,OPEL,15,A Coruña,Corporate,ICE,4
2024,05,OPEL,15,A Coruña,Private,ICE,11
2024,05,PEUGEOT,15,A Coruña,Corporate,ICE,10
2024,05,PEUGEOT,15,A Coruña,Private,ICE,21
2024,05,PEUGEOT,15,A Coruña,RAC,ICE,1
2024,05,POLARIS,15,A Coruña,Corporate,ICE,1
2024,05,PORSCHE,15,A Coruña,Corporate,BEV,1
2024,05,PORSCHE,15,A Coruña,Corporate,ICE,2
2024,05,PORSCHE,15,A Coruña,Private,ICE,5
2024,05,RENAULT,15,A Coruña,Corporate,ICE,10
2024,05,RENAULT,15,A Coruña,Private,ICE,50
2024,05,ROMERO,15,A Coruña,Corporate,ICE,1
2024,05,SEAT,15,A Coruña,Corporate,ICE,13
2024,05,SEAT,15,A Coruña,Private,ICE,53
2024,05,SEMICARFRAN SL,15,A Coruña,Corporate,ICE,4
2024,05,SIN MARCA,15,A Coruña,Corporate,ICE,1
2024,05,SKODA,15,A Coruña,Corporate,ICE,2
2024,05,SKODA,15,A Coruña,Private,ICE,30
2024,05,SMART,15,A Coruña,Private,BEV,3
2024,05,SSANGYONG,15,A Coruña,Private,ICE,3
2024,05,SUBARU,15,A Coruña,Corporate,ICE,1
2024,05,SUZUKI,15,A Coruña,Corporate,ICE,1
2024,05,TESLA,15,A Coruña,Corporate,BEV,4
2024,05,TESLA,15,A Coruña,Private,BEV,13
2024,05,TOYOTA,15,A Coruña,Corporate,ICE,20
2024,05,TOYOTA,15,A Coruña,Corporate,PHEV,1
2024,05,TOYOTA,15,A Coruña,Private,ICE,109
2024,05,TOYOTA,15,A Coruña,Private,PHEV,2
2024,05,TOYOTA,15,A Coruña,RAC,ICE,6
2024,05,VOLKSWAGEN,15,A Coruña,Corporate,ICE,9
2024,05,VOLKSWAGEN,15,A Coruña,Private,BEV,1
2024,05,VOLKSWAGEN,15,A Coruña,Private,ICE,32
2024,05,VOLVO,15,A Coruña,Corporate,ICE,5
2024,05,VOLVO,15,A Coruña,Private,BEV,9
2024,05,VOLVO,15,A Coruña,Private,ICE,8
2024,05,AUDI,16,Cuenca,Corporate,ICE,3
2024,05,AUDI,16,Cuenca,Private,ICE,2
2024,05,BMW,16,Cuenca,Corporate,ICE,2
2024,05,BMW,16,Cuenca,Private,ICE,2
2024,05,CITROEN,16,Cuenca,Corporate,BEV,1
2024,05,CITROEN,16,Cuenca,Private,ICE,2
2024,05,DACIA,16,Cuenca,Corporate,ICE,2
2024,05,DACIA,16,Cuenca,Private,ICE,12
2024,05,FIAT,16,Cuenca,Corporate,ICE,1
2024,05,FORD,16,Cuenca,Private,ICE,2
2024,05,FORD,16,Cuenca,Private,PHEV,1
2024,05,HYUNDAI,16,Cuenca,Corporate,ICE,1
2024,05,HYUNDAI,16,Cuenca,Private,ICE,13
2024,05,HYUNDAI,16,Cuenca,Private,PHEV,1
2024,05,IVECO,16,Cuenca,Corporate,ICE,1
2024,05,IVECO,16,Cuenca,Private,ICE,1
2024,05,IVECO BUS,16,Cuenca,Corporate,ICE,1
2024,05,KIA,16,Cuenca,Private,BEV,1
2024,05,KIA,16,Cuenca,Private,ICE,11
2024,05,MAN,16,Cuenca,RAC,ICE,1
2024,05,MAZDA,16,Cuenca,Corporate,PHEV,1
2024,05,MAZDA,16,Cuenca,Private,ICE,6
2024,05,MAZDA,16,Cuenca,Private,PHEV,1
2024,05,MERCEDES,16,Cuenca,Corporate,ICE,3
2024,05,MERCEDES,16,Cuenca,Private,ICE,4
2024,05,MERCEDES,16,Cuenca,Private,PHEV,1
2024,05,MG,16,Cuenca,Private,ICE,1
2024,05,MG,16,Cuenca,Private,PHEV,1
2024,05,MITSUBISHI,16,Cuenca,Private,ICE,1
2024,05,NISSAN,16,Cuenca,Corporate,ICE,3
2024,05,NISSAN,16,Cuenca,Private,ICE,2
2024,05,PEUGEOT,16,Cuenca,Corporate,ICE,1
2024,05,PEUGEOT,16,Cuenca,Private,ICE,6
2024,05,PORSCHE,16,Cuenca,Private,ICE,1
2024,05,RENAULT,16,Cuenca,Corporate,ICE,3
2024,05,RENAULT,16,Cuenca,Private,ICE,6
2024,05,SEAT,16,Cuenca,Private,ICE,6
2024,05,SKODA,16,Cuenca,Corporate,BEV,1
2024,05,SKODA,16,Cuenca,Corporate,ICE,1
2024,05,SSANGYONG,16,Cuenca,Private,ICE,1
2024,05,SUZUKI,16,Cuenca,Private,ICE,2
2024,05,"TECNOCARSA, S.L.",16,Cuenca,RAC,ICE,1
2024,05,TESLA,16,Cuenca,Corporate,BEV,1
2024,05,TESLA,16,Cuenca,Private,BEV,2
2024,05,TOYOTA,16,Cuenca,Private,ICE,6
2024,05,TOYOTA,16,Cuenca,Private,PHEV,1
2024,05,VOLKSWAGEN,16,Cuenca,Corporate,ICE,1
2024,05,VOLKSWAGEN,16,Cuenca,Private,ICE,6
2024,05,VOLVO,16,Cuenca,Private,BEV,1
2024,05,VOLVO,16,Cuenca,Private,ICE,1
2024,05,ADRIA,17,Girona,RAC,ICE,4
2024,05,ALFA ROMEO,17,Girona,Private,ICE,1
2024,05,AUDI,17,Girona,Corporate,ICE,6
2024,05,AUDI,17,Girona,Corporate,PHEV,1
2024,05,AUDI,17,Girona,Private,ICE,17
2024,05,AUDI,17,Girona,Private,PHEV,3
2024,05,AUDI,17,Girona,RAC,ICE,5
2024,05,BENIMAR,17,Girona,Private,ICE,2
2024,05,BMW,17,Girona,Corporate,BEV,1
2024,05,BMW,17,Girona,Corporate,ICE,11
2024,05,BMW,17,Girona,Corporate,PHEV,4
2024,05,BMW,17,Girona,Private,ICE,15
2024,05,BMW,17,Girona,Private,PHEV,3
2024,05,BRP,17,Girona,Private,ICE,1
2024,05,BYD,17,Girona,Private,BEV,4
2024,05,CI,17,Girona,Private,ICE,1
2024,05,CITROEN,17,Girona,Corporate,BEV,3
2024,05,CITROEN,17,Girona,Corporate,ICE,10
2024,05,CITROEN,17,Girona,Private,ICE,24
2024,05,CITROEN,17,Girona,Private,PHEV,2
2024,05,COINPOL,17,Girona,Corporate,ICE,1
2024,05,CUPRA,17,Girona,Corporate,BEV,2
2024,05,CUPRA,17,Girona,Corporate,ICE,4
2024,05,CUPRA,17,Girona,Corporate,PHEV,1
2024,05,CUPRA,17,Girona,Private,ICE,9
2024,05,CUPRA,17,Girona,Private,PHEV,5
2024,05,DACIA,17,Girona,Corporate,BEV,2
2024,05,DACIA,17,Girona,Corporate,ICE,5
2024,05,DACIA,17,Girona,Private,ICE,54
2024,05,FIAT,17,Girona,Corporate,BEV,1
2024,05,FIAT,17,Girona,Corporate,ICE,3
2024,05,FIAT,17,Girona,Private,ICE,9
2024,05,FIAT,17,Girona,RAC,ICE,2
2024,05,FORD,17,Girona,Corporate,ICE,17
2024,05,FORD,17,Girona,Private,ICE,24
2024,05,FORD,17,Girona,Private,PHEV,3
2024,05,GBM,17,Girona,Corporate,ICE,1
2024,05,HONDA,17,Girona,Private,ICE,6
2024,05,HYUNDAI,17,Girona,Corporate,ICE,8
2024,05,HYUNDAI,17,Girona,Private,BEV,3
2024,05,HYUNDAI,17,Girona,Private,ICE,111
2024,05,ISUZU,17,Girona,Corporate,ICE,1
2024,05,ISUZU,17,Girona,Private,ICE,1
2024,05,IVECO,17,Girona,Private,ICE,2
2024,05,IVECO BUS,17,Girona,RAC,ICE,4
2024,05,JEEP,17,Girona,Corporate,ICE,1
2024,05,JEEP,17,Girona,Corporate,PHEV,1
2024,05,JEEP,17,Girona,Private,ICE,6
2024,05,JULIA CAMPER,17,Girona,Private,ICE,1
2024,05,KIA,17,Girona,Corporate,BEV,1
2024,05,KIA,17,Girona,Corporate,ICE,5
2024,05,KIA,17,Girona,Corporate,PHEV,2
2024,05,KIA,17,Girona,Private,BEV,6
2024,05,KIA,17,Girona,Private,ICE,56
2024,05,KNAUS,17,Girona,Private,ICE,2
2024,05,LAND ROVER,17,Girona,Corporate,PHEV,1
2024,05,LAND ROVER,17,Girona,Private,PHEV,1
2024,05,LEXUS,17,Girona,Corporate,ICE,3
2024,05,LEXUS,17,Girona,Private,ICE,12
2024,05,LIGIER,17,Girona,Private,ICE,1
2024,05,MAZDA,17,Girona,Corporate,ICE,2
2024,05,MAZDA,17,Girona,Corporate,PHEV,2
2024,05,MAZDA,17,Girona,Private,ICE,13
2024,05,MCLOUIS,17,Girona,Private,ICE,1
2024,05,MEBAUTO,17,Girona,Corporate,ICE,1
2024,05,MERCEDES,17,Girona,Corporate,BEV,2
2024,05,MERCEDES,17,Girona,Corporate,ICE,9
2024,05,MERCEDES,17,Girona,Corporate,PHEV,4
2024,05,MERCEDES,17,Girona,Private,ICE,11
2024,05,MERCEDES,17,Girona,Private,PHEV,5
2024,05,MERCEDES,17,Girona,RAC,ICE,1
2024,05,MERCEDES-V,17,Girona,Corporate,ICE,3
2024,05,MG,17,Girona,Corporate,ICE,3
2024,05,MG,17,Girona,Private,BEV,1
2024,05,MG,17,Girona,Private,ICE,19
2024,05,MINI,17,Girona,Corporate,BEV,1
2024,05,MINI,17,Girona,Corporate,ICE,2
2024,05,MINI,17,Girona,Private,ICE,10
2024,05,MITSUBISHI,17,Girona,Corporate,ICE,2
2024,05,MITSUBISHI,17,Girona,Corporate,PHEV,1
2024,05,MITSUBISHI,17,Girona,Private,ICE,4
2024,05,MITSUBISHI,17,Girona,Private,PHEV,1
2024,05,MOBILVETTA DESIGN,17,Girona,Private,ICE,1
2024,05,NISSAN,17,Girona,Corporate,BEV,1
2024,05,NISSAN,17,Girona,Corporate,ICE,14
2024,05,NISSAN,17,Girona,Private,BEV,1
2024,05,NISSAN,17,Girona,Private,ICE,43
2024,05,NISSAN,17,Girona,RAC,ICE,1
2024,05,OMODA,17,Girona,Corporate,ICE,1
2024,05,OMODA,17,Girona,Private,ICE,11
2024,05,OPEL,17,Girona,Corporate,ICE,12
2024,05,OPEL,17,Girona,Private,ICE,7
2024,05,PEUGEOT,17,Girona,Corporate,BEV,1
2024,05,PEUGEOT,17,Girona,Corporate,ICE,7
2024,05,PEUGEOT,17,Girona,Private,ICE,10
2024,05,PEUGEOT,17,Girona,RAC,ICE,1
2024,05,PIRINEUS,17,Girona,Corporate,ICE,3
2024,05,POLARIS,17,Girona,Corporate,BEV,1
2024,05,PORSCHE,17,Girona,Corporate,BEV,2
2024,05,PORSCHE,17,Girona,Corporate,PHEV,2
2024,05,PORSCHE,17,Girona,Private,ICE,3
2024,05,POSSI,17,Girona,Private,ICE,1
2024,05,RENAULT,17,Girona,Corporate,BEV,3
2024,05,RENAULT,17,Girona,Corporate,ICE,31
2024,05,RENAULT,17,Girona,Private,BEV,1
2024,05,RENAULT,17,Girona,Private,ICE,55
2024,05,RIUDACARR,17,Girona,Corporate,ICE,1
2024,05,SARTRUCK,17,Girona,Corporate,ICE,6
2024,05,SEAT,17,Girona,Corporate,ICE,4
2024,05,SEAT,17,Girona,Private,ICE,49
2024,05,SHINERAY,17,Girona,Private,ICE,1
2024,05,SKODA,17,Girona,Corporate,ICE,12
2024,05,SKODA,17,Girona,Private,BEV,1
2024,05,SKODA,17,Girona,Private,ICE,21
2024,05,SKODA,17,Girona,Private,PHEV,1
2024,05,SKODA,17,Girona,RAC,ICE,1
2024,05,SMART,17,Girona,Private,BEV,1
2024,05,SSANGYONG,17,Girona,Corporate,ICE,1
2024,05,SSANGYONG,17,Girona,Private,ICE,6
2024,05,SUBARU,17,Girona,Private,ICE,2
2024,05,SUN LIVING,17,Girona,RAC,ICE,1
2024,05,SUZUKI,17,Girona,Corporate,ICE,4
2024,05,SUZUKI,17,Girona,Private,ICE,8
2024,05,TEMSA,17,Girona,Corporate,ICE,1
2024,05,TESLA,17,Girona,Corporate,BEV,2
2024,05,TESLA,17,Girona,Private,BEV,17
2024,05,TOYOTA,17,Girona,Corporate,ICE,19
2024,05,TOYOTA,17,Girona,Corporate,PHEV,3
2024,05,TOYOTA,17,Girona,Private,ICE,97
2024,05,TOYOTA,17,Girona,Private,PHEV,4
2024,05,TVI,17,Girona,RAC,ICE,1
2024,05,VOLKSWAGEN,17,Girona,Corporate,BEV,1
2024,05,VOLKSWAGEN,17,Girona,Corporate,ICE,14
2024,05,VOLKSWAGEN,17,Girona,Corporate,PHEV,1
2024,05,VOLKSWAGEN,17,Girona,Private,BEV,2
2024,05,VOLKSWAGEN,17,Girona,Private,ICE,45
2024,05,VOLKSWAGEN,17,Girona,Private,PHEV,4
2024,05,VOLVO,17,Girona,Corporate,ICE,1
2024,05,VOLVO,17,Girona,Private,BEV,5
2024,05,VOLVO,17,Girona,Private,ICE,7
2024,05,VOLVO,17,Girona,Private,PHEV,1
2024,05,VSVE,17,Girona,Corporate,ICE,1
2024,05,ZAGO AUTOMOTIVE,17,Girona,Corporate,ICE,1
2024,05,ALFA ROMEO,18,Granada,Private,ICE,1
2024,05,ALFA ROMEO,18,Granada,Private,PHEV,1
2024,05,AUDI,18,Granada,Corporate,ICE,4
2024,05,AUDI,18,Granada,Private,ICE,10
2024,05,AUDI,18,Granada,Private,PHEV,1
2024,05,BENIMAR,18,Granada,Private,ICE,1
2024,05,BENIMAR,18,Granada,RAC,ICE,1
2024,05,BMW,18,Granada,Corporate,BEV,1
2024,05,BMW,18,Granada,Corporate,ICE,2
2024,05,BMW,18,Granada,Private,BEV,1
2024,05,BMW,18,Granada,Private,ICE,13
2024,05,BMW,18,Granada,Private,PHEV,3
2024,05,BYD,18,Granada,Corporate,BEV,1
2024,05,BYD,18,Granada,Private,BEV,1
2024,05,CITROEN,18,Granada,Corporate,ICE,6
2024,05,CITROEN,18,Granada,Private,BEV,1
2024,05,CITROEN,18,Granada,Private,ICE,23
2024,05,CITROEN,18,Granada,Private,PHEV,1
2024,05,CITROEN,18,Granada,RAC,ICE,1
2024,05,COINPOL,18,Granada,Corporate,ICE,1
2024,05,CUPRA,18,Granada,Corporate,PHEV,3
2024,05,CUPRA,18,Granada,Private,ICE,8
2024,05,CUPRA,18,Granada,Private,PHEV,4
2024,05,DACIA,18,Granada,Corporate,BEV,1
2024,05,DACIA,18,Granada,Corporate,ICE,6
2024,05,DACIA,18,Granada,Private,ICE,51
2024,05,DFSK,18,Granada,Corporate,ICE,1
2024,05,DIVISEGUR CATALUNYA,18,Granada,Corporate,ICE,1
2024,05,DIVISEGUR CATALUNYA,18,Granada,Private,ICE,2
2024,05,EUROGAZA,18,Granada,Corporate,ICE,1
2024,05,FIAT,18,Granada,Corporate,ICE,3
2024,05,FIAT,18,Granada,Private,ICE,6
2024,05,FIREMAR,18,Granada,Private,ICE,1
2024,05,FORD,18,Granada,Corporate,BEV,1
2024,05,FORD,18,Granada,Corporate,ICE,8
2024,05,FORD,18,Granada,Private,ICE,3
2024,05,GENERALIFE,18,Granada,Private,ICE,1
2024,05,GIOTTILINE,18,Granada,RAC,ICE,1
2024,05,HONDA,18,Granada,Private,ICE,4
2024,05,HYUNDAI,18,Granada,Corporate,ICE,9
2024,05,HYUNDAI,18,Granada,Corporate,PHEV,1
2024,05,HYUNDAI,18,Granada,Private,BEV,2
2024,05,HYUNDAI,18,Granada,Private,ICE,45
2024,05,IGLUVAN,18,Granada,Corporate,ICE,3
2024,05,INEOS,18,Granada,Private,ICE,1
2024,05,IVECO,18,Granada,Corporate,ICE,1
2024,05,KIA,18,Granada,Corporate,BEV,1
2024,05,KIA,18,Granada,Private,BEV,2
2024,05,KIA,18,Granada,Private,ICE,57
2024,05,KIA,18,Granada,Private,PHEV,5
2024,05,LAND ROVER,18,Granada,Private,ICE,1
2024,05,LEXUS,18,Granada,Corporate,BEV,1
2024,05,LEXUS,18,Granada,Private,ICE,5
2024,05,LEXUS,18,Granada,Private,PHEV,1
2024,05,LIGIER,18,Granada,Private,ICE,1
2024,05,MAN,18,Granada,Corporate,ICE,1
2024,05,MAZDA,18,Granada,Private,ICE,13
2024,05,MAZDA,18,Granada,Private,PHEV,2
2024,05,MCLOUIS,18,Granada,RAC,ICE,2
2024,05,MEBAUTO,18,Granada,Corporate,ICE,1
2024,05,MERCEDES,18,Granada,Corporate,BEV,1
2024,05,MERCEDES,18,Granada,Corporate,ICE,6
2024,05,MERCEDES,18,Granada,Private,BEV,1
2024,05,MERCEDES,18,Granada,Private,ICE,10
2024,05,MERCEDES,18,Granada,Private,PHEV,4
2024,05,MERCEDES,18,Granada,RAC,ICE,2
2024,05,MG,18,Granada,Corporate,ICE,1
2024,05,MG,18,Granada,Private,BEV,3
2024,05,MG,18,Granada,Private,ICE,16
2024,05,MG,18,Granada,Private,PHEV,4
2024,05,MINI,18,Granada,Corporate,ICE,2
2024,05,MINI,18,Granada,Private,ICE,2
2024,05,MITSUBISHI,18,Granada,Private,ICE,6
2024,05,MITSUBISHI FUSO,18,Granada,Corporate,ICE,2
2024,05,NISSAN,18,Granada,Corporate,ICE,3
2024,05,NISSAN,18,Granada,Private,ICE,9
2024,05,OMODA,18,Granada,Private,ICE,5
2024,05,OPEL,18,Granada,Private,ICE,8
2024,05,PEUGEOT,18,Granada,Corporate,ICE,16
2024,05,PEUGEOT,18,Granada,Private,BEV,2
2024,05,PEUGEOT,18,Granada,Private,ICE,22
2024,05,PEUGEOT,18,Granada,Private,PHEV,1
2024,05,PEUGEOT,18,Granada,RAC,ICE,11
2024,05,PIAGGIO,18,Granada,Corporate,ICE,1
2024,05,PORSCHE,18,Granada,Corporate,ICE,1
2024,05,RENAULT,18,Granada,Corporate,ICE,12
2024,05,RENAULT,18,Granada,Private,BEV,1
2024,05,RENAULT,18,Granada,Private,ICE,40
2024,05,SEAT,18,Granada,Corporate,ICE,11
2024,05,SEAT,18,Granada,Private,ICE,54
2024,05,SKODA,18,Granada,Corporate,ICE,4
2024,05,SKODA,18,Granada,Private,ICE,8
2024,05,SSANGYONG,18,Granada,Private,ICE,6
2024,05,SUBARU,18,Granada,Corporate,BEV,1
2024,05,SUZUKI,18,Granada,Corporate,ICE,1
2024,05,SUZUKI,18,Granada,Private,ICE,3
2024,05,TESLA,18,Granada,Corporate,BEV,1
2024,05,TESLA,18,Granada,Private,BEV,17
2024,05,TOYOTA,18,Granada,Corporate,ICE,14
2024,05,TOYOTA,18,Granada,Corporate,PHEV,1
2024,05,TOYOTA,18,Granada,Private,BEV,1
2024,05,TOYOTA,18,Granada,Private,ICE,84
2024,05,TOYOTA,18,Granada,Private,PHEV,1
2024,05,VOLKSWAGEN,18,Granada,Corporate,ICE,4
2024,05,VOLKSWAGEN,18,Granada,Private,ICE,37
2024,05,VOLKSWAGEN,18,Granada,Private,PHEV,3
2024,05,VOLVO,18,Granada,Corporate,BEV,1
2024,05,VOLVO,18,Granada,Private,ICE,2
2024,05,AUDI,19,Guadalajara,Corporate,ICE,5
2024,05,AUDI,19,Guadalajara,Corporate,PHEV,2
2024,05,AUDI,19,Guadalajara,Private,ICE,3
2024,05,AUDI,19,Guadalajara,Private,PHEV,1
2024,05,BMW,19,Guadalajara,Private,BEV,1
2024,05,BMW,19,Guadalajara,Private,ICE,5
2024,05,BYD,19,Guadalajara,Private,BEV,5
2024,05,CITROEN,19,Guadalajara,Corporate,ICE,5
2024,05,CITROEN,19,Guadalajara,Private,BEV,5
2024,05,CITROEN,19,Guadalajara,Private,ICE,6
2024,05,CITROEN,19,Guadalajara,Private,PHEV,2
2024,05,CUPRA,19,Guadalajara,Private,ICE,6
2024,05,CUPRA,19,Guadalajara,Private,PHEV,2
2024,05,DACIA,19,Guadalajara,Corporate,BEV,1
2024,05,DACIA,19,Guadalajara,Corporate,ICE,5
2024,05,DACIA,19,Guadalajara,Private,ICE,26
2024,05,DR,19,Guadalajara,Private,ICE,1
2024,05,FIAT,19,Guadalajara,Private,ICE,5
2024,05,FORD,19,Guadalajara,Private,ICE,3
2024,05,FORD,19,Guadalajara,Private,PHEV,2
2024,05,HONDA,19,Guadalajara,Corporate,ICE,1
2024,05,HYUNDAI,19,Guadalajara,Corporate,ICE,3
2024,05,HYUNDAI,19,Guadalajara,Private,BEV,2
2024,05,HYUNDAI,19,Guadalajara,Private,ICE,29
2024,05,HYUNDAI,19,Guadalajara,RAC,ICE,1
2024,05,IVECO,19,Guadalajara,Corporate,ICE,2
2024,05,KIA,19,Guadalajara,Corporate,BEV,1
2024,05,KIA,19,Guadalajara,Corporate,ICE,2
2024,05,KIA,19,Guadalajara,Private,BEV,1
2024,05,KIA,19,Guadalajara,Private,ICE,25
2024,05,LEXUS,19,Guadalajara,Private,ICE,5
2024,05,MAZDA,19,Guadalajara,Corporate,ICE,1
2024,05,MAZDA,19,Guadalajara,Corporate,PHEV,1
2024,05,MAZDA,19,Guadalajara,Private,ICE,16
2024,05,MERCEDES,19,Guadalajara,Corporate,ICE,1
2024,05,MERCEDES,19,Guadalajara,Corporate,PHEV,1
2024,05,MERCEDES,19,Guadalajara,Private,ICE,1
2024,05,MERCEDES,19,Guadalajara,Private,PHEV,2
2024,05,MERCEDES-V,19,Guadalajara,Corporate,ICE,1
2024,05,MERCEDES-V,19,Guadalajara,Private,ICE,1
2024,05,MG,19,Guadalajara,Corporate,ICE,2
2024,05,MG,19,Guadalajara,Corporate,PHEV,1
2024,05,MG,19,Guadalajara,Private,BEV,3
2024,05,MG,19,Guadalajara,Private,ICE,10
2024,05,MINI,19,Guadalajara,Private,ICE,1
2024,05,MITSUBISHI,19,Guadalajara,Corporate,ICE,1
2024,05,MITSUBISHI,19,Guadalajara,Private,ICE,7
2024,05,NISSAN,19,Guadalajara,Corporate,ICE,2
2024,05,NISSAN,19,Guadalajara,Private,ICE,11
2024,05,OMODA,19,Guadalajara,Private,ICE,2
2024,05,OPEL,19,Guadalajara,Corporate,ICE,1
2024,05,OPEL,19,Guadalajara,Private,ICE,1
2024,05,PEUGEOT,19,Guadalajara,Corporate,BEV,1
2024,05,PEUGEOT,19,Guadalajara,Corporate,ICE,8
2024,05,PEUGEOT,19,Guadalajara,Private,BEV,1
2024,05,PEUGEOT,19,Guadalajara,Private,ICE,10
2024,05,PORSCHE,19,Guadalajara,Private,ICE,1
2024,05,PORSCHE,19,Guadalajara,Private,PHEV,1
2024,05,RAPIDO,19,Guadalajara,Private,ICE,2
2024,05,RENAULT,19,Guadalajara,Corporate,BEV,4
2024,05,RENAULT,19,Guadalajara,Corporate,ICE,13
2024,05,RENAULT,19,Guadalajara,Private,ICE,21
2024,05,ROMU,19,Guadalajara,Private,ICE,1
2024,05,SEAT,19,Guadalajara,Corporate,ICE,3
2024,05,SEAT,19,Guadalajara,Corporate,PHEV,1
2024,05,SEAT,19,Guadalajara,Private,ICE,19
2024,05,SIN MARCA,19,Guadalajara,Corporate,PHEV,2
2024,05,SIN MARCA,19,Guadalajara,Private,PHEV,1
2024,05,SKODA,19,Guadalajara,Corporate,ICE,2
2024,05,SKODA,19,Guadalajara,Private,ICE,12
2024,05,SMART,19,Guadalajara,Private,BEV,1
2024,05,SSANGYONG,19,Guadalajara,Corporate,ICE,1
2024,05,SSANGYONG,19,Guadalajara,Private,ICE,1
2024,05,SUZUKI,19,Guadalajara,Corporate,ICE,1
2024,05,SUZUKI,19,Guadalajara,Private,ICE,10
2024,05,TESLA,19,Guadalajara,Private,BEV,5
2024,05,TOYOTA,19,Guadalajara,Corporate,ICE,1
2024,05,TOYOTA,19,Guadalajara,Private,ICE,22
2024,05,TOYOTA,19,Guadalajara,Private,PHEV,1
2024,05,VOLKSWAGEN,19,Guadalajara,Corporate,ICE,5
2024,05,VOLKSWAGEN,19,Guadalajara,Private,BEV,1
2024,05,VOLKSWAGEN,19,Guadalajara,Private,ICE,4
2024,05,VOLKSWAGEN,19,Guadalajara,Private,PHEV,1
2024,05,VOLVO,19,Guadalajara,Private,BEV,2
2024,05,VOLVO,19,Guadalajara,Private,ICE,2
2024,05,VOLVO,19,Guadalajara,Private,PHEV,1
2024,05,ADRIA,20,Gipuzkoa,Private,ICE,1
2024,05,ALFA ROMEO,20,Gipuzkoa,Private,ICE,1
2024,05,ALLIED VEHICLES LTD,20,Gipuzkoa,Private,ICE,1
2024,05,AUDI,20,Gipuzkoa,Corporate,ICE,5
2024,05,AUDI,20,Gipuzkoa,Private,ICE,11
2024,05,BENIMAR,20,Gipuzkoa,Corporate,ICE,1
2024,05,BENIMAR,20,Gipuzkoa,RAC,ICE,1
2024,05,BMW,20,Gipuzkoa,Corporate,ICE,9
2024,05,BMW,20,Gipuzkoa,Corporate,PHEV,3
2024,05,BMW,20,Gipuzkoa,Private,BEV,1
2024,05,BMW,20,Gipuzkoa,Private,ICE,4
2024,05,BMW,20,Gipuzkoa,Private,PHEV,2
2024,05,BYD,20,Gipuzkoa,Private,BEV,1
2024,05,CAPRON GMBH,20,Gipuzkoa,RAC,ICE,1
2024,05,CARTHAGO,20,Gipuzkoa,Private,ICE,1
2024,05,CITROEN,20,Gipuzkoa,Corporate,BEV,3
2024,05,CITROEN,20,Gipuzkoa,Corporate,ICE,9
2024,05,CITROEN,20,Gipuzkoa,Corporate,PHEV,4
2024,05,CITROEN,20,Gipuzkoa,Private,BEV,4
2024,05,CITROEN,20,Gipuzkoa,Private,ICE,34
2024,05,CITROEN,20,Gipuzkoa,Private,PHEV,2
2024,05,CUPRA,20,Gipuzkoa,Corporate,ICE,1
2024,05,CUPRA,20,Gipuzkoa,Corporate,PHEV,1
2024,05,CUPRA,20,Gipuzkoa,Private,ICE,6
2024,05,DACIA,20,Gipuzkoa,Corporate,ICE,2
2024,05,DACIA,20,Gipuzkoa,Private,ICE,30
2024,05,DFSK,20,Gipuzkoa,Corporate,ICE,1
2024,05,ERKE,20,Gipuzkoa,Corporate,ICE,3
2024,05,ERROBITRAK,20,Gipuzkoa,Corporate,ICE,3
2024,05,ETRUSCO,20,Gipuzkoa,Private,ICE,1
2024,05,FIAT,20,Gipuzkoa,Corporate,ICE,2
2024,05,FIAT,20,Gipuzkoa,Private,ICE,5
2024,05,FORD,20,Gipuzkoa,Corporate,ICE,12
2024,05,FORD,20,Gipuzkoa,Private,BEV,3
2024,05,FORD,20,Gipuzkoa,Private,ICE,20
2024,05,FORD,20,Gipuzkoa,Private,PHEV,5
2024,05,GRAU,20,Gipuzkoa,Corporate,BEV,1
2024,05,HONDA,20,Gipuzkoa,Corporate,ICE,1
2024,05,HONDA,20,Gipuzkoa,Private,ICE,4
2024,05,HYUNDAI,20,Gipuzkoa,Corporate,ICE,3
2024,05,HYUNDAI,20,Gipuzkoa,Private,BEV,1
2024,05,HYUNDAI,20,Gipuzkoa,Private,ICE,28
2024,05,ILUSION,20,Gipuzkoa,RAC,ICE,1
2024,05,IRIZAR,20,Gipuzkoa,Corporate,ICE,1
2024,05,ISUZU,20,Gipuzkoa,Private,ICE,1
2024,05,IVECO,20,Gipuzkoa,Corporate,ICE,3
2024,05,IVECO,20,Gipuzkoa,Private,ICE,1
2024,05,IVECO,20,Gipuzkoa,RAC,ICE,1
2024,05,KIA,20,Gipuzkoa,Corporate,BEV,1
2024,05,KIA,20,Gipuzkoa,Corporate,ICE,10
2024,05,KIA,20,Gipuzkoa,Corporate,PHEV,1
2024,05,KIA,20,Gipuzkoa,Private,BEV,1
2024,05,KIA,20,Gipuzkoa,Private,ICE,19
2024,05,KIA,20,Gipuzkoa,Private,PHEV,1
2024,05,KIA,20,Gipuzkoa,RAC,ICE,4
2024,05,KNAUS,20,Gipuzkoa,Private,ICE,1
2024,05,LAIKA CARAVANS SPA,20,Gipuzkoa,Private,ICE,1
2024,05,LAND ROVER,20,Gipuzkoa,Corporate,PHEV,1
2024,05,LAND ROVER,20,Gipuzkoa,Private,PHEV,1
2024,05,LEXUS,20,Gipuzkoa,Corporate,ICE,5
2024,05,LEXUS,20,Gipuzkoa,Private,ICE,3
2024,05,LEXUS,20,Gipuzkoa,Private,PHEV,1
2024,05,LIGIER,20,Gipuzkoa,Corporate,ICE,2
2024,05,MAN,20,Gipuzkoa,Corporate,ICE,1
2024,05,MAXUS,20,Gipuzkoa,Private,BEV,1
2024,05,MAZDA,20,Gipuzkoa,Private,ICE,21
2024,05,MERCEDES,20,Gipuzkoa,Corporate,ICE,8
2024,05,MERCEDES,20,Gipuzkoa,Corporate,PHEV,4
2024,05,MERCEDES,20,Gipuzkoa,Private,BEV,1
2024,05,MERCEDES,20,Gipuzkoa,Private,ICE,11
2024,05,MERCEDES,20,Gipuzkoa,Private,PHEV,6
2024,05,MERCEDES-AMG,20,Gipuzkoa,Private,ICE,1
2024,05,MERCEDES-V,20,Gipuzkoa,Corporate,ICE,1
2024,05,MG,20,Gipuzkoa,Private,BEV,2
2024,05,MG,20,Gipuzkoa,Private,ICE,14
2024,05,MICROCAR,20,Gipuzkoa,Private,ICE,1
2024,05,MINI,20,Gipuzkoa,Private,ICE,1
2024,05,MITSUBISHI,20,Gipuzkoa,Private,ICE,4
2024,05,MITSUBISHI FUSO,20,Gipuzkoa,Corporate,ICE,1
2024,05,NISSAN,20,Gipuzkoa,Corporate,ICE,4
2024,05,NISSAN,20,Gipuzkoa,Private,ICE,10
2024,05,OMODA,20,Gipuzkoa,Corporate,ICE,2
2024,05,OMODA,20,Gipuzkoa,Private,ICE,14
2024,05,OPEL,20,Gipuzkoa,Corporate,ICE,1
2024,05,OPEL,20,Gipuzkoa,Private,BEV,2
2024,05,OPEL,20,Gipuzkoa,Private,ICE,14
2024,05,OPEL,20,Gipuzkoa,RAC,ICE,4
2024,05,PEUGEOT,20,Gipuzkoa,Corporate,BEV,1
2024,05,PEUGEOT,20,Gipuzkoa,Corporate,ICE,65
2024,05,PEUGEOT,20,Gipuzkoa,Private,ICE,21
2024,05,PEUGEOT,20,Gipuzkoa,Private,PHEV,1
2024,05,PORSCHE,20,Gipuzkoa,Corporate,ICE,2
2024,05,PORSCHE,20,Gipuzkoa,Private,PHEV,2
2024,05,RANDGER,20,Gipuzkoa,Private,ICE,1
2024,05,RAPIDO,20,Gipuzkoa,Private,ICE,1
2024,05,RENAULT,20,Gipuzkoa,Corporate,ICE,19
2024,05,RENAULT,20,Gipuzkoa,Private,ICE,32
2024,05,SEAT,20,Gipuzkoa,Private,ICE,16
2024,05,SEAT,20,Gipuzkoa,Private,PHEV,1
2024,05,SKODA,20,Gipuzkoa,Corporate,ICE,8
2024,05,SKODA,20,Gipuzkoa,Private,ICE,21
2024,05,SSANGYONG,20,Gipuzkoa,Private,ICE,2
2024,05,STIL CONVERSION,20,Gipuzkoa,Private,ICE,4
2024,05,SUBARU,20,Gipuzkoa,Private,ICE,1
2024,05,SUZUKI,20,Gipuzkoa,Corporate,ICE,2
2024,05,SUZUKI,20,Gipuzkoa,Private,ICE,6
2024,05,TENAX,20,Gipuzkoa,Corporate,BEV,1
2024,05,TESLA,20,Gipuzkoa,Private,BEV,16
2024,05,TOYOTA,20,Gipuzkoa,Corporate,ICE,18
2024,05,TOYOTA,20,Gipuzkoa,Private,ICE,69
2024,05,TOYOTA,20,Gipuzkoa,Private,PHEV,2
2024,05,VALLEJO,20,Gipuzkoa,Corporate,ICE,1
2024,05,VOLKSWAGEN,20,Gipuzkoa,Corporate,BEV,1
2024,05,VOLKSWAGEN,20,Gipuzkoa,Corporate,ICE,9
2024,05,VOLKSWAGEN,20,Gipuzkoa,Corporate,PHEV,1
2024,05,VOLKSWAGEN,20,Gipuzkoa,Private,ICE,42
2024,05,VOLKSWAGEN,20,Gipuzkoa,Private,PHEV,2
2024,05,VOLVO,20,Gipuzkoa,Corporate,BEV,1
2024,05,VOLVO,20,Gipuzkoa,Corporate,ICE,1
2024,05,VOLVO,20,Gipuzkoa,Corporate,PHEV,1
2024,05,VOLVO,20,Gipuzkoa,Private,BEV,2
2024,05,VOLVO,20,Gipuzkoa,Private,ICE,5
2024,05,VOLVO,20,Gipuzkoa,Private,PHEV,1
2024,05,WESTFALIA,20,Gipuzkoa,Private,ICE,2
2024,05,AUDI,21,Huelva,Corporate,ICE,5
2024,05,AUDI,21,Huelva,Corporate,PHEV,2
2024,05,AUDI,21,Huelva,Private,ICE,6
2024,05,BMW,21,Huelva,Corporate,ICE,12
2024,05,BMW,21,Huelva,Private,ICE,7
2024,05,CARROCERIAS JEREZ,21,Huelva,Corporate,ICE,1
2024,05,CFMOTO,21,Huelva,Corporate,ICE,1
2024,05,CITROEN,21,Huelva,Corporate,ICE,1
2024,05,CITROEN,21,Huelva,Private,ICE,6
2024,05,CUPRA,21,Huelva,Corporate,ICE,3
2024,05,CUPRA,21,Huelva,Private,ICE,2
2024,05,DACIA,21,Huelva,Corporate,ICE,7
2024,05,DACIA,21,Huelva,Private,BEV,1
2024,05,DACIA,21,Huelva,Private,ICE,19
2024,05,DIVISEGUR CATALUNYA,21,Huelva,Corporate,ICE,5
2024,05,FIAT,21,Huelva,Private,ICE,2
2024,05,FORD,21,Huelva,Corporate,ICE,4
2024,05,FORD,21,Huelva,Private,ICE,9
2024,05,HYUNDAI,21,Huelva,Corporate,ICE,7
2024,05,HYUNDAI,21,Huelva,Private,BEV,1
2024,05,HYUNDAI,21,Huelva,Private,ICE,22
2024,05,IVECO,21,Huelva,Corporate,ICE,2
2024,05,JEEP,21,Huelva,Private,ICE,1
2024,05,JOSE MARIA GLEZ DIAZ,21,Huelva,Corporate,ICE,1
2024,05,KIA,21,Huelva,Corporate,BEV,1
2024,05,KIA,21,Huelva,Corporate,ICE,1
2024,05,KIA,21,Huelva,Private,ICE,21
2024,05,KIA,21,Huelva,Private,PHEV,1
2024,05,KUBOTA,21,Huelva,Corporate,ICE,1
2024,05,LEXUS,21,Huelva,Corporate,ICE,1
2024,05,MAZDA,21,Huelva,Private,ICE,5
2024,05,MAZDA,21,Huelva,Private,PHEV,1
2024,05,MERCEDES,21,Huelva,Corporate,BEV,1
2024,05,MERCEDES,21,Huelva,Corporate,ICE,2
2024,05,MERCEDES,21,Huelva,Corporate,PHEV,5
2024,05,MERCEDES,21,Huelva,Private,ICE,11
2024,05,MERCEDES-V,21,Huelva,Corporate,ICE,1
2024,05,MG,21,Huelva,Private,BEV,1
2024,05,MG,21,Huelva,Private,ICE,17
2024,05,MG,21,Huelva,Private,PHEV,1
2024,05,MINI,21,Huelva,Corporate,ICE,3
2024,05,MITSUBISHI,21,Huelva,Corporate,PHEV,1
2024,05,NISSAN,21,Huelva,Corporate,ICE,2
2024,05,NISSAN,21,Huelva,Private,ICE,11
2024,05,OMODA,21,Huelva,Private,ICE,2
2024,05,PEUGEOT,21,Huelva,Corporate,ICE,1
2024,05,PEUGEOT,21,Huelva,Private,ICE,11
2024,05,PROTEC FIRE,21,Huelva,Corporate,ICE,1
2024,05,RENAULT,21,Huelva,Corporate,BEV,1
2024,05,RENAULT,21,Huelva,Corporate,ICE,21
2024,05,RENAULT,21,Huelva,Private,ICE,29
2024,05,SEAT,21,Huelva,Corporate,ICE,4
2024,05,SEAT,21,Huelva,Private,ICE,17
2024,05,SKODA,21,Huelva,Private,ICE,16
2024,05,SSANGYONG,21,Huelva,Private,ICE,5
2024,05,SUZUKI,21,Huelva,Corporate,ICE,1
2024,05,SUZUKI,21,Huelva,Private,ICE,1
2024,05,TESLA,21,Huelva,Private,BEV,2
2024,05,TOYOTA,21,Huelva,Corporate,ICE,11
2024,05,TOYOTA,21,Huelva,Private,BEV,1
2024,05,TOYOTA,21,Huelva,Private,ICE,32
2024,05,TOYOTA,21,Huelva,Private,PHEV,1
2024,05,VOLKSWAGEN,21,Huelva,Corporate,ICE,3
2024,05,VOLKSWAGEN,21,Huelva,Private,BEV,1
2024,05,VOLKSWAGEN,21,Huelva,Private,ICE,15
2024,05,VOLVO,21,Huelva,Private,BEV,1
2024,05,VOLVO,21,Huelva,Private,ICE,4
2024,05,AUDI,22,Huesca,Private,ICE,5
2024,05,AUDI,22,Huesca,Private,PHEV,1
2024,05,BENIMAR,22,Huesca,RAC,ICE,1
2024,05,BMW,22,Huesca,Corporate,ICE,2
2024,05,BMW,22,Huesca,Corporate,PHEV,1
2024,05,BMW,22,Huesca,Private,ICE,5
2024,05,BYD,22,Huesca,Private,BEV,1
2024,05,CITROEN,22,Huesca,Corporate,BEV,1
2024,05,CITROEN,22,Huesca,Corporate,ICE,4
2024,05,CITROEN,22,Huesca,Private,BEV,1
2024,05,CITROEN,22,Huesca,Private,ICE,3
2024,05,CITROEN,22,Huesca,Private,PHEV,1
2024,05,CUPRA,22,Huesca,Corporate,ICE,1
2024,05,CUPRA,22,Huesca,Private,BEV,1
2024,05,CUPRA,22,Huesca,Private,ICE,1
2024,05,CUPRA,22,Huesca,Private,PHEV,1
2024,05,DACIA,22,Huesca,Corporate,ICE,6
2024,05,DACIA,22,Huesca,Private,BEV,1
2024,05,DACIA,22,Huesca,Private,ICE,12
2024,05,FIAT,22,Huesca,Corporate,ICE,4
2024,05,FORD,22,Huesca,Corporate,ICE,4
2024,05,FORD,22,Huesca,Private,ICE,6
2024,05,FORD,22,Huesca,Private,PHEV,2
2024,05,GAPA,22,Huesca,Corporate,ICE,1
2024,05,HONDA,22,Huesca,Private,ICE,1
2024,05,HYUNDAI,22,Huesca,Corporate,ICE,1
2024,05,HYUNDAI,22,Huesca,Corporate,PHEV,1
2024,05,HYUNDAI,22,Huesca,Private,BEV,1
2024,05,HYUNDAI,22,Huesca,Private,ICE,2
2024,05,ISUZU,22,Huesca,Corporate,ICE,1
2024,05,IVECO,22,Huesca,Corporate,ICE,2
2024,05,JEEP,22,Huesca,Corporate,ICE,1
2024,05,JEEP,22,Huesca,Private,ICE,2
2024,05,KIA,22,Huesca,Corporate,BEV,1
2024,05,KIA,22,Huesca,Corporate,ICE,1
2024,05,KIA,22,Huesca,Private,ICE,10
2024,05,KIA,22,Huesca,Private,PHEV,1
2024,05,LAND ROVER,22,Huesca,Private,ICE,1
2024,05,LEXUS,22,Huesca,Private,ICE,2
2024,05,MAXUS,22,Huesca,Corporate,ICE,1
2024,05,MAZDA,22,Huesca,Corporate,ICE,3
2024,05,MAZDA,22,Huesca,Corporate,PHEV,1
2024,05,MAZDA,22,Huesca,Private,ICE,5
2024,05,MERCEDES,22,Huesca,Corporate,ICE,4
2024,05,MERCEDES,22,Huesca,Corporate,PHEV,2
2024,05,MERCEDES,22,Huesca,Private,BEV,1
2024,05,MERCEDES,22,Huesca,Private,ICE,5
2024,05,MERCEDES,22,Huesca,Private,PHEV,3
2024,05,MG,22,Huesca,Corporate,ICE,2
2024,05,MG,22,Huesca,Private,BEV,1
2024,05,MG,22,Huesca,Private,ICE,4
2024,05,NISSAN,22,Huesca,Corporate,ICE,2
2024,05,NISSAN,22,Huesca,Private,ICE,2
2024,05,OMODA,22,Huesca,Private,ICE,6
2024,05,OPEL,22,Huesca,Corporate,ICE,1
2024,05,OPEL,22,Huesca,Private,ICE,5
2024,05,PEUGEOT,22,Huesca,Corporate,ICE,1
2024,05,PEUGEOT,22,Huesca,Private,BEV,1
2024,05,PEUGEOT,22,Huesca,Private,ICE,2
2024,05,POLARIS,22,Huesca,Corporate,ICE,1
2024,05,PORSCHE,22,Huesca,Private,ICE,1
2024,05,RENAULT,22,Huesca,Corporate,BEV,1
2024,05,RENAULT,22,Huesca,Corporate,ICE,14
2024,05,RENAULT,22,Huesca,Private,ICE,14
2024,05,SEAT,22,Huesca,Corporate,ICE,3
2024,05,SEAT,22,Huesca,Private,ICE,15
2024,05,SEAT,22,Huesca,Private,PHEV,1
2024,05,SIN MARCA,22,Huesca,Corporate,PHEV,1
2024,05,SKODA,22,Huesca,Corporate,ICE,3
2024,05,SKODA,22,Huesca,Private,ICE,9
2024,05,SSANGYONG,22,Huesca,Corporate,ICE,1
2024,05,SSANGYONG,22,Huesca,Private,ICE,6
2024,05,SUZUKI,22,Huesca,Corporate,ICE,2
2024,05,SUZUKI,22,Huesca,Private,ICE,3
2024,05,TESLA,22,Huesca,Private,BEV,1
2024,05,TOYOTA,22,Huesca,Corporate,ICE,8
2024,05,TOYOTA,22,Huesca,Private,ICE,12
2024,05,TOYOTA,22,Huesca,Private,PHEV,1
2024,05,TOYOTA,22,Huesca,RAC,ICE,1
2024,05,VOLKSWAGEN,22,Huesca,Corporate,ICE,9
2024,05,VOLKSWAGEN,22,Huesca,Private,ICE,7
2024,05,VOLKSWAGEN,22,Huesca,RAC,ICE,1
2024,05,VOLVO,22,Huesca,Private,ICE,1
2024,05,AUDI,23,Jaén,Corporate,ICE,2
2024,05,AUDI,23,Jaén,Private,ICE,7
2024,05,AUDI,23,Jaén,Private,PHEV,1
2024,05,BENIMAR,23,Jaén,Private,ICE,1
2024,05,BMW,23,Jaén,Private,ICE,10
2024,05,BRP,23,Jaén,Private,ICE,1
2024,05,CFMOTO,23,Jaén,Corporate,ICE,1
2024,05,CFMOTO,23,Jaén,Private,ICE,4
2024,05,CHALLENGER,23,Jaén,RAC,ICE,1
2024,05,CITROEN,23,Jaén,Corporate,ICE,8
2024,05,CITROEN,23,Jaén,Private,BEV,1
2024,05,CITROEN,23,Jaén,Private,ICE,5
2024,05,CUPRA,23,Jaén,Private,ICE,5
2024,05,DACIA,23,Jaén,Corporate,ICE,4
2024,05,DACIA,23,Jaén,Private,ICE,30
2024,05,FIAT,23,Jaén,Corporate,ICE,2
2024,05,FORD,23,Jaén,Corporate,ICE,4
2024,05,FORD,23,Jaén,Private,BEV,1
2024,05,FORD,23,Jaén,Private,ICE,8
2024,05,FORD,23,Jaén,Private,PHEV,1
2024,05,HYUNDAI,23,Jaén,Corporate,BEV,1
2024,05,HYUNDAI,23,Jaén,Corporate,ICE,13
2024,05,HYUNDAI,23,Jaén,Private,ICE,20
2024,05,HYUNDAI,23,Jaén,Private,PHEV,1
2024,05,IVECO,23,Jaén,Corporate,ICE,2
2024,05,IVECO,23,Jaén,Private,ICE,2
2024,05,JEEP,23,Jaén,Private,ICE,1
2024,05,KIA,23,Jaén,Corporate,ICE,4
2024,05,KIA,23,Jaén,Private,BEV,1
2024,05,KIA,23,Jaén,Private,ICE,17
2024,05,KIA,23,Jaén,Private,PHEV,1
2024,05,LEXUS,23,Jaén,Private,ICE,1
2024,05,MAZDA,23,Jaén,Corporate,ICE,2
2024,05,MAZDA,23,Jaén,Private,ICE,6
2024,05,MERCEDES,23,Jaén,Corporate,ICE,2
2024,05,MERCEDES,23,Jaén,Corporate,PHEV,3
2024,05,MERCEDES,23,Jaén,Private,ICE,5
2024,05,MERCEDES,23,Jaén,Private,PHEV,3
2024,05,MG,23,Jaén,Private,BEV,1
2024,05,MG,23,Jaén,Private,ICE,10
2024,05,MG,23,Jaén,Private,PHEV,1
2024,05,MITSUBISHI,23,Jaén,Corporate,ICE,1
2024,05,MITSUBISHI,23,Jaén,Private,ICE,2
2024,05,MITSUBISHI FUSO,23,Jaén,Corporate,ICE,1
2024,05,NISSAN,23,Jaén,Corporate,ICE,4
2024,05,NISSAN,23,Jaén,Private,ICE,8
2024,05,OMODA,23,Jaén,Corporate,ICE,2
2024,05,OMODA,23,Jaén,Private,ICE,10
2024,05,OPEL,23,Jaén,Corporate,ICE,3
2024,05,OPEL,23,Jaén,Private,BEV,1
2024,05,OPEL,23,Jaén,Private,ICE,3
2024,05,PEUGEOT,23,Jaén,Corporate,BEV,1
2024,05,PEUGEOT,23,Jaén,Corporate,ICE,1
2024,05,PEUGEOT,23,Jaén,Private,BEV,2
2024,05,PEUGEOT,23,Jaén,Private,ICE,8
2024,05,RENAULT,23,Jaén,Corporate,BEV,1
2024,05,RENAULT,23,Jaén,Corporate,ICE,5
2024,05,RENAULT,23,Jaén,Private,ICE,22
2024,05,RIMOR,23,Jaén,RAC,ICE,1
2024,05,SAN COSME Y SAN DAMIAN,23,Jaén,Corporate,ICE,1
2024,05,SEAT,23,Jaén,Private,ICE,22
2024,05,SKODA,23,Jaén,Corporate,ICE,1
2024,05,SKODA,23,Jaén,Private,ICE,7
2024,05,SUBARU,23,Jaén,Private,ICE,2
2024,05,SUZUKI,23,Jaén,Private,ICE,1
2024,05,TESLA,23,Jaén,Private,BEV,5
2024,05,TOYOTA,23,Jaén,Corporate,ICE,15
2024,05,TOYOTA,23,Jaén,Private,ICE,43
2024,05,TOYOTA,23,Jaén,Private,PHEV,2
2024,05,UBEMAR,23,Jaén,Corporate,ICE,1
2024,05,VOLKSWAGEN,23,Jaén,Corporate,ICE,3
2024,05,VOLKSWAGEN,23,Jaén,Private,ICE,29
2024,05,VOLVO,23,Jaén,Private,BEV,1
2024,05,AUDI,24,León,Corporate,ICE,5
2024,05,AUDI,24,León,Corporate,PHEV,1
2024,05,AUDI,24,León,Private,ICE,2
2024,05,BMW,24,León,Corporate,ICE,6
2024,05,BMW,24,León,Private,ICE,10
2024,05,BMW,24,León,Private,PHEV,1
2024,05,BYD,24,León,Private,BEV,1
2024,05,CFMOTO,24,León,Corporate,ICE,1
2024,05,CFMOTO,24,León,Private,ICE,1
2024,05,CITROEN,24,León,Corporate,BEV,2
2024,05,CITROEN,24,León,Corporate,ICE,14
2024,05,CITROEN,24,León,Private,BEV,2
2024,05,CITROEN,24,León,Private,ICE,9
2024,05,CITROEN,24,León,Private,PHEV,1
2024,05,CUPRA,24,León,Private,BEV,1
2024,05,CUPRA,24,León,Private,ICE,1
2024,05,DACIA,24,León,Corporate,ICE,2
2024,05,DACIA,24,León,Private,ICE,15
2024,05,DIVISEGUR CATALUNYA,24,León,Corporate,ICE,1
2024,05,DR,24,León,Corporate,ICE,1
2024,05,FERQUI,24,León,Corporate,ICE,2
2024,05,FIAT,24,León,Corporate,ICE,3
2024,05,FIAT,24,León,Private,ICE,3
2024,05,FORD,24,León,Corporate,ICE,13
2024,05,FORD,24,León,Private,ICE,11
2024,05,FORD,24,León,Private,PHEV,1
2024,05,GIOTTILINE,24,León,Private,ICE,2
2024,05,GIOTTILINE,24,León,RAC,ICE,1
2024,05,HONDA,24,León,Private,ICE,1
2024,05,HYUNDAI,24,León,Corporate,ICE,8
2024,05,HYUNDAI,24,León,Private,BEV,1
2024,05,HYUNDAI,24,León,Private,ICE,21
2024,05,HYUNDAI,24,León,Private,PHEV,1
2024,05,IRIZAR,24,León,RAC,ICE,2
2024,05,IVECO,24,León,Corporate,ICE,1
2024,05,JEEP,24,León,Corporate,ICE,1
2024,05,JEEP,24,León,Private,ICE,1
2024,05,JOA CAMP,24,León,Private,ICE,1
2024,05,KIA,24,León,Corporate,ICE,5
2024,05,KIA,24,León,Private,BEV,1
2024,05,KIA,24,León,Private,ICE,9
2024,05,KIA,24,León,Private,PHEV,2
2024,05,LAND ROVER,24,León,Corporate,ICE,1
2024,05,LAND ROVER,24,León,Private,PHEV,1
2024,05,LEXUS,24,León,Corporate,ICE,1
2024,05,LEXUS,24,León,Private,ICE,3
2024,05,MAN,24,León,Corporate,ICE,1
2024,05,MAZDA,24,León,Corporate,ICE,2
2024,05,MAZDA,24,León,Private,ICE,15
2024,05,MAZDA,24,León,Private,PHEV,1
2024,05,MCLOUIS,24,León,RAC,ICE,1
2024,05,MERCEDES,24,León,Corporate,BEV,1
2024,05,MERCEDES,24,León,Corporate,ICE,11
2024,05,MERCEDES,24,León,Corporate,PHEV,2
2024,05,MERCEDES,24,León,Private,BEV,1
2024,05,MERCEDES,24,León,Private,ICE,6
2024,05,MERCEDES,24,León,Private,PHEV,2
2024,05,MERCEDES-V,24,León,Corporate,ICE,1
2024,05,MG,24,León,Corporate,ICE,1
2024,05,MG,24,León,Private,BEV,1
2024,05,MG,24,León,Private,ICE,9
2024,05,MINI,24,León,Corporate,BEV,1
2024,05,MINI,24,León,Corporate,ICE,1
2024,05,MINI,24,León,Private,ICE,3
2024,05,MITSUBISHI,24,León,Private,ICE,1
2024,05,MOBILVETTA DESIGN,24,León,Private,ICE,1
2024,05,NISSAN,24,León,Private,ICE,12
2024,05,OMODA,24,León,Corporate,ICE,7
2024,05,OMODA,24,León,Private,ICE,6
2024,05,OPEL,24,León,Private,ICE,5
2024,05,PEUGEOT,24,León,Corporate,BEV,1
2024,05,PEUGEOT,24,León,Corporate,ICE,20
2024,05,PEUGEOT,24,León,Private,BEV,1
2024,05,PEUGEOT,24,León,Private,ICE,9
2024,05,PEUGEOT,24,León,RAC,ICE,1
2024,05,POLARIS,24,León,Private,ICE,1
2024,05,RENAULT,24,León,Corporate,BEV,1
2024,05,RENAULT,24,León,Corporate,ICE,6
2024,05,RENAULT,24,León,Private,ICE,20
2024,05,RENAULT,24,León,RAC,ICE,1
2024,05,SEAT,24,León,Corporate,ICE,6
2024,05,SEAT,24,León,Private,ICE,13
2024,05,SIN MARCA,24,León,Private,ICE,1
2024,05,SKODA,24,León,Corporate,ICE,2
2024,05,SKODA,24,León,Private,ICE,7
2024,05,SOCAGE,24,León,Corporate,ICE,2
2024,05,SSANGYONG,24,León,Private,ICE,1
2024,05,SUZUKI,24,León,Private,ICE,8
2024,05,TESLA,24,León,Private,BEV,2
2024,05,TOYOTA,24,León,Corporate,ICE,11
2024,05,TOYOTA,24,León,Private,ICE,44
2024,05,TOYOTA,24,León,Private,PHEV,2
2024,05,VOLKSWAGEN,24,León,Corporate,ICE,2
2024,05,VOLKSWAGEN,24,León,Corporate,PHEV,1
2024,05,VOLKSWAGEN,24,León,Private,BEV,1
2024,05,VOLKSWAGEN,24,León,Private,ICE,18
2024,05,VOLVO,24,León,Corporate,ICE,9
2024,05,VOLVO,24,León,Private,BEV,1
2024,05,VOLVO,24,León,Private,ICE,1
2024,05,VSVE,24,León,Corporate,ICE,1
2024,05,ALFA ROMEO,25,Lleida,Private,ICE,1
2024,05,AUDI,25,Lleida,Corporate,ICE,10
2024,05,AUDI,25,Lleida,Corporate,PHEV,1
2024,05,AUDI,25,Lleida,Private,ICE,4
2024,05,AUDI,25,Lleida,Private,PHEV,3
2024,05,BMW,25,Lleida,Corporate,ICE,1
2024,05,BMW,25,Lleida,Private,BEV,2
2024,05,BMW,25,Lleida,Private,ICE,8
2024,05,BYD,25,Lleida,Private,BEV,2
2024,05,CFMOTO,25,Lleida,Private,ICE,2
2024,05,CITROEN,25,Lleida,Corporate,BEV,2
2024,05,CITROEN,25,Lleida,Corporate,ICE,15
2024,05,CITROEN,25,Lleida,Private,ICE,10
2024,05,CITROEN,25,Lleida,Private,PHEV,3
2024,05,CITROEN,25,Lleida,RAC,ICE,1
2024,05,CORVUS,25,Lleida,Corporate,ICE,1
2024,05,CUPRA,25,Lleida,Corporate,PHEV,1
2024,05,CUPRA,25,Lleida,Private,ICE,4
2024,05,CUPRA,25,Lleida,Private,PHEV,4
2024,05,DACIA,25,Lleida,Corporate,ICE,8
2024,05,DACIA,25,Lleida,Private,ICE,19
2024,05,FIAT,25,Lleida,Corporate,ICE,4
2024,05,FIAT,25,Lleida,Private,ICE,3
2024,05,FORD,25,Lleida,Corporate,ICE,12
2024,05,FORD,25,Lleida,Corporate,PHEV,2
2024,05,FORD,25,Lleida,Private,ICE,10
2024,05,FORD,25,Lleida,Private,PHEV,2
2024,05,FORD,25,Lleida,RAC,ICE,1
2024,05,HONDA,25,Lleida,Private,ICE,1
2024,05,HYUNDAI,25,Lleida,Corporate,BEV,2
2024,05,HYUNDAI,25,Lleida,Corporate,ICE,6
2024,05,HYUNDAI,25,Lleida,Private,BEV,3
2024,05,HYUNDAI,25,Lleida,Private,ICE,21
2024,05,IGLUVAN,25,Lleida,Corporate,ICE,1
2024,05,ISUZU,25,Lleida,Corporate,ICE,1
2024,05,IVECO,25,Lleida,Corporate,ICE,6
2024,05,IVECO,25,Lleida,RAC,ICE,5
2024,05,JEEP,25,Lleida,Corporate,ICE,2
2024,05,JEEP,25,Lleida,Corporate,PHEV,1
2024,05,JOA CAMP,25,Lleida,Private,ICE,1
2024,05,KIA,25,Lleida,Corporate,BEV,3
2024,05,KIA,25,Lleida,Corporate,ICE,12
2024,05,KIA,25,Lleida,Private,BEV,1
2024,05,KIA,25,Lleida,Private,ICE,12
2024,05,KNAUS,25,Lleida,Private,ICE,1
2024,05,LAMBERET,25,Lleida,RAC,ICE,2
2024,05,LAND ROVER,25,Lleida,Private,ICE,1
2024,05,LAND ROVER,25,Lleida,Private,PHEV,1
2024,05,LEXUS,25,Lleida,Private,ICE,4
2024,05,LIGIER,25,Lleida,Private,ICE,1
2024,05,MAN,25,Lleida,Corporate,ICE,1
2024,05,MAZDA,25,Lleida,Corporate,ICE,5
2024,05,MAZDA,25,Lleida,Private,ICE,5
2024,05,MAZDA,25,Lleida,Private,PHEV,1
2024,05,MCLOUIS,25,Lleida,RAC,ICE,1
2024,05,MERCEDES,25,Lleida,Corporate,BEV,3
2024,05,MERCEDES,25,Lleida,Corporate,ICE,9
2024,05,MERCEDES,25,Lleida,Corporate,PHEV,3
2024,05,MERCEDES,25,Lleida,Private,ICE,10
2024,05,MERCEDES,25,Lleida,RAC,PHEV,1
2024,05,MERCEDES-AMG,25,Lleida,Private,ICE,1
2024,05,MG,25,Lleida,Corporate,ICE,3
2024,05,MG,25,Lleida,Private,BEV,3
2024,05,MG,25,Lleida,Private,ICE,7
2024,05,MG,25,Lleida,Private,PHEV,1
2024,05,MINI,25,Lleida,Corporate,ICE,1
2024,05,MINI,25,Lleida,Private,BEV,1
2024,05,MITSUBISHI FUSO,25,Lleida,Corporate,ICE,1
2024,05,NISSAN,25,Lleida,Corporate,BEV,2
2024,05,NISSAN,25,Lleida,Corporate,ICE,9
2024,05,NISSAN,25,Lleida,Private,ICE,5
2024,05,OMODA,25,Lleida,Corporate,ICE,1
2024,05,OMODA,25,Lleida,Private,ICE,3
2024,05,OPEL,25,Lleida,Corporate,ICE,11
2024,05,OPEL,25,Lleida,Private,ICE,8
2024,05,PEUGEOT,25,Lleida,Corporate,BEV,1
2024,05,PEUGEOT,25,Lleida,Corporate,ICE,7
2024,05,PEUGEOT,25,Lleida,Private,ICE,21
2024,05,PORSCHE,25,Lleida,Private,ICE,1
2024,05,PORSCHE,25,Lleida,Private,PHEV,1
2024,05,RENAULT,25,Lleida,Corporate,BEV,2
2024,05,RENAULT,25,Lleida,Corporate,ICE,19
2024,05,RENAULT,25,Lleida,Private,ICE,20
2024,05,ROMU,25,Lleida,Corporate,ICE,1
2024,05,SEAT,25,Lleida,Corporate,ICE,2
2024,05,SEAT,25,Lleida,Private,ICE,21
2024,05,SEAT,25,Lleida,Private,PHEV,1
2024,05,SIN MARCA,25,Lleida,Corporate,PHEV,1
2024,05,SKODA,25,Lleida,Private,ICE,7
2024,05,SSANGYONG,25,Lleida,Private,ICE,3
2024,05,SUZUKI,25,Lleida,Corporate,ICE,2
2024,05,SUZUKI,25,Lleida,Private,ICE,5
2024,05,TESLA,25,Lleida,Corporate,BEV,5
2024,05,TESLA,25,Lleida,Private,BEV,3
2024,05,THERMOEUROP,25,Lleida,RAC,ICE,2
2024,05,TOYOTA,25,Lleida,Corporate,ICE,16
2024,05,TOYOTA,25,Lleida,Corporate,PHEV,6
2024,05,TOYOTA,25,Lleida,Private,BEV,2
2024,05,TOYOTA,25,Lleida,Private,ICE,35
2024,05,TOYOTA,25,Lleida,Private,PHEV,2
2024,05,VOLKSWAGEN,25,Lleida,Corporate,ICE,13
2024,05,VOLKSWAGEN,25,Lleida,Corporate,PHEV,1
2024,05,VOLKSWAGEN,25,Lleida,Private,BEV,2
2024,05,VOLKSWAGEN,25,Lleida,Private,ICE,19
2024,05,VOLVO,25,Lleida,Corporate,ICE,2
2024,05,VOLVO,25,Lleida,Private,BEV,3
2024,05,VOLVO,25,Lleida,Private,ICE,1
2024,05,AMELINE,26,La Rioja,Corporate,ICE,1
2024,05,AUDI,26,La Rioja,Corporate,ICE,3
2024,05,AUDI,26,La Rioja,Private,ICE,3
2024,05,BMW,26,La Rioja,Corporate,ICE,7
2024,05,BMW,26,La Rioja,Corporate,PHEV,1
2024,05,BMW,26,La Rioja,Private,ICE,1
2024,05,BMW,26,La Rioja,Private,PHEV,2
2024,05,CARROCERIAS PROCAR,26,La Rioja,Corporate,ICE,1
2024,05,CHALLENGER,26,La Rioja,Private,ICE,1
2024,05,CITROEN,26,La Rioja,Corporate,ICE,3
2024,05,CITROEN,26,La Rioja,Private,ICE,4
2024,05,CITROEN,26,La Rioja,Private,PHEV,2
2024,05,CUPRA,26,La Rioja,Corporate,ICE,1
2024,05,CUPRA,26,La Rioja,Private,ICE,2
2024,05,CUPRA,26,La Rioja,Private,PHEV,1
2024,05,DACIA,26,La Rioja,Corporate,ICE,1
2024,05,DACIA,26,La Rioja,Private,ICE,18
2024,05,FIAT,26,La Rioja,Corporate,ICE,1
2024,05,FIAT,26,La Rioja,Private,ICE,1
2024,05,FORD,26,La Rioja,Corporate,ICE,8
2024,05,FORD,26,La Rioja,Private,ICE,8
2024,05,FORD,26,La Rioja,Private,PHEV,3
2024,05,HYUNDAI,26,La Rioja,Corporate,ICE,12
2024,05,HYUNDAI,26,La Rioja,Private,ICE,12
2024,05,HYUNDAI,26,La Rioja,Private,PHEV,2
2024,05,KIA,26,La Rioja,Corporate,PHEV,1
2024,05,KIA,26,La Rioja,Private,BEV,1
2024,05,KIA,26,La Rioja,Private,ICE,17
2024,05,KIA,26,La Rioja,Private,PHEV,1
2024,05,LEXUS,26,La Rioja,Corporate,ICE,1
2024,05,LEXUS,26,La Rioja,Private,ICE,2
2024,05,LYNK & CO,26,La Rioja,Private,PHEV,1
2024,05,MAN,26,La Rioja,Corporate,ICE,2
2024,05,MAZDA,26,La Rioja,Corporate,ICE,1
2024,05,MAZDA,26,La Rioja,Private,ICE,5
2024,05,MCLOUIS,26,La Rioja,RAC,ICE,1
2024,05,MERCEDES,26,La Rioja,Corporate,BEV,2
2024,05,MERCEDES,26,La Rioja,Corporate,ICE,11
2024,05,MERCEDES,26,La Rioja,Private,ICE,1
2024,05,MERCEDES,26,La Rioja,Private,PHEV,1
2024,05,MERCEDES-V,26,La Rioja,Corporate,ICE,5
2024,05,MG,26,La Rioja,Corporate,ICE,1
2024,05,MG,26,La Rioja,Private,ICE,10
2024,05,MG,26,La Rioja,Private,PHEV,1
2024,05,MITSUBISHI,26,La Rioja,Private,ICE,1
2024,05,NISSAN,26,La Rioja,Corporate,ICE,1
2024,05,NISSAN,26,La Rioja,Private,ICE,11
2024,05,OMODA,26,La Rioja,Corporate,ICE,1
2024,05,OMODA,26,La Rioja,Private,ICE,5
2024,05,OPEL,26,La Rioja,Corporate,BEV,1
2024,05,OPEL,26,La Rioja,Private,ICE,6
2024,05,OPEL,26,La Rioja,Private,PHEV,1
2024,05,PANAMA,26,La Rioja,Private,ICE,2
2024,05,PEUGEOT,26,La Rioja,Corporate,BEV,1
2024,05,PEUGEOT,26,La Rioja,Private,ICE,5
2024,05,PORSCHE,26,La Rioja,Private,ICE,1
2024,05,RENAULT,26,La Rioja,Corporate,ICE,8
2024,05,RENAULT,26,La Rioja,Private,ICE,18
2024,05,SEAT,26,La Rioja,Corporate,ICE,5
2024,05,SEAT,26,La Rioja,Private,ICE,6
2024,05,SKODA,26,La Rioja,Corporate,ICE,3
2024,05,SKODA,26,La Rioja,Private,ICE,4
2024,05,SSANGYONG,26,La Rioja,Private,ICE,4
2024,05,SUBARU,26,La Rioja,Corporate,ICE,1
2024,05,SUZUKI,26,La Rioja,Corporate,ICE,1
2024,05,SUZUKI,26,La Rioja,Private,ICE,3
2024,05,TESLA,26,La Rioja,Corporate,BEV,1
2024,05,TESLA,26,La Rioja,Private,BEV,6
2024,05,TOYOTA,26,La Rioja,Corporate,BEV,1
2024,05,TOYOTA,26,La Rioja,Corporate,ICE,5
2024,05,TOYOTA,26,La Rioja,Corporate,PHEV,1
2024,05,TOYOTA,26,La Rioja,Private,ICE,19
2024,05,TOYOTA,26,La Rioja,Private,PHEV,1
2024,05,VOLKSWAGEN,26,La Rioja,Corporate,ICE,1
2024,05,VOLKSWAGEN,26,La Rioja,Corporate,PHEV,1
2024,05,VOLKSWAGEN,26,La Rioja,Private,ICE,7
2024,05,VOLVO,26,La Rioja,Corporate,ICE,1
2024,05,VOLVO,26,La Rioja,Private,ICE,4
2024,05,AUDI,27,Lugo,Corporate,ICE,7
2024,05,AUDI,27,Lugo,Private,BEV,1
2024,05,AUDI,27,Lugo,Private,ICE,2
2024,05,AUDI,27,Lugo,Private,PHEV,1
2024,05,BMW,27,Lugo,Corporate,BEV,1
2024,05,BMW,27,Lugo,Corporate,ICE,1
2024,05,BMW,27,Lugo,Private,ICE,2
2024,05,BMW,27,Lugo,RAC,ICE,1
2024,05,BYD,27,Lugo,Private,BEV,1
2024,05,CAPRON,27,Lugo,Private,ICE,1
2024,05,CHALLENGER,27,Lugo,Private,ICE,1
2024,05,CITROEN,27,Lugo,Corporate,BEV,1
2024,05,CITROEN,27,Lugo,Corporate,ICE,19
2024,05,CITROEN,27,Lugo,Corporate,PHEV,1
2024,05,CITROEN,27,Lugo,Private,BEV,1
2024,05,CITROEN,27,Lugo,Private,ICE,6
2024,05,CUPRA,27,Lugo,Corporate,BEV,1
2024,05,CUPRA,27,Lugo,Private,ICE,4
2024,05,DACIA,27,Lugo,Corporate,ICE,4
2024,05,DACIA,27,Lugo,Private,ICE,9
2024,05,DIGAL,27,Lugo,Corporate,ICE,1
2024,05,FIAT,27,Lugo,Private,ICE,1
2024,05,FORD,27,Lugo,Corporate,ICE,15
2024,05,FORD,27,Lugo,Private,ICE,5
2024,05,HYUNDAI,27,Lugo,Corporate,ICE,8
2024,05,HYUNDAI,27,Lugo,Private,ICE,11
2024,05,IVECO,27,Lugo,Corporate,ICE,2
2024,05,KIA,27,Lugo,Corporate,BEV,3
2024,05,KIA,27,Lugo,Corporate,ICE,18
2024,05,KIA,27,Lugo,Private,BEV,2
2024,05,KIA,27,Lugo,Private,ICE,16
2024,05,KNAUS,27,Lugo,RAC,ICE,1
2024,05,LEXUS,27,Lugo,Private,ICE,2
2024,05,MAZDA,27,Lugo,Corporate,ICE,3
2024,05,MAZDA,27,Lugo,Corporate,PHEV,1
2024,05,MAZDA,27,Lugo,Private,ICE,5
2024,05,MERCEDES,27,Lugo,Corporate,ICE,9
2024,05,MERCEDES,27,Lugo,Private,ICE,4
2024,05,MERCEDES,27,Lugo,RAC,ICE,4
2024,05,MERCEDES-V,27,Lugo,Corporate,ICE,1
2024,05,MG,27,Lugo,Corporate,ICE,2
2024,05,MG,27,Lugo,Private,ICE,11
2024,05,MINI,27,Lugo,Corporate,ICE,1
2024,05,MITSUBISHI,27,Lugo,Corporate,ICE,1
2024,05,MITSUBISHI,27,Lugo,Private,ICE,1
2024,05,NISSAN,27,Lugo,Corporate,ICE,5
2024,05,NISSAN,27,Lugo,Private,ICE,4
2024,05,OMODA,27,Lugo,Private,ICE,2
2024,05,OPEL,27,Lugo,Private,ICE,1
2024,05,PEUGEOT,27,Lugo,Corporate,ICE,1
2024,05,PEUGEOT,27,Lugo,Private,ICE,2
2024,05,PORSCHE,27,Lugo,Corporate,PHEV,1
2024,05,RENAULT,27,Lugo,Corporate,BEV,3
2024,05,RENAULT,27,Lugo,Corporate,ICE,37
2024,05,RENAULT,27,Lugo,Private,ICE,11
2024,05,RODRIGUEZ LOPEZ AUTO,27,Lugo,Private,ICE,2
2024,05,ROMERO,27,Lugo,Corporate,ICE,1
2024,05,SEAT,27,Lugo,Corporate,ICE,2
2024,05,SEAT,27,Lugo,Private,ICE,9
2024,05,SEAT,27,Lugo,Private,PHEV,1
2024,05,SHINERAY,27,Lugo,Private,ICE,1
2024,05,SKODA,27,Lugo,Private,ICE,8
2024,05,SSANGYONG,27,Lugo,Private,ICE,1
2024,05,STIL CONVERSION,27,Lugo,Private,ICE,1
2024,05,SUBARU,27,Lugo,Corporate,ICE,1
2024,05,SUZUKI,27,Lugo,Private,ICE,3
2024,05,TESLA,27,Lugo,Private,BEV,2
2024,05,TOYOTA,27,Lugo,Corporate,ICE,13
2024,05,TOYOTA,27,Lugo,Private,ICE,25
2024,05,TOYOTA,27,Lugo,Private,PHEV,1
2024,05,VOLKSWAGEN,27,Lugo,Corporate,ICE,2
2024,05,VOLKSWAGEN,27,Lugo,Private,ICE,5
2024,05,VOLVO,27,Lugo,Corporate,BEV,1
2024,05,VOLVO,27,Lugo,Corporate,ICE,1
2024,05,VOLVO,27,Lugo,Private,ICE,4
2024,05,A.A. AIRBUS,28,Madrid,Corporate,ICE,1
2024,05,ACROSS,28,Madrid,RAC,ICE,1
2024,05,ADRIA,28,Madrid,Private,ICE,2
2024,05,ADRIA,28,Madrid,RAC,ICE,1
2024,05,ALFA ROMEO,28,Madrid,Corporate,ICE,31
2024,05,ALFA ROMEO,28,Madrid,Corporate,PHEV,3
2024,05,ALFA ROMEO,28,Madrid,Private,ICE,4
2024,05,ALFA ROMEO,28,Madrid,Private,PHEV,1
2024,05,ALFA ROMEO,28,Madrid,RAC,ICE,212
2024,05,ALPINE,28,Madrid,Corporate,ICE,3
2024,05,ALPINE,28,Madrid,Private,ICE,2
2024,05,ALQUIBER QUALITY,28,Madrid,Corporate,ICE,53
2024,05,ALQUIBER QUALITY,28,Madrid,RAC,ICE,14
2024,05,"ALQUIBER QUALITY, S.A.",28,Madrid,Corporate,ICE,2
2024,05,ARCFOX,28,Madrid,Corporate,BEV,2
2024,05,ATM,28,Madrid,Corporate,ICE,1
2024,05,AUDI,28,Madrid,Corporate,BEV,22
2024,05,AUDI,28,Madrid,Corporate,ICE,612
2024,05,AUDI,28,Madrid,Corporate,PHEV,136
2024,05,AUDI,28,Madrid,Private,BEV,3
2024,05,AUDI,28,Madrid,Private,ICE,151
2024,05,AUDI,28,Madrid,Private,PHEV,72
2024,05,AUDI,28,Madrid,RAC,ICE,1134
2024,05,AUTOMOBILI LAMBORGHINI S.P.A.,28,Madrid,Corporate,ICE,1
2024,05,BARBANY,28,Madrid,Corporate,ICE,1
2024,05,BENIMAR,28,Madrid,Private,ICE,8
2024,05,BENIMAR,28,Madrid,RAC,ICE,5
2024,05,BEULAS,28,Madrid,Corporate,ICE,2
2024,05,BLUCAMP,28,Madrid,RAC,ICE,1
2024,05,BMW,28,Madrid,Corporate,BEV,86
2024,05,BMW,28,Madrid,Corporate,ICE,1397
2024,05,BMW,28,Madrid,Corporate,PHEV,158
2024,05,BMW,28,Madrid,Private,BEV,23
2024,05,BMW,28,Madrid,Private,ICE,209
2024,05,BMW,28,Madrid,Private,PHEV,27
2024,05,BMW,28,Madrid,RAC,BEV,18
2024,05,BMW,28,Madrid,RAC,ICE,730
2024,05,BMW,28,Madrid,RAC,PHEV,13
2024,05,BRP,28,Madrid,Private,ICE,3
2024,05,BUCHER,28,Madrid,Corporate,ICE,1
2024,05,BYD,28,Madrid,Corporate,BEV,33
2024,05,BYD,28,Madrid,Private,BEV,50
2024,05,CAFRISE,28,Madrid,Private,ICE,1
2024,05,CAJISA,28,Madrid,RAC,ICE,1
2024,05,CALZADA,28,Madrid,Corporate,ICE,2
2024,05,CAPRON,28,Madrid,RAC,ICE,3
2024,05,CAPRON GMBH,28,Madrid,RAC,ICE,2
2024,05,CAR-BUS.NET,28,Madrid,Corporate,ICE,1
2024,05,CARROCER.FRIGOR.SEVILLA,28,Madrid,RAC,ICE,8
2024,05,CARROCERA CASTROSUA SA,28,Madrid,Corporate,ICE,14
2024,05,CARROCERIAS EL GALLO,28,Madrid,Corporate,ICE,1
2024,05,CARROCERIAS SANCA,28,Madrid,Corporate,ICE,4
2024,05,CARROCERIAS SANCA SA,28,Madrid,Corporate,ICE,1
2024,05,CARROCERIAS SANCA SA,28,Madrid,Private,ICE,1
2024,05,"CARROCERIAS SANCA, S.A.",28,Madrid,Corporate,ICE,23
2024,05,"CARROCERIAS SANCA, S.A.",28,Madrid,Private,ICE,5
2024,05,"CARROCERIAS SANCA, S.A.",28,Madrid,RAC,ICE,1
2024,05,CARROCERIAS SEVILLA,28,Madrid,Corporate,ICE,34
2024,05,CARROCERIAS SEVILLA,28,Madrid,RAC,ICE,1
2024,05,CARROSSERIES TOLOSA,28,Madrid,RAC,ICE,1
2024,05,CARROZADOS TECAI,28,Madrid,Corporate,ICE,13
2024,05,CARROZADOS TECAI,28,Madrid,Private,ICE,1
2024,05,CARROZADOS TECAI,28,Madrid,RAC,ICE,1
2024,05,CASE,28,Madrid,Corporate,ICE,1
2024,05,CAYVOL,28,Madrid,Corporate,ICE,1
2024,05,CEM,28,Madrid,Corporate,ICE,1
2024,05,CFMOTO,28,Madrid,Corporate,ICE,3
2024,05,CFMOTO,28,Madrid,Private,ICE,2
2024,05,CHALLENGER,28,Madrid,Corporate,ICE,1
2024,05,CHALLENGER,28,Madrid,Private,ICE,2
2024,05,CHAPISTERIA V.I.,28,Madrid,RAC,ICE,3
2024,05,CITROEN,28,Madrid,Corporate,BEV,47
2024,05,CITROEN,28,Madrid,Corporate,ICE,1683
2024,05,CITROEN,28,Madrid,Corporate,PHEV,4
2024,05,CITROEN,28,Madrid,Private,BEV,23
2024,05,CITROEN,28,Madrid,Private,ICE,107
2024,05,CITROEN,28,Madrid,Private,PHEV,17
2024,05,CITROEN,28,Madrid,RAC,BEV,2
2024,05,CITROEN,28,Madrid,RAC,ICE,2468
2024,05,CODETRANS,28,Madrid,Corporate,ICE,4
2024,05,COINPOL,28,Madrid,Corporate,ICE,5
2024,05,COINPOL,28,Madrid,Private,ICE,2
2024,05,CORVUS,28,Madrid,Corporate,ICE,2
2024,05,CUPRA,28,Madrid,Corporate,BEV,7
2024,05,CUPRA,28,Madrid,Corporate,ICE,493
2024,05,CUPRA,28,Madrid,Corporate,PHEV,90
2024,05,CUPRA,28,Madrid,Private,BEV,1
2024,05,CUPRA,28,Madrid,Private,ICE,41
2024,05,CUPRA,28,Madrid,Private,PHEV,40
2024,05,CUPRA,28,Madrid,RAC,ICE,623
2024,05,DACIA,28,Madrid,Corporate,BEV,13
2024,05,DACIA,28,Madrid,Corporate,ICE,418
2024,05,DACIA,28,Madrid,Private,BEV,8
2024,05,DACIA,28,Madrid,Private,ICE,729
2024,05,DACIA,28,Madrid,RAC,ICE,348
2024,05,DFSK,28,Madrid,Corporate,BEV,1
2024,05,DFSK,28,Madrid,Corporate,ICE,4
2024,05,DFSK,28,Madrid,Private,ICE,1
2024,05,DIVISEGUR CATALUNYA,28,Madrid,Corporate,BEV,7
2024,05,DIVISEGUR CATALUNYA,28,Madrid,Corporate,ICE,1
2024,05,DONGFENG,28,Madrid,Corporate,BEV,1
2024,05,DR,28,Madrid,Corporate,ICE,2
2024,05,DR,28,Madrid,Private,ICE,4
2024,05,DREAMER,28,Madrid,Private,ICE,1
2024,05,E-TUK FACTORY,28,Madrid,Corporate,BEV,5
2024,05,ELNAGH,28,Madrid,Private,ICE,1
2024,05,ELNAGH,28,Madrid,RAC,ICE,1
2024,05,EQUIPFRED,28,Madrid,Corporate,ICE,3
2024,05,ERKE,28,Madrid,Corporate,ICE,50
2024,05,EUROCARROCERA,28,Madrid,Corporate,ICE,25
2024,05,EVO,28,Madrid,Corporate,ICE,2
2024,05,EVO,28,Madrid,Private,ICE,4
2024,05,FENIKS,28,Madrid,Corporate,ICE,1
2024,05,FERRARI,28,Madrid,Corporate,PHEV,3
2024,05,FIAT,28,Madrid,Corporate,BEV,21
2024,05,FIAT,28,Madrid,Corporate,ICE,683
2024,05,FIAT,28,Madrid,Private,BEV,3
2024,05,FIAT,28,Madrid,Private,ICE,63
2024,05,FIAT,28,Madrid,RAC,BEV,4
2024,05,FIAT,28,Madrid,RAC,ICE,648
2024,05,FORD,28,Madrid,Corporate,BEV,8
2024,05,FORD,28,Madrid,Corporate,ICE,874
2024,05,FORD,28,Madrid,Corporate,PHEV,39
2024,05,FORD,28,Madrid,Private,BEV,7
2024,05,FORD,28,Madrid,Private,ICE,193
2024,05,FORD,28,Madrid,Private,PHEV,104
2024,05,FORD,28,Madrid,RAC,BEV,4
2024,05,FORD,28,Madrid,RAC,ICE,1463
2024,05,FRANGU,28,Madrid,Corporate,ICE,1
2024,05,FURCAR,28,Madrid,Corporate,ICE,2
2024,05,FURCAR,28,Madrid,RAC,ICE,1
2024,05,GIOTTILINE,28,Madrid,Private,ICE,2
2024,05,GIOTTILINE,28,Madrid,RAC,ICE,1
2024,05,GOUPIL,28,Madrid,Corporate,BEV,7
2024,05,GRAU,28,Madrid,Corporate,BEV,4
2024,05,HENALES ALVAREZ,28,Madrid,Corporate,ICE,1
2024,05,HOFMANN,28,Madrid,Corporate,ICE,1
2024,05,HONDA,28,Madrid,Corporate,ICE,27
2024,05,HONDA,28,Madrid,Corporate,PHEV,1
2024,05,HONDA,28,Madrid,Private,ICE,59
2024,05,HONDA,28,Madrid,Private,PHEV,2
2024,05,HYMER,28,Madrid,Corporate,ICE,1
2024,05,HYUNDAI,28,Madrid,Corporate,BEV,42
2024,05,HYUNDAI,28,Madrid,Corporate,ICE,470
2024,05,HYUNDAI,28,Madrid,Corporate,PHEV,61
2024,05,HYUNDAI,28,Madrid,Private,BEV,5
2024,05,HYUNDAI,28,Madrid,Private,ICE,595
2024,05,HYUNDAI,28,Madrid,Private,PHEV,31
2024,05,HYUNDAI,28,Madrid,RAC,ICE,697
2024,05,IBERICA DE ISOTERMIZ,28,Madrid,Corporate,ICE,1
2024,05,IGLUVAN,28,Madrid,Corporate,ICE,7
2024,05,IGLUVAN,28,Madrid,RAC,ICE,1
2024,05,ILUSION,28,Madrid,RAC,ICE,1
2024,05,INEOS,28,Madrid,Private,ICE,1
2024,05,IRIZAR,28,Madrid,Corporate,ICE,9
2024,05,IRIZAR,28,Madrid,RAC,ICE,1
2024,05,ISUZU,28,Madrid,Corporate,ICE,5
2024,05,IVECO,28,Madrid,Corporate,ICE,36
2024,05,IVECO,28,Madrid,RAC,ICE,54
2024,05,IVECO BUS,28,Madrid,Corporate,BEV,2
2024,05,IVECO BUS,28,Madrid,Corporate,ICE,2
2024,05,JAGUAR,28,Madrid,Corporate,ICE,6
2024,05,JAGUAR,28,Madrid,Corporate,PHEV,9
2024,05,JAGUAR,28,Madrid,Private,ICE,1
2024,05,JAGUAR,28,Madrid,Private,PHEV,1
2024,05,JEANJE,28,Madrid,Corporate,ICE,1
2024,05,JEANJE,28,Madrid,RAC,ICE,1
2024,05,JEEP,28,Madrid,Corporate,BEV,7
2024,05,JEEP,28,Madrid,Corporate,ICE,57
2024,05,JEEP,28,Madrid,Corporate,PHEV,49
2024,05,JEEP,28,Madrid,Private,BEV,1
2024,05,JEEP,28,Madrid,Private,ICE,24
2024,05,JEEP,28,Madrid,Private,PHEV,8
2024,05,JEEP,28,Madrid,RAC,ICE,428
2024,05,JEEP,28,Madrid,RAC,PHEV,16
2024,05,KIA,28,Madrid,Corporate,BEV,48
2024,05,KIA,28,Madrid,Corporate,ICE,628
2024,05,KIA,28,Madrid,Corporate,PHEV,29
2024,05,KIA,28,Madrid,Private,BEV,29
2024,05,KIA,28,Madrid,Private,ICE,552
2024,05,KIA,28,Madrid,Private,PHEV,44
2024,05,KIA,28,Madrid,RAC,ICE,1008
2024,05,KING LONG,28,Madrid,Corporate,BEV,1
2024,05,KNAUS,28,Madrid,Private,ICE,3
2024,05,LA JUNQUERA,28,Madrid,Corporate,ICE,1
2024,05,LAND ROVER,28,Madrid,Corporate,ICE,64
2024,05,LAND ROVER,28,Madrid,Corporate,PHEV,59
2024,05,LAND ROVER,28,Madrid,Private,ICE,8
2024,05,LAND ROVER,28,Madrid,Private,PHEV,3
2024,05,LAND ROVER,28,Madrid,RAC,ICE,24
2024,05,LAND ROVER,28,Madrid,RAC,PHEV,2
2024,05,LEVC,28,Madrid,Corporate,BEV,1
2024,05,LEXUS,28,Madrid,Corporate,BEV,1
2024,05,LEXUS,28,Madrid,Corporate,ICE,191
2024,05,LEXUS,28,Madrid,Corporate,PHEV,24
2024,05,LEXUS,28,Madrid,Private,ICE,115
2024,05,LEXUS,28,Madrid,Private,PHEV,8
2024,05,LEXUS,28,Madrid,RAC,ICE,21
2024,05,LIGIER,28,Madrid,Corporate,ICE,4
2024,05,LIGIER,28,Madrid,Private,ICE,12
2024,05,LYNK & CO,28,Madrid,Corporate,PHEV,43
2024,05,LYNK & CO,28,Madrid,Private,PHEV,1
2024,05,MAN,28,Madrid,Corporate,BEV,4
2024,05,MAN,28,Madrid,Corporate,ICE,12
2024,05,MAN,28,Madrid,RAC,ICE,7
2024,05,MASERATI,28,Madrid,Corporate,ICE,12
2024,05,MASERATI,28,Madrid,Private,ICE,2
2024,05,MASERATI,28,Madrid,RAC,ICE,5
2024,05,MAXUS,28,Madrid,Corporate,BEV,5
2024,05,MAXUS,28,Madrid,Corporate,ICE,7
2024,05,MAXUS,28,Madrid,Private,ICE,1
2024,05,MAXUS,28,Madrid,RAC,BEV,1
2024,05,MAXUS,28,Madrid,RAC,ICE,1
2024,05,MAZDA,28,Madrid,Corporate,ICE,140
2024,05,MAZDA,28,Madrid,Corporate,PHEV,23
2024,05,MAZDA,28,Madrid,Private,ICE,241
2024,05,MAZDA,28,Madrid,Private,PHEV,13
2024,05,MAZDA,28,Madrid,RAC,ICE,19
2024,05,MAZDA,28,Madrid,RAC,PHEV,1
2024,05,MC LOUIS,28,Madrid,RAC,ICE,2
2024,05,MCLAREN,28,Madrid,Corporate,ICE,1
2024,05,MCLOUIS,28,Madrid,Private,ICE,8
2024,05,MCLOUIS,28,Madrid,RAC,ICE,1
2024,05,MEBAUTO,28,Madrid,Corporate,ICE,3
2024,05,MEBAUTO,28,Madrid,Private,ICE,1
2024,05,MEBAUTO,28,Madrid,RAC,BEV,1
2024,05,MERCEDES,28,Madrid,Corporate,BEV,74
2024,05,MERCEDES,28,Madrid,Corporate,ICE,869
2024,05,MERCEDES,28,Madrid,Corporate,PHEV,401
2024,05,MERCEDES,28,Madrid,Private,BEV,12
2024,05,MERCEDES,28,Madrid,Private,ICE,114
2024,05,MERCEDES,28,Madrid,Private,PHEV,92
2024,05,MERCEDES,28,Madrid,RAC,BEV,129
2024,05,MERCEDES,28,Madrid,RAC,ICE,788
2024,05,MERCEDES,28,Madrid,RAC,PHEV,169
2024,05,MERCEDES-AMG,28,Madrid,Corporate,ICE,1
2024,05,MERCEDES-AMG,28,Madrid,Private,ICE,1
2024,05,MERCEDES-V,28,Madrid,Corporate,BEV,2
2024,05,MERCEDES-V,28,Madrid,Corporate,ICE,35
2024,05,MERCEDES-V,28,Madrid,Private,ICE,2
2024,05,MERCEDES-V,28,Madrid,RAC,ICE,190
2024,05,MG,28,Madrid,Corporate,BEV,9
2024,05,MG,28,Madrid,Corporate,ICE,110
2024,05,MG,28,Madrid,Corporate,PHEV,5
2024,05,MG,28,Madrid,Private,BEV,57
2024,05,MG,28,Madrid,Private,ICE,175
2024,05,MG,28,Madrid,Private,PHEV,26
2024,05,MG,28,Madrid,RAC,ICE,257
2024,05,MICROCAR,28,Madrid,Private,ICE,3
2024,05,MINI,28,Madrid,Corporate,BEV,29
2024,05,MINI,28,Madrid,Corporate,ICE,79
2024,05,MINI,28,Madrid,Corporate,PHEV,9
2024,05,MINI,28,Madrid,Private,BEV,4
2024,05,MINI,28,Madrid,Private,ICE,36
2024,05,MINI,28,Madrid,Private,PHEV,2
2024,05,MINI,28,Madrid,RAC,ICE,41
2024,05,MITSUBISHI,28,Madrid,Corporate,ICE,6
2024,05,MITSUBISHI,28,Madrid,Corporate,PHEV,12
2024,05,MITSUBISHI,28,Madrid,Private,ICE,23
2024,05,MITSUBISHI,28,Madrid,Private,PHEV,9
2024,05,MITSUBISHI FUSO,28,Madrid,Corporate,ICE,1
2024,05,MODELCAR HNOS,28,Madrid,RAC,ICE,6
2024,05,MONZA,28,Madrid,Corporate,ICE,1
2024,05,NISSAN,28,Madrid,Corporate,BEV,13
2024,05,NISSAN,28,Madrid,Corporate,ICE,854
2024,05,NISSAN,28,Madrid,Private,BEV,1
2024,05,NISSAN,28,Madrid,Private,ICE,239
2024,05,NISSAN,28,Madrid,RAC,BEV,1
2024,05,NISSAN,28,Madrid,RAC,ICE,287
2024,05,OMODA,28,Madrid,Corporate,BEV,4
2024,05,OMODA,28,Madrid,Corporate,ICE,40
2024,05,OMODA,28,Madrid,Private,ICE,89
2024,05,OMODA,28,Madrid,RAC,ICE,2
2024,05,OPEL,28,Madrid,Corporate,BEV,13
2024,05,OPEL,28,Madrid,Corporate,ICE,883
2024,05,OPEL,28,Madrid,Corporate,PHEV,3
2024,05,OPEL,28,Madrid,Private,BEV,8
2024,05,OPEL,28,Madrid,Private,ICE,63
2024,05,OPEL,28,Madrid,Private,PHEV,2
2024,05,OPEL,28,Madrid,RAC,BEV,4
2024,05,OPEL,28,Madrid,RAC,ICE,1718
2024,05,OPEL,28,Madrid,RAC,PHEV,3
2024,05,PANAMA,28,Madrid,Private,ICE,4
2024,05,PEUGEOT,28,Madrid,Corporate,BEV,151
2024,05,PEUGEOT,28,Madrid,Corporate,ICE,1535
2024,05,PEUGEOT,28,Madrid,Corporate,PHEV,33
2024,05,PEUGEOT,28,Madrid,Private,BEV,11
2024,05,PEUGEOT,28,Madrid,Private,ICE,179
2024,05,PEUGEOT,28,Madrid,Private,PHEV,11
2024,05,PEUGEOT,28,Madrid,RAC,BEV,28
2024,05,PEUGEOT,28,Madrid,RAC,ICE,3180
2024,05,PEUGEOT,28,Madrid,RAC,PHEV,175
2024,05,PILOTE,28,Madrid,Private,ICE,1
2024,05,POLARIS,28,Madrid,Corporate,ICE,1
2024,05,POLARIS,28,Madrid,Private,BEV,1
2024,05,POLESTAR,28,Madrid,Corporate,BEV,13
2024,05,POLESTAR,28,Madrid,Private,BEV,1
2024,05,PORSCHE,28,Madrid,Corporate,BEV,7
2024,05,PORSCHE,28,Madrid,Corporate,ICE,44
2024,05,PORSCHE,28,Madrid,Corporate,PHEV,18
2024,05,PORSCHE,28,Madrid,Private,ICE,24
2024,05,PORSCHE,28,Madrid,Private,PHEV,3
2024,05,PORSCHE,28,Madrid,RAC,ICE,3
2024,05,PORSCHE,28,Madrid,RAC,PHEV,3
2024,05,RAPIDO,28,Madrid,Private,ICE,1
2024,05,RAPIDO,28,Madrid,RAC,ICE,1
2024,05,RECAPOL,28,Madrid,Corporate,ICE,32
2024,05,RECAPOL,28,Madrid,RAC,BEV,2
2024,05,RECAPOL,28,Madrid,RAC,ICE,34
2024,05,REHATRANS,28,Madrid,Corporate,ICE,8
2024,05,REHATRANS,28,Madrid,RAC,ICE,4
2024,05,RENAULT,28,Madrid,Corporate,BEV,111
2024,05,RENAULT,28,Madrid,Corporate,ICE,3036
2024,05,RENAULT,28,Madrid,Private,BEV,1
2024,05,RENAULT,28,Madrid,Private,ICE,665
2024,05,RENAULT,28,Madrid,RAC,BEV,31
2024,05,RENAULT,28,Madrid,RAC,ICE,1698
2024,05,RODRIGUEZ LOPEZ AUTO,28,Madrid,Private,ICE,7
2024,05,ROLLER TEAM,28,Madrid,Private,ICE,1
2024,05,ROLLER TEAM,28,Madrid,RAC,ICE,2
2024,05,ROMU,28,Madrid,Corporate,ICE,3
2024,05,ROMU,28,Madrid,RAC,ICE,4
2024,05,SARTRUCK,28,Madrid,RAC,ICE,4
2024,05,SCORA,28,Madrid,Corporate,ICE,1
2024,05,SEAT,28,Madrid,Corporate,ICE,863
2024,05,SEAT,28,Madrid,Corporate,PHEV,18
2024,05,SEAT,28,Madrid,Private,ICE,318
2024,05,SEAT,28,Madrid,Private,PHEV,2
2024,05,SEAT,28,Madrid,RAC,ICE,973
2024,05,SEGWAY,28,Madrid,Corporate,ICE,1
2024,05,SEMICARFRAN SL,28,Madrid,Corporate,ICE,4
2024,05,SHINERAY,28,Madrid,RAC,ICE,10
2024,05,SILENCE,28,Madrid,Private,BEV,2
2024,05,SIN MARCA,28,Madrid,Corporate,ICE,76
2024,05,SIN MARCA,28,Madrid,Corporate,PHEV,50
2024,05,SIN MARCA,28,Madrid,Private,PHEV,3
2024,05,SIN MARCA,28,Madrid,RAC,ICE,204
2024,05,SIN MARCA,28,Madrid,RAC,PHEV,1
2024,05,SKODA,28,Madrid,Corporate,BEV,89
2024,05,SKODA,28,Madrid,Corporate,ICE,744
2024,05,SKODA,28,Madrid,Corporate,PHEV,4
2024,05,SKODA,28,Madrid,Private,BEV,4
2024,05,SKODA,28,Madrid,Private,ICE,129
2024,05,SKODA,28,Madrid,RAC,ICE,539
2024,05,SMART,28,Madrid,Corporate,BEV,23
2024,05,SMART,28,Madrid,Private,BEV,23
2024,05,SOCAGE,28,Madrid,Corporate,ICE,4
2024,05,SOCAGE,28,Madrid,RAC,ICE,2
2024,05,SOLARIS,28,Madrid,Corporate,BEV,46
2024,05,SORTIMO,28,Madrid,Corporate,BEV,4
2024,05,SORTIMO,28,Madrid,Corporate,ICE,108
2024,05,SSANGYONG,28,Madrid,Corporate,ICE,160
2024,05,SSANGYONG,28,Madrid,Private,ICE,45
2024,05,SSANGYONG,28,Madrid,RAC,ICE,703
2024,05,SUBARU,28,Madrid,Corporate,ICE,8
2024,05,SUBARU,28,Madrid,Private,ICE,12
2024,05,SUBIELA,28,Madrid,Corporate,ICE,15
2024,05,SUZUKI,28,Madrid,Corporate,ICE,41
2024,05,SUZUKI,28,Madrid,Private,ICE,62
2024,05,TALLERES AGUILAR,28,Madrid,Corporate,BEV,1
2024,05,TALLERES AGUILAR,28,Madrid,Corporate,ICE,1
2024,05,TALLERES PRAT RUSIÑOL,28,Madrid,Corporate,ICE,1
2024,05,TECNOCARROCERA,28,Madrid,Corporate,ICE,1
2024,05,TECNOCARROCERA,28,Madrid,RAC,ICE,17
2024,05,TECNOVE FIBERGLASS,28,Madrid,RAC,ICE,33
2024,05,TENAX,28,Madrid,Corporate,BEV,3
2024,05,TESLA,28,Madrid,Corporate,BEV,85
2024,05,TESLA,28,Madrid,Private,BEV,262
2024,05,THERMOEUROP,28,Madrid,Corporate,ICE,2
2024,05,THERMOEUROP,28,Madrid,RAC,ICE,1
2024,05,TOYOTA,28,Madrid,Corporate,BEV,15
2024,05,TOYOTA,28,Madrid,Corporate,ICE,1882
2024,05,TOYOTA,28,Madrid,Corporate,PHEV,50
2024,05,TOYOTA,28,Madrid,Private,BEV,2
2024,05,TOYOTA,28,Madrid,Private,ICE,1295
2024,05,TOYOTA,28,Madrid,Private,PHEV,62
2024,05,TOYOTA,28,Madrid,RAC,BEV,1
2024,05,TOYOTA,28,Madrid,RAC,ICE,285
2024,05,TRANSPOL,28,Madrid,Corporate,ICE,4
2024,05,UNVI,28,Madrid,Corporate,ICE,1
2024,05,VALLEJO,28,Madrid,Corporate,BEV,3
2024,05,VALSAT,28,Madrid,Corporate,ICE,21
2024,05,VEBLINTER,28,Madrid,Corporate,ICE,4
2024,05,VOLKSWAGEN,28,Madrid,Corporate,BEV,115
2024,05,VOLKSWAGEN,28,Madrid,Corporate,ICE,2137
2024,05,VOLKSWAGEN,28,Madrid,Corporate,PHEV,57
2024,05,VOLKSWAGEN,28,Madrid,Private,BEV,4
2024,05,VOLKSWAGEN,28,Madrid,Private,ICE,284
2024,05,VOLKSWAGEN,28,Madrid,Private,PHEV,19
2024,05,VOLKSWAGEN,28,Madrid,RAC,ICE,2085
2024,05,VOLKSWAGEN,28,Madrid,RAC,PHEV,18
2024,05,VOLVO,28,Madrid,Corporate,BEV,67
2024,05,VOLVO,28,Madrid,Corporate,ICE,321
2024,05,VOLVO,28,Madrid,Corporate,PHEV,131
2024,05,VOLVO,28,Madrid,Private,BEV,35
2024,05,VOLVO,28,Madrid,Private,ICE,53
2024,05,VOLVO,28,Madrid,Private,PHEV,6
2024,05,VOLVO,28,Madrid,RAC,BEV,101
2024,05,VOLVO,28,Madrid,RAC,ICE,246
2024,05,VOLVO,28,Madrid,RAC,PHEV,1
2024,05,VOYAH,28,Madrid,Corporate,BEV,5
2024,05,VSVE,28,Madrid,Corporate,ICE,7
2024,05,WEINSBERG,28,Madrid,Private,ICE,2
2024,05,WESTFALIA,28,Madrid,Private,ICE,1
2024,05,YUDO,28,Madrid,Corporate,BEV,1
2024,05,ZAGO,28,Madrid,Corporate,ICE,1
2024,05,ZAGO AUTOMOTIVE,28,Madrid,Corporate,BEV,1
2024,05,ZAGO AUTOMOTIVE,28,Madrid,Corporate,ICE,35
2024,05,ABARTH,29,Málaga,Private,BEV,1
2024,05,ALFA ROMEO,29,Málaga,Corporate,ICE,2
2024,05,ALFA ROMEO,29,Málaga,Private,ICE,2
2024,05,ALQUIBER QUALITY,29,Málaga,Corporate,ICE,1
2024,05,ANTONIO JURADO GONZALEZ,29,Málaga,Corporate,ICE,1
2024,05,ASTON MARTIN,29,Málaga,Private,ICE,1
2024,05,AUDI,29,Málaga,Corporate,ICE,13
2024,05,AUDI,29,Málaga,Corporate,PHEV,4
2024,05,AUDI,29,Málaga,Private,BEV,3
2024,05,AUDI,29,Málaga,Private,ICE,20
2024,05,AUDI,29,Málaga,Private,PHEV,2
2024,05,AUDI,29,Málaga,RAC,ICE,3
2024,05,AUTOMOBILI LAMBORGHINI S.P.A.,29,Málaga,Corporate,ICE,1
2024,05,BENIMAR,29,Málaga,Corporate,ICE,1
2024,05,BENIMAR,29,Málaga,Private,ICE,3
2024,05,BENIMAR,29,Málaga,RAC,ICE,1
2024,05,BENTLEY,29,Málaga,Private,ICE,1
2024,05,BENTLEY,29,Málaga,Private,PHEV,1
2024,05,BMW,29,Málaga,Corporate,ICE,107
2024,05,BMW,29,Málaga,Corporate,PHEV,2
2024,05,BMW,29,Málaga,Private,BEV,4
2024,05,BMW,29,Málaga,Private,ICE,78
2024,05,BMW,29,Málaga,Private,PHEV,2
2024,05,BMW,29,Málaga,RAC,ICE,25
2024,05,BYD,29,Málaga,Private,BEV,5
2024,05,CAPRON,29,Málaga,RAC,ICE,3
2024,05,CAPRON GMBH,29,Málaga,Private,ICE,1
2024,05,CAPRON GMBH,29,Málaga,RAC,ICE,2
2024,05,CARROCERIAS CITY,29,Málaga,Corporate,ICE,1
2024,05,CARROCERIAS CITY,29,Málaga,RAC,ICE,10
2024,05,CFMOTO,29,Málaga,Corporate,ICE,1
2024,05,CFMOTO,29,Málaga,Private,ICE,4
2024,05,CHALLENGER,29,Málaga,Private,ICE,1
2024,05,CHAPISTERIA V.I.,29,Málaga,RAC,ICE,1
2024,05,CITROEN,29,Málaga,Corporate,BEV,2
2024,05,CITROEN,29,Málaga,Corporate,ICE,71
2024,05,CITROEN,29,Málaga,Private,BEV,5
2024,05,CITROEN,29,Málaga,Private,ICE,36
2024,05,CITROEN,29,Málaga,Private,PHEV,2
2024,05,CITROEN,29,Málaga,RAC,ICE,53
2024,05,CUPRA,29,Málaga,Corporate,ICE,6
2024,05,CUPRA,29,Málaga,Corporate,PHEV,2
2024,05,CUPRA,29,Málaga,Private,BEV,2
2024,05,CUPRA,29,Málaga,Private,ICE,12
2024,05,CUPRA,29,Málaga,Private,PHEV,1
2024,05,DACIA,29,Málaga,Corporate,BEV,1
2024,05,DACIA,29,Málaga,Corporate,ICE,9
2024,05,DACIA,29,Málaga,Private,BEV,1
2024,05,DACIA,29,Málaga,Private,ICE,108
2024,05,DACIA,29,Málaga,RAC,ICE,6
2024,05,DFSK,29,Málaga,Corporate,ICE,1
2024,05,DFSK,29,Málaga,Private,ICE,1
2024,05,DIVISEGUR CATALUNYA,29,Málaga,Corporate,ICE,6
2024,05,ERKE,29,Málaga,Corporate,ICE,1
2024,05,FIAT,29,Málaga,Corporate,ICE,23
2024,05,FIAT,29,Málaga,Private,BEV,1
2024,05,FIAT,29,Málaga,Private,ICE,23
2024,05,FIAT,29,Málaga,RAC,ICE,6
2024,05,FORD,29,Málaga,Corporate,BEV,1
2024,05,FORD,29,Málaga,Corporate,ICE,34
2024,05,FORD,29,Málaga,Corporate,PHEV,5
2024,05,FORD,29,Málaga,Private,ICE,48
2024,05,FORD,29,Málaga,Private,PHEV,4
2024,05,FORD,29,Málaga,RAC,ICE,36
2024,05,HERMONT,29,Málaga,Corporate,ICE,2
2024,05,HONDA,29,Málaga,Corporate,ICE,4
2024,05,HONDA,29,Málaga,Private,ICE,9
2024,05,HYUNDAI,29,Málaga,Corporate,BEV,2
2024,05,HYUNDAI,29,Málaga,Corporate,ICE,9
2024,05,HYUNDAI,29,Málaga,Private,ICE,66
2024,05,HYUNDAI,29,Málaga,RAC,ICE,3
2024,05,IGLUVAN,29,Málaga,Corporate,ICE,4
2024,05,IGLUVAN,29,Málaga,RAC,ICE,24
2024,05,ISUZU,29,Málaga,Corporate,ICE,1
2024,05,ISUZU,29,Málaga,RAC,ICE,2
2024,05,IVECO,29,Málaga,Corporate,ICE,3
2024,05,IVECO,29,Málaga,RAC,ICE,13
2024,05,JAGUAR,29,Málaga,Corporate,ICE,4
2024,05,JEEP,29,Málaga,Corporate,ICE,1
2024,05,JEEP,29,Málaga,Corporate,PHEV,3
2024,05,JEEP,29,Málaga,Private,ICE,5
2024,05,JEEP,29,Málaga,RAC,ICE,11
2024,05,KIA,29,Málaga,Corporate,BEV,3
2024,05,KIA,29,Málaga,Corporate,ICE,5
2024,05,KIA,29,Málaga,Corporate,PHEV,1
2024,05,KIA,29,Málaga,Private,BEV,2
2024,05,KIA,29,Málaga,Private,ICE,74
2024,05,KIA,29,Málaga,Private,PHEV,6
2024,05,LAND ROVER,29,Málaga,Corporate,ICE,1
2024,05,LAND ROVER,29,Málaga,Corporate,PHEV,1
2024,05,LAND ROVER,29,Málaga,Private,ICE,6
2024,05,LAND ROVER,29,Málaga,Private,PHEV,7
2024,05,LEXUS,29,Málaga,Corporate,ICE,4
2024,05,LEXUS,29,Málaga,Corporate,PHEV,2
2024,05,LEXUS,29,Málaga,Private,BEV,1
2024,05,LEXUS,29,Málaga,Private,ICE,11
2024,05,LEXUS,29,Málaga,Private,PHEV,2
2024,05,LEXUS,29,Málaga,RAC,ICE,2
2024,05,LIGIER,29,Málaga,Private,ICE,6
2024,05,MAN,29,Málaga,Private,ICE,1
2024,05,MAN,29,Málaga,RAC,ICE,2
2024,05,MASERATI,29,Málaga,Private,ICE,2
2024,05,MAXUS,29,Málaga,Corporate,ICE,1
2024,05,MAZDA,29,Málaga,Corporate,ICE,1
2024,05,MAZDA,29,Málaga,Private,ICE,26
2024,05,MAZDA,29,Málaga,Private,PHEV,1
2024,05,MCLOUIS,29,Málaga,Private,ICE,1
2024,05,MCLOUIS,29,Málaga,RAC,ICE,1
2024,05,MERCEDES,29,Málaga,Corporate,BEV,5
2024,05,MERCEDES,29,Málaga,Corporate,ICE,33
2024,05,MERCEDES,29,Málaga,Corporate,PHEV,9
2024,05,MERCEDES,29,Málaga,Private,BEV,1
2024,05,MERCEDES,29,Málaga,Private,ICE,30
2024,05,MERCEDES,29,Málaga,Private,PHEV,17
2024,05,MERCEDES,29,Málaga,RAC,ICE,3
2024,05,MERCEDES-V,29,Málaga,Corporate,ICE,3
2024,05,MG,29,Málaga,Corporate,BEV,6
2024,05,MG,29,Málaga,Corporate,ICE,16
2024,05,MG,29,Málaga,Corporate,PHEV,1
2024,05,MG,29,Málaga,Private,BEV,7
2024,05,MG,29,Málaga,Private,ICE,53
2024,05,MG,29,Málaga,Private,PHEV,3
2024,05,MICROCAR,29,Málaga,Corporate,ICE,1
2024,05,MICROCAR,29,Málaga,Private,ICE,1
2024,05,MINI,29,Málaga,Corporate,ICE,6
2024,05,MINI,29,Málaga,Private,ICE,13
2024,05,MINI,29,Málaga,RAC,ICE,14
2024,05,MITSUBISHI,29,Málaga,Private,ICE,10
2024,05,MITSUBISHI,29,Málaga,Private,PHEV,1
2024,05,MITSUBISHI FUSO,29,Málaga,Corporate,ICE,2
2024,05,NISSAN,29,Málaga,Corporate,BEV,1
2024,05,NISSAN,29,Málaga,Corporate,ICE,16
2024,05,NISSAN,29,Málaga,Private,ICE,49
2024,05,NISSAN,29,Málaga,RAC,ICE,15
2024,05,NORANTZ,29,Málaga,RAC,ICE,1
2024,05,OMODA,29,Málaga,Corporate,ICE,2
2024,05,OMODA,29,Málaga,Private,ICE,14
2024,05,OPEL,29,Málaga,Private,ICE,5
2024,05,OPEL,29,Málaga,RAC,ICE,67
2024,05,PANAMA,29,Málaga,Private,ICE,1
2024,05,PEUGEOT,29,Málaga,Corporate,BEV,2
2024,05,PEUGEOT,29,Málaga,Corporate,ICE,13
2024,05,PEUGEOT,29,Málaga,Corporate,PHEV,2
2024,05,PEUGEOT,29,Málaga,Private,BEV,7
2024,05,PEUGEOT,29,Málaga,Private,ICE,58
2024,05,PEUGEOT,29,Málaga,RAC,ICE,80
2024,05,POLARIS,29,Málaga,Private,ICE,1
2024,05,PORSCHE,29,Málaga,Corporate,BEV,2
2024,05,PORSCHE,29,Málaga,Corporate,ICE,4
2024,05,PORSCHE,29,Málaga,Corporate,PHEV,2
2024,05,PORSCHE,29,Málaga,Private,BEV,1
2024,05,PORSCHE,29,Málaga,Private,ICE,9
2024,05,PORSCHE,29,Málaga,Private,PHEV,4
2024,05,QUADDY,29,Málaga,Corporate,ICE,1
2024,05,RENAULT,29,Málaga,Corporate,BEV,5
2024,05,RENAULT,29,Málaga,Corporate,ICE,60
2024,05,RENAULT,29,Málaga,Private,BEV,1
2024,05,RENAULT,29,Málaga,Private,ICE,101
2024,05,RENAULT,29,Málaga,RAC,ICE,19
2024,05,ROTOMAR,29,Málaga,Corporate,ICE,3
2024,05,SEAT,29,Málaga,Corporate,ICE,56
2024,05,SEAT,29,Málaga,Private,ICE,78
2024,05,SEAT,29,Málaga,Private,PHEV,1
2024,05,SEAT,29,Málaga,RAC,ICE,46
2024,05,SEGWAY,29,Málaga,Private,ICE,1
2024,05,SKODA,29,Málaga,Corporate,ICE,17
2024,05,SKODA,29,Málaga,Private,ICE,60
2024,05,SKODA,29,Málaga,RAC,ICE,3
2024,05,SMART,29,Málaga,Corporate,BEV,4
2024,05,SSANGYONG,29,Málaga,Corporate,ICE,2
2024,05,SSANGYONG,29,Málaga,Private,ICE,3
2024,05,STIL CONVERSION,29,Málaga,Private,ICE,1
2024,05,SUBARU,29,Málaga,Corporate,ICE,4
2024,05,SUBARU,29,Málaga,Private,ICE,2
2024,05,SUZUKI,29,Málaga,Corporate,ICE,2
2024,05,SUZUKI,29,Málaga,Private,ICE,8
2024,05,SUZUKI,29,Málaga,RAC,ICE,4
2024,05,TECNOVE FIBERGLASS,29,Málaga,Corporate,ICE,1
2024,05,TESLA,29,Málaga,Corporate,BEV,5
2024,05,TESLA,29,Málaga,Private,BEV,50
2024,05,THERMOBUS,29,Málaga,Corporate,ICE,1
2024,05,TOYOTA,29,Málaga,Corporate,ICE,52
2024,05,TOYOTA,29,Málaga,Private,ICE,195
2024,05,TOYOTA,29,Málaga,Private,PHEV,2
2024,05,TOYOTA,29,Málaga,RAC,ICE,82
2024,05,VOLKSWAGEN,29,Málaga,Corporate,BEV,1
2024,05,VOLKSWAGEN,29,Málaga,Corporate,ICE,27
2024,05,VOLKSWAGEN,29,Málaga,Corporate,PHEV,2
2024,05,VOLKSWAGEN,29,Málaga,Private,ICE,62
2024,05,VOLKSWAGEN,29,Málaga,Private,PHEV,2
2024,05,VOLKSWAGEN,29,Málaga,RAC,ICE,79
2024,05,VOLKSWAGEN V W,29,Málaga,Corporate,ICE,1
2024,05,VOLVO,29,Málaga,Corporate,BEV,1
2024,05,VOLVO,29,Málaga,Corporate,ICE,14
2024,05,VOLVO,29,Málaga,Private,BEV,6
2024,05,VOLVO,29,Málaga,Private,ICE,5
2024,05,VOLVO,29,Málaga,Private,PHEV,1
2024,05,VSVE,29,Málaga,RAC,ICE,1
2024,05,WEINSBERG,29,Málaga,RAC,ICE,2
2024,05,ALFA ROMEO,30,Murcia,Private,ICE,1
2024,05,AUDI,30,Murcia,Corporate,ICE,12
2024,05,AUDI,30,Murcia,Corporate,PHEV,1
2024,05,AUDI,30,Murcia,Private,ICE,20
2024,05,AUDI,30,Murcia,Private,PHEV,4
2024,05,BLUCAMP,30,Murcia,RAC,ICE,4
2024,05,BMW,30,Murcia,Corporate,BEV,2
2024,05,BMW,30,Murcia,Corporate,ICE,15
2024,05,BMW,30,Murcia,Private,BEV,4
2024,05,BMW,30,Murcia,Private,ICE,23
2024,05,BMW,30,Murcia,Private,PHEV,3
2024,05,CAPRON,30,Murcia,Private,ICE,1
2024,05,CITROEN,30,Murcia,Corporate,BEV,1
2024,05,CITROEN,30,Murcia,Corporate,ICE,14
2024,05,CITROEN,30,Murcia,Private,BEV,2
2024,05,CITROEN,30,Murcia,Private,ICE,19
2024,05,CITROEN,30,Murcia,Private,PHEV,1
2024,05,CORVUS,30,Murcia,Corporate,ICE,1
2024,05,CUPRA,30,Murcia,Corporate,BEV,1
2024,05,CUPRA,30,Murcia,Private,BEV,1
2024,05,CUPRA,30,Murcia,Private,ICE,10
2024,05,CUPRA,30,Murcia,Private,PHEV,2
2024,05,DACIA,30,Murcia,Corporate,ICE,15
2024,05,DACIA,30,Murcia,Private,ICE,100
2024,05,DETHLEFFS,30,Murcia,RAC,ICE,1
2024,05,DFSK,30,Murcia,Corporate,BEV,5
2024,05,DFSK,30,Murcia,Corporate,ICE,2
2024,05,DIVISEGUR CATALUNYA,30,Murcia,Corporate,ICE,1
2024,05,DR,30,Murcia,Private,ICE,1
2024,05,FIAT,30,Murcia,Corporate,ICE,2
2024,05,FIAT,30,Murcia,Private,ICE,8
2024,05,FIAT,30,Murcia,RAC,ICE,1
2024,05,FORD,30,Murcia,Corporate,BEV,1
2024,05,FORD,30,Murcia,Corporate,ICE,17
2024,05,FORD,30,Murcia,Corporate,PHEV,1
2024,05,FORD,30,Murcia,Private,BEV,1
2024,05,FORD,30,Murcia,Private,ICE,22
2024,05,FORD,30,Murcia,Private,PHEV,6
2024,05,FORD,30,Murcia,RAC,ICE,6
2024,05,GALO HEREDIA,30,Murcia,Corporate,ICE,1
2024,05,GIOTTILINE,30,Murcia,Private,ICE,1
2024,05,GOUPIL,30,Murcia,Corporate,BEV,4
2024,05,GRUAUTO,30,Murcia,Corporate,ICE,1
2024,05,HARLEY-DAVIDSON,30,Murcia,Private,ICE,1
2024,05,HONDA,30,Murcia,Corporate,ICE,3
2024,05,HONDA,30,Murcia,Private,ICE,4
2024,05,HYUNDAI,30,Murcia,Corporate,BEV,1
2024,05,HYUNDAI,30,Murcia,Corporate,ICE,25
2024,05,HYUNDAI,30,Murcia,Private,ICE,62
2024,05,HYUNDAI,30,Murcia,Private,PHEV,1
2024,05,IGLUVAN,30,Murcia,RAC,ICE,6
2024,05,IVECO,30,Murcia,Corporate,ICE,6
2024,05,IVECO,30,Murcia,RAC,ICE,1
2024,05,JEANJE,30,Murcia,RAC,ICE,13
2024,05,JEEP,30,Murcia,Corporate,ICE,1
2024,05,JEEP,30,Murcia,Private,ICE,2
2024,05,JOHN DEERE,30,Murcia,Corporate,ICE,2
2024,05,KIA,30,Murcia,Corporate,BEV,2
2024,05,KIA,30,Murcia,Corporate,ICE,33
2024,05,KIA,30,Murcia,Private,BEV,5
2024,05,KIA,30,Murcia,Private,ICE,66
2024,05,KIA,30,Murcia,Private,PHEV,1
2024,05,KIA,30,Murcia,RAC,ICE,1
2024,05,LAND ROVER,30,Murcia,Corporate,PHEV,1
2024,05,LAND ROVER,30,Murcia,RAC,ICE,2
2024,05,LEXUS,30,Murcia,Corporate,ICE,10
2024,05,LEXUS,30,Murcia,Private,ICE,25
2024,05,LEXUS,30,Murcia,Private,PHEV,2
2024,05,MAN,30,Murcia,Corporate,ICE,1
2024,05,MASERATI,30,Murcia,Private,ICE,1
2024,05,MAXUS,30,Murcia,Corporate,ICE,1
2024,05,MAZDA,30,Murcia,Corporate,ICE,3
2024,05,MAZDA,30,Murcia,Private,ICE,17
2024,05,MAZDA,30,Murcia,Private,PHEV,1
2024,05,MCLOUIS,30,Murcia,Private,ICE,1
2024,05,MERCEDES,30,Murcia,Corporate,BEV,9
2024,05,MERCEDES,30,Murcia,Corporate,ICE,47
2024,05,MERCEDES,30,Murcia,Corporate,PHEV,9
2024,05,MERCEDES,30,Murcia,Private,BEV,1
2024,05,MERCEDES,30,Murcia,Private,ICE,23
2024,05,MERCEDES,30,Murcia,Private,PHEV,9
2024,05,MERCEDES,30,Murcia,RAC,ICE,4
2024,05,MERCEDES-V,30,Murcia,Corporate,ICE,2
2024,05,MERCEDES-V,30,Murcia,RAC,ICE,2
2024,05,MG,30,Murcia,Corporate,ICE,5
2024,05,MG,30,Murcia,Private,BEV,2
2024,05,MG,30,Murcia,Private,ICE,76
2024,05,MG,30,Murcia,Private,PHEV,1
2024,05,MINI,30,Murcia,Corporate,ICE,7
2024,05,MINI,30,Murcia,Private,BEV,1
2024,05,MINI,30,Murcia,Private,ICE,4
2024,05,MITSUBISHI,30,Murcia,Corporate,ICE,4
2024,05,MITSUBISHI,30,Murcia,Private,ICE,5
2024,05,MOBILVETTA DESIGN,30,Murcia,Private,ICE,1
2024,05,MOVEX,30,Murcia,Corporate,ICE,5
2024,05,NISSAN,30,Murcia,Corporate,ICE,5
2024,05,NISSAN,30,Murcia,Private,ICE,36
2024,05,NISSAN,30,Murcia,RAC,ICE,7
2024,05,OMODA,30,Murcia,Private,ICE,21
2024,05,OPEL,30,Murcia,Corporate,ICE,1
2024,05,OPEL,30,Murcia,Corporate,PHEV,1
2024,05,OPEL,30,Murcia,Private,BEV,1
2024,05,OPEL,30,Murcia,Private,ICE,7
2024,05,PEUGEOT,30,Murcia,Corporate,ICE,16
2024,05,PEUGEOT,30,Murcia,Corporate,PHEV,1
2024,05,PEUGEOT,30,Murcia,Private,BEV,1
2024,05,PEUGEOT,30,Murcia,Private,ICE,31
2024,05,PIAGGIO,30,Murcia,Corporate,ICE,1
2024,05,PORSCHE,30,Murcia,Corporate,BEV,1
2024,05,PORSCHE,30,Murcia,Corporate,ICE,3
2024,05,PORSCHE,30,Murcia,Corporate,PHEV,4
2024,05,PORSCHE,30,Murcia,Private,ICE,2
2024,05,PORSCHE,30,Murcia,Private,PHEV,1
2024,05,PORSCHE,30,Murcia,RAC,ICE,3
2024,05,REHATRANS,30,Murcia,Corporate,ICE,1
2024,05,RENAULT,30,Murcia,Corporate,BEV,12
2024,05,RENAULT,30,Murcia,Corporate,ICE,38
2024,05,RENAULT,30,Murcia,Private,BEV,1
2024,05,RENAULT,30,Murcia,Private,ICE,73
2024,05,RENAULT,30,Murcia,RAC,ICE,1
2024,05,RIMOR,30,Murcia,RAC,ICE,1
2024,05,SEAT,30,Murcia,Corporate,ICE,23
2024,05,SEAT,30,Murcia,Private,ICE,48
2024,05,SEMICARFRAN SL,30,Murcia,Corporate,ICE,4
2024,05,SEMICARFRAN SL,30,Murcia,Private,ICE,2
2024,05,SEMICARFRAN SL,30,Murcia,RAC,ICE,5
2024,05,SIN MARCA,30,Murcia,Corporate,PHEV,1
2024,05,SIN MARCA,30,Murcia,Private,ICE,1
2024,05,SKODA,30,Murcia,Corporate,ICE,6
2024,05,SKODA,30,Murcia,Private,ICE,30
2024,05,SSANGYONG,30,Murcia,Corporate,ICE,2
2024,05,SSANGYONG,30,Murcia,Private,ICE,16
2024,05,SUBARU,30,Murcia,Private,ICE,1
2024,05,SUZUKI,30,Murcia,Corporate,ICE,2
2024,05,SUZUKI,30,Murcia,Private,ICE,5
2024,05,TECNO TRAILER MURCIA,30,Murcia,Corporate,ICE,1
2024,05,TESLA,30,Murcia,Corporate,BEV,3
2024,05,TESLA,30,Murcia,Private,BEV,20
2024,05,TGB,30,Murcia,Private,ICE,1
2024,05,THV,30,Murcia,Corporate,ICE,1
2024,05,TOYOTA,30,Murcia,Corporate,ICE,26
2024,05,TOYOTA,30,Murcia,Corporate,PHEV,1
2024,05,TOYOTA,30,Murcia,Private,ICE,107
2024,05,TOYOTA,30,Murcia,Private,PHEV,1
2024,05,VOLKSWAGEN,30,Murcia,Corporate,ICE,12
2024,05,VOLKSWAGEN,30,Murcia,Corporate,PHEV,1
2024,05,VOLKSWAGEN,30,Murcia,Private,ICE,50
2024,05,VOLKSWAGEN,30,Murcia,RAC,ICE,3
2024,05,VOLVO,30,Murcia,Corporate,BEV,7
2024,05,VOLVO,30,Murcia,Corporate,ICE,5
2024,05,VOLVO,30,Murcia,Private,BEV,1
2024,05,VOLVO,30,Murcia,Private,ICE,13
2024,05,AUDI,31,Navarra,Corporate,BEV,2
2024,05,AUDI,31,Navarra,Corporate,ICE,9
2024,05,AUDI,31,Navarra,Corporate,PHEV,1
2024,05,AUDI,31,Navarra,Private,BEV,1
2024,05,AUDI,31,Navarra,Private,ICE,13
2024,05,BENIMAR,31,Navarra,Private,ICE,3
2024,05,BMW,31,Navarra,Corporate,BEV,3
2024,05,BMW,31,Navarra,Corporate,ICE,9
2024,05,BMW,31,Navarra,Private,BEV,1
2024,05,BMW,31,Navarra,Private,ICE,7
2024,05,BYD,31,Navarra,Private,BEV,1
2024,05,CFMOTO,31,Navarra,Private,ICE,1
2024,05,CHEVROLET,31,Navarra,Private,ICE,1
2024,05,CITROEN,31,Navarra,Corporate,BEV,1
2024,05,CITROEN,31,Navarra,Corporate,ICE,5
2024,05,CITROEN,31,Navarra,Private,ICE,15
2024,05,CITROEN,31,Navarra,RAC,ICE,1
2024,05,CUPRA,31,Navarra,Private,BEV,1
2024,05,CUPRA,31,Navarra,Private,ICE,8
2024,05,CUPRA,31,Navarra,RAC,ICE,15
2024,05,DACIA,31,Navarra,Corporate,ICE,9
2024,05,DACIA,31,Navarra,Private,ICE,48
2024,05,FIAT,31,Navarra,Corporate,ICE,1
2024,05,FIAT,31,Navarra,RAC,ICE,1
2024,05,FORD,31,Navarra,Corporate,BEV,1
2024,05,FORD,31,Navarra,Corporate,ICE,14
2024,05,FORD,31,Navarra,Private,ICE,10
2024,05,FORD,31,Navarra,Private,PHEV,1
2024,05,FURGOKARAVANING,31,Navarra,Corporate,ICE,1
2024,05,HONDA,31,Navarra,Corporate,ICE,1
2024,05,HONDA,31,Navarra,Private,ICE,1
2024,05,HYMER,31,Navarra,RAC,ICE,1
2024,05,HYUNDAI,31,Navarra,Corporate,ICE,8
2024,05,HYUNDAI,31,Navarra,Corporate,PHEV,1
2024,05,HYUNDAI,31,Navarra,Private,BEV,2
2024,05,HYUNDAI,31,Navarra,Private,ICE,23
2024,05,HYUNDAI,31,Navarra,Private,PHEV,3
2024,05,IBERICA DE ISOTERMIZ,31,Navarra,Corporate,ICE,1
2024,05,IGLUVAN,31,Navarra,Corporate,ICE,1
2024,05,ILUSION,31,Navarra,Private,ICE,1
2024,05,IRIZAR E-MOBILITY,31,Navarra,Corporate,BEV,10
2024,05,ITINEO,31,Navarra,Private,ICE,1
2024,05,IVECO,31,Navarra,Corporate,ICE,2
2024,05,JEEP,31,Navarra,Private,ICE,2
2024,05,KIA,31,Navarra,Corporate,BEV,1
2024,05,KIA,31,Navarra,Corporate,ICE,3
2024,05,KIA,31,Navarra,Private,BEV,7
2024,05,KIA,31,Navarra,Private,ICE,45
2024,05,KIA,31,Navarra,Private,PHEV,1
2024,05,KNAUS,31,Navarra,Private,ICE,1
2024,05,LAND ROVER,31,Navarra,Private,PHEV,1
2024,05,LEXUS,31,Navarra,Corporate,ICE,1
2024,05,LEXUS,31,Navarra,Private,ICE,4
2024,05,LEXUS,31,Navarra,Private,PHEV,1
2024,05,LIGIER,31,Navarra,Private,ICE,1
2024,05,MAN,31,Navarra,Corporate,ICE,1
2024,05,MAN,31,Navarra,Private,ICE,1
2024,05,MAZDA,31,Navarra,Corporate,ICE,4
2024,05,MAZDA,31,Navarra,Corporate,PHEV,1
2024,05,MAZDA,31,Navarra,Private,ICE,9
2024,05,MAZDA,31,Navarra,Private,PHEV,2
2024,05,MCLOUIS,31,Navarra,Private,ICE,1
2024,05,MERCEDES,31,Navarra,Corporate,BEV,2
2024,05,MERCEDES,31,Navarra,Corporate,ICE,9
2024,05,MERCEDES,31,Navarra,Private,ICE,5
2024,05,MERCEDES,31,Navarra,Private,PHEV,3
2024,05,MERCEDES-V,31,Navarra,Corporate,ICE,1
2024,05,MG,31,Navarra,Corporate,BEV,2
2024,05,MG,31,Navarra,Corporate,ICE,3
2024,05,MG,31,Navarra,Private,BEV,4
2024,05,MG,31,Navarra,Private,ICE,9
2024,05,MG,31,Navarra,Private,PHEV,1
2024,05,MOVEX,31,Navarra,Corporate,ICE,1
2024,05,NISSAN,31,Navarra,Corporate,ICE,5
2024,05,NISSAN,31,Navarra,Private,ICE,15
2024,05,OMODA,31,Navarra,Corporate,BEV,1
2024,05,OMODA,31,Navarra,Corporate,ICE,4
2024,05,OMODA,31,Navarra,Private,ICE,9
2024,05,OPEL,31,Navarra,Corporate,ICE,3
2024,05,OPEL,31,Navarra,Private,ICE,7
2024,05,PANAMA,31,Navarra,Private,ICE,1
2024,05,PEUGEOT,31,Navarra,Corporate,BEV,2
2024,05,PEUGEOT,31,Navarra,Corporate,ICE,26
2024,05,PEUGEOT,31,Navarra,Private,BEV,2
2024,05,PEUGEOT,31,Navarra,Private,ICE,14
2024,05,PORSCHE,31,Navarra,Corporate,ICE,2
2024,05,PORSCHE,31,Navarra,RAC,ICE,2
2024,05,RANDGER,31,Navarra,Private,ICE,1
2024,05,RAPIDO,31,Navarra,Private,ICE,1
2024,05,REHATRANS,31,Navarra,Corporate,ICE,1
2024,05,RENAULT,31,Navarra,Corporate,BEV,1
2024,05,RENAULT,31,Navarra,Corporate,ICE,33
2024,05,RENAULT,31,Navarra,Private,BEV,2
2024,05,RENAULT,31,Navarra,Private,ICE,29
2024,05,RIMOR,31,Navarra,Private,ICE,1
2024,05,RIMOR,31,Navarra,RAC,ICE,1
2024,05,ROLLER TEAM,31,Navarra,Private,ICE,1
2024,05,SEAT,31,Navarra,Corporate,PHEV,1
2024,05,SEAT,31,Navarra,Private,ICE,31
2024,05,SEAT,31,Navarra,Private,PHEV,1
2024,05,SKODA,31,Navarra,Corporate,ICE,4
2024,05,SKODA,31,Navarra,Private,BEV,2
2024,05,SKODA,31,Navarra,Private,ICE,19
2024,05,SMART,31,Navarra,Private,BEV,1
2024,05,SSANGYONG,31,Navarra,Private,ICE,5
2024,05,SUN LIVING,31,Navarra,Private,ICE,2
2024,05,SUZUKI,31,Navarra,Corporate,ICE,2
2024,05,SUZUKI,31,Navarra,Private,ICE,1
2024,05,TESLA,31,Navarra,Corporate,BEV,1
2024,05,TESLA,31,Navarra,Private,BEV,22
2024,05,TOYOTA,31,Navarra,Corporate,ICE,15
2024,05,TOYOTA,31,Navarra,Corporate,PHEV,2
2024,05,TOYOTA,31,Navarra,Private,BEV,2
2024,05,TOYOTA,31,Navarra,Private,ICE,54
2024,05,TOYOTA,31,Navarra,Private,PHEV,2
2024,05,VOLKSWAGEN,31,Navarra,Corporate,BEV,3
2024,05,VOLKSWAGEN,31,Navarra,Corporate,ICE,15
2024,05,VOLKSWAGEN,31,Navarra,Corporate,PHEV,2
2024,05,VOLKSWAGEN,31,Navarra,Private,BEV,29
2024,05,VOLKSWAGEN,31,Navarra,Private,ICE,46
2024,05,VOLKSWAGEN,31,Navarra,RAC,ICE,1
2024,05,VOLVO,31,Navarra,Corporate,BEV,1
2024,05,VOLVO,31,Navarra,Corporate,ICE,3
2024,05,VOLVO,31,Navarra,Private,BEV,9
2024,05,VOLVO,31,Navarra,Private,ICE,3
2024,05,VOLVO,31,Navarra,Private,PHEV,1
2024,05,WEINSBERG,31,Navarra,RAC,ICE,1
2024,05,YAGUE,31,Navarra,Corporate,ICE,3
2024,05,YOLDI,31,Navarra,Corporate,ICE,3
2024,05,AUDI,32,Ourense,Corporate,ICE,2
2024,05,AUDI,32,Ourense,Private,ICE,10
2024,05,BMW,32,Ourense,Corporate,ICE,3
2024,05,BMW,32,Ourense,Private,ICE,7
2024,05,BMW,32,Ourense,Private,PHEV,2
2024,05,CARROCERIAS MR,32,Ourense,Private,ICE,1
2024,05,CHALLENGER,32,Ourense,Private,ICE,1
2024,05,CITROEN,32,Ourense,Corporate,ICE,1
2024,05,CITROEN,32,Ourense,Private,ICE,2
2024,05,CUPRA,32,Ourense,Private,ICE,6
2024,05,CUPRA,32,Ourense,Private,PHEV,2
2024,05,DACIA,32,Ourense,Corporate,ICE,1
2024,05,DACIA,32,Ourense,Private,ICE,5
2024,05,DFSK,32,Ourense,Private,ICE,1
2024,05,FERRARI,32,Ourense,Private,PHEV,1
2024,05,FIAT,32,Ourense,Corporate,ICE,11
2024,05,FIAT,32,Ourense,Private,ICE,1
2024,05,FORD,32,Ourense,Corporate,ICE,3
2024,05,FORD,32,Ourense,Private,ICE,8
2024,05,FORD,32,Ourense,Private,PHEV,2
2024,05,GIOTTLINE,32,Ourense,RAC,ICE,1
2024,05,HYUNDAI,32,Ourense,Corporate,ICE,13
2024,05,HYUNDAI,32,Ourense,Private,BEV,1
2024,05,HYUNDAI,32,Ourense,Private,ICE,13
2024,05,IRIZAR,32,Ourense,RAC,ICE,2
2024,05,KIA,32,Ourense,Corporate,BEV,1
2024,05,KIA,32,Ourense,Corporate,ICE,1
2024,05,KIA,32,Ourense,Private,BEV,1
2024,05,KIA,32,Ourense,Private,ICE,17
2024,05,LIGIER,32,Ourense,Private,ICE,1
2024,05,MAN,32,Ourense,Corporate,ICE,1
2024,05,MAZDA,32,Ourense,Corporate,ICE,1
2024,05,MAZDA,32,Ourense,Private,ICE,3
2024,05,MC LOUIS,32,Ourense,Private,ICE,1
2024,05,MERCEDES,32,Ourense,Corporate,ICE,11
2024,05,MERCEDES,32,Ourense,Corporate,PHEV,3
2024,05,MERCEDES,32,Ourense,Private,ICE,8
2024,05,MERCEDES,32,Ourense,Private,PHEV,1
2024,05,MG,32,Ourense,Corporate,ICE,2
2024,05,MG,32,Ourense,Private,BEV,2
2024,05,MG,32,Ourense,Private,ICE,5
2024,05,MG,32,Ourense,Private,PHEV,1
2024,05,MITSUBISHI,32,Ourense,Private,ICE,1
2024,05,NISSAN,32,Ourense,Corporate,ICE,1
2024,05,NISSAN,32,Ourense,Private,ICE,6
2024,05,OMODA,32,Ourense,Private,ICE,1
2024,05,OPEL,32,Ourense,Private,ICE,2
2024,05,PEUGEOT,32,Ourense,Private,ICE,15
2024,05,PEUGEOT,32,Ourense,RAC,ICE,6
2024,05,PEUGEOT,32,Ourense,RAC,PHEV,1
2024,05,RENAULT,32,Ourense,Corporate,ICE,6
2024,05,RENAULT,32,Ourense,Private,ICE,12
2024,05,RODRIGUEZ LOPEZ AUTO,32,Ourense,Private,ICE,3
2024,05,SEAT,32,Ourense,Corporate,ICE,2
2024,05,SEAT,32,Ourense,Private,ICE,22
2024,05,SKODA,32,Ourense,Private,ICE,6
2024,05,SSANGYONG,32,Ourense,Corporate,ICE,1
2024,05,SSANGYONG,32,Ourense,Private,ICE,1
2024,05,SUZUKI,32,Ourense,Corporate,ICE,1
2024,05,SUZUKI,32,Ourense,Private,ICE,2
2024,05,TAMBRE,32,Ourense,Corporate,ICE,1
2024,05,TESLA,32,Ourense,Private,BEV,4
2024,05,TOYOTA,32,Ourense,Corporate,ICE,11
2024,05,TOYOTA,32,Ourense,Private,ICE,32
2024,05,VOLKSWAGEN,32,Ourense,Corporate,ICE,2
2024,05,VOLKSWAGEN,32,Ourense,Corporate,PHEV,1
2024,05,VOLKSWAGEN,32,Ourense,Private,ICE,9
2024,05,VOLVO,32,Ourense,Corporate,BEV,1
2024,05,VOLVO,32,Ourense,Corporate,ICE,2
2024,05,VOLVO,32,Ourense,Private,BEV,2
2024,05,VOLVO,32,Ourense,Private,ICE,2
2024,05,ADRIA,33,Asturias,Private,ICE,1
2024,05,AUDI,33,Asturias,Corporate,ICE,27
2024,05,AUDI,33,Asturias,Corporate,PHEV,3
2024,05,AUDI,33,Asturias,Private,ICE,7
2024,05,BENIMAR,33,Asturias,Private,ICE,2
2024,05,BMW,33,Asturias,Corporate,BEV,1
2024,05,BMW,33,Asturias,Corporate,ICE,24
2024,05,BMW,33,Asturias,Private,BEV,1
2024,05,BMW,33,Asturias,Private,ICE,12
2024,05,BORRA,33,Asturias,Corporate,ICE,1
2024,05,BYD,33,Asturias,Private,BEV,1
2024,05,CFMOTO,33,Asturias,Private,ICE,2
2024,05,CITROEN,33,Asturias,Corporate,BEV,1
2024,05,CITROEN,33,Asturias,Corporate,ICE,22
2024,05,CITROEN,33,Asturias,Private,BEV,7
2024,05,CITROEN,33,Asturias,Private,ICE,27
2024,05,CITROEN,33,Asturias,Private,PHEV,3
2024,05,CITROEN,33,Asturias,RAC,ICE,1
2024,05,COCAR,33,Asturias,Corporate,ICE,5
2024,05,COCAR,33,Asturias,RAC,ICE,3
2024,05,CODETRANS,33,Asturias,Private,ICE,1
2024,05,CUPRA,33,Asturias,Corporate,ICE,2
2024,05,CUPRA,33,Asturias,Private,ICE,5
2024,05,DACIA,33,Asturias,Corporate,ICE,7
2024,05,DACIA,33,Asturias,Private,BEV,2
2024,05,DACIA,33,Asturias,Private,ICE,61
2024,05,DIVISEGUR CATALUNYA,33,Asturias,Corporate,ICE,1
2024,05,DR,33,Asturias,Private,ICE,1
2024,05,FIAT,33,Asturias,Corporate,ICE,2
2024,05,FIAT,33,Asturias,Private,ICE,5
2024,05,FIAT,33,Asturias,RAC,ICE,1
2024,05,FORD,33,Asturias,Corporate,ICE,22
2024,05,FORD,33,Asturias,Corporate,PHEV,1
2024,05,FORD,33,Asturias,Private,ICE,30
2024,05,FORD,33,Asturias,Private,PHEV,2
2024,05,GIOTTILINE,33,Asturias,RAC,ICE,1
2024,05,HONDA,33,Asturias,Corporate,ICE,3
2024,05,HONDA,33,Asturias,Private,ICE,5
2024,05,HYUNDAI,33,Asturias,Corporate,BEV,1
2024,05,HYUNDAI,33,Asturias,Corporate,ICE,11
2024,05,HYUNDAI,33,Asturias,Private,ICE,45
2024,05,HYUNDAI,33,Asturias,RAC,ICE,2
2024,05,IRIZAR,33,Asturias,RAC,ICE,1
2024,05,ISUZU,33,Asturias,Corporate,ICE,3
2024,05,IVECO,33,Asturias,Corporate,ICE,10
2024,05,IVECO,33,Asturias,Private,ICE,2
2024,05,IVECO,33,Asturias,RAC,ICE,2
2024,05,JEEP,33,Asturias,Corporate,ICE,2
2024,05,JEEP,33,Asturias,Private,ICE,3
2024,05,KIA,33,Asturias,Corporate,ICE,2
2024,05,KIA,33,Asturias,Private,BEV,1
2024,05,KIA,33,Asturias,Private,ICE,40
2024,05,KIA,33,Asturias,Private,PHEV,5
2024,05,KNAUS,33,Asturias,Private,ICE,1
2024,05,LAND ROVER,33,Asturias,Private,PHEV,1
2024,05,LEXUS,33,Asturias,Corporate,PHEV,1
2024,05,LEXUS,33,Asturias,Private,ICE,8
2024,05,MAN,33,Asturias,Corporate,ICE,1
2024,05,MAN,33,Asturias,Private,ICE,4
2024,05,MASERATI,33,Asturias,Corporate,ICE,6
2024,05,MAZDA,33,Asturias,Corporate,ICE,8
2024,05,MAZDA,33,Asturias,Corporate,PHEV,1
2024,05,MAZDA,33,Asturias,Private,ICE,15
2024,05,MC LOUIS,33,Asturias,Private,ICE,3
2024,05,MERCEDES,33,Asturias,Corporate,ICE,11
2024,05,MERCEDES,33,Asturias,Corporate,PHEV,3
2024,05,MERCEDES,33,Asturias,Private,BEV,2
2024,05,MERCEDES,33,Asturias,Private,ICE,14
2024,05,MERCEDES,33,Asturias,Private,PHEV,4
2024,05,MERCEDES-V,33,Asturias,Corporate,ICE,1
2024,05,MERCEDES-V,33,Asturias,Private,ICE,1
2024,05,MG,33,Asturias,Corporate,ICE,5
2024,05,MG,33,Asturias,Private,BEV,4
2024,05,MG,33,Asturias,Private,ICE,36
2024,05,MINI,33,Asturias,Corporate,ICE,1
2024,05,MINI,33,Asturias,Private,BEV,1
2024,05,MINI,33,Asturias,Private,ICE,4
2024,05,MITSUBISHI,33,Asturias,Corporate,ICE,2
2024,05,MITSUBISHI,33,Asturias,Private,ICE,2
2024,05,MITSUBISHI FUSO,33,Asturias,Corporate,ICE,1
2024,05,MOBILVETTA DESIGN,33,Asturias,Private,ICE,1
2024,05,NISSAN,33,Asturias,Corporate,ICE,28
2024,05,NISSAN,33,Asturias,Private,ICE,19
2024,05,OMODA,33,Asturias,Private,ICE,11
2024,05,OPEL,33,Asturias,Corporate,ICE,5
2024,05,OPEL,33,Asturias,Private,ICE,15
2024,05,PANAMA,33,Asturias,Private,ICE,1
2024,05,PEUGEOT,33,Asturias,Corporate,ICE,9
2024,05,PEUGEOT,33,Asturias,Corporate,PHEV,1
2024,05,PEUGEOT,33,Asturias,Private,BEV,1
2024,05,PEUGEOT,33,Asturias,Private,ICE,18
2024,05,PEUGEOT,33,Asturias,RAC,ICE,1
2024,05,POLARIS,33,Asturias,Private,ICE,1
2024,05,PORSCHE,33,Asturias,Corporate,ICE,6
2024,05,PORSCHE,33,Asturias,Private,ICE,1
2024,05,POSSL,33,Asturias,Private,ICE,1
2024,05,RENAULT,33,Asturias,Corporate,BEV,3
2024,05,RENAULT,33,Asturias,Corporate,ICE,96
2024,05,RENAULT,33,Asturias,Private,ICE,62
2024,05,RENAULT,33,Asturias,RAC,ICE,1
2024,05,ROLLER TEAM,33,Asturias,RAC,ICE,1
2024,05,SCANIA,33,Asturias,Corporate,ICE,2
2024,05,SEAT,33,Asturias,Corporate,ICE,16
2024,05,SEAT,33,Asturias,Private,ICE,31
2024,05,SEAT,33,Asturias,Private,PHEV,1
2024,05,SHINERAY,33,Asturias,Private,ICE,1
2024,05,SKODA,33,Asturias,Corporate,ICE,4
2024,05,SKODA,33,Asturias,Private,ICE,13
2024,05,SOCAGE,33,Asturias,RAC,ICE,1
2024,05,SSANGYONG,33,Asturias,Corporate,ICE,2
2024,05,SSANGYONG,33,Asturias,Private,ICE,6
2024,05,SUZUKI,33,Asturias,Private,ICE,8
2024,05,TESLA,33,Asturias,Corporate,BEV,1
2024,05,TESLA,33,Asturias,Private,BEV,5
2024,05,TOYOTA,33,Asturias,Corporate,BEV,2
2024,05,TOYOTA,33,Asturias,Corporate,ICE,28
2024,05,TOYOTA,33,Asturias,Corporate,PHEV,2
2024,05,TOYOTA,33,Asturias,Private,ICE,70
2024,05,TOYOTA,33,Asturias,Private,PHEV,3
2024,05,VOLKSWAGEN,33,Asturias,Corporate,ICE,134
2024,05,VOLKSWAGEN,33,Asturias,Private,ICE,14
2024,05,VOLKSWAGEN,33,Asturias,Private,PHEV,1
2024,05,VOLVO,33,Asturias,Corporate,ICE,5
2024,05,VOLVO,33,Asturias,Private,BEV,4
2024,05,VOLVO,33,Asturias,Private,ICE,7
2024,05,WEINSBERG,33,Asturias,Private,ICE,1
2024,05,AUDI,34,Palencia,Private,ICE,1
2024,05,BENIMAR,34,Palencia,Private,ICE,1
2024,05,BMW,34,Palencia,Corporate,ICE,5
2024,05,BMW,34,Palencia,Private,ICE,2
2024,05,CARROCERIAS HNOS CASES,34,Palencia,Private,ICE,1
2024,05,CHALLENGER,34,Palencia,RAC,ICE,2
2024,05,CITROEN,34,Palencia,Private,ICE,2
2024,05,CUPRA,34,Palencia,Private,ICE,2
2024,05,DACIA,34,Palencia,Private,ICE,12
2024,05,DR,34,Palencia,Corporate,ICE,1
2024,05,FORD,34,Palencia,Corporate,PHEV,2
2024,05,FORD,34,Palencia,Private,ICE,1
2024,05,HYUNDAI,34,Palencia,Corporate,ICE,1
2024,05,HYUNDAI,34,Palencia,Private,ICE,8
2024,05,KIA,34,Palencia,Corporate,ICE,1
2024,05,KIA,34,Palencia,Private,BEV,1
2024,05,KIA,34,Palencia,Private,ICE,5
2024,05,LIGIER,34,Palencia,Private,ICE,1
2024,05,MAZDA,34,Palencia,Private,ICE,1
2024,05,MERCEDES,34,Palencia,Corporate,ICE,3
2024,05,MERCEDES,34,Palencia,Corporate,PHEV,2
2024,05,MERCEDES,34,Palencia,Private,PHEV,2
2024,05,MG,34,Palencia,Private,ICE,2
2024,05,MITSUBISHI,34,Palencia,Private,ICE,1
2024,05,NISSAN,34,Palencia,Private,ICE,3
2024,05,PEUGEOT,34,Palencia,Corporate,ICE,1
2024,05,PEUGEOT,34,Palencia,Private,ICE,2
2024,05,POLARIS,34,Palencia,Private,ICE,6
2024,05,RENAULT,34,Palencia,Corporate,BEV,1
2024,05,RENAULT,34,Palencia,Corporate,ICE,14
2024,05,RENAULT,34,Palencia,Private,ICE,7
2024,05,SEAT,34,Palencia,Corporate,ICE,1
2024,05,SEAT,34,Palencia,Private,ICE,6
2024,05,SKODA,34,Palencia,Private,ICE,2
2024,05,SUZUKI,34,Palencia,Private,ICE,2
2024,05,TESLA,34,Palencia,Private,BEV,1
2024,05,TOYOTA,34,Palencia,Corporate,ICE,2
2024,05,TOYOTA,34,Palencia,Private,ICE,16
2024,05,TOYOTA,34,Palencia,Private,PHEV,2
2024,05,VOLKSWAGEN,34,Palencia,Private,ICE,2
2024,05,VOLVO,34,Palencia,Private,ICE,1
2024,05,AUDI,35,Las Palmas,Corporate,BEV,5
2024,05,AUDI,35,Las Palmas,Corporate,ICE,23
2024,05,AUDI,35,Las Palmas,Corporate,PHEV,3
2024,05,AUDI,35,Las Palmas,Private,BEV,9
2024,05,AUDI,35,Las Palmas,Private,ICE,14
2024,05,AUDI,35,Las Palmas,Private,PHEV,4
2024,05,AUDI,35,Las Palmas,RAC,ICE,10
2024,05,BENIMAR,35,Las Palmas,Private,ICE,2
2024,05,BMW,35,Las Palmas,Corporate,BEV,11
2024,05,BMW,35,Las Palmas,Corporate,ICE,10
2024,05,BMW,35,Las Palmas,Corporate,PHEV,1
2024,05,BMW,35,Las Palmas,Private,BEV,13
2024,05,BMW,35,Las Palmas,Private,ICE,9
2024,05,BMW,35,Las Palmas,Private,PHEV,1
2024,05,BRP,35,Las Palmas,Private,ICE,1
2024,05,BRP,35,Las Palmas,RAC,ICE,12
2024,05,BYD,35,Las Palmas,Private,BEV,8
2024,05,CARROCERIAS SEVILLA,35,Las Palmas,Corporate,ICE,1
2024,05,CITROEN,35,Las Palmas,Corporate,ICE,20
2024,05,CITROEN,35,Las Palmas,Private,ICE,18
2024,05,CITROEN,35,Las Palmas,Private,PHEV,1
2024,05,CITROEN,35,Las Palmas,RAC,BEV,1
2024,05,CITROEN,35,Las Palmas,RAC,ICE,55
2024,05,COOLGADES,35,Las Palmas,Corporate,ICE,5
2024,05,CUPRA,35,Las Palmas,Corporate,BEV,3
2024,05,CUPRA,35,Las Palmas,Corporate,ICE,3
2024,05,CUPRA,35,Las Palmas,Corporate,PHEV,1
2024,05,CUPRA,35,Las Palmas,Private,BEV,1
2024,05,CUPRA,35,Las Palmas,Private,ICE,2
2024,05,CUPRA,35,Las Palmas,Private,PHEV,7
2024,05,CUPRA,35,Las Palmas,RAC,ICE,2
2024,05,DACIA,35,Las Palmas,Corporate,BEV,2
2024,05,DACIA,35,Las Palmas,Corporate,ICE,12
2024,05,DACIA,35,Las Palmas,Private,ICE,67
2024,05,DACIA,35,Las Palmas,RAC,ICE,235
2024,05,DFSK,35,Las Palmas,Private,ICE,3
2024,05,DR,35,Las Palmas,Corporate,ICE,1
2024,05,DR,35,Las Palmas,Private,ICE,3
2024,05,ELNAGH,35,Las Palmas,Private,ICE,1
2024,05,FIAT,35,Las Palmas,Corporate,ICE,8
2024,05,FIAT,35,Las Palmas,Private,ICE,5
2024,05,FIAT,35,Las Palmas,RAC,ICE,16
2024,05,FORD,35,Las Palmas,Corporate,ICE,44
2024,05,FORD,35,Las Palmas,Corporate,PHEV,1
2024,05,FORD,35,Las Palmas,Private,BEV,5
2024,05,FORD,35,Las Palmas,Private,ICE,16
2024,05,FORD,35,Las Palmas,Private,PHEV,2
2024,05,FORD,35,Las Palmas,RAC,ICE,4
2024,05,GIOTTILINE,35,Las Palmas,Private,ICE,3
2024,05,HONDA,35,Las Palmas,Private,ICE,4
2024,05,HYUNDAI,35,Las Palmas,Corporate,ICE,18
2024,05,HYUNDAI,35,Las Palmas,Corporate,PHEV,3
2024,05,HYUNDAI,35,Las Palmas,Private,BEV,8
2024,05,HYUNDAI,35,Las Palmas,Private,ICE,62
2024,05,HYUNDAI,35,Las Palmas,Private,PHEV,9
2024,05,HYUNDAI,35,Las Palmas,RAC,ICE,2
2024,05,IGLUVAN,35,Las Palmas,Corporate,ICE,2
2024,05,IGLUVAN,35,Las Palmas,RAC,ICE,1
2024,05,INCIPRESA,35,Las Palmas,Corporate,ICE,1
2024,05,ISUZU,35,Las Palmas,Corporate,ICE,4
2024,05,ITINEO,35,Las Palmas,Private,ICE,1
2024,05,IVECO,35,Las Palmas,Corporate,ICE,4
2024,05,IVECO,35,Las Palmas,Private,ICE,3
2024,05,JAGUAR,35,Las Palmas,Private,PHEV,1
2024,05,JEEP,35,Las Palmas,Corporate,BEV,2
2024,05,JEEP,35,Las Palmas,Corporate,ICE,3
2024,05,JEEP,35,Las Palmas,Corporate,PHEV,2
2024,05,JOSE REYES CARROCERO,35,Las Palmas,Corporate,ICE,10
2024,05,JUAN SUAREZ,35,Las Palmas,Corporate,ICE,1
2024,05,KIA,35,Las Palmas,Corporate,BEV,1
2024,05,KIA,35,Las Palmas,Corporate,ICE,5
2024,05,KIA,35,Las Palmas,Corporate,PHEV,2
2024,05,KIA,35,Las Palmas,Private,BEV,9
2024,05,KIA,35,Las Palmas,Private,ICE,49
2024,05,KIA,35,Las Palmas,Private,PHEV,7
2024,05,KIA,35,Las Palmas,RAC,PHEV,20
2024,05,LAND ROVER,35,Las Palmas,Corporate,PHEV,1
2024,05,LEXUS,35,Las Palmas,Corporate,ICE,6
2024,05,LEXUS,35,Las Palmas,Corporate,PHEV,2
2024,05,LEXUS,35,Las Palmas,Private,ICE,4
2024,05,LIDERKIT,35,Las Palmas,Corporate,ICE,1
2024,05,LIGIER,35,Las Palmas,Private,ICE,1
2024,05,MAN,35,Las Palmas,Corporate,ICE,1
2024,05,MAXUS,35,Las Palmas,Corporate,ICE,2
2024,05,MAZDA,35,Las Palmas,Corporate,ICE,6
2024,05,MAZDA,35,Las Palmas,Corporate,PHEV,1
2024,05,MAZDA,35,Las Palmas,Private,ICE,10
2024,05,MAZDA,35,Las Palmas,RAC,ICE,29
2024,05,MCLOUIS,35,Las Palmas,Private,ICE,2
2024,05,MERCEDES,35,Las Palmas,Corporate,BEV,9
2024,05,MERCEDES,35,Las Palmas,Corporate,ICE,25
2024,05,MERCEDES,35,Las Palmas,Corporate,PHEV,8
2024,05,MERCEDES,35,Las Palmas,Private,BEV,1
2024,05,MERCEDES,35,Las Palmas,Private,ICE,3
2024,05,MERCEDES,35,Las Palmas,Private,PHEV,6
2024,05,MERCEDES-V,35,Las Palmas,Corporate,ICE,4
2024,05,MERCEDES-V,35,Las Palmas,Private,ICE,1
2024,05,MG,35,Las Palmas,Corporate,BEV,1
2024,05,MG,35,Las Palmas,Private,ICE,2
2024,05,MINI,35,Las Palmas,Corporate,BEV,2
2024,05,MINI,35,Las Palmas,Corporate,ICE,2
2024,05,MINI,35,Las Palmas,Private,BEV,2
2024,05,MINI,35,Las Palmas,Private,ICE,4
2024,05,MITSUBISHI,35,Las Palmas,Corporate,ICE,10
2024,05,MITSUBISHI,35,Las Palmas,Private,ICE,7
2024,05,MITSUBISHI,35,Las Palmas,Private,PHEV,2
2024,05,MOVEX,35,Las Palmas,Corporate,ICE,1
2024,05,NISSAN,35,Las Palmas,Corporate,ICE,24
2024,05,NISSAN,35,Las Palmas,Private,ICE,23
2024,05,NISSAN,35,Las Palmas,RAC,ICE,3
2024,05,OMODA,35,Las Palmas,Corporate,ICE,2
2024,05,OMODA,35,Las Palmas,Private,ICE,7
2024,05,OMODA,35,Las Palmas,RAC,ICE,3
2024,05,OPEL,35,Las Palmas,Corporate,BEV,2
2024,05,OPEL,35,Las Palmas,Corporate,ICE,36
2024,05,OPEL,35,Las Palmas,Private,BEV,2
2024,05,OPEL,35,Las Palmas,Private,ICE,40
2024,05,OPEL,35,Las Palmas,Private,PHEV,1
2024,05,OPEL,35,Las Palmas,RAC,ICE,24
2024,05,PEUGEOT,35,Las Palmas,Corporate,BEV,2
2024,05,PEUGEOT,35,Las Palmas,Corporate,ICE,41
2024,05,PEUGEOT,35,Las Palmas,Private,BEV,2
2024,05,PEUGEOT,35,Las Palmas,Private,ICE,37
2024,05,PEUGEOT,35,Las Palmas,Private,PHEV,1
2024,05,PEUGEOT,35,Las Palmas,RAC,ICE,50
2024,05,PORSCHE,35,Las Palmas,Corporate,BEV,1
2024,05,PORSCHE,35,Las Palmas,Corporate,ICE,2
2024,05,PORSCHE,35,Las Palmas,Private,ICE,1
2024,05,PORSCHE,35,Las Palmas,RAC,PHEV,1
2024,05,RENAULT,35,Las Palmas,Corporate,BEV,3
2024,05,RENAULT,35,Las Palmas,Corporate,ICE,324
2024,05,RENAULT,35,Las Palmas,Private,ICE,45
2024,05,RENAULT,35,Las Palmas,RAC,ICE,23
2024,05,SEAT,35,Las Palmas,Corporate,ICE,49
2024,05,SEAT,35,Las Palmas,Corporate,PHEV,1
2024,05,SEAT,35,Las Palmas,Private,ICE,72
2024,05,SEAT,35,Las Palmas,RAC,ICE,23
2024,05,SEMICARFRAN SL,35,Las Palmas,Corporate,ICE,1
2024,05,SIN MARCA,35,Las Palmas,Corporate,PHEV,1
2024,05,SKODA,35,Las Palmas,Corporate,ICE,14
2024,05,SKODA,35,Las Palmas,Private,BEV,4
2024,05,SKODA,35,Las Palmas,Private,ICE,57
2024,05,SKODA,35,Las Palmas,RAC,ICE,10
2024,05,SMART,35,Las Palmas,Private,BEV,3
2024,05,SSANGYONG,35,Las Palmas,Corporate,ICE,3
2024,05,SSANGYONG,35,Las Palmas,Private,ICE,6
2024,05,STIL CONVERSION,35,Las Palmas,Private,ICE,2
2024,05,SUBARU,35,Las Palmas,Private,BEV,1
2024,05,SUZUKI,35,Las Palmas,Corporate,ICE,3
2024,05,SUZUKI,35,Las Palmas,Private,ICE,7
2024,05,TECNOVE FIBERGLASS,35,Las Palmas,Corporate,ICE,2
2024,05,TEMSA,35,Las Palmas,Corporate,ICE,7
2024,05,TEMSA,35,Las Palmas,RAC,ICE,1
2024,05,TESLA,35,Las Palmas,Corporate,BEV,2
2024,05,TESLA,35,Las Palmas,Private,BEV,4
2024,05,TOYOTA,35,Las Palmas,Corporate,BEV,6
2024,05,TOYOTA,35,Las Palmas,Corporate,ICE,76
2024,05,TOYOTA,35,Las Palmas,Corporate,PHEV,3
2024,05,TOYOTA,35,Las Palmas,Private,BEV,3
2024,05,TOYOTA,35,Las Palmas,Private,ICE,133
2024,05,TOYOTA,35,Las Palmas,Private,PHEV,5
2024,05,TOYOTA,35,Las Palmas,RAC,ICE,136
2024,05,VOLKSWAGEN,35,Las Palmas,Corporate,BEV,4
2024,05,VOLKSWAGEN,35,Las Palmas,Corporate,ICE,91
2024,05,VOLKSWAGEN,35,Las Palmas,Corporate,PHEV,2
2024,05,VOLKSWAGEN,35,Las Palmas,Private,BEV,11
2024,05,VOLKSWAGEN,35,Las Palmas,Private,ICE,136
2024,05,VOLKSWAGEN,35,Las Palmas,Private,PHEV,4
2024,05,VOLKSWAGEN,35,Las Palmas,RAC,ICE,74
2024,05,VOLVO,35,Las Palmas,Corporate,BEV,3
2024,05,VOLVO,35,Las Palmas,Corporate,ICE,2
2024,05,VOLVO,35,Las Palmas,Private,BEV,24
2024,05,VOLVO,35,Las Palmas,Private,ICE,5
2024,05,VOLVO,35,Las Palmas,Private,PHEV,2
2024,05,VPS,35,Las Palmas,Private,ICE,1
2024,05,ZAGO AUTOMOTIVE,35,Las Palmas,Corporate,ICE,1
2024,05,ASTON MARTIN,36,Pontevedra,Private,ICE,1
2024,05,AUDI,36,Pontevedra,Corporate,BEV,1
2024,05,AUDI,36,Pontevedra,Corporate,ICE,7
2024,05,AUDI,36,Pontevedra,Corporate,PHEV,3
2024,05,AUDI,36,Pontevedra,Private,ICE,24
2024,05,AUDI,36,Pontevedra,Private,PHEV,2
2024,05,BAYCAR,36,Pontevedra,Corporate,ICE,2
2024,05,BENIMAR,36,Pontevedra,RAC,ICE,1
2024,05,BMW,36,Pontevedra,Corporate,ICE,25
2024,05,BMW,36,Pontevedra,Private,BEV,2
2024,05,BMW,36,Pontevedra,Private,ICE,15
2024,05,BMW,36,Pontevedra,Private,PHEV,2
2024,05,BYD,36,Pontevedra,Corporate,BEV,1
2024,05,CAPRON GMBH,36,Pontevedra,Private,ICE,1
2024,05,CHEVROLET,36,Pontevedra,Private,ICE,2
2024,05,CITROEN,36,Pontevedra,Corporate,ICE,11
2024,05,CITROEN,36,Pontevedra,Private,BEV,1
2024,05,CITROEN,36,Pontevedra,Private,ICE,25
2024,05,CUPRA,36,Pontevedra,Corporate,ICE,1
2024,05,CUPRA,36,Pontevedra,Private,ICE,9
2024,05,CUPRA,36,Pontevedra,Private,PHEV,2
2024,05,DACIA,36,Pontevedra,Corporate,ICE,3
2024,05,DACIA,36,Pontevedra,Private,ICE,42
2024,05,DIGAL,36,Pontevedra,Private,ICE,1
2024,05,DREAMER,36,Pontevedra,RAC,ICE,1
2024,05,ETRUSCO,36,Pontevedra,RAC,ICE,1
2024,05,FIAT,36,Pontevedra,Private,ICE,3
2024,05,FORD,36,Pontevedra,Corporate,BEV,1
2024,05,FORD,36,Pontevedra,Corporate,ICE,7
2024,05,FORD,36,Pontevedra,Private,BEV,2
2024,05,FORD,36,Pontevedra,Private,ICE,12
2024,05,FORD,36,Pontevedra,Private,PHEV,2
2024,05,GIOTTILINE,36,Pontevedra,RAC,ICE,1
2024,05,GOMEZ,36,Pontevedra,Corporate,ICE,1
2024,05,HONDA,36,Pontevedra,Private,ICE,1
2024,05,HYMER,36,Pontevedra,Private,ICE,1
2024,05,HYUNDAI,36,Pontevedra,Corporate,BEV,1
2024,05,HYUNDAI,36,Pontevedra,Corporate,ICE,14
2024,05,HYUNDAI,36,Pontevedra,Corporate,PHEV,1
2024,05,HYUNDAI,36,Pontevedra,Private,ICE,32
2024,05,HYUNDAI,36,Pontevedra,Private,PHEV,2
2024,05,IVECO,36,Pontevedra,Corporate,ICE,2
2024,05,JEEP,36,Pontevedra,Corporate,ICE,1
2024,05,KIA,36,Pontevedra,Corporate,ICE,3
2024,05,KIA,36,Pontevedra,Private,BEV,3
2024,05,KIA,36,Pontevedra,Private,ICE,31
2024,05,KIA,36,Pontevedra,Private,PHEV,3
2024,05,LEXUS,36,Pontevedra,Corporate,BEV,1
2024,05,LEXUS,36,Pontevedra,Corporate,ICE,2
2024,05,LEXUS,36,Pontevedra,Private,ICE,8
2024,05,LEXUS,36,Pontevedra,Private,PHEV,2
2024,05,LIGIER,36,Pontevedra,Corporate,ICE,1
2024,05,LIGIER,36,Pontevedra,Private,ICE,1
2024,05,MAN,36,Pontevedra,Corporate,ICE,1
2024,05,MAZDA,36,Pontevedra,Corporate,ICE,4
2024,05,MAZDA,36,Pontevedra,Private,ICE,17
2024,05,MC LOUIS,36,Pontevedra,Private,ICE,1
2024,05,MCLOUIS,36,Pontevedra,Private,ICE,1
2024,05,MERCEDES,36,Pontevedra,Corporate,BEV,2
2024,05,MERCEDES,36,Pontevedra,Corporate,ICE,10
2024,05,MERCEDES,36,Pontevedra,Corporate,PHEV,3
2024,05,MERCEDES,36,Pontevedra,Private,ICE,10
2024,05,MERCEDES,36,Pontevedra,Private,PHEV,8
2024,05,MERCEDES-V,36,Pontevedra,Corporate,ICE,2
2024,05,MG,36,Pontevedra,Corporate,ICE,2
2024,05,MG,36,Pontevedra,Private,BEV,1
2024,05,MG,36,Pontevedra,Private,ICE,17
2024,05,MG,36,Pontevedra,Private,PHEV,2
2024,05,MINI,36,Pontevedra,Corporate,ICE,2
2024,05,MITSUBISHI,36,Pontevedra,Private,ICE,2
2024,05,NISSAN,36,Pontevedra,Corporate,ICE,9
2024,05,NISSAN,36,Pontevedra,Private,BEV,1
2024,05,NISSAN,36,Pontevedra,Private,ICE,18
2024,05,OMODA,36,Pontevedra,Corporate,ICE,3
2024,05,OMODA,36,Pontevedra,Private,ICE,4
2024,05,OPEL,36,Pontevedra,Private,ICE,5
2024,05,PANAMA,36,Pontevedra,Private,ICE,1
2024,05,PEUGEOT,36,Pontevedra,Corporate,ICE,3
2024,05,PEUGEOT,36,Pontevedra,Private,BEV,1
2024,05,PEUGEOT,36,Pontevedra,Private,ICE,16
2024,05,PEUGEOT,36,Pontevedra,Private,PHEV,1
2024,05,PORSCHE,36,Pontevedra,Corporate,BEV,2
2024,05,PORSCHE,36,Pontevedra,Corporate,ICE,2
2024,05,PORSCHE,36,Pontevedra,Private,ICE,2
2024,05,PORSCHE,36,Pontevedra,Private,PHEV,1
2024,05,RENAULT,36,Pontevedra,Corporate,BEV,3
2024,05,RENAULT,36,Pontevedra,Corporate,ICE,22
2024,05,RENAULT,36,Pontevedra,Private,ICE,62
2024,05,ROLLER TEAM,36,Pontevedra,RAC,ICE,1
2024,05,SEAT,36,Pontevedra,Corporate,ICE,7
2024,05,SEAT,36,Pontevedra,Private,ICE,26
2024,05,SIN MARCA,36,Pontevedra,Private,ICE,3
2024,05,SIN MARCA,36,Pontevedra,RAC,ICE,1
2024,05,SKODA,36,Pontevedra,Corporate,ICE,2
2024,05,SKODA,36,Pontevedra,Private,ICE,14
2024,05,SSANGYONG,36,Pontevedra,Corporate,ICE,1
2024,05,SSANGYONG,36,Pontevedra,Private,ICE,2
2024,05,SUNSUNDEGUI,36,Pontevedra,RAC,ICE,1
2024,05,SUZUKI,36,Pontevedra,Corporate,ICE,1
2024,05,SUZUKI,36,Pontevedra,Private,ICE,4
2024,05,TESLA,36,Pontevedra,Private,BEV,9
2024,05,TOYOTA,36,Pontevedra,Corporate,ICE,12
2024,05,TOYOTA,36,Pontevedra,Corporate,PHEV,1
2024,05,TOYOTA,36,Pontevedra,Private,ICE,61
2024,05,TOYOTA,36,Pontevedra,Private,PHEV,1
2024,05,TRIPOD,36,Pontevedra,Private,ICE,2
2024,05,VEMASUR,36,Pontevedra,Corporate,ICE,1
2024,05,VOLKSWAGEN,36,Pontevedra,Corporate,ICE,6
2024,05,VOLKSWAGEN,36,Pontevedra,Corporate,PHEV,1
2024,05,VOLKSWAGEN,36,Pontevedra,Private,ICE,24
2024,05,VOLQUE Y CARROC GALICIA,36,Pontevedra,Corporate,ICE,1
2024,05,VOLVO,36,Pontevedra,Corporate,BEV,2
2024,05,VOLVO,36,Pontevedra,Corporate,ICE,2
2024,05,VOLVO,36,Pontevedra,Private,BEV,3
2024,05,VOLVO,36,Pontevedra,Private,ICE,3
2024,05,AUDI,37,Salamanca,Corporate,ICE,3
2024,05,AUDI,37,Salamanca,Corporate,PHEV,2
2024,05,AUDI,37,Salamanca,Private,ICE,4
2024,05,AUDI,37,Salamanca,Private,PHEV,1
2024,05,AUTOMOBILI LAMBORGHINI S.P.A.,37,Salamanca,Private,ICE,1
2024,05,BMW,37,Salamanca,Corporate,ICE,1
2024,05,BMW,37,Salamanca,Private,ICE,3
2024,05,CARROCERIAS FRIGOASTUR,37,Salamanca,Corporate,ICE,1
2024,05,CARROCERIAS SALAMANCA,37,Salamanca,Corporate,ICE,1
2024,05,CITROEN,37,Salamanca,Corporate,BEV,1
2024,05,CITROEN,37,Salamanca,Corporate,ICE,8
2024,05,CITROEN,37,Salamanca,Private,BEV,2
2024,05,CITROEN,37,Salamanca,Private,ICE,7
2024,05,CITROEN,37,Salamanca,Private,PHEV,1
2024,05,CUPRA,37,Salamanca,Corporate,ICE,1
2024,05,CUPRA,37,Salamanca,Private,ICE,1
2024,05,CUPRA,37,Salamanca,Private,PHEV,1
2024,05,DACIA,37,Salamanca,Corporate,ICE,6
2024,05,DACIA,37,Salamanca,Private,ICE,10
2024,05,DREAMER,37,Salamanca,Private,ICE,1
2024,05,FIAT,37,Salamanca,Private,ICE,1
2024,05,FORD,37,Salamanca,Corporate,ICE,7
2024,05,FORD,37,Salamanca,Corporate,PHEV,1
2024,05,FORD,37,Salamanca,Private,BEV,1
2024,05,FORD,37,Salamanca,Private,ICE,6
2024,05,FORD,37,Salamanca,Private,PHEV,2
2024,05,HONDA,37,Salamanca,Private,ICE,2
2024,05,HYUNDAI,37,Salamanca,Corporate,ICE,7
2024,05,HYUNDAI,37,Salamanca,Private,ICE,8
2024,05,IVECO,37,Salamanca,Private,ICE,1
2024,05,KIA,37,Salamanca,Corporate,ICE,8
2024,05,KIA,37,Salamanca,Private,BEV,1
2024,05,KIA,37,Salamanca,Private,ICE,14
2024,05,LAND ROVER,37,Salamanca,RAC,PHEV,1
2024,05,LEXUS,37,Salamanca,Private,ICE,1
2024,05,MAZDA,37,Salamanca,Corporate,ICE,2
2024,05,MAZDA,37,Salamanca,Private,ICE,6
2024,05,MC LOUIS,37,Salamanca,RAC,ICE,1
2024,05,MCLOUIS,37,Salamanca,Private,ICE,1
2024,05,MERCEDES,37,Salamanca,Corporate,ICE,1
2024,05,MERCEDES,37,Salamanca,Corporate,PHEV,1
2024,05,MERCEDES,37,Salamanca,Private,BEV,3
2024,05,MERCEDES,37,Salamanca,Private,ICE,5
2024,05,MERCEDES,37,Salamanca,Private,PHEV,1
2024,05,MERCEDES-V,37,Salamanca,Corporate,ICE,1
2024,05,MG,37,Salamanca,Private,ICE,8
2024,05,MG,37,Salamanca,Private,PHEV,1
2024,05,MINI,37,Salamanca,Private,BEV,1
2024,05,MINI,37,Salamanca,Private,ICE,2
2024,05,MITSUBISHI,37,Salamanca,Private,ICE,2
2024,05,NISSAN,37,Salamanca,Corporate,ICE,2
2024,05,NISSAN,37,Salamanca,Private,ICE,8
2024,05,OPEL,37,Salamanca,Corporate,BEV,1
2024,05,OPEL,37,Salamanca,Corporate,ICE,5
2024,05,OPEL,37,Salamanca,Private,BEV,1
2024,05,OPEL,37,Salamanca,Private,ICE,3
2024,05,PEUGEOT,37,Salamanca,Corporate,BEV,1
2024,05,PEUGEOT,37,Salamanca,Private,ICE,7
2024,05,RECAPOL,37,Salamanca,Corporate,ICE,1
2024,05,RENAULT,37,Salamanca,Corporate,BEV,1
2024,05,RENAULT,37,Salamanca,Corporate,ICE,7
2024,05,RENAULT,37,Salamanca,Private,ICE,11
2024,05,ROLLER TEAM,37,Salamanca,RAC,ICE,1
2024,05,SEAT,37,Salamanca,Corporate,ICE,5
2024,05,SEAT,37,Salamanca,Private,ICE,10
2024,05,SERVICAR,37,Salamanca,Corporate,ICE,4
2024,05,SKODA,37,Salamanca,Private,ICE,3
2024,05,SSANGYONG,37,Salamanca,Corporate,ICE,1
2024,05,SUZUKI,37,Salamanca,Corporate,ICE,2
2024,05,TESLA,37,Salamanca,Private,BEV,5
2024,05,TOYOTA,37,Salamanca,Corporate,ICE,5
2024,05,TOYOTA,37,Salamanca,Corporate,PHEV,1
2024,05,TOYOTA,37,Salamanca,Private,ICE,16
2024,05,TOYOTA,37,Salamanca,Private,PHEV,1
2024,05,TOYOTA,37,Salamanca,RAC,ICE,3
2024,05,VOLKSWAGEN,37,Salamanca,Corporate,ICE,3
2024,05,VOLKSWAGEN,37,Salamanca,Private,ICE,8
2024,05,VOLVO,37,Salamanca,Private,ICE,1
2024,05,ADRIA,38,S.C. Tenerife,Private,ICE,1
2024,05,AUDI,38,S.C. Tenerife,Corporate,BEV,1
2024,05,AUDI,38,S.C. Tenerife,Corporate,ICE,9
2024,05,AUDI,38,S.C. Tenerife,Corporate,PHEV,1
2024,05,AUDI,38,S.C. Tenerife,Private,BEV,4
2024,05,AUDI,38,S.C. Tenerife,Private,ICE,18
2024,05,AUDI,38,S.C. Tenerife,Private,PHEV,3
2024,05,BENIMAR,38,S.C. Tenerife,Private,ICE,1
2024,05,BMW,38,S.C. Tenerife,Corporate,BEV,11
2024,05,BMW,38,S.C. Tenerife,Corporate,ICE,5
2024,05,BMW,38,S.C. Tenerife,Corporate,PHEV,1
2024,05,BMW,38,S.C. Tenerife,Private,BEV,3
2024,05,BMW,38,S.C. Tenerife,Private,ICE,10
2024,05,BMW,38,S.C. Tenerife,Private,PHEV,4
2024,05,BYD,38,S.C. Tenerife,Corporate,BEV,1
2024,05,BYD,38,S.C. Tenerife,Private,BEV,10
2024,05,CARROCERA CASTROSUA SA,38,S.C. Tenerife,Corporate,ICE,2
2024,05,CARROCERIAS SANCA SA,38,S.C. Tenerife,Corporate,ICE,1
2024,05,CERRAJERIA AURELIO,38,S.C. Tenerife,Corporate,ICE,6
2024,05,CFMOTO,38,S.C. Tenerife,Corporate,ICE,2
2024,05,CFMOTO,38,S.C. Tenerife,Private,ICE,1
2024,05,CHALLENGER,38,S.C. Tenerife,Private,ICE,1
2024,05,CITROEN,38,S.C. Tenerife,Corporate,BEV,1
2024,05,CITROEN,38,S.C. Tenerife,Corporate,ICE,6
2024,05,CITROEN,38,S.C. Tenerife,Private,BEV,2
2024,05,CITROEN,38,S.C. Tenerife,Private,ICE,24
2024,05,CITROEN,38,S.C. Tenerife,Private,PHEV,1
2024,05,CITROEN,38,S.C. Tenerife,RAC,ICE,78
2024,05,CITROEN,38,S.C. Tenerife,RAC,PHEV,2
2024,05,COOLGADES,38,S.C. Tenerife,Corporate,ICE,1
2024,05,CUPRA,38,S.C. Tenerife,Corporate,BEV,2
2024,05,CUPRA,38,S.C. Tenerife,Corporate,ICE,1
2024,05,CUPRA,38,S.C. Tenerife,Private,ICE,5
2024,05,CUPRA,38,S.C. Tenerife,Private,PHEV,6
2024,05,CUPRA,38,S.C. Tenerife,RAC,ICE,2
2024,05,DACIA,38,S.C. Tenerife,Corporate,ICE,13
2024,05,DACIA,38,S.C. Tenerife,Private,ICE,53
2024,05,ETRUSCO,38,S.C. Tenerife,Private,ICE,1
2024,05,EUROGAZA,38,S.C. Tenerife,Private,ICE,1
2024,05,FIAT,38,S.C. Tenerife,Corporate,ICE,6
2024,05,FIAT,38,S.C. Tenerife,Private,ICE,22
2024,05,FIAT,38,S.C. Tenerife,RAC,BEV,5
2024,05,FIAT,38,S.C. Tenerife,RAC,ICE,5
2024,05,FORD,38,S.C. Tenerife,Corporate,ICE,43
2024,05,FORD,38,S.C. Tenerife,Corporate,PHEV,2
2024,05,FORD,38,S.C. Tenerife,Private,BEV,7
2024,05,FORD,38,S.C. Tenerife,Private,ICE,27
2024,05,FORD,38,S.C. Tenerife,Private,PHEV,3
2024,05,FORD,38,S.C. Tenerife,RAC,ICE,2
2024,05,GIOTTILINE,38,S.C. Tenerife,Private,ICE,1
2024,05,GOUPIL,38,S.C. Tenerife,Corporate,BEV,1
2024,05,HONDA,38,S.C. Tenerife,Private,ICE,12
2024,05,HYUNDAI,38,S.C. Tenerife,Corporate,ICE,7
2024,05,HYUNDAI,38,S.C. Tenerife,Corporate,PHEV,1
2024,05,HYUNDAI,38,S.C. Tenerife,Private,BEV,2
2024,05,HYUNDAI,38,S.C. Tenerife,Private,ICE,110
2024,05,HYUNDAI,38,S.C. Tenerife,Private,PHEV,13
2024,05,HYUNDAI,38,S.C. Tenerife,RAC,ICE,1
2024,05,IGLUVAN,38,S.C. Tenerife,Corporate,ICE,5
2024,05,ISUZU,38,S.C. Tenerife,Corporate,ICE,1
2024,05,ITINEO,38,S.C. Tenerife,Private,ICE,1
2024,05,JEEP,38,S.C. Tenerife,Private,BEV,3
2024,05,JEEP,38,S.C. Tenerife,Private,ICE,3
2024,05,JEEP,38,S.C. Tenerife,Private,PHEV,1
2024,05,JEEP,38,S.C. Tenerife,RAC,ICE,7
2024,05,KIA,38,S.C. Tenerife,Corporate,BEV,1
2024,05,KIA,38,S.C. Tenerife,Corporate,ICE,10
2024,05,KIA,38,S.C. Tenerife,Private,BEV,3
2024,05,KIA,38,S.C. Tenerife,Private,ICE,50
2024,05,KIA,38,S.C. Tenerife,Private,PHEV,5
2024,05,KIA,38,S.C. Tenerife,RAC,ICE,1
2024,05,KNAUS,38,S.C. Tenerife,Private,ICE,1
2024,05,LAND ROVER,38,S.C. Tenerife,Corporate,PHEV,2
2024,05,LAND ROVER,38,S.C. Tenerife,Private,PHEV,1
2024,05,LEXUS,38,S.C. Tenerife,Private,ICE,1
2024,05,LIGIER,38,S.C. Tenerife,Private,ICE,1
2024,05,MAXUS,38,S.C. Tenerife,Corporate,ICE,1
2024,05,MAZDA,38,S.C. Tenerife,Corporate,ICE,1
2024,05,MAZDA,38,S.C. Tenerife,Private,ICE,10
2024,05,MECACLIMA,38,S.C. Tenerife,Corporate,ICE,1
2024,05,MERCEDES,38,S.C. Tenerife,Corporate,ICE,10
2024,05,MERCEDES,38,S.C. Tenerife,Corporate,PHEV,1
2024,05,MERCEDES,38,S.C. Tenerife,Private,BEV,2
2024,05,MERCEDES,38,S.C. Tenerife,Private,ICE,3
2024,05,MERCEDES,38,S.C. Tenerife,Private,PHEV,3
2024,05,MG,38,S.C. Tenerife,Corporate,ICE,1
2024,05,MG,38,S.C. Tenerife,Private,BEV,3
2024,05,MG,38,S.C. Tenerife,Private,ICE,16
2024,05,MG,38,S.C. Tenerife,Private,PHEV,1
2024,05,MINI,38,S.C. Tenerife,Corporate,ICE,2
2024,05,MINI,38,S.C. Tenerife,Private,BEV,1
2024,05,MINI,38,S.C. Tenerife,Private,ICE,3
2024,05,MINI,38,S.C. Tenerife,RAC,ICE,5
2024,05,MITSUBISHI,38,S.C. Tenerife,Private,ICE,4
2024,05,NISSAN,38,S.C. Tenerife,Corporate,ICE,16
2024,05,NISSAN,38,S.C. Tenerife,Private,ICE,45
2024,05,OIL&STEEL,38,S.C. Tenerife,Corporate,ICE,1
2024,05,OMODA,38,S.C. Tenerife,Private,ICE,1
2024,05,OPEL,38,S.C. Tenerife,Corporate,BEV,1
2024,05,OPEL,38,S.C. Tenerife,Corporate,ICE,21
2024,05,OPEL,38,S.C. Tenerife,Corporate,PHEV,1
2024,05,OPEL,38,S.C. Tenerife,Private,BEV,1
2024,05,OPEL,38,S.C. Tenerife,Private,ICE,40
2024,05,OPEL,38,S.C. Tenerife,RAC,ICE,25
2024,05,PEUGEOT,38,S.C. Tenerife,Corporate,BEV,2
2024,05,PEUGEOT,38,S.C. Tenerife,Corporate,ICE,25
2024,05,PEUGEOT,38,S.C. Tenerife,Private,BEV,2
2024,05,PEUGEOT,38,S.C. Tenerife,Private,ICE,57
2024,05,PEUGEOT,38,S.C. Tenerife,Private,PHEV,1
2024,05,PEUGEOT,38,S.C. Tenerife,RAC,ICE,50
2024,05,PORSCHE,38,S.C. Tenerife,Corporate,ICE,1
2024,05,PORSCHE,38,S.C. Tenerife,Private,ICE,3
2024,05,PORSCHE,38,S.C. Tenerife,Private,PHEV,2
2024,05,RAPIDO,38,S.C. Tenerife,Private,ICE,1
2024,05,RENAULT,38,S.C. Tenerife,Corporate,BEV,1
2024,05,RENAULT,38,S.C. Tenerife,Corporate,ICE,35
2024,05,RENAULT,38,S.C. Tenerife,Private,ICE,64
2024,05,ROSENBAUER,38,S.C. Tenerife,Corporate,ICE,1
2024,05,SEAT,38,S.C. Tenerife,Corporate,ICE,11
2024,05,SEAT,38,S.C. Tenerife,Private,ICE,88
2024,05,SEAT,38,S.C. Tenerife,Private,PHEV,2
2024,05,SEAT,38,S.C. Tenerife,RAC,ICE,31
2024,05,SIN MARCA,38,S.C. Tenerife,Corporate,BEV,1
2024,05,SKODA,38,S.C. Tenerife,Corporate,BEV,3
2024,05,SKODA,38,S.C. Tenerife,Corporate,ICE,1
2024,05,SKODA,38,S.C. Tenerife,Private,BEV,2
2024,05,SKODA,38,S.C. Tenerife,Private,ICE,43
2024,05,SKODA,38,S.C. Tenerife,RAC,ICE,22
2024,05,SMART,38,S.C. Tenerife,Private,BEV,1
2024,05,SORTIMO,38,S.C. Tenerife,Corporate,ICE,4
2024,05,SSANGYONG,38,S.C. Tenerife,Private,ICE,2
2024,05,SUZUKI,38,S.C. Tenerife,Corporate,ICE,5
2024,05,SUZUKI,38,S.C. Tenerife,Private,ICE,10
2024,05,SUZUKI,38,S.C. Tenerife,Private,PHEV,1
2024,05,TENAX,38,S.C. Tenerife,Corporate,BEV,4
2024,05,TESLA,38,S.C. Tenerife,Private,BEV,2
2024,05,TOTH ES FIAI,38,S.C. Tenerife,RAC,ICE,1
2024,05,TOYOTA,38,S.C. Tenerife,Corporate,BEV,5
2024,05,TOYOTA,38,S.C. Tenerife,Corporate,ICE,33
2024,05,TOYOTA,38,S.C. Tenerife,Corporate,PHEV,3
2024,05,TOYOTA,38,S.C. Tenerife,Private,ICE,121
2024,05,TOYOTA,38,S.C. Tenerife,Private,PHEV,3
2024,05,TOYOTA,38,S.C. Tenerife,RAC,ICE,121
2024,05,TRANSPOL,38,S.C. Tenerife,Corporate,ICE,1
2024,05,VOLKSWAGEN,38,S.C. Tenerife,Corporate,BEV,1
2024,05,VOLKSWAGEN,38,S.C. Tenerife,Corporate,ICE,18
2024,05,VOLKSWAGEN,38,S.C. Tenerife,Private,BEV,2
2024,05,VOLKSWAGEN,38,S.C. Tenerife,Private,ICE,122
2024,05,VOLKSWAGEN,38,S.C. Tenerife,Private,PHEV,2
2024,05,VOLKSWAGEN,38,S.C. Tenerife,RAC,BEV,1
2024,05,VOLKSWAGEN,38,S.C. Tenerife,RAC,ICE,1
2024,05,VOLVO,38,S.C. Tenerife,Private,BEV,14
2024,05,VOLVO,38,S.C. Tenerife,Private,ICE,1
2024,05,VOLVO,38,S.C. Tenerife,Private,PHEV,1
2024,05,AUDI,39,Cantabria,Corporate,ICE,9
2024,05,AUDI,39,Cantabria,Private,ICE,3
2024,05,BMW,39,Cantabria,Corporate,ICE,2
2024,05,BMW,39,Cantabria,Private,ICE,6
2024,05,BYD,39,Cantabria,Private,BEV,1
2024,05,CAPRON,39,Cantabria,Private,ICE,3
2024,05,CARROCERIAS CONRADO,39,Cantabria,Corporate,ICE,1
2024,05,CARROCERIAS SEVILLA,39,Cantabria,Corporate,ICE,1
2024,05,CFMOTO,39,Cantabria,Private,ICE,1
2024,05,CITROEN,39,Cantabria,Corporate,BEV,1
2024,05,CITROEN,39,Cantabria,Corporate,ICE,4
2024,05,CITROEN,39,Cantabria,Private,BEV,4
2024,05,CITROEN,39,Cantabria,Private,ICE,9
2024,05,CITROEN,39,Cantabria,Private,PHEV,1
2024,05,CITROEN,39,Cantabria,RAC,ICE,1
2024,05,COINPOL,39,Cantabria,Corporate,ICE,1
2024,05,CUPRA,39,Cantabria,Corporate,ICE,1
2024,05,CUPRA,39,Cantabria,Private,ICE,6
2024,05,CUPRA,39,Cantabria,Private,PHEV,2
2024,05,DACIA,39,Cantabria,Corporate,ICE,4
2024,05,DACIA,39,Cantabria,Private,ICE,33
2024,05,DFSK,39,Cantabria,Corporate,ICE,1
2024,05,DIVISEGUR CATALUNYA,39,Cantabria,Corporate,ICE,1
2024,05,FIAT,39,Cantabria,Private,ICE,3
2024,05,FORD,39,Cantabria,Corporate,ICE,4
2024,05,FORD,39,Cantabria,Corporate,PHEV,1
2024,05,FORD,39,Cantabria,Private,BEV,1
2024,05,FORD,39,Cantabria,Private,ICE,15
2024,05,FORD,39,Cantabria,Private,PHEV,3
2024,05,GIOTTILINE,39,Cantabria,Private,ICE,1
2024,05,HIDROMAYORAL,39,Cantabria,Corporate,ICE,1
2024,05,HONDA,39,Cantabria,Corporate,ICE,1
2024,05,HONDA,39,Cantabria,Private,ICE,3
2024,05,HYUNDAI,39,Cantabria,Private,ICE,28
2024,05,HYUNDAI,39,Cantabria,Private,PHEV,3
2024,05,HYUNDAI,39,Cantabria,RAC,ICE,3
2024,05,INTEGRALIA,39,Cantabria,Corporate,ICE,4
2024,05,IVECO,39,Cantabria,Corporate,ICE,1
2024,05,JEEP,39,Cantabria,Corporate,ICE,1
2024,05,JEEP,39,Cantabria,Corporate,PHEV,1
2024,05,KIA,39,Cantabria,Corporate,ICE,2
2024,05,KIA,39,Cantabria,Private,BEV,2
2024,05,KIA,39,Cantabria,Private,ICE,34
2024,05,LAND ROVER,39,Cantabria,Corporate,PHEV,1
2024,05,LEXUS,39,Cantabria,Corporate,ICE,4
2024,05,LEXUS,39,Cantabria,Private,ICE,5
2024,05,MAR,39,Cantabria,Corporate,ICE,1
2024,05,MAZDA,39,Cantabria,Private,ICE,9
2024,05,MERCEDES,39,Cantabria,Corporate,BEV,2
2024,05,MERCEDES,39,Cantabria,Corporate,ICE,17
2024,05,MERCEDES,39,Cantabria,Corporate,PHEV,2
2024,05,MERCEDES,39,Cantabria,Private,ICE,13
2024,05,MERCEDES,39,Cantabria,Private,PHEV,2
2024,05,MERCEDES-AMG,39,Cantabria,Private,ICE,1
2024,05,MERCEDES-V,39,Cantabria,Corporate,ICE,3
2024,05,MG,39,Cantabria,Private,BEV,2
2024,05,MG,39,Cantabria,Private,ICE,15
2024,05,MG,39,Cantabria,Private,PHEV,1
2024,05,MINI,39,Cantabria,Corporate,ICE,1
2024,05,MINI,39,Cantabria,Private,ICE,2
2024,05,MITSUBISHI,39,Cantabria,Private,ICE,1
2024,05,MITSUBISHI,39,Cantabria,Private,PHEV,1
2024,05,NISSAN,39,Cantabria,Corporate,ICE,4
2024,05,NISSAN,39,Cantabria,Private,ICE,18
2024,05,OMODA,39,Cantabria,Private,ICE,15
2024,05,OPEL,39,Cantabria,Corporate,ICE,3
2024,05,OPEL,39,Cantabria,Private,BEV,1
2024,05,OPEL,39,Cantabria,Private,ICE,7
2024,05,PEUGEOT,39,Cantabria,Corporate,ICE,1
2024,05,PEUGEOT,39,Cantabria,Private,ICE,16
2024,05,PORSCHE,39,Cantabria,Private,ICE,2
2024,05,RENAULT,39,Cantabria,Corporate,ICE,22
2024,05,RENAULT,39,Cantabria,Private,ICE,35
2024,05,ROLLER TEAM,39,Cantabria,Private,ICE,1
2024,05,SEAT,39,Cantabria,Corporate,ICE,12
2024,05,SEAT,39,Cantabria,Private,ICE,42
2024,05,SKODA,39,Cantabria,Corporate,ICE,3
2024,05,SKODA,39,Cantabria,Private,ICE,7
2024,05,SOCAGE,39,Cantabria,Corporate,ICE,1
2024,05,SSANGYONG,39,Cantabria,Private,ICE,1
2024,05,SUBARU,39,Cantabria,Private,ICE,1
2024,05,SUZUKI,39,Cantabria,Corporate,ICE,2
2024,05,SUZUKI,39,Cantabria,Private,ICE,2
2024,05,TESLA,39,Cantabria,Corporate,BEV,1
2024,05,TESLA,39,Cantabria,Private,BEV,4
2024,05,TOYOTA,39,Cantabria,Corporate,ICE,8
2024,05,TOYOTA,39,Cantabria,Private,ICE,64
2024,05,VOLKSWAGEN,39,Cantabria,Corporate,ICE,1
2024,05,VOLKSWAGEN,39,Cantabria,Private,BEV,2
2024,05,VOLKSWAGEN,39,Cantabria,Private,ICE,21
2024,05,VOLVO,39,Cantabria,Corporate,ICE,3
2024,05,VOLVO,39,Cantabria,Private,BEV,2
2024,05,VOLVO,39,Cantabria,Private,ICE,3
2024,05,AUDI,40,Segovia,Corporate,PHEV,1
2024,05,BENIMAR,40,Segovia,Private,ICE,1
2024,05,BMW,40,Segovia,Corporate,BEV,1
2024,05,BMW,40,Segovia,Corporate,ICE,2
2024,05,BMW,40,Segovia,Private,ICE,1
2024,05,CFMOTO,40,Segovia,Private,ICE,1
2024,05,CITROEN,40,Segovia,Corporate,ICE,1
2024,05,CITROEN,40,Segovia,Private,ICE,1
2024,05,CUPRA,40,Segovia,Corporate,ICE,1
2024,05,CUPRA,40,Segovia,Private,ICE,1
2024,05,DACIA,40,Segovia,Corporate,ICE,1
2024,05,DACIA,40,Segovia,Private,ICE,5
2024,05,FIAT,40,Segovia,Private,ICE,1
2024,05,FORD,40,Segovia,Corporate,ICE,1
2024,05,FORD,40,Segovia,Private,ICE,6
2024,05,GIOTTILINE,40,Segovia,Private,ICE,1
2024,05,HYUNDAI,40,Segovia,Corporate,ICE,4
2024,05,HYUNDAI,40,Segovia,Private,ICE,9
2024,05,KIA,40,Segovia,Private,ICE,14
2024,05,LEXUS,40,Segovia,Corporate,PHEV,1
2024,05,LEXUS,40,Segovia,Private,ICE,1
2024,05,MAN,40,Segovia,Corporate,ICE,1
2024,05,MAZDA,40,Segovia,Private,ICE,4
2024,05,MERCEDES,40,Segovia,Corporate,ICE,3
2024,05,MERCEDES,40,Segovia,Corporate,PHEV,1
2024,05,MERCEDES,40,Segovia,Private,BEV,1
2024,05,MG,40,Segovia,Private,BEV,1
2024,05,MG,40,Segovia,Private,ICE,3
2024,05,MG,40,Segovia,Private,PHEV,1
2024,05,MINI,40,Segovia,Corporate,ICE,1
2024,05,NISSAN,40,Segovia,Corporate,ICE,1
2024,05,OTOKAR,40,Segovia,Corporate,ICE,2
2024,05,PEUGEOT,40,Segovia,Corporate,ICE,1
2024,05,PEUGEOT,40,Segovia,Private,ICE,4
2024,05,RENAULT,40,Segovia,Corporate,BEV,1
2024,05,RENAULT,40,Segovia,Corporate,ICE,4
2024,05,RENAULT,40,Segovia,Private,ICE,7
2024,05,SEAT,40,Segovia,Corporate,ICE,2
2024,05,SEAT,40,Segovia,Private,ICE,10
2024,05,SKODA,40,Segovia,Corporate,ICE,1
2024,05,SKODA,40,Segovia,Private,ICE,7
2024,05,SUZUKI,40,Segovia,Private,ICE,1
2024,05,TEMSA,40,Segovia,Corporate,ICE,1
2024,05,TESLA,40,Segovia,Corporate,BEV,1
2024,05,TESLA,40,Segovia,Private,BEV,1
2024,05,TOYOTA,40,Segovia,Corporate,ICE,6
2024,05,TOYOTA,40,Segovia,Corporate,PHEV,1
2024,05,TOYOTA,40,Segovia,Private,ICE,19
2024,05,TOYOTA,40,Segovia,Private,PHEV,2
2024,05,VOLKSWAGEN,40,Segovia,Corporate,ICE,3
2024,05,VOLKSWAGEN,40,Segovia,Private,ICE,2
2024,05,ALFA ROMEO,41,Sevilla,Private,ICE,1
2024,05,ALFABUS,41,Sevilla,RAC,BEV,1
2024,05,AUDI,41,Sevilla,Corporate,ICE,11
2024,05,AUDI,41,Sevilla,Corporate,PHEV,1
2024,05,AUDI,41,Sevilla,Private,ICE,29
2024,05,AUTOBALERMA,41,Sevilla,Corporate,ICE,1
2024,05,BENIMAR,41,Sevilla,Private,ICE,1
2024,05,BMW,41,Sevilla,Corporate,ICE,19
2024,05,BMW,41,Sevilla,Private,BEV,1
2024,05,BMW,41,Sevilla,Private,ICE,38
2024,05,BMW,41,Sevilla,Private,PHEV,1
2024,05,BYD,41,Sevilla,Corporate,BEV,1
2024,05,BYD,41,Sevilla,Private,BEV,5
2024,05,CAFRISE,41,Sevilla,Corporate,ICE,2
2024,05,CAPRON GMBH,41,Sevilla,RAC,ICE,1
2024,05,CARROCERIAS CITY,41,Sevilla,Corporate,ICE,5
2024,05,CARROCERIAS MINDA,41,Sevilla,Corporate,ICE,1
2024,05,CFMOTO,41,Sevilla,Private,ICE,4
2024,05,CHAPISTERIA V.I.,41,Sevilla,Corporate,ICE,3
2024,05,CITROEN,41,Sevilla,Corporate,ICE,32
2024,05,CITROEN,41,Sevilla,Private,BEV,5
2024,05,CITROEN,41,Sevilla,Private,ICE,21
2024,05,COMPOSITES REFORZADOS,41,Sevilla,Corporate,ICE,1
2024,05,CUPRA,41,Sevilla,Corporate,ICE,5
2024,05,CUPRA,41,Sevilla,Private,ICE,5
2024,05,DACIA,41,Sevilla,Corporate,ICE,11
2024,05,DACIA,41,Sevilla,Private,ICE,110
2024,05,DEL VALLE,41,Sevilla,Corporate,ICE,2
2024,05,DIVISEGUR CATALUNYA,41,Sevilla,Corporate,ICE,8
2024,05,DODGE,41,Sevilla,Private,ICE,1
2024,05,DR,41,Sevilla,Private,ICE,1
2024,05,EVO,41,Sevilla,Corporate,ICE,1
2024,05,FIAT,41,Sevilla,Corporate,BEV,1
2024,05,FIAT,41,Sevilla,Corporate,ICE,24
2024,05,FIAT,41,Sevilla,Private,BEV,1
2024,05,FIAT,41,Sevilla,Private,ICE,12
2024,05,FOIMA,41,Sevilla,Corporate,ICE,1
2024,05,FORD,41,Sevilla,Corporate,ICE,12
2024,05,FORD,41,Sevilla,Corporate,PHEV,2
2024,05,FORD,41,Sevilla,Private,BEV,2
2024,05,FORD,41,Sevilla,Private,ICE,33
2024,05,FORD,41,Sevilla,Private,PHEV,4
2024,05,GIOTTILINE,41,Sevilla,Private,ICE,2
2024,05,HARLEY-DAVIDSON,41,Sevilla,Private,ICE,1
2024,05,HONDA,41,Sevilla,Corporate,ICE,1
2024,05,HONDA,41,Sevilla,Private,ICE,6
2024,05,HYUNDAI,41,Sevilla,Corporate,ICE,13
2024,05,HYUNDAI,41,Sevilla,Corporate,PHEV,2
2024,05,HYUNDAI,41,Sevilla,Private,ICE,79
2024,05,HYUNDAI,41,Sevilla,Private,PHEV,4
2024,05,IGLUVAN,41,Sevilla,Corporate,ICE,1
2024,05,ISUZU,41,Sevilla,Corporate,ICE,1
2024,05,IVECO,41,Sevilla,Corporate,ICE,3
2024,05,IVECO,41,Sevilla,Private,ICE,3
2024,05,JEEP,41,Sevilla,Corporate,ICE,7
2024,05,JEEP,41,Sevilla,Private,BEV,1
2024,05,JEEP,41,Sevilla,Private,ICE,10
2024,05,JEEP,41,Sevilla,Private,PHEV,3
2024,05,KIA,41,Sevilla,Corporate,ICE,1
2024,05,KIA,41,Sevilla,Corporate,PHEV,2
2024,05,KIA,41,Sevilla,Private,ICE,74
2024,05,KIA,41,Sevilla,Private,PHEV,3
2024,05,LAND ROVER,41,Sevilla,Corporate,ICE,5
2024,05,LEXUS,41,Sevilla,Corporate,BEV,1
2024,05,LEXUS,41,Sevilla,Corporate,ICE,2
2024,05,LEXUS,41,Sevilla,Private,ICE,11
2024,05,MAN,41,Sevilla,Corporate,ICE,2
2024,05,MAXUS,41,Sevilla,Corporate,ICE,1
2024,05,MAZDA,41,Sevilla,Corporate,ICE,3
2024,05,MAZDA,41,Sevilla,Private,ICE,35
2024,05,MC LOUIS,41,Sevilla,Private,ICE,1
2024,05,MC LOUIS,41,Sevilla,RAC,ICE,1
2024,05,MCLOUIS,41,Sevilla,RAC,ICE,1
2024,05,MERCEDES,41,Sevilla,Corporate,ICE,24
2024,05,MERCEDES,41,Sevilla,Corporate,PHEV,11
2024,05,MERCEDES,41,Sevilla,Private,ICE,36
2024,05,MERCEDES,41,Sevilla,Private,PHEV,8
2024,05,MERCEDES,41,Sevilla,RAC,ICE,22
2024,05,MERCEDES,41,Sevilla,RAC,PHEV,34
2024,05,MERCEDES-BENZ MINIBUS,41,Sevilla,Private,ICE,1
2024,05,MERCEDES-V,41,Sevilla,Corporate,ICE,1
2024,05,MG,41,Sevilla,Corporate,ICE,4
2024,05,MG,41,Sevilla,Private,BEV,4
2024,05,MG,41,Sevilla,Private,ICE,78
2024,05,MG,41,Sevilla,Private,PHEV,2
2024,05,MINI,41,Sevilla,Corporate,ICE,2
2024,05,MINI,41,Sevilla,Private,ICE,3
2024,05,MITSUBISHI,41,Sevilla,Private,ICE,5
2024,05,NISSAN,41,Sevilla,Corporate,ICE,3
2024,05,NISSAN,41,Sevilla,Private,BEV,1
2024,05,NISSAN,41,Sevilla,Private,ICE,40
2024,05,OMODA,41,Sevilla,Corporate,BEV,1
2024,05,OMODA,41,Sevilla,Corporate,ICE,5
2024,05,OMODA,41,Sevilla,Private,ICE,15
2024,05,OPEL,41,Sevilla,Corporate,ICE,23
2024,05,OPEL,41,Sevilla,Private,ICE,32
2024,05,PEUGEOT,41,Sevilla,Corporate,ICE,9
2024,05,PEUGEOT,41,Sevilla,Private,BEV,2
2024,05,PEUGEOT,41,Sevilla,Private,ICE,80
2024,05,PEUGEOT,41,Sevilla,RAC,ICE,13
2024,05,PORSCHE,41,Sevilla,Corporate,BEV,1
2024,05,PORSCHE,41,Sevilla,Private,ICE,2
2024,05,RAPIDO,41,Sevilla,Private,ICE,1
2024,05,RENAULT,41,Sevilla,Corporate,BEV,2
2024,05,RENAULT,41,Sevilla,Corporate,ICE,33
2024,05,RENAULT,41,Sevilla,Private,ICE,84
2024,05,ROLLER TEAM,41,Sevilla,Private,ICE,1
2024,05,SCORA,41,Sevilla,Corporate,ICE,1
2024,05,SEAT,41,Sevilla,Corporate,ICE,26
2024,05,SEAT,41,Sevilla,Corporate,PHEV,1
2024,05,SEAT,41,Sevilla,Private,ICE,114
2024,05,SILENCE,41,Sevilla,Private,BEV,1
2024,05,SIN MARCA,41,Sevilla,Private,PHEV,1
2024,05,SKODA,41,Sevilla,Corporate,ICE,6
2024,05,SKODA,41,Sevilla,Private,ICE,33
2024,05,SSANGYONG,41,Sevilla,Corporate,ICE,3
2024,05,SSANGYONG,41,Sevilla,Private,ICE,5
2024,05,SUBARU,41,Sevilla,Corporate,ICE,4
2024,05,SUZUKI,41,Sevilla,Corporate,ICE,1
2024,05,SUZUKI,41,Sevilla,Private,ICE,9
2024,05,TESLA,41,Sevilla,Corporate,BEV,4
2024,05,TESLA,41,Sevilla,Private,BEV,26
2024,05,TOYOTA,41,Sevilla,Corporate,ICE,47
2024,05,TOYOTA,41,Sevilla,Corporate,PHEV,1
2024,05,TOYOTA,41,Sevilla,Private,ICE,189
2024,05,TOYOTA,41,Sevilla,RAC,ICE,15
2024,05,VOLKSWAGEN,41,Sevilla,Corporate,ICE,22
2024,05,VOLKSWAGEN,41,Sevilla,Corporate,PHEV,1
2024,05,VOLKSWAGEN,41,Sevilla,Private,BEV,1
2024,05,VOLKSWAGEN,41,Sevilla,Private,ICE,80
2024,05,VOLVO,41,Sevilla,Corporate,BEV,3
2024,05,VOLVO,41,Sevilla,Corporate,ICE,14
2024,05,VOLVO,41,Sevilla,Corporate,PHEV,2
2024,05,VOLVO,41,Sevilla,Private,BEV,4
2024,05,VOLVO,41,Sevilla,Private,ICE,13
2024,05,VOLVO,41,Sevilla,Private,PHEV,1
2024,05,VSVE,41,Sevilla,Corporate,ICE,1
2024,05,AUDI,42,Soria,Corporate,ICE,1
2024,05,AUDI,42,Soria,Private,ICE,1
2024,05,BENIMAR,42,Soria,Private,ICE,1
2024,05,BMW,42,Soria,Private,ICE,1
2024,05,BMW,42,Soria,Private,PHEV,1
2024,05,CFMOTO,42,Soria,Private,ICE,1
2024,05,CITROEN,42,Soria,Private,ICE,1
2024,05,CUPRA,42,Soria,Corporate,PHEV,1
2024,05,DACIA,42,Soria,Corporate,ICE,1
2024,05,DACIA,42,Soria,Private,ICE,4
2024,05,FORD,42,Soria,Corporate,ICE,3
2024,05,FORD,42,Soria,Private,ICE,3
2024,05,FORD,42,Soria,RAC,ICE,1
2024,05,GIOTTILINE,42,Soria,Private,ICE,1
2024,05,HYUNDAI,42,Soria,Private,ICE,2
2024,05,IVECO,42,Soria,Private,ICE,1
2024,05,JEEP,42,Soria,Private,ICE,1
2024,05,KIA,42,Soria,Private,ICE,7
2024,05,LINHAI,42,Soria,Private,ICE,1
2024,05,MAZDA,42,Soria,Corporate,ICE,1
2024,05,MAZDA,42,Soria,Private,ICE,3
2024,05,MERCEDES,42,Soria,Corporate,ICE,5
2024,05,MERCEDES,42,Soria,Corporate,PHEV,1
2024,05,MERCEDES,42,Soria,Private,ICE,2
2024,05,MERCEDES,42,Soria,Private,PHEV,2
2024,05,MG,42,Soria,Private,ICE,2
2024,05,MITSUBISHI,42,Soria,Corporate,ICE,2
2024,05,NISSAN,42,Soria,Corporate,BEV,1
2024,05,NISSAN,42,Soria,Corporate,ICE,1
2024,05,NISSAN,42,Soria,Private,ICE,2
2024,05,NISSAN,42,Soria,RAC,ICE,5
2024,05,OPEL,42,Soria,Private,ICE,1
2024,05,PEUGEOT,42,Soria,Corporate,ICE,1
2024,05,PORSCHE,42,Soria,Corporate,PHEV,1
2024,05,RECAPOL,42,Soria,Corporate,ICE,1
2024,05,RENAULT,42,Soria,Corporate,ICE,6
2024,05,RENAULT,42,Soria,Private,ICE,2
2024,05,SEAT,42,Soria,Corporate,ICE,1
2024,05,SEAT,42,Soria,Private,ICE,4
2024,05,SKODA,42,Soria,Private,ICE,1
2024,05,SUZUKI,42,Soria,Corporate,ICE,1
2024,05,SUZUKI,42,Soria,Private,ICE,1
2024,05,TESLA,42,Soria,Private,BEV,1
2024,05,TOYOTA,42,Soria,Corporate,ICE,3
2024,05,TOYOTA,42,Soria,Private,ICE,6
2024,05,VOLKSWAGEN,42,Soria,Private,BEV,1
2024,05,VOLKSWAGEN,42,Soria,Private,ICE,3
2024,05,AUDI,43,Tarragona,Corporate,ICE,5
2024,05,AUDI,43,Tarragona,Corporate,PHEV,2
2024,05,AUDI,43,Tarragona,Private,ICE,9
2024,05,AUDI,43,Tarragona,Private,PHEV,1
2024,05,BMW,43,Tarragona,Corporate,BEV,1
2024,05,BMW,43,Tarragona,Corporate,ICE,13
2024,05,BMW,43,Tarragona,Private,BEV,3
2024,05,BMW,43,Tarragona,Private,ICE,18
2024,05,BMW,43,Tarragona,RAC,BEV,1
2024,05,BYD,43,Tarragona,Private,BEV,1
2024,05,CITROEN,43,Tarragona,Corporate,ICE,4
2024,05,CITROEN,43,Tarragona,Private,BEV,11
2024,05,CITROEN,43,Tarragona,Private,ICE,28
2024,05,CITROEN,43,Tarragona,Private,PHEV,2
2024,05,CITROEN,43,Tarragona,RAC,ICE,2
2024,05,CUPRA,43,Tarragona,Corporate,ICE,4
2024,05,CUPRA,43,Tarragona,Corporate,PHEV,1
2024,05,CUPRA,43,Tarragona,Private,BEV,3
2024,05,CUPRA,43,Tarragona,Private,ICE,12
2024,05,CUPRA,43,Tarragona,Private,PHEV,8
2024,05,DACIA,43,Tarragona,Corporate,BEV,3
2024,05,DACIA,43,Tarragona,Corporate,ICE,3
2024,05,DACIA,43,Tarragona,Private,BEV,1
2024,05,DACIA,43,Tarragona,Private,ICE,64
2024,05,DFSK,43,Tarragona,Private,ICE,1
2024,05,DIVISEGUR CATALUNYA,43,Tarragona,Corporate,ICE,1
2024,05,FIAT,43,Tarragona,Corporate,ICE,4
2024,05,FIAT,43,Tarragona,Private,ICE,6
2024,05,FIAT,43,Tarragona,RAC,ICE,5
2024,05,FORD,43,Tarragona,Corporate,ICE,14
2024,05,FORD,43,Tarragona,Corporate,PHEV,2
2024,05,FORD,43,Tarragona,Private,BEV,3
2024,05,FORD,43,Tarragona,Private,ICE,30
2024,05,FORD,43,Tarragona,Private,PHEV,9
2024,05,FORD,43,Tarragona,RAC,ICE,1
2024,05,GIOTTILINE,43,Tarragona,Private,ICE,1
2024,05,HARLEY-DAVIDSON,43,Tarragona,Private,ICE,1
2024,05,HONDA,43,Tarragona,Corporate,ICE,2
2024,05,HONDA,43,Tarragona,Private,ICE,10
2024,05,HYUNDAI,43,Tarragona,Corporate,BEV,3
2024,05,HYUNDAI,43,Tarragona,Corporate,ICE,19
2024,05,HYUNDAI,43,Tarragona,Corporate,PHEV,1
2024,05,HYUNDAI,43,Tarragona,Private,BEV,1
2024,05,HYUNDAI,43,Tarragona,Private,ICE,67
2024,05,HYUNDAI,43,Tarragona,Private,PHEV,1
2024,05,ISUZU,43,Tarragona,Private,ICE,1
2024,05,IVECO,43,Tarragona,Corporate,ICE,4
2024,05,IVECO,43,Tarragona,RAC,ICE,1
2024,05,IVECO BUS,43,Tarragona,Corporate,ICE,1
2024,05,JEEP,43,Tarragona,Corporate,ICE,2
2024,05,JEEP,43,Tarragona,Private,ICE,5
2024,05,KIA,43,Tarragona,Corporate,ICE,1
2024,05,KIA,43,Tarragona,Private,BEV,5
2024,05,KIA,43,Tarragona,Private,ICE,42
2024,05,KIA,43,Tarragona,Private,PHEV,2
2024,05,KNAUS,43,Tarragona,Private,ICE,1
2024,05,LAND ROVER,43,Tarragona,Corporate,ICE,1
2024,05,LAND ROVER,43,Tarragona,Corporate,PHEV,1
2024,05,LEXUS,43,Tarragona,Corporate,ICE,3
2024,05,LEXUS,43,Tarragona,Private,ICE,12
2024,05,LIGIER,43,Tarragona,Private,ICE,1
2024,05,LINHAI,43,Tarragona,Corporate,BEV,1
2024,05,MAN,43,Tarragona,Corporate,ICE,2
2024,05,MAXUS,43,Tarragona,Corporate,BEV,1
2024,05,MAXUS,43,Tarragona,Corporate,ICE,1
2024,05,MAZDA,43,Tarragona,Corporate,ICE,2
2024,05,MAZDA,43,Tarragona,Private,ICE,26
2024,05,MAZDA,43,Tarragona,Private,PHEV,2
2024,05,MCLOUIS,43,Tarragona,Private,ICE,2
2024,05,MCLOUIS,43,Tarragona,RAC,ICE,1
2024,05,MERCEDES,43,Tarragona,Corporate,BEV,2
2024,05,MERCEDES,43,Tarragona,Corporate,ICE,7
2024,05,MERCEDES,43,Tarragona,Private,BEV,2
2024,05,MERCEDES,43,Tarragona,Private,ICE,13
2024,05,MERCEDES,43,Tarragona,Private,PHEV,5
2024,05,MG,43,Tarragona,Corporate,ICE,3
2024,05,MG,43,Tarragona,Private,BEV,4
2024,05,MG,43,Tarragona,Private,ICE,41
2024,05,MG,43,Tarragona,Private,PHEV,1
2024,05,MINI,43,Tarragona,Corporate,BEV,2
2024,05,MINI,43,Tarragona,Corporate,ICE,4
2024,05,MINI,43,Tarragona,Private,ICE,2
2024,05,MINI,43,Tarragona,RAC,ICE,1
2024,05,MITSUBISHI,43,Tarragona,Private,ICE,2
2024,05,MITSUBISHI FUSO,43,Tarragona,Corporate,ICE,2
2024,05,NISSAN,43,Tarragona,Corporate,ICE,7
2024,05,NISSAN,43,Tarragona,Private,ICE,25
2024,05,NISSAN,43,Tarragona,RAC,ICE,2
2024,05,OMODA,43,Tarragona,Corporate,ICE,2
2024,05,OMODA,43,Tarragona,Private,ICE,15
2024,05,OPEL,43,Tarragona,Private,ICE,11
2024,05,PEUGEOT,43,Tarragona,Corporate,BEV,3
2024,05,PEUGEOT,43,Tarragona,Corporate,ICE,10
2024,05,PEUGEOT,43,Tarragona,Corporate,PHEV,1
2024,05,PEUGEOT,43,Tarragona,Private,BEV,3
2024,05,PEUGEOT,43,Tarragona,Private,ICE,30
2024,05,PEUGEOT,43,Tarragona,Private,PHEV,2
2024,05,PORSCHE,43,Tarragona,Corporate,ICE,1
2024,05,PORSCHE,43,Tarragona,Corporate,PHEV,2
2024,05,PORSCHE,43,Tarragona,Private,ICE,3
2024,05,PORSCHE,43,Tarragona,Private,PHEV,1
2024,05,RANDGER,43,Tarragona,Private,ICE,1
2024,05,RENAULT,43,Tarragona,Corporate,BEV,4
2024,05,RENAULT,43,Tarragona,Corporate,ICE,13
2024,05,RENAULT,43,Tarragona,Private,ICE,29
2024,05,ROLLER TEAM,43,Tarragona,Private,ICE,1
2024,05,SEAT,43,Tarragona,Corporate,ICE,4
2024,05,SEAT,43,Tarragona,Corporate,PHEV,1
2024,05,SEAT,43,Tarragona,Private,ICE,47
2024,05,SKODA,43,Tarragona,Corporate,ICE,8
2024,05,SKODA,43,Tarragona,Private,ICE,20
2024,05,SSANGYONG,43,Tarragona,Corporate,ICE,1
2024,05,SSANGYONG,43,Tarragona,Private,ICE,13
2024,05,SUBARU,43,Tarragona,Private,ICE,2
2024,05,SUZUKI,43,Tarragona,Corporate,ICE,2
2024,05,SUZUKI,43,Tarragona,Private,ICE,5
2024,05,TESLA,43,Tarragona,Corporate,BEV,3
2024,05,TESLA,43,Tarragona,Private,BEV,16
2024,05,TOYOTA,43,Tarragona,Corporate,BEV,1
2024,05,TOYOTA,43,Tarragona,Corporate,ICE,19
2024,05,TOYOTA,43,Tarragona,Corporate,PHEV,3
2024,05,TOYOTA,43,Tarragona,Private,ICE,134
2024,05,TOYOTA,43,Tarragona,Private,PHEV,3
2024,05,VOLKSWAGEN,43,Tarragona,Corporate,ICE,13
2024,05,VOLKSWAGEN,43,Tarragona,Private,BEV,3
2024,05,VOLKSWAGEN,43,Tarragona,Private,ICE,55
2024,05,VOLKSWAGEN,43,Tarragona,Private,PHEV,3
2024,05,VOLKSWAGEN AG,43,Tarragona,Corporate,ICE,1
2024,05,VOLVO,43,Tarragona,Corporate,BEV,2
2024,05,VOLVO,43,Tarragona,Corporate,ICE,1
2024,05,VOLVO,43,Tarragona,Private,BEV,2
2024,05,VOLVO,43,Tarragona,Private,ICE,1
2024,05,VOLVO,43,Tarragona,Private,PHEV,1
2024,05,AUDI,44,Teruel,Corporate,ICE,1
2024,05,AUDI,44,Teruel,Private,ICE,1
2024,05,BMW,44,Teruel,Corporate,ICE,4
2024,05,BMW,44,Teruel,Private,ICE,5
2024,05,CFMOTO,44,Teruel,Corporate,ICE,1
2024,05,CITROEN,44,Teruel,Corporate,ICE,1
2024,05,CITROEN,44,Teruel,Private,ICE,3
2024,05,CORVUS,44,Teruel,Private,ICE,1
2024,05,CUPRA,44,Teruel,Private,ICE,2
2024,05,CUPRA,44,Teruel,Private,PHEV,1
2024,05,DACIA,44,Teruel,Corporate,BEV,1
2024,05,DACIA,44,Teruel,Corporate,ICE,2
2024,05,DACIA,44,Teruel,Private,BEV,2
2024,05,DACIA,44,Teruel,Private,ICE,6
2024,05,DFSK,44,Teruel,Corporate,BEV,1
2024,05,FIAT,44,Teruel,Private,ICE,1
2024,05,FORD,44,Teruel,Corporate,ICE,1
2024,05,FORD,44,Teruel,Private,BEV,1
2024,05,FORD,44,Teruel,Private,ICE,1
2024,05,HONDA,44,Teruel,Private,ICE,1
2024,05,HYUNDAI,44,Teruel,Corporate,ICE,2
2024,05,HYUNDAI,44,Teruel,Private,ICE,6
2024,05,IVECO,44,Teruel,Corporate,ICE,3
2024,05,KIA,44,Teruel,Corporate,ICE,3
2024,05,KIA,44,Teruel,Private,ICE,6
2024,05,MAZDA,44,Teruel,Corporate,ICE,3
2024,05,MAZDA,44,Teruel,Corporate,PHEV,1
2024,05,MAZDA,44,Teruel,Private,ICE,1
2024,05,MERCEDES,44,Teruel,Corporate,ICE,11
2024,05,MERCEDES,44,Teruel,Corporate,PHEV,2
2024,05,MERCEDES,44,Teruel,Private,ICE,4
2024,05,MERCEDES,44,Teruel,Private,PHEV,1
2024,05,MINI,44,Teruel,Corporate,BEV,1
2024,05,MINI,44,Teruel,Corporate,ICE,1
2024,05,NISSAN,44,Teruel,Corporate,ICE,2
2024,05,NISSAN,44,Teruel,Private,ICE,2
2024,05,OMODA,44,Teruel,Private,ICE,1
2024,05,PEUGEOT,44,Teruel,Corporate,ICE,2
2024,05,PEUGEOT,44,Teruel,Private,ICE,2
2024,05,RENAULT,44,Teruel,Corporate,BEV,2
2024,05,RENAULT,44,Teruel,Corporate,ICE,11
2024,05,RENAULT,44,Teruel,Private,ICE,7
2024,05,SEAT,44,Teruel,Corporate,ICE,6
2024,05,SEAT,44,Teruel,Private,ICE,4
2024,05,SKODA,44,Teruel,Private,BEV,1
2024,05,SKODA,44,Teruel,Private,ICE,4
2024,05,SSANGYONG,44,Teruel,Private,ICE,2
2024,05,SUZUKI,44,Teruel,Private,ICE,1
2024,05,TOYOTA,44,Teruel,Corporate,BEV,1
2024,05,TOYOTA,44,Teruel,Corporate,ICE,3
2024,05,TOYOTA,44,Teruel,Private,ICE,11
2024,05,VOLKSWAGEN,44,Teruel,Corporate,ICE,2
2024,05,VOLKSWAGEN,44,Teruel,Private,ICE,10
2024,05,ALFA ROMEO,45,Toledo,Corporate,ICE,1
2024,05,AUDI,45,Toledo,Corporate,ICE,2
2024,05,AUDI,45,Toledo,Corporate,PHEV,2
2024,05,AUDI,45,Toledo,Private,ICE,6
2024,05,AUDI,45,Toledo,Private,PHEV,2
2024,05,BENIMAR,45,Toledo,Corporate,ICE,1
2024,05,BMW,45,Toledo,Corporate,ICE,2
2024,05,BMW,45,Toledo,Private,BEV,2
2024,05,BMW,45,Toledo,Private,ICE,11
2024,05,BYD,45,Toledo,Private,BEV,1
2024,05,CARROCERIAS DEL VALLE,45,Toledo,Corporate,ICE,2
2024,05,CFMOTO,45,Toledo,Corporate,ICE,1
2024,05,CFMOTO,45,Toledo,Private,ICE,1
2024,05,CHALLENGER,45,Toledo,Private,ICE,1
2024,05,CITROEN,45,Toledo,Corporate,BEV,11
2024,05,CITROEN,45,Toledo,Corporate,ICE,74
2024,05,CITROEN,45,Toledo,Corporate,PHEV,3
2024,05,CITROEN,45,Toledo,Private,BEV,1
2024,05,CITROEN,45,Toledo,Private,ICE,4
2024,05,CUPRA,45,Toledo,Corporate,ICE,1
2024,05,CUPRA,45,Toledo,Private,ICE,3
2024,05,CUPRA,45,Toledo,Private,PHEV,2
2024,05,DACIA,45,Toledo,Corporate,BEV,5
2024,05,DACIA,45,Toledo,Corporate,ICE,9
2024,05,DACIA,45,Toledo,Private,ICE,51
2024,05,DFSK,45,Toledo,Private,ICE,1
2024,05,DIVISEGUR CATALUNYA,45,Toledo,Corporate,ICE,2
2024,05,DIVISEGUR CATALUNYA,45,Toledo,Private,ICE,1
2024,05,EUROCARROCERA,45,Toledo,Corporate,ICE,1
2024,05,FIAT,45,Toledo,Corporate,ICE,4
2024,05,FIAT,45,Toledo,Private,ICE,1
2024,05,FORD,45,Toledo,Corporate,BEV,1
2024,05,FORD,45,Toledo,Corporate,ICE,13
2024,05,FORD,45,Toledo,Corporate,PHEV,1
2024,05,FORD,45,Toledo,Private,ICE,12
2024,05,FORD,45,Toledo,Private,PHEV,3
2024,05,GIOTTILINE,45,Toledo,Private,ICE,1
2024,05,GIOTTILINE,45,Toledo,RAC,ICE,1
2024,05,HYUNDAI,45,Toledo,Corporate,BEV,1
2024,05,HYUNDAI,45,Toledo,Corporate,ICE,14
2024,05,HYUNDAI,45,Toledo,Corporate,PHEV,1
2024,05,HYUNDAI,45,Toledo,Private,ICE,42
2024,05,INDUSAUTO,45,Toledo,Corporate,ICE,1
2024,05,IVECO,45,Toledo,Corporate,ICE,2
2024,05,JEEP,45,Toledo,Corporate,BEV,1
2024,05,JEEP,45,Toledo,Corporate,ICE,3
2024,05,JEEP,45,Toledo,Corporate,PHEV,2
2024,05,JEEP,45,Toledo,Private,ICE,3
2024,05,KIA,45,Toledo,Corporate,ICE,7
2024,05,KIA,45,Toledo,Private,BEV,3
2024,05,KIA,45,Toledo,Private,ICE,29
2024,05,LAND ROVER SANTANA,45,Toledo,Private,ICE,1
2024,05,LEXUS,45,Toledo,Corporate,ICE,1
2024,05,LEXUS,45,Toledo,Private,ICE,3
2024,05,LIGIER,45,Toledo,Private,ICE,1
2024,05,MAN,45,Toledo,Corporate,ICE,1
2024,05,MAN,45,Toledo,Private,ICE,1
2024,05,MAZDA,45,Toledo,Corporate,ICE,3
2024,05,MAZDA,45,Toledo,Corporate,PHEV,1
2024,05,MAZDA,45,Toledo,Private,ICE,13
2024,05,MAZDA,45,Toledo,Private,PHEV,1
2024,05,MERCEDES,45,Toledo,Corporate,ICE,9
2024,05,MERCEDES,45,Toledo,Corporate,PHEV,2
2024,05,MERCEDES,45,Toledo,Private,ICE,14
2024,05,MERCEDES,45,Toledo,Private,PHEV,4
2024,05,MERCEDES,45,Toledo,RAC,BEV,1
2024,05,MERCEDES,45,Toledo,RAC,PHEV,15
2024,05,MERCEDES-V,45,Toledo,Corporate,ICE,3
2024,05,MG,45,Toledo,Corporate,ICE,11
2024,05,MG,45,Toledo,Private,BEV,3
2024,05,MG,45,Toledo,Private,ICE,21
2024,05,MG,45,Toledo,Private,PHEV,1
2024,05,MITSUBISHI,45,Toledo,Corporate,ICE,3
2024,05,MITSUBISHI,45,Toledo,Corporate,PHEV,20
2024,05,MITSUBISHI,45,Toledo,Private,ICE,2
2024,05,MITSUBISHI FUSO,45,Toledo,Corporate,ICE,1
2024,05,NISSAN,45,Toledo,Corporate,ICE,8
2024,05,NISSAN,45,Toledo,Private,ICE,11
2024,05,OMODA,45,Toledo,Corporate,ICE,2
2024,05,OMODA,45,Toledo,Private,ICE,6
2024,05,OPEL,45,Toledo,Corporate,BEV,4
2024,05,OPEL,45,Toledo,Corporate,ICE,6
2024,05,OPEL,45,Toledo,Corporate,PHEV,3
2024,05,OPEL,45,Toledo,Private,ICE,1
2024,05,PEUGEOT,45,Toledo,Corporate,BEV,22
2024,05,PEUGEOT,45,Toledo,Corporate,ICE,84
2024,05,PEUGEOT,45,Toledo,Corporate,PHEV,5
2024,05,PEUGEOT,45,Toledo,Private,ICE,23
2024,05,PEUGEOT,45,Toledo,RAC,ICE,3
2024,05,PORSCHE,45,Toledo,Corporate,PHEV,1
2024,05,PORSCHE,45,Toledo,Private,ICE,1
2024,05,PROTEC FIRE,45,Toledo,Corporate,ICE,1
2024,05,RENAULT,45,Toledo,Corporate,BEV,2
2024,05,RENAULT,45,Toledo,Corporate,ICE,12
2024,05,RENAULT,45,Toledo,Private,ICE,38
2024,05,RENAULT,45,Toledo,RAC,ICE,2
2024,05,SEAT,45,Toledo,Corporate,ICE,6
2024,05,SEAT,45,Toledo,Private,ICE,27
2024,05,SIN MARCA,45,Toledo,Corporate,ICE,1
2024,05,SIN MARCA,45,Toledo,Corporate,PHEV,1
2024,05,SKODA,45,Toledo,Corporate,ICE,2
2024,05,SKODA,45,Toledo,Private,ICE,7
2024,05,SSANGYONG,45,Toledo,Corporate,BEV,2
2024,05,SSANGYONG,45,Toledo,Corporate,ICE,13
2024,05,SSANGYONG,45,Toledo,Private,ICE,2
2024,05,SUBARU,45,Toledo,Corporate,BEV,1
2024,05,SUBARU,45,Toledo,Corporate,ICE,27
2024,05,SUBARU,45,Toledo,Private,ICE,1
2024,05,SUBIELA,45,Toledo,Corporate,ICE,1
2024,05,SUZUKI,45,Toledo,Corporate,ICE,2
2024,05,SUZUKI,45,Toledo,Private,ICE,6
2024,05,TESLA,45,Toledo,Corporate,BEV,1
2024,05,TESLA,45,Toledo,Private,BEV,13
2024,05,TOTH ES FIAI,45,Toledo,RAC,ICE,1
2024,05,TOYOTA,45,Toledo,Corporate,BEV,37
2024,05,TOYOTA,45,Toledo,Corporate,ICE,21
2024,05,TOYOTA,45,Toledo,Corporate,PHEV,1
2024,05,TOYOTA,45,Toledo,Private,ICE,62
2024,05,TOYOTA,45,Toledo,Private,PHEV,1
2024,05,VOLKSWAGEN,45,Toledo,Corporate,ICE,6
2024,05,VOLKSWAGEN,45,Toledo,Private,ICE,24
2024,05,VOLKSWAGEN,45,Toledo,Private,PHEV,2
2024,05,VOLKSWAGEN V W,45,Toledo,Private,ICE,1
2024,05,VOLVO,45,Toledo,Corporate,BEV,1
2024,05,VOLVO,45,Toledo,Corporate,ICE,4
2024,05,VOLVO,45,Toledo,Private,BEV,4
2024,05,VOLVO,45,Toledo,Private,ICE,8
2024,05,3 CARROCEROS,46,Valencia,Corporate,ICE,22
2024,05,3 CARROCEROS,46,Valencia,RAC,ICE,2
2024,05,ADRIA,46,Valencia,Private,ICE,2
2024,05,ADRIA,46,Valencia,RAC,ICE,1
2024,05,ALFA ROMEO,46,Valencia,Corporate,ICE,1
2024,05,ALFA ROMEO,46,Valencia,Private,ICE,1
2024,05,ALPINE,46,Valencia,Corporate,ICE,2
2024,05,ANTOLI,46,Valencia,Corporate,ICE,1
2024,05,ASTON MARTIN,46,Valencia,Private,ICE,1
2024,05,AUDI,46,Valencia,Corporate,BEV,2
2024,05,AUDI,46,Valencia,Corporate,ICE,31
2024,05,AUDI,46,Valencia,Corporate,PHEV,6
2024,05,AUDI,46,Valencia,Private,BEV,1
2024,05,AUDI,46,Valencia,Private,ICE,36
2024,05,AUDI,46,Valencia,Private,PHEV,5
2024,05,BARBANY,46,Valencia,Corporate,ICE,2
2024,05,BAW,46,Valencia,Corporate,BEV,1
2024,05,BENIMAR,46,Valencia,RAC,ICE,1
2024,05,BMW,46,Valencia,Corporate,BEV,2
2024,05,BMW,46,Valencia,Corporate,ICE,42
2024,05,BMW,46,Valencia,Private,BEV,7
2024,05,BMW,46,Valencia,Private,ICE,39
2024,05,BMW,46,Valencia,Private,PHEV,4
2024,05,BURSTNER GMBH,46,Valencia,Private,ICE,1
2024,05,BYD,46,Valencia,Corporate,BEV,1
2024,05,BYD,46,Valencia,Private,BEV,7
2024,05,CAPRON,46,Valencia,RAC,ICE,2
2024,05,CAPRON GMBH,46,Valencia,RAC,ICE,1
2024,05,CARGAN,46,Valencia,Corporate,ICE,1
2024,05,CARROCERIAS EL GALLO,46,Valencia,Corporate,ICE,1
2024,05,CARROCERIAS EL GALLO,46,Valencia,RAC,ICE,1
2024,05,CARROCERIAS MINDA,46,Valencia,Corporate,BEV,2
2024,05,CARROCERIAS SEVILLA,46,Valencia,Corporate,ICE,4
2024,05,CARROCERIAS SEVILLA,46,Valencia,RAC,ICE,10
2024,05,CHALLENGER,46,Valencia,Private,ICE,1
2024,05,CITROEN,46,Valencia,Corporate,BEV,2
2024,05,CITROEN,46,Valencia,Corporate,ICE,21
2024,05,CITROEN,46,Valencia,Private,BEV,13
2024,05,CITROEN,46,Valencia,Private,ICE,72
2024,05,CITROEN,46,Valencia,Private,PHEV,5
2024,05,CITROEN,46,Valencia,RAC,ICE,1
2024,05,COMPOSITES REFORZADOS,46,Valencia,Corporate,ICE,1
2024,05,CONGRUAL,46,Valencia,Corporate,ICE,2
2024,05,CORVUS,46,Valencia,Corporate,ICE,2
2024,05,COVALCA,46,Valencia,Corporate,ICE,4
2024,05,CUPRA,46,Valencia,Corporate,ICE,36
2024,05,CUPRA,46,Valencia,Corporate,PHEV,1
2024,05,CUPRA,46,Valencia,Private,ICE,17
2024,05,CUPRA,46,Valencia,Private,PHEV,4
2024,05,DACIA,46,Valencia,Corporate,ICE,24
2024,05,DACIA,46,Valencia,Private,ICE,159
2024,05,DETHLEFFS,46,Valencia,Private,ICE,1
2024,05,DETHLEFFS,46,Valencia,RAC,ICE,2
2024,05,DFSK,46,Valencia,Private,ICE,3
2024,05,DIVISEGUR CATALUNYA,46,Valencia,Corporate,ICE,1
2024,05,DR,46,Valencia,Private,ICE,2
2024,05,DREAMER,46,Valencia,Private,ICE,1
2024,05,ELNAGH,46,Valencia,Private,ICE,1
2024,05,EQUIPFRED,46,Valencia,Corporate,ICE,2
2024,05,ERKE,46,Valencia,Corporate,ICE,6
2024,05,ETRUSCO,46,Valencia,RAC,ICE,2
2024,05,EUROMOBILITY,46,Valencia,Private,ICE,1
2024,05,FENIKS,46,Valencia,Corporate,ICE,5
2024,05,FIAT,46,Valencia,Corporate,BEV,2
2024,05,FIAT,46,Valencia,Corporate,ICE,9
2024,05,FIAT,46,Valencia,Private,BEV,1
2024,05,FIAT,46,Valencia,Private,ICE,14
2024,05,FORD,46,Valencia,Corporate,BEV,3
2024,05,FORD,46,Valencia,Corporate,ICE,93
2024,05,FORD,46,Valencia,Corporate,PHEV,52
2024,05,FORD,46,Valencia,Private,BEV,2
2024,05,FORD,46,Valencia,Private,ICE,102
2024,05,FORD,46,Valencia,Private,PHEV,45
2024,05,FORD,46,Valencia,RAC,BEV,8
2024,05,FORD,46,Valencia,RAC,ICE,9
2024,05,FORD,46,Valencia,RAC,PHEV,67
2024,05,GIOTTILINE,46,Valencia,RAC,ICE,1
2024,05,GRAU,46,Valencia,Corporate,BEV,3
2024,05,HONDA,46,Valencia,Corporate,ICE,1
2024,05,HONDA,46,Valencia,Private,ICE,9
2024,05,HYMER,46,Valencia,Private,ICE,1
2024,05,HYUNDAI,46,Valencia,Corporate,BEV,3
2024,05,HYUNDAI,46,Valencia,Corporate,ICE,38
2024,05,HYUNDAI,46,Valencia,Corporate,PHEV,3
2024,05,HYUNDAI,46,Valencia,Private,BEV,2
2024,05,HYUNDAI,46,Valencia,Private,ICE,161
2024,05,HYUNDAI,46,Valencia,Private,PHEV,5
2024,05,HYUNDAI,46,Valencia,RAC,PHEV,2
2024,05,INDUSAUTO,46,Valencia,Private,ICE,10
2024,05,IVECO,46,Valencia,Corporate,ICE,6
2024,05,IVECO,46,Valencia,Private,ICE,1
2024,05,JAGUAR,46,Valencia,Private,ICE,1
2024,05,JEEP,46,Valencia,Corporate,ICE,9
2024,05,JEEP,46,Valencia,Private,BEV,1
2024,05,JEEP,46,Valencia,Private,ICE,10
2024,05,JEEP,46,Valencia,Private,PHEV,3
2024,05,JOHN DEERE,46,Valencia,Corporate,ICE,1
2024,05,KIA,46,Valencia,Corporate,BEV,1
2024,05,KIA,46,Valencia,Corporate,ICE,15
2024,05,KIA,46,Valencia,Corporate,PHEV,1
2024,05,KIA,46,Valencia,Private,BEV,9
2024,05,KIA,46,Valencia,Private,ICE,184
2024,05,KIA,46,Valencia,Private,PHEV,6
2024,05,LAND ROVER,46,Valencia,Corporate,ICE,2
2024,05,LAND ROVER,46,Valencia,Corporate,PHEV,3
2024,05,LEXUS,46,Valencia,Corporate,ICE,5
2024,05,LEXUS,46,Valencia,Private,ICE,22
2024,05,LEXUS,46,Valencia,Private,PHEV,2
2024,05,LIGIER,46,Valencia,Corporate,ICE,1
2024,05,LIGIER,46,Valencia,Private,ICE,4
2024,05,MAN,46,Valencia,Corporate,ICE,1
2024,05,MAN,46,Valencia,Private,ICE,1
2024,05,MASERATI,46,Valencia,Private,ICE,1
2024,05,MAXUS,46,Valencia,Corporate,BEV,1
2024,05,MAZDA,46,Valencia,Corporate,ICE,6
2024,05,MAZDA,46,Valencia,Corporate,PHEV,2
2024,05,MAZDA,46,Valencia,Private,ICE,71
2024,05,MAZDA,46,Valencia,Private,PHEV,1
2024,05,MC LOUIS,46,Valencia,RAC,ICE,1
2024,05,MEBAUTO,46,Valencia,Corporate,ICE,4
2024,05,MEBAUTO,46,Valencia,Private,ICE,1
2024,05,MEBAUTO,46,Valencia,RAC,ICE,1
2024,05,MERCEDES,46,Valencia,Corporate,BEV,2
2024,05,MERCEDES,46,Valencia,Corporate,ICE,53
2024,05,MERCEDES,46,Valencia,Corporate,PHEV,17
2024,05,MERCEDES,46,Valencia,Private,BEV,2
2024,05,MERCEDES,46,Valencia,Private,ICE,38
2024,05,MERCEDES,46,Valencia,Private,PHEV,17
2024,05,MERCEDES,46,Valencia,RAC,ICE,2
2024,05,MERCEDES-AMG,46,Valencia,Corporate,ICE,1
2024,05,MERCEDES-V,46,Valencia,Corporate,ICE,1
2024,05,MERCEDES-V,46,Valencia,Private,ICE,1
2024,05,MERCEDES-V,46,Valencia,RAC,ICE,1
2024,05,MG,46,Valencia,Corporate,BEV,1
2024,05,MG,46,Valencia,Corporate,ICE,7
2024,05,MG,46,Valencia,Private,BEV,15
2024,05,MG,46,Valencia,Private,ICE,135
2024,05,MG,46,Valencia,Private,PHEV,1
2024,05,MICROCAR,46,Valencia,Corporate,ICE,1
2024,05,MICROCAR,46,Valencia,Private,ICE,1
2024,05,MINI,46,Valencia,Corporate,ICE,9
2024,05,MINI,46,Valencia,Private,ICE,11
2024,05,MITSUBISHI,46,Valencia,Corporate,ICE,1
2024,05,MITSUBISHI,46,Valencia,Private,ICE,14
2024,05,MOVEX,46,Valencia,Corporate,ICE,5
2024,05,NISSAN,46,Valencia,Corporate,BEV,1
2024,05,NISSAN,46,Valencia,Corporate,ICE,20
2024,05,NISSAN,46,Valencia,Private,ICE,77
2024,05,NISSAN,46,Valencia,RAC,ICE,3
2024,05,OMODA,46,Valencia,Corporate,ICE,3
2024,05,OMODA,46,Valencia,Private,ICE,60
2024,05,OPEL,46,Valencia,Corporate,BEV,2
2024,05,OPEL,46,Valencia,Corporate,ICE,10
2024,05,OPEL,46,Valencia,Private,ICE,50
2024,05,OPEL,46,Valencia,Private,PHEV,2
2024,05,OPEL,46,Valencia,RAC,ICE,2
2024,05,PERTASA,46,Valencia,Corporate,BEV,3
2024,05,PEUGEOT,46,Valencia,Corporate,BEV,4
2024,05,PEUGEOT,46,Valencia,Corporate,ICE,32
2024,05,PEUGEOT,46,Valencia,Corporate,PHEV,2
2024,05,PEUGEOT,46,Valencia,Private,BEV,7
2024,05,PEUGEOT,46,Valencia,Private,ICE,112
2024,05,PEUGEOT,46,Valencia,RAC,ICE,5
2024,05,PIAGGIO,46,Valencia,Corporate,ICE,2
2024,05,PORSCHE,46,Valencia,Corporate,BEV,4
2024,05,PORSCHE,46,Valencia,Corporate,ICE,9
2024,05,PORSCHE,46,Valencia,Corporate,PHEV,3
2024,05,PORSCHE,46,Valencia,Private,ICE,7
2024,05,PORSCHE,46,Valencia,Private,PHEV,3
2024,05,RANDGER,46,Valencia,Private,ICE,1
2024,05,RENAULT,46,Valencia,Corporate,BEV,3
2024,05,RENAULT,46,Valencia,Corporate,ICE,54
2024,05,RENAULT,46,Valencia,Private,ICE,123
2024,05,RENAULT,46,Valencia,RAC,ICE,4
2024,05,ROLLER TEAM,46,Valencia,RAC,ICE,5
2024,05,SEAT,46,Valencia,Corporate,ICE,28
2024,05,SEAT,46,Valencia,Private,ICE,126
2024,05,SIN MARCA,46,Valencia,Corporate,ICE,1
2024,05,SIN MARCA,46,Valencia,Private,ICE,1
2024,05,SKODA,46,Valencia,Corporate,ICE,10
2024,05,SKODA,46,Valencia,Private,ICE,72
2024,05,SKODA,46,Valencia,RAC,ICE,2
2024,05,SMART,46,Valencia,Corporate,BEV,3
2024,05,SMART,46,Valencia,Private,BEV,2
2024,05,SORIBERICA,46,Valencia,Corporate,ICE,30
2024,05,SSANGYONG,46,Valencia,Private,ICE,8
2024,05,SUBARU,46,Valencia,Private,ICE,1
2024,05,SUBIELA,46,Valencia,Corporate,ICE,18
2024,05,SUZUKI,46,Valencia,Corporate,ICE,2
2024,05,SUZUKI,46,Valencia,Private,ICE,10
2024,05,TECNOCARSA,46,Valencia,Corporate,ICE,4
2024,05,TECNOCARSA,46,Valencia,Private,ICE,1
2024,05,TECNOCARSA,46,Valencia,RAC,ICE,2
2024,05,TENAX,46,Valencia,Corporate,BEV,10
2024,05,TESLA,46,Valencia,Corporate,BEV,11
2024,05,TESLA,46,Valencia,Private,BEV,85
2024,05,TGB,46,Valencia,Private,ICE,1
2024,05,TOYOTA,46,Valencia,Corporate,ICE,39
2024,05,TOYOTA,46,Valencia,Corporate,PHEV,3
2024,05,TOYOTA,46,Valencia,Private,BEV,1
2024,05,TOYOTA,46,Valencia,Private,ICE,219
2024,05,TOYOTA,46,Valencia,Private,PHEV,7
2024,05,VALLOR,46,Valencia,Corporate,ICE,2
2024,05,VOLKSWAGEN,46,Valencia,Corporate,ICE,41
2024,05,VOLKSWAGEN,46,Valencia,Corporate,PHEV,1
2024,05,VOLKSWAGEN,46,Valencia,Private,BEV,1
2024,05,VOLKSWAGEN,46,Valencia,Private,ICE,127
2024,05,VOLKSWAGEN,46,Valencia,Private,PHEV,3
2024,05,VOLKSWAGEN,46,Valencia,RAC,ICE,16
2024,05,VOLVO,46,Valencia,Corporate,BEV,9
2024,05,VOLVO,46,Valencia,Corporate,ICE,17
2024,05,VOLVO,46,Valencia,Corporate,PHEV,1
2024,05,VOLVO,46,Valencia,Private,BEV,12
2024,05,VOLVO,46,Valencia,Private,ICE,12
2024,05,VOLVO,46,Valencia,RAC,ICE,1
2024,05,VPS,46,Valencia,Corporate,ICE,2
2024,05,VSVE,46,Valencia,RAC,ICE,2
2024,05,WEINSBERG,46,Valencia,Private,ICE,1
2024,05,AUDI,47,Valladolid,Corporate,ICE,2
2024,05,AUDI,47,Valladolid,Private,ICE,8
2024,05,BENIMAR,47,Valladolid,Private,ICE,1
2024,05,BMW,47,Valladolid,Corporate,ICE,12
2024,05,BMW,47,Valladolid,Private,ICE,12
2024,05,BMW,47,Valladolid,Private,PHEV,1
2024,05,BURSTNER GMBH,47,Valladolid,Private,ICE,1
2024,05,BYD,47,Valladolid,Private,BEV,1
2024,05,CAPRON,47,Valladolid,Private,ICE,1
2024,05,CITROEN,47,Valladolid,Corporate,BEV,3
2024,05,CITROEN,47,Valladolid,Corporate,ICE,15
2024,05,CITROEN,47,Valladolid,Private,BEV,1
2024,05,CITROEN,47,Valladolid,Private,ICE,1
2024,05,CUPRA,47,Valladolid,Corporate,ICE,2
2024,05,CUPRA,47,Valladolid,Corporate,PHEV,1
2024,05,CUPRA,47,Valladolid,Private,ICE,3
2024,05,CUPRA,47,Valladolid,Private,PHEV,1
2024,05,DACIA,47,Valladolid,Corporate,ICE,13
2024,05,DACIA,47,Valladolid,Private,BEV,1
2024,05,DACIA,47,Valladolid,Private,ICE,24
2024,05,DR,47,Valladolid,Private,ICE,1
2024,05,ESCALANTE,47,Valladolid,Corporate,ICE,1
2024,05,FOIMA,47,Valladolid,Corporate,ICE,1
2024,05,FORD,47,Valladolid,Corporate,ICE,9
2024,05,FORD,47,Valladolid,Private,ICE,7
2024,05,FORD,47,Valladolid,Private,PHEV,1
2024,05,HYUNDAI,47,Valladolid,Corporate,ICE,2
2024,05,HYUNDAI,47,Valladolid,Private,ICE,14
2024,05,HYUNDAI,47,Valladolid,Private,PHEV,1
2024,05,ISUZU,47,Valladolid,Corporate,ICE,1
2024,05,IVECO,47,Valladolid,Corporate,ICE,2
2024,05,KIA,47,Valladolid,Corporate,BEV,1
2024,05,KIA,47,Valladolid,Private,BEV,4
2024,05,KIA,47,Valladolid,Private,ICE,27
2024,05,LAND ROVER,47,Valladolid,Corporate,ICE,2
2024,05,LEXUS,47,Valladolid,Corporate,PHEV,1
2024,05,LEXUS,47,Valladolid,Private,ICE,7
2024,05,MAN,47,Valladolid,Private,ICE,1
2024,05,MAZDA,47,Valladolid,Corporate,ICE,1
2024,05,MAZDA,47,Valladolid,Corporate,PHEV,1
2024,05,MAZDA,47,Valladolid,Private,ICE,10
2024,05,MERCEDES,47,Valladolid,Corporate,ICE,6
2024,05,MERCEDES,47,Valladolid,Corporate,PHEV,1
2024,05,MERCEDES,47,Valladolid,Private,BEV,3
2024,05,MERCEDES,47,Valladolid,Private,ICE,6
2024,05,MERCEDES-V,47,Valladolid,Corporate,ICE,1
2024,05,MG,47,Valladolid,Corporate,ICE,2
2024,05,MG,47,Valladolid,Private,BEV,4
2024,05,MG,47,Valladolid,Private,ICE,18
2024,05,MG,47,Valladolid,Private,PHEV,4
2024,05,MINI,47,Valladolid,Corporate,ICE,3
2024,05,MOBILVETTA DESIGN,47,Valladolid,RAC,ICE,1
2024,05,NISSAN,47,Valladolid,Corporate,ICE,4
2024,05,NISSAN,47,Valladolid,Private,ICE,11
2024,05,OMODA,47,Valladolid,Corporate,ICE,1
2024,05,OMODA,47,Valladolid,Private,ICE,3
2024,05,OPEL,47,Valladolid,Private,ICE,6
2024,05,PEUGEOT,47,Valladolid,Corporate,ICE,2
2024,05,PEUGEOT,47,Valladolid,Private,ICE,11
2024,05,POLARIS,47,Valladolid,Corporate,ICE,1
2024,05,PORSCHE,47,Valladolid,Corporate,BEV,1
2024,05,PORSCHE,47,Valladolid,Corporate,ICE,3
2024,05,PORSCHE,47,Valladolid,Private,PHEV,2
2024,05,RECAPOL,47,Valladolid,Corporate,ICE,1
2024,05,RENAULT,47,Valladolid,Corporate,BEV,2
2024,05,RENAULT,47,Valladolid,Corporate,ICE,47
2024,05,RENAULT,47,Valladolid,Private,ICE,32
2024,05,RENAULT,47,Valladolid,RAC,ICE,1
2024,05,SEAT,47,Valladolid,Corporate,ICE,4
2024,05,SEAT,47,Valladolid,Private,ICE,14
2024,05,SKODA,47,Valladolid,Corporate,ICE,1
2024,05,SKODA,47,Valladolid,Private,ICE,8
2024,05,SKODA,47,Valladolid,Private,PHEV,1
2024,05,SMART,47,Valladolid,Private,BEV,1
2024,05,SMART,47,Valladolid,Private,ICE,1
2024,05,SNOEKS AUTOMOTIVE,47,Valladolid,Corporate,ICE,1
2024,05,SSANGYONG,47,Valladolid,Private,ICE,2
2024,05,SUN LIVING,47,Valladolid,RAC,ICE,1
2024,05,SUZUKI,47,Valladolid,Private,ICE,3
2024,05,TESLA,47,Valladolid,Private,BEV,9
2024,05,TOYOTA,47,Valladolid,Corporate,ICE,8
2024,05,TOYOTA,47,Valladolid,Private,ICE,41
2024,05,TOYOTA,47,Valladolid,Private,PHEV,1
2024,05,VEBLINTER,47,Valladolid,Corporate,ICE,1
2024,05,VOLKSWAGEN,47,Valladolid,Corporate,ICE,14
2024,05,VOLKSWAGEN,47,Valladolid,Corporate,PHEV,1
2024,05,VOLKSWAGEN,47,Valladolid,Private,BEV,1
2024,05,VOLKSWAGEN,47,Valladolid,Private,ICE,10
2024,05,VOLVO,47,Valladolid,Corporate,ICE,6
2024,05,VOLVO,47,Valladolid,Private,BEV,1
2024,05,VOLVO,47,Valladolid,Private,ICE,2
2024,05,VOLVO,47,Valladolid,Private,PHEV,1
2024,05,ALFA ROMEO,48,Bizkaia,Private,ICE,1
2024,05,ALLIED VEHICLES LTD,48,Bizkaia,Corporate,ICE,1
2024,05,AUDI,48,Bizkaia,Corporate,ICE,6
2024,05,AUDI,48,Bizkaia,Corporate,PHEV,4
2024,05,AUDI,48,Bizkaia,Private,ICE,21
2024,05,AUDI,48,Bizkaia,Private,PHEV,3
2024,05,BENIMAR,48,Bizkaia,Private,ICE,3
2024,05,BENIMAR,48,Bizkaia,RAC,ICE,1
2024,05,BERGADA,48,Bizkaia,Corporate,ICE,1
2024,05,BERGADANA,48,Bizkaia,Corporate,ICE,6
2024,05,BERGADANA,48,Bizkaia,Private,ICE,2
2024,05,BMW,48,Bizkaia,Corporate,ICE,16
2024,05,BMW,48,Bizkaia,Private,BEV,1
2024,05,BMW,48,Bizkaia,Private,ICE,15
2024,05,BYD,48,Bizkaia,Corporate,BEV,1
2024,05,BYD,48,Bizkaia,Private,BEV,2
2024,05,CAPRON,48,Bizkaia,RAC,ICE,1
2024,05,CARROCERIAS EL GALLO,48,Bizkaia,Corporate,ICE,8
2024,05,CARROCERIAS EL GALLO,48,Bizkaia,Private,ICE,1
2024,05,CARROCERIAS OKA,48,Bizkaia,Corporate,ICE,1
2024,05,"CARROCERIAS SANCA, S.A.",48,Bizkaia,Corporate,ICE,1
2024,05,"CARROCERIAS SANCA, S.A.",48,Bizkaia,Private,ICE,1
2024,05,CITROEN,48,Bizkaia,Corporate,ICE,21
2024,05,CITROEN,48,Bizkaia,Private,BEV,3
2024,05,CITROEN,48,Bizkaia,Private,ICE,25
2024,05,CITROEN,48,Bizkaia,Private,PHEV,2
2024,05,CUPRA,48,Bizkaia,Corporate,ICE,4
2024,05,CUPRA,48,Bizkaia,Corporate,PHEV,1
2024,05,CUPRA,48,Bizkaia,Private,BEV,1
2024,05,CUPRA,48,Bizkaia,Private,ICE,11
2024,05,DACIA,48,Bizkaia,Corporate,ICE,23
2024,05,DACIA,48,Bizkaia,Private,BEV,3
2024,05,DACIA,48,Bizkaia,Private,ICE,49
2024,05,DACIA,48,Bizkaia,RAC,ICE,16
2024,05,DR,48,Bizkaia,Corporate,ICE,2
2024,05,ELIOS,48,Bizkaia,Private,ICE,1
2024,05,ERKE,48,Bizkaia,Corporate,ICE,2
2024,05,EVO,48,Bizkaia,Corporate,ICE,1
2024,05,FIAT,48,Bizkaia,Corporate,BEV,2
2024,05,FIAT,48,Bizkaia,Corporate,ICE,1
2024,05,FIAT,48,Bizkaia,Private,ICE,6
2024,05,FORD,48,Bizkaia,Corporate,BEV,2
2024,05,FORD,48,Bizkaia,Corporate,ICE,37
2024,05,FORD,48,Bizkaia,Private,BEV,3
2024,05,FORD,48,Bizkaia,Private,ICE,26
2024,05,FORD,48,Bizkaia,Private,PHEV,4
2024,05,GRUIVOL,48,Bizkaia,Corporate,ICE,1
2024,05,GRUIVOL,48,Bizkaia,Private,ICE,1
2024,05,HONDA,48,Bizkaia,Private,ICE,5
2024,05,HYUNDAI,48,Bizkaia,Corporate,BEV,4
2024,05,HYUNDAI,48,Bizkaia,Corporate,ICE,14
2024,05,HYUNDAI,48,Bizkaia,Corporate,PHEV,2
2024,05,HYUNDAI,48,Bizkaia,Private,BEV,1
2024,05,HYUNDAI,48,Bizkaia,Private,ICE,76
2024,05,INTEGRALIA,48,Bizkaia,RAC,ICE,1
2024,05,IRIZAR,48,Bizkaia,RAC,ICE,9
2024,05,ISUZU,48,Bizkaia,Private,ICE,1
2024,05,IVECO,48,Bizkaia,Corporate,ICE,2
2024,05,JEEP,48,Bizkaia,Corporate,ICE,2
2024,05,JEEP,48,Bizkaia,Private,ICE,4
2024,05,JEEP,48,Bizkaia,Private,PHEV,2
2024,05,KIA,48,Bizkaia,Corporate,BEV,1
2024,05,KIA,48,Bizkaia,Corporate,ICE,5
2024,05,KIA,48,Bizkaia,Private,BEV,2
2024,05,KIA,48,Bizkaia,Private,ICE,59
2024,05,KIA,48,Bizkaia,Private,PHEV,3
2024,05,LAND ROVER,48,Bizkaia,Private,ICE,1
2024,05,LEXUS,48,Bizkaia,Corporate,ICE,8
2024,05,LEXUS,48,Bizkaia,Corporate,PHEV,1
2024,05,LEXUS,48,Bizkaia,Private,ICE,21
2024,05,LIGIER,48,Bizkaia,Private,ICE,1
2024,05,MAN,48,Bizkaia,Corporate,ICE,1
2024,05,MAZDA,48,Bizkaia,Corporate,ICE,1
2024,05,MAZDA,48,Bizkaia,Corporate,PHEV,1
2024,05,MAZDA,48,Bizkaia,Private,ICE,28
2024,05,MC LOUIS,48,Bizkaia,Private,ICE,1
2024,05,MERCEDES,48,Bizkaia,Corporate,BEV,1
2024,05,MERCEDES,48,Bizkaia,Corporate,ICE,23
2024,05,MERCEDES,48,Bizkaia,Corporate,PHEV,5
2024,05,MERCEDES,48,Bizkaia,Private,ICE,14
2024,05,MERCEDES,48,Bizkaia,Private,PHEV,3
2024,05,MERCEDES,48,Bizkaia,RAC,ICE,2
2024,05,MERCEDES-V,48,Bizkaia,Corporate,ICE,2
2024,05,MERCEDES-V,48,Bizkaia,Private,ICE,1
2024,05,MERCEDES-V,48,Bizkaia,RAC,ICE,2
2024,05,MG,48,Bizkaia,Corporate,BEV,1
2024,05,MG,48,Bizkaia,Corporate,ICE,7
2024,05,MG,48,Bizkaia,Corporate,PHEV,1
2024,05,MG,48,Bizkaia,Private,BEV,7
2024,05,MG,48,Bizkaia,Private,ICE,44
2024,05,MG,48,Bizkaia,Private,PHEV,1
2024,05,MINI,48,Bizkaia,Corporate,BEV,2
2024,05,MINI,48,Bizkaia,Corporate,ICE,5
2024,05,MINI,48,Bizkaia,Private,BEV,1
2024,05,MINI,48,Bizkaia,Private,ICE,4
2024,05,MITSUBISHI,48,Bizkaia,Private,ICE,3
2024,05,MITSUBISHI FUSO,48,Bizkaia,Corporate,ICE,2
2024,05,MOVEX,48,Bizkaia,Corporate,ICE,1
2024,05,MOVEX,48,Bizkaia,RAC,ICE,1
2024,05,NISSAN,48,Bizkaia,Corporate,ICE,2
2024,05,NISSAN,48,Bizkaia,Private,ICE,18
2024,05,NISSAN,48,Bizkaia,RAC,ICE,8
2024,05,OMODA,48,Bizkaia,Corporate,ICE,3
2024,05,OMODA,48,Bizkaia,Private,ICE,14
2024,05,OPEL,48,Bizkaia,Corporate,BEV,1
2024,05,OPEL,48,Bizkaia,Corporate,ICE,8
2024,05,OPEL,48,Bizkaia,Private,BEV,1
2024,05,OPEL,48,Bizkaia,Private,ICE,17
2024,05,OTOKAR,48,Bizkaia,Corporate,ICE,1
2024,05,PANAMA,48,Bizkaia,Private,ICE,2
2024,05,PEUGEOT,48,Bizkaia,Corporate,BEV,1
2024,05,PEUGEOT,48,Bizkaia,Corporate,ICE,32
2024,05,PEUGEOT,48,Bizkaia,Private,BEV,1
2024,05,PEUGEOT,48,Bizkaia,Private,ICE,22
2024,05,PEUGEOT,48,Bizkaia,RAC,ICE,3
2024,05,PILOTE,48,Bizkaia,Private,ICE,1
2024,05,PORSCHE,48,Bizkaia,Corporate,BEV,1
2024,05,PORSCHE,48,Bizkaia,Corporate,ICE,2
2024,05,PORSCHE,48,Bizkaia,Corporate,PHEV,1
2024,05,PORSCHE,48,Bizkaia,Private,ICE,2
2024,05,PORSCHE,48,Bizkaia,Private,PHEV,1
2024,05,PORSCHE,48,Bizkaia,RAC,ICE,2
2024,05,POSSL,48,Bizkaia,Private,ICE,1
2024,05,RENAULT,48,Bizkaia,Corporate,BEV,5
2024,05,RENAULT,48,Bizkaia,Corporate,ICE,80
2024,05,RENAULT,48,Bizkaia,Private,ICE,63
2024,05,RENAULT,48,Bizkaia,RAC,ICE,13
2024,05,SEAT,48,Bizkaia,Corporate,ICE,12
2024,05,SEAT,48,Bizkaia,Private,ICE,51
2024,05,SEAT,48,Bizkaia,Private,PHEV,1
2024,05,SIN MARCA,48,Bizkaia,Corporate,PHEV,1
2024,05,SKODA,48,Bizkaia,Corporate,ICE,5
2024,05,SKODA,48,Bizkaia,Private,BEV,5
2024,05,SKODA,48,Bizkaia,Private,ICE,28
2024,05,SSANGYONG,48,Bizkaia,Private,ICE,4
2024,05,SUBARU,48,Bizkaia,Private,ICE,1
2024,05,SUN LIVING,48,Bizkaia,Private,ICE,1
2024,05,SUN LIVING,48,Bizkaia,RAC,ICE,1
2024,05,SUZUKI,48,Bizkaia,Corporate,ICE,1
2024,05,SUZUKI,48,Bizkaia,Private,ICE,9
2024,05,TESLA,48,Bizkaia,Corporate,BEV,3
2024,05,TESLA,48,Bizkaia,Private,BEV,23
2024,05,TOYOTA,48,Bizkaia,Corporate,ICE,20
2024,05,TOYOTA,48,Bizkaia,Corporate,PHEV,1
2024,05,TOYOTA,48,Bizkaia,Private,ICE,110
2024,05,TOYOTA,48,Bizkaia,Private,PHEV,4
2024,05,VOLKSWAGEN,48,Bizkaia,Corporate,ICE,25
2024,05,VOLKSWAGEN,48,Bizkaia,Private,ICE,36
2024,05,VOLKSWAGEN,48,Bizkaia,Private,PHEV,2
2024,05,VOLVO,48,Bizkaia,Corporate,BEV,4
2024,05,VOLVO,48,Bizkaia,Corporate,ICE,4
2024,05,VOLVO,48,Bizkaia,Corporate,PHEV,1
2024,05,VOLVO,48,Bizkaia,Private,BEV,2
2024,05,VOLVO,48,Bizkaia,Private,ICE,5
2024,05,WESTFALIA,48,Bizkaia,Private,ICE,1
2024,05,ZHIDOU,48,Bizkaia,Private,BEV,1
2024,05,AUDI,49,Zamora,Private,ICE,1
2024,05,BENIMAR,49,Zamora,Private,ICE,1
2024,05,BMW,49,Zamora,Private,ICE,4
2024,05,BMW,49,Zamora,Private,PHEV,1
2024,05,BYD,49,Zamora,Private,BEV,1
2024,05,CFMOTO,49,Zamora,Corporate,ICE,1
2024,05,CHALLENGER,49,Zamora,Private,ICE,1
2024,05,CITROEN,49,Zamora,Corporate,ICE,6
2024,05,CITROEN,49,Zamora,Private,ICE,1
2024,05,CUPRA,49,Zamora,Corporate,ICE,1
2024,05,DACIA,49,Zamora,Corporate,ICE,1
2024,05,DACIA,49,Zamora,Private,ICE,5
2024,05,FORD,49,Zamora,Corporate,ICE,2
2024,05,FORD,49,Zamora,Private,ICE,1
2024,05,HYUNDAI,49,Zamora,Private,ICE,14
2024,05,IVECO,49,Zamora,Corporate,ICE,2
2024,05,IVECO,49,Zamora,Private,ICE,1
2024,05,KIA,49,Zamora,Corporate,ICE,1
2024,05,KIA,49,Zamora,Private,ICE,5
2024,05,LAND ROVER,49,Zamora,Private,PHEV,1
2024,05,LIGIER,49,Zamora,Private,ICE,1
2024,05,MAZDA,49,Zamora,Corporate,ICE,1
2024,05,MAZDA,49,Zamora,Private,ICE,2
2024,05,MERCEDES,49,Zamora,Corporate,ICE,2
2024,05,MERCEDES,49,Zamora,Private,BEV,1
2024,05,MERCEDES,49,Zamora,Private,ICE,1
2024,05,MERCEDES,49,Zamora,Private,PHEV,2
2024,05,MERCEDES-V,49,Zamora,Corporate,BEV,1
2024,05,MG,49,Zamora,Private,BEV,2
2024,05,MG,49,Zamora,Private,ICE,7
2024,05,MICROCAR,49,Zamora,Private,ICE,1
2024,05,NISSAN,49,Zamora,Corporate,ICE,2
2024,05,NISSAN,49,Zamora,Private,ICE,1
2024,05,OMODA,49,Zamora,Private,ICE,1
2024,05,PEUGEOT,49,Zamora,Private,ICE,3
2024,05,RENAULT,49,Zamora,Corporate,BEV,1
2024,05,RENAULT,49,Zamora,Corporate,ICE,2
2024,05,RENAULT,49,Zamora,Private,ICE,7
2024,05,SEAT,49,Zamora,Private,ICE,6
2024,05,SEAT,49,Zamora,Private,PHEV,1
2024,05,SKODA,49,Zamora,Private,ICE,1
2024,05,SKODA,49,Zamora,RAC,ICE,1
2024,05,TESLA,49,Zamora,Private,BEV,3
2024,05,TOYOTA,49,Zamora,Corporate,ICE,4
2024,05,TOYOTA,49,Zamora,Private,ICE,11
2024,05,VOLKSWAGEN,49,Zamora,Private,ICE,1
2024,05,VOLVO,49,Zamora,Corporate,ICE,2
2024,05,ALFA ROMEO,50,Zaragoza,RAC,ICE,6
2024,05,AUDI,50,Zaragoza,Corporate,ICE,11
2024,05,AUDI,50,Zaragoza,Corporate,PHEV,7
2024,05,AUDI,50,Zaragoza,Private,ICE,19
2024,05,BENIMAR,50,Zaragoza,RAC,ICE,1
2024,05,BMW,50,Zaragoza,Corporate,BEV,1
2024,05,BMW,50,Zaragoza,Corporate,ICE,28
2024,05,BMW,50,Zaragoza,Corporate,PHEV,1
2024,05,BMW,50,Zaragoza,Private,ICE,10
2024,05,BYD,50,Zaragoza,Private,BEV,1
2024,05,CARROCERA CASTROSUA SA,50,Zaragoza,Corporate,ICE,8
2024,05,CARROCERIAS SEVILLA,50,Zaragoza,Corporate,ICE,1
2024,05,CAYVOL,50,Zaragoza,Corporate,ICE,1
2024,05,CITROEN,50,Zaragoza,Corporate,ICE,16
2024,05,CITROEN,50,Zaragoza,Private,BEV,3
2024,05,CITROEN,50,Zaragoza,Private,ICE,16
2024,05,CITROEN,50,Zaragoza,Private,PHEV,12
2024,05,COINPOL,50,Zaragoza,Corporate,ICE,1
2024,05,CUPRA,50,Zaragoza,Corporate,ICE,5
2024,05,CUPRA,50,Zaragoza,Corporate,PHEV,1
2024,05,CUPRA,50,Zaragoza,Private,ICE,7
2024,05,CUPRA,50,Zaragoza,Private,PHEV,5
2024,05,DACIA,50,Zaragoza,Corporate,ICE,9
2024,05,DACIA,50,Zaragoza,Private,ICE,49
2024,05,DFSK,50,Zaragoza,Corporate,ICE,1
2024,05,FIAT,50,Zaragoza,Corporate,ICE,3
2024,05,FIAT,50,Zaragoza,Private,ICE,2
2024,05,FIAT,50,Zaragoza,RAC,ICE,3
2024,05,FORD,50,Zaragoza,Corporate,ICE,13
2024,05,FORD,50,Zaragoza,Corporate,PHEV,2
2024,05,FORD,50,Zaragoza,Private,ICE,15
2024,05,FORD,50,Zaragoza,Private,PHEV,1
2024,05,FURGOKARAVANING,50,Zaragoza,Private,ICE,1
2024,05,GIOTTILINE,50,Zaragoza,RAC,ICE,1
2024,05,HONDA,50,Zaragoza,Corporate,ICE,2
2024,05,HONDA,50,Zaragoza,Private,ICE,7
2024,05,HYUNDAI,50,Zaragoza,Corporate,ICE,10
2024,05,HYUNDAI,50,Zaragoza,Corporate,PHEV,2
2024,05,HYUNDAI,50,Zaragoza,Private,BEV,2
2024,05,HYUNDAI,50,Zaragoza,Private,ICE,45
2024,05,HYUNDAI,50,Zaragoza,Private,PHEV,3
2024,05,IGLUVAN,50,Zaragoza,Corporate,ICE,1
2024,05,ISUZU,50,Zaragoza,Corporate,ICE,1
2024,05,ISUZU,50,Zaragoza,Private,ICE,1
2024,05,IVECO,50,Zaragoza,Corporate,ICE,3
2024,05,IVECO,50,Zaragoza,Private,ICE,1
2024,05,JEEP,50,Zaragoza,Private,BEV,1
2024,05,JEEP,50,Zaragoza,Private,ICE,4
2024,05,KIA,50,Zaragoza,Corporate,ICE,1
2024,05,KIA,50,Zaragoza,Private,BEV,6
2024,05,KIA,50,Zaragoza,Private,ICE,70
2024,05,KIA,50,Zaragoza,Private,PHEV,1
2024,05,LAND ROVER,50,Zaragoza,Private,PHEV,1
2024,05,LEXUS,50,Zaragoza,Corporate,ICE,3
2024,05,LEXUS,50,Zaragoza,Corporate,PHEV,1
2024,05,LEXUS,50,Zaragoza,Private,ICE,16
2024,05,LEXUS,50,Zaragoza,Private,PHEV,1
2024,05,LIGIER,50,Zaragoza,Private,ICE,1
2024,05,MAN,50,Zaragoza,Corporate,ICE,1
2024,05,MAXUS,50,Zaragoza,Corporate,ICE,1
2024,05,MAZDA,50,Zaragoza,Private,ICE,21
2024,05,MERCEDES,50,Zaragoza,Corporate,BEV,1
2024,05,MERCEDES,50,Zaragoza,Corporate,ICE,23
2024,05,MERCEDES,50,Zaragoza,Corporate,PHEV,5
2024,05,MERCEDES,50,Zaragoza,Private,ICE,11
2024,05,MERCEDES,50,Zaragoza,Private,PHEV,5
2024,05,MERCEDES,50,Zaragoza,RAC,ICE,4
2024,05,MERCEDES-V,50,Zaragoza,Corporate,ICE,3
2024,05,MG,50,Zaragoza,Corporate,ICE,5
2024,05,MG,50,Zaragoza,Private,BEV,2
2024,05,MG,50,Zaragoza,Private,ICE,48
2024,05,MG,50,Zaragoza,Private,PHEV,3
2024,05,MINI,50,Zaragoza,Corporate,BEV,1
2024,05,MINI,50,Zaragoza,Corporate,ICE,2
2024,05,MINI,50,Zaragoza,Private,ICE,2
2024,05,MITSUBISHI,50,Zaragoza,Corporate,ICE,5
2024,05,MITSUBISHI,50,Zaragoza,Private,ICE,2
2024,05,MITSUBISHI FUSO,50,Zaragoza,Corporate,ICE,1
2024,05,MOVEX,50,Zaragoza,Corporate,ICE,1
2024,05,NISSAN,50,Zaragoza,Corporate,BEV,1
2024,05,NISSAN,50,Zaragoza,Corporate,ICE,9
2024,05,NISSAN,50,Zaragoza,Private,ICE,30
2024,05,OMODA,50,Zaragoza,Corporate,ICE,1
2024,05,OMODA,50,Zaragoza,Private,ICE,21
2024,05,OPEL,50,Zaragoza,Corporate,BEV,1
2024,05,OPEL,50,Zaragoza,Corporate,ICE,6
2024,05,OPEL,50,Zaragoza,Private,BEV,1
2024,05,OPEL,50,Zaragoza,Private,ICE,32
2024,05,OPEL,50,Zaragoza,Private,PHEV,1
2024,05,PEUGEOT,50,Zaragoza,Corporate,ICE,37
2024,05,PEUGEOT,50,Zaragoza,Private,ICE,32
2024,05,PEUGEOT,50,Zaragoza,Private,PHEV,1
2024,05,PORSCHE,50,Zaragoza,Corporate,BEV,1
2024,05,PORSCHE,50,Zaragoza,Corporate,ICE,3
2024,05,PORSCHE,50,Zaragoza,Corporate,PHEV,1
2024,05,PORSCHE,50,Zaragoza,Private,ICE,2
2024,05,RECAPOL,50,Zaragoza,Corporate,ICE,1
2024,05,RENAULT,50,Zaragoza,Corporate,BEV,2
2024,05,RENAULT,50,Zaragoza,Corporate,ICE,17
2024,05,RENAULT,50,Zaragoza,Private,ICE,40
2024,05,RENAULT,50,Zaragoza,RAC,ICE,1
2024,05,ROLLER TEAM,50,Zaragoza,Private,ICE,1
2024,05,SEAT,50,Zaragoza,Corporate,ICE,6
2024,05,SEAT,50,Zaragoza,Private,ICE,41
2024,05,SEAT,50,Zaragoza,Private,PHEV,1
2024,05,SIN MARCA,50,Zaragoza,Private,ICE,1
2024,05,SIN MARCA,50,Zaragoza,Private,PHEV,1
2024,05,SKODA,50,Zaragoza,Corporate,ICE,32
2024,05,SKODA,50,Zaragoza,Private,ICE,12
2024,05,SSANGYONG,50,Zaragoza,Corporate,ICE,2
2024,05,SSANGYONG,50,Zaragoza,Private,ICE,8
2024,05,SUBARU,50,Zaragoza,Private,ICE,2
2024,05,SUZUKI,50,Zaragoza,Corporate,ICE,1
2024,05,SUZUKI,50,Zaragoza,Private,ICE,7
2024,05,TESLA,50,Zaragoza,Corporate,BEV,2
2024,05,TESLA,50,Zaragoza,Private,BEV,7
2024,05,TOYOTA,50,Zaragoza,Corporate,BEV,1
2024,05,TOYOTA,50,Zaragoza,Corporate,ICE,25
2024,05,TOYOTA,50,Zaragoza,Corporate,PHEV,2
2024,05,TOYOTA,50,Zaragoza,Private,ICE,88
2024,05,TOYOTA,50,Zaragoza,Private,PHEV,2
2024,05,VOLKSWAGEN,50,Zaragoza,Corporate,ICE,9
2024,05,VOLKSWAGEN,50,Zaragoza,Private,BEV,1
2024,05,VOLKSWAGEN,50,Zaragoza,Private,ICE,32
2024,05,VOLKSWAGEN,50,Zaragoza,Private,PHEV,2
2024,05,VOLKSWAGEN,50,Zaragoza,RAC,ICE,10
2024,05,VOLVO,50,Zaragoza,Corporate,BEV,1
2024,05,VOLVO,50,Zaragoza,Corporate,ICE,2
2024,05,VOLVO,50,Zaragoza,Corporate,PHEV,2
2024,05,VOLVO,50,Zaragoza,Private,BEV,8
2024,05,VOLVO,50,Zaragoza,Private,ICE,5
2024,05,YUDO,50,Zaragoza,Corporate,BEV,1
2024,05,ALFA ROMEO,51,Ceuta,Private,ICE,1
2024,05,BMW,51,Ceuta,Private,ICE,4
2024,05,CITROEN,51,Ceuta,Corporate,BEV,1
2024,05,CITROEN,51,Ceuta,Private,ICE,7
2024,05,DACIA,51,Ceuta,Corporate,ICE,15
2024,05,DACIA,51,Ceuta,Private,ICE,4
2024,05,FIAT,51,Ceuta,Private,ICE,1
2024,05,HYUNDAI,51,Ceuta,Private,ICE,9
2024,05,KIA,51,Ceuta,Private,ICE,6
2024,05,LAND ROVER,51,Ceuta,Corporate,ICE,1
2024,05,LIGIER,51,Ceuta,Private,ICE,1
2024,05,MAZDA,51,Ceuta,Private,ICE,1
2024,05,MERCEDES,51,Ceuta,Corporate,ICE,8
2024,05,MERCEDES,51,Ceuta,Private,ICE,3
2024,05,MG,51,Ceuta,Private,ICE,1
2024,05,MITSUBISHI,51,Ceuta,Corporate,ICE,1
2024,05,MITSUBISHI,51,Ceuta,Private,ICE,1
2024,05,NISSAN,51,Ceuta,Private,ICE,2
2024,05,PEUGEOT,51,Ceuta,Private,ICE,3
2024,05,PORSCHE,51,Ceuta,Private,ICE,1
2024,05,RENAULT,51,Ceuta,Corporate,ICE,1
2024,05,RENAULT,51,Ceuta,Private,ICE,9
2024,05,SEAT,51,Ceuta,Corporate,ICE,2
2024,05,SEAT,51,Ceuta,Private,ICE,8
2024,05,TOYOTA,51,Ceuta,Private,ICE,18
2024,05,VOLKSWAGEN,51,Ceuta,Private,ICE,7
2024,05,AUDI,52,Melilla,Corporate,ICE,2
2024,05,AUDI,52,Melilla,Private,ICE,3
2024,05,BMW,52,Melilla,Private,ICE,1
2024,05,DACIA,52,Melilla,Corporate,ICE,2
2024,05,DACIA,52,Melilla,Private,ICE,3
2024,05,DR,52,Melilla,Private,ICE,1
2024,05,FIAT,52,Melilla,Corporate,ICE,1
2024,05,FIAT,52,Melilla,Private,ICE,1
2024,05,HYUNDAI,52,Melilla,Corporate,ICE,1
2024,05,HYUNDAI,52,Melilla,Private,ICE,12
2024,05,KIA,52,Melilla,Private,ICE,14
2024,05,MAZDA,52,Melilla,Private,ICE,3
2024,05,MERCEDES,52,Melilla,Corporate,ICE,1
2024,05,MERCEDES,52,Melilla,Private,ICE,1
2024,05,MERCEDES,52,Melilla,Private,PHEV,2
2024,05,MG,52,Melilla,Corporate,ICE,4
2024,05,MG,52,Melilla,Private,BEV,1
2024,05,MG,52,Melilla,Private,ICE,1
2024,05,MITSUBISHI,52,Melilla,Corporate,ICE,1
2024,05,MITSUBISHI,52,Melilla,Private,ICE,2
2024,05,NISSAN,52,Melilla,Corporate,ICE,1
2024,05,NISSAN,52,Melilla,Private,ICE,2
2024,05,PEUGEOT,52,Melilla,Private,ICE,1
2024,05,RENAULT,52,Melilla,Corporate,ICE,3
2024,05,RENAULT,52,Melilla,Private,ICE,4
2024,05,SEAT,52,Melilla,Corporate,ICE,1
2024,05,SEAT,52,Melilla,Private,ICE,5
2024,05,TOYOTA,52,Melilla,Corporate,ICE,5
2024,05,TOYOTA,52,Melilla,Private,ICE,19
2024,05,VOLKSWAGEN,52,Melilla,Corporate,ICE,1
2024,05,VOLKSWAGEN,52,Melilla,Private,ICE,6
