anyo,mes,marca,cod_prov,provincia,canal,fuel_type,segmento,subseg,hp,count
2023,10,AUDI,01,Álava,Corporate,BEV,UKL2,FOCUS SEGMENT,Standard,1
2023,10,AUDI,01,Álava,Corporate,ICE,UKL2,FOCUS SEGMENT,Standard,2
2023,10,AUDI,01,Álava,Private,ICE,UKL2,FOCUS SEGMENT,Standard,6
2023,10,AUDI,01,Álava,Private,PHEV,UKL2,FOCUS SEGMENT,Standard,1
2023,10,BMW,01,Álava,Corporate,ICE,KKL,FOCUS SEGMENT,M,2
2023,10,BMW,01,Álava,Corporate,ICE,KKL,FOCUS SEGMENT,Standard,1
2023,10,BMW,01,Álava,Private,BEV,MKL,FOCUS SEGMENT,M Performance,1
2023,10,BMW,01,Álava,Private,ICE,UKL2,FOCUS SEGMENT,Standard,1
2023,10,CITROEN,01,Álava,Corporate,BEV,SKL,REST,Standard,1
2023,10,CITROEN,01,Álava,Corporate,ICE,UKL2,REST,Standard,3
2023,10,CITROEN,01,Álava,Private,ICE,MKL,REST,Standard,2
2023,10,CITROEN,01,Álava,Private,ICE,UKL1,REST,Standard,2
2023,10,CITROEN,01,Álava,Private,ICE,UKL2,REST,Standard,15
2023,10,CUPRA,01,Álava,Corporate,ICE,UKL2,REST,Standard,6
2023,10,DACIA,01,Álava,Corporate,ICE,SKL,REST,Standard,2
2023,10,DACIA,01,Álava,Corporate,ICE,UKL1,REST,Standard,3
2023,10,DACIA,01,Álava,Corporate,ICE,UKL2,REST,Standard,1
2023,10,DACIA,01,Álava,Private,ICE,SKL,REST,Standard,5
2023,10,DACIA,01,Álava,Private,ICE,UKL1,REST,Standard,15
2023,10,DACIA,01,Álava,Private,ICE,UKL2,REST,Standard,3
2023,10,DR,01,Álava,Private,ICE,,,Standard,2
2023,10,FIAT,01,Álava,Corporate,ICE,,,Standard,1
2023,10,FIAT,01,Álava,Private,ICE,,,Standard,1
2023,10,FIAT,01,Álava,Private,ICE,UKL0,REST,Standard,1
2023,10,FORD,01,Álava,Corporate,ICE,SKL,REST,Standard,2
2023,10,FORD,01,Álava,Corporate,PHEV,UKL2,REST,Standard,1
2023,10,FORD,01,Álava,Private,ICE,UKL1,REST,Standard,3
2023,10,FORD,01,Álava,Private,ICE,UKL2,REST,Standard,3
2023,10,FORD,01,Álava,Private,PHEV,UKL2,REST,Standard,2
2023,10,HONDA,01,Álava,Corporate,ICE,KKL,REST,Standard,1
2023,10,HONDA,01,Álava,Corporate,PHEV,KKL,REST,Standard,1
2023,10,HONDA,01,Álava,Private,ICE,UKL1,REST,Standard,1
2023,10,HYUNDAI,01,Álava,Corporate,ICE,UKL1,REST,Standard,1
2023,10,HYUNDAI,01,Álava,Private,ICE,UKL0,REST,Standard,3
2023,10,HYUNDAI,01,Álava,Private,ICE,UKL1,REST,Standard,21
2023,10,HYUNDAI,01,Álava,Private,ICE,UKL2,REST,Standard,10
2023,10,HYUNDAI,01,Álava,Private,PHEV,UKL2,REST,Standard,1
2023,10,JEEP,01,Álava,Corporate,ICE,UKL1,REST,Standard,1
2023,10,JEEP,01,Álava,Corporate,PHEV,UKL1,REST,Standard,7
2023,10,JEEP,01,Álava,Private,ICE,UKL1,REST,Standard,1
2023,10,KIA,01,Álava,Corporate,ICE,UKL2,REST,Standard,1
2023,10,KIA,01,Álava,Private,BEV,KKL,REST,Standard,1
2023,10,KIA,01,Álava,Private,BEV,UKL2,REST,Standard,1
2023,10,KIA,01,Álava,Private,ICE,UKL1,REST,Standard,4
2023,10,KIA,01,Álava,Private,ICE,UKL2,REST,Standard,13
2023,10,KIA,01,Álava,Private,PHEV,UKL2,REST,Standard,4
2023,10,LEXUS,01,Álava,Private,ICE,KKL,FOCUS SEGMENT,Standard,1
2023,10,LEXUS,01,Álava,Private,ICE,UKL2,FOCUS SEGMENT,Standard,1
2023,10,MAZDA,01,Álava,Corporate,ICE,UKL1,REST,Standard,1
2023,10,MAZDA,01,Álava,Corporate,ICE,UKL2,REST,Standard,1
2023,10,MAZDA,01,Álava,Corporate,PHEV,KKL,REST,Standard,1
2023,10,MAZDA,01,Álava,Private,ICE,KKL,REST,Standard,1
2023,10,MAZDA,01,Álava,Private,ICE,UKL2,REST,Standard,11
2023,10,MAZDA,01,Álava,Private,PHEV,KKL,REST,Standard,1
2023,10,MERCEDES,01,Álava,Corporate,BEV,MKL,FOCUS SEGMENT,Standard,1
2023,10,MERCEDES,01,Álava,Corporate,ICE,KKL,FOCUS SEGMENT,Standard,1
2023,10,MERCEDES,01,Álava,Corporate,ICE,MKL,FOCUS SEGMENT,Standard,2
2023,10,MERCEDES,01,Álava,Corporate,ICE,UKL2,FOCUS SEGMENT,Standard,2
2023,10,MERCEDES,01,Álava,Corporate,PHEV,MKL,FOCUS SEGMENT,Standard,1
2023,10,MERCEDES,01,Álava,Corporate,PHEV,UKL2,FOCUS SEGMENT,Standard,2
2023,10,MERCEDES,01,Álava,Private,ICE,KKL,FOCUS SEGMENT,Standard,1
2023,10,MERCEDES,01,Álava,Private,ICE,MKL,FOCUS SEGMENT,Standard,1
2023,10,MERCEDES,01,Álava,Private,ICE,SKL,REST,Standard,1
2023,10,MERCEDES,01,Álava,Private,ICE,UKL2,FOCUS SEGMENT,Standard,5
2023,10,MERCEDES,01,Álava,Private,PHEV,KKL,FOCUS SEGMENT,Standard,1
2023,10,MERCEDES,01,Álava,Private,PHEV,MKL,FOCUS SEGMENT,Standard,1
2023,10,MG,01,Álava,Corporate,ICE,KKL,REST,Standard,2
2023,10,MG,01,Álava,Private,BEV,UKL1,REST,Standard,1
2023,10,MG,01,Álava,Private,BEV,UKL2,REST,Standard,1
2023,10,MG,01,Álava,Private,ICE,UKL1,REST,Standard,4
2023,10,MINI,01,Álava,Private,ICE,UKL1,FOCUS SEGMENT,Standard,1
2023,10,MINI,01,Álava,Private,ICE,UKL2,FOCUS SEGMENT,Standard,1
2023,10,NISSAN,01,Álava,Corporate,ICE,UKL1,REST,Standard,5
2023,10,NISSAN,01,Álava,Corporate,ICE,UKL2,REST,Standard,5
2023,10,NISSAN,01,Álava,Private,ICE,KKL,REST,Standard,2
2023,10,NISSAN,01,Álava,Private,ICE,SKL,REST,Standard,1
2023,10,NISSAN,01,Álava,Private,ICE,UKL2,REST,Standard,3
2023,10,OMODA,01,Álava,Corporate,ICE,UKL2,REST,Standard,2
2023,10,OPEL,01,Álava,Corporate,BEV,UKL1,REST,Standard,1
2023,10,OPEL,01,Álava,Corporate,BEV,UKL2,REST,Standard,1
2023,10,OPEL,01,Álava,Private,ICE,UKL1,REST,Standard,12
2023,10,OPEL,01,Álava,Private,ICE,UKL2,REST,Standard,1
2023,10,PEUGEOT,01,Álava,Corporate,ICE,UKL1,REST,Standard,5
2023,10,PEUGEOT,01,Álava,Corporate,ICE,UKL2,REST,Standard,3
2023,10,PEUGEOT,01,Álava,Corporate,PHEV,UKL2,REST,Standard,32
2023,10,PEUGEOT,01,Álava,Private,BEV,SKL,REST,Standard,1
2023,10,PEUGEOT,01,Álava,Private,BEV,UKL1,REST,Standard,2
2023,10,PEUGEOT,01,Álava,Private,ICE,KKL,REST,Standard,3
2023,10,PEUGEOT,01,Álava,Private,ICE,UKL1,REST,Standard,4
2023,10,PEUGEOT,01,Álava,Private,ICE,UKL2,REST,Standard,4
2023,10,PEUGEOT,01,Álava,Private,PHEV,UKL2,REST,Standard,1
2023,10,RENAULT,01,Álava,Private,ICE,SKL,REST,Standard,1
2023,10,RENAULT,01,Álava,Private,ICE,UKL1,REST,Standard,11
2023,10,RENAULT,01,Álava,Private,ICE,UKL2,REST,Standard,6
2023,10,SEAT,01,Álava,Corporate,ICE,KKL,REST,Standard,1
2023,10,SEAT,01,Álava,Corporate,ICE,UKL1,REST,Standard,1
2023,10,SEAT,01,Álava,Corporate,ICE,UKL2,REST,Standard,6
2023,10,SEAT,01,Álava,Corporate,PHEV,UKL2,REST,Standard,1
2023,10,SEAT,01,Álava,Private,ICE,UKL2,REST,Standard,3
2023,10,SKODA,01,Álava,Corporate,ICE,UKL2,REST,Standard,1
2023,10,SKODA,01,Álava,Private,ICE,KKL,REST,Standard,2
2023,10,SKODA,01,Álava,Private,ICE,UKL2,REST,Standard,2
2023,10,SUZUKI,01,Álava,Corporate,ICE,UKL2,REST,Standard,1
2023,10,SUZUKI,01,Álava,Private,ICE,SKL,REST,Standard,1
2023,10,SUZUKI,01,Álava,Private,ICE,UKL0,REST,Standard,1
2023,10,SUZUKI,01,Álava,Private,ICE,UKL1,REST,Standard,2
2023,10,SUZUKI,01,Álava,Private,ICE,UKL2,REST,Standard,1
2023,10,TOYOTA,01,Álava,Corporate,ICE,GKL,REST,Standard,1
2023,10,TOYOTA,01,Álava,Corporate,ICE,UKL1,REST,Standard,2
2023,10,TOYOTA,01,Álava,Corporate,ICE,UKL2,REST,Standard,8
2023,10,TOYOTA,01,Álava,Private,ICE,SKL,REST,Standard,1
2023,10,TOYOTA,01,Álava,Private,ICE,UKL1,REST,Standard,18
2023,10,TOYOTA,01,Álava,Private,ICE,UKL2,REST,Standard,14
2023,10,VOLKSWAGEN,01,Álava,Corporate,ICE,UKL1,REST,Standard,2
2023,10,VOLKSWAGEN,01,Álava,Corporate,ICE,UKL2,REST,Standard,3
2023,10,VOLKSWAGEN,01,Álava,Corporate,PHEV,MKL,REST,Standard,1
2023,10,VOLKSWAGEN,01,Álava,Corporate,PHEV,UKL2,REST,Standard,3
2023,10,VOLKSWAGEN,01,Álava,Private,ICE,SKL,REST,Standard,1
2023,10,VOLKSWAGEN,01,Álava,Private,ICE,UKL2,REST,Standard,2
2023,10,VOLVO,01,Álava,Corporate,BEV,UKL2,FOCUS SEGMENT,Standard,1
2023,10,VOLVO,01,Álava,Corporate,ICE,KKL,FOCUS SEGMENT,Standard,2
2023,10,VOLVO,01,Álava,Corporate,ICE,UKL2,FOCUS SEGMENT,Standard,1
2023,10,VOLVO,01,Álava,Corporate,PHEV,UKL2,FOCUS SEGMENT,Standard,1
2023,10,VOLVO,01,Álava,Private,BEV,UKL2,FOCUS SEGMENT,Standard,2
2023,10,VOLVO,01,Álava,Private,ICE,UKL2,FOCUS SEGMENT,Standard,1
2023,10,ALFA ROMEO,02,Albacete,Corporate,ICE,UKL2,REST,Standard,15
2023,10,AUDI,02,Albacete,Corporate,ICE,UKL2,FOCUS SEGMENT,Standard,1
2023,10,AUDI,02,Albacete,Private,ICE,KKL,FOCUS SEGMENT,Standard,3
2023,10,AUDI,02,Albacete,Private,ICE,UKL1,FOCUS SEGMENT,Standard,1
2023,10,AUDI,02,Albacete,Private,ICE,UKL2,FOCUS SEGMENT,Standard,5
2023,10,AUDI,02,Albacete,Private,PHEV,UKL2,FOCUS SEGMENT,Standard,1
2023,10,BMW,02,Albacete,Corporate,ICE,KKL,FOCUS SEGMENT,Standard,3
2023,10,BMW,02,Albacete,Corporate,ICE,MKL,FOCUS SEGMENT,Standard,1
2023,10,BMW,02,Albacete,Private,ICE,UKL2,FOCUS SEGMENT,M Performance,1
2023,10,BMW,02,Albacete,Private,ICE,UKL2,FOCUS SEGMENT,Standard,2
2023,10,BYD,02,Albacete,Private,BEV,UKL2,REST,Standard,1
2023,10,CHEVROLET,02,Albacete,Private,ICE,,REST,Standard,1
2023,10,CITROEN,02,Albacete,Private,ICE,MKL,REST,Standard,1
2023,10,CITROEN,02,Albacete,Private,ICE,UKL2,REST,Standard,4
2023,10,CUPRA,02,Albacete,Corporate,ICE,UKL2,REST,Standard,1
2023,10,CUPRA,02,Albacete,Private,ICE,UKL2,REST,Standard,4
2023,10,DACIA,02,Albacete,Corporate,ICE,SKL,REST,Standard,1
2023,10,DACIA,02,Albacete,Corporate,ICE,UKL1,REST,Standard,1
2023,10,DACIA,02,Albacete,Private,BEV,UKL0,REST,Standard,1
2023,10,DACIA,02,Albacete,Private,ICE,SKL,REST,Standard,5
2023,10,DACIA,02,Albacete,Private,ICE,UKL1,REST,Standard,17
2023,10,DACIA,02,Albacete,Private,ICE,UKL2,REST,Standard,1
2023,10,FIAT,02,Albacete,Corporate,ICE,UKL0,REST,Standard,19
2023,10,FIAT,02,Albacete,RAC,ICE,,,Standard,5
2023,10,FORD,02,Albacete,Corporate,ICE,UKL2,REST,Standard,1
2023,10,FORD,02,Albacete,Corporate,PHEV,UKL2,REST,Standard,1
2023,10,FORD,02,Albacete,Private,ICE,SKL,REST,Standard,2
2023,10,FORD,02,Albacete,Private,ICE,UKL1,REST,Standard,1
2023,10,FORD,02,Albacete,Private,ICE,UKL2,REST,Standard,2
2023,10,HYUNDAI,02,Albacete,Corporate,ICE,MKL,REST,Standard,1
2023,10,HYUNDAI,02,Albacete,Corporate,ICE,UKL2,REST,Standard,3
2023,10,HYUNDAI,02,Albacete,Corporate,PHEV,UKL2,REST,Standard,2
2023,10,HYUNDAI,02,Albacete,Private,ICE,MKL,REST,Standard,1
2023,10,HYUNDAI,02,Albacete,Private,ICE,UKL1,REST,Standard,13
2023,10,HYUNDAI,02,Albacete,Private,ICE,UKL2,REST,Standard,12
2023,10,JEEP,02,Albacete,Corporate,BEV,UKL1,REST,Standard,1
2023,10,JEEP,02,Albacete,Corporate,ICE,UKL1,REST,Standard,50
2023,10,JEEP,02,Albacete,Private,ICE,UKL1,REST,Standard,1
2023,10,KIA,02,Albacete,Corporate,ICE,KKL,REST,Standard,1
2023,10,KIA,02,Albacete,Corporate,ICE,UKL2,REST,Standard,10
2023,10,KIA,02,Albacete,Corporate,PHEV,UKL2,REST,Standard,1
2023,10,KIA,02,Albacete,Private,BEV,UKL2,REST,Standard,1
2023,10,KIA,02,Albacete,Private,ICE,UKL1,REST,Standard,8
2023,10,KIA,02,Albacete,Private,ICE,UKL2,REST,Standard,20
2023,10,LAND ROVER,02,Albacete,Corporate,ICE,MKL,FOCUS SEGMENT,Standard,1
2023,10,MAZDA,02,Albacete,Corporate,ICE,UKL1,REST,Standard,1
2023,10,MAZDA,02,Albacete,Corporate,ICE,UKL2,REST,Standard,1
2023,10,MAZDA,02,Albacete,Corporate,PHEV,KKL,REST,Standard,1
2023,10,MAZDA,02,Albacete,Private,ICE,UKL1,REST,Standard,1
2023,10,MAZDA,02,Albacete,Private,ICE,UKL2,REST,Standard,7
2023,10,MERCEDES,02,Albacete,Corporate,BEV,MKL,FOCUS SEGMENT,Standard,1
2023,10,MERCEDES,02,Albacete,Corporate,BEV,UKL2,FOCUS SEGMENT,Standard,1
2023,10,MERCEDES,02,Albacete,Corporate,ICE,KKL,FOCUS SEGMENT,Standard,2
2023,10,MERCEDES,02,Albacete,Corporate,ICE,MKL,FOCUS SEGMENT,Standard,3
2023,10,MERCEDES,02,Albacete,Corporate,ICE,UKL2,FOCUS SEGMENT,Standard,2
2023,10,MERCEDES,02,Albacete,Private,ICE,KKL,FOCUS SEGMENT,Standard,2
2023,10,MERCEDES,02,Albacete,Private,ICE,MKL,FOCUS SEGMENT,Standard,1
2023,10,MERCEDES,02,Albacete,Private,ICE,UKL2,FOCUS SEGMENT,Standard,4
2023,10,MG,02,Albacete,Corporate,BEV,UKL2,REST,Standard,2
2023,10,MG,02,Albacete,Corporate,ICE,UKL1,REST,Standard,2
2023,10,MG,02,Albacete,Private,BEV,UKL2,REST,Standard,1
2023,10,MG,02,Albacete,Private,ICE,KKL,REST,Standard,1
2023,10,MG,02,Albacete,Private,ICE,UKL1,REST,Standard,19
2023,10,MINI,02,Albacete,Private,ICE,UKL1,FOCUS SEGMENT,Standard,3
2023,10,MINI,02,Albacete,Private,ICE,UKL2,FOCUS SEGMENT,Standard,1
2023,10,NISSAN,02,Albacete,Corporate,ICE,KKL,REST,Standard,1
2023,10,NISSAN,02,Albacete,Private,ICE,SKL,REST,Standard,1
2023,10,NISSAN,02,Albacete,Private,ICE,UKL2,REST,Standard,4
2023,10,OPEL,02,Albacete,Corporate,ICE,UKL1,REST,Standard,2
2023,10,OPEL,02,Albacete,Private,ICE,UKL1,REST,Standard,1
2023,10,OPEL,02,Albacete,Private,ICE,UKL2,REST,Standard,2
2023,10,PEUGEOT,02,Albacete,Corporate,BEV,UKL1,REST,Standard,1
2023,10,PEUGEOT,02,Albacete,Corporate,ICE,UKL1,REST,Standard,6
2023,10,PEUGEOT,02,Albacete,Corporate,ICE,UKL2,REST,Standard,4
2023,10,PEUGEOT,02,Albacete,Corporate,PHEV,KKL,REST,Standard,1
2023,10,PEUGEOT,02,Albacete,Corporate,PHEV,UKL2,REST,Standard,3
2023,10,PEUGEOT,02,Albacete,Private,ICE,UKL1,REST,Standard,8
2023,10,PEUGEOT,02,Albacete,Private,ICE,UKL2,REST,Standard,5
2023,10,PEUGEOT,02,Albacete,Private,PHEV,UKL2,REST,Standard,1
2023,10,PEUGEOT,02,Albacete,RAC,PHEV,UKL2,REST,Standard,1
2023,10,PORSCHE,02,Albacete,Corporate,PHEV,MKL,FOCUS SEGMENT,Standard,3
2023,10,RENAULT,02,Albacete,Corporate,BEV,UKL2,REST,Standard,1
2023,10,RENAULT,02,Albacete,Corporate,ICE,SKL,REST,Standard,1
2023,10,RENAULT,02,Albacete,Corporate,ICE,UKL2,REST,Standard,5
2023,10,RENAULT,02,Albacete,Private,ICE,UKL1,REST,Standard,4
2023,10,RENAULT,02,Albacete,Private,ICE,UKL2,REST,Standard,7
2023,10,SEAT,02,Albacete,Corporate,ICE,UKL2,REST,Standard,1
2023,10,SEAT,02,Albacete,Corporate,PHEV,UKL2,REST,Standard,1
2023,10,SEAT,02,Albacete,Private,ICE,UKL1,REST,Standard,5
2023,10,SEAT,02,Albacete,Private,ICE,UKL2,REST,Standard,1
2023,10,SEAT,02,Albacete,Private,PHEV,UKL2,REST,Standard,1
2023,10,SKODA,02,Albacete,Corporate,ICE,UKL1,REST,Standard,1
2023,10,SKODA,02,Albacete,Private,ICE,KKL,REST,Standard,1
2023,10,SKODA,02,Albacete,Private,ICE,UKL1,REST,Standard,4
2023,10,SKODA,02,Albacete,Private,ICE,UKL2,REST,Standard,2
2023,10,SMART,02,Albacete,Private,BEV,,REST,Standard,1
2023,10,SUZUKI,02,Albacete,Private,ICE,SKL,REST,Standard,1
2023,10,SUZUKI,02,Albacete,Private,ICE,UKL0,REST,Standard,1
2023,10,TESLA,02,Albacete,Private,BEV,KKL,FOCUS SEGMENT,Standard,1
2023,10,TOYOTA,02,Albacete,Private,ICE,UKL1,REST,Standard,8
2023,10,TOYOTA,02,Albacete,Private,ICE,UKL2,REST,Standard,11
2023,10,VOLKSWAGEN,02,Albacete,Corporate,ICE,MKL,REST,Standard,1
2023,10,VOLKSWAGEN,02,Albacete,Corporate,ICE,UKL2,REST,Standard,1
2023,10,VOLKSWAGEN,02,Albacete,Private,ICE,UKL1,REST,Standard,2
2023,10,VOLKSWAGEN,02,Albacete,Private,ICE,UKL2,REST,Standard,1
2023,10,VOLVO,02,Albacete,Corporate,ICE,UKL2,FOCUS SEGMENT,Standard,1
2023,10,VOLVO,02,Albacete,Private,ICE,KKL,FOCUS SEGMENT,Standard,3
2023,10,VOLVO,02,Albacete,Private,ICE,UKL2,FOCUS SEGMENT,Standard,3
2023,10,AUDI,03,Alicante,Corporate,BEV,UKL2,FOCUS SEGMENT,Standard,4
2023,10,AUDI,03,Alicante,Corporate,ICE,KKL,FOCUS SEGMENT,Standard,7
2023,10,AUDI,03,Alicante,Corporate,ICE,UKL1,FOCUS SEGMENT,Standard,2
2023,10,AUDI,03,Alicante,Corporate,ICE,UKL2,FOCUS SEGMENT,M,1
2023,10,AUDI,03,Alicante,Corporate,ICE,UKL2,FOCUS SEGMENT,Standard,12
2023,10,AUDI,03,Alicante,Corporate,PHEV,UKL2,FOCUS SEGMENT,Standard,2
2023,10,AUDI,03,Alicante,Private,BEV,UKL2,FOCUS SEGMENT,Standard,4
2023,10,AUDI,03,Alicante,Private,ICE,KKL,FOCUS SEGMENT,M Performance,1
2023,10,AUDI,03,Alicante,Private,ICE,KKL,FOCUS SEGMENT,Standard,5
2023,10,AUDI,03,Alicante,Private,ICE,UKL1,FOCUS SEGMENT,Standard,4
2023,10,AUDI,03,Alicante,Private,ICE,UKL2,FOCUS SEGMENT,M,1
2023,10,AUDI,03,Alicante,Private,ICE,UKL2,FOCUS SEGMENT,M Performance,1
2023,10,AUDI,03,Alicante,Private,ICE,UKL2,FOCUS SEGMENT,Standard,20
2023,10,AUDI,03,Alicante,Private,PHEV,KKL,FOCUS SEGMENT,Standard,2
2023,10,AUDI,03,Alicante,Private,PHEV,MKL,FOCUS SEGMENT,Standard,1
2023,10,AUDI,03,Alicante,Private,PHEV,UKL2,FOCUS SEGMENT,Standard,3
2023,10,BENTLEY,03,Alicante,Private,ICE,GKL+,FOCUS SEGMENT,Standard,1
2023,10,BMW,03,Alicante,Corporate,BEV,KKL,FOCUS SEGMENT,Standard,4
2023,10,BMW,03,Alicante,Corporate,ICE,KKL,FOCUS SEGMENT,M,1
2023,10,BMW,03,Alicante,Corporate,ICE,KKL,FOCUS SEGMENT,M Performance,1
2023,10,BMW,03,Alicante,Corporate,ICE,KKL,FOCUS SEGMENT,Standard,14
2023,10,BMW,03,Alicante,Corporate,ICE,MKL,FOCUS SEGMENT,Standard,3
2023,10,BMW,03,Alicante,Corporate,ICE,UKL2,FOCUS SEGMENT,M,1
2023,10,BMW,03,Alicante,Corporate,ICE,UKL2,FOCUS SEGMENT,Standard,16
2023,10,BMW,03,Alicante,Corporate,PHEV,GKL,FOCUS SEGMENT,M,1
2023,10,BMW,03,Alicante,Corporate,PHEV,UKL2,FOCUS SEGMENT,Standard,2
2023,10,BMW,03,Alicante,Private,BEV,KKL,FOCUS SEGMENT,Standard,2
2023,10,BMW,03,Alicante,Private,BEV,UKL2,FOCUS SEGMENT,Standard,2
2023,10,BMW,03,Alicante,Private,ICE,,REST,Standard,1
2023,10,BMW,03,Alicante,Private,ICE,GKL,FOCUS SEGMENT,Standard,1
2023,10,BMW,03,Alicante,Private,ICE,KKL,FOCUS SEGMENT,Standard,8
2023,10,BMW,03,Alicante,Private,ICE,MKL,FOCUS SEGMENT,Standard,2
2023,10,BMW,03,Alicante,Private,ICE,UKL2,FOCUS SEGMENT,Standard,16
2023,10,BMW,03,Alicante,Private,PHEV,GKL,FOCUS SEGMENT,Standard,1
2023,10,BMW,03,Alicante,Private,PHEV,MKL,FOCUS SEGMENT,Standard,2
2023,10,BMW,03,Alicante,Private,PHEV,UKL2,FOCUS SEGMENT,Standard,3
2023,10,BYD,03,Alicante,Corporate,BEV,UKL2,REST,Standard,1
2023,10,CITROEN,03,Alicante,Corporate,BEV,SKL,REST,Standard,1
2023,10,CITROEN,03,Alicante,Corporate,BEV,UKL2,REST,Standard,2
2023,10,CITROEN,03,Alicante,Corporate,ICE,UKL1,REST,Standard,5
2023,10,CITROEN,03,Alicante,Corporate,ICE,UKL2,REST,Standard,68
2023,10,CITROEN,03,Alicante,Corporate,PHEV,UKL2,REST,Standard,1
2023,10,CITROEN,03,Alicante,Private,BEV,SKL,REST,Standard,2
2023,10,CITROEN,03,Alicante,Private,BEV,UKL2,REST,Standard,3
2023,10,CITROEN,03,Alicante,Private,ICE,MKL,REST,Standard,1
2023,10,CITROEN,03,Alicante,Private,ICE,UKL1,REST,Standard,20
2023,10,CITROEN,03,Alicante,Private,ICE,UKL2,REST,Standard,44
2023,10,CITROEN,03,Alicante,Private,PHEV,MKL,REST,Standard,1
2023,10,CITROEN,03,Alicante,Private,PHEV,UKL2,REST,Standard,1
2023,10,CITROEN,03,Alicante,RAC,ICE,UKL1,REST,Standard,78
2023,10,CUPRA,03,Alicante,Corporate,BEV,UKL2,REST,Standard,1
2023,10,CUPRA,03,Alicante,Corporate,ICE,UKL2,REST,Standard,8
2023,10,CUPRA,03,Alicante,Corporate,PHEV,UKL2,REST,Standard,2
2023,10,CUPRA,03,Alicante,Private,ICE,UKL2,REST,Standard,19
2023,10,CUPRA,03,Alicante,Private,PHEV,UKL2,REST,Standard,5
2023,10,DACIA,03,Alicante,Corporate,BEV,UKL0,REST,Standard,9
2023,10,DACIA,03,Alicante,Corporate,ICE,SKL,REST,Standard,5
2023,10,DACIA,03,Alicante,Corporate,ICE,UKL1,REST,Standard,12
2023,10,DACIA,03,Alicante,Corporate,ICE,UKL2,REST,Standard,1
2023,10,DACIA,03,Alicante,Private,BEV,UKL0,REST,Standard,7
2023,10,DACIA,03,Alicante,Private,ICE,SKL,REST,Standard,17
2023,10,DACIA,03,Alicante,Private,ICE,UKL1,REST,Standard,146
2023,10,DACIA,03,Alicante,Private,ICE,UKL2,REST,Standard,19
2023,10,DS,03,Alicante,Corporate,ICE,UKL2,REST,Standard,1
2023,10,DS,03,Alicante,Corporate,PHEV,UKL2,REST,Standard,2
2023,10,DS,03,Alicante,Private,ICE,UKL2,REST,Standard,2
2023,10,DS,03,Alicante,RAC,PHEV,UKL2,REST,Standard,1
2023,10,FIAT,03,Alicante,Corporate,ICE,UKL0,REST,Standard,9
2023,10,FIAT,03,Alicante,Private,ICE,,,Standard,2
2023,10,FIAT,03,Alicante,Private,ICE,UKL0,REST,Standard,13
2023,10,FIAT,03,Alicante,RAC,BEV,UKL0,REST,Standard,9
2023,10,FIAT,03,Alicante,RAC,ICE,,,Standard,13
2023,10,FIAT,03,Alicante,RAC,ICE,UKL0,REST,Standard,8
2023,10,FORD,03,Alicante,Corporate,ICE,SKL,REST,Standard,4
2023,10,FORD,03,Alicante,Corporate,ICE,UKL1,REST,Standard,11
2023,10,FORD,03,Alicante,Corporate,ICE,UKL2,REST,Standard,11
2023,10,FORD,03,Alicante,Corporate,PHEV,UKL2,REST,Standard,6
2023,10,FORD,03,Alicante,Private,BEV,KKL,REST,Standard,3
2023,10,FORD,03,Alicante,Private,ICE,SKL,REST,Standard,5
2023,10,FORD,03,Alicante,Private,ICE,UKL1,REST,Standard,38
2023,10,FORD,03,Alicante,Private,ICE,UKL2,REST,Standard,21
2023,10,FORD,03,Alicante,Private,PHEV,UKL2,REST,Standard,20
2023,10,HONDA,03,Alicante,Corporate,ICE,KKL,REST,Standard,1
2023,10,HONDA,03,Alicante,Corporate,ICE,UKL1,REST,Standard,1
2023,10,HONDA,03,Alicante,Private,BEV,UKL1,REST,Standard,1
2023,10,HONDA,03,Alicante,Private,ICE,UKL1,REST,Standard,3
2023,10,HONDA,03,Alicante,Private,PHEV,KKL,REST,Standard,1
2023,10,HYUNDAI,03,Alicante,Corporate,BEV,UKL2,REST,Standard,1
2023,10,HYUNDAI,03,Alicante,Corporate,ICE,MKL,REST,Standard,1
2023,10,HYUNDAI,03,Alicante,Corporate,ICE,UKL0,REST,Standard,2
2023,10,HYUNDAI,03,Alicante,Corporate,ICE,UKL1,REST,Standard,32
2023,10,HYUNDAI,03,Alicante,Corporate,ICE,UKL2,REST,Standard,15
2023,10,HYUNDAI,03,Alicante,Corporate,PHEV,UKL2,REST,Standard,1
2023,10,HYUNDAI,03,Alicante,Private,BEV,KKL,REST,Standard,1
2023,10,HYUNDAI,03,Alicante,Private,ICE,UKL0,REST,Standard,15
2023,10,HYUNDAI,03,Alicante,Private,ICE,UKL1,REST,Standard,113
2023,10,HYUNDAI,03,Alicante,Private,ICE,UKL2,REST,Standard,54
2023,10,HYUNDAI,03,Alicante,Private,PHEV,UKL2,REST,Standard,3
2023,10,JAGUAR,03,Alicante,Corporate,ICE,UKL2,FOCUS SEGMENT,Standard,1
2023,10,JEEP,03,Alicante,Corporate,ICE,UKL1,REST,Standard,1
2023,10,JEEP,03,Alicante,Private,BEV,UKL1,REST,Standard,1
2023,10,JEEP,03,Alicante,Private,ICE,UKL1,REST,Standard,10
2023,10,JEEP,03,Alicante,Private,PHEV,UKL2,REST,Standard,1
2023,10,JEEP,03,Alicante,RAC,ICE,UKL1,REST,Standard,26
2023,10,KIA,03,Alicante,Corporate,BEV,MKL,REST,Standard,2
2023,10,KIA,03,Alicante,Corporate,BEV,UKL2,REST,Standard,2
2023,10,KIA,03,Alicante,Corporate,ICE,UKL1,REST,Standard,1
2023,10,KIA,03,Alicante,Corporate,ICE,UKL2,REST,Standard,11
2023,10,KIA,03,Alicante,Corporate,PHEV,UKL2,REST,Standard,6
2023,10,KIA,03,Alicante,Private,BEV,KKL,REST,Standard,3
2023,10,KIA,03,Alicante,Private,BEV,UKL2,REST,Standard,8
2023,10,KIA,03,Alicante,Private,ICE,UKL0,REST,Standard,12
2023,10,KIA,03,Alicante,Private,ICE,UKL1,REST,Standard,42
2023,10,KIA,03,Alicante,Private,ICE,UKL2,REST,Standard,80
2023,10,KIA,03,Alicante,Private,PHEV,UKL2,REST,Standard,9
2023,10,LAND ROVER,03,Alicante,Corporate,ICE,MKL,FOCUS SEGMENT,Standard,1
2023,10,LAND ROVER,03,Alicante,Corporate,PHEV,GKL,FOCUS SEGMENT,Standard,1
2023,10,LAND ROVER,03,Alicante,Corporate,PHEV,MKL,FOCUS SEGMENT,Standard,3
2023,10,LAND ROVER,03,Alicante,Private,ICE,UKL2,FOCUS SEGMENT,Standard,1
2023,10,LAND ROVER,03,Alicante,Private,PHEV,UKL2,FOCUS SEGMENT,Standard,2
2023,10,LEXUS,03,Alicante,Corporate,ICE,KKL,FOCUS SEGMENT,Standard,2
2023,10,LEXUS,03,Alicante,Corporate,ICE,MKL,FOCUS SEGMENT,Standard,1
2023,10,LEXUS,03,Alicante,Corporate,ICE,UKL2,FOCUS SEGMENT,Standard,1
2023,10,LEXUS,03,Alicante,Private,ICE,KKL,FOCUS SEGMENT,Standard,4
2023,10,LEXUS,03,Alicante,Private,ICE,MKL,FOCUS SEGMENT,Standard,1
2023,10,LEXUS,03,Alicante,Private,ICE,UKL2,FOCUS SEGMENT,Standard,7
2023,10,LEXUS,03,Alicante,Private,PHEV,KKL,FOCUS SEGMENT,Standard,1
2023,10,MASERATI,03,Alicante,Corporate,ICE,GKL,FOCUS SEGMENT,Standard,1
2023,10,MASERATI,03,Alicante,Corporate,ICE,KKL,FOCUS SEGMENT,Standard,1
2023,10,MAZDA,03,Alicante,Corporate,ICE,KKL,REST,Standard,1
2023,10,MAZDA,03,Alicante,Corporate,ICE,UKL1,REST,Standard,2
2023,10,MAZDA,03,Alicante,Corporate,ICE,UKL2,REST,Standard,6
2023,10,MAZDA,03,Alicante,Corporate,PHEV,KKL,REST,Standard,1
2023,10,MAZDA,03,Alicante,Private,ICE,UKL1,REST,Standard,7
2023,10,MAZDA,03,Alicante,Private,ICE,UKL2,REST,Standard,30
2023,10,MERCEDES,03,Alicante,Corporate,BEV,UKL2,FOCUS SEGMENT,Standard,4
2023,10,MERCEDES,03,Alicante,Corporate,ICE,GKL,FOCUS SEGMENT,Standard,1
2023,10,MERCEDES,03,Alicante,Corporate,ICE,KKL,FOCUS SEGMENT,Standard,14
2023,10,MERCEDES,03,Alicante,Corporate,ICE,MKL,FOCUS SEGMENT,Standard,6
2023,10,MERCEDES,03,Alicante,Corporate,ICE,MKL,REST,Standard,2
2023,10,MERCEDES,03,Alicante,Corporate,ICE,SKL,REST,Standard,1
2023,10,MERCEDES,03,Alicante,Corporate,ICE,UKL2,FOCUS SEGMENT,M Performance,1
2023,10,MERCEDES,03,Alicante,Corporate,ICE,UKL2,FOCUS SEGMENT,Standard,27
2023,10,MERCEDES,03,Alicante,Corporate,PHEV,KKL,FOCUS SEGMENT,Standard,2
2023,10,MERCEDES,03,Alicante,Corporate,PHEV,MKL,FOCUS SEGMENT,Standard,1
2023,10,MERCEDES,03,Alicante,Corporate,PHEV,UKL2,FOCUS SEGMENT,Standard,3
2023,10,MERCEDES,03,Alicante,Private,BEV,GKL,FOCUS SEGMENT,Standard,1
2023,10,MERCEDES,03,Alicante,Private,BEV,MKL,FOCUS SEGMENT,Standard,1
2023,10,MERCEDES,03,Alicante,Private,BEV,UKL2,FOCUS SEGMENT,Standard,4
2023,10,MERCEDES,03,Alicante,Private,ICE,GKL,FOCUS SEGMENT,Standard,1
2023,10,MERCEDES,03,Alicante,Private,ICE,KKL,FOCUS SEGMENT,Standard,12
2023,10,MERCEDES,03,Alicante,Private,ICE,MKL,FOCUS SEGMENT,M Performance,1
2023,10,MERCEDES,03,Alicante,Private,ICE,MKL,FOCUS SEGMENT,Standard,3
2023,10,MERCEDES,03,Alicante,Private,ICE,MKL,REST,Standard,2
2023,10,MERCEDES,03,Alicante,Private,ICE,SKL,REST,Standard,2
2023,10,MERCEDES,03,Alicante,Private,ICE,UKL2,FOCUS SEGMENT,Standard,42
2023,10,MERCEDES,03,Alicante,Private,PHEV,KKL,FOCUS SEGMENT,Standard,6
2023,10,MERCEDES,03,Alicante,Private,PHEV,UKL2,FOCUS SEGMENT,Standard,6
2023,10,MERCEDES,03,Alicante,RAC,ICE,UKL2,FOCUS SEGMENT,Standard,5
2023,10,MERCEDES-V,03,Alicante,RAC,ICE,SKL,REST,Standard,1
2023,10,MG,03,Alicante,Corporate,BEV,UKL2,REST,Standard,4
2023,10,MG,03,Alicante,Corporate,ICE,UKL1,REST,Standard,33
2023,10,MG,03,Alicante,Corporate,PHEV,KKL,REST,Standard,1
2023,10,MG,03,Alicante,Private,BEV,UKL1,REST,Standard,5
2023,10,MG,03,Alicante,Private,BEV,UKL2,REST,Standard,10
2023,10,MG,03,Alicante,Private,ICE,KKL,REST,Standard,4
2023,10,MG,03,Alicante,Private,ICE,UKL1,REST,Standard,123
2023,10,MG,03,Alicante,Private,PHEV,KKL,REST,Standard,3
2023,10,MINI,03,Alicante,Corporate,BEV,UKL1,FOCUS SEGMENT,Standard,1
2023,10,MINI,03,Alicante,Corporate,PHEV,UKL2,FOCUS SEGMENT,Standard,1
2023,10,MINI,03,Alicante,Private,BEV,UKL1,FOCUS SEGMENT,Standard,3
2023,10,MINI,03,Alicante,Private,ICE,UKL1,FOCUS SEGMENT,JCW,2
2023,10,MINI,03,Alicante,Private,ICE,UKL1,FOCUS SEGMENT,Standard,10
2023,10,MINI,03,Alicante,Private,PHEV,UKL2,FOCUS SEGMENT,Standard,7
2023,10,MITSUBISHI,03,Alicante,Corporate,ICE,UKL2,REST,Standard,2
2023,10,MITSUBISHI,03,Alicante,Private,ICE,UKL1,REST,Standard,2
2023,10,MITSUBISHI,03,Alicante,Private,ICE,UKL2,REST,Standard,7
2023,10,NISSAN,03,Alicante,Corporate,ICE,UKL2,REST,Standard,2
2023,10,NISSAN,03,Alicante,Private,BEV,UKL2,REST,Standard,1
2023,10,NISSAN,03,Alicante,Private,ICE,KKL,REST,Standard,2
2023,10,NISSAN,03,Alicante,Private,ICE,SKL,REST,Standard,1
2023,10,NISSAN,03,Alicante,Private,ICE,UKL1,REST,Standard,12
2023,10,NISSAN,03,Alicante,Private,ICE,UKL2,REST,Standard,22
2023,10,OMODA,03,Alicante,Corporate,ICE,UKL2,REST,Standard,5
2023,10,OPEL,03,Alicante,Corporate,BEV,UKL1,REST,Standard,2
2023,10,OPEL,03,Alicante,Corporate,BEV,UKL2,REST,Standard,1
2023,10,OPEL,03,Alicante,Corporate,ICE,UKL1,REST,Standard,47
2023,10,OPEL,03,Alicante,Corporate,ICE,UKL2,REST,Standard,2
2023,10,OPEL,03,Alicante,Corporate,PHEV,UKL2,REST,Standard,7
2023,10,OPEL,03,Alicante,Private,ICE,UKL1,REST,Standard,25
2023,10,OPEL,03,Alicante,Private,ICE,UKL2,REST,Standard,4
2023,10,PEUGEOT,03,Alicante,Corporate,BEV,SKL,REST,Standard,7
2023,10,PEUGEOT,03,Alicante,Corporate,BEV,UKL1,REST,Standard,32
2023,10,PEUGEOT,03,Alicante,Corporate,ICE,KKL,REST,Standard,7
2023,10,PEUGEOT,03,Alicante,Corporate,ICE,UKL1,REST,Standard,52
2023,10,PEUGEOT,03,Alicante,Corporate,ICE,UKL2,REST,Standard,16
2023,10,PEUGEOT,03,Alicante,Corporate,PHEV,UKL2,REST,Standard,22
2023,10,PEUGEOT,03,Alicante,Private,BEV,UKL1,REST,Standard,5
2023,10,PEUGEOT,03,Alicante,Private,ICE,KKL,REST,Standard,1
2023,10,PEUGEOT,03,Alicante,Private,ICE,UKL1,REST,Standard,60
2023,10,PEUGEOT,03,Alicante,Private,ICE,UKL2,REST,Standard,18
2023,10,PEUGEOT,03,Alicante,Private,PHEV,KKL,REST,Standard,1
2023,10,PEUGEOT,03,Alicante,Private,PHEV,UKL2,REST,Standard,7
2023,10,PEUGEOT,03,Alicante,RAC,ICE,UKL1,REST,Standard,48
2023,10,PORSCHE,03,Alicante,Corporate,BEV,GKL,FOCUS SEGMENT,Standard,2
2023,10,PORSCHE,03,Alicante,Corporate,ICE,GKL,FOCUS SEGMENT,Standard,1
2023,10,PORSCHE,03,Alicante,Corporate,ICE,KKL,FOCUS SEGMENT,Standard,1
2023,10,PORSCHE,03,Alicante,Corporate,PHEV,GKL,FOCUS SEGMENT,M Performance,1
2023,10,PORSCHE,03,Alicante,Corporate,PHEV,GKL,FOCUS SEGMENT,Standard,1
2023,10,PORSCHE,03,Alicante,Corporate,PHEV,MKL,FOCUS SEGMENT,Standard,5
2023,10,PORSCHE,03,Alicante,Private,ICE,GKL,FOCUS SEGMENT,M,2
2023,10,PORSCHE,03,Alicante,Private,ICE,KKL,FOCUS SEGMENT,M Performance,2
2023,10,PORSCHE,03,Alicante,Private,ICE,MKL,FOCUS SEGMENT,M Performance,1
2023,10,PORSCHE,03,Alicante,Private,PHEV,MKL,FOCUS SEGMENT,Standard,8
2023,10,REHATRANS,03,Alicante,RAC,ICE,,REST,Standard,3
2023,10,RENAULT,03,Alicante,Corporate,BEV,UKL1,REST,Standard,2
2023,10,RENAULT,03,Alicante,Corporate,BEV,UKL2,REST,Standard,5
2023,10,RENAULT,03,Alicante,Corporate,ICE,KKL,REST,Standard,1
2023,10,RENAULT,03,Alicante,Corporate,ICE,SKL,REST,Standard,1
2023,10,RENAULT,03,Alicante,Corporate,ICE,UKL1,REST,Standard,10
2023,10,RENAULT,03,Alicante,Corporate,ICE,UKL2,REST,Standard,12
2023,10,RENAULT,03,Alicante,Corporate,PHEV,UKL2,REST,Standard,1
2023,10,RENAULT,03,Alicante,Private,BEV,UKL0,REST,Standard,1
2023,10,RENAULT,03,Alicante,Private,BEV,UKL1,REST,Standard,1
2023,10,RENAULT,03,Alicante,Private,ICE,KKL,REST,Standard,2
2023,10,RENAULT,03,Alicante,Private,ICE,SKL,REST,Standard,3
2023,10,RENAULT,03,Alicante,Private,ICE,UKL1,REST,Standard,64
2023,10,RENAULT,03,Alicante,Private,ICE,UKL2,REST,Standard,43
2023,10,SEAT,03,Alicante,Corporate,ICE,KKL,REST,Standard,1
2023,10,SEAT,03,Alicante,Corporate,ICE,UKL1,REST,Standard,21
2023,10,SEAT,03,Alicante,Corporate,ICE,UKL2,REST,Standard,17
2023,10,SEAT,03,Alicante,Corporate,PHEV,KKL,REST,Standard,1
2023,10,SEAT,03,Alicante,Corporate,PHEV,UKL2,REST,Standard,7
2023,10,SEAT,03,Alicante,Private,ICE,KKL,REST,Standard,1
2023,10,SEAT,03,Alicante,Private,ICE,UKL1,REST,Standard,52
2023,10,SEAT,03,Alicante,Private,ICE,UKL2,REST,Standard,24
2023,10,SKODA,03,Alicante,Corporate,ICE,UKL1,REST,Standard,6
2023,10,SKODA,03,Alicante,Corporate,ICE,UKL2,REST,Standard,7
2023,10,SKODA,03,Alicante,Private,ICE,KKL,REST,Standard,3
2023,10,SKODA,03,Alicante,Private,ICE,UKL1,REST,Standard,26
2023,10,SKODA,03,Alicante,Private,ICE,UKL2,REST,Standard,14
2023,10,SMART,03,Alicante,Corporate,BEV,UKL1,FOCUS SEGMENT,Standard,1
2023,10,SMART,03,Alicante,Private,BEV,UKL1,FOCUS SEGMENT,Standard,1
2023,10,SSANGYONG,03,Alicante,Private,ICE,UKL1,REST,Standard,2
2023,10,SUBARU,03,Alicante,Corporate,ICE,UKL2,REST,Standard,1
2023,10,SUBARU,03,Alicante,Private,ICE,KKL,REST,Standard,2
2023,10,SUBARU,03,Alicante,Private,ICE,UKL2,REST,Standard,1
2023,10,SUZUKI,03,Alicante,Corporate,ICE,SKL,REST,Standard,2
2023,10,SUZUKI,03,Alicante,Corporate,ICE,UKL0,REST,Standard,1
2023,10,SUZUKI,03,Alicante,Private,ICE,SKL,REST,Standard,1
2023,10,SUZUKI,03,Alicante,Private,ICE,UKL0,REST,Standard,4
2023,10,SUZUKI,03,Alicante,Private,ICE,UKL1,REST,Standard,3
2023,10,SUZUKI,03,Alicante,Private,ICE,UKL2,REST,Standard,1
2023,10,TESLA,03,Alicante,Corporate,BEV,KKL,FOCUS SEGMENT,Standard,4
2023,10,TESLA,03,Alicante,Private,BEV,KKL,FOCUS SEGMENT,Standard,15
2023,10,TOYOTA,03,Alicante,Corporate,ICE,UKL0,REST,Standard,1
2023,10,TOYOTA,03,Alicante,Corporate,ICE,UKL1,REST,Standard,6
2023,10,TOYOTA,03,Alicante,Corporate,ICE,UKL2,REST,Standard,11
2023,10,TOYOTA,03,Alicante,Corporate,PHEV,UKL2,REST,Standard,1
2023,10,TOYOTA,03,Alicante,Private,ICE,GKL,REST,Standard,1
2023,10,TOYOTA,03,Alicante,Private,ICE,MKL,REST,Standard,2
2023,10,TOYOTA,03,Alicante,Private,ICE,SKL,REST,Standard,3
2023,10,TOYOTA,03,Alicante,Private,ICE,UKL0,REST,Standard,1
2023,10,TOYOTA,03,Alicante,Private,ICE,UKL1,REST,Standard,91
2023,10,TOYOTA,03,Alicante,Private,ICE,UKL2,REST,Standard,42
2023,10,TOYOTA,03,Alicante,Private,PHEV,UKL2,REST,Standard,1
2023,10,VOLKSWAGEN,03,Alicante,Corporate,ICE,SKL,REST,Standard,1
2023,10,VOLKSWAGEN,03,Alicante,Corporate,ICE,UKL1,REST,Standard,2
2023,10,VOLKSWAGEN,03,Alicante,Corporate,ICE,UKL2,REST,Standard,14
2023,10,VOLKSWAGEN,03,Alicante,Corporate,PHEV,MKL,REST,Standard,2
2023,10,VOLKSWAGEN,03,Alicante,Private,BEV,SKL,REST,Standard,1
2023,10,VOLKSWAGEN,03,Alicante,Private,BEV,UKL2,REST,Standard,2
2023,10,VOLKSWAGEN,03,Alicante,Private,ICE,MKL,REST,Standard,1
2023,10,VOLKSWAGEN,03,Alicante,Private,ICE,SKL,REST,Standard,5
2023,10,VOLKSWAGEN,03,Alicante,Private,ICE,UKL1,REST,Standard,46
2023,10,VOLKSWAGEN,03,Alicante,Private,ICE,UKL2,REST,Standard,44
2023,10,VOLKSWAGEN,03,Alicante,Private,PHEV,SKL,REST,Standard,1
2023,10,VOLKSWAGEN,03,Alicante,Private,PHEV,UKL2,REST,Standard,5
2023,10,VOLKSWAGEN,03,Alicante,RAC,ICE,SKL,REST,Standard,7
2023,10,VOLVO,03,Alicante,Corporate,BEV,UKL2,FOCUS SEGMENT,Standard,3
2023,10,VOLVO,03,Alicante,Private,ICE,KKL,FOCUS SEGMENT,Standard,1
2023,10,VOLVO,03,Alicante,Private,ICE,UKL2,FOCUS SEGMENT,Standard,5
2023,10,VOLVO,03,Alicante,Private,PHEV,KKL,FOCUS SEGMENT,Standard,1
2023,10,AUDI,04,Almería,Corporate,BEV,UKL2,FOCUS SEGMENT,Standard,1
2023,10,AUDI,04,Almería,Corporate,ICE,KKL,FOCUS SEGMENT,Standard,2
2023,10,AUDI,04,Almería,Corporate,ICE,MKL,FOCUS SEGMENT,Standard,1
2023,10,AUDI,04,Almería,Corporate,ICE,UKL2,FOCUS SEGMENT,Standard,6
2023,10,AUDI,04,Almería,Corporate,PHEV,KKL,FOCUS SEGMENT,Standard,1
2023,10,AUDI,04,Almería,Private,ICE,KKL,FOCUS SEGMENT,Standard,5
2023,10,AUDI,04,Almería,Private,ICE,MKL,FOCUS SEGMENT,Standard,1
2023,10,AUDI,04,Almería,Private,ICE,UKL1,FOCUS SEGMENT,Standard,1
2023,10,AUDI,04,Almería,Private,ICE,UKL2,FOCUS SEGMENT,Standard,12
2023,10,BMW,04,Almería,Corporate,ICE,GKL,FOCUS SEGMENT,Standard,1
2023,10,BMW,04,Almería,Corporate,ICE,KKL,FOCUS SEGMENT,Standard,6
2023,10,BMW,04,Almería,Corporate,ICE,MKL,FOCUS SEGMENT,M Performance,1
2023,10,BMW,04,Almería,Corporate,ICE,MKL,FOCUS SEGMENT,Standard,1
2023,10,BMW,04,Almería,Corporate,PHEV,GKL,FOCUS SEGMENT,M,1
2023,10,BMW,04,Almería,Private,BEV,KKL,FOCUS SEGMENT,Standard,1
2023,10,BMW,04,Almería,Private,BEV,UKL2,FOCUS SEGMENT,Standard,1
2023,10,BMW,04,Almería,Private,ICE,KKL,FOCUS SEGMENT,M,1
2023,10,BMW,04,Almería,Private,ICE,KKL,FOCUS SEGMENT,M Performance,1
2023,10,BMW,04,Almería,Private,ICE,KKL,FOCUS SEGMENT,Standard,7
2023,10,BMW,04,Almería,Private,ICE,MKL,FOCUS SEGMENT,Standard,1
2023,10,BMW,04,Almería,Private,ICE,UKL2,FOCUS SEGMENT,M,1
2023,10,BMW,04,Almería,Private,ICE,UKL2,FOCUS SEGMENT,Standard,16
2023,10,BMW,04,Almería,Private,PHEV,UKL2,FOCUS SEGMENT,Standard,1
2023,10,CITROEN,04,Almería,Corporate,ICE,UKL1,REST,Standard,2
2023,10,CITROEN,04,Almería,Corporate,ICE,UKL2,REST,Standard,7
2023,10,CITROEN,04,Almería,Private,ICE,MKL,REST,Standard,1
2023,10,CITROEN,04,Almería,Private,ICE,UKL1,REST,Standard,7
2023,10,CITROEN,04,Almería,Private,ICE,UKL2,REST,Standard,36
2023,10,CITROEN,04,Almería,Private,PHEV,MKL,REST,Standard,1
2023,10,CUPRA,04,Almería,Corporate,ICE,UKL2,REST,Standard,1
2023,10,CUPRA,04,Almería,Private,ICE,UKL2,REST,Standard,5
2023,10,DACIA,04,Almería,Corporate,ICE,SKL,REST,Standard,3
2023,10,DACIA,04,Almería,Corporate,ICE,UKL1,REST,Standard,1
2023,10,DACIA,04,Almería,Corporate,ICE,UKL2,REST,Standard,1
2023,10,DACIA,04,Almería,Private,ICE,SKL,REST,Standard,16
2023,10,DACIA,04,Almería,Private,ICE,UKL1,REST,Standard,37
2023,10,DACIA,04,Almería,Private,ICE,UKL2,REST,Standard,9
2023,10,DS,04,Almería,Corporate,PHEV,UKL2,REST,Standard,1
2023,10,DS,04,Almería,Private,PHEV,UKL2,REST,Standard,1
2023,10,FIAT,04,Almería,Corporate,ICE,UKL0,REST,Standard,5
2023,10,FIAT,04,Almería,Private,ICE,UKL0,REST,Standard,5
2023,10,FORD,04,Almería,Corporate,ICE,SKL,REST,Standard,1
2023,10,FORD,04,Almería,Corporate,ICE,UKL1,REST,Standard,2
2023,10,FORD,04,Almería,Private,ICE,MKL,REST,Standard,1
2023,10,FORD,04,Almería,Private,ICE,SKL,REST,Standard,4
2023,10,FORD,04,Almería,Private,ICE,UKL1,REST,Standard,20
2023,10,FORD,04,Almería,Private,ICE,UKL2,REST,Standard,4
2023,10,FORD,04,Almería,Private,PHEV,UKL2,REST,Standard,1
2023,10,HYUNDAI,04,Almería,Corporate,BEV,UKL1,REST,Standard,1
2023,10,HYUNDAI,04,Almería,Corporate,ICE,UKL1,REST,Standard,14
2023,10,HYUNDAI,04,Almería,Corporate,ICE,UKL2,REST,Standard,6
2023,10,HYUNDAI,04,Almería,Corporate,PHEV,UKL2,REST,Standard,2
2023,10,HYUNDAI,04,Almería,Private,BEV,UKL2,REST,Standard,1
2023,10,HYUNDAI,04,Almería,Private,ICE,UKL0,REST,Standard,6
2023,10,HYUNDAI,04,Almería,Private,ICE,UKL1,REST,Standard,9
2023,10,HYUNDAI,04,Almería,Private,ICE,UKL2,REST,Standard,21
2023,10,JAGUAR,04,Almería,Corporate,ICE,UKL2,FOCUS SEGMENT,Standard,1
2023,10,JEEP,04,Almería,Corporate,PHEV,UKL2,REST,Standard,1
2023,10,JEEP,04,Almería,Private,ICE,UKL1,REST,Standard,1
2023,10,JEEP,04,Almería,Private,PHEV,UKL2,REST,Standard,1
2023,10,KIA,04,Almería,Corporate,BEV,MKL,REST,Standard,1
2023,10,KIA,04,Almería,Corporate,ICE,UKL2,REST,Standard,3
2023,10,KIA,04,Almería,Corporate,PHEV,UKL2,REST,Standard,1
2023,10,KIA,04,Almería,Private,ICE,KKL,REST,Standard,1
2023,10,KIA,04,Almería,Private,ICE,UKL1,REST,Standard,8
2023,10,KIA,04,Almería,Private,ICE,UKL2,REST,Standard,25
2023,10,KIA,04,Almería,Private,PHEV,UKL2,REST,Standard,2
2023,10,LAND ROVER,04,Almería,Corporate,ICE,UKL2,FOCUS SEGMENT,Standard,1
2023,10,LAND ROVER,04,Almería,Private,ICE,UKL2,FOCUS SEGMENT,Standard,1
2023,10,LAND ROVER,04,Almería,Private,PHEV,MKL,FOCUS SEGMENT,Standard,1
2023,10,LEXUS,04,Almería,Private,ICE,MKL,FOCUS SEGMENT,Standard,1
2023,10,LEXUS,04,Almería,Private,ICE,UKL2,FOCUS SEGMENT,Standard,1
2023,10,LEXUS,04,Almería,Private,PHEV,KKL,FOCUS SEGMENT,Standard,1
2023,10,MAZDA,04,Almería,Corporate,ICE,KKL,REST,Standard,1
2023,10,MAZDA,04,Almería,Corporate,ICE,UKL2,REST,Standard,2
2023,10,MAZDA,04,Almería,Private,ICE,UKL2,REST,Standard,9
2023,10,MERCEDES,04,Almería,Corporate,ICE,GKL,FOCUS SEGMENT,M Performance,1
2023,10,MERCEDES,04,Almería,Corporate,ICE,KKL,FOCUS SEGMENT,Standard,6
2023,10,MERCEDES,04,Almería,Corporate,ICE,MKL,FOCUS SEGMENT,Standard,2
2023,10,MERCEDES,04,Almería,Corporate,ICE,MKL,REST,Standard,4
2023,10,MERCEDES,04,Almería,Corporate,ICE,SKL,REST,Standard,3
2023,10,MERCEDES,04,Almería,Corporate,ICE,UKL2,FOCUS SEGMENT,Standard,5
2023,10,MERCEDES,04,Almería,Corporate,PHEV,KKL,FOCUS SEGMENT,Standard,2
2023,10,MERCEDES,04,Almería,Corporate,PHEV,MKL,FOCUS SEGMENT,Standard,1
2023,10,MERCEDES,04,Almería,Corporate,PHEV,UKL2,FOCUS SEGMENT,Standard,1
2023,10,MERCEDES,04,Almería,Private,BEV,UKL2,FOCUS SEGMENT,Standard,2
2023,10,MERCEDES,04,Almería,Private,ICE,KKL,FOCUS SEGMENT,Standard,9
2023,10,MERCEDES,04,Almería,Private,ICE,MKL,FOCUS SEGMENT,Standard,1
2023,10,MERCEDES,04,Almería,Private,ICE,MKL,REST,Standard,1
2023,10,MERCEDES,04,Almería,Private,ICE,SKL,REST,Standard,2
2023,10,MERCEDES,04,Almería,Private,ICE,UKL2,FOCUS SEGMENT,Standard,9
2023,10,MERCEDES,04,Almería,Private,PHEV,KKL,FOCUS SEGMENT,Standard,2
2023,10,MERCEDES,04,Almería,Private,PHEV,UKL2,FOCUS SEGMENT,Standard,1
2023,10,MG,04,Almería,Private,BEV,UKL2,REST,Standard,2
2023,10,MG,04,Almería,Private,ICE,KKL,REST,Standard,1
2023,10,MG,04,Almería,Private,ICE,UKL1,REST,Standard,23
2023,10,MINI,04,Almería,Private,BEV,UKL1,FOCUS SEGMENT,Standard,2
2023,10,MINI,04,Almería,Private,ICE,UKL1,FOCUS SEGMENT,Standard,5
2023,10,MINI,04,Almería,Private,ICE,UKL2,FOCUS SEGMENT,Standard,1
2023,10,MINI,04,Almería,Private,PHEV,UKL2,FOCUS SEGMENT,Standard,1
2023,10,MITSUBISHI,04,Almería,Private,ICE,UKL2,REST,Standard,4
2023,10,MITSUBISHI,04,Almería,Private,PHEV,UKL2,REST,Standard,1
2023,10,NISSAN,04,Almería,Corporate,BEV,UKL2,REST,Standard,1
2023,10,NISSAN,04,Almería,Corporate,ICE,KKL,REST,Standard,3
2023,10,NISSAN,04,Almería,Corporate,ICE,UKL1,REST,Standard,9
2023,10,NISSAN,04,Almería,Corporate,ICE,UKL2,REST,Standard,5
2023,10,NISSAN,04,Almería,Private,ICE,KKL,REST,Standard,3
2023,10,NISSAN,04,Almería,Private,ICE,SKL,REST,Standard,2
2023,10,NISSAN,04,Almería,Private,ICE,UKL1,REST,Standard,6
2023,10,NISSAN,04,Almería,Private,ICE,UKL2,REST,Standard,12
2023,10,OPEL,04,Almería,Corporate,BEV,UKL1,REST,Standard,1
2023,10,OPEL,04,Almería,Private,ICE,UKL1,REST,Standard,2
2023,10,OPEL,04,Almería,Private,ICE,UKL2,REST,Standard,2
2023,10,PEUGEOT,04,Almería,Corporate,ICE,UKL1,REST,Standard,3
2023,10,PEUGEOT,04,Almería,Private,ICE,UKL1,REST,Standard,17
2023,10,PEUGEOT,04,Almería,Private,ICE,UKL2,REST,Standard,18
2023,10,PEUGEOT,04,Almería,Private,PHEV,UKL2,REST,Standard,2
2023,10,PORSCHE,04,Almería,Corporate,ICE,KKL,FOCUS SEGMENT,M Performance,1
2023,10,PORSCHE,04,Almería,Corporate,ICE,MKL,FOCUS SEGMENT,M Performance,1
2023,10,PORSCHE,04,Almería,Corporate,PHEV,MKL,FOCUS SEGMENT,Standard,3
2023,10,PORSCHE,04,Almería,Private,ICE,GKL,FOCUS SEGMENT,M,1
2023,10,PORSCHE,04,Almería,Private,PHEV,MKL,FOCUS SEGMENT,Standard,1
2023,10,RENAULT,04,Almería,Corporate,ICE,UKL1,REST,Standard,1
2023,10,RENAULT,04,Almería,Corporate,ICE,UKL2,REST,Standard,2
2023,10,RENAULT,04,Almería,Corporate,PHEV,UKL1,REST,Standard,1
2023,10,RENAULT,04,Almería,Private,ICE,UKL1,REST,Standard,13
2023,10,RENAULT,04,Almería,Private,ICE,UKL2,REST,Standard,13
2023,10,SEAT,04,Almería,Corporate,ICE,UKL1,REST,Standard,4
2023,10,SEAT,04,Almería,Corporate,ICE,UKL2,REST,Standard,3
2023,10,SEAT,04,Almería,Corporate,PHEV,UKL2,REST,Standard,3
2023,10,SEAT,04,Almería,Private,ICE,,REST,Standard,1
2023,10,SEAT,04,Almería,Private,ICE,UKL1,REST,Standard,11
2023,10,SEAT,04,Almería,Private,ICE,UKL2,REST,Standard,7
2023,10,SKODA,04,Almería,Corporate,ICE,KKL,REST,Standard,1
2023,10,SKODA,04,Almería,Corporate,ICE,UKL1,REST,Standard,6
2023,10,SKODA,04,Almería,Corporate,ICE,UKL2,REST,Standard,1
2023,10,SKODA,04,Almería,Private,ICE,KKL,REST,Standard,1
2023,10,SKODA,04,Almería,Private,ICE,UKL1,REST,Standard,11
2023,10,SKODA,04,Almería,Private,ICE,UKL2,REST,Standard,6
2023,10,SKODA,04,Almería,Private,PHEV,UKL2,REST,Standard,1
2023,10,SMART,04,Almería,Corporate,BEV,,REST,Standard,1
2023,10,SSANGYONG,04,Almería,Private,ICE,KKL,REST,Standard,2
2023,10,SSANGYONG,04,Almería,Private,ICE,UKL1,REST,Standard,1
2023,10,SUBARU,04,Almería,Private,ICE,UKL2,REST,Standard,1
2023,10,SUZUKI,04,Almería,Private,ICE,UKL1,REST,Standard,1
2023,10,SUZUKI,04,Almería,Private,ICE,UKL2,REST,Standard,3
2023,10,TESLA,04,Almería,Private,BEV,KKL,FOCUS SEGMENT,Standard,2
2023,10,TOYOTA,04,Almería,Corporate,ICE,GKL,REST,Standard,2
2023,10,TOYOTA,04,Almería,Corporate,ICE,SKL,REST,Standard,4
2023,10,TOYOTA,04,Almería,Corporate,ICE,UKL1,REST,Standard,4
2023,10,TOYOTA,04,Almería,Corporate,ICE,UKL2,REST,Standard,6
2023,10,TOYOTA,04,Almería,Private,ICE,GKL,REST,Standard,2
2023,10,TOYOTA,04,Almería,Private,ICE,UKL1,REST,Standard,43
2023,10,TOYOTA,04,Almería,Private,ICE,UKL2,REST,Standard,25
2023,10,TOYOTA,04,Almería,Private,PHEV,UKL2,REST,Standard,4
2023,10,VOLKSWAGEN,04,Almería,Corporate,ICE,UKL2,REST,Standard,1
2023,10,VOLKSWAGEN,04,Almería,Corporate,PHEV,MKL,REST,Standard,1
2023,10,VOLKSWAGEN,04,Almería,Private,BEV,SKL,REST,Standard,1
2023,10,VOLKSWAGEN,04,Almería,Private,ICE,UKL1,REST,Standard,7
2023,10,VOLKSWAGEN,04,Almería,Private,ICE,UKL2,REST,Standard,13
2023,10,VOLKSWAGEN,04,Almería,Private,PHEV,UKL2,REST,Standard,2
2023,10,VOLKSWAGEN,04,Almería,RAC,ICE,SKL,REST,Standard,1
2023,10,VOLVO,04,Almería,Corporate,BEV,UKL2,FOCUS SEGMENT,Standard,1
2023,10,VOLVO,04,Almería,Corporate,ICE,KKL,FOCUS SEGMENT,Standard,1
2023,10,VOLVO,04,Almería,Private,ICE,KKL,FOCUS SEGMENT,Standard,1
2023,10,VOLVO,04,Almería,Private,ICE,MKL,FOCUS SEGMENT,Standard,1
2023,10,VOLVO,04,Almería,Private,ICE,UKL2,FOCUS SEGMENT,Standard,4
2023,10,VOLVO,04,Almería,Private,PHEV,KKL,FOCUS SEGMENT,Standard,1
2023,10,ZHIDOU,04,Almería,Private,BEV,,,Standard,1
2023,10,ALFA ROMEO,05,Ávila,Corporate,PHEV,UKL2,REST,Standard,1
2023,10,AUDI,05,Ávila,Private,ICE,KKL,FOCUS SEGMENT,Standard,3
2023,10,AUDI,05,Ávila,Private,ICE,UKL2,FOCUS SEGMENT,Standard,1
2023,10,BMW,05,Ávila,Corporate,ICE,GKL,FOCUS SEGMENT,Standard,2
2023,10,BMW,05,Ávila,Corporate,ICE,KKL,FOCUS SEGMENT,Standard,1
2023,10,BMW,05,Ávila,Corporate,ICE,MKL,FOCUS SEGMENT,Standard,1
2023,10,BMW,05,Ávila,Private,ICE,KKL,FOCUS SEGMENT,Standard,1
2023,10,BMW,05,Ávila,Private,ICE,UKL2,FOCUS SEGMENT,Standard,1
2023,10,CITROEN,05,Ávila,Corporate,ICE,UKL1,REST,Standard,1
2023,10,CITROEN,05,Ávila,Private,BEV,UKL2,REST,Standard,1
2023,10,DACIA,05,Ávila,Private,ICE,SKL,REST,Standard,4
2023,10,DACIA,05,Ávila,Private,ICE,UKL1,REST,Standard,5
2023,10,DR,05,Ávila,Private,ICE,UKL1,REST,Standard,1
2023,10,FIAT,05,Ávila,Corporate,ICE,UKL0,REST,Standard,5
2023,10,FIAT,05,Ávila,Private,ICE,UKL0,REST,Standard,1
2023,10,FORD,05,Ávila,Private,ICE,UKL1,REST,Standard,1
2023,10,FORD,05,Ávila,Private,PHEV,UKL2,REST,Standard,1
2023,10,HYUNDAI,05,Ávila,Corporate,ICE,UKL1,REST,Standard,1
2023,10,HYUNDAI,05,Ávila,Corporate,ICE,UKL2,REST,Standard,1
2023,10,HYUNDAI,05,Ávila,Private,ICE,UKL1,REST,Standard,4
2023,10,HYUNDAI,05,Ávila,Private,ICE,UKL2,REST,Standard,6
2023,10,JEEP,05,Ávila,Corporate,ICE,UKL1,REST,Standard,1
2023,10,JEEP,05,Ávila,Corporate,ICE,UKL2,REST,Standard,1
2023,10,JEEP,05,Ávila,Corporate,PHEV,UKL1,REST,Standard,1
2023,10,JEEP,05,Ávila,Corporate,PHEV,UKL2,REST,Standard,1
2023,10,KIA,05,Ávila,Corporate,ICE,UKL2,REST,Standard,2
2023,10,KIA,05,Ávila,Private,BEV,UKL2,REST,Standard,1
2023,10,KIA,05,Ávila,Private,ICE,UKL1,REST,Standard,1
2023,10,KIA,05,Ávila,Private,ICE,UKL2,REST,Standard,9
2023,10,KIA,05,Ávila,Private,PHEV,UKL2,REST,Standard,1
2023,10,MAZDA,05,Ávila,Private,ICE,UKL2,REST,Standard,5
2023,10,MERCEDES,05,Ávila,Corporate,ICE,KKL,FOCUS SEGMENT,Standard,1
2023,10,MERCEDES,05,Ávila,Corporate,PHEV,UKL2,FOCUS SEGMENT,Standard,1
2023,10,MERCEDES,05,Ávila,Private,BEV,UKL2,FOCUS SEGMENT,Standard,1
2023,10,MERCEDES,05,Ávila,Private,ICE,KKL,FOCUS SEGMENT,Standard,1
2023,10,MERCEDES,05,Ávila,Private,ICE,MKL,REST,Standard,1
2023,10,MERCEDES,05,Ávila,Private,ICE,UKL2,FOCUS SEGMENT,Standard,1
2023,10,MG,05,Ávila,Corporate,BEV,UKL2,REST,Standard,1
2023,10,MG,05,Ávila,Private,BEV,UKL1,REST,Standard,1
2023,10,MG,05,Ávila,Private,ICE,KKL,REST,Standard,3
2023,10,MG,05,Ávila,Private,ICE,UKL1,REST,Standard,4
2023,10,MITSUBISHI,05,Ávila,Corporate,ICE,UKL1,REST,Standard,1
2023,10,NISSAN,05,Ávila,Corporate,ICE,UKL2,REST,Standard,3
2023,10,NISSAN,05,Ávila,Private,ICE,KKL,REST,Standard,1
2023,10,NISSAN,05,Ávila,Private,ICE,UKL2,REST,Standard,2
2023,10,OPEL,05,Ávila,Corporate,ICE,UKL1,REST,Standard,1
2023,10,OPEL,05,Ávila,Private,ICE,UKL1,REST,Standard,1
2023,10,PEUGEOT,05,Ávila,Private,BEV,UKL1,REST,Standard,1
2023,10,PEUGEOT,05,Ávila,Private,ICE,UKL2,REST,Standard,1
2023,10,PEUGEOT,05,Ávila,Private,PHEV,UKL2,REST,Standard,2
2023,10,PORSCHE,05,Ávila,Private,ICE,KKL,FOCUS SEGMENT,Standard,1
2023,10,RENAULT,05,Ávila,Corporate,ICE,UKL1,REST,Standard,1
2023,10,RENAULT,05,Ávila,Corporate,ICE,UKL2,REST,Standard,4
2023,10,RENAULT,05,Ávila,Private,ICE,UKL1,REST,Standard,4
2023,10,RENAULT,05,Ávila,Private,ICE,UKL2,REST,Standard,4
2023,10,SEAT,05,Ávila,Corporate,ICE,UKL1,REST,Standard,2
2023,10,SEAT,05,Ávila,Corporate,ICE,UKL2,REST,Standard,4
2023,10,SEAT,05,Ávila,Corporate,PHEV,KKL,REST,Standard,1
2023,10,SEAT,05,Ávila,Corporate,PHEV,UKL2,REST,Standard,1
2023,10,SEAT,05,Ávila,Private,ICE,UKL2,REST,Standard,4
2023,10,SKODA,05,Ávila,Private,ICE,UKL1,REST,Standard,1
2023,10,SSANGYONG,05,Ávila,Corporate,ICE,KKL,REST,Standard,1
2023,10,SUZUKI,05,Ávila,Corporate,ICE,UKL1,REST,Standard,1
2023,10,SUZUKI,05,Ávila,Private,ICE,SKL,REST,Standard,1
2023,10,SUZUKI,05,Ávila,Private,ICE,UKL2,REST,Standard,1
2023,10,TOYOTA,05,Ávila,Corporate,ICE,UKL2,REST,Standard,1
2023,10,TOYOTA,05,Ávila,Private,ICE,UKL1,REST,Standard,5
2023,10,TOYOTA,05,Ávila,Private,ICE,UKL2,REST,Standard,3
2023,10,VOLKSWAGEN,05,Ávila,Private,ICE,UKL1,REST,Standard,1
2023,10,VOLKSWAGEN,05,Ávila,Private,ICE,UKL2,REST,Standard,1
2023,10,VOLVO,05,Ávila,Corporate,BEV,UKL2,FOCUS SEGMENT,Standard,1
2023,10,VOLVO,05,Ávila,Corporate,ICE,KKL,FOCUS SEGMENT,Standard,2
2023,10,VOLVO,05,Ávila,Private,ICE,KKL,FOCUS SEGMENT,Standard,1
2023,10,VOLVO,05,Ávila,Private,ICE,UKL2,FOCUS SEGMENT,Standard,2
2023,10,AUDI,06,Badajoz,Corporate,ICE,KKL,FOCUS SEGMENT,Standard,5
2023,10,AUDI,06,Badajoz,Corporate,ICE,MKL,FOCUS SEGMENT,Standard,7
2023,10,AUDI,06,Badajoz,Corporate,ICE,UKL2,FOCUS SEGMENT,Standard,5
2023,10,AUDI,06,Badajoz,Private,BEV,UKL2,FOCUS SEGMENT,Standard,1
2023,10,AUDI,06,Badajoz,Private,ICE,KKL,FOCUS SEGMENT,Standard,4
2023,10,AUDI,06,Badajoz,Private,ICE,UKL2,FOCUS SEGMENT,Standard,10
2023,10,AUDI,06,Badajoz,Private,PHEV,UKL2,FOCUS SEGMENT,Standard,1
2023,10,BMW,06,Badajoz,Corporate,BEV,MKL,FOCUS SEGMENT,Standard,1
2023,10,BMW,06,Badajoz,Corporate,ICE,KKL,FOCUS SEGMENT,Standard,1
2023,10,BMW,06,Badajoz,Corporate,ICE,MKL,FOCUS SEGMENT,Standard,2
2023,10,BMW,06,Badajoz,Private,BEV,KKL,FOCUS SEGMENT,Standard,1
2023,10,BMW,06,Badajoz,Private,ICE,KKL,FOCUS SEGMENT,Standard,4
2023,10,BMW,06,Badajoz,Private,ICE,UKL2,FOCUS SEGMENT,Standard,6
2023,10,CITROEN,06,Badajoz,Corporate,ICE,MKL,REST,Standard,1
2023,10,CITROEN,06,Badajoz,Corporate,ICE,UKL2,REST,Standard,1
2023,10,CITROEN,06,Badajoz,Private,ICE,MKL,REST,Standard,1
2023,10,CITROEN,06,Badajoz,Private,ICE,UKL1,REST,Standard,4
2023,10,CITROEN,06,Badajoz,Private,ICE,UKL2,REST,Standard,17
2023,10,CITROEN,06,Badajoz,Private,PHEV,MKL,REST,Standard,2
2023,10,CUPRA,06,Badajoz,Corporate,ICE,UKL2,REST,Standard,3
2023,10,CUPRA,06,Badajoz,Private,ICE,UKL2,REST,Standard,1
2023,10,DACIA,06,Badajoz,Corporate,BEV,UKL0,REST,Standard,1
2023,10,DACIA,06,Badajoz,Corporate,ICE,SKL,REST,Standard,11
2023,10,DACIA,06,Badajoz,Corporate,ICE,UKL2,REST,Standard,1
2023,10,DACIA,06,Badajoz,Private,ICE,SKL,REST,Standard,2
2023,10,DACIA,06,Badajoz,Private,ICE,UKL1,REST,Standard,17
2023,10,DACIA,06,Badajoz,Private,ICE,UKL2,REST,Standard,2
2023,10,FIAT,06,Badajoz,Private,ICE,UKL0,REST,Standard,1
2023,10,FORD,06,Badajoz,Corporate,ICE,SKL,REST,Standard,3
2023,10,FORD,06,Badajoz,Corporate,ICE,UKL1,REST,Standard,1
2023,10,FORD,06,Badajoz,Corporate,ICE,UKL2,REST,Standard,3
2023,10,FORD,06,Badajoz,Private,ICE,UKL1,REST,Standard,6
2023,10,FORD,06,Badajoz,Private,ICE,UKL2,REST,Standard,4
2023,10,FORD,06,Badajoz,Private,PHEV,UKL2,REST,Standard,3
2023,10,HONDA,06,Badajoz,Private,ICE,UKL1,REST,Standard,1
2023,10,HONDA,06,Badajoz,Private,ICE,UKL2,REST,Standard,1
2023,10,HYUNDAI,06,Badajoz,Corporate,ICE,MKL,REST,Standard,1
2023,10,HYUNDAI,06,Badajoz,Corporate,ICE,UKL1,REST,Standard,22
2023,10,HYUNDAI,06,Badajoz,Corporate,ICE,UKL2,REST,Standard,8
2023,10,HYUNDAI,06,Badajoz,Private,ICE,MKL,REST,Standard,1
2023,10,HYUNDAI,06,Badajoz,Private,ICE,UKL0,REST,Standard,2
2023,10,HYUNDAI,06,Badajoz,Private,ICE,UKL1,REST,Standard,15
2023,10,HYUNDAI,06,Badajoz,Private,ICE,UKL2,REST,Standard,20
2023,10,HYUNDAI,06,Badajoz,Private,PHEV,UKL2,REST,Standard,1
2023,10,JEEP,06,Badajoz,Corporate,BEV,UKL1,REST,Standard,1
2023,10,JEEP,06,Badajoz,Corporate,ICE,UKL1,REST,Standard,1
2023,10,JEEP,06,Badajoz,Private,ICE,UKL1,REST,Standard,2
2023,10,JEEP,06,Badajoz,Private,PHEV,UKL2,REST,Standard,1
2023,10,KIA,06,Badajoz,Corporate,BEV,UKL2,REST,Standard,1
2023,10,KIA,06,Badajoz,Corporate,ICE,UKL2,REST,Standard,13
2023,10,KIA,06,Badajoz,Private,BEV,UKL2,REST,Standard,1
2023,10,KIA,06,Badajoz,Private,ICE,KKL,REST,Standard,1
2023,10,KIA,06,Badajoz,Private,ICE,UKL0,REST,Standard,1
2023,10,KIA,06,Badajoz,Private,ICE,UKL1,REST,Standard,12
2023,10,KIA,06,Badajoz,Private,ICE,UKL2,REST,Standard,34
2023,10,KIA,06,Badajoz,Private,PHEV,UKL2,REST,Standard,3
2023,10,LAND ROVER,06,Badajoz,Corporate,ICE,MKL,FOCUS SEGMENT,Standard,1
2023,10,MAZDA,06,Badajoz,Corporate,ICE,UKL2,REST,Standard,3
2023,10,MAZDA,06,Badajoz,Private,ICE,UKL2,REST,Standard,13
2023,10,MERCEDES,06,Badajoz,Corporate,ICE,GKL,FOCUS SEGMENT,Standard,2
2023,10,MERCEDES,06,Badajoz,Corporate,ICE,KKL,FOCUS SEGMENT,Standard,2
2023,10,MERCEDES,06,Badajoz,Corporate,ICE,MKL,FOCUS SEGMENT,M Performance,1
2023,10,MERCEDES,06,Badajoz,Corporate,ICE,MKL,FOCUS SEGMENT,Standard,2
2023,10,MERCEDES,06,Badajoz,Corporate,ICE,SKL,REST,Standard,1
2023,10,MERCEDES,06,Badajoz,Corporate,ICE,UKL2,FOCUS SEGMENT,Standard,1
2023,10,MERCEDES,06,Badajoz,Corporate,PHEV,UKL2,FOCUS SEGMENT,Standard,1
2023,10,MERCEDES,06,Badajoz,Private,BEV,UKL2,FOCUS SEGMENT,Standard,1
2023,10,MERCEDES,06,Badajoz,Private,ICE,KKL,FOCUS SEGMENT,Standard,1
2023,10,MERCEDES,06,Badajoz,Private,ICE,MKL,FOCUS SEGMENT,Standard,2
2023,10,MERCEDES,06,Badajoz,Private,ICE,UKL2,FOCUS SEGMENT,Standard,5
2023,10,MG,06,Badajoz,Corporate,BEV,UKL2,REST,Standard,1
2023,10,MG,06,Badajoz,Corporate,ICE,UKL1,REST,Standard,7
2023,10,MG,06,Badajoz,Private,BEV,UKL2,REST,Standard,1
2023,10,MG,06,Badajoz,Private,ICE,KKL,REST,Standard,7
2023,10,MG,06,Badajoz,Private,ICE,UKL1,REST,Standard,33
2023,10,MINI,06,Badajoz,Private,ICE,UKL1,FOCUS SEGMENT,Standard,2
2023,10,MINI,06,Badajoz,Private,PHEV,UKL2,FOCUS SEGMENT,Standard,1
2023,10,MITSUBISHI,06,Badajoz,Corporate,ICE,UKL1,REST,Standard,1
2023,10,MITSUBISHI,06,Badajoz,Corporate,ICE,UKL2,REST,Standard,1
2023,10,MITSUBISHI,06,Badajoz,Private,PHEV,UKL2,REST,Standard,1
2023,10,NISSAN,06,Badajoz,Private,ICE,KKL,REST,Standard,3
2023,10,NISSAN,06,Badajoz,Private,ICE,UKL1,REST,Standard,2
2023,10,NISSAN,06,Badajoz,Private,ICE,UKL2,REST,Standard,8
2023,10,OPEL,06,Badajoz,Corporate,ICE,UKL1,REST,Standard,24
2023,10,OPEL,06,Badajoz,Corporate,ICE,UKL2,REST,Standard,3
2023,10,OPEL,06,Badajoz,Corporate,PHEV,UKL2,REST,Standard,2
2023,10,OPEL,06,Badajoz,Private,BEV,UKL1,REST,Standard,1
2023,10,OPEL,06,Badajoz,Private,ICE,UKL1,REST,Standard,12
2023,10,OPEL,06,Badajoz,Private,ICE,UKL2,REST,Standard,3
2023,10,OPEL,06,Badajoz,Private,PHEV,UKL2,REST,Standard,1
2023,10,PEUGEOT,06,Badajoz,Corporate,BEV,UKL1,REST,Standard,1
2023,10,PEUGEOT,06,Badajoz,Corporate,ICE,KKL,REST,Standard,3
2023,10,PEUGEOT,06,Badajoz,Private,BEV,UKL1,REST,Standard,1
2023,10,PEUGEOT,06,Badajoz,Private,ICE,UKL1,REST,Standard,8
2023,10,PEUGEOT,06,Badajoz,Private,ICE,UKL2,REST,Standard,4
2023,10,PEUGEOT,06,Badajoz,Private,PHEV,KKL,REST,Standard,1
2023,10,PORSCHE,06,Badajoz,Private,ICE,MKL,FOCUS SEGMENT,Standard,1
2023,10,RENAULT,06,Badajoz,Corporate,ICE,SKL,REST,Standard,4
2023,10,RENAULT,06,Badajoz,Corporate,ICE,UKL2,REST,Standard,11
2023,10,RENAULT,06,Badajoz,Private,ICE,UKL1,REST,Standard,9
2023,10,RENAULT,06,Badajoz,Private,ICE,UKL2,REST,Standard,10
2023,10,SEAT,06,Badajoz,Corporate,ICE,UKL1,REST,Standard,4
2023,10,SEAT,06,Badajoz,Private,ICE,UKL1,REST,Standard,5
2023,10,SEAT,06,Badajoz,Private,ICE,UKL2,REST,Standard,8
2023,10,SKODA,06,Badajoz,Corporate,ICE,UKL2,REST,Standard,3
2023,10,SKODA,06,Badajoz,Private,ICE,KKL,REST,Standard,2
2023,10,SKODA,06,Badajoz,Private,ICE,UKL1,REST,Standard,7
2023,10,SKODA,06,Badajoz,Private,ICE,UKL2,REST,Standard,7
2023,10,SMART,06,Badajoz,Corporate,BEV,,REST,Standard,1
2023,10,SSANGYONG,06,Badajoz,Private,ICE,MKL,REST,Standard,1
2023,10,SUZUKI,06,Badajoz,Private,ICE,SKL,REST,Standard,2
2023,10,TESLA,06,Badajoz,Corporate,BEV,KKL,FOCUS SEGMENT,Standard,1
2023,10,TESLA,06,Badajoz,Private,BEV,KKL,FOCUS SEGMENT,Standard,3
2023,10,TOYOTA,06,Badajoz,Corporate,BEV,UKL2,REST,Standard,1
2023,10,TOYOTA,06,Badajoz,Corporate,ICE,MKL,REST,Standard,1
2023,10,TOYOTA,06,Badajoz,Corporate,ICE,SKL,REST,Standard,1
2023,10,TOYOTA,06,Badajoz,Corporate,ICE,UKL1,REST,Standard,1
2023,10,TOYOTA,06,Badajoz,Corporate,ICE,UKL2,REST,Standard,15
2023,10,TOYOTA,06,Badajoz,Private,ICE,SKL,REST,Standard,1
2023,10,TOYOTA,06,Badajoz,Private,ICE,UKL1,REST,Standard,20
2023,10,TOYOTA,06,Badajoz,Private,ICE,UKL2,REST,Standard,10
2023,10,TOYOTA,06,Badajoz,Private,PHEV,UKL2,REST,Standard,1
2023,10,VOLKSWAGEN,06,Badajoz,Corporate,BEV,UKL2,REST,Standard,1
2023,10,VOLKSWAGEN,06,Badajoz,Corporate,ICE,MKL,REST,Standard,4
2023,10,VOLKSWAGEN,06,Badajoz,Corporate,ICE,SKL,REST,Standard,1
2023,10,VOLKSWAGEN,06,Badajoz,Corporate,ICE,UKL1,REST,Standard,3
2023,10,VOLKSWAGEN,06,Badajoz,Corporate,ICE,UKL2,REST,Standard,2
2023,10,VOLKSWAGEN,06,Badajoz,Private,ICE,MKL,REST,Standard,1
2023,10,VOLKSWAGEN,06,Badajoz,Private,ICE,UKL1,REST,Standard,8
2023,10,VOLKSWAGEN,06,Badajoz,Private,ICE,UKL2,REST,Standard,13
2023,10,VOLVO,06,Badajoz,Corporate,ICE,MKL,FOCUS SEGMENT,Standard,1
2023,10,VOLVO,06,Badajoz,Private,BEV,UKL2,FOCUS SEGMENT,Standard,1
2023,10,VOLVO,06,Badajoz,Private,ICE,KKL,FOCUS SEGMENT,Standard,1
2023,10,VOLVO,06,Badajoz,Private,ICE,UKL2,FOCUS SEGMENT,Standard,1
2023,10,ALPINE,07,Baleares,Private,ICE,KKL,REST,Standard,1
2023,10,AUDI,07,Baleares,Corporate,BEV,MKL,FOCUS SEGMENT,Standard,1
2023,10,AUDI,07,Baleares,Corporate,BEV,UKL2,FOCUS SEGMENT,Standard,5
2023,10,AUDI,07,Baleares,Corporate,ICE,MKL,FOCUS SEGMENT,Standard,1
2023,10,AUDI,07,Baleares,Corporate,ICE,UKL1,FOCUS SEGMENT,Standard,2
2023,10,AUDI,07,Baleares,Corporate,ICE,UKL2,FOCUS SEGMENT,M,1
2023,10,AUDI,07,Baleares,Corporate,ICE,UKL2,FOCUS SEGMENT,Standard,7
2023,10,AUDI,07,Baleares,Corporate,PHEV,UKL2,FOCUS SEGMENT,Standard,1
2023,10,AUDI,07,Baleares,Private,BEV,UKL2,FOCUS SEGMENT,Standard,3
2023,10,AUDI,07,Baleares,Private,ICE,KKL,FOCUS SEGMENT,Standard,1
2023,10,AUDI,07,Baleares,Private,ICE,UKL1,FOCUS SEGMENT,Standard,5
2023,10,AUDI,07,Baleares,Private,ICE,UKL2,FOCUS SEGMENT,M,1
2023,10,AUDI,07,Baleares,Private,ICE,UKL2,FOCUS SEGMENT,Standard,13
2023,10,AUDI,07,Baleares,Private,PHEV,KKL,FOCUS SEGMENT,Standard,2
2023,10,AUDI,07,Baleares,Private,PHEV,UKL2,FOCUS SEGMENT,Standard,2
2023,10,AUDI,07,Baleares,RAC,ICE,UKL1,FOCUS SEGMENT,Standard,1
2023,10,BMW,07,Baleares,Corporate,BEV,KKL,FOCUS SEGMENT,M Performance,1
2023,10,BMW,07,Baleares,Corporate,BEV,KKL,FOCUS SEGMENT,Standard,2
2023,10,BMW,07,Baleares,Corporate,BEV,MKL,FOCUS SEGMENT,M Performance,1
2023,10,BMW,07,Baleares,Corporate,BEV,UKL2,FOCUS SEGMENT,Standard,2
2023,10,BMW,07,Baleares,Corporate,ICE,GKL,FOCUS SEGMENT,Standard,1
2023,10,BMW,07,Baleares,Corporate,ICE,KKL,FOCUS SEGMENT,M,1
2023,10,BMW,07,Baleares,Corporate,ICE,KKL,FOCUS SEGMENT,M Performance,2
2023,10,BMW,07,Baleares,Corporate,ICE,KKL,FOCUS SEGMENT,Standard,3
2023,10,BMW,07,Baleares,Corporate,ICE,MKL,FOCUS SEGMENT,M Performance,1
2023,10,BMW,07,Baleares,Corporate,ICE,UKL2,FOCUS SEGMENT,Standard,3
2023,10,BMW,07,Baleares,Private,ICE,KKL,FOCUS SEGMENT,Standard,3
2023,10,BMW,07,Baleares,Private,ICE,UKL2,FOCUS SEGMENT,M,1
2023,10,BMW,07,Baleares,Private,ICE,UKL2,FOCUS SEGMENT,Standard,10
2023,10,BMW,07,Baleares,Private,PHEV,UKL2,FOCUS SEGMENT,Standard,2
2023,10,BYD,07,Baleares,Private,BEV,UKL2,REST,Standard,1
2023,10,CITROEN,07,Baleares,Corporate,BEV,SKL,REST,Standard,3
2023,10,CITROEN,07,Baleares,Corporate,BEV,UKL2,REST,Standard,1
2023,10,CITROEN,07,Baleares,Corporate,ICE,MKL,REST,Standard,1
2023,10,CITROEN,07,Baleares,Corporate,ICE,UKL1,REST,Standard,2
2023,10,CITROEN,07,Baleares,Private,BEV,SKL,REST,Standard,1
2023,10,CITROEN,07,Baleares,Private,BEV,UKL2,REST,Standard,1
2023,10,CITROEN,07,Baleares,Private,ICE,MKL,REST,Standard,1
2023,10,CITROEN,07,Baleares,Private,ICE,UKL1,REST,Standard,14
2023,10,CITROEN,07,Baleares,Private,ICE,UKL2,REST,Standard,14
2023,10,CITROEN,07,Baleares,RAC,BEV,UKL2,REST,Standard,1
2023,10,CUPRA,07,Baleares,Corporate,ICE,UKL2,REST,Standard,3
2023,10,CUPRA,07,Baleares,Corporate,PHEV,UKL2,REST,Standard,2
2023,10,CUPRA,07,Baleares,Private,BEV,UKL2,REST,Standard,2
2023,10,CUPRA,07,Baleares,Private,ICE,UKL2,REST,Standard,6
2023,10,CUPRA,07,Baleares,Private,PHEV,UKL2,REST,Standard,1
2023,10,DACIA,07,Baleares,Corporate,BEV,UKL0,REST,Standard,3
2023,10,DACIA,07,Baleares,Corporate,ICE,SKL,REST,Standard,1
2023,10,DACIA,07,Baleares,Corporate,ICE,UKL1,REST,Standard,8
2023,10,DACIA,07,Baleares,Corporate,ICE,UKL2,REST,Standard,1
2023,10,DACIA,07,Baleares,Private,BEV,UKL0,REST,Standard,6
2023,10,DACIA,07,Baleares,Private,ICE,SKL,REST,Standard,25
2023,10,DACIA,07,Baleares,Private,ICE,UKL1,REST,Standard,102
2023,10,DACIA,07,Baleares,Private,ICE,UKL2,REST,Standard,13
2023,10,DS,07,Baleares,Private,ICE,UKL1,REST,Standard,1
2023,10,DS,07,Baleares,Private,ICE,UKL2,REST,Standard,1
2023,10,DS,07,Baleares,Private,PHEV,UKL2,REST,Standard,1
2023,10,FIAT,07,Baleares,Corporate,ICE,UKL0,REST,Standard,23
2023,10,FIAT,07,Baleares,Private,BEV,UKL0,REST,Standard,4
2023,10,FIAT,07,Baleares,Private,ICE,UKL0,REST,Standard,15
2023,10,FIAT,07,Baleares,RAC,ICE,UKL0,REST,Standard,3
2023,10,FORD,07,Baleares,Corporate,ICE,SKL,REST,Standard,3
2023,10,FORD,07,Baleares,Corporate,ICE,UKL1,REST,Standard,4
2023,10,FORD,07,Baleares,Corporate,ICE,UKL2,REST,Standard,2
2023,10,FORD,07,Baleares,Corporate,PHEV,UKL2,REST,Standard,2
2023,10,FORD,07,Baleares,Private,BEV,KKL,REST,Standard,1
2023,10,FORD,07,Baleares,Private,ICE,MKL,REST,Standard,2
2023,10,FORD,07,Baleares,Private,ICE,SKL,REST,Standard,11
2023,10,FORD,07,Baleares,Private,ICE,UKL1,REST,Standard,20
2023,10,FORD,07,Baleares,Private,ICE,UKL2,REST,Standard,11
2023,10,FORD,07,Baleares,Private,PHEV,UKL2,REST,Standard,7
2023,10,HONDA,07,Baleares,Private,ICE,UKL1,REST,Standard,1
2023,10,HYUNDAI,07,Baleares,Corporate,BEV,UKL1,REST,Standard,1
2023,10,HYUNDAI,07,Baleares,Corporate,ICE,MKL,REST,Standard,2
2023,10,HYUNDAI,07,Baleares,Corporate,ICE,UKL0,REST,Standard,3
2023,10,HYUNDAI,07,Baleares,Corporate,ICE,UKL1,REST,Standard,8
2023,10,HYUNDAI,07,Baleares,Corporate,ICE,UKL2,REST,Standard,2
2023,10,HYUNDAI,07,Baleares,Corporate,PHEV,MKL,REST,Standard,2
2023,10,HYUNDAI,07,Baleares,Corporate,PHEV,UKL2,REST,Standard,1
2023,10,HYUNDAI,07,Baleares,Private,BEV,KKL,REST,Standard,1
2023,10,HYUNDAI,07,Baleares,Private,BEV,UKL1,REST,Standard,3
2023,10,HYUNDAI,07,Baleares,Private,BEV,UKL2,REST,Standard,2
2023,10,HYUNDAI,07,Baleares,Private,ICE,MKL,REST,Standard,1
2023,10,HYUNDAI,07,Baleares,Private,ICE,UKL0,REST,Standard,24
2023,10,HYUNDAI,07,Baleares,Private,ICE,UKL1,REST,Standard,54
2023,10,HYUNDAI,07,Baleares,Private,ICE,UKL2,REST,Standard,22
2023,10,HYUNDAI,07,Baleares,Private,PHEV,UKL2,REST,Standard,1
2023,10,JEEP,07,Baleares,Private,BEV,UKL1,REST,Standard,1
2023,10,JEEP,07,Baleares,Private,ICE,UKL1,REST,Standard,14
2023,10,JEEP,07,Baleares,Private,ICE,UKL2,REST,Standard,2
2023,10,JEEP,07,Baleares,Private,PHEV,UKL2,REST,Standard,3
2023,10,KIA,07,Baleares,Corporate,BEV,KKL,REST,Standard,1
2023,10,KIA,07,Baleares,Corporate,BEV,MKL,REST,Standard,2
2023,10,KIA,07,Baleares,Corporate,BEV,UKL2,REST,Standard,2
2023,10,KIA,07,Baleares,Corporate,ICE,UKL0,REST,Standard,9
2023,10,KIA,07,Baleares,Corporate,ICE,UKL2,REST,Standard,14
2023,10,KIA,07,Baleares,Corporate,PHEV,UKL2,REST,Standard,1
2023,10,KIA,07,Baleares,Private,BEV,KKL,REST,Standard,10
2023,10,KIA,07,Baleares,Private,BEV,UKL2,REST,Standard,18
2023,10,KIA,07,Baleares,Private,ICE,KKL,REST,Standard,2
2023,10,KIA,07,Baleares,Private,ICE,UKL0,REST,Standard,18
2023,10,KIA,07,Baleares,Private,ICE,UKL1,REST,Standard,34
2023,10,KIA,07,Baleares,Private,ICE,UKL2,REST,Standard,54
2023,10,KIA,07,Baleares,Private,PHEV,UKL2,REST,Standard,9
2023,10,LAND ROVER,07,Baleares,Corporate,ICE,MKL,FOCUS SEGMENT,Standard,2
2023,10,LAND ROVER,07,Baleares,Corporate,PHEV,GKL,FOCUS SEGMENT,Standard,2
2023,10,LAND ROVER,07,Baleares,Corporate,PHEV,MKL,FOCUS SEGMENT,Standard,3
2023,10,LAND ROVER,07,Baleares,Private,ICE,MKL,FOCUS SEGMENT,Standard,3
2023,10,LAND ROVER,07,Baleares,Private,PHEV,GKL,FOCUS SEGMENT,Standard,1
2023,10,LAND ROVER,07,Baleares,Private,PHEV,MKL,FOCUS SEGMENT,Standard,1
2023,10,LAND ROVER,07,Baleares,RAC,ICE,GKL,FOCUS SEGMENT,Standard,2
2023,10,LAND ROVER,07,Baleares,RAC,ICE,MKL,FOCUS SEGMENT,Standard,1
2023,10,LEXUS,07,Baleares,Private,ICE,KKL,FOCUS SEGMENT,Standard,3
2023,10,LEXUS,07,Baleares,Private,ICE,UKL2,FOCUS SEGMENT,Standard,4
2023,10,MAZDA,07,Baleares,Corporate,ICE,UKL1,REST,Standard,1
2023,10,MAZDA,07,Baleares,Corporate,ICE,UKL2,REST,Standard,5
2023,10,MAZDA,07,Baleares,Private,BEV,UKL2,REST,Standard,1
2023,10,MAZDA,07,Baleares,Private,ICE,UKL1,REST,Standard,4
2023,10,MAZDA,07,Baleares,Private,ICE,UKL2,REST,Standard,11
2023,10,MERCEDES,07,Baleares,Corporate,BEV,KKL,FOCUS SEGMENT,Standard,4
2023,10,MERCEDES,07,Baleares,Corporate,BEV,UKL2,FOCUS SEGMENT,Standard,3
2023,10,MERCEDES,07,Baleares,Corporate,ICE,KKL,FOCUS SEGMENT,Standard,10
2023,10,MERCEDES,07,Baleares,Corporate,ICE,MKL,FOCUS SEGMENT,Standard,2
2023,10,MERCEDES,07,Baleares,Corporate,ICE,MKL,REST,Standard,1
2023,10,MERCEDES,07,Baleares,Corporate,ICE,UKL2,FOCUS SEGMENT,Standard,4
2023,10,MERCEDES,07,Baleares,Corporate,PHEV,KKL,FOCUS SEGMENT,Standard,3
2023,10,MERCEDES,07,Baleares,Corporate,PHEV,UKL2,FOCUS SEGMENT,Standard,3
2023,10,MERCEDES,07,Baleares,Private,ICE,GKL,FOCUS SEGMENT,M,1
2023,10,MERCEDES,07,Baleares,Private,ICE,KKL,FOCUS SEGMENT,Standard,3
2023,10,MERCEDES,07,Baleares,Private,ICE,MKL,REST,Standard,1
2023,10,MERCEDES,07,Baleares,Private,ICE,SKL,REST,Standard,3
2023,10,MERCEDES,07,Baleares,Private,ICE,UKL2,FOCUS SEGMENT,Standard,2
2023,10,MERCEDES-V,07,Baleares,Corporate,ICE,SKL,REST,Standard,1
2023,10,MG,07,Baleares,Corporate,BEV,UKL2,REST,Standard,1
2023,10,MG,07,Baleares,Corporate,ICE,UKL1,REST,Standard,3
2023,10,MG,07,Baleares,Private,BEV,UKL1,REST,Standard,3
2023,10,MG,07,Baleares,Private,BEV,UKL2,REST,Standard,2
2023,10,MG,07,Baleares,Private,ICE,KKL,REST,Standard,4
2023,10,MG,07,Baleares,Private,ICE,UKL1,REST,Standard,80
2023,10,MINI,07,Baleares,Corporate,ICE,UKL1,FOCUS SEGMENT,Standard,5
2023,10,MINI,07,Baleares,Private,BEV,UKL1,FOCUS SEGMENT,Standard,3
2023,10,MINI,07,Baleares,Private,ICE,UKL1,FOCUS SEGMENT,JCW,4
2023,10,MINI,07,Baleares,Private,ICE,UKL1,FOCUS SEGMENT,Standard,17
2023,10,MINI,07,Baleares,Private,ICE,UKL2,FOCUS SEGMENT,JCW,1
2023,10,MITSUBISHI,07,Baleares,Corporate,ICE,UKL1,REST,Standard,2
2023,10,MITSUBISHI,07,Baleares,Private,ICE,UKL1,REST,Standard,2
2023,10,MITSUBISHI,07,Baleares,Private,ICE,UKL2,REST,Standard,3
2023,10,MITSUBISHI,07,Baleares,Private,PHEV,UKL2,REST,Standard,1
2023,10,NISSAN,07,Baleares,Corporate,ICE,KKL,REST,Standard,2
2023,10,NISSAN,07,Baleares,Corporate,ICE,UKL1,REST,Standard,2
2023,10,NISSAN,07,Baleares,Corporate,ICE,UKL2,REST,Standard,3
2023,10,NISSAN,07,Baleares,Private,BEV,UKL2,REST,Standard,1
2023,10,NISSAN,07,Baleares,Private,ICE,KKL,REST,Standard,5
2023,10,NISSAN,07,Baleares,Private,ICE,SKL,REST,Standard,3
2023,10,NISSAN,07,Baleares,Private,ICE,UKL1,REST,Standard,12
2023,10,NISSAN,07,Baleares,Private,ICE,UKL2,REST,Standard,13
2023,10,NISSAN,07,Baleares,RAC,ICE,UKL2,REST,Standard,1
2023,10,OPEL,07,Baleares,Corporate,BEV,SKL,REST,Standard,1
2023,10,OPEL,07,Baleares,Corporate,BEV,UKL1,REST,Standard,2
2023,10,OPEL,07,Baleares,Corporate,ICE,UKL1,REST,Standard,12
2023,10,OPEL,07,Baleares,Corporate,ICE,UKL2,REST,Standard,3
2023,10,OPEL,07,Baleares,Corporate,PHEV,UKL2,REST,Standard,1
2023,10,OPEL,07,Baleares,Private,BEV,SKL,REST,Standard,1
2023,10,OPEL,07,Baleares,Private,BEV,UKL1,REST,Standard,3
2023,10,OPEL,07,Baleares,Private,ICE,UKL1,REST,Standard,45
2023,10,OPEL,07,Baleares,Private,ICE,UKL2,REST,Standard,4
2023,10,OPEL,07,Baleares,RAC,ICE,UKL1,REST,Standard,22
2023,10,PEUGEOT,07,Baleares,Corporate,BEV,SKL,REST,Standard,5
2023,10,PEUGEOT,07,Baleares,Corporate,ICE,UKL1,REST,Standard,4
2023,10,PEUGEOT,07,Baleares,Corporate,ICE,UKL2,REST,Standard,1
2023,10,PEUGEOT,07,Baleares,Private,BEV,UKL1,REST,Standard,3
2023,10,PEUGEOT,07,Baleares,Private,ICE,KKL,REST,Standard,2
2023,10,PEUGEOT,07,Baleares,Private,ICE,UKL1,REST,Standard,27
2023,10,PEUGEOT,07,Baleares,Private,ICE,UKL2,REST,Standard,9
2023,10,PEUGEOT,07,Baleares,RAC,ICE,UKL1,REST,Standard,10
2023,10,PORSCHE,07,Baleares,Corporate,BEV,GKL,FOCUS SEGMENT,Standard,1
2023,10,PORSCHE,07,Baleares,Corporate,ICE,KKL,FOCUS SEGMENT,Standard,1
2023,10,PORSCHE,07,Baleares,Corporate,PHEV,GKL,FOCUS SEGMENT,Standard,1
2023,10,PORSCHE,07,Baleares,Corporate,PHEV,MKL,FOCUS SEGMENT,Standard,5
2023,10,PORSCHE,07,Baleares,Private,BEV,GKL,FOCUS SEGMENT,Standard,1
2023,10,PORSCHE,07,Baleares,Private,ICE,GKL,FOCUS SEGMENT,M Performance,1
2023,10,PORSCHE,07,Baleares,Private,ICE,KKL,FOCUS SEGMENT,M Performance,2
2023,10,PORSCHE,07,Baleares,Private,PHEV,MKL,FOCUS SEGMENT,Standard,4
2023,10,PORSCHE,07,Baleares,RAC,ICE,KKL,FOCUS SEGMENT,M Performance,1
2023,10,RENAULT,07,Baleares,Corporate,BEV,UKL1,REST,Standard,1
2023,10,RENAULT,07,Baleares,Corporate,BEV,UKL2,REST,Standard,14
2023,10,RENAULT,07,Baleares,Corporate,ICE,UKL2,REST,Standard,4
2023,10,RENAULT,07,Baleares,Private,BEV,UKL1,REST,Standard,1
2023,10,RENAULT,07,Baleares,Private,BEV,UKL2,REST,Standard,1
2023,10,RENAULT,07,Baleares,Private,ICE,KKL,REST,Standard,1
2023,10,RENAULT,07,Baleares,Private,ICE,SKL,REST,Standard,8
2023,10,RENAULT,07,Baleares,Private,ICE,UKL1,REST,Standard,31
2023,10,RENAULT,07,Baleares,Private,ICE,UKL2,REST,Standard,19
2023,10,RENAULT,07,Baleares,RAC,BEV,UKL2,REST,Standard,2
2023,10,SEAT,07,Baleares,Corporate,ICE,UKL1,REST,Standard,10
2023,10,SEAT,07,Baleares,Corporate,ICE,UKL2,REST,Standard,1
2023,10,SEAT,07,Baleares,Corporate,PHEV,UKL2,REST,Standard,1
2023,10,SEAT,07,Baleares,Private,ICE,UKL1,REST,Standard,44
2023,10,SEAT,07,Baleares,Private,ICE,UKL2,REST,Standard,12
2023,10,SEAT,07,Baleares,Private,PHEV,UKL2,REST,Standard,1
2023,10,SKODA,07,Baleares,Corporate,ICE,UKL1,REST,Standard,3
2023,10,SKODA,07,Baleares,Private,ICE,KKL,REST,Standard,1
2023,10,SKODA,07,Baleares,Private,ICE,UKL1,REST,Standard,26
2023,10,SKODA,07,Baleares,Private,ICE,UKL2,REST,Standard,5
2023,10,SMART,07,Baleares,Corporate,BEV,UKL1,FOCUS SEGMENT,Standard,1
2023,10,SMART,07,Baleares,Private,BEV,,REST,Standard,1
2023,10,SMART,07,Baleares,Private,BEV,UKL1,FOCUS SEGMENT,Standard,2
2023,10,SSANGYONG,07,Baleares,Corporate,ICE,KKL,REST,Standard,1
2023,10,SSANGYONG,07,Baleares,RAC,ICE,KKL,REST,Standard,1
2023,10,SUBARU,07,Baleares,Corporate,ICE,KKL,REST,Standard,1
2023,10,SUBARU,07,Baleares,RAC,ICE,UKL2,REST,Standard,1
2023,10,SUZUKI,07,Baleares,Corporate,ICE,SKL,REST,Standard,1
2023,10,SUZUKI,07,Baleares,Corporate,ICE,UKL1,REST,Standard,1
2023,10,SUZUKI,07,Baleares,Private,ICE,SKL,REST,Standard,1
2023,10,SUZUKI,07,Baleares,Private,ICE,UKL0,REST,Standard,2
2023,10,SUZUKI,07,Baleares,Private,ICE,UKL1,REST,Standard,6
2023,10,SUZUKI,07,Baleares,Private,ICE,UKL2,REST,Standard,1
2023,10,SUZUKI,07,Baleares,RAC,ICE,UKL1,REST,Standard,1
2023,10,TESLA,07,Baleares,Corporate,BEV,KKL,FOCUS SEGMENT,Standard,2
2023,10,TESLA,07,Baleares,Private,BEV,KKL,FOCUS SEGMENT,Standard,20
2023,10,TOYOTA,07,Baleares,Corporate,BEV,SKL,REST,Standard,2
2023,10,TOYOTA,07,Baleares,Corporate,BEV,UKL2,REST,Standard,1
2023,10,TOYOTA,07,Baleares,Corporate,ICE,UKL1,REST,Standard,10
2023,10,TOYOTA,07,Baleares,Corporate,ICE,UKL2,REST,Standard,1
2023,10,TOYOTA,07,Baleares,Corporate,PHEV,UKL2,REST,Standard,2
2023,10,TOYOTA,07,Baleares,Private,BEV,UKL2,REST,Standard,1
2023,10,TOYOTA,07,Baleares,Private,ICE,SKL,REST,Standard,3
2023,10,TOYOTA,07,Baleares,Private,ICE,UKL1,REST,Standard,81
2023,10,TOYOTA,07,Baleares,Private,ICE,UKL2,REST,Standard,41
2023,10,TOYOTA,07,Baleares,Private,PHEV,UKL2,REST,Standard,1
2023,10,VOLKSWAGEN,07,Baleares,Corporate,ICE,MKL,REST,Standard,1
2023,10,VOLKSWAGEN,07,Baleares,Corporate,PHEV,MKL,REST,Standard,1
2023,10,VOLKSWAGEN,07,Baleares,Corporate,PHEV,SKL,REST,Standard,2
2023,10,VOLKSWAGEN,07,Baleares,Corporate,PHEV,UKL2,REST,Standard,1
2023,10,VOLKSWAGEN,07,Baleares,Private,BEV,SKL,REST,Standard,2
2023,10,VOLKSWAGEN,07,Baleares,Private,BEV,UKL2,REST,Standard,2
2023,10,VOLKSWAGEN,07,Baleares,Private,ICE,SKL,REST,Standard,2
2023,10,VOLKSWAGEN,07,Baleares,Private,ICE,UKL1,REST,Standard,18
2023,10,VOLKSWAGEN,07,Baleares,Private,ICE,UKL2,REST,Standard,30
2023,10,VOLKSWAGEN,07,Baleares,Private,PHEV,SKL,REST,Standard,1
2023,10,VOLKSWAGEN,07,Baleares,Private,PHEV,UKL2,REST,Standard,5
2023,10,VOLVO,07,Baleares,Corporate,BEV,UKL2,FOCUS SEGMENT,Standard,2
2023,10,VOLVO,07,Baleares,Corporate,PHEV,KKL,FOCUS SEGMENT,Standard,1
2023,10,VOLVO,07,Baleares,Private,BEV,UKL2,FOCUS SEGMENT,Standard,1
2023,10,VOLVO,07,Baleares,Private,ICE,UKL2,FOCUS SEGMENT,Standard,2
2023,10,VOLVO,07,Baleares,Private,PHEV,UKL2,FOCUS SEGMENT,Standard,1
2023,10,ABARTH,08,Barcelona,Private,BEV,UKL0,REST,Standard,1
2023,10,ALFA ROMEO,08,Barcelona,Corporate,ICE,KKL,REST,Standard,11
2023,10,ALFA ROMEO,08,Barcelona,Corporate,ICE,UKL2,REST,Standard,12
2023,10,ALFA ROMEO,08,Barcelona,Private,ICE,KKL,REST,Standard,1
2023,10,ALFA ROMEO,08,Barcelona,Private,ICE,UKL2,REST,Standard,2
2023,10,ALFA ROMEO,08,Barcelona,Private,PHEV,UKL2,REST,Standard,1
2023,10,ALFA ROMEO,08,Barcelona,RAC,PHEV,UKL2,REST,Standard,1
2023,10,ALPINE,08,Barcelona,Private,ICE,KKL,REST,Standard,1
2023,10,ASTON MARTIN,08,Barcelona,Corporate,ICE,GKL,FOCUS SEGMENT,Standard,1
2023,10,ASTON MARTIN,08,Barcelona,Corporate,ICE,GKL+,FOCUS SEGMENT,Standard,1
2023,10,AUDI,08,Barcelona,Corporate,BEV,,REST,Standard,1
2023,10,AUDI,08,Barcelona,Corporate,BEV,MKL,FOCUS SEGMENT,Standard,2
2023,10,AUDI,08,Barcelona,Corporate,BEV,UKL2,FOCUS SEGMENT,Standard,18
2023,10,AUDI,08,Barcelona,Corporate,ICE,KKL,FOCUS SEGMENT,M,1
2023,10,AUDI,08,Barcelona,Corporate,ICE,KKL,FOCUS SEGMENT,Standard,17
2023,10,AUDI,08,Barcelona,Corporate,ICE,MKL,FOCUS SEGMENT,M,2
2023,10,AUDI,08,Barcelona,Corporate,ICE,MKL,FOCUS SEGMENT,M Performance,1
2023,10,AUDI,08,Barcelona,Corporate,ICE,MKL,FOCUS SEGMENT,Standard,53
2023,10,AUDI,08,Barcelona,Corporate,ICE,UKL1,FOCUS SEGMENT,Standard,34
2023,10,AUDI,08,Barcelona,Corporate,ICE,UKL2,FOCUS SEGMENT,M,2
2023,10,AUDI,08,Barcelona,Corporate,ICE,UKL2,FOCUS SEGMENT,M Performance,1
2023,10,AUDI,08,Barcelona,Corporate,ICE,UKL2,FOCUS SEGMENT,Standard,60
2023,10,AUDI,08,Barcelona,Corporate,PHEV,GKL,FOCUS SEGMENT,Standard,1
2023,10,AUDI,08,Barcelona,Corporate,PHEV,KKL,FOCUS SEGMENT,Standard,4
2023,10,AUDI,08,Barcelona,Corporate,PHEV,MKL,FOCUS SEGMENT,Standard,5
2023,10,AUDI,08,Barcelona,Corporate,PHEV,UKL2,FOCUS SEGMENT,Standard,2
2023,10,AUDI,08,Barcelona,Private,BEV,UKL2,FOCUS SEGMENT,Standard,8
2023,10,AUDI,08,Barcelona,Private,ICE,KKL,FOCUS SEGMENT,M,1
2023,10,AUDI,08,Barcelona,Private,ICE,KKL,FOCUS SEGMENT,Standard,13
2023,10,AUDI,08,Barcelona,Private,ICE,MKL,FOCUS SEGMENT,M,1
2023,10,AUDI,08,Barcelona,Private,ICE,MKL,FOCUS SEGMENT,Standard,2
2023,10,AUDI,08,Barcelona,Private,ICE,UKL1,FOCUS SEGMENT,Standard,27
2023,10,AUDI,08,Barcelona,Private,ICE,UKL2,FOCUS SEGMENT,M,1
2023,10,AUDI,08,Barcelona,Private,ICE,UKL2,FOCUS SEGMENT,M Performance,1
2023,10,AUDI,08,Barcelona,Private,ICE,UKL2,FOCUS SEGMENT,Standard,44
2023,10,AUDI,08,Barcelona,Private,PHEV,KKL,FOCUS SEGMENT,Standard,6
2023,10,AUDI,08,Barcelona,Private,PHEV,UKL2,FOCUS SEGMENT,Standard,10
2023,10,AUDI,08,Barcelona,RAC,ICE,KKL,FOCUS SEGMENT,Standard,2
2023,10,AUDI,08,Barcelona,RAC,ICE,UKL2,FOCUS SEGMENT,Standard,7
2023,10,BMW,08,Barcelona,Corporate,BEV,GKL,FOCUS SEGMENT,Standard,2
2023,10,BMW,08,Barcelona,Corporate,BEV,KKL,FOCUS SEGMENT,M Performance,1
2023,10,BMW,08,Barcelona,Corporate,BEV,KKL,FOCUS SEGMENT,Standard,3
2023,10,BMW,08,Barcelona,Corporate,BEV,MKL,FOCUS SEGMENT,M Performance,1
2023,10,BMW,08,Barcelona,Corporate,BEV,MKL,FOCUS SEGMENT,Standard,3
2023,10,BMW,08,Barcelona,Corporate,BEV,UKL2,FOCUS SEGMENT,Standard,3
2023,10,BMW,08,Barcelona,Corporate,ICE,GKL,FOCUS SEGMENT,M,1
2023,10,BMW,08,Barcelona,Corporate,ICE,GKL,FOCUS SEGMENT,Standard,1
2023,10,BMW,08,Barcelona,Corporate,ICE,KKL,FOCUS SEGMENT,M,2
2023,10,BMW,08,Barcelona,Corporate,ICE,KKL,FOCUS SEGMENT,M Performance,1
2023,10,BMW,08,Barcelona,Corporate,ICE,KKL,FOCUS SEGMENT,Standard,37
2023,10,BMW,08,Barcelona,Corporate,ICE,MKL,FOCUS SEGMENT,Standard,5
2023,10,BMW,08,Barcelona,Corporate,ICE,UKL2,FOCUS SEGMENT,M,3
2023,10,BMW,08,Barcelona,Corporate,ICE,UKL2,FOCUS SEGMENT,M Performance,1
2023,10,BMW,08,Barcelona,Corporate,ICE,UKL2,FOCUS SEGMENT,Standard,37
2023,10,BMW,08,Barcelona,Corporate,PHEV,GKL,FOCUS SEGMENT,M,1
2023,10,BMW,08,Barcelona,Corporate,PHEV,KKL,FOCUS SEGMENT,Standard,2
2023,10,BMW,08,Barcelona,Corporate,PHEV,MKL,FOCUS SEGMENT,Standard,2
2023,10,BMW,08,Barcelona,Corporate,PHEV,UKL2,FOCUS SEGMENT,Standard,2
2023,10,BMW,08,Barcelona,Private,BEV,KKL,FOCUS SEGMENT,Standard,3
2023,10,BMW,08,Barcelona,Private,BEV,MKL,FOCUS SEGMENT,Standard,1
2023,10,BMW,08,Barcelona,Private,BEV,UKL2,FOCUS SEGMENT,Standard,8
2023,10,BMW,08,Barcelona,Private,ICE,GKL,FOCUS SEGMENT,M Performance,1
2023,10,BMW,08,Barcelona,Private,ICE,GKL,FOCUS SEGMENT,Standard,2
2023,10,BMW,08,Barcelona,Private,ICE,KKL,FOCUS SEGMENT,M,1
2023,10,BMW,08,Barcelona,Private,ICE,KKL,FOCUS SEGMENT,M Performance,2
2023,10,BMW,08,Barcelona,Private,ICE,KKL,FOCUS SEGMENT,Standard,15
2023,10,BMW,08,Barcelona,Private,ICE,MKL,FOCUS SEGMENT,Standard,3
2023,10,BMW,08,Barcelona,Private,ICE,UKL2,FOCUS SEGMENT,M Performance,1
2023,10,BMW,08,Barcelona,Private,ICE,UKL2,FOCUS SEGMENT,Standard,54
2023,10,BMW,08,Barcelona,Private,PHEV,KKL,FOCUS SEGMENT,Standard,1
2023,10,BMW,08,Barcelona,Private,PHEV,UKL2,FOCUS SEGMENT,Standard,12
2023,10,BYD,08,Barcelona,Corporate,BEV,MKL,REST,Standard,1
2023,10,BYD,08,Barcelona,Corporate,BEV,UKL2,REST,Standard,1
2023,10,BYD,08,Barcelona,Private,BEV,KKL,REST,Standard,4
2023,10,BYD,08,Barcelona,Private,BEV,UKL1,REST,Standard,6
2023,10,BYD,08,Barcelona,Private,BEV,UKL2,REST,Standard,19
2023,10,CITROEN,08,Barcelona,Corporate,BEV,SKL,REST,Standard,4
2023,10,CITROEN,08,Barcelona,Corporate,BEV,UKL2,REST,Standard,3
2023,10,CITROEN,08,Barcelona,Corporate,ICE,UKL1,REST,Standard,13
2023,10,CITROEN,08,Barcelona,Corporate,ICE,UKL2,REST,Standard,99
2023,10,CITROEN,08,Barcelona,Corporate,PHEV,MKL,REST,Standard,2
2023,10,CITROEN,08,Barcelona,Corporate,PHEV,UKL2,REST,Standard,1
2023,10,CITROEN,08,Barcelona,Private,BEV,SKL,REST,Standard,2
2023,10,CITROEN,08,Barcelona,Private,BEV,UKL2,REST,Standard,4
2023,10,CITROEN,08,Barcelona,Private,ICE,UKL1,REST,Standard,66
2023,10,CITROEN,08,Barcelona,Private,ICE,UKL2,REST,Standard,93
2023,10,CITROEN,08,Barcelona,Private,PHEV,UKL2,REST,Standard,2
2023,10,CUPRA,08,Barcelona,Corporate,BEV,UKL2,REST,Standard,46
2023,10,CUPRA,08,Barcelona,Corporate,ICE,UKL2,REST,Standard,113
2023,10,CUPRA,08,Barcelona,Corporate,PHEV,UKL2,REST,Standard,44
2023,10,CUPRA,08,Barcelona,Private,BEV,UKL2,REST,Standard,7
2023,10,CUPRA,08,Barcelona,Private,ICE,UKL2,REST,Standard,106
2023,10,CUPRA,08,Barcelona,Private,PHEV,UKL2,REST,Standard,14
2023,10,DACIA,08,Barcelona,Corporate,BEV,UKL0,REST,Standard,7
2023,10,DACIA,08,Barcelona,Corporate,ICE,SKL,REST,Standard,3
2023,10,DACIA,08,Barcelona,Corporate,ICE,UKL1,REST,Standard,28
2023,10,DACIA,08,Barcelona,Corporate,ICE,UKL2,REST,Standard,5
2023,10,DACIA,08,Barcelona,Private,BEV,UKL0,REST,Standard,23
2023,10,DACIA,08,Barcelona,Private,ICE,SKL,REST,Standard,98
2023,10,DACIA,08,Barcelona,Private,ICE,UKL1,REST,Standard,370
2023,10,DACIA,08,Barcelona,Private,ICE,UKL2,REST,Standard,111
2023,10,DFSK,08,Barcelona,Private,ICE,UKL2,REST,Standard,3
2023,10,DR,08,Barcelona,Corporate,ICE,UKL1,REST,Standard,1
2023,10,DR,08,Barcelona,Private,ICE,,,Standard,1
2023,10,DR,08,Barcelona,Private,ICE,UKL1,REST,Standard,4
2023,10,DS,08,Barcelona,Corporate,PHEV,KKL,REST,Standard,1
2023,10,DS,08,Barcelona,Private,ICE,UKL2,REST,Standard,6
2023,10,DS,08,Barcelona,Private,PHEV,UKL2,REST,Standard,3
2023,10,FERRARI,08,Barcelona,Corporate,PHEV,GKL+,FOCUS SEGMENT,Standard,1
2023,10,FIAT,08,Barcelona,Corporate,BEV,UKL0,REST,Standard,5
2023,10,FIAT,08,Barcelona,Corporate,ICE,,,Standard,52
2023,10,FIAT,08,Barcelona,Corporate,ICE,,REST,Standard,4
2023,10,FIAT,08,Barcelona,Corporate,ICE,UKL0,REST,Standard,122
2023,10,FIAT,08,Barcelona,Private,BEV,UKL0,REST,Standard,2
2023,10,FIAT,08,Barcelona,Private,ICE,,,Standard,8
2023,10,FIAT,08,Barcelona,Private,ICE,,REST,Standard,2
2023,10,FIAT,08,Barcelona,Private,ICE,UKL0,REST,Standard,55
2023,10,FIAT,08,Barcelona,RAC,BEV,UKL0,REST,Standard,4
2023,10,FIAT,08,Barcelona,RAC,ICE,UKL0,REST,Standard,234
2023,10,FORD,08,Barcelona,Corporate,BEV,KKL,REST,Standard,1
2023,10,FORD,08,Barcelona,Corporate,ICE,SKL,REST,Standard,9
2023,10,FORD,08,Barcelona,Corporate,ICE,UKL1,REST,Standard,34
2023,10,FORD,08,Barcelona,Corporate,ICE,UKL2,REST,Standard,51
2023,10,FORD,08,Barcelona,Corporate,PHEV,SKL,REST,Standard,1
2023,10,FORD,08,Barcelona,Corporate,PHEV,UKL2,REST,Standard,1
2023,10,FORD,08,Barcelona,Private,BEV,KKL,REST,Standard,3
2023,10,FORD,08,Barcelona,Private,ICE,SKL,REST,Standard,37
2023,10,FORD,08,Barcelona,Private,ICE,UKL1,REST,Standard,88
2023,10,FORD,08,Barcelona,Private,ICE,UKL2,REST,Standard,64
2023,10,FORD,08,Barcelona,Private,PHEV,UKL2,REST,Standard,13
2023,10,HONDA,08,Barcelona,Corporate,ICE,KKL,REST,Standard,6
2023,10,HONDA,08,Barcelona,Corporate,ICE,UKL1,REST,Standard,1
2023,10,HONDA,08,Barcelona,Corporate,ICE,UKL2,REST,Standard,22
2023,10,HONDA,08,Barcelona,Corporate,PHEV,KKL,REST,Standard,4
2023,10,HONDA,08,Barcelona,Private,BEV,UKL1,REST,Standard,1
2023,10,HONDA,08,Barcelona,Private,ICE,KKL,REST,Standard,3
2023,10,HONDA,08,Barcelona,Private,ICE,UKL1,REST,Standard,28
2023,10,HONDA,08,Barcelona,Private,ICE,UKL2,REST,Standard,16
2023,10,HYUNDAI,08,Barcelona,Corporate,BEV,UKL1,REST,Standard,3
2023,10,HYUNDAI,08,Barcelona,Corporate,BEV,UKL2,REST,Standard,1
2023,10,HYUNDAI,08,Barcelona,Corporate,ICE,UKL0,REST,Standard,8
2023,10,HYUNDAI,08,Barcelona,Corporate,ICE,UKL1,REST,Standard,26
2023,10,HYUNDAI,08,Barcelona,Corporate,ICE,UKL2,REST,Standard,12
2023,10,HYUNDAI,08,Barcelona,Corporate,PHEV,MKL,REST,Standard,1
2023,10,HYUNDAI,08,Barcelona,Corporate,PHEV,UKL2,REST,Standard,6
2023,10,HYUNDAI,08,Barcelona,Private,BEV,UKL1,REST,Standard,5
2023,10,HYUNDAI,08,Barcelona,Private,ICE,MKL,REST,Standard,3
2023,10,HYUNDAI,08,Barcelona,Private,ICE,UKL0,REST,Standard,47
2023,10,HYUNDAI,08,Barcelona,Private,ICE,UKL1,REST,Standard,228
2023,10,HYUNDAI,08,Barcelona,Private,ICE,UKL2,REST,Standard,103
2023,10,HYUNDAI,08,Barcelona,Private,PHEV,MKL,REST,Standard,2
2023,10,HYUNDAI,08,Barcelona,Private,PHEV,UKL2,REST,Standard,10
2023,10,INEOS,08,Barcelona,Corporate,ICE,MKL,REST,Standard,2
2023,10,JAGUAR,08,Barcelona,Corporate,ICE,KKL,FOCUS SEGMENT,Standard,3
2023,10,JAGUAR,08,Barcelona,Corporate,ICE,UKL2,FOCUS SEGMENT,Standard,2
2023,10,JAGUAR,08,Barcelona,Corporate,PHEV,UKL2,FOCUS SEGMENT,Standard,1
2023,10,JAGUAR,08,Barcelona,Private,ICE,KKL,FOCUS SEGMENT,Standard,1
2023,10,JEEP,08,Barcelona,Corporate,BEV,UKL1,REST,Standard,2
2023,10,JEEP,08,Barcelona,Corporate,ICE,UKL1,REST,Standard,81
2023,10,JEEP,08,Barcelona,Corporate,ICE,UKL2,REST,Standard,4
2023,10,JEEP,08,Barcelona,Corporate,PHEV,UKL1,REST,Standard,1
2023,10,JEEP,08,Barcelona,Corporate,PHEV,UKL2,REST,Standard,2
2023,10,JEEP,08,Barcelona,Private,BEV,UKL1,REST,Standard,12
2023,10,JEEP,08,Barcelona,Private,ICE,UKL1,REST,Standard,51
2023,10,JEEP,08,Barcelona,Private,PHEV,UKL1,REST,Standard,7
2023,10,JEEP,08,Barcelona,Private,PHEV,UKL2,REST,Standard,5
2023,10,KIA,08,Barcelona,Corporate,BEV,KKL,REST,Standard,6
2023,10,KIA,08,Barcelona,Corporate,BEV,MKL,REST,Standard,8
2023,10,KIA,08,Barcelona,Corporate,BEV,UKL2,REST,Standard,9
2023,10,KIA,08,Barcelona,Corporate,ICE,KKL,REST,Standard,3
2023,10,KIA,08,Barcelona,Corporate,ICE,UKL0,REST,Standard,2
2023,10,KIA,08,Barcelona,Corporate,ICE,UKL2,REST,Standard,32
2023,10,KIA,08,Barcelona,Corporate,PHEV,KKL,REST,Standard,2
2023,10,KIA,08,Barcelona,Corporate,PHEV,UKL2,REST,Standard,12
2023,10,KIA,08,Barcelona,Private,BEV,KKL,REST,Standard,17
2023,10,KIA,08,Barcelona,Private,BEV,UKL2,REST,Standard,45
2023,10,KIA,08,Barcelona,Private,ICE,,,Standard,3
2023,10,KIA,08,Barcelona,Private,ICE,,REST,Standard,2
2023,10,KIA,08,Barcelona,Private,ICE,KKL,REST,Standard,4
2023,10,KIA,08,Barcelona,Private,ICE,UKL0,REST,Standard,25
2023,10,KIA,08,Barcelona,Private,ICE,UKL1,REST,Standard,109
2023,10,KIA,08,Barcelona,Private,ICE,UKL2,REST,Standard,253
2023,10,KIA,08,Barcelona,Private,PHEV,KKL,REST,Standard,2
2023,10,KIA,08,Barcelona,Private,PHEV,UKL2,REST,Standard,44
2023,10,LAND ROVER,08,Barcelona,Corporate,ICE,GKL,FOCUS SEGMENT,Standard,3
2023,10,LAND ROVER,08,Barcelona,Corporate,ICE,MKL,FOCUS SEGMENT,Standard,4
2023,10,LAND ROVER,08,Barcelona,Corporate,PHEV,MKL,FOCUS SEGMENT,Standard,7
2023,10,LAND ROVER,08,Barcelona,Corporate,PHEV,UKL2,FOCUS SEGMENT,Standard,1
2023,10,LAND ROVER,08,Barcelona,Private,ICE,MKL,FOCUS SEGMENT,Standard,1
2023,10,LAND ROVER,08,Barcelona,Private,PHEV,GKL,FOCUS SEGMENT,Standard,1
2023,10,LAND ROVER,08,Barcelona,Private,PHEV,MKL,FOCUS SEGMENT,Standard,4
2023,10,LAND ROVER,08,Barcelona,RAC,ICE,MKL,FOCUS SEGMENT,Standard,2
2023,10,LEXUS,08,Barcelona,Corporate,BEV,KKL,FOCUS SEGMENT,Standard,1
2023,10,LEXUS,08,Barcelona,Corporate,ICE,KKL,FOCUS SEGMENT,Standard,5
2023,10,LEXUS,08,Barcelona,Corporate,ICE,MKL,FOCUS SEGMENT,Standard,1
2023,10,LEXUS,08,Barcelona,Corporate,ICE,UKL2,FOCUS SEGMENT,Standard,7
2023,10,LEXUS,08,Barcelona,Corporate,PHEV,KKL,FOCUS SEGMENT,Standard,2
2023,10,LEXUS,08,Barcelona,Corporate,PHEV,MKL,FOCUS SEGMENT,Standard,1
2023,10,LEXUS,08,Barcelona,Private,ICE,KKL,FOCUS SEGMENT,Standard,13
2023,10,LEXUS,08,Barcelona,Private,ICE,MKL,FOCUS SEGMENT,Standard,4
2023,10,LEXUS,08,Barcelona,Private,ICE,MKL,REST,Standard,1
2023,10,LEXUS,08,Barcelona,Private,ICE,UKL2,FOCUS SEGMENT,Standard,23
2023,10,LEXUS,08,Barcelona,Private,PHEV,KKL,FOCUS SEGMENT,Standard,8
2023,10,LEXUS,08,Barcelona,Private,PHEV,MKL,FOCUS SEGMENT,Standard,1
2023,10,LYNK & CO,08,Barcelona,RAC,PHEV,UKL2,REST,Standard,2
2023,10,MASERATI,08,Barcelona,Corporate,ICE,KKL,FOCUS SEGMENT,Standard,4
2023,10,MASERATI,08,Barcelona,Private,ICE,KKL,FOCUS SEGMENT,Standard,3
2023,10,MASERATI,08,Barcelona,Private,ICE,MKL,FOCUS SEGMENT,Standard,1
2023,10,MAZDA,08,Barcelona,Corporate,ICE,KKL,REST,Standard,6
2023,10,MAZDA,08,Barcelona,Corporate,ICE,UKL1,REST,Standard,1
2023,10,MAZDA,08,Barcelona,Corporate,ICE,UKL2,REST,Standard,10
2023,10,MAZDA,08,Barcelona,Corporate,PHEV,KKL,REST,Standard,2
2023,10,MAZDA,08,Barcelona,Private,ICE,KKL,REST,Standard,2
2023,10,MAZDA,08,Barcelona,Private,ICE,UKL1,REST,Standard,15
2023,10,MAZDA,08,Barcelona,Private,ICE,UKL2,REST,Standard,104
2023,10,MAZDA,08,Barcelona,Private,PHEV,KKL,REST,Standard,5
2023,10,MERCEDES,08,Barcelona,Corporate,BEV,MKL,FOCUS SEGMENT,Standard,6
2023,10,MERCEDES,08,Barcelona,Corporate,BEV,UKL2,FOCUS SEGMENT,Standard,16
2023,10,MERCEDES,08,Barcelona,Corporate,ICE,GKL,FOCUS SEGMENT,Standard,1
2023,10,MERCEDES,08,Barcelona,Corporate,ICE,KKL,FOCUS SEGMENT,Standard,37
2023,10,MERCEDES,08,Barcelona,Corporate,ICE,MKL,FOCUS SEGMENT,M Performance,4
2023,10,MERCEDES,08,Barcelona,Corporate,ICE,MKL,FOCUS SEGMENT,Standard,29
2023,10,MERCEDES,08,Barcelona,Corporate,ICE,MKL,REST,Standard,11
2023,10,MERCEDES,08,Barcelona,Corporate,ICE,SKL,REST,Standard,5
2023,10,MERCEDES,08,Barcelona,Corporate,ICE,UKL2,FOCUS SEGMENT,M Performance,3
2023,10,MERCEDES,08,Barcelona,Corporate,ICE,UKL2,FOCUS SEGMENT,Standard,45
2023,10,MERCEDES,08,Barcelona,Corporate,PHEV,KKL,FOCUS SEGMENT,Standard,17
2023,10,MERCEDES,08,Barcelona,Corporate,PHEV,UKL2,FOCUS SEGMENT,Standard,6
2023,10,MERCEDES,08,Barcelona,Private,BEV,MKL,FOCUS SEGMENT,Standard,1
2023,10,MERCEDES,08,Barcelona,Private,BEV,UKL2,FOCUS SEGMENT,Standard,11
2023,10,MERCEDES,08,Barcelona,Private,ICE,,REST,Standard,2
2023,10,MERCEDES,08,Barcelona,Private,ICE,KKL,FOCUS SEGMENT,Standard,22
2023,10,MERCEDES,08,Barcelona,Private,ICE,MKL,FOCUS SEGMENT,M Performance,3
2023,10,MERCEDES,08,Barcelona,Private,ICE,MKL,FOCUS SEGMENT,Standard,7
2023,10,MERCEDES,08,Barcelona,Private,ICE,MKL,REST,Standard,3
2023,10,MERCEDES,08,Barcelona,Private,ICE,SKL,REST,Standard,1
2023,10,MERCEDES,08,Barcelona,Private,ICE,UKL2,FOCUS SEGMENT,M,1
2023,10,MERCEDES,08,Barcelona,Private,ICE,UKL2,FOCUS SEGMENT,M Performance,6
2023,10,MERCEDES,08,Barcelona,Private,ICE,UKL2,FOCUS SEGMENT,Standard,77
2023,10,MERCEDES,08,Barcelona,Private,PHEV,KKL,FOCUS SEGMENT,Standard,3
2023,10,MERCEDES,08,Barcelona,Private,PHEV,UKL2,FOCUS SEGMENT,Standard,10
2023,10,MERCEDES,08,Barcelona,RAC,ICE,MKL,REST,Standard,12
2023,10,MERCEDES,08,Barcelona,RAC,ICE,SKL,REST,Standard,2
2023,10,MERCEDES,08,Barcelona,RAC,PHEV,UKL2,FOCUS SEGMENT,Standard,1
2023,10,MERCEDES-V,08,Barcelona,Corporate,ICE,SKL,REST,Standard,1
2023,10,MERCEDES-V,08,Barcelona,Private,ICE,SKL,REST,Standard,2
2023,10,MG,08,Barcelona,Corporate,BEV,UKL2,REST,Standard,12
2023,10,MG,08,Barcelona,Corporate,ICE,UKL1,REST,Standard,9
2023,10,MG,08,Barcelona,Corporate,PHEV,KKL,REST,Standard,11
2023,10,MG,08,Barcelona,Private,BEV,UKL1,REST,Standard,15
2023,10,MG,08,Barcelona,Private,BEV,UKL2,REST,Standard,23
2023,10,MG,08,Barcelona,Private,ICE,KKL,REST,Standard,20
2023,10,MG,08,Barcelona,Private,ICE,UKL1,REST,Standard,266
2023,10,MG,08,Barcelona,Private,PHEV,KKL,REST,Standard,5
2023,10,MINI,08,Barcelona,Corporate,BEV,UKL1,FOCUS SEGMENT,Standard,4
2023,10,MINI,08,Barcelona,Corporate,ICE,UKL1,FOCUS SEGMENT,JCW,3
2023,10,MINI,08,Barcelona,Corporate,ICE,UKL1,FOCUS SEGMENT,Standard,17
2023,10,MINI,08,Barcelona,Corporate,ICE,UKL2,FOCUS SEGMENT,Standard,1
2023,10,MINI,08,Barcelona,Corporate,PHEV,UKL2,FOCUS SEGMENT,Standard,2
2023,10,MINI,08,Barcelona,Private,BEV,UKL1,FOCUS SEGMENT,Standard,9
2023,10,MINI,08,Barcelona,Private,ICE,UKL1,FOCUS SEGMENT,JCW,3
2023,10,MINI,08,Barcelona,Private,ICE,UKL1,FOCUS SEGMENT,Standard,38
2023,10,MINI,08,Barcelona,Private,ICE,UKL2,FOCUS SEGMENT,Standard,9
2023,10,MINI,08,Barcelona,Private,PHEV,UKL2,FOCUS SEGMENT,Standard,5
2023,10,MITSUBISHI,08,Barcelona,Corporate,ICE,UKL1,REST,Standard,5
2023,10,MITSUBISHI,08,Barcelona,Private,ICE,UKL1,REST,Standard,1
2023,10,MITSUBISHI,08,Barcelona,Private,ICE,UKL2,REST,Standard,10
2023,10,MITSUBISHI,08,Barcelona,Private,PHEV,UKL2,REST,Standard,1
2023,10,NISSAN,08,Barcelona,Corporate,BEV,UKL2,REST,Standard,2
2023,10,NISSAN,08,Barcelona,Corporate,ICE,KKL,REST,Standard,18
2023,10,NISSAN,08,Barcelona,Corporate,ICE,SKL,REST,Standard,4
2023,10,NISSAN,08,Barcelona,Corporate,ICE,UKL1,REST,Standard,36
2023,10,NISSAN,08,Barcelona,Corporate,ICE,UKL2,REST,Standard,116
2023,10,NISSAN,08,Barcelona,Private,BEV,UKL2,REST,Standard,1
2023,10,NISSAN,08,Barcelona,Private,ICE,KKL,REST,Standard,15
2023,10,NISSAN,08,Barcelona,Private,ICE,SKL,REST,Standard,4
2023,10,NISSAN,08,Barcelona,Private,ICE,UKL1,REST,Standard,19
2023,10,NISSAN,08,Barcelona,Private,ICE,UKL2,REST,Standard,71
2023,10,OMODA,08,Barcelona,Private,ICE,UKL2,REST,Standard,1
2023,10,OPEL,08,Barcelona,Corporate,BEV,UKL1,REST,Standard,4
2023,10,OPEL,08,Barcelona,Corporate,BEV,UKL2,REST,Standard,8
2023,10,OPEL,08,Barcelona,Corporate,ICE,UKL1,REST,Standard,126
2023,10,OPEL,08,Barcelona,Corporate,ICE,UKL2,REST,Standard,14
2023,10,OPEL,08,Barcelona,Corporate,PHEV,UKL2,REST,Standard,5
2023,10,OPEL,08,Barcelona,Private,BEV,UKL1,REST,Standard,2
2023,10,OPEL,08,Barcelona,Private,ICE,UKL1,REST,Standard,76
2023,10,OPEL,08,Barcelona,Private,ICE,UKL2,REST,Standard,5
2023,10,OPEL,08,Barcelona,Private,PHEV,UKL2,REST,Standard,2
2023,10,PEUGEOT,08,Barcelona,Corporate,BEV,SKL,REST,Standard,4
2023,10,PEUGEOT,08,Barcelona,Corporate,BEV,UKL1,REST,Standard,9
2023,10,PEUGEOT,08,Barcelona,Corporate,ICE,KKL,REST,Standard,3
2023,10,PEUGEOT,08,Barcelona,Corporate,ICE,UKL1,REST,Standard,78
2023,10,PEUGEOT,08,Barcelona,Corporate,ICE,UKL2,REST,Standard,11
2023,10,PEUGEOT,08,Barcelona,Corporate,PHEV,KKL,REST,Standard,1
2023,10,PEUGEOT,08,Barcelona,Corporate,PHEV,UKL2,REST,Standard,4
2023,10,PEUGEOT,08,Barcelona,Private,BEV,UKL1,REST,Standard,19
2023,10,PEUGEOT,08,Barcelona,Private,ICE,KKL,REST,Standard,8
2023,10,PEUGEOT,08,Barcelona,Private,ICE,UKL1,REST,Standard,144
2023,10,PEUGEOT,08,Barcelona,Private,ICE,UKL2,REST,Standard,51
2023,10,PEUGEOT,08,Barcelona,Private,PHEV,KKL,REST,Standard,2
2023,10,PEUGEOT,08,Barcelona,Private,PHEV,UKL2,REST,Standard,24
2023,10,PEUGEOT,08,Barcelona,RAC,BEV,UKL1,REST,Standard,1
2023,10,PEUGEOT,08,Barcelona,RAC,ICE,UKL1,REST,Standard,4
2023,10,PEUGEOT,08,Barcelona,RAC,PHEV,UKL2,REST,Standard,3
2023,10,POLARIS,08,Barcelona,RAC,ICE,,REST,Standard,1
2023,10,PORSCHE,08,Barcelona,Corporate,BEV,GKL,FOCUS SEGMENT,Standard,1
2023,10,PORSCHE,08,Barcelona,Corporate,ICE,GKL,FOCUS SEGMENT,M,1
2023,10,PORSCHE,08,Barcelona,Corporate,ICE,GKL,FOCUS SEGMENT,M Performance,1
2023,10,PORSCHE,08,Barcelona,Corporate,ICE,GKL,FOCUS SEGMENT,Standard,1
2023,10,PORSCHE,08,Barcelona,Corporate,ICE,KKL,FOCUS SEGMENT,M Performance,3
2023,10,PORSCHE,08,Barcelona,Corporate,ICE,KKL,FOCUS SEGMENT,Standard,3
2023,10,PORSCHE,08,Barcelona,Corporate,ICE,MKL,FOCUS SEGMENT,Standard,2
2023,10,PORSCHE,08,Barcelona,Corporate,PHEV,GKL,FOCUS SEGMENT,Standard,1
2023,10,PORSCHE,08,Barcelona,Corporate,PHEV,MKL,FOCUS SEGMENT,Standard,18
2023,10,PORSCHE,08,Barcelona,Private,BEV,GKL,FOCUS SEGMENT,Standard,2
2023,10,PORSCHE,08,Barcelona,Private,ICE,GKL,FOCUS SEGMENT,M,1
2023,10,PORSCHE,08,Barcelona,Private,ICE,GKL,FOCUS SEGMENT,M Performance,2
2023,10,PORSCHE,08,Barcelona,Private,ICE,GKL,FOCUS SEGMENT,Standard,1
2023,10,PORSCHE,08,Barcelona,Private,ICE,KKL,FOCUS SEGMENT,M Performance,8
2023,10,PORSCHE,08,Barcelona,Private,ICE,KKL,FOCUS SEGMENT,Standard,2
2023,10,PORSCHE,08,Barcelona,Private,ICE,MKL,FOCUS SEGMENT,Standard,2
2023,10,PORSCHE,08,Barcelona,Private,PHEV,GKL,FOCUS SEGMENT,Standard,1
2023,10,PORSCHE,08,Barcelona,Private,PHEV,MKL,FOCUS SEGMENT,Standard,15
2023,10,PORSCHE,08,Barcelona,RAC,ICE,GKL,FOCUS SEGMENT,M,1
2023,10,PORSCHE,08,Barcelona,RAC,ICE,KKL,FOCUS SEGMENT,Standard,1
2023,10,PORSCHE,08,Barcelona,RAC,ICE,MKL,FOCUS SEGMENT,Standard,1
2023,10,RENAULT,08,Barcelona,Corporate,BEV,UKL0,REST,Standard,2
2023,10,RENAULT,08,Barcelona,Corporate,BEV,UKL1,REST,Standard,4
2023,10,RENAULT,08,Barcelona,Corporate,BEV,UKL2,REST,Standard,16
2023,10,RENAULT,08,Barcelona,Corporate,ICE,KKL,REST,Standard,2
2023,10,RENAULT,08,Barcelona,Corporate,ICE,UKL1,REST,Standard,22
2023,10,RENAULT,08,Barcelona,Corporate,ICE,UKL2,REST,Standard,21
2023,10,RENAULT,08,Barcelona,Corporate,PHEV,UKL2,REST,Standard,1
2023,10,RENAULT,08,Barcelona,Private,BEV,UKL0,REST,Standard,3
2023,10,RENAULT,08,Barcelona,Private,BEV,UKL1,REST,Standard,1
2023,10,RENAULT,08,Barcelona,Private,ICE,KKL,REST,Standard,11
2023,10,RENAULT,08,Barcelona,Private,ICE,SKL,REST,Standard,16
2023,10,RENAULT,08,Barcelona,Private,ICE,UKL1,REST,Standard,188
2023,10,RENAULT,08,Barcelona,Private,ICE,UKL2,REST,Standard,155
2023,10,SEAT,08,Barcelona,Corporate,ICE,KKL,REST,Standard,17
2023,10,SEAT,08,Barcelona,Corporate,ICE,UKL1,REST,Standard,65
2023,10,SEAT,08,Barcelona,Corporate,ICE,UKL2,REST,Standard,33
2023,10,SEAT,08,Barcelona,Corporate,PHEV,KKL,REST,Standard,2
2023,10,SEAT,08,Barcelona,Corporate,PHEV,UKL2,REST,Standard,40
2023,10,SEAT,08,Barcelona,Private,ICE,KKL,REST,Standard,6
2023,10,SEAT,08,Barcelona,Private,ICE,UKL1,REST,Standard,221
2023,10,SEAT,08,Barcelona,Private,ICE,UKL2,REST,Standard,136
2023,10,SEAT,08,Barcelona,Private,PHEV,KKL,REST,Standard,3
2023,10,SEAT,08,Barcelona,Private,PHEV,UKL2,REST,Standard,2
2023,10,SEAT,08,Barcelona,RAC,ICE,UKL1,REST,Standard,3
2023,10,SEAT,08,Barcelona,RAC,ICE,UKL2,REST,Standard,4
2023,10,SKODA,08,Barcelona,Corporate,BEV,UKL2,REST,Standard,4
2023,10,SKODA,08,Barcelona,Corporate,ICE,KKL,REST,Standard,10
2023,10,SKODA,08,Barcelona,Corporate,ICE,UKL1,REST,Standard,36
2023,10,SKODA,08,Barcelona,Corporate,ICE,UKL2,REST,Standard,24
2023,10,SKODA,08,Barcelona,Corporate,PHEV,KKL,REST,Standard,3
2023,10,SKODA,08,Barcelona,Private,ICE,KKL,REST,Standard,5
2023,10,SKODA,08,Barcelona,Private,ICE,UKL1,REST,Standard,88
2023,10,SKODA,08,Barcelona,Private,ICE,UKL2,REST,Standard,55
2023,10,SKODA,08,Barcelona,Private,PHEV,UKL2,REST,Standard,2
2023,10,SMART,08,Barcelona,Corporate,BEV,,REST,Standard,3
2023,10,SMART,08,Barcelona,Corporate,BEV,UKL1,FOCUS SEGMENT,Standard,4
2023,10,SMART,08,Barcelona,Private,BEV,,REST,Standard,2
2023,10,SMART,08,Barcelona,Private,BEV,UKL1,FOCUS SEGMENT,Standard,4
2023,10,SSANGYONG,08,Barcelona,Corporate,BEV,KKL,REST,Standard,1
2023,10,SSANGYONG,08,Barcelona,Corporate,ICE,KKL,REST,Standard,1
2023,10,SSANGYONG,08,Barcelona,Private,ICE,KKL,REST,Standard,3
2023,10,SSANGYONG,08,Barcelona,Private,ICE,UKL1,REST,Standard,5
2023,10,SUBARU,08,Barcelona,Corporate,ICE,KKL,REST,Standard,2
2023,10,SUBARU,08,Barcelona,Corporate,ICE,UKL2,REST,Standard,1
2023,10,SUBARU,08,Barcelona,Private,ICE,KKL,REST,Standard,13
2023,10,SUBARU,08,Barcelona,Private,ICE,UKL2,REST,Standard,7
2023,10,SUZUKI,08,Barcelona,Corporate,ICE,SKL,REST,Standard,1
2023,10,SUZUKI,08,Barcelona,Private,ICE,SKL,REST,Standard,3
2023,10,SUZUKI,08,Barcelona,Private,ICE,UKL0,REST,Standard,9
2023,10,SUZUKI,08,Barcelona,Private,ICE,UKL1,REST,Standard,19
2023,10,SUZUKI,08,Barcelona,Private,ICE,UKL2,REST,Standard,17
2023,10,TESLA,08,Barcelona,Corporate,BEV,GKL,FOCUS SEGMENT,Standard,4
2023,10,TESLA,08,Barcelona,Corporate,BEV,KKL,FOCUS SEGMENT,Standard,75
2023,10,TESLA,08,Barcelona,Private,BEV,GKL,FOCUS SEGMENT,Standard,1
2023,10,TESLA,08,Barcelona,Private,BEV,KKL,FOCUS SEGMENT,Standard,162
2023,10,TOYOTA,08,Barcelona,Corporate,BEV,UKL2,REST,Standard,2
2023,10,TOYOTA,08,Barcelona,Corporate,ICE,GKL,REST,Standard,6
2023,10,TOYOTA,08,Barcelona,Corporate,ICE,KKL,REST,Standard,1
2023,10,TOYOTA,08,Barcelona,Corporate,ICE,MKL,REST,Standard,1
2023,10,TOYOTA,08,Barcelona,Corporate,ICE,SKL,REST,Standard,1
2023,10,TOYOTA,08,Barcelona,Corporate,ICE,UKL1,REST,Standard,30
2023,10,TOYOTA,08,Barcelona,Corporate,ICE,UKL2,REST,Standard,30
2023,10,TOYOTA,08,Barcelona,Corporate,PHEV,UKL2,REST,Standard,8
2023,10,TOYOTA,08,Barcelona,Private,BEV,UKL2,REST,Standard,4
2023,10,TOYOTA,08,Barcelona,Private,ICE,GKL,REST,Standard,1
2023,10,TOYOTA,08,Barcelona,Private,ICE,KKL,REST,Standard,1
2023,10,TOYOTA,08,Barcelona,Private,ICE,MKL,REST,Standard,2
2023,10,TOYOTA,08,Barcelona,Private,ICE,SKL,REST,Standard,8
2023,10,TOYOTA,08,Barcelona,Private,ICE,UKL0,REST,Standard,14
2023,10,TOYOTA,08,Barcelona,Private,ICE,UKL1,REST,Standard,418
2023,10,TOYOTA,08,Barcelona,Private,ICE,UKL2,REST,Standard,186
2023,10,TOYOTA,08,Barcelona,Private,PHEV,UKL2,REST,Standard,6
2023,10,TOYOTA,08,Barcelona,RAC,ICE,UKL2,REST,Standard,2
2023,10,VOLKSWAGEN,08,Barcelona,Corporate,BEV,,REST,Standard,1
2023,10,VOLKSWAGEN,08,Barcelona,Corporate,BEV,SKL,REST,Standard,2
2023,10,VOLKSWAGEN,08,Barcelona,Corporate,BEV,UKL2,REST,Standard,6
2023,10,VOLKSWAGEN,08,Barcelona,Corporate,ICE,KKL,REST,Standard,4
2023,10,VOLKSWAGEN,08,Barcelona,Corporate,ICE,MKL,REST,Standard,4
2023,10,VOLKSWAGEN,08,Barcelona,Corporate,ICE,SKL,REST,Standard,2
2023,10,VOLKSWAGEN,08,Barcelona,Corporate,ICE,UKL1,REST,Standard,39
2023,10,VOLKSWAGEN,08,Barcelona,Corporate,ICE,UKL2,REST,Standard,53
2023,10,VOLKSWAGEN,08,Barcelona,Corporate,PHEV,MKL,REST,Standard,9
2023,10,VOLKSWAGEN,08,Barcelona,Corporate,PHEV,SKL,REST,Standard,3
2023,10,VOLKSWAGEN,08,Barcelona,Corporate,PHEV,UKL2,REST,Standard,7
2023,10,VOLKSWAGEN,08,Barcelona,Private,BEV,SKL,REST,Standard,3
2023,10,VOLKSWAGEN,08,Barcelona,Private,BEV,UKL2,REST,Standard,11
2023,10,VOLKSWAGEN,08,Barcelona,Private,ICE,KKL,REST,Standard,1
2023,10,VOLKSWAGEN,08,Barcelona,Private,ICE,MKL,REST,Standard,2
2023,10,VOLKSWAGEN,08,Barcelona,Private,ICE,SKL,REST,Standard,9
2023,10,VOLKSWAGEN,08,Barcelona,Private,ICE,UKL1,REST,Standard,118
2023,10,VOLKSWAGEN,08,Barcelona,Private,ICE,UKL2,REST,Standard,170
2023,10,VOLKSWAGEN,08,Barcelona,Private,PHEV,SKL,REST,Standard,9
2023,10,VOLKSWAGEN,08,Barcelona,Private,PHEV,UKL2,REST,Standard,7
2023,10,VOLKSWAGEN V W,08,Barcelona,Private,ICE,,REST,Standard,1
2023,10,VOLVO,08,Barcelona,Corporate,BEV,UKL2,FOCUS SEGMENT,Standard,14
2023,10,VOLVO,08,Barcelona,Corporate,ICE,KKL,FOCUS SEGMENT,Standard,3
2023,10,VOLVO,08,Barcelona,Corporate,ICE,MKL,FOCUS SEGMENT,Standard,3
2023,10,VOLVO,08,Barcelona,Corporate,ICE,UKL2,FOCUS SEGMENT,Standard,3
2023,10,VOLVO,08,Barcelona,Corporate,PHEV,KKL,FOCUS SEGMENT,Standard,3
2023,10,VOLVO,08,Barcelona,Corporate,PHEV,MKL,FOCUS SEGMENT,Standard,2
2023,10,VOLVO,08,Barcelona,Corporate,PHEV,UKL2,FOCUS SEGMENT,Standard,1
2023,10,VOLVO,08,Barcelona,Private,BEV,UKL2,FOCUS SEGMENT,Standard,7
2023,10,VOLVO,08,Barcelona,Private,ICE,KKL,FOCUS SEGMENT,Standard,3
2023,10,VOLVO,08,Barcelona,Private,ICE,UKL2,FOCUS SEGMENT,Standard,20
2023,10,VOLVO,08,Barcelona,Private,PHEV,KKL,FOCUS SEGMENT,Standard,3
2023,10,VOLVO,08,Barcelona,Private,PHEV,UKL2,FOCUS SEGMENT,Standard,5
2023,10,AUDI,09,Burgos,Corporate,BEV,UKL2,FOCUS SEGMENT,Standard,2
2023,10,AUDI,09,Burgos,Private,BEV,UKL2,FOCUS SEGMENT,Standard,1
2023,10,AUDI,09,Burgos,Private,ICE,KKL,FOCUS SEGMENT,Standard,2
2023,10,AUDI,09,Burgos,Private,ICE,UKL2,FOCUS SEGMENT,Standard,2
2023,10,BMW,09,Burgos,Corporate,ICE,KKL,FOCUS SEGMENT,Standard,5
2023,10,BMW,09,Burgos,Corporate,ICE,MKL,FOCUS SEGMENT,Standard,2
2023,10,BMW,09,Burgos,Corporate,ICE,UKL2,FOCUS SEGMENT,Standard,3
2023,10,BMW,09,Burgos,Corporate,PHEV,UKL2,FOCUS SEGMENT,Standard,1
2023,10,BMW,09,Burgos,Private,ICE,KKL,FOCUS SEGMENT,Standard,2
2023,10,BMW,09,Burgos,Private,ICE,UKL2,FOCUS SEGMENT,Standard,4
2023,10,CITROEN,09,Burgos,Corporate,ICE,UKL2,REST,Standard,2
2023,10,CITROEN,09,Burgos,Private,BEV,UKL2,REST,Standard,1
2023,10,CITROEN,09,Burgos,Private,ICE,UKL1,REST,Standard,3
2023,10,CITROEN,09,Burgos,Private,ICE,UKL2,REST,Standard,6
2023,10,CITROEN,09,Burgos,Private,PHEV,UKL2,REST,Standard,1
2023,10,CUPRA,09,Burgos,Corporate,ICE,UKL2,REST,Standard,4
2023,10,CUPRA,09,Burgos,Private,ICE,UKL2,REST,Standard,3
2023,10,CUPRA,09,Burgos,Private,PHEV,UKL2,REST,Standard,1
2023,10,DACIA,09,Burgos,Corporate,BEV,UKL0,REST,Standard,2
2023,10,DACIA,09,Burgos,Corporate,ICE,SKL,REST,Standard,1
2023,10,DACIA,09,Burgos,Corporate,ICE,UKL1,REST,Standard,1
2023,10,DACIA,09,Burgos,Corporate,ICE,UKL2,REST,Standard,1
2023,10,DACIA,09,Burgos,Private,ICE,SKL,REST,Standard,2
2023,10,DACIA,09,Burgos,Private,ICE,UKL1,REST,Standard,12
2023,10,DACIA,09,Burgos,Private,ICE,UKL2,REST,Standard,1
2023,10,DFSK,09,Burgos,Corporate,ICE,,,Standard,1
2023,10,FORD,09,Burgos,Corporate,ICE,SKL,REST,Standard,3
2023,10,FORD,09,Burgos,Corporate,ICE,UKL2,REST,Standard,2
2023,10,HONDA,09,Burgos,Corporate,ICE,KKL,REST,Standard,1
2023,10,HONDA,09,Burgos,Private,ICE,UKL1,REST,Standard,1
2023,10,HYUNDAI,09,Burgos,Corporate,BEV,UKL1,REST,Standard,1
2023,10,HYUNDAI,09,Burgos,Corporate,ICE,UKL1,REST,Standard,3
2023,10,HYUNDAI,09,Burgos,Corporate,ICE,UKL2,REST,Standard,6
2023,10,HYUNDAI,09,Burgos,Private,ICE,UKL1,REST,Standard,7
2023,10,HYUNDAI,09,Burgos,Private,ICE,UKL2,REST,Standard,8
2023,10,JAGUAR,09,Burgos,Corporate,PHEV,UKL2,FOCUS SEGMENT,Standard,1
2023,10,JEEP,09,Burgos,Private,ICE,UKL1,REST,Standard,1
2023,10,KIA,09,Burgos,Corporate,BEV,MKL,REST,Standard,1
2023,10,KIA,09,Burgos,Corporate,ICE,UKL2,REST,Standard,1
2023,10,KIA,09,Burgos,Private,BEV,UKL2,REST,Standard,2
2023,10,KIA,09,Burgos,Private,ICE,KKL,REST,Standard,1
2023,10,KIA,09,Burgos,Private,ICE,UKL0,REST,Standard,1
2023,10,KIA,09,Burgos,Private,ICE,UKL1,REST,Standard,1
2023,10,KIA,09,Burgos,Private,ICE,UKL2,REST,Standard,21
2023,10,KIA,09,Burgos,Private,PHEV,KKL,REST,Standard,1
2023,10,KIA,09,Burgos,Private,PHEV,UKL2,REST,Standard,3
2023,10,LAND ROVER,09,Burgos,Corporate,ICE,MKL,FOCUS SEGMENT,Standard,1
2023,10,LEXUS,09,Burgos,Corporate,ICE,UKL2,FOCUS SEGMENT,Standard,6
2023,10,LEXUS,09,Burgos,Private,ICE,KKL,FOCUS SEGMENT,Standard,2
2023,10,MAZDA,09,Burgos,Private,ICE,UKL2,REST,Standard,12
2023,10,MERCEDES,09,Burgos,Corporate,BEV,GKL,FOCUS SEGMENT,Standard,1
2023,10,MERCEDES,09,Burgos,Corporate,BEV,UKL2,FOCUS SEGMENT,Standard,1
2023,10,MERCEDES,09,Burgos,Corporate,ICE,GKL,FOCUS SEGMENT,Standard,1
2023,10,MERCEDES,09,Burgos,Corporate,ICE,KKL,FOCUS SEGMENT,Standard,2
2023,10,MERCEDES,09,Burgos,Corporate,ICE,MKL,FOCUS SEGMENT,Standard,2
2023,10,MERCEDES,09,Burgos,Corporate,ICE,SKL,REST,Standard,1
2023,10,MERCEDES,09,Burgos,Corporate,ICE,UKL2,FOCUS SEGMENT,Standard,4
2023,10,MERCEDES,09,Burgos,Corporate,PHEV,KKL,FOCUS SEGMENT,Standard,1
2023,10,MERCEDES,09,Burgos,Corporate,PHEV,UKL2,FOCUS SEGMENT,Standard,1
2023,10,MERCEDES,09,Burgos,Private,ICE,KKL,FOCUS SEGMENT,Standard,2
2023,10,MERCEDES,09,Burgos,Private,ICE,MKL,REST,Standard,1
2023,10,MERCEDES,09,Burgos,Private,ICE,UKL2,FOCUS SEGMENT,Standard,8
2023,10,MERCEDES,09,Burgos,Private,PHEV,UKL2,FOCUS SEGMENT,Standard,2
2023,10,MERCEDES-V,09,Burgos,Private,ICE,SKL,REST,Standard,1
2023,10,MG,09,Burgos,Corporate,ICE,UKL1,REST,Standard,2
2023,10,MG,09,Burgos,Private,BEV,UKL2,REST,Standard,2
2023,10,MG,09,Burgos,Private,ICE,KKL,REST,Standard,1
2023,10,MG,09,Burgos,Private,ICE,UKL1,REST,Standard,14
2023,10,MINI,09,Burgos,Private,ICE,UKL1,FOCUS SEGMENT,Standard,1
2023,10,MITSUBISHI,09,Burgos,Corporate,ICE,UKL2,REST,Standard,1
2023,10,MITSUBISHI,09,Burgos,Private,ICE,UKL2,REST,Standard,3
2023,10,MITSUBISHI,09,Burgos,Private,PHEV,UKL2,REST,Standard,1
2023,10,NISSAN,09,Burgos,Corporate,ICE,KKL,REST,Standard,1
2023,10,NISSAN,09,Burgos,Corporate,ICE,UKL1,REST,Standard,1
2023,10,NISSAN,09,Burgos,Private,ICE,KKL,REST,Standard,3
2023,10,NISSAN,09,Burgos,Private,ICE,UKL1,REST,Standard,3
2023,10,NISSAN,09,Burgos,Private,ICE,UKL2,REST,Standard,3
2023,10,OMODA,09,Burgos,Corporate,ICE,UKL2,REST,Standard,1
2023,10,OMODA,09,Burgos,Private,ICE,UKL2,REST,Standard,1
2023,10,PEUGEOT,09,Burgos,Corporate,BEV,SKL,REST,Standard,1
2023,10,PEUGEOT,09,Burgos,Corporate,ICE,UKL1,REST,Standard,32
2023,10,PEUGEOT,09,Burgos,Corporate,ICE,UKL2,REST,Standard,3
2023,10,PEUGEOT,09,Burgos,Private,ICE,UKL1,REST,Standard,3
2023,10,PEUGEOT,09,Burgos,Private,ICE,UKL2,REST,Standard,4
2023,10,PEUGEOT,09,Burgos,Private,PHEV,UKL2,REST,Standard,2
2023,10,PORSCHE,09,Burgos,Corporate,ICE,KKL,FOCUS SEGMENT,Standard,1
2023,10,RENAULT,09,Burgos,Corporate,BEV,UKL2,REST,Standard,1
2023,10,RENAULT,09,Burgos,Corporate,ICE,KKL,REST,Standard,1
2023,10,RENAULT,09,Burgos,Corporate,ICE,UKL1,REST,Standard,6
2023,10,RENAULT,09,Burgos,Corporate,ICE,UKL2,REST,Standard,5
2023,10,RENAULT,09,Burgos,Private,BEV,UKL2,REST,Standard,1
2023,10,RENAULT,09,Burgos,Private,ICE,UKL1,REST,Standard,12
2023,10,RENAULT,09,Burgos,Private,ICE,UKL2,REST,Standard,6
2023,10,SEAT,09,Burgos,Corporate,ICE,UKL2,REST,Standard,3
2023,10,SEAT,09,Burgos,Corporate,PHEV,UKL2,REST,Standard,1
2023,10,SEAT,09,Burgos,Private,ICE,UKL1,REST,Standard,3
2023,10,SEAT,09,Burgos,Private,ICE,UKL2,REST,Standard,3
2023,10,SKODA,09,Burgos,Corporate,ICE,UKL1,REST,Standard,2
2023,10,SKODA,09,Burgos,Corporate,ICE,UKL2,REST,Standard,3
2023,10,SKODA,09,Burgos,Private,ICE,UKL1,REST,Standard,3
2023,10,SKODA,09,Burgos,Private,ICE,UKL2,REST,Standard,2
2023,10,SUZUKI,09,Burgos,Private,ICE,UKL1,REST,Standard,1
2023,10,SUZUKI,09,Burgos,Private,ICE,UKL2,REST,Standard,1
2023,10,TESLA,09,Burgos,Private,BEV,KKL,FOCUS SEGMENT,Standard,2
2023,10,TOYOTA,09,Burgos,Corporate,ICE,UKL2,REST,Standard,1
2023,10,TOYOTA,09,Burgos,Private,ICE,UKL1,REST,Standard,15
2023,10,TOYOTA,09,Burgos,Private,ICE,UKL2,REST,Standard,4
2023,10,TOYOTA,09,Burgos,Private,PHEV,UKL2,REST,Standard,1
2023,10,VOLKSWAGEN,09,Burgos,Corporate,ICE,UKL2,REST,Standard,4
2023,10,VOLKSWAGEN,09,Burgos,Corporate,PHEV,MKL,REST,Standard,1
2023,10,VOLKSWAGEN,09,Burgos,Corporate,PHEV,UKL2,REST,Standard,1
2023,10,VOLKSWAGEN,09,Burgos,Private,ICE,UKL1,REST,Standard,1
2023,10,VOLKSWAGEN,09,Burgos,Private,ICE,UKL2,REST,Standard,4
2023,10,VOLKSWAGEN,09,Burgos,Private,PHEV,UKL2,REST,Standard,1
2023,10,VOLVO,09,Burgos,Corporate,ICE,MKL,FOCUS SEGMENT,Standard,1
2023,10,VOLVO,09,Burgos,Private,BEV,UKL2,FOCUS SEGMENT,Standard,1
2023,10,VOLVO,09,Burgos,Private,ICE,KKL,FOCUS SEGMENT,Standard,1
2023,10,VOLVO,09,Burgos,Private,ICE,UKL2,FOCUS SEGMENT,Standard,1
2023,10,ZHIDOU,09,Burgos,Private,BEV,,,Standard,1
2023,10,AUDI,10,Cáceres,Corporate,ICE,UKL2,FOCUS SEGMENT,Standard,1
2023,10,AUDI,10,Cáceres,Corporate,PHEV,UKL2,FOCUS SEGMENT,Standard,1
2023,10,AUDI,10,Cáceres,Private,BEV,UKL2,FOCUS SEGMENT,Standard,1
2023,10,AUDI,10,Cáceres,Private,ICE,KKL,FOCUS SEGMENT,Standard,3
2023,10,AUDI,10,Cáceres,Private,ICE,UKL2,FOCUS SEGMENT,Standard,7
2023,10,AUDI,10,Cáceres,Private,PHEV,UKL2,FOCUS SEGMENT,Standard,1
2023,10,BMW,10,Cáceres,Corporate,ICE,MKL,FOCUS SEGMENT,Standard,2
2023,10,BMW,10,Cáceres,Corporate,ICE,UKL2,FOCUS SEGMENT,Standard,1
2023,10,BMW,10,Cáceres,Private,ICE,KKL,FOCUS SEGMENT,Standard,3
2023,10,BMW,10,Cáceres,Private,ICE,UKL2,FOCUS SEGMENT,Standard,3
2023,10,BMW,10,Cáceres,Private,PHEV,UKL2,FOCUS SEGMENT,Standard,1
2023,10,BMW,10,Cáceres,RAC,ICE,GKL,FOCUS SEGMENT,Standard,1
2023,10,CITROEN,10,Cáceres,Corporate,BEV,UKL2,REST,Standard,1
2023,10,CITROEN,10,Cáceres,Corporate,ICE,UKL2,REST,Standard,2
2023,10,CITROEN,10,Cáceres,Private,ICE,UKL1,REST,Standard,3
2023,10,CITROEN,10,Cáceres,Private,ICE,UKL2,REST,Standard,10
2023,10,CUPRA,10,Cáceres,Private,ICE,UKL2,REST,Standard,1
2023,10,CUPRA,10,Cáceres,Private,PHEV,UKL2,REST,Standard,1
2023,10,DACIA,10,Cáceres,Corporate,ICE,UKL2,REST,Standard,1
2023,10,DACIA,10,Cáceres,Private,ICE,SKL,REST,Standard,15
2023,10,DACIA,10,Cáceres,Private,ICE,UKL1,REST,Standard,13
2023,10,DACIA,10,Cáceres,Private,ICE,UKL2,REST,Standard,1
2023,10,FIAT,10,Cáceres,Private,ICE,UKL0,REST,Standard,3
2023,10,FORD,10,Cáceres,Corporate,ICE,UKL1,REST,Standard,1
2023,10,FORD,10,Cáceres,Corporate,ICE,UKL2,REST,Standard,1
2023,10,FORD,10,Cáceres,Private,ICE,UKL1,REST,Standard,3
2023,10,FORD,10,Cáceres,Private,ICE,UKL2,REST,Standard,2
2023,10,FORD,10,Cáceres,Private,PHEV,UKL2,REST,Standard,2
2023,10,HYUNDAI,10,Cáceres,Corporate,ICE,UKL2,REST,Standard,1
2023,10,HYUNDAI,10,Cáceres,Corporate,PHEV,UKL2,REST,Standard,1
2023,10,HYUNDAI,10,Cáceres,Private,BEV,KKL,REST,Standard,1
2023,10,HYUNDAI,10,Cáceres,Private,ICE,UKL0,REST,Standard,2
2023,10,HYUNDAI,10,Cáceres,Private,ICE,UKL1,REST,Standard,4
2023,10,HYUNDAI,10,Cáceres,Private,ICE,UKL2,REST,Standard,11
2023,10,HYUNDAI,10,Cáceres,Private,PHEV,UKL2,REST,Standard,1
2023,10,JEEP,10,Cáceres,Private,ICE,UKL1,REST,Standard,1
2023,10,KIA,10,Cáceres,Corporate,BEV,KKL,REST,Standard,1
2023,10,KIA,10,Cáceres,Corporate,ICE,UKL2,REST,Standard,2
2023,10,KIA,10,Cáceres,Corporate,PHEV,UKL2,REST,Standard,1
2023,10,KIA,10,Cáceres,Private,BEV,UKL2,REST,Standard,1
2023,10,KIA,10,Cáceres,Private,ICE,,REST,Standard,1
2023,10,KIA,10,Cáceres,Private,ICE,UKL1,REST,Standard,4
2023,10,KIA,10,Cáceres,Private,ICE,UKL2,REST,Standard,21
2023,10,KIA,10,Cáceres,Private,PHEV,UKL2,REST,Standard,2
2023,10,MAZDA,10,Cáceres,Corporate,ICE,UKL2,REST,Standard,2
2023,10,MAZDA,10,Cáceres,Private,ICE,UKL2,REST,Standard,6
2023,10,MERCEDES,10,Cáceres,Corporate,ICE,KKL,FOCUS SEGMENT,Standard,1
2023,10,MERCEDES,10,Cáceres,Corporate,ICE,UKL2,FOCUS SEGMENT,Standard,2
2023,10,MERCEDES,10,Cáceres,Private,BEV,UKL2,FOCUS SEGMENT,Standard,1
2023,10,MERCEDES,10,Cáceres,Private,ICE,KKL,FOCUS SEGMENT,Standard,1
2023,10,MERCEDES,10,Cáceres,Private,ICE,UKL2,FOCUS SEGMENT,Standard,4
2023,10,MERCEDES,10,Cáceres,Private,PHEV,KKL,FOCUS SEGMENT,Standard,1
2023,10,MERCEDES,10,Cáceres,Private,PHEV,MKL,FOCUS SEGMENT,Standard,1
2023,10,MERCEDES,10,Cáceres,Private,PHEV,UKL2,FOCUS SEGMENT,Standard,1
2023,10,MG,10,Cáceres,Corporate,ICE,KKL,REST,Standard,1
2023,10,MG,10,Cáceres,Corporate,ICE,UKL1,REST,Standard,1
2023,10,MG,10,Cáceres,Private,ICE,UKL1,REST,Standard,28
2023,10,MG,10,Cáceres,RAC,ICE,UKL1,REST,Standard,2
2023,10,MITSUBISHI,10,Cáceres,Corporate,ICE,UKL1,REST,Standard,1
2023,10,MITSUBISHI,10,Cáceres,Private,ICE,UKL2,REST,Standard,1
2023,10,NISSAN,10,Cáceres,Private,ICE,UKL1,REST,Standard,2
2023,10,NISSAN,10,Cáceres,Private,ICE,UKL2,REST,Standard,3
2023,10,OPEL,10,Cáceres,Corporate,ICE,UKL1,REST,Standard,18
2023,10,OPEL,10,Cáceres,Corporate,ICE,UKL2,REST,Standard,2
2023,10,OPEL,10,Cáceres,Private,ICE,UKL1,REST,Standard,8
2023,10,OPEL,10,Cáceres,Private,ICE,UKL2,REST,Standard,1
2023,10,PEUGEOT,10,Cáceres,Corporate,ICE,UKL1,REST,Standard,1
2023,10,PEUGEOT,10,Cáceres,Corporate,ICE,UKL2,REST,Standard,1
2023,10,PEUGEOT,10,Cáceres,Corporate,PHEV,UKL2,REST,Standard,1
2023,10,PEUGEOT,10,Cáceres,Private,ICE,UKL1,REST,Standard,9
2023,10,PEUGEOT,10,Cáceres,Private,ICE,UKL2,REST,Standard,3
2023,10,PEUGEOT,10,Cáceres,Private,PHEV,UKL2,REST,Standard,2
2023,10,RENAULT,10,Cáceres,Corporate,ICE,UKL1,REST,Standard,1
2023,10,RENAULT,10,Cáceres,Private,ICE,UKL1,REST,Standard,8
2023,10,RENAULT,10,Cáceres,Private,ICE,UKL2,REST,Standard,12
2023,10,SEAT,10,Cáceres,Corporate,ICE,KKL,REST,Standard,1
2023,10,SEAT,10,Cáceres,Corporate,ICE,UKL1,REST,Standard,5
2023,10,SEAT,10,Cáceres,Corporate,PHEV,UKL2,REST,Standard,1
2023,10,SEAT,10,Cáceres,Private,PHEV,UKL2,REST,Standard,1
2023,10,SKODA,10,Cáceres,Private,ICE,UKL1,REST,Standard,1
2023,10,SKODA,10,Cáceres,Private,ICE,UKL2,REST,Standard,1
2023,10,SUZUKI,10,Cáceres,Private,ICE,UKL0,REST,Standard,1
2023,10,TESLA,10,Cáceres,Private,BEV,KKL,FOCUS SEGMENT,Standard,1
2023,10,TOYOTA,10,Cáceres,Corporate,ICE,UKL1,REST,Standard,1
2023,10,TOYOTA,10,Cáceres,Corporate,ICE,UKL2,REST,Standard,3
2023,10,TOYOTA,10,Cáceres,Private,ICE,SKL,REST,Standard,1
2023,10,TOYOTA,10,Cáceres,Private,ICE,UKL1,REST,Standard,15
2023,10,TOYOTA,10,Cáceres,Private,ICE,UKL2,REST,Standard,9
2023,10,VOLKSWAGEN,10,Cáceres,Corporate,ICE,UKL2,REST,Standard,2
2023,10,VOLKSWAGEN,10,Cáceres,Corporate,PHEV,MKL,REST,Standard,1
2023,10,VOLKSWAGEN,10,Cáceres,Private,ICE,UKL1,REST,Standard,4
2023,10,VOLKSWAGEN,10,Cáceres,Private,ICE,UKL2,REST,Standard,9
2023,10,VOLVO,10,Cáceres,Private,PHEV,KKL,FOCUS SEGMENT,Standard,1
2023,10,ALFA ROMEO,11,Cádiz,Corporate,ICE,KKL,REST,Standard,1
2023,10,AUDI,11,Cádiz,Corporate,BEV,UKL2,FOCUS SEGMENT,Standard,2
2023,10,AUDI,11,Cádiz,Corporate,ICE,KKL,FOCUS SEGMENT,Standard,7
2023,10,AUDI,11,Cádiz,Corporate,ICE,UKL1,FOCUS SEGMENT,Standard,2
2023,10,AUDI,11,Cádiz,Corporate,ICE,UKL2,FOCUS SEGMENT,Standard,9
2023,10,AUDI,11,Cádiz,Private,BEV,UKL2,FOCUS SEGMENT,Standard,5
2023,10,AUDI,11,Cádiz,Private,ICE,KKL,FOCUS SEGMENT,Standard,4
2023,10,AUDI,11,Cádiz,Private,ICE,UKL1,FOCUS SEGMENT,Standard,2
2023,10,AUDI,11,Cádiz,Private,ICE,UKL2,FOCUS SEGMENT,Standard,20
2023,10,BMW,11,Cádiz,Corporate,BEV,KKL,FOCUS SEGMENT,Standard,1
2023,10,BMW,11,Cádiz,Corporate,BEV,UKL2,FOCUS SEGMENT,Standard,1
2023,10,BMW,11,Cádiz,Corporate,ICE,,REST,Standard,1
2023,10,BMW,11,Cádiz,Corporate,ICE,KKL,FOCUS SEGMENT,Standard,3
2023,10,BMW,11,Cádiz,Corporate,ICE,MKL,FOCUS SEGMENT,Standard,4
2023,10,BMW,11,Cádiz,Corporate,ICE,UKL2,FOCUS SEGMENT,M,2
2023,10,BMW,11,Cádiz,Corporate,ICE,UKL2,FOCUS SEGMENT,Standard,8
2023,10,BMW,11,Cádiz,Corporate,PHEV,UKL2,FOCUS SEGMENT,Standard,1
2023,10,BMW,11,Cádiz,Private,BEV,KKL,FOCUS SEGMENT,Standard,1
2023,10,BMW,11,Cádiz,Private,BEV,UKL2,FOCUS SEGMENT,Standard,1
2023,10,BMW,11,Cádiz,Private,ICE,GKL,FOCUS SEGMENT,Standard,1
2023,10,BMW,11,Cádiz,Private,ICE,KKL,FOCUS SEGMENT,Standard,5
2023,10,BMW,11,Cádiz,Private,ICE,MKL,FOCUS SEGMENT,Standard,1
2023,10,BMW,11,Cádiz,Private,ICE,UKL2,FOCUS SEGMENT,M,1
2023,10,BMW,11,Cádiz,Private,ICE,UKL2,FOCUS SEGMENT,Standard,14
2023,10,BMW,11,Cádiz,Private,PHEV,UKL2,FOCUS SEGMENT,Standard,2
2023,10,BYD,11,Cádiz,Private,BEV,UKL2,REST,Standard,2
2023,10,CHEVROLET,11,Cádiz,Corporate,ICE,,REST,Standard,2
2023,10,CHRYSLER,11,Cádiz,Corporate,ICE,,REST,Standard,1
2023,10,CITROEN,11,Cádiz,Corporate,ICE,UKL2,REST,Standard,28
2023,10,CITROEN,11,Cádiz,Private,ICE,MKL,REST,Standard,1
2023,10,CITROEN,11,Cádiz,Private,ICE,UKL1,REST,Standard,2
2023,10,CITROEN,11,Cádiz,Private,ICE,UKL2,REST,Standard,28
2023,10,CUPRA,11,Cádiz,Corporate,ICE,UKL2,REST,Standard,12
2023,10,CUPRA,11,Cádiz,Private,BEV,UKL2,REST,Standard,1
2023,10,CUPRA,11,Cádiz,Private,ICE,UKL2,REST,Standard,8
2023,10,DACIA,11,Cádiz,Corporate,BEV,UKL0,REST,Standard,2
2023,10,DACIA,11,Cádiz,Corporate,ICE,SKL,REST,Standard,2
2023,10,DACIA,11,Cádiz,Corporate,ICE,UKL1,REST,Standard,6
2023,10,DACIA,11,Cádiz,Private,BEV,UKL0,REST,Standard,3
2023,10,DACIA,11,Cádiz,Private,ICE,SKL,REST,Standard,14
2023,10,DACIA,11,Cádiz,Private,ICE,UKL1,REST,Standard,82
2023,10,DACIA,11,Cádiz,Private,ICE,UKL2,REST,Standard,16
2023,10,DFSK,11,Cádiz,Corporate,ICE,,,Standard,1
2023,10,DFSK,11,Cádiz,Private,ICE,,,Standard,2
2023,10,DODGE,11,Cádiz,Corporate,ICE,,REST,Standard,1
2023,10,FERRARI,11,Cádiz,Corporate,ICE,GKL+,FOCUS SEGMENT,Standard,1
2023,10,FIAT,11,Cádiz,Corporate,BEV,UKL0,REST,Standard,1
2023,10,FIAT,11,Cádiz,Corporate,ICE,UKL0,REST,Standard,12
2023,10,FIAT,11,Cádiz,Private,ICE,,,Standard,1
2023,10,FIAT,11,Cádiz,Private,ICE,UKL0,REST,Standard,10
2023,10,FORD,11,Cádiz,Corporate,ICE,,REST,Standard,2
2023,10,FORD,11,Cádiz,Corporate,ICE,SKL,REST,Standard,2
2023,10,FORD,11,Cádiz,Corporate,ICE,UKL1,REST,Standard,1
2023,10,FORD,11,Cádiz,Corporate,ICE,UKL2,REST,Standard,3
2023,10,FORD,11,Cádiz,Corporate,PHEV,UKL2,REST,Standard,1
2023,10,FORD,11,Cádiz,Private,BEV,KKL,REST,Standard,2
2023,10,FORD,11,Cádiz,Private,ICE,SKL,REST,Standard,6
2023,10,FORD,11,Cádiz,Private,ICE,UKL1,REST,Standard,10
2023,10,FORD,11,Cádiz,Private,ICE,UKL2,REST,Standard,6
2023,10,FORD,11,Cádiz,Private,PHEV,UKL2,REST,Standard,3
2023,10,HONDA,11,Cádiz,Corporate,ICE,,REST,Standard,3
2023,10,HONDA,11,Cádiz,Corporate,ICE,KKL,REST,Standard,1
2023,10,HONDA,11,Cádiz,Private,ICE,UKL1,REST,Standard,2
2023,10,HONDA,11,Cádiz,Private,ICE,UKL2,REST,Standard,2
2023,10,HYUNDAI,11,Cádiz,Corporate,BEV,UKL1,REST,Standard,2
2023,10,HYUNDAI,11,Cádiz,Corporate,BEV,UKL2,REST,Standard,1
2023,10,HYUNDAI,11,Cádiz,Corporate,ICE,,REST,Standard,2
2023,10,HYUNDAI,11,Cádiz,Corporate,ICE,UKL0,REST,Standard,1
2023,10,HYUNDAI,11,Cádiz,Corporate,ICE,UKL1,REST,Standard,9
2023,10,HYUNDAI,11,Cádiz,Corporate,ICE,UKL2,REST,Standard,10
2023,10,HYUNDAI,11,Cádiz,Corporate,PHEV,MKL,REST,Standard,1
2023,10,HYUNDAI,11,Cádiz,Corporate,PHEV,UKL2,REST,Standard,1
2023,10,HYUNDAI,11,Cádiz,Private,BEV,UKL1,REST,Standard,1
2023,10,HYUNDAI,11,Cádiz,Private,ICE,UKL0,REST,Standard,3
2023,10,HYUNDAI,11,Cádiz,Private,ICE,UKL1,REST,Standard,36
2023,10,HYUNDAI,11,Cádiz,Private,ICE,UKL2,REST,Standard,42
2023,10,JAGUAR,11,Cádiz,Private,ICE,KKL,FOCUS SEGMENT,Standard,1
2023,10,JEEP,11,Cádiz,Corporate,BEV,UKL1,REST,Standard,1
2023,10,JEEP,11,Cádiz,Corporate,ICE,MKL,REST,Standard,1
2023,10,JEEP,11,Cádiz,Corporate,ICE,SKL,REST,Standard,1
2023,10,JEEP,11,Cádiz,Corporate,ICE,UKL1,REST,Standard,9
2023,10,JEEP,11,Cádiz,Corporate,ICE,UKL2,REST,Standard,4
2023,10,JEEP,11,Cádiz,Private,ICE,UKL1,REST,Standard,15
2023,10,JEEP,11,Cádiz,Private,ICE,UKL2,REST,Standard,1
2023,10,KIA,11,Cádiz,Corporate,BEV,MKL,REST,Standard,2
2023,10,KIA,11,Cádiz,Corporate,BEV,UKL2,REST,Standard,1
2023,10,KIA,11,Cádiz,Corporate,ICE,UKL0,REST,Standard,6
2023,10,KIA,11,Cádiz,Corporate,ICE,UKL1,REST,Standard,7
2023,10,KIA,11,Cádiz,Corporate,ICE,UKL2,REST,Standard,5
2023,10,KIA,11,Cádiz,Corporate,PHEV,UKL2,REST,Standard,2
2023,10,KIA,11,Cádiz,Private,BEV,KKL,REST,Standard,4
2023,10,KIA,11,Cádiz,Private,BEV,UKL2,REST,Standard,7
2023,10,KIA,11,Cádiz,Private,ICE,UKL0,REST,Standard,4
2023,10,KIA,11,Cádiz,Private,ICE,UKL1,REST,Standard,35
2023,10,KIA,11,Cádiz,Private,ICE,UKL2,REST,Standard,44
2023,10,KIA,11,Cádiz,Private,PHEV,UKL2,REST,Standard,6
2023,10,LAND ROVER,11,Cádiz,Corporate,ICE,MKL,FOCUS SEGMENT,Standard,1
2023,10,LAND ROVER,11,Cádiz,RAC,ICE,UKL2,FOCUS SEGMENT,Standard,1
2023,10,MAZDA,11,Cádiz,Corporate,ICE,UKL2,REST,Standard,2
2023,10,MAZDA,11,Cádiz,Private,ICE,UKL1,REST,Standard,1
2023,10,MAZDA,11,Cádiz,Private,ICE,UKL2,REST,Standard,35
2023,10,MERCEDES,11,Cádiz,Corporate,ICE,KKL,FOCUS SEGMENT,Standard,13
2023,10,MERCEDES,11,Cádiz,Corporate,ICE,MKL,FOCUS SEGMENT,Standard,3
2023,10,MERCEDES,11,Cádiz,Corporate,ICE,MKL,REST,Standard,1
2023,10,MERCEDES,11,Cádiz,Corporate,ICE,UKL2,FOCUS SEGMENT,Standard,12
2023,10,MERCEDES,11,Cádiz,Corporate,PHEV,UKL2,FOCUS SEGMENT,Standard,1
2023,10,MERCEDES,11,Cádiz,Private,BEV,MKL,FOCUS SEGMENT,Standard,1
2023,10,MERCEDES,11,Cádiz,Private,BEV,UKL2,FOCUS SEGMENT,Standard,2
2023,10,MERCEDES,11,Cádiz,Private,ICE,KKL,FOCUS SEGMENT,Standard,5
2023,10,MERCEDES,11,Cádiz,Private,ICE,MKL,FOCUS SEGMENT,Standard,2
2023,10,MERCEDES,11,Cádiz,Private,ICE,SKL,REST,Standard,2
2023,10,MERCEDES,11,Cádiz,Private,ICE,UKL2,FOCUS SEGMENT,Standard,21
2023,10,MERCEDES,11,Cádiz,Private,PHEV,KKL,FOCUS SEGMENT,Standard,1
2023,10,MERCEDES,11,Cádiz,Private,PHEV,UKL2,FOCUS SEGMENT,Standard,2
2023,10,MERCEDES,11,Cádiz,RAC,ICE,SKL,REST,Standard,1
2023,10,MG,11,Cádiz,Corporate,BEV,UKL1,REST,Standard,1
2023,10,MG,11,Cádiz,Corporate,ICE,KKL,REST,Standard,1
2023,10,MG,11,Cádiz,Corporate,ICE,UKL1,REST,Standard,1
2023,10,MG,11,Cádiz,Private,BEV,UKL2,REST,Standard,1
2023,10,MG,11,Cádiz,Private,ICE,KKL,REST,Standard,1
2023,10,MG,11,Cádiz,Private,ICE,UKL1,REST,Standard,134
2023,10,MINI,11,Cádiz,Corporate,ICE,UKL1,FOCUS SEGMENT,Standard,4
2023,10,MINI,11,Cádiz,Private,ICE,UKL1,FOCUS SEGMENT,Standard,5
2023,10,MINI,11,Cádiz,Private,ICE,UKL2,FOCUS SEGMENT,Standard,2
2023,10,MITSUBISHI,11,Cádiz,Corporate,ICE,UKL1,REST,Standard,1
2023,10,MITSUBISHI,11,Cádiz,Corporate,PHEV,UKL2,REST,Standard,1
2023,10,MITSUBISHI,11,Cádiz,Private,ICE,UKL1,REST,Standard,2
2023,10,MITSUBISHI,11,Cádiz,Private,ICE,UKL2,REST,Standard,6
2023,10,MITSUBISHI,11,Cádiz,Private,PHEV,UKL2,REST,Standard,1
2023,10,NISSAN,11,Cádiz,Corporate,ICE,,REST,Standard,2
2023,10,NISSAN,11,Cádiz,Corporate,ICE,KKL,REST,Standard,1
2023,10,NISSAN,11,Cádiz,Corporate,ICE,UKL1,REST,Standard,4
2023,10,NISSAN,11,Cádiz,Corporate,ICE,UKL2,REST,Standard,7
2023,10,NISSAN,11,Cádiz,Private,ICE,KKL,REST,Standard,5
2023,10,NISSAN,11,Cádiz,Private,ICE,SKL,REST,Standard,1
2023,10,NISSAN,11,Cádiz,Private,ICE,UKL1,REST,Standard,4
2023,10,NISSAN,11,Cádiz,Private,ICE,UKL2,REST,Standard,24
2023,10,OPEL,11,Cádiz,Corporate,BEV,UKL1,REST,Standard,1
2023,10,OPEL,11,Cádiz,Corporate,ICE,UKL1,REST,Standard,3
2023,10,OPEL,11,Cádiz,Corporate,ICE,UKL2,REST,Standard,7
2023,10,OPEL,11,Cádiz,Corporate,PHEV,UKL2,REST,Standard,2
2023,10,OPEL,11,Cádiz,Private,ICE,UKL1,REST,Standard,13
2023,10,OPEL,11,Cádiz,Private,ICE,UKL2,REST,Standard,3
2023,10,PEUGEOT,11,Cádiz,Corporate,ICE,,REST,Standard,1
2023,10,PEUGEOT,11,Cádiz,Corporate,ICE,UKL1,REST,Standard,4
2023,10,PEUGEOT,11,Cádiz,Corporate,PHEV,UKL2,REST,Standard,1
2023,10,PEUGEOT,11,Cádiz,Private,ICE,KKL,REST,Standard,6
2023,10,PEUGEOT,11,Cádiz,Private,ICE,UKL1,REST,Standard,38
2023,10,PEUGEOT,11,Cádiz,Private,ICE,UKL2,REST,Standard,11
2023,10,PEUGEOT,11,Cádiz,Private,PHEV,UKL2,REST,Standard,2
2023,10,PORSCHE,11,Cádiz,Corporate,ICE,GKL,FOCUS SEGMENT,Standard,1
2023,10,PORSCHE,11,Cádiz,Corporate,PHEV,MKL,FOCUS SEGMENT,Standard,1
2023,10,PORSCHE,11,Cádiz,Private,ICE,GKL,FOCUS SEGMENT,M Performance,1
2023,10,RENAULT,11,Cádiz,Corporate,BEV,UKL1,REST,Standard,1
2023,10,RENAULT,11,Cádiz,Corporate,BEV,UKL2,REST,Standard,3
2023,10,RENAULT,11,Cádiz,Corporate,ICE,KKL,REST,Standard,2
2023,10,RENAULT,11,Cádiz,Corporate,ICE,UKL1,REST,Standard,5
2023,10,RENAULT,11,Cádiz,Corporate,ICE,UKL2,REST,Standard,2
2023,10,RENAULT,11,Cádiz,Private,ICE,KKL,REST,Standard,2
2023,10,RENAULT,11,Cádiz,Private,ICE,SKL,REST,Standard,1
2023,10,RENAULT,11,Cádiz,Private,ICE,UKL1,REST,Standard,40
2023,10,RENAULT,11,Cádiz,Private,ICE,UKL2,REST,Standard,22
2023,10,SEAT,11,Cádiz,Corporate,ICE,UKL1,REST,Standard,17
2023,10,SEAT,11,Cádiz,Corporate,ICE,UKL2,REST,Standard,7
2023,10,SEAT,11,Cádiz,Corporate,PHEV,KKL,REST,Standard,2
2023,10,SEAT,11,Cádiz,Corporate,PHEV,UKL2,REST,Standard,3
2023,10,SEAT,11,Cádiz,Private,ICE,KKL,REST,Standard,2
2023,10,SEAT,11,Cádiz,Private,ICE,UKL1,REST,Standard,26
2023,10,SEAT,11,Cádiz,Private,ICE,UKL2,REST,Standard,10
2023,10,SKODA,11,Cádiz,Corporate,ICE,KKL,REST,Standard,2
2023,10,SKODA,11,Cádiz,Corporate,ICE,UKL1,REST,Standard,10
2023,10,SKODA,11,Cádiz,Corporate,ICE,UKL2,REST,Standard,1
2023,10,SKODA,11,Cádiz,Private,ICE,KKL,REST,Standard,5
2023,10,SKODA,11,Cádiz,Private,ICE,UKL1,REST,Standard,33
2023,10,SKODA,11,Cádiz,Private,ICE,UKL2,REST,Standard,25
2023,10,SSANGYONG,11,Cádiz,Corporate,ICE,KKL,REST,Standard,3
2023,10,SSANGYONG,11,Cádiz,Corporate,ICE,UKL1,REST,Standard,1
2023,10,SSANGYONG,11,Cádiz,Private,ICE,KKL,REST,Standard,3
2023,10,SUBARU,11,Cádiz,Corporate,ICE,,REST,Standard,1
2023,10,SUBARU,11,Cádiz,Corporate,ICE,KKL,REST,Standard,1
2023,10,SUBARU,11,Cádiz,Corporate,ICE,UKL2,REST,Standard,1
2023,10,SUBARU,11,Cádiz,Private,ICE,UKL2,REST,Standard,2
2023,10,SUZUKI,11,Cádiz,Corporate,ICE,SKL,REST,Standard,1
2023,10,SUZUKI,11,Cádiz,Corporate,ICE,UKL2,REST,Standard,2
2023,10,SUZUKI,11,Cádiz,Private,ICE,SKL,REST,Standard,1
2023,10,SUZUKI,11,Cádiz,Private,ICE,UKL1,REST,Standard,2
2023,10,SUZUKI,11,Cádiz,Private,ICE,UKL2,REST,Standard,10
2023,10,TESLA,11,Cádiz,Private,BEV,KKL,FOCUS SEGMENT,Standard,8
2023,10,TOYOTA,11,Cádiz,Corporate,ICE,,REST,Standard,2
2023,10,TOYOTA,11,Cádiz,Corporate,ICE,GKL,REST,Standard,1
2023,10,TOYOTA,11,Cádiz,Corporate,ICE,MKL,REST,Standard,1
2023,10,TOYOTA,11,Cádiz,Corporate,ICE,SKL,REST,Standard,4
2023,10,TOYOTA,11,Cádiz,Corporate,ICE,UKL1,REST,Standard,12
2023,10,TOYOTA,11,Cádiz,Corporate,ICE,UKL2,REST,Standard,6
2023,10,TOYOTA,11,Cádiz,Private,ICE,KKL,REST,Standard,1
2023,10,TOYOTA,11,Cádiz,Private,ICE,SKL,REST,Standard,2
2023,10,TOYOTA,11,Cádiz,Private,ICE,UKL1,REST,Standard,69
2023,10,TOYOTA,11,Cádiz,Private,ICE,UKL2,REST,Standard,28
2023,10,VOLKSWAGEN,11,Cádiz,Corporate,ICE,,REST,Standard,2
2023,10,VOLKSWAGEN,11,Cádiz,Corporate,ICE,UKL1,REST,Standard,15
2023,10,VOLKSWAGEN,11,Cádiz,Corporate,ICE,UKL2,REST,Standard,2
2023,10,VOLKSWAGEN,11,Cádiz,Corporate,PHEV,MKL,REST,Standard,1
2023,10,VOLKSWAGEN,11,Cádiz,Corporate,PHEV,UKL2,REST,Standard,1
2023,10,VOLKSWAGEN,11,Cádiz,Private,ICE,SKL,REST,Standard,1
2023,10,VOLKSWAGEN,11,Cádiz,Private,ICE,UKL1,REST,Standard,36
2023,10,VOLKSWAGEN,11,Cádiz,Private,ICE,UKL2,REST,Standard,48
2023,10,VOLVO,11,Cádiz,Corporate,BEV,KKL,FOCUS SEGMENT,Standard,1
2023,10,VOLVO,11,Cádiz,Corporate,ICE,,REST,Standard,1
2023,10,VOLVO,11,Cádiz,Corporate,ICE,KKL,FOCUS SEGMENT,Standard,3
2023,10,VOLVO,11,Cádiz,Private,ICE,KKL,FOCUS SEGMENT,Standard,3
2023,10,VOLVO,11,Cádiz,Private,ICE,UKL2,FOCUS SEGMENT,Standard,8
2023,10,VOLVO,11,Cádiz,Private,PHEV,UKL2,FOCUS SEGMENT,Standard,1
2023,10,AUDI,12,Castellón,Corporate,BEV,UKL2,FOCUS SEGMENT,Standard,1
2023,10,AUDI,12,Castellón,Corporate,ICE,KKL,FOCUS SEGMENT,Standard,1
2023,10,AUDI,12,Castellón,Corporate,ICE,UKL1,FOCUS SEGMENT,Standard,3
2023,10,AUDI,12,Castellón,Corporate,ICE,UKL2,FOCUS SEGMENT,Standard,1
2023,10,AUDI,12,Castellón,Private,BEV,UKL2,FOCUS SEGMENT,Standard,2
2023,10,AUDI,12,Castellón,Private,ICE,KKL,FOCUS SEGMENT,Standard,3
2023,10,AUDI,12,Castellón,Private,ICE,MKL,FOCUS SEGMENT,Standard,1
2023,10,AUDI,12,Castellón,Private,ICE,UKL1,FOCUS SEGMENT,Standard,1
2023,10,AUDI,12,Castellón,Private,ICE,UKL2,FOCUS SEGMENT,Standard,6
2023,10,BMW,12,Castellón,Corporate,ICE,KKL,FOCUS SEGMENT,M Performance,1
2023,10,BMW,12,Castellón,Corporate,ICE,KKL,FOCUS SEGMENT,Standard,2
2023,10,BMW,12,Castellón,Corporate,ICE,MKL,FOCUS SEGMENT,Standard,1
2023,10,BMW,12,Castellón,Corporate,ICE,UKL2,FOCUS SEGMENT,Standard,4
2023,10,BMW,12,Castellón,Private,BEV,UKL2,FOCUS SEGMENT,Standard,1
2023,10,BMW,12,Castellón,Private,ICE,KKL,FOCUS SEGMENT,Standard,5
2023,10,BMW,12,Castellón,Private,ICE,UKL2,FOCUS SEGMENT,M,1
2023,10,BMW,12,Castellón,Private,ICE,UKL2,FOCUS SEGMENT,M Performance,1
2023,10,BMW,12,Castellón,Private,ICE,UKL2,FOCUS SEGMENT,Standard,7
2023,10,BYD,12,Castellón,Private,BEV,UKL1,REST,Standard,1
2023,10,CITROEN,12,Castellón,Corporate,BEV,SKL,REST,Standard,1
2023,10,CITROEN,12,Castellón,Corporate,BEV,UKL2,REST,Standard,1
2023,10,CITROEN,12,Castellón,Corporate,ICE,MKL,REST,Standard,1
2023,10,CITROEN,12,Castellón,Corporate,ICE,UKL1,REST,Standard,8
2023,10,CITROEN,12,Castellón,Corporate,ICE,UKL2,REST,Standard,11
2023,10,CITROEN,12,Castellón,Corporate,PHEV,MKL,REST,Standard,1
2023,10,CITROEN,12,Castellón,Private,BEV,UKL2,REST,Standard,1
2023,10,CITROEN,12,Castellón,Private,ICE,MKL,REST,Standard,1
2023,10,CITROEN,12,Castellón,Private,ICE,UKL1,REST,Standard,9
2023,10,CITROEN,12,Castellón,Private,ICE,UKL2,REST,Standard,15
2023,10,CITROEN,12,Castellón,RAC,ICE,SKL,REST,Standard,1
2023,10,CUPRA,12,Castellón,Corporate,ICE,UKL2,REST,Standard,9
2023,10,CUPRA,12,Castellón,Corporate,PHEV,UKL2,REST,Standard,1
2023,10,CUPRA,12,Castellón,Private,ICE,UKL2,REST,Standard,2
2023,10,CUPRA,12,Castellón,Private,PHEV,UKL2,REST,Standard,2
2023,10,DACIA,12,Castellón,Corporate,ICE,SKL,REST,Standard,1
2023,10,DACIA,12,Castellón,Corporate,ICE,UKL1,REST,Standard,9
2023,10,DACIA,12,Castellón,Private,BEV,UKL0,REST,Standard,2
2023,10,DACIA,12,Castellón,Private,ICE,SKL,REST,Standard,10
2023,10,DACIA,12,Castellón,Private,ICE,UKL1,REST,Standard,56
2023,10,DACIA,12,Castellón,Private,ICE,UKL2,REST,Standard,7
2023,10,FIAT,12,Castellón,Corporate,ICE,,,Standard,4
2023,10,FIAT,12,Castellón,Corporate,ICE,UKL0,REST,Standard,3
2023,10,FIAT,12,Castellón,Private,ICE,,,Standard,1
2023,10,FIAT,12,Castellón,Private,ICE,UKL0,REST,Standard,1
2023,10,FORD,12,Castellón,Private,ICE,SKL,REST,Standard,1
2023,10,FORD,12,Castellón,Private,ICE,UKL1,REST,Standard,8
2023,10,FORD,12,Castellón,Private,ICE,UKL2,REST,Standard,4
2023,10,FORD,12,Castellón,Private,PHEV,UKL2,REST,Standard,4
2023,10,HONDA,12,Castellón,Corporate,ICE,KKL,REST,Standard,1
2023,10,HYUNDAI,12,Castellón,Corporate,BEV,KKL,REST,Standard,1
2023,10,HYUNDAI,12,Castellón,Corporate,ICE,UKL1,REST,Standard,10
2023,10,HYUNDAI,12,Castellón,Corporate,ICE,UKL2,REST,Standard,6
2023,10,HYUNDAI,12,Castellón,Corporate,PHEV,UKL2,REST,Standard,1
2023,10,HYUNDAI,12,Castellón,Private,BEV,UKL1,REST,Standard,2
2023,10,HYUNDAI,12,Castellón,Private,ICE,UKL0,REST,Standard,8
2023,10,HYUNDAI,12,Castellón,Private,ICE,UKL1,REST,Standard,22
2023,10,HYUNDAI,12,Castellón,Private,ICE,UKL2,REST,Standard,11
2023,10,HYUNDAI,12,Castellón,Private,PHEV,UKL2,REST,Standard,2
2023,10,JEEP,12,Castellón,Corporate,BEV,UKL1,REST,Standard,1
2023,10,JEEP,12,Castellón,Corporate,ICE,UKL1,REST,Standard,4
2023,10,JEEP,12,Castellón,Private,ICE,UKL1,REST,Standard,7
2023,10,KIA,12,Castellón,Corporate,BEV,MKL,REST,Standard,1
2023,10,KIA,12,Castellón,Corporate,ICE,UKL0,REST,Standard,1
2023,10,KIA,12,Castellón,Corporate,ICE,UKL1,REST,Standard,1
2023,10,KIA,12,Castellón,Corporate,ICE,UKL2,REST,Standard,2
2023,10,KIA,12,Castellón,Corporate,PHEV,UKL2,REST,Standard,3
2023,10,KIA,12,Castellón,Private,BEV,UKL2,REST,Standard,5
2023,10,KIA,12,Castellón,Private,ICE,KKL,REST,Standard,2
2023,10,KIA,12,Castellón,Private,ICE,UKL0,REST,Standard,3
2023,10,KIA,12,Castellón,Private,ICE,UKL1,REST,Standard,23
2023,10,KIA,12,Castellón,Private,ICE,UKL2,REST,Standard,27
2023,10,KIA,12,Castellón,Private,PHEV,KKL,REST,Standard,1
2023,10,KIA,12,Castellón,Private,PHEV,UKL2,REST,Standard,3
2023,10,LEXUS,12,Castellón,Corporate,ICE,KKL,FOCUS SEGMENT,Standard,3
2023,10,LEXUS,12,Castellón,Corporate,ICE,UKL2,FOCUS SEGMENT,Standard,2
2023,10,LEXUS,12,Castellón,Private,ICE,KKL,FOCUS SEGMENT,Standard,4
2023,10,LEXUS,12,Castellón,Private,ICE,UKL2,FOCUS SEGMENT,Standard,1
2023,10,MAZDA,12,Castellón,Corporate,ICE,UKL2,REST,Standard,5
2023,10,MAZDA,12,Castellón,Private,ICE,UKL1,REST,Standard,3
2023,10,MAZDA,12,Castellón,Private,ICE,UKL2,REST,Standard,9
2023,10,MERCEDES,12,Castellón,Corporate,BEV,MKL,FOCUS SEGMENT,Standard,1
2023,10,MERCEDES,12,Castellón,Corporate,ICE,KKL,FOCUS SEGMENT,Standard,7
2023,10,MERCEDES,12,Castellón,Corporate,ICE,MKL,FOCUS SEGMENT,Standard,1
2023,10,MERCEDES,12,Castellón,Corporate,ICE,MKL,REST,Standard,1
2023,10,MERCEDES,12,Castellón,Corporate,ICE,UKL2,FOCUS SEGMENT,Standard,4
2023,10,MERCEDES,12,Castellón,Corporate,PHEV,KKL,FOCUS SEGMENT,Standard,3
2023,10,MERCEDES,12,Castellón,Corporate,PHEV,MKL,FOCUS SEGMENT,Standard,1
2023,10,MERCEDES,12,Castellón,Corporate,PHEV,UKL2,FOCUS SEGMENT,Standard,1
2023,10,MERCEDES,12,Castellón,Private,ICE,KKL,FOCUS SEGMENT,Standard,2
2023,10,MERCEDES,12,Castellón,Private,ICE,UKL2,FOCUS SEGMENT,Standard,8
2023,10,MERCEDES,12,Castellón,Private,PHEV,KKL,FOCUS SEGMENT,Standard,1
2023,10,MG,12,Castellón,Corporate,BEV,UKL2,REST,Standard,4
2023,10,MG,12,Castellón,Corporate,ICE,UKL1,REST,Standard,1
2023,10,MG,12,Castellón,Private,BEV,UKL1,REST,Standard,1
2023,10,MG,12,Castellón,Private,ICE,KKL,REST,Standard,1
2023,10,MG,12,Castellón,Private,ICE,UKL1,REST,Standard,57
2023,10,MINI,12,Castellón,Corporate,ICE,UKL1,FOCUS SEGMENT,Standard,4
2023,10,MINI,12,Castellón,Corporate,ICE,UKL2,FOCUS SEGMENT,Standard,1
2023,10,MINI,12,Castellón,Private,ICE,UKL1,FOCUS SEGMENT,Standard,3
2023,10,MINI,12,Castellón,Private,ICE,UKL2,FOCUS SEGMENT,Standard,3
2023,10,MITSUBISHI,12,Castellón,Private,ICE,UKL2,REST,Standard,1
2023,10,NISSAN,12,Castellón,Corporate,ICE,UKL2,REST,Standard,1
2023,10,NISSAN,12,Castellón,Private,ICE,KKL,REST,Standard,1
2023,10,NISSAN,12,Castellón,Private,ICE,SKL,REST,Standard,4
2023,10,NISSAN,12,Castellón,Private,ICE,UKL1,REST,Standard,1
2023,10,NISSAN,12,Castellón,Private,ICE,UKL2,REST,Standard,5
2023,10,NISSAN,12,Castellón,RAC,ICE,SKL,REST,Standard,1
2023,10,OPEL,12,Castellón,Corporate,ICE,UKL1,REST,Standard,9
2023,10,OPEL,12,Castellón,Private,ICE,UKL1,REST,Standard,12
2023,10,OPEL,12,Castellón,Private,ICE,UKL2,REST,Standard,1
2023,10,PEUGEOT,12,Castellón,Corporate,BEV,UKL1,REST,Standard,4
2023,10,PEUGEOT,12,Castellón,Corporate,ICE,KKL,REST,Standard,1
2023,10,PEUGEOT,12,Castellón,Corporate,ICE,UKL1,REST,Standard,28
2023,10,PEUGEOT,12,Castellón,Corporate,ICE,UKL2,REST,Standard,5
2023,10,PEUGEOT,12,Castellón,Private,ICE,UKL1,REST,Standard,21
2023,10,PEUGEOT,12,Castellón,Private,ICE,UKL2,REST,Standard,5
2023,10,PEUGEOT,12,Castellón,Private,PHEV,UKL2,REST,Standard,2
2023,10,PORSCHE,12,Castellón,Corporate,PHEV,MKL,FOCUS SEGMENT,Standard,1
2023,10,RENAULT,12,Castellón,Corporate,BEV,UKL2,REST,Standard,4
2023,10,RENAULT,12,Castellón,Corporate,ICE,SKL,REST,Standard,2
2023,10,RENAULT,12,Castellón,Corporate,ICE,UKL1,REST,Standard,2
2023,10,RENAULT,12,Castellón,Corporate,ICE,UKL2,REST,Standard,6
2023,10,RENAULT,12,Castellón,Private,ICE,KKL,REST,Standard,2
2023,10,RENAULT,12,Castellón,Private,ICE,UKL1,REST,Standard,8
2023,10,RENAULT,12,Castellón,Private,ICE,UKL2,REST,Standard,11
2023,10,SEAT,12,Castellón,Corporate,ICE,KKL,REST,Standard,1
2023,10,SEAT,12,Castellón,Corporate,ICE,UKL1,REST,Standard,23
2023,10,SEAT,12,Castellón,Corporate,ICE,UKL2,REST,Standard,4
2023,10,SEAT,12,Castellón,Corporate,PHEV,UKL2,REST,Standard,3
2023,10,SEAT,12,Castellón,Private,ICE,KKL,REST,Standard,1
2023,10,SEAT,12,Castellón,Private,ICE,UKL1,REST,Standard,14
2023,10,SEAT,12,Castellón,Private,ICE,UKL2,REST,Standard,2
2023,10,SKODA,12,Castellón,Corporate,ICE,KKL,REST,Standard,3
2023,10,SKODA,12,Castellón,Corporate,ICE,UKL1,REST,Standard,2
2023,10,SKODA,12,Castellón,Corporate,ICE,UKL2,REST,Standard,2
2023,10,SKODA,12,Castellón,Private,ICE,UKL1,REST,Standard,8
2023,10,SKODA,12,Castellón,Private,ICE,UKL2,REST,Standard,5
2023,10,SMART,12,Castellón,Private,BEV,,REST,Standard,1
2023,10,SSANGYONG,12,Castellón,Corporate,ICE,KKL,REST,Standard,1
2023,10,SSANGYONG,12,Castellón,Corporate,ICE,MKL,REST,Standard,1
2023,10,SUZUKI,12,Castellón,Private,ICE,SKL,REST,Standard,1
2023,10,SUZUKI,12,Castellón,Private,ICE,UKL1,REST,Standard,4
2023,10,SUZUKI,12,Castellón,Private,ICE,UKL2,REST,Standard,1
2023,10,TESLA,12,Castellón,Private,BEV,KKL,FOCUS SEGMENT,Standard,5
2023,10,TOYOTA,12,Castellón,Corporate,BEV,UKL2,REST,Standard,1
2023,10,TOYOTA,12,Castellón,Corporate,ICE,UKL1,REST,Standard,3
2023,10,TOYOTA,12,Castellón,Corporate,ICE,UKL2,REST,Standard,1
2023,10,TOYOTA,12,Castellón,Private,ICE,SKL,REST,Standard,2
2023,10,TOYOTA,12,Castellón,Private,ICE,UKL1,REST,Standard,26
2023,10,TOYOTA,12,Castellón,Private,ICE,UKL2,REST,Standard,15
2023,10,VOLKSWAGEN,12,Castellón,Corporate,BEV,UKL2,REST,Standard,1
2023,10,VOLKSWAGEN,12,Castellón,Corporate,ICE,MKL,REST,Standard,1
2023,10,VOLKSWAGEN,12,Castellón,Corporate,ICE,UKL1,REST,Standard,1
2023,10,VOLKSWAGEN,12,Castellón,Corporate,ICE,UKL2,REST,Standard,5
2023,10,VOLKSWAGEN,12,Castellón,Corporate,PHEV,MKL,REST,Standard,1
2023,10,VOLKSWAGEN,12,Castellón,Private,BEV,UKL2,REST,Standard,2
2023,10,VOLKSWAGEN,12,Castellón,Private,ICE,UKL1,REST,Standard,11
2023,10,VOLKSWAGEN,12,Castellón,Private,ICE,UKL2,REST,Standard,11
2023,10,VOLKSWAGEN,12,Castellón,Private,PHEV,UKL2,REST,Standard,1
2023,10,VOLVO,12,Castellón,Private,ICE,UKL2,FOCUS SEGMENT,Standard,3
2023,10,VOLVO,12,Castellón,Private,PHEV,UKL2,FOCUS SEGMENT,Standard,1
2023,10,ALFA ROMEO,13,Ciudad Real,Private,PHEV,UKL2,REST,Standard,1
2023,10,AUDI,13,Ciudad Real,Corporate,ICE,MKL,FOCUS SEGMENT,Standard,1
2023,10,AUDI,13,Ciudad Real,Corporate,ICE,UKL2,FOCUS SEGMENT,Standard,1
2023,10,AUDI,13,Ciudad Real,Private,ICE,UKL1,FOCUS SEGMENT,Standard,1
2023,10,AUDI,13,Ciudad Real,Private,ICE,UKL2,FOCUS SEGMENT,M Performance,1
2023,10,AUDI,13,Ciudad Real,Private,ICE,UKL2,FOCUS SEGMENT,Standard,4
2023,10,AUDI,13,Ciudad Real,Private,PHEV,UKL2,FOCUS SEGMENT,Standard,1
2023,10,BMW,13,Ciudad Real,Corporate,ICE,KKL,FOCUS SEGMENT,Standard,1
2023,10,BMW,13,Ciudad Real,Private,ICE,MKL,FOCUS SEGMENT,Standard,1
2023,10,BMW,13,Ciudad Real,Private,ICE,UKL2,FOCUS SEGMENT,Standard,2
2023,10,BMW,13,Ciudad Real,Private,PHEV,UKL2,FOCUS SEGMENT,Standard,1
2023,10,CITROEN,13,Ciudad Real,Private,ICE,UKL1,REST,Standard,3
2023,10,CITROEN,13,Ciudad Real,Private,ICE,UKL2,REST,Standard,6
2023,10,CUPRA,13,Ciudad Real,Private,ICE,UKL2,REST,Standard,9
2023,10,DACIA,13,Ciudad Real,Corporate,BEV,UKL0,REST,Standard,1
2023,10,DACIA,13,Ciudad Real,Corporate,ICE,UKL1,REST,Standard,1
2023,10,DACIA,13,Ciudad Real,Corporate,ICE,UKL2,REST,Standard,1
2023,10,DACIA,13,Ciudad Real,Private,ICE,SKL,REST,Standard,8
2023,10,DACIA,13,Ciudad Real,Private,ICE,UKL1,REST,Standard,22
2023,10,DS,13,Ciudad Real,Corporate,PHEV,UKL2,REST,Standard,1
2023,10,FIAT,13,Ciudad Real,Private,ICE,,,Standard,1
2023,10,FIAT,13,Ciudad Real,Private,ICE,UKL0,REST,Standard,4
2023,10,FORD,13,Ciudad Real,Corporate,ICE,SKL,REST,Standard,1
2023,10,FORD,13,Ciudad Real,Corporate,ICE,UKL1,REST,Standard,1
2023,10,FORD,13,Ciudad Real,Corporate,PHEV,UKL2,REST,Standard,1
2023,10,FORD,13,Ciudad Real,Private,ICE,SKL,REST,Standard,2
2023,10,HONDA,13,Ciudad Real,Corporate,ICE,KKL,REST,Standard,1
2023,10,HONDA,13,Ciudad Real,Private,ICE,UKL2,REST,Standard,1
2023,10,HYUNDAI,13,Ciudad Real,Corporate,ICE,UKL0,REST,Standard,1
2023,10,HYUNDAI,13,Ciudad Real,Corporate,ICE,UKL1,REST,Standard,1
2023,10,HYUNDAI,13,Ciudad Real,Corporate,ICE,UKL2,REST,Standard,6
2023,10,HYUNDAI,13,Ciudad Real,Private,ICE,MKL,REST,Standard,2
2023,10,HYUNDAI,13,Ciudad Real,Private,ICE,UKL0,REST,Standard,1
2023,10,HYUNDAI,13,Ciudad Real,Private,ICE,UKL1,REST,Standard,8
2023,10,HYUNDAI,13,Ciudad Real,Private,ICE,UKL2,REST,Standard,6
2023,10,JEEP,13,Ciudad Real,Corporate,PHEV,UKL2,REST,Standard,1
2023,10,JEEP,13,Ciudad Real,Private,ICE,UKL1,REST,Standard,3
2023,10,JEEP,13,Ciudad Real,Private,PHEV,UKL2,REST,Standard,1
2023,10,KIA,13,Ciudad Real,Corporate,ICE,KKL,REST,Standard,1
2023,10,KIA,13,Ciudad Real,Corporate,ICE,UKL1,REST,Standard,3
2023,10,KIA,13,Ciudad Real,Corporate,ICE,UKL2,REST,Standard,2
2023,10,KIA,13,Ciudad Real,Corporate,PHEV,UKL2,REST,Standard,3
2023,10,KIA,13,Ciudad Real,Private,BEV,KKL,REST,Standard,1
2023,10,KIA,13,Ciudad Real,Private,BEV,UKL2,REST,Standard,4
2023,10,KIA,13,Ciudad Real,Private,ICE,KKL,REST,Standard,2
2023,10,KIA,13,Ciudad Real,Private,ICE,UKL1,REST,Standard,3
2023,10,KIA,13,Ciudad Real,Private,ICE,UKL2,REST,Standard,34
2023,10,KIA,13,Ciudad Real,Private,PHEV,UKL2,REST,Standard,2
2023,10,LAND ROVER,13,Ciudad Real,Corporate,ICE,MKL,FOCUS SEGMENT,Standard,1
2023,10,LAND ROVER,13,Ciudad Real,Corporate,PHEV,UKL2,FOCUS SEGMENT,Standard,1
2023,10,LEXUS,13,Ciudad Real,Private,ICE,KKL,FOCUS SEGMENT,Standard,1
2023,10,LEXUS,13,Ciudad Real,Private,ICE,UKL2,FOCUS SEGMENT,Standard,2
2023,10,MAZDA,13,Ciudad Real,Corporate,PHEV,KKL,REST,Standard,1
2023,10,MAZDA,13,Ciudad Real,Private,ICE,KKL,REST,Standard,1
2023,10,MAZDA,13,Ciudad Real,Private,ICE,UKL2,REST,Standard,6
2023,10,MERCEDES,13,Ciudad Real,Corporate,ICE,GKL,FOCUS SEGMENT,Standard,2
2023,10,MERCEDES,13,Ciudad Real,Corporate,ICE,KKL,FOCUS SEGMENT,Standard,4
2023,10,MERCEDES,13,Ciudad Real,Corporate,ICE,MKL,FOCUS SEGMENT,Standard,1
2023,10,MERCEDES,13,Ciudad Real,Corporate,PHEV,KKL,FOCUS SEGMENT,Standard,1
2023,10,MERCEDES,13,Ciudad Real,Private,ICE,KKL,FOCUS SEGMENT,Standard,7
2023,10,MERCEDES,13,Ciudad Real,Private,ICE,UKL2,FOCUS SEGMENT,Standard,4
2023,10,MG,13,Ciudad Real,Corporate,ICE,UKL1,REST,Standard,1
2023,10,MG,13,Ciudad Real,Private,BEV,UKL2,REST,Standard,2
2023,10,MG,13,Ciudad Real,Private,ICE,KKL,REST,Standard,1
2023,10,MG,13,Ciudad Real,Private,ICE,UKL1,REST,Standard,54
2023,10,MINI,13,Ciudad Real,Private,ICE,UKL1,FOCUS SEGMENT,Standard,1
2023,10,MITSUBISHI,13,Ciudad Real,Corporate,ICE,UKL1,REST,Standard,2
2023,10,MITSUBISHI,13,Ciudad Real,Private,ICE,UKL1,REST,Standard,1
2023,10,MITSUBISHI,13,Ciudad Real,Private,ICE,UKL2,REST,Standard,1
2023,10,NISSAN,13,Ciudad Real,Private,ICE,UKL2,REST,Standard,4
2023,10,OPEL,13,Ciudad Real,Private,ICE,UKL1,REST,Standard,2
2023,10,OPEL,13,Ciudad Real,Private,ICE,UKL2,REST,Standard,1
2023,10,PEUGEOT,13,Ciudad Real,Private,BEV,UKL1,REST,Standard,1
2023,10,PEUGEOT,13,Ciudad Real,Private,ICE,UKL1,REST,Standard,9
2023,10,PEUGEOT,13,Ciudad Real,Private,ICE,UKL2,REST,Standard,6
2023,10,PORSCHE,13,Ciudad Real,Private,PHEV,MKL,FOCUS SEGMENT,Standard,2
2023,10,RENAULT,13,Ciudad Real,Corporate,BEV,UKL2,REST,Standard,1
2023,10,RENAULT,13,Ciudad Real,Corporate,ICE,UKL2,REST,Standard,1
2023,10,RENAULT,13,Ciudad Real,Private,ICE,,REST,Standard,1
2023,10,RENAULT,13,Ciudad Real,Private,ICE,UKL1,REST,Standard,4
2023,10,RENAULT,13,Ciudad Real,Private,ICE,UKL2,REST,Standard,11
2023,10,SEAT,13,Ciudad Real,Corporate,ICE,UKL2,REST,Standard,4
2023,10,SEAT,13,Ciudad Real,Corporate,PHEV,UKL2,REST,Standard,1
2023,10,SEAT,13,Ciudad Real,Private,ICE,KKL,REST,Standard,1
2023,10,SEAT,13,Ciudad Real,Private,ICE,UKL1,REST,Standard,13
2023,10,SEAT,13,Ciudad Real,Private,ICE,UKL2,REST,Standard,8
2023,10,SKODA,13,Ciudad Real,Corporate,ICE,UKL1,REST,Standard,1
2023,10,SKODA,13,Ciudad Real,Corporate,ICE,UKL2,REST,Standard,1
2023,10,SKODA,13,Ciudad Real,Private,ICE,KKL,REST,Standard,2
2023,10,SKODA,13,Ciudad Real,Private,ICE,UKL1,REST,Standard,5
2023,10,SKODA,13,Ciudad Real,Private,ICE,UKL2,REST,Standard,4
2023,10,SSANGYONG,13,Ciudad Real,Corporate,ICE,UKL1,REST,Standard,1
2023,10,SSANGYONG,13,Ciudad Real,Private,ICE,KKL,REST,Standard,1
2023,10,SUBARU,13,Ciudad Real,Private,ICE,KKL,REST,Standard,1
2023,10,SUZUKI,13,Ciudad Real,Private,ICE,UKL0,REST,Standard,1
2023,10,SUZUKI,13,Ciudad Real,Private,ICE,UKL1,REST,Standard,2
2023,10,TOYOTA,13,Ciudad Real,Corporate,ICE,GKL,REST,Standard,1
2023,10,TOYOTA,13,Ciudad Real,Corporate,ICE,UKL1,REST,Standard,1
2023,10,TOYOTA,13,Ciudad Real,Corporate,ICE,UKL2,REST,Standard,1
2023,10,TOYOTA,13,Ciudad Real,Private,ICE,MKL,REST,Standard,1
2023,10,TOYOTA,13,Ciudad Real,Private,ICE,UKL1,REST,Standard,12
2023,10,TOYOTA,13,Ciudad Real,Private,ICE,UKL2,REST,Standard,10
2023,10,VOLKSWAGEN,13,Ciudad Real,Corporate,ICE,UKL2,REST,Standard,1
2023,10,VOLKSWAGEN,13,Ciudad Real,Corporate,PHEV,MKL,REST,Standard,1
2023,10,VOLKSWAGEN,13,Ciudad Real,Private,ICE,KKL,REST,Standard,1
2023,10,VOLKSWAGEN,13,Ciudad Real,Private,ICE,SKL,REST,Standard,1
2023,10,VOLKSWAGEN,13,Ciudad Real,Private,ICE,UKL1,REST,Standard,6
2023,10,VOLKSWAGEN,13,Ciudad Real,Private,ICE,UKL2,REST,Standard,4
2023,10,VOLVO,13,Ciudad Real,Corporate,ICE,KKL,FOCUS SEGMENT,Standard,2
2023,10,VOLVO,13,Ciudad Real,Corporate,ICE,MKL,FOCUS SEGMENT,Standard,1
2023,10,VOLVO,13,Ciudad Real,Corporate,PHEV,UKL2,FOCUS SEGMENT,Standard,1
2023,10,VOLVO,13,Ciudad Real,Private,ICE,KKL,FOCUS SEGMENT,Standard,2
2023,10,ALFA ROMEO,14,Córdoba,Private,ICE,UKL2,REST,Standard,1
2023,10,AUDI,14,Córdoba,Corporate,BEV,UKL2,FOCUS SEGMENT,Standard,2
2023,10,AUDI,14,Córdoba,Corporate,ICE,MKL,FOCUS SEGMENT,M,1
2023,10,AUDI,14,Córdoba,Corporate,ICE,MKL,FOCUS SEGMENT,Standard,1
2023,10,AUDI,14,Córdoba,Corporate,ICE,UKL1,FOCUS SEGMENT,Standard,1
2023,10,AUDI,14,Córdoba,Corporate,ICE,UKL2,FOCUS SEGMENT,Standard,7
2023,10,AUDI,14,Córdoba,Corporate,PHEV,UKL2,FOCUS SEGMENT,Standard,1
2023,10,AUDI,14,Córdoba,Private,ICE,KKL,FOCUS SEGMENT,Standard,4
2023,10,AUDI,14,Córdoba,Private,ICE,UKL2,FOCUS SEGMENT,Standard,5
2023,10,AUDI,14,Córdoba,Private,PHEV,UKL2,FOCUS SEGMENT,Standard,1
2023,10,BMW,14,Córdoba,Corporate,ICE,KKL,FOCUS SEGMENT,Standard,1
2023,10,BMW,14,Córdoba,Private,ICE,KKL,FOCUS SEGMENT,Standard,1
2023,10,BMW,14,Córdoba,Private,ICE,UKL2,FOCUS SEGMENT,Standard,5
2023,10,BMW,14,Córdoba,Private,PHEV,UKL2,FOCUS SEGMENT,Standard,1
2023,10,CITROEN,14,Córdoba,Corporate,ICE,MKL,REST,Standard,1
2023,10,CITROEN,14,Córdoba,Corporate,ICE,UKL1,REST,Standard,3
2023,10,CITROEN,14,Córdoba,Corporate,ICE,UKL2,REST,Standard,1
2023,10,CITROEN,14,Córdoba,Private,BEV,UKL2,REST,Standard,2
2023,10,CITROEN,14,Córdoba,Private,ICE,MKL,REST,Standard,1
2023,10,CITROEN,14,Córdoba,Private,ICE,UKL1,REST,Standard,8
2023,10,CITROEN,14,Córdoba,Private,ICE,UKL2,REST,Standard,14
2023,10,CUPRA,14,Córdoba,Corporate,BEV,UKL2,REST,Standard,1
2023,10,CUPRA,14,Córdoba,Corporate,ICE,UKL2,REST,Standard,5
2023,10,CUPRA,14,Córdoba,Corporate,PHEV,UKL2,REST,Standard,1
2023,10,CUPRA,14,Córdoba,Private,ICE,UKL2,REST,Standard,1
2023,10,CUPRA,14,Córdoba,Private,PHEV,UKL2,REST,Standard,2
2023,10,DACIA,14,Córdoba,Corporate,ICE,UKL2,REST,Standard,2
2023,10,DACIA,14,Córdoba,Private,ICE,SKL,REST,Standard,9
2023,10,DACIA,14,Córdoba,Private,ICE,UKL1,REST,Standard,29
2023,10,DACIA,14,Córdoba,Private,ICE,UKL2,REST,Standard,2
2023,10,DFSK,14,Córdoba,Private,ICE,,,Standard,1
2023,10,DS,14,Córdoba,Private,ICE,UKL2,REST,Standard,1
2023,10,FIAT,14,Córdoba,Private,ICE,,,Standard,3
2023,10,FIAT,14,Córdoba,Private,ICE,UKL0,REST,Standard,3
2023,10,FORD,14,Córdoba,Corporate,ICE,SKL,REST,Standard,1
2023,10,FORD,14,Córdoba,Corporate,ICE,UKL1,REST,Standard,2
2023,10,FORD,14,Córdoba,Corporate,ICE,UKL2,REST,Standard,2
2023,10,FORD,14,Córdoba,Corporate,PHEV,UKL2,REST,Standard,4
2023,10,FORD,14,Córdoba,Private,ICE,UKL1,REST,Standard,7
2023,10,FORD,14,Córdoba,Private,ICE,UKL2,REST,Standard,12
2023,10,FORD,14,Córdoba,Private,PHEV,UKL2,REST,Standard,5
2023,10,HONDA,14,Córdoba,Corporate,ICE,KKL,REST,Standard,1
2023,10,HONDA,14,Córdoba,Private,ICE,UKL2,REST,Standard,2
2023,10,HYUNDAI,14,Córdoba,Corporate,BEV,UKL1,REST,Standard,1
2023,10,HYUNDAI,14,Córdoba,Corporate,BEV,UKL2,REST,Standard,1
2023,10,HYUNDAI,14,Córdoba,Corporate,ICE,MKL,REST,Standard,2
2023,10,HYUNDAI,14,Córdoba,Corporate,ICE,UKL0,REST,Standard,3
2023,10,HYUNDAI,14,Córdoba,Corporate,ICE,UKL1,REST,Standard,8
2023,10,HYUNDAI,14,Córdoba,Corporate,ICE,UKL2,REST,Standard,10
2023,10,HYUNDAI,14,Córdoba,Private,ICE,MKL,REST,Standard,1
2023,10,HYUNDAI,14,Córdoba,Private,ICE,UKL0,REST,Standard,4
2023,10,HYUNDAI,14,Córdoba,Private,ICE,UKL1,REST,Standard,10
2023,10,HYUNDAI,14,Córdoba,Private,ICE,UKL2,REST,Standard,19
2023,10,HYUNDAI,14,Córdoba,RAC,ICE,UKL0,REST,Standard,2
2023,10,HYUNDAI,14,Córdoba,RAC,ICE,UKL1,REST,Standard,3
2023,10,HYUNDAI,14,Córdoba,RAC,ICE,UKL2,REST,Standard,2
2023,10,JAGUAR,14,Córdoba,Corporate,ICE,KKL,FOCUS SEGMENT,Standard,1
2023,10,JEEP,14,Córdoba,Private,ICE,UKL1,REST,Standard,6
2023,10,KIA,14,Córdoba,Corporate,BEV,MKL,REST,Standard,1
2023,10,KIA,14,Córdoba,Corporate,ICE,UKL1,REST,Standard,2
2023,10,KIA,14,Córdoba,Corporate,ICE,UKL2,REST,Standard,2
2023,10,KIA,14,Córdoba,Corporate,PHEV,UKL2,REST,Standard,1
2023,10,KIA,14,Córdoba,Private,BEV,KKL,REST,Standard,2
2023,10,KIA,14,Córdoba,Private,BEV,UKL2,REST,Standard,2
2023,10,KIA,14,Córdoba,Private,ICE,KKL,REST,Standard,1
2023,10,KIA,14,Córdoba,Private,ICE,UKL0,REST,Standard,2
2023,10,KIA,14,Córdoba,Private,ICE,UKL1,REST,Standard,11
2023,10,KIA,14,Córdoba,Private,ICE,UKL2,REST,Standard,19
2023,10,KIA,14,Córdoba,Private,PHEV,UKL2,REST,Standard,1
2023,10,LAND ROVER,14,Córdoba,Corporate,ICE,MKL,FOCUS SEGMENT,Standard,2
2023,10,MAZDA,14,Córdoba,Corporate,ICE,UKL2,REST,Standard,10
2023,10,MAZDA,14,Córdoba,Private,ICE,UKL1,REST,Standard,1
2023,10,MAZDA,14,Córdoba,Private,ICE,UKL2,REST,Standard,11
2023,10,MERCEDES,14,Córdoba,Corporate,BEV,MKL,FOCUS SEGMENT,Standard,1
2023,10,MERCEDES,14,Córdoba,Corporate,BEV,UKL2,FOCUS SEGMENT,Standard,2
2023,10,MERCEDES,14,Córdoba,Corporate,ICE,KKL,FOCUS SEGMENT,Standard,8
2023,10,MERCEDES,14,Córdoba,Corporate,ICE,MKL,REST,Standard,1
2023,10,MERCEDES,14,Córdoba,Corporate,ICE,SKL,REST,Standard,1
2023,10,MERCEDES,14,Córdoba,Corporate,ICE,UKL2,FOCUS SEGMENT,Standard,2
2023,10,MERCEDES,14,Córdoba,Private,ICE,KKL,FOCUS SEGMENT,Standard,2
2023,10,MERCEDES,14,Córdoba,Private,ICE,UKL2,FOCUS SEGMENT,Standard,7
2023,10,MERCEDES,14,Córdoba,Private,PHEV,UKL2,FOCUS SEGMENT,Standard,3
2023,10,MG,14,Córdoba,Corporate,ICE,UKL1,REST,Standard,1
2023,10,MG,14,Córdoba,Corporate,PHEV,KKL,REST,Standard,1
2023,10,MG,14,Córdoba,Private,ICE,KKL,REST,Standard,1
2023,10,MG,14,Córdoba,Private,ICE,UKL1,REST,Standard,19
2023,10,MINI,14,Córdoba,Corporate,ICE,UKL1,FOCUS SEGMENT,Standard,1
2023,10,MINI,14,Córdoba,Private,ICE,UKL1,FOCUS SEGMENT,Standard,2
2023,10,MINI,14,Córdoba,Private,ICE,UKL2,FOCUS SEGMENT,Standard,2
2023,10,MITSUBISHI,14,Córdoba,Corporate,PHEV,UKL2,REST,Standard,1
2023,10,MITSUBISHI,14,Córdoba,Private,ICE,UKL2,REST,Standard,5
2023,10,NISSAN,14,Córdoba,Corporate,ICE,UKL1,REST,Standard,2
2023,10,NISSAN,14,Córdoba,Corporate,ICE,UKL2,REST,Standard,4
2023,10,NISSAN,14,Córdoba,Private,ICE,UKL1,REST,Standard,1
2023,10,NISSAN,14,Córdoba,Private,ICE,UKL2,REST,Standard,6
2023,10,OPEL,14,Córdoba,Corporate,ICE,UKL1,REST,Standard,6
2023,10,OPEL,14,Córdoba,Corporate,ICE,UKL2,REST,Standard,5
2023,10,OPEL,14,Córdoba,Private,ICE,UKL1,REST,Standard,4
2023,10,OPEL,14,Córdoba,Private,ICE,UKL2,REST,Standard,1
2023,10,PEUGEOT,14,Córdoba,Corporate,ICE,KKL,REST,Standard,6
2023,10,PEUGEOT,14,Córdoba,Corporate,ICE,UKL1,REST,Standard,11
2023,10,PEUGEOT,14,Córdoba,Corporate,ICE,UKL2,REST,Standard,6
2023,10,PEUGEOT,14,Córdoba,Private,BEV,UKL1,REST,Standard,1
2023,10,PEUGEOT,14,Córdoba,Private,ICE,UKL1,REST,Standard,18
2023,10,PEUGEOT,14,Córdoba,Private,ICE,UKL2,REST,Standard,7
2023,10,PORSCHE,14,Córdoba,Corporate,PHEV,MKL,FOCUS SEGMENT,Standard,1
2023,10,RENAULT,14,Córdoba,Corporate,BEV,UKL2,REST,Standard,2
2023,10,RENAULT,14,Córdoba,Corporate,ICE,UKL1,REST,Standard,3
2023,10,RENAULT,14,Córdoba,Corporate,ICE,UKL2,REST,Standard,1
2023,10,RENAULT,14,Córdoba,Private,ICE,SKL,REST,Standard,1
2023,10,RENAULT,14,Córdoba,Private,ICE,UKL1,REST,Standard,12
2023,10,RENAULT,14,Córdoba,Private,ICE,UKL2,REST,Standard,11
2023,10,SEAT,14,Córdoba,Corporate,ICE,KKL,REST,Standard,2
2023,10,SEAT,14,Córdoba,Corporate,ICE,UKL1,REST,Standard,4
2023,10,SEAT,14,Córdoba,Corporate,ICE,UKL2,REST,Standard,11
2023,10,SEAT,14,Córdoba,Corporate,PHEV,UKL2,REST,Standard,2
2023,10,SEAT,14,Córdoba,Private,ICE,UKL1,REST,Standard,8
2023,10,SEAT,14,Córdoba,Private,ICE,UKL2,REST,Standard,12
2023,10,SKODA,14,Córdoba,Corporate,ICE,KKL,REST,Standard,1
2023,10,SKODA,14,Córdoba,Corporate,ICE,UKL1,REST,Standard,2
2023,10,SKODA,14,Córdoba,Corporate,ICE,UKL2,REST,Standard,1
2023,10,SKODA,14,Córdoba,Private,ICE,KKL,REST,Standard,1
2023,10,SKODA,14,Córdoba,Private,ICE,UKL1,REST,Standard,9
2023,10,SKODA,14,Córdoba,Private,ICE,UKL2,REST,Standard,7
2023,10,SSANGYONG,14,Córdoba,Corporate,BEV,KKL,REST,Standard,1
2023,10,SSANGYONG,14,Córdoba,Private,ICE,MKL,REST,Standard,1
2023,10,SSANGYONG,14,Córdoba,Private,ICE,UKL1,REST,Standard,1
2023,10,SUBARU,14,Córdoba,Corporate,ICE,KKL,REST,Standard,1
2023,10,SUBARU,14,Córdoba,Private,ICE,KKL,REST,Standard,1
2023,10,SUBARU,14,Córdoba,Private,ICE,UKL2,REST,Standard,2
2023,10,SUZUKI,14,Córdoba,Corporate,ICE,SKL,REST,Standard,1
2023,10,SUZUKI,14,Córdoba,Corporate,ICE,UKL2,REST,Standard,3
2023,10,SUZUKI,14,Córdoba,Private,ICE,SKL,REST,Standard,1
2023,10,SUZUKI,14,Córdoba,Private,ICE,UKL1,REST,Standard,2
2023,10,SUZUKI,14,Córdoba,Private,ICE,UKL2,REST,Standard,1
2023,10,TOYOTA,14,Córdoba,Corporate,ICE,UKL1,REST,Standard,2
2023,10,TOYOTA,14,Córdoba,Private,ICE,UKL1,REST,Standard,15
2023,10,TOYOTA,14,Córdoba,Private,ICE,UKL2,REST,Standard,14
2023,10,TOYOTA,14,Córdoba,Private,PHEV,UKL2,REST,Standard,1
2023,10,VOLKSWAGEN,14,Córdoba,Corporate,ICE,MKL,REST,Standard,1
2023,10,VOLKSWAGEN,14,Córdoba,Corporate,ICE,UKL2,REST,Standard,9
2023,10,VOLKSWAGEN,14,Córdoba,Private,BEV,SKL,REST,Standard,1
2023,10,VOLKSWAGEN,14,Córdoba,Private,BEV,UKL2,REST,Standard,2
2023,10,VOLKSWAGEN,14,Córdoba,Private,ICE,KKL,REST,Standard,1
2023,10,VOLKSWAGEN,14,Córdoba,Private,ICE,UKL1,REST,Standard,8
2023,10,VOLKSWAGEN,14,Córdoba,Private,ICE,UKL2,REST,Standard,9
2023,10,VOLVO,14,Córdoba,Corporate,ICE,KKL,FOCUS SEGMENT,Standard,4
2023,10,VOLVO,14,Córdoba,Corporate,ICE,MKL,FOCUS SEGMENT,Standard,2
2023,10,VOLVO,14,Córdoba,Corporate,PHEV,KKL,FOCUS SEGMENT,Standard,1
2023,10,VOLVO,14,Córdoba,Corporate,PHEV,UKL2,FOCUS SEGMENT,Standard,4
2023,10,VOLVO,14,Córdoba,Private,BEV,UKL2,FOCUS SEGMENT,Standard,3
2023,10,VOLVO,14,Córdoba,Private,ICE,KKL,FOCUS SEGMENT,Standard,2
2023,10,VOLVO,14,Córdoba,Private,ICE,UKL2,FOCUS SEGMENT,Standard,5
2023,10,ALFA ROMEO,15,A Coruña,Private,ICE,KKL,REST,Standard,1
2023,10,AUDI,15,A Coruña,Corporate,BEV,UKL2,FOCUS SEGMENT,Standard,1
2023,10,AUDI,15,A Coruña,Corporate,ICE,,,M Performance,1
2023,10,AUDI,15,A Coruña,Corporate,ICE,KKL,FOCUS SEGMENT,M Performance,1
2023,10,AUDI,15,A Coruña,Corporate,ICE,KKL,FOCUS SEGMENT,Standard,3
2023,10,AUDI,15,A Coruña,Corporate,ICE,MKL,FOCUS SEGMENT,Standard,2
2023,10,AUDI,15,A Coruña,Corporate,ICE,UKL1,FOCUS SEGMENT,Standard,1
2023,10,AUDI,15,A Coruña,Corporate,ICE,UKL2,FOCUS SEGMENT,Standard,21
2023,10,AUDI,15,A Coruña,Corporate,PHEV,MKL,FOCUS SEGMENT,Standard,2
2023,10,AUDI,15,A Coruña,Corporate,PHEV,UKL2,FOCUS SEGMENT,Standard,3
2023,10,AUDI,15,A Coruña,Private,BEV,UKL2,FOCUS SEGMENT,Standard,2
2023,10,AUDI,15,A Coruña,Private,ICE,KKL,FOCUS SEGMENT,M,1
2023,10,AUDI,15,A Coruña,Private,ICE,KKL,FOCUS SEGMENT,Standard,2
2023,10,AUDI,15,A Coruña,Private,ICE,UKL1,FOCUS SEGMENT,Standard,3
2023,10,AUDI,15,A Coruña,Private,ICE,UKL2,FOCUS SEGMENT,Standard,9
2023,10,AUDI,15,A Coruña,Private,PHEV,UKL2,FOCUS SEGMENT,Standard,1
2023,10,BMW,15,A Coruña,Corporate,BEV,UKL2,FOCUS SEGMENT,Standard,1
2023,10,BMW,15,A Coruña,Corporate,ICE,KKL,FOCUS SEGMENT,M,1
2023,10,BMW,15,A Coruña,Corporate,ICE,KKL,FOCUS SEGMENT,Standard,1
2023,10,BMW,15,A Coruña,Corporate,ICE,MKL,FOCUS SEGMENT,Standard,2
2023,10,BMW,15,A Coruña,Corporate,ICE,UKL2,FOCUS SEGMENT,Standard,5
2023,10,BMW,15,A Coruña,Corporate,PHEV,UKL2,FOCUS SEGMENT,Standard,1
2023,10,BMW,15,A Coruña,Private,BEV,KKL,FOCUS SEGMENT,M Performance,1
2023,10,BMW,15,A Coruña,Private,ICE,KKL,FOCUS SEGMENT,Standard,6
2023,10,BMW,15,A Coruña,Private,ICE,MKL,FOCUS SEGMENT,Standard,3
2023,10,BMW,15,A Coruña,Private,ICE,UKL2,FOCUS SEGMENT,M,1
2023,10,BMW,15,A Coruña,Private,ICE,UKL2,FOCUS SEGMENT,M Performance,1
2023,10,BMW,15,A Coruña,Private,ICE,UKL2,FOCUS SEGMENT,Standard,14
2023,10,BMW,15,A Coruña,Private,PHEV,UKL2,FOCUS SEGMENT,Standard,3
2023,10,CITROEN,15,A Coruña,Corporate,ICE,UKL1,REST,Standard,2
2023,10,CITROEN,15,A Coruña,Corporate,ICE,UKL2,REST,Standard,5
2023,10,CITROEN,15,A Coruña,Corporate,PHEV,MKL,REST,Standard,1
2023,10,CITROEN,15,A Coruña,Private,ICE,UKL1,REST,Standard,8
2023,10,CITROEN,15,A Coruña,Private,ICE,UKL2,REST,Standard,8
2023,10,CUPRA,15,A Coruña,Corporate,ICE,UKL2,REST,Standard,3
2023,10,CUPRA,15,A Coruña,Corporate,PHEV,UKL2,REST,Standard,1
2023,10,CUPRA,15,A Coruña,Private,BEV,UKL2,REST,Standard,4
2023,10,CUPRA,15,A Coruña,Private,ICE,UKL2,REST,Standard,3
2023,10,CUPRA,15,A Coruña,Private,PHEV,UKL2,REST,Standard,1
2023,10,DACIA,15,A Coruña,Corporate,ICE,UKL1,REST,Standard,2
2023,10,DACIA,15,A Coruña,Private,BEV,UKL0,REST,Standard,1
2023,10,DACIA,15,A Coruña,Private,ICE,SKL,REST,Standard,3
2023,10,DACIA,15,A Coruña,Private,ICE,UKL1,REST,Standard,20
2023,10,DACIA,15,A Coruña,Private,ICE,UKL2,REST,Standard,4
2023,10,FIAT,15,A Coruña,Corporate,ICE,UKL0,REST,Standard,14
2023,10,FIAT,15,A Coruña,Private,ICE,UKL0,REST,Standard,8
2023,10,FORD,15,A Coruña,Corporate,ICE,MKL,REST,Standard,1
2023,10,FORD,15,A Coruña,Corporate,ICE,SKL,REST,Standard,2
2023,10,FORD,15,A Coruña,Corporate,ICE,UKL1,REST,Standard,1
2023,10,FORD,15,A Coruña,Corporate,ICE,UKL2,REST,Standard,5
2023,10,FORD,15,A Coruña,Corporate,PHEV,UKL2,REST,Standard,1
2023,10,FORD,15,A Coruña,Private,BEV,KKL,REST,Standard,1
2023,10,FORD,15,A Coruña,Private,ICE,SKL,REST,Standard,5
2023,10,FORD,15,A Coruña,Private,ICE,UKL1,REST,Standard,16
2023,10,FORD,15,A Coruña,Private,ICE,UKL2,REST,Standard,10
2023,10,FORD,15,A Coruña,Private,PHEV,UKL2,REST,Standard,4
2023,10,HONDA,15,A Coruña,Corporate,ICE,KKL,REST,Standard,1
2023,10,HONDA,15,A Coruña,Corporate,ICE,UKL1,REST,Standard,1
2023,10,HONDA,15,A Coruña,Corporate,PHEV,KKL,REST,Standard,1
2023,10,HONDA,15,A Coruña,Private,ICE,UKL2,REST,Standard,4
2023,10,HYUNDAI,15,A Coruña,Corporate,BEV,KKL,REST,Standard,1
2023,10,HYUNDAI,15,A Coruña,Corporate,ICE,UKL0,REST,Standard,1
2023,10,HYUNDAI,15,A Coruña,Corporate,ICE,UKL1,REST,Standard,11
2023,10,HYUNDAI,15,A Coruña,Corporate,ICE,UKL2,REST,Standard,14
2023,10,HYUNDAI,15,A Coruña,Corporate,PHEV,UKL2,REST,Standard,2
2023,10,HYUNDAI,15,A Coruña,Private,BEV,KKL,REST,Standard,1
2023,10,HYUNDAI,15,A Coruña,Private,ICE,UKL0,REST,Standard,5
2023,10,HYUNDAI,15,A Coruña,Private,ICE,UKL1,REST,Standard,40
2023,10,HYUNDAI,15,A Coruña,Private,ICE,UKL2,REST,Standard,20
2023,10,HYUNDAI,15,A Coruña,Private,PHEV,UKL2,REST,Standard,2
2023,10,JEEP,15,A Coruña,Corporate,ICE,UKL1,REST,Standard,1
2023,10,JEEP,15,A Coruña,Corporate,ICE,UKL2,REST,Standard,1
2023,10,JEEP,15,A Coruña,Private,ICE,UKL1,REST,Standard,9
2023,10,JEEP,15,A Coruña,Private,PHEV,UKL1,REST,Standard,1
2023,10,JEEP,15,A Coruña,Private,PHEV,UKL2,REST,Standard,1
2023,10,KIA,15,A Coruña,Corporate,BEV,MKL,REST,Standard,1
2023,10,KIA,15,A Coruña,Corporate,ICE,UKL2,REST,Standard,6
2023,10,KIA,15,A Coruña,Private,BEV,KKL,REST,Standard,1
2023,10,KIA,15,A Coruña,Private,BEV,UKL2,REST,Standard,8
2023,10,KIA,15,A Coruña,Private,ICE,UKL0,REST,Standard,3
2023,10,KIA,15,A Coruña,Private,ICE,UKL1,REST,Standard,13
2023,10,KIA,15,A Coruña,Private,ICE,UKL2,REST,Standard,32
2023,10,KIA,15,A Coruña,Private,PHEV,UKL2,REST,Standard,11
2023,10,LEXUS,15,A Coruña,Corporate,PHEV,MKL,FOCUS SEGMENT,Standard,1
2023,10,LEXUS,15,A Coruña,Private,ICE,KKL,FOCUS SEGMENT,Standard,1
2023,10,LEXUS,15,A Coruña,Private,ICE,MKL,FOCUS SEGMENT,Standard,2
2023,10,LEXUS,15,A Coruña,Private,ICE,UKL2,FOCUS SEGMENT,Standard,4
2023,10,MAZDA,15,A Coruña,Private,BEV,UKL2,REST,Standard,1
2023,10,MAZDA,15,A Coruña,Private,ICE,KKL,REST,Standard,1
2023,10,MAZDA,15,A Coruña,Private,ICE,UKL2,REST,Standard,12
2023,10,MERCEDES,15,A Coruña,Corporate,ICE,KKL,FOCUS SEGMENT,Standard,7
2023,10,MERCEDES,15,A Coruña,Corporate,ICE,MKL,FOCUS SEGMENT,Standard,3
2023,10,MERCEDES,15,A Coruña,Corporate,ICE,MKL,REST,Standard,1
2023,10,MERCEDES,15,A Coruña,Corporate,ICE,SKL,REST,Standard,1
2023,10,MERCEDES,15,A Coruña,Corporate,ICE,UKL2,FOCUS SEGMENT,Standard,10
2023,10,MERCEDES,15,A Coruña,Corporate,PHEV,KKL,FOCUS SEGMENT,Standard,1
2023,10,MERCEDES,15,A Coruña,Corporate,PHEV,UKL2,FOCUS SEGMENT,Standard,1
2023,10,MERCEDES,15,A Coruña,Private,BEV,UKL2,FOCUS SEGMENT,Standard,3
2023,10,MERCEDES,15,A Coruña,Private,ICE,KKL,FOCUS SEGMENT,Standard,4
2023,10,MERCEDES,15,A Coruña,Private,ICE,UKL2,FOCUS SEGMENT,M Performance,1
2023,10,MERCEDES,15,A Coruña,Private,ICE,UKL2,FOCUS SEGMENT,Standard,18
2023,10,MERCEDES,15,A Coruña,Private,PHEV,KKL,FOCUS SEGMENT,Standard,1
2023,10,MERCEDES,15,A Coruña,Private,PHEV,UKL2,FOCUS SEGMENT,Standard,2
2023,10,MERCEDES,15,A Coruña,RAC,ICE,MKL,REST,Standard,1
2023,10,MG,15,A Coruña,Private,BEV,UKL2,REST,Standard,3
2023,10,MG,15,A Coruña,Private,ICE,KKL,REST,Standard,5
2023,10,MG,15,A Coruña,Private,ICE,UKL1,REST,Standard,47
2023,10,MINI,15,A Coruña,Private,BEV,UKL1,FOCUS SEGMENT,Standard,3
2023,10,MINI,15,A Coruña,Private,ICE,UKL1,FOCUS SEGMENT,Standard,6
2023,10,MINI,15,A Coruña,Private,ICE,UKL2,FOCUS SEGMENT,Standard,2
2023,10,MITSUBISHI,15,A Coruña,Corporate,ICE,UKL1,REST,Standard,1
2023,10,MITSUBISHI,15,A Coruña,Private,ICE,UKL2,REST,Standard,3
2023,10,NISSAN,15,A Coruña,Corporate,BEV,UKL2,REST,Standard,1
2023,10,NISSAN,15,A Coruña,Corporate,ICE,UKL1,REST,Standard,3
2023,10,NISSAN,15,A Coruña,Corporate,ICE,UKL2,REST,Standard,2
2023,10,NISSAN,15,A Coruña,Private,ICE,KKL,REST,Standard,2
2023,10,NISSAN,15,A Coruña,Private,ICE,SKL,REST,Standard,1
2023,10,NISSAN,15,A Coruña,Private,ICE,UKL1,REST,Standard,4
2023,10,NISSAN,15,A Coruña,Private,ICE,UKL2,REST,Standard,9
2023,10,OPEL,15,A Coruña,Corporate,BEV,SKL,REST,Standard,5
2023,10,OPEL,15,A Coruña,Corporate,ICE,UKL1,REST,Standard,17
2023,10,OPEL,15,A Coruña,Corporate,ICE,UKL2,REST,Standard,2
2023,10,OPEL,15,A Coruña,Private,ICE,UKL1,REST,Standard,8
2023,10,PEUGEOT,15,A Coruña,Corporate,BEV,UKL1,REST,Standard,1
2023,10,PEUGEOT,15,A Coruña,Corporate,ICE,UKL1,REST,Standard,6
2023,10,PEUGEOT,15,A Coruña,Corporate,ICE,UKL2,REST,Standard,2
2023,10,PEUGEOT,15,A Coruña,Corporate,PHEV,UKL2,REST,Standard,2
2023,10,PEUGEOT,15,A Coruña,Private,ICE,UKL1,REST,Standard,17
2023,10,PEUGEOT,15,A Coruña,Private,ICE,UKL2,REST,Standard,2
2023,10,PEUGEOT,15,A Coruña,Private,PHEV,UKL2,REST,Standard,1
2023,10,PORSCHE,15,A Coruña,Corporate,BEV,GKL,FOCUS SEGMENT,Standard,1
2023,10,PORSCHE,15,A Coruña,Corporate,PHEV,GKL,FOCUS SEGMENT,Standard,1
2023,10,PORSCHE,15,A Coruña,Corporate,PHEV,MKL,FOCUS SEGMENT,Standard,5
2023,10,PORSCHE,15,A Coruña,Private,ICE,GKL,FOCUS SEGMENT,Standard,1
2023,10,PORSCHE,15,A Coruña,Private,ICE,KKL,FOCUS SEGMENT,M Performance,1
2023,10,PORSCHE,15,A Coruña,RAC,PHEV,GKL,FOCUS SEGMENT,Standard,1
2023,10,RENAULT,15,A Coruña,Corporate,ICE,KKL,REST,Standard,1
2023,10,RENAULT,15,A Coruña,Corporate,ICE,UKL1,REST,Standard,4
2023,10,RENAULT,15,A Coruña,Corporate,ICE,UKL2,REST,Standard,1
2023,10,RENAULT,15,A Coruña,Private,BEV,UKL0,REST,Standard,1
2023,10,RENAULT,15,A Coruña,Private,ICE,KKL,REST,Standard,1
2023,10,RENAULT,15,A Coruña,Private,ICE,UKL1,REST,Standard,13
2023,10,RENAULT,15,A Coruña,Private,ICE,UKL2,REST,Standard,7
2023,10,SEAT,15,A Coruña,Corporate,ICE,UKL1,REST,Standard,9
2023,10,SEAT,15,A Coruña,Corporate,ICE,UKL2,REST,Standard,8
2023,10,SEAT,15,A Coruña,Corporate,PHEV,KKL,REST,Standard,1
2023,10,SEAT,15,A Coruña,Corporate,PHEV,UKL2,REST,Standard,4
2023,10,SEAT,15,A Coruña,Private,ICE,UKL1,REST,Standard,17
2023,10,SEAT,15,A Coruña,Private,ICE,UKL2,REST,Standard,14
2023,10,SKODA,15,A Coruña,Corporate,ICE,KKL,REST,Standard,1
2023,10,SKODA,15,A Coruña,Corporate,ICE,UKL2,REST,Standard,3
2023,10,SKODA,15,A Coruña,Private,ICE,KKL,REST,Standard,2
2023,10,SKODA,15,A Coruña,Private,ICE,UKL1,REST,Standard,16
2023,10,SKODA,15,A Coruña,Private,ICE,UKL2,REST,Standard,8
2023,10,SKODA,15,A Coruña,Private,PHEV,KKL,REST,Standard,1
2023,10,SKODA,15,A Coruña,Private,PHEV,UKL2,REST,Standard,2
2023,10,SMART,15,A Coruña,Corporate,BEV,UKL1,FOCUS SEGMENT,Standard,1
2023,10,SMART,15,A Coruña,Private,BEV,,REST,Standard,1
2023,10,SSANGYONG,15,A Coruña,Private,ICE,UKL1,REST,Standard,1
2023,10,SUBARU,15,A Coruña,Private,ICE,KKL,REST,Standard,2
2023,10,SUBARU,15,A Coruña,Private,ICE,UKL2,REST,Standard,1
2023,10,SUZUKI,15,A Coruña,Private,ICE,UKL1,REST,Standard,2
2023,10,TESLA,15,A Coruña,Private,BEV,KKL,FOCUS SEGMENT,Standard,3
2023,10,TOYOTA,15,A Coruña,Corporate,ICE,UKL0,REST,Standard,1
2023,10,TOYOTA,15,A Coruña,Corporate,ICE,UKL1,REST,Standard,4
2023,10,TOYOTA,15,A Coruña,Corporate,ICE,UKL2,REST,Standard,2
2023,10,TOYOTA,15,A Coruña,Private,ICE,SKL,REST,Standard,1
2023,10,TOYOTA,15,A Coruña,Private,ICE,UKL0,REST,Standard,1
2023,10,TOYOTA,15,A Coruña,Private,ICE,UKL1,REST,Standard,58
2023,10,TOYOTA,15,A Coruña,Private,ICE,UKL2,REST,Standard,41
2023,10,TOYOTA,15,A Coruña,Private,PHEV,UKL2,REST,Standard,1
2023,10,TOYOTA,15,A Coruña,RAC,ICE,SKL,REST,Standard,2
2023,10,TOYOTA,15,A Coruña,RAC,ICE,UKL2,REST,Standard,7
2023,10,VOLKSWAGEN,15,A Coruña,Corporate,ICE,MKL,REST,Standard,1
2023,10,VOLKSWAGEN,15,A Coruña,Private,ICE,SKL,REST,Standard,2
2023,10,VOLKSWAGEN,15,A Coruña,Private,ICE,UKL1,REST,Standard,8
2023,10,VOLKSWAGEN,15,A Coruña,Private,ICE,UKL2,REST,Standard,18
2023,10,VOLKSWAGEN,15,A Coruña,Private,PHEV,SKL,REST,Standard,1
2023,10,VOLVO,15,A Coruña,Corporate,BEV,UKL2,FOCUS SEGMENT,Standard,1
2023,10,VOLVO,15,A Coruña,Corporate,ICE,KKL,FOCUS SEGMENT,Standard,1
2023,10,VOLVO,15,A Coruña,Corporate,ICE,UKL2,FOCUS SEGMENT,Standard,1
2023,10,VOLVO,15,A Coruña,Corporate,PHEV,KKL,FOCUS SEGMENT,Standard,1
2023,10,VOLVO,15,A Coruña,Private,BEV,UKL2,FOCUS SEGMENT,Standard,2
2023,10,VOLVO,15,A Coruña,Private,ICE,KKL,FOCUS SEGMENT,Standard,1
2023,10,VOLVO,15,A Coruña,Private,ICE,UKL2,FOCUS SEGMENT,Standard,6
2023,10,VOLVO,15,A Coruña,Private,PHEV,KKL,FOCUS SEGMENT,Standard,2
2023,10,VOLVO,15,A Coruña,Private,PHEV,UKL2,FOCUS SEGMENT,Standard,2
2023,10,AUDI,16,Cuenca,Private,ICE,UKL2,FOCUS SEGMENT,Standard,2
2023,10,BMW,16,Cuenca,Corporate,ICE,KKL,FOCUS SEGMENT,Standard,2
2023,10,BMW,16,Cuenca,Private,ICE,KKL,FOCUS SEGMENT,Standard,1
2023,10,BMW,16,Cuenca,Private,ICE,UKL2,FOCUS SEGMENT,Standard,1
2023,10,CITROEN,16,Cuenca,Corporate,BEV,SKL,REST,Standard,1
2023,10,CITROEN,16,Cuenca,Corporate,BEV,UKL2,REST,Standard,1
2023,10,CITROEN,16,Cuenca,Corporate,ICE,MKL,REST,Standard,4
2023,10,CITROEN,16,Cuenca,Corporate,ICE,UKL2,REST,Standard,5
2023,10,CITROEN,16,Cuenca,Corporate,PHEV,MKL,REST,Standard,2
2023,10,CITROEN,16,Cuenca,Corporate,PHEV,UKL2,REST,Standard,2
2023,10,CITROEN,16,Cuenca,Private,ICE,UKL2,REST,Standard,3
2023,10,DACIA,16,Cuenca,Corporate,ICE,SKL,REST,Standard,1
2023,10,DACIA,16,Cuenca,Corporate,ICE,UKL1,REST,Standard,1
2023,10,DACIA,16,Cuenca,Private,BEV,UKL0,REST,Standard,1
2023,10,DACIA,16,Cuenca,Private,ICE,SKL,REST,Standard,4
2023,10,DACIA,16,Cuenca,Private,ICE,UKL1,REST,Standard,10
2023,10,DACIA,16,Cuenca,Private,ICE,UKL2,REST,Standard,1
2023,10,DFSK,16,Cuenca,Private,ICE,UKL2,REST,Standard,1
2023,10,FIAT,16,Cuenca,Private,ICE,UKL0,REST,Standard,1
2023,10,FORD,16,Cuenca,Private,ICE,UKL2,REST,Standard,2
2023,10,HONDA,16,Cuenca,Private,ICE,UKL1,REST,Standard,1
2023,10,HYUNDAI,16,Cuenca,Corporate,ICE,MKL,REST,Standard,1
2023,10,HYUNDAI,16,Cuenca,Corporate,ICE,UKL1,REST,Standard,2
2023,10,HYUNDAI,16,Cuenca,Corporate,ICE,UKL2,REST,Standard,2
2023,10,HYUNDAI,16,Cuenca,Private,ICE,UKL1,REST,Standard,9
2023,10,HYUNDAI,16,Cuenca,Private,ICE,UKL2,REST,Standard,9
2023,10,HYUNDAI,16,Cuenca,Private,PHEV,UKL2,REST,Standard,2
2023,10,KIA,16,Cuenca,Corporate,ICE,UKL2,REST,Standard,1
2023,10,KIA,16,Cuenca,Corporate,PHEV,UKL2,REST,Standard,1
2023,10,KIA,16,Cuenca,Private,BEV,UKL2,REST,Standard,2
2023,10,KIA,16,Cuenca,Private,ICE,UKL0,REST,Standard,1
2023,10,KIA,16,Cuenca,Private,ICE,UKL1,REST,Standard,3
2023,10,KIA,16,Cuenca,Private,ICE,UKL2,REST,Standard,13
2023,10,KIA,16,Cuenca,Private,PHEV,UKL2,REST,Standard,2
2023,10,LAND ROVER,16,Cuenca,Corporate,ICE,MKL,FOCUS SEGMENT,Standard,1
2023,10,LEXUS,16,Cuenca,Private,ICE,KKL,FOCUS SEGMENT,Standard,2
2023,10,MAZDA,16,Cuenca,Private,ICE,UKL2,REST,Standard,4
2023,10,MERCEDES,16,Cuenca,Corporate,ICE,KKL,FOCUS SEGMENT,Standard,1
2023,10,MERCEDES,16,Cuenca,Corporate,ICE,UKL2,FOCUS SEGMENT,Standard,1
2023,10,MERCEDES,16,Cuenca,Private,ICE,KKL,FOCUS SEGMENT,Standard,2
2023,10,MERCEDES,16,Cuenca,Private,ICE,UKL2,FOCUS SEGMENT,Standard,2
2023,10,MG,16,Cuenca,Corporate,ICE,KKL,REST,Standard,1
2023,10,MG,16,Cuenca,Private,ICE,UKL1,REST,Standard,6
2023,10,MINI,16,Cuenca,Private,ICE,UKL2,FOCUS SEGMENT,Standard,1
2023,10,MITSUBISHI,16,Cuenca,Private,ICE,UKL2,REST,Standard,1
2023,10,MITSUBISHI,16,Cuenca,Private,PHEV,UKL2,REST,Standard,1
2023,10,NISSAN,16,Cuenca,Corporate,ICE,KKL,REST,Standard,1
2023,10,NISSAN,16,Cuenca,Corporate,ICE,UKL1,REST,Standard,1
2023,10,NISSAN,16,Cuenca,Private,ICE,KKL,REST,Standard,1
2023,10,NISSAN,16,Cuenca,Private,ICE,UKL2,REST,Standard,4
2023,10,OPEL,16,Cuenca,Private,ICE,UKL2,REST,Standard,1
2023,10,PEUGEOT,16,Cuenca,Corporate,ICE,UKL1,REST,Standard,6
2023,10,PEUGEOT,16,Cuenca,Corporate,PHEV,UKL2,REST,Standard,1
2023,10,PEUGEOT,16,Cuenca,Private,BEV,UKL1,REST,Standard,1
2023,10,PEUGEOT,16,Cuenca,Private,ICE,UKL1,REST,Standard,6
2023,10,PEUGEOT,16,Cuenca,Private,ICE,UKL2,REST,Standard,3
2023,10,PEUGEOT,16,Cuenca,Private,PHEV,UKL2,REST,Standard,2
2023,10,PORSCHE,16,Cuenca,Private,BEV,GKL,FOCUS SEGMENT,Standard,1
2023,10,RENAULT,16,Cuenca,Private,ICE,UKL2,REST,Standard,3
2023,10,SEAT,16,Cuenca,Private,ICE,UKL1,REST,Standard,1
2023,10,SEAT,16,Cuenca,Private,ICE,UKL2,REST,Standard,2
2023,10,SKODA,16,Cuenca,Private,ICE,UKL1,REST,Standard,1
2023,10,SSANGYONG,16,Cuenca,Corporate,ICE,KKL,REST,Standard,1
2023,10,SSANGYONG,16,Cuenca,Private,ICE,KKL,REST,Standard,2
2023,10,TESLA,16,Cuenca,Private,BEV,KKL,FOCUS SEGMENT,Standard,1
2023,10,TOYOTA,16,Cuenca,Corporate,ICE,UKL2,REST,Standard,1
2023,10,TOYOTA,16,Cuenca,Private,ICE,UKL1,REST,Standard,1
2023,10,TOYOTA,16,Cuenca,Private,ICE,UKL2,REST,Standard,4
2023,10,VOLKSWAGEN,16,Cuenca,Private,ICE,UKL1,REST,Standard,1
2023,10,VOLKSWAGEN,16,Cuenca,Private,ICE,UKL2,REST,Standard,5
2023,10,VOLVO,16,Cuenca,Private,BEV,UKL2,FOCUS SEGMENT,Standard,1
2023,10,ALFA ROMEO,17,Girona,Private,ICE,KKL,REST,Standard,1
2023,10,AUDI,17,Girona,Corporate,BEV,UKL2,FOCUS SEGMENT,Standard,2
2023,10,AUDI,17,Girona,Corporate,ICE,KKL,FOCUS SEGMENT,Standard,4
2023,10,AUDI,17,Girona,Corporate,ICE,UKL1,FOCUS SEGMENT,Standard,1
2023,10,AUDI,17,Girona,Corporate,ICE,UKL2,FOCUS SEGMENT,Standard,5
2023,10,AUDI,17,Girona,Corporate,PHEV,KKL,FOCUS SEGMENT,Standard,1
2023,10,AUDI,17,Girona,Private,ICE,KKL,FOCUS SEGMENT,Standard,3
2023,10,AUDI,17,Girona,Private,ICE,UKL1,FOCUS SEGMENT,Standard,1
2023,10,AUDI,17,Girona,Private,ICE,UKL2,FOCUS SEGMENT,M Performance,1
2023,10,AUDI,17,Girona,Private,ICE,UKL2,FOCUS SEGMENT,Standard,20
2023,10,AUDI,17,Girona,Private,PHEV,UKL2,FOCUS SEGMENT,Standard,1
2023,10,AUDI,17,Girona,RAC,ICE,UKL2,FOCUS SEGMENT,Standard,5
2023,10,BMW,17,Girona,Corporate,ICE,KKL,FOCUS SEGMENT,Standard,8
2023,10,BMW,17,Girona,Corporate,ICE,MKL,FOCUS SEGMENT,Standard,2
2023,10,BMW,17,Girona,Corporate,ICE,UKL2,FOCUS SEGMENT,M Performance,1
2023,10,BMW,17,Girona,Corporate,ICE,UKL2,FOCUS SEGMENT,Standard,10
2023,10,BMW,17,Girona,Corporate,PHEV,UKL2,FOCUS SEGMENT,Standard,3
2023,10,BMW,17,Girona,Private,BEV,UKL2,FOCUS SEGMENT,Standard,2
2023,10,BMW,17,Girona,Private,ICE,KKL,FOCUS SEGMENT,Standard,2
2023,10,BMW,17,Girona,Private,ICE,MKL,FOCUS SEGMENT,Standard,1
2023,10,BMW,17,Girona,Private,ICE,UKL2,FOCUS SEGMENT,M Performance,1
2023,10,BMW,17,Girona,Private,ICE,UKL2,FOCUS SEGMENT,Standard,7
2023,10,BMW,17,Girona,Private,PHEV,KKL,FOCUS SEGMENT,Standard,1
2023,10,BMW,17,Girona,Private,PHEV,UKL2,FOCUS SEGMENT,Standard,2
2023,10,CITROEN,17,Girona,Corporate,BEV,SKL,REST,Standard,4
2023,10,CITROEN,17,Girona,Corporate,ICE,UKL1,REST,Standard,5
2023,10,CITROEN,17,Girona,Corporate,ICE,UKL2,REST,Standard,4
2023,10,CITROEN,17,Girona,Corporate,PHEV,UKL2,REST,Standard,1
2023,10,CITROEN,17,Girona,Private,BEV,UKL2,REST,Standard,1
2023,10,CITROEN,17,Girona,Private,ICE,MKL,REST,Standard,1
2023,10,CITROEN,17,Girona,Private,ICE,UKL1,REST,Standard,10
2023,10,CITROEN,17,Girona,Private,ICE,UKL2,REST,Standard,17
2023,10,CUPRA,17,Girona,Corporate,ICE,UKL2,REST,Standard,4
2023,10,CUPRA,17,Girona,Corporate,PHEV,UKL2,REST,Standard,4
2023,10,CUPRA,17,Girona,Private,BEV,UKL2,REST,Standard,2
2023,10,CUPRA,17,Girona,Private,ICE,UKL2,REST,Standard,6
2023,10,CUPRA,17,Girona,Private,PHEV,UKL2,REST,Standard,1
2023,10,DACIA,17,Girona,Corporate,ICE,SKL,REST,Standard,1
2023,10,DACIA,17,Girona,Corporate,ICE,UKL1,REST,Standard,5
2023,10,DACIA,17,Girona,Private,BEV,UKL0,REST,Standard,2
2023,10,DACIA,17,Girona,Private,ICE,SKL,REST,Standard,21
2023,10,DACIA,17,Girona,Private,ICE,UKL1,REST,Standard,63
2023,10,DACIA,17,Girona,Private,ICE,UKL2,REST,Standard,18
2023,10,DS,17,Girona,Corporate,PHEV,UKL2,REST,Standard,1
2023,10,DS,17,Girona,Private,ICE,UKL2,REST,Standard,1
2023,10,FIAT,17,Girona,Corporate,BEV,UKL0,REST,Standard,1
2023,10,FIAT,17,Girona,Corporate,ICE,,,Standard,1
2023,10,FIAT,17,Girona,Corporate,ICE,UKL0,REST,Standard,16
2023,10,FIAT,17,Girona,Private,ICE,,,Standard,3
2023,10,FIAT,17,Girona,Private,ICE,UKL0,REST,Standard,7
2023,10,FORD,17,Girona,Corporate,ICE,UKL1,REST,Standard,5
2023,10,FORD,17,Girona,Corporate,ICE,UKL2,REST,Standard,3
2023,10,FORD,17,Girona,Corporate,PHEV,UKL2,REST,Standard,2
2023,10,FORD,17,Girona,Private,BEV,KKL,REST,Standard,1
2023,10,FORD,17,Girona,Private,ICE,SKL,REST,Standard,4
2023,10,FORD,17,Girona,Private,ICE,UKL1,REST,Standard,6
2023,10,FORD,17,Girona,Private,ICE,UKL2,REST,Standard,7
2023,10,FORD,17,Girona,Private,PHEV,UKL2,REST,Standard,3
2023,10,HONDA,17,Girona,Corporate,ICE,KKL,REST,Standard,1
2023,10,HONDA,17,Girona,Private,ICE,UKL1,REST,Standard,4
2023,10,HONDA,17,Girona,Private,ICE,UKL2,REST,Standard,1
2023,10,HYUNDAI,17,Girona,Corporate,BEV,UKL1,REST,Standard,1
2023,10,HYUNDAI,17,Girona,Corporate,BEV,UKL2,REST,Standard,2
2023,10,HYUNDAI,17,Girona,Corporate,ICE,UKL1,REST,Standard,5
2023,10,HYUNDAI,17,Girona,Corporate,ICE,UKL2,REST,Standard,1
2023,10,HYUNDAI,17,Girona,Corporate,PHEV,UKL2,REST,Standard,1
2023,10,HYUNDAI,17,Girona,Private,BEV,UKL1,REST,Standard,1
2023,10,HYUNDAI,17,Girona,Private,ICE,UKL0,REST,Standard,12
2023,10,HYUNDAI,17,Girona,Private,ICE,UKL1,REST,Standard,80
2023,10,HYUNDAI,17,Girona,Private,ICE,UKL2,REST,Standard,33
2023,10,INEOS,17,Girona,Private,ICE,MKL,REST,Standard,1
2023,10,JAGUAR,17,Girona,Corporate,PHEV,KKL,FOCUS SEGMENT,Standard,1
2023,10,JEEP,17,Girona,Corporate,ICE,UKL1,REST,Standard,2
2023,10,JEEP,17,Girona,Corporate,PHEV,UKL2,REST,Standard,1
2023,10,JEEP,17,Girona,Private,BEV,UKL1,REST,Standard,2
2023,10,JEEP,17,Girona,Private,ICE,UKL1,REST,Standard,6
2023,10,JEEP,17,Girona,Private,ICE,UKL2,REST,Standard,2
2023,10,JEEP,17,Girona,Private,PHEV,UKL2,REST,Standard,1
2023,10,KIA,17,Girona,Corporate,BEV,MKL,REST,Standard,1
2023,10,KIA,17,Girona,Corporate,ICE,KKL,REST,Standard,1
2023,10,KIA,17,Girona,Corporate,ICE,UKL2,REST,Standard,5
2023,10,KIA,17,Girona,Corporate,PHEV,KKL,REST,Standard,1
2023,10,KIA,17,Girona,Corporate,PHEV,UKL2,REST,Standard,2
2023,10,KIA,17,Girona,Private,BEV,KKL,REST,Standard,3
2023,10,KIA,17,Girona,Private,BEV,UKL2,REST,Standard,13
2023,10,KIA,17,Girona,Private,ICE,UKL0,REST,Standard,5
2023,10,KIA,17,Girona,Private,ICE,UKL1,REST,Standard,27
2023,10,KIA,17,Girona,Private,ICE,UKL2,REST,Standard,35
2023,10,KIA,17,Girona,Private,PHEV,UKL2,REST,Standard,15
2023,10,LAND ROVER,17,Girona,Corporate,PHEV,MKL,FOCUS SEGMENT,Standard,2
2023,10,LAND ROVER,17,Girona,Private,ICE,MKL,FOCUS SEGMENT,Standard,2
2023,10,LAND ROVER,17,Girona,Private,PHEV,MKL,FOCUS SEGMENT,Standard,1
2023,10,LEXUS,17,Girona,Corporate,ICE,MKL,FOCUS SEGMENT,Standard,1
2023,10,LEXUS,17,Girona,Corporate,ICE,UKL2,FOCUS SEGMENT,Standard,1
2023,10,LEXUS,17,Girona,Corporate,PHEV,KKL,FOCUS SEGMENT,Standard,1
2023,10,LEXUS,17,Girona,Private,ICE,KKL,FOCUS SEGMENT,Standard,2
2023,10,LEXUS,17,Girona,Private,ICE,UKL2,FOCUS SEGMENT,Standard,2
2023,10,MASERATI,17,Girona,Corporate,ICE,MKL,FOCUS SEGMENT,Standard,1
2023,10,MAZDA,17,Girona,Corporate,ICE,UKL2,REST,Standard,3
2023,10,MAZDA,17,Girona,Private,ICE,UKL1,REST,Standard,2
2023,10,MAZDA,17,Girona,Private,ICE,UKL2,REST,Standard,18
2023,10,MERCEDES,17,Girona,Corporate,BEV,UKL2,FOCUS SEGMENT,Standard,1
2023,10,MERCEDES,17,Girona,Corporate,ICE,KKL,FOCUS SEGMENT,M Performance,1
2023,10,MERCEDES,17,Girona,Corporate,ICE,KKL,FOCUS SEGMENT,Standard,2
2023,10,MERCEDES,17,Girona,Corporate,ICE,MKL,REST,Standard,2
2023,10,MERCEDES,17,Girona,Corporate,ICE,SKL,REST,Standard,2
2023,10,MERCEDES,17,Girona,Corporate,ICE,UKL2,FOCUS SEGMENT,M,1
2023,10,MERCEDES,17,Girona,Corporate,ICE,UKL2,FOCUS SEGMENT,Standard,2
2023,10,MERCEDES,17,Girona,Private,BEV,MKL,FOCUS SEGMENT,Standard,1
2023,10,MERCEDES,17,Girona,Private,ICE,KKL,FOCUS SEGMENT,Standard,5
2023,10,MERCEDES,17,Girona,Private,ICE,MKL,FOCUS SEGMENT,Standard,2
2023,10,MERCEDES,17,Girona,Private,ICE,MKL,REST,Standard,1
2023,10,MERCEDES,17,Girona,Private,ICE,SKL,REST,Standard,2
2023,10,MERCEDES,17,Girona,Private,ICE,UKL2,FOCUS SEGMENT,M Performance,2
2023,10,MERCEDES,17,Girona,Private,ICE,UKL2,FOCUS SEGMENT,Standard,11
2023,10,MERCEDES,17,Girona,Private,PHEV,KKL,FOCUS SEGMENT,Standard,1
2023,10,MERCEDES,17,Girona,Private,PHEV,UKL2,FOCUS SEGMENT,Standard,2
2023,10,MERCEDES-V,17,Girona,Private,ICE,SKL,REST,Standard,2
2023,10,MG,17,Girona,Corporate,ICE,KKL,REST,Standard,1
2023,10,MG,17,Girona,Private,BEV,UKL1,REST,Standard,1
2023,10,MG,17,Girona,Private,BEV,UKL2,REST,Standard,9
2023,10,MG,17,Girona,Private,ICE,KKL,REST,Standard,5
2023,10,MG,17,Girona,Private,ICE,UKL1,REST,Standard,42
2023,10,MG,17,Girona,Private,PHEV,KKL,REST,Standard,1
2023,10,MINI,17,Girona,Corporate,BEV,UKL1,FOCUS SEGMENT,Standard,1
2023,10,MINI,17,Girona,Corporate,ICE,UKL1,FOCUS SEGMENT,Standard,4
2023,10,MINI,17,Girona,Corporate,ICE,UKL2,FOCUS SEGMENT,Standard,1
2023,10,MINI,17,Girona,Private,BEV,UKL1,FOCUS SEGMENT,Standard,1
2023,10,MINI,17,Girona,Private,ICE,UKL1,FOCUS SEGMENT,Standard,4
2023,10,MINI,17,Girona,Private,ICE,UKL2,FOCUS SEGMENT,Standard,4
2023,10,MINI,17,Girona,Private,PHEV,UKL2,FOCUS SEGMENT,Standard,1
2023,10,MITSUBISHI,17,Girona,Corporate,ICE,UKL1,REST,Standard,2
2023,10,MITSUBISHI,17,Girona,Corporate,ICE,UKL2,REST,Standard,1
2023,10,NISSAN,17,Girona,Corporate,ICE,KKL,REST,Standard,5
2023,10,NISSAN,17,Girona,Corporate,ICE,SKL,REST,Standard,1
2023,10,NISSAN,17,Girona,Corporate,ICE,UKL1,REST,Standard,3
2023,10,NISSAN,17,Girona,Corporate,ICE,UKL2,REST,Standard,4
2023,10,NISSAN,17,Girona,Private,BEV,UKL2,REST,Standard,1
2023,10,NISSAN,17,Girona,Private,ICE,KKL,REST,Standard,4
2023,10,NISSAN,17,Girona,Private,ICE,SKL,REST,Standard,6
2023,10,NISSAN,17,Girona,Private,ICE,UKL1,REST,Standard,6
2023,10,NISSAN,17,Girona,Private,ICE,UKL2,REST,Standard,16
2023,10,OPEL,17,Girona,Private,ICE,UKL1,REST,Standard,5
2023,10,OPEL,17,Girona,Private,ICE,UKL2,REST,Standard,2
2023,10,PEUGEOT,17,Girona,Corporate,BEV,SKL,REST,Standard,2
2023,10,PEUGEOT,17,Girona,Corporate,ICE,UKL1,REST,Standard,2
2023,10,PEUGEOT,17,Girona,Private,BEV,UKL1,REST,Standard,1
2023,10,PEUGEOT,17,Girona,Private,ICE,KKL,REST,Standard,2
2023,10,PEUGEOT,17,Girona,Private,ICE,UKL1,REST,Standard,10
2023,10,PEUGEOT,17,Girona,Private,ICE,UKL2,REST,Standard,3
2023,10,PEUGEOT,17,Girona,Private,PHEV,UKL2,REST,Standard,4
2023,10,PORSCHE,17,Girona,Corporate,BEV,GKL,FOCUS SEGMENT,Standard,1
2023,10,PORSCHE,17,Girona,Corporate,ICE,KKL,FOCUS SEGMENT,M Performance,1
2023,10,PORSCHE,17,Girona,Corporate,ICE,KKL,FOCUS SEGMENT,Standard,1
2023,10,PORSCHE,17,Girona,Corporate,ICE,MKL,FOCUS SEGMENT,M Performance,1
2023,10,PORSCHE,17,Girona,Corporate,PHEV,MKL,FOCUS SEGMENT,Standard,3
2023,10,PORSCHE,17,Girona,Private,PHEV,MKL,FOCUS SEGMENT,Standard,3
2023,10,RENAULT,17,Girona,Corporate,BEV,UKL1,REST,Standard,2
2023,10,RENAULT,17,Girona,Corporate,BEV,UKL2,REST,Standard,2
2023,10,RENAULT,17,Girona,Corporate,ICE,SKL,REST,Standard,3
2023,10,RENAULT,17,Girona,Corporate,ICE,UKL1,REST,Standard,2
2023,10,RENAULT,17,Girona,Corporate,ICE,UKL2,REST,Standard,7
2023,10,RENAULT,17,Girona,Private,BEV,UKL2,REST,Standard,5
2023,10,RENAULT,17,Girona,Private,ICE,KKL,REST,Standard,5
2023,10,RENAULT,17,Girona,Private,ICE,SKL,REST,Standard,2
2023,10,RENAULT,17,Girona,Private,ICE,UKL1,REST,Standard,34
2023,10,RENAULT,17,Girona,Private,ICE,UKL2,REST,Standard,23
2023,10,SEAT,17,Girona,Corporate,ICE,UKL1,REST,Standard,6
2023,10,SEAT,17,Girona,Corporate,ICE,UKL2,REST,Standard,7
2023,10,SEAT,17,Girona,Corporate,PHEV,UKL2,REST,Standard,3
2023,10,SEAT,17,Girona,Private,ICE,UKL1,REST,Standard,24
2023,10,SEAT,17,Girona,Private,ICE,UKL2,REST,Standard,12
2023,10,SKODA,17,Girona,Corporate,ICE,KKL,REST,Standard,2
2023,10,SKODA,17,Girona,Corporate,ICE,UKL1,REST,Standard,6
2023,10,SKODA,17,Girona,Corporate,ICE,UKL2,REST,Standard,8
2023,10,SKODA,17,Girona,Private,ICE,UKL1,REST,Standard,17
2023,10,SKODA,17,Girona,Private,ICE,UKL2,REST,Standard,5
2023,10,SMART,17,Girona,Private,BEV,,REST,Standard,1
2023,10,SMART,17,Girona,Private,BEV,UKL1,FOCUS SEGMENT,Standard,2
2023,10,SSANGYONG,17,Girona,Corporate,ICE,KKL,REST,Standard,1
2023,10,SSANGYONG,17,Girona,Private,ICE,KKL,REST,Standard,1
2023,10,SUBARU,17,Girona,Private,ICE,UKL2,REST,Standard,2
2023,10,SUZUKI,17,Girona,Corporate,ICE,UKL0,REST,Standard,1
2023,10,SUZUKI,17,Girona,Private,ICE,UKL0,REST,Standard,4
2023,10,SUZUKI,17,Girona,Private,ICE,UKL1,REST,Standard,5
2023,10,SUZUKI,17,Girona,Private,ICE,UKL2,REST,Standard,6
2023,10,TESLA,17,Girona,Corporate,BEV,KKL,FOCUS SEGMENT,Standard,5
2023,10,TESLA,17,Girona,Private,BEV,KKL,FOCUS SEGMENT,Standard,23
2023,10,TOYOTA,17,Girona,Corporate,ICE,GKL,REST,Standard,1
2023,10,TOYOTA,17,Girona,Corporate,ICE,UKL1,REST,Standard,6
2023,10,TOYOTA,17,Girona,Corporate,ICE,UKL2,REST,Standard,4
2023,10,TOYOTA,17,Girona,Corporate,PHEV,UKL2,REST,Standard,1
2023,10,TOYOTA,17,Girona,Private,BEV,UKL2,REST,Standard,1
2023,10,TOYOTA,17,Girona,Private,ICE,SKL,REST,Standard,1
2023,10,TOYOTA,17,Girona,Private,ICE,UKL0,REST,Standard,4
2023,10,TOYOTA,17,Girona,Private,ICE,UKL1,REST,Standard,51
2023,10,TOYOTA,17,Girona,Private,ICE,UKL2,REST,Standard,27
2023,10,TOYOTA,17,Girona,Private,PHEV,UKL2,REST,Standard,1
2023,10,VOLKSWAGEN,17,Girona,Corporate,BEV,SKL,REST,Standard,1
2023,10,VOLKSWAGEN,17,Girona,Corporate,BEV,UKL2,REST,Standard,5
2023,10,VOLKSWAGEN,17,Girona,Corporate,ICE,MKL,REST,Standard,1
2023,10,VOLKSWAGEN,17,Girona,Corporate,ICE,SKL,REST,Standard,1
2023,10,VOLKSWAGEN,17,Girona,Corporate,ICE,UKL1,REST,Standard,1
2023,10,VOLKSWAGEN,17,Girona,Corporate,ICE,UKL2,REST,Standard,3
2023,10,VOLKSWAGEN,17,Girona,Corporate,PHEV,UKL2,REST,Standard,1
2023,10,VOLKSWAGEN,17,Girona,Private,BEV,UKL2,REST,Standard,4
2023,10,VOLKSWAGEN,17,Girona,Private,ICE,SKL,REST,Standard,2
2023,10,VOLKSWAGEN,17,Girona,Private,ICE,UKL1,REST,Standard,14
2023,10,VOLKSWAGEN,17,Girona,Private,ICE,UKL2,REST,Standard,18
2023,10,VOLKSWAGEN,17,Girona,Private,PHEV,SKL,REST,Standard,2
2023,10,VOLKSWAGEN,17,Girona,Private,PHEV,UKL2,REST,Standard,2
2023,10,VOLKSWAGEN V W,17,Girona,Private,ICE,,REST,Standard,1
2023,10,VOLVO,17,Girona,Corporate,ICE,KKL,FOCUS SEGMENT,Standard,1
2023,10,VOLVO,17,Girona,Corporate,PHEV,MKL,FOCUS SEGMENT,Standard,1
2023,10,VOLVO,17,Girona,Private,BEV,UKL2,FOCUS SEGMENT,Standard,3
2023,10,VOLVO,17,Girona,Private,ICE,KKL,FOCUS SEGMENT,Standard,1
2023,10,VOLVO,17,Girona,Private,ICE,MKL,FOCUS SEGMENT,Standard,1
2023,10,VOLVO,17,Girona,Private,ICE,UKL2,FOCUS SEGMENT,Standard,4
2023,10,VOLVO,17,Girona,Private,PHEV,KKL,FOCUS SEGMENT,Standard,1
2023,10,VOLVO,17,Girona,Private,PHEV,UKL2,FOCUS SEGMENT,Standard,2
2023,10,ALFA ROMEO,18,Granada,Corporate,PHEV,UKL2,REST,Standard,2
2023,10,AUDI,18,Granada,Corporate,BEV,UKL2,FOCUS SEGMENT,Standard,1
2023,10,AUDI,18,Granada,Corporate,ICE,KKL,FOCUS SEGMENT,Standard,1
2023,10,AUDI,18,Granada,Corporate,ICE,UKL1,FOCUS SEGMENT,Standard,9
2023,10,AUDI,18,Granada,Corporate,ICE,UKL2,FOCUS SEGMENT,Standard,7
2023,10,AUDI,18,Granada,Private,ICE,KKL,FOCUS SEGMENT,Standard,2
2023,10,AUDI,18,Granada,Private,ICE,MKL,FOCUS SEGMENT,M,1
2023,10,AUDI,18,Granada,Private,ICE,UKL1,FOCUS SEGMENT,Standard,2
2023,10,AUDI,18,Granada,Private,ICE,UKL2,FOCUS SEGMENT,Standard,8
2023,10,AUDI,18,Granada,Private,PHEV,UKL2,FOCUS SEGMENT,Standard,2
2023,10,BMW,18,Granada,Corporate,ICE,MKL,FOCUS SEGMENT,Standard,1
2023,10,BMW,18,Granada,Corporate,ICE,UKL2,FOCUS SEGMENT,M,1
2023,10,BMW,18,Granada,Private,BEV,UKL2,FOCUS SEGMENT,Standard,1
2023,10,BMW,18,Granada,Private,ICE,KKL,FOCUS SEGMENT,Standard,4
2023,10,BMW,18,Granada,Private,ICE,UKL2,FOCUS SEGMENT,Standard,9
2023,10,BYD,18,Granada,Private,BEV,UKL2,REST,Standard,1
2023,10,CITROEN,18,Granada,Corporate,ICE,UKL1,REST,Standard,1
2023,10,CITROEN,18,Granada,Private,ICE,UKL1,REST,Standard,10
2023,10,CITROEN,18,Granada,Private,ICE,UKL2,REST,Standard,9
2023,10,CUPRA,18,Granada,Corporate,ICE,UKL2,REST,Standard,5
2023,10,CUPRA,18,Granada,Private,ICE,UKL2,REST,Standard,5
2023,10,CUPRA,18,Granada,Private,PHEV,UKL2,REST,Standard,1
2023,10,DACIA,18,Granada,Corporate,BEV,UKL0,REST,Standard,1
2023,10,DACIA,18,Granada,Corporate,ICE,SKL,REST,Standard,2
2023,10,DACIA,18,Granada,Corporate,ICE,UKL1,REST,Standard,9
2023,10,DACIA,18,Granada,Corporate,ICE,UKL2,REST,Standard,1
2023,10,DACIA,18,Granada,Private,BEV,UKL0,REST,Standard,1
2023,10,DACIA,18,Granada,Private,ICE,SKL,REST,Standard,14
2023,10,DACIA,18,Granada,Private,ICE,UKL1,REST,Standard,29
2023,10,DACIA,18,Granada,Private,ICE,UKL2,REST,Standard,5
2023,10,DACIA,18,Granada,RAC,ICE,UKL1,REST,Standard,2
2023,10,DS,18,Granada,Private,ICE,UKL2,REST,Standard,1
2023,10,FIAT,18,Granada,Corporate,ICE,UKL0,REST,Standard,2
2023,10,FIAT,18,Granada,Private,ICE,UKL0,REST,Standard,6
2023,10,FORD,18,Granada,Corporate,ICE,UKL1,REST,Standard,1
2023,10,FORD,18,Granada,Corporate,ICE,UKL2,REST,Standard,3
2023,10,FORD,18,Granada,Corporate,PHEV,UKL2,REST,Standard,1
2023,10,FORD,18,Granada,Private,BEV,KKL,REST,Standard,1
2023,10,FORD,18,Granada,Private,ICE,SKL,REST,Standard,1
2023,10,FORD,18,Granada,Private,ICE,UKL1,REST,Standard,6
2023,10,FORD,18,Granada,Private,ICE,UKL2,REST,Standard,3
2023,10,FORD,18,Granada,Private,PHEV,UKL2,REST,Standard,6
2023,10,HONDA,18,Granada,Corporate,ICE,KKL,REST,Standard,1
2023,10,HONDA,18,Granada,Private,ICE,UKL1,REST,Standard,2
2023,10,HYUNDAI,18,Granada,Corporate,BEV,UKL1,REST,Standard,1
2023,10,HYUNDAI,18,Granada,Corporate,ICE,UKL0,REST,Standard,2
2023,10,HYUNDAI,18,Granada,Corporate,ICE,UKL1,REST,Standard,8
2023,10,HYUNDAI,18,Granada,Corporate,ICE,UKL2,REST,Standard,6
2023,10,HYUNDAI,18,Granada,Corporate,PHEV,UKL2,REST,Standard,1
2023,10,HYUNDAI,18,Granada,Private,ICE,MKL,REST,Standard,2
2023,10,HYUNDAI,18,Granada,Private,ICE,UKL0,REST,Standard,6
2023,10,HYUNDAI,18,Granada,Private,ICE,UKL1,REST,Standard,31
2023,10,HYUNDAI,18,Granada,Private,ICE,UKL2,REST,Standard,28
2023,10,INEOS,18,Granada,Private,ICE,MKL,REST,Standard,1
2023,10,JEEP,18,Granada,Corporate,ICE,UKL1,REST,Standard,2
2023,10,JEEP,18,Granada,Corporate,PHEV,UKL2,REST,Standard,2
2023,10,JEEP,18,Granada,Private,ICE,UKL1,REST,Standard,4
2023,10,JEEP,18,Granada,Private,PHEV,UKL2,REST,Standard,2
2023,10,KIA,18,Granada,Corporate,ICE,UKL2,REST,Standard,1
2023,10,KIA,18,Granada,Private,BEV,KKL,REST,Standard,3
2023,10,KIA,18,Granada,Private,BEV,UKL2,REST,Standard,4
2023,10,KIA,18,Granada,Private,ICE,UKL0,REST,Standard,5
2023,10,KIA,18,Granada,Private,ICE,UKL1,REST,Standard,7
2023,10,KIA,18,Granada,Private,ICE,UKL2,REST,Standard,50
2023,10,KIA,18,Granada,Private,PHEV,UKL2,REST,Standard,2
2023,10,LEXUS,18,Granada,Corporate,ICE,KKL,FOCUS SEGMENT,Standard,1
2023,10,LEXUS,18,Granada,Private,ICE,MKL,FOCUS SEGMENT,Standard,1
2023,10,LEXUS,18,Granada,Private,ICE,UKL2,FOCUS SEGMENT,Standard,2
2023,10,MAZDA,18,Granada,Corporate,ICE,UKL2,REST,Standard,1
2023,10,MAZDA,18,Granada,Private,ICE,KKL,REST,Standard,1
2023,10,MAZDA,18,Granada,Private,ICE,UKL1,REST,Standard,2
2023,10,MAZDA,18,Granada,Private,ICE,UKL2,REST,Standard,8
2023,10,MERCEDES,18,Granada,Corporate,BEV,MKL,FOCUS SEGMENT,Standard,1
2023,10,MERCEDES,18,Granada,Corporate,ICE,KKL,FOCUS SEGMENT,Standard,2
2023,10,MERCEDES,18,Granada,Corporate,ICE,MKL,FOCUS SEGMENT,Standard,1
2023,10,MERCEDES,18,Granada,Corporate,ICE,MKL,REST,Standard,1
2023,10,MERCEDES,18,Granada,Corporate,ICE,SKL,REST,Standard,1
2023,10,MERCEDES,18,Granada,Corporate,PHEV,GKL,FOCUS SEGMENT,M Performance,1
2023,10,MERCEDES,18,Granada,Corporate,PHEV,UKL2,FOCUS SEGMENT,Standard,3
2023,10,MERCEDES,18,Granada,Private,BEV,UKL2,FOCUS SEGMENT,Standard,2
2023,10,MERCEDES,18,Granada,Private,ICE,KKL,FOCUS SEGMENT,Standard,4
2023,10,MERCEDES,18,Granada,Private,ICE,MKL,REST,Standard,1
2023,10,MERCEDES,18,Granada,Private,ICE,SKL,REST,Standard,1
2023,10,MERCEDES,18,Granada,Private,ICE,UKL2,FOCUS SEGMENT,Standard,10
2023,10,MG,18,Granada,Corporate,BEV,UKL1,REST,Standard,1
2023,10,MG,18,Granada,Corporate,ICE,UKL1,REST,Standard,1
2023,10,MG,18,Granada,Private,BEV,UKL1,REST,Standard,1
2023,10,MG,18,Granada,Private,BEV,UKL2,REST,Standard,5
2023,10,MG,18,Granada,Private,ICE,KKL,REST,Standard,4
2023,10,MG,18,Granada,Private,ICE,UKL1,REST,Standard,33
2023,10,MG,18,Granada,Private,PHEV,KKL,REST,Standard,2
2023,10,MINI,18,Granada,Corporate,ICE,UKL1,FOCUS SEGMENT,Standard,2
2023,10,MINI,18,Granada,Corporate,PHEV,UKL2,FOCUS SEGMENT,Standard,1
2023,10,MINI,18,Granada,Private,BEV,UKL1,FOCUS SEGMENT,Standard,2
2023,10,MINI,18,Granada,Private,ICE,UKL1,FOCUS SEGMENT,Standard,2
2023,10,MINI,18,Granada,Private,ICE,UKL2,FOCUS SEGMENT,Standard,2
2023,10,MITSUBISHI,18,Granada,Private,ICE,UKL2,REST,Standard,11
2023,10,MITSUBISHI,18,Granada,Private,PHEV,UKL2,REST,Standard,1
2023,10,NISSAN,18,Granada,Private,ICE,KKL,REST,Standard,2
2023,10,NISSAN,18,Granada,Private,ICE,SKL,REST,Standard,1
2023,10,NISSAN,18,Granada,Private,ICE,UKL2,REST,Standard,9
2023,10,OMODA,18,Granada,Corporate,ICE,UKL2,REST,Standard,2
2023,10,OPEL,18,Granada,Private,ICE,UKL1,REST,Standard,3
2023,10,OPEL,18,Granada,Private,ICE,UKL2,REST,Standard,1
2023,10,PEUGEOT,18,Granada,Corporate,BEV,SKL,REST,Standard,1
2023,10,PEUGEOT,18,Granada,Corporate,ICE,UKL1,REST,Standard,1
2023,10,PEUGEOT,18,Granada,Corporate,ICE,UKL2,REST,Standard,1
2023,10,PEUGEOT,18,Granada,Private,BEV,SKL,REST,Standard,1
2023,10,PEUGEOT,18,Granada,Private,BEV,UKL1,REST,Standard,1
2023,10,PEUGEOT,18,Granada,Private,ICE,KKL,REST,Standard,2
2023,10,PEUGEOT,18,Granada,Private,ICE,UKL1,REST,Standard,19
2023,10,PEUGEOT,18,Granada,Private,ICE,UKL2,REST,Standard,10
2023,10,PEUGEOT,18,Granada,Private,PHEV,KKL,REST,Standard,1
2023,10,PEUGEOT,18,Granada,Private,PHEV,UKL2,REST,Standard,5
2023,10,PORSCHE,18,Granada,Corporate,PHEV,MKL,FOCUS SEGMENT,Standard,1
2023,10,PORSCHE,18,Granada,Private,PHEV,MKL,FOCUS SEGMENT,Standard,2
2023,10,RENAULT,18,Granada,Corporate,BEV,UKL2,REST,Standard,1
2023,10,RENAULT,18,Granada,Corporate,ICE,UKL1,REST,Standard,1
2023,10,RENAULT,18,Granada,Corporate,ICE,UKL2,REST,Standard,1
2023,10,RENAULT,18,Granada,Private,ICE,KKL,REST,Standard,1
2023,10,RENAULT,18,Granada,Private,ICE,SKL,REST,Standard,1
2023,10,RENAULT,18,Granada,Private,ICE,UKL1,REST,Standard,22
2023,10,RENAULT,18,Granada,Private,ICE,UKL2,REST,Standard,22
2023,10,SEAT,18,Granada,Corporate,ICE,UKL1,REST,Standard,5
2023,10,SEAT,18,Granada,Corporate,ICE,UKL2,REST,Standard,7
2023,10,SEAT,18,Granada,Corporate,PHEV,UKL2,REST,Standard,3
2023,10,SEAT,18,Granada,Private,ICE,UKL1,REST,Standard,21
2023,10,SEAT,18,Granada,Private,ICE,UKL2,REST,Standard,26
2023,10,SEAT,18,Granada,Private,PHEV,UKL2,REST,Standard,1
2023,10,SKODA,18,Granada,Corporate,ICE,KKL,REST,Standard,1
2023,10,SKODA,18,Granada,Corporate,ICE,UKL1,REST,Standard,3
2023,10,SKODA,18,Granada,Corporate,ICE,UKL2,REST,Standard,4
2023,10,SKODA,18,Granada,Private,ICE,UKL1,REST,Standard,4
2023,10,SKODA,18,Granada,Private,ICE,UKL2,REST,Standard,6
2023,10,SSANGYONG,18,Granada,Private,ICE,KKL,REST,Standard,2
2023,10,SSANGYONG,18,Granada,Private,ICE,UKL1,REST,Standard,1
2023,10,SUBARU,18,Granada,Private,ICE,KKL,REST,Standard,2
2023,10,SUZUKI,18,Granada,Corporate,ICE,SKL,REST,Standard,1
2023,10,SUZUKI,18,Granada,Corporate,ICE,UKL2,REST,Standard,1
2023,10,SUZUKI,18,Granada,Private,ICE,UKL0,REST,Standard,1
2023,10,SUZUKI,18,Granada,Private,ICE,UKL2,REST,Standard,2
2023,10,TESLA,18,Granada,Private,BEV,KKL,FOCUS SEGMENT,Standard,1
2023,10,TOYOTA,18,Granada,Corporate,ICE,UKL1,REST,Standard,3
2023,10,TOYOTA,18,Granada,Corporate,ICE,UKL2,REST,Standard,4
2023,10,TOYOTA,18,Granada,Private,ICE,GKL,REST,Standard,1
2023,10,TOYOTA,18,Granada,Private,ICE,SKL,REST,Standard,2
2023,10,TOYOTA,18,Granada,Private,ICE,UKL1,REST,Standard,48
2023,10,TOYOTA,18,Granada,Private,ICE,UKL2,REST,Standard,22
2023,10,VOLKSWAGEN,18,Granada,Corporate,ICE,UKL2,REST,Standard,5
2023,10,VOLKSWAGEN,18,Granada,Corporate,PHEV,MKL,REST,Standard,2
2023,10,VOLKSWAGEN,18,Granada,Private,BEV,UKL2,REST,Standard,2
2023,10,VOLKSWAGEN,18,Granada,Private,ICE,SKL,REST,Standard,2
2023,10,VOLKSWAGEN,18,Granada,Private,ICE,UKL1,REST,Standard,9
2023,10,VOLKSWAGEN,18,Granada,Private,ICE,UKL2,REST,Standard,22
2023,10,VOLKSWAGEN,18,Granada,Private,PHEV,UKL2,REST,Standard,1
2023,10,VOLVO,18,Granada,Corporate,ICE,KKL,FOCUS SEGMENT,Standard,2
2023,10,VOLVO,18,Granada,Corporate,ICE,MKL,FOCUS SEGMENT,Standard,1
2023,10,VOLVO,18,Granada,Private,ICE,UKL2,FOCUS SEGMENT,Standard,4
2023,10,VOLVO,18,Granada,Private,PHEV,KKL,FOCUS SEGMENT,Standard,1
2023,10,ABARTH,19,Guadalajara,Private,BEV,UKL0,REST,Standard,1
2023,10,ALFA ROMEO,19,Guadalajara,Corporate,ICE,UKL2,REST,Standard,1
2023,10,AUDI,19,Guadalajara,Corporate,BEV,UKL2,FOCUS SEGMENT,Standard,1
2023,10,AUDI,19,Guadalajara,Corporate,ICE,KKL,FOCUS SEGMENT,Standard,1
2023,10,AUDI,19,Guadalajara,Corporate,ICE,MKL,FOCUS SEGMENT,Standard,1
2023,10,AUDI,19,Guadalajara,Corporate,ICE,UKL2,FOCUS SEGMENT,M Performance,1
2023,10,AUDI,19,Guadalajara,Corporate,PHEV,MKL,FOCUS SEGMENT,Standard,1
2023,10,AUDI,19,Guadalajara,Private,ICE,UKL1,FOCUS SEGMENT,Standard,1
2023,10,AUDI,19,Guadalajara,Private,ICE,UKL2,FOCUS SEGMENT,Standard,1
2023,10,AUDI,19,Guadalajara,Private,PHEV,UKL2,FOCUS SEGMENT,Standard,2
2023,10,BMW,19,Guadalajara,Corporate,ICE,KKL,FOCUS SEGMENT,M Performance,1
2023,10,BMW,19,Guadalajara,Private,BEV,UKL2,FOCUS SEGMENT,Standard,1
2023,10,BMW,19,Guadalajara,Private,ICE,UKL2,FOCUS SEGMENT,Standard,2
2023,10,CITROEN,19,Guadalajara,Corporate,ICE,UKL1,REST,Standard,5
2023,10,CITROEN,19,Guadalajara,Corporate,ICE,UKL2,REST,Standard,1
2023,10,CITROEN,19,Guadalajara,Private,BEV,UKL2,REST,Standard,4
2023,10,CITROEN,19,Guadalajara,Private,ICE,UKL1,REST,Standard,2
2023,10,CITROEN,19,Guadalajara,Private,ICE,UKL2,REST,Standard,11
2023,10,CITROEN,19,Guadalajara,Private,PHEV,UKL2,REST,Standard,1
2023,10,CUPRA,19,Guadalajara,Corporate,PHEV,UKL2,REST,Standard,2
2023,10,CUPRA,19,Guadalajara,Private,PHEV,UKL2,REST,Standard,3
2023,10,DACIA,19,Guadalajara,Corporate,BEV,UKL0,REST,Standard,1
2023,10,DACIA,19,Guadalajara,Corporate,ICE,UKL1,REST,Standard,3
2023,10,DACIA,19,Guadalajara,Private,BEV,UKL0,REST,Standard,1
2023,10,DACIA,19,Guadalajara,Private,ICE,SKL,REST,Standard,6
2023,10,DACIA,19,Guadalajara,Private,ICE,UKL1,REST,Standard,8
2023,10,DACIA,19,Guadalajara,Private,ICE,UKL2,REST,Standard,3
2023,10,DS,19,Guadalajara,Corporate,ICE,UKL2,REST,Standard,1
2023,10,DS,19,Guadalajara,Private,PHEV,UKL2,REST,Standard,2
2023,10,FIAT,19,Guadalajara,Private,ICE,UKL0,REST,Standard,2
2023,10,FORD,19,Guadalajara,Private,ICE,UKL1,REST,Standard,4
2023,10,FORD,19,Guadalajara,Private,ICE,UKL2,REST,Standard,2
2023,10,FORD,19,Guadalajara,Private,PHEV,UKL2,REST,Standard,1
2023,10,HONDA,19,Guadalajara,Private,ICE,UKL2,REST,Standard,1
2023,10,HYUNDAI,19,Guadalajara,Corporate,ICE,UKL0,REST,Standard,1
2023,10,HYUNDAI,19,Guadalajara,Corporate,ICE,UKL1,REST,Standard,6
2023,10,HYUNDAI,19,Guadalajara,Corporate,ICE,UKL2,REST,Standard,1
2023,10,HYUNDAI,19,Guadalajara,Private,ICE,MKL,REST,Standard,1
2023,10,HYUNDAI,19,Guadalajara,Private,ICE,UKL0,REST,Standard,1
2023,10,HYUNDAI,19,Guadalajara,Private,ICE,UKL1,REST,Standard,14
2023,10,HYUNDAI,19,Guadalajara,Private,ICE,UKL2,REST,Standard,9
2023,10,JEEP,19,Guadalajara,Corporate,BEV,UKL1,REST,Standard,2
2023,10,JEEP,19,Guadalajara,Private,BEV,UKL1,REST,Standard,1
2023,10,JEEP,19,Guadalajara,Private,ICE,UKL1,REST,Standard,2
2023,10,KIA,19,Guadalajara,Corporate,BEV,MKL,REST,Standard,1
2023,10,KIA,19,Guadalajara,Corporate,ICE,UKL2,REST,Standard,4
2023,10,KIA,19,Guadalajara,Corporate,PHEV,UKL2,REST,Standard,1
2023,10,KIA,19,Guadalajara,Private,BEV,KKL,REST,Standard,3
2023,10,KIA,19,Guadalajara,Private,BEV,UKL2,REST,Standard,4
2023,10,KIA,19,Guadalajara,Private,ICE,KKL,REST,Standard,1
2023,10,KIA,19,Guadalajara,Private,ICE,UKL0,REST,Standard,1
2023,10,KIA,19,Guadalajara,Private,ICE,UKL1,REST,Standard,2
2023,10,KIA,19,Guadalajara,Private,ICE,UKL2,REST,Standard,15
2023,10,KIA,19,Guadalajara,Private,PHEV,KKL,REST,Standard,1
2023,10,KIA,19,Guadalajara,Private,PHEV,UKL2,REST,Standard,1
2023,10,LEXUS,19,Guadalajara,Private,ICE,UKL2,FOCUS SEGMENT,Standard,1
2023,10,MAZDA,19,Guadalajara,Corporate,ICE,UKL2,REST,Standard,1
2023,10,MAZDA,19,Guadalajara,Private,ICE,KKL,REST,Standard,1
2023,10,MAZDA,19,Guadalajara,Private,ICE,UKL1,REST,Standard,1
2023,10,MAZDA,19,Guadalajara,Private,ICE,UKL2,REST,Standard,8
2023,10,MAZDA,19,Guadalajara,Private,PHEV,KKL,REST,Standard,1
2023,10,MERCEDES,19,Guadalajara,Corporate,ICE,UKL2,FOCUS SEGMENT,Standard,1
2023,10,MERCEDES,19,Guadalajara,Private,ICE,KKL,FOCUS SEGMENT,Standard,1
2023,10,MERCEDES,19,Guadalajara,Private,ICE,UKL2,FOCUS SEGMENT,Standard,1
2023,10,MERCEDES,19,Guadalajara,Private,PHEV,UKL2,FOCUS SEGMENT,Standard,1
2023,10,MG,19,Guadalajara,Corporate,ICE,UKL1,REST,Standard,1
2023,10,MG,19,Guadalajara,Private,BEV,UKL2,REST,Standard,4
2023,10,MG,19,Guadalajara,Private,ICE,KKL,REST,Standard,2
2023,10,MG,19,Guadalajara,Private,ICE,UKL1,REST,Standard,7
2023,10,MINI,19,Guadalajara,Private,PHEV,UKL2,FOCUS SEGMENT,Standard,1
2023,10,MITSUBISHI,19,Guadalajara,Corporate,ICE,UKL2,REST,Standard,1
2023,10,MITSUBISHI,19,Guadalajara,Private,ICE,UKL2,REST,Standard,2
2023,10,MITSUBISHI,19,Guadalajara,Private,PHEV,UKL2,REST,Standard,2
2023,10,NISSAN,19,Guadalajara,Corporate,ICE,UKL1,REST,Standard,1
2023,10,NISSAN,19,Guadalajara,Private,ICE,KKL,REST,Standard,1
2023,10,NISSAN,19,Guadalajara,Private,ICE,UKL1,REST,Standard,2
2023,10,OPEL,19,Guadalajara,Corporate,ICE,UKL1,REST,Standard,2
2023,10,OPEL,19,Guadalajara,Corporate,ICE,UKL2,REST,Standard,1
2023,10,OPEL,19,Guadalajara,Private,BEV,UKL1,REST,Standard,1
2023,10,OPEL,19,Guadalajara,Private,ICE,UKL1,REST,Standard,7
2023,10,OPEL,19,Guadalajara,Private,ICE,UKL2,REST,Standard,6
2023,10,PEUGEOT,19,Guadalajara,Corporate,BEV,SKL,REST,Standard,1
2023,10,PEUGEOT,19,Guadalajara,Corporate,ICE,KKL,REST,Standard,1
2023,10,PEUGEOT,19,Guadalajara,Corporate,ICE,UKL1,REST,Standard,2
2023,10,PEUGEOT,19,Guadalajara,Corporate,ICE,UKL2,REST,Standard,2
2023,10,PEUGEOT,19,Guadalajara,Corporate,PHEV,KKL,REST,Standard,1
2023,10,PEUGEOT,19,Guadalajara,Corporate,PHEV,UKL2,REST,Standard,1
2023,10,PEUGEOT,19,Guadalajara,Private,ICE,KKL,REST,Standard,1
2023,10,PEUGEOT,19,Guadalajara,Private,ICE,UKL0,REST,Standard,1
2023,10,PEUGEOT,19,Guadalajara,Private,ICE,UKL1,REST,Standard,7
2023,10,PEUGEOT,19,Guadalajara,Private,ICE,UKL2,REST,Standard,3
2023,10,PEUGEOT,19,Guadalajara,Private,PHEV,UKL2,REST,Standard,2
2023,10,RENAULT,19,Guadalajara,Corporate,ICE,UKL2,REST,Standard,1
2023,10,RENAULT,19,Guadalajara,Private,ICE,UKL1,REST,Standard,4
2023,10,RENAULT,19,Guadalajara,Private,ICE,UKL2,REST,Standard,4
2023,10,SEAT,19,Guadalajara,Corporate,ICE,UKL1,REST,Standard,3
2023,10,SEAT,19,Guadalajara,Corporate,ICE,UKL2,REST,Standard,3
2023,10,SEAT,19,Guadalajara,Corporate,PHEV,UKL2,REST,Standard,2
2023,10,SEAT,19,Guadalajara,Private,ICE,UKL1,REST,Standard,11
2023,10,SEAT,19,Guadalajara,Private,ICE,UKL2,REST,Standard,9
2023,10,SEAT,19,Guadalajara,Private,PHEV,KKL,REST,Standard,1
2023,10,SEAT,19,Guadalajara,Private,PHEV,UKL2,REST,Standard,1
2023,10,SKODA,19,Guadalajara,Corporate,ICE,KKL,REST,Standard,2
2023,10,SKODA,19,Guadalajara,Corporate,ICE,UKL1,REST,Standard,2
2023,10,SKODA,19,Guadalajara,Corporate,ICE,UKL2,REST,Standard,3
2023,10,SKODA,19,Guadalajara,Private,ICE,KKL,REST,Standard,1
2023,10,SKODA,19,Guadalajara,Private,ICE,UKL1,REST,Standard,8
2023,10,SKODA,19,Guadalajara,Private,ICE,UKL2,REST,Standard,2
2023,10,SUZUKI,19,Guadalajara,Private,ICE,UKL1,REST,Standard,1
2023,10,SUZUKI,19,Guadalajara,Private,ICE,UKL2,REST,Standard,2
2023,10,TESLA,19,Guadalajara,Private,BEV,KKL,FOCUS SEGMENT,Standard,1
2023,10,TOYOTA,19,Guadalajara,Private,ICE,MKL,REST,Standard,1
2023,10,TOYOTA,19,Guadalajara,Private,ICE,UKL1,REST,Standard,14
2023,10,TOYOTA,19,Guadalajara,Private,ICE,UKL2,REST,Standard,9
2023,10,VOLKSWAGEN,19,Guadalajara,Corporate,ICE,KKL,REST,Standard,1
2023,10,VOLKSWAGEN,19,Guadalajara,Private,ICE,UKL2,REST,Standard,2
2023,10,VOLKSWAGEN,19,Guadalajara,Private,PHEV,UKL2,REST,Standard,1
2023,10,VOLVO,19,Guadalajara,Private,BEV,UKL2,FOCUS SEGMENT,Standard,1
2023,10,ABARTH,20,Gipuzkoa,Private,BEV,UKL0,REST,Standard,1
2023,10,ALFA ROMEO,20,Gipuzkoa,Corporate,ICE,UKL2,REST,Standard,1
2023,10,ALFA ROMEO,20,Gipuzkoa,Corporate,PHEV,UKL2,REST,Standard,14
2023,10,ALFA ROMEO,20,Gipuzkoa,Private,PHEV,UKL2,REST,Standard,1
2023,10,ALLIED VEHICLES LTD,20,Gipuzkoa,Private,ICE,,REST,Standard,1
2023,10,AUDI,20,Gipuzkoa,Corporate,BEV,UKL2,FOCUS SEGMENT,Standard,1
2023,10,AUDI,20,Gipuzkoa,Corporate,ICE,KKL,FOCUS SEGMENT,Standard,1
2023,10,AUDI,20,Gipuzkoa,Corporate,ICE,UKL1,FOCUS SEGMENT,Standard,1
2023,10,AUDI,20,Gipuzkoa,Corporate,ICE,UKL2,FOCUS SEGMENT,Standard,2
2023,10,AUDI,20,Gipuzkoa,Private,BEV,UKL2,FOCUS SEGMENT,Standard,2
2023,10,AUDI,20,Gipuzkoa,Private,ICE,KKL,FOCUS SEGMENT,Standard,2
2023,10,AUDI,20,Gipuzkoa,Private,ICE,UKL2,FOCUS SEGMENT,Standard,6
2023,10,AUDI,20,Gipuzkoa,Private,PHEV,UKL2,FOCUS SEGMENT,Standard,2
2023,10,BMW,20,Gipuzkoa,Corporate,BEV,KKL,FOCUS SEGMENT,Standard,1
2023,10,BMW,20,Gipuzkoa,Corporate,ICE,KKL,FOCUS SEGMENT,M Performance,2
2023,10,BMW,20,Gipuzkoa,Corporate,ICE,KKL,FOCUS SEGMENT,Standard,3
2023,10,BMW,20,Gipuzkoa,Corporate,ICE,MKL,FOCUS SEGMENT,Standard,1
2023,10,BMW,20,Gipuzkoa,Corporate,ICE,UKL2,FOCUS SEGMENT,Standard,5
2023,10,BMW,20,Gipuzkoa,Private,ICE,KKL,FOCUS SEGMENT,Standard,1
2023,10,BMW,20,Gipuzkoa,Private,ICE,MKL,FOCUS SEGMENT,Standard,1
2023,10,BMW,20,Gipuzkoa,Private,ICE,UKL2,FOCUS SEGMENT,Standard,8
2023,10,CITROEN,20,Gipuzkoa,Corporate,ICE,UKL2,REST,Standard,3
2023,10,CITROEN,20,Gipuzkoa,Private,ICE,UKL1,REST,Standard,5
2023,10,CITROEN,20,Gipuzkoa,Private,ICE,UKL2,REST,Standard,10
2023,10,CITROEN,20,Gipuzkoa,Private,PHEV,MKL,REST,Standard,1
2023,10,CITROEN,20,Gipuzkoa,Private,PHEV,UKL2,REST,Standard,1
2023,10,CUPRA,20,Gipuzkoa,Corporate,ICE,UKL2,REST,Standard,2
2023,10,CUPRA,20,Gipuzkoa,Private,BEV,UKL2,REST,Standard,1
2023,10,CUPRA,20,Gipuzkoa,Private,ICE,UKL2,REST,Standard,2
2023,10,DACIA,20,Gipuzkoa,Corporate,ICE,UKL1,REST,Standard,2
2023,10,DACIA,20,Gipuzkoa,Corporate,ICE,UKL2,REST,Standard,1
2023,10,DACIA,20,Gipuzkoa,Private,BEV,UKL0,REST,Standard,2
2023,10,DACIA,20,Gipuzkoa,Private,ICE,SKL,REST,Standard,9
2023,10,DACIA,20,Gipuzkoa,Private,ICE,UKL1,REST,Standard,35
2023,10,DACIA,20,Gipuzkoa,Private,ICE,UKL2,REST,Standard,12
2023,10,DS,20,Gipuzkoa,Corporate,PHEV,KKL,REST,Standard,1
2023,10,DS,20,Gipuzkoa,Private,PHEV,UKL2,REST,Standard,2
2023,10,FIAT,20,Gipuzkoa,Private,ICE,UKL0,REST,Standard,3
2023,10,FORD,20,Gipuzkoa,Corporate,ICE,SKL,REST,Standard,1
2023,10,FORD,20,Gipuzkoa,Corporate,ICE,UKL2,REST,Standard,1
2023,10,FORD,20,Gipuzkoa,Private,BEV,KKL,REST,Standard,1
2023,10,FORD,20,Gipuzkoa,Private,ICE,SKL,REST,Standard,7
2023,10,FORD,20,Gipuzkoa,Private,ICE,UKL1,REST,Standard,6
2023,10,FORD,20,Gipuzkoa,Private,ICE,UKL2,REST,Standard,6
2023,10,FORD,20,Gipuzkoa,Private,PHEV,UKL2,REST,Standard,9
2023,10,HONDA,20,Gipuzkoa,Corporate,ICE,KKL,REST,Standard,1
2023,10,HONDA,20,Gipuzkoa,Private,ICE,UKL1,REST,Standard,2
2023,10,HONDA,20,Gipuzkoa,Private,ICE,UKL2,REST,Standard,1
2023,10,HYUNDAI,20,Gipuzkoa,Corporate,BEV,KKL,REST,Standard,1
2023,10,HYUNDAI,20,Gipuzkoa,Corporate,BEV,UKL1,REST,Standard,1
2023,10,HYUNDAI,20,Gipuzkoa,Corporate,BEV,UKL2,REST,Standard,1
2023,10,HYUNDAI,20,Gipuzkoa,Private,ICE,UKL0,REST,Standard,1
2023,10,HYUNDAI,20,Gipuzkoa,Private,ICE,UKL1,REST,Standard,19
2023,10,HYUNDAI,20,Gipuzkoa,Private,ICE,UKL2,REST,Standard,13
2023,10,HYUNDAI,20,Gipuzkoa,Private,PHEV,UKL2,REST,Standard,3
2023,10,JEEP,20,Gipuzkoa,Private,ICE,UKL2,REST,Standard,1
2023,10,KIA,20,Gipuzkoa,Corporate,BEV,KKL,REST,Standard,2
2023,10,KIA,20,Gipuzkoa,Corporate,BEV,MKL,REST,Standard,1
2023,10,KIA,20,Gipuzkoa,Corporate,ICE,KKL,REST,Standard,1
2023,10,KIA,20,Gipuzkoa,Corporate,ICE,UKL1,REST,Standard,1
2023,10,KIA,20,Gipuzkoa,Corporate,ICE,UKL2,REST,Standard,7
2023,10,KIA,20,Gipuzkoa,Corporate,PHEV,UKL2,REST,Standard,2
2023,10,KIA,20,Gipuzkoa,Private,BEV,KKL,REST,Standard,2
2023,10,KIA,20,Gipuzkoa,Private,BEV,UKL2,REST,Standard,1
2023,10,KIA,20,Gipuzkoa,Private,ICE,UKL1,REST,Standard,9
2023,10,KIA,20,Gipuzkoa,Private,ICE,UKL2,REST,Standard,31
2023,10,KIA,20,Gipuzkoa,Private,PHEV,UKL2,REST,Standard,11
2023,10,LAND ROVER,20,Gipuzkoa,Corporate,ICE,MKL,FOCUS SEGMENT,Standard,2
2023,10,LAND ROVER,20,Gipuzkoa,Private,ICE,MKL,FOCUS SEGMENT,Standard,1
2023,10,LAND ROVER,20,Gipuzkoa,Private,PHEV,UKL2,FOCUS SEGMENT,Standard,1
2023,10,LEXUS,20,Gipuzkoa,Corporate,ICE,KKL,FOCUS SEGMENT,Standard,3
2023,10,LEXUS,20,Gipuzkoa,Corporate,ICE,UKL2,FOCUS SEGMENT,Standard,2
2023,10,LEXUS,20,Gipuzkoa,Private,BEV,UKL2,FOCUS SEGMENT,Standard,1
2023,10,LEXUS,20,Gipuzkoa,Private,ICE,KKL,FOCUS SEGMENT,Standard,1
2023,10,LEXUS,20,Gipuzkoa,Private,ICE,UKL2,FOCUS SEGMENT,Standard,2
2023,10,MAZDA,20,Gipuzkoa,Corporate,ICE,UKL2,REST,Standard,1
2023,10,MAZDA,20,Gipuzkoa,Private,ICE,KKL,REST,Standard,1
2023,10,MAZDA,20,Gipuzkoa,Private,ICE,UKL1,REST,Standard,1
2023,10,MAZDA,20,Gipuzkoa,Private,ICE,UKL2,REST,Standard,15
2023,10,MAZDA,20,Gipuzkoa,Private,PHEV,KKL,REST,Standard,1
2023,10,MERCEDES,20,Gipuzkoa,Corporate,BEV,SKL,REST,Standard,1
2023,10,MERCEDES,20,Gipuzkoa,Corporate,BEV,UKL2,FOCUS SEGMENT,Standard,1
2023,10,MERCEDES,20,Gipuzkoa,Corporate,ICE,KKL,FOCUS SEGMENT,Standard,4
2023,10,MERCEDES,20,Gipuzkoa,Corporate,ICE,MKL,FOCUS SEGMENT,Standard,2
2023,10,MERCEDES,20,Gipuzkoa,Corporate,ICE,MKL,REST,Standard,1
2023,10,MERCEDES,20,Gipuzkoa,Corporate,ICE,UKL2,FOCUS SEGMENT,M,1
2023,10,MERCEDES,20,Gipuzkoa,Corporate,ICE,UKL2,FOCUS SEGMENT,Standard,11
2023,10,MERCEDES,20,Gipuzkoa,Corporate,PHEV,KKL,FOCUS SEGMENT,Standard,1
2023,10,MERCEDES,20,Gipuzkoa,Corporate,PHEV,UKL2,FOCUS SEGMENT,Standard,2
2023,10,MERCEDES,20,Gipuzkoa,Private,BEV,UKL2,FOCUS SEGMENT,Standard,1
2023,10,MERCEDES,20,Gipuzkoa,Private,ICE,,REST,Standard,2
2023,10,MERCEDES,20,Gipuzkoa,Private,ICE,GKL,FOCUS SEGMENT,Standard,1
2023,10,MERCEDES,20,Gipuzkoa,Private,ICE,KKL,FOCUS SEGMENT,Standard,7
2023,10,MERCEDES,20,Gipuzkoa,Private,ICE,MKL,FOCUS SEGMENT,Standard,1
2023,10,MERCEDES,20,Gipuzkoa,Private,ICE,MKL,REST,Standard,2
2023,10,MERCEDES,20,Gipuzkoa,Private,ICE,UKL2,FOCUS SEGMENT,M Performance,1
2023,10,MERCEDES,20,Gipuzkoa,Private,ICE,UKL2,FOCUS SEGMENT,Standard,10
2023,10,MERCEDES,20,Gipuzkoa,Private,PHEV,UKL2,FOCUS SEGMENT,Standard,2
2023,10,MG,20,Gipuzkoa,Corporate,BEV,UKL2,REST,Standard,1
2023,10,MG,20,Gipuzkoa,Corporate,ICE,UKL1,REST,Standard,1
2023,10,MG,20,Gipuzkoa,Private,BEV,UKL2,REST,Standard,3
2023,10,MG,20,Gipuzkoa,Private,ICE,KKL,REST,Standard,1
2023,10,MG,20,Gipuzkoa,Private,ICE,UKL1,REST,Standard,22
2023,10,MINI,20,Gipuzkoa,Corporate,ICE,UKL1,FOCUS SEGMENT,Standard,1
2023,10,MINI,20,Gipuzkoa,Private,ICE,UKL1,FOCUS SEGMENT,Standard,7
2023,10,MINI,20,Gipuzkoa,Private,ICE,UKL2,FOCUS SEGMENT,Standard,4
2023,10,MINI,20,Gipuzkoa,Private,PHEV,UKL2,FOCUS SEGMENT,Standard,1
2023,10,MITSUBISHI,20,Gipuzkoa,Corporate,PHEV,UKL2,REST,Standard,1
2023,10,MITSUBISHI,20,Gipuzkoa,Private,ICE,UKL1,REST,Standard,1
2023,10,MITSUBISHI,20,Gipuzkoa,Private,ICE,UKL2,REST,Standard,4
2023,10,MITSUBISHI,20,Gipuzkoa,Private,PHEV,UKL2,REST,Standard,1
2023,10,NISSAN,20,Gipuzkoa,Private,ICE,KKL,REST,Standard,4
2023,10,NISSAN,20,Gipuzkoa,Private,ICE,SKL,REST,Standard,1
2023,10,NISSAN,20,Gipuzkoa,Private,ICE,UKL2,REST,Standard,7
2023,10,OPEL,20,Gipuzkoa,Corporate,BEV,UKL2,REST,Standard,1
2023,10,OPEL,20,Gipuzkoa,Corporate,ICE,UKL1,REST,Standard,2
2023,10,OPEL,20,Gipuzkoa,Corporate,ICE,UKL2,REST,Standard,1
2023,10,OPEL,20,Gipuzkoa,Private,BEV,UKL1,REST,Standard,2
2023,10,OPEL,20,Gipuzkoa,Private,ICE,UKL1,REST,Standard,16
2023,10,OPEL,20,Gipuzkoa,Private,ICE,UKL2,REST,Standard,5
2023,10,OPEL,20,Gipuzkoa,Private,PHEV,UKL2,REST,Standard,1
2023,10,PEUGEOT,20,Gipuzkoa,Corporate,ICE,KKL,REST,Standard,1
2023,10,PEUGEOT,20,Gipuzkoa,Corporate,ICE,UKL1,REST,Standard,47
2023,10,PEUGEOT,20,Gipuzkoa,Corporate,ICE,UKL2,REST,Standard,62
2023,10,PEUGEOT,20,Gipuzkoa,Corporate,PHEV,UKL2,REST,Standard,2
2023,10,PEUGEOT,20,Gipuzkoa,Private,BEV,UKL1,REST,Standard,1
2023,10,PEUGEOT,20,Gipuzkoa,Private,ICE,KKL,REST,Standard,2
2023,10,PEUGEOT,20,Gipuzkoa,Private,ICE,UKL1,REST,Standard,8
2023,10,PEUGEOT,20,Gipuzkoa,Private,ICE,UKL2,REST,Standard,7
2023,10,PEUGEOT,20,Gipuzkoa,Private,PHEV,UKL2,REST,Standard,2
2023,10,PORSCHE,20,Gipuzkoa,Corporate,PHEV,MKL,FOCUS SEGMENT,Standard,1
2023,10,PORSCHE,20,Gipuzkoa,Private,ICE,GKL,FOCUS SEGMENT,M,1
2023,10,PORSCHE,20,Gipuzkoa,Private,PHEV,MKL,FOCUS SEGMENT,Standard,1
2023,10,RENAULT,20,Gipuzkoa,Corporate,ICE,UKL1,REST,Standard,1
2023,10,RENAULT,20,Gipuzkoa,Corporate,ICE,UKL2,REST,Standard,2
2023,10,RENAULT,20,Gipuzkoa,Private,ICE,KKL,REST,Standard,2
2023,10,RENAULT,20,Gipuzkoa,Private,ICE,SKL,REST,Standard,4
2023,10,RENAULT,20,Gipuzkoa,Private,ICE,UKL1,REST,Standard,19
2023,10,RENAULT,20,Gipuzkoa,Private,ICE,UKL2,REST,Standard,3
2023,10,SEAT,20,Gipuzkoa,Corporate,ICE,UKL1,REST,Standard,3
2023,10,SEAT,20,Gipuzkoa,Corporate,ICE,UKL2,REST,Standard,5
2023,10,SEAT,20,Gipuzkoa,Corporate,PHEV,UKL2,REST,Standard,1
2023,10,SEAT,20,Gipuzkoa,Private,ICE,KKL,REST,Standard,1
2023,10,SEAT,20,Gipuzkoa,Private,ICE,UKL1,REST,Standard,7
2023,10,SEAT,20,Gipuzkoa,Private,ICE,UKL2,REST,Standard,11
2023,10,SKODA,20,Gipuzkoa,Corporate,ICE,KKL,REST,Standard,1
2023,10,SKODA,20,Gipuzkoa,Private,ICE,KKL,REST,Standard,1
2023,10,SKODA,20,Gipuzkoa,Private,ICE,UKL1,REST,Standard,7
2023,10,SKODA,20,Gipuzkoa,Private,ICE,UKL2,REST,Standard,4
2023,10,SMART,20,Gipuzkoa,Corporate,BEV,,REST,Standard,1
2023,10,SUBARU,20,Gipuzkoa,Private,ICE,KKL,REST,Standard,1
2023,10,SUZUKI,20,Gipuzkoa,Private,ICE,UKL0,REST,Standard,3
2023,10,SUZUKI,20,Gipuzkoa,Private,ICE,UKL1,REST,Standard,1
2023,10,TESLA,20,Gipuzkoa,Corporate,BEV,KKL,FOCUS SEGMENT,Standard,2
2023,10,TESLA,20,Gipuzkoa,Private,BEV,KKL,FOCUS SEGMENT,Standard,1
2023,10,TOYOTA,20,Gipuzkoa,Corporate,ICE,UKL1,REST,Standard,5
2023,10,TOYOTA,20,Gipuzkoa,Corporate,ICE,UKL2,REST,Standard,4
2023,10,TOYOTA,20,Gipuzkoa,Private,BEV,UKL2,REST,Standard,1
2023,10,TOYOTA,20,Gipuzkoa,Private,ICE,GKL,REST,Standard,1
2023,10,TOYOTA,20,Gipuzkoa,Private,ICE,MKL,REST,Standard,1
2023,10,TOYOTA,20,Gipuzkoa,Private,ICE,SKL,REST,Standard,1
2023,10,TOYOTA,20,Gipuzkoa,Private,ICE,UKL1,REST,Standard,23
2023,10,TOYOTA,20,Gipuzkoa,Private,ICE,UKL2,REST,Standard,20
2023,10,TOYOTA,20,Gipuzkoa,Private,PHEV,UKL2,REST,Standard,1
2023,10,VOLKSWAGEN,20,Gipuzkoa,Corporate,ICE,MKL,REST,Standard,1
2023,10,VOLKSWAGEN,20,Gipuzkoa,Corporate,ICE,UKL1,REST,Standard,1
2023,10,VOLKSWAGEN,20,Gipuzkoa,Corporate,ICE,UKL2,REST,Standard,5
2023,10,VOLKSWAGEN,20,Gipuzkoa,Corporate,PHEV,MKL,REST,Standard,1
2023,10,VOLKSWAGEN,20,Gipuzkoa,Private,ICE,KKL,REST,Standard,1
2023,10,VOLKSWAGEN,20,Gipuzkoa,Private,ICE,SKL,REST,Standard,1
2023,10,VOLKSWAGEN,20,Gipuzkoa,Private,ICE,UKL1,REST,Standard,3
2023,10,VOLKSWAGEN,20,Gipuzkoa,Private,ICE,UKL2,REST,Standard,9
2023,10,VOLKSWAGEN,20,Gipuzkoa,Private,PHEV,SKL,REST,Standard,3
2023,10,VOLKSWAGEN,20,Gipuzkoa,Private,PHEV,UKL2,REST,Standard,1
2023,10,VOLVO,20,Gipuzkoa,Corporate,ICE,KKL,FOCUS SEGMENT,Standard,3
2023,10,VOLVO,20,Gipuzkoa,Corporate,PHEV,UKL2,FOCUS SEGMENT,Standard,4
2023,10,VOLVO,20,Gipuzkoa,Private,BEV,UKL2,FOCUS SEGMENT,Standard,1
2023,10,VOLVO,20,Gipuzkoa,Private,ICE,KKL,FOCUS SEGMENT,Standard,1
2023,10,AUDI,21,Huelva,Corporate,BEV,UKL2,FOCUS SEGMENT,Standard,1
2023,10,AUDI,21,Huelva,Corporate,ICE,KKL,FOCUS SEGMENT,Standard,2
2023,10,AUDI,21,Huelva,Corporate,ICE,MKL,FOCUS SEGMENT,Standard,1
2023,10,AUDI,21,Huelva,Corporate,ICE,UKL1,FOCUS SEGMENT,Standard,1
2023,10,AUDI,21,Huelva,Corporate,ICE,UKL2,FOCUS SEGMENT,Standard,9
2023,10,AUDI,21,Huelva,Private,ICE,KKL,FOCUS SEGMENT,Standard,2
2023,10,AUDI,21,Huelva,Private,ICE,UKL1,FOCUS SEGMENT,Standard,2
2023,10,AUDI,21,Huelva,Private,ICE,UKL2,FOCUS SEGMENT,Standard,6
2023,10,BMW,21,Huelva,Corporate,ICE,KKL,FOCUS SEGMENT,Standard,1
2023,10,BMW,21,Huelva,Corporate,ICE,MKL,FOCUS SEGMENT,Standard,1
2023,10,BMW,21,Huelva,Corporate,ICE,UKL2,FOCUS SEGMENT,Standard,1
2023,10,BMW,21,Huelva,Private,ICE,KKL,FOCUS SEGMENT,M Performance,1
2023,10,BMW,21,Huelva,Private,ICE,KKL,FOCUS SEGMENT,Standard,1
2023,10,BMW,21,Huelva,Private,ICE,UKL2,FOCUS SEGMENT,Standard,4
2023,10,CITROEN,21,Huelva,Private,BEV,UKL2,REST,Standard,2
2023,10,CITROEN,21,Huelva,Private,ICE,UKL1,REST,Standard,6
2023,10,CITROEN,21,Huelva,Private,ICE,UKL2,REST,Standard,7
2023,10,CUPRA,21,Huelva,Corporate,ICE,UKL2,REST,Standard,4
2023,10,CUPRA,21,Huelva,Private,BEV,UKL2,REST,Standard,1
2023,10,CUPRA,21,Huelva,Private,ICE,UKL2,REST,Standard,2
2023,10,DACIA,21,Huelva,Corporate,ICE,UKL1,REST,Standard,2
2023,10,DACIA,21,Huelva,Private,BEV,UKL0,REST,Standard,1
2023,10,DACIA,21,Huelva,Private,ICE,SKL,REST,Standard,10
2023,10,DACIA,21,Huelva,Private,ICE,UKL1,REST,Standard,36
2023,10,DACIA,21,Huelva,Private,ICE,UKL2,REST,Standard,2
2023,10,FIAT,21,Huelva,Private,ICE,,,Standard,1
2023,10,FORD,21,Huelva,Corporate,ICE,UKL1,REST,Standard,1
2023,10,FORD,21,Huelva,Corporate,ICE,UKL2,REST,Standard,3
2023,10,FORD,21,Huelva,Private,ICE,SKL,REST,Standard,1
2023,10,FORD,21,Huelva,Private,ICE,UKL1,REST,Standard,5
2023,10,FORD,21,Huelva,Private,ICE,UKL2,REST,Standard,12
2023,10,HONDA,21,Huelva,Private,ICE,UKL2,REST,Standard,1
2023,10,HYUNDAI,21,Huelva,Corporate,ICE,UKL1,REST,Standard,6
2023,10,HYUNDAI,21,Huelva,Corporate,ICE,UKL2,REST,Standard,3
2023,10,HYUNDAI,21,Huelva,Corporate,PHEV,UKL2,REST,Standard,1
2023,10,HYUNDAI,21,Huelva,Private,ICE,UKL0,REST,Standard,2
2023,10,HYUNDAI,21,Huelva,Private,ICE,UKL1,REST,Standard,7
2023,10,HYUNDAI,21,Huelva,Private,ICE,UKL2,REST,Standard,16
2023,10,HYUNDAI,21,Huelva,Private,PHEV,UKL2,REST,Standard,1
2023,10,JEEP,21,Huelva,Private,ICE,UKL1,REST,Standard,6
2023,10,KIA,21,Huelva,Corporate,BEV,MKL,REST,Standard,1
2023,10,KIA,21,Huelva,Corporate,ICE,UKL2,REST,Standard,6
2023,10,KIA,21,Huelva,Corporate,PHEV,UKL2,REST,Standard,1
2023,10,KIA,21,Huelva,Private,BEV,KKL,REST,Standard,2
2023,10,KIA,21,Huelva,Private,ICE,KKL,REST,Standard,1
2023,10,KIA,21,Huelva,Private,ICE,UKL0,REST,Standard,1
2023,10,KIA,21,Huelva,Private,ICE,UKL1,REST,Standard,16
2023,10,KIA,21,Huelva,Private,ICE,UKL2,REST,Standard,40
2023,10,KIA,21,Huelva,Private,PHEV,UKL2,REST,Standard,3
2023,10,LAND ROVER,21,Huelva,Corporate,ICE,MKL,FOCUS SEGMENT,Standard,1
2023,10,LAND ROVER,21,Huelva,Private,ICE,MKL,FOCUS SEGMENT,Standard,1
2023,10,LEXUS,21,Huelva,Private,ICE,KKL,FOCUS SEGMENT,Standard,1
2023,10,MASERATI,21,Huelva,Corporate,ICE,KKL,FOCUS SEGMENT,Standard,1
2023,10,MAZDA,21,Huelva,Private,ICE,UKL1,REST,Standard,1
2023,10,MAZDA,21,Huelva,Private,ICE,UKL2,REST,Standard,5
2023,10,MERCEDES,21,Huelva,Corporate,BEV,MKL,FOCUS SEGMENT,Standard,1
2023,10,MERCEDES,21,Huelva,Corporate,ICE,KKL,FOCUS SEGMENT,Standard,1
2023,10,MERCEDES,21,Huelva,Corporate,ICE,MKL,FOCUS SEGMENT,Standard,1
2023,10,MERCEDES,21,Huelva,Corporate,ICE,UKL2,FOCUS SEGMENT,Standard,7
2023,10,MERCEDES,21,Huelva,Corporate,PHEV,MKL,FOCUS SEGMENT,Standard,1
2023,10,MERCEDES,21,Huelva,Private,BEV,MKL,FOCUS SEGMENT,Standard,1
2023,10,MERCEDES,21,Huelva,Private,BEV,UKL2,FOCUS SEGMENT,Standard,1
2023,10,MERCEDES,21,Huelva,Private,ICE,KKL,FOCUS SEGMENT,Standard,1
2023,10,MERCEDES,21,Huelva,Private,ICE,UKL2,FOCUS SEGMENT,Standard,5
2023,10,MERCEDES,21,Huelva,Private,PHEV,KKL,FOCUS SEGMENT,Standard,1
2023,10,MERCEDES,21,Huelva,Private,PHEV,UKL2,FOCUS SEGMENT,Standard,2
2023,10,MG,21,Huelva,Corporate,ICE,KKL,REST,Standard,1
2023,10,MG,21,Huelva,Private,ICE,UKL1,REST,Standard,27
2023,10,MINI,21,Huelva,Corporate,ICE,UKL1,FOCUS SEGMENT,Standard,1
2023,10,MINI,21,Huelva,Corporate,ICE,UKL2,FOCUS SEGMENT,Standard,1
2023,10,MINI,21,Huelva,Private,ICE,UKL2,FOCUS SEGMENT,Standard,1
2023,10,MITSUBISHI,21,Huelva,Private,ICE,UKL2,REST,Standard,1
2023,10,NISSAN,21,Huelva,Corporate,ICE,KKL,REST,Standard,1
2023,10,NISSAN,21,Huelva,Corporate,ICE,UKL1,REST,Standard,2
2023,10,NISSAN,21,Huelva,Corporate,ICE,UKL2,REST,Standard,8
2023,10,NISSAN,21,Huelva,Private,BEV,UKL2,REST,Standard,1
2023,10,NISSAN,21,Huelva,Private,ICE,KKL,REST,Standard,1
2023,10,NISSAN,21,Huelva,Private,ICE,UKL1,REST,Standard,3
2023,10,NISSAN,21,Huelva,Private,ICE,UKL2,REST,Standard,7
2023,10,OPEL,21,Huelva,Private,ICE,UKL1,REST,Standard,2
2023,10,PEUGEOT,21,Huelva,Corporate,PHEV,UKL2,REST,Standard,1
2023,10,PEUGEOT,21,Huelva,Private,BEV,SKL,REST,Standard,1
2023,10,PEUGEOT,21,Huelva,Private,ICE,KKL,REST,Standard,1
2023,10,PEUGEOT,21,Huelva,Private,ICE,UKL1,REST,Standard,17
2023,10,PEUGEOT,21,Huelva,Private,ICE,UKL2,REST,Standard,8
2023,10,PEUGEOT,21,Huelva,Private,PHEV,KKL,REST,Standard,1
2023,10,PEUGEOT,21,Huelva,Private,PHEV,UKL2,REST,Standard,1
2023,10,PORSCHE,21,Huelva,Corporate,PHEV,MKL,FOCUS SEGMENT,Standard,1
2023,10,PORSCHE,21,Huelva,Private,ICE,KKL,FOCUS SEGMENT,Standard,1
2023,10,RENAULT,21,Huelva,Corporate,ICE,UKL1,REST,Standard,4
2023,10,RENAULT,21,Huelva,Corporate,ICE,UKL2,REST,Standard,1
2023,10,RENAULT,21,Huelva,Private,ICE,SKL,REST,Standard,1
2023,10,RENAULT,21,Huelva,Private,ICE,UKL1,REST,Standard,15
2023,10,RENAULT,21,Huelva,Private,ICE,UKL2,REST,Standard,15
2023,10,SEAT,21,Huelva,Corporate,ICE,UKL1,REST,Standard,4
2023,10,SEAT,21,Huelva,Corporate,ICE,UKL2,REST,Standard,2
2023,10,SEAT,21,Huelva,Corporate,PHEV,UKL2,REST,Standard,1
2023,10,SEAT,21,Huelva,Private,ICE,UKL1,REST,Standard,12
2023,10,SEAT,21,Huelva,Private,ICE,UKL2,REST,Standard,6
2023,10,SKODA,21,Huelva,Private,ICE,KKL,REST,Standard,3
2023,10,SKODA,21,Huelva,Private,ICE,UKL1,REST,Standard,4
2023,10,SKODA,21,Huelva,Private,ICE,UKL2,REST,Standard,5
2023,10,SMART,21,Huelva,Private,BEV,UKL1,FOCUS SEGMENT,Standard,1
2023,10,SSANGYONG,21,Huelva,Corporate,ICE,KKL,REST,Standard,1
2023,10,SSANGYONG,21,Huelva,Private,ICE,KKL,REST,Standard,1
2023,10,SSANGYONG,21,Huelva,Private,ICE,UKL1,REST,Standard,1
2023,10,SUBARU,21,Huelva,Corporate,ICE,UKL2,REST,Standard,1
2023,10,TESLA,21,Huelva,Private,BEV,KKL,FOCUS SEGMENT,Standard,3
2023,10,TOYOTA,21,Huelva,Corporate,ICE,UKL1,REST,Standard,1
2023,10,TOYOTA,21,Huelva,Corporate,ICE,UKL2,REST,Standard,1
2023,10,TOYOTA,21,Huelva,Corporate,PHEV,UKL2,REST,Standard,1
2023,10,TOYOTA,21,Huelva,Private,ICE,UKL1,REST,Standard,23
2023,10,TOYOTA,21,Huelva,Private,ICE,UKL2,REST,Standard,9
2023,10,VOLKSWAGEN,21,Huelva,Corporate,ICE,UKL1,REST,Standard,10
2023,10,VOLKSWAGEN,21,Huelva,Corporate,ICE,UKL2,REST,Standard,3
2023,10,VOLKSWAGEN,21,Huelva,Corporate,PHEV,MKL,REST,Standard,1
2023,10,VOLKSWAGEN,21,Huelva,Private,ICE,UKL1,REST,Standard,2
2023,10,VOLKSWAGEN,21,Huelva,Private,ICE,UKL2,REST,Standard,5
2023,10,VOLKSWAGEN,21,Huelva,Private,PHEV,SKL,REST,Standard,1
2023,10,VOLKSWAGEN,21,Huelva,Private,PHEV,UKL2,REST,Standard,1
2023,10,VOLVO,21,Huelva,Private,BEV,UKL2,FOCUS SEGMENT,Standard,1
2023,10,VOLVO,21,Huelva,Private,ICE,UKL2,FOCUS SEGMENT,Standard,1
2023,10,AUDI,22,Huesca,Corporate,ICE,KKL,FOCUS SEGMENT,Standard,1
2023,10,AUDI,22,Huesca,Corporate,ICE,MKL,FOCUS SEGMENT,Standard,1
2023,10,AUDI,22,Huesca,Corporate,ICE,UKL2,FOCUS SEGMENT,Standard,2
2023,10,AUDI,22,Huesca,Private,ICE,KKL,FOCUS SEGMENT,Standard,2
2023,10,AUDI,22,Huesca,Private,ICE,UKL2,FOCUS SEGMENT,Standard,4
2023,10,BMW,22,Huesca,Corporate,ICE,MKL,FOCUS SEGMENT,Standard,2
2023,10,BMW,22,Huesca,Corporate,ICE,UKL2,FOCUS SEGMENT,M,1
2023,10,BMW,22,Huesca,Private,ICE,KKL,FOCUS SEGMENT,Standard,3
2023,10,BYD,22,Huesca,Private,BEV,UKL2,REST,Standard,1
2023,10,CITROEN,22,Huesca,Corporate,ICE,UKL2,REST,Standard,10
2023,10,CITROEN,22,Huesca,Private,BEV,SKL,REST,Standard,1
2023,10,CITROEN,22,Huesca,Private,ICE,MKL,REST,Standard,1
2023,10,CITROEN,22,Huesca,Private,ICE,UKL1,REST,Standard,1
2023,10,CITROEN,22,Huesca,Private,ICE,UKL2,REST,Standard,3
2023,10,CUPRA,22,Huesca,Corporate,ICE,UKL2,REST,Standard,2
2023,10,CUPRA,22,Huesca,Private,BEV,UKL2,REST,Standard,1
2023,10,CUPRA,22,Huesca,Private,ICE,UKL2,REST,Standard,2
2023,10,CUPRA,22,Huesca,Private,PHEV,UKL2,REST,Standard,1
2023,10,DACIA,22,Huesca,Corporate,ICE,SKL,REST,Standard,7
2023,10,DACIA,22,Huesca,Private,BEV,UKL0,REST,Standard,1
2023,10,DACIA,22,Huesca,Private,ICE,SKL,REST,Standard,10
2023,10,DACIA,22,Huesca,Private,ICE,UKL1,REST,Standard,12
2023,10,DS,22,Huesca,Private,ICE,UKL2,REST,Standard,1
2023,10,FIAT,22,Huesca,Corporate,ICE,UKL0,REST,Standard,1
2023,10,FIAT,22,Huesca,Private,ICE,UKL0,REST,Standard,1
2023,10,HONDA,22,Huesca,Private,ICE,UKL2,REST,Standard,1
2023,10,HYUNDAI,22,Huesca,Private,ICE,UKL1,REST,Standard,8
2023,10,HYUNDAI,22,Huesca,Private,ICE,UKL2,REST,Standard,4
2023,10,HYUNDAI,22,Huesca,Private,PHEV,UKL2,REST,Standard,1
2023,10,JEEP,22,Huesca,Private,ICE,UKL1,REST,Standard,2
2023,10,KIA,22,Huesca,Corporate,BEV,MKL,REST,Standard,1
2023,10,KIA,22,Huesca,Corporate,ICE,KKL,REST,Standard,1
2023,10,KIA,22,Huesca,Corporate,ICE,UKL2,REST,Standard,4
2023,10,KIA,22,Huesca,Corporate,PHEV,KKL,REST,Standard,1
2023,10,KIA,22,Huesca,Private,BEV,UKL2,REST,Standard,1
2023,10,KIA,22,Huesca,Private,ICE,,,Standard,1
2023,10,KIA,22,Huesca,Private,ICE,UKL0,REST,Standard,2
2023,10,KIA,22,Huesca,Private,ICE,UKL1,REST,Standard,1
2023,10,KIA,22,Huesca,Private,ICE,UKL2,REST,Standard,13
2023,10,KIA,22,Huesca,Private,PHEV,UKL2,REST,Standard,2
2023,10,MAZDA,22,Huesca,Corporate,ICE,UKL1,REST,Standard,1
2023,10,MAZDA,22,Huesca,Corporate,ICE,UKL2,REST,Standard,2
2023,10,MAZDA,22,Huesca,Private,ICE,UKL2,REST,Standard,6
2023,10,MERCEDES,22,Huesca,Corporate,ICE,KKL,FOCUS SEGMENT,Standard,1
2023,10,MERCEDES,22,Huesca,Private,ICE,KKL,FOCUS SEGMENT,Standard,1
2023,10,MERCEDES,22,Huesca,Private,ICE,UKL2,FOCUS SEGMENT,Standard,5
2023,10,MG,22,Huesca,Corporate,BEV,UKL2,REST,Standard,1
2023,10,MG,22,Huesca,Corporate,ICE,UKL1,REST,Standard,1
2023,10,MG,22,Huesca,Private,BEV,UKL2,REST,Standard,1
2023,10,MG,22,Huesca,Private,ICE,UKL1,REST,Standard,3
2023,10,MG,22,Huesca,Private,PHEV,KKL,REST,Standard,1
2023,10,NISSAN,22,Huesca,Corporate,BEV,UKL2,REST,Standard,1
2023,10,NISSAN,22,Huesca,Corporate,ICE,UKL2,REST,Standard,4
2023,10,NISSAN,22,Huesca,Private,ICE,KKL,REST,Standard,1
2023,10,NISSAN,22,Huesca,Private,ICE,UKL1,REST,Standard,3
2023,10,OPEL,22,Huesca,Corporate,BEV,UKL2,REST,Standard,1
2023,10,OPEL,22,Huesca,Corporate,ICE,UKL1,REST,Standard,1
2023,10,OPEL,22,Huesca,Corporate,ICE,UKL2,REST,Standard,2
2023,10,OPEL,22,Huesca,Private,ICE,UKL1,REST,Standard,6
2023,10,OPEL,22,Huesca,Private,ICE,UKL2,REST,Standard,1
2023,10,PEUGEOT,22,Huesca,Corporate,ICE,UKL1,REST,Standard,4
2023,10,PEUGEOT,22,Huesca,Corporate,ICE,UKL2,REST,Standard,3
2023,10,PEUGEOT,22,Huesca,Private,ICE,UKL1,REST,Standard,4
2023,10,PEUGEOT,22,Huesca,Private,ICE,UKL2,REST,Standard,1
2023,10,RENAULT,22,Huesca,Corporate,BEV,UKL1,REST,Standard,1
2023,10,RENAULT,22,Huesca,Corporate,BEV,UKL2,REST,Standard,3
2023,10,RENAULT,22,Huesca,Corporate,ICE,KKL,REST,Standard,1
2023,10,RENAULT,22,Huesca,Corporate,ICE,UKL2,REST,Standard,1
2023,10,RENAULT,22,Huesca,Private,ICE,SKL,REST,Standard,3
2023,10,RENAULT,22,Huesca,Private,ICE,UKL1,REST,Standard,6
2023,10,RENAULT,22,Huesca,Private,ICE,UKL2,REST,Standard,5
2023,10,SEAT,22,Huesca,Corporate,ICE,KKL,REST,Standard,1
2023,10,SEAT,22,Huesca,Corporate,ICE,UKL1,REST,Standard,2
2023,10,SEAT,22,Huesca,Corporate,ICE,UKL2,REST,Standard,2
2023,10,SEAT,22,Huesca,Corporate,PHEV,UKL2,REST,Standard,1
2023,10,SEAT,22,Huesca,Private,ICE,UKL1,REST,Standard,4
2023,10,SEAT,22,Huesca,Private,ICE,UKL2,REST,Standard,6
2023,10,SEAT,22,Huesca,Private,PHEV,UKL2,REST,Standard,1
2023,10,SKODA,22,Huesca,Corporate,ICE,KKL,REST,Standard,2
2023,10,SKODA,22,Huesca,Corporate,ICE,UKL1,REST,Standard,2
2023,10,SKODA,22,Huesca,Corporate,ICE,UKL2,REST,Standard,2
2023,10,SKODA,22,Huesca,Private,ICE,UKL1,REST,Standard,2
2023,10,SKODA,22,Huesca,Private,ICE,UKL2,REST,Standard,1
2023,10,SSANGYONG,22,Huesca,Corporate,ICE,KKL,REST,Standard,1
2023,10,SSANGYONG,22,Huesca,Private,ICE,MKL,REST,Standard,1
2023,10,SSANGYONG,22,Huesca,Private,ICE,UKL1,REST,Standard,2
2023,10,SUBARU,22,Huesca,Corporate,BEV,UKL2,REST,Standard,1
2023,10,SUBARU,22,Huesca,Private,ICE,UKL2,REST,Standard,1
2023,10,SUZUKI,22,Huesca,Private,ICE,SKL,REST,Standard,2
2023,10,SUZUKI,22,Huesca,Private,ICE,UKL0,REST,Standard,2
2023,10,TESLA,22,Huesca,Private,BEV,KKL,FOCUS SEGMENT,Standard,1
2023,10,TOYOTA,22,Huesca,Corporate,ICE,GKL,REST,Standard,9
2023,10,TOYOTA,22,Huesca,Corporate,ICE,UKL1,REST,Standard,2
2023,10,TOYOTA,22,Huesca,Corporate,ICE,UKL2,REST,Standard,1
2023,10,TOYOTA,22,Huesca,Private,ICE,UKL1,REST,Standard,4
2023,10,TOYOTA,22,Huesca,Private,ICE,UKL2,REST,Standard,2
2023,10,VOLKSWAGEN,22,Huesca,Corporate,ICE,UKL1,REST,Standard,2
2023,10,VOLKSWAGEN,22,Huesca,Corporate,PHEV,MKL,REST,Standard,1
2023,10,VOLKSWAGEN,22,Huesca,Private,ICE,UKL1,REST,Standard,1
2023,10,VOLKSWAGEN,22,Huesca,Private,ICE,UKL2,REST,Standard,4
2023,10,VOLKSWAGEN,22,Huesca,Private,PHEV,MKL,REST,Standard,1
2023,10,VOLVO,22,Huesca,Private,ICE,UKL2,FOCUS SEGMENT,Standard,2
2023,10,AUDI,23,Jaén,Corporate,ICE,UKL2,FOCUS SEGMENT,Standard,2
2023,10,AUDI,23,Jaén,Private,ICE,KKL,FOCUS SEGMENT,Standard,2
2023,10,AUDI,23,Jaén,Private,ICE,UKL1,FOCUS SEGMENT,Standard,1
2023,10,AUDI,23,Jaén,Private,ICE,UKL2,FOCUS SEGMENT,Standard,7
2023,10,BMW,23,Jaén,Corporate,ICE,KKL,FOCUS SEGMENT,Standard,3
2023,10,BMW,23,Jaén,Corporate,ICE,UKL2,FOCUS SEGMENT,Standard,1
2023,10,BMW,23,Jaén,Private,BEV,UKL2,FOCUS SEGMENT,Standard,1
2023,10,BMW,23,Jaén,Private,ICE,UKL2,FOCUS SEGMENT,Standard,3
2023,10,BYD,23,Jaén,Private,BEV,UKL2,REST,Standard,1
2023,10,CITROEN,23,Jaén,Corporate,ICE,UKL2,REST,Standard,6
2023,10,CITROEN,23,Jaén,Private,ICE,MKL,REST,Standard,1
2023,10,CITROEN,23,Jaén,Private,ICE,UKL1,REST,Standard,3
2023,10,CITROEN,23,Jaén,Private,ICE,UKL2,REST,Standard,10
2023,10,CUPRA,23,Jaén,Private,ICE,UKL2,REST,Standard,3
2023,10,DACIA,23,Jaén,Corporate,BEV,UKL0,REST,Standard,2
2023,10,DACIA,23,Jaén,Corporate,ICE,SKL,REST,Standard,1
2023,10,DACIA,23,Jaén,Private,ICE,SKL,REST,Standard,7
2023,10,DACIA,23,Jaén,Private,ICE,UKL1,REST,Standard,15
2023,10,FIAT,23,Jaén,Private,ICE,UKL0,REST,Standard,3
2023,10,FIAT,23,Jaén,Private,ICE,UKL2,REST,Standard,1
2023,10,FORD,23,Jaén,Corporate,ICE,UKL1,REST,Standard,1
2023,10,FORD,23,Jaén,Private,ICE,SKL,REST,Standard,1
2023,10,FORD,23,Jaén,Private,ICE,UKL1,REST,Standard,2
2023,10,FORD,23,Jaén,Private,ICE,UKL2,REST,Standard,2
2023,10,FORD,23,Jaén,Private,PHEV,UKL2,REST,Standard,1
2023,10,HYUNDAI,23,Jaén,Corporate,ICE,MKL,REST,Standard,1
2023,10,HYUNDAI,23,Jaén,Corporate,ICE,UKL1,REST,Standard,4
2023,10,HYUNDAI,23,Jaén,Corporate,ICE,UKL2,REST,Standard,7
2023,10,HYUNDAI,23,Jaén,Corporate,PHEV,UKL2,REST,Standard,3
2023,10,HYUNDAI,23,Jaén,Private,ICE,UKL0,REST,Standard,1
2023,10,HYUNDAI,23,Jaén,Private,ICE,UKL1,REST,Standard,8
2023,10,HYUNDAI,23,Jaén,Private,ICE,UKL2,REST,Standard,20
2023,10,JEEP,23,Jaén,Corporate,ICE,UKL1,REST,Standard,2
2023,10,JEEP,23,Jaén,Corporate,PHEV,UKL1,REST,Standard,1
2023,10,JEEP,23,Jaén,Corporate,PHEV,UKL2,REST,Standard,1
2023,10,JEEP,23,Jaén,Private,BEV,UKL1,REST,Standard,1
2023,10,JEEP,23,Jaén,Private,ICE,UKL1,REST,Standard,6
2023,10,KIA,23,Jaén,Corporate,BEV,MKL,REST,Standard,1
2023,10,KIA,23,Jaén,Corporate,ICE,UKL0,REST,Standard,1
2023,10,KIA,23,Jaén,Private,BEV,UKL2,REST,Standard,2
2023,10,KIA,23,Jaén,Private,ICE,UKL0,REST,Standard,1
2023,10,KIA,23,Jaén,Private,ICE,UKL1,REST,Standard,1
2023,10,KIA,23,Jaén,Private,ICE,UKL2,REST,Standard,21
2023,10,KIA,23,Jaén,Private,PHEV,UKL2,REST,Standard,2
2023,10,LEXUS,23,Jaén,Private,ICE,UKL2,FOCUS SEGMENT,Standard,2
2023,10,MAZDA,23,Jaén,Private,ICE,UKL2,REST,Standard,4
2023,10,MERCEDES,23,Jaén,Corporate,ICE,KKL,FOCUS SEGMENT,Standard,1
2023,10,MERCEDES,23,Jaén,Corporate,ICE,MKL,REST,Standard,2
2023,10,MERCEDES,23,Jaén,Corporate,ICE,UKL2,FOCUS SEGMENT,Standard,4
2023,10,MERCEDES,23,Jaén,Corporate,PHEV,KKL,FOCUS SEGMENT,Standard,4
2023,10,MERCEDES,23,Jaén,Private,ICE,KKL,FOCUS SEGMENT,Standard,3
2023,10,MERCEDES,23,Jaén,Private,ICE,MKL,FOCUS SEGMENT,Standard,1
2023,10,MERCEDES,23,Jaén,Private,ICE,UKL2,FOCUS SEGMENT,Standard,5
2023,10,MG,23,Jaén,Private,ICE,KKL,REST,Standard,1
2023,10,MG,23,Jaén,Private,ICE,UKL1,REST,Standard,18
2023,10,MINI,23,Jaén,Corporate,ICE,UKL1,FOCUS SEGMENT,Standard,1
2023,10,MINI,23,Jaén,Corporate,ICE,UKL2,FOCUS SEGMENT,Standard,1
2023,10,MINI,23,Jaén,Private,ICE,UKL1,FOCUS SEGMENT,Standard,2
2023,10,NISSAN,23,Jaén,Private,ICE,UKL1,REST,Standard,1
2023,10,NISSAN,23,Jaén,Private,ICE,UKL2,REST,Standard,2
2023,10,OMODA,23,Jaén,Corporate,ICE,UKL2,REST,Standard,2
2023,10,OPEL,23,Jaén,Corporate,ICE,UKL1,REST,Standard,1
2023,10,OPEL,23,Jaén,Corporate,ICE,UKL2,REST,Standard,1
2023,10,OPEL,23,Jaén,Private,ICE,UKL1,REST,Standard,4
2023,10,OPEL,23,Jaén,Private,ICE,UKL2,REST,Standard,1
2023,10,PEUGEOT,23,Jaén,Corporate,BEV,UKL1,REST,Standard,1
2023,10,PEUGEOT,23,Jaén,Corporate,ICE,KKL,REST,Standard,2
2023,10,PEUGEOT,23,Jaén,Corporate,ICE,UKL1,REST,Standard,1
2023,10,PEUGEOT,23,Jaén,Corporate,ICE,UKL2,REST,Standard,1
2023,10,PEUGEOT,23,Jaén,Private,BEV,SKL,REST,Standard,1
2023,10,PEUGEOT,23,Jaén,Private,ICE,KKL,REST,Standard,4
2023,10,PEUGEOT,23,Jaén,Private,ICE,UKL1,REST,Standard,3
2023,10,PEUGEOT,23,Jaén,Private,ICE,UKL2,REST,Standard,2
2023,10,RENAULT,23,Jaén,Corporate,BEV,UKL2,REST,Standard,1
2023,10,RENAULT,23,Jaén,Corporate,ICE,UKL1,REST,Standard,1
2023,10,RENAULT,23,Jaén,Corporate,ICE,UKL2,REST,Standard,3
2023,10,RENAULT,23,Jaén,Private,ICE,KKL,REST,Standard,1
2023,10,RENAULT,23,Jaén,Private,ICE,UKL1,REST,Standard,14
2023,10,RENAULT,23,Jaén,Private,ICE,UKL2,REST,Standard,12
2023,10,SEAT,23,Jaén,Private,ICE,UKL1,REST,Standard,10
2023,10,SEAT,23,Jaén,Private,ICE,UKL2,REST,Standard,9
2023,10,SKODA,23,Jaén,Private,ICE,KKL,REST,Standard,3
2023,10,SKODA,23,Jaén,Private,ICE,UKL1,REST,Standard,7
2023,10,SMART,23,Jaén,Corporate,BEV,,REST,Standard,1
2023,10,SSANGYONG,23,Jaén,Corporate,ICE,KKL,REST,Standard,1
2023,10,SSANGYONG,23,Jaén,Private,ICE,KKL,REST,Standard,2
2023,10,SUBARU,23,Jaén,Private,ICE,KKL,REST,Standard,1
2023,10,SUZUKI,23,Jaén,Private,ICE,UKL1,REST,Standard,1
2023,10,SUZUKI,23,Jaén,Private,ICE,UKL2,REST,Standard,1
2023,10,TOYOTA,23,Jaén,Corporate,ICE,MKL,REST,Standard,1
2023,10,TOYOTA,23,Jaén,Corporate,ICE,UKL1,REST,Standard,4
2023,10,TOYOTA,23,Jaén,Corporate,ICE,UKL2,REST,Standard,1
2023,10,TOYOTA,23,Jaén,Private,ICE,SKL,REST,Standard,1
2023,10,TOYOTA,23,Jaén,Private,ICE,UKL1,REST,Standard,18
2023,10,TOYOTA,23,Jaén,Private,ICE,UKL2,REST,Standard,12
2023,10,VOLKSWAGEN,23,Jaén,Private,ICE,UKL1,REST,Standard,2
2023,10,VOLKSWAGEN,23,Jaén,Private,ICE,UKL2,REST,Standard,14
2023,10,VOLVO,23,Jaén,Corporate,BEV,UKL2,FOCUS SEGMENT,Standard,1
2023,10,ALPINE,24,León,Private,ICE,KKL,REST,Standard,1
2023,10,AUDI,24,León,Corporate,BEV,UKL2,FOCUS SEGMENT,Standard,3
2023,10,AUDI,24,León,Corporate,ICE,UKL1,FOCUS SEGMENT,Standard,6
2023,10,AUDI,24,León,Corporate,ICE,UKL2,FOCUS SEGMENT,Standard,3
2023,10,AUDI,24,León,Corporate,PHEV,UKL2,FOCUS SEGMENT,Standard,1
2023,10,AUDI,24,León,Private,ICE,KKL,FOCUS SEGMENT,Standard,2
2023,10,AUDI,24,León,Private,ICE,UKL1,FOCUS SEGMENT,Standard,1
2023,10,AUDI,24,León,Private,ICE,UKL2,FOCUS SEGMENT,Standard,3
2023,10,BMW,24,León,Corporate,ICE,KKL,FOCUS SEGMENT,Standard,1
2023,10,BMW,24,León,Corporate,ICE,MKL,FOCUS SEGMENT,Standard,1
2023,10,BMW,24,León,Corporate,ICE,UKL2,FOCUS SEGMENT,Standard,1
2023,10,BMW,24,León,Private,ICE,KKL,FOCUS SEGMENT,M Performance,1
2023,10,BMW,24,León,Private,ICE,KKL,FOCUS SEGMENT,Standard,3
2023,10,BMW,24,León,Private,ICE,UKL2,FOCUS SEGMENT,Standard,3
2023,10,CITROEN,24,León,Corporate,BEV,SKL,REST,Standard,1
2023,10,CITROEN,24,León,Corporate,ICE,UKL1,REST,Standard,3
2023,10,CITROEN,24,León,Corporate,ICE,UKL2,REST,Standard,1
2023,10,CITROEN,24,León,Corporate,PHEV,UKL2,REST,Standard,1
2023,10,CITROEN,24,León,Private,ICE,UKL1,REST,Standard,6
2023,10,CITROEN,24,León,Private,ICE,UKL2,REST,Standard,10
2023,10,CUPRA,24,León,Corporate,ICE,UKL2,REST,Standard,2
2023,10,DACIA,24,León,Corporate,ICE,SKL,REST,Standard,1
2023,10,DACIA,24,León,Private,ICE,SKL,REST,Standard,7
2023,10,DACIA,24,León,Private,ICE,UKL1,REST,Standard,19
2023,10,DACIA,24,León,Private,ICE,UKL2,REST,Standard,2
2023,10,DR,24,León,Private,ICE,,,Standard,1
2023,10,DR,24,León,Private,ICE,UKL1,REST,Standard,2
2023,10,DS,24,León,Private,PHEV,UKL2,REST,Standard,1
2023,10,FIAT,24,León,Corporate,ICE,,,Standard,1
2023,10,FIAT,24,León,Corporate,ICE,UKL0,REST,Standard,2
2023,10,FIAT,24,León,Private,ICE,UKL0,REST,Standard,1
2023,10,FORD,24,León,Corporate,ICE,SKL,REST,Standard,2
2023,10,FORD,24,León,Corporate,ICE,UKL1,REST,Standard,1
2023,10,FORD,24,León,Corporate,ICE,UKL2,REST,Standard,1
2023,10,FORD,24,León,Private,BEV,KKL,REST,Standard,1
2023,10,FORD,24,León,Private,ICE,SKL,REST,Standard,1
2023,10,FORD,24,León,Private,ICE,UKL1,REST,Standard,2
2023,10,FORD,24,León,Private,ICE,UKL2,REST,Standard,2
2023,10,FORD,24,León,Private,PHEV,UKL2,REST,Standard,1
2023,10,HONDA,24,León,Private,ICE,UKL2,REST,Standard,2
2023,10,HYUNDAI,24,León,Corporate,ICE,UKL0,REST,Standard,1
2023,10,HYUNDAI,24,León,Corporate,ICE,UKL1,REST,Standard,4
2023,10,HYUNDAI,24,León,Corporate,ICE,UKL2,REST,Standard,6
2023,10,HYUNDAI,24,León,Private,ICE,UKL0,REST,Standard,1
2023,10,HYUNDAI,24,León,Private,ICE,UKL1,REST,Standard,15
2023,10,HYUNDAI,24,León,Private,ICE,UKL2,REST,Standard,11
2023,10,HYUNDAI,24,León,Private,PHEV,UKL2,REST,Standard,1
2023,10,JEEP,24,León,Corporate,BEV,UKL1,REST,Standard,1
2023,10,JEEP,24,León,Corporate,PHEV,UKL1,REST,Standard,1
2023,10,JEEP,24,León,Corporate,PHEV,UKL2,REST,Standard,1
2023,10,JEEP,24,León,Private,ICE,UKL1,REST,Standard,1
2023,10,JEEP,24,León,Private,PHEV,UKL2,REST,Standard,1
2023,10,KIA,24,León,Corporate,BEV,KKL,REST,Standard,1
2023,10,KIA,24,León,Corporate,BEV,UKL2,REST,Standard,1
2023,10,KIA,24,León,Corporate,ICE,UKL2,REST,Standard,3
2023,10,KIA,24,León,Corporate,PHEV,UKL2,REST,Standard,1
2023,10,KIA,24,León,Private,BEV,UKL2,REST,Standard,2
2023,10,KIA,24,León,Private,ICE,KKL,REST,Standard,1
2023,10,KIA,24,León,Private,ICE,UKL0,REST,Standard,1
2023,10,KIA,24,León,Private,ICE,UKL1,REST,Standard,3
2023,10,KIA,24,León,Private,ICE,UKL2,REST,Standard,17
2023,10,KIA,24,León,Private,PHEV,UKL2,REST,Standard,1
2023,10,LAND ROVER,24,León,Corporate,ICE,MKL,FOCUS SEGMENT,Standard,1
2023,10,LEXUS,24,León,Private,ICE,KKL,FOCUS SEGMENT,Standard,1
2023,10,LEXUS,24,León,Private,ICE,UKL2,FOCUS SEGMENT,Standard,1
2023,10,MAZDA,24,León,Corporate,ICE,UKL2,REST,Standard,1
2023,10,MAZDA,24,León,Private,ICE,UKL2,REST,Standard,8
2023,10,MERCEDES,24,León,Corporate,ICE,KKL,FOCUS SEGMENT,Standard,6
2023,10,MERCEDES,24,León,Corporate,ICE,MKL,FOCUS SEGMENT,Standard,3
2023,10,MERCEDES,24,León,Corporate,ICE,MKL,REST,Standard,1
2023,10,MERCEDES,24,León,Corporate,ICE,UKL2,FOCUS SEGMENT,Standard,10
2023,10,MERCEDES,24,León,Corporate,PHEV,KKL,FOCUS SEGMENT,Standard,1
2023,10,MERCEDES,24,León,Corporate,PHEV,UKL2,FOCUS SEGMENT,Standard,3
2023,10,MERCEDES,24,León,Private,ICE,MKL,FOCUS SEGMENT,Standard,1
2023,10,MERCEDES,24,León,Private,ICE,UKL2,FOCUS SEGMENT,Standard,9
2023,10,MERCEDES,24,León,Private,PHEV,KKL,FOCUS SEGMENT,Standard,1
2023,10,MERCEDES,24,León,Private,PHEV,UKL2,FOCUS SEGMENT,Standard,2
2023,10,MG,24,León,Private,BEV,UKL2,REST,Standard,2
2023,10,MG,24,León,Private,ICE,UKL1,REST,Standard,17
2023,10,MINI,24,León,Corporate,ICE,UKL2,FOCUS SEGMENT,Standard,1
2023,10,MINI,24,León,Private,ICE,UKL1,FOCUS SEGMENT,Standard,1
2023,10,NISSAN,24,León,Corporate,ICE,UKL2,REST,Standard,1
2023,10,NISSAN,24,León,Private,ICE,UKL1,REST,Standard,2
2023,10,NISSAN,24,León,Private,ICE,UKL2,REST,Standard,5
2023,10,OPEL,24,León,Corporate,ICE,UKL1,REST,Standard,5
2023,10,OPEL,24,León,Corporate,ICE,UKL2,REST,Standard,5
2023,10,OPEL,24,León,Private,ICE,UKL1,REST,Standard,3
2023,10,OPEL,24,León,Private,ICE,UKL2,REST,Standard,7
2023,10,PEUGEOT,24,León,Corporate,BEV,SKL,REST,Standard,1
2023,10,PEUGEOT,24,León,Corporate,BEV,UKL1,REST,Standard,4
2023,10,PEUGEOT,24,León,Corporate,ICE,KKL,REST,Standard,3
2023,10,PEUGEOT,24,León,Corporate,ICE,UKL1,REST,Standard,18
2023,10,PEUGEOT,24,León,Corporate,ICE,UKL2,REST,Standard,7
2023,10,PEUGEOT,24,León,Corporate,PHEV,KKL,REST,Standard,1
2023,10,PEUGEOT,24,León,Corporate,PHEV,UKL2,REST,Standard,2
2023,10,PEUGEOT,24,León,Private,ICE,KKL,REST,Standard,1
2023,10,PEUGEOT,24,León,Private,ICE,UKL1,REST,Standard,7
2023,10,PEUGEOT,24,León,Private,ICE,UKL2,REST,Standard,6
2023,10,RENAULT,24,León,Corporate,BEV,UKL1,REST,Standard,1
2023,10,RENAULT,24,León,Corporate,BEV,UKL2,REST,Standard,1
2023,10,RENAULT,24,León,Corporate,ICE,UKL1,REST,Standard,2
2023,10,RENAULT,24,León,Corporate,ICE,UKL2,REST,Standard,3
2023,10,RENAULT,24,León,Private,ICE,KKL,REST,Standard,1
2023,10,RENAULT,24,León,Private,ICE,UKL1,REST,Standard,6
2023,10,RENAULT,24,León,Private,ICE,UKL2,REST,Standard,12
2023,10,RENAULT,24,León,RAC,ICE,UKL1,REST,Standard,1
2023,10,SEAT,24,León,Corporate,ICE,UKL1,REST,Standard,5
2023,10,SEAT,24,León,Corporate,ICE,UKL2,REST,Standard,4
2023,10,SEAT,24,León,Corporate,PHEV,UKL2,REST,Standard,2
2023,10,SEAT,24,León,Private,ICE,UKL1,REST,Standard,7
2023,10,SEAT,24,León,Private,ICE,UKL2,REST,Standard,3
2023,10,SKODA,24,León,Corporate,ICE,UKL1,REST,Standard,3
2023,10,SKODA,24,León,Corporate,ICE,UKL2,REST,Standard,3
2023,10,SKODA,24,León,Private,ICE,UKL1,REST,Standard,4
2023,10,SKODA,24,León,Private,ICE,UKL2,REST,Standard,1
2023,10,SUBARU,24,León,Private,ICE,KKL,REST,Standard,1
2023,10,SUZUKI,24,León,Private,ICE,SKL,REST,Standard,1
2023,10,SUZUKI,24,León,Private,ICE,UKL1,REST,Standard,1
2023,10,SUZUKI,24,León,Private,ICE,UKL2,REST,Standard,3
2023,10,TESLA,24,León,Private,BEV,KKL,FOCUS SEGMENT,Standard,1
2023,10,TOYOTA,24,León,Corporate,ICE,MKL,REST,Standard,1
2023,10,TOYOTA,24,León,Corporate,ICE,UKL0,REST,Standard,1
2023,10,TOYOTA,24,León,Corporate,ICE,UKL1,REST,Standard,2
2023,10,TOYOTA,24,León,Corporate,ICE,UKL2,REST,Standard,1
2023,10,TOYOTA,24,León,Private,ICE,UKL1,REST,Standard,23
2023,10,TOYOTA,24,León,Private,ICE,UKL2,REST,Standard,9
2023,10,VOLKSWAGEN,24,León,Corporate,BEV,UKL2,REST,Standard,1
2023,10,VOLKSWAGEN,24,León,Corporate,ICE,UKL1,REST,Standard,10
2023,10,VOLKSWAGEN,24,León,Corporate,ICE,UKL2,REST,Standard,2
2023,10,VOLKSWAGEN,24,León,Corporate,PHEV,MKL,REST,Standard,1
2023,10,VOLKSWAGEN,24,León,Private,BEV,UKL2,REST,Standard,1
2023,10,VOLKSWAGEN,24,León,Private,ICE,UKL1,REST,Standard,7
2023,10,VOLKSWAGEN,24,León,Private,ICE,UKL2,REST,Standard,6
2023,10,VOLKSWAGEN,24,León,Private,PHEV,SKL,REST,Standard,1
2023,10,VOLVO,24,León,Corporate,ICE,KKL,FOCUS SEGMENT,Standard,2
2023,10,VOLVO,24,León,Private,BEV,UKL2,FOCUS SEGMENT,Standard,1
2023,10,VOLVO,24,León,Private,ICE,UKL2,FOCUS SEGMENT,Standard,2
2023,10,VOLVO,24,León,Private,PHEV,KKL,FOCUS SEGMENT,Standard,1
2023,10,AUDI,25,Lleida,Corporate,BEV,UKL2,FOCUS SEGMENT,Standard,1
2023,10,AUDI,25,Lleida,Corporate,ICE,KKL,FOCUS SEGMENT,Standard,2
2023,10,AUDI,25,Lleida,Corporate,ICE,MKL,FOCUS SEGMENT,M Performance,1
2023,10,AUDI,25,Lleida,Corporate,ICE,UKL1,FOCUS SEGMENT,Standard,3
2023,10,AUDI,25,Lleida,Corporate,ICE,UKL2,FOCUS SEGMENT,Standard,5
2023,10,AUDI,25,Lleida,Private,BEV,UKL2,FOCUS SEGMENT,Standard,1
2023,10,AUDI,25,Lleida,Private,ICE,KKL,FOCUS SEGMENT,Standard,3
2023,10,AUDI,25,Lleida,Private,ICE,UKL1,FOCUS SEGMENT,Standard,1
2023,10,AUDI,25,Lleida,Private,ICE,UKL2,FOCUS SEGMENT,Standard,3
2023,10,AUDI,25,Lleida,Private,PHEV,UKL2,FOCUS SEGMENT,Standard,1
2023,10,BMW,25,Lleida,Corporate,BEV,UKL2,FOCUS SEGMENT,Standard,2
2023,10,BMW,25,Lleida,Corporate,ICE,KKL,FOCUS SEGMENT,Standard,3
2023,10,BMW,25,Lleida,Corporate,ICE,MKL,FOCUS SEGMENT,Standard,2
2023,10,BMW,25,Lleida,Corporate,ICE,UKL2,FOCUS SEGMENT,Standard,2
2023,10,BMW,25,Lleida,Private,BEV,UKL2,FOCUS SEGMENT,Standard,3
2023,10,BMW,25,Lleida,Private,ICE,KKL,FOCUS SEGMENT,Standard,1
2023,10,BMW,25,Lleida,Private,ICE,UKL2,FOCUS SEGMENT,Standard,5
2023,10,BMW,25,Lleida,Private,PHEV,UKL2,FOCUS SEGMENT,Standard,2
2023,10,BYD,25,Lleida,Private,BEV,UKL1,REST,Standard,2
2023,10,BYD,25,Lleida,Private,BEV,UKL2,REST,Standard,1
2023,10,CITROEN,25,Lleida,Corporate,BEV,UKL2,REST,Standard,2
2023,10,CITROEN,25,Lleida,Corporate,ICE,UKL1,REST,Standard,5
2023,10,CITROEN,25,Lleida,Corporate,ICE,UKL2,REST,Standard,7
2023,10,CITROEN,25,Lleida,Corporate,PHEV,MKL,REST,Standard,3
2023,10,CITROEN,25,Lleida,Corporate,PHEV,UKL2,REST,Standard,3
2023,10,CITROEN,25,Lleida,Private,ICE,MKL,REST,Standard,1
2023,10,CITROEN,25,Lleida,Private,ICE,UKL1,REST,Standard,3
2023,10,CITROEN,25,Lleida,Private,ICE,UKL2,REST,Standard,8
2023,10,CUPRA,25,Lleida,Corporate,ICE,UKL2,REST,Standard,2
2023,10,CUPRA,25,Lleida,Corporate,PHEV,UKL2,REST,Standard,1
2023,10,CUPRA,25,Lleida,Private,BEV,UKL2,REST,Standard,1
2023,10,CUPRA,25,Lleida,Private,ICE,UKL2,REST,Standard,4
2023,10,DACIA,25,Lleida,Corporate,BEV,UKL0,REST,Standard,1
2023,10,DACIA,25,Lleida,Corporate,ICE,UKL1,REST,Standard,3
2023,10,DACIA,25,Lleida,Corporate,ICE,UKL2,REST,Standard,1
2023,10,DACIA,25,Lleida,Private,BEV,UKL0,REST,Standard,2
2023,10,DACIA,25,Lleida,Private,ICE,SKL,REST,Standard,5
2023,10,DACIA,25,Lleida,Private,ICE,UKL1,REST,Standard,30
2023,10,DACIA,25,Lleida,Private,ICE,UKL2,REST,Standard,5
2023,10,DS,25,Lleida,Private,ICE,UKL2,REST,Standard,1
2023,10,FIAT,25,Lleida,Private,ICE,UKL0,REST,Standard,1
2023,10,FORD,25,Lleida,Corporate,ICE,UKL2,REST,Standard,2
2023,10,FORD,25,Lleida,Corporate,PHEV,UKL2,REST,Standard,1
2023,10,FORD,25,Lleida,Private,ICE,SKL,REST,Standard,1
2023,10,FORD,25,Lleida,Private,ICE,UKL1,REST,Standard,2
2023,10,FORD,25,Lleida,Private,ICE,UKL2,REST,Standard,8
2023,10,FORD,25,Lleida,Private,PHEV,UKL2,REST,Standard,1
2023,10,HONDA,25,Lleida,Corporate,ICE,KKL,REST,Standard,1
2023,10,HONDA,25,Lleida,Corporate,ICE,UKL1,REST,Standard,1
2023,10,HONDA,25,Lleida,Private,ICE,UKL2,REST,Standard,1
2023,10,HYUNDAI,25,Lleida,Corporate,BEV,UKL1,REST,Standard,1
2023,10,HYUNDAI,25,Lleida,Corporate,ICE,UKL1,REST,Standard,4
2023,10,HYUNDAI,25,Lleida,Corporate,ICE,UKL2,REST,Standard,2
2023,10,HYUNDAI,25,Lleida,Corporate,PHEV,UKL2,REST,Standard,2
2023,10,HYUNDAI,25,Lleida,Private,BEV,UKL1,REST,Standard,2
2023,10,HYUNDAI,25,Lleida,Private,ICE,UKL0,REST,Standard,2
2023,10,HYUNDAI,25,Lleida,Private,ICE,UKL1,REST,Standard,19
2023,10,HYUNDAI,25,Lleida,Private,ICE,UKL2,REST,Standard,9
2023,10,JEEP,25,Lleida,Corporate,ICE,UKL1,REST,Standard,1
2023,10,JEEP,25,Lleida,Corporate,PHEV,UKL2,REST,Standard,1
2023,10,KIA,25,Lleida,Corporate,BEV,MKL,REST,Standard,1
2023,10,KIA,25,Lleida,Corporate,ICE,UKL1,REST,Standard,2
2023,10,KIA,25,Lleida,Corporate,ICE,UKL2,REST,Standard,8
2023,10,KIA,25,Lleida,Corporate,PHEV,KKL,REST,Standard,1
2023,10,KIA,25,Lleida,Corporate,PHEV,UKL2,REST,Standard,3
2023,10,KIA,25,Lleida,Private,BEV,KKL,REST,Standard,4
2023,10,KIA,25,Lleida,Private,BEV,UKL2,REST,Standard,3
2023,10,KIA,25,Lleida,Private,ICE,UKL1,REST,Standard,7
2023,10,KIA,25,Lleida,Private,ICE,UKL2,REST,Standard,22
2023,10,KIA,25,Lleida,Private,PHEV,UKL2,REST,Standard,1
2023,10,LAND ROVER,25,Lleida,Corporate,ICE,UKL2,FOCUS SEGMENT,Standard,1
2023,10,LAND ROVER,25,Lleida,Corporate,PHEV,MKL,FOCUS SEGMENT,Standard,1
2023,10,LEXUS,25,Lleida,Corporate,ICE,KKL,FOCUS SEGMENT,Standard,2
2023,10,LEXUS,25,Lleida,Private,ICE,KKL,FOCUS SEGMENT,Standard,1
2023,10,LEXUS,25,Lleida,Private,ICE,UKL2,FOCUS SEGMENT,Standard,3
2023,10,MAZDA,25,Lleida,Corporate,ICE,KKL,REST,Standard,1
2023,10,MAZDA,25,Lleida,Corporate,ICE,UKL2,REST,Standard,2
2023,10,MAZDA,25,Lleida,Corporate,PHEV,KKL,REST,Standard,1
2023,10,MAZDA,25,Lleida,Private,ICE,UKL2,REST,Standard,9
2023,10,MERCEDES,25,Lleida,Corporate,BEV,SKL,REST,Standard,1
2023,10,MERCEDES,25,Lleida,Corporate,BEV,UKL2,FOCUS SEGMENT,Standard,2
2023,10,MERCEDES,25,Lleida,Corporate,ICE,KKL,FOCUS SEGMENT,Standard,3
2023,10,MERCEDES,25,Lleida,Corporate,ICE,MKL,FOCUS SEGMENT,Standard,2
2023,10,MERCEDES,25,Lleida,Corporate,ICE,SKL,REST,Standard,1
2023,10,MERCEDES,25,Lleida,Corporate,ICE,UKL2,FOCUS SEGMENT,Standard,4
2023,10,MERCEDES,25,Lleida,Corporate,PHEV,KKL,FOCUS SEGMENT,Standard,2
2023,10,MERCEDES,25,Lleida,Corporate,PHEV,UKL2,FOCUS SEGMENT,Standard,1
2023,10,MERCEDES,25,Lleida,Private,BEV,UKL2,FOCUS SEGMENT,Standard,1
2023,10,MERCEDES,25,Lleida,Private,ICE,GKL,FOCUS SEGMENT,M,1
2023,10,MERCEDES,25,Lleida,Private,ICE,KKL,FOCUS SEGMENT,Standard,3
2023,10,MERCEDES,25,Lleida,Private,ICE,SKL,REST,Standard,1
2023,10,MERCEDES,25,Lleida,Private,ICE,UKL2,FOCUS SEGMENT,M Performance,1
2023,10,MERCEDES,25,Lleida,Private,ICE,UKL2,FOCUS SEGMENT,Standard,5
2023,10,MERCEDES-V,25,Lleida,Private,ICE,SKL,REST,Standard,1
2023,10,MG,25,Lleida,Corporate,BEV,UKL2,REST,Standard,1
2023,10,MG,25,Lleida,Corporate,ICE,UKL1,REST,Standard,2
2023,10,MG,25,Lleida,Private,BEV,UKL2,REST,Standard,4
2023,10,MG,25,Lleida,Private,ICE,KKL,REST,Standard,4
2023,10,MG,25,Lleida,Private,ICE,UKL1,REST,Standard,25
2023,10,MG,25,Lleida,Private,PHEV,KKL,REST,Standard,1
2023,10,MINI,25,Lleida,Corporate,ICE,UKL1,FOCUS SEGMENT,Standard,1
2023,10,MINI,25,Lleida,Private,ICE,UKL1,FOCUS SEGMENT,Standard,2
2023,10,MINI,25,Lleida,Private,ICE,UKL2,FOCUS SEGMENT,Standard,1
2023,10,MINI,25,Lleida,Private,PHEV,UKL2,FOCUS SEGMENT,Standard,1
2023,10,MITSUBISHI,25,Lleida,Private,ICE,UKL2,REST,Standard,1
2023,10,MITSUBISHI,25,Lleida,Private,PHEV,UKL2,REST,Standard,3
2023,10,NISSAN,25,Lleida,Corporate,ICE,UKL2,REST,Standard,2
2023,10,NISSAN,25,Lleida,Private,ICE,KKL,REST,Standard,1
2023,10,NISSAN,25,Lleida,Private,ICE,SKL,REST,Standard,2
2023,10,NISSAN,25,Lleida,Private,ICE,UKL1,REST,Standard,2
2023,10,NISSAN,25,Lleida,Private,ICE,UKL2,REST,Standard,1
2023,10,OPEL,25,Lleida,Corporate,ICE,UKL1,REST,Standard,2
2023,10,OPEL,25,Lleida,Private,ICE,UKL1,REST,Standard,4
2023,10,OPEL,25,Lleida,Private,ICE,UKL2,REST,Standard,1
2023,10,OPEL,25,Lleida,Private,PHEV,UKL2,REST,Standard,1
2023,10,PEUGEOT,25,Lleida,Corporate,ICE,UKL1,REST,Standard,32
2023,10,PEUGEOT,25,Lleida,Corporate,ICE,UKL2,REST,Standard,15
2023,10,PEUGEOT,25,Lleida,Corporate,PHEV,UKL2,REST,Standard,1
2023,10,PEUGEOT,25,Lleida,Private,BEV,UKL1,REST,Standard,1
2023,10,PEUGEOT,25,Lleida,Private,ICE,UKL1,REST,Standard,1
2023,10,PEUGEOT,25,Lleida,Private,ICE,UKL2,REST,Standard,3
2023,10,PEUGEOT,25,Lleida,Private,PHEV,KKL,REST,Standard,1
2023,10,PORSCHE,25,Lleida,Private,ICE,KKL,FOCUS SEGMENT,Standard,1
2023,10,RENAULT,25,Lleida,Corporate,BEV,UKL2,REST,Standard,3
2023,10,RENAULT,25,Lleida,Corporate,ICE,SKL,REST,Standard,1
2023,10,RENAULT,25,Lleida,Corporate,ICE,UKL1,REST,Standard,4
2023,10,RENAULT,25,Lleida,Corporate,ICE,UKL2,REST,Standard,2
2023,10,RENAULT,25,Lleida,Private,BEV,UKL2,REST,Standard,1
2023,10,RENAULT,25,Lleida,Private,ICE,KKL,REST,Standard,1
2023,10,RENAULT,25,Lleida,Private,ICE,SKL,REST,Standard,5
2023,10,RENAULT,25,Lleida,Private,ICE,UKL1,REST,Standard,6
2023,10,RENAULT,25,Lleida,Private,ICE,UKL2,REST,Standard,10
2023,10,SEAT,25,Lleida,Corporate,ICE,UKL1,REST,Standard,2
2023,10,SEAT,25,Lleida,Corporate,ICE,UKL2,REST,Standard,2
2023,10,SEAT,25,Lleida,Corporate,PHEV,UKL2,REST,Standard,1
2023,10,SEAT,25,Lleida,Private,ICE,UKL1,REST,Standard,4
2023,10,SEAT,25,Lleida,Private,ICE,UKL2,REST,Standard,2
2023,10,SKODA,25,Lleida,Corporate,ICE,KKL,REST,Standard,2
2023,10,SKODA,25,Lleida,Corporate,ICE,UKL1,REST,Standard,2
2023,10,SKODA,25,Lleida,Corporate,ICE,UKL2,REST,Standard,2
2023,10,SKODA,25,Lleida,Private,ICE,KKL,REST,Standard,1
2023,10,SKODA,25,Lleida,Private,ICE,UKL1,REST,Standard,5
2023,10,SKODA,25,Lleida,Private,ICE,UKL2,REST,Standard,3
2023,10,SKODA,25,Lleida,Private,PHEV,UKL2,REST,Standard,1
2023,10,SMART,25,Lleida,Private,BEV,,REST,Standard,1
2023,10,SUBARU,25,Lleida,Corporate,ICE,UKL2,REST,Standard,1
2023,10,SUBARU,25,Lleida,Private,ICE,KKL,REST,Standard,1
2023,10,SUBARU,25,Lleida,Private,ICE,UKL2,REST,Standard,1
2023,10,SUZUKI,25,Lleida,Corporate,ICE,SKL,REST,Standard,2
2023,10,SUZUKI,25,Lleida,Private,ICE,SKL,REST,Standard,1
2023,10,SUZUKI,25,Lleida,Private,ICE,UKL1,REST,Standard,1
2023,10,SUZUKI,25,Lleida,Private,ICE,UKL2,REST,Standard,2
2023,10,TESLA,25,Lleida,Private,BEV,KKL,FOCUS SEGMENT,Standard,12
2023,10,TOYOTA,25,Lleida,Corporate,ICE,GKL,REST,Standard,1
2023,10,TOYOTA,25,Lleida,Corporate,ICE,SKL,REST,Standard,1
2023,10,TOYOTA,25,Lleida,Corporate,ICE,UKL0,REST,Standard,1
2023,10,TOYOTA,25,Lleida,Corporate,ICE,UKL1,REST,Standard,4
2023,10,TOYOTA,25,Lleida,Corporate,ICE,UKL2,REST,Standard,2
2023,10,TOYOTA,25,Lleida,Private,ICE,UKL1,REST,Standard,14
2023,10,TOYOTA,25,Lleida,Private,ICE,UKL2,REST,Standard,7
2023,10,TOYOTA,25,Lleida,Private,PHEV,UKL2,REST,Standard,2
2023,10,VOLKSWAGEN,25,Lleida,Corporate,BEV,UKL2,REST,Standard,2
2023,10,VOLKSWAGEN,25,Lleida,Corporate,ICE,KKL,REST,Standard,1
2023,10,VOLKSWAGEN,25,Lleida,Corporate,ICE,MKL,REST,Standard,1
2023,10,VOLKSWAGEN,25,Lleida,Corporate,ICE,UKL1,REST,Standard,1
2023,10,VOLKSWAGEN,25,Lleida,Corporate,ICE,UKL2,REST,Standard,12
2023,10,VOLKSWAGEN,25,Lleida,Private,ICE,UKL1,REST,Standard,8
2023,10,VOLKSWAGEN,25,Lleida,Private,ICE,UKL2,REST,Standard,6
2023,10,VOLKSWAGEN,25,Lleida,Private,PHEV,UKL2,REST,Standard,2
2023,10,VOLVO,25,Lleida,Corporate,ICE,KKL,FOCUS SEGMENT,Standard,1
2023,10,VOLVO,25,Lleida,Corporate,ICE,MKL,FOCUS SEGMENT,Standard,1
2023,10,VOLVO,25,Lleida,Private,ICE,UKL2,FOCUS SEGMENT,Standard,3
2023,10,AUDI,26,La Rioja,Corporate,ICE,UKL2,FOCUS SEGMENT,Standard,1
2023,10,AUDI,26,La Rioja,Private,ICE,KKL,FOCUS SEGMENT,Standard,1
2023,10,AUDI,26,La Rioja,Private,ICE,UKL2,FOCUS SEGMENT,Standard,4
2023,10,BMW,26,La Rioja,Corporate,BEV,MKL,FOCUS SEGMENT,Standard,1
2023,10,BMW,26,La Rioja,Corporate,ICE,GKL,FOCUS SEGMENT,Standard,1
2023,10,BMW,26,La Rioja,Corporate,ICE,MKL,FOCUS SEGMENT,Standard,2
2023,10,BMW,26,La Rioja,Private,ICE,UKL2,FOCUS SEGMENT,Standard,1
2023,10,CITROEN,26,La Rioja,Corporate,ICE,UKL1,REST,Standard,1
2023,10,CITROEN,26,La Rioja,Corporate,ICE,UKL2,REST,Standard,2
2023,10,CITROEN,26,La Rioja,Private,ICE,UKL1,REST,Standard,1
2023,10,CITROEN,26,La Rioja,Private,ICE,UKL2,REST,Standard,2
2023,10,CUPRA,26,La Rioja,Corporate,ICE,UKL2,REST,Standard,3
2023,10,CUPRA,26,La Rioja,Private,ICE,UKL2,REST,Standard,1
2023,10,DACIA,26,La Rioja,Corporate,ICE,SKL,REST,Standard,1
2023,10,DACIA,26,La Rioja,Private,BEV,UKL0,REST,Standard,2
2023,10,DACIA,26,La Rioja,Private,ICE,SKL,REST,Standard,4
2023,10,DACIA,26,La Rioja,Private,ICE,UKL1,REST,Standard,15
2023,10,DACIA,26,La Rioja,Private,ICE,UKL2,REST,Standard,3
2023,10,DS,26,La Rioja,Private,PHEV,UKL2,REST,Standard,1
2023,10,FORD,26,La Rioja,Corporate,ICE,UKL2,REST,Standard,2
2023,10,FORD,26,La Rioja,Private,ICE,UKL1,REST,Standard,4
2023,10,FORD,26,La Rioja,Private,ICE,UKL2,REST,Standard,4
2023,10,HONDA,26,La Rioja,Corporate,ICE,KKL,REST,Standard,1
2023,10,HYUNDAI,26,La Rioja,Corporate,BEV,UKL1,REST,Standard,1
2023,10,HYUNDAI,26,La Rioja,Corporate,ICE,UKL1,REST,Standard,1
2023,10,HYUNDAI,26,La Rioja,Corporate,ICE,UKL2,REST,Standard,14
2023,10,HYUNDAI,26,La Rioja,Private,ICE,UKL0,REST,Standard,2
2023,10,HYUNDAI,26,La Rioja,Private,ICE,UKL1,REST,Standard,6
2023,10,HYUNDAI,26,La Rioja,Private,ICE,UKL2,REST,Standard,7
2023,10,KIA,26,La Rioja,Corporate,BEV,MKL,REST,Standard,1
2023,10,KIA,26,La Rioja,Corporate,ICE,UKL2,REST,Standard,3
2023,10,KIA,26,La Rioja,Private,BEV,UKL2,REST,Standard,1
2023,10,KIA,26,La Rioja,Private,ICE,UKL0,REST,Standard,1
2023,10,KIA,26,La Rioja,Private,ICE,UKL1,REST,Standard,5
2023,10,KIA,26,La Rioja,Private,ICE,UKL2,REST,Standard,21
2023,10,KIA,26,La Rioja,Private,PHEV,UKL2,REST,Standard,4
2023,10,LEXUS,26,La Rioja,Corporate,ICE,KKL,FOCUS SEGMENT,Standard,1
2023,10,LEXUS,26,La Rioja,Corporate,ICE,UKL2,FOCUS SEGMENT,Standard,2
2023,10,LEXUS,26,La Rioja,Corporate,PHEV,KKL,FOCUS SEGMENT,Standard,1
2023,10,LEXUS,26,La Rioja,Private,ICE,UKL2,FOCUS SEGMENT,Standard,1
2023,10,MAZDA,26,La Rioja,Corporate,ICE,KKL,REST,Standard,1
2023,10,MAZDA,26,La Rioja,Corporate,ICE,UKL1,REST,Standard,1
2023,10,MAZDA,26,La Rioja,Corporate,ICE,UKL2,REST,Standard,1
2023,10,MAZDA,26,La Rioja,Corporate,PHEV,KKL,REST,Standard,1
2023,10,MAZDA,26,La Rioja,Private,ICE,UKL2,REST,Standard,5
2023,10,MERCEDES,26,La Rioja,Corporate,BEV,MKL,FOCUS SEGMENT,Standard,1
2023,10,MERCEDES,26,La Rioja,Corporate,ICE,KKL,FOCUS SEGMENT,Standard,2
2023,10,MERCEDES,26,La Rioja,Corporate,ICE,MKL,FOCUS SEGMENT,Standard,1
2023,10,MERCEDES,26,La Rioja,Corporate,ICE,UKL2,FOCUS SEGMENT,M Performance,1
2023,10,MERCEDES,26,La Rioja,Corporate,ICE,UKL2,FOCUS SEGMENT,Standard,1
2023,10,MERCEDES,26,La Rioja,Corporate,PHEV,KKL,FOCUS SEGMENT,Standard,1
2023,10,MERCEDES,26,La Rioja,Corporate,PHEV,UKL2,FOCUS SEGMENT,Standard,1
2023,10,MERCEDES,26,La Rioja,Private,ICE,KKL,FOCUS SEGMENT,Standard,2
2023,10,MERCEDES,26,La Rioja,Private,ICE,UKL2,FOCUS SEGMENT,Standard,2
2023,10,MERCEDES,26,La Rioja,RAC,ICE,SKL,REST,Standard,1
2023,10,MG,26,La Rioja,Corporate,ICE,KKL,REST,Standard,1
2023,10,MG,26,La Rioja,Private,BEV,UKL2,REST,Standard,2
2023,10,MG,26,La Rioja,Private,ICE,KKL,REST,Standard,1
2023,10,MG,26,La Rioja,Private,ICE,UKL1,REST,Standard,14
2023,10,MG,26,La Rioja,Private,PHEV,KKL,REST,Standard,1
2023,10,MINI,26,La Rioja,Corporate,ICE,UKL1,FOCUS SEGMENT,Standard,1
2023,10,MINI,26,La Rioja,Private,ICE,UKL2,FOCUS SEGMENT,Standard,1
2023,10,NISSAN,26,La Rioja,Corporate,ICE,KKL,REST,Standard,3
2023,10,NISSAN,26,La Rioja,Corporate,ICE,UKL2,REST,Standard,1
2023,10,NISSAN,26,La Rioja,Private,ICE,UKL2,REST,Standard,4
2023,10,OPEL,26,La Rioja,Private,ICE,UKL1,REST,Standard,2
2023,10,PEUGEOT,26,La Rioja,Corporate,ICE,KKL,REST,Standard,2
2023,10,PEUGEOT,26,La Rioja,Corporate,ICE,UKL1,REST,Standard,11
2023,10,PEUGEOT,26,La Rioja,Corporate,ICE,UKL2,REST,Standard,7
2023,10,PEUGEOT,26,La Rioja,Corporate,PHEV,UKL2,REST,Standard,1
2023,10,PEUGEOT,26,La Rioja,Private,ICE,KKL,REST,Standard,1
2023,10,PEUGEOT,26,La Rioja,Private,ICE,UKL1,REST,Standard,9
2023,10,PEUGEOT,26,La Rioja,Private,ICE,UKL2,REST,Standard,3
2023,10,PEUGEOT,26,La Rioja,Private,PHEV,UKL2,REST,Standard,5
2023,10,PORSCHE,26,La Rioja,Corporate,ICE,KKL,FOCUS SEGMENT,Standard,1
2023,10,PORSCHE,26,La Rioja,Corporate,PHEV,MKL,FOCUS SEGMENT,Standard,1
2023,10,RENAULT,26,La Rioja,Corporate,ICE,UKL1,REST,Standard,2
2023,10,RENAULT,26,La Rioja,Corporate,ICE,UKL2,REST,Standard,4
2023,10,RENAULT,26,La Rioja,Private,ICE,UKL1,REST,Standard,3
2023,10,RENAULT,26,La Rioja,Private,ICE,UKL2,REST,Standard,5
2023,10,SEAT,26,La Rioja,Corporate,ICE,UKL1,REST,Standard,1
2023,10,SEAT,26,La Rioja,Corporate,ICE,UKL2,REST,Standard,3
2023,10,SEAT,26,La Rioja,Private,ICE,UKL1,REST,Standard,6
2023,10,SEAT,26,La Rioja,Private,ICE,UKL2,REST,Standard,8
2023,10,SKODA,26,La Rioja,Corporate,ICE,UKL2,REST,Standard,2
2023,10,SKODA,26,La Rioja,Private,ICE,KKL,REST,Standard,1
2023,10,SKODA,26,La Rioja,Private,ICE,UKL1,REST,Standard,4
2023,10,SKODA,26,La Rioja,Private,ICE,UKL2,REST,Standard,6
2023,10,SMART,26,La Rioja,Private,BEV,,REST,Standard,1
2023,10,SUZUKI,26,La Rioja,Corporate,ICE,SKL,REST,Standard,1
2023,10,SUZUKI,26,La Rioja,Corporate,ICE,UKL0,REST,Standard,1
2023,10,SUZUKI,26,La Rioja,Corporate,ICE,UKL2,REST,Standard,1
2023,10,SUZUKI,26,La Rioja,Private,ICE,UKL2,REST,Standard,4
2023,10,TESLA,26,La Rioja,Private,BEV,KKL,FOCUS SEGMENT,Standard,1
2023,10,TOYOTA,26,La Rioja,Corporate,ICE,UKL1,REST,Standard,2
2023,10,TOYOTA,26,La Rioja,Private,ICE,GKL,REST,Standard,1
2023,10,TOYOTA,26,La Rioja,Private,ICE,SKL,REST,Standard,1
2023,10,TOYOTA,26,La Rioja,Private,ICE,UKL0,REST,Standard,2
2023,10,TOYOTA,26,La Rioja,Private,ICE,UKL1,REST,Standard,22
2023,10,TOYOTA,26,La Rioja,Private,ICE,UKL2,REST,Standard,11
2023,10,VOLKSWAGEN,26,La Rioja,Corporate,ICE,SKL,REST,Standard,1
2023,10,VOLKSWAGEN,26,La Rioja,Corporate,ICE,UKL1,REST,Standard,4
2023,10,VOLKSWAGEN,26,La Rioja,Corporate,ICE,UKL2,REST,Standard,5
2023,10,VOLKSWAGEN,26,La Rioja,Corporate,PHEV,MKL,REST,Standard,1
2023,10,VOLKSWAGEN,26,La Rioja,Private,ICE,SKL,REST,Standard,1
2023,10,VOLKSWAGEN,26,La Rioja,Private,ICE,UKL1,REST,Standard,3
2023,10,VOLKSWAGEN,26,La Rioja,Private,ICE,UKL2,REST,Standard,2
2023,10,VOLKSWAGEN,26,La Rioja,Private,PHEV,UKL2,REST,Standard,1
2023,10,VOLVO,26,La Rioja,Corporate,ICE,KKL,FOCUS SEGMENT,Standard,3
2023,10,VOLVO,26,La Rioja,Corporate,PHEV,KKL,FOCUS SEGMENT,Standard,1
2023,10,VOLVO,26,La Rioja,Corporate,PHEV,UKL2,FOCUS SEGMENT,Standard,2
2023,10,VOLVO,26,La Rioja,Private,BEV,UKL2,FOCUS SEGMENT,Standard,1
2023,10,VOLVO,26,La Rioja,Private,ICE,KKL,FOCUS SEGMENT,Standard,3
2023,10,AUDI,27,Lugo,Corporate,BEV,UKL2,FOCUS SEGMENT,Standard,1
2023,10,AUDI,27,Lugo,Corporate,ICE,MKL,FOCUS SEGMENT,Standard,4
2023,10,AUDI,27,Lugo,Corporate,ICE,UKL2,FOCUS SEGMENT,Standard,6
2023,10,AUDI,27,Lugo,Corporate,PHEV,KKL,FOCUS SEGMENT,Standard,1
2023,10,AUDI,27,Lugo,Corporate,PHEV,UKL2,FOCUS SEGMENT,Standard,1
2023,10,AUDI,27,Lugo,Private,ICE,KKL,FOCUS SEGMENT,Standard,1
2023,10,AUDI,27,Lugo,Private,ICE,UKL2,FOCUS SEGMENT,Standard,3
2023,10,BMW,27,Lugo,Corporate,ICE,UKL2,FOCUS SEGMENT,Standard,1
2023,10,BMW,27,Lugo,Private,ICE,KKL,FOCUS SEGMENT,Standard,3
2023,10,BMW,27,Lugo,Private,ICE,UKL2,FOCUS SEGMENT,Standard,3
2023,10,BMW,27,Lugo,Private,PHEV,UKL2,FOCUS SEGMENT,Standard,1
2023,10,CITROEN,27,Lugo,Corporate,ICE,UKL2,REST,Standard,11
2023,10,CITROEN,27,Lugo,Private,BEV,UKL2,REST,Standard,1
2023,10,CITROEN,27,Lugo,Private,ICE,UKL1,REST,Standard,1
2023,10,CITROEN,27,Lugo,Private,ICE,UKL2,REST,Standard,5
2023,10,CUPRA,27,Lugo,Corporate,ICE,UKL2,REST,Standard,1
2023,10,CUPRA,27,Lugo,Private,ICE,UKL2,REST,Standard,2
2023,10,DACIA,27,Lugo,Corporate,ICE,SKL,REST,Standard,1
2023,10,DACIA,27,Lugo,Private,BEV,UKL0,REST,Standard,1
2023,10,DACIA,27,Lugo,Private,ICE,SKL,REST,Standard,7
2023,10,DACIA,27,Lugo,Private,ICE,UKL1,REST,Standard,10
2023,10,DACIA,27,Lugo,Private,ICE,UKL2,REST,Standard,2
2023,10,DFSK,27,Lugo,Private,ICE,UKL2,REST,Standard,1
2023,10,FIAT,27,Lugo,Corporate,ICE,UKL0,REST,Standard,1
2023,10,FIAT,27,Lugo,Private,ICE,UKL0,REST,Standard,3
2023,10,FORD,27,Lugo,Corporate,BEV,KKL,REST,Standard,1
2023,10,FORD,27,Lugo,Corporate,ICE,UKL1,REST,Standard,2
2023,10,FORD,27,Lugo,Corporate,ICE,UKL2,REST,Standard,8
2023,10,FORD,27,Lugo,Corporate,PHEV,UKL2,REST,Standard,4
2023,10,FORD,27,Lugo,Private,ICE,SKL,REST,Standard,2
2023,10,FORD,27,Lugo,Private,ICE,UKL1,REST,Standard,4
2023,10,FORD,27,Lugo,Private,ICE,UKL2,REST,Standard,5
2023,10,FORD,27,Lugo,Private,PHEV,UKL2,REST,Standard,2
2023,10,HYUNDAI,27,Lugo,Corporate,ICE,MKL,REST,Standard,1
2023,10,HYUNDAI,27,Lugo,Corporate,ICE,UKL1,REST,Standard,2
2023,10,HYUNDAI,27,Lugo,Corporate,ICE,UKL2,REST,Standard,2
2023,10,HYUNDAI,27,Lugo,Corporate,PHEV,UKL2,REST,Standard,1
2023,10,HYUNDAI,27,Lugo,Private,ICE,MKL,REST,Standard,1
2023,10,HYUNDAI,27,Lugo,Private,ICE,UKL1,REST,Standard,9
2023,10,HYUNDAI,27,Lugo,Private,ICE,UKL2,REST,Standard,8
2023,10,JEEP,27,Lugo,Corporate,PHEV,UKL2,REST,Standard,1
2023,10,KIA,27,Lugo,Corporate,BEV,MKL,REST,Standard,1
2023,10,KIA,27,Lugo,Corporate,ICE,UKL2,REST,Standard,1
2023,10,KIA,27,Lugo,Corporate,PHEV,KKL,REST,Standard,1
2023,10,KIA,27,Lugo,Corporate,PHEV,UKL2,REST,Standard,1
2023,10,KIA,27,Lugo,Private,BEV,UKL2,REST,Standard,6
2023,10,KIA,27,Lugo,Private,ICE,UKL0,REST,Standard,1
2023,10,KIA,27,Lugo,Private,ICE,UKL1,REST,Standard,4
2023,10,KIA,27,Lugo,Private,ICE,UKL2,REST,Standard,20
2023,10,KIA,27,Lugo,RAC,ICE,UKL2,REST,Standard,13
2023,10,LEXUS,27,Lugo,Corporate,ICE,MKL,REST,Standard,1
2023,10,MAZDA,27,Lugo,Corporate,ICE,UKL2,REST,Standard,4
2023,10,MAZDA,27,Lugo,Private,ICE,UKL2,REST,Standard,5
2023,10,MERCEDES,27,Lugo,Corporate,BEV,MKL,FOCUS SEGMENT,Standard,2
2023,10,MERCEDES,27,Lugo,Corporate,ICE,KKL,FOCUS SEGMENT,Standard,4
2023,10,MERCEDES,27,Lugo,Corporate,ICE,MKL,FOCUS SEGMENT,M Performance,1
2023,10,MERCEDES,27,Lugo,Corporate,ICE,MKL,FOCUS SEGMENT,Standard,1
2023,10,MERCEDES,27,Lugo,Corporate,ICE,UKL2,FOCUS SEGMENT,Standard,4
2023,10,MERCEDES,27,Lugo,Corporate,PHEV,UKL2,FOCUS SEGMENT,Standard,1
2023,10,MERCEDES,27,Lugo,Private,BEV,UKL2,FOCUS SEGMENT,Standard,1
2023,10,MERCEDES,27,Lugo,Private,ICE,KKL,FOCUS SEGMENT,Standard,2
2023,10,MERCEDES,27,Lugo,Private,ICE,UKL2,FOCUS SEGMENT,Standard,8
2023,10,MERCEDES,27,Lugo,Private,PHEV,KKL,FOCUS SEGMENT,Standard,1
2023,10,MERCEDES,27,Lugo,Private,PHEV,UKL2,FOCUS SEGMENT,Standard,1
2023,10,MERCEDES,27,Lugo,RAC,ICE,MKL,REST,Standard,1
2023,10,MG,27,Lugo,Corporate,BEV,UKL2,REST,Standard,2
2023,10,MG,27,Lugo,Corporate,ICE,KKL,REST,Standard,3
2023,10,MG,27,Lugo,Corporate,ICE,UKL1,REST,Standard,1
2023,10,MG,27,Lugo,Corporate,PHEV,KKL,REST,Standard,1
2023,10,MG,27,Lugo,Private,BEV,UKL1,REST,Standard,1
2023,10,MG,27,Lugo,Private,BEV,UKL2,REST,Standard,2
2023,10,MG,27,Lugo,Private,ICE,KKL,REST,Standard,2
2023,10,MG,27,Lugo,Private,ICE,UKL1,REST,Standard,10
2023,10,MG,27,Lugo,Private,PHEV,KKL,REST,Standard,1
2023,10,MINI,27,Lugo,Private,ICE,UKL1,FOCUS SEGMENT,Standard,2
2023,10,MITSUBISHI,27,Lugo,Corporate,ICE,UKL2,REST,Standard,1
2023,10,MITSUBISHI,27,Lugo,Corporate,PHEV,UKL2,REST,Standard,1
2023,10,NISSAN,27,Lugo,Corporate,ICE,UKL1,REST,Standard,2
2023,10,NISSAN,27,Lugo,Corporate,ICE,UKL2,REST,Standard,3
2023,10,NISSAN,27,Lugo,Private,ICE,UKL2,REST,Standard,2
2023,10,OPEL,27,Lugo,Corporate,ICE,UKL1,REST,Standard,1
2023,10,PEUGEOT,27,Lugo,Corporate,ICE,UKL1,REST,Standard,2
2023,10,PEUGEOT,27,Lugo,Corporate,ICE,UKL2,REST,Standard,1
2023,10,PEUGEOT,27,Lugo,Corporate,PHEV,UKL2,REST,Standard,1
2023,10,PEUGEOT,27,Lugo,Private,ICE,UKL1,REST,Standard,1
2023,10,PEUGEOT,27,Lugo,Private,ICE,UKL2,REST,Standard,1
2023,10,PORSCHE,27,Lugo,Private,BEV,GKL,FOCUS SEGMENT,Standard,1
2023,10,PORSCHE,27,Lugo,Private,ICE,KKL,FOCUS SEGMENT,M Performance,1
2023,10,RENAULT,27,Lugo,Corporate,BEV,UKL2,REST,Standard,6
2023,10,RENAULT,27,Lugo,Corporate,ICE,UKL1,REST,Standard,7
2023,10,RENAULT,27,Lugo,Corporate,ICE,UKL2,REST,Standard,4
2023,10,RENAULT,27,Lugo,Private,ICE,UKL1,REST,Standard,2
2023,10,RENAULT,27,Lugo,Private,ICE,UKL2,REST,Standard,8
2023,10,SEAT,27,Lugo,Corporate,ICE,UKL1,REST,Standard,2
2023,10,SEAT,27,Lugo,Corporate,ICE,UKL2,REST,Standard,7
2023,10,SEAT,27,Lugo,Corporate,PHEV,UKL2,REST,Standard,1
2023,10,SEAT,27,Lugo,Private,ICE,UKL1,REST,Standard,3
2023,10,SEAT,27,Lugo,Private,ICE,UKL2,REST,Standard,1
2023,10,SEAT,27,Lugo,Private,PHEV,UKL2,REST,Standard,2
2023,10,SKODA,27,Lugo,Corporate,ICE,UKL1,REST,Standard,3
2023,10,SKODA,27,Lugo,Corporate,ICE,UKL2,REST,Standard,2
2023,10,SKODA,27,Lugo,Private,ICE,UKL1,REST,Standard,2
2023,10,SKODA,27,Lugo,Private,ICE,UKL2,REST,Standard,5
2023,10,SSANGYONG,27,Lugo,Corporate,ICE,KKL,REST,Standard,1
2023,10,SSANGYONG,27,Lugo,Private,ICE,UKL1,REST,Standard,1
2023,10,SUBARU,27,Lugo,Private,ICE,UKL2,REST,Standard,1
2023,10,SUZUKI,27,Lugo,Corporate,ICE,SKL,REST,Standard,1
2023,10,SUZUKI,27,Lugo,Private,ICE,UKL1,REST,Standard,2
2023,10,SUZUKI,27,Lugo,Private,ICE,UKL2,REST,Standard,4
2023,10,TESLA,27,Lugo,Private,BEV,KKL,FOCUS SEGMENT,Standard,2
2023,10,TOYOTA,27,Lugo,Corporate,ICE,GKL,REST,Standard,1
2023,10,TOYOTA,27,Lugo,Corporate,ICE,SKL,REST,Standard,2
2023,10,TOYOTA,27,Lugo,Corporate,ICE,UKL1,REST,Standard,1
2023,10,TOYOTA,27,Lugo,Private,ICE,GKL,REST,Standard,1
2023,10,TOYOTA,27,Lugo,Private,ICE,SKL,REST,Standard,1
2023,10,TOYOTA,27,Lugo,Private,ICE,UKL1,REST,Standard,5
2023,10,TOYOTA,27,Lugo,Private,ICE,UKL2,REST,Standard,7
2023,10,VOLKSWAGEN,27,Lugo,Private,ICE,UKL1,REST,Standard,1
2023,10,VOLKSWAGEN,27,Lugo,Private,PHEV,UKL2,REST,Standard,1
2023,10,VOLVO,27,Lugo,Private,BEV,UKL2,FOCUS SEGMENT,Standard,1
2023,10,VOLVO,27,Lugo,Private,ICE,KKL,FOCUS SEGMENT,Standard,1
2023,10,VOLVO,27,Lugo,Private,ICE,UKL2,FOCUS SEGMENT,Standard,1
2023,10,ABARTH,28,Madrid,Corporate,BEV,UKL0,REST,Standard,3
2023,10,AIWAYS,28,Madrid,Corporate,BEV,UKL2,REST,Standard,46
2023,10,ALFA ROMEO,28,Madrid,Corporate,ICE,KKL,REST,Standard,51
2023,10,ALFA ROMEO,28,Madrid,Corporate,ICE,UKL2,REST,Standard,27
2023,10,ALFA ROMEO,28,Madrid,Corporate,PHEV,UKL2,REST,Standard,3
2023,10,ALFA ROMEO,28,Madrid,Private,ICE,KKL,REST,Standard,4
2023,10,ALFA ROMEO,28,Madrid,Private,PHEV,UKL2,REST,Standard,8
2023,10,ALFA ROMEO,28,Madrid,RAC,ICE,KKL,REST,Standard,14
2023,10,ALPINE,28,Madrid,Corporate,ICE,KKL,REST,Standard,1
2023,10,ALPINE,28,Madrid,Private,ICE,KKL,REST,Standard,2
2023,10,ASTON MARTIN,28,Madrid,Corporate,ICE,GKL,FOCUS SEGMENT,Standard,1
2023,10,ASTON MARTIN,28,Madrid,Corporate,ICE,GKL+,FOCUS SEGMENT,Standard,1
2023,10,AUDI,28,Madrid,Corporate,BEV,GKL,FOCUS SEGMENT,Standard,2
2023,10,AUDI,28,Madrid,Corporate,BEV,MKL,FOCUS SEGMENT,M Performance,1
2023,10,AUDI,28,Madrid,Corporate,BEV,MKL,FOCUS SEGMENT,Standard,4
2023,10,AUDI,28,Madrid,Corporate,BEV,UKL2,FOCUS SEGMENT,Standard,52
2023,10,AUDI,28,Madrid,Corporate,ICE,,,M Performance,1
2023,10,AUDI,28,Madrid,Corporate,ICE,,REST,M Performance,1
2023,10,AUDI,28,Madrid,Corporate,ICE,KKL,FOCUS SEGMENT,M,4
2023,10,AUDI,28,Madrid,Corporate,ICE,KKL,FOCUS SEGMENT,M Performance,1
2023,10,AUDI,28,Madrid,Corporate,ICE,KKL,FOCUS SEGMENT,Standard,279
2023,10,AUDI,28,Madrid,Corporate,ICE,MKL,FOCUS SEGMENT,M,4
2023,10,AUDI,28,Madrid,Corporate,ICE,MKL,FOCUS SEGMENT,M Performance,6
2023,10,AUDI,28,Madrid,Corporate,ICE,MKL,FOCUS SEGMENT,Standard,68
2023,10,AUDI,28,Madrid,Corporate,ICE,UKL1,FOCUS SEGMENT,Standard,107
2023,10,AUDI,28,Madrid,Corporate,ICE,UKL2,FOCUS SEGMENT,M,8
2023,10,AUDI,28,Madrid,Corporate,ICE,UKL2,FOCUS SEGMENT,M Performance,1
2023,10,AUDI,28,Madrid,Corporate,ICE,UKL2,FOCUS SEGMENT,Standard,723
2023,10,AUDI,28,Madrid,Corporate,PHEV,GKL,FOCUS SEGMENT,Standard,3
2023,10,AUDI,28,Madrid,Corporate,PHEV,KKL,FOCUS SEGMENT,Standard,47
2023,10,AUDI,28,Madrid,Corporate,PHEV,MKL,FOCUS SEGMENT,Standard,36
2023,10,AUDI,28,Madrid,Corporate,PHEV,UKL2,FOCUS SEGMENT,Standard,78
2023,10,AUDI,28,Madrid,Private,BEV,UKL2,FOCUS SEGMENT,Standard,12
2023,10,AUDI,28,Madrid,Private,ICE,KKL,FOCUS SEGMENT,M Performance,1
2023,10,AUDI,28,Madrid,Private,ICE,KKL,FOCUS SEGMENT,Standard,33
2023,10,AUDI,28,Madrid,Private,ICE,MKL,FOCUS SEGMENT,Standard,3
2023,10,AUDI,28,Madrid,Private,ICE,UKL1,FOCUS SEGMENT,Standard,24
2023,10,AUDI,28,Madrid,Private,ICE,UKL2,FOCUS SEGMENT,M,1
2023,10,AUDI,28,Madrid,Private,ICE,UKL2,FOCUS SEGMENT,Standard,93
2023,10,AUDI,28,Madrid,Private,PHEV,KKL,FOCUS SEGMENT,Standard,2
2023,10,AUDI,28,Madrid,Private,PHEV,MKL,FOCUS SEGMENT,Standard,3
2023,10,AUDI,28,Madrid,Private,PHEV,UKL2,FOCUS SEGMENT,Standard,30
2023,10,AUDI,28,Madrid,RAC,BEV,MKL,FOCUS SEGMENT,Standard,15
2023,10,AUDI,28,Madrid,RAC,ICE,KKL,FOCUS SEGMENT,Standard,39
2023,10,AUDI,28,Madrid,RAC,ICE,MKL,FOCUS SEGMENT,Standard,8
2023,10,AUDI,28,Madrid,RAC,ICE,UKL1,FOCUS SEGMENT,Standard,6
2023,10,AUDI,28,Madrid,RAC,ICE,UKL2,FOCUS SEGMENT,Standard,175
2023,10,AUDI,28,Madrid,RAC,PHEV,MKL,FOCUS SEGMENT,Standard,1
2023,10,BENTLEY,28,Madrid,Corporate,ICE,GKL+,FOCUS SEGMENT,Standard,1
2023,10,BENTLEY,28,Madrid,Private,ICE,GKL+,FOCUS SEGMENT,Standard,1
2023,10,BMW,28,Madrid,Corporate,BEV,GKL,FOCUS SEGMENT,Standard,1
2023,10,BMW,28,Madrid,Corporate,BEV,KKL,FOCUS SEGMENT,M Performance,3
2023,10,BMW,28,Madrid,Corporate,BEV,KKL,FOCUS SEGMENT,Standard,42
2023,10,BMW,28,Madrid,Corporate,BEV,MKL,FOCUS SEGMENT,M Performance,1
2023,10,BMW,28,Madrid,Corporate,BEV,MKL,FOCUS SEGMENT,Standard,1
2023,10,BMW,28,Madrid,Corporate,BEV,UKL2,FOCUS SEGMENT,Standard,26
2023,10,BMW,28,Madrid,Corporate,ICE,GKL,FOCUS SEGMENT,M Performance,1
2023,10,BMW,28,Madrid,Corporate,ICE,GKL,FOCUS SEGMENT,Standard,9
2023,10,BMW,28,Madrid,Corporate,ICE,KKL,FOCUS SEGMENT,M,7
2023,10,BMW,28,Madrid,Corporate,ICE,KKL,FOCUS SEGMENT,M Performance,11
2023,10,BMW,28,Madrid,Corporate,ICE,KKL,FOCUS SEGMENT,Standard,344
2023,10,BMW,28,Madrid,Corporate,ICE,MKL,FOCUS SEGMENT,M Performance,1
2023,10,BMW,28,Madrid,Corporate,ICE,MKL,FOCUS SEGMENT,Standard,52
2023,10,BMW,28,Madrid,Corporate,ICE,UKL2,FOCUS SEGMENT,M,5
2023,10,BMW,28,Madrid,Corporate,ICE,UKL2,FOCUS SEGMENT,M Performance,1
2023,10,BMW,28,Madrid,Corporate,ICE,UKL2,FOCUS SEGMENT,Standard,638
2023,10,BMW,28,Madrid,Corporate,PHEV,GKL,FOCUS SEGMENT,Standard,1
2023,10,BMW,28,Madrid,Corporate,PHEV,KKL,FOCUS SEGMENT,Standard,66
2023,10,BMW,28,Madrid,Corporate,PHEV,MKL,FOCUS SEGMENT,Standard,20
2023,10,BMW,28,Madrid,Corporate,PHEV,UKL2,FOCUS SEGMENT,Standard,63
2023,10,BMW,28,Madrid,Private,BEV,KKL,FOCUS SEGMENT,Standard,5
2023,10,BMW,28,Madrid,Private,BEV,UKL2,FOCUS SEGMENT,Standard,5
2023,10,BMW,28,Madrid,Private,ICE,GKL,FOCUS SEGMENT,M Performance,1
2023,10,BMW,28,Madrid,Private,ICE,GKL,FOCUS SEGMENT,Standard,1
2023,10,BMW,28,Madrid,Private,ICE,KKL,FOCUS SEGMENT,M,1
2023,10,BMW,28,Madrid,Private,ICE,KKL,FOCUS SEGMENT,M Performance,2
2023,10,BMW,28,Madrid,Private,ICE,KKL,FOCUS SEGMENT,Standard,37
2023,10,BMW,28,Madrid,Private,ICE,MKL,FOCUS SEGMENT,Standard,4
2023,10,BMW,28,Madrid,Private,ICE,UKL2,FOCUS SEGMENT,M,1
2023,10,BMW,28,Madrid,Private,ICE,UKL2,FOCUS SEGMENT,M Performance,1
2023,10,BMW,28,Madrid,Private,ICE,UKL2,FOCUS SEGMENT,Standard,103
2023,10,BMW,28,Madrid,Private,PHEV,KKL,FOCUS SEGMENT,Standard,3
2023,10,BMW,28,Madrid,Private,PHEV,MKL,FOCUS SEGMENT,Standard,5
2023,10,BMW,28,Madrid,Private,PHEV,UKL2,FOCUS SEGMENT,Standard,20
2023,10,BMW,28,Madrid,RAC,BEV,GKL,FOCUS SEGMENT,Standard,2
2023,10,BYD,28,Madrid,Corporate,BEV,KKL,REST,Standard,1
2023,10,BYD,28,Madrid,Corporate,BEV,MKL,REST,Standard,1
2023,10,BYD,28,Madrid,Corporate,BEV,UKL1,REST,Standard,6
2023,10,BYD,28,Madrid,Corporate,BEV,UKL2,REST,Standard,1
2023,10,BYD,28,Madrid,Private,BEV,UKL1,REST,Standard,1
2023,10,BYD,28,Madrid,Private,BEV,UKL2,REST,Standard,9
2023,10,CATERHAM CARS LTD,28,Madrid,Private,ICE,,REST,Standard,1
2023,10,CITROEN,28,Madrid,Corporate,BEV,SKL,REST,Standard,85
2023,10,CITROEN,28,Madrid,Corporate,BEV,UKL2,REST,Standard,4
2023,10,CITROEN,28,Madrid,Corporate,ICE,MKL,REST,Standard,3
2023,10,CITROEN,28,Madrid,Corporate,ICE,UKL1,REST,Standard,480
2023,10,CITROEN,28,Madrid,Corporate,ICE,UKL2,REST,Standard,257
2023,10,CITROEN,28,Madrid,Corporate,PHEV,MKL,REST,Standard,1
2023,10,CITROEN,28,Madrid,Corporate,PHEV,UKL2,REST,Standard,11
2023,10,CITROEN,28,Madrid,Private,BEV,UKL2,REST,Standard,5
2023,10,CITROEN,28,Madrid,Private,ICE,MKL,REST,Standard,12
2023,10,CITROEN,28,Madrid,Private,ICE,UKL1,REST,Standard,30
2023,10,CITROEN,28,Madrid,Private,ICE,UKL2,REST,Standard,71
2023,10,CITROEN,28,Madrid,Private,PHEV,MKL,REST,Standard,1
2023,10,CITROEN,28,Madrid,Private,PHEV,UKL2,REST,Standard,1
2023,10,CITROEN,28,Madrid,RAC,BEV,UKL2,REST,Standard,5
2023,10,CITROEN,28,Madrid,RAC,ICE,UKL1,REST,Standard,152
2023,10,CITROEN,28,Madrid,RAC,ICE,UKL2,REST,Standard,88
2023,10,CITROEN,28,Madrid,RAC,PHEV,MKL,REST,Standard,1
2023,10,CITROEN,28,Madrid,RAC,PHEV,UKL2,REST,Standard,1
2023,10,CUPRA,28,Madrid,Corporate,BEV,UKL2,REST,Standard,16
2023,10,CUPRA,28,Madrid,Corporate,ICE,UKL2,REST,Standard,311
2023,10,CUPRA,28,Madrid,Corporate,PHEV,UKL2,REST,Standard,40
2023,10,CUPRA,28,Madrid,Private,BEV,UKL2,REST,Standard,8
2023,10,CUPRA,28,Madrid,Private,ICE,UKL2,REST,Standard,27
2023,10,CUPRA,28,Madrid,Private,PHEV,UKL2,REST,Standard,18
2023,10,CUPRA,28,Madrid,RAC,BEV,UKL2,REST,Standard,80
2023,10,CUPRA,28,Madrid,RAC,ICE,UKL2,REST,Standard,310
2023,10,DACIA,28,Madrid,Corporate,BEV,UKL0,REST,Standard,49
2023,10,DACIA,28,Madrid,Corporate,ICE,SKL,REST,Standard,204
2023,10,DACIA,28,Madrid,Corporate,ICE,UKL1,REST,Standard,160
2023,10,DACIA,28,Madrid,Corporate,ICE,UKL2,REST,Standard,26
2023,10,DACIA,28,Madrid,Private,BEV,UKL0,REST,Standard,25
2023,10,DACIA,28,Madrid,Private,ICE,SKL,REST,Standard,88
2023,10,DACIA,28,Madrid,Private,ICE,UKL1,REST,Standard,450
2023,10,DACIA,28,Madrid,Private,ICE,UKL2,REST,Standard,108
2023,10,DFSK,28,Madrid,Private,ICE,UKL2,REST,Standard,1
2023,10,DR,28,Madrid,Corporate,ICE,,,Standard,2
2023,10,DR,28,Madrid,Corporate,ICE,UKL1,REST,Standard,4
2023,10,DS,28,Madrid,Corporate,ICE,KKL,REST,Standard,1
2023,10,DS,28,Madrid,Corporate,ICE,UKL1,REST,Standard,19
2023,10,DS,28,Madrid,Corporate,ICE,UKL2,REST,Standard,104
2023,10,DS,28,Madrid,Corporate,PHEV,UKL2,REST,Standard,31
2023,10,DS,28,Madrid,Private,BEV,UKL1,REST,Standard,1
2023,10,DS,28,Madrid,Private,ICE,UKL2,REST,Standard,5
2023,10,DS,28,Madrid,Private,PHEV,UKL2,REST,Standard,5
2023,10,FERRARI,28,Madrid,Private,ICE,,REST,Standard,1
2023,10,FERRARI,28,Madrid,Private,ICE,GKL+,FOCUS SEGMENT,Standard,1
2023,10,FIAT,28,Madrid,Corporate,BEV,UKL0,REST,Standard,106
2023,10,FIAT,28,Madrid,Corporate,ICE,,,Standard,17
2023,10,FIAT,28,Madrid,Corporate,ICE,,REST,Standard,6
2023,10,FIAT,28,Madrid,Corporate,ICE,UKL0,REST,Standard,897
2023,10,FIAT,28,Madrid,Corporate,ICE,UKL2,REST,Standard,30
2023,10,FIAT,28,Madrid,Private,BEV,UKL0,REST,Standard,2
2023,10,FIAT,28,Madrid,Private,ICE,,,Standard,9
2023,10,FIAT,28,Madrid,Private,ICE,UKL0,REST,Standard,61
2023,10,FIAT,28,Madrid,RAC,ICE,,REST,Standard,4
2023,10,FIAT,28,Madrid,RAC,ICE,UKL0,REST,Standard,203
2023,10,FORD,28,Madrid,Corporate,BEV,KKL,REST,Standard,5
2023,10,FORD,28,Madrid,Corporate,ICE,MKL,REST,Standard,2
2023,10,FORD,28,Madrid,Corporate,ICE,SKL,REST,Standard,33
2023,10,FORD,28,Madrid,Corporate,ICE,UKL1,REST,Standard,162
2023,10,FORD,28,Madrid,Corporate,ICE,UKL2,REST,Standard,411
2023,10,FORD,28,Madrid,Corporate,PHEV,SKL,REST,Standard,3
2023,10,FORD,28,Madrid,Corporate,PHEV,UKL2,REST,Standard,68
2023,10,FORD,28,Madrid,Private,BEV,KKL,REST,Standard,4
2023,10,FORD,28,Madrid,Private,ICE,SKL,REST,Standard,14
2023,10,FORD,28,Madrid,Private,ICE,UKL1,REST,Standard,128
2023,10,FORD,28,Madrid,Private,ICE,UKL2,REST,Standard,94
2023,10,FORD,28,Madrid,Private,PHEV,SKL,REST,Standard,1
2023,10,FORD,28,Madrid,Private,PHEV,UKL2,REST,Standard,38
2023,10,FORD,28,Madrid,RAC,ICE,SKL,REST,Standard,1
2023,10,FORD,28,Madrid,RAC,ICE,UKL2,REST,Standard,17
2023,10,HONDA,28,Madrid,Corporate,ICE,KKL,REST,Standard,3
2023,10,HONDA,28,Madrid,Corporate,ICE,UKL2,REST,Standard,5
2023,10,HONDA,28,Madrid,Corporate,PHEV,KKL,REST,Standard,4
2023,10,HONDA,28,Madrid,Private,BEV,UKL1,REST,Standard,2
2023,10,HONDA,28,Madrid,Private,ICE,KKL,REST,Standard,1
2023,10,HONDA,28,Madrid,Private,ICE,UKL1,REST,Standard,19
2023,10,HONDA,28,Madrid,Private,ICE,UKL2,REST,Standard,33
2023,10,HYUNDAI,28,Madrid,Corporate,BEV,UKL1,REST,Standard,3
2023,10,HYUNDAI,28,Madrid,Corporate,BEV,UKL2,REST,Standard,4
2023,10,HYUNDAI,28,Madrid,Corporate,ICE,MKL,REST,Standard,11
2023,10,HYUNDAI,28,Madrid,Corporate,ICE,UKL0,REST,Standard,23
2023,10,HYUNDAI,28,Madrid,Corporate,ICE,UKL1,REST,Standard,169
2023,10,HYUNDAI,28,Madrid,Corporate,ICE,UKL2,REST,Standard,352
2023,10,HYUNDAI,28,Madrid,Corporate,PHEV,MKL,REST,Standard,9
2023,10,HYUNDAI,28,Madrid,Corporate,PHEV,UKL2,REST,Standard,38
2023,10,HYUNDAI,28,Madrid,Private,BEV,UKL1,REST,Standard,6
2023,10,HYUNDAI,28,Madrid,Private,ICE,MKL,REST,Standard,11
2023,10,HYUNDAI,28,Madrid,Private,ICE,UKL0,REST,Standard,47
2023,10,HYUNDAI,28,Madrid,Private,ICE,UKL1,REST,Standard,362
2023,10,HYUNDAI,28,Madrid,Private,ICE,UKL2,REST,Standard,285
2023,10,HYUNDAI,28,Madrid,Private,PHEV,MKL,REST,Standard,3
2023,10,HYUNDAI,28,Madrid,Private,PHEV,UKL2,REST,Standard,25
2023,10,HYUNDAI,28,Madrid,RAC,ICE,MKL,REST,Standard,16
2023,10,HYUNDAI,28,Madrid,RAC,ICE,UKL1,REST,Standard,119
2023,10,HYUNDAI,28,Madrid,RAC,ICE,UKL2,REST,Standard,310
2023,10,INEOS,28,Madrid,Corporate,ICE,MKL,REST,Standard,1
2023,10,INEOS,28,Madrid,Private,ICE,MKL,REST,Standard,1
2023,10,JAGUAR,28,Madrid,Corporate,ICE,KKL,FOCUS SEGMENT,Standard,23
2023,10,JAGUAR,28,Madrid,Corporate,ICE,UKL2,FOCUS SEGMENT,Standard,16
2023,10,JAGUAR,28,Madrid,Corporate,PHEV,KKL,FOCUS SEGMENT,Standard,2
2023,10,JAGUAR,28,Madrid,Corporate,PHEV,UKL2,FOCUS SEGMENT,Standard,1
2023,10,JAGUAR,28,Madrid,Private,ICE,KKL,FOCUS SEGMENT,Standard,1
2023,10,JAGUAR,28,Madrid,Private,ICE,UKL2,FOCUS SEGMENT,Standard,1
2023,10,JAGUAR,28,Madrid,Private,PHEV,KKL,FOCUS SEGMENT,Standard,1
2023,10,JAGUAR,28,Madrid,Private,PHEV,UKL2,FOCUS SEGMENT,Standard,2
2023,10,JAGUAR,28,Madrid,RAC,ICE,UKL2,FOCUS SEGMENT,Standard,1
2023,10,JEEP,28,Madrid,Corporate,BEV,UKL1,REST,Standard,20
2023,10,JEEP,28,Madrid,Corporate,ICE,UKL1,REST,Standard,258
2023,10,JEEP,28,Madrid,Corporate,ICE,UKL2,REST,Standard,106
2023,10,JEEP,28,Madrid,Corporate,PHEV,MKL,REST,Standard,4
2023,10,JEEP,28,Madrid,Corporate,PHEV,UKL1,REST,Standard,7
2023,10,JEEP,28,Madrid,Corporate,PHEV,UKL2,REST,Standard,50
2023,10,JEEP,28,Madrid,Private,ICE,UKL1,REST,Standard,25
2023,10,JEEP,28,Madrid,Private,ICE,UKL2,REST,Standard,11
2023,10,JEEP,28,Madrid,Private,PHEV,UKL1,REST,Standard,3
2023,10,JEEP,28,Madrid,Private,PHEV,UKL2,REST,Standard,5
2023,10,JEEP,28,Madrid,RAC,PHEV,UKL2,REST,Standard,6
2023,10,KIA,28,Madrid,Corporate,BEV,KKL,REST,Standard,13
2023,10,KIA,28,Madrid,Corporate,BEV,MKL,REST,Standard,40
2023,10,KIA,28,Madrid,Corporate,BEV,UKL2,REST,Standard,8
2023,10,KIA,28,Madrid,Corporate,ICE,,,Standard,3
2023,10,KIA,28,Madrid,Corporate,ICE,,REST,Standard,1
2023,10,KIA,28,Madrid,Corporate,ICE,KKL,REST,Standard,20
2023,10,KIA,28,Madrid,Corporate,ICE,UKL0,REST,Standard,36
2023,10,KIA,28,Madrid,Corporate,ICE,UKL1,REST,Standard,299
2023,10,KIA,28,Madrid,Corporate,ICE,UKL2,REST,Standard,391
2023,10,KIA,28,Madrid,Corporate,PHEV,KKL,REST,Standard,22
2023,10,KIA,28,Madrid,Corporate,PHEV,UKL2,REST,Standard,121
2023,10,KIA,28,Madrid,Private,BEV,KKL,REST,Standard,31
2023,10,KIA,28,Madrid,Private,BEV,UKL2,REST,Standard,54
2023,10,KIA,28,Madrid,Private,ICE,,,Standard,2
2023,10,KIA,28,Madrid,Private,ICE,KKL,REST,Standard,12
2023,10,KIA,28,Madrid,Private,ICE,UKL0,REST,Standard,11
2023,10,KIA,28,Madrid,Private,ICE,UKL1,REST,Standard,97
2023,10,KIA,28,Madrid,Private,ICE,UKL2,REST,Standard,413
2023,10,KIA,28,Madrid,Private,PHEV,KKL,REST,Standard,8
2023,10,KIA,28,Madrid,Private,PHEV,UKL2,REST,Standard,98
2023,10,KIA,28,Madrid,RAC,BEV,UKL2,REST,Standard,3
2023,10,LAMBORGHINI,28,Madrid,Corporate,ICE,GKL+,FOCUS SEGMENT,Standard,2
2023,10,LAMBORGHINI,28,Madrid,Private,ICE,GKL+,FOCUS SEGMENT,Standard,1
2023,10,LAND ROVER,28,Madrid,Corporate,ICE,GKL,FOCUS SEGMENT,Standard,4
2023,10,LAND ROVER,28,Madrid,Corporate,ICE,MKL,FOCUS SEGMENT,Standard,29
2023,10,LAND ROVER,28,Madrid,Corporate,ICE,UKL2,FOCUS SEGMENT,Standard,14
2023,10,LAND ROVER,28,Madrid,Corporate,PHEV,GKL,FOCUS SEGMENT,Standard,6
2023,10,LAND ROVER,28,Madrid,Corporate,PHEV,MKL,FOCUS SEGMENT,Standard,43
2023,10,LAND ROVER,28,Madrid,Corporate,PHEV,UKL2,FOCUS SEGMENT,Standard,6
2023,10,LAND ROVER,28,Madrid,Private,ICE,MKL,FOCUS SEGMENT,Standard,6
2023,10,LAND ROVER,28,Madrid,Private,ICE,UKL2,FOCUS SEGMENT,Standard,1
2023,10,LAND ROVER,28,Madrid,Private,PHEV,GKL,FOCUS SEGMENT,Standard,1
2023,10,LAND ROVER,28,Madrid,Private,PHEV,MKL,FOCUS SEGMENT,Standard,3
2023,10,LAND ROVER,28,Madrid,Private,PHEV,UKL2,FOCUS SEGMENT,Standard,3
2023,10,LAND ROVER,28,Madrid,RAC,PHEV,UKL2,FOCUS SEGMENT,Standard,2
2023,10,LEXUS,28,Madrid,Corporate,BEV,KKL,FOCUS SEGMENT,Standard,5
2023,10,LEXUS,28,Madrid,Corporate,BEV,UKL2,FOCUS SEGMENT,Standard,2
2023,10,LEXUS,28,Madrid,Corporate,ICE,KKL,FOCUS SEGMENT,Standard,62
2023,10,LEXUS,28,Madrid,Corporate,ICE,MKL,FOCUS SEGMENT,Standard,14
2023,10,LEXUS,28,Madrid,Corporate,ICE,MKL,REST,Standard,2
2023,10,LEXUS,28,Madrid,Corporate,ICE,UKL2,FOCUS SEGMENT,Standard,73
2023,10,LEXUS,28,Madrid,Corporate,PHEV,KKL,FOCUS SEGMENT,Standard,19
2023,10,LEXUS,28,Madrid,Corporate,PHEV,MKL,FOCUS SEGMENT,Standard,8
2023,10,LEXUS,28,Madrid,Private,ICE,KKL,FOCUS SEGMENT,Standard,23
2023,10,LEXUS,28,Madrid,Private,ICE,MKL,FOCUS SEGMENT,Standard,12
2023,10,LEXUS,28,Madrid,Private,ICE,UKL2,FOCUS SEGMENT,Standard,43
2023,10,LEXUS,28,Madrid,Private,PHEV,KKL,FOCUS SEGMENT,Standard,4
2023,10,LEXUS,28,Madrid,Private,PHEV,MKL,FOCUS SEGMENT,Standard,2
2023,10,LEXUS,28,Madrid,RAC,BEV,KKL,FOCUS SEGMENT,Standard,1
2023,10,LEXUS,28,Madrid,RAC,BEV,UKL2,FOCUS SEGMENT,Standard,7
2023,10,LEXUS,28,Madrid,RAC,ICE,UKL2,FOCUS SEGMENT,Standard,11
2023,10,LYNK & CO,28,Madrid,Corporate,PHEV,UKL2,REST,Standard,31
2023,10,MASERATI,28,Madrid,Corporate,ICE,KKL,FOCUS SEGMENT,Standard,11
2023,10,MASERATI,28,Madrid,Corporate,ICE,MKL,FOCUS SEGMENT,Standard,1
2023,10,MASERATI,28,Madrid,Private,ICE,KKL,FOCUS SEGMENT,Standard,2
2023,10,MASERATI,28,Madrid,RAC,ICE,KKL,FOCUS SEGMENT,Standard,3
2023,10,MAZDA,28,Madrid,Corporate,BEV,UKL2,REST,Standard,14
2023,10,MAZDA,28,Madrid,Corporate,ICE,KKL,REST,Standard,27
2023,10,MAZDA,28,Madrid,Corporate,ICE,UKL1,REST,Standard,36
2023,10,MAZDA,28,Madrid,Corporate,ICE,UKL2,REST,Standard,90
2023,10,MAZDA,28,Madrid,Corporate,PHEV,KKL,REST,Standard,21
2023,10,MAZDA,28,Madrid,Corporate,PHEV,UKL2,REST,Standard,6
2023,10,MAZDA,28,Madrid,Private,BEV,UKL2,REST,Standard,2
2023,10,MAZDA,28,Madrid,Private,ICE,KKL,REST,Standard,7
2023,10,MAZDA,28,Madrid,Private,ICE,UKL1,REST,Standard,12
2023,10,MAZDA,28,Madrid,Private,ICE,UKL2,REST,Standard,211
2023,10,MAZDA,28,Madrid,Private,PHEV,KKL,REST,Standard,14
2023,10,MAZDA,28,Madrid,RAC,ICE,UKL2,REST,Standard,5
2023,10,MERCEDES,28,Madrid,Corporate,BEV,GKL,FOCUS SEGMENT,Standard,3
2023,10,MERCEDES,28,Madrid,Corporate,BEV,KKL,FOCUS SEGMENT,Standard,1
2023,10,MERCEDES,28,Madrid,Corporate,BEV,MKL,FOCUS SEGMENT,M Performance,3
2023,10,MERCEDES,28,Madrid,Corporate,BEV,MKL,FOCUS SEGMENT,Standard,66
2023,10,MERCEDES,28,Madrid,Corporate,BEV,MKL,REST,Standard,1
2023,10,MERCEDES,28,Madrid,Corporate,BEV,SKL,REST,Standard,4
2023,10,MERCEDES,28,Madrid,Corporate,BEV,UKL2,FOCUS SEGMENT,Standard,67
2023,10,MERCEDES,28,Madrid,Corporate,ICE,,REST,Standard,1
2023,10,MERCEDES,28,Madrid,Corporate,ICE,GKL,FOCUS SEGMENT,Standard,5
2023,10,MERCEDES,28,Madrid,Corporate,ICE,KKL,FOCUS SEGMENT,M Performance,9
2023,10,MERCEDES,28,Madrid,Corporate,ICE,KKL,FOCUS SEGMENT,Standard,304
2023,10,MERCEDES,28,Madrid,Corporate,ICE,MKL,FOCUS SEGMENT,M,1
2023,10,MERCEDES,28,Madrid,Corporate,ICE,MKL,FOCUS SEGMENT,M Performance,5
2023,10,MERCEDES,28,Madrid,Corporate,ICE,MKL,FOCUS SEGMENT,Standard,54
2023,10,MERCEDES,28,Madrid,Corporate,ICE,MKL,REST,Standard,30
2023,10,MERCEDES,28,Madrid,Corporate,ICE,SKL,REST,Standard,18
2023,10,MERCEDES,28,Madrid,Corporate,ICE,UKL2,FOCUS SEGMENT,M,1
2023,10,MERCEDES,28,Madrid,Corporate,ICE,UKL2,FOCUS SEGMENT,M Performance,10
2023,10,MERCEDES,28,Madrid,Corporate,ICE,UKL2,FOCUS SEGMENT,Standard,515
2023,10,MERCEDES,28,Madrid,Corporate,PHEV,GKL,FOCUS SEGMENT,Standard,1
2023,10,MERCEDES,28,Madrid,Corporate,PHEV,KKL,FOCUS SEGMENT,Standard,127
2023,10,MERCEDES,28,Madrid,Corporate,PHEV,MKL,FOCUS SEGMENT,Standard,36
2023,10,MERCEDES,28,Madrid,Corporate,PHEV,UKL2,FOCUS SEGMENT,Standard,156
2023,10,MERCEDES,28,Madrid,Private,BEV,MKL,FOCUS SEGMENT,M Performance,1
2023,10,MERCEDES,28,Madrid,Private,BEV,MKL,FOCUS SEGMENT,Standard,3
2023,10,MERCEDES,28,Madrid,Private,BEV,UKL2,FOCUS SEGMENT,Standard,23
2023,10,MERCEDES,28,Madrid,Private,ICE,,REST,Standard,1
2023,10,MERCEDES,28,Madrid,Private,ICE,GKL,FOCUS SEGMENT,Standard,1
2023,10,MERCEDES,28,Madrid,Private,ICE,KKL,FOCUS SEGMENT,Standard,42
2023,10,MERCEDES,28,Madrid,Private,ICE,MKL,FOCUS SEGMENT,M Performance,2
2023,10,MERCEDES,28,Madrid,Private,ICE,MKL,FOCUS SEGMENT,Standard,7
2023,10,MERCEDES,28,Madrid,Private,ICE,MKL,REST,Standard,4
2023,10,MERCEDES,28,Madrid,Private,ICE,SKL,REST,Standard,4
2023,10,MERCEDES,28,Madrid,Private,ICE,UKL2,FOCUS SEGMENT,M,2
2023,10,MERCEDES,28,Madrid,Private,ICE,UKL2,FOCUS SEGMENT,M Performance,1
2023,10,MERCEDES,28,Madrid,Private,ICE,UKL2,FOCUS SEGMENT,Standard,113
2023,10,MERCEDES,28,Madrid,Private,PHEV,KKL,FOCUS SEGMENT,Standard,8
2023,10,MERCEDES,28,Madrid,Private,PHEV,MKL,FOCUS SEGMENT,Standard,4
2023,10,MERCEDES,28,Madrid,Private,PHEV,UKL2,FOCUS SEGMENT,Standard,49
2023,10,MERCEDES,28,Madrid,RAC,BEV,GKL,FOCUS SEGMENT,Standard,6
2023,10,MERCEDES,28,Madrid,RAC,BEV,MKL,FOCUS SEGMENT,Standard,15
2023,10,MERCEDES,28,Madrid,RAC,BEV,UKL2,FOCUS SEGMENT,Standard,60
2023,10,MERCEDES,28,Madrid,RAC,ICE,KKL,FOCUS SEGMENT,Standard,21
2023,10,MERCEDES,28,Madrid,RAC,ICE,MKL,FOCUS SEGMENT,M Performance,1
2023,10,MERCEDES,28,Madrid,RAC,ICE,MKL,REST,Standard,8
2023,10,MERCEDES,28,Madrid,RAC,ICE,SKL,REST,Standard,1
2023,10,MERCEDES,28,Madrid,RAC,ICE,UKL2,FOCUS SEGMENT,Standard,85
2023,10,MERCEDES-V,28,Madrid,RAC,ICE,SKL,REST,Standard,2
2023,10,MG,28,Madrid,Corporate,BEV,UKL1,REST,Standard,4
2023,10,MG,28,Madrid,Corporate,BEV,UKL2,REST,Standard,12
2023,10,MG,28,Madrid,Corporate,ICE,KKL,REST,Standard,15
2023,10,MG,28,Madrid,Corporate,ICE,UKL1,REST,Standard,25
2023,10,MG,28,Madrid,Corporate,PHEV,KKL,REST,Standard,19
2023,10,MG,28,Madrid,Private,BEV,UKL1,REST,Standard,7
2023,10,MG,28,Madrid,Private,BEV,UKL2,REST,Standard,63
2023,10,MG,28,Madrid,Private,ICE,KKL,REST,Standard,44
2023,10,MG,28,Madrid,Private,ICE,UKL1,REST,Standard,370
2023,10,MG,28,Madrid,Private,PHEV,KKL,REST,Standard,24
2023,10,MINI,28,Madrid,Corporate,BEV,UKL1,FOCUS SEGMENT,Standard,48
2023,10,MINI,28,Madrid,Corporate,ICE,UKL1,FOCUS SEGMENT,JCW,4
2023,10,MINI,28,Madrid,Corporate,ICE,UKL1,FOCUS SEGMENT,Standard,69
2023,10,MINI,28,Madrid,Corporate,ICE,UKL2,FOCUS SEGMENT,JCW,1
2023,10,MINI,28,Madrid,Corporate,ICE,UKL2,FOCUS SEGMENT,Standard,29
2023,10,MINI,28,Madrid,Corporate,PHEV,UKL2,FOCUS SEGMENT,Standard,21
2023,10,MINI,28,Madrid,Private,BEV,UKL1,FOCUS SEGMENT,Standard,27
2023,10,MINI,28,Madrid,Private,ICE,UKL1,FOCUS SEGMENT,JCW,2
2023,10,MINI,28,Madrid,Private,ICE,UKL1,FOCUS SEGMENT,Standard,45
2023,10,MINI,28,Madrid,Private,ICE,UKL2,FOCUS SEGMENT,Standard,13
2023,10,MINI,28,Madrid,Private,PHEV,UKL2,FOCUS SEGMENT,Standard,12
2023,10,MINI,28,Madrid,RAC,BEV,UKL1,FOCUS SEGMENT,Standard,6
2023,10,MITSUBISHI,28,Madrid,Corporate,ICE,UKL1,REST,Standard,10
2023,10,MITSUBISHI,28,Madrid,Corporate,ICE,UKL2,REST,Standard,9
2023,10,MITSUBISHI,28,Madrid,Corporate,PHEV,UKL2,REST,Standard,9
2023,10,MITSUBISHI,28,Madrid,Private,ICE,UKL1,REST,Standard,2
2023,10,MITSUBISHI,28,Madrid,Private,ICE,UKL2,REST,Standard,13
2023,10,MITSUBISHI,28,Madrid,Private,PHEV,UKL2,REST,Standard,9
2023,10,MITSUBISHI,28,Madrid,RAC,ICE,UKL2,REST,Standard,2
2023,10,NISSAN,28,Madrid,Corporate,BEV,UKL2,REST,Standard,1
2023,10,NISSAN,28,Madrid,Corporate,ICE,KKL,REST,Standard,47
2023,10,NISSAN,28,Madrid,Corporate,ICE,SKL,REST,Standard,3
2023,10,NISSAN,28,Madrid,Corporate,ICE,UKL1,REST,Standard,90
2023,10,NISSAN,28,Madrid,Corporate,ICE,UKL2,REST,Standard,746
2023,10,NISSAN,28,Madrid,Private,BEV,UKL2,REST,Standard,5
2023,10,NISSAN,28,Madrid,Private,ICE,KKL,REST,Standard,30
2023,10,NISSAN,28,Madrid,Private,ICE,SKL,REST,Standard,4
2023,10,NISSAN,28,Madrid,Private,ICE,UKL1,REST,Standard,41
2023,10,NISSAN,28,Madrid,Private,ICE,UKL2,REST,Standard,111
2023,10,NISSAN,28,Madrid,RAC,ICE,UKL1,REST,Standard,20
2023,10,NISSAN,28,Madrid,RAC,ICE,UKL2,REST,Standard,106
2023,10,OMODA,28,Madrid,Corporate,ICE,UKL2,REST,Standard,5
2023,10,OPEL,28,Madrid,Corporate,BEV,SKL,REST,Standard,11
2023,10,OPEL,28,Madrid,Corporate,BEV,UKL1,REST,Standard,4
2023,10,OPEL,28,Madrid,Corporate,BEV,UKL2,REST,Standard,1
2023,10,OPEL,28,Madrid,Corporate,ICE,UKL1,REST,Standard,164
2023,10,OPEL,28,Madrid,Corporate,ICE,UKL2,REST,Standard,37
2023,10,OPEL,28,Madrid,Corporate,PHEV,UKL2,REST,Standard,18
2023,10,OPEL,28,Madrid,Private,BEV,UKL1,REST,Standard,2
2023,10,OPEL,28,Madrid,Private,ICE,UKL1,REST,Standard,35
2023,10,OPEL,28,Madrid,Private,ICE,UKL2,REST,Standard,9
2023,10,OPEL,28,Madrid,Private,PHEV,UKL2,REST,Standard,2
2023,10,OPEL,28,Madrid,RAC,BEV,UKL1,REST,Standard,1
2023,10,OPEL,28,Madrid,RAC,ICE,UKL1,REST,Standard,274
2023,10,PEUGEOT,28,Madrid,Corporate,BEV,SKL,REST,Standard,2
2023,10,PEUGEOT,28,Madrid,Corporate,BEV,UKL1,REST,Standard,11
2023,10,PEUGEOT,28,Madrid,Corporate,ICE,KKL,REST,Standard,119
2023,10,PEUGEOT,28,Madrid,Corporate,ICE,UKL1,REST,Standard,268
2023,10,PEUGEOT,28,Madrid,Corporate,ICE,UKL2,REST,Standard,333
2023,10,PEUGEOT,28,Madrid,Corporate,PHEV,KKL,REST,Standard,10
2023,10,PEUGEOT,28,Madrid,Corporate,PHEV,UKL2,REST,Standard,56
2023,10,PEUGEOT,28,Madrid,Private,BEV,SKL,REST,Standard,1
2023,10,PEUGEOT,28,Madrid,Private,BEV,UKL1,REST,Standard,22
2023,10,PEUGEOT,28,Madrid,Private,BEV,UKL2,REST,Standard,1
2023,10,PEUGEOT,28,Madrid,Private,ICE,KKL,REST,Standard,10
2023,10,PEUGEOT,28,Madrid,Private,ICE,UKL1,REST,Standard,108
2023,10,PEUGEOT,28,Madrid,Private,ICE,UKL2,REST,Standard,70
2023,10,PEUGEOT,28,Madrid,Private,PHEV,KKL,REST,Standard,2
2023,10,PEUGEOT,28,Madrid,Private,PHEV,UKL2,REST,Standard,41
2023,10,PEUGEOT,28,Madrid,RAC,BEV,UKL1,REST,Standard,3
2023,10,PEUGEOT,28,Madrid,RAC,ICE,KKL,REST,Standard,4
2023,10,PEUGEOT,28,Madrid,RAC,ICE,SKL,REST,Standard,1
2023,10,PEUGEOT,28,Madrid,RAC,ICE,UKL1,REST,Standard,306
2023,10,PEUGEOT,28,Madrid,RAC,ICE,UKL2,REST,Standard,16
2023,10,PEUGEOT,28,Madrid,RAC,PHEV,UKL2,REST,Standard,1
2023,10,POLESTAR,28,Madrid,Corporate,BEV,KKL,FOCUS SEGMENT,Standard,12
2023,10,POLESTAR,28,Madrid,Private,BEV,KKL,FOCUS SEGMENT,Standard,2
2023,10,PORSCHE,28,Madrid,Corporate,BEV,GKL,FOCUS SEGMENT,M Performance,4
2023,10,PORSCHE,28,Madrid,Corporate,BEV,GKL,FOCUS SEGMENT,Standard,5
2023,10,PORSCHE,28,Madrid,Corporate,ICE,GKL,FOCUS SEGMENT,M,5
2023,10,PORSCHE,28,Madrid,Corporate,ICE,GKL,FOCUS SEGMENT,M Performance,7
2023,10,PORSCHE,28,Madrid,Corporate,ICE,GKL,FOCUS SEGMENT,Standard,1
2023,10,PORSCHE,28,Madrid,Corporate,ICE,KKL,FOCUS SEGMENT,M Performance,15
2023,10,PORSCHE,28,Madrid,Corporate,ICE,KKL,FOCUS SEGMENT,Standard,12
2023,10,PORSCHE,28,Madrid,Corporate,ICE,MKL,FOCUS SEGMENT,M Performance,2
2023,10,PORSCHE,28,Madrid,Corporate,ICE,MKL,FOCUS SEGMENT,Standard,4
2023,10,PORSCHE,28,Madrid,Corporate,PHEV,GKL,FOCUS SEGMENT,M Performance,1
2023,10,PORSCHE,28,Madrid,Corporate,PHEV,GKL,FOCUS SEGMENT,Standard,3
2023,10,PORSCHE,28,Madrid,Corporate,PHEV,MKL,FOCUS SEGMENT,Standard,68
2023,10,PORSCHE,28,Madrid,Private,BEV,GKL,FOCUS SEGMENT,M Performance,2
2023,10,PORSCHE,28,Madrid,Private,BEV,GKL,FOCUS SEGMENT,Standard,1
2023,10,PORSCHE,28,Madrid,Private,ICE,GKL,FOCUS SEGMENT,M Performance,1
2023,10,PORSCHE,28,Madrid,Private,ICE,GKL,FOCUS SEGMENT,Standard,1
2023,10,PORSCHE,28,Madrid,Private,ICE,KKL,FOCUS SEGMENT,M Performance,3
2023,10,PORSCHE,28,Madrid,Private,ICE,KKL,FOCUS SEGMENT,Standard,1
2023,10,PORSCHE,28,Madrid,Private,PHEV,GKL,FOCUS SEGMENT,M Performance,1
2023,10,PORSCHE,28,Madrid,Private,PHEV,GKL,FOCUS SEGMENT,Standard,3
2023,10,PORSCHE,28,Madrid,Private,PHEV,MKL,FOCUS SEGMENT,Standard,15
2023,10,PORSCHE,28,Madrid,RAC,BEV,GKL,FOCUS SEGMENT,M Performance,1
2023,10,PORSCHE,28,Madrid,RAC,PHEV,MKL,FOCUS SEGMENT,M,1
2023,10,RENAULT,28,Madrid,Corporate,BEV,SKL,REST,Standard,6
2023,10,RENAULT,28,Madrid,Corporate,BEV,UKL0,REST,Standard,8
2023,10,RENAULT,28,Madrid,Corporate,BEV,UKL1,REST,Standard,14
2023,10,RENAULT,28,Madrid,Corporate,BEV,UKL2,REST,Standard,19
2023,10,RENAULT,28,Madrid,Corporate,ICE,KKL,REST,Standard,66
2023,10,RENAULT,28,Madrid,Corporate,ICE,SKL,REST,Standard,63
2023,10,RENAULT,28,Madrid,Corporate,ICE,UKL1,REST,Standard,439
2023,10,RENAULT,28,Madrid,Corporate,ICE,UKL2,REST,Standard,361
2023,10,RENAULT,28,Madrid,Corporate,PHEV,UKL1,REST,Standard,15
2023,10,RENAULT,28,Madrid,Corporate,PHEV,UKL2,REST,Standard,1
2023,10,RENAULT,28,Madrid,Private,BEV,UKL0,REST,Standard,5
2023,10,RENAULT,28,Madrid,Private,BEV,UKL2,REST,Standard,2
2023,10,RENAULT,28,Madrid,Private,ICE,KKL,REST,Standard,15
2023,10,RENAULT,28,Madrid,Private,ICE,SKL,REST,Standard,6
2023,10,RENAULT,28,Madrid,Private,ICE,UKL1,REST,Standard,234
2023,10,RENAULT,28,Madrid,Private,ICE,UKL2,REST,Standard,235
2023,10,RENAULT,28,Madrid,Private,PHEV,UKL1,REST,Standard,2
2023,10,RENAULT,28,Madrid,RAC,ICE,KKL,REST,Standard,2
2023,10,SEAT,28,Madrid,Corporate,ICE,KKL,REST,Standard,24
2023,10,SEAT,28,Madrid,Corporate,ICE,UKL1,REST,Standard,740
2023,10,SEAT,28,Madrid,Corporate,ICE,UKL2,REST,Standard,346
2023,10,SEAT,28,Madrid,Corporate,PHEV,KKL,REST,Standard,2
2023,10,SEAT,28,Madrid,Corporate,PHEV,UKL2,REST,Standard,26
2023,10,SEAT,28,Madrid,Private,ICE,KKL,REST,Standard,10
2023,10,SEAT,28,Madrid,Private,ICE,UKL1,REST,Standard,114
2023,10,SEAT,28,Madrid,Private,ICE,UKL2,REST,Standard,89
2023,10,SEAT,28,Madrid,Private,PHEV,KKL,REST,Standard,2
2023,10,SEAT,28,Madrid,Private,PHEV,UKL2,REST,Standard,5
2023,10,SEAT,28,Madrid,RAC,ICE,UKL1,REST,Standard,101
2023,10,SEAT,28,Madrid,RAC,ICE,UKL2,REST,Standard,123
2023,10,SKODA,28,Madrid,Corporate,BEV,UKL2,REST,Standard,7
2023,10,SKODA,28,Madrid,Corporate,ICE,KKL,REST,Standard,116
2023,10,SKODA,28,Madrid,Corporate,ICE,UKL1,REST,Standard,250
2023,10,SKODA,28,Madrid,Corporate,ICE,UKL2,REST,Standard,523
2023,10,SKODA,28,Madrid,Corporate,PHEV,UKL2,REST,Standard,8
2023,10,SKODA,28,Madrid,Private,ICE,KKL,REST,Standard,10
2023,10,SKODA,28,Madrid,Private,ICE,UKL1,REST,Standard,51
2023,10,SKODA,28,Madrid,Private,ICE,UKL2,REST,Standard,31
2023,10,SKODA,28,Madrid,RAC,ICE,KKL,REST,Standard,2
2023,10,SKODA,28,Madrid,RAC,ICE,UKL1,REST,Standard,87
2023,10,SKODA,28,Madrid,RAC,ICE,UKL2,REST,Standard,63
2023,10,SMART,28,Madrid,Corporate,BEV,,REST,Standard,10
2023,10,SMART,28,Madrid,Corporate,BEV,UKL1,FOCUS SEGMENT,Standard,30
2023,10,SMART,28,Madrid,Private,BEV,,REST,Standard,12
2023,10,SMART,28,Madrid,Private,BEV,UKL1,FOCUS SEGMENT,Standard,10
2023,10,SMART,28,Madrid,RAC,BEV,UKL1,FOCUS SEGMENT,Standard,169
2023,10,SSANGYONG,28,Madrid,Corporate,ICE,KKL,REST,Standard,4
2023,10,SSANGYONG,28,Madrid,Corporate,ICE,MKL,REST,Standard,19
2023,10,SSANGYONG,28,Madrid,Corporate,ICE,UKL1,REST,Standard,1
2023,10,SSANGYONG,28,Madrid,Private,ICE,KKL,REST,Standard,7
2023,10,SSANGYONG,28,Madrid,Private,ICE,MKL,REST,Standard,1
2023,10,SSANGYONG,28,Madrid,Private,ICE,UKL1,REST,Standard,14
2023,10,SUBARU,28,Madrid,Corporate,BEV,UKL2,REST,Standard,1
2023,10,SUBARU,28,Madrid,Corporate,ICE,KKL,REST,Standard,6
2023,10,SUBARU,28,Madrid,Corporate,ICE,UKL2,REST,Standard,4
2023,10,SUBARU,28,Madrid,Private,ICE,KKL,REST,Standard,14
2023,10,SUBARU,28,Madrid,Private,ICE,UKL2,REST,Standard,5
2023,10,SUZUKI,28,Madrid,Corporate,ICE,SKL,REST,Standard,1
2023,10,SUZUKI,28,Madrid,Corporate,ICE,UKL0,REST,Standard,5
2023,10,SUZUKI,28,Madrid,Corporate,ICE,UKL1,REST,Standard,5
2023,10,SUZUKI,28,Madrid,Corporate,ICE,UKL2,REST,Standard,1
2023,10,SUZUKI,28,Madrid,Corporate,PHEV,UKL2,REST,Standard,22
2023,10,SUZUKI,28,Madrid,Private,ICE,SKL,REST,Standard,4
2023,10,SUZUKI,28,Madrid,Private,ICE,UKL0,REST,Standard,7
2023,10,SUZUKI,28,Madrid,Private,ICE,UKL1,REST,Standard,35
2023,10,SUZUKI,28,Madrid,Private,ICE,UKL2,REST,Standard,22
2023,10,SUZUKI,28,Madrid,RAC,ICE,SKL,REST,Standard,1
2023,10,TESLA,28,Madrid,Corporate,BEV,KKL,FOCUS SEGMENT,Standard,151
2023,10,TESLA,28,Madrid,Private,BEV,GKL,FOCUS SEGMENT,Standard,1
2023,10,TESLA,28,Madrid,Private,BEV,KKL,FOCUS SEGMENT,Standard,93
2023,10,TOYOTA,28,Madrid,Corporate,BEV,SKL,REST,Standard,5
2023,10,TOYOTA,28,Madrid,Corporate,ICE,GKL,REST,Standard,38
2023,10,TOYOTA,28,Madrid,Corporate,ICE,KKL,REST,Standard,4
2023,10,TOYOTA,28,Madrid,Corporate,ICE,MKL,REST,Standard,22
2023,10,TOYOTA,28,Madrid,Corporate,ICE,SKL,REST,Standard,42
2023,10,TOYOTA,28,Madrid,Corporate,ICE,UKL0,REST,Standard,57
2023,10,TOYOTA,28,Madrid,Corporate,ICE,UKL1,REST,Standard,1028
2023,10,TOYOTA,28,Madrid,Corporate,ICE,UKL2,REST,Standard,657
2023,10,TOYOTA,28,Madrid,Corporate,PHEV,UKL2,REST,Standard,31
2023,10,TOYOTA,28,Madrid,Private,ICE,GKL,REST,Standard,3
2023,10,TOYOTA,28,Madrid,Private,ICE,KKL,REST,Standard,3
2023,10,TOYOTA,28,Madrid,Private,ICE,MKL,REST,Standard,6
2023,10,TOYOTA,28,Madrid,Private,ICE,SKL,REST,Standard,6
2023,10,TOYOTA,28,Madrid,Private,ICE,UKL0,REST,Standard,2
2023,10,TOYOTA,28,Madrid,Private,ICE,UKL1,REST,Standard,455
2023,10,TOYOTA,28,Madrid,Private,ICE,UKL2,REST,Standard,459
2023,10,TOYOTA,28,Madrid,Private,PHEV,UKL2,REST,Standard,15
2023,10,TOYOTA,28,Madrid,RAC,ICE,UKL1,REST,Standard,12
2023,10,TOYOTA,28,Madrid,RAC,ICE,UKL2,REST,Standard,4
2023,10,VOLKSWAGEN,28,Madrid,Corporate,BEV,SKL,REST,Standard,49
2023,10,VOLKSWAGEN,28,Madrid,Corporate,BEV,UKL2,REST,Standard,172
2023,10,VOLKSWAGEN,28,Madrid,Corporate,ICE,KKL,REST,Standard,92
2023,10,VOLKSWAGEN,28,Madrid,Corporate,ICE,MKL,REST,Standard,10
2023,10,VOLKSWAGEN,28,Madrid,Corporate,ICE,SKL,REST,Standard,51
2023,10,VOLKSWAGEN,28,Madrid,Corporate,ICE,UKL1,REST,Standard,544
2023,10,VOLKSWAGEN,28,Madrid,Corporate,ICE,UKL2,REST,Standard,1036
2023,10,VOLKSWAGEN,28,Madrid,Corporate,PHEV,KKL,REST,Standard,4
2023,10,VOLKSWAGEN,28,Madrid,Corporate,PHEV,MKL,REST,Standard,11
2023,10,VOLKSWAGEN,28,Madrid,Corporate,PHEV,SKL,REST,Standard,18
2023,10,VOLKSWAGEN,28,Madrid,Corporate,PHEV,UKL2,REST,Standard,96
2023,10,VOLKSWAGEN,28,Madrid,Private,BEV,SKL,REST,Standard,2
2023,10,VOLKSWAGEN,28,Madrid,Private,BEV,UKL2,REST,Standard,7
2023,10,VOLKSWAGEN,28,Madrid,Private,ICE,SKL,REST,Standard,5
2023,10,VOLKSWAGEN,28,Madrid,Private,ICE,UKL1,REST,Standard,73
2023,10,VOLKSWAGEN,28,Madrid,Private,ICE,UKL2,REST,Standard,131
2023,10,VOLKSWAGEN,28,Madrid,Private,PHEV,KKL,REST,Standard,1
2023,10,VOLKSWAGEN,28,Madrid,Private,PHEV,MKL,REST,Standard,1
2023,10,VOLKSWAGEN,28,Madrid,Private,PHEV,SKL,REST,Standard,12
2023,10,VOLKSWAGEN,28,Madrid,Private,PHEV,UKL2,REST,Standard,17
2023,10,VOLKSWAGEN,28,Madrid,RAC,ICE,SKL,REST,Standard,1
2023,10,VOLKSWAGEN,28,Madrid,RAC,ICE,UKL1,REST,Standard,3
2023,10,VOLKSWAGEN,28,Madrid,RAC,ICE,UKL2,REST,Standard,1
2023,10,VOLVO,28,Madrid,Corporate,BEV,UKL2,FOCUS SEGMENT,Standard,30
2023,10,VOLVO,28,Madrid,Corporate,ICE,KKL,FOCUS SEGMENT,Standard,140
2023,10,VOLVO,28,Madrid,Corporate,ICE,MKL,FOCUS SEGMENT,Standard,45
2023,10,VOLVO,28,Madrid,Corporate,ICE,UKL2,FOCUS SEGMENT,Standard,132
2023,10,VOLVO,28,Madrid,Corporate,PHEV,KKL,FOCUS SEGMENT,Standard,150
2023,10,VOLVO,28,Madrid,Corporate,PHEV,MKL,FOCUS SEGMENT,Standard,32
2023,10,VOLVO,28,Madrid,Corporate,PHEV,UKL2,FOCUS SEGMENT,Standard,81
2023,10,VOLVO,28,Madrid,Private,BEV,UKL2,FOCUS SEGMENT,Standard,9
2023,10,VOLVO,28,Madrid,Private,ICE,KKL,FOCUS SEGMENT,Standard,14
2023,10,VOLVO,28,Madrid,Private,ICE,MKL,FOCUS SEGMENT,Standard,3
2023,10,VOLVO,28,Madrid,Private,ICE,UKL2,FOCUS SEGMENT,Standard,25
2023,10,VOLVO,28,Madrid,Private,PHEV,KKL,FOCUS SEGMENT,Standard,7
2023,10,VOLVO,28,Madrid,Private,PHEV,MKL,FOCUS SEGMENT,Standard,3
2023,10,VOLVO,28,Madrid,Private,PHEV,UKL2,FOCUS SEGMENT,Standard,14
2023,10,VOLVO,28,Madrid,RAC,ICE,KKL,FOCUS SEGMENT,Standard,150
2023,10,VOLVO,28,Madrid,RAC,ICE,MKL,FOCUS SEGMENT,Standard,1
2023,10,VOLVO,28,Madrid,RAC,ICE,UKL2,FOCUS SEGMENT,Standard,137
2023,10,YUDO,28,Madrid,Corporate,BEV,,REST,Standard,3
2023,10,ALFA ROMEO,29,Málaga,Corporate,ICE,KKL,REST,Standard,2
2023,10,ALPINE,29,Málaga,Private,ICE,KKL,REST,Standard,1
2023,10,ASTON MARTIN,29,Málaga,Private,ICE,GKL+,FOCUS SEGMENT,Standard,1
2023,10,AUDI,29,Málaga,Corporate,ICE,KKL,FOCUS SEGMENT,Standard,2
2023,10,AUDI,29,Málaga,Corporate,ICE,MKL,FOCUS SEGMENT,M,1
2023,10,AUDI,29,Málaga,Corporate,ICE,UKL1,FOCUS SEGMENT,Standard,1
2023,10,AUDI,29,Málaga,Corporate,ICE,UKL2,FOCUS SEGMENT,Standard,3
2023,10,AUDI,29,Málaga,Corporate,PHEV,KKL,FOCUS SEGMENT,Standard,1
2023,10,AUDI,29,Málaga,Private,BEV,UKL2,FOCUS SEGMENT,Standard,2
2023,10,AUDI,29,Málaga,Private,ICE,KKL,FOCUS SEGMENT,Standard,6
2023,10,AUDI,29,Málaga,Private,ICE,UKL1,FOCUS SEGMENT,Standard,1
2023,10,AUDI,29,Málaga,Private,ICE,UKL2,FOCUS SEGMENT,Standard,15
2023,10,AUDI,29,Málaga,Private,PHEV,UKL2,FOCUS SEGMENT,Standard,2
2023,10,BENTLEY,29,Málaga,Corporate,ICE,GKL+,FOCUS SEGMENT,Standard,1
2023,10,BENTLEY,29,Málaga,Private,ICE,GKL+,FOCUS SEGMENT,Standard,1
2023,10,BENTLEY,29,Málaga,Private,PHEV,GKL+,FOCUS SEGMENT,Standard,1
2023,10,BMW,29,Málaga,Corporate,BEV,GKL,FOCUS SEGMENT,Standard,1
2023,10,BMW,29,Málaga,Corporate,BEV,KKL,FOCUS SEGMENT,Standard,2
2023,10,BMW,29,Málaga,Corporate,BEV,MKL,FOCUS SEGMENT,Standard,1
2023,10,BMW,29,Málaga,Corporate,BEV,UKL2,FOCUS SEGMENT,Standard,2
2023,10,BMW,29,Málaga,Corporate,ICE,KKL,FOCUS SEGMENT,M,1
2023,10,BMW,29,Málaga,Corporate,ICE,KKL,FOCUS SEGMENT,M Performance,1
2023,10,BMW,29,Málaga,Corporate,ICE,KKL,FOCUS SEGMENT,Standard,35
2023,10,BMW,29,Málaga,Corporate,ICE,MKL,FOCUS SEGMENT,Standard,1
2023,10,BMW,29,Málaga,Corporate,ICE,UKL2,FOCUS SEGMENT,Standard,31
2023,10,BMW,29,Málaga,Corporate,PHEV,UKL2,FOCUS SEGMENT,Standard,3
2023,10,BMW,29,Málaga,Private,BEV,KKL,FOCUS SEGMENT,M Performance,1
2023,10,BMW,29,Málaga,Private,BEV,KKL,FOCUS SEGMENT,Standard,2
2023,10,BMW,29,Málaga,Private,BEV,UKL2,FOCUS SEGMENT,Standard,3
2023,10,BMW,29,Málaga,Private,ICE,KKL,FOCUS SEGMENT,M Performance,1
2023,10,BMW,29,Málaga,Private,ICE,KKL,FOCUS SEGMENT,Standard,12
2023,10,BMW,29,Málaga,Private,ICE,MKL,FOCUS SEGMENT,Standard,1
2023,10,BMW,29,Málaga,Private,ICE,UKL2,FOCUS SEGMENT,M,1
2023,10,BMW,29,Málaga,Private,ICE,UKL2,FOCUS SEGMENT,Standard,66
2023,10,BMW,29,Málaga,Private,PHEV,UKL2,FOCUS SEGMENT,Standard,8
2023,10,BYD,29,Málaga,Corporate,BEV,MKL,REST,Standard,1
2023,10,BYD,29,Málaga,Corporate,BEV,UKL2,REST,Standard,3
2023,10,BYD,29,Málaga,Private,BEV,UKL2,REST,Standard,3
2023,10,CITROEN,29,Málaga,Corporate,ICE,UKL1,REST,Standard,10
2023,10,CITROEN,29,Málaga,Corporate,ICE,UKL2,REST,Standard,16
2023,10,CITROEN,29,Málaga,Private,BEV,UKL2,REST,Standard,1
2023,10,CITROEN,29,Málaga,Private,ICE,MKL,REST,Standard,1
2023,10,CITROEN,29,Málaga,Private,ICE,UKL1,REST,Standard,16
2023,10,CITROEN,29,Málaga,Private,ICE,UKL2,REST,Standard,41
2023,10,CITROEN,29,Málaga,RAC,ICE,UKL1,REST,Standard,19
2023,10,CITROEN,29,Málaga,RAC,ICE,UKL2,REST,Standard,5
2023,10,CUPRA,29,Málaga,Corporate,ICE,UKL2,REST,Standard,10
2023,10,CUPRA,29,Málaga,Corporate,PHEV,UKL2,REST,Standard,3
2023,10,CUPRA,29,Málaga,Private,ICE,UKL2,REST,Standard,6
2023,10,CUPRA,29,Málaga,Private,PHEV,UKL2,REST,Standard,1
2023,10,CUPRA,29,Málaga,RAC,ICE,UKL2,REST,Standard,1
2023,10,DACIA,29,Málaga,Corporate,BEV,UKL0,REST,Standard,1
2023,10,DACIA,29,Málaga,Corporate,ICE,UKL1,REST,Standard,5
2023,10,DACIA,29,Málaga,Corporate,ICE,UKL2,REST,Standard,3
2023,10,DACIA,29,Málaga,Private,BEV,UKL0,REST,Standard,1
2023,10,DACIA,29,Málaga,Private,ICE,SKL,REST,Standard,21
2023,10,DACIA,29,Málaga,Private,ICE,UKL1,REST,Standard,75
2023,10,DACIA,29,Málaga,Private,ICE,UKL2,REST,Standard,30
2023,10,DACIA,29,Málaga,RAC,ICE,UKL1,REST,Standard,5
2023,10,DFSK,29,Málaga,Private,ICE,,,Standard,1
2023,10,DS,29,Málaga,Private,ICE,UKL2,REST,Standard,1
2023,10,FIAT,29,Málaga,Corporate,BEV,UKL0,REST,Standard,3
2023,10,FIAT,29,Málaga,Corporate,ICE,,,Standard,5
2023,10,FIAT,29,Málaga,Corporate,ICE,UKL0,REST,Standard,10
2023,10,FIAT,29,Málaga,Private,ICE,,,Standard,1
2023,10,FIAT,29,Málaga,Private,ICE,,REST,Standard,1
2023,10,FIAT,29,Málaga,Private,ICE,UKL0,REST,Standard,25
2023,10,FIAT,29,Málaga,RAC,ICE,UKL0,REST,Standard,4
2023,10,FORD,29,Málaga,Corporate,ICE,SKL,REST,Standard,2
2023,10,FORD,29,Málaga,Corporate,ICE,UKL1,REST,Standard,4
2023,10,FORD,29,Málaga,Corporate,ICE,UKL2,REST,Standard,2
2023,10,FORD,29,Málaga,Corporate,PHEV,UKL2,REST,Standard,4
2023,10,FORD,29,Málaga,Private,BEV,KKL,REST,Standard,1
2023,10,FORD,29,Málaga,Private,ICE,SKL,REST,Standard,7
2023,10,FORD,29,Málaga,Private,ICE,UKL1,REST,Standard,24
2023,10,FORD,29,Málaga,Private,ICE,UKL2,REST,Standard,26
2023,10,FORD,29,Málaga,Private,PHEV,UKL2,REST,Standard,7
2023,10,HONDA,29,Málaga,Corporate,ICE,KKL,REST,Standard,1
2023,10,HONDA,29,Málaga,Corporate,PHEV,KKL,REST,Standard,1
2023,10,HONDA,29,Málaga,Private,ICE,UKL1,REST,Standard,1
2023,10,HONDA,29,Málaga,Private,ICE,UKL2,REST,Standard,3
2023,10,HONDA,29,Málaga,RAC,ICE,UKL1,REST,Standard,1
2023,10,HYUNDAI,29,Málaga,Corporate,ICE,UKL0,REST,Standard,3
2023,10,HYUNDAI,29,Málaga,Corporate,ICE,UKL1,REST,Standard,1
2023,10,HYUNDAI,29,Málaga,Corporate,ICE,UKL2,REST,Standard,1
2023,10,HYUNDAI,29,Málaga,Private,BEV,UKL1,REST,Standard,1
2023,10,HYUNDAI,29,Málaga,Private,ICE,UKL0,REST,Standard,11
2023,10,HYUNDAI,29,Málaga,Private,ICE,UKL1,REST,Standard,56
2023,10,HYUNDAI,29,Málaga,Private,ICE,UKL2,REST,Standard,37
2023,10,HYUNDAI,29,Málaga,Private,PHEV,UKL2,REST,Standard,1
2023,10,INEOS,29,Málaga,Corporate,ICE,MKL,REST,Standard,1
2023,10,JEEP,29,Málaga,Corporate,BEV,UKL1,REST,Standard,2
2023,10,JEEP,29,Málaga,Corporate,ICE,UKL2,REST,Standard,6
2023,10,JEEP,29,Málaga,Corporate,PHEV,UKL2,REST,Standard,6
2023,10,JEEP,29,Málaga,Private,BEV,UKL1,REST,Standard,1
2023,10,JEEP,29,Málaga,Private,ICE,UKL1,REST,Standard,6
2023,10,JEEP,29,Málaga,Private,ICE,UKL2,REST,Standard,1
2023,10,JEEP,29,Málaga,Private,PHEV,UKL1,REST,Standard,1
2023,10,JEEP,29,Málaga,Private,PHEV,UKL2,REST,Standard,3
2023,10,KIA,29,Málaga,Corporate,BEV,MKL,REST,Standard,3
2023,10,KIA,29,Málaga,Corporate,ICE,UKL1,REST,Standard,2
2023,10,KIA,29,Málaga,Corporate,ICE,UKL2,REST,Standard,4
2023,10,KIA,29,Málaga,Corporate,PHEV,UKL2,REST,Standard,3
2023,10,KIA,29,Málaga,Private,BEV,KKL,REST,Standard,11
2023,10,KIA,29,Málaga,Private,BEV,UKL2,REST,Standard,22
2023,10,KIA,29,Málaga,Private,ICE,KKL,REST,Standard,6
2023,10,KIA,29,Málaga,Private,ICE,UKL0,REST,Standard,3
2023,10,KIA,29,Málaga,Private,ICE,UKL1,REST,Standard,24
2023,10,KIA,29,Málaga,Private,ICE,UKL2,REST,Standard,81
2023,10,KIA,29,Málaga,Private,PHEV,UKL2,REST,Standard,4
2023,10,KIA,29,Málaga,RAC,ICE,UKL1,REST,Standard,1
2023,10,KIA,29,Málaga,RAC,ICE,UKL2,REST,Standard,2
2023,10,LAND ROVER,29,Málaga,Corporate,ICE,MKL,FOCUS SEGMENT,Standard,1
2023,10,LAND ROVER,29,Málaga,Corporate,PHEV,MKL,FOCUS SEGMENT,Standard,1
2023,10,LAND ROVER,29,Málaga,Private,ICE,GKL,FOCUS SEGMENT,Standard,1
2023,10,LAND ROVER,29,Málaga,Private,ICE,MKL,FOCUS SEGMENT,Standard,4
2023,10,LAND ROVER,29,Málaga,Private,ICE,UKL2,FOCUS SEGMENT,Standard,1
2023,10,LAND ROVER,29,Málaga,Private,PHEV,GKL,FOCUS SEGMENT,Standard,4
2023,10,LAND ROVER,29,Málaga,Private,PHEV,MKL,FOCUS SEGMENT,Standard,4
2023,10,LAND ROVER,29,Málaga,Private,PHEV,UKL2,FOCUS SEGMENT,Standard,2
2023,10,LAND ROVER,29,Málaga,RAC,ICE,UKL2,FOCUS SEGMENT,Standard,1
2023,10,LEXUS,29,Málaga,Corporate,ICE,MKL,FOCUS SEGMENT,Standard,1
2023,10,LEXUS,29,Málaga,Corporate,ICE,UKL2,FOCUS SEGMENT,Standard,1
2023,10,LEXUS,29,Málaga,Private,ICE,KKL,FOCUS SEGMENT,Standard,1
2023,10,LEXUS,29,Málaga,Private,ICE,UKL2,FOCUS SEGMENT,Standard,8
2023,10,LEXUS,29,Málaga,Private,PHEV,MKL,FOCUS SEGMENT,Standard,1
2023,10,LYNK & CO,29,Málaga,Private,PHEV,UKL2,REST,Standard,1
2023,10,MASERATI,29,Málaga,Corporate,ICE,KKL,FOCUS SEGMENT,Standard,2
2023,10,MAZDA,29,Málaga,Corporate,ICE,KKL,REST,Standard,1
2023,10,MAZDA,29,Málaga,Corporate,ICE,UKL2,REST,Standard,9
2023,10,MAZDA,29,Málaga,Private,ICE,KKL,REST,Standard,2
2023,10,MAZDA,29,Málaga,Private,ICE,UKL1,REST,Standard,1
2023,10,MAZDA,29,Málaga,Private,ICE,UKL2,REST,Standard,24
2023,10,MAZDA,29,Málaga,Private,PHEV,KKL,REST,Standard,1
2023,10,MCLAREN,29,Málaga,Private,PHEV,GKL+,FOCUS SEGMENT,Standard,1
2023,10,MERCEDES,29,Málaga,Corporate,BEV,GKL,FOCUS SEGMENT,Standard,1
2023,10,MERCEDES,29,Málaga,Corporate,BEV,UKL2,FOCUS SEGMENT,Standard,4
2023,10,MERCEDES,29,Málaga,Corporate,ICE,GKL,FOCUS SEGMENT,M Performance,1
2023,10,MERCEDES,29,Málaga,Corporate,ICE,GKL,FOCUS SEGMENT,Standard,1
2023,10,MERCEDES,29,Málaga,Corporate,ICE,KKL,FOCUS SEGMENT,Standard,14
2023,10,MERCEDES,29,Málaga,Corporate,ICE,MKL,FOCUS SEGMENT,M Performance,1
2023,10,MERCEDES,29,Málaga,Corporate,ICE,MKL,FOCUS SEGMENT,Standard,5
2023,10,MERCEDES,29,Málaga,Corporate,ICE,MKL,REST,Standard,3
2023,10,MERCEDES,29,Málaga,Corporate,ICE,SKL,REST,Standard,3
2023,10,MERCEDES,29,Málaga,Corporate,ICE,UKL2,FOCUS SEGMENT,M Performance,1
2023,10,MERCEDES,29,Málaga,Corporate,ICE,UKL2,FOCUS SEGMENT,Standard,18
2023,10,MERCEDES,29,Málaga,Corporate,PHEV,KKL,FOCUS SEGMENT,Standard,7
2023,10,MERCEDES,29,Málaga,Corporate,PHEV,UKL2,FOCUS SEGMENT,Standard,7
2023,10,MERCEDES,29,Málaga,Private,BEV,KKL,FOCUS SEGMENT,Standard,1
2023,10,MERCEDES,29,Málaga,Private,BEV,MKL,FOCUS SEGMENT,Standard,3
2023,10,MERCEDES,29,Málaga,Private,ICE,KKL,FOCUS SEGMENT,Standard,9
2023,10,MERCEDES,29,Málaga,Private,ICE,MKL,FOCUS SEGMENT,M Performance,1
2023,10,MERCEDES,29,Málaga,Private,ICE,MKL,FOCUS SEGMENT,Standard,2
2023,10,MERCEDES,29,Málaga,Private,ICE,UKL2,FOCUS SEGMENT,Standard,28
2023,10,MERCEDES,29,Málaga,Private,PHEV,KKL,FOCUS SEGMENT,Standard,1
2023,10,MERCEDES,29,Málaga,Private,PHEV,MKL,FOCUS SEGMENT,Standard,1
2023,10,MERCEDES,29,Málaga,Private,PHEV,UKL2,FOCUS SEGMENT,Standard,4
2023,10,MERCEDES,29,Málaga,RAC,ICE,KKL,FOCUS SEGMENT,Standard,3
2023,10,MERCEDES,29,Málaga,RAC,ICE,MKL,REST,Standard,1
2023,10,MERCEDES,29,Málaga,RAC,ICE,UKL2,FOCUS SEGMENT,Standard,3
2023,10,MERCEDES,29,Málaga,RAC,PHEV,KKL,FOCUS SEGMENT,Standard,1
2023,10,MERCEDES,29,Málaga,RAC,PHEV,UKL2,FOCUS SEGMENT,Standard,3
2023,10,MG,29,Málaga,Corporate,ICE,KKL,REST,Standard,1
2023,10,MG,29,Málaga,Corporate,ICE,UKL1,REST,Standard,3
2023,10,MG,29,Málaga,Private,BEV,UKL1,REST,Standard,1
2023,10,MG,29,Málaga,Private,BEV,UKL2,REST,Standard,5
2023,10,MG,29,Málaga,Private,ICE,KKL,REST,Standard,6
2023,10,MG,29,Málaga,Private,ICE,UKL1,REST,Standard,82
2023,10,MG,29,Málaga,Private,PHEV,KKL,REST,Standard,1
2023,10,MG,29,Málaga,RAC,ICE,UKL1,REST,Standard,2
2023,10,MINI,29,Málaga,Corporate,BEV,UKL1,FOCUS SEGMENT,Standard,16
2023,10,MINI,29,Málaga,Private,BEV,UKL1,FOCUS SEGMENT,Standard,3
2023,10,MINI,29,Málaga,Private,ICE,UKL1,FOCUS SEGMENT,Standard,11
2023,10,MINI,29,Málaga,Private,ICE,UKL2,FOCUS SEGMENT,Standard,4
2023,10,MITSUBISHI,29,Málaga,Corporate,ICE,UKL1,REST,Standard,6
2023,10,MITSUBISHI,29,Málaga,Corporate,PHEV,UKL2,REST,Standard,1
2023,10,MITSUBISHI,29,Málaga,Private,PHEV,UKL2,REST,Standard,1
2023,10,NISSAN,29,Málaga,Corporate,ICE,KKL,REST,Standard,3
2023,10,NISSAN,29,Málaga,Corporate,ICE,SKL,REST,Standard,1
2023,10,NISSAN,29,Málaga,Corporate,ICE,UKL1,REST,Standard,5
2023,10,NISSAN,29,Málaga,Corporate,ICE,UKL2,REST,Standard,12
2023,10,NISSAN,29,Málaga,Private,BEV,UKL2,REST,Standard,1
2023,10,NISSAN,29,Málaga,Private,ICE,KKL,REST,Standard,5
2023,10,NISSAN,29,Málaga,Private,ICE,SKL,REST,Standard,1
2023,10,NISSAN,29,Málaga,Private,ICE,UKL1,REST,Standard,9
2023,10,NISSAN,29,Málaga,Private,ICE,UKL2,REST,Standard,17
2023,10,OPEL,29,Málaga,Corporate,ICE,UKL1,REST,Standard,5
2023,10,OPEL,29,Málaga,Corporate,ICE,UKL2,REST,Standard,4
2023,10,OPEL,29,Málaga,Corporate,PHEV,UKL2,REST,Standard,1
2023,10,OPEL,29,Málaga,Private,ICE,UKL1,REST,Standard,14
2023,10,OPEL,29,Málaga,Private,ICE,UKL2,REST,Standard,1
2023,10,OPEL,29,Málaga,RAC,ICE,UKL1,REST,Standard,1
2023,10,PEUGEOT,29,Málaga,Corporate,BEV,SKL,REST,Standard,2
2023,10,PEUGEOT,29,Málaga,Corporate,ICE,KKL,REST,Standard,1
2023,10,PEUGEOT,29,Málaga,Corporate,ICE,UKL1,REST,Standard,12
2023,10,PEUGEOT,29,Málaga,Corporate,ICE,UKL2,REST,Standard,2
2023,10,PEUGEOT,29,Málaga,Corporate,PHEV,UKL2,REST,Standard,2
2023,10,PEUGEOT,29,Málaga,Private,BEV,UKL1,REST,Standard,3
2023,10,PEUGEOT,29,Málaga,Private,ICE,KKL,REST,Standard,4
2023,10,PEUGEOT,29,Málaga,Private,ICE,UKL1,REST,Standard,40
2023,10,PEUGEOT,29,Málaga,Private,ICE,UKL2,REST,Standard,16
2023,10,PEUGEOT,29,Málaga,Private,PHEV,UKL2,REST,Standard,5
2023,10,PEUGEOT,29,Málaga,RAC,BEV,UKL1,REST,Standard,8
2023,10,PORSCHE,29,Málaga,Corporate,BEV,GKL,FOCUS SEGMENT,M,1
2023,10,PORSCHE,29,Málaga,Corporate,ICE,KKL,FOCUS SEGMENT,M Performance,1
2023,10,PORSCHE,29,Málaga,Corporate,ICE,MKL,FOCUS SEGMENT,M Performance,1
2023,10,PORSCHE,29,Málaga,Corporate,ICE,MKL,FOCUS SEGMENT,Standard,1
2023,10,PORSCHE,29,Málaga,Corporate,PHEV,MKL,FOCUS SEGMENT,Standard,5
2023,10,PORSCHE,29,Málaga,Private,BEV,GKL,FOCUS SEGMENT,M Performance,2
2023,10,PORSCHE,29,Málaga,Private,ICE,GKL,FOCUS SEGMENT,M,3
2023,10,PORSCHE,29,Málaga,Private,ICE,GKL,FOCUS SEGMENT,Standard,2
2023,10,PORSCHE,29,Málaga,Private,ICE,KKL,FOCUS SEGMENT,M Performance,2
2023,10,PORSCHE,29,Málaga,Private,ICE,KKL,FOCUS SEGMENT,Standard,3
2023,10,PORSCHE,29,Málaga,Private,ICE,MKL,FOCUS SEGMENT,M Performance,2
2023,10,PORSCHE,29,Málaga,Private,ICE,MKL,FOCUS SEGMENT,Standard,1
2023,10,PORSCHE,29,Málaga,Private,PHEV,GKL,FOCUS SEGMENT,Standard,1
2023,10,PORSCHE,29,Málaga,Private,PHEV,MKL,FOCUS SEGMENT,Standard,8
2023,10,RENAULT,29,Málaga,Corporate,BEV,UKL2,REST,Standard,2
2023,10,RENAULT,29,Málaga,Corporate,ICE,KKL,REST,Standard,1
2023,10,RENAULT,29,Málaga,Corporate,ICE,UKL1,REST,Standard,15
2023,10,RENAULT,29,Málaga,Corporate,ICE,UKL2,REST,Standard,24
2023,10,RENAULT,29,Málaga,Private,ICE,KKL,REST,Standard,1
2023,10,RENAULT,29,Málaga,Private,ICE,SKL,REST,Standard,1
2023,10,RENAULT,29,Málaga,Private,ICE,UKL1,REST,Standard,45
2023,10,RENAULT,29,Málaga,Private,ICE,UKL2,REST,Standard,38
2023,10,SEAT,29,Málaga,Corporate,ICE,KKL,REST,Standard,1
2023,10,SEAT,29,Málaga,Corporate,ICE,UKL1,REST,Standard,24
2023,10,SEAT,29,Málaga,Corporate,ICE,UKL2,REST,Standard,10
2023,10,SEAT,29,Málaga,Corporate,PHEV,UKL2,REST,Standard,6
2023,10,SEAT,29,Málaga,Private,ICE,UKL1,REST,Standard,56
2023,10,SEAT,29,Málaga,Private,ICE,UKL2,REST,Standard,36
2023,10,SEAT,29,Málaga,RAC,ICE,UKL1,REST,Standard,8
2023,10,SKODA,29,Málaga,Corporate,ICE,UKL1,REST,Standard,9
2023,10,SKODA,29,Málaga,Corporate,ICE,UKL2,REST,Standard,6
2023,10,SKODA,29,Málaga,Private,ICE,KKL,REST,Standard,3
2023,10,SKODA,29,Málaga,Private,ICE,UKL1,REST,Standard,29
2023,10,SKODA,29,Málaga,Private,ICE,UKL2,REST,Standard,7
2023,10,SKODA,29,Málaga,Private,PHEV,UKL2,REST,Standard,1
2023,10,SMART,29,Málaga,Corporate,BEV,UKL1,FOCUS SEGMENT,Standard,7
2023,10,SMART,29,Málaga,Private,BEV,,REST,Standard,1
2023,10,SMART,29,Málaga,Private,BEV,UKL1,FOCUS SEGMENT,Standard,1
2023,10,SSANGYONG,29,Málaga,Private,ICE,KKL,REST,Standard,3
2023,10,SSANGYONG,29,Málaga,Private,ICE,MKL,REST,Standard,1
2023,10,SSANGYONG,29,Málaga,Private,ICE,UKL1,REST,Standard,1
2023,10,SUBARU,29,Málaga,Private,ICE,KKL,REST,Standard,1
2023,10,SUZUKI,29,Málaga,Corporate,ICE,UKL0,REST,Standard,1
2023,10,SUZUKI,29,Málaga,Corporate,ICE,UKL2,REST,Standard,6
2023,10,SUZUKI,29,Málaga,Private,ICE,SKL,REST,Standard,2
2023,10,SUZUKI,29,Málaga,Private,ICE,UKL0,REST,Standard,4
2023,10,SUZUKI,29,Málaga,Private,ICE,UKL1,REST,Standard,4
2023,10,SUZUKI,29,Málaga,Private,ICE,UKL2,REST,Standard,9
2023,10,TESLA,29,Málaga,Corporate,BEV,GKL,FOCUS SEGMENT,Standard,1
2023,10,TESLA,29,Málaga,Private,BEV,GKL,FOCUS SEGMENT,Standard,2
2023,10,TESLA,29,Málaga,Private,BEV,KKL,FOCUS SEGMENT,Standard,9
2023,10,TOYOTA,29,Málaga,Corporate,BEV,SKL,REST,Standard,1
2023,10,TOYOTA,29,Málaga,Corporate,ICE,MKL,REST,Standard,1
2023,10,TOYOTA,29,Málaga,Corporate,ICE,UKL1,REST,Standard,10
2023,10,TOYOTA,29,Málaga,Corporate,ICE,UKL2,REST,Standard,2
2023,10,TOYOTA,29,Málaga,Private,ICE,GKL,REST,Standard,1
2023,10,TOYOTA,29,Málaga,Private,ICE,SKL,REST,Standard,2
2023,10,TOYOTA,29,Málaga,Private,ICE,UKL0,REST,Standard,3
2023,10,TOYOTA,29,Málaga,Private,ICE,UKL1,REST,Standard,130
2023,10,TOYOTA,29,Málaga,Private,ICE,UKL2,REST,Standard,55
2023,10,TOYOTA,29,Málaga,Private,PHEV,UKL2,REST,Standard,3
2023,10,TOYOTA,29,Málaga,RAC,ICE,UKL1,REST,Standard,5
2023,10,VOLKSWAGEN,29,Málaga,Corporate,ICE,MKL,REST,Standard,1
2023,10,VOLKSWAGEN,29,Málaga,Corporate,ICE,UKL1,REST,Standard,3
2023,10,VOLKSWAGEN,29,Málaga,Corporate,ICE,UKL2,REST,Standard,4
2023,10,VOLKSWAGEN,29,Málaga,Corporate,PHEV,MKL,REST,Standard,1
2023,10,VOLKSWAGEN,29,Málaga,Private,BEV,SKL,REST,Standard,1
2023,10,VOLKSWAGEN,29,Málaga,Private,ICE,SKL,REST,Standard,3
2023,10,VOLKSWAGEN,29,Málaga,Private,ICE,UKL1,REST,Standard,21
2023,10,VOLKSWAGEN,29,Málaga,Private,ICE,UKL2,REST,Standard,29
2023,10,VOLKSWAGEN,29,Málaga,Private,PHEV,SKL,REST,Standard,1
2023,10,VOLKSWAGEN,29,Málaga,Private,PHEV,UKL2,REST,Standard,1
2023,10,VOLKSWAGEN,29,Málaga,RAC,ICE,SKL,REST,Standard,7
2023,10,VOLKSWAGEN,29,Málaga,RAC,ICE,UKL1,REST,Standard,4
2023,10,VOLVO,29,Málaga,Corporate,BEV,UKL2,FOCUS SEGMENT,Standard,2
2023,10,VOLVO,29,Málaga,Corporate,ICE,KKL,FOCUS SEGMENT,Standard,8
2023,10,VOLVO,29,Málaga,Corporate,ICE,MKL,FOCUS SEGMENT,Standard,1
2023,10,VOLVO,29,Málaga,Corporate,ICE,UKL2,FOCUS SEGMENT,Standard,1
2023,10,VOLVO,29,Málaga,Corporate,PHEV,MKL,FOCUS SEGMENT,Standard,1
2023,10,VOLVO,29,Málaga,Private,BEV,UKL2,FOCUS SEGMENT,Standard,1
2023,10,VOLVO,29,Málaga,Private,ICE,KKL,FOCUS SEGMENT,Standard,6
2023,10,VOLVO,29,Málaga,Private,ICE,UKL2,FOCUS SEGMENT,Standard,3
2023,10,VOLVO,29,Málaga,Private,PHEV,KKL,FOCUS SEGMENT,Standard,1
2023,10,AUDI,30,Murcia,Corporate,BEV,UKL2,FOCUS SEGMENT,Standard,2
2023,10,AUDI,30,Murcia,Corporate,ICE,KKL,FOCUS SEGMENT,Standard,3
2023,10,AUDI,30,Murcia,Corporate,ICE,MKL,FOCUS SEGMENT,Standard,2
2023,10,AUDI,30,Murcia,Corporate,ICE,UKL1,FOCUS SEGMENT,Standard,1
2023,10,AUDI,30,Murcia,Corporate,ICE,UKL2,FOCUS SEGMENT,Standard,7
2023,10,AUDI,30,Murcia,Private,BEV,UKL2,FOCUS SEGMENT,Standard,2
2023,10,AUDI,30,Murcia,Private,ICE,KKL,FOCUS SEGMENT,Standard,5
2023,10,AUDI,30,Murcia,Private,ICE,UKL1,FOCUS SEGMENT,Standard,3
2023,10,AUDI,30,Murcia,Private,ICE,UKL2,FOCUS SEGMENT,Standard,21
2023,10,BMW,30,Murcia,Corporate,BEV,KKL,FOCUS SEGMENT,Standard,1
2023,10,BMW,30,Murcia,Corporate,ICE,GKL,FOCUS SEGMENT,Standard,2
2023,10,BMW,30,Murcia,Corporate,ICE,KKL,FOCUS SEGMENT,M,1
2023,10,BMW,30,Murcia,Corporate,ICE,KKL,FOCUS SEGMENT,Standard,10
2023,10,BMW,30,Murcia,Corporate,ICE,MKL,FOCUS SEGMENT,Standard,2
2023,10,BMW,30,Murcia,Corporate,ICE,UKL2,FOCUS SEGMENT,M,1
2023,10,BMW,30,Murcia,Corporate,ICE,UKL2,FOCUS SEGMENT,Standard,7
2023,10,BMW,30,Murcia,Private,BEV,MKL,FOCUS SEGMENT,Standard,1
2023,10,BMW,30,Murcia,Private,ICE,KKL,FOCUS SEGMENT,Standard,2
2023,10,BMW,30,Murcia,Private,ICE,UKL2,FOCUS SEGMENT,Standard,14
2023,10,BMW,30,Murcia,Private,PHEV,GKL,FOCUS SEGMENT,M,1
2023,10,BMW,30,Murcia,Private,PHEV,GKL,FOCUS SEGMENT,M Performance,1
2023,10,BMW,30,Murcia,Private,PHEV,UKL2,FOCUS SEGMENT,Standard,3
2023,10,CITROEN,30,Murcia,Corporate,BEV,SKL,REST,Standard,4
2023,10,CITROEN,30,Murcia,Corporate,ICE,UKL1,REST,Standard,7
2023,10,CITROEN,30,Murcia,Corporate,ICE,UKL2,REST,Standard,5
2023,10,CITROEN,30,Murcia,Corporate,PHEV,UKL2,REST,Standard,1
2023,10,CITROEN,30,Murcia,Private,BEV,UKL2,REST,Standard,1
2023,10,CITROEN,30,Murcia,Private,ICE,UKL1,REST,Standard,9
2023,10,CITROEN,30,Murcia,Private,ICE,UKL2,REST,Standard,24
2023,10,CITROEN,30,Murcia,Private,PHEV,UKL2,REST,Standard,1
2023,10,CUPRA,30,Murcia,Corporate,ICE,UKL2,REST,Standard,3
2023,10,CUPRA,30,Murcia,Private,BEV,UKL2,REST,Standard,1
2023,10,CUPRA,30,Murcia,Private,ICE,UKL2,REST,Standard,10
2023,10,CUPRA,30,Murcia,Private,PHEV,UKL2,REST,Standard,1
2023,10,DACIA,30,Murcia,Corporate,ICE,SKL,REST,Standard,5
2023,10,DACIA,30,Murcia,Corporate,ICE,UKL1,REST,Standard,4
2023,10,DACIA,30,Murcia,Corporate,ICE,UKL2,REST,Standard,2
2023,10,DACIA,30,Murcia,Private,BEV,UKL0,REST,Standard,1
2023,10,DACIA,30,Murcia,Private,ICE,SKL,REST,Standard,30
2023,10,DACIA,30,Murcia,Private,ICE,UKL1,REST,Standard,72
2023,10,DACIA,30,Murcia,Private,ICE,UKL2,REST,Standard,8
2023,10,DFSK,30,Murcia,Private,ICE,,,Standard,2
2023,10,DS,30,Murcia,Private,ICE,UKL2,REST,Standard,1
2023,10,DS,30,Murcia,Private,PHEV,UKL2,REST,Standard,1
2023,10,FIAT,30,Murcia,Corporate,ICE,UKL0,REST,Standard,2
2023,10,FIAT,30,Murcia,Corporate,ICE,UKL2,REST,Standard,1
2023,10,FIAT,30,Murcia,Private,ICE,UKL0,REST,Standard,1
2023,10,FORD,30,Murcia,Corporate,ICE,SKL,REST,Standard,1
2023,10,FORD,30,Murcia,Corporate,ICE,UKL1,REST,Standard,5
2023,10,FORD,30,Murcia,Corporate,ICE,UKL2,REST,Standard,6
2023,10,FORD,30,Murcia,Private,BEV,KKL,REST,Standard,1
2023,10,FORD,30,Murcia,Private,ICE,SKL,REST,Standard,7
2023,10,FORD,30,Murcia,Private,ICE,UKL1,REST,Standard,16
2023,10,FORD,30,Murcia,Private,ICE,UKL2,REST,Standard,12
2023,10,FORD,30,Murcia,Private,PHEV,UKL2,REST,Standard,3
2023,10,HONDA,30,Murcia,Corporate,ICE,KKL,REST,Standard,1
2023,10,HONDA,30,Murcia,Corporate,PHEV,KKL,REST,Standard,1
2023,10,HONDA,30,Murcia,Private,ICE,UKL1,REST,Standard,1
2023,10,HONDA,30,Murcia,Private,ICE,UKL2,REST,Standard,2
2023,10,HYUNDAI,30,Murcia,Corporate,BEV,UKL1,REST,Standard,1
2023,10,HYUNDAI,30,Murcia,Corporate,BEV,UKL2,REST,Standard,1
2023,10,HYUNDAI,30,Murcia,Corporate,ICE,MKL,REST,Standard,1
2023,10,HYUNDAI,30,Murcia,Corporate,ICE,UKL0,REST,Standard,1
2023,10,HYUNDAI,30,Murcia,Corporate,ICE,UKL1,REST,Standard,17
2023,10,HYUNDAI,30,Murcia,Corporate,ICE,UKL2,REST,Standard,12
2023,10,HYUNDAI,30,Murcia,Corporate,PHEV,UKL2,REST,Standard,4
2023,10,HYUNDAI,30,Murcia,Private,ICE,UKL0,REST,Standard,7
2023,10,HYUNDAI,30,Murcia,Private,ICE,UKL1,REST,Standard,45
2023,10,HYUNDAI,30,Murcia,Private,ICE,UKL2,REST,Standard,22
2023,10,HYUNDAI,30,Murcia,Private,PHEV,UKL2,REST,Standard,1
2023,10,HYUNDAI,30,Murcia,RAC,ICE,UKL2,REST,Standard,1
2023,10,JEEP,30,Murcia,Private,ICE,UKL1,REST,Standard,2
2023,10,KIA,30,Murcia,Corporate,BEV,KKL,REST,Standard,3
2023,10,KIA,30,Murcia,Corporate,BEV,MKL,REST,Standard,2
2023,10,KIA,30,Murcia,Corporate,ICE,UKL1,REST,Standard,1
2023,10,KIA,30,Murcia,Corporate,ICE,UKL2,REST,Standard,10
2023,10,KIA,30,Murcia,Corporate,PHEV,UKL2,REST,Standard,4
2023,10,KIA,30,Murcia,Private,BEV,KKL,REST,Standard,10
2023,10,KIA,30,Murcia,Private,BEV,MKL,REST,Standard,1
2023,10,KIA,30,Murcia,Private,BEV,UKL2,REST,Standard,8
2023,10,KIA,30,Murcia,Private,ICE,KKL,REST,Standard,3
2023,10,KIA,30,Murcia,Private,ICE,UKL0,REST,Standard,3
2023,10,KIA,30,Murcia,Private,ICE,UKL1,REST,Standard,34
2023,10,KIA,30,Murcia,Private,ICE,UKL2,REST,Standard,80
2023,10,KIA,30,Murcia,Private,PHEV,UKL2,REST,Standard,7
2023,10,LAND ROVER,30,Murcia,Corporate,ICE,MKL,FOCUS SEGMENT,Standard,3
2023,10,LAND ROVER,30,Murcia,Private,PHEV,MKL,FOCUS SEGMENT,Standard,1
2023,10,LEXUS,30,Murcia,Corporate,ICE,KKL,FOCUS SEGMENT,Standard,2
2023,10,LEXUS,30,Murcia,Corporate,ICE,UKL2,FOCUS SEGMENT,Standard,1
2023,10,LEXUS,30,Murcia,Private,ICE,KKL,FOCUS SEGMENT,Standard,5
2023,10,LEXUS,30,Murcia,Private,ICE,UKL2,FOCUS SEGMENT,Standard,5
2023,10,MASERATI,30,Murcia,Private,ICE,GKL,FOCUS SEGMENT,Standard,1
2023,10,MAZDA,30,Murcia,Corporate,ICE,UKL1,REST,Standard,1
2023,10,MAZDA,30,Murcia,Corporate,ICE,UKL2,REST,Standard,1
2023,10,MAZDA,30,Murcia,Private,ICE,UKL2,REST,Standard,19
2023,10,MAZDA,30,Murcia,Private,PHEV,KKL,REST,Standard,1
2023,10,MERCEDES,30,Murcia,Corporate,BEV,UKL2,FOCUS SEGMENT,Standard,2
2023,10,MERCEDES,30,Murcia,Corporate,ICE,GKL,FOCUS SEGMENT,M Performance,1
2023,10,MERCEDES,30,Murcia,Corporate,ICE,GKL,FOCUS SEGMENT,Standard,1
2023,10,MERCEDES,30,Murcia,Corporate,ICE,KKL,FOCUS SEGMENT,Standard,19
2023,10,MERCEDES,30,Murcia,Corporate,ICE,MKL,FOCUS SEGMENT,M Performance,2
2023,10,MERCEDES,30,Murcia,Corporate,ICE,MKL,FOCUS SEGMENT,Standard,6
2023,10,MERCEDES,30,Murcia,Corporate,ICE,MKL,REST,Standard,2
2023,10,MERCEDES,30,Murcia,Corporate,ICE,SKL,REST,Standard,6
2023,10,MERCEDES,30,Murcia,Corporate,ICE,UKL2,FOCUS SEGMENT,Standard,14
2023,10,MERCEDES,30,Murcia,Corporate,PHEV,KKL,FOCUS SEGMENT,Standard,1
2023,10,MERCEDES,30,Murcia,Corporate,PHEV,MKL,FOCUS SEGMENT,Standard,1
2023,10,MERCEDES,30,Murcia,Corporate,PHEV,UKL2,FOCUS SEGMENT,Standard,1
2023,10,MERCEDES,30,Murcia,Private,BEV,UKL2,FOCUS SEGMENT,Standard,1
2023,10,MERCEDES,30,Murcia,Private,ICE,KKL,FOCUS SEGMENT,Standard,10
2023,10,MERCEDES,30,Murcia,Private,ICE,MKL,FOCUS SEGMENT,Standard,3
2023,10,MERCEDES,30,Murcia,Private,ICE,MKL,REST,Standard,2
2023,10,MERCEDES,30,Murcia,Private,ICE,SKL,REST,Standard,1
2023,10,MERCEDES,30,Murcia,Private,ICE,UKL2,FOCUS SEGMENT,Standard,23
2023,10,MERCEDES,30,Murcia,Private,PHEV,KKL,FOCUS SEGMENT,Standard,1
2023,10,MERCEDES,30,Murcia,Private,PHEV,MKL,FOCUS SEGMENT,Standard,2
2023,10,MERCEDES,30,Murcia,Private,PHEV,UKL2,FOCUS SEGMENT,Standard,3
2023,10,MG,30,Murcia,Corporate,BEV,UKL2,REST,Standard,7
2023,10,MG,30,Murcia,Corporate,ICE,UKL1,REST,Standard,4
2023,10,MG,30,Murcia,Private,BEV,UKL2,REST,Standard,1
2023,10,MG,30,Murcia,Private,ICE,KKL,REST,Standard,2
2023,10,MG,30,Murcia,Private,ICE,UKL1,REST,Standard,85
2023,10,MINI,30,Murcia,Corporate,ICE,UKL1,FOCUS SEGMENT,Standard,4
2023,10,MINI,30,Murcia,Private,ICE,UKL1,FOCUS SEGMENT,Standard,5
2023,10,MINI,30,Murcia,Private,ICE,UKL2,FOCUS SEGMENT,Standard,1
2023,10,MITSUBISHI,30,Murcia,Corporate,ICE,UKL1,REST,Standard,1
2023,10,MITSUBISHI,30,Murcia,Private,ICE,UKL1,REST,Standard,1
2023,10,MITSUBISHI,30,Murcia,Private,ICE,UKL2,REST,Standard,4
2023,10,NISSAN,30,Murcia,Corporate,ICE,KKL,REST,Standard,1
2023,10,NISSAN,30,Murcia,Corporate,ICE,UKL1,REST,Standard,2
2023,10,NISSAN,30,Murcia,Corporate,ICE,UKL2,REST,Standard,4
2023,10,NISSAN,30,Murcia,Private,BEV,UKL2,REST,Standard,1
2023,10,NISSAN,30,Murcia,Private,ICE,KKL,REST,Standard,2
2023,10,NISSAN,30,Murcia,Private,ICE,SKL,REST,Standard,2
2023,10,NISSAN,30,Murcia,Private,ICE,UKL1,REST,Standard,4
2023,10,NISSAN,30,Murcia,Private,ICE,UKL2,REST,Standard,13
2023,10,OPEL,30,Murcia,Corporate,ICE,UKL1,REST,Standard,14
2023,10,OPEL,30,Murcia,Private,ICE,UKL1,REST,Standard,5
2023,10,OPEL,30,Murcia,Private,PHEV,UKL2,REST,Standard,1
2023,10,PEUGEOT,30,Murcia,Corporate,BEV,SKL,REST,Standard,1
2023,10,PEUGEOT,30,Murcia,Corporate,ICE,KKL,REST,Standard,5
2023,10,PEUGEOT,30,Murcia,Corporate,ICE,UKL1,REST,Standard,14
2023,10,PEUGEOT,30,Murcia,Corporate,ICE,UKL2,REST,Standard,4
2023,10,PEUGEOT,30,Murcia,Corporate,PHEV,UKL2,REST,Standard,1
2023,10,PEUGEOT,30,Murcia,Private,BEV,UKL1,REST,Standard,1
2023,10,PEUGEOT,30,Murcia,Private,ICE,UKL1,REST,Standard,14
2023,10,PEUGEOT,30,Murcia,Private,ICE,UKL2,REST,Standard,6
2023,10,PEUGEOT,30,Murcia,Private,PHEV,UKL2,REST,Standard,1
2023,10,PORSCHE,30,Murcia,Corporate,BEV,GKL,FOCUS SEGMENT,M Performance,1
2023,10,PORSCHE,30,Murcia,Corporate,BEV,GKL,FOCUS SEGMENT,Standard,1
2023,10,PORSCHE,30,Murcia,Corporate,ICE,GKL,FOCUS SEGMENT,M Performance,1
2023,10,PORSCHE,30,Murcia,Corporate,ICE,KKL,FOCUS SEGMENT,M Performance,1
2023,10,PORSCHE,30,Murcia,Corporate,ICE,KKL,FOCUS SEGMENT,Standard,1
2023,10,PORSCHE,30,Murcia,Corporate,PHEV,MKL,FOCUS SEGMENT,Standard,7
2023,10,PORSCHE,30,Murcia,Private,BEV,GKL,FOCUS SEGMENT,Standard,1
2023,10,PORSCHE,30,Murcia,Private,ICE,GKL,FOCUS SEGMENT,M Performance,1
2023,10,PORSCHE,30,Murcia,RAC,PHEV,MKL,FOCUS SEGMENT,Standard,1
2023,10,RENAULT,30,Murcia,Corporate,BEV,UKL2,REST,Standard,3
2023,10,RENAULT,30,Murcia,Corporate,ICE,UKL1,REST,Standard,6
2023,10,RENAULT,30,Murcia,Corporate,ICE,UKL2,REST,Standard,11
2023,10,RENAULT,30,Murcia,Private,ICE,KKL,REST,Standard,1
2023,10,RENAULT,30,Murcia,Private,ICE,UKL1,REST,Standard,25
2023,10,RENAULT,30,Murcia,Private,ICE,UKL2,REST,Standard,14
2023,10,SEAT,30,Murcia,Corporate,ICE,UKL1,REST,Standard,4
2023,10,SEAT,30,Murcia,Corporate,ICE,UKL2,REST,Standard,3
2023,10,SEAT,30,Murcia,Corporate,PHEV,UKL2,REST,Standard,3
2023,10,SEAT,30,Murcia,Private,ICE,KKL,REST,Standard,2
2023,10,SEAT,30,Murcia,Private,ICE,UKL1,REST,Standard,31
2023,10,SEAT,30,Murcia,Private,ICE,UKL2,REST,Standard,14
2023,10,SKODA,30,Murcia,Corporate,ICE,KKL,REST,Standard,1
2023,10,SKODA,30,Murcia,Corporate,ICE,UKL1,REST,Standard,2
2023,10,SKODA,30,Murcia,Corporate,ICE,UKL2,REST,Standard,3
2023,10,SKODA,30,Murcia,Private,ICE,KKL,REST,Standard,2
2023,10,SKODA,30,Murcia,Private,ICE,UKL1,REST,Standard,15
2023,10,SKODA,30,Murcia,Private,ICE,UKL2,REST,Standard,12
2023,10,SKODA,30,Murcia,Private,PHEV,UKL2,REST,Standard,1
2023,10,SMART,30,Murcia,Private,BEV,UKL1,FOCUS SEGMENT,Standard,1
2023,10,SSANGYONG,30,Murcia,Corporate,ICE,KKL,REST,Standard,2
2023,10,SSANGYONG,30,Murcia,Private,ICE,KKL,REST,Standard,6
2023,10,SSANGYONG,30,Murcia,Private,ICE,UKL1,REST,Standard,3
2023,10,SUBARU,30,Murcia,Corporate,ICE,KKL,REST,Standard,2
2023,10,SUBARU,30,Murcia,Corporate,ICE,UKL2,REST,Standard,1
2023,10,SUBARU,30,Murcia,Private,ICE,UKL2,REST,Standard,1
2023,10,SUZUKI,30,Murcia,Corporate,ICE,SKL,REST,Standard,1
2023,10,SUZUKI,30,Murcia,Corporate,ICE,UKL1,REST,Standard,2
2023,10,SUZUKI,30,Murcia,Corporate,ICE,UKL2,REST,Standard,6
2023,10,SUZUKI,30,Murcia,Corporate,PHEV,UKL2,REST,Standard,1
2023,10,SUZUKI,30,Murcia,Private,ICE,UKL0,REST,Standard,1
2023,10,SUZUKI,30,Murcia,Private,ICE,UKL1,REST,Standard,4
2023,10,SUZUKI,30,Murcia,Private,ICE,UKL2,REST,Standard,4
2023,10,TESLA,30,Murcia,Corporate,BEV,KKL,FOCUS SEGMENT,Standard,2
2023,10,TESLA,30,Murcia,Private,BEV,KKL,FOCUS SEGMENT,Standard,13
2023,10,TOYOTA,30,Murcia,Corporate,ICE,SKL,REST,Standard,1
2023,10,TOYOTA,30,Murcia,Corporate,ICE,UKL1,REST,Standard,10
2023,10,TOYOTA,30,Murcia,Corporate,ICE,UKL2,REST,Standard,9
2023,10,TOYOTA,30,Murcia,Private,BEV,UKL2,REST,Standard,1
2023,10,TOYOTA,30,Murcia,Private,ICE,GKL,REST,Standard,1
2023,10,TOYOTA,30,Murcia,Private,ICE,KKL,REST,Standard,1
2023,10,TOYOTA,30,Murcia,Private,ICE,UKL0,REST,Standard,1
2023,10,TOYOTA,30,Murcia,Private,ICE,UKL1,REST,Standard,82
2023,10,TOYOTA,30,Murcia,Private,ICE,UKL2,REST,Standard,33
2023,10,TOYOTA,30,Murcia,Private,PHEV,UKL2,REST,Standard,1
2023,10,VOLKSWAGEN,30,Murcia,Corporate,BEV,SKL,REST,Standard,1
2023,10,VOLKSWAGEN,30,Murcia,Corporate,ICE,MKL,REST,Standard,4
2023,10,VOLKSWAGEN,30,Murcia,Corporate,ICE,SKL,REST,Standard,1
2023,10,VOLKSWAGEN,30,Murcia,Corporate,ICE,UKL1,REST,Standard,13
2023,10,VOLKSWAGEN,30,Murcia,Corporate,ICE,UKL2,REST,Standard,28
2023,10,VOLKSWAGEN,30,Murcia,Private,ICE,SKL,REST,Standard,1
2023,10,VOLKSWAGEN,30,Murcia,Private,ICE,UKL1,REST,Standard,12
2023,10,VOLKSWAGEN,30,Murcia,Private,ICE,UKL2,REST,Standard,18
2023,10,VOLKSWAGEN,30,Murcia,Private,PHEV,UKL2,REST,Standard,2
2023,10,VOLVO,30,Murcia,Corporate,BEV,UKL2,FOCUS SEGMENT,Standard,3
2023,10,VOLVO,30,Murcia,Corporate,ICE,KKL,FOCUS SEGMENT,Standard,4
2023,10,VOLVO,30,Murcia,Corporate,PHEV,UKL2,FOCUS SEGMENT,Standard,2
2023,10,VOLVO,30,Murcia,Private,ICE,KKL,FOCUS SEGMENT,Standard,3
2023,10,VOLVO,30,Murcia,Private,ICE,UKL2,FOCUS SEGMENT,Standard,1
2023,10,VOLVO,30,Murcia,Private,PHEV,UKL2,FOCUS SEGMENT,Standard,1
2023,10,AUDI,31,Navarra,Corporate,ICE,UKL1,FOCUS SEGMENT,Standard,1
2023,10,AUDI,31,Navarra,Corporate,ICE,UKL2,FOCUS SEGMENT,Standard,6
2023,10,AUDI,31,Navarra,Corporate,PHEV,GKL,FOCUS SEGMENT,Standard,1
2023,10,AUDI,31,Navarra,Private,BEV,UKL2,FOCUS SEGMENT,Standard,3
2023,10,AUDI,31,Navarra,Private,ICE,MKL,FOCUS SEGMENT,Standard,1
2023,10,AUDI,31,Navarra,Private,ICE,UKL1,FOCUS SEGMENT,Standard,1
2023,10,AUDI,31,Navarra,Private,ICE,UKL2,FOCUS SEGMENT,Standard,10
2023,10,BMW,31,Navarra,Corporate,ICE,KKL,FOCUS SEGMENT,Standard,2
2023,10,BMW,31,Navarra,Corporate,ICE,MKL,FOCUS SEGMENT,Standard,2
2023,10,BMW,31,Navarra,Corporate,ICE,UKL2,FOCUS SEGMENT,Standard,1
2023,10,BMW,31,Navarra,Corporate,PHEV,GKL,FOCUS SEGMENT,M,1
2023,10,BMW,31,Navarra,Corporate,PHEV,MKL,FOCUS SEGMENT,Standard,1
2023,10,BMW,31,Navarra,Corporate,PHEV,UKL2,FOCUS SEGMENT,Standard,1
2023,10,BMW,31,Navarra,Private,ICE,KKL,FOCUS SEGMENT,Standard,2
2023,10,BMW,31,Navarra,Private,ICE,UKL2,FOCUS SEGMENT,Standard,1
2023,10,BMW,31,Navarra,Private,PHEV,UKL2,FOCUS SEGMENT,Standard,1
2023,10,BYD,31,Navarra,Private,BEV,UKL2,REST,Standard,1
2023,10,CITROEN,31,Navarra,Corporate,BEV,SKL,REST,Standard,1
2023,10,CITROEN,31,Navarra,Corporate,BEV,UKL2,REST,Standard,1
2023,10,CITROEN,31,Navarra,Corporate,ICE,UKL1,REST,Standard,1
2023,10,CITROEN,31,Navarra,Private,BEV,SKL,REST,Standard,1
2023,10,CITROEN,31,Navarra,Private,ICE,UKL1,REST,Standard,8
2023,10,CITROEN,31,Navarra,Private,ICE,UKL2,REST,Standard,11
2023,10,CUPRA,31,Navarra,Corporate,ICE,UKL2,REST,Standard,1
2023,10,CUPRA,31,Navarra,Private,BEV,UKL2,REST,Standard,2
2023,10,CUPRA,31,Navarra,Private,ICE,UKL2,REST,Standard,3
2023,10,DACIA,31,Navarra,Corporate,BEV,UKL0,REST,Standard,2
2023,10,DACIA,31,Navarra,Corporate,ICE,SKL,REST,Standard,1
2023,10,DACIA,31,Navarra,Corporate,ICE,UKL1,REST,Standard,10
2023,10,DACIA,31,Navarra,Private,BEV,UKL0,REST,Standard,3
2023,10,DACIA,31,Navarra,Private,ICE,SKL,REST,Standard,8
2023,10,DACIA,31,Navarra,Private,ICE,UKL1,REST,Standard,31
2023,10,DACIA,31,Navarra,Private,ICE,UKL2,REST,Standard,8
2023,10,DR,31,Navarra,Corporate,ICE,,,Standard,1
2023,10,DR,31,Navarra,Private,ICE,,,Standard,1
2023,10,DS,31,Navarra,Private,ICE,UKL2,REST,Standard,2
2023,10,DS,31,Navarra,Private,PHEV,UKL2,REST,Standard,1
2023,10,FIAT,31,Navarra,Private,ICE,UKL0,REST,Standard,1
2023,10,FORD,31,Navarra,Corporate,ICE,SKL,REST,Standard,1
2023,10,FORD,31,Navarra,Corporate,ICE,UKL1,REST,Standard,1
2023,10,FORD,31,Navarra,Corporate,ICE,UKL2,REST,Standard,3
2023,10,FORD,31,Navarra,Private,ICE,SKL,REST,Standard,2
2023,10,FORD,31,Navarra,Private,ICE,UKL1,REST,Standard,9
2023,10,FORD,31,Navarra,Private,ICE,UKL2,REST,Standard,6
2023,10,FORD,31,Navarra,Private,PHEV,UKL2,REST,Standard,3
2023,10,HONDA,31,Navarra,Corporate,ICE,KKL,REST,Standard,1
2023,10,HONDA,31,Navarra,Private,ICE,UKL1,REST,Standard,2
2023,10,HYUNDAI,31,Navarra,Corporate,ICE,UKL0,REST,Standard,1
2023,10,HYUNDAI,31,Navarra,Corporate,ICE,UKL1,REST,Standard,1
2023,10,HYUNDAI,31,Navarra,Corporate,ICE,UKL2,REST,Standard,4
2023,10,HYUNDAI,31,Navarra,Private,BEV,UKL1,REST,Standard,2
2023,10,HYUNDAI,31,Navarra,Private,ICE,MKL,REST,Standard,1
2023,10,HYUNDAI,31,Navarra,Private,ICE,UKL0,REST,Standard,2
2023,10,HYUNDAI,31,Navarra,Private,ICE,UKL1,REST,Standard,17
2023,10,HYUNDAI,31,Navarra,Private,ICE,UKL2,REST,Standard,18
2023,10,HYUNDAI,31,Navarra,Private,PHEV,UKL2,REST,Standard,1
2023,10,JEEP,31,Navarra,Private,ICE,UKL1,REST,Standard,1
2023,10,KIA,31,Navarra,Corporate,ICE,KKL,REST,Standard,1
2023,10,KIA,31,Navarra,Corporate,ICE,UKL2,REST,Standard,3
2023,10,KIA,31,Navarra,Corporate,PHEV,UKL2,REST,Standard,1
2023,10,KIA,31,Navarra,Private,BEV,KKL,REST,Standard,2
2023,10,KIA,31,Navarra,Private,BEV,UKL2,REST,Standard,23
2023,10,KIA,31,Navarra,Private,ICE,KKL,REST,Standard,1
2023,10,KIA,31,Navarra,Private,ICE,UKL0,REST,Standard,1
2023,10,KIA,31,Navarra,Private,ICE,UKL1,REST,Standard,9
2023,10,KIA,31,Navarra,Private,ICE,UKL2,REST,Standard,31
2023,10,KIA,31,Navarra,Private,PHEV,UKL2,REST,Standard,3
2023,10,LAND ROVER,31,Navarra,Private,ICE,UKL2,FOCUS SEGMENT,Standard,1
2023,10,LAND ROVER,31,Navarra,Private,PHEV,MKL,FOCUS SEGMENT,Standard,1
2023,10,LEXUS,31,Navarra,Corporate,ICE,KKL,FOCUS SEGMENT,Standard,1
2023,10,LEXUS,31,Navarra,Corporate,ICE,UKL2,FOCUS SEGMENT,Standard,1
2023,10,MAZDA,31,Navarra,Corporate,ICE,UKL1,REST,Standard,1
2023,10,MAZDA,31,Navarra,Corporate,ICE,UKL2,REST,Standard,2
2023,10,MAZDA,31,Navarra,Corporate,PHEV,KKL,REST,Standard,1
2023,10,MAZDA,31,Navarra,Private,ICE,KKL,REST,Standard,1
2023,10,MAZDA,31,Navarra,Private,ICE,UKL2,REST,Standard,10
2023,10,MAZDA,31,Navarra,Private,PHEV,KKL,REST,Standard,1
2023,10,MERCEDES,31,Navarra,Corporate,BEV,MKL,FOCUS SEGMENT,Standard,1
2023,10,MERCEDES,31,Navarra,Corporate,ICE,KKL,FOCUS SEGMENT,Standard,7
2023,10,MERCEDES,31,Navarra,Corporate,ICE,MKL,FOCUS SEGMENT,Standard,3
2023,10,MERCEDES,31,Navarra,Corporate,ICE,MKL,REST,Standard,1
2023,10,MERCEDES,31,Navarra,Corporate,ICE,UKL2,FOCUS SEGMENT,Standard,8
2023,10,MERCEDES,31,Navarra,Corporate,PHEV,KKL,FOCUS SEGMENT,Standard,3
2023,10,MERCEDES,31,Navarra,Corporate,PHEV,UKL2,FOCUS SEGMENT,Standard,1
2023,10,MERCEDES,31,Navarra,Private,BEV,UKL2,FOCUS SEGMENT,Standard,1
2023,10,MERCEDES,31,Navarra,Private,ICE,KKL,FOCUS SEGMENT,Standard,6
2023,10,MERCEDES,31,Navarra,Private,ICE,MKL,FOCUS SEGMENT,Standard,1
2023,10,MERCEDES,31,Navarra,Private,ICE,UKL2,FOCUS SEGMENT,Standard,1
2023,10,MERCEDES,31,Navarra,Private,PHEV,KKL,FOCUS SEGMENT,Standard,1
2023,10,MERCEDES,31,Navarra,Private,PHEV,UKL2,FOCUS SEGMENT,Standard,2
2023,10,MG,31,Navarra,Corporate,BEV,UKL2,REST,Standard,1
2023,10,MG,31,Navarra,Corporate,ICE,UKL1,REST,Standard,2
2023,10,MG,31,Navarra,Private,BEV,UKL2,REST,Standard,4
2023,10,MG,31,Navarra,Private,ICE,KKL,REST,Standard,3
2023,10,MG,31,Navarra,Private,ICE,UKL1,REST,Standard,15
2023,10,MINI,31,Navarra,Corporate,ICE,UKL1,FOCUS SEGMENT,Standard,1
2023,10,MINI,31,Navarra,Private,ICE,UKL1,FOCUS SEGMENT,Standard,2
2023,10,MITSUBISHI,31,Navarra,Private,ICE,UKL1,REST,Standard,2
2023,10,MITSUBISHI,31,Navarra,Private,ICE,UKL2,REST,Standard,1
2023,10,NISSAN,31,Navarra,Corporate,ICE,KKL,REST,Standard,1
2023,10,NISSAN,31,Navarra,Corporate,ICE,SKL,REST,Standard,1
2023,10,NISSAN,31,Navarra,Corporate,ICE,UKL1,REST,Standard,1
2023,10,NISSAN,31,Navarra,Corporate,ICE,UKL2,REST,Standard,3
2023,10,NISSAN,31,Navarra,Private,ICE,KKL,REST,Standard,1
2023,10,NISSAN,31,Navarra,Private,ICE,SKL,REST,Standard,1
2023,10,NISSAN,31,Navarra,Private,ICE,UKL1,REST,Standard,2
2023,10,NISSAN,31,Navarra,Private,ICE,UKL2,REST,Standard,6
2023,10,OPEL,31,Navarra,Corporate,BEV,SKL,REST,Standard,1
2023,10,OPEL,31,Navarra,Corporate,BEV,UKL2,REST,Standard,1
2023,10,OPEL,31,Navarra,Corporate,ICE,UKL1,REST,Standard,2
2023,10,OPEL,31,Navarra,Private,ICE,UKL1,REST,Standard,10
2023,10,OPEL,31,Navarra,Private,ICE,UKL2,REST,Standard,2
2023,10,PEUGEOT,31,Navarra,Corporate,ICE,KKL,REST,Standard,4
2023,10,PEUGEOT,31,Navarra,Corporate,ICE,UKL1,REST,Standard,13
2023,10,PEUGEOT,31,Navarra,Corporate,ICE,UKL2,REST,Standard,32
2023,10,PEUGEOT,31,Navarra,Corporate,PHEV,UKL2,REST,Standard,2
2023,10,PEUGEOT,31,Navarra,Private,BEV,UKL1,REST,Standard,4
2023,10,PEUGEOT,31,Navarra,Private,ICE,KKL,REST,Standard,1
2023,10,PEUGEOT,31,Navarra,Private,ICE,UKL1,REST,Standard,13
2023,10,PEUGEOT,31,Navarra,Private,ICE,UKL2,REST,Standard,4
2023,10,PEUGEOT,31,Navarra,Private,PHEV,UKL2,REST,Standard,4
2023,10,PORSCHE,31,Navarra,Corporate,BEV,GKL,FOCUS SEGMENT,Standard,1
2023,10,PORSCHE,31,Navarra,Corporate,PHEV,GKL,FOCUS SEGMENT,M Performance,1
2023,10,PORSCHE,31,Navarra,Corporate,PHEV,MKL,FOCUS SEGMENT,Standard,2
2023,10,PORSCHE,31,Navarra,Private,ICE,KKL,FOCUS SEGMENT,M Performance,1
2023,10,PORSCHE,31,Navarra,Private,ICE,KKL,FOCUS SEGMENT,Standard,1
2023,10,PORSCHE,31,Navarra,Private,PHEV,MKL,FOCUS SEGMENT,Standard,1
2023,10,RENAULT,31,Navarra,Corporate,BEV,UKL2,REST,Standard,6
2023,10,RENAULT,31,Navarra,Corporate,ICE,KKL,REST,Standard,2
2023,10,RENAULT,31,Navarra,Corporate,ICE,SKL,REST,Standard,3
2023,10,RENAULT,31,Navarra,Corporate,ICE,UKL2,REST,Standard,4
2023,10,RENAULT,31,Navarra,Private,BEV,UKL2,REST,Standard,1
2023,10,RENAULT,31,Navarra,Private,ICE,KKL,REST,Standard,2
2023,10,RENAULT,31,Navarra,Private,ICE,SKL,REST,Standard,3
2023,10,RENAULT,31,Navarra,Private,ICE,UKL1,REST,Standard,13
2023,10,RENAULT,31,Navarra,Private,ICE,UKL2,REST,Standard,14
2023,10,SEAT,31,Navarra,Corporate,ICE,UKL1,REST,Standard,2
2023,10,SEAT,31,Navarra,Corporate,ICE,UKL2,REST,Standard,6
2023,10,SEAT,31,Navarra,Private,ICE,UKL1,REST,Standard,5
2023,10,SEAT,31,Navarra,Private,ICE,UKL2,REST,Standard,3
2023,10,SKODA,31,Navarra,Corporate,ICE,UKL1,REST,Standard,1
2023,10,SKODA,31,Navarra,Corporate,ICE,UKL2,REST,Standard,5
2023,10,SKODA,31,Navarra,Corporate,PHEV,KKL,REST,Standard,1
2023,10,SKODA,31,Navarra,Private,ICE,KKL,REST,Standard,1
2023,10,SKODA,31,Navarra,Private,ICE,UKL1,REST,Standard,3
2023,10,SKODA,31,Navarra,Private,ICE,UKL2,REST,Standard,7
2023,10,SMART,31,Navarra,Private,BEV,UKL1,FOCUS SEGMENT,Standard,1
2023,10,SSANGYONG,31,Navarra,Corporate,BEV,KKL,REST,Standard,1
2023,10,SSANGYONG,31,Navarra,Private,ICE,KKL,REST,Standard,1
2023,10,SUBARU,31,Navarra,Private,ICE,KKL,REST,Standard,1
2023,10,SUBARU,31,Navarra,Private,ICE,UKL2,REST,Standard,1
2023,10,SUZUKI,31,Navarra,Corporate,ICE,SKL,REST,Standard,2
2023,10,SUZUKI,31,Navarra,Private,ICE,SKL,REST,Standard,1
2023,10,SUZUKI,31,Navarra,Private,ICE,UKL1,REST,Standard,3
2023,10,SUZUKI,31,Navarra,Private,ICE,UKL2,REST,Standard,2
2023,10,TESLA,31,Navarra,Private,BEV,KKL,FOCUS SEGMENT,Standard,7
2023,10,TOYOTA,31,Navarra,Corporate,BEV,UKL2,REST,Standard,1
2023,10,TOYOTA,31,Navarra,Corporate,ICE,GKL,REST,Standard,1
2023,10,TOYOTA,31,Navarra,Corporate,ICE,UKL1,REST,Standard,2
2023,10,TOYOTA,31,Navarra,Corporate,ICE,UKL2,REST,Standard,4
2023,10,TOYOTA,31,Navarra,Corporate,PHEV,UKL2,REST,Standard,1
2023,10,TOYOTA,31,Navarra,Private,ICE,GKL,REST,Standard,2
2023,10,TOYOTA,31,Navarra,Private,ICE,SKL,REST,Standard,1
2023,10,TOYOTA,31,Navarra,Private,ICE,UKL1,REST,Standard,24
2023,10,TOYOTA,31,Navarra,Private,ICE,UKL2,REST,Standard,10
2023,10,VOLKSWAGEN,31,Navarra,Corporate,BEV,UKL2,REST,Standard,3
2023,10,VOLKSWAGEN,31,Navarra,Corporate,ICE,KKL,REST,Standard,2
2023,10,VOLKSWAGEN,31,Navarra,Corporate,ICE,MKL,REST,Standard,1
2023,10,VOLKSWAGEN,31,Navarra,Corporate,ICE,SKL,REST,Standard,2
2023,10,VOLKSWAGEN,31,Navarra,Corporate,ICE,UKL1,REST,Standard,7
2023,10,VOLKSWAGEN,31,Navarra,Corporate,ICE,UKL2,REST,Standard,9
2023,10,VOLKSWAGEN,31,Navarra,Corporate,PHEV,UKL2,REST,Standard,2
2023,10,VOLKSWAGEN,31,Navarra,Private,BEV,SKL,REST,Standard,1
2023,10,VOLKSWAGEN,31,Navarra,Private,BEV,UKL2,REST,Standard,4
2023,10,VOLKSWAGEN,31,Navarra,Private,ICE,SKL,REST,Standard,1
2023,10,VOLKSWAGEN,31,Navarra,Private,ICE,UKL1,REST,Standard,9
2023,10,VOLKSWAGEN,31,Navarra,Private,ICE,UKL2,REST,Standard,14
2023,10,VOLKSWAGEN,31,Navarra,Private,PHEV,UKL2,REST,Standard,2
2023,10,VOLVO,31,Navarra,Corporate,BEV,UKL2,FOCUS SEGMENT,Standard,2
2023,10,VOLVO,31,Navarra,Corporate,ICE,UKL2,FOCUS SEGMENT,Standard,1
2023,10,VOLVO,31,Navarra,Corporate,PHEV,UKL2,FOCUS SEGMENT,Standard,1
2023,10,VOYAH,31,Navarra,Corporate,BEV,KKL,REST,Standard,2
2023,10,AUDI,32,Ourense,Corporate,ICE,KKL,FOCUS SEGMENT,Standard,2
2023,10,AUDI,32,Ourense,Corporate,ICE,UKL1,FOCUS SEGMENT,Standard,1
2023,10,AUDI,32,Ourense,Corporate,ICE,UKL2,FOCUS SEGMENT,Standard,3
2023,10,AUDI,32,Ourense,Private,BEV,UKL2,FOCUS SEGMENT,Standard,1
2023,10,AUDI,32,Ourense,Private,ICE,UKL1,FOCUS SEGMENT,Standard,2
2023,10,AUDI,32,Ourense,Private,ICE,UKL2,FOCUS SEGMENT,Standard,3
2023,10,AUDI,32,Ourense,Private,PHEV,UKL2,FOCUS SEGMENT,Standard,1
2023,10,BMW,32,Ourense,Corporate,ICE,UKL2,FOCUS SEGMENT,M,1
2023,10,BMW,32,Ourense,Corporate,ICE,UKL2,FOCUS SEGMENT,Standard,4
2023,10,BMW,32,Ourense,Private,ICE,KKL,FOCUS SEGMENT,Standard,4
2023,10,BMW,32,Ourense,Private,ICE,UKL2,FOCUS SEGMENT,Standard,5
2023,10,BMW,32,Ourense,Private,PHEV,UKL2,FOCUS SEGMENT,Standard,1
2023,10,BYD,32,Ourense,Private,BEV,UKL1,REST,Standard,1
2023,10,CITROEN,32,Ourense,Corporate,ICE,UKL1,REST,Standard,4
2023,10,CITROEN,32,Ourense,Corporate,ICE,UKL2,REST,Standard,2
2023,10,CITROEN,32,Ourense,Corporate,PHEV,MKL,REST,Standard,1
2023,10,CITROEN,32,Ourense,Private,ICE,MKL,REST,Standard,2
2023,10,CITROEN,32,Ourense,Private,ICE,UKL2,REST,Standard,4
2023,10,CUPRA,32,Ourense,Corporate,ICE,UKL2,REST,Standard,6
2023,10,CUPRA,32,Ourense,Private,BEV,UKL2,REST,Standard,1
2023,10,CUPRA,32,Ourense,Private,ICE,UKL2,REST,Standard,2
2023,10,DACIA,32,Ourense,Private,ICE,UKL1,REST,Standard,17
2023,10,DACIA,32,Ourense,Private,ICE,UKL2,REST,Standard,1
2023,10,FIAT,32,Ourense,Private,BEV,UKL0,REST,Standard,1
2023,10,FIAT,32,Ourense,Private,ICE,,,Standard,1
2023,10,FIAT,32,Ourense,Private,ICE,UKL0,REST,Standard,3
2023,10,FORD,32,Ourense,Private,ICE,UKL2,REST,Standard,5
2023,10,HONDA,32,Ourense,Private,ICE,UKL2,REST,Standard,1
2023,10,HYUNDAI,32,Ourense,Corporate,BEV,KKL,REST,Standard,1
2023,10,HYUNDAI,32,Ourense,Corporate,ICE,UKL1,REST,Standard,2
2023,10,HYUNDAI,32,Ourense,Corporate,ICE,UKL2,REST,Standard,5
2023,10,HYUNDAI,32,Ourense,Private,ICE,UKL1,REST,Standard,5
2023,10,HYUNDAI,32,Ourense,Private,ICE,UKL2,REST,Standard,8
2023,10,HYUNDAI,32,Ourense,Private,PHEV,UKL2,REST,Standard,1
2023,10,JEEP,32,Ourense,Corporate,ICE,UKL2,REST,Standard,1
2023,10,JEEP,32,Ourense,Corporate,PHEV,UKL1,REST,Standard,1
2023,10,JEEP,32,Ourense,Private,ICE,UKL1,REST,Standard,3
2023,10,KIA,32,Ourense,Corporate,BEV,MKL,REST,Standard,1
2023,10,KIA,32,Ourense,Corporate,ICE,UKL0,REST,Standard,2
2023,10,KIA,32,Ourense,Corporate,ICE,UKL2,REST,Standard,5
2023,10,KIA,32,Ourense,Private,BEV,KKL,REST,Standard,2
2023,10,KIA,32,Ourense,Private,BEV,UKL2,REST,Standard,2
2023,10,KIA,32,Ourense,Private,ICE,,,Standard,1
2023,10,KIA,32,Ourense,Private,ICE,UKL1,REST,Standard,4
2023,10,KIA,32,Ourense,Private,ICE,UKL2,REST,Standard,10
2023,10,KIA,32,Ourense,Private,PHEV,UKL2,REST,Standard,1
2023,10,LAND ROVER,32,Ourense,Private,ICE,UKL2,FOCUS SEGMENT,Standard,1
2023,10,LEXUS,32,Ourense,Private,ICE,KKL,FOCUS SEGMENT,Standard,1
2023,10,LEXUS,32,Ourense,Private,ICE,UKL2,FOCUS SEGMENT,Standard,1
2023,10,MAZDA,32,Ourense,Private,ICE,UKL2,REST,Standard,3
2023,10,MERCEDES,32,Ourense,Corporate,BEV,UKL2,FOCUS SEGMENT,Standard,1
2023,10,MERCEDES,32,Ourense,Corporate,ICE,KKL,FOCUS SEGMENT,Standard,2
2023,10,MERCEDES,32,Ourense,Corporate,PHEV,KKL,FOCUS SEGMENT,Standard,1
2023,10,MERCEDES,32,Ourense,Private,ICE,KKL,FOCUS SEGMENT,Standard,4
2023,10,MERCEDES,32,Ourense,Private,ICE,MKL,REST,Standard,1
2023,10,MERCEDES,32,Ourense,Private,ICE,UKL2,FOCUS SEGMENT,M Performance,1
2023,10,MERCEDES,32,Ourense,Private,ICE,UKL2,FOCUS SEGMENT,Standard,3
2023,10,MG,32,Ourense,Corporate,ICE,KKL,REST,Standard,1
2023,10,MG,32,Ourense,Private,BEV,UKL2,REST,Standard,2
2023,10,MG,32,Ourense,Private,ICE,KKL,REST,Standard,5
2023,10,MG,32,Ourense,Private,ICE,UKL1,REST,Standard,15
2023,10,MG,32,Ourense,Private,PHEV,KKL,REST,Standard,1
2023,10,MINI,32,Ourense,Private,ICE,UKL1,FOCUS SEGMENT,Standard,1
2023,10,MITSUBISHI,32,Ourense,Corporate,ICE,UKL1,REST,Standard,1
2023,10,MITSUBISHI,32,Ourense,Private,PHEV,UKL2,REST,Standard,2
2023,10,NISSAN,32,Ourense,Corporate,ICE,UKL2,REST,Standard,1
2023,10,NISSAN,32,Ourense,Private,ICE,UKL1,REST,Standard,1
2023,10,NISSAN,32,Ourense,Private,ICE,UKL2,REST,Standard,3
2023,10,OPEL,32,Ourense,Corporate,BEV,SKL,REST,Standard,1
2023,10,OPEL,32,Ourense,Corporate,ICE,UKL1,REST,Standard,5
2023,10,OPEL,32,Ourense,Corporate,ICE,UKL2,REST,Standard,3
2023,10,OPEL,32,Ourense,Private,ICE,UKL1,REST,Standard,3
2023,10,PEUGEOT,32,Ourense,Private,BEV,UKL1,REST,Standard,1
2023,10,PEUGEOT,32,Ourense,Private,ICE,UKL1,REST,Standard,6
2023,10,PEUGEOT,32,Ourense,Private,ICE,UKL2,REST,Standard,1
2023,10,PEUGEOT,32,Ourense,Private,PHEV,UKL2,REST,Standard,1
2023,10,PORSCHE,32,Ourense,Private,ICE,KKL,FOCUS SEGMENT,Standard,1
2023,10,RENAULT,32,Ourense,Corporate,BEV,UKL2,REST,Standard,1
2023,10,RENAULT,32,Ourense,Corporate,ICE,UKL1,REST,Standard,1
2023,10,RENAULT,32,Ourense,Private,ICE,UKL1,REST,Standard,7
2023,10,RENAULT,32,Ourense,Private,ICE,UKL2,REST,Standard,8
2023,10,SEAT,32,Ourense,Corporate,ICE,UKL1,REST,Standard,8
2023,10,SEAT,32,Ourense,Corporate,ICE,UKL2,REST,Standard,1
2023,10,SEAT,32,Ourense,Corporate,PHEV,UKL2,REST,Standard,2
2023,10,SEAT,32,Ourense,Private,ICE,KKL,REST,Standard,1
2023,10,SEAT,32,Ourense,Private,ICE,UKL1,REST,Standard,8
2023,10,SEAT,32,Ourense,Private,ICE,UKL2,REST,Standard,2
2023,10,SKODA,32,Ourense,Corporate,ICE,UKL2,REST,Standard,1
2023,10,SKODA,32,Ourense,Private,ICE,UKL1,REST,Standard,3
2023,10,SKODA,32,Ourense,Private,ICE,UKL2,REST,Standard,3
2023,10,SUBARU,32,Ourense,Corporate,BEV,UKL2,REST,Standard,1
2023,10,TOYOTA,32,Ourense,Corporate,BEV,SKL,REST,Standard,1
2023,10,TOYOTA,32,Ourense,Corporate,ICE,GKL,REST,Standard,1
2023,10,TOYOTA,32,Ourense,Corporate,ICE,UKL2,REST,Standard,1
2023,10,TOYOTA,32,Ourense,Private,ICE,UKL1,REST,Standard,6
2023,10,TOYOTA,32,Ourense,Private,ICE,UKL2,REST,Standard,14
2023,10,VOLKSWAGEN,32,Ourense,Corporate,PHEV,MKL,REST,Standard,1
2023,10,VOLKSWAGEN,32,Ourense,Private,BEV,UKL2,REST,Standard,1
2023,10,VOLKSWAGEN,32,Ourense,Private,ICE,UKL1,REST,Standard,6
2023,10,VOLKSWAGEN,32,Ourense,Private,ICE,UKL2,REST,Standard,3
2023,10,VOLKSWAGEN,32,Ourense,Private,PHEV,UKL2,REST,Standard,1
2023,10,VOLVO,32,Ourense,Corporate,BEV,UKL2,FOCUS SEGMENT,Standard,1
2023,10,VOLVO,32,Ourense,Corporate,ICE,KKL,FOCUS SEGMENT,Standard,1
2023,10,AUDI,33,Asturias,Corporate,BEV,UKL2,FOCUS SEGMENT,Standard,1
2023,10,AUDI,33,Asturias,Corporate,ICE,KKL,FOCUS SEGMENT,Standard,6
2023,10,AUDI,33,Asturias,Corporate,ICE,UKL1,FOCUS SEGMENT,Standard,2
2023,10,AUDI,33,Asturias,Corporate,ICE,UKL2,FOCUS SEGMENT,Standard,6
2023,10,AUDI,33,Asturias,Corporate,PHEV,KKL,FOCUS SEGMENT,Standard,2
2023,10,AUDI,33,Asturias,Corporate,PHEV,UKL2,FOCUS SEGMENT,Standard,1
2023,10,AUDI,33,Asturias,Private,BEV,MKL,FOCUS SEGMENT,M Performance,1
2023,10,AUDI,33,Asturias,Private,ICE,KKL,FOCUS SEGMENT,Standard,1
2023,10,AUDI,33,Asturias,Private,ICE,MKL,FOCUS SEGMENT,Standard,2
2023,10,AUDI,33,Asturias,Private,ICE,UKL2,FOCUS SEGMENT,Standard,12
2023,10,AUDI,33,Asturias,Private,PHEV,UKL2,FOCUS SEGMENT,Standard,1
2023,10,BMW,33,Asturias,Corporate,BEV,KKL,FOCUS SEGMENT,Standard,1
2023,10,BMW,33,Asturias,Corporate,BEV,UKL2,FOCUS SEGMENT,Standard,1
2023,10,BMW,33,Asturias,Corporate,ICE,KKL,FOCUS SEGMENT,M,1
2023,10,BMW,33,Asturias,Corporate,ICE,KKL,FOCUS SEGMENT,Standard,2
2023,10,BMW,33,Asturias,Corporate,ICE,UKL2,FOCUS SEGMENT,M,1
2023,10,BMW,33,Asturias,Corporate,ICE,UKL2,FOCUS SEGMENT,Standard,4
2023,10,BMW,33,Asturias,Corporate,PHEV,UKL2,FOCUS SEGMENT,Standard,1
2023,10,BMW,33,Asturias,Private,BEV,UKL2,FOCUS SEGMENT,Standard,1
2023,10,BMW,33,Asturias,Private,ICE,KKL,FOCUS SEGMENT,M Performance,1
2023,10,BMW,33,Asturias,Private,ICE,KKL,FOCUS SEGMENT,Standard,8
2023,10,BMW,33,Asturias,Private,ICE,MKL,FOCUS SEGMENT,Standard,1
2023,10,BMW,33,Asturias,Private,ICE,UKL2,FOCUS SEGMENT,M,1
2023,10,BMW,33,Asturias,Private,ICE,UKL2,FOCUS SEGMENT,Standard,14
2023,10,BMW,33,Asturias,Private,PHEV,UKL2,FOCUS SEGMENT,Standard,2
2023,10,BYD,33,Asturias,Private,BEV,UKL2,REST,Standard,2
2023,10,CITROEN,33,Asturias,Corporate,ICE,MKL,REST,Standard,1
2023,10,CITROEN,33,Asturias,Corporate,ICE,UKL1,REST,Standard,9
2023,10,CITROEN,33,Asturias,Corporate,ICE,UKL2,REST,Standard,19
2023,10,CITROEN,33,Asturias,Private,ICE,UKL1,REST,Standard,11
2023,10,CITROEN,33,Asturias,Private,ICE,UKL2,REST,Standard,20
2023,10,CUPRA,33,Asturias,Corporate,ICE,UKL2,REST,Standard,4
2023,10,CUPRA,33,Asturias,Private,ICE,UKL2,REST,Standard,8
2023,10,CUPRA,33,Asturias,Private,PHEV,UKL2,REST,Standard,2
2023,10,DACIA,33,Asturias,Corporate,ICE,SKL,REST,Standard,2
2023,10,DACIA,33,Asturias,Corporate,ICE,UKL1,REST,Standard,3
2023,10,DACIA,33,Asturias,Private,BEV,UKL0,REST,Standard,2
2023,10,DACIA,33,Asturias,Private,ICE,SKL,REST,Standard,19
2023,10,DACIA,33,Asturias,Private,ICE,UKL1,REST,Standard,33
2023,10,DACIA,33,Asturias,Private,ICE,UKL2,REST,Standard,10
2023,10,DR,33,Asturias,Private,ICE,UKL1,REST,Standard,1
2023,10,DS,33,Asturias,Private,ICE,KKL,REST,Standard,1
2023,10,DS,33,Asturias,Private,ICE,UKL1,REST,Standard,1
2023,10,DS,33,Asturias,Private,PHEV,UKL2,REST,Standard,4
2023,10,FIAT,33,Asturias,Corporate,ICE,,,Standard,4
2023,10,FIAT,33,Asturias,Private,BEV,UKL0,REST,Standard,1
2023,10,FIAT,33,Asturias,Private,ICE,,,Standard,1
2023,10,FIAT,33,Asturias,Private,ICE,UKL0,REST,Standard,8
2023,10,FORD,33,Asturias,Corporate,ICE,SKL,REST,Standard,2
2023,10,FORD,33,Asturias,Corporate,ICE,UKL1,REST,Standard,1
2023,10,FORD,33,Asturias,Corporate,ICE,UKL2,REST,Standard,10
2023,10,FORD,33,Asturias,Corporate,PHEV,UKL2,REST,Standard,1
2023,10,FORD,33,Asturias,Private,ICE,SKL,REST,Standard,1
2023,10,FORD,33,Asturias,Private,ICE,UKL1,REST,Standard,9
2023,10,FORD,33,Asturias,Private,ICE,UKL2,REST,Standard,8
2023,10,FORD,33,Asturias,Private,PHEV,UKL2,REST,Standard,2
2023,10,HONDA,33,Asturias,Corporate,ICE,KKL,REST,Standard,1
2023,10,HONDA,33,Asturias,Corporate,PHEV,KKL,REST,Standard,1
2023,10,HONDA,33,Asturias,Private,ICE,UKL1,REST,Standard,2
2023,10,HONDA,33,Asturias,Private,ICE,UKL2,REST,Standard,3
2023,10,HYUNDAI,33,Asturias,Corporate,BEV,KKL,REST,Standard,1
2023,10,HYUNDAI,33,Asturias,Corporate,BEV,UKL1,REST,Standard,1
2023,10,HYUNDAI,33,Asturias,Corporate,ICE,UKL1,REST,Standard,7
2023,10,HYUNDAI,33,Asturias,Corporate,ICE,UKL2,REST,Standard,7
2023,10,HYUNDAI,33,Asturias,Corporate,PHEV,UKL2,REST,Standard,3
2023,10,HYUNDAI,33,Asturias,Private,BEV,UKL1,REST,Standard,1
2023,10,HYUNDAI,33,Asturias,Private,ICE,UKL0,REST,Standard,4
2023,10,HYUNDAI,33,Asturias,Private,ICE,UKL1,REST,Standard,35
2023,10,HYUNDAI,33,Asturias,Private,ICE,UKL2,REST,Standard,15
2023,10,HYUNDAI,33,Asturias,Private,PHEV,UKL2,REST,Standard,1
2023,10,JEEP,33,Asturias,Corporate,BEV,UKL1,REST,Standard,1
2023,10,JEEP,33,Asturias,Corporate,ICE,UKL1,REST,Standard,4
2023,10,KIA,33,Asturias,Corporate,BEV,MKL,REST,Standard,1
2023,10,KIA,33,Asturias,Corporate,ICE,KKL,REST,Standard,1
2023,10,KIA,33,Asturias,Corporate,ICE,UKL1,REST,Standard,1
2023,10,KIA,33,Asturias,Corporate,ICE,UKL2,REST,Standard,7
2023,10,KIA,33,Asturias,Corporate,PHEV,UKL2,REST,Standard,10
2023,10,KIA,33,Asturias,Private,BEV,KKL,REST,Standard,5
2023,10,KIA,33,Asturias,Private,ICE,KKL,REST,Standard,2
2023,10,KIA,33,Asturias,Private,ICE,UKL0,REST,Standard,2
2023,10,KIA,33,Asturias,Private,ICE,UKL1,REST,Standard,12
2023,10,KIA,33,Asturias,Private,ICE,UKL2,REST,Standard,36
2023,10,KIA,33,Asturias,Private,PHEV,UKL2,REST,Standard,2
2023,10,LAND ROVER,33,Asturias,Corporate,PHEV,MKL,FOCUS SEGMENT,Standard,2
2023,10,LAND ROVER,33,Asturias,Private,PHEV,GKL,FOCUS SEGMENT,Standard,1
2023,10,LEXUS,33,Asturias,Corporate,ICE,KKL,FOCUS SEGMENT,Standard,1
2023,10,LEXUS,33,Asturias,Corporate,ICE,MKL,FOCUS SEGMENT,Standard,1
2023,10,LEXUS,33,Asturias,Corporate,ICE,UKL2,FOCUS SEGMENT,Standard,2
2023,10,LEXUS,33,Asturias,Private,ICE,KKL,FOCUS SEGMENT,Standard,1
2023,10,LEXUS,33,Asturias,Private,ICE,UKL2,FOCUS SEGMENT,Standard,2
2023,10,MAZDA,33,Asturias,Corporate,ICE,UKL2,REST,Standard,2
2023,10,MAZDA,33,Asturias,Private,ICE,KKL,REST,Standard,1
2023,10,MAZDA,33,Asturias,Private,ICE,UKL1,REST,Standard,1
2023,10,MAZDA,33,Asturias,Private,ICE,UKL2,REST,Standard,17
2023,10,MERCEDES,33,Asturias,Corporate,BEV,SKL,REST,Standard,1
2023,10,MERCEDES,33,Asturias,Corporate,ICE,KKL,FOCUS SEGMENT,Standard,7
2023,10,MERCEDES,33,Asturias,Corporate,ICE,MKL,FOCUS SEGMENT,Standard,2
2023,10,MERCEDES,33,Asturias,Corporate,ICE,MKL,REST,Standard,1
2023,10,MERCEDES,33,Asturias,Corporate,ICE,UKL2,FOCUS SEGMENT,Standard,12
2023,10,MERCEDES,33,Asturias,Corporate,PHEV,UKL2,FOCUS SEGMENT,Standard,3
2023,10,MERCEDES,33,Asturias,Private,BEV,UKL2,FOCUS SEGMENT,Standard,1
2023,10,MERCEDES,33,Asturias,Private,ICE,KKL,FOCUS SEGMENT,Standard,4
2023,10,MERCEDES,33,Asturias,Private,ICE,MKL,FOCUS SEGMENT,Standard,2
2023,10,MERCEDES,33,Asturias,Private,ICE,SKL,REST,Standard,2
2023,10,MERCEDES,33,Asturias,Private,ICE,UKL2,FOCUS SEGMENT,Standard,15
2023,10,MERCEDES,33,Asturias,Private,PHEV,KKL,FOCUS SEGMENT,Standard,3
2023,10,MERCEDES,33,Asturias,Private,PHEV,UKL2,FOCUS SEGMENT,Standard,1
2023,10,MERCEDES,33,Asturias,RAC,ICE,KKL,FOCUS SEGMENT,Standard,1
2023,10,MERCEDES,33,Asturias,RAC,ICE,UKL2,FOCUS SEGMENT,Standard,1
2023,10,MG,33,Asturias,Corporate,ICE,UKL1,REST,Standard,1
2023,10,MG,33,Asturias,Private,BEV,UKL2,REST,Standard,3
2023,10,MG,33,Asturias,Private,ICE,KKL,REST,Standard,6
2023,10,MG,33,Asturias,Private,ICE,UKL1,REST,Standard,40
2023,10,MINI,33,Asturias,Corporate,BEV,UKL1,FOCUS SEGMENT,Standard,1
2023,10,MINI,33,Asturias,Corporate,ICE,UKL1,FOCUS SEGMENT,Standard,4
2023,10,MINI,33,Asturias,Corporate,ICE,UKL2,FOCUS SEGMENT,Standard,3
2023,10,MINI,33,Asturias,Corporate,PHEV,UKL2,FOCUS SEGMENT,Standard,1
2023,10,MINI,33,Asturias,Private,BEV,UKL1,FOCUS SEGMENT,Standard,1
2023,10,MINI,33,Asturias,Private,ICE,UKL1,FOCUS SEGMENT,Standard,12
2023,10,MINI,33,Asturias,Private,ICE,UKL2,FOCUS SEGMENT,Standard,1
2023,10,MINI,33,Asturias,Private,PHEV,UKL2,FOCUS SEGMENT,Standard,1
2023,10,MITSUBISHI,33,Asturias,Corporate,PHEV,UKL2,REST,Standard,1
2023,10,MITSUBISHI,33,Asturias,Private,ICE,UKL2,REST,Standard,3
2023,10,NISSAN,33,Asturias,Corporate,BEV,UKL2,REST,Standard,1
2023,10,NISSAN,33,Asturias,Corporate,ICE,KKL,REST,Standard,1
2023,10,NISSAN,33,Asturias,Corporate,ICE,UKL1,REST,Standard,3
2023,10,NISSAN,33,Asturias,Corporate,ICE,UKL2,REST,Standard,4
2023,10,NISSAN,33,Asturias,Private,ICE,KKL,REST,Standard,2
2023,10,NISSAN,33,Asturias,Private,ICE,SKL,REST,Standard,1
2023,10,NISSAN,33,Asturias,Private,ICE,UKL1,REST,Standard,3
2023,10,NISSAN,33,Asturias,Private,ICE,UKL2,REST,Standard,12
2023,10,OPEL,33,Asturias,Corporate,BEV,UKL1,REST,Standard,3
2023,10,OPEL,33,Asturias,Corporate,ICE,UKL1,REST,Standard,3
2023,10,OPEL,33,Asturias,Private,ICE,UKL1,REST,Standard,10
2023,10,OPEL,33,Asturias,Private,ICE,UKL2,REST,Standard,7
2023,10,PEUGEOT,33,Asturias,Corporate,ICE,UKL1,REST,Standard,12
2023,10,PEUGEOT,33,Asturias,Corporate,PHEV,KKL,REST,Standard,1
2023,10,PEUGEOT,33,Asturias,Corporate,PHEV,UKL2,REST,Standard,1
2023,10,PEUGEOT,33,Asturias,Private,BEV,SKL,REST,Standard,1
2023,10,PEUGEOT,33,Asturias,Private,BEV,UKL1,REST,Standard,1
2023,10,PEUGEOT,33,Asturias,Private,ICE,KKL,REST,Standard,1
2023,10,PEUGEOT,33,Asturias,Private,ICE,UKL1,REST,Standard,9
2023,10,PEUGEOT,33,Asturias,Private,ICE,UKL2,REST,Standard,7
2023,10,PEUGEOT,33,Asturias,Private,PHEV,UKL2,REST,Standard,1
2023,10,PORSCHE,33,Asturias,Corporate,BEV,GKL,FOCUS SEGMENT,Standard,1
2023,10,PORSCHE,33,Asturias,Corporate,ICE,GKL,FOCUS SEGMENT,M,1
2023,10,PORSCHE,33,Asturias,Corporate,PHEV,MKL,FOCUS SEGMENT,Standard,1
2023,10,PORSCHE,33,Asturias,Private,PHEV,MKL,FOCUS SEGMENT,Standard,1
2023,10,PORSCHE,33,Asturias,RAC,PHEV,GKL,FOCUS SEGMENT,Standard,1
2023,10,REHATRANS,33,Asturias,Private,ICE,,REST,Standard,3
2023,10,RENAULT,33,Asturias,Corporate,BEV,UKL1,REST,Standard,1
2023,10,RENAULT,33,Asturias,Corporate,BEV,UKL2,REST,Standard,3
2023,10,RENAULT,33,Asturias,Corporate,ICE,KKL,REST,Standard,2
2023,10,RENAULT,33,Asturias,Corporate,ICE,SKL,REST,Standard,4
2023,10,RENAULT,33,Asturias,Corporate,ICE,UKL1,REST,Standard,5
2023,10,RENAULT,33,Asturias,Corporate,ICE,UKL2,REST,Standard,37
2023,10,RENAULT,33,Asturias,Private,ICE,KKL,REST,Standard,3
2023,10,RENAULT,33,Asturias,Private,ICE,SKL,REST,Standard,1
2023,10,RENAULT,33,Asturias,Private,ICE,UKL1,REST,Standard,17
2023,10,RENAULT,33,Asturias,Private,ICE,UKL2,REST,Standard,27
2023,10,SEAT,33,Asturias,Corporate,ICE,UKL1,REST,Standard,7
2023,10,SEAT,33,Asturias,Corporate,ICE,UKL2,REST,Standard,2
2023,10,SEAT,33,Asturias,Corporate,PHEV,UKL2,REST,Standard,2
2023,10,SEAT,33,Asturias,Private,ICE,KKL,REST,Standard,1
2023,10,SEAT,33,Asturias,Private,ICE,UKL1,REST,Standard,10
2023,10,SEAT,33,Asturias,Private,ICE,UKL2,REST,Standard,18
2023,10,SKODA,33,Asturias,Corporate,ICE,UKL1,REST,Standard,6
2023,10,SKODA,33,Asturias,Corporate,ICE,UKL2,REST,Standard,4
2023,10,SKODA,33,Asturias,Private,ICE,UKL1,REST,Standard,4
2023,10,SKODA,33,Asturias,Private,ICE,UKL2,REST,Standard,9
2023,10,SMART,33,Asturias,Corporate,BEV,UKL1,FOCUS SEGMENT,Standard,1
2023,10,SMART,33,Asturias,Private,BEV,UKL1,FOCUS SEGMENT,Standard,1
2023,10,SSANGYONG,33,Asturias,Corporate,ICE,KKL,REST,Standard,1
2023,10,SSANGYONG,33,Asturias,Private,ICE,UKL1,REST,Standard,1
2023,10,SUBARU,33,Asturias,Private,ICE,KKL,REST,Standard,1
2023,10,SUBARU,33,Asturias,Private,ICE,UKL2,REST,Standard,2
2023,10,SUZUKI,33,Asturias,Corporate,ICE,SKL,REST,Standard,3
2023,10,SUZUKI,33,Asturias,Corporate,ICE,UKL0,REST,Standard,2
2023,10,SUZUKI,33,Asturias,Private,ICE,SKL,REST,Standard,1
2023,10,SUZUKI,33,Asturias,Private,ICE,UKL0,REST,Standard,1
2023,10,SUZUKI,33,Asturias,Private,ICE,UKL1,REST,Standard,2
2023,10,SUZUKI,33,Asturias,Private,ICE,UKL2,REST,Standard,5
2023,10,SUZUKI,33,Asturias,RAC,ICE,SKL,REST,Standard,3
2023,10,TESLA,33,Asturias,Private,BEV,KKL,FOCUS SEGMENT,Standard,6
2023,10,TOYOTA,33,Asturias,Corporate,ICE,GKL,REST,Standard,1
2023,10,TOYOTA,33,Asturias,Corporate,ICE,MKL,REST,Standard,1
2023,10,TOYOTA,33,Asturias,Corporate,ICE,UKL1,REST,Standard,39
2023,10,TOYOTA,33,Asturias,Corporate,ICE,UKL2,REST,Standard,2
2023,10,TOYOTA,33,Asturias,Private,ICE,UKL0,REST,Standard,1
2023,10,TOYOTA,33,Asturias,Private,ICE,UKL1,REST,Standard,42
2023,10,TOYOTA,33,Asturias,Private,ICE,UKL2,REST,Standard,24
2023,10,VOLKSWAGEN,33,Asturias,Corporate,ICE,UKL2,REST,Standard,9
2023,10,VOLKSWAGEN,33,Asturias,Corporate,PHEV,MKL,REST,Standard,1
2023,10,VOLKSWAGEN,33,Asturias,Private,BEV,SKL,REST,Standard,2
2023,10,VOLKSWAGEN,33,Asturias,Private,BEV,UKL2,REST,Standard,1
2023,10,VOLKSWAGEN,33,Asturias,Private,ICE,SKL,REST,Standard,1
2023,10,VOLKSWAGEN,33,Asturias,Private,ICE,UKL1,REST,Standard,6
2023,10,VOLKSWAGEN,33,Asturias,Private,ICE,UKL2,REST,Standard,21
2023,10,VOLKSWAGEN V W,33,Asturias,Corporate,ICE,,REST,Standard,1
2023,10,VOLVO,33,Asturias,Corporate,ICE,KKL,FOCUS SEGMENT,Standard,1
2023,10,VOLVO,33,Asturias,Corporate,PHEV,UKL2,FOCUS SEGMENT,Standard,3
2023,10,VOLVO,33,Asturias,Private,BEV,UKL2,FOCUS SEGMENT,Standard,1
2023,10,VOLVO,33,Asturias,Private,ICE,KKL,FOCUS SEGMENT,Standard,1
2023,10,VOLVO,33,Asturias,Private,ICE,UKL2,FOCUS SEGMENT,Standard,4
2023,10,VOLVO,33,Asturias,Private,PHEV,MKL,FOCUS SEGMENT,Standard,1
2023,10,AUDI,34,Palencia,Corporate,ICE,UKL2,FOCUS SEGMENT,Standard,1
2023,10,AUDI,34,Palencia,Private,ICE,KKL,FOCUS SEGMENT,Standard,1
2023,10,AUDI,34,Palencia,Private,ICE,UKL1,FOCUS SEGMENT,Standard,2
2023,10,AUDI,34,Palencia,Private,ICE,UKL2,FOCUS SEGMENT,Standard,2
2023,10,BMW,34,Palencia,Corporate,ICE,GKL,FOCUS SEGMENT,Standard,2
2023,10,BMW,34,Palencia,Private,ICE,KKL,FOCUS SEGMENT,Standard,1
2023,10,BMW,34,Palencia,Private,ICE,UKL2,FOCUS SEGMENT,Standard,2
2023,10,CITROEN,34,Palencia,Private,ICE,UKL2,REST,Standard,1
2023,10,CUPRA,34,Palencia,Corporate,ICE,UKL2,REST,Standard,2
2023,10,CUPRA,34,Palencia,Corporate,PHEV,UKL2,REST,Standard,1
2023,10,CUPRA,34,Palencia,Private,ICE,UKL2,REST,Standard,1
2023,10,DACIA,34,Palencia,Corporate,ICE,UKL2,REST,Standard,1
2023,10,DACIA,34,Palencia,Private,ICE,SKL,REST,Standard,4
2023,10,DACIA,34,Palencia,Private,ICE,UKL1,REST,Standard,5
2023,10,DACIA,34,Palencia,Private,ICE,UKL2,REST,Standard,2
2023,10,FORD,34,Palencia,Private,ICE,UKL2,REST,Standard,1
2023,10,HYUNDAI,34,Palencia,Corporate,BEV,KKL,REST,Standard,1
2023,10,HYUNDAI,34,Palencia,Private,ICE,UKL1,REST,Standard,2
2023,10,HYUNDAI,34,Palencia,Private,ICE,UKL2,REST,Standard,3
2023,10,KIA,34,Palencia,Private,BEV,UKL2,REST,Standard,2
2023,10,KIA,34,Palencia,Private,ICE,UKL0,REST,Standard,1
2023,10,KIA,34,Palencia,Private,ICE,UKL1,REST,Standard,2
2023,10,KIA,34,Palencia,Private,ICE,UKL2,REST,Standard,3
2023,10,LEXUS,34,Palencia,Private,ICE,UKL2,FOCUS SEGMENT,Standard,2
2023,10,MERCEDES,34,Palencia,Corporate,ICE,GKL,FOCUS SEGMENT,Standard,1
2023,10,MERCEDES,34,Palencia,Corporate,ICE,KKL,FOCUS SEGMENT,Standard,1
2023,10,MERCEDES,34,Palencia,Corporate,ICE,MKL,FOCUS SEGMENT,Standard,1
2023,10,MERCEDES,34,Palencia,Corporate,ICE,UKL2,FOCUS SEGMENT,Standard,2
2023,10,MERCEDES,34,Palencia,Private,ICE,UKL2,FOCUS SEGMENT,Standard,2
2023,10,MG,34,Palencia,Private,ICE,UKL1,REST,Standard,9
2023,10,MG,34,Palencia,Private,PHEV,KKL,REST,Standard,1
2023,10,MITSUBISHI,34,Palencia,Private,PHEV,UKL2,REST,Standard,1
2023,10,PEUGEOT,34,Palencia,Private,ICE,UKL2,REST,Standard,1
2023,10,RENAULT,34,Palencia,Corporate,ICE,KKL,REST,Standard,1
2023,10,RENAULT,34,Palencia,Corporate,ICE,UKL2,REST,Standard,3
2023,10,RENAULT,34,Palencia,Corporate,PHEV,UKL1,REST,Standard,1
2023,10,RENAULT,34,Palencia,Private,ICE,UKL1,REST,Standard,1
2023,10,RENAULT,34,Palencia,Private,ICE,UKL2,REST,Standard,7
2023,10,SEAT,34,Palencia,Corporate,ICE,UKL2,REST,Standard,1
2023,10,SEAT,34,Palencia,Corporate,PHEV,UKL2,REST,Standard,1
2023,10,SEAT,34,Palencia,Private,ICE,UKL1,REST,Standard,3
2023,10,SEAT,34,Palencia,Private,ICE,UKL2,REST,Standard,3
2023,10,SKODA,34,Palencia,Corporate,ICE,KKL,REST,Standard,1
2023,10,SKODA,34,Palencia,Corporate,ICE,UKL1,REST,Standard,1
2023,10,SKODA,34,Palencia,Corporate,ICE,UKL2,REST,Standard,1
2023,10,SKODA,34,Palencia,Private,ICE,UKL1,REST,Standard,1
2023,10,SUZUKI,34,Palencia,Private,ICE,SKL,REST,Standard,1
2023,10,TOYOTA,34,Palencia,Private,ICE,SKL,REST,Standard,1
2023,10,TOYOTA,34,Palencia,Private,ICE,UKL1,REST,Standard,9
2023,10,TOYOTA,34,Palencia,Private,ICE,UKL2,REST,Standard,2
2023,10,VOLKSWAGEN,34,Palencia,Corporate,ICE,MKL,REST,Standard,1
2023,10,VOLKSWAGEN,34,Palencia,Private,ICE,UKL2,REST,Standard,2
2023,10,VOLVO,34,Palencia,Corporate,PHEV,UKL2,FOCUS SEGMENT,Standard,2
2023,10,ALFA ROMEO,35,Las Palmas,Corporate,PHEV,UKL2,REST,Standard,3
2023,10,ALFA ROMEO,35,Las Palmas,Private,ICE,KKL,REST,Standard,1
2023,10,AUDI,35,Las Palmas,Corporate,BEV,UKL2,FOCUS SEGMENT,Standard,5
2023,10,AUDI,35,Las Palmas,Corporate,ICE,UKL1,FOCUS SEGMENT,Standard,1
2023,10,AUDI,35,Las Palmas,Corporate,ICE,UKL2,FOCUS SEGMENT,Standard,11
2023,10,AUDI,35,Las Palmas,Corporate,PHEV,KKL,FOCUS SEGMENT,Standard,1
2023,10,AUDI,35,Las Palmas,Corporate,PHEV,MKL,FOCUS SEGMENT,Standard,1
2023,10,AUDI,35,Las Palmas,Corporate,PHEV,UKL2,FOCUS SEGMENT,Standard,2
2023,10,AUDI,35,Las Palmas,Private,BEV,,REST,Standard,3
2023,10,AUDI,35,Las Palmas,Private,BEV,MKL,FOCUS SEGMENT,Standard,1
2023,10,AUDI,35,Las Palmas,Private,BEV,UKL2,FOCUS SEGMENT,Standard,14
2023,10,AUDI,35,Las Palmas,Private,ICE,KKL,FOCUS SEGMENT,Standard,1
2023,10,AUDI,35,Las Palmas,Private,ICE,UKL1,FOCUS SEGMENT,Standard,12
2023,10,AUDI,35,Las Palmas,Private,ICE,UKL2,FOCUS SEGMENT,M,1
2023,10,AUDI,35,Las Palmas,Private,ICE,UKL2,FOCUS SEGMENT,Standard,25
2023,10,AUDI,35,Las Palmas,Private,PHEV,UKL2,FOCUS SEGMENT,Standard,4
2023,10,AUDI,35,Las Palmas,RAC,ICE,UKL1,FOCUS SEGMENT,Standard,64
2023,10,AUDI,35,Las Palmas,RAC,ICE,UKL2,FOCUS SEGMENT,Standard,66
2023,10,BMW,35,Las Palmas,Corporate,BEV,KKL,FOCUS SEGMENT,Standard,1
2023,10,BMW,35,Las Palmas,Corporate,ICE,KKL,FOCUS SEGMENT,M,1
2023,10,BMW,35,Las Palmas,Corporate,ICE,UKL2,FOCUS SEGMENT,Standard,17
2023,10,BMW,35,Las Palmas,Corporate,PHEV,UKL2,FOCUS SEGMENT,Standard,1
2023,10,BMW,35,Las Palmas,Private,BEV,UKL2,FOCUS SEGMENT,Standard,8
2023,10,BMW,35,Las Palmas,Private,ICE,KKL,FOCUS SEGMENT,M,1
2023,10,BMW,35,Las Palmas,Private,ICE,KKL,FOCUS SEGMENT,Standard,1
2023,10,BMW,35,Las Palmas,Private,ICE,UKL2,FOCUS SEGMENT,Standard,6
2023,10,BMW,35,Las Palmas,Private,PHEV,UKL2,FOCUS SEGMENT,Standard,2
2023,10,BYD,35,Las Palmas,Corporate,BEV,UKL1,REST,Standard,2
2023,10,BYD,35,Las Palmas,Corporate,BEV,UKL2,REST,Standard,2
2023,10,BYD,35,Las Palmas,Private,BEV,MKL,REST,Standard,1
2023,10,BYD,35,Las Palmas,Private,BEV,UKL2,REST,Standard,12
2023,10,CITROEN,35,Las Palmas,Corporate,BEV,UKL2,REST,Standard,2
2023,10,CITROEN,35,Las Palmas,Corporate,ICE,UKL1,REST,Standard,43
2023,10,CITROEN,35,Las Palmas,Corporate,ICE,UKL2,REST,Standard,4
2023,10,CITROEN,35,Las Palmas,Private,BEV,SKL,REST,Standard,1
2023,10,CITROEN,35,Las Palmas,Private,BEV,UKL2,REST,Standard,1
2023,10,CITROEN,35,Las Palmas,Private,ICE,UKL1,REST,Standard,11
2023,10,CITROEN,35,Las Palmas,Private,ICE,UKL2,REST,Standard,5
2023,10,CITROEN,35,Las Palmas,RAC,ICE,UKL1,REST,Standard,11
2023,10,CITROEN,35,Las Palmas,RAC,ICE,UKL2,REST,Standard,10
2023,10,CUPRA,35,Las Palmas,Corporate,ICE,UKL2,REST,Standard,3
2023,10,CUPRA,35,Las Palmas,Corporate,PHEV,UKL2,REST,Standard,2
2023,10,CUPRA,35,Las Palmas,Private,BEV,UKL2,REST,Standard,8
2023,10,CUPRA,35,Las Palmas,Private,ICE,UKL2,REST,Standard,3
2023,10,CUPRA,35,Las Palmas,Private,PHEV,UKL2,REST,Standard,2
2023,10,CUPRA,35,Las Palmas,RAC,BEV,UKL2,REST,Standard,47
2023,10,DACIA,35,Las Palmas,Corporate,BEV,UKL0,REST,Standard,1
2023,10,DACIA,35,Las Palmas,Corporate,ICE,SKL,REST,Standard,6
2023,10,DACIA,35,Las Palmas,Corporate,ICE,UKL1,REST,Standard,44
2023,10,DACIA,35,Las Palmas,Corporate,ICE,UKL2,REST,Standard,7
2023,10,DACIA,35,Las Palmas,Private,BEV,UKL0,REST,Standard,2
2023,10,DACIA,35,Las Palmas,Private,ICE,SKL,REST,Standard,13
2023,10,DACIA,35,Las Palmas,Private,ICE,UKL1,REST,Standard,68
2023,10,DACIA,35,Las Palmas,Private,ICE,UKL2,REST,Standard,14
2023,10,DACIA,35,Las Palmas,RAC,ICE,SKL,REST,Standard,1
2023,10,DACIA,35,Las Palmas,RAC,ICE,UKL1,REST,Standard,18
2023,10,DACIA,35,Las Palmas,RAC,ICE,UKL2,REST,Standard,7
2023,10,DFSK,35,Las Palmas,Corporate,ICE,,,Standard,4
2023,10,DFSK,35,Las Palmas,Private,ICE,UKL2,REST,Standard,1
2023,10,DFSK,35,Las Palmas,RAC,ICE,,,Standard,2
2023,10,DS,35,Las Palmas,RAC,PHEV,UKL2,REST,Standard,1
2023,10,FIAT,35,Las Palmas,Corporate,ICE,UKL0,REST,Standard,18
2023,10,FIAT,35,Las Palmas,Private,BEV,UKL0,REST,Standard,1
2023,10,FIAT,35,Las Palmas,Private,ICE,UKL0,REST,Standard,6
2023,10,FIAT,35,Las Palmas,RAC,BEV,UKL0,REST,Standard,3
2023,10,FIAT,35,Las Palmas,RAC,ICE,,,Standard,3
2023,10,FIAT,35,Las Palmas,RAC,ICE,,REST,Standard,2
2023,10,FIAT,35,Las Palmas,RAC,ICE,UKL0,REST,Standard,2
2023,10,FIAT,35,Las Palmas,RAC,ICE,UKL2,REST,Standard,1
2023,10,FORD,35,Las Palmas,Corporate,BEV,KKL,REST,Standard,1
2023,10,FORD,35,Las Palmas,Corporate,ICE,UKL1,REST,Standard,5
2023,10,FORD,35,Las Palmas,Corporate,ICE,UKL2,REST,Standard,9
2023,10,FORD,35,Las Palmas,Corporate,PHEV,UKL2,REST,Standard,7
2023,10,FORD,35,Las Palmas,Private,ICE,UKL1,REST,Standard,14
2023,10,FORD,35,Las Palmas,Private,ICE,UKL2,REST,Standard,3
2023,10,FORD,35,Las Palmas,Private,PHEV,UKL2,REST,Standard,1
2023,10,HONDA,35,Las Palmas,Corporate,ICE,UKL1,REST,Standard,1
2023,10,HONDA,35,Las Palmas,Private,ICE,KKL,REST,Standard,1
2023,10,HONDA,35,Las Palmas,Private,ICE,UKL1,REST,Standard,3
2023,10,HYUNDAI,35,Las Palmas,Corporate,BEV,UKL1,REST,Standard,4
2023,10,HYUNDAI,35,Las Palmas,Corporate,ICE,UKL0,REST,Standard,5
2023,10,HYUNDAI,35,Las Palmas,Corporate,ICE,UKL1,REST,Standard,7
2023,10,HYUNDAI,35,Las Palmas,Corporate,ICE,UKL2,REST,Standard,3
2023,10,HYUNDAI,35,Las Palmas,Corporate,PHEV,UKL2,REST,Standard,1
2023,10,HYUNDAI,35,Las Palmas,Private,BEV,UKL1,REST,Standard,2
2023,10,HYUNDAI,35,Las Palmas,Private,BEV,UKL2,REST,Standard,1
2023,10,HYUNDAI,35,Las Palmas,Private,ICE,UKL0,REST,Standard,9
2023,10,HYUNDAI,35,Las Palmas,Private,ICE,UKL1,REST,Standard,41
2023,10,HYUNDAI,35,Las Palmas,Private,ICE,UKL2,REST,Standard,12
2023,10,HYUNDAI,35,Las Palmas,Private,PHEV,UKL2,REST,Standard,1
2023,10,HYUNDAI,35,Las Palmas,RAC,ICE,UKL1,REST,Standard,3
2023,10,HYUNDAI,35,Las Palmas,RAC,ICE,UKL2,REST,Standard,2
2023,10,JAGUAR,35,Las Palmas,Corporate,PHEV,UKL2,FOCUS SEGMENT,Standard,1
2023,10,JAGUAR,35,Las Palmas,Private,PHEV,UKL2,FOCUS SEGMENT,Standard,1
2023,10,JEEP,35,Las Palmas,Corporate,BEV,UKL1,REST,Standard,1
2023,10,JEEP,35,Las Palmas,Corporate,ICE,UKL1,REST,Standard,5
2023,10,JEEP,35,Las Palmas,Corporate,ICE,UKL2,REST,Standard,2
2023,10,JEEP,35,Las Palmas,Corporate,PHEV,MKL,REST,Standard,2
2023,10,JEEP,35,Las Palmas,Corporate,PHEV,UKL1,REST,Standard,3
2023,10,JEEP,35,Las Palmas,Corporate,PHEV,UKL2,REST,Standard,2
2023,10,JEEP,35,Las Palmas,Private,BEV,UKL1,REST,Standard,2
2023,10,JEEP,35,Las Palmas,Private,ICE,UKL1,REST,Standard,7
2023,10,JEEP,35,Las Palmas,RAC,ICE,UKL1,REST,Standard,16
2023,10,KIA,35,Las Palmas,Corporate,ICE,UKL0,REST,Standard,11
2023,10,KIA,35,Las Palmas,Corporate,ICE,UKL1,REST,Standard,5
2023,10,KIA,35,Las Palmas,Corporate,ICE,UKL2,REST,Standard,4
2023,10,KIA,35,Las Palmas,Private,BEV,KKL,REST,Standard,1
2023,10,KIA,35,Las Palmas,Private,BEV,UKL2,REST,Standard,1
2023,10,KIA,35,Las Palmas,Private,ICE,,REST,Standard,1
2023,10,KIA,35,Las Palmas,Private,ICE,KKL,REST,Standard,1
2023,10,KIA,35,Las Palmas,Private,ICE,UKL0,REST,Standard,21
2023,10,KIA,35,Las Palmas,Private,ICE,UKL1,REST,Standard,74
2023,10,KIA,35,Las Palmas,Private,ICE,UKL2,REST,Standard,34
2023,10,KIA,35,Las Palmas,Private,PHEV,KKL,REST,Standard,1
2023,10,KIA,35,Las Palmas,Private,PHEV,UKL2,REST,Standard,7
2023,10,KIA,35,Las Palmas,RAC,ICE,UKL0,REST,Standard,1
2023,10,KIA,35,Las Palmas,RAC,ICE,UKL1,REST,Standard,68
2023,10,LAND ROVER,35,Las Palmas,Corporate,PHEV,MKL,FOCUS SEGMENT,Standard,3
2023,10,LAND ROVER,35,Las Palmas,Corporate,PHEV,UKL2,FOCUS SEGMENT,Standard,2
2023,10,LAND ROVER,35,Las Palmas,RAC,PHEV,UKL2,FOCUS SEGMENT,Standard,6
2023,10,LEXUS,35,Las Palmas,Corporate,ICE,KKL,FOCUS SEGMENT,Standard,3
2023,10,LEXUS,35,Las Palmas,Private,ICE,UKL2,FOCUS SEGMENT,Standard,3
2023,10,MAZDA,35,Las Palmas,Corporate,BEV,UKL2,REST,Standard,1
2023,10,MAZDA,35,Las Palmas,Corporate,ICE,UKL2,REST,Standard,2
2023,10,MAZDA,35,Las Palmas,Private,BEV,UKL2,REST,Standard,1
2023,10,MAZDA,35,Las Palmas,Private,ICE,UKL2,REST,Standard,9
2023,10,MAZDA,35,Las Palmas,Private,PHEV,KKL,REST,Standard,1
2023,10,MAZDA,35,Las Palmas,RAC,ICE,UKL1,REST,Standard,8
2023,10,MERCEDES,35,Las Palmas,Corporate,BEV,MKL,FOCUS SEGMENT,Standard,1
2023,10,MERCEDES,35,Las Palmas,Corporate,BEV,SKL,REST,Standard,1
2023,10,MERCEDES,35,Las Palmas,Corporate,BEV,UKL2,FOCUS SEGMENT,Standard,5
2023,10,MERCEDES,35,Las Palmas,Corporate,ICE,KKL,FOCUS SEGMENT,Standard,4
2023,10,MERCEDES,35,Las Palmas,Corporate,ICE,MKL,FOCUS SEGMENT,Standard,2
2023,10,MERCEDES,35,Las Palmas,Corporate,ICE,MKL,REST,Standard,16
2023,10,MERCEDES,35,Las Palmas,Corporate,ICE,SKL,REST,Standard,1
2023,10,MERCEDES,35,Las Palmas,Corporate,ICE,UKL2,FOCUS SEGMENT,Standard,9
2023,10,MERCEDES,35,Las Palmas,Corporate,PHEV,KKL,FOCUS SEGMENT,Standard,3
2023,10,MERCEDES,35,Las Palmas,Corporate,PHEV,UKL2,FOCUS SEGMENT,Standard,8
2023,10,MERCEDES,35,Las Palmas,Private,BEV,UKL2,FOCUS SEGMENT,Standard,3
2023,10,MERCEDES,35,Las Palmas,Private,ICE,SKL,REST,Standard,1
2023,10,MERCEDES,35,Las Palmas,Private,ICE,UKL2,FOCUS SEGMENT,Standard,4
2023,10,MERCEDES,35,Las Palmas,Private,PHEV,KKL,FOCUS SEGMENT,Standard,2
2023,10,MERCEDES,35,Las Palmas,Private,PHEV,UKL2,FOCUS SEGMENT,Standard,2
2023,10,MERCEDES,35,Las Palmas,RAC,ICE,KKL,FOCUS SEGMENT,Standard,2
2023,10,MERCEDES,35,Las Palmas,RAC,ICE,MKL,FOCUS SEGMENT,Standard,1
2023,10,MERCEDES,35,Las Palmas,RAC,ICE,UKL2,FOCUS SEGMENT,Standard,2
2023,10,MERCEDES,35,Las Palmas,RAC,PHEV,KKL,FOCUS SEGMENT,Standard,1
2023,10,MERCEDES,35,Las Palmas,RAC,PHEV,UKL2,FOCUS SEGMENT,Standard,1
2023,10,MG,35,Las Palmas,Private,BEV,UKL2,REST,Standard,6
2023,10,MG,35,Las Palmas,Private,ICE,UKL1,REST,Standard,12
2023,10,MG,35,Las Palmas,RAC,ICE,UKL1,REST,Standard,10
2023,10,MINI,35,Las Palmas,Corporate,ICE,UKL1,FOCUS SEGMENT,Standard,1
2023,10,MINI,35,Las Palmas,Corporate,ICE,UKL2,FOCUS SEGMENT,Standard,2
2023,10,MINI,35,Las Palmas,Private,BEV,UKL1,FOCUS SEGMENT,Standard,1
2023,10,MINI,35,Las Palmas,Private,ICE,UKL1,FOCUS SEGMENT,Standard,2
2023,10,MINI,35,Las Palmas,Private,ICE,UKL2,FOCUS SEGMENT,Standard,1
2023,10,MINI,35,Las Palmas,Private,PHEV,UKL2,FOCUS SEGMENT,Standard,1
2023,10,MINI,35,Las Palmas,RAC,ICE,UKL1,FOCUS SEGMENT,Standard,2
2023,10,MITSUBISHI,35,Las Palmas,Corporate,ICE,UKL1,REST,Standard,6
2023,10,MITSUBISHI,35,Las Palmas,Corporate,ICE,UKL2,REST,Standard,4
2023,10,MITSUBISHI,35,Las Palmas,Corporate,PHEV,UKL2,REST,Standard,3
2023,10,MITSUBISHI,35,Las Palmas,Private,ICE,UKL1,REST,Standard,2
2023,10,MITSUBISHI,35,Las Palmas,Private,ICE,UKL2,REST,Standard,2
2023,10,MITSUBISHI,35,Las Palmas,RAC,ICE,UKL1,REST,Standard,1
2023,10,NISSAN,35,Las Palmas,Corporate,ICE,KKL,REST,Standard,2
2023,10,NISSAN,35,Las Palmas,Corporate,ICE,SKL,REST,Standard,1
2023,10,NISSAN,35,Las Palmas,Corporate,ICE,UKL1,REST,Standard,4
2023,10,NISSAN,35,Las Palmas,Corporate,ICE,UKL2,REST,Standard,7
2023,10,NISSAN,35,Las Palmas,Private,BEV,UKL2,REST,Standard,2
2023,10,NISSAN,35,Las Palmas,Private,ICE,KKL,REST,Standard,2
2023,10,NISSAN,35,Las Palmas,Private,ICE,SKL,REST,Standard,1
2023,10,NISSAN,35,Las Palmas,Private,ICE,UKL1,REST,Standard,4
2023,10,NISSAN,35,Las Palmas,Private,ICE,UKL2,REST,Standard,2
2023,10,NISSAN,35,Las Palmas,RAC,ICE,UKL1,REST,Standard,35
2023,10,NISSAN,35,Las Palmas,RAC,ICE,UKL2,REST,Standard,35
2023,10,OMODA,35,Las Palmas,Private,ICE,UKL2,REST,Standard,1
2023,10,OMODA,35,Las Palmas,RAC,ICE,UKL2,REST,Standard,1
2023,10,OPEL,35,Las Palmas,Corporate,BEV,SKL,REST,Standard,1
2023,10,OPEL,35,Las Palmas,Corporate,BEV,UKL1,REST,Standard,3
2023,10,OPEL,35,Las Palmas,Corporate,ICE,UKL1,REST,Standard,114
2023,10,OPEL,35,Las Palmas,Corporate,ICE,UKL2,REST,Standard,2
2023,10,OPEL,35,Las Palmas,Corporate,PHEV,UKL2,REST,Standard,3
2023,10,OPEL,35,Las Palmas,Private,ICE,UKL1,REST,Standard,48
2023,10,OPEL,35,Las Palmas,Private,ICE,UKL2,REST,Standard,3
2023,10,OPEL,35,Las Palmas,Private,PHEV,UKL2,REST,Standard,1
2023,10,OPEL,35,Las Palmas,RAC,ICE,UKL1,REST,Standard,1
2023,10,PEUGEOT,35,Las Palmas,Corporate,BEV,SKL,REST,Standard,6
2023,10,PEUGEOT,35,Las Palmas,Corporate,BEV,UKL1,REST,Standard,1
2023,10,PEUGEOT,35,Las Palmas,Corporate,ICE,KKL,REST,Standard,1
2023,10,PEUGEOT,35,Las Palmas,Corporate,ICE,UKL1,REST,Standard,88
2023,10,PEUGEOT,35,Las Palmas,Corporate,PHEV,UKL2,REST,Standard,6
2023,10,PEUGEOT,35,Las Palmas,Private,BEV,UKL1,REST,Standard,3
2023,10,PEUGEOT,35,Las Palmas,Private,ICE,KKL,REST,Standard,2
2023,10,PEUGEOT,35,Las Palmas,Private,ICE,UKL1,REST,Standard,21
2023,10,PEUGEOT,35,Las Palmas,Private,ICE,UKL2,REST,Standard,2
2023,10,PEUGEOT,35,Las Palmas,Private,PHEV,UKL2,REST,Standard,5
2023,10,PEUGEOT,35,Las Palmas,RAC,ICE,KKL,REST,Standard,4
2023,10,PEUGEOT,35,Las Palmas,RAC,ICE,UKL2,REST,Standard,46
2023,10,PORSCHE,35,Las Palmas,Corporate,PHEV,MKL,FOCUS SEGMENT,Standard,5
2023,10,PORSCHE,35,Las Palmas,Private,BEV,GKL,FOCUS SEGMENT,Standard,1
2023,10,PORSCHE,35,Las Palmas,Private,ICE,GKL,FOCUS SEGMENT,M Performance,1
2023,10,PORSCHE,35,Las Palmas,Private,ICE,KKL,FOCUS SEGMENT,M Performance,1
2023,10,PORSCHE,35,Las Palmas,Private,PHEV,MKL,FOCUS SEGMENT,Standard,3
2023,10,PORSCHE,35,Las Palmas,RAC,ICE,KKL,FOCUS SEGMENT,Standard,1
2023,10,RENAULT,35,Las Palmas,Corporate,BEV,UKL2,REST,Standard,6
2023,10,RENAULT,35,Las Palmas,Corporate,ICE,SKL,REST,Standard,14
2023,10,RENAULT,35,Las Palmas,Corporate,ICE,UKL1,REST,Standard,633
2023,10,RENAULT,35,Las Palmas,Corporate,ICE,UKL2,REST,Standard,101
2023,10,RENAULT,35,Las Palmas,Private,BEV,UKL2,REST,Standard,2
2023,10,RENAULT,35,Las Palmas,Private,ICE,UKL1,REST,Standard,12
2023,10,RENAULT,35,Las Palmas,Private,ICE,UKL2,REST,Standard,20
2023,10,RENAULT,35,Las Palmas,RAC,ICE,SKL,REST,Standard,1
2023,10,RENAULT,35,Las Palmas,RAC,ICE,UKL1,REST,Standard,64
2023,10,RENAULT,35,Las Palmas,RAC,ICE,UKL2,REST,Standard,3
2023,10,SEAT,35,Las Palmas,Corporate,ICE,UKL1,REST,Standard,41
2023,10,SEAT,35,Las Palmas,Corporate,ICE,UKL2,REST,Standard,11
2023,10,SEAT,35,Las Palmas,Corporate,PHEV,UKL2,REST,Standard,4
2023,10,SEAT,35,Las Palmas,Private,ICE,UKL1,REST,Standard,39
2023,10,SEAT,35,Las Palmas,Private,ICE,UKL2,REST,Standard,8
2023,10,SEAT,35,Las Palmas,Private,PHEV,UKL2,REST,Standard,1
2023,10,SEAT,35,Las Palmas,RAC,ICE,UKL1,REST,Standard,69
2023,10,SEAT,35,Las Palmas,RAC,ICE,UKL2,REST,Standard,55
2023,10,SKODA,35,Las Palmas,Corporate,ICE,KKL,REST,Standard,1
2023,10,SKODA,35,Las Palmas,Corporate,ICE,UKL1,REST,Standard,3
2023,10,SKODA,35,Las Palmas,Corporate,ICE,UKL2,REST,Standard,2
2023,10,SKODA,35,Las Palmas,Private,BEV,UKL2,REST,Standard,3
2023,10,SKODA,35,Las Palmas,Private,ICE,KKL,REST,Standard,4
2023,10,SKODA,35,Las Palmas,Private,ICE,UKL1,REST,Standard,27
2023,10,SKODA,35,Las Palmas,Private,ICE,UKL2,REST,Standard,10
2023,10,SKODA,35,Las Palmas,RAC,ICE,KKL,REST,Standard,7
2023,10,SKODA,35,Las Palmas,RAC,ICE,UKL1,REST,Standard,121
2023,10,SKODA,35,Las Palmas,RAC,ICE,UKL2,REST,Standard,11
2023,10,SSANGYONG,35,Las Palmas,Corporate,ICE,KKL,REST,Standard,1
2023,10,SSANGYONG,35,Las Palmas,Private,ICE,UKL1,REST,Standard,6
2023,10,SUZUKI,35,Las Palmas,Corporate,ICE,UKL2,REST,Standard,1
2023,10,SUZUKI,35,Las Palmas,Private,ICE,SKL,REST,Standard,1
2023,10,SUZUKI,35,Las Palmas,Private,ICE,UKL0,REST,Standard,5
2023,10,SUZUKI,35,Las Palmas,Private,ICE,UKL1,REST,Standard,3
2023,10,SUZUKI,35,Las Palmas,RAC,ICE,UKL0,REST,Standard,2
2023,10,SUZUKI,35,Las Palmas,RAC,ICE,UKL2,REST,Standard,20
2023,10,TOYOTA,35,Las Palmas,Corporate,ICE,GKL,REST,Standard,1
2023,10,TOYOTA,35,Las Palmas,Corporate,ICE,SKL,REST,Standard,2
2023,10,TOYOTA,35,Las Palmas,Corporate,ICE,UKL0,REST,Standard,2
2023,10,TOYOTA,35,Las Palmas,Corporate,ICE,UKL1,REST,Standard,32
2023,10,TOYOTA,35,Las Palmas,Corporate,ICE,UKL2,REST,Standard,38
2023,10,TOYOTA,35,Las Palmas,Private,ICE,SKL,REST,Standard,1
2023,10,TOYOTA,35,Las Palmas,Private,ICE,UKL0,REST,Standard,1
2023,10,TOYOTA,35,Las Palmas,Private,ICE,UKL1,REST,Standard,106
2023,10,TOYOTA,35,Las Palmas,Private,ICE,UKL2,REST,Standard,62
2023,10,TOYOTA,35,Las Palmas,Private,PHEV,UKL2,REST,Standard,2
2023,10,TOYOTA,35,Las Palmas,RAC,ICE,SKL,REST,Standard,1
2023,10,TOYOTA,35,Las Palmas,RAC,ICE,UKL1,REST,Standard,114
2023,10,VOLKSWAGEN,35,Las Palmas,Corporate,BEV,SKL,REST,Standard,1
2023,10,VOLKSWAGEN,35,Las Palmas,Corporate,BEV,UKL2,REST,Standard,6
2023,10,VOLKSWAGEN,35,Las Palmas,Corporate,ICE,MKL,REST,Standard,1
2023,10,VOLKSWAGEN,35,Las Palmas,Corporate,ICE,UKL1,REST,Standard,24
2023,10,VOLKSWAGEN,35,Las Palmas,Corporate,ICE,UKL2,REST,Standard,8
2023,10,VOLKSWAGEN,35,Las Palmas,Corporate,PHEV,MKL,REST,Standard,1
2023,10,VOLKSWAGEN,35,Las Palmas,Corporate,PHEV,SKL,REST,Standard,3
2023,10,VOLKSWAGEN,35,Las Palmas,Private,BEV,SKL,REST,Standard,2
2023,10,VOLKSWAGEN,35,Las Palmas,Private,BEV,UKL2,REST,Standard,8
2023,10,VOLKSWAGEN,35,Las Palmas,Private,ICE,UKL1,REST,Standard,70
2023,10,VOLKSWAGEN,35,Las Palmas,Private,ICE,UKL2,REST,Standard,48
2023,10,VOLKSWAGEN,35,Las Palmas,RAC,ICE,UKL1,REST,Standard,307
2023,10,VOLKSWAGEN,35,Las Palmas,RAC,ICE,UKL2,REST,Standard,67
2023,10,VOLVO,35,Las Palmas,Corporate,BEV,UKL2,FOCUS SEGMENT,Standard,5
2023,10,VOLVO,35,Las Palmas,Corporate,PHEV,KKL,FOCUS SEGMENT,Standard,3
2023,10,VOLVO,35,Las Palmas,Corporate,PHEV,MKL,FOCUS SEGMENT,Standard,1
2023,10,VOLVO,35,Las Palmas,Corporate,PHEV,UKL2,FOCUS SEGMENT,Standard,2
2023,10,VOLVO,35,Las Palmas,Private,ICE,UKL2,FOCUS SEGMENT,Standard,3
2023,10,VOLVO,35,Las Palmas,Private,PHEV,UKL2,FOCUS SEGMENT,Standard,1
2023,10,ALPINE,36,Pontevedra,Corporate,ICE,KKL,REST,Standard,1
2023,10,AUDI,36,Pontevedra,Corporate,BEV,UKL2,FOCUS SEGMENT,Standard,6
2023,10,AUDI,36,Pontevedra,Corporate,ICE,KKL,FOCUS SEGMENT,Standard,1
2023,10,AUDI,36,Pontevedra,Corporate,ICE,MKL,FOCUS SEGMENT,Standard,1
2023,10,AUDI,36,Pontevedra,Corporate,ICE,UKL1,FOCUS SEGMENT,Standard,1
2023,10,AUDI,36,Pontevedra,Corporate,ICE,UKL2,FOCUS SEGMENT,Standard,6
2023,10,AUDI,36,Pontevedra,Corporate,PHEV,KKL,FOCUS SEGMENT,Standard,1
2023,10,AUDI,36,Pontevedra,Corporate,PHEV,UKL2,FOCUS SEGMENT,Standard,1
2023,10,AUDI,36,Pontevedra,Private,BEV,UKL2,FOCUS SEGMENT,Standard,4
2023,10,AUDI,36,Pontevedra,Private,ICE,KKL,FOCUS SEGMENT,Standard,3
2023,10,AUDI,36,Pontevedra,Private,ICE,UKL1,FOCUS SEGMENT,Standard,3
2023,10,AUDI,36,Pontevedra,Private,ICE,UKL2,FOCUS SEGMENT,Standard,11
2023,10,AUDI,36,Pontevedra,Private,PHEV,UKL2,FOCUS SEGMENT,Standard,5
2023,10,BMW,36,Pontevedra,Corporate,BEV,KKL,FOCUS SEGMENT,Standard,2
2023,10,BMW,36,Pontevedra,Corporate,BEV,MKL,FOCUS SEGMENT,Standard,1
2023,10,BMW,36,Pontevedra,Corporate,ICE,KKL,FOCUS SEGMENT,Standard,9
2023,10,BMW,36,Pontevedra,Corporate,ICE,MKL,FOCUS SEGMENT,Standard,1
2023,10,BMW,36,Pontevedra,Corporate,ICE,UKL2,FOCUS SEGMENT,Standard,5
2023,10,BMW,36,Pontevedra,Private,ICE,KKL,FOCUS SEGMENT,M,1
2023,10,BMW,36,Pontevedra,Private,ICE,KKL,FOCUS SEGMENT,Standard,4
2023,10,BMW,36,Pontevedra,Private,ICE,UKL2,FOCUS SEGMENT,M Performance,2
2023,10,BMW,36,Pontevedra,Private,ICE,UKL2,FOCUS SEGMENT,Standard,9
2023,10,CITROEN,36,Pontevedra,Corporate,ICE,UKL1,REST,Standard,1
2023,10,CITROEN,36,Pontevedra,Corporate,ICE,UKL2,REST,Standard,6
2023,10,CITROEN,36,Pontevedra,Private,ICE,UKL1,REST,Standard,11
2023,10,CITROEN,36,Pontevedra,Private,ICE,UKL2,REST,Standard,14
2023,10,CUPRA,36,Pontevedra,Corporate,ICE,UKL2,REST,Standard,4
2023,10,CUPRA,36,Pontevedra,Private,ICE,UKL2,REST,Standard,4
2023,10,CUPRA,36,Pontevedra,Private,PHEV,UKL2,REST,Standard,1
2023,10,DACIA,36,Pontevedra,Corporate,ICE,UKL1,REST,Standard,1
2023,10,DACIA,36,Pontevedra,Private,BEV,UKL0,REST,Standard,2
2023,10,DACIA,36,Pontevedra,Private,ICE,SKL,REST,Standard,11
2023,10,DACIA,36,Pontevedra,Private,ICE,UKL1,REST,Standard,41
2023,10,DACIA,36,Pontevedra,Private,ICE,UKL2,REST,Standard,5
2023,10,DS,36,Pontevedra,Corporate,PHEV,UKL2,REST,Standard,2
2023,10,DS,36,Pontevedra,Private,BEV,UKL1,REST,Standard,1
2023,10,DS,36,Pontevedra,Private,ICE,UKL1,REST,Standard,1
2023,10,DS,36,Pontevedra,Private,ICE,UKL2,REST,Standard,1
2023,10,FIAT,36,Pontevedra,Corporate,ICE,UKL0,REST,Standard,2
2023,10,FIAT,36,Pontevedra,Private,BEV,UKL0,REST,Standard,1
2023,10,FIAT,36,Pontevedra,Private,ICE,UKL0,REST,Standard,2
2023,10,FORD,36,Pontevedra,Corporate,ICE,MKL,REST,Standard,1
2023,10,FORD,36,Pontevedra,Corporate,ICE,SKL,REST,Standard,2
2023,10,FORD,36,Pontevedra,Corporate,ICE,UKL1,REST,Standard,4
2023,10,FORD,36,Pontevedra,Corporate,PHEV,UKL2,REST,Standard,1
2023,10,FORD,36,Pontevedra,Private,ICE,SKL,REST,Standard,1
2023,10,FORD,36,Pontevedra,Private,ICE,UKL1,REST,Standard,13
2023,10,FORD,36,Pontevedra,Private,ICE,UKL2,REST,Standard,6
2023,10,FORD,36,Pontevedra,Private,PHEV,UKL2,REST,Standard,5
2023,10,HONDA,36,Pontevedra,Corporate,ICE,UKL2,REST,Standard,1
2023,10,HONDA,36,Pontevedra,Private,ICE,UKL2,REST,Standard,3
2023,10,HYUNDAI,36,Pontevedra,Corporate,ICE,UKL1,REST,Standard,3
2023,10,HYUNDAI,36,Pontevedra,Corporate,ICE,UKL2,REST,Standard,7
2023,10,HYUNDAI,36,Pontevedra,Private,ICE,UKL0,REST,Standard,3
2023,10,HYUNDAI,36,Pontevedra,Private,ICE,UKL1,REST,Standard,20
2023,10,HYUNDAI,36,Pontevedra,Private,ICE,UKL2,REST,Standard,12
2023,10,HYUNDAI,36,Pontevedra,Private,PHEV,UKL2,REST,Standard,1
2023,10,JEEP,36,Pontevedra,Private,ICE,UKL1,REST,Standard,3
2023,10,JEEP,36,Pontevedra,Private,ICE,UKL2,REST,Standard,2
2023,10,KIA,36,Pontevedra,Corporate,BEV,MKL,REST,Standard,1
2023,10,KIA,36,Pontevedra,Corporate,ICE,KKL,REST,Standard,1
2023,10,KIA,36,Pontevedra,Corporate,ICE,UKL0,REST,Standard,4
2023,10,KIA,36,Pontevedra,Corporate,PHEV,UKL2,REST,Standard,1
2023,10,KIA,36,Pontevedra,Private,BEV,KKL,REST,Standard,2
2023,10,KIA,36,Pontevedra,Private,BEV,UKL2,REST,Standard,6
2023,10,KIA,36,Pontevedra,Private,ICE,,,Standard,1
2023,10,KIA,36,Pontevedra,Private,ICE,UKL0,REST,Standard,2
2023,10,KIA,36,Pontevedra,Private,ICE,UKL1,REST,Standard,13
2023,10,KIA,36,Pontevedra,Private,ICE,UKL2,REST,Standard,33
2023,10,KIA,36,Pontevedra,Private,PHEV,UKL2,REST,Standard,4
2023,10,LEXUS,36,Pontevedra,Corporate,PHEV,MKL,FOCUS SEGMENT,Standard,1
2023,10,LEXUS,36,Pontevedra,Private,ICE,KKL,FOCUS SEGMENT,Standard,2
2023,10,LEXUS,36,Pontevedra,Private,ICE,UKL2,FOCUS SEGMENT,Standard,1
2023,10,MAZDA,36,Pontevedra,Corporate,ICE,UKL2,REST,Standard,1
2023,10,MAZDA,36,Pontevedra,Corporate,PHEV,KKL,REST,Standard,1
2023,10,MAZDA,36,Pontevedra,Private,ICE,UKL1,REST,Standard,1
2023,10,MAZDA,36,Pontevedra,Private,ICE,UKL2,REST,Standard,19
2023,10,MERCEDES,36,Pontevedra,Corporate,BEV,,REST,Standard,1
2023,10,MERCEDES,36,Pontevedra,Corporate,BEV,SKL,REST,Standard,1
2023,10,MERCEDES,36,Pontevedra,Corporate,BEV,UKL2,FOCUS SEGMENT,Standard,1
2023,10,MERCEDES,36,Pontevedra,Corporate,ICE,KKL,FOCUS SEGMENT,Standard,2
2023,10,MERCEDES,36,Pontevedra,Corporate,ICE,MKL,REST,Standard,2
2023,10,MERCEDES,36,Pontevedra,Corporate,ICE,SKL,REST,Standard,1
2023,10,MERCEDES,36,Pontevedra,Corporate,ICE,UKL2,FOCUS SEGMENT,Standard,4
2023,10,MERCEDES,36,Pontevedra,Corporate,PHEV,KKL,FOCUS SEGMENT,Standard,1
2023,10,MERCEDES,36,Pontevedra,Private,ICE,GKL,FOCUS SEGMENT,Standard,1
2023,10,MERCEDES,36,Pontevedra,Private,ICE,KKL,FOCUS SEGMENT,Standard,4
2023,10,MERCEDES,36,Pontevedra,Private,ICE,MKL,REST,Standard,1
2023,10,MERCEDES,36,Pontevedra,Private,ICE,UKL2,FOCUS SEGMENT,Standard,7
2023,10,MERCEDES,36,Pontevedra,Private,PHEV,UKL2,FOCUS SEGMENT,Standard,4
2023,10,MG,36,Pontevedra,Corporate,BEV,UKL1,REST,Standard,1
2023,10,MG,36,Pontevedra,Corporate,BEV,UKL2,REST,Standard,1
2023,10,MG,36,Pontevedra,Corporate,ICE,UKL1,REST,Standard,2
2023,10,MG,36,Pontevedra,Private,BEV,UKL1,REST,Standard,1
2023,10,MG,36,Pontevedra,Private,BEV,UKL2,REST,Standard,5
2023,10,MG,36,Pontevedra,Private,ICE,KKL,REST,Standard,2
2023,10,MG,36,Pontevedra,Private,ICE,UKL1,REST,Standard,14
2023,10,MG,36,Pontevedra,Private,PHEV,KKL,REST,Standard,3
2023,10,MINI,36,Pontevedra,Corporate,BEV,UKL1,FOCUS SEGMENT,Standard,1
2023,10,MINI,36,Pontevedra,Corporate,ICE,UKL1,FOCUS SEGMENT,Standard,1
2023,10,MINI,36,Pontevedra,Private,ICE,UKL1,FOCUS SEGMENT,JCW,1
2023,10,MINI,36,Pontevedra,Private,ICE,UKL1,FOCUS SEGMENT,Standard,6
2023,10,MINI,36,Pontevedra,Private,ICE,UKL2,FOCUS SEGMENT,Standard,1
2023,10,MINI,36,Pontevedra,Private,PHEV,UKL2,FOCUS SEGMENT,Standard,1
2023,10,MITSUBISHI,36,Pontevedra,Private,ICE,UKL1,REST,Standard,1
2023,10,MITSUBISHI,36,Pontevedra,Private,ICE,UKL2,REST,Standard,1
2023,10,MITSUBISHI,36,Pontevedra,Private,PHEV,UKL2,REST,Standard,1
2023,10,NISSAN,36,Pontevedra,Corporate,ICE,KKL,REST,Standard,3
2023,10,NISSAN,36,Pontevedra,Corporate,ICE,SKL,REST,Standard,1
2023,10,NISSAN,36,Pontevedra,Corporate,ICE,UKL1,REST,Standard,1
2023,10,NISSAN,36,Pontevedra,Corporate,ICE,UKL2,REST,Standard,2
2023,10,NISSAN,36,Pontevedra,Private,BEV,UKL2,REST,Standard,2
2023,10,NISSAN,36,Pontevedra,Private,ICE,KKL,REST,Standard,3
2023,10,NISSAN,36,Pontevedra,Private,ICE,UKL1,REST,Standard,14
2023,10,NISSAN,36,Pontevedra,Private,ICE,UKL2,REST,Standard,10
2023,10,OPEL,36,Pontevedra,Corporate,BEV,SKL,REST,Standard,1
2023,10,OPEL,36,Pontevedra,Private,ICE,UKL1,REST,Standard,10
2023,10,OPEL,36,Pontevedra,Private,PHEV,UKL2,REST,Standard,1
2023,10,PEUGEOT,36,Pontevedra,Corporate,BEV,SKL,REST,Standard,1
2023,10,PEUGEOT,36,Pontevedra,Corporate,BEV,UKL1,REST,Standard,1
2023,10,PEUGEOT,36,Pontevedra,Corporate,ICE,UKL1,REST,Standard,1
2023,10,PEUGEOT,36,Pontevedra,Corporate,ICE,UKL2,REST,Standard,5
2023,10,PEUGEOT,36,Pontevedra,Private,BEV,UKL1,REST,Standard,2
2023,10,PEUGEOT,36,Pontevedra,Private,ICE,UKL1,REST,Standard,9
2023,10,PEUGEOT,36,Pontevedra,Private,ICE,UKL2,REST,Standard,5
2023,10,PEUGEOT,36,Pontevedra,Private,PHEV,UKL2,REST,Standard,1
2023,10,POLESTAR,36,Pontevedra,Private,BEV,KKL,FOCUS SEGMENT,Standard,1
2023,10,PORSCHE,36,Pontevedra,Corporate,BEV,GKL,FOCUS SEGMENT,M Performance,1
2023,10,PORSCHE,36,Pontevedra,Corporate,ICE,GKL,FOCUS SEGMENT,Standard,1
2023,10,PORSCHE,36,Pontevedra,Corporate,PHEV,MKL,FOCUS SEGMENT,Standard,1
2023,10,PORSCHE,36,Pontevedra,Private,ICE,GKL,FOCUS SEGMENT,M Performance,1
2023,10,PORSCHE,36,Pontevedra,Private,ICE,KKL,FOCUS SEGMENT,Standard,1
2023,10,RENAULT,36,Pontevedra,Corporate,BEV,UKL1,REST,Standard,1
2023,10,RENAULT,36,Pontevedra,Corporate,BEV,UKL2,REST,Standard,3
2023,10,RENAULT,36,Pontevedra,Corporate,ICE,KKL,REST,Standard,1
2023,10,RENAULT,36,Pontevedra,Corporate,ICE,UKL2,REST,Standard,1
2023,10,RENAULT,36,Pontevedra,Private,ICE,KKL,REST,Standard,1
2023,10,RENAULT,36,Pontevedra,Private,ICE,SKL,REST,Standard,1
2023,10,RENAULT,36,Pontevedra,Private,ICE,UKL1,REST,Standard,23
2023,10,RENAULT,36,Pontevedra,Private,ICE,UKL2,REST,Standard,19
2023,10,RENAULT,36,Pontevedra,Private,PHEV,UKL1,REST,Standard,1
2023,10,SEAT,36,Pontevedra,Corporate,ICE,KKL,REST,Standard,1
2023,10,SEAT,36,Pontevedra,Corporate,ICE,UKL1,REST,Standard,9
2023,10,SEAT,36,Pontevedra,Corporate,ICE,UKL2,REST,Standard,5
2023,10,SEAT,36,Pontevedra,Corporate,PHEV,UKL2,REST,Standard,1
2023,10,SEAT,36,Pontevedra,Private,ICE,KKL,REST,Standard,2
2023,10,SEAT,36,Pontevedra,Private,ICE,UKL1,REST,Standard,12
2023,10,SEAT,36,Pontevedra,Private,ICE,UKL2,REST,Standard,6
2023,10,SEAT,36,Pontevedra,Private,PHEV,UKL2,REST,Standard,1
2023,10,SKODA,36,Pontevedra,Corporate,ICE,UKL1,REST,Standard,4
2023,10,SKODA,36,Pontevedra,Corporate,ICE,UKL2,REST,Standard,3
2023,10,SKODA,36,Pontevedra,Private,ICE,UKL1,REST,Standard,13
2023,10,SKODA,36,Pontevedra,Private,ICE,UKL2,REST,Standard,9
2023,10,SKODA,36,Pontevedra,Private,PHEV,UKL2,REST,Standard,1
2023,10,SUZUKI,36,Pontevedra,Private,ICE,SKL,REST,Standard,2
2023,10,SUZUKI,36,Pontevedra,Private,ICE,UKL1,REST,Standard,1
2023,10,TESLA,36,Pontevedra,Private,BEV,GKL,FOCUS SEGMENT,Standard,1
2023,10,TESLA,36,Pontevedra,Private,BEV,KKL,FOCUS SEGMENT,Standard,2
2023,10,TOYOTA,36,Pontevedra,Corporate,BEV,SKL,REST,Standard,3
2023,10,TOYOTA,36,Pontevedra,Corporate,ICE,UKL1,REST,Standard,3
2023,10,TOYOTA,36,Pontevedra,Corporate,ICE,UKL2,REST,Standard,3
2023,10,TOYOTA,36,Pontevedra,Private,ICE,SKL,REST,Standard,2
2023,10,TOYOTA,36,Pontevedra,Private,ICE,UKL1,REST,Standard,29
2023,10,TOYOTA,36,Pontevedra,Private,ICE,UKL2,REST,Standard,12
2023,10,VOLKSWAGEN,36,Pontevedra,Corporate,ICE,MKL,REST,Standard,1
2023,10,VOLKSWAGEN,36,Pontevedra,Corporate,ICE,UKL1,REST,Standard,9
2023,10,VOLKSWAGEN,36,Pontevedra,Private,ICE,UKL1,REST,Standard,4
2023,10,VOLKSWAGEN,36,Pontevedra,Private,ICE,UKL2,REST,Standard,10
2023,10,VOLKSWAGEN,36,Pontevedra,Private,PHEV,SKL,REST,Standard,1
2023,10,VOLVO,36,Pontevedra,Corporate,BEV,UKL2,FOCUS SEGMENT,Standard,3
2023,10,VOLVO,36,Pontevedra,Corporate,ICE,KKL,FOCUS SEGMENT,Standard,1
2023,10,VOLVO,36,Pontevedra,Corporate,ICE,UKL2,FOCUS SEGMENT,Standard,1
2023,10,VOLVO,36,Pontevedra,Private,BEV,UKL2,FOCUS SEGMENT,Standard,1
2023,10,VOLVO,36,Pontevedra,Private,ICE,UKL2,FOCUS SEGMENT,Standard,1
2023,10,AUDI,37,Salamanca,Corporate,ICE,MKL,FOCUS SEGMENT,Standard,1
2023,10,AUDI,37,Salamanca,Private,BEV,UKL2,FOCUS SEGMENT,Standard,1
2023,10,AUDI,37,Salamanca,Private,ICE,MKL,FOCUS SEGMENT,Standard,1
2023,10,AUDI,37,Salamanca,Private,ICE,UKL2,FOCUS SEGMENT,Standard,1
2023,10,AUDI,37,Salamanca,Private,PHEV,UKL2,FOCUS SEGMENT,Standard,1
2023,10,BENTLEY,37,Salamanca,Corporate,PHEV,GKL+,FOCUS SEGMENT,Standard,1
2023,10,BMW,37,Salamanca,Corporate,BEV,MKL,FOCUS SEGMENT,Standard,1
2023,10,BMW,37,Salamanca,Corporate,ICE,MKL,FOCUS SEGMENT,Standard,1
2023,10,BMW,37,Salamanca,Corporate,ICE,UKL2,FOCUS SEGMENT,Standard,1
2023,10,BMW,37,Salamanca,Private,ICE,KKL,FOCUS SEGMENT,M Performance,1
2023,10,BMW,37,Salamanca,Private,ICE,KKL,FOCUS SEGMENT,Standard,1
2023,10,BMW,37,Salamanca,Private,ICE,UKL2,FOCUS SEGMENT,Standard,1
2023,10,CITROEN,37,Salamanca,Corporate,ICE,UKL1,REST,Standard,2
2023,10,CITROEN,37,Salamanca,Private,ICE,UKL1,REST,Standard,3
2023,10,CITROEN,37,Salamanca,Private,ICE,UKL2,REST,Standard,11
2023,10,CUPRA,37,Salamanca,Corporate,ICE,UKL2,REST,Standard,6
2023,10,CUPRA,37,Salamanca,Private,ICE,UKL2,REST,Standard,1
2023,10,DACIA,37,Salamanca,Corporate,ICE,UKL1,REST,Standard,1
2023,10,DACIA,37,Salamanca,Corporate,ICE,UKL2,REST,Standard,1
2023,10,DACIA,37,Salamanca,Private,ICE,SKL,REST,Standard,5
2023,10,DACIA,37,Salamanca,Private,ICE,UKL1,REST,Standard,3
2023,10,FIAT,37,Salamanca,Private,ICE,,,Standard,1
2023,10,FIAT,37,Salamanca,Private,ICE,UKL0,REST,Standard,1
2023,10,FORD,37,Salamanca,Corporate,ICE,UKL1,REST,Standard,2
2023,10,FORD,37,Salamanca,Private,ICE,UKL1,REST,Standard,1
2023,10,FORD,37,Salamanca,Private,ICE,UKL2,REST,Standard,1
2023,10,HONDA,37,Salamanca,Corporate,ICE,KKL,REST,Standard,1
2023,10,HONDA,37,Salamanca,Private,ICE,UKL1,REST,Standard,1
2023,10,HYUNDAI,37,Salamanca,Corporate,ICE,UKL1,REST,Standard,3
2023,10,HYUNDAI,37,Salamanca,Corporate,ICE,UKL2,REST,Standard,2
2023,10,HYUNDAI,37,Salamanca,Private,ICE,UKL1,REST,Standard,6
2023,10,HYUNDAI,37,Salamanca,Private,ICE,UKL2,REST,Standard,8
2023,10,JAGUAR,37,Salamanca,Corporate,ICE,UKL2,FOCUS SEGMENT,Standard,2
2023,10,KIA,37,Salamanca,Corporate,BEV,KKL,REST,Standard,1
2023,10,KIA,37,Salamanca,Corporate,ICE,UKL2,REST,Standard,2
2023,10,KIA,37,Salamanca,Corporate,PHEV,UKL2,REST,Standard,2
2023,10,KIA,37,Salamanca,Private,ICE,UKL0,REST,Standard,1
2023,10,KIA,37,Salamanca,Private,ICE,UKL1,REST,Standard,1
2023,10,KIA,37,Salamanca,Private,ICE,UKL2,REST,Standard,13
2023,10,KIA,37,Salamanca,Private,PHEV,UKL2,REST,Standard,4
2023,10,LAND ROVER,37,Salamanca,Corporate,ICE,UKL2,FOCUS SEGMENT,Standard,2
2023,10,LEXUS,37,Salamanca,Private,ICE,KKL,FOCUS SEGMENT,Standard,1
2023,10,LEXUS,37,Salamanca,Private,ICE,UKL2,FOCUS SEGMENT,Standard,1
2023,10,MAZDA,37,Salamanca,Corporate,ICE,UKL2,REST,Standard,1
2023,10,MAZDA,37,Salamanca,Private,ICE,KKL,REST,Standard,1
2023,10,MAZDA,37,Salamanca,Private,ICE,UKL2,REST,Standard,5
2023,10,MERCEDES,37,Salamanca,Corporate,BEV,MKL,FOCUS SEGMENT,Standard,1
2023,10,MERCEDES,37,Salamanca,Corporate,ICE,GKL,FOCUS SEGMENT,Standard,1
2023,10,MERCEDES,37,Salamanca,Corporate,ICE,KKL,FOCUS SEGMENT,Standard,2
2023,10,MERCEDES,37,Salamanca,Corporate,ICE,MKL,FOCUS SEGMENT,Standard,1
2023,10,MERCEDES,37,Salamanca,Corporate,ICE,MKL,REST,Standard,1
2023,10,MERCEDES,37,Salamanca,Corporate,ICE,UKL2,FOCUS SEGMENT,Standard,2
2023,10,MERCEDES,37,Salamanca,Corporate,PHEV,KKL,FOCUS SEGMENT,Standard,1
2023,10,MERCEDES,37,Salamanca,Corporate,PHEV,UKL2,FOCUS SEGMENT,Standard,2
2023,10,MERCEDES,37,Salamanca,Private,ICE,GKL,FOCUS SEGMENT,Standard,1
2023,10,MERCEDES,37,Salamanca,Private,ICE,KKL,FOCUS SEGMENT,Standard,3
2023,10,MERCEDES,37,Salamanca,Private,ICE,UKL2,FOCUS SEGMENT,Standard,4
2023,10,MERCEDES,37,Salamanca,Private,PHEV,KKL,FOCUS SEGMENT,Standard,1
2023,10,MERCEDES-V,37,Salamanca,RAC,ICE,SKL,REST,Standard,2
2023,10,MG,37,Salamanca,Corporate,ICE,UKL1,REST,Standard,2
2023,10,MG,37,Salamanca,Private,BEV,UKL2,REST,Standard,1
2023,10,MG,37,Salamanca,Private,ICE,UKL1,REST,Standard,12
2023,10,MINI,37,Salamanca,Private,ICE,UKL1,FOCUS SEGMENT,Standard,2
2023,10,MITSUBISHI,37,Salamanca,Corporate,ICE,UKL2,REST,Standard,1
2023,10,NISSAN,37,Salamanca,Corporate,ICE,UKL1,REST,Standard,1
2023,10,NISSAN,37,Salamanca,Corporate,ICE,UKL2,REST,Standard,3
2023,10,NISSAN,37,Salamanca,Private,ICE,SKL,REST,Standard,1
2023,10,NISSAN,37,Salamanca,Private,ICE,UKL1,REST,Standard,1
2023,10,NISSAN,37,Salamanca,Private,ICE,UKL2,REST,Standard,2
2023,10,OPEL,37,Salamanca,Corporate,BEV,UKL1,REST,Standard,1
2023,10,OPEL,37,Salamanca,Private,ICE,UKL1,REST,Standard,3
2023,10,PEUGEOT,37,Salamanca,Corporate,BEV,UKL1,REST,Standard,3
2023,10,PEUGEOT,37,Salamanca,Corporate,ICE,KKL,REST,Standard,1
2023,10,PEUGEOT,37,Salamanca,Corporate,ICE,UKL1,REST,Standard,6
2023,10,PEUGEOT,37,Salamanca,Corporate,ICE,UKL2,REST,Standard,7
2023,10,PEUGEOT,37,Salamanca,Private,BEV,UKL1,REST,Standard,1
2023,10,PEUGEOT,37,Salamanca,Private,ICE,UKL1,REST,Standard,6
2023,10,PEUGEOT,37,Salamanca,Private,ICE,UKL2,REST,Standard,2
2023,10,PEUGEOT,37,Salamanca,Private,PHEV,KKL,REST,Standard,1
2023,10,PORSCHE,37,Salamanca,Corporate,ICE,GKL,FOCUS SEGMENT,Standard,1
2023,10,REHATRANS,37,Salamanca,Private,ICE,,REST,Standard,1
2023,10,RENAULT,37,Salamanca,Corporate,BEV,UKL2,REST,Standard,1
2023,10,RENAULT,37,Salamanca,Corporate,ICE,UKL1,REST,Standard,3
2023,10,RENAULT,37,Salamanca,Corporate,ICE,UKL2,REST,Standard,3
2023,10,RENAULT,37,Salamanca,Private,ICE,KKL,REST,Standard,1
2023,10,RENAULT,37,Salamanca,Private,ICE,UKL1,REST,Standard,3
2023,10,RENAULT,37,Salamanca,Private,ICE,UKL2,REST,Standard,6
2023,10,SEAT,37,Salamanca,Corporate,ICE,UKL1,REST,Standard,5
2023,10,SEAT,37,Salamanca,Corporate,ICE,UKL2,REST,Standard,4
2023,10,SEAT,37,Salamanca,Corporate,PHEV,KKL,REST,Standard,1
2023,10,SEAT,37,Salamanca,Corporate,PHEV,UKL2,REST,Standard,2
2023,10,SEAT,37,Salamanca,Private,ICE,UKL1,REST,Standard,5
2023,10,SEAT,37,Salamanca,Private,ICE,UKL2,REST,Standard,5
2023,10,SKODA,37,Salamanca,Private,ICE,KKL,REST,Standard,1
2023,10,SKODA,37,Salamanca,Private,ICE,UKL1,REST,Standard,1
2023,10,SKODA,37,Salamanca,Private,ICE,UKL2,REST,Standard,1
2023,10,SSANGYONG,37,Salamanca,Corporate,BEV,KKL,REST,Standard,1
2023,10,SSANGYONG,37,Salamanca,Corporate,ICE,KKL,REST,Standard,1
2023,10,SUBARU,37,Salamanca,Private,ICE,KKL,REST,Standard,1
2023,10,SUZUKI,37,Salamanca,Private,ICE,UKL0,REST,Standard,1
2023,10,SUZUKI,37,Salamanca,Private,ICE,UKL1,REST,Standard,1
2023,10,TOYOTA,37,Salamanca,Corporate,ICE,UKL1,REST,Standard,3
2023,10,TOYOTA,37,Salamanca,Private,ICE,KKL,REST,Standard,1
2023,10,TOYOTA,37,Salamanca,Private,ICE,UKL1,REST,Standard,12
2023,10,TOYOTA,37,Salamanca,Private,ICE,UKL2,REST,Standard,3
2023,10,TOYOTA,37,Salamanca,RAC,ICE,UKL1,REST,Standard,5
2023,10,VOLKSWAGEN,37,Salamanca,Corporate,ICE,UKL2,REST,Standard,2
2023,10,VOLKSWAGEN,37,Salamanca,Corporate,PHEV,MKL,REST,Standard,1
2023,10,VOLKSWAGEN,37,Salamanca,Private,ICE,UKL1,REST,Standard,4
2023,10,VOLKSWAGEN,37,Salamanca,Private,ICE,UKL2,REST,Standard,3
2023,10,VOLVO,37,Salamanca,Corporate,BEV,UKL2,FOCUS SEGMENT,Standard,2
2023,10,VOLVO,37,Salamanca,Private,ICE,MKL,FOCUS SEGMENT,Standard,1
2023,10,VOLVO,37,Salamanca,Private,ICE,UKL2,FOCUS SEGMENT,Standard,1
2023,10,ALFA ROMEO,38,S.C. Tenerife,Corporate,PHEV,UKL2,REST,Standard,3
2023,10,ALFA ROMEO,38,S.C. Tenerife,RAC,ICE,KKL,REST,Standard,2
2023,10,AUDI,38,S.C. Tenerife,Corporate,BEV,,REST,Standard,1
2023,10,AUDI,38,S.C. Tenerife,Corporate,BEV,GKL,FOCUS SEGMENT,Standard,1
2023,10,AUDI,38,S.C. Tenerife,Corporate,BEV,UKL2,FOCUS SEGMENT,Standard,1
2023,10,AUDI,38,S.C. Tenerife,Corporate,ICE,MKL,FOCUS SEGMENT,M,1
2023,10,AUDI,38,S.C. Tenerife,Corporate,ICE,UKL1,FOCUS SEGMENT,Standard,3
2023,10,AUDI,38,S.C. Tenerife,Corporate,ICE,UKL2,FOCUS SEGMENT,Standard,2
2023,10,AUDI,38,S.C. Tenerife,Corporate,PHEV,KKL,FOCUS SEGMENT,Standard,1
2023,10,AUDI,38,S.C. Tenerife,Corporate,PHEV,UKL2,FOCUS SEGMENT,Standard,3
2023,10,AUDI,38,S.C. Tenerife,Private,BEV,MKL,FOCUS SEGMENT,Standard,1
2023,10,AUDI,38,S.C. Tenerife,Private,BEV,UKL2,FOCUS SEGMENT,Standard,13
2023,10,AUDI,38,S.C. Tenerife,Private,ICE,GKL,FOCUS SEGMENT,M,1
2023,10,AUDI,38,S.C. Tenerife,Private,ICE,KKL,FOCUS SEGMENT,Standard,1
2023,10,AUDI,38,S.C. Tenerife,Private,ICE,UKL1,FOCUS SEGMENT,Standard,16
2023,10,AUDI,38,S.C. Tenerife,Private,ICE,UKL2,FOCUS SEGMENT,Standard,12
2023,10,AUDI,38,S.C. Tenerife,Private,PHEV,KKL,FOCUS SEGMENT,Standard,1
2023,10,AUDI,38,S.C. Tenerife,Private,PHEV,MKL,FOCUS SEGMENT,Standard,1
2023,10,AUDI,38,S.C. Tenerife,Private,PHEV,UKL2,FOCUS SEGMENT,Standard,6
2023,10,AUDI,38,S.C. Tenerife,RAC,ICE,UKL2,FOCUS SEGMENT,Standard,11
2023,10,BMW,38,S.C. Tenerife,Corporate,BEV,UKL2,FOCUS SEGMENT,Standard,2
2023,10,BMW,38,S.C. Tenerife,Corporate,ICE,KKL,FOCUS SEGMENT,Standard,4
2023,10,BMW,38,S.C. Tenerife,Corporate,ICE,MKL,FOCUS SEGMENT,Standard,1
2023,10,BMW,38,S.C. Tenerife,Corporate,ICE,UKL2,FOCUS SEGMENT,M,2
2023,10,BMW,38,S.C. Tenerife,Corporate,ICE,UKL2,FOCUS SEGMENT,Standard,3
2023,10,BMW,38,S.C. Tenerife,Private,BEV,KKL,FOCUS SEGMENT,M Performance,1
2023,10,BMW,38,S.C. Tenerife,Private,BEV,KKL,FOCUS SEGMENT,Standard,1
2023,10,BMW,38,S.C. Tenerife,Private,BEV,UKL2,FOCUS SEGMENT,Standard,1
2023,10,BMW,38,S.C. Tenerife,Private,ICE,KKL,FOCUS SEGMENT,M,2
2023,10,BMW,38,S.C. Tenerife,Private,ICE,KKL,FOCUS SEGMENT,Standard,1
2023,10,BMW,38,S.C. Tenerife,Private,ICE,MKL,FOCUS SEGMENT,Standard,1
2023,10,BMW,38,S.C. Tenerife,Private,ICE,UKL2,FOCUS SEGMENT,Standard,8
2023,10,BMW,38,S.C. Tenerife,Private,PHEV,GKL,FOCUS SEGMENT,M,1
2023,10,BMW,38,S.C. Tenerife,Private,PHEV,KKL,FOCUS SEGMENT,Standard,1
2023,10,BMW,38,S.C. Tenerife,Private,PHEV,UKL2,FOCUS SEGMENT,Standard,4
2023,10,BYD,38,S.C. Tenerife,Corporate,BEV,UKL2,REST,Standard,1
2023,10,BYD,38,S.C. Tenerife,Private,BEV,UKL2,REST,Standard,6
2023,10,CITROEN,38,S.C. Tenerife,Corporate,BEV,UKL2,REST,Standard,1
2023,10,CITROEN,38,S.C. Tenerife,Corporate,ICE,UKL1,REST,Standard,1
2023,10,CITROEN,38,S.C. Tenerife,Corporate,ICE,UKL2,REST,Standard,2
2023,10,CITROEN,38,S.C. Tenerife,Private,ICE,UKL1,REST,Standard,18
2023,10,CITROEN,38,S.C. Tenerife,Private,ICE,UKL2,REST,Standard,4
2023,10,CUPRA,38,S.C. Tenerife,Corporate,ICE,UKL2,REST,Standard,1
2023,10,CUPRA,38,S.C. Tenerife,Private,BEV,UKL2,REST,Standard,4
2023,10,CUPRA,38,S.C. Tenerife,Private,PHEV,UKL2,REST,Standard,2
2023,10,CUPRA,38,S.C. Tenerife,RAC,BEV,UKL2,REST,Standard,3
2023,10,CUPRA,38,S.C. Tenerife,RAC,ICE,UKL2,REST,Standard,10
2023,10,DACIA,38,S.C. Tenerife,Corporate,ICE,UKL1,REST,Standard,2
2023,10,DACIA,38,S.C. Tenerife,Private,BEV,UKL0,REST,Standard,2
2023,10,DACIA,38,S.C. Tenerife,Private,ICE,SKL,REST,Standard,14
2023,10,DACIA,38,S.C. Tenerife,Private,ICE,UKL1,REST,Standard,88
2023,10,DACIA,38,S.C. Tenerife,Private,ICE,UKL2,REST,Standard,8
2023,10,DFSK,38,S.C. Tenerife,Private,ICE,,,Standard,1
2023,10,DFSK,38,S.C. Tenerife,RAC,ICE,,,Standard,2
2023,10,DFSK,38,S.C. Tenerife,RAC,ICE,UKL2,REST,Standard,5
2023,10,DS,38,S.C. Tenerife,Corporate,BEV,UKL1,REST,Standard,1
2023,10,DS,38,S.C. Tenerife,Corporate,ICE,UKL2,REST,Standard,1
2023,10,FIAT,38,S.C. Tenerife,Corporate,ICE,,,Standard,1
2023,10,FIAT,38,S.C. Tenerife,Corporate,ICE,UKL0,REST,Standard,2
2023,10,FIAT,38,S.C. Tenerife,Private,ICE,,,Standard,1
2023,10,FIAT,38,S.C. Tenerife,Private,ICE,,REST,Standard,1
2023,10,FIAT,38,S.C. Tenerife,Private,ICE,UKL0,REST,Standard,15
2023,10,FIAT,38,S.C. Tenerife,RAC,BEV,SKL,REST,Standard,1
2023,10,FIAT,38,S.C. Tenerife,RAC,BEV,UKL0,REST,Standard,8
2023,10,FIAT,38,S.C. Tenerife,RAC,ICE,,,Standard,10
2023,10,FIAT,38,S.C. Tenerife,RAC,ICE,,REST,Standard,5
2023,10,FIAT,38,S.C. Tenerife,RAC,ICE,UKL2,REST,Standard,5
2023,10,FORD,38,S.C. Tenerife,Corporate,ICE,UKL1,REST,Standard,1
2023,10,FORD,38,S.C. Tenerife,Private,ICE,MKL,REST,Standard,1
2023,10,FORD,38,S.C. Tenerife,Private,ICE,UKL1,REST,Standard,15
2023,10,FORD,38,S.C. Tenerife,Private,ICE,UKL2,REST,Standard,9
2023,10,FORD,38,S.C. Tenerife,Private,PHEV,UKL2,REST,Standard,4
2023,10,HONDA,38,S.C. Tenerife,Corporate,ICE,UKL2,REST,Standard,1
2023,10,HONDA,38,S.C. Tenerife,Private,ICE,UKL1,REST,Standard,1
2023,10,HONDA,38,S.C. Tenerife,Private,ICE,UKL2,REST,Standard,1
2023,10,HYUNDAI,38,S.C. Tenerife,Corporate,BEV,UKL1,REST,Standard,2
2023,10,HYUNDAI,38,S.C. Tenerife,Corporate,ICE,UKL1,REST,Standard,7
2023,10,HYUNDAI,38,S.C. Tenerife,Corporate,ICE,UKL2,REST,Standard,1
2023,10,HYUNDAI,38,S.C. Tenerife,Corporate,PHEV,UKL2,REST,Standard,1
2023,10,HYUNDAI,38,S.C. Tenerife,Private,BEV,UKL1,REST,Standard,2
2023,10,HYUNDAI,38,S.C. Tenerife,Private,BEV,UKL2,REST,Standard,3
2023,10,HYUNDAI,38,S.C. Tenerife,Private,ICE,UKL0,REST,Standard,17
2023,10,HYUNDAI,38,S.C. Tenerife,Private,ICE,UKL1,REST,Standard,37
2023,10,HYUNDAI,38,S.C. Tenerife,Private,ICE,UKL2,REST,Standard,17
2023,10,HYUNDAI,38,S.C. Tenerife,Private,PHEV,UKL2,REST,Standard,5
2023,10,HYUNDAI,38,S.C. Tenerife,RAC,ICE,UKL0,REST,Standard,2
2023,10,HYUNDAI,38,S.C. Tenerife,RAC,ICE,UKL1,REST,Standard,1
2023,10,JEEP,38,S.C. Tenerife,Corporate,ICE,UKL1,REST,Standard,5
2023,10,JEEP,38,S.C. Tenerife,Corporate,ICE,UKL2,REST,Standard,2
2023,10,JEEP,38,S.C. Tenerife,Private,BEV,UKL1,REST,Standard,4
2023,10,JEEP,38,S.C. Tenerife,Private,ICE,UKL1,REST,Standard,3
2023,10,JEEP,38,S.C. Tenerife,Private,PHEV,UKL2,REST,Standard,1
2023,10,JEEP,38,S.C. Tenerife,RAC,ICE,UKL1,REST,Standard,10
2023,10,KIA,38,S.C. Tenerife,Corporate,BEV,UKL2,REST,Standard,3
2023,10,KIA,38,S.C. Tenerife,Corporate,ICE,UKL0,REST,Standard,5
2023,10,KIA,38,S.C. Tenerife,Corporate,ICE,UKL1,REST,Standard,18
2023,10,KIA,38,S.C. Tenerife,Corporate,ICE,UKL2,REST,Standard,17
2023,10,KIA,38,S.C. Tenerife,Corporate,PHEV,UKL2,REST,Standard,4
2023,10,KIA,38,S.C. Tenerife,Private,BEV,KKL,REST,Standard,2
2023,10,KIA,38,S.C. Tenerife,Private,ICE,UKL0,REST,Standard,38
2023,10,KIA,38,S.C. Tenerife,Private,ICE,UKL1,REST,Standard,74
2023,10,KIA,38,S.C. Tenerife,Private,ICE,UKL2,REST,Standard,34
2023,10,KIA,38,S.C. Tenerife,Private,PHEV,UKL2,REST,Standard,12
2023,10,KIA,38,S.C. Tenerife,RAC,ICE,UKL0,REST,Standard,4
2023,10,KIA,38,S.C. Tenerife,RAC,ICE,UKL1,REST,Standard,3
2023,10,LAND ROVER,38,S.C. Tenerife,Corporate,PHEV,MKL,FOCUS SEGMENT,Standard,2
2023,10,LEXUS,38,S.C. Tenerife,Private,ICE,UKL2,FOCUS SEGMENT,Standard,1
2023,10,MAZDA,38,S.C. Tenerife,Private,ICE,UKL1,REST,Standard,2
2023,10,MAZDA,38,S.C. Tenerife,Private,ICE,UKL2,REST,Standard,10
2023,10,MAZDA,38,S.C. Tenerife,Private,PHEV,KKL,REST,Standard,1
2023,10,MERCEDES,38,S.C. Tenerife,Corporate,BEV,MKL,REST,Standard,1
2023,10,MERCEDES,38,S.C. Tenerife,Corporate,BEV,SKL,REST,Standard,1
2023,10,MERCEDES,38,S.C. Tenerife,Corporate,BEV,UKL2,FOCUS SEGMENT,Standard,2
2023,10,MERCEDES,38,S.C. Tenerife,Corporate,ICE,KKL,FOCUS SEGMENT,Standard,1
2023,10,MERCEDES,38,S.C. Tenerife,Corporate,ICE,MKL,FOCUS SEGMENT,Standard,1
2023,10,MERCEDES,38,S.C. Tenerife,Corporate,ICE,MKL,REST,Standard,3
2023,10,MERCEDES,38,S.C. Tenerife,Corporate,ICE,UKL2,FOCUS SEGMENT,Standard,1
2023,10,MERCEDES,38,S.C. Tenerife,Corporate,PHEV,KKL,FOCUS SEGMENT,Standard,1
2023,10,MERCEDES,38,S.C. Tenerife,Private,BEV,UKL2,FOCUS SEGMENT,Standard,2
2023,10,MERCEDES,38,S.C. Tenerife,Private,ICE,KKL,FOCUS SEGMENT,Standard,1
2023,10,MERCEDES,38,S.C. Tenerife,Private,ICE,UKL2,FOCUS SEGMENT,Standard,3
2023,10,MERCEDES,38,S.C. Tenerife,Private,PHEV,KKL,FOCUS SEGMENT,Standard,2
2023,10,MERCEDES,38,S.C. Tenerife,Private,PHEV,UKL2,FOCUS SEGMENT,Standard,1
2023,10,MERCEDES,38,S.C. Tenerife,RAC,ICE,MKL,REST,Standard,1
2023,10,MG,38,S.C. Tenerife,Corporate,BEV,UKL1,REST,Standard,2
2023,10,MG,38,S.C. Tenerife,Corporate,BEV,UKL2,REST,Standard,3
2023,10,MG,38,S.C. Tenerife,Corporate,ICE,KKL,REST,Standard,3
2023,10,MG,38,S.C. Tenerife,Corporate,ICE,UKL1,REST,Standard,3
2023,10,MG,38,S.C. Tenerife,Corporate,PHEV,KKL,REST,Standard,6
2023,10,MG,38,S.C. Tenerife,Private,BEV,UKL1,REST,Standard,2
2023,10,MG,38,S.C. Tenerife,Private,BEV,UKL2,REST,Standard,3
2023,10,MG,38,S.C. Tenerife,Private,ICE,UKL1,REST,Standard,16
2023,10,MG,38,S.C. Tenerife,Private,PHEV,KKL,REST,Standard,2
2023,10,MG,38,S.C. Tenerife,RAC,ICE,UKL1,REST,Standard,7
2023,10,MINI,38,S.C. Tenerife,Corporate,BEV,UKL1,FOCUS SEGMENT,Standard,1
2023,10,MINI,38,S.C. Tenerife,Corporate,ICE,UKL1,FOCUS SEGMENT,Standard,2
2023,10,MINI,38,S.C. Tenerife,Private,BEV,UKL1,FOCUS SEGMENT,Standard,2
2023,10,MINI,38,S.C. Tenerife,Private,ICE,UKL1,FOCUS SEGMENT,Standard,8
2023,10,MINI,38,S.C. Tenerife,Private,ICE,UKL2,FOCUS SEGMENT,Standard,2
2023,10,MINI,38,S.C. Tenerife,Private,PHEV,UKL2,FOCUS SEGMENT,Standard,1
2023,10,MITSUBISHI,38,S.C. Tenerife,Private,ICE,UKL1,REST,Standard,3
2023,10,MITSUBISHI,38,S.C. Tenerife,Private,ICE,UKL2,REST,Standard,3
2023,10,MITSUBISHI,38,S.C. Tenerife,Private,PHEV,UKL2,REST,Standard,1
2023,10,NISSAN,38,S.C. Tenerife,Corporate,ICE,UKL1,REST,Standard,1
2023,10,NISSAN,38,S.C. Tenerife,Corporate,ICE,UKL2,REST,Standard,5
2023,10,NISSAN,38,S.C. Tenerife,Private,BEV,UKL2,REST,Standard,1
2023,10,NISSAN,38,S.C. Tenerife,Private,ICE,UKL1,REST,Standard,17
2023,10,NISSAN,38,S.C. Tenerife,Private,ICE,UKL2,REST,Standard,13
2023,10,OMODA,38,S.C. Tenerife,Private,ICE,UKL2,REST,Standard,1
2023,10,OMODA,38,S.C. Tenerife,RAC,ICE,UKL2,REST,Standard,7
2023,10,OPEL,38,S.C. Tenerife,Corporate,BEV,UKL1,REST,Standard,4
2023,10,OPEL,38,S.C. Tenerife,Corporate,ICE,UKL1,REST,Standard,20
2023,10,OPEL,38,S.C. Tenerife,Corporate,ICE,UKL2,REST,Standard,1
2023,10,OPEL,38,S.C. Tenerife,Private,ICE,UKL1,REST,Standard,69
2023,10,OPEL,38,S.C. Tenerife,Private,ICE,UKL2,REST,Standard,6
2023,10,OPEL,38,S.C. Tenerife,Private,PHEV,UKL2,REST,Standard,2
2023,10,PEUGEOT,38,S.C. Tenerife,Corporate,BEV,SKL,REST,Standard,4
2023,10,PEUGEOT,38,S.C. Tenerife,Corporate,ICE,UKL1,REST,Standard,9
2023,10,PEUGEOT,38,S.C. Tenerife,Private,BEV,SKL,REST,Standard,1
2023,10,PEUGEOT,38,S.C. Tenerife,Private,BEV,UKL1,REST,Standard,2
2023,10,PEUGEOT,38,S.C. Tenerife,Private,ICE,UKL1,REST,Standard,41
2023,10,PEUGEOT,38,S.C. Tenerife,Private,ICE,UKL2,REST,Standard,4
2023,10,PORSCHE,38,S.C. Tenerife,Corporate,ICE,GKL,FOCUS SEGMENT,M,1
2023,10,PORSCHE,38,S.C. Tenerife,Corporate,PHEV,MKL,FOCUS SEGMENT,Standard,1
2023,10,PORSCHE,38,S.C. Tenerife,Private,ICE,GKL,FOCUS SEGMENT,M,1
2023,10,PORSCHE,38,S.C. Tenerife,Private,ICE,GKL,FOCUS SEGMENT,M Performance,2
2023,10,PORSCHE,38,S.C. Tenerife,Private,ICE,GKL,FOCUS SEGMENT,Standard,1
2023,10,PORSCHE,38,S.C. Tenerife,Private,ICE,KKL,FOCUS SEGMENT,Standard,1
2023,10,RENAULT,38,S.C. Tenerife,Corporate,BEV,UKL2,REST,Standard,1
2023,10,RENAULT,38,S.C. Tenerife,Corporate,ICE,UKL1,REST,Standard,5
2023,10,RENAULT,38,S.C. Tenerife,Corporate,ICE,UKL2,REST,Standard,4
2023,10,RENAULT,38,S.C. Tenerife,Private,ICE,UKL1,REST,Standard,30
2023,10,RENAULT,38,S.C. Tenerife,Private,ICE,UKL2,REST,Standard,23
2023,10,RENAULT,38,S.C. Tenerife,Private,PHEV,UKL1,REST,Standard,1
2023,10,RENAULT,38,S.C. Tenerife,RAC,ICE,UKL1,REST,Standard,6
2023,10,SEAT,38,S.C. Tenerife,Corporate,ICE,UKL1,REST,Standard,24
2023,10,SEAT,38,S.C. Tenerife,Corporate,PHEV,UKL2,REST,Standard,2
2023,10,SEAT,38,S.C. Tenerife,Private,ICE,UKL1,REST,Standard,52
2023,10,SEAT,38,S.C. Tenerife,Private,ICE,UKL2,REST,Standard,13
2023,10,SEAT,38,S.C. Tenerife,Private,PHEV,UKL2,REST,Standard,2
2023,10,SEAT,38,S.C. Tenerife,RAC,ICE,UKL2,REST,Standard,8
2023,10,SKODA,38,S.C. Tenerife,Corporate,BEV,UKL2,REST,Standard,1
2023,10,SKODA,38,S.C. Tenerife,Private,BEV,UKL2,REST,Standard,2
2023,10,SKODA,38,S.C. Tenerife,Private,ICE,UKL1,REST,Standard,30
2023,10,SKODA,38,S.C. Tenerife,Private,ICE,UKL2,REST,Standard,8
2023,10,SMART,38,S.C. Tenerife,Corporate,BEV,,REST,Standard,1
2023,10,SUZUKI,38,S.C. Tenerife,Private,ICE,SKL,REST,Standard,3
2023,10,SUZUKI,38,S.C. Tenerife,Private,ICE,UKL0,REST,Standard,2
2023,10,SUZUKI,38,S.C. Tenerife,Private,ICE,UKL1,REST,Standard,3
2023,10,SUZUKI,38,S.C. Tenerife,Private,ICE,UKL2,REST,Standard,2
2023,10,TOYOTA,38,S.C. Tenerife,Corporate,ICE,GKL,REST,Standard,1
2023,10,TOYOTA,38,S.C. Tenerife,Corporate,ICE,UKL0,REST,Standard,1
2023,10,TOYOTA,38,S.C. Tenerife,Corporate,ICE,UKL1,REST,Standard,9
2023,10,TOYOTA,38,S.C. Tenerife,Corporate,ICE,UKL2,REST,Standard,2
2023,10,TOYOTA,38,S.C. Tenerife,Private,ICE,SKL,REST,Standard,2
2023,10,TOYOTA,38,S.C. Tenerife,Private,ICE,UKL0,REST,Standard,4
2023,10,TOYOTA,38,S.C. Tenerife,Private,ICE,UKL1,REST,Standard,93
2023,10,TOYOTA,38,S.C. Tenerife,Private,ICE,UKL2,REST,Standard,39
2023,10,TOYOTA,38,S.C. Tenerife,RAC,ICE,UKL1,REST,Standard,41
2023,10,VOLKSWAGEN,38,S.C. Tenerife,Corporate,BEV,SKL,REST,Standard,3
2023,10,VOLKSWAGEN,38,S.C. Tenerife,Corporate,BEV,UKL2,REST,Standard,1
2023,10,VOLKSWAGEN,38,S.C. Tenerife,Corporate,ICE,UKL1,REST,Standard,13
2023,10,VOLKSWAGEN,38,S.C. Tenerife,Corporate,ICE,UKL2,REST,Standard,4
2023,10,VOLKSWAGEN,38,S.C. Tenerife,Private,BEV,SKL,REST,Standard,1
2023,10,VOLKSWAGEN,38,S.C. Tenerife,Private,BEV,UKL2,REST,Standard,5
2023,10,VOLKSWAGEN,38,S.C. Tenerife,Private,ICE,SKL,REST,Standard,1
2023,10,VOLKSWAGEN,38,S.C. Tenerife,Private,ICE,UKL1,REST,Standard,79
2023,10,VOLKSWAGEN,38,S.C. Tenerife,Private,ICE,UKL2,REST,Standard,42
2023,10,VOLKSWAGEN,38,S.C. Tenerife,Private,PHEV,UKL2,REST,Standard,1
2023,10,VOLKSWAGEN,38,S.C. Tenerife,RAC,ICE,UKL1,REST,Standard,19
2023,10,VOLKSWAGEN,38,S.C. Tenerife,RAC,ICE,UKL2,REST,Standard,2
2023,10,VOLVO,38,S.C. Tenerife,Corporate,PHEV,KKL,FOCUS SEGMENT,Standard,1
2023,10,VOLVO,38,S.C. Tenerife,Private,BEV,UKL2,FOCUS SEGMENT,Standard,4
2023,10,VOLVO,38,S.C. Tenerife,Private,PHEV,KKL,FOCUS SEGMENT,Standard,1
2023,10,VOLVO,38,S.C. Tenerife,Private,PHEV,UKL2,FOCUS SEGMENT,Standard,3
2023,10,AUDI,39,Cantabria,Corporate,BEV,UKL2,FOCUS SEGMENT,Standard,1
2023,10,AUDI,39,Cantabria,Corporate,ICE,KKL,FOCUS SEGMENT,Standard,1
2023,10,AUDI,39,Cantabria,Corporate,ICE,UKL1,FOCUS SEGMENT,Standard,2
2023,10,AUDI,39,Cantabria,Corporate,ICE,UKL2,FOCUS SEGMENT,Standard,10
2023,10,AUDI,39,Cantabria,Private,ICE,KKL,FOCUS SEGMENT,Standard,4
2023,10,AUDI,39,Cantabria,Private,ICE,UKL1,FOCUS SEGMENT,Standard,2
2023,10,AUDI,39,Cantabria,Private,ICE,UKL2,FOCUS SEGMENT,Standard,6
2023,10,BMW,39,Cantabria,Corporate,ICE,KKL,FOCUS SEGMENT,Standard,2
2023,10,BMW,39,Cantabria,Corporate,ICE,MKL,FOCUS SEGMENT,Standard,1
2023,10,BMW,39,Cantabria,Corporate,ICE,UKL2,FOCUS SEGMENT,Standard,1
2023,10,BMW,39,Cantabria,Private,ICE,KKL,FOCUS SEGMENT,Standard,5
2023,10,BMW,39,Cantabria,Private,ICE,UKL2,FOCUS SEGMENT,M,1
2023,10,BMW,39,Cantabria,Private,ICE,UKL2,FOCUS SEGMENT,Standard,8
2023,10,BMW,39,Cantabria,Private,PHEV,UKL2,FOCUS SEGMENT,Standard,1
2023,10,CITROEN,39,Cantabria,Corporate,ICE,UKL1,REST,Standard,17
2023,10,CITROEN,39,Cantabria,Corporate,ICE,UKL2,REST,Standard,28
2023,10,CITROEN,39,Cantabria,Private,ICE,UKL1,REST,Standard,16
2023,10,CITROEN,39,Cantabria,Private,ICE,UKL2,REST,Standard,14
2023,10,CUPRA,39,Cantabria,Corporate,ICE,UKL2,REST,Standard,2
2023,10,CUPRA,39,Cantabria,Private,BEV,UKL2,REST,Standard,1
2023,10,CUPRA,39,Cantabria,Private,ICE,UKL2,REST,Standard,2
2023,10,CUPRA,39,Cantabria,Private,PHEV,UKL2,REST,Standard,2
2023,10,DACIA,39,Cantabria,Corporate,ICE,SKL,REST,Standard,1
2023,10,DACIA,39,Cantabria,Corporate,ICE,UKL2,REST,Standard,1
2023,10,DACIA,39,Cantabria,Private,ICE,SKL,REST,Standard,14
2023,10,DACIA,39,Cantabria,Private,ICE,UKL1,REST,Standard,28
2023,10,DACIA,39,Cantabria,Private,ICE,UKL2,REST,Standard,5
2023,10,DS,39,Cantabria,Private,ICE,UKL2,REST,Standard,2
2023,10,DS,39,Cantabria,Private,PHEV,UKL2,REST,Standard,3
2023,10,FIAT,39,Cantabria,Corporate,BEV,UKL0,REST,Standard,1
2023,10,FIAT,39,Cantabria,Private,ICE,,,Standard,2
2023,10,FIAT,39,Cantabria,Private,ICE,UKL0,REST,Standard,10
2023,10,FORD,39,Cantabria,Corporate,ICE,UKL1,REST,Standard,5
2023,10,FORD,39,Cantabria,Corporate,PHEV,UKL2,REST,Standard,1
2023,10,FORD,39,Cantabria,Private,ICE,UKL1,REST,Standard,7
2023,10,FORD,39,Cantabria,Private,ICE,UKL2,REST,Standard,8
2023,10,FORD,39,Cantabria,Private,PHEV,UKL2,REST,Standard,2
2023,10,HONDA,39,Cantabria,Corporate,ICE,KKL,REST,Standard,1
2023,10,HONDA,39,Cantabria,Private,ICE,UKL2,REST,Standard,1
2023,10,HYUNDAI,39,Cantabria,Corporate,ICE,UKL2,REST,Standard,7
2023,10,HYUNDAI,39,Cantabria,Private,ICE,UKL0,REST,Standard,3
2023,10,HYUNDAI,39,Cantabria,Private,ICE,UKL1,REST,Standard,12
2023,10,HYUNDAI,39,Cantabria,Private,ICE,UKL2,REST,Standard,10
2023,10,HYUNDAI,39,Cantabria,Private,PHEV,UKL2,REST,Standard,1
2023,10,JEEP,39,Cantabria,Corporate,ICE,UKL1,REST,Standard,2
2023,10,JEEP,39,Cantabria,Private,BEV,UKL1,REST,Standard,1
2023,10,JEEP,39,Cantabria,Private,ICE,UKL1,REST,Standard,3
2023,10,KIA,39,Cantabria,Corporate,BEV,MKL,REST,Standard,1
2023,10,KIA,39,Cantabria,Private,BEV,KKL,REST,Standard,6
2023,10,KIA,39,Cantabria,Private,BEV,UKL2,REST,Standard,1
2023,10,KIA,39,Cantabria,Private,ICE,KKL,REST,Standard,2
2023,10,KIA,39,Cantabria,Private,ICE,UKL0,REST,Standard,1
2023,10,KIA,39,Cantabria,Private,ICE,UKL1,REST,Standard,17
2023,10,KIA,39,Cantabria,Private,ICE,UKL2,REST,Standard,26
2023,10,LAND ROVER,39,Cantabria,Private,ICE,MKL,FOCUS SEGMENT,Standard,1
2023,10,LEXUS,39,Cantabria,Corporate,ICE,UKL2,FOCUS SEGMENT,Standard,1
2023,10,LEXUS,39,Cantabria,Corporate,PHEV,KKL,FOCUS SEGMENT,Standard,1
2023,10,LEXUS,39,Cantabria,Private,ICE,KKL,FOCUS SEGMENT,Standard,1
2023,10,LEXUS,39,Cantabria,Private,ICE,UKL2,FOCUS SEGMENT,Standard,2
2023,10,LEXUS,39,Cantabria,Private,PHEV,KKL,FOCUS SEGMENT,Standard,1
2023,10,MAZDA,39,Cantabria,Private,ICE,KKL,REST,Standard,2
2023,10,MAZDA,39,Cantabria,Private,ICE,UKL1,REST,Standard,1
2023,10,MAZDA,39,Cantabria,Private,ICE,UKL2,REST,Standard,7
2023,10,MERCEDES,39,Cantabria,Corporate,ICE,KKL,FOCUS SEGMENT,Standard,3
2023,10,MERCEDES,39,Cantabria,Corporate,ICE,MKL,FOCUS SEGMENT,Standard,2
2023,10,MERCEDES,39,Cantabria,Corporate,ICE,MKL,REST,Standard,1
2023,10,MERCEDES,39,Cantabria,Corporate,ICE,UKL2,FOCUS SEGMENT,M Performance,1
2023,10,MERCEDES,39,Cantabria,Corporate,ICE,UKL2,FOCUS SEGMENT,Standard,7
2023,10,MERCEDES,39,Cantabria,Corporate,PHEV,KKL,FOCUS SEGMENT,Standard,2
2023,10,MERCEDES,39,Cantabria,Corporate,PHEV,MKL,FOCUS SEGMENT,Standard,1
2023,10,MERCEDES,39,Cantabria,Corporate,PHEV,UKL2,FOCUS SEGMENT,Standard,1
2023,10,MERCEDES,39,Cantabria,Private,ICE,KKL,FOCUS SEGMENT,Standard,6
2023,10,MERCEDES,39,Cantabria,Private,ICE,MKL,REST,Standard,2
2023,10,MERCEDES,39,Cantabria,Private,ICE,UKL2,FOCUS SEGMENT,Standard,12
2023,10,MERCEDES,39,Cantabria,Private,PHEV,KKL,FOCUS SEGMENT,Standard,1
2023,10,MERCEDES,39,Cantabria,Private,PHEV,UKL2,FOCUS SEGMENT,Standard,3
2023,10,MG,39,Cantabria,Corporate,ICE,UKL1,REST,Standard,1
2023,10,MG,39,Cantabria,Private,BEV,UKL1,REST,Standard,1
2023,10,MG,39,Cantabria,Private,BEV,UKL2,REST,Standard,3
2023,10,MG,39,Cantabria,Private,ICE,KKL,REST,Standard,2
2023,10,MG,39,Cantabria,Private,ICE,UKL1,REST,Standard,35
2023,10,MINI,39,Cantabria,Private,ICE,UKL1,FOCUS SEGMENT,Standard,7
2023,10,MINI,39,Cantabria,Private,ICE,UKL2,FOCUS SEGMENT,Standard,1
2023,10,MINI,39,Cantabria,Private,PHEV,UKL2,FOCUS SEGMENT,Standard,1
2023,10,MITSUBISHI,39,Cantabria,Private,ICE,UKL1,REST,Standard,2
2023,10,MITSUBISHI,39,Cantabria,Private,ICE,UKL2,REST,Standard,3
2023,10,MITSUBISHI,39,Cantabria,Private,PHEV,UKL2,REST,Standard,1
2023,10,NISSAN,39,Cantabria,Corporate,ICE,KKL,REST,Standard,1
2023,10,NISSAN,39,Cantabria,Corporate,ICE,UKL2,REST,Standard,3
2023,10,NISSAN,39,Cantabria,Private,ICE,KKL,REST,Standard,3
2023,10,NISSAN,39,Cantabria,Private,ICE,SKL,REST,Standard,1
2023,10,NISSAN,39,Cantabria,Private,ICE,UKL1,REST,Standard,5
2023,10,NISSAN,39,Cantabria,Private,ICE,UKL2,REST,Standard,9
2023,10,OPEL,39,Cantabria,Corporate,BEV,SKL,REST,Standard,1
2023,10,OPEL,39,Cantabria,Corporate,BEV,UKL2,REST,Standard,1
2023,10,OPEL,39,Cantabria,Corporate,ICE,UKL2,REST,Standard,1
2023,10,OPEL,39,Cantabria,Private,ICE,UKL1,REST,Standard,6
2023,10,OPEL,39,Cantabria,Private,ICE,UKL2,REST,Standard,4
2023,10,OPEL,39,Cantabria,Private,PHEV,UKL2,REST,Standard,1
2023,10,PEUGEOT,39,Cantabria,Private,ICE,KKL,REST,Standard,1
2023,10,PEUGEOT,39,Cantabria,Private,ICE,UKL1,REST,Standard,6
2023,10,PEUGEOT,39,Cantabria,Private,ICE,UKL2,REST,Standard,6
2023,10,PEUGEOT,39,Cantabria,Private,PHEV,UKL2,REST,Standard,2
2023,10,PORSCHE,39,Cantabria,Corporate,PHEV,MKL,FOCUS SEGMENT,Standard,4
2023,10,PORSCHE,39,Cantabria,Private,ICE,GKL,FOCUS SEGMENT,M,2
2023,10,RENAULT,39,Cantabria,Corporate,BEV,UKL2,REST,Standard,1
2023,10,RENAULT,39,Cantabria,Corporate,ICE,UKL1,REST,Standard,5
2023,10,RENAULT,39,Cantabria,Corporate,ICE,UKL2,REST,Standard,3
2023,10,RENAULT,39,Cantabria,Private,ICE,KKL,REST,Standard,2
2023,10,RENAULT,39,Cantabria,Private,ICE,UKL1,REST,Standard,16
2023,10,RENAULT,39,Cantabria,Private,ICE,UKL2,REST,Standard,8
2023,10,RENAULT,39,Cantabria,Private,PHEV,UKL2,REST,Standard,1
2023,10,SEAT,39,Cantabria,Corporate,ICE,UKL1,REST,Standard,4
2023,10,SEAT,39,Cantabria,Corporate,ICE,UKL2,REST,Standard,5
2023,10,SEAT,39,Cantabria,Corporate,PHEV,UKL2,REST,Standard,3
2023,10,SEAT,39,Cantabria,Private,ICE,KKL,REST,Standard,1
2023,10,SEAT,39,Cantabria,Private,ICE,UKL1,REST,Standard,23
2023,10,SEAT,39,Cantabria,Private,ICE,UKL2,REST,Standard,10
2023,10,SKODA,39,Cantabria,Corporate,ICE,UKL1,REST,Standard,5
2023,10,SKODA,39,Cantabria,Private,ICE,UKL1,REST,Standard,5
2023,10,SKODA,39,Cantabria,Private,ICE,UKL2,REST,Standard,4
2023,10,SSANGYONG,39,Cantabria,Corporate,ICE,KKL,REST,Standard,1
2023,10,SUBARU,39,Cantabria,Private,ICE,UKL2,REST,Standard,1
2023,10,SUZUKI,39,Cantabria,Corporate,ICE,SKL,REST,Standard,2
2023,10,SUZUKI,39,Cantabria,Corporate,ICE,UKL2,REST,Standard,2
2023,10,SUZUKI,39,Cantabria,Private,ICE,SKL,REST,Standard,1
2023,10,SUZUKI,39,Cantabria,Private,ICE,UKL1,REST,Standard,3
2023,10,TESLA,39,Cantabria,Private,BEV,GKL,FOCUS SEGMENT,Standard,1
2023,10,TESLA,39,Cantabria,Private,BEV,KKL,FOCUS SEGMENT,Standard,4
2023,10,TOYOTA,39,Cantabria,Corporate,ICE,UKL1,REST,Standard,4
2023,10,TOYOTA,39,Cantabria,Corporate,ICE,UKL2,REST,Standard,1
2023,10,TOYOTA,39,Cantabria,Corporate,PHEV,UKL2,REST,Standard,1
2023,10,TOYOTA,39,Cantabria,Private,ICE,MKL,REST,Standard,2
2023,10,TOYOTA,39,Cantabria,Private,ICE,SKL,REST,Standard,1
2023,10,TOYOTA,39,Cantabria,Private,ICE,UKL1,REST,Standard,25
2023,10,TOYOTA,39,Cantabria,Private,ICE,UKL2,REST,Standard,30
2023,10,VOLKSWAGEN,39,Cantabria,Corporate,ICE,UKL1,REST,Standard,1
2023,10,VOLKSWAGEN,39,Cantabria,Corporate,ICE,UKL2,REST,Standard,1
2023,10,VOLKSWAGEN,39,Cantabria,Corporate,PHEV,MKL,REST,Standard,1
2023,10,VOLKSWAGEN,39,Cantabria,Private,ICE,UKL1,REST,Standard,11
2023,10,VOLKSWAGEN,39,Cantabria,Private,ICE,UKL2,REST,Standard,8
2023,10,VOLKSWAGEN,39,Cantabria,Private,PHEV,UKL2,REST,Standard,1
2023,10,VOLVO,39,Cantabria,Corporate,BEV,UKL2,FOCUS SEGMENT,Standard,2
2023,10,VOLVO,39,Cantabria,Corporate,ICE,UKL2,FOCUS SEGMENT,Standard,1
2023,10,VOLVO,39,Cantabria,Corporate,PHEV,KKL,FOCUS SEGMENT,Standard,1
2023,10,VOLVO,39,Cantabria,Private,ICE,UKL2,FOCUS SEGMENT,Standard,1
2023,10,VOLVO,39,Cantabria,Private,PHEV,KKL,FOCUS SEGMENT,Standard,1
2023,10,AUDI,40,Segovia,Corporate,ICE,KKL,FOCUS SEGMENT,Standard,1
2023,10,AUDI,40,Segovia,Corporate,ICE,UKL2,FOCUS SEGMENT,Standard,2
2023,10,AUDI,40,Segovia,Private,ICE,UKL2,FOCUS SEGMENT,Standard,2
2023,10,BMW,40,Segovia,Corporate,ICE,KKL,FOCUS SEGMENT,Standard,2
2023,10,BYD,40,Segovia,Private,BEV,UKL2,REST,Standard,1
2023,10,CITROEN,40,Segovia,Private,ICE,UKL1,REST,Standard,1
2023,10,CITROEN,40,Segovia,Private,ICE,UKL2,REST,Standard,2
2023,10,CUPRA,40,Segovia,Corporate,ICE,UKL2,REST,Standard,2
2023,10,CUPRA,40,Segovia,Private,ICE,UKL2,REST,Standard,3
2023,10,DACIA,40,Segovia,Private,ICE,SKL,REST,Standard,4
2023,10,DACIA,40,Segovia,Private,ICE,UKL1,REST,Standard,12
2023,10,DACIA,40,Segovia,Private,ICE,UKL2,REST,Standard,1
2023,10,FORD,40,Segovia,Corporate,ICE,UKL2,REST,Standard,1
2023,10,FORD,40,Segovia,Corporate,PHEV,UKL2,REST,Standard,1
2023,10,FORD,40,Segovia,Private,ICE,SKL,REST,Standard,1
2023,10,FORD,40,Segovia,Private,ICE,UKL1,REST,Standard,1
2023,10,FORD,40,Segovia,Private,ICE,UKL2,REST,Standard,1
2023,10,HYUNDAI,40,Segovia,Corporate,ICE,UKL0,REST,Standard,1
2023,10,HYUNDAI,40,Segovia,Corporate,ICE,UKL1,REST,Standard,1
2023,10,HYUNDAI,40,Segovia,Corporate,ICE,UKL2,REST,Standard,3
2023,10,HYUNDAI,40,Segovia,Private,ICE,UKL1,REST,Standard,4
2023,10,HYUNDAI,40,Segovia,Private,ICE,UKL2,REST,Standard,3
2023,10,JEEP,40,Segovia,Private,ICE,UKL1,REST,Standard,1
2023,10,KIA,40,Segovia,Corporate,ICE,,REST,Standard,1
2023,10,KIA,40,Segovia,Corporate,ICE,UKL2,REST,Standard,1
2023,10,KIA,40,Segovia,Private,BEV,KKL,REST,Standard,2
2023,10,KIA,40,Segovia,Private,ICE,UKL1,REST,Standard,3
2023,10,KIA,40,Segovia,Private,ICE,UKL2,REST,Standard,7
2023,10,KIA,40,Segovia,Private,PHEV,UKL2,REST,Standard,1
2023,10,MAZDA,40,Segovia,Private,ICE,UKL2,REST,Standard,4
2023,10,MERCEDES,40,Segovia,Corporate,ICE,GKL,FOCUS SEGMENT,Standard,1
2023,10,MERCEDES,40,Segovia,Corporate,ICE,KKL,FOCUS SEGMENT,Standard,1
2023,10,MERCEDES,40,Segovia,Corporate,ICE,UKL2,FOCUS SEGMENT,Standard,1
2023,10,MERCEDES,40,Segovia,Private,ICE,UKL2,FOCUS SEGMENT,Standard,1
2023,10,MG,40,Segovia,Private,BEV,UKL2,REST,Standard,1
2023,10,MG,40,Segovia,Private,ICE,UKL1,REST,Standard,1
2023,10,MITSUBISHI,40,Segovia,Corporate,ICE,UKL1,REST,Standard,1
2023,10,NISSAN,40,Segovia,Corporate,ICE,KKL,REST,Standard,1
2023,10,NISSAN,40,Segovia,Corporate,ICE,SKL,REST,Standard,2
2023,10,NISSAN,40,Segovia,Corporate,ICE,UKL2,REST,Standard,2
2023,10,NISSAN,40,Segovia,Private,ICE,KKL,REST,Standard,1
2023,10,NISSAN,40,Segovia,Private,ICE,UKL1,REST,Standard,2
2023,10,NISSAN,40,Segovia,Private,ICE,UKL2,REST,Standard,1
2023,10,OPEL,40,Segovia,Private,ICE,UKL1,REST,Standard,2
2023,10,PEUGEOT,40,Segovia,Private,ICE,UKL1,REST,Standard,2
2023,10,PEUGEOT,40,Segovia,Private,ICE,UKL2,REST,Standard,1
2023,10,RENAULT,40,Segovia,Corporate,ICE,UKL1,REST,Standard,1
2023,10,RENAULT,40,Segovia,Corporate,ICE,UKL2,REST,Standard,2
2023,10,RENAULT,40,Segovia,Private,ICE,KKL,REST,Standard,1
2023,10,RENAULT,40,Segovia,Private,ICE,UKL1,REST,Standard,1
2023,10,RENAULT,40,Segovia,Private,ICE,UKL2,REST,Standard,1
2023,10,SEAT,40,Segovia,Corporate,ICE,UKL1,REST,Standard,4
2023,10,SEAT,40,Segovia,Corporate,ICE,UKL2,REST,Standard,1
2023,10,SEAT,40,Segovia,Corporate,PHEV,UKL2,REST,Standard,1
2023,10,SEAT,40,Segovia,Private,ICE,UKL1,REST,Standard,2
2023,10,SEAT,40,Segovia,Private,ICE,UKL2,REST,Standard,4
2023,10,SKODA,40,Segovia,Corporate,ICE,UKL1,REST,Standard,1
2023,10,SKODA,40,Segovia,Private,ICE,UKL2,REST,Standard,1
2023,10,SSANGYONG,40,Segovia,Corporate,ICE,KKL,REST,Standard,1
2023,10,SUBARU,40,Segovia,Private,ICE,KKL,REST,Standard,1
2023,10,SUZUKI,40,Segovia,Corporate,ICE,UKL2,REST,Standard,1
2023,10,TOYOTA,40,Segovia,Corporate,ICE,UKL1,REST,Standard,1
2023,10,TOYOTA,40,Segovia,Private,ICE,UKL1,REST,Standard,6
2023,10,TOYOTA,40,Segovia,Private,ICE,UKL2,REST,Standard,4
2023,10,TOYOTA,40,Segovia,Private,PHEV,UKL2,REST,Standard,1
2023,10,VOLKSWAGEN,40,Segovia,Corporate,ICE,UKL2,REST,Standard,3
2023,10,VOLKSWAGEN,40,Segovia,Corporate,PHEV,MKL,REST,Standard,1
2023,10,VOLKSWAGEN,40,Segovia,Private,ICE,UKL2,REST,Standard,3
2023,10,VOLVO,40,Segovia,Corporate,BEV,UKL2,FOCUS SEGMENT,Standard,1
2023,10,VOLVO,40,Segovia,Corporate,ICE,KKL,FOCUS SEGMENT,Standard,1
2023,10,AUDI,41,Sevilla,Corporate,ICE,KKL,FOCUS SEGMENT,Standard,2
2023,10,AUDI,41,Sevilla,Corporate,ICE,MKL,FOCUS SEGMENT,Standard,1
2023,10,AUDI,41,Sevilla,Corporate,ICE,UKL1,FOCUS SEGMENT,Standard,1
2023,10,AUDI,41,Sevilla,Corporate,ICE,UKL2,FOCUS SEGMENT,M Performance,1
2023,10,AUDI,41,Sevilla,Corporate,ICE,UKL2,FOCUS SEGMENT,Standard,6
2023,10,AUDI,41,Sevilla,Corporate,PHEV,UKL2,FOCUS SEGMENT,Standard,1
2023,10,AUDI,41,Sevilla,Private,BEV,UKL2,FOCUS SEGMENT,Standard,2
2023,10,AUDI,41,Sevilla,Private,ICE,KKL,FOCUS SEGMENT,Standard,3
2023,10,AUDI,41,Sevilla,Private,ICE,MKL,FOCUS SEGMENT,M Performance,1
2023,10,AUDI,41,Sevilla,Private,ICE,UKL1,FOCUS SEGMENT,Standard,6
2023,10,AUDI,41,Sevilla,Private,ICE,UKL2,FOCUS SEGMENT,M Performance,2
2023,10,AUDI,41,Sevilla,Private,ICE,UKL2,FOCUS SEGMENT,Standard,13
2023,10,AUDI,41,Sevilla,Private,PHEV,UKL2,FOCUS SEGMENT,Standard,1
2023,10,BMW,41,Sevilla,Corporate,ICE,KKL,FOCUS SEGMENT,Standard,6
2023,10,BMW,41,Sevilla,Corporate,ICE,MKL,FOCUS SEGMENT,Standard,4
2023,10,BMW,41,Sevilla,Corporate,ICE,UKL2,FOCUS SEGMENT,M,1
2023,10,BMW,41,Sevilla,Corporate,ICE,UKL2,FOCUS SEGMENT,Standard,1
2023,10,BMW,41,Sevilla,Private,ICE,KKL,FOCUS SEGMENT,Standard,11
2023,10,BMW,41,Sevilla,Private,ICE,UKL2,FOCUS SEGMENT,Standard,17
2023,10,BYD,41,Sevilla,Corporate,BEV,UKL2,REST,Standard,1
2023,10,BYD,41,Sevilla,Private,BEV,UKL2,REST,Standard,4
2023,10,CITROEN,41,Sevilla,Corporate,ICE,UKL1,REST,Standard,29
2023,10,CITROEN,41,Sevilla,Corporate,ICE,UKL2,REST,Standard,37
2023,10,CITROEN,41,Sevilla,Corporate,PHEV,UKL2,REST,Standard,2
2023,10,CITROEN,41,Sevilla,Private,ICE,MKL,REST,Standard,7
2023,10,CITROEN,41,Sevilla,Private,ICE,UKL1,REST,Standard,19
2023,10,CITROEN,41,Sevilla,Private,ICE,UKL2,REST,Standard,36
2023,10,CITROEN,41,Sevilla,Private,PHEV,MKL,REST,Standard,1
2023,10,CITROEN,41,Sevilla,RAC,ICE,UKL2,REST,Standard,4
2023,10,CUPRA,41,Sevilla,Corporate,ICE,UKL2,REST,Standard,9
2023,10,CUPRA,41,Sevilla,Private,ICE,UKL2,REST,Standard,6
2023,10,DACIA,41,Sevilla,Corporate,ICE,SKL,REST,Standard,4
2023,10,DACIA,41,Sevilla,Corporate,ICE,UKL1,REST,Standard,18
2023,10,DACIA,41,Sevilla,Corporate,ICE,UKL2,REST,Standard,4
2023,10,DACIA,41,Sevilla,Private,ICE,SKL,REST,Standard,21
2023,10,DACIA,41,Sevilla,Private,ICE,UKL1,REST,Standard,105
2023,10,DACIA,41,Sevilla,Private,ICE,UKL2,REST,Standard,12
2023,10,DS,41,Sevilla,Corporate,ICE,UKL2,REST,Standard,1
2023,10,DS,41,Sevilla,Private,ICE,UKL2,REST,Standard,1
2023,10,DS,41,Sevilla,Private,PHEV,UKL2,REST,Standard,1
2023,10,FIAT,41,Sevilla,Corporate,BEV,SKL,REST,Standard,1
2023,10,FIAT,41,Sevilla,Corporate,BEV,UKL0,REST,Standard,3
2023,10,FIAT,41,Sevilla,Corporate,ICE,UKL0,REST,Standard,1
2023,10,FIAT,41,Sevilla,Private,BEV,UKL0,REST,Standard,1
2023,10,FIAT,41,Sevilla,Private,ICE,,,Standard,4
2023,10,FIAT,41,Sevilla,Private,ICE,UKL0,REST,Standard,15
2023,10,FORD,41,Sevilla,Corporate,ICE,MKL,REST,Standard,1
2023,10,FORD,41,Sevilla,Corporate,ICE,UKL2,REST,Standard,51
2023,10,FORD,41,Sevilla,Private,BEV,KKL,REST,Standard,3
2023,10,FORD,41,Sevilla,Private,ICE,SKL,REST,Standard,2
2023,10,FORD,41,Sevilla,Private,ICE,UKL1,REST,Standard,18
2023,10,FORD,41,Sevilla,Private,ICE,UKL2,REST,Standard,4
2023,10,FORD,41,Sevilla,Private,PHEV,UKL2,REST,Standard,9
2023,10,HONDA,41,Sevilla,Corporate,ICE,KKL,REST,Standard,1
2023,10,HONDA,41,Sevilla,Corporate,PHEV,KKL,REST,Standard,1
2023,10,HYUNDAI,41,Sevilla,Corporate,ICE,UKL1,REST,Standard,25
2023,10,HYUNDAI,41,Sevilla,Corporate,ICE,UKL2,REST,Standard,36
2023,10,HYUNDAI,41,Sevilla,Private,BEV,UKL1,REST,Standard,1
2023,10,HYUNDAI,41,Sevilla,Private,ICE,MKL,REST,Standard,2
2023,10,HYUNDAI,41,Sevilla,Private,ICE,UKL0,REST,Standard,5
2023,10,HYUNDAI,41,Sevilla,Private,ICE,UKL1,REST,Standard,40
2023,10,HYUNDAI,41,Sevilla,Private,ICE,UKL2,REST,Standard,42
2023,10,HYUNDAI,41,Sevilla,Private,PHEV,UKL2,REST,Standard,2
2023,10,JAGUAR,41,Sevilla,Corporate,ICE,UKL2,FOCUS SEGMENT,Standard,1
2023,10,JAGUAR,41,Sevilla,Private,ICE,KKL,FOCUS SEGMENT,Standard,1
2023,10,JEEP,41,Sevilla,Corporate,BEV,UKL1,REST,Standard,1
2023,10,JEEP,41,Sevilla,Corporate,ICE,UKL1,REST,Standard,18
2023,10,JEEP,41,Sevilla,Corporate,PHEV,UKL2,REST,Standard,1
2023,10,JEEP,41,Sevilla,Private,ICE,UKL1,REST,Standard,20
2023,10,JEEP,41,Sevilla,Private,ICE,UKL2,REST,Standard,2
2023,10,JEEP,41,Sevilla,Private,PHEV,UKL2,REST,Standard,1
2023,10,KIA,41,Sevilla,Corporate,BEV,KKL,REST,Standard,1
2023,10,KIA,41,Sevilla,Corporate,BEV,MKL,REST,Standard,2
2023,10,KIA,41,Sevilla,Corporate,ICE,KKL,REST,Standard,1
2023,10,KIA,41,Sevilla,Corporate,ICE,UKL0,REST,Standard,2
2023,10,KIA,41,Sevilla,Corporate,ICE,UKL1,REST,Standard,3
2023,10,KIA,41,Sevilla,Corporate,ICE,UKL2,REST,Standard,15
2023,10,KIA,41,Sevilla,Corporate,PHEV,UKL2,REST,Standard,2
2023,10,KIA,41,Sevilla,Private,BEV,KKL,REST,Standard,4
2023,10,KIA,41,Sevilla,Private,BEV,UKL2,REST,Standard,7
2023,10,KIA,41,Sevilla,Private,ICE,KKL,REST,Standard,1
2023,10,KIA,41,Sevilla,Private,ICE,UKL0,REST,Standard,1
2023,10,KIA,41,Sevilla,Private,ICE,UKL1,REST,Standard,46
2023,10,KIA,41,Sevilla,Private,ICE,UKL2,REST,Standard,93
2023,10,KIA,41,Sevilla,Private,PHEV,KKL,REST,Standard,1
2023,10,KIA,41,Sevilla,Private,PHEV,UKL2,REST,Standard,4
2023,10,LAND ROVER,41,Sevilla,Corporate,ICE,MKL,FOCUS SEGMENT,Standard,2
2023,10,LAND ROVER,41,Sevilla,Private,ICE,MKL,FOCUS SEGMENT,Standard,4
2023,10,LEXUS,41,Sevilla,Corporate,ICE,KKL,FOCUS SEGMENT,Standard,4
2023,10,LEXUS,41,Sevilla,Corporate,ICE,UKL2,FOCUS SEGMENT,Standard,1
2023,10,LEXUS,41,Sevilla,Corporate,PHEV,MKL,FOCUS SEGMENT,Standard,1
2023,10,LEXUS,41,Sevilla,Private,ICE,KKL,FOCUS SEGMENT,Standard,8
2023,10,LEXUS,41,Sevilla,Private,ICE,UKL2,FOCUS SEGMENT,Standard,3
2023,10,MASERATI,41,Sevilla,Corporate,ICE,MKL,FOCUS SEGMENT,Standard,1
2023,10,MASERATI,41,Sevilla,Private,ICE,KKL,FOCUS SEGMENT,Standard,1
2023,10,MASERATI,41,Sevilla,Private,ICE,MKL,FOCUS SEGMENT,Standard,1
2023,10,MAXUS,41,Sevilla,Private,BEV,MKL,REST,Standard,1
2023,10,MAZDA,41,Sevilla,Corporate,BEV,UKL2,REST,Standard,1
2023,10,MAZDA,41,Sevilla,Corporate,ICE,UKL2,REST,Standard,18
2023,10,MAZDA,41,Sevilla,Corporate,PHEV,KKL,REST,Standard,1
2023,10,MAZDA,41,Sevilla,Private,ICE,KKL,REST,Standard,1
2023,10,MAZDA,41,Sevilla,Private,ICE,UKL1,REST,Standard,1
2023,10,MAZDA,41,Sevilla,Private,ICE,UKL2,REST,Standard,12
2023,10,MAZDA,41,Sevilla,Private,PHEV,UKL2,REST,Standard,1
2023,10,MERCEDES,41,Sevilla,Corporate,BEV,MKL,FOCUS SEGMENT,Standard,2
2023,10,MERCEDES,41,Sevilla,Corporate,BEV,UKL2,FOCUS SEGMENT,Standard,2
2023,10,MERCEDES,41,Sevilla,Corporate,ICE,GKL,FOCUS SEGMENT,M,1
2023,10,MERCEDES,41,Sevilla,Corporate,ICE,KKL,FOCUS SEGMENT,M Performance,1
2023,10,MERCEDES,41,Sevilla,Corporate,ICE,KKL,FOCUS SEGMENT,Standard,16
2023,10,MERCEDES,41,Sevilla,Corporate,ICE,MKL,FOCUS SEGMENT,M Performance,1
2023,10,MERCEDES,41,Sevilla,Corporate,ICE,MKL,FOCUS SEGMENT,Standard,5
2023,10,MERCEDES,41,Sevilla,Corporate,ICE,MKL,REST,Standard,6
2023,10,MERCEDES,41,Sevilla,Corporate,ICE,SKL,REST,Standard,1
2023,10,MERCEDES,41,Sevilla,Corporate,ICE,UKL2,FOCUS SEGMENT,Standard,20
2023,10,MERCEDES,41,Sevilla,Corporate,PHEV,GKL,FOCUS SEGMENT,Standard,1
2023,10,MERCEDES,41,Sevilla,Corporate,PHEV,KKL,FOCUS SEGMENT,Standard,1
2023,10,MERCEDES,41,Sevilla,Private,BEV,MKL,FOCUS SEGMENT,Standard,2
2023,10,MERCEDES,41,Sevilla,Private,BEV,UKL2,FOCUS SEGMENT,Standard,4
2023,10,MERCEDES,41,Sevilla,Private,ICE,KKL,FOCUS SEGMENT,M Performance,1
2023,10,MERCEDES,41,Sevilla,Private,ICE,KKL,FOCUS SEGMENT,Standard,10
2023,10,MERCEDES,41,Sevilla,Private,ICE,MKL,FOCUS SEGMENT,Standard,1
2023,10,MERCEDES,41,Sevilla,Private,ICE,MKL,REST,Standard,3
2023,10,MERCEDES,41,Sevilla,Private,ICE,UKL2,FOCUS SEGMENT,Standard,30
2023,10,MERCEDES,41,Sevilla,Private,PHEV,UKL2,FOCUS SEGMENT,Standard,4
2023,10,MG,41,Sevilla,Corporate,ICE,UKL1,REST,Standard,2
2023,10,MG,41,Sevilla,Private,BEV,UKL2,REST,Standard,2
2023,10,MG,41,Sevilla,Private,ICE,KKL,REST,Standard,6
2023,10,MG,41,Sevilla,Private,ICE,UKL1,REST,Standard,141
2023,10,MG,41,Sevilla,Private,PHEV,KKL,REST,Standard,1
2023,10,MINI,41,Sevilla,Corporate,ICE,UKL2,FOCUS SEGMENT,Standard,2
2023,10,MINI,41,Sevilla,Private,ICE,UKL1,FOCUS SEGMENT,Standard,5
2023,10,MINI,41,Sevilla,Private,ICE,UKL2,FOCUS SEGMENT,Standard,2
2023,10,MINI,41,Sevilla,RAC,ICE,UKL1,FOCUS SEGMENT,Standard,5
2023,10,MITSUBISHI,41,Sevilla,Private,ICE,UKL1,REST,Standard,1
2023,10,NISSAN,41,Sevilla,Corporate,ICE,KKL,REST,Standard,3
2023,10,NISSAN,41,Sevilla,Corporate,ICE,UKL1,REST,Standard,5
2023,10,NISSAN,41,Sevilla,Corporate,ICE,UKL2,REST,Standard,8
2023,10,NISSAN,41,Sevilla,Private,ICE,KKL,REST,Standard,6
2023,10,NISSAN,41,Sevilla,Private,ICE,UKL1,REST,Standard,8
2023,10,NISSAN,41,Sevilla,Private,ICE,UKL2,REST,Standard,26
2023,10,OPEL,41,Sevilla,Corporate,ICE,UKL1,REST,Standard,5
2023,10,OPEL,41,Sevilla,Corporate,ICE,UKL2,REST,Standard,3
2023,10,OPEL,41,Sevilla,Private,BEV,SKL,REST,Standard,1
2023,10,OPEL,41,Sevilla,Private,ICE,UKL1,REST,Standard,42
2023,10,OPEL,41,Sevilla,Private,ICE,UKL2,REST,Standard,5
2023,10,PEUGEOT,41,Sevilla,Corporate,ICE,KKL,REST,Standard,2
2023,10,PEUGEOT,41,Sevilla,Corporate,ICE,UKL1,REST,Standard,6
2023,10,PEUGEOT,41,Sevilla,Corporate,ICE,UKL2,REST,Standard,3
2023,10,PEUGEOT,41,Sevilla,Corporate,PHEV,KKL,REST,Standard,2
2023,10,PEUGEOT,41,Sevilla,Corporate,PHEV,UKL2,REST,Standard,1
2023,10,PEUGEOT,41,Sevilla,Private,BEV,UKL1,REST,Standard,3
2023,10,PEUGEOT,41,Sevilla,Private,ICE,KKL,REST,Standard,17
2023,10,PEUGEOT,41,Sevilla,Private,ICE,UKL1,REST,Standard,66
2023,10,PEUGEOT,41,Sevilla,Private,ICE,UKL2,REST,Standard,40
2023,10,PEUGEOT,41,Sevilla,Private,PHEV,UKL2,REST,Standard,7
2023,10,PEUGEOT,41,Sevilla,RAC,ICE,UKL1,REST,Standard,2
2023,10,PEUGEOT,41,Sevilla,RAC,ICE,UKL2,REST,Standard,4
2023,10,PORSCHE,41,Sevilla,Corporate,BEV,GKL,FOCUS SEGMENT,Standard,2
2023,10,PORSCHE,41,Sevilla,Corporate,ICE,KKL,FOCUS SEGMENT,M Performance,2
2023,10,PORSCHE,41,Sevilla,Corporate,ICE,KKL,FOCUS SEGMENT,Standard,2
2023,10,PORSCHE,41,Sevilla,Corporate,PHEV,MKL,FOCUS SEGMENT,Standard,2
2023,10,PORSCHE,41,Sevilla,Private,ICE,KKL,FOCUS SEGMENT,M Performance,1
2023,10,PORSCHE,41,Sevilla,Private,PHEV,MKL,FOCUS SEGMENT,Standard,3
2023,10,RENAULT,41,Sevilla,Corporate,ICE,KKL,REST,Standard,4
2023,10,RENAULT,41,Sevilla,Corporate,ICE,UKL1,REST,Standard,9
2023,10,RENAULT,41,Sevilla,Corporate,ICE,UKL2,REST,Standard,16
2023,10,RENAULT,41,Sevilla,Corporate,PHEV,UKL2,REST,Standard,2
2023,10,RENAULT,41,Sevilla,Private,ICE,KKL,REST,Standard,4
2023,10,RENAULT,41,Sevilla,Private,ICE,SKL,REST,Standard,1
2023,10,RENAULT,41,Sevilla,Private,ICE,UKL1,REST,Standard,35
2023,10,RENAULT,41,Sevilla,Private,ICE,UKL2,REST,Standard,27
2023,10,SEAT,41,Sevilla,Corporate,ICE,UKL1,REST,Standard,10
2023,10,SEAT,41,Sevilla,Corporate,ICE,UKL2,REST,Standard,28
2023,10,SEAT,41,Sevilla,Corporate,PHEV,UKL2,REST,Standard,5
2023,10,SEAT,41,Sevilla,Private,ICE,KKL,REST,Standard,2
2023,10,SEAT,41,Sevilla,Private,ICE,UKL1,REST,Standard,47
2023,10,SEAT,41,Sevilla,Private,ICE,UKL2,REST,Standard,27
2023,10,SKODA,41,Sevilla,Corporate,ICE,KKL,REST,Standard,1
2023,10,SKODA,41,Sevilla,Corporate,ICE,UKL1,REST,Standard,2
2023,10,SKODA,41,Sevilla,Private,ICE,KKL,REST,Standard,3
2023,10,SKODA,41,Sevilla,Private,ICE,UKL1,REST,Standard,21
2023,10,SKODA,41,Sevilla,Private,ICE,UKL2,REST,Standard,18
2023,10,SMART,41,Sevilla,Corporate,BEV,UKL1,FOCUS SEGMENT,Standard,19
2023,10,SSANGYONG,41,Sevilla,Corporate,BEV,KKL,REST,Standard,1
2023,10,SSANGYONG,41,Sevilla,Private,ICE,KKL,REST,Standard,2
2023,10,SSANGYONG,41,Sevilla,Private,ICE,UKL1,REST,Standard,5
2023,10,SUBARU,41,Sevilla,Corporate,ICE,KKL,REST,Standard,1
2023,10,SUBARU,41,Sevilla,Private,ICE,KKL,REST,Standard,3
2023,10,SUZUKI,41,Sevilla,Private,ICE,UKL1,REST,Standard,1
2023,10,SUZUKI,41,Sevilla,Private,ICE,UKL2,REST,Standard,7
2023,10,TESLA,41,Sevilla,Private,BEV,KKL,FOCUS SEGMENT,Standard,8
2023,10,TOYOTA,41,Sevilla,Corporate,ICE,MKL,REST,Standard,1
2023,10,TOYOTA,41,Sevilla,Corporate,ICE,UKL1,REST,Standard,7
2023,10,TOYOTA,41,Sevilla,Corporate,ICE,UKL2,REST,Standard,49
2023,10,TOYOTA,41,Sevilla,Private,BEV,UKL2,REST,Standard,1
2023,10,TOYOTA,41,Sevilla,Private,ICE,GKL,REST,Standard,1
2023,10,TOYOTA,41,Sevilla,Private,ICE,KKL,REST,Standard,1
2023,10,TOYOTA,41,Sevilla,Private,ICE,UKL0,REST,Standard,3
2023,10,TOYOTA,41,Sevilla,Private,ICE,UKL1,REST,Standard,83
2023,10,TOYOTA,41,Sevilla,Private,ICE,UKL2,REST,Standard,67
2023,10,TOYOTA,41,Sevilla,Private,PHEV,UKL2,REST,Standard,1
2023,10,VOLKSWAGEN,41,Sevilla,Corporate,BEV,UKL2,REST,Standard,1
2023,10,VOLKSWAGEN,41,Sevilla,Corporate,ICE,SKL,REST,Standard,1
2023,10,VOLKSWAGEN,41,Sevilla,Corporate,ICE,UKL1,REST,Standard,2
2023,10,VOLKSWAGEN,41,Sevilla,Corporate,ICE,UKL2,REST,Standard,9
2023,10,VOLKSWAGEN,41,Sevilla,Corporate,PHEV,MKL,REST,Standard,1
2023,10,VOLKSWAGEN,41,Sevilla,Private,ICE,SKL,REST,Standard,2
2023,10,VOLKSWAGEN,41,Sevilla,Private,ICE,UKL1,REST,Standard,30
2023,10,VOLKSWAGEN,41,Sevilla,Private,ICE,UKL2,REST,Standard,43
2023,10,VOLKSWAGEN,41,Sevilla,Private,PHEV,UKL2,REST,Standard,1
2023,10,VOLVO,41,Sevilla,Corporate,BEV,UKL2,FOCUS SEGMENT,Standard,3
2023,10,VOLVO,41,Sevilla,Corporate,ICE,KKL,FOCUS SEGMENT,Standard,8
2023,10,VOLVO,41,Sevilla,Corporate,ICE,MKL,FOCUS SEGMENT,Standard,2
2023,10,VOLVO,41,Sevilla,Corporate,PHEV,KKL,FOCUS SEGMENT,Standard,3
2023,10,VOLVO,41,Sevilla,Corporate,PHEV,UKL2,FOCUS SEGMENT,Standard,13
2023,10,VOLVO,41,Sevilla,Private,BEV,UKL2,FOCUS SEGMENT,Standard,3
2023,10,VOLVO,41,Sevilla,Private,ICE,KKL,FOCUS SEGMENT,Standard,4
2023,10,VOLVO,41,Sevilla,Private,ICE,UKL2,FOCUS SEGMENT,Standard,5
2023,10,VOLVO,41,Sevilla,Private,PHEV,UKL2,FOCUS SEGMENT,Standard,1
2023,10,AUDI,42,Soria,Private,ICE,KKL,FOCUS SEGMENT,Standard,2
2023,10,AUDI,42,Soria,Private,ICE,MKL,FOCUS SEGMENT,Standard,1
2023,10,AUDI,42,Soria,Private,ICE,UKL1,FOCUS SEGMENT,Standard,1
2023,10,AUDI,42,Soria,Private,ICE,UKL2,FOCUS SEGMENT,Standard,3
2023,10,BMW,42,Soria,Corporate,ICE,KKL,FOCUS SEGMENT,Standard,1
2023,10,BMW,42,Soria,Private,ICE,UKL2,FOCUS SEGMENT,Standard,2
2023,10,CUPRA,42,Soria,Private,ICE,UKL2,REST,Standard,1
2023,10,DACIA,42,Soria,Corporate,ICE,SKL,REST,Standard,2
2023,10,DACIA,42,Soria,Private,ICE,SKL,REST,Standard,2
2023,10,DACIA,42,Soria,Private,ICE,UKL1,REST,Standard,4
2023,10,DACIA,42,Soria,Private,ICE,UKL2,REST,Standard,1
2023,10,FORD,42,Soria,Corporate,ICE,SKL,REST,Standard,1
2023,10,FORD,42,Soria,Corporate,ICE,UKL1,REST,Standard,3
2023,10,FORD,42,Soria,Private,ICE,UKL1,REST,Standard,1
2023,10,FORD,42,Soria,Private,ICE,UKL2,REST,Standard,2
2023,10,HYUNDAI,42,Soria,Corporate,ICE,UKL1,REST,Standard,1
2023,10,HYUNDAI,42,Soria,Private,ICE,UKL2,REST,Standard,1
2023,10,KIA,42,Soria,Corporate,ICE,UKL2,REST,Standard,1
2023,10,KIA,42,Soria,Private,ICE,UKL1,REST,Standard,1
2023,10,KIA,42,Soria,Private,ICE,UKL2,REST,Standard,4
2023,10,MAZDA,42,Soria,Private,ICE,UKL2,REST,Standard,3
2023,10,MERCEDES,42,Soria,Corporate,BEV,MKL,FOCUS SEGMENT,Standard,1
2023,10,MERCEDES,42,Soria,Corporate,ICE,MKL,REST,Standard,1
2023,10,MERCEDES,42,Soria,Corporate,ICE,UKL2,FOCUS SEGMENT,Standard,1
2023,10,MERCEDES,42,Soria,Private,ICE,UKL2,FOCUS SEGMENT,Standard,1
2023,10,MG,42,Soria,Private,ICE,UKL1,REST,Standard,3
2023,10,MITSUBISHI,42,Soria,Corporate,ICE,UKL1,REST,Standard,1
2023,10,NISSAN,42,Soria,Corporate,ICE,UKL1,REST,Standard,1
2023,10,NISSAN,42,Soria,Corporate,ICE,UKL2,REST,Standard,1
2023,10,NISSAN,42,Soria,Private,ICE,UKL2,REST,Standard,1
2023,10,PEUGEOT,42,Soria,Private,ICE,UKL1,REST,Standard,2
2023,10,RENAULT,42,Soria,Corporate,ICE,UKL1,REST,Standard,1
2023,10,RENAULT,42,Soria,Corporate,ICE,UKL2,REST,Standard,1
2023,10,RENAULT,42,Soria,Private,ICE,KKL,REST,Standard,1
2023,10,RENAULT,42,Soria,Private,ICE,SKL,REST,Standard,1
2023,10,RENAULT,42,Soria,Private,ICE,UKL1,REST,Standard,2
2023,10,RENAULT,42,Soria,Private,ICE,UKL2,REST,Standard,2
2023,10,SEAT,42,Soria,Corporate,ICE,UKL1,REST,Standard,2
2023,10,SEAT,42,Soria,Corporate,ICE,UKL2,REST,Standard,1
2023,10,SEAT,42,Soria,Corporate,PHEV,UKL2,REST,Standard,1
2023,10,SEAT,42,Soria,Private,ICE,UKL2,REST,Standard,1
2023,10,SEAT,42,Soria,Private,PHEV,UKL2,REST,Standard,2
2023,10,SKODA,42,Soria,Private,ICE,KKL,REST,Standard,1
2023,10,SSANGYONG,42,Soria,Private,ICE,MKL,REST,Standard,1
2023,10,SUZUKI,42,Soria,Private,ICE,UKL1,REST,Standard,1
2023,10,TESLA,42,Soria,Private,BEV,KKL,FOCUS SEGMENT,Standard,1
2023,10,TOYOTA,42,Soria,Corporate,ICE,UKL2,REST,Standard,3
2023,10,TOYOTA,42,Soria,Private,ICE,KKL,REST,Standard,1
2023,10,TOYOTA,42,Soria,Private,ICE,UKL0,REST,Standard,1
2023,10,TOYOTA,42,Soria,Private,ICE,UKL1,REST,Standard,2
2023,10,TOYOTA,42,Soria,Private,ICE,UKL2,REST,Standard,2
2023,10,VOLKSWAGEN,42,Soria,Corporate,ICE,UKL2,REST,Standard,2
2023,10,VOLKSWAGEN,42,Soria,Private,ICE,UKL2,REST,Standard,1
2023,10,ALFA ROMEO,43,Tarragona,Private,PHEV,UKL2,REST,Standard,1
2023,10,AUDI,43,Tarragona,Corporate,BEV,UKL2,FOCUS SEGMENT,Standard,2
2023,10,AUDI,43,Tarragona,Corporate,ICE,MKL,FOCUS SEGMENT,Standard,1
2023,10,AUDI,43,Tarragona,Corporate,ICE,UKL1,FOCUS SEGMENT,Standard,1
2023,10,AUDI,43,Tarragona,Corporate,ICE,UKL2,FOCUS SEGMENT,Standard,1
2023,10,AUDI,43,Tarragona,Private,ICE,UKL1,FOCUS SEGMENT,Standard,4
2023,10,AUDI,43,Tarragona,Private,ICE,UKL2,FOCUS SEGMENT,Standard,15
2023,10,AUDI,43,Tarragona,Private,PHEV,MKL,FOCUS SEGMENT,Standard,1
2023,10,AUDI,43,Tarragona,Private,PHEV,UKL2,FOCUS SEGMENT,Standard,2
2023,10,BMW,43,Tarragona,Corporate,BEV,MKL,FOCUS SEGMENT,Standard,2
2023,10,BMW,43,Tarragona,Corporate,BEV,UKL2,FOCUS SEGMENT,Standard,1
2023,10,BMW,43,Tarragona,Corporate,ICE,KKL,FOCUS SEGMENT,Standard,3
2023,10,BMW,43,Tarragona,Corporate,ICE,UKL2,FOCUS SEGMENT,M,1
2023,10,BMW,43,Tarragona,Corporate,ICE,UKL2,FOCUS SEGMENT,Standard,8
2023,10,BMW,43,Tarragona,Corporate,PHEV,KKL,FOCUS SEGMENT,Standard,1
2023,10,BMW,43,Tarragona,Corporate,PHEV,UKL2,FOCUS SEGMENT,Standard,2
2023,10,BMW,43,Tarragona,Private,ICE,KKL,FOCUS SEGMENT,M,1
2023,10,BMW,43,Tarragona,Private,ICE,KKL,FOCUS SEGMENT,Standard,2
2023,10,BMW,43,Tarragona,Private,ICE,MKL,FOCUS SEGMENT,M Performance,1
2023,10,BMW,43,Tarragona,Private,ICE,UKL2,FOCUS SEGMENT,Standard,18
2023,10,BYD,43,Tarragona,Private,BEV,KKL,REST,Standard,1
2023,10,BYD,43,Tarragona,Private,BEV,UKL1,REST,Standard,1
2023,10,BYD,43,Tarragona,Private,BEV,UKL2,REST,Standard,2
2023,10,CITROEN,43,Tarragona,Corporate,ICE,UKL1,REST,Standard,16
2023,10,CITROEN,43,Tarragona,Corporate,ICE,UKL2,REST,Standard,56
2023,10,CITROEN,43,Tarragona,Corporate,PHEV,UKL2,REST,Standard,1
2023,10,CITROEN,43,Tarragona,Private,BEV,SKL,REST,Standard,1
2023,10,CITROEN,43,Tarragona,Private,BEV,UKL2,REST,Standard,1
2023,10,CITROEN,43,Tarragona,Private,ICE,UKL1,REST,Standard,14
2023,10,CITROEN,43,Tarragona,Private,ICE,UKL2,REST,Standard,22
2023,10,CITROEN,43,Tarragona,Private,PHEV,MKL,REST,Standard,1
2023,10,CUPRA,43,Tarragona,Corporate,ICE,UKL2,REST,Standard,2
2023,10,CUPRA,43,Tarragona,Corporate,PHEV,UKL2,REST,Standard,1
2023,10,CUPRA,43,Tarragona,Private,BEV,UKL2,REST,Standard,1
2023,10,CUPRA,43,Tarragona,Private,ICE,UKL2,REST,Standard,16
2023,10,DACIA,43,Tarragona,Corporate,ICE,SKL,REST,Standard,1
2023,10,DACIA,43,Tarragona,Corporate,ICE,UKL1,REST,Standard,7
2023,10,DACIA,43,Tarragona,Corporate,ICE,UKL2,REST,Standard,2
2023,10,DACIA,43,Tarragona,Private,BEV,UKL0,REST,Standard,4
2023,10,DACIA,43,Tarragona,Private,ICE,SKL,REST,Standard,19
2023,10,DACIA,43,Tarragona,Private,ICE,UKL1,REST,Standard,54
2023,10,DACIA,43,Tarragona,Private,ICE,UKL2,REST,Standard,6
2023,10,DS,43,Tarragona,Private,ICE,UKL1,REST,Standard,1
2023,10,FERRARI,43,Tarragona,Private,PHEV,GKL+,FOCUS SEGMENT,Standard,1
2023,10,FORD,43,Tarragona,Corporate,BEV,KKL,REST,Standard,1
2023,10,FORD,43,Tarragona,Corporate,ICE,UKL1,REST,Standard,8
2023,10,FORD,43,Tarragona,Corporate,ICE,UKL2,REST,Standard,4
2023,10,FORD,43,Tarragona,Corporate,PHEV,UKL2,REST,Standard,2
2023,10,FORD,43,Tarragona,Private,BEV,KKL,REST,Standard,1
2023,10,FORD,43,Tarragona,Private,ICE,SKL,REST,Standard,6
2023,10,FORD,43,Tarragona,Private,ICE,UKL1,REST,Standard,18
2023,10,FORD,43,Tarragona,Private,ICE,UKL2,REST,Standard,13
2023,10,FORD,43,Tarragona,Private,PHEV,UKL2,REST,Standard,3
2023,10,HONDA,43,Tarragona,Corporate,ICE,KKL,REST,Standard,1
2023,10,HONDA,43,Tarragona,Corporate,PHEV,KKL,REST,Standard,1
2023,10,HONDA,43,Tarragona,Private,ICE,UKL1,REST,Standard,4
2023,10,HONDA,43,Tarragona,Private,ICE,UKL2,REST,Standard,2
2023,10,HONDA,43,Tarragona,Private,PHEV,KKL,REST,Standard,1
2023,10,HYUNDAI,43,Tarragona,Corporate,ICE,UKL1,REST,Standard,3
2023,10,HYUNDAI,43,Tarragona,Corporate,ICE,UKL2,REST,Standard,3
2023,10,HYUNDAI,43,Tarragona,Corporate,PHEV,UKL2,REST,Standard,1
2023,10,HYUNDAI,43,Tarragona,Private,ICE,UKL0,REST,Standard,9
2023,10,HYUNDAI,43,Tarragona,Private,ICE,UKL1,REST,Standard,65
2023,10,HYUNDAI,43,Tarragona,Private,ICE,UKL2,REST,Standard,26
2023,10,JEEP,43,Tarragona,Corporate,ICE,UKL1,REST,Standard,2
2023,10,JEEP,43,Tarragona,Corporate,ICE,UKL2,REST,Standard,2
2023,10,JEEP,43,Tarragona,Corporate,PHEV,UKL2,REST,Standard,1
2023,10,JEEP,43,Tarragona,Private,BEV,UKL1,REST,Standard,1
2023,10,JEEP,43,Tarragona,Private,ICE,UKL1,REST,Standard,8
2023,10,JEEP,43,Tarragona,Private,ICE,UKL2,REST,Standard,2
2023,10,KIA,43,Tarragona,Corporate,BEV,KKL,REST,Standard,1
2023,10,KIA,43,Tarragona,Corporate,BEV,MKL,REST,Standard,2
2023,10,KIA,43,Tarragona,Corporate,ICE,UKL1,REST,Standard,2
2023,10,KIA,43,Tarragona,Corporate,ICE,UKL2,REST,Standard,9
2023,10,KIA,43,Tarragona,Corporate,PHEV,KKL,REST,Standard,1
2023,10,KIA,43,Tarragona,Corporate,PHEV,UKL2,REST,Standard,4
2023,10,KIA,43,Tarragona,Private,BEV,KKL,REST,Standard,7
2023,10,KIA,43,Tarragona,Private,BEV,UKL2,REST,Standard,17
2023,10,KIA,43,Tarragona,Private,ICE,,,Standard,1
2023,10,KIA,43,Tarragona,Private,ICE,UKL0,REST,Standard,4
2023,10,KIA,43,Tarragona,Private,ICE,UKL1,REST,Standard,10
2023,10,KIA,43,Tarragona,Private,ICE,UKL2,REST,Standard,35
2023,10,KIA,43,Tarragona,Private,PHEV,UKL2,REST,Standard,13
2023,10,LAND ROVER,43,Tarragona,Corporate,PHEV,UKL2,FOCUS SEGMENT,Standard,1
2023,10,LAND ROVER,43,Tarragona,Private,ICE,GKL,FOCUS SEGMENT,Standard,1
2023,10,LEXUS,43,Tarragona,Corporate,ICE,MKL,FOCUS SEGMENT,Standard,1
2023,10,LEXUS,43,Tarragona,Corporate,ICE,UKL2,FOCUS SEGMENT,Standard,1
2023,10,LEXUS,43,Tarragona,Private,ICE,KKL,FOCUS SEGMENT,Standard,4
2023,10,LEXUS,43,Tarragona,Private,ICE,UKL2,FOCUS SEGMENT,Standard,6
2023,10,MAZDA,43,Tarragona,Private,ICE,KKL,REST,Standard,1
2023,10,MAZDA,43,Tarragona,Private,ICE,UKL1,REST,Standard,1
2023,10,MAZDA,43,Tarragona,Private,ICE,UKL2,REST,Standard,19
2023,10,MERCEDES,43,Tarragona,Corporate,ICE,GKL,FOCUS SEGMENT,Standard,1
2023,10,MERCEDES,43,Tarragona,Corporate,ICE,KKL,FOCUS SEGMENT,Standard,2
2023,10,MERCEDES,43,Tarragona,Corporate,ICE,MKL,FOCUS SEGMENT,Standard,2
2023,10,MERCEDES,43,Tarragona,Corporate,ICE,MKL,REST,Standard,1
2023,10,MERCEDES,43,Tarragona,Corporate,ICE,SKL,REST,Standard,2
2023,10,MERCEDES,43,Tarragona,Corporate,ICE,UKL2,FOCUS SEGMENT,Standard,13
2023,10,MERCEDES,43,Tarragona,Corporate,PHEV,KKL,FOCUS SEGMENT,Standard,3
2023,10,MERCEDES,43,Tarragona,Private,BEV,MKL,FOCUS SEGMENT,Standard,1
2023,10,MERCEDES,43,Tarragona,Private,BEV,UKL2,FOCUS SEGMENT,Standard,2
2023,10,MERCEDES,43,Tarragona,Private,ICE,KKL,FOCUS SEGMENT,Standard,7
2023,10,MERCEDES,43,Tarragona,Private,ICE,MKL,REST,Standard,1
2023,10,MERCEDES,43,Tarragona,Private,ICE,SKL,REST,Standard,1
2023,10,MERCEDES,43,Tarragona,Private,ICE,UKL2,FOCUS SEGMENT,Standard,5
2023,10,MG,43,Tarragona,Corporate,BEV,UKL2,REST,Standard,2
2023,10,MG,43,Tarragona,Private,BEV,UKL1,REST,Standard,2
2023,10,MG,43,Tarragona,Private,BEV,UKL2,REST,Standard,6
2023,10,MG,43,Tarragona,Private,ICE,KKL,REST,Standard,2
2023,10,MG,43,Tarragona,Private,ICE,UKL1,REST,Standard,54
2023,10,MINI,43,Tarragona,Corporate,ICE,UKL1,FOCUS SEGMENT,Standard,3
2023,10,MINI,43,Tarragona,Corporate,ICE,UKL2,FOCUS SEGMENT,Standard,1
2023,10,MINI,43,Tarragona,Private,BEV,UKL1,FOCUS SEGMENT,Standard,1
2023,10,MINI,43,Tarragona,Private,ICE,UKL1,FOCUS SEGMENT,JCW,1
2023,10,MINI,43,Tarragona,Private,ICE,UKL1,FOCUS SEGMENT,Standard,3
2023,10,MINI,43,Tarragona,Private,ICE,UKL2,FOCUS SEGMENT,Standard,2
2023,10,MITSUBISHI,43,Tarragona,Corporate,ICE,UKL1,REST,Standard,1
2023,10,MITSUBISHI,43,Tarragona,Private,ICE,UKL1,REST,Standard,2
2023,10,NISSAN,43,Tarragona,Corporate,ICE,KKL,REST,Standard,1
2023,10,NISSAN,43,Tarragona,Corporate,ICE,UKL1,REST,Standard,3
2023,10,NISSAN,43,Tarragona,Corporate,ICE,UKL2,REST,Standard,3
2023,10,NISSAN,43,Tarragona,Private,ICE,KKL,REST,Standard,4
2023,10,NISSAN,43,Tarragona,Private,ICE,SKL,REST,Standard,2
2023,10,NISSAN,43,Tarragona,Private,ICE,UKL1,REST,Standard,7
2023,10,NISSAN,43,Tarragona,Private,ICE,UKL2,REST,Standard,14
2023,10,OPEL,43,Tarragona,Corporate,BEV,SKL,REST,Standard,1
2023,10,OPEL,43,Tarragona,Corporate,BEV,UKL1,REST,Standard,1
2023,10,OPEL,43,Tarragona,Corporate,BEV,UKL2,REST,Standard,1
2023,10,OPEL,43,Tarragona,Corporate,ICE,UKL1,REST,Standard,15
2023,10,OPEL,43,Tarragona,Corporate,ICE,UKL2,REST,Standard,2
2023,10,OPEL,43,Tarragona,Private,ICE,UKL1,REST,Standard,21
2023,10,OPEL,43,Tarragona,Private,ICE,UKL2,REST,Standard,1
2023,10,PEUGEOT,43,Tarragona,Corporate,BEV,SKL,REST,Standard,2
2023,10,PEUGEOT,43,Tarragona,Corporate,ICE,UKL1,REST,Standard,33
2023,10,PEUGEOT,43,Tarragona,Corporate,ICE,UKL2,REST,Standard,21
2023,10,PEUGEOT,43,Tarragona,Corporate,PHEV,UKL2,REST,Standard,1
2023,10,PEUGEOT,43,Tarragona,Private,BEV,UKL1,REST,Standard,4
2023,10,PEUGEOT,43,Tarragona,Private,ICE,UKL1,REST,Standard,28
2023,10,PEUGEOT,43,Tarragona,Private,ICE,UKL2,REST,Standard,9
2023,10,PEUGEOT,43,Tarragona,Private,PHEV,UKL2,REST,Standard,8
2023,10,PORSCHE,43,Tarragona,Corporate,PHEV,MKL,FOCUS SEGMENT,Standard,1
2023,10,PORSCHE,43,Tarragona,Private,ICE,GKL,FOCUS SEGMENT,M,1
2023,10,RENAULT,43,Tarragona,Corporate,BEV,UKL0,REST,Standard,1
2023,10,RENAULT,43,Tarragona,Corporate,BEV,UKL1,REST,Standard,1
2023,10,RENAULT,43,Tarragona,Corporate,BEV,UKL2,REST,Standard,3
2023,10,RENAULT,43,Tarragona,Corporate,ICE,KKL,REST,Standard,1
2023,10,RENAULT,43,Tarragona,Corporate,ICE,UKL1,REST,Standard,10
2023,10,RENAULT,43,Tarragona,Corporate,ICE,UKL2,REST,Standard,3
2023,10,RENAULT,43,Tarragona,Private,ICE,KKL,REST,Standard,2
2023,10,RENAULT,43,Tarragona,Private,ICE,SKL,REST,Standard,2
2023,10,RENAULT,43,Tarragona,Private,ICE,UKL1,REST,Standard,18
2023,10,RENAULT,43,Tarragona,Private,ICE,UKL2,REST,Standard,14
2023,10,SEAT,43,Tarragona,Corporate,ICE,UKL1,REST,Standard,4
2023,10,SEAT,43,Tarragona,Corporate,ICE,UKL2,REST,Standard,1
2023,10,SEAT,43,Tarragona,Corporate,PHEV,KKL,REST,Standard,2
2023,10,SEAT,43,Tarragona,Corporate,PHEV,UKL2,REST,Standard,1
2023,10,SEAT,43,Tarragona,Private,ICE,UKL1,REST,Standard,20
2023,10,SEAT,43,Tarragona,Private,ICE,UKL2,REST,Standard,14
2023,10,SKODA,43,Tarragona,Corporate,ICE,UKL1,REST,Standard,2
2023,10,SKODA,43,Tarragona,Corporate,ICE,UKL2,REST,Standard,3
2023,10,SKODA,43,Tarragona,Private,ICE,KKL,REST,Standard,1
2023,10,SKODA,43,Tarragona,Private,ICE,UKL1,REST,Standard,23
2023,10,SKODA,43,Tarragona,Private,ICE,UKL2,REST,Standard,8
2023,10,SSANGYONG,43,Tarragona,Private,ICE,UKL1,REST,Standard,3
2023,10,SUBARU,43,Tarragona,Private,ICE,KKL,REST,Standard,1
2023,10,SUBARU,43,Tarragona,Private,ICE,UKL2,REST,Standard,1
2023,10,SUZUKI,43,Tarragona,Corporate,ICE,UKL0,REST,Standard,1
2023,10,SUZUKI,43,Tarragona,Corporate,ICE,UKL1,REST,Standard,3
2023,10,SUZUKI,43,Tarragona,Private,ICE,SKL,REST,Standard,2
2023,10,SUZUKI,43,Tarragona,Private,ICE,UKL0,REST,Standard,4
2023,10,SUZUKI,43,Tarragona,Private,ICE,UKL1,REST,Standard,10
2023,10,SUZUKI,43,Tarragona,Private,ICE,UKL2,REST,Standard,3
2023,10,TESLA,43,Tarragona,Corporate,BEV,KKL,FOCUS SEGMENT,Standard,4
2023,10,TESLA,43,Tarragona,Private,BEV,KKL,FOCUS SEGMENT,Standard,27
2023,10,TOYOTA,43,Tarragona,Corporate,ICE,GKL,REST,Standard,2
2023,10,TOYOTA,43,Tarragona,Corporate,ICE,UKL1,REST,Standard,12
2023,10,TOYOTA,43,Tarragona,Corporate,ICE,UKL2,REST,Standard,6
2023,10,TOYOTA,43,Tarragona,Private,ICE,SKL,REST,Standard,3
2023,10,TOYOTA,43,Tarragona,Private,ICE,UKL0,REST,Standard,1
2023,10,TOYOTA,43,Tarragona,Private,ICE,UKL1,REST,Standard,75
2023,10,TOYOTA,43,Tarragona,Private,ICE,UKL2,REST,Standard,28
2023,10,VOLKSWAGEN,43,Tarragona,Corporate,ICE,UKL1,REST,Standard,4
2023,10,VOLKSWAGEN,43,Tarragona,Corporate,ICE,UKL2,REST,Standard,4
2023,10,VOLKSWAGEN,43,Tarragona,Corporate,PHEV,MKL,REST,Standard,1
2023,10,VOLKSWAGEN,43,Tarragona,Private,BEV,UKL2,REST,Standard,1
2023,10,VOLKSWAGEN,43,Tarragona,Private,ICE,SKL,REST,Standard,2
2023,10,VOLKSWAGEN,43,Tarragona,Private,ICE,UKL1,REST,Standard,18
2023,10,VOLKSWAGEN,43,Tarragona,Private,ICE,UKL2,REST,Standard,27
2023,10,VOLKSWAGEN,43,Tarragona,Private,PHEV,UKL2,REST,Standard,1
2023,10,VOLVO,43,Tarragona,Corporate,BEV,UKL2,FOCUS SEGMENT,Standard,1
2023,10,VOLVO,43,Tarragona,Corporate,ICE,MKL,FOCUS SEGMENT,Standard,2
2023,10,VOLVO,43,Tarragona,Corporate,ICE,UKL2,FOCUS SEGMENT,Standard,2
2023,10,VOLVO,43,Tarragona,Corporate,PHEV,MKL,FOCUS SEGMENT,Standard,1
2023,10,VOLVO,43,Tarragona,Corporate,PHEV,UKL2,FOCUS SEGMENT,Standard,1
2023,10,VOLVO,43,Tarragona,Private,ICE,UKL2,FOCUS SEGMENT,Standard,4
2023,10,BMW,44,Teruel,Corporate,ICE,UKL2,FOCUS SEGMENT,Standard,1
2023,10,BMW,44,Teruel,Private,ICE,,REST,Standard,1
2023,10,BMW,44,Teruel,Private,ICE,KKL,FOCUS SEGMENT,Standard,2
2023,10,BMW,44,Teruel,Private,ICE,UKL2,FOCUS SEGMENT,Standard,2
2023,10,CUPRA,44,Teruel,Private,ICE,UKL2,REST,Standard,2
2023,10,DACIA,44,Teruel,Corporate,ICE,SKL,REST,Standard,1
2023,10,DACIA,44,Teruel,Corporate,ICE,UKL1,REST,Standard,2
2023,10,DACIA,44,Teruel,Private,ICE,SKL,REST,Standard,5
2023,10,DACIA,44,Teruel,Private,ICE,UKL1,REST,Standard,2
2023,10,FIAT,44,Teruel,Corporate,ICE,UKL0,REST,Standard,2
2023,10,FORD,44,Teruel,Private,ICE,UKL1,REST,Standard,1
2023,10,FORD,44,Teruel,Private,ICE,UKL2,REST,Standard,1
2023,10,HYUNDAI,44,Teruel,Corporate,ICE,UKL2,REST,Standard,1
2023,10,HYUNDAI,44,Teruel,Private,BEV,UKL1,REST,Standard,1
2023,10,HYUNDAI,44,Teruel,Private,ICE,UKL1,REST,Standard,1
2023,10,HYUNDAI,44,Teruel,Private,ICE,UKL2,REST,Standard,3
2023,10,JEEP,44,Teruel,Private,ICE,UKL1,REST,Standard,1
2023,10,KIA,44,Teruel,Corporate,ICE,KKL,REST,Standard,1
2023,10,KIA,44,Teruel,Corporate,ICE,UKL1,REST,Standard,1
2023,10,KIA,44,Teruel,Corporate,ICE,UKL2,REST,Standard,1
2023,10,KIA,44,Teruel,Private,BEV,UKL2,REST,Standard,1
2023,10,KIA,44,Teruel,Private,ICE,KKL,REST,Standard,1
2023,10,KIA,44,Teruel,Private,ICE,UKL2,REST,Standard,4
2023,10,MAZDA,44,Teruel,Private,ICE,UKL2,REST,Standard,6
2023,10,MERCEDES,44,Teruel,Corporate,ICE,KKL,FOCUS SEGMENT,Standard,1
2023,10,MERCEDES,44,Teruel,Corporate,ICE,MKL,FOCUS SEGMENT,Standard,1
2023,10,MERCEDES,44,Teruel,Corporate,ICE,MKL,REST,Standard,1
2023,10,MERCEDES,44,Teruel,Corporate,ICE,UKL2,FOCUS SEGMENT,Standard,1
2023,10,MERCEDES,44,Teruel,Private,ICE,UKL2,FOCUS SEGMENT,Standard,1
2023,10,MG,44,Teruel,Private,ICE,UKL1,REST,Standard,1
2023,10,NISSAN,44,Teruel,Private,ICE,UKL2,REST,Standard,2
2023,10,PEUGEOT,44,Teruel,Private,ICE,UKL1,REST,Standard,1
2023,10,PEUGEOT,44,Teruel,Private,PHEV,UKL2,REST,Standard,1
2023,10,PORSCHE,44,Teruel,Corporate,PHEV,MKL,FOCUS SEGMENT,Standard,1
2023,10,RENAULT,44,Teruel,Corporate,BEV,UKL1,REST,Standard,1
2023,10,RENAULT,44,Teruel,Corporate,ICE,SKL,REST,Standard,1
2023,10,RENAULT,44,Teruel,Corporate,ICE,UKL1,REST,Standard,2
2023,10,RENAULT,44,Teruel,Corporate,ICE,UKL2,REST,Standard,4
2023,10,RENAULT,44,Teruel,Private,ICE,UKL1,REST,Standard,4
2023,10,RENAULT,44,Teruel,Private,ICE,UKL2,REST,Standard,4
2023,10,SEAT,44,Teruel,Corporate,ICE,UKL1,REST,Standard,1
2023,10,SEAT,44,Teruel,Corporate,ICE,UKL2,REST,Standard,1
2023,10,SEAT,44,Teruel,Corporate,PHEV,UKL2,REST,Standard,1
2023,10,SEAT,44,Teruel,Private,ICE,UKL1,REST,Standard,4
2023,10,SEAT,44,Teruel,Private,ICE,UKL2,REST,Standard,2
2023,10,SKODA,44,Teruel,Private,ICE,UKL1,REST,Standard,1
2023,10,SSANGYONG,44,Teruel,Private,ICE,MKL,REST,Standard,1
2023,10,SUZUKI,44,Teruel,Private,ICE,UKL1,REST,Standard,1
2023,10,SUZUKI,44,Teruel,Private,ICE,UKL2,REST,Standard,2
2023,10,TOYOTA,44,Teruel,Corporate,ICE,UKL1,REST,Standard,2
2023,10,TOYOTA,44,Teruel,Corporate,ICE,UKL2,REST,Standard,3
2023,10,TOYOTA,44,Teruel,Private,ICE,UKL1,REST,Standard,3
2023,10,TOYOTA,44,Teruel,Private,ICE,UKL2,REST,Standard,1
2023,10,VOLKSWAGEN,44,Teruel,Private,ICE,SKL,REST,Standard,3
2023,10,VOLKSWAGEN,44,Teruel,Private,ICE,UKL2,REST,Standard,3
2023,10,VOLVO,44,Teruel,Private,BEV,UKL2,FOCUS SEGMENT,Standard,1
2023,10,VOLVO,44,Teruel,Private,ICE,UKL2,FOCUS SEGMENT,Standard,1
2023,10,ALFA ROMEO,45,Toledo,Corporate,PHEV,UKL2,REST,Standard,2
2023,10,AUDI,45,Toledo,Corporate,ICE,KKL,FOCUS SEGMENT,Standard,1
2023,10,AUDI,45,Toledo,Corporate,ICE,UKL1,FOCUS SEGMENT,Standard,1
2023,10,AUDI,45,Toledo,Corporate,ICE,UKL2,FOCUS SEGMENT,Standard,1
2023,10,AUDI,45,Toledo,Private,BEV,UKL2,FOCUS SEGMENT,Standard,3
2023,10,AUDI,45,Toledo,Private,ICE,KKL,FOCUS SEGMENT,Standard,1
2023,10,AUDI,45,Toledo,Private,ICE,MKL,FOCUS SEGMENT,M Performance,1
2023,10,AUDI,45,Toledo,Private,ICE,UKL2,FOCUS SEGMENT,Standard,8
2023,10,AUDI,45,Toledo,Private,PHEV,UKL2,FOCUS SEGMENT,Standard,2
2023,10,BMW,45,Toledo,Corporate,BEV,MKL,FOCUS SEGMENT,Standard,1
2023,10,BMW,45,Toledo,Corporate,ICE,GKL,FOCUS SEGMENT,Standard,1
2023,10,BMW,45,Toledo,Corporate,ICE,KKL,FOCUS SEGMENT,Standard,3
2023,10,BMW,45,Toledo,Corporate,ICE,MKL,FOCUS SEGMENT,Standard,1
2023,10,BMW,45,Toledo,Corporate,ICE,UKL2,FOCUS SEGMENT,Standard,2
2023,10,BMW,45,Toledo,Private,ICE,KKL,FOCUS SEGMENT,Standard,2
2023,10,BMW,45,Toledo,Private,ICE,UKL2,FOCUS SEGMENT,Standard,11
2023,10,BYD,45,Toledo,Private,BEV,UKL2,REST,Standard,1
2023,10,CITROEN,45,Toledo,Corporate,BEV,SKL,REST,Standard,55
2023,10,CITROEN,45,Toledo,Corporate,BEV,UKL2,REST,Standard,5
2023,10,CITROEN,45,Toledo,Corporate,ICE,MKL,REST,Standard,6
2023,10,CITROEN,45,Toledo,Corporate,ICE,UKL1,REST,Standard,233
2023,10,CITROEN,45,Toledo,Corporate,ICE,UKL2,REST,Standard,312
2023,10,CITROEN,45,Toledo,Corporate,PHEV,UKL2,REST,Standard,32
2023,10,CITROEN,45,Toledo,Private,BEV,UKL2,REST,Standard,1
2023,10,CITROEN,45,Toledo,Private,ICE,UKL1,REST,Standard,1
2023,10,CITROEN,45,Toledo,Private,ICE,UKL2,REST,Standard,8
2023,10,CUPRA,45,Toledo,Corporate,ICE,UKL2,REST,Standard,5
2023,10,CUPRA,45,Toledo,Corporate,PHEV,UKL2,REST,Standard,1
2023,10,CUPRA,45,Toledo,Private,ICE,UKL2,REST,Standard,3
2023,10,CUPRA,45,Toledo,Private,PHEV,UKL2,REST,Standard,1
2023,10,DACIA,45,Toledo,Corporate,ICE,SKL,REST,Standard,3
2023,10,DACIA,45,Toledo,Corporate,ICE,UKL1,REST,Standard,2
2023,10,DACIA,45,Toledo,Private,ICE,SKL,REST,Standard,15
2023,10,DACIA,45,Toledo,Private,ICE,UKL1,REST,Standard,34
2023,10,DACIA,45,Toledo,Private,ICE,UKL2,REST,Standard,6
2023,10,DS,45,Toledo,Corporate,ICE,UKL2,REST,Standard,2
2023,10,DS,45,Toledo,Corporate,PHEV,KKL,REST,Standard,1
2023,10,DS,45,Toledo,Corporate,PHEV,UKL2,REST,Standard,3
2023,10,DS,45,Toledo,Private,PHEV,UKL2,REST,Standard,1
2023,10,FIAT,45,Toledo,Corporate,ICE,,REST,Standard,1
2023,10,FIAT,45,Toledo,Corporate,ICE,UKL0,REST,Standard,3
2023,10,FIAT,45,Toledo,Private,ICE,,REST,Standard,1
2023,10,FIAT,45,Toledo,Private,ICE,UKL0,REST,Standard,4
2023,10,FORD,45,Toledo,Corporate,ICE,UKL1,REST,Standard,1
2023,10,FORD,45,Toledo,Corporate,PHEV,UKL2,REST,Standard,1
2023,10,FORD,45,Toledo,Private,ICE,SKL,REST,Standard,3
2023,10,FORD,45,Toledo,Private,ICE,UKL1,REST,Standard,4
2023,10,FORD,45,Toledo,Private,ICE,UKL2,REST,Standard,2
2023,10,FORD,45,Toledo,Private,PHEV,UKL2,REST,Standard,2
2023,10,HONDA,45,Toledo,Private,ICE,UKL2,REST,Standard,1
2023,10,HYUNDAI,45,Toledo,Corporate,ICE,UKL1,REST,Standard,5
2023,10,HYUNDAI,45,Toledo,Corporate,ICE,UKL2,REST,Standard,7
2023,10,HYUNDAI,45,Toledo,Corporate,PHEV,UKL2,REST,Standard,1
2023,10,HYUNDAI,45,Toledo,Private,BEV,UKL1,REST,Standard,2
2023,10,HYUNDAI,45,Toledo,Private,ICE,UKL0,REST,Standard,4
2023,10,HYUNDAI,45,Toledo,Private,ICE,UKL1,REST,Standard,30
2023,10,HYUNDAI,45,Toledo,Private,ICE,UKL2,REST,Standard,19
2023,10,HYUNDAI,45,Toledo,Private,PHEV,MKL,REST,Standard,1
2023,10,HYUNDAI,45,Toledo,Private,PHEV,UKL2,REST,Standard,1
2023,10,JEEP,45,Toledo,Corporate,PHEV,UKL2,REST,Standard,1
2023,10,JEEP,45,Toledo,Private,BEV,UKL1,REST,Standard,1
2023,10,JEEP,45,Toledo,Private,ICE,UKL2,REST,Standard,2
2023,10,KIA,45,Toledo,Corporate,BEV,KKL,REST,Standard,1
2023,10,KIA,45,Toledo,Corporate,BEV,MKL,REST,Standard,1
2023,10,KIA,45,Toledo,Corporate,BEV,UKL2,REST,Standard,3
2023,10,KIA,45,Toledo,Corporate,ICE,UKL2,REST,Standard,1
2023,10,KIA,45,Toledo,Private,BEV,KKL,REST,Standard,2
2023,10,KIA,45,Toledo,Private,BEV,UKL2,REST,Standard,5
2023,10,KIA,45,Toledo,Private,ICE,UKL0,REST,Standard,1
2023,10,KIA,45,Toledo,Private,ICE,UKL1,REST,Standard,9
2023,10,KIA,45,Toledo,Private,ICE,UKL2,REST,Standard,46
2023,10,KIA,45,Toledo,Private,PHEV,UKL2,REST,Standard,1
2023,10,LAND ROVER,45,Toledo,RAC,ICE,MKL,FOCUS SEGMENT,Standard,1
2023,10,LEXUS,45,Toledo,Private,ICE,KKL,FOCUS SEGMENT,Standard,2
2023,10,LEXUS,45,Toledo,Private,ICE,UKL2,FOCUS SEGMENT,Standard,1
2023,10,MAZDA,45,Toledo,Corporate,ICE,UKL2,REST,Standard,1
2023,10,MAZDA,45,Toledo,Private,ICE,UKL2,REST,Standard,12
2023,10,MAZDA,45,Toledo,Private,PHEV,KKL,REST,Standard,1
2023,10,MERCEDES,45,Toledo,Corporate,ICE,KKL,FOCUS SEGMENT,Standard,2
2023,10,MERCEDES,45,Toledo,Corporate,ICE,MKL,FOCUS SEGMENT,Standard,5
2023,10,MERCEDES,45,Toledo,Corporate,ICE,MKL,REST,Standard,1
2023,10,MERCEDES,45,Toledo,Corporate,PHEV,MKL,FOCUS SEGMENT,Standard,2
2023,10,MERCEDES,45,Toledo,Corporate,PHEV,UKL2,FOCUS SEGMENT,Standard,1
2023,10,MERCEDES,45,Toledo,Private,ICE,MKL,FOCUS SEGMENT,Standard,1
2023,10,MERCEDES,45,Toledo,Private,ICE,UKL2,FOCUS SEGMENT,Standard,9
2023,10,MERCEDES,45,Toledo,Private,PHEV,KKL,FOCUS SEGMENT,Standard,1
2023,10,MG,45,Toledo,Corporate,BEV,UKL2,REST,Standard,3
2023,10,MG,45,Toledo,Corporate,ICE,KKL,REST,Standard,7
2023,10,MG,45,Toledo,Corporate,ICE,UKL1,REST,Standard,6
2023,10,MG,45,Toledo,Corporate,PHEV,KKL,REST,Standard,3
2023,10,MG,45,Toledo,Private,BEV,UKL2,REST,Standard,9
2023,10,MG,45,Toledo,Private,ICE,KKL,REST,Standard,2
2023,10,MG,45,Toledo,Private,ICE,UKL1,REST,Standard,44
2023,10,MG,45,Toledo,Private,PHEV,KKL,REST,Standard,3
2023,10,MINI,45,Toledo,Private,ICE,UKL1,FOCUS SEGMENT,Standard,3
2023,10,MINI,45,Toledo,Private,ICE,UKL2,FOCUS SEGMENT,Standard,1
2023,10,MITSUBISHI,45,Toledo,Corporate,ICE,UKL1,REST,Standard,4
2023,10,MITSUBISHI,45,Toledo,Corporate,ICE,UKL2,REST,Standard,1
2023,10,MITSUBISHI,45,Toledo,Corporate,PHEV,UKL2,REST,Standard,1
2023,10,MITSUBISHI,45,Toledo,Private,ICE,UKL2,REST,Standard,3
2023,10,MITSUBISHI,45,Toledo,Private,PHEV,UKL2,REST,Standard,1
2023,10,NISSAN,45,Toledo,Corporate,ICE,KKL,REST,Standard,2
2023,10,NISSAN,45,Toledo,Corporate,ICE,UKL1,REST,Standard,1
2023,10,NISSAN,45,Toledo,Corporate,ICE,UKL2,REST,Standard,3
2023,10,NISSAN,45,Toledo,Private,BEV,UKL2,REST,Standard,2
2023,10,NISSAN,45,Toledo,Private,ICE,KKL,REST,Standard,1
2023,10,NISSAN,45,Toledo,Private,ICE,UKL1,REST,Standard,1
2023,10,NISSAN,45,Toledo,Private,ICE,UKL2,REST,Standard,5
2023,10,OPEL,45,Toledo,Corporate,BEV,SKL,REST,Standard,13
2023,10,OPEL,45,Toledo,Corporate,BEV,UKL1,REST,Standard,44
2023,10,OPEL,45,Toledo,Corporate,BEV,UKL2,REST,Standard,2
2023,10,OPEL,45,Toledo,Corporate,ICE,UKL1,REST,Standard,313
2023,10,OPEL,45,Toledo,Corporate,ICE,UKL2,REST,Standard,32
2023,10,OPEL,45,Toledo,Corporate,PHEV,UKL2,REST,Standard,37
2023,10,OPEL,45,Toledo,Private,ICE,UKL1,REST,Standard,7
2023,10,OPEL,45,Toledo,Private,ICE,UKL2,REST,Standard,2
2023,10,PEUGEOT,45,Toledo,Corporate,BEV,SKL,REST,Standard,4
2023,10,PEUGEOT,45,Toledo,Corporate,BEV,UKL1,REST,Standard,15
2023,10,PEUGEOT,45,Toledo,Corporate,BEV,UKL2,REST,Standard,6
2023,10,PEUGEOT,45,Toledo,Corporate,ICE,KKL,REST,Standard,3
2023,10,PEUGEOT,45,Toledo,Corporate,ICE,UKL1,REST,Standard,200
2023,10,PEUGEOT,45,Toledo,Corporate,ICE,UKL2,REST,Standard,117
2023,10,PEUGEOT,45,Toledo,Corporate,PHEV,KKL,REST,Standard,11
2023,10,PEUGEOT,45,Toledo,Corporate,PHEV,UKL2,REST,Standard,82
2023,10,PEUGEOT,45,Toledo,Private,BEV,UKL1,REST,Standard,1
2023,10,PEUGEOT,45,Toledo,Private,ICE,KKL,REST,Standard,1
2023,10,PEUGEOT,45,Toledo,Private,ICE,UKL1,REST,Standard,13
2023,10,PEUGEOT,45,Toledo,Private,ICE,UKL2,REST,Standard,11
2023,10,PEUGEOT,45,Toledo,Private,PHEV,UKL2,REST,Standard,3
2023,10,PEUGEOT,45,Toledo,RAC,ICE,UKL1,REST,Standard,1
2023,10,PORSCHE,45,Toledo,Corporate,PHEV,MKL,FOCUS SEGMENT,Standard,1
2023,10,RENAULT,45,Toledo,Corporate,BEV,UKL2,REST,Standard,3
2023,10,RENAULT,45,Toledo,Corporate,ICE,UKL1,REST,Standard,33
2023,10,RENAULT,45,Toledo,Corporate,ICE,UKL2,REST,Standard,12
2023,10,RENAULT,45,Toledo,Private,ICE,KKL,REST,Standard,3
2023,10,RENAULT,45,Toledo,Private,ICE,UKL1,REST,Standard,11
2023,10,RENAULT,45,Toledo,Private,ICE,UKL2,REST,Standard,16
2023,10,SEAT,45,Toledo,Corporate,ICE,UKL1,REST,Standard,4
2023,10,SEAT,45,Toledo,Corporate,ICE,UKL2,REST,Standard,4
2023,10,SEAT,45,Toledo,Corporate,PHEV,UKL2,REST,Standard,1
2023,10,SEAT,45,Toledo,Private,ICE,UKL1,REST,Standard,6
2023,10,SEAT,45,Toledo,Private,ICE,UKL2,REST,Standard,12
2023,10,SKODA,45,Toledo,Corporate,ICE,UKL1,REST,Standard,1
2023,10,SKODA,45,Toledo,Private,ICE,UKL1,REST,Standard,3
2023,10,SKODA,45,Toledo,Private,ICE,UKL2,REST,Standard,2
2023,10,SKODA,45,Toledo,Private,PHEV,UKL2,REST,Standard,1
2023,10,SMART,45,Toledo,Corporate,BEV,UKL1,FOCUS SEGMENT,Standard,1
2023,10,SMART,45,Toledo,Private,BEV,UKL1,FOCUS SEGMENT,Standard,1
2023,10,SSANGYONG,45,Toledo,Corporate,BEV,KKL,REST,Standard,1
2023,10,SSANGYONG,45,Toledo,Corporate,ICE,KKL,REST,Standard,1
2023,10,SSANGYONG,45,Toledo,Corporate,ICE,UKL1,REST,Standard,20
2023,10,SUBARU,45,Toledo,Corporate,ICE,KKL,REST,Standard,5
2023,10,SUBARU,45,Toledo,Corporate,ICE,UKL2,REST,Standard,1
2023,10,SUZUKI,45,Toledo,Corporate,ICE,SKL,REST,Standard,1
2023,10,SUZUKI,45,Toledo,Private,ICE,SKL,REST,Standard,1
2023,10,SUZUKI,45,Toledo,Private,ICE,UKL2,REST,Standard,2
2023,10,TESLA,45,Toledo,Corporate,BEV,KKL,FOCUS SEGMENT,Standard,1
2023,10,TESLA,45,Toledo,Private,BEV,KKL,FOCUS SEGMENT,Standard,4
2023,10,TOYOTA,45,Toledo,Corporate,ICE,MKL,REST,Standard,1
2023,10,TOYOTA,45,Toledo,Corporate,ICE,SKL,REST,Standard,2
2023,10,TOYOTA,45,Toledo,Corporate,ICE,UKL1,REST,Standard,3
2023,10,TOYOTA,45,Toledo,Corporate,ICE,UKL2,REST,Standard,3
2023,10,TOYOTA,45,Toledo,Private,ICE,SKL,REST,Standard,2
2023,10,TOYOTA,45,Toledo,Private,ICE,UKL1,REST,Standard,31
2023,10,TOYOTA,45,Toledo,Private,ICE,UKL2,REST,Standard,14
2023,10,VOLKSWAGEN,45,Toledo,Corporate,BEV,UKL2,REST,Standard,1
2023,10,VOLKSWAGEN,45,Toledo,Corporate,ICE,UKL1,REST,Standard,4
2023,10,VOLKSWAGEN,45,Toledo,Corporate,ICE,UKL2,REST,Standard,2
2023,10,VOLKSWAGEN,45,Toledo,Private,BEV,SKL,REST,Standard,1
2023,10,VOLKSWAGEN,45,Toledo,Private,ICE,UKL1,REST,Standard,6
2023,10,VOLKSWAGEN,45,Toledo,Private,ICE,UKL2,REST,Standard,7
2023,10,VOLVO,45,Toledo,Corporate,ICE,KKL,FOCUS SEGMENT,Standard,2
2023,10,VOLVO,45,Toledo,Corporate,ICE,MKL,FOCUS SEGMENT,Standard,1
2023,10,VOLVO,45,Toledo,Private,ICE,KKL,FOCUS SEGMENT,Standard,3
2023,10,VOLVO,45,Toledo,Private,ICE,UKL2,FOCUS SEGMENT,Standard,3
2023,10,VOLVO,45,Toledo,Private,PHEV,MKL,FOCUS SEGMENT,Standard,1
2023,10,VOLVO,45,Toledo,Private,PHEV,UKL2,FOCUS SEGMENT,Standard,2
2023,10,ALFA ROMEO,46,Valencia,Corporate,ICE,UKL2,REST,Standard,1
2023,10,ALFA ROMEO,46,Valencia,Corporate,PHEV,UKL2,REST,Standard,1
2023,10,AUDI,46,Valencia,Corporate,BEV,UKL2,FOCUS SEGMENT,Standard,2
2023,10,AUDI,46,Valencia,Corporate,ICE,KKL,FOCUS SEGMENT,Standard,3
2023,10,AUDI,46,Valencia,Corporate,ICE,MKL,FOCUS SEGMENT,Standard,4
2023,10,AUDI,46,Valencia,Corporate,ICE,UKL1,FOCUS SEGMENT,Standard,3
2023,10,AUDI,46,Valencia,Corporate,ICE,UKL2,FOCUS SEGMENT,M,1
2023,10,AUDI,46,Valencia,Corporate,ICE,UKL2,FOCUS SEGMENT,Standard,22
2023,10,AUDI,46,Valencia,Private,BEV,UKL2,FOCUS SEGMENT,Standard,5
2023,10,AUDI,46,Valencia,Private,ICE,KKL,FOCUS SEGMENT,Standard,8
2023,10,AUDI,46,Valencia,Private,ICE,MKL,FOCUS SEGMENT,Standard,2
2023,10,AUDI,46,Valencia,Private,ICE,UKL1,FOCUS SEGMENT,Standard,4
2023,10,AUDI,46,Valencia,Private,ICE,UKL2,FOCUS SEGMENT,Standard,38
2023,10,AUDI,46,Valencia,Private,PHEV,KKL,FOCUS SEGMENT,Standard,1
2023,10,AUDI,46,Valencia,Private,PHEV,MKL,FOCUS SEGMENT,Standard,2
2023,10,AUDI,46,Valencia,RAC,ICE,KKL,FOCUS SEGMENT,Standard,1
2023,10,BMW,46,Valencia,Corporate,BEV,KKL,FOCUS SEGMENT,Standard,1
2023,10,BMW,46,Valencia,Corporate,BEV,MKL,FOCUS SEGMENT,Standard,1
2023,10,BMW,46,Valencia,Corporate,ICE,GKL,FOCUS SEGMENT,Standard,1
2023,10,BMW,46,Valencia,Corporate,ICE,KKL,FOCUS SEGMENT,M,1
2023,10,BMW,46,Valencia,Corporate,ICE,KKL,FOCUS SEGMENT,M Performance,1
2023,10,BMW,46,Valencia,Corporate,ICE,KKL,FOCUS SEGMENT,Standard,5
2023,10,BMW,46,Valencia,Corporate,ICE,MKL,FOCUS SEGMENT,Standard,3
2023,10,BMW,46,Valencia,Corporate,ICE,UKL2,FOCUS SEGMENT,M,1
2023,10,BMW,46,Valencia,Corporate,ICE,UKL2,FOCUS SEGMENT,Standard,9
2023,10,BMW,46,Valencia,Corporate,PHEV,GKL,FOCUS SEGMENT,M,1
2023,10,BMW,46,Valencia,Corporate,PHEV,GKL,FOCUS SEGMENT,M Performance,1
2023,10,BMW,46,Valencia,Corporate,PHEV,KKL,FOCUS SEGMENT,Standard,1
2023,10,BMW,46,Valencia,Corporate,PHEV,UKL2,FOCUS SEGMENT,Standard,1
2023,10,BMW,46,Valencia,Private,BEV,MKL,FOCUS SEGMENT,Standard,1
2023,10,BMW,46,Valencia,Private,BEV,UKL2,FOCUS SEGMENT,Standard,4
2023,10,BMW,46,Valencia,Private,ICE,KKL,FOCUS SEGMENT,M,1
2023,10,BMW,46,Valencia,Private,ICE,KKL,FOCUS SEGMENT,Standard,7
2023,10,BMW,46,Valencia,Private,ICE,MKL,FOCUS SEGMENT,Standard,2
2023,10,BMW,46,Valencia,Private,ICE,UKL2,FOCUS SEGMENT,M,2
2023,10,BMW,46,Valencia,Private,ICE,UKL2,FOCUS SEGMENT,Standard,24
2023,10,BMW,46,Valencia,Private,PHEV,GKL,FOCUS SEGMENT,M,1
2023,10,BMW,46,Valencia,Private,PHEV,UKL2,FOCUS SEGMENT,Standard,4
2023,10,BYD,46,Valencia,Private,BEV,KKL,REST,Standard,1
2023,10,BYD,46,Valencia,Private,BEV,UKL1,REST,Standard,1
2023,10,BYD,46,Valencia,Private,BEV,UKL2,REST,Standard,6
2023,10,CITROEN,46,Valencia,Corporate,BEV,SKL,REST,Standard,5
2023,10,CITROEN,46,Valencia,Corporate,BEV,UKL2,REST,Standard,1
2023,10,CITROEN,46,Valencia,Corporate,ICE,MKL,REST,Standard,2
2023,10,CITROEN,46,Valencia,Corporate,ICE,UKL2,REST,Standard,1
2023,10,CITROEN,46,Valencia,Private,BEV,UKL2,REST,Standard,8
2023,10,CITROEN,46,Valencia,Private,ICE,MKL,REST,Standard,1
2023,10,CITROEN,46,Valencia,Private,ICE,UKL1,REST,Standard,23
2023,10,CITROEN,46,Valencia,Private,ICE,UKL2,REST,Standard,58
2023,10,CITROEN,46,Valencia,Private,PHEV,UKL2,REST,Standard,2
2023,10,CITROEN,46,Valencia,RAC,ICE,UKL1,REST,Standard,3
2023,10,CITROEN,46,Valencia,RAC,ICE,UKL2,REST,Standard,6
2023,10,CUPRA,46,Valencia,Corporate,ICE,UKL2,REST,Standard,8
2023,10,CUPRA,46,Valencia,Corporate,PHEV,UKL2,REST,Standard,4
2023,10,CUPRA,46,Valencia,Private,ICE,UKL2,REST,Standard,9
2023,10,CUPRA,46,Valencia,Private,PHEV,UKL2,REST,Standard,5
2023,10,DACIA,46,Valencia,Corporate,BEV,UKL0,REST,Standard,1
2023,10,DACIA,46,Valencia,Corporate,ICE,SKL,REST,Standard,4
2023,10,DACIA,46,Valencia,Corporate,ICE,UKL1,REST,Standard,12
2023,10,DACIA,46,Valencia,Corporate,ICE,UKL2,REST,Standard,2
2023,10,DACIA,46,Valencia,Private,BEV,UKL0,REST,Standard,6
2023,10,DACIA,46,Valencia,Private,ICE,SKL,REST,Standard,39
2023,10,DACIA,46,Valencia,Private,ICE,UKL1,REST,Standard,155
2023,10,DACIA,46,Valencia,Private,ICE,UKL2,REST,Standard,12
2023,10,DACIA,46,Valencia,RAC,ICE,UKL1,REST,Standard,8
2023,10,DFSK,46,Valencia,Private,ICE,UKL2,REST,Standard,1
2023,10,DR,46,Valencia,Private,ICE,,,Standard,2
2023,10,DR,46,Valencia,Private,ICE,UKL1,REST,Standard,1
2023,10,DS,46,Valencia,Corporate,ICE,KKL,REST,Standard,1
2023,10,DS,46,Valencia,Private,ICE,UKL2,REST,Standard,1
2023,10,DS,46,Valencia,Private,PHEV,UKL2,REST,Standard,1
2023,10,FIAT,46,Valencia,Corporate,BEV,UKL0,REST,Standard,1
2023,10,FIAT,46,Valencia,Corporate,ICE,,,Standard,3
2023,10,FIAT,46,Valencia,Corporate,ICE,,REST,Standard,1
2023,10,FIAT,46,Valencia,Corporate,ICE,UKL0,REST,Standard,5
2023,10,FIAT,46,Valencia,Private,BEV,UKL0,REST,Standard,2
2023,10,FIAT,46,Valencia,Private,ICE,,,Standard,4
2023,10,FIAT,46,Valencia,Private,ICE,,REST,Standard,2
2023,10,FIAT,46,Valencia,Private,ICE,UKL0,REST,Standard,27
2023,10,FORD,46,Valencia,Corporate,BEV,KKL,REST,Standard,8
2023,10,FORD,46,Valencia,Corporate,ICE,MKL,REST,Standard,4
2023,10,FORD,46,Valencia,Corporate,ICE,SKL,REST,Standard,4
2023,10,FORD,46,Valencia,Corporate,ICE,UKL1,REST,Standard,14
2023,10,FORD,46,Valencia,Corporate,ICE,UKL2,REST,Standard,32
2023,10,FORD,46,Valencia,Corporate,PHEV,SKL,REST,Standard,1
2023,10,FORD,46,Valencia,Corporate,PHEV,UKL2,REST,Standard,11
2023,10,FORD,46,Valencia,Private,BEV,KKL,REST,Standard,1
2023,10,FORD,46,Valencia,Private,ICE,SKL,REST,Standard,5
2023,10,FORD,46,Valencia,Private,ICE,UKL1,REST,Standard,100
2023,10,FORD,46,Valencia,Private,ICE,UKL2,REST,Standard,60
2023,10,FORD,46,Valencia,Private,PHEV,UKL2,REST,Standard,22
2023,10,FORD,46,Valencia,RAC,BEV,KKL,REST,Standard,11
2023,10,FORD,46,Valencia,RAC,ICE,SKL,REST,Standard,1
2023,10,FORD,46,Valencia,RAC,ICE,UKL1,REST,Standard,7
2023,10,FORD,46,Valencia,RAC,ICE,UKL2,REST,Standard,4
2023,10,FORD,46,Valencia,RAC,PHEV,UKL2,REST,Standard,18
2023,10,HONDA,46,Valencia,Corporate,ICE,KKL,REST,Standard,2
2023,10,HONDA,46,Valencia,Corporate,ICE,UKL2,REST,Standard,1
2023,10,HONDA,46,Valencia,Corporate,PHEV,KKL,REST,Standard,1
2023,10,HONDA,46,Valencia,Private,ICE,UKL1,REST,Standard,5
2023,10,HONDA,46,Valencia,Private,ICE,UKL2,REST,Standard,3
2023,10,HYUNDAI,46,Valencia,Corporate,BEV,UKL2,REST,Standard,1
2023,10,HYUNDAI,46,Valencia,Corporate,ICE,UKL0,REST,Standard,27
2023,10,HYUNDAI,46,Valencia,Corporate,ICE,UKL1,REST,Standard,13
2023,10,HYUNDAI,46,Valencia,Corporate,ICE,UKL2,REST,Standard,13
2023,10,HYUNDAI,46,Valencia,Corporate,PHEV,MKL,REST,Standard,1
2023,10,HYUNDAI,46,Valencia,Corporate,PHEV,UKL2,REST,Standard,3
2023,10,HYUNDAI,46,Valencia,Private,BEV,KKL,REST,Standard,1
2023,10,HYUNDAI,46,Valencia,Private,BEV,UKL1,REST,Standard,1
2023,10,HYUNDAI,46,Valencia,Private,BEV,UKL2,REST,Standard,1
2023,10,HYUNDAI,46,Valencia,Private,ICE,MKL,REST,Standard,1
2023,10,HYUNDAI,46,Valencia,Private,ICE,UKL0,REST,Standard,25
2023,10,HYUNDAI,46,Valencia,Private,ICE,UKL1,REST,Standard,122
2023,10,HYUNDAI,46,Valencia,Private,ICE,UKL2,REST,Standard,41
2023,10,HYUNDAI,46,Valencia,Private,PHEV,UKL2,REST,Standard,6
2023,10,JAGUAR,46,Valencia,Corporate,ICE,KKL,FOCUS SEGMENT,Standard,2
2023,10,JAGUAR,46,Valencia,Corporate,PHEV,UKL2,FOCUS SEGMENT,Standard,2
2023,10,JEEP,46,Valencia,Corporate,BEV,UKL1,REST,Standard,1
2023,10,JEEP,46,Valencia,Corporate,ICE,UKL1,REST,Standard,6
2023,10,JEEP,46,Valencia,Corporate,ICE,UKL2,REST,Standard,3
2023,10,JEEP,46,Valencia,Corporate,PHEV,UKL2,REST,Standard,2
2023,10,JEEP,46,Valencia,Private,BEV,UKL1,REST,Standard,1
2023,10,JEEP,46,Valencia,Private,ICE,UKL1,REST,Standard,18
2023,10,JEEP,46,Valencia,Private,ICE,UKL2,REST,Standard,2
2023,10,JEEP,46,Valencia,Private,PHEV,UKL1,REST,Standard,1
2023,10,KIA,46,Valencia,Corporate,BEV,KKL,REST,Standard,2
2023,10,KIA,46,Valencia,Corporate,BEV,MKL,REST,Standard,4
2023,10,KIA,46,Valencia,Corporate,ICE,KKL,REST,Standard,1
2023,10,KIA,46,Valencia,Corporate,ICE,UKL0,REST,Standard,3
2023,10,KIA,46,Valencia,Corporate,ICE,UKL1,REST,Standard,16
2023,10,KIA,46,Valencia,Corporate,ICE,UKL2,REST,Standard,35
2023,10,KIA,46,Valencia,Corporate,PHEV,KKL,REST,Standard,2
2023,10,KIA,46,Valencia,Corporate,PHEV,UKL2,REST,Standard,10
2023,10,KIA,46,Valencia,Private,BEV,KKL,REST,Standard,3
2023,10,KIA,46,Valencia,Private,BEV,UKL2,REST,Standard,11
2023,10,KIA,46,Valencia,Private,ICE,KKL,REST,Standard,2
2023,10,KIA,46,Valencia,Private,ICE,UKL0,REST,Standard,10
2023,10,KIA,46,Valencia,Private,ICE,UKL1,REST,Standard,52
2023,10,KIA,46,Valencia,Private,ICE,UKL2,REST,Standard,162
2023,10,KIA,46,Valencia,Private,PHEV,KKL,REST,Standard,1
2023,10,KIA,46,Valencia,Private,PHEV,UKL2,REST,Standard,21
2023,10,LAND ROVER,46,Valencia,Corporate,ICE,MKL,FOCUS SEGMENT,Standard,2
2023,10,LAND ROVER,46,Valencia,Corporate,ICE,UKL2,FOCUS SEGMENT,Standard,1
2023,10,LAND ROVER,46,Valencia,Corporate,PHEV,GKL,FOCUS SEGMENT,Standard,1
2023,10,LAND ROVER,46,Valencia,Corporate,PHEV,MKL,FOCUS SEGMENT,Standard,2
2023,10,LEXUS,46,Valencia,Corporate,ICE,KKL,FOCUS SEGMENT,Standard,3
2023,10,LEXUS,46,Valencia,Corporate,ICE,MKL,FOCUS SEGMENT,Standard,1
2023,10,LEXUS,46,Valencia,Corporate,ICE,UKL2,FOCUS SEGMENT,Standard,6
2023,10,LEXUS,46,Valencia,Corporate,PHEV,KKL,FOCUS SEGMENT,Standard,2
2023,10,LEXUS,46,Valencia,Private,ICE,KKL,FOCUS SEGMENT,Standard,8
2023,10,LEXUS,46,Valencia,Private,ICE,MKL,FOCUS SEGMENT,Standard,1
2023,10,LEXUS,46,Valencia,Private,ICE,UKL2,FOCUS SEGMENT,Standard,9
2023,10,MASERATI,46,Valencia,Private,ICE,KKL,FOCUS SEGMENT,Standard,1
2023,10,MAZDA,46,Valencia,Corporate,ICE,KKL,REST,Standard,2
2023,10,MAZDA,46,Valencia,Corporate,ICE,UKL2,REST,Standard,4
2023,10,MAZDA,46,Valencia,Private,ICE,KKL,REST,Standard,5
2023,10,MAZDA,46,Valencia,Private,ICE,UKL1,REST,Standard,7
2023,10,MAZDA,46,Valencia,Private,ICE,UKL2,REST,Standard,63
2023,10,MAZDA,46,Valencia,Private,PHEV,KKL,REST,Standard,3
2023,10,MERCEDES,46,Valencia,Corporate,BEV,MKL,FOCUS SEGMENT,Standard,2
2023,10,MERCEDES,46,Valencia,Corporate,BEV,UKL2,FOCUS SEGMENT,Standard,3
2023,10,MERCEDES,46,Valencia,Corporate,ICE,KKL,FOCUS SEGMENT,Standard,22
2023,10,MERCEDES,46,Valencia,Corporate,ICE,MKL,FOCUS SEGMENT,M Performance,1
2023,10,MERCEDES,46,Valencia,Corporate,ICE,MKL,FOCUS SEGMENT,Standard,7
2023,10,MERCEDES,46,Valencia,Corporate,ICE,MKL,REST,Standard,1
2023,10,MERCEDES,46,Valencia,Corporate,ICE,UKL2,FOCUS SEGMENT,M Performance,1
2023,10,MERCEDES,46,Valencia,Corporate,ICE,UKL2,FOCUS SEGMENT,Standard,20
2023,10,MERCEDES,46,Valencia,Corporate,PHEV,KKL,FOCUS SEGMENT,Standard,6
2023,10,MERCEDES,46,Valencia,Corporate,PHEV,MKL,FOCUS SEGMENT,Standard,2
2023,10,MERCEDES,46,Valencia,Corporate,PHEV,UKL2,FOCUS SEGMENT,Standard,1
2023,10,MERCEDES,46,Valencia,Private,BEV,MKL,FOCUS SEGMENT,Standard,2
2023,10,MERCEDES,46,Valencia,Private,BEV,UKL2,FOCUS SEGMENT,Standard,6
2023,10,MERCEDES,46,Valencia,Private,ICE,KKL,FOCUS SEGMENT,Standard,18
2023,10,MERCEDES,46,Valencia,Private,ICE,MKL,FOCUS SEGMENT,Standard,1
2023,10,MERCEDES,46,Valencia,Private,ICE,SKL,REST,Standard,2
2023,10,MERCEDES,46,Valencia,Private,ICE,UKL2,FOCUS SEGMENT,Standard,42
2023,10,MERCEDES,46,Valencia,Private,PHEV,KKL,FOCUS SEGMENT,Standard,1
2023,10,MERCEDES,46,Valencia,Private,PHEV,MKL,FOCUS SEGMENT,Standard,1
2023,10,MERCEDES,46,Valencia,Private,PHEV,UKL2,FOCUS SEGMENT,Standard,3
2023,10,MERCEDES,46,Valencia,RAC,ICE,SKL,REST,Standard,4
2023,10,MG,46,Valencia,Corporate,BEV,UKL1,REST,Standard,1
2023,10,MG,46,Valencia,Corporate,BEV,UKL2,REST,Standard,10
2023,10,MG,46,Valencia,Corporate,ICE,KKL,REST,Standard,7
2023,10,MG,46,Valencia,Corporate,ICE,UKL1,REST,Standard,4
2023,10,MG,46,Valencia,Corporate,PHEV,KKL,REST,Standard,3
2023,10,MG,46,Valencia,Private,BEV,UKL1,REST,Standard,3
2023,10,MG,46,Valencia,Private,BEV,UKL2,REST,Standard,15
2023,10,MG,46,Valencia,Private,ICE,KKL,REST,Standard,10
2023,10,MG,46,Valencia,Private,ICE,UKL1,REST,Standard,206
2023,10,MG,46,Valencia,Private,PHEV,KKL,REST,Standard,1
2023,10,MINI,46,Valencia,Corporate,BEV,UKL1,FOCUS SEGMENT,Standard,3
2023,10,MINI,46,Valencia,Corporate,ICE,UKL1,FOCUS SEGMENT,Standard,3
2023,10,MINI,46,Valencia,Corporate,ICE,UKL2,FOCUS SEGMENT,Standard,2
2023,10,MINI,46,Valencia,Corporate,PHEV,UKL2,FOCUS SEGMENT,Standard,1
2023,10,MINI,46,Valencia,Private,BEV,UKL1,FOCUS SEGMENT,Standard,6
2023,10,MINI,46,Valencia,Private,ICE,UKL1,FOCUS SEGMENT,Standard,15
2023,10,MINI,46,Valencia,Private,ICE,UKL2,FOCUS SEGMENT,Standard,5
2023,10,MINI,46,Valencia,Private,PHEV,UKL2,FOCUS SEGMENT,Standard,3
2023,10,MITSUBISHI,46,Valencia,Corporate,ICE,UKL1,REST,Standard,5
2023,10,MITSUBISHI,46,Valencia,Private,ICE,UKL1,REST,Standard,1
2023,10,MITSUBISHI,46,Valencia,Private,ICE,UKL2,REST,Standard,2
2023,10,MITSUBISHI,46,Valencia,Private,PHEV,UKL2,REST,Standard,1
2023,10,NISSAN,46,Valencia,Corporate,ICE,KKL,REST,Standard,13
2023,10,NISSAN,46,Valencia,Corporate,ICE,UKL1,REST,Standard,14
2023,10,NISSAN,46,Valencia,Corporate,ICE,UKL2,REST,Standard,17
2023,10,NISSAN,46,Valencia,Private,ICE,KKL,REST,Standard,5
2023,10,NISSAN,46,Valencia,Private,ICE,SKL,REST,Standard,2
2023,10,NISSAN,46,Valencia,Private,ICE,UKL1,REST,Standard,14
2023,10,NISSAN,46,Valencia,Private,ICE,UKL2,REST,Standard,27
2023,10,OPEL,46,Valencia,Corporate,BEV,SKL,REST,Standard,1
2023,10,OPEL,46,Valencia,Corporate,BEV,UKL2,REST,Standard,1
2023,10,OPEL,46,Valencia,Corporate,ICE,UKL1,REST,Standard,37
2023,10,OPEL,46,Valencia,Corporate,ICE,UKL2,REST,Standard,4
2023,10,OPEL,46,Valencia,Private,ICE,UKL1,REST,Standard,55
2023,10,OPEL,46,Valencia,Private,ICE,UKL2,REST,Standard,11
2023,10,OPEL,46,Valencia,RAC,ICE,UKL1,REST,Standard,2
2023,10,OPEL,46,Valencia,RAC,ICE,UKL2,REST,Standard,1
2023,10,PEUGEOT,46,Valencia,Corporate,BEV,SKL,REST,Standard,7
2023,10,PEUGEOT,46,Valencia,Corporate,ICE,UKL1,REST,Standard,5
2023,10,PEUGEOT,46,Valencia,Corporate,ICE,UKL2,REST,Standard,8
2023,10,PEUGEOT,46,Valencia,Corporate,PHEV,UKL2,REST,Standard,8
2023,10,PEUGEOT,46,Valencia,Private,BEV,UKL1,REST,Standard,4
2023,10,PEUGEOT,46,Valencia,Private,ICE,KKL,REST,Standard,6
2023,10,PEUGEOT,46,Valencia,Private,ICE,UKL1,REST,Standard,78
2023,10,PEUGEOT,46,Valencia,Private,ICE,UKL2,REST,Standard,25
2023,10,PEUGEOT,46,Valencia,Private,PHEV,UKL2,REST,Standard,13
2023,10,PEUGEOT,46,Valencia,RAC,ICE,KKL,REST,Standard,1
2023,10,PEUGEOT,46,Valencia,RAC,ICE,UKL1,REST,Standard,1
2023,10,PEUGEOT,46,Valencia,RAC,ICE,UKL2,REST,Standard,1
2023,10,PORSCHE,46,Valencia,Corporate,BEV,GKL,FOCUS SEGMENT,M Performance,4
2023,10,PORSCHE,46,Valencia,Corporate,BEV,GKL,FOCUS SEGMENT,Standard,1
2023,10,PORSCHE,46,Valencia,Corporate,ICE,GKL,FOCUS SEGMENT,M,1
2023,10,PORSCHE,46,Valencia,Corporate,ICE,GKL,FOCUS SEGMENT,M Performance,1
2023,10,PORSCHE,46,Valencia,Corporate,ICE,KKL,FOCUS SEGMENT,M Performance,1
2023,10,PORSCHE,46,Valencia,Corporate,ICE,KKL,FOCUS SEGMENT,Standard,1
2023,10,PORSCHE,46,Valencia,Corporate,ICE,MKL,FOCUS SEGMENT,Standard,3
2023,10,PORSCHE,46,Valencia,Corporate,PHEV,GKL,FOCUS SEGMENT,Standard,2
2023,10,PORSCHE,46,Valencia,Corporate,PHEV,MKL,FOCUS SEGMENT,Standard,11
2023,10,PORSCHE,46,Valencia,Private,BEV,GKL,FOCUS SEGMENT,Standard,1
2023,10,PORSCHE,46,Valencia,Private,ICE,GKL,FOCUS SEGMENT,M,1
2023,10,PORSCHE,46,Valencia,Private,ICE,GKL,FOCUS SEGMENT,Standard,1
2023,10,PORSCHE,46,Valencia,Private,ICE,KKL,FOCUS SEGMENT,Standard,1
2023,10,PORSCHE,46,Valencia,Private,PHEV,MKL,FOCUS SEGMENT,Standard,4
2023,10,RENAULT,46,Valencia,Corporate,BEV,UKL1,REST,Standard,2
2023,10,RENAULT,46,Valencia,Corporate,ICE,KKL,REST,Standard,2
2023,10,RENAULT,46,Valencia,Corporate,ICE,UKL1,REST,Standard,2
2023,10,RENAULT,46,Valencia,Corporate,ICE,UKL2,REST,Standard,46
2023,10,RENAULT,46,Valencia,Private,BEV,UKL0,REST,Standard,2
2023,10,RENAULT,46,Valencia,Private,BEV,UKL2,REST,Standard,1
2023,10,RENAULT,46,Valencia,Private,ICE,KKL,REST,Standard,7
2023,10,RENAULT,46,Valencia,Private,ICE,SKL,REST,Standard,2
2023,10,RENAULT,46,Valencia,Private,ICE,UKL1,REST,Standard,56
2023,10,RENAULT,46,Valencia,Private,ICE,UKL2,REST,Standard,58
2023,10,RENAULT,46,Valencia,Private,PHEV,UKL1,REST,Standard,1
2023,10,SEAT,46,Valencia,Corporate,ICE,KKL,REST,Standard,1
2023,10,SEAT,46,Valencia,Corporate,ICE,UKL1,REST,Standard,15
2023,10,SEAT,46,Valencia,Corporate,ICE,UKL2,REST,Standard,14
2023,10,SEAT,46,Valencia,Corporate,PHEV,UKL2,REST,Standard,4
2023,10,SEAT,46,Valencia,Private,ICE,KKL,REST,Standard,1
2023,10,SEAT,46,Valencia,Private,ICE,UKL1,REST,Standard,58
2023,10,SEAT,46,Valencia,Private,ICE,UKL2,REST,Standard,20
2023,10,SEAT,46,Valencia,RAC,ICE,UKL1,REST,Standard,1
2023,10,SKODA,46,Valencia,Corporate,ICE,KKL,REST,Standard,3
2023,10,SKODA,46,Valencia,Corporate,ICE,UKL1,REST,Standard,9
2023,10,SKODA,46,Valencia,Corporate,ICE,UKL2,REST,Standard,9
2023,10,SKODA,46,Valencia,Private,ICE,KKL,REST,Standard,4
2023,10,SKODA,46,Valencia,Private,ICE,UKL1,REST,Standard,30
2023,10,SKODA,46,Valencia,Private,ICE,UKL2,REST,Standard,19
2023,10,SKODA,46,Valencia,Private,PHEV,UKL2,REST,Standard,3
2023,10,SMART,46,Valencia,Corporate,BEV,,REST,Standard,1
2023,10,SSANGYONG,46,Valencia,Private,ICE,KKL,REST,Standard,1
2023,10,SSANGYONG,46,Valencia,Private,ICE,UKL1,REST,Standard,6
2023,10,SUBARU,46,Valencia,Corporate,ICE,KKL,REST,Standard,2
2023,10,SUBARU,46,Valencia,Private,ICE,UKL2,REST,Standard,2
2023,10,SUZUKI,46,Valencia,Private,ICE,UKL1,REST,Standard,9
2023,10,SUZUKI,46,Valencia,Private,ICE,UKL2,REST,Standard,5
2023,10,TESLA,46,Valencia,Corporate,BEV,KKL,FOCUS SEGMENT,Standard,2
2023,10,TESLA,46,Valencia,Private,BEV,KKL,FOCUS SEGMENT,Standard,34
2023,10,TOYOTA,46,Valencia,Corporate,BEV,SKL,REST,Standard,10
2023,10,TOYOTA,46,Valencia,Corporate,BEV,UKL2,REST,Standard,1
2023,10,TOYOTA,46,Valencia,Corporate,ICE,UKL1,REST,Standard,24
2023,10,TOYOTA,46,Valencia,Corporate,ICE,UKL2,REST,Standard,7
2023,10,TOYOTA,46,Valencia,Corporate,PHEV,UKL2,REST,Standard,1
2023,10,TOYOTA,46,Valencia,Private,ICE,GKL,REST,Standard,1
2023,10,TOYOTA,46,Valencia,Private,ICE,MKL,REST,Standard,2
2023,10,TOYOTA,46,Valencia,Private,ICE,SKL,REST,Standard,2
2023,10,TOYOTA,46,Valencia,Private,ICE,UKL0,REST,Standard,1
2023,10,TOYOTA,46,Valencia,Private,ICE,UKL1,REST,Standard,165
2023,10,TOYOTA,46,Valencia,Private,ICE,UKL2,REST,Standard,50
2023,10,TOYOTA,46,Valencia,RAC,ICE,UKL2,REST,Standard,1
2023,10,VOLKSWAGEN,46,Valencia,Corporate,BEV,UKL2,REST,Standard,2
2023,10,VOLKSWAGEN,46,Valencia,Corporate,ICE,KKL,REST,Standard,1
2023,10,VOLKSWAGEN,46,Valencia,Corporate,ICE,UKL1,REST,Standard,4
2023,10,VOLKSWAGEN,46,Valencia,Corporate,ICE,UKL2,REST,Standard,11
2023,10,VOLKSWAGEN,46,Valencia,Corporate,PHEV,MKL,REST,Standard,2
2023,10,VOLKSWAGEN,46,Valencia,Corporate,PHEV,SKL,REST,Standard,2
2023,10,VOLKSWAGEN,46,Valencia,Corporate,PHEV,UKL2,REST,Standard,4
2023,10,VOLKSWAGEN,46,Valencia,Private,BEV,SKL,REST,Standard,1
2023,10,VOLKSWAGEN,46,Valencia,Private,BEV,UKL2,REST,Standard,3
2023,10,VOLKSWAGEN,46,Valencia,Private,ICE,SKL,REST,Standard,1
2023,10,VOLKSWAGEN,46,Valencia,Private,ICE,UKL1,REST,Standard,38
2023,10,VOLKSWAGEN,46,Valencia,Private,ICE,UKL2,REST,Standard,63
2023,10,VOLKSWAGEN,46,Valencia,Private,PHEV,UKL2,REST,Standard,2
2023,10,VOLKSWAGEN,46,Valencia,RAC,ICE,SKL,REST,Standard,1
2023,10,VOLKSWAGEN,46,Valencia,RAC,ICE,UKL2,REST,Standard,2
2023,10,VOLVO,46,Valencia,Corporate,ICE,KKL,FOCUS SEGMENT,Standard,2
2023,10,VOLVO,46,Valencia,Corporate,ICE,MKL,FOCUS SEGMENT,Standard,2
2023,10,VOLVO,46,Valencia,Corporate,ICE,UKL2,FOCUS SEGMENT,Standard,5
2023,10,VOLVO,46,Valencia,Corporate,PHEV,UKL2,FOCUS SEGMENT,Standard,6
2023,10,VOLVO,46,Valencia,Private,BEV,UKL2,FOCUS SEGMENT,Standard,5
2023,10,VOLVO,46,Valencia,Private,ICE,MKL,FOCUS SEGMENT,Standard,2
2023,10,VOLVO,46,Valencia,Private,ICE,UKL2,FOCUS SEGMENT,Standard,12
2023,10,VOLVO,46,Valencia,Private,PHEV,KKL,FOCUS SEGMENT,Standard,1
2023,10,VOLVO,46,Valencia,Private,PHEV,UKL2,FOCUS SEGMENT,Standard,1
2023,10,ZHIDOU,46,Valencia,Corporate,BEV,,,Standard,1
2023,10,AUDI,47,Valladolid,Corporate,ICE,MKL,FOCUS SEGMENT,Standard,2
2023,10,AUDI,47,Valladolid,Corporate,ICE,UKL2,FOCUS SEGMENT,Standard,3
2023,10,AUDI,47,Valladolid,Corporate,PHEV,MKL,FOCUS SEGMENT,Standard,1
2023,10,AUDI,47,Valladolid,Private,BEV,UKL2,FOCUS SEGMENT,Standard,1
2023,10,AUDI,47,Valladolid,Private,ICE,KKL,FOCUS SEGMENT,Standard,2
2023,10,AUDI,47,Valladolid,Private,ICE,UKL2,FOCUS SEGMENT,Standard,7
2023,10,BMW,47,Valladolid,Corporate,ICE,GKL,FOCUS SEGMENT,Standard,4
2023,10,BMW,47,Valladolid,Corporate,ICE,MKL,FOCUS SEGMENT,Standard,3
2023,10,BMW,47,Valladolid,Private,ICE,UKL2,FOCUS SEGMENT,Standard,4
2023,10,BMW,47,Valladolid,Private,PHEV,UKL2,FOCUS SEGMENT,Standard,1
2023,10,CITROEN,47,Valladolid,Corporate,BEV,SKL,REST,Standard,5
2023,10,CITROEN,47,Valladolid,Private,ICE,UKL1,REST,Standard,1
2023,10,CITROEN,47,Valladolid,Private,ICE,UKL2,REST,Standard,9
2023,10,CUPRA,47,Valladolid,Corporate,ICE,UKL2,REST,Standard,2
2023,10,CUPRA,47,Valladolid,Corporate,PHEV,UKL2,REST,Standard,1
2023,10,CUPRA,47,Valladolid,Private,ICE,UKL2,REST,Standard,5
2023,10,DACIA,47,Valladolid,Corporate,BEV,UKL0,REST,Standard,2
2023,10,DACIA,47,Valladolid,Corporate,ICE,SKL,REST,Standard,1
2023,10,DACIA,47,Valladolid,Corporate,ICE,UKL1,REST,Standard,1
2023,10,DACIA,47,Valladolid,Corporate,ICE,UKL2,REST,Standard,1
2023,10,DACIA,47,Valladolid,Private,ICE,SKL,REST,Standard,5
2023,10,DACIA,47,Valladolid,Private,ICE,UKL1,REST,Standard,17
2023,10,DACIA,47,Valladolid,Private,ICE,UKL2,REST,Standard,9
2023,10,DR,47,Valladolid,Private,ICE,,,Standard,1
2023,10,DR,47,Valladolid,Private,ICE,UKL1,REST,Standard,1
2023,10,FIAT,47,Valladolid,Corporate,ICE,UKL0,REST,Standard,1
2023,10,FORD,47,Valladolid,Private,ICE,MKL,REST,Standard,1
2023,10,FORD,47,Valladolid,Private,ICE,UKL1,REST,Standard,2
2023,10,FORD,47,Valladolid,Private,ICE,UKL2,REST,Standard,3
2023,10,FORD,47,Valladolid,Private,PHEV,UKL2,REST,Standard,1
2023,10,HONDA,47,Valladolid,Corporate,ICE,UKL2,REST,Standard,1
2023,10,HONDA,47,Valladolid,Private,ICE,UKL1,REST,Standard,1
2023,10,HONDA,47,Valladolid,Private,ICE,UKL2,REST,Standard,2
2023,10,HYUNDAI,47,Valladolid,Corporate,ICE,UKL1,REST,Standard,5
2023,10,HYUNDAI,47,Valladolid,Corporate,ICE,UKL2,REST,Standard,2
2023,10,HYUNDAI,47,Valladolid,Corporate,PHEV,UKL2,REST,Standard,1
2023,10,HYUNDAI,47,Valladolid,Private,ICE,UKL0,REST,Standard,1
2023,10,HYUNDAI,47,Valladolid,Private,ICE,UKL1,REST,Standard,11
2023,10,HYUNDAI,47,Valladolid,Private,ICE,UKL2,REST,Standard,11
2023,10,JEEP,47,Valladolid,Private,BEV,UKL1,REST,Standard,1
2023,10,KIA,47,Valladolid,Corporate,BEV,KKL,REST,Standard,1
2023,10,KIA,47,Valladolid,Corporate,BEV,MKL,REST,Standard,1
2023,10,KIA,47,Valladolid,Corporate,PHEV,UKL2,REST,Standard,2
2023,10,KIA,47,Valladolid,Private,BEV,KKL,REST,Standard,4
2023,10,KIA,47,Valladolid,Private,BEV,UKL2,REST,Standard,4
2023,10,KIA,47,Valladolid,Private,ICE,,REST,Standard,1
2023,10,KIA,47,Valladolid,Private,ICE,UKL1,REST,Standard,2
2023,10,KIA,47,Valladolid,Private,ICE,UKL2,REST,Standard,24
2023,10,KIA,47,Valladolid,Private,PHEV,UKL2,REST,Standard,2
2023,10,LAND ROVER,47,Valladolid,Corporate,PHEV,MKL,FOCUS SEGMENT,Standard,1
2023,10,LEXUS,47,Valladolid,Private,ICE,KKL,FOCUS SEGMENT,Standard,3
2023,10,LEXUS,47,Valladolid,Private,ICE,MKL,FOCUS SEGMENT,Standard,1
2023,10,LEXUS,47,Valladolid,Private,ICE,UKL2,FOCUS SEGMENT,Standard,2
2023,10,LYNK & CO,47,Valladolid,Corporate,PHEV,UKL2,REST,Standard,1
2023,10,MASERATI,47,Valladolid,Private,ICE,KKL,FOCUS SEGMENT,Standard,1
2023,10,MAZDA,47,Valladolid,Corporate,ICE,UKL1,REST,Standard,1
2023,10,MAZDA,47,Valladolid,Corporate,PHEV,KKL,REST,Standard,1
2023,10,MAZDA,47,Valladolid,Private,ICE,UKL2,REST,Standard,14
2023,10,MERCEDES,47,Valladolid,Corporate,ICE,KKL,FOCUS SEGMENT,Standard,3
2023,10,MERCEDES,47,Valladolid,Corporate,ICE,MKL,REST,Standard,2
2023,10,MERCEDES,47,Valladolid,Corporate,ICE,UKL2,FOCUS SEGMENT,Standard,4
2023,10,MERCEDES,47,Valladolid,Corporate,PHEV,KKL,FOCUS SEGMENT,Standard,1
2023,10,MERCEDES,47,Valladolid,Private,ICE,KKL,FOCUS SEGMENT,Standard,3
2023,10,MERCEDES,47,Valladolid,Private,ICE,MKL,FOCUS SEGMENT,Standard,1
2023,10,MERCEDES,47,Valladolid,Private,ICE,MKL,REST,Standard,1
2023,10,MERCEDES,47,Valladolid,Private,ICE,UKL2,FOCUS SEGMENT,Standard,1
2023,10,MERCEDES,47,Valladolid,Private,PHEV,UKL2,FOCUS SEGMENT,Standard,1
2023,10,MG,47,Valladolid,Corporate,ICE,UKL1,REST,Standard,3
2023,10,MG,47,Valladolid,Private,BEV,UKL1,REST,Standard,1
2023,10,MG,47,Valladolid,Private,BEV,UKL2,REST,Standard,3
2023,10,MG,47,Valladolid,Private,ICE,KKL,REST,Standard,2
2023,10,MG,47,Valladolid,Private,ICE,UKL1,REST,Standard,19
2023,10,MG,47,Valladolid,Private,PHEV,KKL,REST,Standard,1
2023,10,MINI,47,Valladolid,Private,BEV,UKL1,FOCUS SEGMENT,Standard,1
2023,10,MINI,47,Valladolid,Private,ICE,UKL1,FOCUS SEGMENT,Standard,1
2023,10,MITSUBISHI,47,Valladolid,Corporate,PHEV,UKL2,REST,Standard,1
2023,10,MITSUBISHI,47,Valladolid,Private,ICE,UKL2,REST,Standard,1
2023,10,NISSAN,47,Valladolid,Corporate,BEV,UKL2,REST,Standard,3
2023,10,NISSAN,47,Valladolid,Corporate,ICE,KKL,REST,Standard,1
2023,10,NISSAN,47,Valladolid,Corporate,ICE,UKL1,REST,Standard,1
2023,10,NISSAN,47,Valladolid,Private,BEV,UKL2,REST,Standard,1
2023,10,NISSAN,47,Valladolid,Private,ICE,KKL,REST,Standard,2
2023,10,NISSAN,47,Valladolid,Private,ICE,SKL,REST,Standard,1
2023,10,NISSAN,47,Valladolid,Private,ICE,UKL1,REST,Standard,1
2023,10,NISSAN,47,Valladolid,Private,ICE,UKL2,REST,Standard,6
2023,10,OPEL,47,Valladolid,Corporate,ICE,UKL1,REST,Standard,1
2023,10,OPEL,47,Valladolid,Private,ICE,UKL1,REST,Standard,1
2023,10,OPEL,47,Valladolid,Private,ICE,UKL2,REST,Standard,1
2023,10,OPEL,47,Valladolid,Private,PHEV,UKL2,REST,Standard,1
2023,10,PEUGEOT,47,Valladolid,Corporate,ICE,UKL2,REST,Standard,1
2023,10,PEUGEOT,47,Valladolid,Private,BEV,UKL1,REST,Standard,1
2023,10,PEUGEOT,47,Valladolid,Private,ICE,KKL,REST,Standard,3
2023,10,PEUGEOT,47,Valladolid,Private,ICE,UKL1,REST,Standard,5
2023,10,PEUGEOT,47,Valladolid,Private,ICE,UKL2,REST,Standard,7
2023,10,PEUGEOT,47,Valladolid,Private,PHEV,UKL2,REST,Standard,7
2023,10,PORSCHE,47,Valladolid,Corporate,PHEV,MKL,FOCUS SEGMENT,Standard,1
2023,10,PORSCHE,47,Valladolid,Private,ICE,GKL,FOCUS SEGMENT,M,1
2023,10,RENAULT,47,Valladolid,Corporate,ICE,KKL,REST,Standard,5
2023,10,RENAULT,47,Valladolid,Corporate,ICE,UKL1,REST,Standard,1
2023,10,RENAULT,47,Valladolid,Corporate,ICE,UKL2,REST,Standard,16
2023,10,RENAULT,47,Valladolid,Corporate,PHEV,UKL1,REST,Standard,2
2023,10,RENAULT,47,Valladolid,Private,ICE,KKL,REST,Standard,3
2023,10,RENAULT,47,Valladolid,Private,ICE,UKL1,REST,Standard,19
2023,10,RENAULT,47,Valladolid,Private,ICE,UKL2,REST,Standard,13
2023,10,RENAULT,47,Valladolid,Private,PHEV,UKL1,REST,Standard,1
2023,10,SEAT,47,Valladolid,Corporate,ICE,UKL2,REST,Standard,1
2023,10,SEAT,47,Valladolid,Corporate,PHEV,KKL,REST,Standard,1
2023,10,SEAT,47,Valladolid,Corporate,PHEV,UKL2,REST,Standard,1
2023,10,SEAT,47,Valladolid,Private,ICE,UKL1,REST,Standard,10
2023,10,SEAT,47,Valladolid,Private,ICE,UKL2,REST,Standard,5
2023,10,SKODA,47,Valladolid,Corporate,ICE,KKL,REST,Standard,1
2023,10,SKODA,47,Valladolid,Corporate,ICE,UKL1,REST,Standard,2
2023,10,SKODA,47,Valladolid,Corporate,ICE,UKL2,REST,Standard,1
2023,10,SKODA,47,Valladolid,Private,ICE,KKL,REST,Standard,3
2023,10,SKODA,47,Valladolid,Private,ICE,UKL1,REST,Standard,5
2023,10,SKODA,47,Valladolid,Private,ICE,UKL2,REST,Standard,6
2023,10,SSANGYONG,47,Valladolid,Private,ICE,UKL1,REST,Standard,1
2023,10,SUZUKI,47,Valladolid,Private,ICE,UKL0,REST,Standard,1
2023,10,SUZUKI,47,Valladolid,Private,ICE,UKL1,REST,Standard,2
2023,10,SUZUKI,47,Valladolid,Private,ICE,UKL2,REST,Standard,3
2023,10,TESLA,47,Valladolid,Corporate,BEV,KKL,FOCUS SEGMENT,Standard,1
2023,10,TESLA,47,Valladolid,Private,BEV,KKL,FOCUS SEGMENT,Standard,1
2023,10,TOYOTA,47,Valladolid,Corporate,ICE,UKL0,REST,Standard,1
2023,10,TOYOTA,47,Valladolid,Corporate,ICE,UKL1,REST,Standard,3
2023,10,TOYOTA,47,Valladolid,Corporate,ICE,UKL2,REST,Standard,3
2023,10,TOYOTA,47,Valladolid,Private,ICE,SKL,REST,Standard,1
2023,10,TOYOTA,47,Valladolid,Private,ICE,UKL1,REST,Standard,21
2023,10,TOYOTA,47,Valladolid,Private,ICE,UKL2,REST,Standard,27
2023,10,VOLKSWAGEN,47,Valladolid,Corporate,ICE,UKL1,REST,Standard,1
2023,10,VOLKSWAGEN,47,Valladolid,Private,BEV,SKL,REST,Standard,1
2023,10,VOLKSWAGEN,47,Valladolid,Private,BEV,UKL2,REST,Standard,1
2023,10,VOLKSWAGEN,47,Valladolid,Private,ICE,UKL1,REST,Standard,3
2023,10,VOLKSWAGEN,47,Valladolid,Private,ICE,UKL2,REST,Standard,4
2023,10,VOLKSWAGEN,47,Valladolid,Private,PHEV,UKL2,REST,Standard,1
2023,10,VOLVO,47,Valladolid,Corporate,ICE,UKL2,FOCUS SEGMENT,Standard,3
2023,10,VOLVO,47,Valladolid,Corporate,PHEV,KKL,FOCUS SEGMENT,Standard,1
2023,10,VOLVO,47,Valladolid,Private,ICE,UKL2,FOCUS SEGMENT,Standard,1
2023,10,ALFA ROMEO,48,Bizkaia,Corporate,ICE,UKL2,REST,Standard,1
2023,10,AUDI,48,Bizkaia,Corporate,BEV,UKL2,FOCUS SEGMENT,Standard,1
2023,10,AUDI,48,Bizkaia,Corporate,ICE,KKL,FOCUS SEGMENT,Standard,5
2023,10,AUDI,48,Bizkaia,Corporate,ICE,MKL,FOCUS SEGMENT,M,1
2023,10,AUDI,48,Bizkaia,Corporate,ICE,UKL1,FOCUS SEGMENT,Standard,10
2023,10,AUDI,48,Bizkaia,Corporate,ICE,UKL2,FOCUS SEGMENT,M Performance,1
2023,10,AUDI,48,Bizkaia,Corporate,ICE,UKL2,FOCUS SEGMENT,Standard,2
2023,10,AUDI,48,Bizkaia,Corporate,PHEV,KKL,FOCUS SEGMENT,Standard,1
2023,10,AUDI,48,Bizkaia,Corporate,PHEV,UKL2,FOCUS SEGMENT,Standard,2
2023,10,AUDI,48,Bizkaia,Private,BEV,UKL2,FOCUS SEGMENT,Standard,3
2023,10,AUDI,48,Bizkaia,Private,ICE,KKL,FOCUS SEGMENT,Standard,4
2023,10,AUDI,48,Bizkaia,Private,ICE,UKL1,FOCUS SEGMENT,Standard,1
2023,10,AUDI,48,Bizkaia,Private,ICE,UKL2,FOCUS SEGMENT,Standard,9
2023,10,AUDI,48,Bizkaia,Private,PHEV,UKL2,FOCUS SEGMENT,Standard,3
2023,10,BMW,48,Bizkaia,Corporate,BEV,KKL,FOCUS SEGMENT,Standard,1
2023,10,BMW,48,Bizkaia,Corporate,ICE,KKL,FOCUS SEGMENT,M Performance,1
2023,10,BMW,48,Bizkaia,Corporate,ICE,KKL,FOCUS SEGMENT,Standard,2
2023,10,BMW,48,Bizkaia,Corporate,ICE,MKL,FOCUS SEGMENT,Standard,2
2023,10,BMW,48,Bizkaia,Private,BEV,KKL,FOCUS SEGMENT,Standard,1
2023,10,BMW,48,Bizkaia,Private,ICE,KKL,FOCUS SEGMENT,Standard,4
2023,10,BMW,48,Bizkaia,Private,ICE,MKL,FOCUS SEGMENT,Standard,1
2023,10,BMW,48,Bizkaia,Private,ICE,UKL2,FOCUS SEGMENT,Standard,13
2023,10,BMW,48,Bizkaia,Private,PHEV,UKL2,FOCUS SEGMENT,Standard,3
2023,10,CITROEN,48,Bizkaia,Corporate,ICE,UKL1,REST,Standard,12
2023,10,CITROEN,48,Bizkaia,Corporate,ICE,UKL2,REST,Standard,9
2023,10,CITROEN,48,Bizkaia,Private,BEV,SKL,REST,Standard,1
2023,10,CITROEN,48,Bizkaia,Private,ICE,MKL,REST,Standard,1
2023,10,CITROEN,48,Bizkaia,Private,ICE,UKL1,REST,Standard,10
2023,10,CITROEN,48,Bizkaia,Private,ICE,UKL2,REST,Standard,14
2023,10,CUPRA,48,Bizkaia,Corporate,ICE,UKL2,REST,Standard,10
2023,10,CUPRA,48,Bizkaia,Private,ICE,UKL2,REST,Standard,4
2023,10,CUPRA,48,Bizkaia,Private,PHEV,UKL2,REST,Standard,3
2023,10,DACIA,48,Bizkaia,Corporate,ICE,SKL,REST,Standard,8
2023,10,DACIA,48,Bizkaia,Corporate,ICE,UKL1,REST,Standard,35
2023,10,DACIA,48,Bizkaia,Corporate,ICE,UKL2,REST,Standard,3
2023,10,DACIA,48,Bizkaia,Private,BEV,UKL0,REST,Standard,2
2023,10,DACIA,48,Bizkaia,Private,ICE,SKL,REST,Standard,16
2023,10,DACIA,48,Bizkaia,Private,ICE,UKL1,REST,Standard,49
2023,10,DACIA,48,Bizkaia,Private,ICE,UKL2,REST,Standard,20
2023,10,DS,48,Bizkaia,Corporate,PHEV,UKL2,REST,Standard,1
2023,10,DS,48,Bizkaia,Private,ICE,UKL2,REST,Standard,1
2023,10,DS,48,Bizkaia,Private,PHEV,UKL2,REST,Standard,3
2023,10,DS,48,Bizkaia,RAC,PHEV,UKL2,REST,Standard,1
2023,10,FIAT,48,Bizkaia,Private,ICE,UKL0,REST,Standard,5
2023,10,FORD,48,Bizkaia,Corporate,ICE,SKL,REST,Standard,3
2023,10,FORD,48,Bizkaia,Corporate,ICE,UKL1,REST,Standard,1
2023,10,FORD,48,Bizkaia,Corporate,ICE,UKL2,REST,Standard,1
2023,10,FORD,48,Bizkaia,Private,BEV,KKL,REST,Standard,1
2023,10,FORD,48,Bizkaia,Private,ICE,SKL,REST,Standard,4
2023,10,FORD,48,Bizkaia,Private,ICE,UKL1,REST,Standard,2
2023,10,FORD,48,Bizkaia,Private,ICE,UKL2,REST,Standard,12
2023,10,HONDA,48,Bizkaia,Corporate,ICE,KKL,REST,Standard,1
2023,10,HONDA,48,Bizkaia,Corporate,ICE,UKL2,REST,Standard,1
2023,10,HONDA,48,Bizkaia,Corporate,PHEV,KKL,REST,Standard,1
2023,10,HONDA,48,Bizkaia,Private,ICE,UKL1,REST,Standard,3
2023,10,HONDA,48,Bizkaia,Private,ICE,UKL2,REST,Standard,1
2023,10,HONDA,48,Bizkaia,Private,PHEV,KKL,REST,Standard,1
2023,10,HYUNDAI,48,Bizkaia,Corporate,BEV,UKL1,REST,Standard,1
2023,10,HYUNDAI,48,Bizkaia,Corporate,BEV,UKL2,REST,Standard,1
2023,10,HYUNDAI,48,Bizkaia,Corporate,ICE,UKL0,REST,Standard,2
2023,10,HYUNDAI,48,Bizkaia,Corporate,ICE,UKL1,REST,Standard,11
2023,10,HYUNDAI,48,Bizkaia,Corporate,ICE,UKL2,REST,Standard,17
2023,10,HYUNDAI,48,Bizkaia,Corporate,PHEV,UKL2,REST,Standard,2
2023,10,HYUNDAI,48,Bizkaia,Private,ICE,UKL0,REST,Standard,3
2023,10,HYUNDAI,48,Bizkaia,Private,ICE,UKL1,REST,Standard,34
2023,10,HYUNDAI,48,Bizkaia,Private,ICE,UKL2,REST,Standard,24
2023,10,JEEP,48,Bizkaia,Corporate,ICE,UKL1,REST,Standard,1
2023,10,JEEP,48,Bizkaia,Corporate,ICE,UKL2,REST,Standard,1
2023,10,JEEP,48,Bizkaia,Corporate,PHEV,UKL2,REST,Standard,1
2023,10,JEEP,48,Bizkaia,Private,ICE,UKL1,REST,Standard,4
2023,10,JEEP,48,Bizkaia,Private,PHEV,UKL2,REST,Standard,1
2023,10,KIA,48,Bizkaia,Corporate,ICE,,REST,Standard,1
2023,10,KIA,48,Bizkaia,Corporate,ICE,UKL0,REST,Standard,1
2023,10,KIA,48,Bizkaia,Corporate,ICE,UKL1,REST,Standard,2
2023,10,KIA,48,Bizkaia,Corporate,ICE,UKL2,REST,Standard,13
2023,10,KIA,48,Bizkaia,Corporate,PHEV,UKL2,REST,Standard,4
2023,10,KIA,48,Bizkaia,Private,BEV,UKL2,REST,Standard,9
2023,10,KIA,48,Bizkaia,Private,ICE,,,Standard,2
2023,10,KIA,48,Bizkaia,Private,ICE,KKL,REST,Standard,2
2023,10,KIA,48,Bizkaia,Private,ICE,UKL1,REST,Standard,6
2023,10,KIA,48,Bizkaia,Private,ICE,UKL2,REST,Standard,44
2023,10,KIA,48,Bizkaia,Private,PHEV,UKL2,REST,Standard,6
2023,10,LAND ROVER,48,Bizkaia,Private,ICE,GKL,FOCUS SEGMENT,Standard,1
2023,10,LEXUS,48,Bizkaia,Corporate,ICE,KKL,FOCUS SEGMENT,Standard,1
2023,10,LEXUS,48,Bizkaia,Corporate,ICE,MKL,FOCUS SEGMENT,Standard,2
2023,10,LEXUS,48,Bizkaia,Private,ICE,KKL,FOCUS SEGMENT,Standard,5
2023,10,LEXUS,48,Bizkaia,Private,ICE,MKL,FOCUS SEGMENT,Standard,1
2023,10,LEXUS,48,Bizkaia,Private,ICE,UKL2,FOCUS SEGMENT,Standard,1
2023,10,MAZDA,48,Bizkaia,Corporate,ICE,KKL,REST,Standard,1
2023,10,MAZDA,48,Bizkaia,Corporate,ICE,UKL2,REST,Standard,3
2023,10,MAZDA,48,Bizkaia,Private,ICE,KKL,REST,Standard,1
2023,10,MAZDA,48,Bizkaia,Private,ICE,UKL1,REST,Standard,1
2023,10,MAZDA,48,Bizkaia,Private,ICE,UKL2,REST,Standard,26
2023,10,MAZDA,48,Bizkaia,Private,PHEV,KKL,REST,Standard,1
2023,10,MERCEDES,48,Bizkaia,Corporate,BEV,MKL,FOCUS SEGMENT,Standard,4
2023,10,MERCEDES,48,Bizkaia,Corporate,BEV,SKL,REST,Standard,1
2023,10,MERCEDES,48,Bizkaia,Corporate,BEV,UKL2,FOCUS SEGMENT,Standard,2
2023,10,MERCEDES,48,Bizkaia,Corporate,ICE,GKL,FOCUS SEGMENT,Standard,1
2023,10,MERCEDES,48,Bizkaia,Corporate,ICE,KKL,FOCUS SEGMENT,Standard,8
2023,10,MERCEDES,48,Bizkaia,Corporate,ICE,MKL,FOCUS SEGMENT,M Performance,1
2023,10,MERCEDES,48,Bizkaia,Corporate,ICE,MKL,FOCUS SEGMENT,Standard,2
2023,10,MERCEDES,48,Bizkaia,Corporate,ICE,UKL2,FOCUS SEGMENT,Standard,14
2023,10,MERCEDES,48,Bizkaia,Corporate,PHEV,KKL,FOCUS SEGMENT,Standard,1
2023,10,MERCEDES,48,Bizkaia,Corporate,PHEV,UKL2,FOCUS SEGMENT,Standard,10
2023,10,MERCEDES,48,Bizkaia,Private,BEV,UKL2,FOCUS SEGMENT,Standard,2
2023,10,MERCEDES,48,Bizkaia,Private,ICE,KKL,FOCUS SEGMENT,Standard,9
2023,10,MERCEDES,48,Bizkaia,Private,ICE,MKL,FOCUS SEGMENT,M Performance,1
2023,10,MERCEDES,48,Bizkaia,Private,ICE,MKL,REST,Standard,1
2023,10,MERCEDES,48,Bizkaia,Private,ICE,SKL,REST,Standard,1
2023,10,MERCEDES,48,Bizkaia,Private,ICE,UKL2,FOCUS SEGMENT,Standard,21
2023,10,MERCEDES,48,Bizkaia,Private,PHEV,KKL,FOCUS SEGMENT,Standard,1
2023,10,MERCEDES,48,Bizkaia,Private,PHEV,UKL2,FOCUS SEGMENT,Standard,3
2023,10,MERCEDES,48,Bizkaia,RAC,ICE,MKL,REST,Standard,3
2023,10,MG,48,Bizkaia,Corporate,BEV,UKL2,REST,Standard,1
2023,10,MG,48,Bizkaia,Corporate,ICE,KKL,REST,Standard,5
2023,10,MG,48,Bizkaia,Corporate,ICE,UKL1,REST,Standard,3
2023,10,MG,48,Bizkaia,Corporate,PHEV,KKL,REST,Standard,1
2023,10,MG,48,Bizkaia,Private,BEV,UKL1,REST,Standard,2
2023,10,MG,48,Bizkaia,Private,BEV,UKL2,REST,Standard,7
2023,10,MG,48,Bizkaia,Private,ICE,KKL,REST,Standard,4
2023,10,MG,48,Bizkaia,Private,ICE,UKL1,REST,Standard,46
2023,10,MG,48,Bizkaia,Private,PHEV,KKL,REST,Standard,4
2023,10,MINI,48,Bizkaia,Corporate,ICE,UKL2,FOCUS SEGMENT,Standard,1
2023,10,MINI,48,Bizkaia,Corporate,PHEV,UKL2,FOCUS SEGMENT,Standard,2
2023,10,MINI,48,Bizkaia,Private,ICE,UKL1,FOCUS SEGMENT,Standard,5
2023,10,MINI,48,Bizkaia,Private,ICE,UKL2,FOCUS SEGMENT,Standard,2
2023,10,MITSUBISHI,48,Bizkaia,Private,ICE,UKL1,REST,Standard,1
2023,10,MITSUBISHI,48,Bizkaia,Private,PHEV,UKL2,REST,Standard,2
2023,10,NISSAN,48,Bizkaia,Corporate,ICE,KKL,REST,Standard,2
2023,10,NISSAN,48,Bizkaia,Corporate,ICE,SKL,REST,Standard,2
2023,10,NISSAN,48,Bizkaia,Corporate,ICE,UKL2,REST,Standard,2
2023,10,NISSAN,48,Bizkaia,Private,ICE,KKL,REST,Standard,4
2023,10,NISSAN,48,Bizkaia,Private,ICE,SKL,REST,Standard,2
2023,10,NISSAN,48,Bizkaia,Private,ICE,UKL1,REST,Standard,3
2023,10,NISSAN,48,Bizkaia,Private,ICE,UKL2,REST,Standard,11
2023,10,OPEL,48,Bizkaia,Corporate,BEV,UKL2,REST,Standard,1
2023,10,OPEL,48,Bizkaia,Corporate,ICE,UKL1,REST,Standard,2
2023,10,OPEL,48,Bizkaia,Corporate,ICE,UKL2,REST,Standard,1
2023,10,OPEL,48,Bizkaia,Private,ICE,UKL1,REST,Standard,18
2023,10,OPEL,48,Bizkaia,Private,ICE,UKL2,REST,Standard,8
2023,10,PEUGEOT,48,Bizkaia,Corporate,BEV,UKL1,REST,Standard,1
2023,10,PEUGEOT,48,Bizkaia,Corporate,ICE,KKL,REST,Standard,1
2023,10,PEUGEOT,48,Bizkaia,Corporate,ICE,UKL1,REST,Standard,12
2023,10,PEUGEOT,48,Bizkaia,Corporate,ICE,UKL2,REST,Standard,30
2023,10,PEUGEOT,48,Bizkaia,Corporate,PHEV,KKL,REST,Standard,1
2023,10,PEUGEOT,48,Bizkaia,Private,ICE,KKL,REST,Standard,1
2023,10,PEUGEOT,48,Bizkaia,Private,ICE,UKL1,REST,Standard,8
2023,10,PEUGEOT,48,Bizkaia,Private,ICE,UKL2,REST,Standard,6
2023,10,PEUGEOT,48,Bizkaia,Private,PHEV,UKL2,REST,Standard,9
2023,10,PORSCHE,48,Bizkaia,Corporate,ICE,GKL,FOCUS SEGMENT,M,1
2023,10,PORSCHE,48,Bizkaia,Corporate,ICE,KKL,FOCUS SEGMENT,Standard,1
2023,10,PORSCHE,48,Bizkaia,Corporate,PHEV,GKL,FOCUS SEGMENT,Standard,1
2023,10,PORSCHE,48,Bizkaia,Corporate,PHEV,MKL,FOCUS SEGMENT,Standard,5
2023,10,PORSCHE,48,Bizkaia,Private,PHEV,GKL,FOCUS SEGMENT,Standard,2
2023,10,PORSCHE,48,Bizkaia,Private,PHEV,MKL,FOCUS SEGMENT,Standard,1
2023,10,RENAULT,48,Bizkaia,Corporate,BEV,UKL1,REST,Standard,3
2023,10,RENAULT,48,Bizkaia,Corporate,BEV,UKL2,REST,Standard,5
2023,10,RENAULT,48,Bizkaia,Corporate,ICE,KKL,REST,Standard,3
2023,10,RENAULT,48,Bizkaia,Corporate,ICE,UKL1,REST,Standard,4
2023,10,RENAULT,48,Bizkaia,Corporate,ICE,UKL2,REST,Standard,11
2023,10,RENAULT,48,Bizkaia,Corporate,PHEV,UKL2,REST,Standard,1
2023,10,RENAULT,48,Bizkaia,Private,ICE,KKL,REST,Standard,4
2023,10,RENAULT,48,Bizkaia,Private,ICE,SKL,REST,Standard,4
2023,10,RENAULT,48,Bizkaia,Private,ICE,UKL1,REST,Standard,20
2023,10,RENAULT,48,Bizkaia,Private,ICE,UKL2,REST,Standard,27
2023,10,SEAT,48,Bizkaia,Corporate,ICE,UKL1,REST,Standard,4
2023,10,SEAT,48,Bizkaia,Corporate,ICE,UKL2,REST,Standard,11
2023,10,SEAT,48,Bizkaia,Corporate,PHEV,UKL2,REST,Standard,3
2023,10,SEAT,48,Bizkaia,Private,ICE,KKL,REST,Standard,2
2023,10,SEAT,48,Bizkaia,Private,ICE,UKL1,REST,Standard,17
2023,10,SEAT,48,Bizkaia,Private,ICE,UKL2,REST,Standard,15
2023,10,SEAT,48,Bizkaia,RAC,ICE,UKL2,REST,Standard,2
2023,10,SKODA,48,Bizkaia,Corporate,ICE,KKL,REST,Standard,1
2023,10,SKODA,48,Bizkaia,Corporate,ICE,UKL1,REST,Standard,2
2023,10,SKODA,48,Bizkaia,Corporate,ICE,UKL2,REST,Standard,3
2023,10,SKODA,48,Bizkaia,Corporate,PHEV,UKL2,REST,Standard,1
2023,10,SKODA,48,Bizkaia,Private,BEV,UKL2,REST,Standard,1
2023,10,SKODA,48,Bizkaia,Private,ICE,KKL,REST,Standard,3
2023,10,SKODA,48,Bizkaia,Private,ICE,UKL1,REST,Standard,16
2023,10,SKODA,48,Bizkaia,Private,ICE,UKL2,REST,Standard,15
2023,10,SMART,48,Bizkaia,Corporate,BEV,UKL1,FOCUS SEGMENT,Standard,1
2023,10,SSANGYONG,48,Bizkaia,Private,ICE,KKL,REST,Standard,1
2023,10,SSANGYONG,48,Bizkaia,Private,ICE,UKL1,REST,Standard,2
2023,10,SUBARU,48,Bizkaia,Private,ICE,KKL,REST,Standard,2
2023,10,SUBARU,48,Bizkaia,Private,ICE,UKL2,REST,Standard,1
2023,10,SUZUKI,48,Bizkaia,Corporate,ICE,SKL,REST,Standard,1
2023,10,SUZUKI,48,Bizkaia,Private,ICE,UKL0,REST,Standard,1
2023,10,SUZUKI,48,Bizkaia,Private,ICE,UKL1,REST,Standard,2
2023,10,SUZUKI,48,Bizkaia,Private,ICE,UKL2,REST,Standard,1
2023,10,TESLA,48,Bizkaia,Corporate,BEV,KKL,FOCUS SEGMENT,Standard,1
2023,10,TESLA,48,Bizkaia,Private,BEV,KKL,FOCUS SEGMENT,Standard,6
2023,10,TOYOTA,48,Bizkaia,Corporate,ICE,GKL,REST,Standard,1
2023,10,TOYOTA,48,Bizkaia,Corporate,ICE,UKL1,REST,Standard,8
2023,10,TOYOTA,48,Bizkaia,Corporate,ICE,UKL2,REST,Standard,3
2023,10,TOYOTA,48,Bizkaia,Corporate,PHEV,UKL2,REST,Standard,1
2023,10,TOYOTA,48,Bizkaia,Private,ICE,GKL,REST,Standard,1
2023,10,TOYOTA,48,Bizkaia,Private,ICE,MKL,REST,Standard,1
2023,10,TOYOTA,48,Bizkaia,Private,ICE,SKL,REST,Standard,4
2023,10,TOYOTA,48,Bizkaia,Private,ICE,UKL0,REST,Standard,1
2023,10,TOYOTA,48,Bizkaia,Private,ICE,UKL1,REST,Standard,37
2023,10,TOYOTA,48,Bizkaia,Private,ICE,UKL2,REST,Standard,29
2023,10,TOYOTA,48,Bizkaia,Private,PHEV,UKL2,REST,Standard,1
2023,10,VOLKSWAGEN,48,Bizkaia,Corporate,ICE,UKL2,REST,Standard,4
2023,10,VOLKSWAGEN,48,Bizkaia,Private,ICE,KKL,REST,Standard,2
2023,10,VOLKSWAGEN,48,Bizkaia,Private,ICE,SKL,REST,Standard,1
2023,10,VOLKSWAGEN,48,Bizkaia,Private,ICE,UKL1,REST,Standard,3
2023,10,VOLKSWAGEN,48,Bizkaia,Private,ICE,UKL2,REST,Standard,14
2023,10,VOLKSWAGEN,48,Bizkaia,Private,PHEV,UKL2,REST,Standard,3
2023,10,VOLVO,48,Bizkaia,Corporate,BEV,UKL2,FOCUS SEGMENT,Standard,1
2023,10,VOLVO,48,Bizkaia,Corporate,ICE,KKL,FOCUS SEGMENT,Standard,9
2023,10,VOLVO,48,Bizkaia,Corporate,ICE,UKL2,FOCUS SEGMENT,Standard,1
2023,10,VOLVO,48,Bizkaia,Corporate,PHEV,KKL,FOCUS SEGMENT,Standard,1
2023,10,VOLVO,48,Bizkaia,Corporate,PHEV,UKL2,FOCUS SEGMENT,Standard,11
2023,10,VOLVO,48,Bizkaia,Private,BEV,UKL2,FOCUS SEGMENT,Standard,1
2023,10,VOLVO,48,Bizkaia,Private,ICE,KKL,FOCUS SEGMENT,Standard,1
2023,10,VOLVO,48,Bizkaia,Private,PHEV,UKL2,FOCUS SEGMENT,Standard,1
2023,10,AUDI,49,Zamora,Corporate,ICE,UKL2,FOCUS SEGMENT,Standard,2
2023,10,AUDI,49,Zamora,Private,ICE,KKL,FOCUS SEGMENT,Standard,1
2023,10,AUDI,49,Zamora,Private,ICE,UKL1,FOCUS SEGMENT,Standard,2
2023,10,AUDI,49,Zamora,Private,ICE,UKL2,FOCUS SEGMENT,Standard,1
2023,10,BMW,49,Zamora,Corporate,ICE,KKL,FOCUS SEGMENT,Standard,2
2023,10,BMW,49,Zamora,Corporate,ICE,UKL2,FOCUS SEGMENT,Standard,1
2023,10,BMW,49,Zamora,Private,BEV,KKL,FOCUS SEGMENT,Standard,1
2023,10,BMW,49,Zamora,Private,ICE,KKL,FOCUS SEGMENT,Standard,1
2023,10,BMW,49,Zamora,Private,ICE,UKL2,FOCUS SEGMENT,Standard,1
2023,10,CITROEN,49,Zamora,Corporate,ICE,UKL2,REST,Standard,1
2023,10,CITROEN,49,Zamora,Private,ICE,UKL1,REST,Standard,1
2023,10,CITROEN,49,Zamora,Private,ICE,UKL2,REST,Standard,6
2023,10,CUPRA,49,Zamora,Private,ICE,UKL2,REST,Standard,1
2023,10,CUPRA,49,Zamora,Private,PHEV,UKL2,REST,Standard,1
2023,10,DACIA,49,Zamora,Private,ICE,SKL,REST,Standard,5
2023,10,DACIA,49,Zamora,Private,ICE,UKL1,REST,Standard,4
2023,10,FORD,49,Zamora,Private,ICE,SKL,REST,Standard,1
2023,10,HYUNDAI,49,Zamora,Corporate,ICE,UKL2,REST,Standard,1
2023,10,HYUNDAI,49,Zamora,Corporate,PHEV,UKL2,REST,Standard,1
2023,10,HYUNDAI,49,Zamora,Private,ICE,UKL0,REST,Standard,2
2023,10,HYUNDAI,49,Zamora,Private,ICE,UKL1,REST,Standard,7
2023,10,HYUNDAI,49,Zamora,Private,ICE,UKL2,REST,Standard,7
2023,10,KIA,49,Zamora,Corporate,BEV,MKL,REST,Standard,1
2023,10,KIA,49,Zamora,Corporate,PHEV,UKL2,REST,Standard,3
2023,10,KIA,49,Zamora,Private,BEV,KKL,REST,Standard,1
2023,10,KIA,49,Zamora,Private,ICE,UKL1,REST,Standard,1
2023,10,KIA,49,Zamora,Private,ICE,UKL2,REST,Standard,6
2023,10,LEXUS,49,Zamora,Private,ICE,MKL,FOCUS SEGMENT,Standard,1
2023,10,MAZDA,49,Zamora,Corporate,ICE,KKL,REST,Standard,1
2023,10,MAZDA,49,Zamora,Corporate,ICE,UKL2,REST,Standard,1
2023,10,MAZDA,49,Zamora,Private,ICE,UKL1,REST,Standard,1
2023,10,MAZDA,49,Zamora,Private,ICE,UKL2,REST,Standard,3
2023,10,MERCEDES,49,Zamora,Corporate,BEV,UKL2,FOCUS SEGMENT,Standard,1
2023,10,MERCEDES,49,Zamora,Corporate,ICE,KKL,FOCUS SEGMENT,Standard,1
2023,10,MERCEDES,49,Zamora,Corporate,ICE,MKL,FOCUS SEGMENT,Standard,3
2023,10,MERCEDES,49,Zamora,Corporate,ICE,UKL2,FOCUS SEGMENT,Standard,2
2023,10,MERCEDES,49,Zamora,Private,ICE,SKL,REST,Standard,2
2023,10,MERCEDES,49,Zamora,Private,ICE,UKL2,FOCUS SEGMENT,Standard,2
2023,10,MERCEDES,49,Zamora,Private,PHEV,UKL2,FOCUS SEGMENT,Standard,1
2023,10,MG,49,Zamora,Corporate,ICE,UKL1,REST,Standard,1
2023,10,MG,49,Zamora,Private,BEV,UKL2,REST,Standard,2
2023,10,NISSAN,49,Zamora,Corporate,ICE,KKL,REST,Standard,1
2023,10,NISSAN,49,Zamora,Corporate,ICE,UKL1,REST,Standard,2
2023,10,NISSAN,49,Zamora,Private,ICE,UKL2,REST,Standard,1
2023,10,OPEL,49,Zamora,Private,ICE,UKL2,REST,Standard,1
2023,10,PEUGEOT,49,Zamora,Corporate,PHEV,UKL2,REST,Standard,1
2023,10,PEUGEOT,49,Zamora,Private,ICE,UKL1,REST,Standard,1
2023,10,PEUGEOT,49,Zamora,Private,ICE,UKL2,REST,Standard,1
2023,10,RENAULT,49,Zamora,Corporate,BEV,UKL1,REST,Standard,1
2023,10,RENAULT,49,Zamora,Corporate,ICE,UKL1,REST,Standard,2
2023,10,RENAULT,49,Zamora,Corporate,ICE,UKL2,REST,Standard,2
2023,10,RENAULT,49,Zamora,Private,ICE,UKL1,REST,Standard,7
2023,10,RENAULT,49,Zamora,Private,ICE,UKL2,REST,Standard,5
2023,10,SEAT,49,Zamora,Private,ICE,UKL1,REST,Standard,5
2023,10,SEAT,49,Zamora,Private,ICE,UKL2,REST,Standard,6
2023,10,SKODA,49,Zamora,Private,ICE,UKL1,REST,Standard,2
2023,10,TOYOTA,49,Zamora,Corporate,ICE,GKL,REST,Standard,1
2023,10,TOYOTA,49,Zamora,Corporate,ICE,UKL1,REST,Standard,2
2023,10,TOYOTA,49,Zamora,Corporate,ICE,UKL2,REST,Standard,1
2023,10,TOYOTA,49,Zamora,Private,ICE,MKL,REST,Standard,1
2023,10,TOYOTA,49,Zamora,Private,ICE,UKL1,REST,Standard,5
2023,10,VOLKSWAGEN,49,Zamora,Private,ICE,UKL1,REST,Standard,1
2023,10,VOLVO,49,Zamora,Corporate,BEV,UKL2,FOCUS SEGMENT,Standard,1
2023,10,VOLVO,49,Zamora,Corporate,ICE,KKL,FOCUS SEGMENT,Standard,1
2023,10,ALFA ROMEO,50,Zaragoza,Corporate,ICE,UKL2,REST,Standard,21
2023,10,ALFA ROMEO,50,Zaragoza,RAC,ICE,KKL,REST,Standard,10
2023,10,AUDI,50,Zaragoza,Corporate,BEV,UKL2,FOCUS SEGMENT,Standard,1
2023,10,AUDI,50,Zaragoza,Corporate,ICE,UKL1,FOCUS SEGMENT,Standard,7
2023,10,AUDI,50,Zaragoza,Corporate,ICE,UKL2,FOCUS SEGMENT,Standard,18
2023,10,AUDI,50,Zaragoza,Corporate,PHEV,MKL,FOCUS SEGMENT,Standard,1
2023,10,AUDI,50,Zaragoza,Private,ICE,KKL,FOCUS SEGMENT,Standard,3
2023,10,AUDI,50,Zaragoza,Private,ICE,UKL1,FOCUS SEGMENT,Standard,2
2023,10,AUDI,50,Zaragoza,Private,ICE,UKL2,FOCUS SEGMENT,Standard,7
2023,10,AUDI,50,Zaragoza,Private,PHEV,KKL,FOCUS SEGMENT,Standard,1
2023,10,BMW,50,Zaragoza,Corporate,BEV,MKL,FOCUS SEGMENT,Standard,1
2023,10,BMW,50,Zaragoza,Corporate,ICE,KKL,FOCUS SEGMENT,M Performance,1
2023,10,BMW,50,Zaragoza,Corporate,ICE,KKL,FOCUS SEGMENT,Standard,3
2023,10,BMW,50,Zaragoza,Corporate,ICE,MKL,FOCUS SEGMENT,Standard,1
2023,10,BMW,50,Zaragoza,Corporate,ICE,UKL2,FOCUS SEGMENT,Standard,5
2023,10,BMW,50,Zaragoza,Private,BEV,UKL2,FOCUS SEGMENT,Standard,1
2023,10,BMW,50,Zaragoza,Private,ICE,KKL,FOCUS SEGMENT,Standard,4
2023,10,BMW,50,Zaragoza,Private,ICE,MKL,FOCUS SEGMENT,Standard,1
2023,10,BMW,50,Zaragoza,Private,ICE,UKL2,FOCUS SEGMENT,Standard,10
2023,10,BMW,50,Zaragoza,Private,PHEV,KKL,FOCUS SEGMENT,Standard,1
2023,10,BYD,50,Zaragoza,Private,BEV,UKL2,REST,Standard,1
2023,10,CITROEN,50,Zaragoza,Corporate,ICE,UKL1,REST,Standard,3
2023,10,CITROEN,50,Zaragoza,Corporate,ICE,UKL2,REST,Standard,8
2023,10,CITROEN,50,Zaragoza,Corporate,PHEV,MKL,REST,Standard,2
2023,10,CITROEN,50,Zaragoza,Private,BEV,SKL,REST,Standard,1
2023,10,CITROEN,50,Zaragoza,Private,BEV,UKL2,REST,Standard,1
2023,10,CITROEN,50,Zaragoza,Private,ICE,MKL,REST,Standard,4
2023,10,CITROEN,50,Zaragoza,Private,ICE,UKL1,REST,Standard,3
2023,10,CITROEN,50,Zaragoza,Private,ICE,UKL2,REST,Standard,39
2023,10,CITROEN,50,Zaragoza,Private,PHEV,UKL2,REST,Standard,1
2023,10,CUPRA,50,Zaragoza,Corporate,ICE,UKL2,REST,Standard,7
2023,10,CUPRA,50,Zaragoza,Private,BEV,UKL2,REST,Standard,1
2023,10,CUPRA,50,Zaragoza,Private,ICE,UKL2,REST,Standard,8
2023,10,CUPRA,50,Zaragoza,Private,PHEV,UKL2,REST,Standard,3
2023,10,DACIA,50,Zaragoza,Corporate,BEV,UKL0,REST,Standard,1
2023,10,DACIA,50,Zaragoza,Corporate,ICE,SKL,REST,Standard,7
2023,10,DACIA,50,Zaragoza,Corporate,ICE,UKL1,REST,Standard,6
2023,10,DACIA,50,Zaragoza,Private,ICE,SKL,REST,Standard,7
2023,10,DACIA,50,Zaragoza,Private,ICE,UKL1,REST,Standard,44
2023,10,DACIA,50,Zaragoza,Private,ICE,UKL2,REST,Standard,10
2023,10,DFSK,50,Zaragoza,Private,ICE,,,Standard,1
2023,10,DR,50,Zaragoza,Private,ICE,UKL1,REST,Standard,1
2023,10,DS,50,Zaragoza,Corporate,ICE,UKL2,REST,Standard,1
2023,10,DS,50,Zaragoza,Private,ICE,UKL2,REST,Standard,3
2023,10,DS,50,Zaragoza,Private,PHEV,UKL2,REST,Standard,1
2023,10,FIAT,50,Zaragoza,Corporate,ICE,,,Standard,1
2023,10,FIAT,50,Zaragoza,Corporate,ICE,UKL0,REST,Standard,8
2023,10,FIAT,50,Zaragoza,Corporate,ICE,UKL2,REST,Standard,97
2023,10,FIAT,50,Zaragoza,Private,ICE,UKL0,REST,Standard,2
2023,10,FIAT,50,Zaragoza,RAC,BEV,UKL0,REST,Standard,20
2023,10,FIAT,50,Zaragoza,RAC,ICE,UKL0,REST,Standard,215
2023,10,FORD,50,Zaragoza,Corporate,ICE,MKL,REST,Standard,1
2023,10,FORD,50,Zaragoza,Corporate,ICE,SKL,REST,Standard,1
2023,10,FORD,50,Zaragoza,Corporate,ICE,UKL1,REST,Standard,1
2023,10,FORD,50,Zaragoza,Corporate,ICE,UKL2,REST,Standard,2
2023,10,FORD,50,Zaragoza,Corporate,PHEV,SKL,REST,Standard,1
2023,10,FORD,50,Zaragoza,Private,ICE,SKL,REST,Standard,6
2023,10,FORD,50,Zaragoza,Private,ICE,UKL1,REST,Standard,4
2023,10,FORD,50,Zaragoza,Private,ICE,UKL2,REST,Standard,2
2023,10,FORD,50,Zaragoza,Private,PHEV,UKL2,REST,Standard,1
2023,10,HONDA,50,Zaragoza,Corporate,ICE,KKL,REST,Standard,1
2023,10,HONDA,50,Zaragoza,Corporate,PHEV,KKL,REST,Standard,1
2023,10,HONDA,50,Zaragoza,Private,ICE,UKL1,REST,Standard,4
2023,10,HONDA,50,Zaragoza,Private,ICE,UKL2,REST,Standard,1
2023,10,HYUNDAI,50,Zaragoza,Corporate,ICE,MKL,REST,Standard,1
2023,10,HYUNDAI,50,Zaragoza,Corporate,ICE,UKL0,REST,Standard,1
2023,10,HYUNDAI,50,Zaragoza,Corporate,ICE,UKL1,REST,Standard,6
2023,10,HYUNDAI,50,Zaragoza,Corporate,ICE,UKL2,REST,Standard,3
2023,10,HYUNDAI,50,Zaragoza,Private,BEV,UKL1,REST,Standard,1
2023,10,HYUNDAI,50,Zaragoza,Private,ICE,UKL0,REST,Standard,2
2023,10,HYUNDAI,50,Zaragoza,Private,ICE,UKL1,REST,Standard,32
2023,10,HYUNDAI,50,Zaragoza,Private,ICE,UKL2,REST,Standard,23
2023,10,HYUNDAI,50,Zaragoza,Private,PHEV,UKL2,REST,Standard,1
2023,10,JEEP,50,Zaragoza,Corporate,BEV,UKL1,REST,Standard,10
2023,10,JEEP,50,Zaragoza,Corporate,ICE,UKL1,REST,Standard,174
2023,10,JEEP,50,Zaragoza,Corporate,ICE,UKL2,REST,Standard,18
2023,10,JEEP,50,Zaragoza,Corporate,PHEV,MKL,REST,Standard,6
2023,10,JEEP,50,Zaragoza,Corporate,PHEV,UKL2,REST,Standard,20
2023,10,JEEP,50,Zaragoza,Private,ICE,UKL1,REST,Standard,3
2023,10,JEEP,50,Zaragoza,Private,ICE,UKL2,REST,Standard,2
2023,10,KIA,50,Zaragoza,Corporate,BEV,KKL,REST,Standard,1
2023,10,KIA,50,Zaragoza,Corporate,BEV,MKL,REST,Standard,1
2023,10,KIA,50,Zaragoza,Corporate,BEV,UKL2,REST,Standard,1
2023,10,KIA,50,Zaragoza,Corporate,ICE,UKL2,REST,Standard,5
2023,10,KIA,50,Zaragoza,Private,BEV,KKL,REST,Standard,2
2023,10,KIA,50,Zaragoza,Private,BEV,UKL2,REST,Standard,12
2023,10,KIA,50,Zaragoza,Private,ICE,,,Standard,1
2023,10,KIA,50,Zaragoza,Private,ICE,,REST,Standard,1
2023,10,KIA,50,Zaragoza,Private,ICE,UKL0,REST,Standard,1
2023,10,KIA,50,Zaragoza,Private,ICE,UKL1,REST,Standard,16
2023,10,KIA,50,Zaragoza,Private,ICE,UKL2,REST,Standard,80
2023,10,KIA,50,Zaragoza,Private,PHEV,UKL2,REST,Standard,6
2023,10,LAND ROVER,50,Zaragoza,Corporate,ICE,MKL,FOCUS SEGMENT,Standard,1
2023,10,LAND ROVER,50,Zaragoza,Corporate,PHEV,MKL,FOCUS SEGMENT,Standard,1
2023,10,LEXUS,50,Zaragoza,Corporate,ICE,KKL,FOCUS SEGMENT,Standard,2
2023,10,LEXUS,50,Zaragoza,Corporate,ICE,UKL2,FOCUS SEGMENT,Standard,10
2023,10,LEXUS,50,Zaragoza,Private,ICE,KKL,FOCUS SEGMENT,Standard,3
2023,10,LEXUS,50,Zaragoza,Private,ICE,MKL,FOCUS SEGMENT,Standard,2
2023,10,LEXUS,50,Zaragoza,Private,ICE,UKL2,FOCUS SEGMENT,Standard,3
2023,10,LEXUS,50,Zaragoza,Private,PHEV,KKL,FOCUS SEGMENT,Standard,2
2023,10,MASERATI,50,Zaragoza,Corporate,ICE,KKL,FOCUS SEGMENT,Standard,2
2023,10,MAZDA,50,Zaragoza,Corporate,BEV,UKL2,REST,Standard,1
2023,10,MAZDA,50,Zaragoza,Corporate,ICE,UKL2,REST,Standard,2
2023,10,MAZDA,50,Zaragoza,Private,ICE,KKL,REST,Standard,2
2023,10,MAZDA,50,Zaragoza,Private,ICE,UKL1,REST,Standard,2
2023,10,MAZDA,50,Zaragoza,Private,ICE,UKL2,REST,Standard,12
2023,10,MERCEDES,50,Zaragoza,Corporate,BEV,UKL2,FOCUS SEGMENT,Standard,1
2023,10,MERCEDES,50,Zaragoza,Corporate,ICE,KKL,FOCUS SEGMENT,Standard,8
2023,10,MERCEDES,50,Zaragoza,Corporate,ICE,MKL,FOCUS SEGMENT,Standard,3
2023,10,MERCEDES,50,Zaragoza,Corporate,ICE,MKL,REST,Standard,2
2023,10,MERCEDES,50,Zaragoza,Corporate,ICE,UKL2,FOCUS SEGMENT,Standard,17
2023,10,MERCEDES,50,Zaragoza,Corporate,PHEV,KKL,FOCUS SEGMENT,Standard,1
2023,10,MERCEDES,50,Zaragoza,Corporate,PHEV,UKL2,FOCUS SEGMENT,Standard,5
2023,10,MERCEDES,50,Zaragoza,Private,BEV,UKL2,FOCUS SEGMENT,Standard,1
2023,10,MERCEDES,50,Zaragoza,Private,ICE,KKL,FOCUS SEGMENT,Standard,4
2023,10,MERCEDES,50,Zaragoza,Private,ICE,MKL,REST,Standard,1
2023,10,MERCEDES,50,Zaragoza,Private,ICE,UKL2,FOCUS SEGMENT,Standard,12
2023,10,MG,50,Zaragoza,Corporate,BEV,UKL2,REST,Standard,2
2023,10,MG,50,Zaragoza,Corporate,ICE,KKL,REST,Standard,1
2023,10,MG,50,Zaragoza,Corporate,PHEV,KKL,REST,Standard,1
2023,10,MG,50,Zaragoza,Private,BEV,UKL2,REST,Standard,4
2023,10,MG,50,Zaragoza,Private,ICE,KKL,REST,Standard,1
2023,10,MG,50,Zaragoza,Private,ICE,UKL1,REST,Standard,36
2023,10,MG,50,Zaragoza,Private,PHEV,KKL,REST,Standard,3
2023,10,MINI,50,Zaragoza,Corporate,ICE,UKL1,FOCUS SEGMENT,Standard,1
2023,10,MINI,50,Zaragoza,Private,BEV,UKL1,FOCUS SEGMENT,Standard,2
2023,10,MINI,50,Zaragoza,Private,ICE,UKL1,FOCUS SEGMENT,Standard,2
2023,10,MINI,50,Zaragoza,Private,PHEV,UKL2,FOCUS SEGMENT,Standard,1
2023,10,MITSUBISHI,50,Zaragoza,Private,ICE,UKL1,REST,Standard,2
2023,10,MITSUBISHI,50,Zaragoza,Private,ICE,UKL2,REST,Standard,4
2023,10,MITSUBISHI,50,Zaragoza,Private,PHEV,UKL2,REST,Standard,4
2023,10,NISSAN,50,Zaragoza,Corporate,BEV,UKL2,REST,Standard,2
2023,10,NISSAN,50,Zaragoza,Corporate,ICE,KKL,REST,Standard,1
2023,10,NISSAN,50,Zaragoza,Corporate,ICE,UKL2,REST,Standard,7
2023,10,NISSAN,50,Zaragoza,Private,BEV,UKL2,REST,Standard,1
2023,10,NISSAN,50,Zaragoza,Private,ICE,KKL,REST,Standard,1
2023,10,NISSAN,50,Zaragoza,Private,ICE,SKL,REST,Standard,2
2023,10,NISSAN,50,Zaragoza,Private,ICE,UKL1,REST,Standard,2
2023,10,NISSAN,50,Zaragoza,Private,ICE,UKL2,REST,Standard,8
2023,10,OPEL,50,Zaragoza,Corporate,BEV,UKL2,REST,Standard,1
2023,10,OPEL,50,Zaragoza,Corporate,ICE,UKL1,REST,Standard,6
2023,10,OPEL,50,Zaragoza,Private,ICE,UKL1,REST,Standard,22
2023,10,OPEL,50,Zaragoza,Private,ICE,UKL2,REST,Standard,2
2023,10,OPEL,50,Zaragoza,Private,PHEV,UKL2,REST,Standard,1
2023,10,PEUGEOT,50,Zaragoza,Corporate,ICE,UKL1,REST,Standard,13
2023,10,PEUGEOT,50,Zaragoza,Corporate,ICE,UKL2,REST,Standard,7
2023,10,PEUGEOT,50,Zaragoza,Private,BEV,UKL1,REST,Standard,2
2023,10,PEUGEOT,50,Zaragoza,Private,ICE,KKL,REST,Standard,2
2023,10,PEUGEOT,50,Zaragoza,Private,ICE,UKL1,REST,Standard,13
2023,10,PEUGEOT,50,Zaragoza,Private,ICE,UKL2,REST,Standard,16
2023,10,PEUGEOT,50,Zaragoza,Private,PHEV,UKL2,REST,Standard,8
2023,10,PEUGEOT,50,Zaragoza,RAC,ICE,UKL1,REST,Standard,51
2023,10,PORSCHE,50,Zaragoza,Corporate,BEV,GKL,FOCUS SEGMENT,Standard,1
2023,10,PORSCHE,50,Zaragoza,Corporate,ICE,GKL,FOCUS SEGMENT,Standard,1
2023,10,PORSCHE,50,Zaragoza,Corporate,ICE,MKL,FOCUS SEGMENT,Standard,1
2023,10,PORSCHE,50,Zaragoza,Corporate,PHEV,MKL,FOCUS SEGMENT,Standard,5
2023,10,PORSCHE,50,Zaragoza,Private,BEV,GKL,FOCUS SEGMENT,Standard,1
2023,10,PORSCHE,50,Zaragoza,Private,ICE,GKL,FOCUS SEGMENT,M,2
2023,10,PORSCHE,50,Zaragoza,Private,ICE,KKL,FOCUS SEGMENT,M Performance,1
2023,10,PORSCHE,50,Zaragoza,Private,ICE,MKL,FOCUS SEGMENT,Standard,1
2023,10,RENAULT,50,Zaragoza,Corporate,ICE,UKL1,REST,Standard,1
2023,10,RENAULT,50,Zaragoza,Corporate,ICE,UKL2,REST,Standard,11
2023,10,RENAULT,50,Zaragoza,Private,ICE,SKL,REST,Standard,4
2023,10,RENAULT,50,Zaragoza,Private,ICE,UKL1,REST,Standard,13
2023,10,RENAULT,50,Zaragoza,Private,ICE,UKL2,REST,Standard,28
2023,10,SEAT,50,Zaragoza,Corporate,ICE,KKL,REST,Standard,1
2023,10,SEAT,50,Zaragoza,Corporate,ICE,UKL1,REST,Standard,2
2023,10,SEAT,50,Zaragoza,Corporate,ICE,UKL2,REST,Standard,5
2023,10,SEAT,50,Zaragoza,Corporate,PHEV,UKL2,REST,Standard,2
2023,10,SEAT,50,Zaragoza,Private,ICE,KKL,REST,Standard,3
2023,10,SEAT,50,Zaragoza,Private,ICE,UKL1,REST,Standard,11
2023,10,SEAT,50,Zaragoza,Private,ICE,UKL2,REST,Standard,19
2023,10,SKODA,50,Zaragoza,Corporate,ICE,KKL,REST,Standard,2
2023,10,SKODA,50,Zaragoza,Corporate,ICE,UKL1,REST,Standard,3
2023,10,SKODA,50,Zaragoza,Corporate,ICE,UKL2,REST,Standard,4
2023,10,SKODA,50,Zaragoza,Private,ICE,KKL,REST,Standard,1
2023,10,SKODA,50,Zaragoza,Private,ICE,UKL1,REST,Standard,7
2023,10,SKODA,50,Zaragoza,Private,ICE,UKL2,REST,Standard,6
2023,10,SMART,50,Zaragoza,Corporate,BEV,UKL1,FOCUS SEGMENT,Standard,4
2023,10,SMART,50,Zaragoza,Private,BEV,UKL1,FOCUS SEGMENT,Standard,2
2023,10,SSANGYONG,50,Zaragoza,Corporate,ICE,MKL,REST,Standard,1
2023,10,SSANGYONG,50,Zaragoza,Private,ICE,KKL,REST,Standard,1
2023,10,SSANGYONG,50,Zaragoza,Private,ICE,UKL1,REST,Standard,1
2023,10,SUBARU,50,Zaragoza,Private,ICE,UKL2,REST,Standard,2
2023,10,SUZUKI,50,Zaragoza,Corporate,ICE,UKL1,REST,Standard,1
2023,10,SUZUKI,50,Zaragoza,Private,ICE,UKL0,REST,Standard,1
2023,10,SUZUKI,50,Zaragoza,Private,ICE,UKL1,REST,Standard,5
2023,10,SUZUKI,50,Zaragoza,Private,ICE,UKL2,REST,Standard,4
2023,10,SUZUKI,50,Zaragoza,RAC,ICE,UKL1,REST,Standard,12
2023,10,SUZUKI,50,Zaragoza,RAC,ICE,UKL2,REST,Standard,14
2023,10,TESLA,50,Zaragoza,Private,BEV,KKL,FOCUS SEGMENT,Standard,9
2023,10,TOYOTA,50,Zaragoza,Corporate,ICE,UKL1,REST,Standard,5
2023,10,TOYOTA,50,Zaragoza,Corporate,ICE,UKL2,REST,Standard,7
2023,10,TOYOTA,50,Zaragoza,Private,ICE,SKL,REST,Standard,2
2023,10,TOYOTA,50,Zaragoza,Private,ICE,UKL1,REST,Standard,30
2023,10,TOYOTA,50,Zaragoza,Private,ICE,UKL2,REST,Standard,28
2023,10,VOLKSWAGEN,50,Zaragoza,Corporate,BEV,UKL2,REST,Standard,1
2023,10,VOLKSWAGEN,50,Zaragoza,Corporate,ICE,MKL,REST,Standard,1
2023,10,VOLKSWAGEN,50,Zaragoza,Corporate,ICE,UKL1,REST,Standard,1
2023,10,VOLKSWAGEN,50,Zaragoza,Corporate,ICE,UKL2,REST,Standard,8
2023,10,VOLKSWAGEN,50,Zaragoza,Corporate,PHEV,MKL,REST,Standard,1
2023,10,VOLKSWAGEN,50,Zaragoza,Private,BEV,UKL2,REST,Standard,2
2023,10,VOLKSWAGEN,50,Zaragoza,Private,ICE,SKL,REST,Standard,2
2023,10,VOLKSWAGEN,50,Zaragoza,Private,ICE,UKL1,REST,Standard,6
2023,10,VOLKSWAGEN,50,Zaragoza,Private,ICE,UKL2,REST,Standard,22
2023,10,VOLVO,50,Zaragoza,Corporate,BEV,UKL2,FOCUS SEGMENT,Standard,7
2023,10,VOLVO,50,Zaragoza,Private,BEV,UKL2,FOCUS SEGMENT,Standard,1
2023,10,VOLVO,50,Zaragoza,Private,ICE,KKL,FOCUS SEGMENT,Standard,2
2023,10,VOLVO,50,Zaragoza,Private,ICE,UKL2,FOCUS SEGMENT,Standard,4
2023,10,AUDI,51,Ceuta,Corporate,ICE,UKL2,FOCUS SEGMENT,Standard,1
2023,10,AUDI,51,Ceuta,Private,ICE,UKL2,FOCUS SEGMENT,Standard,2
2023,10,BMW,51,Ceuta,Corporate,PHEV,GKL,FOCUS SEGMENT,M,1
2023,10,BMW,51,Ceuta,Private,ICE,UKL2,FOCUS SEGMENT,M Performance,1
2023,10,CITROEN,51,Ceuta,Corporate,ICE,UKL1,REST,Standard,1
2023,10,CITROEN,51,Ceuta,Private,ICE,UKL2,REST,Standard,2
2023,10,CUPRA,51,Ceuta,Private,PHEV,UKL2,REST,Standard,1
2023,10,DACIA,51,Ceuta,Corporate,BEV,UKL0,REST,Standard,1
2023,10,DACIA,51,Ceuta,Private,ICE,SKL,REST,Standard,1
2023,10,DACIA,51,Ceuta,Private,ICE,UKL1,REST,Standard,2
2023,10,FORD,51,Ceuta,Private,ICE,SKL,REST,Standard,1
2023,10,HYUNDAI,51,Ceuta,Private,ICE,MKL,REST,Standard,1
2023,10,HYUNDAI,51,Ceuta,Private,ICE,UKL0,REST,Standard,3
2023,10,HYUNDAI,51,Ceuta,Private,ICE,UKL1,REST,Standard,1
2023,10,HYUNDAI,51,Ceuta,Private,ICE,UKL2,REST,Standard,1
2023,10,KIA,51,Ceuta,Private,ICE,KKL,REST,Standard,1
2023,10,KIA,51,Ceuta,Private,ICE,UKL1,REST,Standard,2
2023,10,KIA,51,Ceuta,Private,ICE,UKL2,REST,Standard,6
2023,10,MERCEDES,51,Ceuta,Corporate,BEV,UKL2,FOCUS SEGMENT,Standard,1
2023,10,MERCEDES,51,Ceuta,Corporate,ICE,MKL,FOCUS SEGMENT,Standard,1
2023,10,MERCEDES,51,Ceuta,Corporate,ICE,UKL2,FOCUS SEGMENT,Standard,2
2023,10,MERCEDES,51,Ceuta,Private,ICE,,REST,Standard,1
2023,10,MERCEDES,51,Ceuta,Private,ICE,KKL,FOCUS SEGMENT,Standard,3
2023,10,MERCEDES,51,Ceuta,Private,ICE,UKL2,FOCUS SEGMENT,Standard,2
2023,10,MERCEDES,51,Ceuta,Private,PHEV,KKL,FOCUS SEGMENT,Standard,1
2023,10,MINI,51,Ceuta,Private,PHEV,UKL2,FOCUS SEGMENT,Standard,1
2023,10,NISSAN,51,Ceuta,Private,ICE,UKL1,REST,Standard,1
2023,10,OPEL,51,Ceuta,Corporate,ICE,UKL1,REST,Standard,1
2023,10,PEUGEOT,51,Ceuta,Corporate,PHEV,KKL,REST,Standard,1
2023,10,PEUGEOT,51,Ceuta,Private,ICE,UKL1,REST,Standard,1
2023,10,PEUGEOT,51,Ceuta,Private,ICE,UKL2,REST,Standard,2
2023,10,RENAULT,51,Ceuta,Private,ICE,KKL,REST,Standard,1
2023,10,RENAULT,51,Ceuta,Private,ICE,UKL1,REST,Standard,3
2023,10,RENAULT,51,Ceuta,Private,ICE,UKL2,REST,Standard,3
2023,10,SEAT,51,Ceuta,Private,ICE,KKL,REST,Standard,1
2023,10,SEAT,51,Ceuta,Private,ICE,UKL2,REST,Standard,2
2023,10,TOYOTA,51,Ceuta,Corporate,ICE,UKL2,REST,Standard,1
2023,10,TOYOTA,51,Ceuta,Private,ICE,GKL,REST,Standard,1
2023,10,TOYOTA,51,Ceuta,Private,ICE,UKL0,REST,Standard,1
2023,10,TOYOTA,51,Ceuta,Private,ICE,UKL1,REST,Standard,3
2023,10,TOYOTA,51,Ceuta,Private,ICE,UKL2,REST,Standard,7
2023,10,VOLKSWAGEN,51,Ceuta,Private,ICE,UKL1,REST,Standard,5
2023,10,VOLKSWAGEN,51,Ceuta,Private,ICE,UKL2,REST,Standard,3
2023,10,AUDI,52,Melilla,Corporate,ICE,UKL1,FOCUS SEGMENT,Standard,3
2023,10,AUDI,52,Melilla,Corporate,ICE,UKL2,FOCUS SEGMENT,Standard,2
2023,10,AUDI,52,Melilla,Private,ICE,KKL,FOCUS SEGMENT,Standard,1
2023,10,AUDI,52,Melilla,Private,ICE,UKL1,FOCUS SEGMENT,Standard,1
2023,10,BMW,52,Melilla,Private,ICE,KKL,FOCUS SEGMENT,Standard,1
2023,10,DACIA,52,Melilla,Corporate,BEV,UKL0,REST,Standard,2
2023,10,DACIA,52,Melilla,Corporate,ICE,UKL2,REST,Standard,2
2023,10,DACIA,52,Melilla,Private,ICE,SKL,REST,Standard,1
2023,10,FIAT,52,Melilla,Private,ICE,,,Standard,1
2023,10,HYUNDAI,52,Melilla,Corporate,ICE,UKL0,REST,Standard,1
2023,10,HYUNDAI,52,Melilla,Private,ICE,UKL0,REST,Standard,3
2023,10,HYUNDAI,52,Melilla,Private,ICE,UKL1,REST,Standard,6
2023,10,HYUNDAI,52,Melilla,Private,ICE,UKL2,REST,Standard,5
2023,10,JAGUAR,52,Melilla,Private,ICE,KKL,FOCUS SEGMENT,Standard,1
2023,10,KIA,52,Melilla,Private,ICE,KKL,REST,Standard,3
2023,10,KIA,52,Melilla,Private,ICE,UKL0,REST,Standard,5
2023,10,KIA,52,Melilla,Private,ICE,UKL2,REST,Standard,4
2023,10,LAND ROVER,52,Melilla,Private,PHEV,MKL,FOCUS SEGMENT,Standard,1
2023,10,MAZDA,52,Melilla,Private,ICE,UKL2,REST,Standard,1
2023,10,MERCEDES,52,Melilla,Private,ICE,KKL,FOCUS SEGMENT,Standard,2
2023,10,MERCEDES,52,Melilla,Private,ICE,UKL2,FOCUS SEGMENT,Standard,1
2023,10,MITSUBISHI,52,Melilla,Private,ICE,UKL1,REST,Standard,1
2023,10,MITSUBISHI,52,Melilla,Private,ICE,UKL2,REST,Standard,2
2023,10,NISSAN,52,Melilla,Corporate,ICE,UKL1,REST,Standard,1
2023,10,NISSAN,52,Melilla,Corporate,ICE,UKL2,REST,Standard,1
2023,10,NISSAN,52,Melilla,Private,ICE,KKL,REST,Standard,1
2023,10,PEUGEOT,52,Melilla,Corporate,ICE,UKL1,REST,Standard,1
2023,10,PEUGEOT,52,Melilla,Private,ICE,UKL1,REST,Standard,2
2023,10,RENAULT,52,Melilla,Corporate,BEV,UKL1,REST,Standard,3
2023,10,RENAULT,52,Melilla,Corporate,ICE,UKL1,REST,Standard,3
2023,10,RENAULT,52,Melilla,Corporate,ICE,UKL2,REST,Standard,3
2023,10,RENAULT,52,Melilla,Private,ICE,UKL1,REST,Standard,1
2023,10,RENAULT,52,Melilla,Private,ICE,UKL2,REST,Standard,3
2023,10,SEAT,52,Melilla,Corporate,ICE,UKL1,REST,Standard,1
2023,10,SEAT,52,Melilla,Private,ICE,UKL1,REST,Standard,1
2023,10,SSANGYONG,52,Melilla,Private,ICE,UKL1,REST,Standard,1
2023,10,TOYOTA,52,Melilla,Corporate,ICE,KKL,REST,Standard,1
2023,10,TOYOTA,52,Melilla,Corporate,ICE,UKL1,REST,Standard,1
2023,10,TOYOTA,52,Melilla,Private,ICE,UKL1,REST,Standard,5
2023,10,TOYOTA,52,Melilla,Private,ICE,UKL2,REST,Standard,10
2023,10,VOLKSWAGEN,52,Melilla,Corporate,ICE,UKL2,REST,Standard,1
2023,10,VOLKSWAGEN,52,Melilla,Private,ICE,SKL,REST,Standard,1
2023,10,VOLKSWAGEN,52,Melilla,Private,ICE,UKL1,REST,Standard,7
2023,10,VOLKSWAGEN,52,Melilla,Private,ICE,UKL2,REST,Standard,7
