anyo,mes,marca,cod_prov,provincia,canal,fuel_type,subseg,hp,count
2024,01,AUDI,01,Álava,Corporate,ICE,FOCUS SEGMENT,Standard,3
2024,01,AUDI,01,Álava,Corporate,PHEV,FOCUS SEGMENT,Standard,1
2024,01,AUDI,01,Álava,Private,ICE,FOCUS SEGMENT,Standard,6
2024,01,BMW,01,Álava,Corporate,BEV,FOCUS SEGMENT,Standard,1
2024,01,BMW,01,Álava,Corporate,ICE,FOCUS SEGMENT,Standard,3
2024,01,BMW,01,Álava,Corporate,PHEV,FOCUS SEGMENT,Standard,1
2024,01,BMW,01,Álava,Private,ICE,FOCUS SEGMENT,Standard,4
2024,01,CITROEN,01,Álava,Corporate,ICE,REST,Standard,13
2024,01,CITROEN,01,Álava,Corporate,PHEV,REST,Standard,1
2024,01,CITROEN,01,Álava,Private,ICE,REST,Standard,6
2024,01,CUPRA,01,Álava,Corporate,BEV,REST,Standard,2
2024,01,CUPRA,01,Álava,Corporate,ICE,REST,Standard,1
2024,01,CUPRA,01,Álava,Corporate,PHEV,REST,Standard,1
2024,01,CUPRA,01,Álava,Private,ICE,REST,Standard,2
2024,01,DACIA,01,Álava,Private,ICE,REST,Standard,14
2024,01,DR,01,Álava,Private,ICE,REST,Standard,2
2024,01,DS,01,Álava,Private,ICE,REST,Standard,2
2024,01,DS,01,Álava,Private,PHEV,REST,Standard,3
2024,01,FIAT,01,Álava,Private,ICE,REST,Standard,1
2024,01,FORD,01,Álava,Corporate,BEV,REST,Standard,1
2024,01,FORD,01,Álava,Corporate,ICE,REST,Standard,2
2024,01,FORD,01,Álava,Private,ICE,REST,Standard,6
2024,01,HONDA,01,Álava,Corporate,ICE,REST,Standard,2
2024,01,HONDA,01,Álava,Private,ICE,REST,Standard,6
2024,01,HONDA,01,Álava,Private,PHEV,REST,Standard,1
2024,01,HYUNDAI,01,Álava,Corporate,ICE,REST,Standard,2
2024,01,HYUNDAI,01,Álava,Private,ICE,REST,Standard,25
2024,01,INEOS,01,Álava,Corporate,ICE,REST,Standard,2
2024,01,JEEP,01,Álava,Corporate,BEV,REST,Standard,1
2024,01,JEEP,01,Álava,Corporate,PHEV,REST,Standard,1
2024,01,JEEP,01,Álava,Private,ICE,REST,Standard,4
2024,01,KIA,01,Álava,Private,BEV,REST,Standard,1
2024,01,KIA,01,Álava,Private,ICE,REST,Standard,15
2024,01,KIA,01,Álava,Private,PHEV,REST,Standard,3
2024,01,LAND ROVER,01,Álava,Corporate,ICE,FOCUS SEGMENT,Standard,2
2024,01,LEXUS,01,Álava,Corporate,ICE,FOCUS SEGMENT,Standard,1
2024,01,LEXUS,01,Álava,Private,ICE,FOCUS SEGMENT,Standard,2
2024,01,MAZDA,01,Álava,Corporate,ICE,REST,Standard,1
2024,01,MAZDA,01,Álava,Private,ICE,REST,Standard,15
2024,01,MERCEDES,01,Álava,Corporate,ICE,FOCUS SEGMENT,Standard,3
2024,01,MERCEDES,01,Álava,Corporate,PHEV,FOCUS SEGMENT,Standard,4
2024,01,MERCEDES,01,Álava,Private,BEV,FOCUS SEGMENT,Standard,1
2024,01,MERCEDES,01,Álava,Private,ICE,FOCUS SEGMENT,Standard,4
2024,01,MERCEDES,01,Álava,Private,PHEV,FOCUS SEGMENT,Standard,2
2024,01,MG,01,Álava,Private,ICE,REST,Standard,6
2024,01,NISSAN,01,Álava,Corporate,ICE,REST,Standard,3
2024,01,NISSAN,01,Álava,Private,ICE,REST,Standard,5
2024,01,OPEL,01,Álava,Corporate,ICE,REST,Standard,2
2024,01,OPEL,01,Álava,Private,ICE,REST,Standard,7
2024,01,PEUGEOT,01,Álava,Corporate,ICE,REST,Standard,18
2024,01,PEUGEOT,01,Álava,Private,BEV,REST,Standard,2
2024,01,PEUGEOT,01,Álava,Private,ICE,REST,Standard,6
2024,01,PEUGEOT,01,Álava,Private,PHEV,REST,Standard,1
2024,01,PORSCHE,01,Álava,Corporate,ICE,FOCUS SEGMENT,M Performance,1
2024,01,RENAULT,01,Álava,Private,ICE,REST,Standard,9
2024,01,SEAT,01,Álava,Private,ICE,REST,Standard,7
2024,01,SKODA,01,Álava,Corporate,ICE,REST,Standard,1
2024,01,SKODA,01,Álava,Private,ICE,REST,Standard,9
2024,01,SSANGYONG,01,Álava,Corporate,ICE,REST,Standard,1
2024,01,SUBARU,01,Álava,Corporate,ICE,REST,Standard,1
2024,01,SUZUKI,01,Álava,Private,ICE,REST,Standard,5
2024,01,TESLA,01,Álava,Corporate,BEV,FOCUS SEGMENT,Standard,2
2024,01,TESLA,01,Álava,Private,BEV,FOCUS SEGMENT,Standard,4
2024,01,TOYOTA,01,Álava,Corporate,ICE,REST,Standard,10
2024,01,TOYOTA,01,Álava,Corporate,PHEV,REST,Standard,2
2024,01,TOYOTA,01,Álava,Private,ICE,REST,Standard,27
2024,01,VOLKSWAGEN,01,Álava,Corporate,BEV,REST,Standard,1
2024,01,VOLKSWAGEN,01,Álava,Corporate,ICE,REST,Standard,6
2024,01,VOLKSWAGEN,01,Álava,Private,BEV,REST,Standard,1
2024,01,VOLKSWAGEN,01,Álava,Private,ICE,REST,Standard,2
2024,01,VOLKSWAGEN,01,Álava,Private,PHEV,REST,Standard,1
2024,01,VOLVO,01,Álava,Corporate,BEV,FOCUS SEGMENT,Standard,3
2024,01,VOLVO,01,Álava,Corporate,ICE,FOCUS SEGMENT,Standard,2
2024,01,VOLVO,01,Álava,Private,ICE,FOCUS SEGMENT,Standard,2
2024,01,ALFA ROMEO,02,Albacete,Corporate,ICE,REST,Standard,11
2024,01,AUDI,02,Albacete,Corporate,ICE,FOCUS SEGMENT,M,1
2024,01,AUDI,02,Albacete,Corporate,ICE,FOCUS SEGMENT,Standard,3
2024,01,AUDI,02,Albacete,Private,ICE,FOCUS SEGMENT,M,1
2024,01,AUDI,02,Albacete,Private,ICE,FOCUS SEGMENT,Standard,7
2024,01,AUDI,02,Albacete,Private,PHEV,FOCUS SEGMENT,Standard,1
2024,01,BMW,02,Albacete,Corporate,ICE,FOCUS SEGMENT,M Performance,1
2024,01,BMW,02,Albacete,Corporate,ICE,FOCUS SEGMENT,Standard,19
2024,01,BMW,02,Albacete,Corporate,PHEV,FOCUS SEGMENT,Standard,1
2024,01,BMW,02,Albacete,Private,ICE,FOCUS SEGMENT,Standard,11
2024,01,BYD,02,Albacete,Corporate,BEV,REST,Standard,1
2024,01,CITROEN,02,Albacete,Corporate,BEV,REST,Standard,1
2024,01,CITROEN,02,Albacete,Corporate,ICE,REST,Standard,2
2024,01,CITROEN,02,Albacete,Private,BEV,REST,Standard,1
2024,01,CITROEN,02,Albacete,Private,ICE,REST,Standard,4
2024,01,CUPRA,02,Albacete,Corporate,PHEV,REST,Standard,2
2024,01,CUPRA,02,Albacete,Private,ICE,REST,Standard,3
2024,01,CUPRA,02,Albacete,Private,PHEV,REST,Standard,1
2024,01,DACIA,02,Albacete,Corporate,ICE,REST,Standard,5
2024,01,DACIA,02,Albacete,Private,ICE,REST,Standard,18
2024,01,DFSK,02,Albacete,Corporate,ICE,,Standard,1
2024,01,FIAT,02,Albacete,Corporate,ICE,REST,Standard,20
2024,01,FIAT,02,Albacete,Private,ICE,REST,Standard,1
2024,01,FORD,02,Albacete,Corporate,ICE,REST,Standard,1
2024,01,FORD,02,Albacete,Private,BEV,REST,Standard,1
2024,01,FORD,02,Albacete,Private,ICE,REST,Standard,3
2024,01,HYUNDAI,02,Albacete,Corporate,ICE,REST,Standard,6
2024,01,HYUNDAI,02,Albacete,Private,ICE,REST,Standard,29
2024,01,JEEP,02,Albacete,Corporate,ICE,REST,Standard,21
2024,01,KIA,02,Albacete,Corporate,ICE,REST,Standard,2
2024,01,KIA,02,Albacete,Corporate,PHEV,REST,Standard,1
2024,01,KIA,02,Albacete,Private,ICE,REST,Standard,13
2024,01,LEXUS,02,Albacete,Corporate,ICE,FOCUS SEGMENT,Standard,1
2024,01,LEXUS,02,Albacete,Private,ICE,FOCUS SEGMENT,Standard,2
2024,01,LEXUS,02,Albacete,Private,PHEV,FOCUS SEGMENT,Standard,1
2024,01,MAZDA,02,Albacete,Corporate,ICE,REST,Standard,2
2024,01,MAZDA,02,Albacete,Private,ICE,REST,Standard,6
2024,01,MERCEDES,02,Albacete,Corporate,ICE,FOCUS SEGMENT,Standard,4
2024,01,MERCEDES,02,Albacete,Corporate,PHEV,FOCUS SEGMENT,Standard,2
2024,01,MERCEDES,02,Albacete,Private,ICE,FOCUS SEGMENT,Standard,4
2024,01,MERCEDES,02,Albacete,Private,ICE,REST,Standard,1
2024,01,MG,02,Albacete,Private,ICE,REST,Standard,12
2024,01,MINI,02,Albacete,Private,ICE,FOCUS SEGMENT,Standard,1
2024,01,MITSUBISHI,02,Albacete,Corporate,PHEV,REST,Standard,1
2024,01,NISSAN,02,Albacete,Corporate,ICE,REST,Standard,2
2024,01,NISSAN,02,Albacete,Private,ICE,REST,Standard,2
2024,01,OPEL,02,Albacete,Corporate,ICE,REST,Standard,2
2024,01,OPEL,02,Albacete,Private,ICE,REST,Standard,4
2024,01,PEUGEOT,02,Albacete,Corporate,BEV,REST,Standard,1
2024,01,PEUGEOT,02,Albacete,Corporate,ICE,REST,Standard,1
2024,01,PEUGEOT,02,Albacete,Private,ICE,REST,Standard,2
2024,01,PEUGEOT,02,Albacete,Private,PHEV,REST,Standard,1
2024,01,PEUGEOT,02,Albacete,RAC,ICE,REST,Standard,3
2024,01,PORSCHE,02,Albacete,Corporate,ICE,FOCUS SEGMENT,Standard,1
2024,01,PORSCHE,02,Albacete,Private,PHEV,FOCUS SEGMENT,Standard,1
2024,01,RENAULT,02,Albacete,Corporate,ICE,REST,Standard,1
2024,01,RENAULT,02,Albacete,Private,ICE,REST,Standard,15
2024,01,SEAT,02,Albacete,Corporate,ICE,REST,Standard,1
2024,01,SEAT,02,Albacete,Private,ICE,REST,Standard,18
2024,01,SKODA,02,Albacete,Corporate,ICE,REST,Standard,15
2024,01,SKODA,02,Albacete,Private,ICE,REST,Standard,15
2024,01,SUBARU,02,Albacete,Corporate,ICE,REST,Standard,1
2024,01,SUZUKI,02,Albacete,Private,ICE,REST,Standard,1
2024,01,TESLA,02,Albacete,Corporate,BEV,FOCUS SEGMENT,Standard,1
2024,01,TESLA,02,Albacete,Private,BEV,FOCUS SEGMENT,Standard,1
2024,01,TOYOTA,02,Albacete,Corporate,ICE,REST,Standard,4
2024,01,TOYOTA,02,Albacete,Private,ICE,REST,Standard,19
2024,01,VOLKSWAGEN,02,Albacete,Corporate,BEV,REST,Standard,2
2024,01,VOLKSWAGEN,02,Albacete,Corporate,ICE,REST,Standard,4
2024,01,VOLKSWAGEN,02,Albacete,Private,ICE,REST,Standard,1
2024,01,VOLVO,02,Albacete,Corporate,ICE,FOCUS SEGMENT,Standard,2
2024,01,VOLVO,02,Albacete,Private,ICE,FOCUS SEGMENT,Standard,3
2024,01,ALPINE,03,Alicante,Private,ICE,REST,Standard,1
2024,01,AUDI,03,Alicante,Corporate,BEV,FOCUS SEGMENT,Standard,2
2024,01,AUDI,03,Alicante,Corporate,ICE,FOCUS SEGMENT,Standard,13
2024,01,AUDI,03,Alicante,Corporate,PHEV,FOCUS SEGMENT,Standard,2
2024,01,AUDI,03,Alicante,Private,BEV,FOCUS SEGMENT,Standard,1
2024,01,AUDI,03,Alicante,Private,ICE,FOCUS SEGMENT,M,1
2024,01,AUDI,03,Alicante,Private,ICE,FOCUS SEGMENT,M Performance,1
2024,01,AUDI,03,Alicante,Private,ICE,FOCUS SEGMENT,Standard,31
2024,01,AUDI,03,Alicante,Private,PHEV,FOCUS SEGMENT,Standard,4
2024,01,BMW,03,Alicante,Corporate,BEV,FOCUS SEGMENT,Standard,2
2024,01,BMW,03,Alicante,Corporate,ICE,FOCUS SEGMENT,M,1
2024,01,BMW,03,Alicante,Corporate,ICE,FOCUS SEGMENT,M Performance,2
2024,01,BMW,03,Alicante,Corporate,ICE,FOCUS SEGMENT,Standard,40
2024,01,BMW,03,Alicante,Corporate,PHEV,FOCUS SEGMENT,Standard,2
2024,01,BMW,03,Alicante,Private,BEV,FOCUS SEGMENT,M Performance,1
2024,01,BMW,03,Alicante,Private,BEV,FOCUS SEGMENT,Standard,2
2024,01,BMW,03,Alicante,Private,ICE,FOCUS SEGMENT,M,3
2024,01,BMW,03,Alicante,Private,ICE,FOCUS SEGMENT,M Performance,1
2024,01,BMW,03,Alicante,Private,ICE,FOCUS SEGMENT,Standard,45
2024,01,BMW,03,Alicante,Private,PHEV,FOCUS SEGMENT,Standard,7
2024,01,BYD,03,Alicante,Private,BEV,REST,Standard,2
2024,01,CITROEN,03,Alicante,Corporate,BEV,REST,Standard,3
2024,01,CITROEN,03,Alicante,Corporate,ICE,REST,Standard,50
2024,01,CITROEN,03,Alicante,Corporate,PHEV,REST,Standard,3
2024,01,CITROEN,03,Alicante,Private,BEV,REST,Standard,1
2024,01,CITROEN,03,Alicante,Private,ICE,REST,Standard,41
2024,01,CITROEN,03,Alicante,Private,PHEV,REST,Standard,2
2024,01,CUPRA,03,Alicante,Corporate,PHEV,REST,Standard,3
2024,01,CUPRA,03,Alicante,Private,BEV,REST,Standard,3
2024,01,CUPRA,03,Alicante,Private,ICE,REST,Standard,15
2024,01,CUPRA,03,Alicante,Private,PHEV,REST,Standard,2
2024,01,DACIA,03,Alicante,Corporate,ICE,REST,Standard,15
2024,01,DACIA,03,Alicante,Private,BEV,REST,Standard,1
2024,01,DACIA,03,Alicante,Private,ICE,REST,Standard,134
2024,01,DR,03,Alicante,Private,ICE,REST,Standard,1
2024,01,DS,03,Alicante,Private,ICE,REST,Standard,1
2024,01,DS,03,Alicante,Private,PHEV,REST,Standard,4
2024,01,FIAT,03,Alicante,Private,ICE,,Standard,1
2024,01,FIAT,03,Alicante,Private,ICE,REST,Standard,5
2024,01,FORD,03,Alicante,Corporate,BEV,REST,Standard,2
2024,01,FORD,03,Alicante,Corporate,ICE,REST,Standard,109
2024,01,FORD,03,Alicante,Private,BEV,REST,Standard,3
2024,01,FORD,03,Alicante,Private,ICE,REST,Standard,78
2024,01,FORD,03,Alicante,Private,PHEV,REST,Standard,6
2024,01,FORD,03,Alicante,RAC,ICE,REST,Standard,1
2024,01,HONDA,03,Alicante,Corporate,ICE,REST,Standard,1
2024,01,HONDA,03,Alicante,Private,ICE,REST,Standard,4
2024,01,HYUNDAI,03,Alicante,Corporate,BEV,REST,Standard,5
2024,01,HYUNDAI,03,Alicante,Corporate,ICE,REST,Standard,28
2024,01,HYUNDAI,03,Alicante,Corporate,PHEV,REST,Standard,5
2024,01,HYUNDAI,03,Alicante,Private,BEV,REST,Standard,2
2024,01,HYUNDAI,03,Alicante,Private,ICE,REST,Standard,131
2024,01,HYUNDAI,03,Alicante,Private,PHEV,REST,Standard,1
2024,01,JAGUAR,03,Alicante,Corporate,ICE,FOCUS SEGMENT,Standard,1
2024,01,JEEP,03,Alicante,Corporate,ICE,REST,Standard,26
2024,01,JEEP,03,Alicante,Private,ICE,REST,Standard,2
2024,01,KIA,03,Alicante,Corporate,BEV,REST,Standard,1
2024,01,KIA,03,Alicante,Corporate,ICE,REST,Standard,3
2024,01,KIA,03,Alicante,Corporate,PHEV,REST,Standard,3
2024,01,KIA,03,Alicante,Private,BEV,REST,Standard,2
2024,01,KIA,03,Alicante,Private,ICE,REST,Standard,129
2024,01,KIA,03,Alicante,Private,PHEV,REST,Standard,4
2024,01,LAND ROVER,03,Alicante,Corporate,ICE,FOCUS SEGMENT,Standard,1
2024,01,LAND ROVER,03,Alicante,Corporate,PHEV,FOCUS SEGMENT,Standard,7
2024,01,LAND ROVER,03,Alicante,Private,PHEV,FOCUS SEGMENT,Standard,4
2024,01,LAND ROVER,03,Alicante,RAC,ICE,FOCUS SEGMENT,Standard,1
2024,01,LEXUS,03,Alicante,Corporate,ICE,FOCUS SEGMENT,Standard,3
2024,01,LEXUS,03,Alicante,Corporate,PHEV,FOCUS SEGMENT,Standard,1
2024,01,LEXUS,03,Alicante,Private,ICE,FOCUS SEGMENT,Standard,17
2024,01,LEXUS,03,Alicante,Private,PHEV,FOCUS SEGMENT,Standard,2
2024,01,MASERATI,03,Alicante,Corporate,ICE,FOCUS SEGMENT,Standard,2
2024,01,MAZDA,03,Alicante,Corporate,ICE,REST,Standard,4
2024,01,MAZDA,03,Alicante,Private,ICE,REST,Standard,28
2024,01,MAZDA,03,Alicante,Private,PHEV,REST,Standard,1
2024,01,MERCEDES,03,Alicante,Corporate,BEV,FOCUS SEGMENT,Standard,3
2024,01,MERCEDES,03,Alicante,Corporate,ICE,FOCUS SEGMENT,M,1
2024,01,MERCEDES,03,Alicante,Corporate,ICE,FOCUS SEGMENT,M Performance,1
2024,01,MERCEDES,03,Alicante,Corporate,ICE,FOCUS SEGMENT,Standard,33
2024,01,MERCEDES,03,Alicante,Corporate,ICE,REST,Standard,4
2024,01,MERCEDES,03,Alicante,Corporate,PHEV,FOCUS SEGMENT,Standard,12
2024,01,MERCEDES,03,Alicante,Private,BEV,FOCUS SEGMENT,Standard,4
2024,01,MERCEDES,03,Alicante,Private,ICE,FOCUS SEGMENT,M Performance,2
2024,01,MERCEDES,03,Alicante,Private,ICE,FOCUS SEGMENT,Standard,31
2024,01,MERCEDES,03,Alicante,Private,ICE,REST,Standard,1
2024,01,MERCEDES,03,Alicante,Private,PHEV,FOCUS SEGMENT,Standard,17
2024,01,MERCEDES,03,Alicante,RAC,ICE,FOCUS SEGMENT,Standard,2
2024,01,MG,03,Alicante,Corporate,ICE,REST,Standard,4
2024,01,MG,03,Alicante,Corporate,PHEV,REST,Standard,1
2024,01,MG,03,Alicante,Private,BEV,REST,Standard,16
2024,01,MG,03,Alicante,Private,ICE,REST,Standard,109
2024,01,MG,03,Alicante,Private,PHEV,REST,Standard,7
2024,01,MINI,03,Alicante,Corporate,ICE,FOCUS SEGMENT,Standard,4
2024,01,MINI,03,Alicante,Corporate,PHEV,FOCUS SEGMENT,Standard,1
2024,01,MINI,03,Alicante,Private,ICE,FOCUS SEGMENT,JCW,1
2024,01,MINI,03,Alicante,Private,ICE,FOCUS SEGMENT,Standard,11
2024,01,MINI,03,Alicante,Private,PHEV,FOCUS SEGMENT,Standard,2
2024,01,MITSUBISHI,03,Alicante,Corporate,ICE,REST,Standard,1
2024,01,MITSUBISHI,03,Alicante,Private,ICE,REST,Standard,4
2024,01,NISSAN,03,Alicante,Corporate,ICE,REST,Standard,15
2024,01,NISSAN,03,Alicante,Private,ICE,REST,Standard,49
2024,01,OMODA,03,Alicante,Private,ICE,REST,Standard,2
2024,01,OPEL,03,Alicante,Corporate,ICE,REST,Standard,5
2024,01,OPEL,03,Alicante,Private,BEV,REST,Standard,1
2024,01,OPEL,03,Alicante,Private,ICE,REST,Standard,32
2024,01,PEUGEOT,03,Alicante,Corporate,ICE,REST,Standard,34
2024,01,PEUGEOT,03,Alicante,Corporate,PHEV,REST,Standard,1
2024,01,PEUGEOT,03,Alicante,Private,BEV,REST,Standard,1
2024,01,PEUGEOT,03,Alicante,Private,ICE,REST,Standard,84
2024,01,PEUGEOT,03,Alicante,Private,PHEV,REST,Standard,4
2024,01,PORSCHE,03,Alicante,Corporate,ICE,FOCUS SEGMENT,M,1
2024,01,PORSCHE,03,Alicante,Corporate,ICE,FOCUS SEGMENT,M Performance,2
2024,01,PORSCHE,03,Alicante,Corporate,ICE,FOCUS SEGMENT,Standard,1
2024,01,PORSCHE,03,Alicante,Corporate,PHEV,FOCUS SEGMENT,Standard,3
2024,01,PORSCHE,03,Alicante,Private,ICE,FOCUS SEGMENT,M,2
2024,01,PORSCHE,03,Alicante,Private,ICE,FOCUS SEGMENT,M Performance,1
2024,01,PORSCHE,03,Alicante,Private,ICE,FOCUS SEGMENT,Standard,5
2024,01,PORSCHE,03,Alicante,Private,PHEV,FOCUS SEGMENT,Standard,4
2024,01,PORSCHE,03,Alicante,RAC,ICE,FOCUS SEGMENT,Standard,1
2024,01,RENAULT,03,Alicante,Corporate,BEV,REST,Standard,1
2024,01,RENAULT,03,Alicante,Corporate,ICE,REST,Standard,10
2024,01,RENAULT,03,Alicante,Private,ICE,REST,Standard,90
2024,01,SEAT,03,Alicante,Corporate,ICE,REST,Standard,33
2024,01,SEAT,03,Alicante,Corporate,PHEV,REST,Standard,1
2024,01,SEAT,03,Alicante,Private,ICE,REST,Standard,114
2024,01,SKODA,03,Alicante,Corporate,BEV,REST,Standard,1
2024,01,SKODA,03,Alicante,Corporate,ICE,REST,Standard,3
2024,01,SKODA,03,Alicante,Private,ICE,REST,Standard,37
2024,01,SMART,03,Alicante,Corporate,BEV,FOCUS SEGMENT,Standard,5
2024,01,SMART,03,Alicante,Private,BEV,FOCUS SEGMENT,Standard,2
2024,01,SSANGYONG,03,Alicante,Corporate,ICE,REST,Standard,2
2024,01,SSANGYONG,03,Alicante,Private,ICE,REST,Standard,5
2024,01,SUBARU,03,Alicante,Corporate,ICE,REST,Standard,1
2024,01,SUBARU,03,Alicante,Private,ICE,REST,Standard,1
2024,01,SUZUKI,03,Alicante,Corporate,ICE,REST,Standard,1
2024,01,SUZUKI,03,Alicante,Private,ICE,REST,Standard,17
2024,01,TESLA,03,Alicante,Corporate,BEV,FOCUS SEGMENT,Standard,13
2024,01,TESLA,03,Alicante,Private,BEV,FOCUS SEGMENT,Standard,44
2024,01,TOYOTA,03,Alicante,Corporate,ICE,REST,Standard,30
2024,01,TOYOTA,03,Alicante,Corporate,PHEV,REST,Standard,2
2024,01,TOYOTA,03,Alicante,Private,ICE,REST,Standard,160
2024,01,TOYOTA,03,Alicante,Private,PHEV,REST,Standard,1
2024,01,VOLKSWAGEN,03,Alicante,Corporate,BEV,REST,Standard,2
2024,01,VOLKSWAGEN,03,Alicante,Corporate,ICE,REST,Standard,10
2024,01,VOLKSWAGEN,03,Alicante,Private,ICE,REST,Standard,59
2024,01,VOLKSWAGEN,03,Alicante,Private,PHEV,REST,Standard,1
2024,01,VOLVO,03,Alicante,Corporate,BEV,FOCUS SEGMENT,Standard,4
2024,01,VOLVO,03,Alicante,Corporate,ICE,FOCUS SEGMENT,Standard,3
2024,01,VOLVO,03,Alicante,Corporate,PHEV,FOCUS SEGMENT,Standard,1
2024,01,VOLVO,03,Alicante,Private,BEV,FOCUS SEGMENT,Standard,2
2024,01,VOLVO,03,Alicante,Private,ICE,FOCUS SEGMENT,Standard,6
2024,01,AUDI,04,Almería,Corporate,ICE,FOCUS SEGMENT,Standard,4
2024,01,AUDI,04,Almería,Corporate,PHEV,FOCUS SEGMENT,Standard,2
2024,01,AUDI,04,Almería,Private,ICE,FOCUS SEGMENT,Standard,12
2024,01,AUDI,04,Almería,Private,PHEV,FOCUS SEGMENT,Standard,1
2024,01,BMW,04,Almería,Corporate,ICE,FOCUS SEGMENT,M Performance,2
2024,01,BMW,04,Almería,Corporate,ICE,FOCUS SEGMENT,Standard,8
2024,01,BMW,04,Almería,Private,ICE,FOCUS SEGMENT,M,1
2024,01,BMW,04,Almería,Private,ICE,FOCUS SEGMENT,M Performance,4
2024,01,BMW,04,Almería,Private,ICE,FOCUS SEGMENT,Standard,25
2024,01,BMW,04,Almería,Private,PHEV,FOCUS SEGMENT,Standard,2
2024,01,CITROEN,04,Almería,Corporate,ICE,REST,Standard,7
2024,01,CITROEN,04,Almería,Private,ICE,REST,Standard,23
2024,01,CUPRA,04,Almería,Corporate,ICE,REST,Standard,1
2024,01,CUPRA,04,Almería,Corporate,PHEV,REST,Standard,1
2024,01,CUPRA,04,Almería,Private,ICE,REST,Standard,6
2024,01,DACIA,04,Almería,Corporate,ICE,REST,Standard,15
2024,01,DACIA,04,Almería,Private,ICE,REST,Standard,34
2024,01,DS,04,Almería,Private,ICE,REST,Standard,1
2024,01,FIAT,04,Almería,Private,ICE,REST,Standard,1
2024,01,FORD,04,Almería,Corporate,BEV,REST,Standard,1
2024,01,FORD,04,Almería,Corporate,ICE,REST,Standard,2
2024,01,FORD,04,Almería,Private,BEV,REST,Standard,2
2024,01,FORD,04,Almería,Private,ICE,REST,Standard,17
2024,01,HONDA,04,Almería,Private,ICE,REST,Standard,1
2024,01,HYUNDAI,04,Almería,Corporate,ICE,REST,Standard,12
2024,01,HYUNDAI,04,Almería,Corporate,PHEV,REST,Standard,1
2024,01,HYUNDAI,04,Almería,Private,ICE,REST,Standard,35
2024,01,JEEP,04,Almería,Private,ICE,REST,Standard,3
2024,01,KIA,04,Almería,Corporate,ICE,REST,Standard,2
2024,01,KIA,04,Almería,Private,BEV,REST,Standard,1
2024,01,KIA,04,Almería,Private,ICE,REST,Standard,33
2024,01,KIA,04,Almería,Private,PHEV,REST,Standard,4
2024,01,LAND ROVER,04,Almería,Corporate,ICE,FOCUS SEGMENT,Standard,2
2024,01,LAND ROVER,04,Almería,Corporate,PHEV,FOCUS SEGMENT,Standard,1
2024,01,MAZDA,04,Almería,Corporate,ICE,REST,Standard,2
2024,01,MAZDA,04,Almería,Private,ICE,REST,Standard,9
2024,01,MERCEDES,04,Almería,Corporate,ICE,FOCUS SEGMENT,Standard,7
2024,01,MERCEDES,04,Almería,Corporate,ICE,REST,Standard,2
2024,01,MERCEDES,04,Almería,Corporate,PHEV,FOCUS SEGMENT,Standard,8
2024,01,MERCEDES,04,Almería,Private,ICE,FOCUS SEGMENT,Standard,3
2024,01,MERCEDES,04,Almería,Private,ICE,REST,Standard,2
2024,01,MERCEDES,04,Almería,Private,PHEV,FOCUS SEGMENT,Standard,1
2024,01,MG,04,Almería,Corporate,PHEV,REST,Standard,2
2024,01,MG,04,Almería,Private,BEV,REST,Standard,2
2024,01,MG,04,Almería,Private,ICE,REST,Standard,14
2024,01,MG,04,Almería,Private,PHEV,REST,Standard,1
2024,01,MINI,04,Almería,Private,ICE,FOCUS SEGMENT,Standard,3
2024,01,MITSUBISHI,04,Almería,Corporate,ICE,REST,Standard,1
2024,01,MITSUBISHI,04,Almería,Private,ICE,REST,Standard,6
2024,01,NISSAN,04,Almería,Corporate,ICE,REST,Standard,13
2024,01,NISSAN,04,Almería,Private,ICE,REST,Standard,17
2024,01,OPEL,04,Almería,Corporate,ICE,REST,Standard,1
2024,01,OPEL,04,Almería,Private,ICE,REST,Standard,3
2024,01,PEUGEOT,04,Almería,Corporate,ICE,REST,Standard,2
2024,01,PEUGEOT,04,Almería,Private,ICE,REST,Standard,20
2024,01,PEUGEOT,04,Almería,Private,PHEV,REST,Standard,1
2024,01,PORSCHE,04,Almería,Corporate,ICE,FOCUS SEGMENT,M Performance,1
2024,01,PORSCHE,04,Almería,Private,ICE,FOCUS SEGMENT,M Performance,1
2024,01,REHATRANS,04,Almería,Private,ICE,REST,Standard,1
2024,01,RENAULT,04,Almería,Corporate,ICE,REST,Standard,7
2024,01,RENAULT,04,Almería,Corporate,PHEV,REST,Standard,1
2024,01,RENAULT,04,Almería,Private,ICE,REST,Standard,12
2024,01,SEAT,04,Almería,Corporate,ICE,REST,Standard,12
2024,01,SEAT,04,Almería,Private,ICE,REST,Standard,32
2024,01,SKODA,04,Almería,Corporate,ICE,REST,Standard,5
2024,01,SKODA,04,Almería,Private,BEV,REST,Standard,2
2024,01,SKODA,04,Almería,Private,ICE,REST,Standard,15
2024,01,SMART,04,Almería,Corporate,BEV,FOCUS SEGMENT,Standard,1
2024,01,SSANGYONG,04,Almería,Corporate,ICE,REST,Standard,1
2024,01,SSANGYONG,04,Almería,Private,ICE,REST,Standard,2
2024,01,SUZUKI,04,Almería,Corporate,ICE,REST,Standard,1
2024,01,SUZUKI,04,Almería,Private,ICE,REST,Standard,5
2024,01,TESLA,04,Almería,Private,BEV,FOCUS SEGMENT,Standard,7
2024,01,TOYOTA,04,Almería,Corporate,ICE,REST,Standard,11
2024,01,TOYOTA,04,Almería,Private,ICE,REST,Standard,46
2024,01,TOYOTA,04,Almería,Private,PHEV,REST,Standard,3
2024,01,VOLKSWAGEN,04,Almería,Corporate,BEV,REST,Standard,2
2024,01,VOLKSWAGEN,04,Almería,Corporate,ICE,REST,Standard,4
2024,01,VOLKSWAGEN,04,Almería,Private,ICE,REST,Standard,11
2024,01,VOLVO,04,Almería,Corporate,BEV,FOCUS SEGMENT,Standard,6
2024,01,VOLVO,04,Almería,Corporate,ICE,FOCUS SEGMENT,Standard,4
2024,01,VOLVO,04,Almería,Private,BEV,FOCUS SEGMENT,Standard,1
2024,01,VOLVO,04,Almería,Private,ICE,FOCUS SEGMENT,Standard,1
2024,01,AUDI,05,Ávila,Private,ICE,FOCUS SEGMENT,Standard,3
2024,01,AUDI,05,Ávila,Private,PHEV,FOCUS SEGMENT,Standard,1
2024,01,BMW,05,Ávila,Corporate,ICE,FOCUS SEGMENT,Standard,2
2024,01,BMW,05,Ávila,Private,ICE,FOCUS SEGMENT,Standard,2
2024,01,BYD,05,Ávila,Private,BEV,REST,Standard,2
2024,01,CITROEN,05,Ávila,Private,ICE,REST,Standard,1
2024,01,CUPRA,05,Ávila,Private,ICE,REST,Standard,1
2024,01,DACIA,05,Ávila,Private,ICE,REST,Standard,7
2024,01,FIAT,05,Ávila,Corporate,ICE,REST,Standard,3
2024,01,FORD,05,Ávila,Private,ICE,REST,Standard,5
2024,01,HYUNDAI,05,Ávila,Corporate,BEV,REST,Standard,1
2024,01,HYUNDAI,05,Ávila,Corporate,ICE,REST,Standard,3
2024,01,HYUNDAI,05,Ávila,Private,ICE,REST,Standard,10
2024,01,JEEP,05,Ávila,Corporate,ICE,REST,Standard,2
2024,01,JEEP,05,Ávila,Private,PHEV,REST,Standard,1
2024,01,KIA,05,Ávila,Corporate,ICE,REST,Standard,1
2024,01,KIA,05,Ávila,Private,ICE,REST,Standard,6
2024,01,MAZDA,05,Ávila,Corporate,ICE,REST,Standard,1
2024,01,MAZDA,05,Ávila,Corporate,PHEV,REST,Standard,1
2024,01,MAZDA,05,Ávila,Private,ICE,REST,Standard,3
2024,01,MERCEDES,05,Ávila,Private,ICE,FOCUS SEGMENT,Standard,1
2024,01,MG,05,Ávila,Private,ICE,REST,Standard,10
2024,01,MG,05,Ávila,Private,PHEV,REST,Standard,1
2024,01,MITSUBISHI,05,Ávila,Corporate,ICE,REST,Standard,1
2024,01,MITSUBISHI,05,Ávila,Private,ICE,REST,Standard,1
2024,01,NISSAN,05,Ávila,Private,ICE,REST,Standard,1
2024,01,OMODA,05,Ávila,Private,ICE,REST,Standard,1
2024,01,OPEL,05,Ávila,Corporate,ICE,REST,Standard,2
2024,01,PEUGEOT,05,Ávila,Private,ICE,REST,Standard,3
2024,01,RENAULT,05,Ávila,Private,ICE,REST,Standard,5
2024,01,SEAT,05,Ávila,Private,ICE,REST,Standard,2
2024,01,SKODA,05,Ávila,Private,ICE,REST,Standard,1
2024,01,SSANGYONG,05,Ávila,Private,ICE,REST,Standard,1
2024,01,SUZUKI,05,Ávila,Private,ICE,REST,Standard,1
2024,01,TESLA,05,Ávila,Private,BEV,FOCUS SEGMENT,Standard,1
2024,01,TOYOTA,05,Ávila,Corporate,ICE,REST,Standard,2
2024,01,TOYOTA,05,Ávila,Private,ICE,REST,Standard,18
2024,01,VOLKSWAGEN,05,Ávila,Private,ICE,REST,Standard,3
2024,01,VOLVO,05,Ávila,Corporate,BEV,FOCUS SEGMENT,Standard,2
2024,01,VOLVO,05,Ávila,Private,ICE,FOCUS SEGMENT,Standard,2
2024,01,AUDI,06,Badajoz,Corporate,ICE,FOCUS SEGMENT,M,1
2024,01,AUDI,06,Badajoz,Corporate,ICE,FOCUS SEGMENT,Standard,7
2024,01,AUDI,06,Badajoz,Private,ICE,FOCUS SEGMENT,Standard,7
2024,01,BMW,06,Badajoz,Corporate,ICE,FOCUS SEGMENT,Standard,9
2024,01,BMW,06,Badajoz,Corporate,PHEV,FOCUS SEGMENT,Standard,2
2024,01,BMW,06,Badajoz,Private,ICE,FOCUS SEGMENT,Standard,21
2024,01,BMW,06,Badajoz,Private,PHEV,FOCUS SEGMENT,Standard,1
2024,01,BYD,06,Badajoz,Private,BEV,REST,Standard,1
2024,01,CITROEN,06,Badajoz,Corporate,ICE,REST,Standard,2
2024,01,CITROEN,06,Badajoz,Corporate,PHEV,REST,Standard,1
2024,01,CITROEN,06,Badajoz,Private,BEV,REST,Standard,1
2024,01,CITROEN,06,Badajoz,Private,ICE,REST,Standard,12
2024,01,CITROEN,06,Badajoz,Private,PHEV,REST,Standard,1
2024,01,CUPRA,06,Badajoz,Corporate,PHEV,REST,Standard,1
2024,01,CUPRA,06,Badajoz,Private,ICE,REST,Standard,5
2024,01,DACIA,06,Badajoz,Corporate,ICE,REST,Standard,2
2024,01,DACIA,06,Badajoz,Private,ICE,REST,Standard,26
2024,01,FIAT,06,Badajoz,Private,ICE,REST,Standard,1
2024,01,FORD,06,Badajoz,Private,ICE,REST,Standard,4
2024,01,HYUNDAI,06,Badajoz,Corporate,ICE,REST,Standard,6
2024,01,HYUNDAI,06,Badajoz,Private,ICE,REST,Standard,27
2024,01,JEEP,06,Badajoz,Private,PHEV,REST,Standard,1
2024,01,KIA,06,Badajoz,Corporate,ICE,REST,Standard,10
2024,01,KIA,06,Badajoz,Private,BEV,REST,Standard,1
2024,01,KIA,06,Badajoz,Private,ICE,REST,Standard,18
2024,01,KIA,06,Badajoz,Private,PHEV,REST,Standard,1
2024,01,KIA,06,Badajoz,RAC,ICE,REST,Standard,5
2024,01,LAND ROVER,06,Badajoz,Corporate,ICE,FOCUS SEGMENT,Standard,1
2024,01,LEXUS,06,Badajoz,Private,ICE,FOCUS SEGMENT,Standard,2
2024,01,MAZDA,06,Badajoz,Corporate,ICE,REST,Standard,1
2024,01,MAZDA,06,Badajoz,Private,ICE,REST,Standard,9
2024,01,MERCEDES,06,Badajoz,Corporate,ICE,FOCUS SEGMENT,Standard,4
2024,01,MERCEDES,06,Badajoz,Corporate,PHEV,FOCUS SEGMENT,Standard,3
2024,01,MERCEDES,06,Badajoz,Private,ICE,FOCUS SEGMENT,Standard,12
2024,01,MERCEDES,06,Badajoz,Private,ICE,REST,Standard,1
2024,01,MERCEDES,06,Badajoz,Private,PHEV,FOCUS SEGMENT,Standard,2
2024,01,MG,06,Badajoz,Corporate,BEV,REST,Standard,1
2024,01,MG,06,Badajoz,Private,ICE,REST,Standard,26
2024,01,MG,06,Badajoz,Private,PHEV,REST,Standard,2
2024,01,MINI,06,Badajoz,Private,ICE,FOCUS SEGMENT,Standard,1
2024,01,MITSUBISHI,06,Badajoz,Private,ICE,REST,Standard,1
2024,01,NISSAN,06,Badajoz,Corporate,ICE,REST,Standard,2
2024,01,NISSAN,06,Badajoz,Private,ICE,REST,Standard,13
2024,01,OPEL,06,Badajoz,Corporate,BEV,REST,Standard,2
2024,01,OPEL,06,Badajoz,Corporate,ICE,REST,Standard,20
2024,01,OPEL,06,Badajoz,Private,ICE,REST,Standard,5
2024,01,PEUGEOT,06,Badajoz,Corporate,BEV,REST,Standard,2
2024,01,PEUGEOT,06,Badajoz,Corporate,ICE,REST,Standard,11
2024,01,PEUGEOT,06,Badajoz,Corporate,PHEV,REST,Standard,1
2024,01,PEUGEOT,06,Badajoz,Private,ICE,REST,Standard,8
2024,01,PEUGEOT,06,Badajoz,Private,PHEV,REST,Standard,1
2024,01,PORSCHE,06,Badajoz,Private,ICE,FOCUS SEGMENT,M Performance,1
2024,01,RENAULT,06,Badajoz,Corporate,ICE,REST,Standard,5
2024,01,RENAULT,06,Badajoz,Private,ICE,REST,Standard,9
2024,01,SEAT,06,Badajoz,Corporate,ICE,REST,Standard,2
2024,01,SEAT,06,Badajoz,Private,ICE,REST,Standard,23
2024,01,SKODA,06,Badajoz,Corporate,BEV,REST,Standard,1
2024,01,SKODA,06,Badajoz,Corporate,ICE,REST,Standard,1
2024,01,SKODA,06,Badajoz,Private,ICE,REST,Standard,12
2024,01,SMART,06,Badajoz,Private,BEV,FOCUS SEGMENT,Standard,1
2024,01,SUZUKI,06,Badajoz,Private,ICE,REST,Standard,2
2024,01,TESLA,06,Badajoz,Private,BEV,FOCUS SEGMENT,Standard,2
2024,01,TOYOTA,06,Badajoz,Corporate,ICE,REST,Standard,7
2024,01,TOYOTA,06,Badajoz,Corporate,PHEV,REST,Standard,1
2024,01,TOYOTA,06,Badajoz,Private,ICE,REST,Standard,39
2024,01,VOLKSWAGEN,06,Badajoz,Corporate,BEV,REST,Standard,1
2024,01,VOLKSWAGEN,06,Badajoz,Corporate,ICE,REST,Standard,3
2024,01,VOLKSWAGEN,06,Badajoz,Private,ICE,REST,Standard,15
2024,01,VOLKSWAGEN V W,06,Badajoz,Private,ICE,REST,Standard,1
2024,01,VOLVO,06,Badajoz,Corporate,ICE,FOCUS SEGMENT,Standard,1
2024,01,ABARTH,07,Baleares,Private,BEV,REST,Standard,1
2024,01,AUDI,07,Baleares,Corporate,BEV,FOCUS SEGMENT,M Performance,1
2024,01,AUDI,07,Baleares,Corporate,BEV,FOCUS SEGMENT,Standard,2
2024,01,AUDI,07,Baleares,Corporate,ICE,FOCUS SEGMENT,Standard,5
2024,01,AUDI,07,Baleares,Private,BEV,FOCUS SEGMENT,Standard,4
2024,01,AUDI,07,Baleares,Private,ICE,FOCUS SEGMENT,M,1
2024,01,AUDI,07,Baleares,Private,ICE,FOCUS SEGMENT,Standard,21
2024,01,AUDI,07,Baleares,Private,PHEV,FOCUS SEGMENT,Standard,2
2024,01,BENTLEY,07,Baleares,Private,ICE,FOCUS SEGMENT,Standard,1
2024,01,BMW,07,Baleares,Corporate,BEV,FOCUS SEGMENT,M Performance,2
2024,01,BMW,07,Baleares,Corporate,BEV,FOCUS SEGMENT,Standard,4
2024,01,BMW,07,Baleares,Corporate,ICE,FOCUS SEGMENT,M,1
2024,01,BMW,07,Baleares,Corporate,ICE,FOCUS SEGMENT,M Performance,1
2024,01,BMW,07,Baleares,Corporate,ICE,FOCUS SEGMENT,Standard,11
2024,01,BMW,07,Baleares,Corporate,PHEV,FOCUS SEGMENT,M Performance,1
2024,01,BMW,07,Baleares,Private,ICE,FOCUS SEGMENT,Standard,14
2024,01,BMW,07,Baleares,Private,PHEV,FOCUS SEGMENT,Standard,2
2024,01,BYD,07,Baleares,Private,BEV,REST,Standard,4
2024,01,CITROEN,07,Baleares,Corporate,ICE,REST,Standard,1
2024,01,CITROEN,07,Baleares,Private,BEV,REST,Standard,2
2024,01,CITROEN,07,Baleares,Private,ICE,REST,Standard,21
2024,01,CUPRA,07,Baleares,Corporate,BEV,REST,Standard,1
2024,01,CUPRA,07,Baleares,Corporate,ICE,REST,Standard,2
2024,01,CUPRA,07,Baleares,Corporate,PHEV,REST,Standard,1
2024,01,CUPRA,07,Baleares,Private,BEV,REST,Standard,1
2024,01,CUPRA,07,Baleares,Private,ICE,REST,Standard,4
2024,01,CUPRA,07,Baleares,Private,PHEV,REST,Standard,5
2024,01,DACIA,07,Baleares,Corporate,BEV,REST,Standard,3
2024,01,DACIA,07,Baleares,Corporate,ICE,REST,Standard,9
2024,01,DACIA,07,Baleares,Private,BEV,REST,Standard,5
2024,01,DACIA,07,Baleares,Private,ICE,REST,Standard,82
2024,01,DACIA,07,Baleares,RAC,ICE,REST,Standard,1
2024,01,DS,07,Baleares,Private,ICE,REST,Standard,2
2024,01,FIAT,07,Baleares,Corporate,BEV,REST,Standard,1
2024,01,FIAT,07,Baleares,Corporate,ICE,REST,Standard,1
2024,01,FIAT,07,Baleares,Private,BEV,REST,Standard,1
2024,01,FIAT,07,Baleares,Private,ICE,,Standard,1
2024,01,FIAT,07,Baleares,Private,ICE,REST,Standard,15
2024,01,FORD,07,Baleares,Corporate,ICE,REST,Standard,5
2024,01,FORD,07,Baleares,Private,ICE,REST,Standard,21
2024,01,FORD,07,Baleares,Private,PHEV,REST,Standard,1
2024,01,HONDA,07,Baleares,Private,BEV,REST,Standard,1
2024,01,HYUNDAI,07,Baleares,Corporate,BEV,REST,Standard,1
2024,01,HYUNDAI,07,Baleares,Corporate,ICE,REST,Standard,24
2024,01,HYUNDAI,07,Baleares,Private,BEV,REST,Standard,5
2024,01,HYUNDAI,07,Baleares,Private,ICE,REST,Standard,62
2024,01,HYUNDAI,07,Baleares,Private,PHEV,REST,Standard,2
2024,01,HYUNDAI,07,Baleares,RAC,ICE,REST,Standard,110
2024,01,INEOS,07,Baleares,Private,ICE,REST,Standard,1
2024,01,JAGUAR,07,Baleares,Corporate,PHEV,FOCUS SEGMENT,Standard,1
2024,01,JAGUAR,07,Baleares,RAC,ICE,FOCUS SEGMENT,Standard,1
2024,01,JEEP,07,Baleares,Corporate,BEV,REST,Standard,1
2024,01,JEEP,07,Baleares,Corporate,ICE,REST,Standard,1
2024,01,JEEP,07,Baleares,Corporate,PHEV,REST,Standard,1
2024,01,JEEP,07,Baleares,Private,ICE,REST,Standard,1
2024,01,JEEP,07,Baleares,Private,PHEV,REST,Standard,1
2024,01,KIA,07,Baleares,Corporate,ICE,REST,Standard,13
2024,01,KIA,07,Baleares,Corporate,PHEV,REST,Standard,2
2024,01,KIA,07,Baleares,Private,BEV,REST,Standard,3
2024,01,KIA,07,Baleares,Private,ICE,REST,Standard,66
2024,01,KIA,07,Baleares,Private,PHEV,REST,Standard,1
2024,01,LAND ROVER,07,Baleares,Corporate,ICE,FOCUS SEGMENT,Standard,3
2024,01,LAND ROVER,07,Baleares,Corporate,PHEV,FOCUS SEGMENT,Standard,3
2024,01,LAND ROVER,07,Baleares,Private,BEV,FOCUS SEGMENT,Standard,1
2024,01,LAND ROVER,07,Baleares,Private,ICE,FOCUS SEGMENT,Standard,1
2024,01,LAND ROVER,07,Baleares,Private,PHEV,FOCUS SEGMENT,Standard,6
2024,01,LAND ROVER,07,Baleares,RAC,ICE,FOCUS SEGMENT,Standard,5
2024,01,LAND ROVER,07,Baleares,RAC,PHEV,FOCUS SEGMENT,Standard,1
2024,01,LEXUS,07,Baleares,Corporate,ICE,FOCUS SEGMENT,Standard,1
2024,01,LEXUS,07,Baleares,Corporate,PHEV,FOCUS SEGMENT,Standard,1
2024,01,LEXUS,07,Baleares,Private,ICE,FOCUS SEGMENT,Standard,1
2024,01,LEXUS,07,Baleares,Private,PHEV,FOCUS SEGMENT,Standard,1
2024,01,MASERATI,07,Baleares,Private,ICE,FOCUS SEGMENT,Standard,1
2024,01,MAZDA,07,Baleares,Corporate,ICE,REST,Standard,3
2024,01,MAZDA,07,Baleares,Private,ICE,REST,Standard,10
2024,01,MAZDA,07,Baleares,Private,PHEV,REST,Standard,2
2024,01,MAZDA,07,Baleares,RAC,PHEV,REST,Standard,1
2024,01,MERCEDES,07,Baleares,Corporate,BEV,FOCUS SEGMENT,Standard,3
2024,01,MERCEDES,07,Baleares,Corporate,BEV,REST,Standard,1
2024,01,MERCEDES,07,Baleares,Corporate,ICE,FOCUS SEGMENT,Standard,4
2024,01,MERCEDES,07,Baleares,Corporate,ICE,REST,Standard,9
2024,01,MERCEDES,07,Baleares,Corporate,PHEV,FOCUS SEGMENT,Standard,2
2024,01,MERCEDES,07,Baleares,Private,BEV,FOCUS SEGMENT,Standard,4
2024,01,MERCEDES,07,Baleares,Private,BEV,REST,Standard,1
2024,01,MERCEDES,07,Baleares,Private,ICE,FOCUS SEGMENT,M,1
2024,01,MERCEDES,07,Baleares,Private,ICE,FOCUS SEGMENT,Standard,5
2024,01,MERCEDES,07,Baleares,Private,ICE,REST,Standard,2
2024,01,MERCEDES,07,Baleares,Private,PHEV,FOCUS SEGMENT,Standard,4
2024,01,MERCEDES,07,Baleares,RAC,ICE,FOCUS SEGMENT,Standard,4
2024,01,MERCEDES-V,07,Baleares,Corporate,ICE,REST,Standard,2
2024,01,MERCEDES-V,07,Baleares,Private,ICE,REST,Standard,1
2024,01,MG,07,Baleares,Corporate,BEV,REST,Standard,1
2024,01,MG,07,Baleares,Corporate,ICE,REST,Standard,1
2024,01,MG,07,Baleares,Private,BEV,REST,Standard,5
2024,01,MG,07,Baleares,Private,ICE,REST,Standard,41
2024,01,MG,07,Baleares,Private,PHEV,REST,Standard,4
2024,01,MG,07,Baleares,RAC,ICE,REST,Standard,1
2024,01,MINI,07,Baleares,Corporate,ICE,FOCUS SEGMENT,JCW,1
2024,01,MINI,07,Baleares,Corporate,ICE,FOCUS SEGMENT,Standard,7
2024,01,MINI,07,Baleares,Private,ICE,FOCUS SEGMENT,Standard,3
2024,01,MITSUBISHI,07,Baleares,Corporate,ICE,REST,Standard,2
2024,01,MITSUBISHI,07,Baleares,Corporate,PHEV,REST,Standard,1
2024,01,MITSUBISHI,07,Baleares,Private,ICE,REST,Standard,5
2024,01,NISSAN,07,Baleares,Corporate,ICE,REST,Standard,9
2024,01,NISSAN,07,Baleares,Private,ICE,REST,Standard,22
2024,01,OPEL,07,Baleares,Corporate,BEV,REST,Standard,4
2024,01,OPEL,07,Baleares,Corporate,ICE,REST,Standard,15
2024,01,OPEL,07,Baleares,Private,BEV,REST,Standard,1
2024,01,OPEL,07,Baleares,Private,ICE,REST,Standard,30
2024,01,OPEL,07,Baleares,RAC,ICE,REST,Standard,10
2024,01,PEUGEOT,07,Baleares,Corporate,BEV,REST,Standard,5
2024,01,PEUGEOT,07,Baleares,Corporate,ICE,REST,Standard,8
2024,01,PEUGEOT,07,Baleares,Corporate,PHEV,REST,Standard,2
2024,01,PEUGEOT,07,Baleares,Private,BEV,REST,Standard,1
2024,01,PEUGEOT,07,Baleares,Private,ICE,REST,Standard,38
2024,01,PEUGEOT,07,Baleares,Private,PHEV,REST,Standard,1
2024,01,PEUGEOT,07,Baleares,RAC,ICE,REST,Standard,7
2024,01,PORSCHE,07,Baleares,Corporate,ICE,FOCUS SEGMENT,M Performance,1
2024,01,PORSCHE,07,Baleares,Corporate,PHEV,FOCUS SEGMENT,Standard,2
2024,01,PORSCHE,07,Baleares,Private,ICE,FOCUS SEGMENT,M Performance,3
2024,01,PORSCHE,07,Baleares,Private,ICE,FOCUS SEGMENT,Standard,2
2024,01,PORSCHE,07,Baleares,Private,PHEV,FOCUS SEGMENT,Standard,2
2024,01,PORSCHE,07,Baleares,RAC,ICE,FOCUS SEGMENT,Standard,6
2024,01,RENAULT,07,Baleares,Corporate,BEV,REST,Standard,1
2024,01,RENAULT,07,Baleares,Corporate,ICE,REST,Standard,21
2024,01,RENAULT,07,Baleares,Private,ICE,REST,Standard,36
2024,01,SEAT,07,Baleares,Corporate,ICE,REST,Standard,18
2024,01,SEAT,07,Baleares,Private,ICE,REST,Standard,86
2024,01,SKODA,07,Baleares,Corporate,ICE,REST,Standard,2
2024,01,SKODA,07,Baleares,Private,ICE,REST,Standard,23
2024,01,SKODA,07,Baleares,RAC,ICE,REST,Standard,6
2024,01,SMART,07,Baleares,Corporate,BEV,FOCUS SEGMENT,Standard,6
2024,01,SMART,07,Baleares,Private,BEV,FOCUS SEGMENT,Standard,2
2024,01,SSANGYONG,07,Baleares,Private,ICE,REST,Standard,2
2024,01,SUBARU,07,Baleares,Private,ICE,REST,Standard,1
2024,01,SUZUKI,07,Baleares,Corporate,ICE,REST,Standard,2
2024,01,SUZUKI,07,Baleares,Private,ICE,REST,Standard,12
2024,01,TESLA,07,Baleares,Corporate,BEV,FOCUS SEGMENT,Standard,4
2024,01,TESLA,07,Baleares,Private,BEV,FOCUS SEGMENT,Standard,18
2024,01,TOYOTA,07,Baleares,Corporate,BEV,REST,Standard,3
2024,01,TOYOTA,07,Baleares,Corporate,ICE,REST,Standard,24
2024,01,TOYOTA,07,Baleares,Private,BEV,REST,Standard,2
2024,01,TOYOTA,07,Baleares,Private,ICE,REST,Standard,194
2024,01,TOYOTA,07,Baleares,Private,PHEV,REST,Standard,2
2024,01,VOLKSWAGEN,07,Baleares,Corporate,ICE,REST,Standard,6
2024,01,VOLKSWAGEN,07,Baleares,Private,BEV,REST,Standard,2
2024,01,VOLKSWAGEN,07,Baleares,Private,ICE,REST,Standard,42
2024,01,VOLVO,07,Baleares,Corporate,BEV,FOCUS SEGMENT,Standard,3
2024,01,VOLVO,07,Baleares,Private,BEV,FOCUS SEGMENT,Standard,7
2024,01,VOLVO,07,Baleares,Private,ICE,FOCUS SEGMENT,Standard,5
2024,01,ALFA ROMEO,08,Barcelona,Corporate,ICE,REST,Standard,18
2024,01,ALFA ROMEO,08,Barcelona,Corporate,PHEV,REST,Standard,7
2024,01,ALFA ROMEO,08,Barcelona,Private,ICE,REST,Standard,2
2024,01,ALPINE,08,Barcelona,Corporate,ICE,REST,Standard,1
2024,01,AUDI,08,Barcelona,Corporate,BEV,FOCUS SEGMENT,Standard,5
2024,01,AUDI,08,Barcelona,Corporate,ICE,FOCUS SEGMENT,M,4
2024,01,AUDI,08,Barcelona,Corporate,ICE,FOCUS SEGMENT,M Performance,2
2024,01,AUDI,08,Barcelona,Corporate,ICE,FOCUS SEGMENT,Standard,93
2024,01,AUDI,08,Barcelona,Corporate,PHEV,FOCUS SEGMENT,Standard,14
2024,01,AUDI,08,Barcelona,Private,BEV,FOCUS SEGMENT,Standard,2
2024,01,AUDI,08,Barcelona,Private,ICE,FOCUS SEGMENT,M,2
2024,01,AUDI,08,Barcelona,Private,ICE,FOCUS SEGMENT,M Performance,4
2024,01,AUDI,08,Barcelona,Private,ICE,FOCUS SEGMENT,Standard,91
2024,01,AUDI,08,Barcelona,Private,PHEV,FOCUS SEGMENT,Standard,10
2024,01,BMW,08,Barcelona,Corporate,BEV,FOCUS SEGMENT,M Performance,1
2024,01,BMW,08,Barcelona,Corporate,BEV,FOCUS SEGMENT,Standard,5
2024,01,BMW,08,Barcelona,Corporate,ICE,FOCUS SEGMENT,M,8
2024,01,BMW,08,Barcelona,Corporate,ICE,FOCUS SEGMENT,Standard,43
2024,01,BMW,08,Barcelona,Corporate,PHEV,FOCUS SEGMENT,M,1
2024,01,BMW,08,Barcelona,Corporate,PHEV,FOCUS SEGMENT,Standard,9
2024,01,BMW,08,Barcelona,Private,BEV,FOCUS SEGMENT,Standard,6
2024,01,BMW,08,Barcelona,Private,ICE,FOCUS SEGMENT,M,1
2024,01,BMW,08,Barcelona,Private,ICE,FOCUS SEGMENT,M Performance,8
2024,01,BMW,08,Barcelona,Private,ICE,FOCUS SEGMENT,Standard,88
2024,01,BMW,08,Barcelona,Private,PHEV,FOCUS SEGMENT,Standard,9
2024,01,BYD,08,Barcelona,Corporate,BEV,REST,Standard,2
2024,01,BYD,08,Barcelona,Private,BEV,REST,Standard,18
2024,01,CITROEN,08,Barcelona,Corporate,BEV,REST,Standard,10
2024,01,CITROEN,08,Barcelona,Corporate,ICE,REST,Standard,133
2024,01,CITROEN,08,Barcelona,Corporate,PHEV,REST,Standard,2
2024,01,CITROEN,08,Barcelona,Private,BEV,REST,Standard,4
2024,01,CITROEN,08,Barcelona,Private,ICE,REST,Standard,88
2024,01,CITROEN,08,Barcelona,Private,PHEV,REST,Standard,1
2024,01,CUPRA,08,Barcelona,Corporate,BEV,REST,Standard,6
2024,01,CUPRA,08,Barcelona,Corporate,ICE,REST,Standard,46
2024,01,CUPRA,08,Barcelona,Corporate,PHEV,REST,Standard,12
2024,01,CUPRA,08,Barcelona,Private,BEV,REST,Standard,2
2024,01,CUPRA,08,Barcelona,Private,ICE,REST,Standard,59
2024,01,CUPRA,08,Barcelona,Private,PHEV,REST,Standard,10
2024,01,DACIA,08,Barcelona,Corporate,BEV,REST,Standard,1
2024,01,DACIA,08,Barcelona,Corporate,ICE,REST,Standard,31
2024,01,DACIA,08,Barcelona,Private,BEV,REST,Standard,4
2024,01,DACIA,08,Barcelona,Private,ICE,REST,Standard,314
2024,01,DR,08,Barcelona,Private,ICE,,Standard,1
2024,01,DR,08,Barcelona,Private,ICE,REST,Standard,3
2024,01,DS,08,Barcelona,Private,PHEV,REST,Standard,2
2024,01,FAW,08,Barcelona,Corporate,BEV,REST,Standard,1
2024,01,FERRARI,08,Barcelona,Corporate,ICE,FOCUS SEGMENT,Standard,1
2024,01,FERRARI,08,Barcelona,Corporate,PHEV,FOCUS SEGMENT,Standard,1
2024,01,FERRARI,08,Barcelona,Private,ICE,FOCUS SEGMENT,Standard,1
2024,01,FERRARI,08,Barcelona,Private,PHEV,FOCUS SEGMENT,Standard,2
2024,01,FIAT,08,Barcelona,Corporate,BEV,REST,Standard,6
2024,01,FIAT,08,Barcelona,Corporate,ICE,,Standard,8
2024,01,FIAT,08,Barcelona,Corporate,ICE,REST,Standard,29
2024,01,FIAT,08,Barcelona,Private,BEV,REST,Standard,1
2024,01,FIAT,08,Barcelona,Private,ICE,,Standard,4
2024,01,FIAT,08,Barcelona,Private,ICE,REST,Standard,70
2024,01,FIAT,08,Barcelona,RAC,ICE,REST,Standard,1
2024,01,FORD,08,Barcelona,Corporate,BEV,REST,Standard,1
2024,01,FORD,08,Barcelona,Corporate,ICE,REST,Standard,80
2024,01,FORD,08,Barcelona,Corporate,PHEV,REST,Standard,1
2024,01,FORD,08,Barcelona,Private,BEV,REST,Standard,2
2024,01,FORD,08,Barcelona,Private,ICE,REST,Standard,120
2024,01,FORD,08,Barcelona,Private,PHEV,REST,Standard,12
2024,01,FORD,08,Barcelona,RAC,ICE,REST,Standard,1
2024,01,HONDA,08,Barcelona,Corporate,BEV,REST,Standard,1
2024,01,HONDA,08,Barcelona,Corporate,ICE,REST,Standard,32
2024,01,HONDA,08,Barcelona,Corporate,PHEV,REST,Standard,10
2024,01,HONDA,08,Barcelona,Private,ICE,REST,Standard,28
2024,01,HYUNDAI,08,Barcelona,Corporate,ICE,REST,Standard,24
2024,01,HYUNDAI,08,Barcelona,Corporate,PHEV,REST,Standard,3
2024,01,HYUNDAI,08,Barcelona,Private,BEV,REST,Standard,10
2024,01,HYUNDAI,08,Barcelona,Private,ICE,REST,Standard,309
2024,01,HYUNDAI,08,Barcelona,Private,PHEV,REST,Standard,13
2024,01,INEOS,08,Barcelona,Corporate,ICE,REST,Standard,1
2024,01,JAGUAR,08,Barcelona,Corporate,ICE,FOCUS SEGMENT,Standard,3
2024,01,JAGUAR,08,Barcelona,Corporate,PHEV,FOCUS SEGMENT,Standard,1
2024,01,JAGUAR,08,Barcelona,Private,ICE,FOCUS SEGMENT,Standard,1
2024,01,JEEP,08,Barcelona,Corporate,BEV,REST,Standard,1
2024,01,JEEP,08,Barcelona,Corporate,ICE,REST,Standard,217
2024,01,JEEP,08,Barcelona,Corporate,PHEV,REST,Standard,2
2024,01,JEEP,08,Barcelona,Private,BEV,REST,Standard,1
2024,01,JEEP,08,Barcelona,Private,ICE,REST,Standard,22
2024,01,JEEP,08,Barcelona,Private,PHEV,REST,Standard,6
2024,01,JEEP,08,Barcelona,RAC,ICE,REST,Standard,7
2024,01,KIA,08,Barcelona,Corporate,BEV,REST,Standard,3
2024,01,KIA,08,Barcelona,Corporate,ICE,REST,Standard,29
2024,01,KIA,08,Barcelona,Corporate,PHEV,REST,Standard,26
2024,01,KIA,08,Barcelona,Private,BEV,REST,Standard,11
2024,01,KIA,08,Barcelona,Private,ICE,REST,Standard,307
2024,01,KIA,08,Barcelona,Private,PHEV,REST,Standard,32
2024,01,LAMBORGHINI,08,Barcelona,Corporate,ICE,FOCUS SEGMENT,Standard,1
2024,01,LAMBORGHINI,08,Barcelona,Private,ICE,FOCUS SEGMENT,Standard,1
2024,01,LAND ROVER,08,Barcelona,Corporate,ICE,FOCUS SEGMENT,Standard,13
2024,01,LAND ROVER,08,Barcelona,Corporate,PHEV,FOCUS SEGMENT,Standard,12
2024,01,LAND ROVER,08,Barcelona,Private,ICE,FOCUS SEGMENT,Standard,9
2024,01,LAND ROVER,08,Barcelona,Private,PHEV,FOCUS SEGMENT,Standard,5
2024,01,LAND ROVER,08,Barcelona,RAC,ICE,FOCUS SEGMENT,Standard,3
2024,01,LEXUS,08,Barcelona,Corporate,ICE,FOCUS SEGMENT,Standard,18
2024,01,LEXUS,08,Barcelona,Corporate,ICE,REST,Standard,1
2024,01,LEXUS,08,Barcelona,Corporate,PHEV,FOCUS SEGMENT,Standard,4
2024,01,LEXUS,08,Barcelona,Private,BEV,FOCUS SEGMENT,Standard,1
2024,01,LEXUS,08,Barcelona,Private,ICE,FOCUS SEGMENT,Standard,29
2024,01,LEXUS,08,Barcelona,Private,PHEV,FOCUS SEGMENT,Standard,5
2024,01,LYNK & CO,08,Barcelona,RAC,PHEV,REST,Standard,56
2024,01,MASERATI,08,Barcelona,Corporate,ICE,FOCUS SEGMENT,Standard,1
2024,01,MASERATI,08,Barcelona,Private,ICE,FOCUS SEGMENT,Standard,4
2024,01,MAZDA,08,Barcelona,Corporate,ICE,REST,Standard,20
2024,01,MAZDA,08,Barcelona,Corporate,PHEV,REST,Standard,5
2024,01,MAZDA,08,Barcelona,Private,ICE,REST,Standard,87
2024,01,MAZDA,08,Barcelona,Private,PHEV,REST,Standard,3
2024,01,MERCEDES,08,Barcelona,Corporate,BEV,FOCUS SEGMENT,M Performance,1
2024,01,MERCEDES,08,Barcelona,Corporate,BEV,FOCUS SEGMENT,Standard,8
2024,01,MERCEDES,08,Barcelona,Corporate,BEV,REST,Standard,4
2024,01,MERCEDES,08,Barcelona,Corporate,ICE,FOCUS SEGMENT,M,6
2024,01,MERCEDES,08,Barcelona,Corporate,ICE,FOCUS SEGMENT,M Performance,7
2024,01,MERCEDES,08,Barcelona,Corporate,ICE,FOCUS SEGMENT,Standard,120
2024,01,MERCEDES,08,Barcelona,Corporate,ICE,REST,Standard,19
2024,01,MERCEDES,08,Barcelona,Corporate,PHEV,FOCUS SEGMENT,M,1
2024,01,MERCEDES,08,Barcelona,Corporate,PHEV,FOCUS SEGMENT,Standard,37
2024,01,MERCEDES,08,Barcelona,Private,BEV,FOCUS SEGMENT,Standard,6
2024,01,MERCEDES,08,Barcelona,Private,ICE,FOCUS SEGMENT,M,2
2024,01,MERCEDES,08,Barcelona,Private,ICE,FOCUS SEGMENT,M Performance,3
2024,01,MERCEDES,08,Barcelona,Private,ICE,FOCUS SEGMENT,Standard,65
2024,01,MERCEDES,08,Barcelona,Private,ICE,REST,Standard,3
2024,01,MERCEDES,08,Barcelona,Private,PHEV,FOCUS SEGMENT,Standard,29
2024,01,MERCEDES,08,Barcelona,RAC,ICE,FOCUS SEGMENT,Standard,5
2024,01,MERCEDES,08,Barcelona,RAC,ICE,REST,Standard,4
2024,01,MERCEDES-V,08,Barcelona,Corporate,ICE,REST,Standard,11
2024,01,MERCEDES-V,08,Barcelona,Private,ICE,REST,Standard,1
2024,01,MG,08,Barcelona,Corporate,BEV,REST,Standard,2
2024,01,MG,08,Barcelona,Corporate,ICE,REST,Standard,5
2024,01,MG,08,Barcelona,Corporate,PHEV,REST,Standard,1
2024,01,MG,08,Barcelona,Private,BEV,REST,Standard,15
2024,01,MG,08,Barcelona,Private,ICE,REST,Standard,142
2024,01,MG,08,Barcelona,Private,PHEV,REST,Standard,12
2024,01,MINI,08,Barcelona,Corporate,BEV,FOCUS SEGMENT,Standard,1
2024,01,MINI,08,Barcelona,Corporate,ICE,FOCUS SEGMENT,JCW,3
2024,01,MINI,08,Barcelona,Corporate,ICE,FOCUS SEGMENT,Standard,6
2024,01,MINI,08,Barcelona,Private,ICE,FOCUS SEGMENT,JCW,1
2024,01,MINI,08,Barcelona,Private,ICE,FOCUS SEGMENT,Standard,28
2024,01,MINI,08,Barcelona,Private,PHEV,FOCUS SEGMENT,Standard,2
2024,01,MITSUBISHI,08,Barcelona,Corporate,ICE,REST,Standard,2
2024,01,MITSUBISHI,08,Barcelona,Private,ICE,REST,Standard,6
2024,01,NISSAN,08,Barcelona,Corporate,BEV,REST,Standard,3
2024,01,NISSAN,08,Barcelona,Corporate,ICE,REST,Standard,69
2024,01,NISSAN,08,Barcelona,Private,ICE,REST,Standard,107
2024,01,OMODA,08,Barcelona,Private,ICE,REST,Standard,3
2024,01,OPEL,08,Barcelona,Corporate,BEV,REST,Standard,3
2024,01,OPEL,08,Barcelona,Corporate,ICE,REST,Standard,69
2024,01,OPEL,08,Barcelona,Private,BEV,REST,Standard,1
2024,01,OPEL,08,Barcelona,Private,ICE,REST,Standard,67
2024,01,PEUGEOT,08,Barcelona,Corporate,BEV,REST,Standard,10
2024,01,PEUGEOT,08,Barcelona,Corporate,ICE,REST,Standard,79
2024,01,PEUGEOT,08,Barcelona,Corporate,PHEV,REST,Standard,4
2024,01,PEUGEOT,08,Barcelona,Private,BEV,REST,Standard,3
2024,01,PEUGEOT,08,Barcelona,Private,ICE,REST,Standard,175
2024,01,PEUGEOT,08,Barcelona,Private,PHEV,REST,Standard,8
2024,01,PORSCHE,08,Barcelona,Corporate,ICE,FOCUS SEGMENT,M,2
2024,01,PORSCHE,08,Barcelona,Corporate,ICE,FOCUS SEGMENT,M Performance,8
2024,01,PORSCHE,08,Barcelona,Corporate,ICE,FOCUS SEGMENT,Standard,18
2024,01,PORSCHE,08,Barcelona,Corporate,PHEV,FOCUS SEGMENT,M,2
2024,01,PORSCHE,08,Barcelona,Corporate,PHEV,FOCUS SEGMENT,Standard,4
2024,01,PORSCHE,08,Barcelona,Private,ICE,FOCUS SEGMENT,M,3
2024,01,PORSCHE,08,Barcelona,Private,ICE,FOCUS SEGMENT,M Performance,10
2024,01,PORSCHE,08,Barcelona,Private,ICE,FOCUS SEGMENT,Standard,5
2024,01,PORSCHE,08,Barcelona,Private,PHEV,FOCUS SEGMENT,M Performance,2
2024,01,PORSCHE,08,Barcelona,Private,PHEV,FOCUS SEGMENT,Standard,6
2024,01,PORSCHE,08,Barcelona,RAC,ICE,FOCUS SEGMENT,M Performance,2
2024,01,PORSCHE,08,Barcelona,RAC,ICE,FOCUS SEGMENT,Standard,1
2024,01,RENAULT,08,Barcelona,Corporate,BEV,REST,Standard,1
2024,01,RENAULT,08,Barcelona,Corporate,ICE,REST,Standard,36
2024,01,RENAULT,08,Barcelona,Private,BEV,REST,Standard,4
2024,01,RENAULT,08,Barcelona,Private,ICE,REST,Standard,182
2024,01,SEAT,08,Barcelona,Corporate,ICE,REST,Standard,160
2024,01,SEAT,08,Barcelona,Corporate,PHEV,REST,Standard,8
2024,01,SEAT,08,Barcelona,Private,ICE,REST,Standard,433
2024,01,SEAT,08,Barcelona,Private,PHEV,REST,Standard,1
2024,01,SEAT,08,Barcelona,RAC,ICE,REST,Standard,1
2024,01,SKODA,08,Barcelona,Corporate,BEV,REST,Standard,3
2024,01,SKODA,08,Barcelona,Corporate,ICE,REST,Standard,41
2024,01,SKODA,08,Barcelona,Corporate,PHEV,REST,Standard,4
2024,01,SKODA,08,Barcelona,Private,ICE,REST,Standard,119
2024,01,SMART,08,Barcelona,Corporate,BEV,FOCUS SEGMENT,Standard,15
2024,01,SMART,08,Barcelona,Corporate,BEV,REST,Standard,5
2024,01,SMART,08,Barcelona,Private,BEV,FOCUS SEGMENT,Standard,2
2024,01,SMART,08,Barcelona,Private,BEV,REST,Standard,4
2024,01,SSANGYONG,08,Barcelona,Corporate,ICE,REST,Standard,2
2024,01,SSANGYONG,08,Barcelona,Private,ICE,REST,Standard,3
2024,01,SUBARU,08,Barcelona,Corporate,ICE,REST,Standard,5
2024,01,SUBARU,08,Barcelona,Private,ICE,REST,Standard,6
2024,01,SUZUKI,08,Barcelona,Corporate,ICE,REST,Standard,3
2024,01,SUZUKI,08,Barcelona,Private,ICE,REST,Standard,24
2024,01,TESLA,08,Barcelona,Corporate,BEV,FOCUS SEGMENT,Standard,82
2024,01,TESLA,08,Barcelona,Private,BEV,FOCUS SEGMENT,Standard,117
2024,01,TOYOTA,08,Barcelona,Corporate,BEV,REST,Standard,3
2024,01,TOYOTA,08,Barcelona,Corporate,ICE,REST,Standard,100
2024,01,TOYOTA,08,Barcelona,Corporate,PHEV,REST,Standard,8
2024,01,TOYOTA,08,Barcelona,Private,BEV,REST,Standard,3
2024,01,TOYOTA,08,Barcelona,Private,ICE,REST,Standard,806
2024,01,TOYOTA,08,Barcelona,Private,PHEV,REST,Standard,17
2024,01,TOYOTA,08,Barcelona,RAC,ICE,REST,Standard,50
2024,01,VOLKSWAGEN,08,Barcelona,Corporate,BEV,REST,Standard,6
2024,01,VOLKSWAGEN,08,Barcelona,Corporate,ICE,REST,Standard,101
2024,01,VOLKSWAGEN,08,Barcelona,Corporate,PHEV,REST,Standard,2
2024,01,VOLKSWAGEN,08,Barcelona,Private,BEV,REST,Standard,3
2024,01,VOLKSWAGEN,08,Barcelona,Private,ICE,REST,Standard,148
2024,01,VOLKSWAGEN,08,Barcelona,Private,PHEV,REST,Standard,5
2024,01,VOLKSWAGEN,08,Barcelona,RAC,ICE,REST,Standard,3
2024,01,VOLVO,08,Barcelona,Corporate,BEV,FOCUS SEGMENT,Standard,8
2024,01,VOLVO,08,Barcelona,Corporate,ICE,FOCUS SEGMENT,Standard,12
2024,01,VOLVO,08,Barcelona,Corporate,PHEV,FOCUS SEGMENT,Standard,1
2024,01,VOLVO,08,Barcelona,Private,BEV,FOCUS SEGMENT,Standard,5
2024,01,VOLVO,08,Barcelona,Private,ICE,FOCUS SEGMENT,Standard,43
2024,01,VOLVO,08,Barcelona,Private,PHEV,FOCUS SEGMENT,Standard,1
2024,01,YUDO,08,Barcelona,Corporate,BEV,REST,Standard,2
2024,01,YUDO,08,Barcelona,Private,BEV,REST,Standard,2
2024,01,AUDI,09,Burgos,Corporate,ICE,FOCUS SEGMENT,Standard,7
2024,01,AUDI,09,Burgos,Private,ICE,FOCUS SEGMENT,M,1
2024,01,AUDI,09,Burgos,Private,ICE,FOCUS SEGMENT,Standard,5
2024,01,AUDI,09,Burgos,Private,PHEV,FOCUS SEGMENT,Standard,1
2024,01,BMW,09,Burgos,Corporate,ICE,FOCUS SEGMENT,Standard,3
2024,01,BMW,09,Burgos,Private,ICE,FOCUS SEGMENT,Standard,8
2024,01,BMW,09,Burgos,Private,PHEV,FOCUS SEGMENT,Standard,2
2024,01,BYD,09,Burgos,Private,BEV,REST,Standard,1
2024,01,CITROEN,09,Burgos,Corporate,BEV,REST,Standard,1
2024,01,CITROEN,09,Burgos,Corporate,ICE,REST,Standard,4
2024,01,CITROEN,09,Burgos,Corporate,PHEV,REST,Standard,1
2024,01,CITROEN,09,Burgos,Private,ICE,REST,Standard,4
2024,01,CUPRA,09,Burgos,Private,ICE,REST,Standard,1
2024,01,DACIA,09,Burgos,Corporate,ICE,REST,Standard,8
2024,01,DACIA,09,Burgos,Private,ICE,REST,Standard,14
2024,01,FIAT,09,Burgos,Corporate,BEV,REST,Standard,1
2024,01,FORD,09,Burgos,Private,ICE,REST,Standard,1
2024,01,HONDA,09,Burgos,Corporate,ICE,REST,Standard,1
2024,01,HONDA,09,Burgos,Private,ICE,REST,Standard,2
2024,01,HYUNDAI,09,Burgos,Corporate,ICE,REST,Standard,15
2024,01,HYUNDAI,09,Burgos,Private,ICE,REST,Standard,15
2024,01,HYUNDAI,09,Burgos,Private,PHEV,REST,Standard,4
2024,01,KIA,09,Burgos,Corporate,BEV,REST,Standard,1
2024,01,KIA,09,Burgos,Corporate,ICE,REST,Standard,3
2024,01,KIA,09,Burgos,Corporate,PHEV,REST,Standard,1
2024,01,KIA,09,Burgos,Private,BEV,REST,Standard,1
2024,01,KIA,09,Burgos,Private,ICE,REST,Standard,16
2024,01,KIA,09,Burgos,Private,PHEV,REST,Standard,1
2024,01,LEXUS,09,Burgos,Corporate,ICE,FOCUS SEGMENT,Standard,18
2024,01,LEXUS,09,Burgos,Corporate,PHEV,FOCUS SEGMENT,Standard,3
2024,01,LEXUS,09,Burgos,Private,ICE,FOCUS SEGMENT,Standard,5
2024,01,MAZDA,09,Burgos,Private,ICE,REST,Standard,8
2024,01,MERCEDES,09,Burgos,Corporate,BEV,FOCUS SEGMENT,Standard,1
2024,01,MERCEDES,09,Burgos,Corporate,ICE,FOCUS SEGMENT,Standard,6
2024,01,MERCEDES,09,Burgos,Private,ICE,FOCUS SEGMENT,M,1
2024,01,MERCEDES,09,Burgos,Private,ICE,FOCUS SEGMENT,Standard,8
2024,01,MERCEDES,09,Burgos,Private,ICE,REST,Standard,1
2024,01,MERCEDES,09,Burgos,Private,PHEV,FOCUS SEGMENT,Standard,1
2024,01,MG,09,Burgos,Corporate,ICE,REST,Standard,1
2024,01,MG,09,Burgos,Private,BEV,REST,Standard,1
2024,01,MG,09,Burgos,Private,ICE,REST,Standard,11
2024,01,MINI,09,Burgos,Corporate,ICE,FOCUS SEGMENT,Standard,1
2024,01,MITSUBISHI,09,Burgos,Corporate,ICE,REST,Standard,2
2024,01,MITSUBISHI,09,Burgos,Corporate,PHEV,REST,Standard,2
2024,01,MITSUBISHI,09,Burgos,Private,ICE,REST,Standard,2
2024,01,MITSUBISHI,09,Burgos,Private,PHEV,REST,Standard,1
2024,01,NISSAN,09,Burgos,Private,BEV,REST,Standard,1
2024,01,NISSAN,09,Burgos,Private,ICE,REST,Standard,5
2024,01,OPEL,09,Burgos,Private,ICE,REST,Standard,4
2024,01,PEUGEOT,09,Burgos,Corporate,PHEV,REST,Standard,1
2024,01,PEUGEOT,09,Burgos,Private,ICE,REST,Standard,4
2024,01,RENAULT,09,Burgos,Corporate,ICE,REST,Standard,5
2024,01,RENAULT,09,Burgos,Private,ICE,REST,Standard,9
2024,01,RENAULT,09,Burgos,RAC,ICE,REST,Standard,3
2024,01,SEAT,09,Burgos,Corporate,ICE,REST,Standard,3
2024,01,SEAT,09,Burgos,Private,ICE,REST,Standard,16
2024,01,SKODA,09,Burgos,Corporate,ICE,REST,Standard,4
2024,01,SKODA,09,Burgos,Private,ICE,REST,Standard,5
2024,01,SUBARU,09,Burgos,Private,ICE,REST,Standard,2
2024,01,SUZUKI,09,Burgos,Private,ICE,REST,Standard,6
2024,01,TESLA,09,Burgos,Private,BEV,FOCUS SEGMENT,Standard,5
2024,01,TOYOTA,09,Burgos,Private,ICE,REST,Standard,24
2024,01,TOYOTA,09,Burgos,Private,PHEV,REST,Standard,2
2024,01,VOLKSWAGEN,09,Burgos,Corporate,BEV,REST,Standard,1
2024,01,VOLKSWAGEN,09,Burgos,Corporate,ICE,REST,Standard,3
2024,01,VOLKSWAGEN,09,Burgos,Private,ICE,REST,Standard,4
2024,01,VOLVO,09,Burgos,Corporate,BEV,FOCUS SEGMENT,Standard,2
2024,01,VOLVO,09,Burgos,Corporate,ICE,FOCUS SEGMENT,Standard,1
2024,01,VOLVO,09,Burgos,Private,ICE,FOCUS SEGMENT,Standard,2
2024,01,AUDI,10,Cáceres,Corporate,ICE,FOCUS SEGMENT,Standard,2
2024,01,AUDI,10,Cáceres,Private,ICE,FOCUS SEGMENT,Standard,5
2024,01,AUDI,10,Cáceres,Private,PHEV,FOCUS SEGMENT,Standard,1
2024,01,BMW,10,Cáceres,Corporate,ICE,FOCUS SEGMENT,Standard,2
2024,01,BMW,10,Cáceres,Private,ICE,FOCUS SEGMENT,Standard,4
2024,01,CITROEN,10,Cáceres,Corporate,ICE,REST,Standard,39
2024,01,CITROEN,10,Cáceres,Private,ICE,REST,Standard,6
2024,01,CUPRA,10,Cáceres,Private,ICE,REST,Standard,1
2024,01,CUPRA,10,Cáceres,Private,PHEV,REST,Standard,1
2024,01,DACIA,10,Cáceres,Corporate,BEV,REST,Standard,2
2024,01,DACIA,10,Cáceres,Corporate,ICE,REST,Standard,3
2024,01,DACIA,10,Cáceres,Private,ICE,REST,Standard,19
2024,01,FIAT,10,Cáceres,Private,ICE,,Standard,1
2024,01,FORD,10,Cáceres,Private,ICE,REST,Standard,4
2024,01,HONDA,10,Cáceres,Private,ICE,REST,Standard,1
2024,01,HYUNDAI,10,Cáceres,Corporate,ICE,REST,Standard,2
2024,01,HYUNDAI,10,Cáceres,Private,ICE,REST,Standard,13
2024,01,HYUNDAI,10,Cáceres,Private,PHEV,REST,Standard,2
2024,01,KIA,10,Cáceres,Corporate,ICE,REST,Standard,6
2024,01,KIA,10,Cáceres,Corporate,PHEV,REST,Standard,1
2024,01,KIA,10,Cáceres,Private,BEV,REST,Standard,1
2024,01,KIA,10,Cáceres,Private,ICE,REST,Standard,11
2024,01,MAZDA,10,Cáceres,Private,ICE,REST,Standard,7
2024,01,MERCEDES,10,Cáceres,Corporate,ICE,FOCUS SEGMENT,Standard,2
2024,01,MERCEDES,10,Cáceres,Corporate,ICE,REST,Standard,2
2024,01,MERCEDES,10,Cáceres,Private,ICE,FOCUS SEGMENT,Standard,3
2024,01,MERCEDES,10,Cáceres,Private,PHEV,FOCUS SEGMENT,Standard,1
2024,01,MG,10,Cáceres,Corporate,ICE,REST,Standard,1
2024,01,MG,10,Cáceres,Private,ICE,REST,Standard,15
2024,01,MINI,10,Cáceres,Private,ICE,FOCUS SEGMENT,Standard,1
2024,01,MITSUBISHI,10,Cáceres,Corporate,ICE,REST,Standard,1
2024,01,MITSUBISHI,10,Cáceres,Private,ICE,REST,Standard,2
2024,01,NISSAN,10,Cáceres,Corporate,BEV,REST,Standard,1
2024,01,NISSAN,10,Cáceres,Corporate,ICE,REST,Standard,1
2024,01,NISSAN,10,Cáceres,Private,ICE,REST,Standard,3
2024,01,OPEL,10,Cáceres,Corporate,ICE,REST,Standard,1
2024,01,OPEL,10,Cáceres,Private,ICE,REST,Standard,1
2024,01,PEUGEOT,10,Cáceres,Corporate,BEV,REST,Standard,1
2024,01,PEUGEOT,10,Cáceres,Corporate,ICE,REST,Standard,25
2024,01,PEUGEOT,10,Cáceres,Private,ICE,REST,Standard,6
2024,01,RENAULT,10,Cáceres,Corporate,ICE,REST,Standard,1
2024,01,RENAULT,10,Cáceres,Private,ICE,REST,Standard,20
2024,01,SEAT,10,Cáceres,Corporate,ICE,REST,Standard,3
2024,01,SEAT,10,Cáceres,Corporate,PHEV,REST,Standard,1
2024,01,SEAT,10,Cáceres,Private,ICE,REST,Standard,6
2024,01,SKODA,10,Cáceres,Private,ICE,REST,Standard,5
2024,01,SSANGYONG,10,Cáceres,Private,ICE,REST,Standard,2
2024,01,SUZUKI,10,Cáceres,Private,ICE,REST,Standard,2
2024,01,TESLA,10,Cáceres,Corporate,BEV,FOCUS SEGMENT,Standard,1
2024,01,TOYOTA,10,Cáceres,Corporate,ICE,REST,Standard,11
2024,01,TOYOTA,10,Cáceres,Private,ICE,REST,Standard,31
2024,01,VOLKSWAGEN,10,Cáceres,Corporate,BEV,REST,Standard,2
2024,01,VOLKSWAGEN,10,Cáceres,Corporate,ICE,REST,Standard,3
2024,01,VOLKSWAGEN,10,Cáceres,Private,ICE,REST,Standard,6
2024,01,VOLVO,10,Cáceres,Corporate,ICE,FOCUS SEGMENT,Standard,1
2024,01,VOLVO,10,Cáceres,Private,ICE,FOCUS SEGMENT,Standard,4
2024,01,VOLVO,10,Cáceres,RAC,ICE,FOCUS SEGMENT,Standard,1
2024,01,ALFA ROMEO,11,Cádiz,Corporate,ICE,REST,Standard,1
2024,01,ALFA ROMEO,11,Cádiz,Private,ICE,REST,Standard,1
2024,01,ALLIED VEHICLES LTD,11,Cádiz,Private,ICE,REST,Standard,1
2024,01,AUDI,11,Cádiz,Corporate,ICE,FOCUS SEGMENT,Standard,11
2024,01,AUDI,11,Cádiz,Corporate,PHEV,FOCUS SEGMENT,Standard,3
2024,01,AUDI,11,Cádiz,Private,ICE,FOCUS SEGMENT,M Performance,1
2024,01,AUDI,11,Cádiz,Private,ICE,FOCUS SEGMENT,Standard,18
2024,01,AUDI,11,Cádiz,Private,PHEV,FOCUS SEGMENT,Standard,1
2024,01,BMW,11,Cádiz,Corporate,ICE,FOCUS SEGMENT,Standard,6
2024,01,BMW,11,Cádiz,Corporate,ICE,REST,Standard,1
2024,01,BMW,11,Cádiz,Corporate,PHEV,FOCUS SEGMENT,Standard,1
2024,01,BMW,11,Cádiz,Private,BEV,FOCUS SEGMENT,Standard,2
2024,01,BMW,11,Cádiz,Private,ICE,FOCUS SEGMENT,Standard,25
2024,01,CHEVROLET,11,Cádiz,Corporate,ICE,REST,Standard,1
2024,01,CITROEN,11,Cádiz,Private,BEV,REST,Standard,1
2024,01,CITROEN,11,Cádiz,Private,ICE,REST,Standard,31
2024,01,CITROEN,11,Cádiz,Private,PHEV,REST,Standard,1
2024,01,CUPRA,11,Cádiz,Corporate,ICE,REST,Standard,3
2024,01,CUPRA,11,Cádiz,Corporate,PHEV,REST,Standard,1
2024,01,CUPRA,11,Cádiz,Private,ICE,REST,Standard,2
2024,01,CUPRA,11,Cádiz,Private,PHEV,REST,Standard,1
2024,01,DACIA,11,Cádiz,Corporate,BEV,REST,Standard,1
2024,01,DACIA,11,Cádiz,Corporate,ICE,REST,Standard,9
2024,01,DACIA,11,Cádiz,Private,ICE,REST,Standard,104
2024,01,DFSK,11,Cádiz,Corporate,ICE,,Standard,1
2024,01,DODGE,11,Cádiz,Corporate,ICE,REST,Standard,2
2024,01,DR,11,Cádiz,Private,ICE,,Standard,1
2024,01,FIAT,11,Cádiz,Corporate,BEV,REST,Standard,1
2024,01,FIAT,11,Cádiz,Corporate,ICE,,Standard,3
2024,01,FIAT,11,Cádiz,Corporate,ICE,REST,Standard,2
2024,01,FIAT,11,Cádiz,Private,ICE,,Standard,2
2024,01,FIAT,11,Cádiz,Private,ICE,REST,Standard,13
2024,01,FORD,11,Cádiz,Corporate,ICE,REST,Standard,9
2024,01,FORD,11,Cádiz,Private,ICE,REST,Standard,15
2024,01,FORD,11,Cádiz,Private,PHEV,REST,Standard,3
2024,01,GMC,11,Cádiz,Corporate,ICE,REST,Standard,1
2024,01,HONDA,11,Cádiz,Corporate,ICE,REST,Standard,8
2024,01,HONDA,11,Cádiz,Private,ICE,REST,Standard,2
2024,01,HYUNDAI,11,Cádiz,Corporate,ICE,REST,Standard,20
2024,01,HYUNDAI,11,Cádiz,Corporate,PHEV,REST,Standard,2
2024,01,HYUNDAI,11,Cádiz,Private,ICE,REST,Standard,60
2024,01,HYUNDAI,11,Cádiz,Private,PHEV,REST,Standard,3
2024,01,JEEP,11,Cádiz,Corporate,ICE,REST,Standard,5
2024,01,JEEP,11,Cádiz,Private,ICE,REST,Standard,1
2024,01,KIA,11,Cádiz,Corporate,BEV,REST,Standard,2
2024,01,KIA,11,Cádiz,Corporate,ICE,REST,Standard,21
2024,01,KIA,11,Cádiz,Corporate,PHEV,REST,Standard,5
2024,01,KIA,11,Cádiz,Private,BEV,REST,Standard,1
2024,01,KIA,11,Cádiz,Private,ICE,REST,Standard,73
2024,01,KIA,11,Cádiz,Private,PHEV,REST,Standard,2
2024,01,LAND ROVER,11,Cádiz,Corporate,ICE,FOCUS SEGMENT,Standard,3
2024,01,LAND ROVER,11,Cádiz,Corporate,PHEV,FOCUS SEGMENT,Standard,5
2024,01,LEXUS,11,Cádiz,Corporate,ICE,FOCUS SEGMENT,Standard,1
2024,01,LEXUS,11,Cádiz,Corporate,ICE,REST,Standard,2
2024,01,LEXUS,11,Cádiz,Private,ICE,FOCUS SEGMENT,Standard,5
2024,01,MAZDA,11,Cádiz,Corporate,ICE,REST,Standard,1
2024,01,MAZDA,11,Cádiz,Private,ICE,REST,Standard,21
2024,01,MERCEDES,11,Cádiz,Corporate,BEV,FOCUS SEGMENT,Standard,8
2024,01,MERCEDES,11,Cádiz,Corporate,ICE,FOCUS SEGMENT,M Performance,2
2024,01,MERCEDES,11,Cádiz,Corporate,ICE,FOCUS SEGMENT,Standard,28
2024,01,MERCEDES,11,Cádiz,Corporate,ICE,REST,Standard,3
2024,01,MERCEDES,11,Cádiz,Corporate,PHEV,FOCUS SEGMENT,Standard,2
2024,01,MERCEDES,11,Cádiz,Private,BEV,FOCUS SEGMENT,Standard,3
2024,01,MERCEDES,11,Cádiz,Private,ICE,FOCUS SEGMENT,Standard,14
2024,01,MERCEDES,11,Cádiz,Private,ICE,REST,Standard,2
2024,01,MERCEDES,11,Cádiz,Private,PHEV,FOCUS SEGMENT,Standard,1
2024,01,MERCEDES,11,Cádiz,RAC,ICE,REST,Standard,3
2024,01,MERCEDES-V,11,Cádiz,Corporate,ICE,REST,Standard,1
2024,01,MG,11,Cádiz,Corporate,ICE,REST,Standard,3
2024,01,MG,11,Cádiz,Private,BEV,REST,Standard,1
2024,01,MG,11,Cádiz,Private,ICE,REST,Standard,40
2024,01,MG,11,Cádiz,Private,PHEV,REST,Standard,1
2024,01,MINI,11,Cádiz,Corporate,ICE,FOCUS SEGMENT,Standard,2
2024,01,MINI,11,Cádiz,Private,ICE,FOCUS SEGMENT,JCW,1
2024,01,MINI,11,Cádiz,Private,ICE,FOCUS SEGMENT,Standard,3
2024,01,MITSUBISHI,11,Cádiz,Corporate,ICE,REST,Standard,4
2024,01,MITSUBISHI,11,Cádiz,Corporate,PHEV,REST,Standard,1
2024,01,MITSUBISHI,11,Cádiz,Private,ICE,REST,Standard,7
2024,01,MITSUBISHI,11,Cádiz,Private,PHEV,REST,Standard,1
2024,01,NISSAN,11,Cádiz,Corporate,BEV,REST,Standard,1
2024,01,NISSAN,11,Cádiz,Corporate,ICE,REST,Standard,12
2024,01,NISSAN,11,Cádiz,Private,ICE,REST,Standard,25
2024,01,OMODA,11,Cádiz,Private,ICE,REST,Standard,1
2024,01,OPEL,11,Cádiz,Corporate,ICE,REST,Standard,1
2024,01,OPEL,11,Cádiz,Private,ICE,REST,Standard,14
2024,01,PEUGEOT,11,Cádiz,Corporate,BEV,REST,Standard,1
2024,01,PEUGEOT,11,Cádiz,Corporate,ICE,REST,Standard,14
2024,01,PEUGEOT,11,Cádiz,Corporate,PHEV,REST,Standard,2
2024,01,PEUGEOT,11,Cádiz,Private,ICE,REST,Standard,66
2024,01,PEUGEOT,11,Cádiz,Private,PHEV,REST,Standard,1
2024,01,PORSCHE,11,Cádiz,Corporate,PHEV,FOCUS SEGMENT,Standard,1
2024,01,PORSCHE,11,Cádiz,Private,ICE,FOCUS SEGMENT,M,1
2024,01,PORSCHE,11,Cádiz,Private,ICE,FOCUS SEGMENT,M Performance,2
2024,01,PORSCHE,11,Cádiz,Private,ICE,FOCUS SEGMENT,Standard,1
2024,01,RENAULT,11,Cádiz,Corporate,BEV,REST,Standard,1
2024,01,RENAULT,11,Cádiz,Corporate,ICE,REST,Standard,11
2024,01,RENAULT,11,Cádiz,Private,ICE,REST,Standard,60
2024,01,SEAT,11,Cádiz,Corporate,ICE,REST,Standard,20
2024,01,SEAT,11,Cádiz,Corporate,PHEV,REST,Standard,1
2024,01,SEAT,11,Cádiz,Private,ICE,REST,Standard,58
2024,01,SKODA,11,Cádiz,Corporate,ICE,REST,Standard,5
2024,01,SKODA,11,Cádiz,Private,ICE,REST,Standard,38
2024,01,SMART,11,Cádiz,Corporate,BEV,FOCUS SEGMENT,Standard,2
2024,01,SMART,11,Cádiz,Private,BEV,FOCUS SEGMENT,Standard,1
2024,01,SSANGYONG,11,Cádiz,Corporate,ICE,REST,Standard,1
2024,01,SUBARU,11,Cádiz,Corporate,ICE,REST,Standard,2
2024,01,SUBARU,11,Cádiz,Private,ICE,REST,Standard,2
2024,01,SUZUKI,11,Cádiz,Private,ICE,REST,Standard,7
2024,01,TESLA,11,Cádiz,Corporate,BEV,FOCUS SEGMENT,Standard,2
2024,01,TESLA,11,Cádiz,Private,BEV,FOCUS SEGMENT,Standard,6
2024,01,TOYOTA,11,Cádiz,Corporate,ICE,REST,Standard,31
2024,01,TOYOTA,11,Cádiz,Corporate,PHEV,REST,Standard,1
2024,01,TOYOTA,11,Cádiz,Private,ICE,REST,Standard,128
2024,01,TOYOTA,11,Cádiz,Private,PHEV,REST,Standard,3
2024,01,VOLKSWAGEN,11,Cádiz,Corporate,BEV,REST,Standard,3
2024,01,VOLKSWAGEN,11,Cádiz,Corporate,ICE,REST,Standard,11
2024,01,VOLKSWAGEN,11,Cádiz,Private,ICE,REST,Standard,58
2024,01,VOLVO,11,Cádiz,Corporate,BEV,FOCUS SEGMENT,Standard,1
2024,01,VOLVO,11,Cádiz,Corporate,ICE,FOCUS SEGMENT,Standard,1
2024,01,VOLVO,11,Cádiz,Corporate,PHEV,FOCUS SEGMENT,Standard,1
2024,01,VOLVO,11,Cádiz,Private,ICE,FOCUS SEGMENT,Standard,9
2024,01,ALFA ROMEO,12,Castellón,Corporate,PHEV,REST,Standard,1
2024,01,AUDI,12,Castellón,Corporate,BEV,FOCUS SEGMENT,Standard,1
2024,01,AUDI,12,Castellón,Corporate,ICE,FOCUS SEGMENT,Standard,5
2024,01,AUDI,12,Castellón,Corporate,PHEV,FOCUS SEGMENT,Standard,1
2024,01,AUDI,12,Castellón,Private,BEV,FOCUS SEGMENT,Standard,3
2024,01,AUDI,12,Castellón,Private,ICE,FOCUS SEGMENT,Standard,11
2024,01,BMW,12,Castellón,Corporate,BEV,FOCUS SEGMENT,Standard,1
2024,01,BMW,12,Castellón,Corporate,ICE,FOCUS SEGMENT,Standard,10
2024,01,BMW,12,Castellón,Private,ICE,FOCUS SEGMENT,M Performance,1
2024,01,BMW,12,Castellón,Private,ICE,FOCUS SEGMENT,Standard,21
2024,01,BMW,12,Castellón,Private,PHEV,FOCUS SEGMENT,Standard,1
2024,01,BYD,12,Castellón,Private,BEV,REST,Standard,1
2024,01,CITROEN,12,Castellón,Corporate,BEV,REST,Standard,1
2024,01,CITROEN,12,Castellón,Corporate,ICE,REST,Standard,4
2024,01,CITROEN,12,Castellón,Private,ICE,REST,Standard,14
2024,01,CUPRA,12,Castellón,Corporate,ICE,REST,Standard,2
2024,01,CUPRA,12,Castellón,Corporate,PHEV,REST,Standard,1
2024,01,CUPRA,12,Castellón,Private,ICE,REST,Standard,5
2024,01,CUPRA,12,Castellón,Private,PHEV,REST,Standard,2
2024,01,DACIA,12,Castellón,Corporate,ICE,REST,Standard,2
2024,01,DACIA,12,Castellón,Private,ICE,REST,Standard,64
2024,01,DR,12,Castellón,RAC,ICE,,Standard,2
2024,01,DR,12,Castellón,RAC,ICE,REST,Standard,2
2024,01,FIAT,12,Castellón,Private,ICE,REST,Standard,4
2024,01,FORD,12,Castellón,Private,ICE,REST,Standard,5
2024,01,FORD,12,Castellón,Private,PHEV,REST,Standard,1
2024,01,HONDA,12,Castellón,Corporate,ICE,REST,Standard,3
2024,01,HYUNDAI,12,Castellón,Corporate,BEV,REST,Standard,1
2024,01,HYUNDAI,12,Castellón,Corporate,ICE,REST,Standard,1
2024,01,HYUNDAI,12,Castellón,Corporate,PHEV,REST,Standard,2
2024,01,HYUNDAI,12,Castellón,Private,ICE,REST,Standard,32
2024,01,HYUNDAI,12,Castellón,RAC,ICE,REST,Standard,4
2024,01,JAGUAR,12,Castellón,Private,ICE,FOCUS SEGMENT,Standard,1
2024,01,JEEP,12,Castellón,Private,BEV,REST,Standard,1
2024,01,JEEP,12,Castellón,Private,ICE,REST,Standard,2
2024,01,JEEP,12,Castellón,Private,PHEV,REST,Standard,1
2024,01,KIA,12,Castellón,Corporate,ICE,REST,Standard,5
2024,01,KIA,12,Castellón,Private,ICE,REST,Standard,42
2024,01,KIA,12,Castellón,Private,PHEV,REST,Standard,3
2024,01,LAND ROVER,12,Castellón,Private,PHEV,FOCUS SEGMENT,Standard,2
2024,01,LEXUS,12,Castellón,Corporate,ICE,FOCUS SEGMENT,Standard,4
2024,01,LEXUS,12,Castellón,Corporate,PHEV,FOCUS SEGMENT,Standard,1
2024,01,LEXUS,12,Castellón,Private,ICE,FOCUS SEGMENT,Standard,3
2024,01,LEXUS,12,Castellón,Private,PHEV,FOCUS SEGMENT,Standard,1
2024,01,MAZDA,12,Castellón,Corporate,ICE,REST,Standard,1
2024,01,MAZDA,12,Castellón,Private,ICE,REST,Standard,11
2024,01,MERCEDES,12,Castellón,Corporate,BEV,FOCUS SEGMENT,Standard,2
2024,01,MERCEDES,12,Castellón,Corporate,ICE,FOCUS SEGMENT,M,1
2024,01,MERCEDES,12,Castellón,Corporate,ICE,FOCUS SEGMENT,Standard,1
2024,01,MERCEDES,12,Castellón,Corporate,ICE,REST,Standard,1
2024,01,MERCEDES,12,Castellón,Corporate,PHEV,FOCUS SEGMENT,Standard,3
2024,01,MERCEDES,12,Castellón,Private,BEV,FOCUS SEGMENT,Standard,1
2024,01,MERCEDES,12,Castellón,Private,ICE,FOCUS SEGMENT,Standard,5
2024,01,MERCEDES,12,Castellón,Private,PHEV,FOCUS SEGMENT,Standard,3
2024,01,MG,12,Castellón,Private,ICE,REST,Standard,22
2024,01,MINI,12,Castellón,Corporate,ICE,FOCUS SEGMENT,Standard,1
2024,01,MINI,12,Castellón,Private,ICE,FOCUS SEGMENT,Standard,4
2024,01,MINI,12,Castellón,Private,PHEV,FOCUS SEGMENT,Standard,2
2024,01,MITSUBISHI,12,Castellón,Private,ICE,REST,Standard,3
2024,01,NISSAN,12,Castellón,Corporate,ICE,REST,Standard,1
2024,01,NISSAN,12,Castellón,Private,ICE,REST,Standard,6
2024,01,OPEL,12,Castellón,Private,ICE,REST,Standard,2
2024,01,PEUGEOT,12,Castellón,Corporate,ICE,REST,Standard,28
2024,01,PEUGEOT,12,Castellón,Private,ICE,REST,Standard,18
2024,01,PEUGEOT,12,Castellón,Private,PHEV,REST,Standard,1
2024,01,PORSCHE,12,Castellón,Private,ICE,FOCUS SEGMENT,Standard,1
2024,01,PORSCHE,12,Castellón,Private,PHEV,FOCUS SEGMENT,Standard,2
2024,01,RENAULT,12,Castellón,Corporate,ICE,REST,Standard,1
2024,01,RENAULT,12,Castellón,Private,ICE,REST,Standard,15
2024,01,SEAT,12,Castellón,Corporate,ICE,REST,Standard,11
2024,01,SEAT,12,Castellón,Private,ICE,REST,Standard,22
2024,01,SHINERAY,12,Castellón,Private,ICE,REST,Standard,1
2024,01,SKODA,12,Castellón,Corporate,BEV,REST,Standard,1
2024,01,SKODA,12,Castellón,Corporate,ICE,REST,Standard,4
2024,01,SKODA,12,Castellón,Private,ICE,REST,Standard,12
2024,01,SSANGYONG,12,Castellón,Corporate,ICE,REST,Standard,1
2024,01,SSANGYONG,12,Castellón,Private,ICE,REST,Standard,1
2024,01,SUBARU,12,Castellón,Corporate,ICE,REST,Standard,1
2024,01,SUZUKI,12,Castellón,Private,ICE,REST,Standard,7
2024,01,TESLA,12,Castellón,Corporate,BEV,FOCUS SEGMENT,Standard,4
2024,01,TESLA,12,Castellón,Private,BEV,FOCUS SEGMENT,Standard,6
2024,01,TOYOTA,12,Castellón,Corporate,ICE,REST,Standard,8
2024,01,TOYOTA,12,Castellón,Private,ICE,REST,Standard,60
2024,01,TOYOTA,12,Castellón,Private,PHEV,REST,Standard,1
2024,01,VOLKSWAGEN,12,Castellón,Corporate,BEV,REST,Standard,1
2024,01,VOLKSWAGEN,12,Castellón,Corporate,ICE,REST,Standard,10
2024,01,VOLKSWAGEN,12,Castellón,Private,ICE,REST,Standard,26
2024,01,VOLVO,12,Castellón,Corporate,ICE,FOCUS SEGMENT,Standard,1
2024,01,VOLVO,12,Castellón,Private,BEV,FOCUS SEGMENT,Standard,1
2024,01,VOLVO,12,Castellón,Private,ICE,FOCUS SEGMENT,Standard,3
2024,01,ALFA ROMEO,13,Ciudad Real,Private,ICE,REST,Standard,1
2024,01,AUDI,13,Ciudad Real,Corporate,ICE,FOCUS SEGMENT,Standard,1
2024,01,AUDI,13,Ciudad Real,Private,ICE,FOCUS SEGMENT,Standard,8
2024,01,BMW,13,Ciudad Real,Corporate,BEV,FOCUS SEGMENT,Standard,1
2024,01,BMW,13,Ciudad Real,Corporate,ICE,FOCUS SEGMENT,Standard,2
2024,01,BMW,13,Ciudad Real,Private,ICE,FOCUS SEGMENT,Standard,13
2024,01,BYD,13,Ciudad Real,Private,BEV,REST,Standard,3
2024,01,CITROEN,13,Ciudad Real,Corporate,ICE,REST,Standard,1
2024,01,CITROEN,13,Ciudad Real,Private,ICE,REST,Standard,16
2024,01,CITROEN,13,Ciudad Real,Private,PHEV,REST,Standard,1
2024,01,CUPRA,13,Ciudad Real,Corporate,BEV,REST,Standard,1
2024,01,CUPRA,13,Ciudad Real,Corporate,ICE,REST,Standard,1
2024,01,CUPRA,13,Ciudad Real,Corporate,PHEV,REST,Standard,1
2024,01,CUPRA,13,Ciudad Real,Private,ICE,REST,Standard,4
2024,01,CUPRA,13,Ciudad Real,Private,PHEV,REST,Standard,2
2024,01,DACIA,13,Ciudad Real,Corporate,ICE,REST,Standard,1
2024,01,DACIA,13,Ciudad Real,Private,ICE,REST,Standard,25
2024,01,DFSK,13,Ciudad Real,Corporate,ICE,,Standard,1
2024,01,DFSK,13,Ciudad Real,Private,ICE,,Standard,3
2024,01,DS,13,Ciudad Real,Private,ICE,REST,Standard,1
2024,01,FIAT,13,Ciudad Real,Private,ICE,REST,Standard,3
2024,01,FORD,13,Ciudad Real,Corporate,ICE,REST,Standard,2
2024,01,FORD,13,Ciudad Real,Private,ICE,REST,Standard,3
2024,01,FORD,13,Ciudad Real,Private,PHEV,REST,Standard,1
2024,01,HONDA,13,Ciudad Real,Corporate,ICE,REST,Standard,1
2024,01,HONDA,13,Ciudad Real,Private,ICE,REST,Standard,4
2024,01,HYUNDAI,13,Ciudad Real,Corporate,ICE,REST,Standard,3
2024,01,HYUNDAI,13,Ciudad Real,Private,ICE,REST,Standard,22
2024,01,HYUNDAI,13,Ciudad Real,Private,PHEV,REST,Standard,3
2024,01,JAGUAR,13,Ciudad Real,Private,ICE,FOCUS SEGMENT,Standard,1
2024,01,JAGUAR,13,Ciudad Real,RAC,ICE,FOCUS SEGMENT,Standard,2
2024,01,JEEP,13,Ciudad Real,Private,ICE,REST,Standard,1
2024,01,KIA,13,Ciudad Real,Corporate,ICE,REST,Standard,2
2024,01,KIA,13,Ciudad Real,Private,BEV,REST,Standard,1
2024,01,KIA,13,Ciudad Real,Private,ICE,REST,Standard,34
2024,01,LAND ROVER,13,Ciudad Real,Corporate,ICE,FOCUS SEGMENT,Standard,1
2024,01,LEXUS,13,Ciudad Real,Private,ICE,FOCUS SEGMENT,Standard,2
2024,01,MAZDA,13,Ciudad Real,Corporate,ICE,REST,Standard,2
2024,01,MAZDA,13,Ciudad Real,Private,ICE,REST,Standard,2
2024,01,MERCEDES,13,Ciudad Real,Corporate,ICE,FOCUS SEGMENT,Standard,6
2024,01,MERCEDES,13,Ciudad Real,Corporate,ICE,REST,Standard,1
2024,01,MERCEDES,13,Ciudad Real,Private,ICE,FOCUS SEGMENT,Standard,8
2024,01,MERCEDES,13,Ciudad Real,Private,PHEV,FOCUS SEGMENT,Standard,2
2024,01,MG,13,Ciudad Real,Private,BEV,REST,Standard,2
2024,01,MG,13,Ciudad Real,Private,ICE,REST,Standard,9
2024,01,MG,13,Ciudad Real,Private,PHEV,REST,Standard,1
2024,01,MITSUBISHI,13,Ciudad Real,Corporate,PHEV,REST,Standard,1
2024,01,MITSUBISHI,13,Ciudad Real,Private,ICE,REST,Standard,2
2024,01,NISSAN,13,Ciudad Real,Corporate,ICE,REST,Standard,1
2024,01,NISSAN,13,Ciudad Real,Private,ICE,REST,Standard,3
2024,01,OPEL,13,Ciudad Real,Private,ICE,REST,Standard,1
2024,01,PEUGEOT,13,Ciudad Real,Private,ICE,REST,Standard,8
2024,01,RENAULT,13,Ciudad Real,Corporate,ICE,REST,Standard,1
2024,01,RENAULT,13,Ciudad Real,Private,ICE,REST,Standard,19
2024,01,SEAT,13,Ciudad Real,Corporate,ICE,REST,Standard,4
2024,01,SEAT,13,Ciudad Real,Corporate,PHEV,REST,Standard,1
2024,01,SEAT,13,Ciudad Real,Private,ICE,REST,Standard,30
2024,01,SKODA,13,Ciudad Real,Private,ICE,REST,Standard,3
2024,01,SSANGYONG,13,Ciudad Real,Corporate,ICE,REST,Standard,1
2024,01,TESLA,13,Ciudad Real,Private,BEV,FOCUS SEGMENT,Standard,2
2024,01,TOYOTA,13,Ciudad Real,Corporate,ICE,REST,Standard,3
2024,01,TOYOTA,13,Ciudad Real,Corporate,PHEV,REST,Standard,1
2024,01,TOYOTA,13,Ciudad Real,Private,ICE,REST,Standard,22
2024,01,VOLKSWAGEN,13,Ciudad Real,Corporate,BEV,REST,Standard,1
2024,01,VOLKSWAGEN,13,Ciudad Real,Corporate,ICE,REST,Standard,1
2024,01,VOLKSWAGEN,13,Ciudad Real,Private,ICE,REST,Standard,12
2024,01,VOLVO,13,Ciudad Real,Corporate,ICE,FOCUS SEGMENT,Standard,1
2024,01,VOLVO,13,Ciudad Real,Private,ICE,FOCUS SEGMENT,Standard,6
2024,01,AUDI,14,Córdoba,Corporate,ICE,FOCUS SEGMENT,Standard,11
2024,01,AUDI,14,Córdoba,Corporate,PHEV,FOCUS SEGMENT,Standard,4
2024,01,AUDI,14,Córdoba,Private,ICE,FOCUS SEGMENT,Standard,5
2024,01,BMW,14,Córdoba,Corporate,ICE,FOCUS SEGMENT,M,1
2024,01,BMW,14,Córdoba,Corporate,ICE,FOCUS SEGMENT,Standard,7
2024,01,BMW,14,Córdoba,Corporate,PHEV,FOCUS SEGMENT,Standard,1
2024,01,BMW,14,Córdoba,Private,ICE,FOCUS SEGMENT,Standard,11
2024,01,BMW,14,Córdoba,Private,PHEV,FOCUS SEGMENT,Standard,1
2024,01,BYD,14,Córdoba,Private,BEV,REST,Standard,1
2024,01,CITROEN,14,Córdoba,Corporate,BEV,REST,Standard,1
2024,01,CITROEN,14,Córdoba,Corporate,ICE,REST,Standard,1
2024,01,CITROEN,14,Córdoba,Private,ICE,REST,Standard,19
2024,01,CITROEN,14,Córdoba,Private,PHEV,REST,Standard,1
2024,01,CUPRA,14,Córdoba,Corporate,PHEV,REST,Standard,2
2024,01,CUPRA,14,Córdoba,Private,ICE,REST,Standard,2
2024,01,DACIA,14,Córdoba,Corporate,ICE,REST,Standard,5
2024,01,DACIA,14,Córdoba,Private,ICE,REST,Standard,37
2024,01,DS,14,Córdoba,Private,ICE,REST,Standard,2
2024,01,FIAT,14,Córdoba,Corporate,BEV,REST,Standard,1
2024,01,FIAT,14,Córdoba,Corporate,ICE,REST,Standard,1
2024,01,FIAT,14,Córdoba,Private,ICE,REST,Standard,5
2024,01,FORD,14,Córdoba,Corporate,ICE,REST,Standard,2
2024,01,FORD,14,Córdoba,Private,BEV,REST,Standard,1
2024,01,FORD,14,Córdoba,Private,ICE,REST,Standard,8
2024,01,FORD,14,Córdoba,Private,PHEV,REST,Standard,6
2024,01,HONDA,14,Córdoba,Corporate,ICE,REST,Standard,1
2024,01,HYUNDAI,14,Córdoba,Corporate,ICE,REST,Standard,6
2024,01,HYUNDAI,14,Córdoba,Private,ICE,REST,Standard,23
2024,01,HYUNDAI,14,Córdoba,Private,PHEV,REST,Standard,1
2024,01,HYUNDAI,14,Córdoba,RAC,ICE,REST,Standard,5
2024,01,JEEP,14,Córdoba,Corporate,ICE,REST,Standard,1
2024,01,JEEP,14,Córdoba,Corporate,PHEV,REST,Standard,1
2024,01,JEEP,14,Córdoba,Private,ICE,REST,Standard,3
2024,01,JEEP,14,Córdoba,Private,PHEV,REST,Standard,1
2024,01,KIA,14,Córdoba,Corporate,ICE,REST,Standard,4
2024,01,KIA,14,Córdoba,Private,ICE,,Standard,1
2024,01,KIA,14,Córdoba,Private,ICE,REST,Standard,23
2024,01,LAND ROVER,14,Córdoba,Corporate,ICE,FOCUS SEGMENT,Standard,1
2024,01,LAND ROVER,14,Córdoba,Corporate,PHEV,FOCUS SEGMENT,Standard,1
2024,01,LAND ROVER,14,Córdoba,Private,PHEV,FOCUS SEGMENT,Standard,1
2024,01,MAZDA,14,Córdoba,Corporate,ICE,REST,Standard,3
2024,01,MAZDA,14,Córdoba,Private,ICE,REST,Standard,7
2024,01,MERCEDES,14,Córdoba,Corporate,BEV,FOCUS SEGMENT,Standard,2
2024,01,MERCEDES,14,Córdoba,Corporate,ICE,FOCUS SEGMENT,M Performance,1
2024,01,MERCEDES,14,Córdoba,Corporate,ICE,FOCUS SEGMENT,Standard,4
2024,01,MERCEDES,14,Córdoba,Corporate,ICE,REST,Standard,1
2024,01,MERCEDES,14,Córdoba,Corporate,PHEV,FOCUS SEGMENT,Standard,3
2024,01,MERCEDES,14,Córdoba,Private,BEV,FOCUS SEGMENT,Standard,1
2024,01,MERCEDES,14,Córdoba,Private,ICE,FOCUS SEGMENT,Standard,10
2024,01,MERCEDES,14,Córdoba,Private,PHEV,FOCUS SEGMENT,Standard,1
2024,01,MG,14,Córdoba,Corporate,ICE,REST,Standard,1
2024,01,MG,14,Córdoba,Private,BEV,REST,Standard,1
2024,01,MG,14,Córdoba,Private,ICE,REST,Standard,28
2024,01,MG,14,Córdoba,Private,PHEV,REST,Standard,1
2024,01,MG,14,Córdoba,RAC,ICE,REST,Standard,2
2024,01,MINI,14,Córdoba,Private,ICE,FOCUS SEGMENT,Standard,2
2024,01,MITSUBISHI,14,Córdoba,Corporate,ICE,REST,Standard,2
2024,01,MITSUBISHI,14,Córdoba,Private,ICE,REST,Standard,6
2024,01,MITSUBISHI,14,Córdoba,Private,PHEV,REST,Standard,1
2024,01,NISSAN,14,Córdoba,Corporate,ICE,REST,Standard,4
2024,01,NISSAN,14,Córdoba,Private,ICE,REST,Standard,16
2024,01,OPEL,14,Córdoba,Corporate,ICE,REST,Standard,4
2024,01,OPEL,14,Córdoba,Private,ICE,REST,Standard,5
2024,01,OPEL,14,Córdoba,Private,PHEV,REST,Standard,1
2024,01,PEUGEOT,14,Córdoba,Corporate,BEV,REST,Standard,2
2024,01,PEUGEOT,14,Córdoba,Corporate,ICE,REST,Standard,5
2024,01,PEUGEOT,14,Córdoba,Private,ICE,REST,Standard,20
2024,01,PEUGEOT,14,Córdoba,Private,PHEV,REST,Standard,2
2024,01,RENAULT,14,Córdoba,Corporate,ICE,REST,Standard,4
2024,01,RENAULT,14,Córdoba,Private,ICE,REST,Standard,32
2024,01,SEAT,14,Córdoba,Corporate,ICE,REST,Standard,11
2024,01,SEAT,14,Córdoba,Corporate,PHEV,REST,Standard,2
2024,01,SEAT,14,Córdoba,Private,ICE,REST,Standard,23
2024,01,SEAT,14,Córdoba,Private,PHEV,REST,Standard,1
2024,01,SKODA,14,Córdoba,Private,ICE,REST,Standard,8
2024,01,SSANGYONG,14,Córdoba,Private,ICE,REST,Standard,3
2024,01,SUBARU,14,Córdoba,Corporate,ICE,REST,Standard,1
2024,01,SUZUKI,14,Córdoba,Private,ICE,REST,Standard,2
2024,01,TESLA,14,Córdoba,Corporate,BEV,FOCUS SEGMENT,Standard,1
2024,01,TOYOTA,14,Córdoba,Corporate,ICE,REST,Standard,10
2024,01,TOYOTA,14,Córdoba,Private,ICE,REST,Standard,49
2024,01,VOLKSWAGEN,14,Córdoba,Corporate,BEV,REST,Standard,2
2024,01,VOLKSWAGEN,14,Córdoba,Corporate,ICE,REST,Standard,8
2024,01,VOLKSWAGEN,14,Córdoba,Private,ICE,REST,Standard,16
2024,01,VOLVO,14,Córdoba,Corporate,BEV,FOCUS SEGMENT,Standard,4
2024,01,VOLVO,14,Córdoba,Corporate,ICE,FOCUS SEGMENT,Standard,1
2024,01,VOLVO,14,Córdoba,Private,ICE,FOCUS SEGMENT,Standard,4
2024,01,VOLVO,14,Córdoba,Private,PHEV,FOCUS SEGMENT,Standard,2
2024,01,ABARTH,15,A Coruña,Corporate,BEV,REST,Standard,1
2024,01,ALFA ROMEO,15,A Coruña,Private,ICE,REST,Standard,1
2024,01,ALPINE,15,A Coruña,Corporate,ICE,REST,Standard,2
2024,01,AUDI,15,A Coruña,Corporate,ICE,FOCUS SEGMENT,M Performance,1
2024,01,AUDI,15,A Coruña,Corporate,ICE,FOCUS SEGMENT,Standard,10
2024,01,AUDI,15,A Coruña,Corporate,PHEV,FOCUS SEGMENT,Standard,6
2024,01,AUDI,15,A Coruña,Private,ICE,FOCUS SEGMENT,M,1
2024,01,AUDI,15,A Coruña,Private,ICE,FOCUS SEGMENT,Standard,13
2024,01,AUDI,15,A Coruña,Private,PHEV,FOCUS SEGMENT,Standard,1
2024,01,BMW,15,A Coruña,Corporate,BEV,FOCUS SEGMENT,Standard,3
2024,01,BMW,15,A Coruña,Corporate,ICE,FOCUS SEGMENT,M,1
2024,01,BMW,15,A Coruña,Corporate,ICE,FOCUS SEGMENT,Standard,11
2024,01,BMW,15,A Coruña,Corporate,PHEV,FOCUS SEGMENT,M,1
2024,01,BMW,15,A Coruña,Private,ICE,FOCUS SEGMENT,M Performance,2
2024,01,BMW,15,A Coruña,Private,ICE,FOCUS SEGMENT,Standard,18
2024,01,BMW,15,A Coruña,Private,PHEV,FOCUS SEGMENT,Standard,1
2024,01,BYD,15,A Coruña,Corporate,BEV,REST,Standard,1
2024,01,BYD,15,A Coruña,Private,BEV,REST,Standard,1
2024,01,CITROEN,15,A Coruña,Corporate,BEV,REST,Standard,1
2024,01,CITROEN,15,A Coruña,Corporate,ICE,REST,Standard,15
2024,01,CITROEN,15,A Coruña,Private,BEV,REST,Standard,2
2024,01,CITROEN,15,A Coruña,Private,ICE,REST,Standard,19
2024,01,CUPRA,15,A Coruña,Corporate,ICE,REST,Standard,3
2024,01,CUPRA,15,A Coruña,Private,BEV,REST,Standard,1
2024,01,CUPRA,15,A Coruña,Private,ICE,REST,Standard,6
2024,01,CUPRA,15,A Coruña,Private,PHEV,REST,Standard,2
2024,01,DACIA,15,A Coruña,Corporate,ICE,REST,Standard,7
2024,01,DACIA,15,A Coruña,Private,ICE,REST,Standard,64
2024,01,DS,15,A Coruña,Private,ICE,REST,Standard,1
2024,01,FERRARI,15,A Coruña,Corporate,PHEV,FOCUS SEGMENT,Standard,1
2024,01,FIAT,15,A Coruña,Corporate,ICE,,Standard,1
2024,01,FIAT,15,A Coruña,Private,ICE,REST,Standard,13
2024,01,FORD,15,A Coruña,Corporate,BEV,REST,Standard,1
2024,01,FORD,15,A Coruña,Corporate,ICE,REST,Standard,6
2024,01,FORD,15,A Coruña,Private,ICE,REST,Standard,22
2024,01,HONDA,15,A Coruña,Corporate,ICE,REST,Standard,4
2024,01,HONDA,15,A Coruña,Private,ICE,REST,Standard,7
2024,01,HONDA,15,A Coruña,Private,PHEV,REST,Standard,1
2024,01,HYUNDAI,15,A Coruña,Corporate,ICE,REST,Standard,12
2024,01,HYUNDAI,15,A Coruña,Corporate,PHEV,REST,Standard,1
2024,01,HYUNDAI,15,A Coruña,Private,BEV,REST,Standard,2
2024,01,HYUNDAI,15,A Coruña,Private,ICE,REST,Standard,75
2024,01,HYUNDAI,15,A Coruña,Private,PHEV,REST,Standard,1
2024,01,JEEP,15,A Coruña,Corporate,ICE,REST,Standard,1
2024,01,JEEP,15,A Coruña,Private,ICE,REST,Standard,4
2024,01,KIA,15,A Coruña,Corporate,BEV,REST,Standard,1
2024,01,KIA,15,A Coruña,Corporate,ICE,REST,Standard,6
2024,01,KIA,15,A Coruña,Private,BEV,REST,Standard,1
2024,01,KIA,15,A Coruña,Private,ICE,REST,Standard,45
2024,01,KIA,15,A Coruña,Private,PHEV,REST,Standard,6
2024,01,LEXUS,15,A Coruña,Corporate,ICE,FOCUS SEGMENT,Standard,1
2024,01,LEXUS,15,A Coruña,Private,ICE,FOCUS SEGMENT,Standard,7
2024,01,LEXUS,15,A Coruña,Private,PHEV,FOCUS SEGMENT,Standard,1
2024,01,MAZDA,15,A Coruña,Corporate,ICE,REST,Standard,3
2024,01,MAZDA,15,A Coruña,Private,ICE,REST,Standard,11
2024,01,MERCEDES,15,A Coruña,Corporate,ICE,FOCUS SEGMENT,M Performance,1
2024,01,MERCEDES,15,A Coruña,Corporate,ICE,FOCUS SEGMENT,Standard,11
2024,01,MERCEDES,15,A Coruña,Corporate,PHEV,FOCUS SEGMENT,Standard,4
2024,01,MERCEDES,15,A Coruña,Private,ICE,FOCUS SEGMENT,M Performance,1
2024,01,MERCEDES,15,A Coruña,Private,ICE,FOCUS SEGMENT,Standard,16
2024,01,MERCEDES,15,A Coruña,Private,ICE,REST,Standard,2
2024,01,MERCEDES,15,A Coruña,Private,PHEV,FOCUS SEGMENT,Standard,4
2024,01,MG,15,A Coruña,Corporate,ICE,REST,Standard,1
2024,01,MG,15,A Coruña,Private,BEV,REST,Standard,6
2024,01,MG,15,A Coruña,Private,ICE,REST,Standard,39
2024,01,MINI,15,A Coruña,Private,ICE,FOCUS SEGMENT,JCW,1
2024,01,MINI,15,A Coruña,Private,ICE,FOCUS SEGMENT,Standard,5
2024,01,MITSUBISHI,15,A Coruña,Private,ICE,REST,Standard,5
2024,01,NISSAN,15,A Coruña,Corporate,ICE,REST,Standard,3
2024,01,NISSAN,15,A Coruña,Private,BEV,REST,Standard,1
2024,01,NISSAN,15,A Coruña,Private,ICE,REST,Standard,16
2024,01,OPEL,15,A Coruña,Private,ICE,REST,Standard,3
2024,01,OPEL,15,A Coruña,Private,PHEV,REST,Standard,1
2024,01,PEUGEOT,15,A Coruña,Corporate,ICE,REST,Standard,3
2024,01,PEUGEOT,15,A Coruña,Corporate,PHEV,REST,Standard,1
2024,01,PEUGEOT,15,A Coruña,Private,BEV,REST,Standard,1
2024,01,PEUGEOT,15,A Coruña,Private,ICE,REST,Standard,27
2024,01,PEUGEOT,15,A Coruña,Private,PHEV,REST,Standard,3
2024,01,PORSCHE,15,A Coruña,Corporate,ICE,FOCUS SEGMENT,M Performance,2
2024,01,PORSCHE,15,A Coruña,Corporate,PHEV,FOCUS SEGMENT,Standard,4
2024,01,PORSCHE,15,A Coruña,Private,ICE,FOCUS SEGMENT,M Performance,1
2024,01,PORSCHE,15,A Coruña,Private,ICE,FOCUS SEGMENT,Standard,1
2024,01,PORSCHE,15,A Coruña,Private,PHEV,FOCUS SEGMENT,Standard,1
2024,01,PORSCHE,15,A Coruña,RAC,ICE,FOCUS SEGMENT,Standard,2
2024,01,RENAULT,15,A Coruña,Corporate,ICE,REST,Standard,1
2024,01,RENAULT,15,A Coruña,Private,ICE,REST,Standard,38
2024,01,SEAT,15,A Coruña,Corporate,ICE,REST,Standard,9
2024,01,SEAT,15,A Coruña,Private,ICE,REST,Standard,84
2024,01,SEAT,15,A Coruña,Private,PHEV,REST,Standard,1
2024,01,SKODA,15,A Coruña,Corporate,ICE,REST,Standard,6
2024,01,SKODA,15,A Coruña,Private,ICE,REST,Standard,31
2024,01,SMART,15,A Coruña,Corporate,BEV,FOCUS SEGMENT,Standard,2
2024,01,SMART,15,A Coruña,Private,BEV,FOCUS SEGMENT,Standard,1
2024,01,SSANGYONG,15,A Coruña,Corporate,ICE,REST,Standard,1
2024,01,SSANGYONG,15,A Coruña,Private,ICE,REST,Standard,1
2024,01,SUBARU,15,A Coruña,Corporate,ICE,REST,Standard,1
2024,01,SUZUKI,15,A Coruña,Corporate,ICE,REST,Standard,1
2024,01,SUZUKI,15,A Coruña,Private,ICE,REST,Standard,3
2024,01,TESLA,15,A Coruña,Corporate,BEV,FOCUS SEGMENT,Standard,1
2024,01,TESLA,15,A Coruña,Private,BEV,FOCUS SEGMENT,Standard,7
2024,01,TOYOTA,15,A Coruña,Corporate,ICE,REST,Standard,12
2024,01,TOYOTA,15,A Coruña,Corporate,PHEV,REST,Standard,1
2024,01,TOYOTA,15,A Coruña,Private,BEV,REST,Standard,1
2024,01,TOYOTA,15,A Coruña,Private,ICE,REST,Standard,99
2024,01,TOYOTA,15,A Coruña,Private,PHEV,REST,Standard,2
2024,01,TOYOTA,15,A Coruña,RAC,ICE,REST,Standard,9
2024,01,VOLKSWAGEN,15,A Coruña,Corporate,BEV,REST,Standard,3
2024,01,VOLKSWAGEN,15,A Coruña,Corporate,ICE,REST,Standard,4
2024,01,VOLKSWAGEN,15,A Coruña,Private,ICE,REST,Standard,23
2024,01,VOLVO,15,A Coruña,Corporate,BEV,FOCUS SEGMENT,Standard,5
2024,01,VOLVO,15,A Coruña,Corporate,ICE,FOCUS SEGMENT,Standard,1
2024,01,VOLVO,15,A Coruña,Private,BEV,FOCUS SEGMENT,Standard,1
2024,01,VOLVO,15,A Coruña,Private,ICE,FOCUS SEGMENT,Standard,7
2024,01,AUDI,16,Cuenca,Corporate,ICE,FOCUS SEGMENT,Standard,1
2024,01,AUDI,16,Cuenca,Private,ICE,FOCUS SEGMENT,Standard,1
2024,01,AUDI,16,Cuenca,Private,PHEV,FOCUS SEGMENT,Standard,1
2024,01,BMW,16,Cuenca,Private,ICE,FOCUS SEGMENT,Standard,3
2024,01,CITROEN,16,Cuenca,Private,BEV,REST,Standard,1
2024,01,CITROEN,16,Cuenca,Private,ICE,REST,Standard,1
2024,01,CUPRA,16,Cuenca,Private,ICE,REST,Standard,1
2024,01,DACIA,16,Cuenca,Corporate,ICE,REST,Standard,1
2024,01,DACIA,16,Cuenca,Private,ICE,REST,Standard,13
2024,01,FORD,16,Cuenca,Private,ICE,REST,Standard,1
2024,01,HYUNDAI,16,Cuenca,Private,ICE,REST,Standard,12
2024,01,KIA,16,Cuenca,Corporate,PHEV,REST,Standard,1
2024,01,KIA,16,Cuenca,Private,ICE,REST,Standard,5
2024,01,KIA,16,Cuenca,Private,PHEV,REST,Standard,1
2024,01,MASERATI,16,Cuenca,Private,ICE,FOCUS SEGMENT,Standard,1
2024,01,MAZDA,16,Cuenca,Corporate,ICE,REST,Standard,3
2024,01,MAZDA,16,Cuenca,Private,ICE,REST,Standard,6
2024,01,MERCEDES,16,Cuenca,Corporate,ICE,FOCUS SEGMENT,Standard,5
2024,01,MERCEDES,16,Cuenca,Corporate,PHEV,FOCUS SEGMENT,Standard,1
2024,01,MERCEDES,16,Cuenca,Private,ICE,FOCUS SEGMENT,Standard,2
2024,01,MERCEDES,16,Cuenca,Private,PHEV,FOCUS SEGMENT,Standard,2
2024,01,MERCEDES,16,Cuenca,RAC,ICE,REST,Standard,1
2024,01,MG,16,Cuenca,Private,ICE,REST,Standard,4
2024,01,NISSAN,16,Cuenca,Corporate,ICE,REST,Standard,3
2024,01,NISSAN,16,Cuenca,Private,ICE,REST,Standard,6
2024,01,PEUGEOT,16,Cuenca,Corporate,ICE,REST,Standard,2
2024,01,PEUGEOT,16,Cuenca,Private,ICE,REST,Standard,5
2024,01,RENAULT,16,Cuenca,Corporate,ICE,REST,Standard,1
2024,01,RENAULT,16,Cuenca,Private,ICE,REST,Standard,2
2024,01,SEAT,16,Cuenca,Private,ICE,REST,Standard,7
2024,01,SKODA,16,Cuenca,Private,ICE,REST,Standard,2
2024,01,TESLA,16,Cuenca,Private,BEV,FOCUS SEGMENT,Standard,3
2024,01,TOYOTA,16,Cuenca,Corporate,ICE,REST,Standard,1
2024,01,TOYOTA,16,Cuenca,Private,ICE,REST,Standard,7
2024,01,VOLKSWAGEN,16,Cuenca,Private,PHEV,REST,Standard,1
2024,01,VOLVO,16,Cuenca,Private,ICE,FOCUS SEGMENT,Standard,1
2024,01,AUDI,17,Girona,Corporate,BEV,FOCUS SEGMENT,Standard,1
2024,01,AUDI,17,Girona,Corporate,ICE,FOCUS SEGMENT,M Performance,1
2024,01,AUDI,17,Girona,Corporate,ICE,FOCUS SEGMENT,Standard,5
2024,01,AUDI,17,Girona,Corporate,PHEV,FOCUS SEGMENT,M Performance,1
2024,01,AUDI,17,Girona,Corporate,PHEV,FOCUS SEGMENT,Standard,1
2024,01,AUDI,17,Girona,Private,BEV,FOCUS SEGMENT,Standard,1
2024,01,AUDI,17,Girona,Private,ICE,FOCUS SEGMENT,Standard,8
2024,01,AUDI,17,Girona,Private,PHEV,FOCUS SEGMENT,Standard,1
2024,01,AUDI,17,Girona,RAC,PHEV,FOCUS SEGMENT,Standard,2
2024,01,BMW,17,Girona,Corporate,BEV,FOCUS SEGMENT,Standard,2
2024,01,BMW,17,Girona,Corporate,ICE,FOCUS SEGMENT,M,1
2024,01,BMW,17,Girona,Corporate,ICE,FOCUS SEGMENT,M Performance,1
2024,01,BMW,17,Girona,Corporate,ICE,FOCUS SEGMENT,Standard,20
2024,01,BMW,17,Girona,Corporate,PHEV,FOCUS SEGMENT,Standard,3
2024,01,BMW,17,Girona,Private,BEV,FOCUS SEGMENT,Standard,2
2024,01,BMW,17,Girona,Private,ICE,FOCUS SEGMENT,M,2
2024,01,BMW,17,Girona,Private,ICE,FOCUS SEGMENT,M Performance,1
2024,01,BMW,17,Girona,Private,ICE,FOCUS SEGMENT,Standard,19
2024,01,BMW,17,Girona,Private,PHEV,FOCUS SEGMENT,Standard,2
2024,01,BYD,17,Girona,Private,BEV,REST,Standard,4
2024,01,CITROEN,17,Girona,Corporate,ICE,REST,Standard,4
2024,01,CITROEN,17,Girona,Private,ICE,REST,Standard,18
2024,01,CITROEN,17,Girona,Private,PHEV,REST,Standard,1
2024,01,CUPRA,17,Girona,Corporate,BEV,REST,Standard,2
2024,01,CUPRA,17,Girona,Corporate,ICE,REST,Standard,1
2024,01,CUPRA,17,Girona,Corporate,PHEV,REST,Standard,1
2024,01,CUPRA,17,Girona,Private,ICE,REST,Standard,5
2024,01,CUPRA,17,Girona,Private,PHEV,REST,Standard,1
2024,01,DACIA,17,Girona,Corporate,BEV,REST,Standard,1
2024,01,DACIA,17,Girona,Corporate,ICE,REST,Standard,4
2024,01,DACIA,17,Girona,Private,BEV,REST,Standard,1
2024,01,DACIA,17,Girona,Private,ICE,REST,Standard,71
2024,01,DS,17,Girona,Corporate,PHEV,REST,Standard,1
2024,01,DS,17,Girona,Private,PHEV,REST,Standard,1
2024,01,FIAT,17,Girona,Corporate,ICE,,Standard,1
2024,01,FIAT,17,Girona,Corporate,ICE,REST,Standard,2
2024,01,FIAT,17,Girona,Private,ICE,,Standard,1
2024,01,FIAT,17,Girona,Private,ICE,REST,Standard,11
2024,01,FORD,17,Girona,Corporate,ICE,REST,Standard,5
2024,01,FORD,17,Girona,Private,BEV,REST,Standard,1
2024,01,FORD,17,Girona,Private,ICE,REST,Standard,20
2024,01,FORD,17,Girona,Private,PHEV,REST,Standard,2
2024,01,HONDA,17,Girona,Corporate,ICE,REST,Standard,1
2024,01,HONDA,17,Girona,Private,ICE,REST,Standard,5
2024,01,HONDA,17,Girona,Private,PHEV,REST,Standard,1
2024,01,HYUNDAI,17,Girona,Corporate,BEV,REST,Standard,2
2024,01,HYUNDAI,17,Girona,Corporate,ICE,REST,Standard,11
2024,01,HYUNDAI,17,Girona,Corporate,PHEV,REST,Standard,1
2024,01,HYUNDAI,17,Girona,Private,BEV,REST,Standard,1
2024,01,HYUNDAI,17,Girona,Private,ICE,REST,Standard,103
2024,01,HYUNDAI,17,Girona,Private,PHEV,REST,Standard,2
2024,01,JAGUAR,17,Girona,Private,PHEV,FOCUS SEGMENT,Standard,1
2024,01,JEEP,17,Girona,Corporate,PHEV,REST,Standard,1
2024,01,JEEP,17,Girona,Private,ICE,REST,Standard,5
2024,01,JEEP,17,Girona,Private,PHEV,REST,Standard,2
2024,01,KIA,17,Girona,Corporate,ICE,REST,Standard,7
2024,01,KIA,17,Girona,Private,BEV,REST,Standard,3
2024,01,KIA,17,Girona,Private,ICE,REST,Standard,50
2024,01,KIA,17,Girona,Private,PHEV,REST,Standard,3
2024,01,LAND ROVER,17,Girona,Corporate,ICE,FOCUS SEGMENT,Standard,1
2024,01,LAND ROVER,17,Girona,Private,PHEV,FOCUS SEGMENT,Standard,2
2024,01,LEXUS,17,Girona,Corporate,ICE,FOCUS SEGMENT,Standard,1
2024,01,LEXUS,17,Girona,Private,ICE,FOCUS SEGMENT,Standard,6
2024,01,MASERATI,17,Girona,Private,ICE,FOCUS SEGMENT,Standard,1
2024,01,MAZDA,17,Girona,Corporate,ICE,REST,Standard,1
2024,01,MAZDA,17,Girona,Private,ICE,REST,Standard,8
2024,01,MAZDA,17,Girona,Private,PHEV,REST,Standard,2
2024,01,MERCEDES,17,Girona,Corporate,BEV,FOCUS SEGMENT,Standard,1
2024,01,MERCEDES,17,Girona,Corporate,ICE,FOCUS SEGMENT,M Performance,1
2024,01,MERCEDES,17,Girona,Corporate,ICE,FOCUS SEGMENT,Standard,6
2024,01,MERCEDES,17,Girona,Corporate,PHEV,FOCUS SEGMENT,M,1
2024,01,MERCEDES,17,Girona,Corporate,PHEV,FOCUS SEGMENT,Standard,3
2024,01,MERCEDES,17,Girona,Private,ICE,FOCUS SEGMENT,Standard,14
2024,01,MERCEDES,17,Girona,Private,ICE,REST,Standard,2
2024,01,MERCEDES,17,Girona,Private,PHEV,FOCUS SEGMENT,Standard,10
2024,01,MERCEDES-V,17,Girona,Private,ICE,REST,Standard,3
2024,01,MG,17,Girona,Private,BEV,REST,Standard,3
2024,01,MG,17,Girona,Private,ICE,REST,Standard,29
2024,01,MINI,17,Girona,Corporate,ICE,FOCUS SEGMENT,Standard,4
2024,01,MINI,17,Girona,Private,ICE,FOCUS SEGMENT,JCW,1
2024,01,MINI,17,Girona,Private,ICE,FOCUS SEGMENT,Standard,6
2024,01,MITSUBISHI,17,Girona,Private,ICE,REST,Standard,1
2024,01,NISSAN,17,Girona,Corporate,ICE,REST,Standard,10
2024,01,NISSAN,17,Girona,Private,BEV,REST,Standard,1
2024,01,NISSAN,17,Girona,Private,ICE,REST,Standard,34
2024,01,NISSAN,17,Girona,RAC,ICE,REST,Standard,1
2024,01,OPEL,17,Girona,Corporate,ICE,REST,Standard,1
2024,01,OPEL,17,Girona,Private,ICE,REST,Standard,4
2024,01,PEUGEOT,17,Girona,Private,ICE,REST,Standard,13
2024,01,PEUGEOT,17,Girona,Private,PHEV,REST,Standard,1
2024,01,PORSCHE,17,Girona,Corporate,ICE,FOCUS SEGMENT,Standard,3
2024,01,PORSCHE,17,Girona,Corporate,PHEV,FOCUS SEGMENT,M Performance,1
2024,01,PORSCHE,17,Girona,Corporate,PHEV,FOCUS SEGMENT,Standard,1
2024,01,PORSCHE,17,Girona,Private,ICE,FOCUS SEGMENT,M,1
2024,01,PORSCHE,17,Girona,Private,ICE,FOCUS SEGMENT,M Performance,2
2024,01,PORSCHE,17,Girona,Private,ICE,FOCUS SEGMENT,Standard,3
2024,01,PORSCHE,17,Girona,RAC,ICE,FOCUS SEGMENT,M Performance,1
2024,01,PORSCHE,17,Girona,RAC,ICE,FOCUS SEGMENT,Standard,3
2024,01,RENAULT,17,Girona,Corporate,ICE,REST,Standard,1
2024,01,RENAULT,17,Girona,Private,ICE,REST,Standard,21
2024,01,ROLLS-ROYCE,17,Girona,Private,ICE,FOCUS SEGMENT,Standard,1
2024,01,SEAT,17,Girona,Corporate,ICE,REST,Standard,7
2024,01,SEAT,17,Girona,Private,ICE,REST,Standard,50
2024,01,SKODA,17,Girona,Corporate,BEV,REST,Standard,1
2024,01,SKODA,17,Girona,Corporate,ICE,REST,Standard,8
2024,01,SKODA,17,Girona,Private,BEV,REST,Standard,1
2024,01,SKODA,17,Girona,Private,ICE,REST,Standard,23
2024,01,SMART,17,Girona,Private,BEV,REST,Standard,1
2024,01,SSANGYONG,17,Girona,Corporate,ICE,REST,Standard,1
2024,01,SSANGYONG,17,Girona,Private,ICE,REST,Standard,4
2024,01,SUBARU,17,Girona,Corporate,ICE,REST,Standard,2
2024,01,SUBARU,17,Girona,Private,ICE,REST,Standard,1
2024,01,SUZUKI,17,Girona,Private,ICE,REST,Standard,19
2024,01,TESLA,17,Girona,Corporate,BEV,FOCUS SEGMENT,Standard,1
2024,01,TESLA,17,Girona,Private,BEV,FOCUS SEGMENT,Standard,13
2024,01,TOYOTA,17,Girona,Corporate,BEV,REST,Standard,1
2024,01,TOYOTA,17,Girona,Corporate,ICE,REST,Standard,17
2024,01,TOYOTA,17,Girona,Private,BEV,REST,Standard,1
2024,01,TOYOTA,17,Girona,Private,ICE,REST,Standard,92
2024,01,TOYOTA,17,Girona,Private,PHEV,REST,Standard,1
2024,01,VOLKSWAGEN,17,Girona,Corporate,BEV,REST,Standard,2
2024,01,VOLKSWAGEN,17,Girona,Corporate,ICE,REST,Standard,3
2024,01,VOLKSWAGEN,17,Girona,Private,BEV,REST,Standard,1
2024,01,VOLKSWAGEN,17,Girona,Private,ICE,REST,Standard,22
2024,01,VOLKSWAGEN,17,Girona,Private,PHEV,REST,Standard,1
2024,01,VOLVO,17,Girona,Corporate,BEV,FOCUS SEGMENT,Standard,1
2024,01,VOLVO,17,Girona,Corporate,PHEV,FOCUS SEGMENT,Standard,1
2024,01,VOLVO,17,Girona,Private,BEV,FOCUS SEGMENT,Standard,1
2024,01,VOLVO,17,Girona,Private,ICE,FOCUS SEGMENT,Standard,5
2024,01,ALFA ROMEO,18,Granada,Private,ICE,REST,Standard,1
2024,01,ALPINE,18,Granada,Corporate,ICE,REST,Standard,1
2024,01,AUDI,18,Granada,Corporate,ICE,FOCUS SEGMENT,M Performance,1
2024,01,AUDI,18,Granada,Corporate,ICE,FOCUS SEGMENT,Standard,10
2024,01,AUDI,18,Granada,Private,ICE,FOCUS SEGMENT,Standard,12
2024,01,AUDI,18,Granada,Private,PHEV,FOCUS SEGMENT,Standard,1
2024,01,BMW,18,Granada,Corporate,BEV,FOCUS SEGMENT,Standard,1
2024,01,BMW,18,Granada,Corporate,ICE,FOCUS SEGMENT,Standard,6
2024,01,BMW,18,Granada,Private,ICE,FOCUS SEGMENT,M,2
2024,01,BMW,18,Granada,Private,ICE,FOCUS SEGMENT,Standard,19
2024,01,BMW,18,Granada,Private,PHEV,FOCUS SEGMENT,Standard,2
2024,01,CITROEN,18,Granada,Private,ICE,REST,Standard,10
2024,01,CUPRA,18,Granada,Corporate,PHEV,REST,Standard,1
2024,01,CUPRA,18,Granada,Private,BEV,REST,Standard,2
2024,01,CUPRA,18,Granada,Private,ICE,REST,Standard,8
2024,01,CUPRA,18,Granada,Private,PHEV,REST,Standard,3
2024,01,DACIA,18,Granada,Corporate,ICE,REST,Standard,5
2024,01,DACIA,18,Granada,Private,ICE,REST,Standard,43
2024,01,DR,18,Granada,Private,ICE,REST,Standard,2
2024,01,DS,18,Granada,Private,ICE,REST,Standard,2
2024,01,FIAT,18,Granada,Corporate,ICE,REST,Standard,1
2024,01,FIAT,18,Granada,Private,ICE,,Standard,1
2024,01,FIAT,18,Granada,Private,ICE,REST,Standard,9
2024,01,FORD,18,Granada,Private,ICE,REST,Standard,4
2024,01,HYUNDAI,18,Granada,Corporate,ICE,REST,Standard,4
2024,01,HYUNDAI,18,Granada,Corporate,PHEV,REST,Standard,1
2024,01,HYUNDAI,18,Granada,Private,BEV,REST,Standard,1
2024,01,HYUNDAI,18,Granada,Private,ICE,REST,Standard,49
2024,01,JAGUAR,18,Granada,RAC,ICE,FOCUS SEGMENT,Standard,1
2024,01,JEEP,18,Granada,Private,ICE,REST,Standard,2
2024,01,KIA,18,Granada,Corporate,ICE,REST,Standard,2
2024,01,KIA,18,Granada,Corporate,PHEV,REST,Standard,1
2024,01,KIA,18,Granada,Private,BEV,REST,Standard,2
2024,01,KIA,18,Granada,Private,ICE,REST,Standard,40
2024,01,KIA,18,Granada,Private,PHEV,REST,Standard,4
2024,01,LEXUS,18,Granada,Corporate,ICE,FOCUS SEGMENT,Standard,4
2024,01,MAZDA,18,Granada,Private,ICE,REST,Standard,11
2024,01,MERCEDES,18,Granada,Corporate,ICE,FOCUS SEGMENT,M Performance,1
2024,01,MERCEDES,18,Granada,Corporate,ICE,FOCUS SEGMENT,Standard,5
2024,01,MERCEDES,18,Granada,Corporate,ICE,REST,Standard,1
2024,01,MERCEDES,18,Granada,Corporate,PHEV,FOCUS SEGMENT,Standard,4
2024,01,MERCEDES,18,Granada,Private,ICE,FOCUS SEGMENT,Standard,6
2024,01,MERCEDES,18,Granada,Private,PHEV,FOCUS SEGMENT,Standard,4
2024,01,MG,18,Granada,Corporate,ICE,REST,Standard,1
2024,01,MG,18,Granada,Private,BEV,REST,Standard,4
2024,01,MG,18,Granada,Private,ICE,REST,Standard,33
2024,01,MG,18,Granada,Private,PHEV,REST,Standard,4
2024,01,MINI,18,Granada,Corporate,ICE,FOCUS SEGMENT,Standard,3
2024,01,MINI,18,Granada,Private,ICE,FOCUS SEGMENT,Standard,1
2024,01,MITSUBISHI,18,Granada,Private,ICE,REST,Standard,2
2024,01,MITSUBISHI,18,Granada,Private,PHEV,REST,Standard,1
2024,01,NISSAN,18,Granada,Corporate,ICE,REST,Standard,1
2024,01,NISSAN,18,Granada,Private,ICE,REST,Standard,16
2024,01,OPEL,18,Granada,Private,ICE,REST,Standard,3
2024,01,PEUGEOT,18,Granada,Corporate,BEV,REST,Standard,1
2024,01,PEUGEOT,18,Granada,Corporate,ICE,REST,Standard,1
2024,01,PEUGEOT,18,Granada,Corporate,PHEV,REST,Standard,1
2024,01,PEUGEOT,18,Granada,Private,BEV,REST,Standard,1
2024,01,PEUGEOT,18,Granada,Private,ICE,REST,Standard,24
2024,01,PEUGEOT,18,Granada,Private,PHEV,REST,Standard,1
2024,01,PORSCHE,18,Granada,Corporate,ICE,FOCUS SEGMENT,M,1
2024,01,PORSCHE,18,Granada,Corporate,ICE,FOCUS SEGMENT,M Performance,1
2024,01,PORSCHE,18,Granada,Corporate,ICE,FOCUS SEGMENT,Standard,1
2024,01,PORSCHE,18,Granada,Corporate,PHEV,FOCUS SEGMENT,M Performance,1
2024,01,PORSCHE,18,Granada,Private,ICE,FOCUS SEGMENT,M Performance,1
2024,01,RENAULT,18,Granada,Corporate,ICE,REST,Standard,6
2024,01,RENAULT,18,Granada,Private,ICE,REST,Standard,26
2024,01,SEAT,18,Granada,Corporate,ICE,REST,Standard,7
2024,01,SEAT,18,Granada,Private,ICE,REST,Standard,63
2024,01,SEAT,18,Granada,Private,PHEV,REST,Standard,1
2024,01,SKODA,18,Granada,Corporate,ICE,REST,Standard,7
2024,01,SKODA,18,Granada,Private,ICE,REST,Standard,14
2024,01,SMART,18,Granada,Corporate,BEV,REST,Standard,2
2024,01,SSANGYONG,18,Granada,Private,ICE,REST,Standard,1
2024,01,SUBARU,18,Granada,Private,ICE,REST,Standard,1
2024,01,SUZUKI,18,Granada,Corporate,ICE,REST,Standard,2
2024,01,SUZUKI,18,Granada,Private,ICE,REST,Standard,2
2024,01,TESLA,18,Granada,Corporate,BEV,FOCUS SEGMENT,Standard,1
2024,01,TESLA,18,Granada,Private,BEV,FOCUS SEGMENT,Standard,6
2024,01,TOYOTA,18,Granada,Corporate,ICE,REST,Standard,12
2024,01,TOYOTA,18,Granada,Private,ICE,REST,Standard,81
2024,01,TOYOTA,18,Granada,Private,PHEV,REST,Standard,1
2024,01,VOLKSWAGEN,18,Granada,Corporate,BEV,REST,Standard,3
2024,01,VOLKSWAGEN,18,Granada,Corporate,ICE,REST,Standard,11
2024,01,VOLKSWAGEN,18,Granada,Corporate,PHEV,REST,Standard,1
2024,01,VOLKSWAGEN,18,Granada,Private,ICE,REST,Standard,24
2024,01,VOLKSWAGEN V W,18,Granada,Private,ICE,REST,Standard,1
2024,01,AUDI,19,Guadalajara,Corporate,ICE,FOCUS SEGMENT,Standard,1
2024,01,AUDI,19,Guadalajara,Corporate,PHEV,FOCUS SEGMENT,Standard,2
2024,01,AUDI,19,Guadalajara,Private,ICE,FOCUS SEGMENT,Standard,5
2024,01,AUDI,19,Guadalajara,Private,PHEV,FOCUS SEGMENT,Standard,1
2024,01,BMW,19,Guadalajara,Private,BEV,FOCUS SEGMENT,Standard,1
2024,01,BMW,19,Guadalajara,Private,ICE,FOCUS SEGMENT,Standard,6
2024,01,BYD,19,Guadalajara,Corporate,BEV,REST,Standard,1
2024,01,BYD,19,Guadalajara,Private,BEV,REST,Standard,2
2024,01,CITROEN,19,Guadalajara,Corporate,BEV,REST,Standard,1
2024,01,CITROEN,19,Guadalajara,Corporate,ICE,REST,Standard,5
2024,01,CITROEN,19,Guadalajara,Private,BEV,REST,Standard,1
2024,01,CITROEN,19,Guadalajara,Private,ICE,REST,Standard,2
2024,01,CUPRA,19,Guadalajara,Corporate,PHEV,REST,Standard,2
2024,01,CUPRA,19,Guadalajara,Private,ICE,REST,Standard,1
2024,01,CUPRA,19,Guadalajara,Private,PHEV,REST,Standard,1
2024,01,DACIA,19,Guadalajara,Corporate,ICE,REST,Standard,1
2024,01,DACIA,19,Guadalajara,Private,BEV,REST,Standard,1
2024,01,DACIA,19,Guadalajara,Private,ICE,REST,Standard,11
2024,01,DS,19,Guadalajara,Private,ICE,REST,Standard,2
2024,01,FIAT,19,Guadalajara,Private,ICE,REST,Standard,2
2024,01,FORD,19,Guadalajara,Private,ICE,REST,Standard,8
2024,01,HONDA,19,Guadalajara,Private,ICE,REST,Standard,2
2024,01,HYUNDAI,19,Guadalajara,Corporate,ICE,REST,Standard,1
2024,01,HYUNDAI,19,Guadalajara,Private,ICE,REST,Standard,12
2024,01,HYUNDAI,19,Guadalajara,RAC,ICE,REST,Standard,2
2024,01,JEEP,19,Guadalajara,Private,ICE,REST,Standard,3
2024,01,KIA,19,Guadalajara,Corporate,ICE,REST,Standard,1
2024,01,KIA,19,Guadalajara,Corporate,PHEV,REST,Standard,1
2024,01,KIA,19,Guadalajara,Private,BEV,REST,Standard,2
2024,01,KIA,19,Guadalajara,Private,ICE,REST,Standard,14
2024,01,LAND ROVER,19,Guadalajara,Private,ICE,FOCUS SEGMENT,Standard,1
2024,01,LEXUS,19,Guadalajara,Private,ICE,FOCUS SEGMENT,Standard,5
2024,01,MAZDA,19,Guadalajara,Corporate,ICE,REST,Standard,1
2024,01,MAZDA,19,Guadalajara,Private,ICE,REST,Standard,7
2024,01,MERCEDES,19,Guadalajara,Corporate,ICE,FOCUS SEGMENT,Standard,1
2024,01,MERCEDES,19,Guadalajara,Corporate,PHEV,FOCUS SEGMENT,Standard,2
2024,01,MERCEDES,19,Guadalajara,Private,ICE,FOCUS SEGMENT,Standard,3
2024,01,MERCEDES,19,Guadalajara,Private,PHEV,FOCUS SEGMENT,Standard,1
2024,01,MG,19,Guadalajara,Private,BEV,REST,Standard,1
2024,01,MG,19,Guadalajara,Private,ICE,REST,Standard,12
2024,01,MG,19,Guadalajara,Private,PHEV,REST,Standard,2
2024,01,MITSUBISHI,19,Guadalajara,Corporate,PHEV,REST,Standard,1
2024,01,NISSAN,19,Guadalajara,Corporate,ICE,REST,Standard,1
2024,01,NISSAN,19,Guadalajara,Private,ICE,REST,Standard,4
2024,01,OPEL,19,Guadalajara,Corporate,BEV,REST,Standard,1
2024,01,OPEL,19,Guadalajara,Corporate,ICE,REST,Standard,3
2024,01,OPEL,19,Guadalajara,Private,ICE,REST,Standard,5
2024,01,PEUGEOT,19,Guadalajara,Corporate,ICE,REST,Standard,1
2024,01,PEUGEOT,19,Guadalajara,Private,ICE,REST,Standard,5
2024,01,PEUGEOT,19,Guadalajara,Private,PHEV,REST,Standard,3
2024,01,RENAULT,19,Guadalajara,Corporate,ICE,REST,Standard,3
2024,01,RENAULT,19,Guadalajara,Private,BEV,REST,Standard,1
2024,01,RENAULT,19,Guadalajara,Private,ICE,REST,Standard,13
2024,01,SEAT,19,Guadalajara,Corporate,ICE,REST,Standard,1
2024,01,SEAT,19,Guadalajara,Corporate,PHEV,REST,Standard,1
2024,01,SEAT,19,Guadalajara,Private,ICE,REST,Standard,17
2024,01,SKODA,19,Guadalajara,Corporate,ICE,REST,Standard,1
2024,01,SKODA,19,Guadalajara,Private,ICE,REST,Standard,6
2024,01,SUZUKI,19,Guadalajara,Private,ICE,REST,Standard,4
2024,01,TESLA,19,Guadalajara,Private,BEV,FOCUS SEGMENT,Standard,9
2024,01,TOYOTA,19,Guadalajara,Private,BEV,REST,Standard,1
2024,01,TOYOTA,19,Guadalajara,Private,ICE,REST,Standard,26
2024,01,TOYOTA,19,Guadalajara,Private,PHEV,REST,Standard,1
2024,01,VOLKSWAGEN,19,Guadalajara,Private,BEV,REST,Standard,1
2024,01,VOLVO,19,Guadalajara,Private,BEV,FOCUS SEGMENT,Standard,1
2024,01,VOLVO,19,Guadalajara,Private,ICE,FOCUS SEGMENT,Standard,2
2024,01,ALFA ROMEO,20,Gipuzkoa,Corporate,ICE,REST,Standard,1
2024,01,ALFA ROMEO,20,Gipuzkoa,Corporate,PHEV,REST,Standard,1
2024,01,ALLIED VEHICLES LTD,20,Gipuzkoa,Private,ICE,REST,Standard,1
2024,01,AUDI,20,Gipuzkoa,Corporate,BEV,FOCUS SEGMENT,Standard,1
2024,01,AUDI,20,Gipuzkoa,Corporate,ICE,FOCUS SEGMENT,Standard,5
2024,01,AUDI,20,Gipuzkoa,Corporate,PHEV,FOCUS SEGMENT,Standard,1
2024,01,AUDI,20,Gipuzkoa,Private,ICE,FOCUS SEGMENT,Standard,9
2024,01,AUDI,20,Gipuzkoa,Private,PHEV,FOCUS SEGMENT,Standard,1
2024,01,BMW,20,Gipuzkoa,Corporate,ICE,FOCUS SEGMENT,Standard,4
2024,01,BMW,20,Gipuzkoa,Private,BEV,FOCUS SEGMENT,Standard,1
2024,01,BMW,20,Gipuzkoa,Private,ICE,FOCUS SEGMENT,Standard,11
2024,01,BMW,20,Gipuzkoa,Private,PHEV,FOCUS SEGMENT,Standard,3
2024,01,BYD,20,Gipuzkoa,Private,BEV,REST,Standard,1
2024,01,CITROEN,20,Gipuzkoa,Corporate,ICE,REST,Standard,2
2024,01,CITROEN,20,Gipuzkoa,Private,ICE,REST,Standard,14
2024,01,CITROEN,20,Gipuzkoa,Private,PHEV,REST,Standard,1
2024,01,CUPRA,20,Gipuzkoa,Corporate,BEV,REST,Standard,2
2024,01,CUPRA,20,Gipuzkoa,Corporate,ICE,REST,Standard,3
2024,01,CUPRA,20,Gipuzkoa,Private,ICE,REST,Standard,5
2024,01,DACIA,20,Gipuzkoa,Corporate,ICE,REST,Standard,3
2024,01,DACIA,20,Gipuzkoa,Private,ICE,REST,Standard,27
2024,01,DS,20,Gipuzkoa,Private,ICE,REST,Standard,1
2024,01,DS,20,Gipuzkoa,Private,PHEV,REST,Standard,1
2024,01,FIAT,20,Gipuzkoa,Private,ICE,REST,Standard,1
2024,01,FORD,20,Gipuzkoa,Corporate,ICE,REST,Standard,1
2024,01,FORD,20,Gipuzkoa,Private,BEV,REST,Standard,2
2024,01,FORD,20,Gipuzkoa,Private,ICE,REST,Standard,17
2024,01,FORD,20,Gipuzkoa,Private,PHEV,REST,Standard,3
2024,01,HONDA,20,Gipuzkoa,Corporate,ICE,REST,Standard,1
2024,01,HONDA,20,Gipuzkoa,Private,ICE,REST,Standard,3
2024,01,HYUNDAI,20,Gipuzkoa,Corporate,ICE,REST,Standard,1
2024,01,HYUNDAI,20,Gipuzkoa,Private,ICE,REST,Standard,28
2024,01,JEEP,20,Gipuzkoa,Corporate,ICE,REST,Standard,3
2024,01,JEEP,20,Gipuzkoa,Corporate,PHEV,REST,Standard,1
2024,01,JEEP,20,Gipuzkoa,Private,PHEV,REST,Standard,1
2024,01,KIA,20,Gipuzkoa,Corporate,ICE,REST,Standard,2
2024,01,KIA,20,Gipuzkoa,Private,BEV,REST,Standard,1
2024,01,KIA,20,Gipuzkoa,Private,ICE,REST,Standard,38
2024,01,KIA,20,Gipuzkoa,Private,PHEV,REST,Standard,3
2024,01,LAND ROVER,20,Gipuzkoa,Corporate,ICE,FOCUS SEGMENT,Standard,1
2024,01,LEXUS,20,Gipuzkoa,Corporate,ICE,FOCUS SEGMENT,Standard,4
2024,01,LEXUS,20,Gipuzkoa,Private,ICE,FOCUS SEGMENT,Standard,8
2024,01,MAZDA,20,Gipuzkoa,Corporate,ICE,REST,Standard,2
2024,01,MAZDA,20,Gipuzkoa,Corporate,PHEV,REST,Standard,1
2024,01,MAZDA,20,Gipuzkoa,Private,ICE,REST,Standard,9
2024,01,MAZDA,20,Gipuzkoa,Private,PHEV,REST,Standard,1
2024,01,MERCEDES,20,Gipuzkoa,Corporate,BEV,FOCUS SEGMENT,Standard,1
2024,01,MERCEDES,20,Gipuzkoa,Corporate,ICE,FOCUS SEGMENT,M Performance,2
2024,01,MERCEDES,20,Gipuzkoa,Corporate,ICE,FOCUS SEGMENT,Standard,16
2024,01,MERCEDES,20,Gipuzkoa,Corporate,PHEV,FOCUS SEGMENT,Standard,2
2024,01,MERCEDES,20,Gipuzkoa,Private,ICE,FOCUS SEGMENT,M,1
2024,01,MERCEDES,20,Gipuzkoa,Private,ICE,FOCUS SEGMENT,M Performance,1
2024,01,MERCEDES,20,Gipuzkoa,Private,ICE,FOCUS SEGMENT,Standard,11
2024,01,MERCEDES,20,Gipuzkoa,Private,ICE,REST,Standard,1
2024,01,MERCEDES,20,Gipuzkoa,Private,PHEV,FOCUS SEGMENT,Standard,10
2024,01,MERCEDES-V,20,Gipuzkoa,Private,ICE,REST,Standard,1
2024,01,MG,20,Gipuzkoa,Corporate,ICE,REST,Standard,1
2024,01,MG,20,Gipuzkoa,Private,BEV,REST,Standard,9
2024,01,MG,20,Gipuzkoa,Private,ICE,REST,Standard,6
2024,01,MINI,20,Gipuzkoa,Private,ICE,FOCUS SEGMENT,Standard,2
2024,01,MITSUBISHI,20,Gipuzkoa,Private,ICE,REST,Standard,4
2024,01,MITSUBISHI,20,Gipuzkoa,Private,PHEV,REST,Standard,2
2024,01,NISSAN,20,Gipuzkoa,Corporate,ICE,REST,Standard,1
2024,01,NISSAN,20,Gipuzkoa,Private,ICE,REST,Standard,7
2024,01,OMODA,20,Gipuzkoa,Corporate,ICE,REST,Standard,1
2024,01,OMODA,20,Gipuzkoa,Private,ICE,REST,Standard,1
2024,01,OPEL,20,Gipuzkoa,Corporate,ICE,REST,Standard,4
2024,01,OPEL,20,Gipuzkoa,Private,ICE,REST,Standard,4
2024,01,PEUGEOT,20,Gipuzkoa,Corporate,BEV,REST,Standard,4
2024,01,PEUGEOT,20,Gipuzkoa,Corporate,ICE,REST,Standard,87
2024,01,PEUGEOT,20,Gipuzkoa,Corporate,PHEV,REST,Standard,2
2024,01,PEUGEOT,20,Gipuzkoa,Private,ICE,REST,Standard,12
2024,01,PEUGEOT,20,Gipuzkoa,Private,PHEV,REST,Standard,2
2024,01,PORSCHE,20,Gipuzkoa,Private,ICE,FOCUS SEGMENT,M Performance,1
2024,01,PORSCHE,20,Gipuzkoa,Private,ICE,FOCUS SEGMENT,Standard,1
2024,01,PORSCHE,20,Gipuzkoa,Private,PHEV,FOCUS SEGMENT,M Performance,1
2024,01,RENAULT,20,Gipuzkoa,Corporate,BEV,REST,Standard,1
2024,01,RENAULT,20,Gipuzkoa,Corporate,ICE,REST,Standard,2
2024,01,RENAULT,20,Gipuzkoa,Private,ICE,REST,Standard,21
2024,01,SEAT,20,Gipuzkoa,Corporate,ICE,REST,Standard,13
2024,01,SEAT,20,Gipuzkoa,Private,ICE,REST,Standard,38
2024,01,SKODA,20,Gipuzkoa,Corporate,ICE,REST,Standard,6
2024,01,SKODA,20,Gipuzkoa,Corporate,PHEV,REST,Standard,1
2024,01,SKODA,20,Gipuzkoa,Private,ICE,REST,Standard,24
2024,01,SSANGYONG,20,Gipuzkoa,Corporate,ICE,REST,Standard,1
2024,01,SSANGYONG,20,Gipuzkoa,Private,ICE,REST,Standard,2
2024,01,SUBARU,20,Gipuzkoa,Private,ICE,REST,Standard,1
2024,01,SUZUKI,20,Gipuzkoa,Private,ICE,REST,Standard,3
2024,01,TESLA,20,Gipuzkoa,Private,BEV,FOCUS SEGMENT,Standard,13
2024,01,TOYOTA,20,Gipuzkoa,Corporate,ICE,REST,Standard,8
2024,01,TOYOTA,20,Gipuzkoa,Corporate,PHEV,REST,Standard,2
2024,01,TOYOTA,20,Gipuzkoa,Private,ICE,REST,Standard,54
2024,01,TOYOTA,20,Gipuzkoa,Private,PHEV,REST,Standard,4
2024,01,VOLKSWAGEN,20,Gipuzkoa,Corporate,BEV,REST,Standard,1
2024,01,VOLKSWAGEN,20,Gipuzkoa,Corporate,ICE,REST,Standard,7
2024,01,VOLKSWAGEN,20,Gipuzkoa,Private,BEV,REST,Standard,1
2024,01,VOLKSWAGEN,20,Gipuzkoa,Private,ICE,REST,Standard,15
2024,01,VOLVO,20,Gipuzkoa,Corporate,ICE,FOCUS SEGMENT,Standard,4
2024,01,VOLVO,20,Gipuzkoa,Private,ICE,FOCUS SEGMENT,Standard,7
2024,01,AUDI,21,Huelva,Corporate,ICE,FOCUS SEGMENT,Standard,5
2024,01,AUDI,21,Huelva,Corporate,PHEV,FOCUS SEGMENT,Standard,4
2024,01,AUDI,21,Huelva,Private,BEV,FOCUS SEGMENT,Standard,1
2024,01,AUDI,21,Huelva,Private,ICE,FOCUS SEGMENT,Standard,5
2024,01,BMW,21,Huelva,Corporate,ICE,FOCUS SEGMENT,Standard,5
2024,01,BMW,21,Huelva,Private,ICE,FOCUS SEGMENT,Standard,11
2024,01,BMW,21,Huelva,Private,PHEV,FOCUS SEGMENT,Standard,1
2024,01,BYD,21,Huelva,Private,BEV,REST,Standard,1
2024,01,CITROEN,21,Huelva,Private,ICE,REST,Standard,6
2024,01,CUPRA,21,Huelva,Corporate,ICE,REST,Standard,1
2024,01,CUPRA,21,Huelva,Corporate,PHEV,REST,Standard,2
2024,01,CUPRA,21,Huelva,Private,ICE,REST,Standard,2
2024,01,DACIA,21,Huelva,Corporate,ICE,REST,Standard,11
2024,01,DACIA,21,Huelva,Private,ICE,REST,Standard,25
2024,01,DR,21,Huelva,Corporate,ICE,REST,Standard,1
2024,01,FIAT,21,Huelva,Private,BEV,REST,Standard,2
2024,01,FIAT,21,Huelva,Private,ICE,REST,Standard,1
2024,01,FORD,21,Huelva,Corporate,ICE,REST,Standard,1
2024,01,FORD,21,Huelva,Private,ICE,REST,Standard,8
2024,01,HYUNDAI,21,Huelva,Corporate,ICE,REST,Standard,9
2024,01,HYUNDAI,21,Huelva,Private,ICE,REST,Standard,18
2024,01,KIA,21,Huelva,Corporate,ICE,REST,Standard,6
2024,01,KIA,21,Huelva,Corporate,PHEV,REST,Standard,1
2024,01,KIA,21,Huelva,Private,ICE,REST,Standard,35
2024,01,LAND ROVER,21,Huelva,Corporate,ICE,FOCUS SEGMENT,Standard,1
2024,01,LAND ROVER,21,Huelva,Private,ICE,FOCUS SEGMENT,Standard,1
2024,01,MAZDA,21,Huelva,Private,ICE,REST,Standard,6
2024,01,MAZDA,21,Huelva,Private,PHEV,REST,Standard,1
2024,01,MERCEDES,21,Huelva,Corporate,ICE,FOCUS SEGMENT,M Performance,1
2024,01,MERCEDES,21,Huelva,Corporate,ICE,FOCUS SEGMENT,Standard,6
2024,01,MERCEDES,21,Huelva,Corporate,ICE,REST,Standard,1
2024,01,MERCEDES,21,Huelva,Corporate,PHEV,FOCUS SEGMENT,Standard,2
2024,01,MERCEDES,21,Huelva,Private,ICE,FOCUS SEGMENT,Standard,7
2024,01,MERCEDES,21,Huelva,Private,PHEV,FOCUS SEGMENT,Standard,2
2024,01,MG,21,Huelva,Private,ICE,REST,Standard,31
2024,01,MINI,21,Huelva,Private,ICE,FOCUS SEGMENT,Standard,2
2024,01,NISSAN,21,Huelva,Corporate,ICE,REST,Standard,6
2024,01,NISSAN,21,Huelva,Private,ICE,REST,Standard,10
2024,01,OPEL,21,Huelva,Private,ICE,REST,Standard,1
2024,01,PEUGEOT,21,Huelva,Corporate,ICE,REST,Standard,7
2024,01,PEUGEOT,21,Huelva,Private,ICE,REST,Standard,10
2024,01,RENAULT,21,Huelva,Corporate,ICE,REST,Standard,6
2024,01,RENAULT,21,Huelva,Private,ICE,REST,Standard,21
2024,01,SEAT,21,Huelva,Corporate,ICE,REST,Standard,5
2024,01,SEAT,21,Huelva,Private,ICE,REST,Standard,17
2024,01,SKODA,21,Huelva,Corporate,ICE,REST,Standard,2
2024,01,SKODA,21,Huelva,Private,ICE,REST,Standard,14
2024,01,SSANGYONG,21,Huelva,Corporate,ICE,REST,Standard,1
2024,01,TESLA,21,Huelva,Private,BEV,FOCUS SEGMENT,Standard,3
2024,01,TOYOTA,21,Huelva,Corporate,ICE,REST,Standard,4
2024,01,TOYOTA,21,Huelva,Private,ICE,REST,Standard,32
2024,01,TOYOTA,21,Huelva,Private,PHEV,REST,Standard,1
2024,01,TOYOTA,21,Huelva,RAC,ICE,REST,Standard,1
2024,01,VOLKSWAGEN,21,Huelva,Corporate,ICE,REST,Standard,4
2024,01,VOLKSWAGEN,21,Huelva,Private,ICE,REST,Standard,13
2024,01,VOLVO,21,Huelva,Corporate,ICE,FOCUS SEGMENT,Standard,1
2024,01,VOLVO,21,Huelva,Private,ICE,FOCUS SEGMENT,Standard,6
2024,01,AUDI,22,Huesca,Corporate,ICE,FOCUS SEGMENT,Standard,8
2024,01,AUDI,22,Huesca,Private,ICE,FOCUS SEGMENT,Standard,5
2024,01,BMW,22,Huesca,Corporate,ICE,FOCUS SEGMENT,Standard,3
2024,01,BMW,22,Huesca,Corporate,PHEV,FOCUS SEGMENT,Standard,1
2024,01,BMW,22,Huesca,Private,ICE,FOCUS SEGMENT,Standard,4
2024,01,CITROEN,22,Huesca,Corporate,ICE,REST,Standard,21
2024,01,CITROEN,22,Huesca,Private,ICE,REST,Standard,5
2024,01,CUPRA,22,Huesca,Corporate,PHEV,REST,Standard,1
2024,01,DACIA,22,Huesca,Corporate,ICE,REST,Standard,4
2024,01,DACIA,22,Huesca,Private,BEV,REST,Standard,1
2024,01,DACIA,22,Huesca,Private,ICE,REST,Standard,20
2024,01,FIAT,22,Huesca,Corporate,ICE,REST,Standard,1
2024,01,FIAT,22,Huesca,Private,ICE,REST,Standard,1
2024,01,FORD,22,Huesca,Private,ICE,REST,Standard,2
2024,01,HONDA,22,Huesca,Private,ICE,REST,Standard,1
2024,01,HYUNDAI,22,Huesca,Corporate,ICE,REST,Standard,2
2024,01,HYUNDAI,22,Huesca,Private,ICE,REST,Standard,9
2024,01,KIA,22,Huesca,Corporate,ICE,REST,Standard,5
2024,01,KIA,22,Huesca,Corporate,PHEV,REST,Standard,1
2024,01,KIA,22,Huesca,Private,BEV,REST,Standard,2
2024,01,KIA,22,Huesca,Private,ICE,REST,Standard,9
2024,01,KIA,22,Huesca,Private,PHEV,REST,Standard,1
2024,01,KIA,22,Huesca,RAC,ICE,REST,Standard,2
2024,01,MAZDA,22,Huesca,Corporate,ICE,REST,Standard,2
2024,01,MAZDA,22,Huesca,Private,ICE,REST,Standard,4
2024,01,MERCEDES,22,Huesca,Corporate,ICE,FOCUS SEGMENT,M Performance,1
2024,01,MERCEDES,22,Huesca,Corporate,ICE,FOCUS SEGMENT,Standard,2
2024,01,MERCEDES,22,Huesca,Corporate,PHEV,FOCUS SEGMENT,Standard,2
2024,01,MERCEDES,22,Huesca,Private,BEV,FOCUS SEGMENT,Standard,1
2024,01,MERCEDES,22,Huesca,Private,ICE,FOCUS SEGMENT,Standard,4
2024,01,MERCEDES,22,Huesca,Private,PHEV,FOCUS SEGMENT,Standard,8
2024,01,MG,22,Huesca,Private,BEV,REST,Standard,1
2024,01,MG,22,Huesca,Private,ICE,REST,Standard,3
2024,01,NISSAN,22,Huesca,Corporate,ICE,REST,Standard,3
2024,01,NISSAN,22,Huesca,Private,ICE,REST,Standard,3
2024,01,OPEL,22,Huesca,Corporate,ICE,REST,Standard,1
2024,01,OPEL,22,Huesca,Private,ICE,REST,Standard,3
2024,01,PEUGEOT,22,Huesca,Corporate,BEV,REST,Standard,1
2024,01,PEUGEOT,22,Huesca,Corporate,ICE,REST,Standard,4
2024,01,PEUGEOT,22,Huesca,Corporate,PHEV,REST,Standard,1
2024,01,PEUGEOT,22,Huesca,Private,ICE,REST,Standard,2
2024,01,PORSCHE,22,Huesca,Corporate,ICE,FOCUS SEGMENT,M Performance,1
2024,01,RENAULT,22,Huesca,Corporate,ICE,REST,Standard,7
2024,01,RENAULT,22,Huesca,Private,ICE,REST,Standard,10
2024,01,RENAULT,22,Huesca,RAC,ICE,REST,Standard,1
2024,01,SEAT,22,Huesca,Corporate,ICE,REST,Standard,2
2024,01,SEAT,22,Huesca,Private,ICE,REST,Standard,21
2024,01,SKODA,22,Huesca,Corporate,ICE,REST,Standard,6
2024,01,SKODA,22,Huesca,Private,ICE,REST,Standard,3
2024,01,SSANGYONG,22,Huesca,Private,ICE,REST,Standard,4
2024,01,SUBARU,22,Huesca,Corporate,ICE,REST,Standard,2
2024,01,SUZUKI,22,Huesca,Private,ICE,REST,Standard,2
2024,01,TESLA,22,Huesca,Corporate,BEV,FOCUS SEGMENT,Standard,1
2024,01,TESLA,22,Huesca,Private,BEV,FOCUS SEGMENT,Standard,2
2024,01,TOYOTA,22,Huesca,Corporate,ICE,REST,Standard,10
2024,01,TOYOTA,22,Huesca,Private,ICE,REST,Standard,15
2024,01,TOYOTA,22,Huesca,Private,PHEV,REST,Standard,2
2024,01,VOLKSWAGEN,22,Huesca,Corporate,BEV,REST,Standard,1
2024,01,VOLKSWAGEN,22,Huesca,Corporate,ICE,REST,Standard,6
2024,01,VOLKSWAGEN,22,Huesca,Private,ICE,REST,Standard,5
2024,01,VOLVO,22,Huesca,Private,ICE,FOCUS SEGMENT,Standard,2
2024,01,AUDI,23,Jaén,Corporate,ICE,FOCUS SEGMENT,Standard,4
2024,01,AUDI,23,Jaén,Private,ICE,FOCUS SEGMENT,Standard,3
2024,01,AUDI,23,Jaén,Private,PHEV,FOCUS SEGMENT,Standard,1
2024,01,BENTLEY,23,Jaén,Private,ICE,FOCUS SEGMENT,Standard,1
2024,01,BMW,23,Jaén,Corporate,ICE,FOCUS SEGMENT,M,1
2024,01,BMW,23,Jaén,Corporate,ICE,FOCUS SEGMENT,Standard,4
2024,01,BMW,23,Jaén,Private,ICE,FOCUS SEGMENT,Standard,13
2024,01,CITROEN,23,Jaén,Corporate,BEV,REST,Standard,1
2024,01,CITROEN,23,Jaén,Corporate,ICE,REST,Standard,2
2024,01,CITROEN,23,Jaén,Private,ICE,REST,Standard,15
2024,01,CUPRA,23,Jaén,Private,ICE,REST,Standard,2
2024,01,CUPRA,23,Jaén,Private,PHEV,REST,Standard,1
2024,01,DACIA,23,Jaén,Corporate,ICE,REST,Standard,2
2024,01,DACIA,23,Jaén,Private,ICE,REST,Standard,19
2024,01,DS,23,Jaén,Corporate,ICE,REST,Standard,1
2024,01,FIAT,23,Jaén,Corporate,BEV,REST,Standard,1
2024,01,FIAT,23,Jaén,Corporate,ICE,,Standard,1
2024,01,FIAT,23,Jaén,Private,ICE,REST,Standard,2
2024,01,FORD,23,Jaén,Private,ICE,REST,Standard,7
2024,01,FORD,23,Jaén,Private,PHEV,REST,Standard,1
2024,01,HONDA,23,Jaén,Private,ICE,REST,Standard,2
2024,01,HYUNDAI,23,Jaén,Corporate,ICE,REST,Standard,8
2024,01,HYUNDAI,23,Jaén,Private,ICE,REST,Standard,20
2024,01,JEEP,23,Jaén,Corporate,PHEV,REST,Standard,1
2024,01,KIA,23,Jaén,Corporate,PHEV,REST,Standard,1
2024,01,KIA,23,Jaén,Private,BEV,REST,Standard,1
2024,01,KIA,23,Jaén,Private,ICE,REST,Standard,20
2024,01,KIA,23,Jaén,Private,PHEV,REST,Standard,2
2024,01,LEXUS,23,Jaén,Corporate,PHEV,FOCUS SEGMENT,Standard,1
2024,01,LEXUS,23,Jaén,Private,ICE,FOCUS SEGMENT,Standard,1
2024,01,MAZDA,23,Jaén,Private,ICE,REST,Standard,7
2024,01,MERCEDES,23,Jaén,Corporate,ICE,FOCUS SEGMENT,M,1
2024,01,MERCEDES,23,Jaén,Corporate,ICE,FOCUS SEGMENT,M Performance,1
2024,01,MERCEDES,23,Jaén,Corporate,ICE,FOCUS SEGMENT,Standard,6
2024,01,MERCEDES,23,Jaén,Corporate,PHEV,FOCUS SEGMENT,Standard,1
2024,01,MERCEDES,23,Jaén,Private,BEV,FOCUS SEGMENT,Standard,1
2024,01,MERCEDES,23,Jaén,Private,ICE,FOCUS SEGMENT,Standard,4
2024,01,MERCEDES,23,Jaén,Private,PHEV,FOCUS SEGMENT,Standard,2
2024,01,MERCEDES,23,Jaén,RAC,PHEV,FOCUS SEGMENT,Standard,3
2024,01,MG,23,Jaén,Private,BEV,REST,Standard,1
2024,01,MG,23,Jaén,Private,ICE,REST,Standard,17
2024,01,MINI,23,Jaén,Private,ICE,FOCUS SEGMENT,Standard,2
2024,01,MITSUBISHI,23,Jaén,Private,ICE,REST,Standard,1
2024,01,NISSAN,23,Jaén,Private,ICE,REST,Standard,9
2024,01,OPEL,23,Jaén,Corporate,ICE,REST,Standard,1
2024,01,OPEL,23,Jaén,Private,ICE,REST,Standard,7
2024,01,PEUGEOT,23,Jaén,Corporate,BEV,REST,Standard,1
2024,01,PEUGEOT,23,Jaén,Corporate,ICE,REST,Standard,1
2024,01,PEUGEOT,23,Jaén,Private,ICE,REST,Standard,13
2024,01,RENAULT,23,Jaén,Corporate,ICE,REST,Standard,5
2024,01,RENAULT,23,Jaén,Private,ICE,REST,Standard,10
2024,01,SEAT,23,Jaén,Corporate,ICE,REST,Standard,3
2024,01,SEAT,23,Jaén,Private,ICE,REST,Standard,22
2024,01,SKODA,23,Jaén,Private,ICE,REST,Standard,6
2024,01,SSANGYONG,23,Jaén,Private,ICE,REST,Standard,1
2024,01,TESLA,23,Jaén,Corporate,BEV,FOCUS SEGMENT,Standard,1
2024,01,TESLA,23,Jaén,Private,BEV,FOCUS SEGMENT,Standard,4
2024,01,TOYOTA,23,Jaén,Corporate,ICE,REST,Standard,5
2024,01,TOYOTA,23,Jaén,Corporate,PHEV,REST,Standard,1
2024,01,TOYOTA,23,Jaén,Private,ICE,REST,Standard,39
2024,01,VOLKSWAGEN,23,Jaén,Corporate,ICE,REST,Standard,4
2024,01,VOLKSWAGEN,23,Jaén,Private,ICE,REST,Standard,5
2024,01,VOLVO,23,Jaén,Corporate,BEV,FOCUS SEGMENT,Standard,1
2024,01,VOLVO,23,Jaén,Corporate,ICE,FOCUS SEGMENT,Standard,1
2024,01,VOLVO,23,Jaén,Private,ICE,FOCUS SEGMENT,Standard,3
2024,01,AUDI,24,León,Corporate,ICE,FOCUS SEGMENT,Standard,5
2024,01,AUDI,24,León,Corporate,PHEV,FOCUS SEGMENT,Standard,1
2024,01,AUDI,24,León,Private,BEV,FOCUS SEGMENT,Standard,1
2024,01,AUDI,24,León,Private,ICE,FOCUS SEGMENT,Standard,4
2024,01,BMW,24,León,Corporate,ICE,FOCUS SEGMENT,Standard,5
2024,01,BMW,24,León,Private,ICE,FOCUS SEGMENT,Standard,16
2024,01,BMW,24,León,Private,PHEV,FOCUS SEGMENT,Standard,1
2024,01,CITROEN,24,León,Private,ICE,REST,Standard,9
2024,01,CUPRA,24,León,Corporate,PHEV,REST,Standard,2
2024,01,CUPRA,24,León,Private,ICE,REST,Standard,1
2024,01,CUPRA,24,León,Private,PHEV,REST,Standard,1
2024,01,DACIA,24,León,Corporate,ICE,REST,Standard,1
2024,01,DACIA,24,León,Private,ICE,REST,Standard,21
2024,01,DACIA,24,León,RAC,ICE,REST,Standard,4
2024,01,DFSK,24,León,Private,ICE,REST,Standard,1
2024,01,DR,24,León,Private,ICE,REST,Standard,2
2024,01,FIAT,24,León,Corporate,BEV,REST,Standard,1
2024,01,FIAT,24,León,Corporate,ICE,,Standard,1
2024,01,FIAT,24,León,Corporate,ICE,REST,Standard,1
2024,01,FIAT,24,León,Private,ICE,,Standard,1
2024,01,FIAT,24,León,Private,ICE,REST,Standard,2
2024,01,FORD,24,León,Corporate,ICE,REST,Standard,2
2024,01,FORD,24,León,Corporate,PHEV,REST,Standard,1
2024,01,FORD,24,León,Private,ICE,REST,Standard,9
2024,01,FORD,24,León,Private,PHEV,REST,Standard,2
2024,01,HYUNDAI,24,León,Corporate,BEV,REST,Standard,1
2024,01,HYUNDAI,24,León,Corporate,ICE,REST,Standard,8
2024,01,HYUNDAI,24,León,Corporate,PHEV,REST,Standard,2
2024,01,HYUNDAI,24,León,Private,BEV,REST,Standard,1
2024,01,HYUNDAI,24,León,Private,ICE,REST,Standard,25
2024,01,JAGUAR,24,León,Private,ICE,FOCUS SEGMENT,Standard,1
2024,01,JEEP,24,León,Corporate,ICE,REST,Standard,1
2024,01,JEEP,24,León,Corporate,PHEV,REST,Standard,1
2024,01,KIA,24,León,Corporate,ICE,REST,Standard,1
2024,01,KIA,24,León,Corporate,PHEV,REST,Standard,3
2024,01,KIA,24,León,Private,ICE,REST,Standard,24
2024,01,KIA,24,León,Private,PHEV,REST,Standard,2
2024,01,LEXUS,24,León,Corporate,PHEV,FOCUS SEGMENT,Standard,1
2024,01,LEXUS,24,León,Private,ICE,FOCUS SEGMENT,Standard,6
2024,01,MAZDA,24,León,Corporate,ICE,REST,Standard,2
2024,01,MAZDA,24,León,Corporate,PHEV,REST,Standard,1
2024,01,MAZDA,24,León,Private,ICE,REST,Standard,6
2024,01,MERCEDES,24,León,Corporate,ICE,FOCUS SEGMENT,Standard,3
2024,01,MERCEDES,24,León,Corporate,ICE,REST,Standard,2
2024,01,MERCEDES,24,León,Corporate,PHEV,FOCUS SEGMENT,Standard,4
2024,01,MERCEDES,24,León,Private,ICE,FOCUS SEGMENT,Standard,4
2024,01,MERCEDES,24,León,Private,PHEV,FOCUS SEGMENT,Standard,2
2024,01,MERCEDES,24,León,RAC,ICE,FOCUS SEGMENT,M Performance,1
2024,01,MG,24,León,Private,ICE,REST,Standard,6
2024,01,MINI,24,León,Corporate,PHEV,FOCUS SEGMENT,Standard,1
2024,01,MINI,24,León,Private,ICE,FOCUS SEGMENT,Standard,1
2024,01,MITSUBISHI,24,León,Corporate,ICE,REST,Standard,2
2024,01,MITSUBISHI,24,León,Private,ICE,REST,Standard,1
2024,01,NISSAN,24,León,Private,ICE,REST,Standard,6
2024,01,OPEL,24,León,Corporate,ICE,REST,Standard,2
2024,01,OPEL,24,León,Private,ICE,REST,Standard,6
2024,01,PEUGEOT,24,León,Corporate,BEV,REST,Standard,1
2024,01,PEUGEOT,24,León,Corporate,ICE,REST,Standard,16
2024,01,PEUGEOT,24,León,Corporate,PHEV,REST,Standard,4
2024,01,PEUGEOT,24,León,Private,ICE,REST,Standard,13
2024,01,PEUGEOT,24,León,Private,PHEV,REST,Standard,1
2024,01,PORSCHE,24,León,Corporate,ICE,FOCUS SEGMENT,Standard,1
2024,01,PORSCHE,24,León,Corporate,PHEV,FOCUS SEGMENT,Standard,2
2024,01,PORSCHE,24,León,Private,ICE,FOCUS SEGMENT,M Performance,1
2024,01,RENAULT,24,León,Corporate,ICE,REST,Standard,1
2024,01,RENAULT,24,León,Private,ICE,REST,Standard,14
2024,01,SEAT,24,León,Corporate,ICE,REST,Standard,4
2024,01,SEAT,24,León,Private,ICE,REST,Standard,23
2024,01,SKODA,24,León,Corporate,ICE,REST,Standard,2
2024,01,SKODA,24,León,Private,ICE,REST,Standard,8
2024,01,SSANGYONG,24,León,Corporate,ICE,REST,Standard,1
2024,01,SUZUKI,24,León,Private,ICE,REST,Standard,5
2024,01,TESLA,24,León,Private,BEV,FOCUS SEGMENT,Standard,3
2024,01,TOYOTA,24,León,Corporate,ICE,REST,Standard,8
2024,01,TOYOTA,24,León,Private,ICE,REST,Standard,25
2024,01,VOLKSWAGEN,24,León,Corporate,ICE,REST,Standard,12
2024,01,VOLKSWAGEN,24,León,Corporate,PHEV,REST,Standard,1
2024,01,VOLKSWAGEN,24,León,Private,ICE,REST,Standard,9
2024,01,VOLVO,24,León,Corporate,BEV,FOCUS SEGMENT,Standard,4
2024,01,VOLVO,24,León,Corporate,ICE,FOCUS SEGMENT,Standard,3
2024,01,VOLVO,24,León,Corporate,PHEV,FOCUS SEGMENT,Standard,1
2024,01,VOLVO,24,León,Private,ICE,FOCUS SEGMENT,Standard,4
2024,01,AUDI,25,Lleida,Corporate,ICE,FOCUS SEGMENT,Standard,8
2024,01,AUDI,25,Lleida,Corporate,PHEV,FOCUS SEGMENT,Standard,2
2024,01,AUDI,25,Lleida,Private,ICE,FOCUS SEGMENT,Standard,12
2024,01,BMW,25,Lleida,Corporate,ICE,FOCUS SEGMENT,Standard,3
2024,01,BMW,25,Lleida,Private,ICE,FOCUS SEGMENT,Standard,11
2024,01,BMW,25,Lleida,Private,PHEV,FOCUS SEGMENT,Standard,1
2024,01,BYD,25,Lleida,Private,BEV,REST,Standard,2
2024,01,CITROEN,25,Lleida,Corporate,ICE,REST,Standard,2
2024,01,CITROEN,25,Lleida,Private,ICE,REST,Standard,6
2024,01,CITROEN,25,Lleida,Private,PHEV,REST,Standard,1
2024,01,CUPRA,25,Lleida,Private,ICE,REST,Standard,4
2024,01,CUPRA,25,Lleida,Private,PHEV,REST,Standard,2
2024,01,DACIA,25,Lleida,Corporate,ICE,REST,Standard,8
2024,01,DACIA,25,Lleida,Private,ICE,REST,Standard,20
2024,01,DR,25,Lleida,Private,ICE,REST,Standard,1
2024,01,DS,25,Lleida,Corporate,ICE,REST,Standard,1
2024,01,FIAT,25,Lleida,Corporate,BEV,REST,Standard,1
2024,01,FIAT,25,Lleida,Corporate,ICE,REST,Standard,2
2024,01,FIAT,25,Lleida,Private,ICE,REST,Standard,1
2024,01,FORD,25,Lleida,Corporate,ICE,REST,Standard,3
2024,01,FORD,25,Lleida,Private,ICE,REST,Standard,6
2024,01,HONDA,25,Lleida,Corporate,ICE,REST,Standard,1
2024,01,HYUNDAI,25,Lleida,Corporate,ICE,REST,Standard,3
2024,01,HYUNDAI,25,Lleida,Private,ICE,REST,Standard,28
2024,01,HYUNDAI,25,Lleida,Private,PHEV,REST,Standard,1
2024,01,JEEP,25,Lleida,Private,ICE,REST,Standard,1
2024,01,KIA,25,Lleida,Corporate,ICE,REST,Standard,7
2024,01,KIA,25,Lleida,Corporate,PHEV,REST,Standard,1
2024,01,KIA,25,Lleida,Private,BEV,REST,Standard,2
2024,01,KIA,25,Lleida,Private,ICE,REST,Standard,16
2024,01,KIA,25,Lleida,Private,PHEV,REST,Standard,3
2024,01,LAND ROVER,25,Lleida,Corporate,ICE,FOCUS SEGMENT,Standard,1
2024,01,LAND ROVER,25,Lleida,Corporate,PHEV,FOCUS SEGMENT,Standard,3
2024,01,LEXUS,25,Lleida,Private,ICE,FOCUS SEGMENT,Standard,1
2024,01,MAZDA,25,Lleida,Private,ICE,REST,Standard,7
2024,01,MERCEDES,25,Lleida,Corporate,ICE,FOCUS SEGMENT,Standard,6
2024,01,MERCEDES,25,Lleida,Corporate,ICE,REST,Standard,2
2024,01,MERCEDES,25,Lleida,Corporate,PHEV,FOCUS SEGMENT,Standard,2
2024,01,MERCEDES,25,Lleida,Private,BEV,FOCUS SEGMENT,Standard,1
2024,01,MERCEDES,25,Lleida,Private,ICE,FOCUS SEGMENT,M Performance,1
2024,01,MERCEDES,25,Lleida,Private,ICE,FOCUS SEGMENT,Standard,9
2024,01,MERCEDES,25,Lleida,Private,PHEV,FOCUS SEGMENT,Standard,1
2024,01,MERCEDES-V,25,Lleida,Private,ICE,REST,Standard,1
2024,01,MG,25,Lleida,Corporate,ICE,REST,Standard,1
2024,01,MG,25,Lleida,Private,ICE,REST,Standard,12
2024,01,MINI,25,Lleida,Corporate,PHEV,FOCUS SEGMENT,Standard,1
2024,01,MINI,25,Lleida,Private,ICE,FOCUS SEGMENT,Standard,3
2024,01,MITSUBISHI,25,Lleida,Private,ICE,REST,Standard,2
2024,01,MITSUBISHI,25,Lleida,Private,PHEV,REST,Standard,1
2024,01,NISSAN,25,Lleida,Corporate,ICE,REST,Standard,7
2024,01,NISSAN,25,Lleida,Private,ICE,REST,Standard,1
2024,01,OPEL,25,Lleida,Corporate,ICE,REST,Standard,11
2024,01,OPEL,25,Lleida,Private,ICE,REST,Standard,9
2024,01,PEUGEOT,25,Lleida,Corporate,ICE,REST,Standard,24
2024,01,PEUGEOT,25,Lleida,Corporate,PHEV,REST,Standard,2
2024,01,PEUGEOT,25,Lleida,Private,BEV,REST,Standard,1
2024,01,PEUGEOT,25,Lleida,Private,ICE,REST,Standard,11
2024,01,PEUGEOT,25,Lleida,Private,PHEV,REST,Standard,5
2024,01,PORSCHE,25,Lleida,Corporate,ICE,FOCUS SEGMENT,M Performance,1
2024,01,RENAULT,25,Lleida,Corporate,ICE,REST,Standard,4
2024,01,RENAULT,25,Lleida,Private,ICE,REST,Standard,15
2024,01,SEAT,25,Lleida,Corporate,ICE,REST,Standard,6
2024,01,SEAT,25,Lleida,Private,ICE,REST,Standard,11
2024,01,SKODA,25,Lleida,Corporate,BEV,REST,Standard,1
2024,01,SKODA,25,Lleida,Corporate,ICE,REST,Standard,3
2024,01,SKODA,25,Lleida,Private,ICE,REST,Standard,10
2024,01,SUBARU,25,Lleida,Corporate,ICE,REST,Standard,1
2024,01,SUBARU,25,Lleida,Private,ICE,REST,Standard,1
2024,01,SUZUKI,25,Lleida,Corporate,ICE,REST,Standard,1
2024,01,SUZUKI,25,Lleida,Private,ICE,REST,Standard,3
2024,01,TESLA,25,Lleida,Corporate,BEV,FOCUS SEGMENT,Standard,1
2024,01,TESLA,25,Lleida,Private,BEV,FOCUS SEGMENT,Standard,7
2024,01,TOYOTA,25,Lleida,Corporate,ICE,REST,Standard,6
2024,01,TOYOTA,25,Lleida,Corporate,PHEV,REST,Standard,1
2024,01,TOYOTA,25,Lleida,Private,ICE,REST,Standard,35
2024,01,TOYOTA,25,Lleida,Private,PHEV,REST,Standard,2
2024,01,VOLKSWAGEN,25,Lleida,Corporate,BEV,REST,Standard,2
2024,01,VOLKSWAGEN,25,Lleida,Corporate,ICE,REST,Standard,4
2024,01,VOLKSWAGEN,25,Lleida,Private,ICE,REST,Standard,6
2024,01,VOLVO,25,Lleida,Corporate,BEV,FOCUS SEGMENT,Standard,3
2024,01,VOLVO,25,Lleida,Corporate,ICE,FOCUS SEGMENT,Standard,3
2024,01,VOLVO,25,Lleida,Private,BEV,FOCUS SEGMENT,Standard,1
2024,01,VOLVO,25,Lleida,Private,ICE,FOCUS SEGMENT,Standard,2
2024,01,ALFA ROMEO,26,La Rioja,Private,ICE,REST,Standard,1
2024,01,AUDI,26,La Rioja,Corporate,ICE,FOCUS SEGMENT,Standard,3
2024,01,AUDI,26,La Rioja,Private,ICE,FOCUS SEGMENT,Standard,6
2024,01,AUDI,26,La Rioja,Private,PHEV,FOCUS SEGMENT,Standard,1
2024,01,BMW,26,La Rioja,Corporate,ICE,FOCUS SEGMENT,M,1
2024,01,BMW,26,La Rioja,Corporate,ICE,FOCUS SEGMENT,Standard,1
2024,01,BMW,26,La Rioja,Private,ICE,FOCUS SEGMENT,M,1
2024,01,BMW,26,La Rioja,Private,ICE,FOCUS SEGMENT,Standard,5
2024,01,BMW,26,La Rioja,Private,PHEV,FOCUS SEGMENT,Standard,1
2024,01,CITROEN,26,La Rioja,Private,ICE,REST,Standard,1
2024,01,CUPRA,26,La Rioja,Corporate,ICE,REST,Standard,2
2024,01,CUPRA,26,La Rioja,Private,ICE,REST,Standard,2
2024,01,DACIA,26,La Rioja,Corporate,ICE,REST,Standard,3
2024,01,DACIA,26,La Rioja,Private,ICE,REST,Standard,13
2024,01,FORD,26,La Rioja,Corporate,ICE,REST,Standard,2
2024,01,FORD,26,La Rioja,Private,ICE,REST,Standard,10
2024,01,HONDA,26,La Rioja,Corporate,ICE,REST,Standard,1
2024,01,HONDA,26,La Rioja,Private,ICE,REST,Standard,2
2024,01,HYUNDAI,26,La Rioja,Corporate,ICE,REST,Standard,2
2024,01,HYUNDAI,26,La Rioja,Private,ICE,REST,Standard,10
2024,01,HYUNDAI,26,La Rioja,Private,PHEV,REST,Standard,1
2024,01,JEEP,26,La Rioja,Corporate,ICE,REST,Standard,1
2024,01,KIA,26,La Rioja,Corporate,ICE,REST,Standard,3
2024,01,KIA,26,La Rioja,Private,ICE,REST,Standard,22
2024,01,LEXUS,26,La Rioja,Corporate,ICE,FOCUS SEGMENT,Standard,3
2024,01,LEXUS,26,La Rioja,Corporate,PHEV,FOCUS SEGMENT,Standard,2
2024,01,MAZDA,26,La Rioja,Corporate,ICE,REST,Standard,2
2024,01,MAZDA,26,La Rioja,Private,ICE,REST,Standard,7
2024,01,MERCEDES,26,La Rioja,Corporate,BEV,FOCUS SEGMENT,Standard,2
2024,01,MERCEDES,26,La Rioja,Corporate,ICE,FOCUS SEGMENT,M Performance,1
2024,01,MERCEDES,26,La Rioja,Corporate,ICE,FOCUS SEGMENT,Standard,12
2024,01,MERCEDES,26,La Rioja,Corporate,ICE,REST,Standard,1
2024,01,MERCEDES,26,La Rioja,Corporate,PHEV,FOCUS SEGMENT,Standard,7
2024,01,MERCEDES,26,La Rioja,Private,ICE,FOCUS SEGMENT,Standard,2
2024,01,MG,26,La Rioja,Private,BEV,REST,Standard,4
2024,01,MG,26,La Rioja,Private,ICE,REST,Standard,17
2024,01,MG,26,La Rioja,Private,PHEV,REST,Standard,1
2024,01,MINI,26,La Rioja,Corporate,ICE,FOCUS SEGMENT,Standard,1
2024,01,MITSUBISHI,26,La Rioja,Private,ICE,REST,Standard,1
2024,01,NISSAN,26,La Rioja,Corporate,ICE,REST,Standard,1
2024,01,NISSAN,26,La Rioja,Private,ICE,REST,Standard,3
2024,01,OPEL,26,La Rioja,Private,ICE,REST,Standard,3
2024,01,PEUGEOT,26,La Rioja,Corporate,BEV,REST,Standard,1
2024,01,PEUGEOT,26,La Rioja,Corporate,ICE,REST,Standard,13
2024,01,PEUGEOT,26,La Rioja,Corporate,PHEV,REST,Standard,1
2024,01,PEUGEOT,26,La Rioja,Private,ICE,REST,Standard,6
2024,01,PEUGEOT,26,La Rioja,RAC,BEV,REST,Standard,1
2024,01,PORSCHE,26,La Rioja,Corporate,ICE,FOCUS SEGMENT,M Performance,1
2024,01,RENAULT,26,La Rioja,Corporate,ICE,REST,Standard,2
2024,01,RENAULT,26,La Rioja,Private,ICE,REST,Standard,8
2024,01,SEAT,26,La Rioja,Corporate,ICE,REST,Standard,7
2024,01,SEAT,26,La Rioja,Private,ICE,REST,Standard,13
2024,01,SKODA,26,La Rioja,Private,ICE,REST,Standard,6
2024,01,SSANGYONG,26,La Rioja,Corporate,ICE,REST,Standard,1
2024,01,SSANGYONG,26,La Rioja,Private,ICE,REST,Standard,1
2024,01,SUBARU,26,La Rioja,Corporate,ICE,REST,Standard,1
2024,01,SUZUKI,26,La Rioja,Private,ICE,REST,Standard,5
2024,01,TESLA,26,La Rioja,Corporate,BEV,FOCUS SEGMENT,Standard,1
2024,01,TESLA,26,La Rioja,Private,BEV,FOCUS SEGMENT,Standard,4
2024,01,TOYOTA,26,La Rioja,Corporate,BEV,REST,Standard,1
2024,01,TOYOTA,26,La Rioja,Corporate,ICE,REST,Standard,14
2024,01,TOYOTA,26,La Rioja,Private,ICE,REST,Standard,38
2024,01,VOLKSWAGEN,26,La Rioja,Corporate,BEV,REST,Standard,1
2024,01,VOLKSWAGEN,26,La Rioja,Corporate,ICE,REST,Standard,3
2024,01,VOLKSWAGEN,26,La Rioja,Private,ICE,REST,Standard,4
2024,01,VOLVO,26,La Rioja,Corporate,ICE,FOCUS SEGMENT,Standard,2
2024,01,VOLVO,26,La Rioja,Private,ICE,FOCUS SEGMENT,Standard,2
2024,01,AUDI,27,Lugo,Corporate,ICE,FOCUS SEGMENT,M,1
2024,01,AUDI,27,Lugo,Corporate,ICE,FOCUS SEGMENT,Standard,5
2024,01,AUDI,27,Lugo,Corporate,PHEV,FOCUS SEGMENT,Standard,7
2024,01,AUDI,27,Lugo,Private,ICE,FOCUS SEGMENT,Standard,4
2024,01,BMW,27,Lugo,Corporate,ICE,FOCUS SEGMENT,Standard,4
2024,01,BMW,27,Lugo,Private,ICE,FOCUS SEGMENT,Standard,1
2024,01,CITROEN,27,Lugo,Corporate,ICE,REST,Standard,7
2024,01,CITROEN,27,Lugo,Private,ICE,REST,Standard,6
2024,01,DACIA,27,Lugo,Corporate,ICE,REST,Standard,3
2024,01,DACIA,27,Lugo,Private,ICE,REST,Standard,19
2024,01,DFSK,27,Lugo,Private,ICE,,Standard,1
2024,01,FORD,27,Lugo,Corporate,ICE,REST,Standard,5
2024,01,FORD,27,Lugo,Private,ICE,REST,Standard,7
2024,01,HONDA,27,Lugo,Corporate,ICE,REST,Standard,1
2024,01,HYUNDAI,27,Lugo,Corporate,ICE,REST,Standard,3
2024,01,HYUNDAI,27,Lugo,Private,ICE,REST,Standard,16
2024,01,JEEP,27,Lugo,Private,ICE,REST,Standard,1
2024,01,KIA,27,Lugo,Corporate,BEV,REST,Standard,1
2024,01,KIA,27,Lugo,Corporate,ICE,REST,Standard,4
2024,01,KIA,27,Lugo,Private,BEV,REST,Standard,1
2024,01,KIA,27,Lugo,Private,ICE,REST,Standard,22
2024,01,KIA,27,Lugo,Private,PHEV,REST,Standard,1
2024,01,LAND ROVER,27,Lugo,RAC,ICE,FOCUS SEGMENT,Standard,1
2024,01,LEXUS,27,Lugo,Corporate,ICE,FOCUS SEGMENT,Standard,1
2024,01,MAZDA,27,Lugo,Corporate,ICE,REST,Standard,1
2024,01,MAZDA,27,Lugo,Corporate,PHEV,REST,Standard,1
2024,01,MAZDA,27,Lugo,Private,ICE,REST,Standard,5
2024,01,MERCEDES,27,Lugo,Corporate,ICE,FOCUS SEGMENT,M,1
2024,01,MERCEDES,27,Lugo,Corporate,ICE,FOCUS SEGMENT,Standard,5
2024,01,MERCEDES,27,Lugo,Corporate,PHEV,FOCUS SEGMENT,Standard,4
2024,01,MERCEDES,27,Lugo,Private,ICE,FOCUS SEGMENT,Standard,7
2024,01,MG,27,Lugo,Corporate,ICE,REST,Standard,3
2024,01,MG,27,Lugo,Private,ICE,REST,Standard,14
2024,01,MG,27,Lugo,Private,PHEV,REST,Standard,3
2024,01,MINI,27,Lugo,Private,ICE,FOCUS SEGMENT,Standard,1
2024,01,MITSUBISHI,27,Lugo,Corporate,PHEV,REST,Standard,1
2024,01,NISSAN,27,Lugo,Corporate,ICE,REST,Standard,1
2024,01,NISSAN,27,Lugo,Private,ICE,REST,Standard,8
2024,01,OPEL,27,Lugo,Private,ICE,REST,Standard,1
2024,01,PEUGEOT,27,Lugo,Corporate,BEV,REST,Standard,2
2024,01,PEUGEOT,27,Lugo,Corporate,ICE,REST,Standard,1
2024,01,PEUGEOT,27,Lugo,Corporate,PHEV,REST,Standard,6
2024,01,PEUGEOT,27,Lugo,Private,ICE,REST,Standard,4
2024,01,PORSCHE,27,Lugo,Corporate,PHEV,FOCUS SEGMENT,Standard,1
2024,01,PORSCHE,27,Lugo,Private,ICE,FOCUS SEGMENT,Standard,1
2024,01,RENAULT,27,Lugo,Corporate,ICE,REST,Standard,4
2024,01,RENAULT,27,Lugo,Private,ICE,REST,Standard,10
2024,01,SEAT,27,Lugo,Corporate,ICE,REST,Standard,7
2024,01,SEAT,27,Lugo,Private,ICE,REST,Standard,11
2024,01,SKODA,27,Lugo,Corporate,ICE,REST,Standard,4
2024,01,SKODA,27,Lugo,Corporate,PHEV,REST,Standard,2
2024,01,SKODA,27,Lugo,Private,ICE,REST,Standard,5
2024,01,SUBARU,27,Lugo,Private,ICE,REST,Standard,1
2024,01,SUZUKI,27,Lugo,Corporate,ICE,REST,Standard,2
2024,01,SUZUKI,27,Lugo,Private,ICE,REST,Standard,5
2024,01,TESLA,27,Lugo,Private,BEV,FOCUS SEGMENT,Standard,4
2024,01,TOYOTA,27,Lugo,Corporate,ICE,REST,Standard,6
2024,01,TOYOTA,27,Lugo,Private,ICE,REST,Standard,23
2024,01,VOLKSWAGEN,27,Lugo,Corporate,ICE,REST,Standard,1
2024,01,VOLKSWAGEN,27,Lugo,Private,ICE,REST,Standard,3
2024,01,VOLVO,27,Lugo,Corporate,ICE,FOCUS SEGMENT,Standard,1
2024,01,VOLVO,27,Lugo,Private,ICE,FOCUS SEGMENT,Standard,2
2024,01,ALFA ROMEO,28,Madrid,Corporate,ICE,REST,Standard,134
2024,01,ALFA ROMEO,28,Madrid,Corporate,PHEV,REST,Standard,9
2024,01,ALFA ROMEO,28,Madrid,Private,PHEV,REST,Standard,1
2024,01,ALFA ROMEO,28,Madrid,RAC,ICE,REST,Standard,2
2024,01,ALPINE,28,Madrid,Corporate,ICE,REST,Standard,6
2024,01,ASTON MARTIN,28,Madrid,Corporate,ICE,FOCUS SEGMENT,Standard,2
2024,01,ASTON MARTIN,28,Madrid,Private,ICE,FOCUS SEGMENT,Standard,2
2024,01,AUDI,28,Madrid,Corporate,BEV,FOCUS SEGMENT,Standard,24
2024,01,AUDI,28,Madrid,Corporate,ICE,,M,1
2024,01,AUDI,28,Madrid,Corporate,ICE,FOCUS SEGMENT,M,8
2024,01,AUDI,28,Madrid,Corporate,ICE,FOCUS SEGMENT,M Performance,2
2024,01,AUDI,28,Madrid,Corporate,ICE,FOCUS SEGMENT,Standard,620
2024,01,AUDI,28,Madrid,Corporate,PHEV,FOCUS SEGMENT,M Performance,3
2024,01,AUDI,28,Madrid,Corporate,PHEV,FOCUS SEGMENT,Standard,129
2024,01,AUDI,28,Madrid,Private,BEV,FOCUS SEGMENT,Standard,3
2024,01,AUDI,28,Madrid,Private,ICE,FOCUS SEGMENT,M,2
2024,01,AUDI,28,Madrid,Private,ICE,FOCUS SEGMENT,Standard,101
2024,01,AUDI,28,Madrid,Private,PHEV,FOCUS SEGMENT,Standard,38
2024,01,AUDI,28,Madrid,RAC,ICE,FOCUS SEGMENT,M,1
2024,01,AUDI,28,Madrid,RAC,ICE,FOCUS SEGMENT,Standard,378
2024,01,AUDI,28,Madrid,RAC,PHEV,FOCUS SEGMENT,Standard,7
2024,01,BENTLEY,28,Madrid,Corporate,ICE,FOCUS SEGMENT,Standard,4
2024,01,BENTLEY,28,Madrid,Corporate,PHEV,FOCUS SEGMENT,Standard,1
2024,01,BMW,28,Madrid,Corporate,BEV,FOCUS SEGMENT,M Performance,5
2024,01,BMW,28,Madrid,Corporate,BEV,FOCUS SEGMENT,Standard,140
2024,01,BMW,28,Madrid,Corporate,ICE,FOCUS SEGMENT,M,15
2024,01,BMW,28,Madrid,Corporate,ICE,FOCUS SEGMENT,M Performance,39
2024,01,BMW,28,Madrid,Corporate,ICE,FOCUS SEGMENT,Standard,1291
2024,01,BMW,28,Madrid,Corporate,PHEV,FOCUS SEGMENT,M,4
2024,01,BMW,28,Madrid,Corporate,PHEV,FOCUS SEGMENT,Standard,243
2024,01,BMW,28,Madrid,Private,BEV,FOCUS SEGMENT,Standard,12
2024,01,BMW,28,Madrid,Private,ICE,FOCUS SEGMENT,M,2
2024,01,BMW,28,Madrid,Private,ICE,FOCUS SEGMENT,M Performance,8
2024,01,BMW,28,Madrid,Private,ICE,FOCUS SEGMENT,Standard,196
2024,01,BMW,28,Madrid,Private,PHEV,FOCUS SEGMENT,Standard,41
2024,01,BMW,28,Madrid,RAC,ICE,FOCUS SEGMENT,Standard,65
2024,01,BYD,28,Madrid,Corporate,BEV,REST,Standard,11
2024,01,BYD,28,Madrid,Private,BEV,REST,Standard,39
2024,01,CITROEN,28,Madrid,Corporate,BEV,REST,Standard,19
2024,01,CITROEN,28,Madrid,Corporate,ICE,REST,Standard,476
2024,01,CITROEN,28,Madrid,Corporate,PHEV,REST,Standard,4
2024,01,CITROEN,28,Madrid,Private,BEV,REST,Standard,12
2024,01,CITROEN,28,Madrid,Private,ICE,REST,Standard,78
2024,01,CITROEN,28,Madrid,Private,PHEV,REST,Standard,6
2024,01,CITROEN,28,Madrid,RAC,BEV,REST,Standard,2
2024,01,CITROEN,28,Madrid,RAC,ICE,REST,Standard,700
2024,01,CUPRA,28,Madrid,Corporate,BEV,REST,Standard,6
2024,01,CUPRA,28,Madrid,Corporate,ICE,REST,Standard,235
2024,01,CUPRA,28,Madrid,Corporate,PHEV,REST,Standard,231
2024,01,CUPRA,28,Madrid,Private,ICE,REST,Standard,41
2024,01,CUPRA,28,Madrid,Private,PHEV,REST,Standard,14
2024,01,CUPRA,28,Madrid,RAC,ICE,REST,Standard,125
2024,01,DACIA,28,Madrid,Corporate,BEV,REST,Standard,28
2024,01,DACIA,28,Madrid,Corporate,ICE,REST,Standard,309
2024,01,DACIA,28,Madrid,Private,BEV,REST,Standard,6
2024,01,DACIA,28,Madrid,Private,ICE,REST,Standard,601
2024,01,DACIA,28,Madrid,RAC,ICE,REST,Standard,1
2024,01,DFSK,28,Madrid,Private,ICE,,Standard,1
2024,01,DR,28,Madrid,RAC,ICE,REST,Standard,3
2024,01,DS,28,Madrid,Corporate,BEV,REST,Standard,2
2024,01,DS,28,Madrid,Corporate,ICE,REST,Standard,146
2024,01,DS,28,Madrid,Corporate,PHEV,REST,Standard,42
2024,01,DS,28,Madrid,Private,BEV,REST,Standard,1
2024,01,DS,28,Madrid,Private,ICE,REST,Standard,3
2024,01,DS,28,Madrid,Private,PHEV,REST,Standard,5
2024,01,DS,28,Madrid,RAC,ICE,REST,Standard,4
2024,01,FERRARI,28,Madrid,Corporate,ICE,FOCUS SEGMENT,Standard,1
2024,01,FERRARI,28,Madrid,Corporate,PHEV,FOCUS SEGMENT,Standard,1
2024,01,FERRARI,28,Madrid,Private,ICE,FOCUS SEGMENT,Standard,2
2024,01,FERRARI,28,Madrid,Private,PHEV,FOCUS SEGMENT,Standard,2
2024,01,FIAT,28,Madrid,Corporate,BEV,REST,Standard,24
2024,01,FIAT,28,Madrid,Corporate,ICE,REST,Standard,112
2024,01,FIAT,28,Madrid,Private,BEV,REST,Standard,9
2024,01,FIAT,28,Madrid,Private,ICE,,Standard,4
2024,01,FIAT,28,Madrid,Private,ICE,REST,Standard,75
2024,01,FIAT,28,Madrid,RAC,ICE,REST,Standard,848
2024,01,FORD,28,Madrid,Corporate,BEV,REST,Standard,8
2024,01,FORD,28,Madrid,Corporate,ICE,REST,Standard,210
2024,01,FORD,28,Madrid,Corporate,PHEV,REST,Standard,32
2024,01,FORD,28,Madrid,Private,BEV,REST,Standard,6
2024,01,FORD,28,Madrid,Private,ICE,REST,Standard,162
2024,01,FORD,28,Madrid,Private,PHEV,REST,Standard,33
2024,01,FORD,28,Madrid,RAC,BEV,REST,Standard,1
2024,01,FORD,28,Madrid,RAC,ICE,REST,Standard,215
2024,01,HONDA,28,Madrid,Corporate,ICE,REST,Standard,23
2024,01,HONDA,28,Madrid,Corporate,PHEV,REST,Standard,2
2024,01,HONDA,28,Madrid,Private,BEV,REST,Standard,2
2024,01,HONDA,28,Madrid,Private,ICE,REST,Standard,36
2024,01,HONDA,28,Madrid,Private,PHEV,REST,Standard,1
2024,01,HYUNDAI,28,Madrid,Corporate,BEV,REST,Standard,11
2024,01,HYUNDAI,28,Madrid,Corporate,ICE,REST,Standard,467
2024,01,HYUNDAI,28,Madrid,Corporate,PHEV,REST,Standard,52
2024,01,HYUNDAI,28,Madrid,Private,BEV,REST,Standard,5
2024,01,HYUNDAI,28,Madrid,Private,ICE,REST,Standard,609
2024,01,HYUNDAI,28,Madrid,Private,PHEV,REST,Standard,43
2024,01,HYUNDAI,28,Madrid,RAC,ICE,REST,Standard,57
2024,01,INEOS,28,Madrid,Corporate,ICE,REST,Standard,2
2024,01,JAGUAR,28,Madrid,Corporate,ICE,FOCUS SEGMENT,Standard,6
2024,01,JAGUAR,28,Madrid,Corporate,ICE,REST,Standard,1
2024,01,JAGUAR,28,Madrid,Corporate,PHEV,FOCUS SEGMENT,Standard,5
2024,01,JAGUAR,28,Madrid,Private,ICE,FOCUS SEGMENT,Standard,1
2024,01,JEEP,28,Madrid,Corporate,BEV,REST,Standard,1
2024,01,JEEP,28,Madrid,Corporate,ICE,REST,Standard,139
2024,01,JEEP,28,Madrid,Corporate,PHEV,REST,Standard,31
2024,01,JEEP,28,Madrid,Private,ICE,REST,Standard,28
2024,01,JEEP,28,Madrid,Private,PHEV,REST,Standard,7
2024,01,JEEP,28,Madrid,RAC,ICE,REST,Standard,46
2024,01,JEEP,28,Madrid,RAC,PHEV,REST,Standard,16
2024,01,KIA,28,Madrid,Corporate,BEV,REST,Standard,83
2024,01,KIA,28,Madrid,Corporate,ICE,REST,Standard,574
2024,01,KIA,28,Madrid,Corporate,PHEV,REST,Standard,96
2024,01,KIA,28,Madrid,Private,BEV,REST,Standard,15
2024,01,KIA,28,Madrid,Private,ICE,,Standard,1
2024,01,KIA,28,Madrid,Private,ICE,REST,Standard,427
2024,01,KIA,28,Madrid,Private,PHEV,REST,Standard,52
2024,01,KIA,28,Madrid,RAC,BEV,REST,Standard,1
2024,01,KIA,28,Madrid,RAC,ICE,REST,Standard,500
2024,01,LAMBORGHINI,28,Madrid,Private,ICE,FOCUS SEGMENT,Standard,1
2024,01,LAND ROVER,28,Madrid,Corporate,ICE,FOCUS SEGMENT,Standard,39
2024,01,LAND ROVER,28,Madrid,Corporate,PHEV,FOCUS SEGMENT,Standard,56
2024,01,LAND ROVER,28,Madrid,Private,ICE,FOCUS SEGMENT,Standard,6
2024,01,LAND ROVER,28,Madrid,Private,PHEV,FOCUS SEGMENT,Standard,10
2024,01,LAND ROVER,28,Madrid,RAC,ICE,FOCUS SEGMENT,Standard,9
2024,01,LAND ROVER,28,Madrid,RAC,PHEV,FOCUS SEGMENT,Standard,1
2024,01,LEXUS,28,Madrid,Corporate,ICE,FOCUS SEGMENT,Standard,107
2024,01,LEXUS,28,Madrid,Corporate,ICE,REST,Standard,1
2024,01,LEXUS,28,Madrid,Corporate,PHEV,FOCUS SEGMENT,Standard,27
2024,01,LEXUS,28,Madrid,Private,BEV,FOCUS SEGMENT,Standard,1
2024,01,LEXUS,28,Madrid,Private,ICE,FOCUS SEGMENT,Standard,74
2024,01,LEXUS,28,Madrid,Private,PHEV,FOCUS SEGMENT,Standard,5
2024,01,LEXUS,28,Madrid,RAC,BEV,FOCUS SEGMENT,Standard,2
2024,01,LEXUS,28,Madrid,RAC,ICE,FOCUS SEGMENT,Standard,11
2024,01,LYNK & CO,28,Madrid,Corporate,PHEV,REST,Standard,29
2024,01,LYNK & CO,28,Madrid,Private,PHEV,REST,Standard,1
2024,01,MASERATI,28,Madrid,Corporate,ICE,FOCUS SEGMENT,Standard,12
2024,01,MASERATI,28,Madrid,Private,ICE,FOCUS SEGMENT,Standard,2
2024,01,MAZDA,28,Madrid,Corporate,BEV,REST,Standard,3
2024,01,MAZDA,28,Madrid,Corporate,ICE,REST,Standard,113
2024,01,MAZDA,28,Madrid,Corporate,PHEV,REST,Standard,17
2024,01,MAZDA,28,Madrid,Private,ICE,REST,Standard,150
2024,01,MAZDA,28,Madrid,Private,PHEV,REST,Standard,13
2024,01,MAZDA,28,Madrid,RAC,ICE,REST,Standard,2
2024,01,MERCEDES,28,Madrid,Corporate,BEV,FOCUS SEGMENT,M Performance,2
2024,01,MERCEDES,28,Madrid,Corporate,BEV,FOCUS SEGMENT,Standard,96
2024,01,MERCEDES,28,Madrid,Corporate,BEV,REST,Standard,10
2024,01,MERCEDES,28,Madrid,Corporate,ICE,FOCUS SEGMENT,M,8
2024,01,MERCEDES,28,Madrid,Corporate,ICE,FOCUS SEGMENT,M Performance,17
2024,01,MERCEDES,28,Madrid,Corporate,ICE,FOCUS SEGMENT,Standard,627
2024,01,MERCEDES,28,Madrid,Corporate,ICE,REST,Standard,50
2024,01,MERCEDES,28,Madrid,Corporate,PHEV,FOCUS SEGMENT,M,2
2024,01,MERCEDES,28,Madrid,Corporate,PHEV,FOCUS SEGMENT,Standard,402
2024,01,MERCEDES,28,Madrid,Private,BEV,FOCUS SEGMENT,Standard,7
2024,01,MERCEDES,28,Madrid,Private,ICE,FOCUS SEGMENT,M,3
2024,01,MERCEDES,28,Madrid,Private,ICE,FOCUS SEGMENT,M Performance,4
2024,01,MERCEDES,28,Madrid,Private,ICE,FOCUS SEGMENT,Standard,133
2024,01,MERCEDES,28,Madrid,Private,ICE,REST,Standard,3
2024,01,MERCEDES,28,Madrid,Private,PHEV,FOCUS SEGMENT,Standard,73
2024,01,MERCEDES,28,Madrid,RAC,ICE,FOCUS SEGMENT,Standard,7
2024,01,MERCEDES,28,Madrid,RAC,ICE,REST,Standard,14
2024,01,MERCEDES-V,28,Madrid,Private,ICE,REST,Standard,1
2024,01,MERCEDES-V,28,Madrid,RAC,ICE,REST,Standard,4
2024,01,MG,28,Madrid,Corporate,BEV,REST,Standard,7
2024,01,MG,28,Madrid,Corporate,ICE,REST,Standard,50
2024,01,MG,28,Madrid,Corporate,PHEV,REST,Standard,3
2024,01,MG,28,Madrid,Private,BEV,REST,Standard,46
2024,01,MG,28,Madrid,Private,ICE,REST,Standard,229
2024,01,MG,28,Madrid,Private,PHEV,REST,Standard,40
2024,01,MG,28,Madrid,RAC,ICE,REST,Standard,4
2024,01,MINI,28,Madrid,Corporate,BEV,FOCUS SEGMENT,Standard,3
2024,01,MINI,28,Madrid,Corporate,ICE,FOCUS SEGMENT,JCW,8
2024,01,MINI,28,Madrid,Corporate,ICE,FOCUS SEGMENT,Standard,155
2024,01,MINI,28,Madrid,Corporate,PHEV,FOCUS SEGMENT,Standard,54
2024,01,MINI,28,Madrid,Private,BEV,FOCUS SEGMENT,Standard,1
2024,01,MINI,28,Madrid,Private,ICE,FOCUS SEGMENT,JCW,2
2024,01,MINI,28,Madrid,Private,ICE,FOCUS SEGMENT,Standard,19
2024,01,MINI,28,Madrid,Private,PHEV,FOCUS SEGMENT,Standard,11
2024,01,MITSUBISHI,28,Madrid,Corporate,ICE,REST,Standard,13
2024,01,MITSUBISHI,28,Madrid,Corporate,PHEV,REST,Standard,20
2024,01,MITSUBISHI,28,Madrid,Private,ICE,REST,Standard,21
2024,01,MITSUBISHI,28,Madrid,Private,PHEV,REST,Standard,9
2024,01,MITSUBISHI,28,Madrid,RAC,ICE,REST,Standard,328
2024,01,NISSAN,28,Madrid,Corporate,BEV,REST,Standard,5
2024,01,NISSAN,28,Madrid,Corporate,ICE,REST,Standard,716
2024,01,NISSAN,28,Madrid,Private,BEV,REST,Standard,5
2024,01,NISSAN,28,Madrid,Private,ICE,REST,Standard,193
2024,01,OMODA,28,Madrid,Corporate,ICE,REST,Standard,6
2024,01,OMODA,28,Madrid,Private,ICE,REST,Standard,1
2024,01,OPEL,28,Madrid,Corporate,BEV,REST,Standard,7
2024,01,OPEL,28,Madrid,Corporate,ICE,REST,Standard,258
2024,01,OPEL,28,Madrid,Corporate,PHEV,REST,Standard,18
2024,01,OPEL,28,Madrid,Private,BEV,REST,Standard,3
2024,01,OPEL,28,Madrid,Private,ICE,REST,Standard,47
2024,01,OPEL,28,Madrid,Private,PHEV,REST,Standard,1
2024,01,OPEL,28,Madrid,RAC,ICE,REST,Standard,748
2024,01,OPEL,28,Madrid,RAC,PHEV,REST,Standard,40
2024,01,PEUGEOT,28,Madrid,Corporate,BEV,REST,Standard,28
2024,01,PEUGEOT,28,Madrid,Corporate,ICE,REST,Standard,932
2024,01,PEUGEOT,28,Madrid,Corporate,PHEV,REST,Standard,21
2024,01,PEUGEOT,28,Madrid,Private,BEV,REST,Standard,14
2024,01,PEUGEOT,28,Madrid,Private,ICE,REST,Standard,199
2024,01,PEUGEOT,28,Madrid,Private,PHEV,REST,Standard,34
2024,01,PEUGEOT,28,Madrid,RAC,BEV,REST,Standard,1
2024,01,PEUGEOT,28,Madrid,RAC,ICE,REST,Standard,525
2024,01,POLESTAR,28,Madrid,Corporate,BEV,FOCUS SEGMENT,Standard,6
2024,01,POLESTAR,28,Madrid,Private,BEV,FOCUS SEGMENT,Standard,2
2024,01,PORSCHE,28,Madrid,Corporate,BEV,FOCUS SEGMENT,M Performance,3
2024,01,PORSCHE,28,Madrid,Corporate,BEV,FOCUS SEGMENT,Standard,10
2024,01,PORSCHE,28,Madrid,Corporate,ICE,FOCUS SEGMENT,M,2
2024,01,PORSCHE,28,Madrid,Corporate,ICE,FOCUS SEGMENT,M Performance,18
2024,01,PORSCHE,28,Madrid,Corporate,ICE,FOCUS SEGMENT,Standard,16
2024,01,PORSCHE,28,Madrid,Corporate,PHEV,FOCUS SEGMENT,M,1
2024,01,PORSCHE,28,Madrid,Corporate,PHEV,FOCUS SEGMENT,M Performance,7
2024,01,PORSCHE,28,Madrid,Corporate,PHEV,FOCUS SEGMENT,Standard,28
2024,01,PORSCHE,28,Madrid,Private,ICE,FOCUS SEGMENT,M,3
2024,01,PORSCHE,28,Madrid,Private,ICE,FOCUS SEGMENT,M Performance,10
2024,01,PORSCHE,28,Madrid,Private,ICE,FOCUS SEGMENT,Standard,5
2024,01,PORSCHE,28,Madrid,Private,PHEV,FOCUS SEGMENT,Standard,8
2024,01,PORSCHE,28,Madrid,RAC,BEV,FOCUS SEGMENT,Standard,4
2024,01,PORSCHE,28,Madrid,RAC,ICE,FOCUS SEGMENT,Standard,14
2024,01,PORSCHE,28,Madrid,RAC,PHEV,FOCUS SEGMENT,Standard,4
2024,01,REHATRANS,28,Madrid,Corporate,ICE,REST,Standard,1
2024,01,RENAULT,28,Madrid,Corporate,BEV,REST,Standard,31
2024,01,RENAULT,28,Madrid,Corporate,ICE,REST,Standard,779
2024,01,RENAULT,28,Madrid,Corporate,PHEV,REST,Standard,18
2024,01,RENAULT,28,Madrid,Private,ICE,REST,Standard,390
2024,01,RENAULT,28,Madrid,RAC,ICE,REST,Standard,9
2024,01,SEAT,28,Madrid,Corporate,ICE,REST,Standard,813
2024,01,SEAT,28,Madrid,Corporate,PHEV,REST,Standard,12
2024,01,SEAT,28,Madrid,Private,ICE,REST,Standard,294
2024,01,SEAT,28,Madrid,Private,PHEV,REST,Standard,1
2024,01,SEAT,28,Madrid,RAC,ICE,REST,Standard,1132
2024,01,SERES,28,Madrid,Private,BEV,REST,Standard,1
2024,01,SKODA,28,Madrid,Corporate,BEV,REST,Standard,6
2024,01,SKODA,28,Madrid,Corporate,ICE,REST,Standard,634
2024,01,SKODA,28,Madrid,Private,BEV,REST,Standard,3
2024,01,SKODA,28,Madrid,Private,ICE,REST,Standard,112
2024,01,SKODA,28,Madrid,Private,PHEV,REST,Standard,1
2024,01,SKODA,28,Madrid,RAC,ICE,REST,Standard,466
2024,01,SMART,28,Madrid,Corporate,BEV,FOCUS SEGMENT,Standard,30
2024,01,SMART,28,Madrid,Corporate,BEV,REST,Standard,14
2024,01,SMART,28,Madrid,Private,BEV,FOCUS SEGMENT,Standard,4
2024,01,SMART,28,Madrid,Private,BEV,REST,Standard,18
2024,01,SMART,28,Madrid,RAC,BEV,FOCUS SEGMENT,Standard,1
2024,01,SSANGYONG,28,Madrid,Corporate,ICE,REST,Standard,2
2024,01,SSANGYONG,28,Madrid,Private,ICE,REST,Standard,17
2024,01,SSANGYONG,28,Madrid,RAC,ICE,REST,Standard,172
2024,01,SUBARU,28,Madrid,Corporate,ICE,REST,Standard,13
2024,01,SUBARU,28,Madrid,Private,ICE,REST,Standard,12
2024,01,SUZUKI,28,Madrid,Corporate,ICE,REST,Standard,38
2024,01,SUZUKI,28,Madrid,Private,ICE,REST,Standard,60
2024,01,SUZUKI,28,Madrid,RAC,ICE,REST,Standard,2
2024,01,TESLA,28,Madrid,Corporate,BEV,FOCUS SEGMENT,Standard,170
2024,01,TESLA,28,Madrid,Private,BEV,FOCUS SEGMENT,Standard,213
2024,01,TOYOTA,28,Madrid,Corporate,BEV,REST,Standard,14
2024,01,TOYOTA,28,Madrid,Corporate,ICE,REST,Standard,1460
2024,01,TOYOTA,28,Madrid,Corporate,PHEV,REST,Standard,45
2024,01,TOYOTA,28,Madrid,Private,BEV,REST,Standard,4
2024,01,TOYOTA,28,Madrid,Private,ICE,REST,Standard,1281
2024,01,TOYOTA,28,Madrid,Private,PHEV,REST,Standard,25
2024,01,TOYOTA,28,Madrid,RAC,BEV,REST,Standard,1
2024,01,TOYOTA,28,Madrid,RAC,ICE,REST,Standard,18
2024,01,VOLKSWAGEN,28,Madrid,Corporate,BEV,REST,Standard,31
2024,01,VOLKSWAGEN,28,Madrid,Corporate,ICE,REST,Standard,1501
2024,01,VOLKSWAGEN,28,Madrid,Corporate,PHEV,REST,Standard,56
2024,01,VOLKSWAGEN,28,Madrid,Private,BEV,REST,Standard,3
2024,01,VOLKSWAGEN,28,Madrid,Private,ICE,REST,Standard,124
2024,01,VOLKSWAGEN,28,Madrid,Private,PHEV,REST,Standard,10
2024,01,VOLKSWAGEN,28,Madrid,RAC,ICE,REST,Standard,2
2024,01,VOLKSWAGEN V W,28,Madrid,RAC,ICE,REST,Standard,1
2024,01,VOLVO,28,Madrid,Corporate,BEV,FOCUS SEGMENT,Standard,28
2024,01,VOLVO,28,Madrid,Corporate,ICE,FOCUS SEGMENT,Standard,287
2024,01,VOLVO,28,Madrid,Corporate,PHEV,FOCUS SEGMENT,Standard,143
2024,01,VOLVO,28,Madrid,Private,BEV,FOCUS SEGMENT,Standard,5
2024,01,VOLVO,28,Madrid,Private,ICE,FOCUS SEGMENT,Standard,77
2024,01,VOLVO,28,Madrid,Private,PHEV,FOCUS SEGMENT,Standard,14
2024,01,YUDO,28,Madrid,Corporate,BEV,REST,Standard,3
2024,01,ZHIDOU,28,Madrid,Corporate,BEV,,Standard,2
2024,01,ALFA ROMEO,29,Málaga,Private,PHEV,REST,Standard,1
2024,01,AUDI,29,Málaga,Corporate,ICE,FOCUS SEGMENT,Standard,5
2024,01,AUDI,29,Málaga,Private,BEV,FOCUS SEGMENT,Standard,3
2024,01,AUDI,29,Málaga,Private,ICE,FOCUS SEGMENT,Standard,27
2024,01,AUDI,29,Málaga,Private,PHEV,FOCUS SEGMENT,Standard,1
2024,01,AUDI,29,Málaga,RAC,ICE,FOCUS SEGMENT,M,1
2024,01,BMW,29,Málaga,Corporate,ICE,FOCUS SEGMENT,M,2
2024,01,BMW,29,Málaga,Corporate,ICE,FOCUS SEGMENT,Standard,17
2024,01,BMW,29,Málaga,Corporate,PHEV,FOCUS SEGMENT,Standard,1
2024,01,BMW,29,Málaga,Private,BEV,FOCUS SEGMENT,M Performance,1
2024,01,BMW,29,Málaga,Private,BEV,FOCUS SEGMENT,Standard,2
2024,01,BMW,29,Málaga,Private,ICE,FOCUS SEGMENT,M,1
2024,01,BMW,29,Málaga,Private,ICE,FOCUS SEGMENT,M Performance,2
2024,01,BMW,29,Málaga,Private,ICE,FOCUS SEGMENT,Standard,65
2024,01,BMW,29,Málaga,Private,PHEV,FOCUS SEGMENT,M,1
2024,01,BMW,29,Málaga,Private,PHEV,FOCUS SEGMENT,Standard,5
2024,01,BYD,29,Málaga,Private,BEV,REST,Standard,3
2024,01,CITROEN,29,Málaga,Corporate,ICE,REST,Standard,70
2024,01,CITROEN,29,Málaga,Private,BEV,REST,Standard,1
2024,01,CITROEN,29,Málaga,Private,ICE,REST,Standard,30
2024,01,CITROEN,29,Málaga,Private,PHEV,REST,Standard,2
2024,01,CITROEN,29,Málaga,RAC,ICE,REST,Standard,11
2024,01,CUPRA,29,Málaga,Corporate,ICE,REST,Standard,2
2024,01,CUPRA,29,Málaga,Corporate,PHEV,REST,Standard,3
2024,01,CUPRA,29,Málaga,Private,ICE,REST,Standard,7
2024,01,CUPRA,29,Málaga,Private,PHEV,REST,Standard,3
2024,01,DACIA,29,Málaga,Corporate,ICE,REST,Standard,5
2024,01,DACIA,29,Málaga,Private,BEV,REST,Standard,1
2024,01,DACIA,29,Málaga,Private,ICE,REST,Standard,149
2024,01,FIAT,29,Málaga,Corporate,BEV,REST,Standard,1
2024,01,FIAT,29,Málaga,Corporate,ICE,REST,Standard,31
2024,01,FIAT,29,Málaga,Private,BEV,REST,Standard,1
2024,01,FIAT,29,Málaga,Private,ICE,,Standard,1
2024,01,FIAT,29,Málaga,Private,ICE,REST,Standard,23
2024,01,FORD,29,Málaga,Corporate,ICE,REST,Standard,5
2024,01,FORD,29,Málaga,Corporate,PHEV,REST,Standard,1
2024,01,FORD,29,Málaga,Private,BEV,REST,Standard,2
2024,01,FORD,29,Málaga,Private,ICE,REST,Standard,35
2024,01,HONDA,29,Málaga,Corporate,ICE,REST,Standard,5
2024,01,HONDA,29,Málaga,Private,ICE,REST,Standard,6
2024,01,HONDA,29,Málaga,Private,PHEV,REST,Standard,2
2024,01,HYUNDAI,29,Málaga,Corporate,ICE,REST,Standard,17
2024,01,HYUNDAI,29,Málaga,Corporate,PHEV,REST,Standard,1
2024,01,HYUNDAI,29,Málaga,Private,ICE,REST,Standard,51
2024,01,HYUNDAI,29,Málaga,Private,PHEV,REST,Standard,1
2024,01,JAGUAR,29,Málaga,Corporate,BEV,FOCUS SEGMENT,Standard,1
2024,01,JAGUAR,29,Málaga,Corporate,ICE,FOCUS SEGMENT,Standard,1
2024,01,JAGUAR,29,Málaga,Corporate,PHEV,FOCUS SEGMENT,Standard,1
2024,01,JEEP,29,Málaga,Private,ICE,REST,Standard,3
2024,01,JEEP,29,Málaga,Private,PHEV,REST,Standard,2
2024,01,KIA,29,Málaga,Corporate,ICE,REST,Standard,5
2024,01,KIA,29,Málaga,Corporate,PHEV,REST,Standard,6
2024,01,KIA,29,Málaga,Private,BEV,REST,Standard,1
2024,01,KIA,29,Málaga,Private,ICE,REST,Standard,95
2024,01,KIA,29,Málaga,Private,PHEV,REST,Standard,6
2024,01,KIA,29,Málaga,RAC,ICE,REST,Standard,1
2024,01,LAND ROVER,29,Málaga,Corporate,ICE,FOCUS SEGMENT,Standard,8
2024,01,LAND ROVER,29,Málaga,Corporate,PHEV,FOCUS SEGMENT,Standard,5
2024,01,LAND ROVER,29,Málaga,Private,ICE,FOCUS SEGMENT,Standard,9
2024,01,LAND ROVER,29,Málaga,Private,PHEV,FOCUS SEGMENT,Standard,7
2024,01,LEXUS,29,Málaga,Corporate,ICE,FOCUS SEGMENT,Standard,8
2024,01,LEXUS,29,Málaga,Private,ICE,FOCUS SEGMENT,Standard,10
2024,01,MASERATI,29,Málaga,Corporate,ICE,FOCUS SEGMENT,Standard,1
2024,01,MAZDA,29,Málaga,Corporate,ICE,REST,Standard,3
2024,01,MAZDA,29,Málaga,Private,ICE,REST,Standard,24
2024,01,MERCEDES,29,Málaga,Corporate,BEV,FOCUS SEGMENT,Standard,4
2024,01,MERCEDES,29,Málaga,Corporate,ICE,FOCUS SEGMENT,M Performance,1
2024,01,MERCEDES,29,Málaga,Corporate,ICE,FOCUS SEGMENT,Standard,25
2024,01,MERCEDES,29,Málaga,Corporate,ICE,REST,Standard,14
2024,01,MERCEDES,29,Málaga,Corporate,PHEV,FOCUS SEGMENT,Standard,14
2024,01,MERCEDES,29,Málaga,Private,BEV,FOCUS SEGMENT,Standard,1
2024,01,MERCEDES,29,Málaga,Private,ICE,FOCUS SEGMENT,M Performance,3
2024,01,MERCEDES,29,Málaga,Private,ICE,FOCUS SEGMENT,Standard,21
2024,01,MERCEDES,29,Málaga,Private,ICE,REST,Standard,4
2024,01,MERCEDES,29,Málaga,Private,PHEV,FOCUS SEGMENT,Standard,17
2024,01,MERCEDES,29,Málaga,RAC,ICE,FOCUS SEGMENT,M,1
2024,01,MERCEDES,29,Málaga,RAC,ICE,FOCUS SEGMENT,Standard,24
2024,01,MG,29,Málaga,Corporate,ICE,REST,Standard,2
2024,01,MG,29,Málaga,Corporate,PHEV,REST,Standard,1
2024,01,MG,29,Málaga,Private,BEV,REST,Standard,4
2024,01,MG,29,Málaga,Private,ICE,REST,Standard,48
2024,01,MG,29,Málaga,Private,PHEV,REST,Standard,4
2024,01,MG,29,Málaga,RAC,ICE,REST,Standard,2
2024,01,MINI,29,Málaga,Corporate,ICE,FOCUS SEGMENT,Standard,4
2024,01,MINI,29,Málaga,Private,BEV,FOCUS SEGMENT,Standard,1
2024,01,MINI,29,Málaga,Private,ICE,FOCUS SEGMENT,JCW,3
2024,01,MINI,29,Málaga,Private,ICE,FOCUS SEGMENT,Standard,11
2024,01,MINI,29,Málaga,Private,PHEV,FOCUS SEGMENT,Standard,1
2024,01,MINI,29,Málaga,RAC,ICE,FOCUS SEGMENT,Standard,4
2024,01,MITSUBISHI,29,Málaga,Private,ICE,REST,Standard,5
2024,01,MITSUBISHI,29,Málaga,Private,PHEV,REST,Standard,3
2024,01,NISSAN,29,Málaga,Corporate,ICE,REST,Standard,5
2024,01,NISSAN,29,Málaga,Private,ICE,REST,Standard,25
2024,01,OPEL,29,Málaga,Private,ICE,REST,Standard,10
2024,01,PEUGEOT,29,Málaga,Corporate,BEV,REST,Standard,2
2024,01,PEUGEOT,29,Málaga,Corporate,ICE,REST,Standard,4
2024,01,PEUGEOT,29,Málaga,Private,BEV,REST,Standard,2
2024,01,PEUGEOT,29,Málaga,Private,ICE,REST,Standard,45
2024,01,PEUGEOT,29,Málaga,Private,PHEV,REST,Standard,4
2024,01,PORSCHE,29,Málaga,Corporate,ICE,FOCUS SEGMENT,M,1
2024,01,PORSCHE,29,Málaga,Corporate,ICE,FOCUS SEGMENT,M Performance,2
2024,01,PORSCHE,29,Málaga,Corporate,ICE,FOCUS SEGMENT,Standard,2
2024,01,PORSCHE,29,Málaga,Corporate,PHEV,FOCUS SEGMENT,Standard,2
2024,01,PORSCHE,29,Málaga,Private,BEV,FOCUS SEGMENT,Standard,1
2024,01,PORSCHE,29,Málaga,Private,ICE,FOCUS SEGMENT,M,1
2024,01,PORSCHE,29,Málaga,Private,ICE,FOCUS SEGMENT,Standard,9
2024,01,PORSCHE,29,Málaga,Private,PHEV,FOCUS SEGMENT,Standard,2
2024,01,PORSCHE,29,Málaga,RAC,ICE,FOCUS SEGMENT,Standard,4
2024,01,RENAULT,29,Málaga,Corporate,ICE,REST,Standard,14
2024,01,RENAULT,29,Málaga,Private,ICE,REST,Standard,74
2024,01,SEAT,29,Málaga,Corporate,ICE,REST,Standard,23
2024,01,SEAT,29,Málaga,Corporate,PHEV,REST,Standard,1
2024,01,SEAT,29,Málaga,Private,ICE,REST,Standard,85
2024,01,SHINERAY,29,Málaga,Corporate,ICE,REST,Standard,2
2024,01,SHINERAY,29,Málaga,Private,ICE,REST,Standard,1
2024,01,SKODA,29,Málaga,Corporate,ICE,REST,Standard,10
2024,01,SKODA,29,Málaga,Private,BEV,REST,Standard,4
2024,01,SKODA,29,Málaga,Private,ICE,REST,Standard,34
2024,01,SMART,29,Málaga,Corporate,BEV,FOCUS SEGMENT,Standard,2
2024,01,SMART,29,Málaga,Corporate,BEV,REST,Standard,1
2024,01,SSANGYONG,29,Málaga,Corporate,ICE,REST,Standard,1
2024,01,SSANGYONG,29,Málaga,Private,BEV,REST,Standard,1
2024,01,SSANGYONG,29,Málaga,Private,ICE,REST,Standard,2
2024,01,SUBARU,29,Málaga,Corporate,ICE,REST,Standard,1
2024,01,SUZUKI,29,Málaga,Corporate,ICE,REST,Standard,1
2024,01,SUZUKI,29,Málaga,Private,ICE,REST,Standard,9
2024,01,TESLA,29,Málaga,Corporate,BEV,FOCUS SEGMENT,Standard,8
2024,01,TESLA,29,Málaga,Private,BEV,FOCUS SEGMENT,Standard,29
2024,01,TOYOTA,29,Málaga,Corporate,BEV,REST,Standard,1
2024,01,TOYOTA,29,Málaga,Corporate,ICE,REST,Standard,22
2024,01,TOYOTA,29,Málaga,Private,ICE,REST,Standard,205
2024,01,TOYOTA,29,Málaga,RAC,ICE,REST,Standard,8
2024,01,VOLKSWAGEN,29,Málaga,Corporate,BEV,REST,Standard,2
2024,01,VOLKSWAGEN,29,Málaga,Corporate,ICE,REST,Standard,9
2024,01,VOLKSWAGEN,29,Málaga,Private,ICE,REST,Standard,27
2024,01,VOLKSWAGEN,29,Málaga,RAC,ICE,REST,Standard,6
2024,01,VOLVO,29,Málaga,Corporate,ICE,FOCUS SEGMENT,Standard,4
2024,01,VOLVO,29,Málaga,Corporate,PHEV,FOCUS SEGMENT,Standard,1
2024,01,VOLVO,29,Málaga,Private,ICE,FOCUS SEGMENT,Standard,6
2024,01,VOLVO,29,Málaga,Private,PHEV,FOCUS SEGMENT,Standard,1
2024,01,AUDI,30,Murcia,Corporate,BEV,FOCUS SEGMENT,Standard,1
2024,01,AUDI,30,Murcia,Corporate,ICE,FOCUS SEGMENT,Standard,12
2024,01,AUDI,30,Murcia,Corporate,PHEV,FOCUS SEGMENT,Standard,3
2024,01,AUDI,30,Murcia,Private,BEV,FOCUS SEGMENT,Standard,1
2024,01,AUDI,30,Murcia,Private,ICE,FOCUS SEGMENT,Standard,16
2024,01,AUDI,30,Murcia,Private,PHEV,FOCUS SEGMENT,Standard,1
2024,01,BMW,30,Murcia,Corporate,ICE,FOCUS SEGMENT,M,1
2024,01,BMW,30,Murcia,Corporate,ICE,FOCUS SEGMENT,Standard,20
2024,01,BMW,30,Murcia,Corporate,PHEV,FOCUS SEGMENT,Standard,2
2024,01,BMW,30,Murcia,Private,ICE,FOCUS SEGMENT,M,1
2024,01,BMW,30,Murcia,Private,ICE,FOCUS SEGMENT,M Performance,1
2024,01,BMW,30,Murcia,Private,ICE,FOCUS SEGMENT,Standard,21
2024,01,BMW,30,Murcia,Private,PHEV,FOCUS SEGMENT,Standard,2
2024,01,BYD,30,Murcia,Private,BEV,REST,Standard,1
2024,01,CITROEN,30,Murcia,Corporate,BEV,REST,Standard,1
2024,01,CITROEN,30,Murcia,Private,ICE,REST,Standard,28
2024,01,CUPRA,30,Murcia,Corporate,ICE,REST,Standard,2
2024,01,CUPRA,30,Murcia,Private,BEV,REST,Standard,1
2024,01,CUPRA,30,Murcia,Private,PHEV,REST,Standard,4
2024,01,DACIA,30,Murcia,Corporate,BEV,REST,Standard,2
2024,01,DACIA,30,Murcia,Corporate,ICE,REST,Standard,18
2024,01,DACIA,30,Murcia,Private,ICE,REST,Standard,107
2024,01,FIAT,30,Murcia,Corporate,BEV,REST,Standard,1
2024,01,FIAT,30,Murcia,Private,ICE,REST,Standard,4
2024,01,FORD,30,Murcia,Corporate,ICE,REST,Standard,14
2024,01,FORD,30,Murcia,Private,BEV,REST,Standard,1
2024,01,FORD,30,Murcia,Private,ICE,REST,Standard,19
2024,01,FORD,30,Murcia,Private,PHEV,REST,Standard,3
2024,01,HONDA,30,Murcia,Corporate,ICE,REST,Standard,3
2024,01,HONDA,30,Murcia,Private,ICE,REST,Standard,2
2024,01,HONDA,30,Murcia,Private,PHEV,REST,Standard,1
2024,01,HYUNDAI,30,Murcia,Corporate,ICE,REST,Standard,28
2024,01,HYUNDAI,30,Murcia,Private,ICE,REST,Standard,87
2024,01,HYUNDAI,30,Murcia,Private,PHEV,REST,Standard,1
2024,01,JEEP,30,Murcia,Private,ICE,REST,Standard,1
2024,01,KIA,30,Murcia,Corporate,ICE,REST,Standard,13
2024,01,KIA,30,Murcia,Corporate,PHEV,REST,Standard,1
2024,01,KIA,30,Murcia,Private,BEV,REST,Standard,3
2024,01,KIA,30,Murcia,Private,ICE,REST,Standard,85
2024,01,KIA,30,Murcia,Private,PHEV,REST,Standard,1
2024,01,LAND ROVER,30,Murcia,Corporate,ICE,FOCUS SEGMENT,Standard,3
2024,01,LAND ROVER,30,Murcia,Private,ICE,FOCUS SEGMENT,Standard,3
2024,01,LAND ROVER,30,Murcia,Private,PHEV,FOCUS SEGMENT,Standard,2
2024,01,LEXUS,30,Murcia,Corporate,ICE,FOCUS SEGMENT,Standard,9
2024,01,LEXUS,30,Murcia,Corporate,PHEV,FOCUS SEGMENT,Standard,4
2024,01,LEXUS,30,Murcia,Private,ICE,FOCUS SEGMENT,Standard,7
2024,01,MAZDA,30,Murcia,Corporate,ICE,REST,Standard,3
2024,01,MAZDA,30,Murcia,Corporate,PHEV,REST,Standard,1
2024,01,MAZDA,30,Murcia,Private,ICE,REST,Standard,14
2024,01,MERCEDES,30,Murcia,Corporate,BEV,FOCUS SEGMENT,Standard,7
2024,01,MERCEDES,30,Murcia,Corporate,ICE,FOCUS SEGMENT,M Performance,1
2024,01,MERCEDES,30,Murcia,Corporate,ICE,FOCUS SEGMENT,Standard,36
2024,01,MERCEDES,30,Murcia,Corporate,ICE,REST,Standard,6
2024,01,MERCEDES,30,Murcia,Corporate,PHEV,FOCUS SEGMENT,Standard,8
2024,01,MERCEDES,30,Murcia,Private,BEV,FOCUS SEGMENT,Standard,1
2024,01,MERCEDES,30,Murcia,Private,ICE,FOCUS SEGMENT,Standard,16
2024,01,MERCEDES,30,Murcia,Private,ICE,REST,Standard,1
2024,01,MERCEDES,30,Murcia,Private,PHEV,FOCUS SEGMENT,Standard,5
2024,01,MERCEDES,30,Murcia,RAC,ICE,REST,Standard,1
2024,01,MG,30,Murcia,Private,BEV,REST,Standard,2
2024,01,MG,30,Murcia,Private,ICE,REST,Standard,108
2024,01,MG,30,Murcia,Private,PHEV,REST,Standard,2
2024,01,MINI,30,Murcia,Private,ICE,FOCUS SEGMENT,Standard,6
2024,01,MITSUBISHI,30,Murcia,Private,ICE,REST,Standard,2
2024,01,NISSAN,30,Murcia,Corporate,ICE,REST,Standard,10
2024,01,NISSAN,30,Murcia,Private,ICE,REST,Standard,27
2024,01,OMODA,30,Murcia,Corporate,ICE,REST,Standard,1
2024,01,OPEL,30,Murcia,Corporate,ICE,REST,Standard,4
2024,01,OPEL,30,Murcia,Private,ICE,REST,Standard,4
2024,01,PEUGEOT,30,Murcia,Corporate,BEV,REST,Standard,1
2024,01,PEUGEOT,30,Murcia,Corporate,ICE,REST,Standard,24
2024,01,PEUGEOT,30,Murcia,Private,ICE,REST,Standard,31
2024,01,PEUGEOT,30,Murcia,Private,PHEV,REST,Standard,3
2024,01,PORSCHE,30,Murcia,Corporate,ICE,FOCUS SEGMENT,Standard,2
2024,01,PORSCHE,30,Murcia,Corporate,PHEV,FOCUS SEGMENT,Standard,5
2024,01,PORSCHE,30,Murcia,Private,BEV,FOCUS SEGMENT,Standard,1
2024,01,PORSCHE,30,Murcia,Private,ICE,FOCUS SEGMENT,M Performance,1
2024,01,PORSCHE,30,Murcia,Private,PHEV,FOCUS SEGMENT,Standard,2
2024,01,PORSCHE,30,Murcia,RAC,ICE,FOCUS SEGMENT,Standard,1
2024,01,RENAULT,30,Murcia,Corporate,ICE,REST,Standard,5
2024,01,RENAULT,30,Murcia,Private,ICE,REST,Standard,42
2024,01,SEAT,30,Murcia,Corporate,ICE,REST,Standard,13
2024,01,SEAT,30,Murcia,Private,ICE,REST,Standard,72
2024,01,SKODA,30,Murcia,Corporate,ICE,REST,Standard,9
2024,01,SKODA,30,Murcia,Private,BEV,REST,Standard,2
2024,01,SKODA,30,Murcia,Private,ICE,REST,Standard,27
2024,01,SSANGYONG,30,Murcia,Corporate,ICE,REST,Standard,1
2024,01,SSANGYONG,30,Murcia,Private,ICE,REST,Standard,8
2024,01,SUBARU,30,Murcia,Corporate,ICE,REST,Standard,2
2024,01,SUZUKI,30,Murcia,Corporate,ICE,REST,Standard,9
2024,01,SUZUKI,30,Murcia,Private,ICE,REST,Standard,6
2024,01,TESLA,30,Murcia,Corporate,BEV,FOCUS SEGMENT,Standard,6
2024,01,TESLA,30,Murcia,Private,BEV,FOCUS SEGMENT,Standard,24
2024,01,TOYOTA,30,Murcia,Corporate,ICE,REST,Standard,24
2024,01,TOYOTA,30,Murcia,Corporate,PHEV,REST,Standard,1
2024,01,TOYOTA,30,Murcia,Private,ICE,REST,Standard,116
2024,01,VOLKSWAGEN,30,Murcia,Corporate,ICE,REST,Standard,24
2024,01,VOLKSWAGEN,30,Murcia,Private,ICE,REST,Standard,35
2024,01,VOLKSWAGEN,30,Murcia,RAC,ICE,REST,Standard,1
2024,01,VOLVO,30,Murcia,Corporate,BEV,FOCUS SEGMENT,Standard,11
2024,01,VOLVO,30,Murcia,Corporate,ICE,FOCUS SEGMENT,Standard,10
2024,01,VOLVO,30,Murcia,Private,ICE,FOCUS SEGMENT,Standard,6
2024,01,VOLVO,30,Murcia,Private,PHEV,FOCUS SEGMENT,Standard,1
2024,01,ZHIDOU,30,Murcia,Private,BEV,,Standard,1
2024,01,AUDI,31,Navarra,Corporate,ICE,FOCUS SEGMENT,Standard,8
2024,01,AUDI,31,Navarra,Corporate,PHEV,FOCUS SEGMENT,Standard,2
2024,01,AUDI,31,Navarra,Private,ICE,FOCUS SEGMENT,Standard,4
2024,01,AUDI,31,Navarra,Private,PHEV,FOCUS SEGMENT,Standard,2
2024,01,BMW,31,Navarra,Corporate,ICE,FOCUS SEGMENT,M Performance,4
2024,01,BMW,31,Navarra,Corporate,ICE,FOCUS SEGMENT,Standard,5
2024,01,BMW,31,Navarra,Corporate,PHEV,FOCUS SEGMENT,Standard,1
2024,01,BMW,31,Navarra,Private,ICE,FOCUS SEGMENT,Standard,9
2024,01,BMW,31,Navarra,Private,PHEV,FOCUS SEGMENT,Standard,1
2024,01,CITROEN,31,Navarra,Private,ICE,REST,Standard,8
2024,01,CUPRA,31,Navarra,Private,BEV,REST,Standard,1
2024,01,CUPRA,31,Navarra,Private,ICE,REST,Standard,3
2024,01,DACIA,31,Navarra,Corporate,ICE,REST,Standard,8
2024,01,DACIA,31,Navarra,Private,BEV,REST,Standard,1
2024,01,DACIA,31,Navarra,Private,ICE,REST,Standard,30
2024,01,FIAT,31,Navarra,Private,ICE,REST,Standard,1
2024,01,FORD,31,Navarra,Corporate,ICE,REST,Standard,3
2024,01,FORD,31,Navarra,Private,ICE,REST,Standard,9
2024,01,HONDA,31,Navarra,Corporate,ICE,REST,Standard,1
2024,01,HONDA,31,Navarra,Private,ICE,REST,Standard,1
2024,01,HYUNDAI,31,Navarra,Corporate,ICE,REST,Standard,13
2024,01,HYUNDAI,31,Navarra,Corporate,PHEV,REST,Standard,1
2024,01,HYUNDAI,31,Navarra,Private,BEV,REST,Standard,1
2024,01,HYUNDAI,31,Navarra,Private,ICE,REST,Standard,38
2024,01,HYUNDAI,31,Navarra,Private,PHEV,REST,Standard,2
2024,01,JEEP,31,Navarra,Private,ICE,REST,Standard,2
2024,01,KIA,31,Navarra,Corporate,BEV,REST,Standard,2
2024,01,KIA,31,Navarra,Corporate,ICE,REST,Standard,6
2024,01,KIA,31,Navarra,Corporate,PHEV,REST,Standard,3
2024,01,KIA,31,Navarra,Private,BEV,REST,Standard,3
2024,01,KIA,31,Navarra,Private,ICE,REST,Standard,45
2024,01,KIA,31,Navarra,Private,PHEV,REST,Standard,2
2024,01,LAND ROVER,31,Navarra,Corporate,ICE,FOCUS SEGMENT,Standard,2
2024,01,LAND ROVER,31,Navarra,Private,ICE,FOCUS SEGMENT,Standard,1
2024,01,LEXUS,31,Navarra,Corporate,ICE,FOCUS SEGMENT,Standard,1
2024,01,LEXUS,31,Navarra,Private,ICE,FOCUS SEGMENT,Standard,2
2024,01,MAZDA,31,Navarra,Corporate,ICE,REST,Standard,1
2024,01,MAZDA,31,Navarra,Private,ICE,REST,Standard,10
2024,01,MERCEDES,31,Navarra,Corporate,BEV,FOCUS SEGMENT,Standard,8
2024,01,MERCEDES,31,Navarra,Corporate,ICE,FOCUS SEGMENT,Standard,13
2024,01,MERCEDES,31,Navarra,Corporate,ICE,REST,Standard,1
2024,01,MERCEDES,31,Navarra,Corporate,PHEV,FOCUS SEGMENT,Standard,4
2024,01,MERCEDES,31,Navarra,Private,ICE,FOCUS SEGMENT,Standard,4
2024,01,MG,31,Navarra,Corporate,ICE,REST,Standard,4
2024,01,MG,31,Navarra,Private,BEV,REST,Standard,3
2024,01,MG,31,Navarra,Private,ICE,REST,Standard,15
2024,01,MINI,31,Navarra,Corporate,ICE,FOCUS SEGMENT,Standard,1
2024,01,MINI,31,Navarra,Private,ICE,FOCUS SEGMENT,Standard,1
2024,01,MITSUBISHI,31,Navarra,Private,ICE,REST,Standard,2
2024,01,NISSAN,31,Navarra,Corporate,ICE,REST,Standard,1
2024,01,NISSAN,31,Navarra,Private,ICE,REST,Standard,10
2024,01,OPEL,31,Navarra,Private,ICE,REST,Standard,6
2024,01,PEUGEOT,31,Navarra,Corporate,BEV,REST,Standard,1
2024,01,PEUGEOT,31,Navarra,Corporate,ICE,REST,Standard,40
2024,01,PEUGEOT,31,Navarra,Private,BEV,REST,Standard,4
2024,01,PEUGEOT,31,Navarra,Private,ICE,REST,Standard,11
2024,01,PEUGEOT,31,Navarra,Private,PHEV,REST,Standard,2
2024,01,PORSCHE,31,Navarra,Corporate,ICE,FOCUS SEGMENT,M Performance,2
2024,01,PORSCHE,31,Navarra,Corporate,ICE,FOCUS SEGMENT,Standard,2
2024,01,PORSCHE,31,Navarra,Private,ICE,FOCUS SEGMENT,Standard,3
2024,01,PORSCHE,31,Navarra,RAC,ICE,FOCUS SEGMENT,Standard,4
2024,01,RENAULT,31,Navarra,Corporate,BEV,REST,Standard,2
2024,01,RENAULT,31,Navarra,Corporate,ICE,REST,Standard,9
2024,01,RENAULT,31,Navarra,Private,BEV,REST,Standard,1
2024,01,RENAULT,31,Navarra,Private,ICE,REST,Standard,30
2024,01,SEAT,31,Navarra,Corporate,ICE,REST,Standard,8
2024,01,SEAT,31,Navarra,Private,ICE,REST,Standard,30
2024,01,SEAT,31,Navarra,Private,PHEV,REST,Standard,1
2024,01,SKODA,31,Navarra,Private,ICE,REST,Standard,25
2024,01,SSANGYONG,31,Navarra,Corporate,ICE,REST,Standard,1
2024,01,SSANGYONG,31,Navarra,Private,ICE,REST,Standard,1
2024,01,SUBARU,31,Navarra,Corporate,ICE,REST,Standard,1
2024,01,SUBARU,31,Navarra,Private,ICE,REST,Standard,1
2024,01,SUZUKI,31,Navarra,Private,ICE,REST,Standard,2
2024,01,TESLA,31,Navarra,Corporate,BEV,FOCUS SEGMENT,Standard,1
2024,01,TESLA,31,Navarra,Private,BEV,FOCUS SEGMENT,Standard,12
2024,01,TOYOTA,31,Navarra,Corporate,ICE,REST,Standard,12
2024,01,TOYOTA,31,Navarra,Private,ICE,REST,Standard,36
2024,01,TOYOTA,31,Navarra,Private,PHEV,REST,Standard,2
2024,01,VOLKSWAGEN,31,Navarra,Corporate,BEV,REST,Standard,5
2024,01,VOLKSWAGEN,31,Navarra,Corporate,ICE,REST,Standard,26
2024,01,VOLKSWAGEN,31,Navarra,Private,BEV,REST,Standard,7
2024,01,VOLKSWAGEN,31,Navarra,Private,ICE,REST,Standard,25
2024,01,VOLVO,31,Navarra,Corporate,BEV,FOCUS SEGMENT,Standard,4
2024,01,VOLVO,31,Navarra,Corporate,ICE,FOCUS SEGMENT,Standard,1
2024,01,VOLVO,31,Navarra,Private,BEV,FOCUS SEGMENT,Standard,1
2024,01,VOLVO,31,Navarra,Private,ICE,FOCUS SEGMENT,Standard,1
2024,01,AUDI,32,Ourense,Corporate,ICE,FOCUS SEGMENT,Standard,1
2024,01,AUDI,32,Ourense,Corporate,PHEV,FOCUS SEGMENT,Standard,1
2024,01,AUDI,32,Ourense,Private,ICE,FOCUS SEGMENT,M,1
2024,01,AUDI,32,Ourense,Private,ICE,FOCUS SEGMENT,Standard,6
2024,01,BMW,32,Ourense,Corporate,ICE,FOCUS SEGMENT,Standard,1
2024,01,BMW,32,Ourense,Private,ICE,FOCUS SEGMENT,M Performance,1
2024,01,BMW,32,Ourense,Private,ICE,FOCUS SEGMENT,Standard,10
2024,01,CITROEN,32,Ourense,Corporate,ICE,REST,Standard,2
2024,01,CITROEN,32,Ourense,Private,ICE,REST,Standard,9
2024,01,CUPRA,32,Ourense,Corporate,BEV,REST,Standard,1
2024,01,CUPRA,32,Ourense,Corporate,ICE,REST,Standard,1
2024,01,CUPRA,32,Ourense,Corporate,PHEV,REST,Standard,2
2024,01,CUPRA,32,Ourense,Private,ICE,REST,Standard,2
2024,01,CUPRA,32,Ourense,Private,PHEV,REST,Standard,1
2024,01,DACIA,32,Ourense,Corporate,ICE,REST,Standard,2
2024,01,DACIA,32,Ourense,Private,ICE,REST,Standard,27
2024,01,FIAT,32,Ourense,Private,ICE,REST,Standard,1
2024,01,FORD,32,Ourense,Corporate,ICE,REST,Standard,1
2024,01,FORD,32,Ourense,Private,ICE,REST,Standard,4
2024,01,HYUNDAI,32,Ourense,Corporate,ICE,REST,Standard,8
2024,01,HYUNDAI,32,Ourense,Private,BEV,REST,Standard,1
2024,01,HYUNDAI,32,Ourense,Private,ICE,REST,Standard,13
2024,01,HYUNDAI,32,Ourense,Private,PHEV,REST,Standard,1
2024,01,JEEP,32,Ourense,Corporate,ICE,REST,Standard,1
2024,01,JEEP,32,Ourense,Private,BEV,REST,Standard,1
2024,01,KIA,32,Ourense,Private,BEV,REST,Standard,1
2024,01,KIA,32,Ourense,Private,ICE,REST,Standard,18
2024,01,MAZDA,32,Ourense,Private,ICE,REST,Standard,6
2024,01,MERCEDES,32,Ourense,Corporate,ICE,FOCUS SEGMENT,Standard,2
2024,01,MERCEDES,32,Ourense,Corporate,PHEV,FOCUS SEGMENT,Standard,1
2024,01,MERCEDES,32,Ourense,Private,ICE,FOCUS SEGMENT,Standard,4
2024,01,MERCEDES,32,Ourense,Private,PHEV,FOCUS SEGMENT,Standard,1
2024,01,MG,32,Ourense,Corporate,ICE,REST,Standard,1
2024,01,MG,32,Ourense,Private,BEV,REST,Standard,5
2024,01,MG,32,Ourense,Private,ICE,REST,Standard,9
2024,01,MG,32,Ourense,Private,PHEV,REST,Standard,2
2024,01,MINI,32,Ourense,Private,ICE,FOCUS SEGMENT,Standard,1
2024,01,MITSUBISHI,32,Ourense,Corporate,ICE,REST,Standard,2
2024,01,MITSUBISHI,32,Ourense,Private,ICE,REST,Standard,1
2024,01,MITSUBISHI,32,Ourense,Private,PHEV,REST,Standard,1
2024,01,NISSAN,32,Ourense,Private,ICE,REST,Standard,6
2024,01,OPEL,32,Ourense,Corporate,ICE,REST,Standard,2
2024,01,OPEL,32,Ourense,Private,BEV,REST,Standard,1
2024,01,OPEL,32,Ourense,Private,ICE,REST,Standard,5
2024,01,PEUGEOT,32,Ourense,Private,BEV,REST,Standard,1
2024,01,PEUGEOT,32,Ourense,Private,ICE,REST,Standard,15
2024,01,PEUGEOT,32,Ourense,Private,PHEV,REST,Standard,2
2024,01,PORSCHE,32,Ourense,Private,ICE,FOCUS SEGMENT,M,1
2024,01,PORSCHE,32,Ourense,Private,PHEV,FOCUS SEGMENT,Standard,1
2024,01,RENAULT,32,Ourense,Private,ICE,REST,Standard,9
2024,01,SEAT,32,Ourense,Corporate,ICE,REST,Standard,6
2024,01,SEAT,32,Ourense,Private,ICE,REST,Standard,14
2024,01,SKODA,32,Ourense,Corporate,ICE,REST,Standard,2
2024,01,SKODA,32,Ourense,Private,ICE,REST,Standard,5
2024,01,SSANGYONG,32,Ourense,Private,ICE,REST,Standard,1
2024,01,SUBARU,32,Ourense,Corporate,ICE,REST,Standard,1
2024,01,SUBARU,32,Ourense,Private,ICE,REST,Standard,1
2024,01,SUZUKI,32,Ourense,Private,ICE,REST,Standard,3
2024,01,TESLA,32,Ourense,Private,BEV,FOCUS SEGMENT,Standard,2
2024,01,TOYOTA,32,Ourense,Corporate,ICE,REST,Standard,3
2024,01,TOYOTA,32,Ourense,Private,ICE,REST,Standard,20
2024,01,VOLKSWAGEN,32,Ourense,Corporate,BEV,REST,Standard,1
2024,01,VOLKSWAGEN,32,Ourense,Corporate,ICE,REST,Standard,3
2024,01,VOLKSWAGEN,32,Ourense,Corporate,PHEV,REST,Standard,1
2024,01,VOLKSWAGEN,32,Ourense,Private,ICE,REST,Standard,8
2024,01,VOLKSWAGEN,32,Ourense,Private,PHEV,REST,Standard,1
2024,01,VOLVO,32,Ourense,Corporate,ICE,FOCUS SEGMENT,Standard,1
2024,01,VOLVO,32,Ourense,Private,ICE,FOCUS SEGMENT,Standard,2
2024,01,ALFA ROMEO,33,Asturias,Private,ICE,REST,Standard,1
2024,01,ALPINE,33,Asturias,Private,ICE,REST,Standard,1
2024,01,ASTON MARTIN,33,Asturias,Private,ICE,FOCUS SEGMENT,Standard,1
2024,01,AUDI,33,Asturias,Corporate,ICE,FOCUS SEGMENT,Standard,5
2024,01,AUDI,33,Asturias,Private,BEV,FOCUS SEGMENT,Standard,1
2024,01,AUDI,33,Asturias,Private,ICE,FOCUS SEGMENT,Standard,10
2024,01,BMW,33,Asturias,Corporate,BEV,FOCUS SEGMENT,Standard,1
2024,01,BMW,33,Asturias,Corporate,ICE,FOCUS SEGMENT,M,1
2024,01,BMW,33,Asturias,Corporate,ICE,FOCUS SEGMENT,Standard,18
2024,01,BMW,33,Asturias,Private,BEV,FOCUS SEGMENT,Standard,1
2024,01,BMW,33,Asturias,Private,ICE,FOCUS SEGMENT,Standard,42
2024,01,BMW,33,Asturias,Private,PHEV,FOCUS SEGMENT,Standard,2
2024,01,BYD,33,Asturias,Private,BEV,REST,Standard,1
2024,01,CITROEN,33,Asturias,Corporate,ICE,REST,Standard,2
2024,01,CITROEN,33,Asturias,Private,BEV,REST,Standard,2
2024,01,CITROEN,33,Asturias,Private,ICE,REST,Standard,30
2024,01,CUPRA,33,Asturias,Corporate,ICE,REST,Standard,31
2024,01,CUPRA,33,Asturias,Corporate,PHEV,REST,Standard,3
2024,01,CUPRA,33,Asturias,Private,ICE,REST,Standard,3
2024,01,CUPRA,33,Asturias,Private,PHEV,REST,Standard,1
2024,01,DACIA,33,Asturias,Corporate,ICE,REST,Standard,5
2024,01,DACIA,33,Asturias,Private,ICE,REST,Standard,54
2024,01,FIAT,33,Asturias,Corporate,BEV,REST,Standard,1
2024,01,FIAT,33,Asturias,Private,BEV,REST,Standard,1
2024,01,FIAT,33,Asturias,Private,ICE,REST,Standard,10
2024,01,FORD,33,Asturias,Corporate,ICE,REST,Standard,1
2024,01,FORD,33,Asturias,Private,ICE,REST,Standard,19
2024,01,FORD,33,Asturias,Private,PHEV,REST,Standard,2
2024,01,HONDA,33,Asturias,Corporate,ICE,REST,Standard,3
2024,01,HONDA,33,Asturias,Private,ICE,REST,Standard,6
2024,01,HONDA,33,Asturias,Private,PHEV,REST,Standard,1
2024,01,HYUNDAI,33,Asturias,Corporate,ICE,REST,Standard,22
2024,01,HYUNDAI,33,Asturias,Private,ICE,REST,Standard,40
2024,01,HYUNDAI,33,Asturias,RAC,ICE,REST,Standard,3
2024,01,JAGUAR,33,Asturias,Corporate,ICE,FOCUS SEGMENT,Standard,1
2024,01,JEEP,33,Asturias,Corporate,ICE,REST,Standard,1
2024,01,JEEP,33,Asturias,Private,ICE,REST,Standard,3
2024,01,JEEP,33,Asturias,Private,PHEV,REST,Standard,1
2024,01,KIA,33,Asturias,Corporate,BEV,REST,Standard,1
2024,01,KIA,33,Asturias,Corporate,ICE,REST,Standard,7
2024,01,KIA,33,Asturias,Corporate,PHEV,REST,Standard,2
2024,01,KIA,33,Asturias,Private,BEV,REST,Standard,2
2024,01,KIA,33,Asturias,Private,ICE,REST,Standard,61
2024,01,KIA,33,Asturias,Private,PHEV,REST,Standard,6
2024,01,LAND ROVER,33,Asturias,Corporate,PHEV,FOCUS SEGMENT,Standard,3
2024,01,LEXUS,33,Asturias,Corporate,ICE,FOCUS SEGMENT,Standard,1
2024,01,LEXUS,33,Asturias,Private,ICE,FOCUS SEGMENT,Standard,4
2024,01,MAZDA,33,Asturias,Corporate,ICE,REST,Standard,3
2024,01,MAZDA,33,Asturias,Private,ICE,REST,Standard,8
2024,01,MERCEDES,33,Asturias,Corporate,BEV,FOCUS SEGMENT,Standard,1
2024,01,MERCEDES,33,Asturias,Corporate,ICE,FOCUS SEGMENT,M,2
2024,01,MERCEDES,33,Asturias,Corporate,ICE,FOCUS SEGMENT,Standard,9
2024,01,MERCEDES,33,Asturias,Corporate,ICE,REST,Standard,1
2024,01,MERCEDES,33,Asturias,Corporate,PHEV,FOCUS SEGMENT,Standard,12
2024,01,MERCEDES,33,Asturias,Private,ICE,FOCUS SEGMENT,M Performance,1
2024,01,MERCEDES,33,Asturias,Private,ICE,FOCUS SEGMENT,Standard,21
2024,01,MERCEDES,33,Asturias,Private,ICE,REST,Standard,1
2024,01,MERCEDES,33,Asturias,Private,PHEV,FOCUS SEGMENT,Standard,3
2024,01,MERCEDES,33,Asturias,RAC,ICE,FOCUS SEGMENT,Standard,2
2024,01,MERCEDES,33,Asturias,RAC,PHEV,FOCUS SEGMENT,Standard,1
2024,01,MERCEDES-V,33,Asturias,Private,ICE,REST,Standard,1
2024,01,MERCEDES-V,33,Asturias,RAC,ICE,REST,Standard,2
2024,01,MG,33,Asturias,Private,BEV,REST,Standard,2
2024,01,MG,33,Asturias,Private,ICE,REST,Standard,7
2024,01,MINI,33,Asturias,Corporate,ICE,FOCUS SEGMENT,JCW,1
2024,01,MINI,33,Asturias,Corporate,ICE,FOCUS SEGMENT,Standard,1
2024,01,MINI,33,Asturias,Private,ICE,FOCUS SEGMENT,JCW,2
2024,01,MINI,33,Asturias,Private,ICE,FOCUS SEGMENT,Standard,8
2024,01,MITSUBISHI,33,Asturias,Corporate,ICE,REST,Standard,1
2024,01,NISSAN,33,Asturias,Corporate,ICE,REST,Standard,4
2024,01,NISSAN,33,Asturias,Private,ICE,REST,Standard,10
2024,01,OPEL,33,Asturias,Corporate,ICE,REST,Standard,1
2024,01,OPEL,33,Asturias,Private,BEV,REST,Standard,1
2024,01,OPEL,33,Asturias,Private,ICE,REST,Standard,11
2024,01,PEUGEOT,33,Asturias,Corporate,ICE,REST,Standard,10
2024,01,PEUGEOT,33,Asturias,Private,ICE,REST,Standard,14
2024,01,PEUGEOT,33,Asturias,Private,PHEV,REST,Standard,1
2024,01,PORSCHE,33,Asturias,Corporate,ICE,FOCUS SEGMENT,Standard,1
2024,01,PORSCHE,33,Asturias,Corporate,PHEV,FOCUS SEGMENT,Standard,4
2024,01,PORSCHE,33,Asturias,Private,ICE,FOCUS SEGMENT,M,1
2024,01,PORSCHE,33,Asturias,Private,ICE,FOCUS SEGMENT,Standard,1
2024,01,PORSCHE,33,Asturias,Private,PHEV,FOCUS SEGMENT,Standard,1
2024,01,RENAULT,33,Asturias,Corporate,ICE,REST,Standard,7
2024,01,RENAULT,33,Asturias,Private,BEV,REST,Standard,1
2024,01,RENAULT,33,Asturias,Private,ICE,REST,Standard,33
2024,01,SEAT,33,Asturias,Corporate,ICE,REST,Standard,3
2024,01,SEAT,33,Asturias,Private,ICE,REST,Standard,20
2024,01,SEAT,33,Asturias,Private,PHEV,REST,Standard,1
2024,01,SKODA,33,Asturias,Corporate,ICE,REST,Standard,7
2024,01,SKODA,33,Asturias,Private,BEV,REST,Standard,1
2024,01,SKODA,33,Asturias,Private,ICE,REST,Standard,16
2024,01,SMART,33,Asturias,Corporate,BEV,FOCUS SEGMENT,Standard,1
2024,01,SMART,33,Asturias,Private,BEV,FOCUS SEGMENT,Standard,1
2024,01,SMART,33,Asturias,RAC,BEV,FOCUS SEGMENT,Standard,1
2024,01,SSANGYONG,33,Asturias,Corporate,ICE,REST,Standard,1
2024,01,SSANGYONG,33,Asturias,Private,ICE,REST,Standard,2
2024,01,SUBARU,33,Asturias,Corporate,ICE,REST,Standard,1
2024,01,SUBARU,33,Asturias,Private,ICE,REST,Standard,2
2024,01,SUZUKI,33,Asturias,Corporate,ICE,REST,Standard,1
2024,01,SUZUKI,33,Asturias,Private,ICE,REST,Standard,5
2024,01,TESLA,33,Asturias,Private,BEV,FOCUS SEGMENT,Standard,9
2024,01,TOYOTA,33,Asturias,Corporate,ICE,REST,Standard,9
2024,01,TOYOTA,33,Asturias,Corporate,PHEV,REST,Standard,2
2024,01,TOYOTA,33,Asturias,Private,BEV,REST,Standard,1
2024,01,TOYOTA,33,Asturias,Private,ICE,REST,Standard,72
2024,01,TOYOTA,33,Asturias,Private,PHEV,REST,Standard,1
2024,01,VOLKSWAGEN,33,Asturias,Corporate,BEV,REST,Standard,2
2024,01,VOLKSWAGEN,33,Asturias,Corporate,ICE,REST,Standard,13
2024,01,VOLKSWAGEN,33,Asturias,Private,ICE,REST,Standard,4
2024,01,VOLVO,33,Asturias,Corporate,BEV,FOCUS SEGMENT,Standard,5
2024,01,VOLVO,33,Asturias,Corporate,ICE,FOCUS SEGMENT,Standard,1
2024,01,VOLVO,33,Asturias,Corporate,PHEV,FOCUS SEGMENT,Standard,1
2024,01,VOLVO,33,Asturias,Private,ICE,FOCUS SEGMENT,Standard,4
2024,01,AUDI,34,Palencia,Private,BEV,FOCUS SEGMENT,Standard,1
2024,01,AUDI,34,Palencia,Private,ICE,FOCUS SEGMENT,Standard,8
2024,01,BMW,34,Palencia,Corporate,ICE,FOCUS SEGMENT,Standard,1
2024,01,BMW,34,Palencia,Private,ICE,FOCUS SEGMENT,Standard,5
2024,01,CITROEN,34,Palencia,Private,ICE,REST,Standard,5
2024,01,CUPRA,34,Palencia,Corporate,ICE,REST,Standard,1
2024,01,CUPRA,34,Palencia,Private,PHEV,REST,Standard,1
2024,01,DACIA,34,Palencia,Private,ICE,REST,Standard,8
2024,01,DS,34,Palencia,Private,PHEV,REST,Standard,1
2024,01,HYUNDAI,34,Palencia,Corporate,ICE,REST,Standard,5
2024,01,HYUNDAI,34,Palencia,Private,ICE,REST,Standard,8
2024,01,KIA,34,Palencia,Private,ICE,REST,Standard,6
2024,01,KIA,34,Palencia,Private,PHEV,REST,Standard,1
2024,01,MAZDA,34,Palencia,Private,ICE,REST,Standard,2
2024,01,MERCEDES,34,Palencia,Corporate,BEV,FOCUS SEGMENT,Standard,1
2024,01,MERCEDES,34,Palencia,Corporate,ICE,FOCUS SEGMENT,M Performance,1
2024,01,MERCEDES,34,Palencia,Corporate,ICE,FOCUS SEGMENT,Standard,5
2024,01,MERCEDES,34,Palencia,Corporate,ICE,REST,Standard,1
2024,01,MERCEDES,34,Palencia,Corporate,PHEV,FOCUS SEGMENT,Standard,2
2024,01,MERCEDES,34,Palencia,Private,ICE,FOCUS SEGMENT,Standard,3
2024,01,MERCEDES,34,Palencia,Private,PHEV,FOCUS SEGMENT,Standard,1
2024,01,MG,34,Palencia,Private,ICE,REST,Standard,5
2024,01,MINI,34,Palencia,Private,ICE,FOCUS SEGMENT,Standard,1
2024,01,NISSAN,34,Palencia,Corporate,ICE,REST,Standard,1
2024,01,NISSAN,34,Palencia,Private,ICE,REST,Standard,3
2024,01,OPEL,34,Palencia,Private,ICE,REST,Standard,1
2024,01,OPEL,34,Palencia,Private,PHEV,REST,Standard,1
2024,01,PEUGEOT,34,Palencia,Private,ICE,REST,Standard,2
2024,01,RENAULT,34,Palencia,Corporate,ICE,REST,Standard,9
2024,01,SEAT,34,Palencia,Corporate,ICE,REST,Standard,1
2024,01,SEAT,34,Palencia,Private,ICE,REST,Standard,9
2024,01,SKODA,34,Palencia,Corporate,ICE,REST,Standard,1
2024,01,SKODA,34,Palencia,Private,ICE,REST,Standard,3
2024,01,SUZUKI,34,Palencia,Private,ICE,REST,Standard,1
2024,01,TESLA,34,Palencia,Private,BEV,FOCUS SEGMENT,Standard,1
2024,01,TOYOTA,34,Palencia,Corporate,ICE,REST,Standard,3
2024,01,TOYOTA,34,Palencia,Private,ICE,REST,Standard,12
2024,01,VOLKSWAGEN,34,Palencia,Corporate,ICE,REST,Standard,1
2024,01,VOLKSWAGEN,34,Palencia,Private,ICE,REST,Standard,3
2024,01,VOLKSWAGEN,34,Palencia,Private,PHEV,REST,Standard,1
2024,01,AUDI,35,Las Palmas,Corporate,BEV,FOCUS SEGMENT,Standard,5
2024,01,AUDI,35,Las Palmas,Corporate,ICE,FOCUS SEGMENT,Standard,23
2024,01,AUDI,35,Las Palmas,Corporate,PHEV,FOCUS SEGMENT,Standard,5
2024,01,AUDI,35,Las Palmas,Private,BEV,FOCUS SEGMENT,Standard,5
2024,01,AUDI,35,Las Palmas,Private,ICE,FOCUS SEGMENT,Standard,9
2024,01,AUDI,35,Las Palmas,Private,PHEV,FOCUS SEGMENT,Standard,1
2024,01,BMW,35,Las Palmas,Corporate,BEV,FOCUS SEGMENT,Standard,3
2024,01,BMW,35,Las Palmas,Corporate,ICE,FOCUS SEGMENT,M,1
2024,01,BMW,35,Las Palmas,Corporate,ICE,FOCUS SEGMENT,Standard,15
2024,01,BMW,35,Las Palmas,Corporate,PHEV,FOCUS SEGMENT,M,1
2024,01,BMW,35,Las Palmas,Corporate,PHEV,FOCUS SEGMENT,Standard,2
2024,01,BMW,35,Las Palmas,Private,BEV,FOCUS SEGMENT,M Performance,2
2024,01,BMW,35,Las Palmas,Private,BEV,FOCUS SEGMENT,Standard,12
2024,01,BMW,35,Las Palmas,Private,ICE,FOCUS SEGMENT,Standard,10
2024,01,BMW,35,Las Palmas,Private,PHEV,FOCUS SEGMENT,Standard,3
2024,01,BYD,35,Las Palmas,Private,BEV,REST,Standard,4
2024,01,CITROEN,35,Las Palmas,Corporate,BEV,REST,Standard,4
2024,01,CITROEN,35,Las Palmas,Corporate,ICE,REST,Standard,3
2024,01,CITROEN,35,Las Palmas,Private,ICE,REST,Standard,4
2024,01,CITROEN,35,Las Palmas,RAC,ICE,REST,Standard,34
2024,01,CUPRA,35,Las Palmas,Corporate,PHEV,REST,Standard,2
2024,01,CUPRA,35,Las Palmas,Private,BEV,REST,Standard,3
2024,01,CUPRA,35,Las Palmas,Private,ICE,REST,Standard,4
2024,01,CUPRA,35,Las Palmas,Private,PHEV,REST,Standard,8
2024,01,DACIA,35,Las Palmas,Corporate,BEV,REST,Standard,3
2024,01,DACIA,35,Las Palmas,Corporate,ICE,REST,Standard,13
2024,01,DACIA,35,Las Palmas,Private,BEV,REST,Standard,1
2024,01,DACIA,35,Las Palmas,Private,ICE,REST,Standard,66
2024,01,DACIA,35,Las Palmas,RAC,ICE,REST,Standard,50
2024,01,DFSK,35,Las Palmas,Corporate,ICE,REST,Standard,1
2024,01,DFSK,35,Las Palmas,Private,ICE,,Standard,1
2024,01,DFSK,35,Las Palmas,Private,ICE,REST,Standard,1
2024,01,DR,35,Las Palmas,Corporate,ICE,,Standard,1
2024,01,DR,35,Las Palmas,Corporate,ICE,REST,Standard,2
2024,01,DR,35,Las Palmas,Private,ICE,REST,Standard,5
2024,01,DR,35,Las Palmas,RAC,ICE,REST,Standard,2
2024,01,DS,35,Las Palmas,Corporate,ICE,REST,Standard,3
2024,01,FIAT,35,Las Palmas,Corporate,BEV,REST,Standard,7
2024,01,FIAT,35,Las Palmas,Corporate,ICE,REST,Standard,6
2024,01,FIAT,35,Las Palmas,Private,ICE,,Standard,2
2024,01,FIAT,35,Las Palmas,Private,ICE,REST,Standard,5
2024,01,FORD,35,Las Palmas,Corporate,ICE,REST,Standard,5
2024,01,FORD,35,Las Palmas,Corporate,PHEV,REST,Standard,2
2024,01,FORD,35,Las Palmas,Private,BEV,REST,Standard,1
2024,01,FORD,35,Las Palmas,Private,ICE,REST,Standard,9
2024,01,FORD,35,Las Palmas,Private,PHEV,REST,Standard,5
2024,01,HONDA,35,Las Palmas,Corporate,BEV,REST,Standard,1
2024,01,HONDA,35,Las Palmas,Corporate,ICE,REST,Standard,4
2024,01,HURTAN,35,Las Palmas,RAC,ICE,REST,Standard,5
2024,01,HYUNDAI,35,Las Palmas,Corporate,BEV,REST,Standard,1
2024,01,HYUNDAI,35,Las Palmas,Corporate,ICE,REST,Standard,11
2024,01,HYUNDAI,35,Las Palmas,Corporate,PHEV,REST,Standard,2
2024,01,HYUNDAI,35,Las Palmas,Private,BEV,REST,Standard,6
2024,01,HYUNDAI,35,Las Palmas,Private,ICE,REST,Standard,73
2024,01,HYUNDAI,35,Las Palmas,Private,PHEV,REST,Standard,9
2024,01,HYUNDAI,35,Las Palmas,RAC,ICE,REST,Standard,4
2024,01,JAGUAR,35,Las Palmas,Corporate,ICE,FOCUS SEGMENT,Standard,1
2024,01,JAGUAR,35,Las Palmas,Private,PHEV,FOCUS SEGMENT,Standard,1
2024,01,JEEP,35,Las Palmas,Private,ICE,REST,Standard,3
2024,01,KIA,35,Las Palmas,Corporate,BEV,REST,Standard,1
2024,01,KIA,35,Las Palmas,Corporate,ICE,REST,Standard,6
2024,01,KIA,35,Las Palmas,Corporate,PHEV,REST,Standard,3
2024,01,KIA,35,Las Palmas,Private,BEV,REST,Standard,2
2024,01,KIA,35,Las Palmas,Private,ICE,REST,Standard,80
2024,01,KIA,35,Las Palmas,Private,PHEV,REST,Standard,6
2024,01,KIA,35,Las Palmas,RAC,ICE,REST,Standard,11
2024,01,LAND ROVER,35,Las Palmas,Corporate,PHEV,FOCUS SEGMENT,Standard,4
2024,01,LAND ROVER,35,Las Palmas,Private,PHEV,FOCUS SEGMENT,Standard,2
2024,01,LEXUS,35,Las Palmas,Corporate,BEV,FOCUS SEGMENT,Standard,1
2024,01,LEXUS,35,Las Palmas,Corporate,ICE,FOCUS SEGMENT,Standard,3
2024,01,LEXUS,35,Las Palmas,Corporate,PHEV,FOCUS SEGMENT,Standard,1
2024,01,MAZDA,35,Las Palmas,Corporate,ICE,REST,Standard,5
2024,01,MAZDA,35,Las Palmas,Corporate,PHEV,REST,Standard,2
2024,01,MAZDA,35,Las Palmas,Private,ICE,REST,Standard,9
2024,01,MAZDA,35,Las Palmas,Private,PHEV,REST,Standard,1
2024,01,MERCEDES,35,Las Palmas,Corporate,BEV,FOCUS SEGMENT,Standard,8
2024,01,MERCEDES,35,Las Palmas,Corporate,ICE,FOCUS SEGMENT,M Performance,1
2024,01,MERCEDES,35,Las Palmas,Corporate,ICE,FOCUS SEGMENT,Standard,17
2024,01,MERCEDES,35,Las Palmas,Corporate,ICE,REST,Standard,5
2024,01,MERCEDES,35,Las Palmas,Corporate,PHEV,FOCUS SEGMENT,Standard,7
2024,01,MERCEDES,35,Las Palmas,Private,BEV,FOCUS SEGMENT,Standard,2
2024,01,MERCEDES,35,Las Palmas,Private,ICE,FOCUS SEGMENT,Standard,5
2024,01,MERCEDES,35,Las Palmas,Private,PHEV,FOCUS SEGMENT,Standard,3
2024,01,MERCEDES,35,Las Palmas,RAC,BEV,FOCUS SEGMENT,Standard,1
2024,01,MERCEDES,35,Las Palmas,RAC,PHEV,FOCUS SEGMENT,Standard,1
2024,01,MG,35,Las Palmas,Corporate,BEV,REST,Standard,1
2024,01,MG,35,Las Palmas,Private,BEV,REST,Standard,4
2024,01,MG,35,Las Palmas,Private,ICE,REST,Standard,10
2024,01,MINI,35,Las Palmas,Private,ICE,FOCUS SEGMENT,JCW,1
2024,01,MINI,35,Las Palmas,Private,ICE,FOCUS SEGMENT,Standard,5
2024,01,MINI,35,Las Palmas,Private,PHEV,FOCUS SEGMENT,Standard,1
2024,01,MITSUBISHI,35,Las Palmas,Corporate,ICE,REST,Standard,1
2024,01,MITSUBISHI,35,Las Palmas,Private,ICE,REST,Standard,7
2024,01,MITSUBISHI,35,Las Palmas,Private,PHEV,REST,Standard,1
2024,01,NISSAN,35,Las Palmas,Corporate,BEV,REST,Standard,1
2024,01,NISSAN,35,Las Palmas,Corporate,ICE,REST,Standard,12
2024,01,NISSAN,35,Las Palmas,Private,ICE,REST,Standard,27
2024,01,NISSAN,35,Las Palmas,RAC,ICE,REST,Standard,1
2024,01,OMODA,35,Las Palmas,Corporate,ICE,REST,Standard,1
2024,01,OMODA,35,Las Palmas,Private,ICE,REST,Standard,4
2024,01,OPEL,35,Las Palmas,Corporate,ICE,REST,Standard,16
2024,01,OPEL,35,Las Palmas,Corporate,PHEV,REST,Standard,1
2024,01,OPEL,35,Las Palmas,Private,BEV,REST,Standard,5
2024,01,OPEL,35,Las Palmas,Private,ICE,REST,Standard,28
2024,01,OPEL,35,Las Palmas,RAC,ICE,REST,Standard,5
2024,01,PEUGEOT,35,Las Palmas,Corporate,BEV,REST,Standard,1
2024,01,PEUGEOT,35,Las Palmas,Corporate,ICE,REST,Standard,11
2024,01,PEUGEOT,35,Las Palmas,Corporate,PHEV,REST,Standard,2
2024,01,PEUGEOT,35,Las Palmas,Private,BEV,REST,Standard,2
2024,01,PEUGEOT,35,Las Palmas,Private,ICE,REST,Standard,22
2024,01,PEUGEOT,35,Las Palmas,Private,PHEV,REST,Standard,3
2024,01,PORSCHE,35,Las Palmas,Corporate,ICE,FOCUS SEGMENT,Standard,3
2024,01,PORSCHE,35,Las Palmas,Corporate,PHEV,FOCUS SEGMENT,Standard,3
2024,01,PORSCHE,35,Las Palmas,Private,ICE,FOCUS SEGMENT,M,1
2024,01,PORSCHE,35,Las Palmas,Private,ICE,FOCUS SEGMENT,M Performance,1
2024,01,PORSCHE,35,Las Palmas,Private,PHEV,FOCUS SEGMENT,M,1
2024,01,PORSCHE,35,Las Palmas,Private,PHEV,FOCUS SEGMENT,Standard,1
2024,01,RENAULT,35,Las Palmas,Corporate,ICE,REST,Standard,47
2024,01,RENAULT,35,Las Palmas,Private,ICE,REST,Standard,39
2024,01,RENAULT,35,Las Palmas,RAC,ICE,REST,Standard,2
2024,01,SEAT,35,Las Palmas,Corporate,ICE,REST,Standard,53
2024,01,SEAT,35,Las Palmas,Corporate,PHEV,REST,Standard,1
2024,01,SEAT,35,Las Palmas,Private,ICE,REST,Standard,66
2024,01,SEAT,35,Las Palmas,RAC,ICE,REST,Standard,31
2024,01,SKODA,35,Las Palmas,Corporate,ICE,REST,Standard,6
2024,01,SKODA,35,Las Palmas,Private,BEV,REST,Standard,1
2024,01,SKODA,35,Las Palmas,Private,ICE,REST,Standard,45
2024,01,SKODA,35,Las Palmas,RAC,ICE,REST,Standard,15
2024,01,SMART,35,Las Palmas,Corporate,BEV,REST,Standard,1
2024,01,SSANGYONG,35,Las Palmas,Private,ICE,REST,Standard,3
2024,01,SUZUKI,35,Las Palmas,Corporate,ICE,REST,Standard,2
2024,01,SUZUKI,35,Las Palmas,Private,ICE,REST,Standard,3
2024,01,SUZUKI,35,Las Palmas,RAC,ICE,REST,Standard,3
2024,01,TESLA,35,Las Palmas,Corporate,BEV,FOCUS SEGMENT,Standard,2
2024,01,TESLA,35,Las Palmas,Private,BEV,FOCUS SEGMENT,Standard,1
2024,01,TOYOTA,35,Las Palmas,Corporate,ICE,REST,Standard,79
2024,01,TOYOTA,35,Las Palmas,Private,ICE,REST,Standard,198
2024,01,TOYOTA,35,Las Palmas,Private,PHEV,REST,Standard,1
2024,01,TOYOTA,35,Las Palmas,RAC,ICE,REST,Standard,27
2024,01,VOLKSWAGEN,35,Las Palmas,Corporate,BEV,REST,Standard,2
2024,01,VOLKSWAGEN,35,Las Palmas,Corporate,ICE,REST,Standard,26
2024,01,VOLKSWAGEN,35,Las Palmas,Private,BEV,REST,Standard,3
2024,01,VOLKSWAGEN,35,Las Palmas,Private,ICE,REST,Standard,76
2024,01,VOLKSWAGEN,35,Las Palmas,RAC,ICE,REST,Standard,230
2024,01,VOLVO,35,Las Palmas,Corporate,BEV,FOCUS SEGMENT,Standard,7
2024,01,VOLVO,35,Las Palmas,Corporate,PHEV,FOCUS SEGMENT,Standard,2
2024,01,VOLVO,35,Las Palmas,Private,BEV,FOCUS SEGMENT,Standard,22
2024,01,VOLVO,35,Las Palmas,Private,ICE,FOCUS SEGMENT,Standard,1
2024,01,VOLVO,35,Las Palmas,Private,PHEV,FOCUS SEGMENT,Standard,3
2024,01,ALFA ROMEO,36,Pontevedra,Private,ICE,REST,Standard,1
2024,01,AUDI,36,Pontevedra,Corporate,ICE,FOCUS SEGMENT,Standard,6
2024,01,AUDI,36,Pontevedra,Private,ICE,FOCUS SEGMENT,Standard,12
2024,01,AUDI,36,Pontevedra,Private,PHEV,FOCUS SEGMENT,Standard,4
2024,01,BMW,36,Pontevedra,Corporate,BEV,FOCUS SEGMENT,Standard,2
2024,01,BMW,36,Pontevedra,Corporate,ICE,FOCUS SEGMENT,Standard,4
2024,01,BMW,36,Pontevedra,Corporate,PHEV,FOCUS SEGMENT,Standard,1
2024,01,BMW,36,Pontevedra,Private,BEV,FOCUS SEGMENT,Standard,1
2024,01,BMW,36,Pontevedra,Private,ICE,FOCUS SEGMENT,Standard,27
2024,01,BMW,36,Pontevedra,Private,PHEV,FOCUS SEGMENT,M Performance,1
2024,01,BMW,36,Pontevedra,Private,PHEV,FOCUS SEGMENT,Standard,2
2024,01,CITROEN,36,Pontevedra,Corporate,ICE,REST,Standard,4
2024,01,CITROEN,36,Pontevedra,Private,ICE,REST,Standard,35
2024,01,CUPRA,36,Pontevedra,Corporate,ICE,REST,Standard,1
2024,01,CUPRA,36,Pontevedra,Corporate,PHEV,REST,Standard,3
2024,01,CUPRA,36,Pontevedra,Private,ICE,REST,Standard,2
2024,01,DACIA,36,Pontevedra,Corporate,ICE,REST,Standard,4
2024,01,DACIA,36,Pontevedra,Private,ICE,REST,Standard,64
2024,01,DS,36,Pontevedra,Corporate,ICE,REST,Standard,1
2024,01,DS,36,Pontevedra,Private,PHEV,REST,Standard,1
2024,01,FIAT,36,Pontevedra,Private,ICE,REST,Standard,4
2024,01,FORD,36,Pontevedra,Corporate,PHEV,REST,Standard,1
2024,01,FORD,36,Pontevedra,Private,ICE,REST,Standard,8
2024,01,HONDA,36,Pontevedra,Corporate,ICE,REST,Standard,1
2024,01,HONDA,36,Pontevedra,Private,ICE,REST,Standard,2
2024,01,HYUNDAI,36,Pontevedra,Corporate,BEV,REST,Standard,1
2024,01,HYUNDAI,36,Pontevedra,Corporate,ICE,REST,Standard,16
2024,01,HYUNDAI,36,Pontevedra,Corporate,PHEV,REST,Standard,1
2024,01,HYUNDAI,36,Pontevedra,Private,ICE,REST,Standard,40
2024,01,HYUNDAI,36,Pontevedra,Private,PHEV,REST,Standard,2
2024,01,JEEP,36,Pontevedra,Private,ICE,REST,Standard,3
2024,01,KIA,36,Pontevedra,Corporate,ICE,REST,Standard,2
2024,01,KIA,36,Pontevedra,Private,BEV,REST,Standard,2
2024,01,KIA,36,Pontevedra,Private,ICE,,Standard,1
2024,01,KIA,36,Pontevedra,Private,ICE,REST,Standard,41
2024,01,KIA,36,Pontevedra,Private,PHEV,REST,Standard,3
2024,01,LAMBORGHINI,36,Pontevedra,Private,ICE,FOCUS SEGMENT,Standard,1
2024,01,LEXUS,36,Pontevedra,Corporate,ICE,FOCUS SEGMENT,Standard,2
2024,01,LEXUS,36,Pontevedra,Corporate,PHEV,FOCUS SEGMENT,Standard,1
2024,01,MAZDA,36,Pontevedra,Corporate,ICE,REST,Standard,3
2024,01,MAZDA,36,Pontevedra,Private,ICE,REST,Standard,16
2024,01,MERCEDES,36,Pontevedra,Corporate,ICE,FOCUS SEGMENT,Standard,11
2024,01,MERCEDES,36,Pontevedra,Corporate,ICE,REST,Standard,3
2024,01,MERCEDES,36,Pontevedra,Corporate,PHEV,FOCUS SEGMENT,Standard,2
2024,01,MERCEDES,36,Pontevedra,Private,BEV,FOCUS SEGMENT,Standard,2
2024,01,MERCEDES,36,Pontevedra,Private,ICE,FOCUS SEGMENT,Standard,8
2024,01,MERCEDES,36,Pontevedra,Private,ICE,REST,Standard,1
2024,01,MERCEDES,36,Pontevedra,Private,PHEV,FOCUS SEGMENT,Standard,2
2024,01,MG,36,Pontevedra,Corporate,BEV,REST,Standard,1
2024,01,MG,36,Pontevedra,Corporate,ICE,REST,Standard,2
2024,01,MG,36,Pontevedra,Private,BEV,REST,Standard,7
2024,01,MG,36,Pontevedra,Private,ICE,REST,Standard,22
2024,01,MINI,36,Pontevedra,Corporate,ICE,FOCUS SEGMENT,Standard,1
2024,01,MINI,36,Pontevedra,Private,ICE,FOCUS SEGMENT,Standard,8
2024,01,MITSUBISHI,36,Pontevedra,Corporate,ICE,REST,Standard,1
2024,01,MITSUBISHI,36,Pontevedra,Private,ICE,REST,Standard,1
2024,01,NISSAN,36,Pontevedra,Corporate,BEV,REST,Standard,2
2024,01,NISSAN,36,Pontevedra,Corporate,ICE,REST,Standard,2
2024,01,NISSAN,36,Pontevedra,Private,ICE,REST,Standard,22
2024,01,OPEL,36,Pontevedra,Private,ICE,REST,Standard,7
2024,01,PEUGEOT,36,Pontevedra,Corporate,PHEV,REST,Standard,1
2024,01,PEUGEOT,36,Pontevedra,Private,BEV,REST,Standard,1
2024,01,PEUGEOT,36,Pontevedra,Private,ICE,REST,Standard,34
2024,01,PEUGEOT,36,Pontevedra,Private,PHEV,REST,Standard,3
2024,01,PORSCHE,36,Pontevedra,Corporate,ICE,FOCUS SEGMENT,M Performance,1
2024,01,PORSCHE,36,Pontevedra,Corporate,ICE,FOCUS SEGMENT,Standard,2
2024,01,PORSCHE,36,Pontevedra,Corporate,PHEV,FOCUS SEGMENT,Standard,4
2024,01,PORSCHE,36,Pontevedra,Private,ICE,FOCUS SEGMENT,M,1
2024,01,PORSCHE,36,Pontevedra,Private,ICE,FOCUS SEGMENT,M Performance,1
2024,01,PORSCHE,36,Pontevedra,Private,PHEV,FOCUS SEGMENT,Standard,1
2024,01,PORSCHE,36,Pontevedra,RAC,ICE,FOCUS SEGMENT,Standard,3
2024,01,RENAULT,36,Pontevedra,Corporate,ICE,REST,Standard,8
2024,01,RENAULT,36,Pontevedra,Private,ICE,REST,Standard,49
2024,01,SEAT,36,Pontevedra,Corporate,ICE,REST,Standard,6
2024,01,SEAT,36,Pontevedra,Private,ICE,REST,Standard,40
2024,01,SKODA,36,Pontevedra,Corporate,ICE,REST,Standard,7
2024,01,SKODA,36,Pontevedra,Private,ICE,REST,Standard,16
2024,01,SMART,36,Pontevedra,Corporate,BEV,REST,Standard,1
2024,01,SUBARU,36,Pontevedra,Private,ICE,REST,Standard,1
2024,01,SUZUKI,36,Pontevedra,Private,ICE,REST,Standard,5
2024,01,TESLA,36,Pontevedra,Corporate,BEV,FOCUS SEGMENT,Standard,2
2024,01,TESLA,36,Pontevedra,Private,BEV,FOCUS SEGMENT,Standard,2
2024,01,TOYOTA,36,Pontevedra,Corporate,ICE,REST,Standard,8
2024,01,TOYOTA,36,Pontevedra,Private,ICE,REST,Standard,43
2024,01,TRIPOD,36,Pontevedra,Private,ICE,REST,Standard,1
2024,01,VOLKSWAGEN,36,Pontevedra,Corporate,BEV,REST,Standard,1
2024,01,VOLKSWAGEN,36,Pontevedra,Corporate,ICE,REST,Standard,6
2024,01,VOLKSWAGEN,36,Pontevedra,Private,ICE,REST,Standard,10
2024,01,VOLVO,36,Pontevedra,Corporate,BEV,FOCUS SEGMENT,Standard,2
2024,01,VOLVO,36,Pontevedra,Corporate,ICE,FOCUS SEGMENT,Standard,1
2024,01,VOLVO,36,Pontevedra,Private,BEV,FOCUS SEGMENT,Standard,1
2024,01,VOLVO,36,Pontevedra,Private,ICE,FOCUS SEGMENT,Standard,2
2024,01,AUDI,37,Salamanca,Corporate,ICE,FOCUS SEGMENT,Standard,3
2024,01,AUDI,37,Salamanca,Corporate,PHEV,FOCUS SEGMENT,Standard,1
2024,01,AUDI,37,Salamanca,Private,ICE,FOCUS SEGMENT,Standard,4
2024,01,BMW,37,Salamanca,Corporate,ICE,FOCUS SEGMENT,Standard,3
2024,01,BMW,37,Salamanca,Private,ICE,FOCUS SEGMENT,Standard,4
2024,01,CITROEN,37,Salamanca,Corporate,ICE,REST,Standard,7
2024,01,CITROEN,37,Salamanca,Private,BEV,REST,Standard,2
2024,01,CITROEN,37,Salamanca,Private,ICE,REST,Standard,13
2024,01,CITROEN,37,Salamanca,Private,PHEV,REST,Standard,1
2024,01,CUPRA,37,Salamanca,Corporate,ICE,REST,Standard,2
2024,01,CUPRA,37,Salamanca,Corporate,PHEV,REST,Standard,2
2024,01,DACIA,37,Salamanca,Corporate,BEV,REST,Standard,1
2024,01,DACIA,37,Salamanca,Private,ICE,REST,Standard,16
2024,01,FIAT,37,Salamanca,Private,ICE,,Standard,1
2024,01,FORD,37,Salamanca,Private,ICE,REST,Standard,3
2024,01,FORD,37,Salamanca,Private,PHEV,REST,Standard,1
2024,01,HONDA,37,Salamanca,Corporate,ICE,REST,Standard,1
2024,01,HONDA,37,Salamanca,Private,ICE,REST,Standard,3
2024,01,HYUNDAI,37,Salamanca,Corporate,ICE,REST,Standard,7
2024,01,HYUNDAI,37,Salamanca,Private,BEV,REST,Standard,1
2024,01,HYUNDAI,37,Salamanca,Private,ICE,REST,Standard,17
2024,01,KIA,37,Salamanca,Corporate,ICE,REST,Standard,4
2024,01,KIA,37,Salamanca,Corporate,PHEV,REST,Standard,1
2024,01,KIA,37,Salamanca,Private,BEV,REST,Standard,1
2024,01,KIA,37,Salamanca,Private,ICE,REST,Standard,17
2024,01,LAND ROVER,37,Salamanca,Private,PHEV,FOCUS SEGMENT,Standard,1
2024,01,LEXUS,37,Salamanca,Private,ICE,FOCUS SEGMENT,Standard,1
2024,01,MAZDA,37,Salamanca,Corporate,ICE,REST,Standard,1
2024,01,MAZDA,37,Salamanca,Private,ICE,REST,Standard,8
2024,01,MERCEDES,37,Salamanca,Corporate,ICE,FOCUS SEGMENT,M,1
2024,01,MERCEDES,37,Salamanca,Corporate,ICE,FOCUS SEGMENT,Standard,1
2024,01,MERCEDES,37,Salamanca,Corporate,PHEV,FOCUS SEGMENT,Standard,1
2024,01,MERCEDES,37,Salamanca,Private,BEV,FOCUS SEGMENT,Standard,2
2024,01,MERCEDES,37,Salamanca,Private,ICE,FOCUS SEGMENT,Standard,5
2024,01,MERCEDES,37,Salamanca,Private,ICE,REST,Standard,1
2024,01,MG,37,Salamanca,Corporate,ICE,REST,Standard,1
2024,01,MG,37,Salamanca,Corporate,PHEV,REST,Standard,1
2024,01,MG,37,Salamanca,Private,ICE,REST,Standard,4
2024,01,MINI,37,Salamanca,Private,ICE,FOCUS SEGMENT,Standard,1
2024,01,MITSUBISHI,37,Salamanca,Private,ICE,REST,Standard,1
2024,01,NISSAN,37,Salamanca,Corporate,ICE,REST,Standard,3
2024,01,NISSAN,37,Salamanca,Private,ICE,REST,Standard,2
2024,01,OPEL,37,Salamanca,Private,ICE,REST,Standard,1
2024,01,PEUGEOT,37,Salamanca,Corporate,BEV,REST,Standard,1
2024,01,PEUGEOT,37,Salamanca,Private,ICE,REST,Standard,9
2024,01,PEUGEOT,37,Salamanca,Private,PHEV,REST,Standard,2
2024,01,PORSCHE,37,Salamanca,Private,ICE,FOCUS SEGMENT,Standard,1
2024,01,RENAULT,37,Salamanca,Corporate,ICE,REST,Standard,1
2024,01,RENAULT,37,Salamanca,Private,ICE,REST,Standard,10
2024,01,SEAT,37,Salamanca,Corporate,ICE,REST,Standard,3
2024,01,SEAT,37,Salamanca,Private,ICE,REST,Standard,13
2024,01,SKODA,37,Salamanca,Private,ICE,REST,Standard,2
2024,01,SSANGYONG,37,Salamanca,Private,ICE,REST,Standard,1
2024,01,SUZUKI,37,Salamanca,Private,ICE,REST,Standard,1
2024,01,TOYOTA,37,Salamanca,Corporate,ICE,REST,Standard,7
2024,01,TOYOTA,37,Salamanca,Private,ICE,REST,Standard,26
2024,01,VOLKSWAGEN,37,Salamanca,Corporate,BEV,REST,Standard,1
2024,01,VOLKSWAGEN,37,Salamanca,Corporate,ICE,REST,Standard,2
2024,01,VOLKSWAGEN,37,Salamanca,Private,ICE,REST,Standard,3
2024,01,VOLVO,37,Salamanca,Corporate,BEV,FOCUS SEGMENT,Standard,1
2024,01,VOLVO,37,Salamanca,Corporate,ICE,FOCUS SEGMENT,Standard,2
2024,01,VOLVO,37,Salamanca,Private,ICE,FOCUS SEGMENT,Standard,3
2024,01,ABARTH,38,S.C. Tenerife,Private,BEV,REST,Standard,1
2024,01,AUDI,38,S.C. Tenerife,Corporate,BEV,FOCUS SEGMENT,Standard,2
2024,01,AUDI,38,S.C. Tenerife,Corporate,ICE,FOCUS SEGMENT,Standard,7
2024,01,AUDI,38,S.C. Tenerife,Corporate,PHEV,FOCUS SEGMENT,Standard,1
2024,01,AUDI,38,S.C. Tenerife,Private,BEV,FOCUS SEGMENT,Standard,8
2024,01,AUDI,38,S.C. Tenerife,Private,ICE,FOCUS SEGMENT,M,2
2024,01,AUDI,38,S.C. Tenerife,Private,ICE,FOCUS SEGMENT,M Performance,1
2024,01,AUDI,38,S.C. Tenerife,Private,ICE,FOCUS SEGMENT,Standard,9
2024,01,AUDI,38,S.C. Tenerife,Private,PHEV,FOCUS SEGMENT,Standard,2
2024,01,AUDI,38,S.C. Tenerife,RAC,ICE,FOCUS SEGMENT,Standard,2
2024,01,BMW,38,S.C. Tenerife,Corporate,BEV,FOCUS SEGMENT,Standard,3
2024,01,BMW,38,S.C. Tenerife,Corporate,ICE,FOCUS SEGMENT,M,1
2024,01,BMW,38,S.C. Tenerife,Corporate,ICE,FOCUS SEGMENT,Standard,12
2024,01,BMW,38,S.C. Tenerife,Corporate,PHEV,FOCUS SEGMENT,Standard,3
2024,01,BMW,38,S.C. Tenerife,Private,BEV,FOCUS SEGMENT,Standard,4
2024,01,BMW,38,S.C. Tenerife,Private,ICE,FOCUS SEGMENT,Standard,11
2024,01,BMW,38,S.C. Tenerife,Private,PHEV,FOCUS SEGMENT,Standard,18
2024,01,BYD,38,S.C. Tenerife,Corporate,BEV,REST,Standard,1
2024,01,BYD,38,S.C. Tenerife,Private,BEV,REST,Standard,2
2024,01,CITROEN,38,S.C. Tenerife,Corporate,ICE,REST,Standard,2
2024,01,CITROEN,38,S.C. Tenerife,Private,BEV,REST,Standard,1
2024,01,CITROEN,38,S.C. Tenerife,Private,ICE,REST,Standard,3
2024,01,CUPRA,38,S.C. Tenerife,Corporate,ICE,REST,Standard,1
2024,01,CUPRA,38,S.C. Tenerife,Corporate,PHEV,REST,Standard,2
2024,01,CUPRA,38,S.C. Tenerife,Private,ICE,REST,Standard,2
2024,01,CUPRA,38,S.C. Tenerife,Private,PHEV,REST,Standard,3
2024,01,DACIA,38,S.C. Tenerife,Corporate,ICE,REST,Standard,9
2024,01,DACIA,38,S.C. Tenerife,Private,BEV,REST,Standard,1
2024,01,DACIA,38,S.C. Tenerife,Private,ICE,REST,Standard,101
2024,01,DACIA,38,S.C. Tenerife,RAC,ICE,REST,Standard,2
2024,01,DS,38,S.C. Tenerife,Private,ICE,REST,Standard,1
2024,01,FIAT,38,S.C. Tenerife,Corporate,ICE,REST,Standard,3
2024,01,FIAT,38,S.C. Tenerife,Private,BEV,REST,Standard,1
2024,01,FIAT,38,S.C. Tenerife,Private,ICE,,Standard,1
2024,01,FIAT,38,S.C. Tenerife,Private,ICE,REST,Standard,19
2024,01,FIAT,38,S.C. Tenerife,RAC,ICE,REST,Standard,8
2024,01,FORD,38,S.C. Tenerife,Corporate,ICE,REST,Standard,2
2024,01,FORD,38,S.C. Tenerife,Corporate,PHEV,REST,Standard,1
2024,01,FORD,38,S.C. Tenerife,Private,BEV,REST,Standard,3
2024,01,FORD,38,S.C. Tenerife,Private,ICE,REST,Standard,21
2024,01,FORD,38,S.C. Tenerife,Private,PHEV,REST,Standard,5
2024,01,HONDA,38,S.C. Tenerife,Corporate,BEV,REST,Standard,1
2024,01,HONDA,38,S.C. Tenerife,Corporate,ICE,REST,Standard,2
2024,01,HONDA,38,S.C. Tenerife,Private,ICE,REST,Standard,1
2024,01,HYUNDAI,38,S.C. Tenerife,Corporate,ICE,REST,Standard,3
2024,01,HYUNDAI,38,S.C. Tenerife,Private,BEV,REST,Standard,3
2024,01,HYUNDAI,38,S.C. Tenerife,Private,ICE,REST,Standard,73
2024,01,HYUNDAI,38,S.C. Tenerife,Private,PHEV,REST,Standard,10
2024,01,HYUNDAI,38,S.C. Tenerife,RAC,ICE,REST,Standard,6
2024,01,JAGUAR,38,S.C. Tenerife,Corporate,BEV,FOCUS SEGMENT,Standard,1
2024,01,JAGUAR,38,S.C. Tenerife,Corporate,ICE,FOCUS SEGMENT,Standard,1
2024,01,JEEP,38,S.C. Tenerife,Private,ICE,REST,Standard,2
2024,01,KIA,38,S.C. Tenerife,Corporate,BEV,REST,Standard,2
2024,01,KIA,38,S.C. Tenerife,Corporate,ICE,REST,Standard,5
2024,01,KIA,38,S.C. Tenerife,Private,BEV,REST,Standard,3
2024,01,KIA,38,S.C. Tenerife,Private,ICE,,Standard,1
2024,01,KIA,38,S.C. Tenerife,Private,ICE,REST,Standard,99
2024,01,KIA,38,S.C. Tenerife,Private,PHEV,REST,Standard,4
2024,01,LAND ROVER,38,S.C. Tenerife,Corporate,PHEV,FOCUS SEGMENT,Standard,2
2024,01,LAND ROVER,38,S.C. Tenerife,Private,PHEV,FOCUS SEGMENT,Standard,3
2024,01,LEXUS,38,S.C. Tenerife,Private,ICE,FOCUS SEGMENT,Standard,4
2024,01,LEXUS,38,S.C. Tenerife,Private,PHEV,FOCUS SEGMENT,Standard,2
2024,01,MAZDA,38,S.C. Tenerife,Corporate,ICE,REST,Standard,2
2024,01,MAZDA,38,S.C. Tenerife,Private,ICE,REST,Standard,12
2024,01,MERCEDES,38,S.C. Tenerife,Corporate,BEV,FOCUS SEGMENT,M Performance,1
2024,01,MERCEDES,38,S.C. Tenerife,Corporate,BEV,FOCUS SEGMENT,Standard,1
2024,01,MERCEDES,38,S.C. Tenerife,Corporate,ICE,FOCUS SEGMENT,Standard,6
2024,01,MERCEDES,38,S.C. Tenerife,Corporate,ICE,REST,Standard,4
2024,01,MERCEDES,38,S.C. Tenerife,Corporate,PHEV,FOCUS SEGMENT,Standard,3
2024,01,MERCEDES,38,S.C. Tenerife,Private,BEV,FOCUS SEGMENT,M Performance,1
2024,01,MERCEDES,38,S.C. Tenerife,Private,BEV,FOCUS SEGMENT,Standard,4
2024,01,MERCEDES,38,S.C. Tenerife,Private,ICE,FOCUS SEGMENT,Standard,5
2024,01,MERCEDES,38,S.C. Tenerife,Private,PHEV,FOCUS SEGMENT,Standard,7
2024,01,MG,38,S.C. Tenerife,Corporate,ICE,REST,Standard,2
2024,01,MG,38,S.C. Tenerife,Private,BEV,REST,Standard,1
2024,01,MG,38,S.C. Tenerife,Private,ICE,REST,Standard,12
2024,01,MINI,38,S.C. Tenerife,Corporate,ICE,FOCUS SEGMENT,Standard,2
2024,01,MINI,38,S.C. Tenerife,Corporate,PHEV,FOCUS SEGMENT,Standard,2
2024,01,MINI,38,S.C. Tenerife,Private,ICE,FOCUS SEGMENT,Standard,4
2024,01,MINI,38,S.C. Tenerife,Private,PHEV,FOCUS SEGMENT,Standard,1
2024,01,MITSUBISHI,38,S.C. Tenerife,Private,ICE,REST,Standard,5
2024,01,NISSAN,38,S.C. Tenerife,Corporate,ICE,REST,Standard,2
2024,01,NISSAN,38,S.C. Tenerife,Private,BEV,REST,Standard,1
2024,01,NISSAN,38,S.C. Tenerife,Private,ICE,REST,Standard,36
2024,01,NISSAN,38,S.C. Tenerife,RAC,ICE,REST,Standard,2
2024,01,OPEL,38,S.C. Tenerife,Corporate,BEV,REST,Standard,2
2024,01,OPEL,38,S.C. Tenerife,Corporate,ICE,REST,Standard,3
2024,01,OPEL,38,S.C. Tenerife,Private,ICE,REST,Standard,48
2024,01,PEUGEOT,38,S.C. Tenerife,Corporate,BEV,REST,Standard,1
2024,01,PEUGEOT,38,S.C. Tenerife,Corporate,ICE,REST,Standard,38
2024,01,PEUGEOT,38,S.C. Tenerife,Corporate,PHEV,REST,Standard,1
2024,01,PEUGEOT,38,S.C. Tenerife,Private,BEV,REST,Standard,4
2024,01,PEUGEOT,38,S.C. Tenerife,Private,ICE,REST,Standard,34
2024,01,PEUGEOT,38,S.C. Tenerife,Private,PHEV,REST,Standard,3
2024,01,PORSCHE,38,S.C. Tenerife,Corporate,ICE,FOCUS SEGMENT,Standard,1
2024,01,PORSCHE,38,S.C. Tenerife,Private,PHEV,FOCUS SEGMENT,Standard,1
2024,01,RENAULT,38,S.C. Tenerife,Corporate,ICE,REST,Standard,14
2024,01,RENAULT,38,S.C. Tenerife,Corporate,PHEV,REST,Standard,2
2024,01,RENAULT,38,S.C. Tenerife,Private,ICE,REST,Standard,62
2024,01,SEAT,38,S.C. Tenerife,Corporate,ICE,REST,Standard,25
2024,01,SEAT,38,S.C. Tenerife,Private,ICE,REST,Standard,86
2024,01,SEAT,38,S.C. Tenerife,RAC,ICE,REST,Standard,3
2024,01,SKODA,38,S.C. Tenerife,Corporate,ICE,REST,Standard,6
2024,01,SKODA,38,S.C. Tenerife,Private,BEV,REST,Standard,2
2024,01,SKODA,38,S.C. Tenerife,Private,ICE,REST,Standard,35
2024,01,SUZUKI,38,S.C. Tenerife,Corporate,ICE,REST,Standard,2
2024,01,SUZUKI,38,S.C. Tenerife,Private,ICE,REST,Standard,13
2024,01,TESLA,38,S.C. Tenerife,Private,BEV,FOCUS SEGMENT,Standard,4
2024,01,TOYOTA,38,S.C. Tenerife,Corporate,ICE,REST,Standard,36
2024,01,TOYOTA,38,S.C. Tenerife,Corporate,PHEV,REST,Standard,1
2024,01,TOYOTA,38,S.C. Tenerife,Private,ICE,REST,Standard,178
2024,01,TOYOTA,38,S.C. Tenerife,Private,PHEV,REST,Standard,1
2024,01,TOYOTA,38,S.C. Tenerife,RAC,ICE,REST,Standard,30
2024,01,VOLKSWAGEN,38,S.C. Tenerife,Corporate,BEV,REST,Standard,4
2024,01,VOLKSWAGEN,38,S.C. Tenerife,Corporate,ICE,REST,Standard,13
2024,01,VOLKSWAGEN,38,S.C. Tenerife,Private,BEV,REST,Standard,6
2024,01,VOLKSWAGEN,38,S.C. Tenerife,Private,ICE,REST,Standard,93
2024,01,VOLKSWAGEN,38,S.C. Tenerife,Private,PHEV,REST,Standard,3
2024,01,VOLKSWAGEN,38,S.C. Tenerife,RAC,ICE,REST,Standard,41
2024,01,VOLVO,38,S.C. Tenerife,Corporate,PHEV,FOCUS SEGMENT,Standard,1
2024,01,VOLVO,38,S.C. Tenerife,Private,BEV,FOCUS SEGMENT,Standard,9
2024,01,ALFA ROMEO,39,Cantabria,Private,ICE,REST,Standard,1
2024,01,AUDI,39,Cantabria,Corporate,ICE,FOCUS SEGMENT,Standard,4
2024,01,AUDI,39,Cantabria,Private,ICE,FOCUS SEGMENT,M Performance,1
2024,01,AUDI,39,Cantabria,Private,ICE,FOCUS SEGMENT,Standard,6
2024,01,AUDI,39,Cantabria,Private,PHEV,FOCUS SEGMENT,Standard,1
2024,01,BMW,39,Cantabria,Corporate,BEV,FOCUS SEGMENT,Standard,1
2024,01,BMW,39,Cantabria,Corporate,ICE,FOCUS SEGMENT,M,1
2024,01,BMW,39,Cantabria,Corporate,ICE,FOCUS SEGMENT,M Performance,1
2024,01,BMW,39,Cantabria,Corporate,ICE,FOCUS SEGMENT,Standard,2
2024,01,BMW,39,Cantabria,Private,ICE,FOCUS SEGMENT,M,1
2024,01,BMW,39,Cantabria,Private,ICE,FOCUS SEGMENT,M Performance,1
2024,01,BMW,39,Cantabria,Private,ICE,FOCUS SEGMENT,Standard,10
2024,01,CITROEN,39,Cantabria,Corporate,BEV,REST,Standard,1
2024,01,CITROEN,39,Cantabria,Corporate,ICE,REST,Standard,15
2024,01,CITROEN,39,Cantabria,Private,BEV,REST,Standard,2
2024,01,CITROEN,39,Cantabria,Private,ICE,REST,Standard,18
2024,01,CUPRA,39,Cantabria,Corporate,PHEV,REST,Standard,1
2024,01,CUPRA,39,Cantabria,Private,BEV,REST,Standard,1
2024,01,CUPRA,39,Cantabria,Private,ICE,REST,Standard,4
2024,01,DACIA,39,Cantabria,Private,ICE,REST,Standard,38
2024,01,DS,39,Cantabria,Private,ICE,REST,Standard,2
2024,01,FIAT,39,Cantabria,Private,ICE,,Standard,1
2024,01,FIAT,39,Cantabria,Private,ICE,REST,Standard,1
2024,01,FORD,39,Cantabria,Private,ICE,REST,Standard,11
2024,01,FORD,39,Cantabria,Private,PHEV,REST,Standard,2
2024,01,HONDA,39,Cantabria,Corporate,ICE,REST,Standard,1
2024,01,HONDA,39,Cantabria,Private,ICE,REST,Standard,3
2024,01,HYUNDAI,39,Cantabria,Corporate,ICE,REST,Standard,1
2024,01,HYUNDAI,39,Cantabria,Private,BEV,REST,Standard,1
2024,01,HYUNDAI,39,Cantabria,Private,ICE,REST,Standard,26
2024,01,HYUNDAI,39,Cantabria,Private,PHEV,REST,Standard,3
2024,01,JEEP,39,Cantabria,Private,ICE,REST,Standard,4
2024,01,JEEP,39,Cantabria,Private,PHEV,REST,Standard,1
2024,01,KIA,39,Cantabria,Corporate,BEV,REST,Standard,1
2024,01,KIA,39,Cantabria,Corporate,ICE,REST,Standard,19
2024,01,KIA,39,Cantabria,Corporate,PHEV,REST,Standard,2
2024,01,KIA,39,Cantabria,Private,BEV,REST,Standard,1
2024,01,KIA,39,Cantabria,Private,ICE,REST,Standard,39
2024,01,LEXUS,39,Cantabria,Corporate,ICE,FOCUS SEGMENT,Standard,2
2024,01,LEXUS,39,Cantabria,Corporate,PHEV,FOCUS SEGMENT,Standard,1
2024,01,LEXUS,39,Cantabria,Private,ICE,FOCUS SEGMENT,Standard,3
2024,01,LOTUS,39,Cantabria,Corporate,ICE,FOCUS SEGMENT,Standard,1
2024,01,MAZDA,39,Cantabria,Corporate,ICE,REST,Standard,1
2024,01,MAZDA,39,Cantabria,Private,ICE,REST,Standard,9
2024,01,MERCEDES,39,Cantabria,Corporate,ICE,FOCUS SEGMENT,M Performance,2
2024,01,MERCEDES,39,Cantabria,Corporate,ICE,FOCUS SEGMENT,Standard,13
2024,01,MERCEDES,39,Cantabria,Corporate,ICE,REST,Standard,1
2024,01,MERCEDES,39,Cantabria,Corporate,PHEV,FOCUS SEGMENT,Standard,7
2024,01,MERCEDES,39,Cantabria,Private,BEV,FOCUS SEGMENT,Standard,1
2024,01,MERCEDES,39,Cantabria,Private,ICE,FOCUS SEGMENT,Standard,6
2024,01,MERCEDES,39,Cantabria,RAC,ICE,REST,Standard,1
2024,01,MG,39,Cantabria,Corporate,ICE,REST,Standard,1
2024,01,MG,39,Cantabria,Private,BEV,REST,Standard,2
2024,01,MG,39,Cantabria,Private,ICE,REST,Standard,10
2024,01,MG,39,Cantabria,Private,PHEV,REST,Standard,3
2024,01,MINI,39,Cantabria,Private,ICE,FOCUS SEGMENT,JCW,1
2024,01,MINI,39,Cantabria,Private,ICE,FOCUS SEGMENT,Standard,2
2024,01,MITSUBISHI,39,Cantabria,Private,ICE,REST,Standard,8
2024,01,MITSUBISHI,39,Cantabria,Private,PHEV,REST,Standard,1
2024,01,NISSAN,39,Cantabria,Corporate,ICE,REST,Standard,11
2024,01,NISSAN,39,Cantabria,Private,ICE,REST,Standard,19
2024,01,OPEL,39,Cantabria,Private,ICE,REST,Standard,6
2024,01,PEUGEOT,39,Cantabria,Corporate,BEV,REST,Standard,1
2024,01,PEUGEOT,39,Cantabria,Corporate,ICE,REST,Standard,5
2024,01,PEUGEOT,39,Cantabria,Corporate,PHEV,REST,Standard,1
2024,01,PEUGEOT,39,Cantabria,Private,ICE,REST,Standard,12
2024,01,PEUGEOT,39,Cantabria,Private,PHEV,REST,Standard,1
2024,01,REHATRANS,39,Cantabria,Corporate,ICE,REST,Standard,2
2024,01,RENAULT,39,Cantabria,Private,ICE,REST,Standard,18
2024,01,SEAT,39,Cantabria,Corporate,ICE,REST,Standard,12
2024,01,SEAT,39,Cantabria,Private,ICE,REST,Standard,37
2024,01,SKODA,39,Cantabria,Corporate,ICE,REST,Standard,4
2024,01,SKODA,39,Cantabria,Private,ICE,REST,Standard,8
2024,01,SSANGYONG,39,Cantabria,Corporate,ICE,REST,Standard,1
2024,01,SSANGYONG,39,Cantabria,Private,ICE,REST,Standard,2
2024,01,SUBARU,39,Cantabria,Corporate,ICE,REST,Standard,1
2024,01,SUBARU,39,Cantabria,Private,ICE,REST,Standard,2
2024,01,SUZUKI,39,Cantabria,Private,ICE,REST,Standard,7
2024,01,TESLA,39,Cantabria,Private,BEV,FOCUS SEGMENT,Standard,8
2024,01,TOYOTA,39,Cantabria,Corporate,ICE,REST,Standard,12
2024,01,TOYOTA,39,Cantabria,Private,ICE,REST,Standard,58
2024,01,TOYOTA,39,Cantabria,Private,PHEV,REST,Standard,2
2024,01,VOLKSWAGEN,39,Cantabria,Corporate,BEV,REST,Standard,3
2024,01,VOLKSWAGEN,39,Cantabria,Corporate,ICE,REST,Standard,9
2024,01,VOLKSWAGEN,39,Cantabria,Private,ICE,REST,Standard,7
2024,01,VOLVO,39,Cantabria,Corporate,BEV,FOCUS SEGMENT,Standard,1
2024,01,VOLVO,39,Cantabria,Corporate,ICE,FOCUS SEGMENT,Standard,2
2024,01,VOLVO,39,Cantabria,Private,ICE,FOCUS SEGMENT,Standard,4
2024,01,AUDI,40,Segovia,Corporate,ICE,FOCUS SEGMENT,Standard,1
2024,01,AUDI,40,Segovia,Private,PHEV,FOCUS SEGMENT,Standard,1
2024,01,BMW,40,Segovia,Corporate,ICE,FOCUS SEGMENT,Standard,1
2024,01,CITROEN,40,Segovia,Corporate,ICE,REST,Standard,1
2024,01,CUPRA,40,Segovia,Private,ICE,REST,Standard,1
2024,01,CUPRA,40,Segovia,Private,PHEV,REST,Standard,2
2024,01,DACIA,40,Segovia,Private,ICE,REST,Standard,11
2024,01,FIAT,40,Segovia,Private,ICE,REST,Standard,1
2024,01,FORD,40,Segovia,Corporate,ICE,REST,Standard,1
2024,01,FORD,40,Segovia,Private,ICE,REST,Standard,2
2024,01,HYUNDAI,40,Segovia,Corporate,ICE,REST,Standard,4
2024,01,HYUNDAI,40,Segovia,Private,ICE,REST,Standard,9
2024,01,KIA,40,Segovia,Corporate,ICE,REST,Standard,4
2024,01,KIA,40,Segovia,Private,ICE,REST,Standard,6
2024,01,KIA,40,Segovia,Private,PHEV,REST,Standard,1
2024,01,MAZDA,40,Segovia,Private,ICE,REST,Standard,2
2024,01,MERCEDES,40,Segovia,Corporate,BEV,FOCUS SEGMENT,Standard,1
2024,01,MERCEDES,40,Segovia,Corporate,ICE,FOCUS SEGMENT,Standard,2
2024,01,MERCEDES,40,Segovia,Private,ICE,FOCUS SEGMENT,Standard,3
2024,01,MERCEDES-V,40,Segovia,Corporate,ICE,REST,Standard,1
2024,01,MG,40,Segovia,Private,ICE,REST,Standard,7
2024,01,MITSUBISHI,40,Segovia,Corporate,ICE,REST,Standard,1
2024,01,MITSUBISHI,40,Segovia,Private,PHEV,REST,Standard,1
2024,01,NISSAN,40,Segovia,Private,ICE,REST,Standard,1
2024,01,PEUGEOT,40,Segovia,Private,ICE,REST,Standard,3
2024,01,RENAULT,40,Segovia,Corporate,ICE,REST,Standard,1
2024,01,RENAULT,40,Segovia,Private,ICE,REST,Standard,4
2024,01,SEAT,40,Segovia,Corporate,ICE,REST,Standard,3
2024,01,SEAT,40,Segovia,Private,ICE,REST,Standard,12
2024,01,SKODA,40,Segovia,Private,ICE,REST,Standard,1
2024,01,SUZUKI,40,Segovia,Corporate,ICE,REST,Standard,1
2024,01,SUZUKI,40,Segovia,Private,ICE,REST,Standard,2
2024,01,TESLA,40,Segovia,Private,BEV,FOCUS SEGMENT,Standard,1
2024,01,TOYOTA,40,Segovia,Corporate,ICE,REST,Standard,2
2024,01,TOYOTA,40,Segovia,Corporate,PHEV,REST,Standard,1
2024,01,TOYOTA,40,Segovia,Private,ICE,REST,Standard,20
2024,01,VOLKSWAGEN,40,Segovia,Corporate,BEV,REST,Standard,1
2024,01,VOLKSWAGEN,40,Segovia,Corporate,ICE,REST,Standard,3
2024,01,AUDI,41,Sevilla,Corporate,ICE,FOCUS SEGMENT,Standard,9
2024,01,AUDI,41,Sevilla,Corporate,PHEV,FOCUS SEGMENT,Standard,1
2024,01,AUDI,41,Sevilla,Private,ICE,FOCUS SEGMENT,M Performance,1
2024,01,AUDI,41,Sevilla,Private,ICE,FOCUS SEGMENT,Standard,20
2024,01,AUDI,41,Sevilla,Private,PHEV,FOCUS SEGMENT,Standard,2
2024,01,BMW,41,Sevilla,Corporate,BEV,FOCUS SEGMENT,Standard,1
2024,01,BMW,41,Sevilla,Corporate,ICE,FOCUS SEGMENT,M,1
2024,01,BMW,41,Sevilla,Corporate,ICE,FOCUS SEGMENT,Standard,12
2024,01,BMW,41,Sevilla,Corporate,PHEV,FOCUS SEGMENT,M,1
2024,01,BMW,41,Sevilla,Corporate,PHEV,FOCUS SEGMENT,Standard,1
2024,01,BMW,41,Sevilla,Private,ICE,FOCUS SEGMENT,M,1
2024,01,BMW,41,Sevilla,Private,ICE,FOCUS SEGMENT,M Performance,3
2024,01,BMW,41,Sevilla,Private,ICE,FOCUS SEGMENT,Standard,27
2024,01,BYD,41,Sevilla,Private,BEV,REST,Standard,2
2024,01,CITROEN,41,Sevilla,Private,ICE,REST,Standard,27
2024,01,CUPRA,41,Sevilla,Corporate,ICE,REST,Standard,5
2024,01,CUPRA,41,Sevilla,Corporate,PHEV,REST,Standard,2
2024,01,CUPRA,41,Sevilla,Private,ICE,REST,Standard,7
2024,01,DACIA,41,Sevilla,Corporate,ICE,REST,Standard,16
2024,01,DACIA,41,Sevilla,Private,BEV,REST,Standard,1
2024,01,DACIA,41,Sevilla,Private,ICE,REST,Standard,103
2024,01,DR,41,Sevilla,Private,ICE,REST,Standard,1
2024,01,DS,41,Sevilla,Private,ICE,REST,Standard,1
2024,01,FIAT,41,Sevilla,Corporate,ICE,,Standard,1
2024,01,FIAT,41,Sevilla,Corporate,ICE,REST,Standard,16
2024,01,FIAT,41,Sevilla,Private,ICE,,Standard,2
2024,01,FIAT,41,Sevilla,Private,ICE,REST,Standard,9
2024,01,FORD,41,Sevilla,Corporate,ICE,REST,Standard,4
2024,01,FORD,41,Sevilla,Private,BEV,REST,Standard,1
2024,01,FORD,41,Sevilla,Private,ICE,REST,Standard,23
2024,01,HONDA,41,Sevilla,Corporate,ICE,REST,Standard,1
2024,01,HONDA,41,Sevilla,Private,ICE,REST,Standard,5
2024,01,HYUNDAI,41,Sevilla,Corporate,ICE,REST,Standard,7
2024,01,HYUNDAI,41,Sevilla,Corporate,PHEV,REST,Standard,1
2024,01,HYUNDAI,41,Sevilla,Private,ICE,REST,Standard,91
2024,01,JAGUAR,41,Sevilla,Private,ICE,FOCUS SEGMENT,Standard,1
2024,01,JEEP,41,Sevilla,Corporate,ICE,REST,Standard,3
2024,01,JEEP,41,Sevilla,Private,ICE,REST,Standard,8
2024,01,JEEP,41,Sevilla,Private,PHEV,REST,Standard,1
2024,01,KIA,41,Sevilla,Corporate,BEV,REST,Standard,1
2024,01,KIA,41,Sevilla,Corporate,ICE,REST,Standard,6
2024,01,KIA,41,Sevilla,Corporate,PHEV,REST,Standard,3
2024,01,KIA,41,Sevilla,Private,BEV,REST,Standard,1
2024,01,KIA,41,Sevilla,Private,ICE,REST,Standard,82
2024,01,KIA,41,Sevilla,Private,PHEV,REST,Standard,1
2024,01,LAMBORGHINI,41,Sevilla,RAC,ICE,FOCUS SEGMENT,Standard,1
2024,01,LAND ROVER,41,Sevilla,Corporate,ICE,FOCUS SEGMENT,Standard,5
2024,01,LAND ROVER,41,Sevilla,Corporate,PHEV,FOCUS SEGMENT,Standard,1
2024,01,LEXUS,41,Sevilla,Corporate,ICE,FOCUS SEGMENT,Standard,4
2024,01,LEXUS,41,Sevilla,Corporate,PHEV,FOCUS SEGMENT,Standard,1
2024,01,LEXUS,41,Sevilla,Private,ICE,FOCUS SEGMENT,Standard,8
2024,01,MAZDA,41,Sevilla,Private,ICE,REST,Standard,28
2024,01,MERCEDES,41,Sevilla,Corporate,BEV,FOCUS SEGMENT,M Performance,1
2024,01,MERCEDES,41,Sevilla,Corporate,BEV,FOCUS SEGMENT,Standard,1
2024,01,MERCEDES,41,Sevilla,Corporate,ICE,FOCUS SEGMENT,M,1
2024,01,MERCEDES,41,Sevilla,Corporate,ICE,FOCUS SEGMENT,M Performance,2
2024,01,MERCEDES,41,Sevilla,Corporate,ICE,FOCUS SEGMENT,Standard,50
2024,01,MERCEDES,41,Sevilla,Corporate,ICE,REST,Standard,2
2024,01,MERCEDES,41,Sevilla,Corporate,PHEV,FOCUS SEGMENT,Standard,12
2024,01,MERCEDES,41,Sevilla,Private,BEV,FOCUS SEGMENT,Standard,2
2024,01,MERCEDES,41,Sevilla,Private,ICE,FOCUS SEGMENT,Standard,20
2024,01,MERCEDES,41,Sevilla,Private,PHEV,FOCUS SEGMENT,Standard,5
2024,01,MG,41,Sevilla,Corporate,ICE,REST,Standard,8
2024,01,MG,41,Sevilla,Private,BEV,REST,Standard,3
2024,01,MG,41,Sevilla,Private,ICE,REST,Standard,91
2024,01,MG,41,Sevilla,Private,PHEV,REST,Standard,3
2024,01,MINI,41,Sevilla,Private,ICE,FOCUS SEGMENT,Standard,2
2024,01,MITSUBISHI,41,Sevilla,Private,ICE,REST,Standard,4
2024,01,NISSAN,41,Sevilla,Corporate,ICE,REST,Standard,13
2024,01,NISSAN,41,Sevilla,Private,ICE,REST,Standard,32
2024,01,OPEL,41,Sevilla,Corporate,BEV,REST,Standard,1
2024,01,OPEL,41,Sevilla,Corporate,ICE,REST,Standard,4
2024,01,OPEL,41,Sevilla,Private,ICE,REST,Standard,26
2024,01,PEUGEOT,41,Sevilla,Corporate,BEV,REST,Standard,2
2024,01,PEUGEOT,41,Sevilla,Corporate,ICE,REST,Standard,14
2024,01,PEUGEOT,41,Sevilla,Private,BEV,REST,Standard,1
2024,01,PEUGEOT,41,Sevilla,Private,ICE,REST,Standard,92
2024,01,PEUGEOT,41,Sevilla,Private,PHEV,REST,Standard,3
2024,01,PORSCHE,41,Sevilla,Corporate,ICE,FOCUS SEGMENT,M Performance,1
2024,01,PORSCHE,41,Sevilla,Corporate,PHEV,FOCUS SEGMENT,M,1
2024,01,PORSCHE,41,Sevilla,Corporate,PHEV,FOCUS SEGMENT,Standard,4
2024,01,PORSCHE,41,Sevilla,Private,ICE,FOCUS SEGMENT,M,2
2024,01,PORSCHE,41,Sevilla,RAC,ICE,FOCUS SEGMENT,Standard,2
2024,01,RENAULT,41,Sevilla,Corporate,ICE,REST,Standard,30
2024,01,RENAULT,41,Sevilla,Private,ICE,REST,Standard,63
2024,01,SEAT,41,Sevilla,Corporate,ICE,REST,Standard,35
2024,01,SEAT,41,Sevilla,Private,ICE,REST,Standard,98
2024,01,SKODA,41,Sevilla,Corporate,ICE,REST,Standard,9
2024,01,SKODA,41,Sevilla,Private,ICE,REST,Standard,31
2024,01,SMART,41,Sevilla,Corporate,BEV,FOCUS SEGMENT,Standard,4
2024,01,SSANGYONG,41,Sevilla,Private,ICE,REST,Standard,4
2024,01,SUBARU,41,Sevilla,Corporate,ICE,REST,Standard,1
2024,01,SUZUKI,41,Sevilla,Corporate,ICE,REST,Standard,1
2024,01,SUZUKI,41,Sevilla,Private,ICE,REST,Standard,4
2024,01,TESLA,41,Sevilla,Corporate,BEV,FOCUS SEGMENT,Standard,4
2024,01,TESLA,41,Sevilla,Private,BEV,FOCUS SEGMENT,Standard,16
2024,01,TOYOTA,41,Sevilla,Corporate,BEV,REST,Standard,1
2024,01,TOYOTA,41,Sevilla,Corporate,ICE,REST,Standard,43
2024,01,TOYOTA,41,Sevilla,Corporate,PHEV,REST,Standard,2
2024,01,TOYOTA,41,Sevilla,Private,ICE,REST,Standard,208
2024,01,TOYOTA,41,Sevilla,Private,PHEV,REST,Standard,2
2024,01,VOLKSWAGEN,41,Sevilla,Corporate,BEV,REST,Standard,2
2024,01,VOLKSWAGEN,41,Sevilla,Corporate,ICE,REST,Standard,12
2024,01,VOLKSWAGEN,41,Sevilla,Private,ICE,REST,Standard,42
2024,01,VOLKSWAGEN,41,Sevilla,Private,PHEV,REST,Standard,2
2024,01,VOLKSWAGEN V W,41,Sevilla,Private,ICE,REST,Standard,1
2024,01,VOLVO,41,Sevilla,Corporate,BEV,FOCUS SEGMENT,Standard,2
2024,01,VOLVO,41,Sevilla,Corporate,ICE,FOCUS SEGMENT,Standard,6
2024,01,VOLVO,41,Sevilla,Private,BEV,FOCUS SEGMENT,Standard,2
2024,01,VOLVO,41,Sevilla,Private,ICE,FOCUS SEGMENT,Standard,15
2024,01,AUDI,42,Soria,Private,ICE,FOCUS SEGMENT,Standard,1
2024,01,BMW,42,Soria,Corporate,ICE,FOCUS SEGMENT,Standard,1
2024,01,CITROEN,42,Soria,Corporate,ICE,REST,Standard,2
2024,01,CITROEN,42,Soria,Private,BEV,REST,Standard,1
2024,01,CITROEN,42,Soria,Private,ICE,REST,Standard,2
2024,01,CUPRA,42,Soria,Corporate,PHEV,REST,Standard,2
2024,01,CUPRA,42,Soria,Private,ICE,REST,Standard,1
2024,01,DACIA,42,Soria,Private,ICE,REST,Standard,4
2024,01,FORD,42,Soria,Private,ICE,REST,Standard,3
2024,01,HYUNDAI,42,Soria,Corporate,ICE,REST,Standard,3
2024,01,HYUNDAI,42,Soria,Private,ICE,REST,Standard,4
2024,01,KIA,42,Soria,Corporate,ICE,REST,Standard,1
2024,01,KIA,42,Soria,Private,ICE,REST,Standard,4
2024,01,MAZDA,42,Soria,Corporate,ICE,REST,Standard,1
2024,01,MAZDA,42,Soria,Private,ICE,REST,Standard,2
2024,01,MERCEDES,42,Soria,Corporate,ICE,FOCUS SEGMENT,Standard,2
2024,01,MERCEDES,42,Soria,Corporate,ICE,REST,Standard,1
2024,01,MERCEDES,42,Soria,Private,ICE,FOCUS SEGMENT,Standard,1
2024,01,MERCEDES,42,Soria,Private,ICE,REST,Standard,1
2024,01,MG,42,Soria,Private,BEV,REST,Standard,1
2024,01,MG,42,Soria,Private,ICE,REST,Standard,1
2024,01,MITSUBISHI,42,Soria,Corporate,ICE,REST,Standard,1
2024,01,NISSAN,42,Soria,Corporate,ICE,REST,Standard,1
2024,01,OPEL,42,Soria,Private,ICE,REST,Standard,2
2024,01,PEUGEOT,42,Soria,Private,ICE,REST,Standard,2
2024,01,PEUGEOT,42,Soria,Private,PHEV,REST,Standard,1
2024,01,PEUGEOT,42,Soria,RAC,ICE,REST,Standard,1
2024,01,RENAULT,42,Soria,Private,ICE,REST,Standard,1
2024,01,SEAT,42,Soria,Corporate,ICE,REST,Standard,2
2024,01,SEAT,42,Soria,Private,ICE,REST,Standard,3
2024,01,SKODA,42,Soria,Private,ICE,REST,Standard,1
2024,01,SSANGYONG,42,Soria,Corporate,ICE,REST,Standard,1
2024,01,SUZUKI,42,Soria,Corporate,ICE,REST,Standard,1
2024,01,SUZUKI,42,Soria,Private,ICE,REST,Standard,3
2024,01,TOYOTA,42,Soria,Corporate,ICE,REST,Standard,3
2024,01,TOYOTA,42,Soria,Private,ICE,REST,Standard,3
2024,01,VOLKSWAGEN,42,Soria,Corporate,ICE,REST,Standard,2
2024,01,VOLVO,42,Soria,Private,ICE,FOCUS SEGMENT,Standard,1
2024,01,AUDI,43,Tarragona,Corporate,BEV,FOCUS SEGMENT,Standard,1
2024,01,AUDI,43,Tarragona,Corporate,ICE,FOCUS SEGMENT,M,1
2024,01,AUDI,43,Tarragona,Corporate,ICE,FOCUS SEGMENT,M Performance,1
2024,01,AUDI,43,Tarragona,Corporate,ICE,FOCUS SEGMENT,Standard,4
2024,01,AUDI,43,Tarragona,Private,ICE,FOCUS SEGMENT,Standard,9
2024,01,AUDI,43,Tarragona,Private,PHEV,FOCUS SEGMENT,Standard,4
2024,01,BMW,43,Tarragona,Corporate,ICE,FOCUS SEGMENT,Standard,12
2024,01,BMW,43,Tarragona,Corporate,PHEV,FOCUS SEGMENT,Standard,2
2024,01,BMW,43,Tarragona,Private,BEV,FOCUS SEGMENT,Standard,3
2024,01,BMW,43,Tarragona,Private,ICE,FOCUS SEGMENT,M,1
2024,01,BMW,43,Tarragona,Private,ICE,FOCUS SEGMENT,Standard,14
2024,01,BMW,43,Tarragona,Private,PHEV,FOCUS SEGMENT,Standard,2
2024,01,BMW,43,Tarragona,RAC,ICE,FOCUS SEGMENT,M,1
2024,01,BYD,43,Tarragona,Corporate,BEV,REST,Standard,1
2024,01,BYD,43,Tarragona,Private,BEV,REST,Standard,8
2024,01,CITROEN,43,Tarragona,Corporate,BEV,REST,Standard,1
2024,01,CITROEN,43,Tarragona,Corporate,ICE,REST,Standard,41
2024,01,CITROEN,43,Tarragona,Private,ICE,REST,Standard,24
2024,01,CITROEN,43,Tarragona,RAC,BEV,REST,Standard,1
2024,01,CUPRA,43,Tarragona,Corporate,ICE,REST,Standard,1
2024,01,CUPRA,43,Tarragona,Corporate,PHEV,REST,Standard,1
2024,01,CUPRA,43,Tarragona,Private,ICE,REST,Standard,15
2024,01,CUPRA,43,Tarragona,Private,PHEV,REST,Standard,4
2024,01,DACIA,43,Tarragona,Corporate,ICE,REST,Standard,3
2024,01,DACIA,43,Tarragona,Private,BEV,REST,Standard,1
2024,01,DACIA,43,Tarragona,Private,ICE,REST,Standard,59
2024,01,FIAT,43,Tarragona,Private,ICE,REST,Standard,1
2024,01,FORD,43,Tarragona,Corporate,ICE,REST,Standard,3
2024,01,FORD,43,Tarragona,Private,BEV,REST,Standard,1
2024,01,FORD,43,Tarragona,Private,ICE,REST,Standard,28
2024,01,FORD,43,Tarragona,Private,PHEV,REST,Standard,3
2024,01,HONDA,43,Tarragona,Corporate,ICE,REST,Standard,1
2024,01,HONDA,43,Tarragona,Private,ICE,REST,Standard,4
2024,01,HYUNDAI,43,Tarragona,Corporate,ICE,REST,Standard,3
2024,01,HYUNDAI,43,Tarragona,Private,BEV,REST,Standard,2
2024,01,HYUNDAI,43,Tarragona,Private,ICE,REST,Standard,55
2024,01,HYUNDAI,43,Tarragona,Private,PHEV,REST,Standard,2
2024,01,JEEP,43,Tarragona,Corporate,ICE,REST,Standard,1
2024,01,JEEP,43,Tarragona,Private,ICE,REST,Standard,3
2024,01,KIA,43,Tarragona,Corporate,BEV,REST,Standard,2
2024,01,KIA,43,Tarragona,Corporate,ICE,REST,Standard,11
2024,01,KIA,43,Tarragona,Corporate,PHEV,REST,Standard,1
2024,01,KIA,43,Tarragona,Private,ICE,REST,Standard,53
2024,01,KIA,43,Tarragona,Private,PHEV,REST,Standard,7
2024,01,LAND ROVER,43,Tarragona,Corporate,PHEV,FOCUS SEGMENT,Standard,1
2024,01,LEXUS,43,Tarragona,Corporate,BEV,FOCUS SEGMENT,Standard,1
2024,01,LEXUS,43,Tarragona,Corporate,ICE,FOCUS SEGMENT,Standard,1
2024,01,LEXUS,43,Tarragona,Corporate,PHEV,FOCUS SEGMENT,Standard,3
2024,01,LEXUS,43,Tarragona,Private,ICE,FOCUS SEGMENT,Standard,8
2024,01,LEXUS,43,Tarragona,Private,PHEV,FOCUS SEGMENT,Standard,1
2024,01,MAZDA,43,Tarragona,Corporate,ICE,REST,Standard,3
2024,01,MAZDA,43,Tarragona,Corporate,PHEV,REST,Standard,1
2024,01,MAZDA,43,Tarragona,Private,ICE,REST,Standard,9
2024,01,MERCEDES,43,Tarragona,Corporate,ICE,FOCUS SEGMENT,Standard,5
2024,01,MERCEDES,43,Tarragona,Corporate,ICE,REST,Standard,2
2024,01,MERCEDES,43,Tarragona,Corporate,PHEV,FOCUS SEGMENT,Standard,5
2024,01,MERCEDES,43,Tarragona,Private,ICE,FOCUS SEGMENT,Standard,10
2024,01,MERCEDES,43,Tarragona,RAC,ICE,REST,Standard,1
2024,01,MG,43,Tarragona,Corporate,BEV,REST,Standard,2
2024,01,MG,43,Tarragona,Corporate,ICE,REST,Standard,5
2024,01,MG,43,Tarragona,Private,BEV,REST,Standard,8
2024,01,MG,43,Tarragona,Private,ICE,REST,Standard,45
2024,01,MG,43,Tarragona,Private,PHEV,REST,Standard,4
2024,01,MINI,43,Tarragona,Corporate,ICE,FOCUS SEGMENT,Standard,5
2024,01,MINI,43,Tarragona,Private,BEV,FOCUS SEGMENT,Standard,1
2024,01,MINI,43,Tarragona,Private,ICE,FOCUS SEGMENT,Standard,3
2024,01,NISSAN,43,Tarragona,Corporate,ICE,REST,Standard,6
2024,01,NISSAN,43,Tarragona,Private,ICE,REST,Standard,16
2024,01,OPEL,43,Tarragona,Corporate,ICE,REST,Standard,4
2024,01,OPEL,43,Tarragona,Private,BEV,REST,Standard,1
2024,01,OPEL,43,Tarragona,Private,ICE,REST,Standard,16
2024,01,PEUGEOT,43,Tarragona,Corporate,BEV,REST,Standard,2
2024,01,PEUGEOT,43,Tarragona,Corporate,ICE,REST,Standard,48
2024,01,PEUGEOT,43,Tarragona,Corporate,PHEV,REST,Standard,2
2024,01,PEUGEOT,43,Tarragona,Private,BEV,REST,Standard,1
2024,01,PEUGEOT,43,Tarragona,Private,ICE,REST,Standard,14
2024,01,PEUGEOT,43,Tarragona,Private,PHEV,REST,Standard,3
2024,01,PORSCHE,43,Tarragona,Corporate,PHEV,FOCUS SEGMENT,Standard,1
2024,01,PORSCHE,43,Tarragona,Private,ICE,FOCUS SEGMENT,M Performance,1
2024,01,PORSCHE,43,Tarragona,Private,PHEV,FOCUS SEGMENT,Standard,1
2024,01,RENAULT,43,Tarragona,Corporate,ICE,REST,Standard,6
2024,01,RENAULT,43,Tarragona,Private,ICE,REST,Standard,22
2024,01,SEAT,43,Tarragona,Corporate,ICE,REST,Standard,6
2024,01,SEAT,43,Tarragona,Private,ICE,REST,Standard,51
2024,01,SKODA,43,Tarragona,Corporate,ICE,REST,Standard,3
2024,01,SKODA,43,Tarragona,Private,BEV,REST,Standard,1
2024,01,SKODA,43,Tarragona,Private,ICE,REST,Standard,16
2024,01,SSANGYONG,43,Tarragona,Corporate,ICE,REST,Standard,1
2024,01,SSANGYONG,43,Tarragona,Private,ICE,REST,Standard,6
2024,01,SUZUKI,43,Tarragona,Corporate,ICE,REST,Standard,1
2024,01,SUZUKI,43,Tarragona,Private,ICE,REST,Standard,8
2024,01,TESLA,43,Tarragona,Corporate,BEV,FOCUS SEGMENT,Standard,2
2024,01,TESLA,43,Tarragona,Private,BEV,FOCUS SEGMENT,Standard,26
2024,01,TOYOTA,43,Tarragona,Corporate,BEV,REST,Standard,2
2024,01,TOYOTA,43,Tarragona,Corporate,ICE,REST,Standard,25
2024,01,TOYOTA,43,Tarragona,Corporate,PHEV,REST,Standard,1
2024,01,TOYOTA,43,Tarragona,Private,ICE,REST,Standard,116
2024,01,VOLKSWAGEN,43,Tarragona,Corporate,BEV,REST,Standard,2
2024,01,VOLKSWAGEN,43,Tarragona,Corporate,ICE,REST,Standard,1
2024,01,VOLKSWAGEN,43,Tarragona,Private,ICE,REST,Standard,15
2024,01,VOLVO,43,Tarragona,Corporate,BEV,FOCUS SEGMENT,Standard,3
2024,01,VOLVO,43,Tarragona,Corporate,ICE,FOCUS SEGMENT,Standard,2
2024,01,VOLVO,43,Tarragona,Private,ICE,FOCUS SEGMENT,Standard,8
2024,01,AUDI,44,Teruel,Private,ICE,FOCUS SEGMENT,Standard,2
2024,01,BMW,44,Teruel,Corporate,ICE,FOCUS SEGMENT,Standard,1
2024,01,BMW,44,Teruel,Private,ICE,FOCUS SEGMENT,Standard,5
2024,01,CITROEN,44,Teruel,Corporate,ICE,REST,Standard,1
2024,01,CITROEN,44,Teruel,Private,PHEV,REST,Standard,1
2024,01,CUPRA,44,Teruel,Corporate,ICE,REST,Standard,1
2024,01,CUPRA,44,Teruel,Corporate,PHEV,REST,Standard,1
2024,01,DACIA,44,Teruel,Corporate,ICE,REST,Standard,2
2024,01,DACIA,44,Teruel,Private,ICE,REST,Standard,12
2024,01,DS,44,Teruel,Corporate,PHEV,REST,Standard,1
2024,01,FORD,44,Teruel,Private,PHEV,REST,Standard,1
2024,01,HYUNDAI,44,Teruel,Corporate,BEV,REST,Standard,1
2024,01,HYUNDAI,44,Teruel,Corporate,ICE,REST,Standard,2
2024,01,KIA,44,Teruel,Corporate,ICE,REST,Standard,2
2024,01,KIA,44,Teruel,Private,ICE,REST,Standard,4
2024,01,MAZDA,44,Teruel,Corporate,ICE,REST,Standard,2
2024,01,MAZDA,44,Teruel,Private,ICE,REST,Standard,1
2024,01,MERCEDES,44,Teruel,Corporate,ICE,FOCUS SEGMENT,Standard,1
2024,01,MERCEDES,44,Teruel,Private,ICE,FOCUS SEGMENT,Standard,2
2024,01,MERCEDES,44,Teruel,Private,PHEV,FOCUS SEGMENT,Standard,2
2024,01,MG,44,Teruel,Private,PHEV,REST,Standard,1
2024,01,MINI,44,Teruel,Corporate,ICE,FOCUS SEGMENT,Standard,1
2024,01,MITSUBISHI,44,Teruel,Private,PHEV,REST,Standard,1
2024,01,NISSAN,44,Teruel,Corporate,ICE,REST,Standard,1
2024,01,NISSAN,44,Teruel,Private,ICE,REST,Standard,1
2024,01,OPEL,44,Teruel,Corporate,ICE,REST,Standard,2
2024,01,PEUGEOT,44,Teruel,Private,ICE,REST,Standard,6
2024,01,REHATRANS,44,Teruel,Private,ICE,REST,Standard,1
2024,01,RENAULT,44,Teruel,Corporate,ICE,REST,Standard,2
2024,01,RENAULT,44,Teruel,Private,ICE,REST,Standard,4
2024,01,SEAT,44,Teruel,Corporate,ICE,REST,Standard,2
2024,01,SEAT,44,Teruel,Private,ICE,REST,Standard,7
2024,01,SKODA,44,Teruel,Private,ICE,REST,Standard,1
2024,01,SSANGYONG,44,Teruel,Corporate,ICE,REST,Standard,1
2024,01,SUZUKI,44,Teruel,Private,ICE,REST,Standard,2
2024,01,TESLA,44,Teruel,Private,BEV,FOCUS SEGMENT,Standard,1
2024,01,TOYOTA,44,Teruel,Corporate,ICE,REST,Standard,3
2024,01,TOYOTA,44,Teruel,Private,ICE,REST,Standard,5
2024,01,VOLKSWAGEN,44,Teruel,Corporate,ICE,REST,Standard,1
2024,01,ALFA ROMEO,45,Toledo,Corporate,ICE,REST,Standard,1
2024,01,AUDI,45,Toledo,Corporate,ICE,FOCUS SEGMENT,Standard,6
2024,01,AUDI,45,Toledo,Private,BEV,FOCUS SEGMENT,Standard,1
2024,01,AUDI,45,Toledo,Private,ICE,FOCUS SEGMENT,Standard,10
2024,01,BMW,45,Toledo,Corporate,ICE,FOCUS SEGMENT,Standard,9
2024,01,BMW,45,Toledo,Corporate,PHEV,FOCUS SEGMENT,Standard,1
2024,01,BMW,45,Toledo,Private,ICE,FOCUS SEGMENT,Standard,10
2024,01,BMW,45,Toledo,Private,PHEV,FOCUS SEGMENT,Standard,1
2024,01,BYD,45,Toledo,Corporate,BEV,REST,Standard,1
2024,01,BYD,45,Toledo,Private,BEV,REST,Standard,2
2024,01,CITROEN,45,Toledo,Corporate,BEV,REST,Standard,7
2024,01,CITROEN,45,Toledo,Corporate,ICE,REST,Standard,56
2024,01,CITROEN,45,Toledo,Corporate,PHEV,REST,Standard,1
2024,01,CITROEN,45,Toledo,Private,BEV,REST,Standard,1
2024,01,CITROEN,45,Toledo,Private,ICE,REST,Standard,5
2024,01,CITROEN,45,Toledo,Private,PHEV,REST,Standard,1
2024,01,CUPRA,45,Toledo,Corporate,ICE,REST,Standard,1
2024,01,CUPRA,45,Toledo,Corporate,PHEV,REST,Standard,6
2024,01,CUPRA,45,Toledo,Private,ICE,REST,Standard,1
2024,01,DACIA,45,Toledo,Corporate,ICE,REST,Standard,10
2024,01,DACIA,45,Toledo,Private,ICE,REST,Standard,63
2024,01,DS,45,Toledo,Corporate,BEV,REST,Standard,1
2024,01,DS,45,Toledo,Corporate,ICE,REST,Standard,3
2024,01,DS,45,Toledo,Corporate,PHEV,REST,Standard,3
2024,01,FIAT,45,Toledo,Corporate,BEV,REST,Standard,4
2024,01,FIAT,45,Toledo,Corporate,ICE,REST,Standard,3
2024,01,FIAT,45,Toledo,Private,ICE,REST,Standard,5
2024,01,FORD,45,Toledo,Corporate,ICE,REST,Standard,3
2024,01,FORD,45,Toledo,Private,ICE,REST,Standard,5
2024,01,HONDA,45,Toledo,Private,ICE,REST,Standard,1
2024,01,HYUNDAI,45,Toledo,Corporate,BEV,REST,Standard,1
2024,01,HYUNDAI,45,Toledo,Corporate,ICE,REST,Standard,10
2024,01,HYUNDAI,45,Toledo,Corporate,PHEV,REST,Standard,1
2024,01,HYUNDAI,45,Toledo,Private,ICE,REST,Standard,54
2024,01,HYUNDAI,45,Toledo,Private,PHEV,REST,Standard,3
2024,01,JEEP,45,Toledo,Corporate,ICE,REST,Standard,1
2024,01,JEEP,45,Toledo,Corporate,PHEV,REST,Standard,1
2024,01,JEEP,45,Toledo,Private,BEV,REST,Standard,1
2024,01,JEEP,45,Toledo,Private,ICE,REST,Standard,2
2024,01,JEEP,45,Toledo,Private,PHEV,REST,Standard,1
2024,01,KIA,45,Toledo,Corporate,ICE,REST,Standard,6
2024,01,KIA,45,Toledo,Private,ICE,REST,Standard,34
2024,01,KIA,45,Toledo,Private,PHEV,REST,Standard,3
2024,01,LAND ROVER,45,Toledo,Corporate,ICE,FOCUS SEGMENT,Standard,1
2024,01,LEXUS,45,Toledo,Private,ICE,FOCUS SEGMENT,Standard,4
2024,01,MAZDA,45,Toledo,Corporate,ICE,REST,Standard,1
2024,01,MAZDA,45,Toledo,Corporate,PHEV,REST,Standard,1
2024,01,MAZDA,45,Toledo,Private,ICE,REST,Standard,12
2024,01,MERCEDES,45,Toledo,Corporate,ICE,FOCUS SEGMENT,M Performance,1
2024,01,MERCEDES,45,Toledo,Corporate,ICE,FOCUS SEGMENT,Standard,1
2024,01,MERCEDES,45,Toledo,Corporate,ICE,REST,Standard,5
2024,01,MERCEDES,45,Toledo,Corporate,PHEV,FOCUS SEGMENT,Standard,4
2024,01,MERCEDES,45,Toledo,Private,BEV,FOCUS SEGMENT,Standard,1
2024,01,MERCEDES,45,Toledo,Private,ICE,FOCUS SEGMENT,Standard,10
2024,01,MERCEDES,45,Toledo,Private,PHEV,FOCUS SEGMENT,Standard,4
2024,01,MERCEDES,45,Toledo,RAC,BEV,FOCUS SEGMENT,Standard,1
2024,01,MG,45,Toledo,Corporate,ICE,REST,Standard,1
2024,01,MG,45,Toledo,Private,ICE,REST,Standard,34
2024,01,MG,45,Toledo,Private,PHEV,REST,Standard,1
2024,01,MINI,45,Toledo,Corporate,ICE,FOCUS SEGMENT,JCW,1
2024,01,MITSUBISHI,45,Toledo,Corporate,ICE,REST,Standard,5
2024,01,MITSUBISHI,45,Toledo,Corporate,PHEV,REST,Standard,1
2024,01,MITSUBISHI,45,Toledo,Private,ICE,REST,Standard,2
2024,01,NISSAN,45,Toledo,Corporate,ICE,REST,Standard,6
2024,01,NISSAN,45,Toledo,Private,ICE,REST,Standard,11
2024,01,NISSAN,45,Toledo,RAC,ICE,REST,Standard,8
2024,01,OPEL,45,Toledo,Corporate,ICE,REST,Standard,19
2024,01,OPEL,45,Toledo,Private,ICE,REST,Standard,4
2024,01,PEUGEOT,45,Toledo,Corporate,BEV,REST,Standard,10
2024,01,PEUGEOT,45,Toledo,Corporate,ICE,REST,Standard,96
2024,01,PEUGEOT,45,Toledo,Corporate,PHEV,REST,Standard,15
2024,01,PEUGEOT,45,Toledo,Private,ICE,REST,Standard,25
2024,01,PEUGEOT,45,Toledo,Private,PHEV,REST,Standard,1
2024,01,PEUGEOT,45,Toledo,RAC,BEV,REST,Standard,2
2024,01,POLESTAR,45,Toledo,Private,BEV,FOCUS SEGMENT,Standard,1
2024,01,RENAULT,45,Toledo,Corporate,ICE,REST,Standard,12
2024,01,RENAULT,45,Toledo,Private,ICE,REST,Standard,33
2024,01,SEAT,45,Toledo,Corporate,ICE,REST,Standard,5
2024,01,SEAT,45,Toledo,Corporate,PHEV,REST,Standard,1
2024,01,SEAT,45,Toledo,Private,ICE,REST,Standard,30
2024,01,SKODA,45,Toledo,Private,ICE,REST,Standard,7
2024,01,SMART,45,Toledo,Private,BEV,REST,Standard,1
2024,01,SSANGYONG,45,Toledo,Corporate,BEV,REST,Standard,2
2024,01,SSANGYONG,45,Toledo,Corporate,ICE,REST,Standard,1
2024,01,SUBARU,45,Toledo,Corporate,BEV,REST,Standard,2
2024,01,SUBARU,45,Toledo,Corporate,ICE,REST,Standard,4
2024,01,SUZUKI,45,Toledo,Corporate,ICE,REST,Standard,1
2024,01,SUZUKI,45,Toledo,Private,ICE,REST,Standard,3
2024,01,TESLA,45,Toledo,Corporate,BEV,FOCUS SEGMENT,Standard,4
2024,01,TESLA,45,Toledo,Private,BEV,FOCUS SEGMENT,Standard,9
2024,01,TOYOTA,45,Toledo,Corporate,BEV,REST,Standard,1
2024,01,TOYOTA,45,Toledo,Corporate,ICE,REST,Standard,4
2024,01,TOYOTA,45,Toledo,Private,ICE,REST,Standard,58
2024,01,TOYOTA,45,Toledo,Private,PHEV,REST,Standard,4
2024,01,VOLKSWAGEN,45,Toledo,Corporate,BEV,REST,Standard,2
2024,01,VOLKSWAGEN,45,Toledo,Corporate,ICE,REST,Standard,5
2024,01,VOLKSWAGEN,45,Toledo,Private,ICE,REST,Standard,11
2024,01,VOLVO,45,Toledo,Corporate,BEV,FOCUS SEGMENT,Standard,4
2024,01,VOLVO,45,Toledo,Corporate,ICE,FOCUS SEGMENT,Standard,1
2024,01,VOLVO,45,Toledo,Private,ICE,FOCUS SEGMENT,Standard,5
2024,01,ALFA ROMEO,46,Valencia,RAC,ICE,REST,Standard,1
2024,01,ASTON MARTIN,46,Valencia,Corporate,ICE,FOCUS SEGMENT,Standard,1
2024,01,AUDI,46,Valencia,Corporate,BEV,FOCUS SEGMENT,Standard,3
2024,01,AUDI,46,Valencia,Corporate,ICE,FOCUS SEGMENT,Standard,23
2024,01,AUDI,46,Valencia,Corporate,PHEV,FOCUS SEGMENT,Standard,6
2024,01,AUDI,46,Valencia,Private,BEV,FOCUS SEGMENT,Standard,1
2024,01,AUDI,46,Valencia,Private,ICE,FOCUS SEGMENT,Standard,35
2024,01,AUDI,46,Valencia,Private,PHEV,FOCUS SEGMENT,Standard,2
2024,01,BMW,46,Valencia,Corporate,BEV,FOCUS SEGMENT,Standard,2
2024,01,BMW,46,Valencia,Corporate,ICE,FOCUS SEGMENT,M,2
2024,01,BMW,46,Valencia,Corporate,ICE,FOCUS SEGMENT,M Performance,1
2024,01,BMW,46,Valencia,Corporate,ICE,FOCUS SEGMENT,Standard,29
2024,01,BMW,46,Valencia,Corporate,PHEV,FOCUS SEGMENT,M,1
2024,01,BMW,46,Valencia,Corporate,PHEV,FOCUS SEGMENT,Standard,1
2024,01,BMW,46,Valencia,Private,BEV,FOCUS SEGMENT,M Performance,1
2024,01,BMW,46,Valencia,Private,BEV,FOCUS SEGMENT,Standard,4
2024,01,BMW,46,Valencia,Private,ICE,FOCUS SEGMENT,Standard,62
2024,01,BMW,46,Valencia,Private,PHEV,FOCUS SEGMENT,Standard,3
2024,01,BYD,46,Valencia,Corporate,BEV,REST,Standard,2
2024,01,BYD,46,Valencia,Private,BEV,REST,Standard,10
2024,01,CITROEN,46,Valencia,Corporate,BEV,REST,Standard,1
2024,01,CITROEN,46,Valencia,Corporate,ICE,REST,Standard,9
2024,01,CITROEN,46,Valencia,Corporate,PHEV,REST,Standard,1
2024,01,CITROEN,46,Valencia,Private,BEV,REST,Standard,2
2024,01,CITROEN,46,Valencia,Private,ICE,REST,Standard,69
2024,01,CUPRA,46,Valencia,Corporate,BEV,REST,Standard,1
2024,01,CUPRA,46,Valencia,Corporate,ICE,REST,Standard,4
2024,01,CUPRA,46,Valencia,Private,ICE,REST,Standard,13
2024,01,CUPRA,46,Valencia,Private,PHEV,REST,Standard,7
2024,01,DACIA,46,Valencia,Corporate,ICE,REST,Standard,6
2024,01,DACIA,46,Valencia,Private,BEV,REST,Standard,2
2024,01,DACIA,46,Valencia,Private,ICE,REST,Standard,142
2024,01,DACIA,46,Valencia,RAC,ICE,REST,Standard,3
2024,01,DFSK,46,Valencia,Private,ICE,,Standard,1
2024,01,DR,46,Valencia,Private,ICE,REST,Standard,1
2024,01,DS,46,Valencia,Corporate,ICE,REST,Standard,1
2024,01,DS,46,Valencia,Private,ICE,REST,Standard,2
2024,01,DS,46,Valencia,RAC,PHEV,REST,Standard,1
2024,01,FIAT,46,Valencia,Corporate,BEV,REST,Standard,1
2024,01,FIAT,46,Valencia,Corporate,ICE,REST,Standard,4
2024,01,FIAT,46,Valencia,Private,BEV,REST,Standard,2
2024,01,FIAT,46,Valencia,Private,ICE,,Standard,10
2024,01,FIAT,46,Valencia,Private,ICE,REST,Standard,18
2024,01,FIAT,46,Valencia,RAC,ICE,REST,Standard,2
2024,01,FORD,46,Valencia,Corporate,BEV,REST,Standard,2
2024,01,FORD,46,Valencia,Corporate,ICE,REST,Standard,30
2024,01,FORD,46,Valencia,Corporate,PHEV,REST,Standard,14
2024,01,FORD,46,Valencia,Private,ICE,REST,Standard,89
2024,01,FORD,46,Valencia,Private,PHEV,REST,Standard,14
2024,01,FORD,46,Valencia,RAC,ICE,REST,Standard,13
2024,01,FORD,46,Valencia,RAC,PHEV,REST,Standard,9
2024,01,HONDA,46,Valencia,Corporate,ICE,REST,Standard,6
2024,01,HONDA,46,Valencia,Private,ICE,REST,Standard,7
2024,01,HYUNDAI,46,Valencia,Corporate,BEV,REST,Standard,1
2024,01,HYUNDAI,46,Valencia,Corporate,ICE,REST,Standard,12
2024,01,HYUNDAI,46,Valencia,Corporate,PHEV,REST,Standard,1
2024,01,HYUNDAI,46,Valencia,Private,BEV,REST,Standard,4
2024,01,HYUNDAI,46,Valencia,Private,ICE,REST,Standard,134
2024,01,HYUNDAI,46,Valencia,Private,PHEV,REST,Standard,3
2024,01,HYUNDAI,46,Valencia,RAC,ICE,REST,Standard,8
2024,01,JAGUAR,46,Valencia,Corporate,ICE,FOCUS SEGMENT,Standard,3
2024,01,JAGUAR,46,Valencia,Private,PHEV,FOCUS SEGMENT,Standard,1
2024,01,JEEP,46,Valencia,Corporate,ICE,REST,Standard,8
2024,01,JEEP,46,Valencia,Corporate,PHEV,REST,Standard,1
2024,01,JEEP,46,Valencia,Private,ICE,REST,Standard,12
2024,01,JEEP,46,Valencia,Private,PHEV,REST,Standard,2
2024,01,KIA,46,Valencia,Corporate,ICE,REST,Standard,14
2024,01,KIA,46,Valencia,Corporate,PHEV,REST,Standard,9
2024,01,KIA,46,Valencia,Private,BEV,REST,Standard,2
2024,01,KIA,46,Valencia,Private,ICE,REST,Standard,184
2024,01,KIA,46,Valencia,Private,PHEV,REST,Standard,13
2024,01,LAND ROVER,46,Valencia,Corporate,ICE,FOCUS SEGMENT,Standard,7
2024,01,LAND ROVER,46,Valencia,Corporate,PHEV,FOCUS SEGMENT,Standard,11
2024,01,LAND ROVER,46,Valencia,Private,ICE,FOCUS SEGMENT,Standard,3
2024,01,LAND ROVER,46,Valencia,Private,PHEV,FOCUS SEGMENT,Standard,4
2024,01,LEXUS,46,Valencia,Corporate,ICE,FOCUS SEGMENT,Standard,7
2024,01,LEXUS,46,Valencia,Corporate,PHEV,FOCUS SEGMENT,Standard,3
2024,01,LEXUS,46,Valencia,Private,ICE,FOCUS SEGMENT,Standard,16
2024,01,MASERATI,46,Valencia,Corporate,ICE,FOCUS SEGMENT,Standard,1
2024,01,MAZDA,46,Valencia,Corporate,ICE,REST,Standard,11
2024,01,MAZDA,46,Valencia,Private,ICE,REST,Standard,36
2024,01,MERCEDES,46,Valencia,Corporate,BEV,FOCUS SEGMENT,Standard,17
2024,01,MERCEDES,46,Valencia,Corporate,ICE,FOCUS SEGMENT,M Performance,5
2024,01,MERCEDES,46,Valencia,Corporate,ICE,FOCUS SEGMENT,Standard,51
2024,01,MERCEDES,46,Valencia,Corporate,ICE,REST,Standard,2
2024,01,MERCEDES,46,Valencia,Corporate,PHEV,FOCUS SEGMENT,Standard,16
2024,01,MERCEDES,46,Valencia,Private,BEV,FOCUS SEGMENT,Standard,4
2024,01,MERCEDES,46,Valencia,Private,ICE,FOCUS SEGMENT,M Performance,1
2024,01,MERCEDES,46,Valencia,Private,ICE,FOCUS SEGMENT,Standard,38
2024,01,MERCEDES,46,Valencia,Private,ICE,REST,Standard,1
2024,01,MERCEDES,46,Valencia,Private,PHEV,FOCUS SEGMENT,Standard,14
2024,01,MERCEDES,46,Valencia,RAC,ICE,FOCUS SEGMENT,Standard,1
2024,01,MERCEDES,46,Valencia,RAC,ICE,REST,Standard,1
2024,01,MERCEDES-V,46,Valencia,Corporate,BEV,REST,Standard,1
2024,01,MERCEDES-V,46,Valencia,Private,ICE,REST,Standard,1
2024,01,MERCEDES-V,46,Valencia,RAC,ICE,REST,Standard,1
2024,01,MG,46,Valencia,Corporate,BEV,REST,Standard,3
2024,01,MG,46,Valencia,Corporate,ICE,REST,Standard,15
2024,01,MG,46,Valencia,Corporate,PHEV,REST,Standard,1
2024,01,MG,46,Valencia,Private,BEV,REST,Standard,10
2024,01,MG,46,Valencia,Private,ICE,REST,Standard,141
2024,01,MG,46,Valencia,Private,PHEV,REST,Standard,6
2024,01,MINI,46,Valencia,Private,ICE,FOCUS SEGMENT,Standard,11
2024,01,MINI,46,Valencia,Private,PHEV,FOCUS SEGMENT,Standard,1
2024,01,MITSUBISHI,46,Valencia,Corporate,ICE,REST,Standard,7
2024,01,MITSUBISHI,46,Valencia,Private,ICE,REST,Standard,6
2024,01,MITSUBISHI,46,Valencia,Private,PHEV,REST,Standard,1
2024,01,NISSAN,46,Valencia,Corporate,BEV,REST,Standard,1
2024,01,NISSAN,46,Valencia,Corporate,ICE,REST,Standard,14
2024,01,NISSAN,46,Valencia,Private,ICE,REST,Standard,38
2024,01,OMODA,46,Valencia,Private,ICE,REST,Standard,3
2024,01,OPEL,46,Valencia,Corporate,ICE,REST,Standard,3
2024,01,OPEL,46,Valencia,Corporate,PHEV,REST,Standard,1
2024,01,OPEL,46,Valencia,Private,BEV,REST,Standard,1
2024,01,OPEL,46,Valencia,Private,ICE,REST,Standard,70
2024,01,PEUGEOT,46,Valencia,Corporate,BEV,REST,Standard,4
2024,01,PEUGEOT,46,Valencia,Corporate,ICE,REST,Standard,32
2024,01,PEUGEOT,46,Valencia,Corporate,PHEV,REST,Standard,3
2024,01,PEUGEOT,46,Valencia,Private,BEV,REST,Standard,7
2024,01,PEUGEOT,46,Valencia,Private,ICE,REST,Standard,98
2024,01,PEUGEOT,46,Valencia,Private,PHEV,REST,Standard,5
2024,01,PEUGEOT,46,Valencia,RAC,BEV,REST,Standard,1
2024,01,PEUGEOT,46,Valencia,RAC,ICE,REST,Standard,3
2024,01,PORSCHE,46,Valencia,Corporate,ICE,FOCUS SEGMENT,M,1
2024,01,PORSCHE,46,Valencia,Corporate,ICE,FOCUS SEGMENT,M Performance,5
2024,01,PORSCHE,46,Valencia,Corporate,ICE,FOCUS SEGMENT,Standard,1
2024,01,PORSCHE,46,Valencia,Corporate,PHEV,FOCUS SEGMENT,M Performance,1
2024,01,PORSCHE,46,Valencia,Corporate,PHEV,FOCUS SEGMENT,Standard,3
2024,01,PORSCHE,46,Valencia,Private,ICE,FOCUS SEGMENT,M,1
2024,01,PORSCHE,46,Valencia,Private,ICE,FOCUS SEGMENT,M Performance,1
2024,01,PORSCHE,46,Valencia,Private,ICE,FOCUS SEGMENT,Standard,2
2024,01,PORSCHE,46,Valencia,RAC,ICE,FOCUS SEGMENT,Standard,3
2024,01,RENAULT,46,Valencia,Corporate,ICE,REST,Standard,28
2024,01,RENAULT,46,Valencia,Private,ICE,REST,Standard,115
2024,01,SEAT,46,Valencia,Corporate,ICE,REST,Standard,17
2024,01,SEAT,46,Valencia,Private,ICE,REST,Standard,120
2024,01,SKODA,46,Valencia,Corporate,ICE,REST,Standard,10
2024,01,SKODA,46,Valencia,Private,BEV,REST,Standard,1
2024,01,SKODA,46,Valencia,Private,ICE,REST,Standard,65
2024,01,SMART,46,Valencia,Corporate,BEV,FOCUS SEGMENT,Standard,7
2024,01,SMART,46,Valencia,Private,BEV,FOCUS SEGMENT,Standard,3
2024,01,SMART,46,Valencia,Private,BEV,REST,Standard,1
2024,01,SSANGYONG,46,Valencia,Corporate,ICE,REST,Standard,3
2024,01,SSANGYONG,46,Valencia,Private,ICE,REST,Standard,3
2024,01,SUBARU,46,Valencia,Corporate,BEV,REST,Standard,1
2024,01,SUBARU,46,Valencia,Corporate,ICE,REST,Standard,2
2024,01,SUZUKI,46,Valencia,Corporate,ICE,REST,Standard,1
2024,01,SUZUKI,46,Valencia,Private,ICE,REST,Standard,10
2024,01,TESLA,46,Valencia,Corporate,BEV,FOCUS SEGMENT,Standard,13
2024,01,TESLA,46,Valencia,Private,BEV,FOCUS SEGMENT,Standard,70
2024,01,TOYOTA,46,Valencia,Corporate,ICE,REST,Standard,54
2024,01,TOYOTA,46,Valencia,Corporate,PHEV,REST,Standard,1
2024,01,TOYOTA,46,Valencia,Private,ICE,REST,Standard,271
2024,01,TOYOTA,46,Valencia,Private,PHEV,REST,Standard,2
2024,01,VOLKSWAGEN,46,Valencia,Corporate,BEV,REST,Standard,2
2024,01,VOLKSWAGEN,46,Valencia,Corporate,ICE,REST,Standard,17
2024,01,VOLKSWAGEN,46,Valencia,Corporate,PHEV,REST,Standard,1
2024,01,VOLKSWAGEN,46,Valencia,Private,ICE,REST,Standard,51
2024,01,VOLVO,46,Valencia,Corporate,BEV,FOCUS SEGMENT,Standard,13
2024,01,VOLVO,46,Valencia,Corporate,ICE,FOCUS SEGMENT,Standard,7
2024,01,VOLVO,46,Valencia,Private,BEV,FOCUS SEGMENT,Standard,1
2024,01,VOLVO,46,Valencia,Private,ICE,FOCUS SEGMENT,Standard,16
2024,01,VOLVO,46,Valencia,Private,PHEV,FOCUS SEGMENT,Standard,2
2024,01,ALPINE,47,Valladolid,Private,ICE,REST,Standard,1
2024,01,AUDI,47,Valladolid,Corporate,ICE,FOCUS SEGMENT,Standard,2
2024,01,AUDI,47,Valladolid,Corporate,PHEV,FOCUS SEGMENT,Standard,1
2024,01,AUDI,47,Valladolid,Private,BEV,FOCUS SEGMENT,Standard,2
2024,01,AUDI,47,Valladolid,Private,ICE,FOCUS SEGMENT,M,1
2024,01,AUDI,47,Valladolid,Private,ICE,FOCUS SEGMENT,Standard,7
2024,01,AUDI,47,Valladolid,Private,PHEV,FOCUS SEGMENT,Standard,1
2024,01,BMW,47,Valladolid,Corporate,ICE,FOCUS SEGMENT,Standard,9
2024,01,BMW,47,Valladolid,Private,BEV,FOCUS SEGMENT,Standard,1
2024,01,BMW,47,Valladolid,Private,ICE,FOCUS SEGMENT,Standard,6
2024,01,BMW,47,Valladolid,Private,PHEV,FOCUS SEGMENT,Standard,1
2024,01,CITROEN,47,Valladolid,Private,ICE,REST,Standard,8
2024,01,CITROEN,47,Valladolid,Private,PHEV,REST,Standard,1
2024,01,CUPRA,47,Valladolid,Corporate,ICE,REST,Standard,1
2024,01,CUPRA,47,Valladolid,Corporate,PHEV,REST,Standard,1
2024,01,CUPRA,47,Valladolid,Private,PHEV,REST,Standard,1
2024,01,DACIA,47,Valladolid,Corporate,ICE,REST,Standard,3
2024,01,DACIA,47,Valladolid,Private,BEV,REST,Standard,1
2024,01,DACIA,47,Valladolid,Private,ICE,REST,Standard,42
2024,01,FORD,47,Valladolid,Private,ICE,REST,Standard,3
2024,01,FORD,47,Valladolid,Private,PHEV,REST,Standard,2
2024,01,HONDA,47,Valladolid,Corporate,ICE,REST,Standard,3
2024,01,HYUNDAI,47,Valladolid,Corporate,ICE,REST,Standard,4
2024,01,HYUNDAI,47,Valladolid,Corporate,PHEV,REST,Standard,1
2024,01,HYUNDAI,47,Valladolid,Private,ICE,REST,Standard,17
2024,01,HYUNDAI,47,Valladolid,Private,PHEV,REST,Standard,1
2024,01,KIA,47,Valladolid,Corporate,ICE,REST,Standard,4
2024,01,KIA,47,Valladolid,Private,BEV,REST,Standard,1
2024,01,KIA,47,Valladolid,Private,ICE,REST,Standard,31
2024,01,KIA,47,Valladolid,Private,PHEV,REST,Standard,3
2024,01,LAND ROVER,47,Valladolid,Corporate,PHEV,FOCUS SEGMENT,Standard,2
2024,01,LEXUS,47,Valladolid,Private,ICE,FOCUS SEGMENT,Standard,3
2024,01,MAZDA,47,Valladolid,Corporate,ICE,REST,Standard,2
2024,01,MAZDA,47,Valladolid,Private,ICE,REST,Standard,6
2024,01,MERCEDES,47,Valladolid,Corporate,ICE,FOCUS SEGMENT,Standard,8
2024,01,MERCEDES,47,Valladolid,Corporate,ICE,REST,Standard,1
2024,01,MERCEDES,47,Valladolid,Corporate,PHEV,FOCUS SEGMENT,Standard,2
2024,01,MERCEDES,47,Valladolid,Private,ICE,FOCUS SEGMENT,Standard,4
2024,01,MERCEDES,47,Valladolid,Private,ICE,REST,Standard,1
2024,01,MERCEDES,47,Valladolid,Private,PHEV,FOCUS SEGMENT,Standard,2
2024,01,MG,47,Valladolid,Corporate,BEV,REST,Standard,1
2024,01,MG,47,Valladolid,Corporate,ICE,REST,Standard,1
2024,01,MG,47,Valladolid,Corporate,PHEV,REST,Standard,1
2024,01,MG,47,Valladolid,Private,BEV,REST,Standard,2
2024,01,MG,47,Valladolid,Private,ICE,REST,Standard,21
2024,01,MG,47,Valladolid,Private,PHEV,REST,Standard,1
2024,01,MINI,47,Valladolid,Corporate,PHEV,FOCUS SEGMENT,Standard,1
2024,01,MINI,47,Valladolid,Private,ICE,FOCUS SEGMENT,Standard,2
2024,01,MITSUBISHI,47,Valladolid,Corporate,ICE,REST,Standard,1
2024,01,MITSUBISHI,47,Valladolid,Corporate,PHEV,REST,Standard,1
2024,01,MITSUBISHI,47,Valladolid,Private,ICE,REST,Standard,2
2024,01,NISSAN,47,Valladolid,Corporate,ICE,REST,Standard,3
2024,01,NISSAN,47,Valladolid,Private,ICE,REST,Standard,9
2024,01,OPEL,47,Valladolid,Private,ICE,REST,Standard,2
2024,01,PEUGEOT,47,Valladolid,Corporate,ICE,REST,Standard,1
2024,01,PEUGEOT,47,Valladolid,Private,BEV,REST,Standard,1
2024,01,PEUGEOT,47,Valladolid,Private,ICE,REST,Standard,11
2024,01,PORSCHE,47,Valladolid,Private,ICE,FOCUS SEGMENT,M,1
2024,01,RENAULT,47,Valladolid,Corporate,ICE,REST,Standard,9
2024,01,RENAULT,47,Valladolid,Private,ICE,REST,Standard,26
2024,01,SEAT,47,Valladolid,Corporate,ICE,REST,Standard,4
2024,01,SEAT,47,Valladolid,Private,ICE,REST,Standard,13
2024,01,SEAT,47,Valladolid,Private,PHEV,REST,Standard,1
2024,01,SKODA,47,Valladolid,Private,ICE,REST,Standard,10
2024,01,SSANGYONG,47,Valladolid,Private,ICE,REST,Standard,2
2024,01,SUZUKI,47,Valladolid,Private,ICE,REST,Standard,6
2024,01,TESLA,47,Valladolid,Corporate,BEV,FOCUS SEGMENT,Standard,2
2024,01,TESLA,47,Valladolid,Private,BEV,FOCUS SEGMENT,Standard,6
2024,01,TOYOTA,47,Valladolid,Corporate,ICE,REST,Standard,4
2024,01,TOYOTA,47,Valladolid,Private,ICE,REST,Standard,37
2024,01,VOLKSWAGEN,47,Valladolid,Corporate,ICE,REST,Standard,1
2024,01,VOLKSWAGEN,47,Valladolid,Private,ICE,REST,Standard,2
2024,01,VOLVO,47,Valladolid,Private,ICE,FOCUS SEGMENT,Standard,4
2024,01,VOLVO,47,Valladolid,Private,PHEV,FOCUS SEGMENT,Standard,1
2024,01,ALFA ROMEO,48,Bizkaia,Corporate,ICE,REST,Standard,1
2024,01,AUDI,48,Bizkaia,Corporate,BEV,FOCUS SEGMENT,Standard,2
2024,01,AUDI,48,Bizkaia,Corporate,ICE,FOCUS SEGMENT,Standard,17
2024,01,AUDI,48,Bizkaia,Corporate,PHEV,FOCUS SEGMENT,Standard,1
2024,01,AUDI,48,Bizkaia,Private,ICE,FOCUS SEGMENT,Standard,14
2024,01,AUDI,48,Bizkaia,Private,PHEV,FOCUS SEGMENT,Standard,1
2024,01,BMW,48,Bizkaia,Corporate,ICE,FOCUS SEGMENT,Standard,9
2024,01,BMW,48,Bizkaia,Corporate,PHEV,FOCUS SEGMENT,M,1
2024,01,BMW,48,Bizkaia,Corporate,PHEV,FOCUS SEGMENT,Standard,1
2024,01,BMW,48,Bizkaia,Private,BEV,FOCUS SEGMENT,Standard,1
2024,01,BMW,48,Bizkaia,Private,ICE,FOCUS SEGMENT,M Performance,1
2024,01,BMW,48,Bizkaia,Private,ICE,FOCUS SEGMENT,Standard,17
2024,01,BMW,48,Bizkaia,Private,PHEV,FOCUS SEGMENT,Standard,4
2024,01,BYD,48,Bizkaia,Corporate,BEV,REST,Standard,1
2024,01,BYD,48,Bizkaia,Private,BEV,REST,Standard,2
2024,01,CITROEN,48,Bizkaia,Corporate,BEV,REST,Standard,1
2024,01,CITROEN,48,Bizkaia,Corporate,ICE,REST,Standard,10
2024,01,CITROEN,48,Bizkaia,Private,BEV,REST,Standard,1
2024,01,CITROEN,48,Bizkaia,Private,ICE,REST,Standard,32
2024,01,CITROEN,48,Bizkaia,Private,PHEV,REST,Standard,1
2024,01,CUPRA,48,Bizkaia,Corporate,ICE,REST,Standard,1
2024,01,CUPRA,48,Bizkaia,Private,ICE,REST,Standard,12
2024,01,CUPRA,48,Bizkaia,Private,PHEV,REST,Standard,3
2024,01,DACIA,48,Bizkaia,Corporate,ICE,REST,Standard,9
2024,01,DACIA,48,Bizkaia,Private,ICE,REST,Standard,57
2024,01,DR,48,Bizkaia,Corporate,ICE,,Standard,1
2024,01,DS,48,Bizkaia,Corporate,PHEV,REST,Standard,1
2024,01,DS,48,Bizkaia,Private,ICE,REST,Standard,1
2024,01,DS,48,Bizkaia,Private,PHEV,REST,Standard,1
2024,01,FIAT,48,Bizkaia,Private,ICE,REST,Standard,3
2024,01,FORD,48,Bizkaia,Corporate,BEV,REST,Standard,1
2024,01,FORD,48,Bizkaia,Corporate,ICE,REST,Standard,11
2024,01,FORD,48,Bizkaia,Private,ICE,REST,Standard,11
2024,01,FORD,48,Bizkaia,Private,PHEV,REST,Standard,3
2024,01,HONDA,48,Bizkaia,Corporate,ICE,REST,Standard,2
2024,01,HONDA,48,Bizkaia,Private,ICE,REST,Standard,4
2024,01,HYUNDAI,48,Bizkaia,Corporate,ICE,REST,Standard,12
2024,01,HYUNDAI,48,Bizkaia,Corporate,PHEV,REST,Standard,2
2024,01,HYUNDAI,48,Bizkaia,Private,ICE,REST,Standard,57
2024,01,HYUNDAI,48,Bizkaia,Private,PHEV,REST,Standard,3
2024,01,JEEP,48,Bizkaia,Corporate,ICE,REST,Standard,1
2024,01,JEEP,48,Bizkaia,Private,ICE,REST,Standard,3
2024,01,JEEP,48,Bizkaia,Private,PHEV,REST,Standard,1
2024,01,KIA,48,Bizkaia,Corporate,ICE,REST,Standard,9
2024,01,KIA,48,Bizkaia,Corporate,PHEV,REST,Standard,5
2024,01,KIA,48,Bizkaia,Private,BEV,REST,Standard,1
2024,01,KIA,48,Bizkaia,Private,ICE,REST,Standard,44
2024,01,KIA,48,Bizkaia,Private,PHEV,REST,Standard,3
2024,01,LAND ROVER,48,Bizkaia,Corporate,ICE,FOCUS SEGMENT,Standard,3
2024,01,LAND ROVER,48,Bizkaia,Corporate,PHEV,FOCUS SEGMENT,Standard,1
2024,01,LAND ROVER,48,Bizkaia,Private,PHEV,FOCUS SEGMENT,Standard,1
2024,01,LEXUS,48,Bizkaia,Corporate,ICE,FOCUS SEGMENT,Standard,5
2024,01,LEXUS,48,Bizkaia,Corporate,PHEV,FOCUS SEGMENT,Standard,2
2024,01,LEXUS,48,Bizkaia,Private,ICE,FOCUS SEGMENT,Standard,12
2024,01,LEXUS,48,Bizkaia,Private,PHEV,FOCUS SEGMENT,Standard,1
2024,01,MAZDA,48,Bizkaia,Corporate,ICE,REST,Standard,1
2024,01,MAZDA,48,Bizkaia,Private,ICE,REST,Standard,21
2024,01,MAZDA,48,Bizkaia,Private,PHEV,REST,Standard,1
2024,01,MERCEDES,48,Bizkaia,Corporate,ICE,FOCUS SEGMENT,Standard,13
2024,01,MERCEDES,48,Bizkaia,Corporate,ICE,REST,Standard,6
2024,01,MERCEDES,48,Bizkaia,Corporate,PHEV,FOCUS SEGMENT,Standard,13
2024,01,MERCEDES,48,Bizkaia,Private,ICE,FOCUS SEGMENT,M Performance,2
2024,01,MERCEDES,48,Bizkaia,Private,ICE,FOCUS SEGMENT,Standard,4
2024,01,MERCEDES,48,Bizkaia,Private,ICE,REST,Standard,2
2024,01,MERCEDES,48,Bizkaia,Private,PHEV,FOCUS SEGMENT,Standard,8
2024,01,MG,48,Bizkaia,Corporate,ICE,REST,Standard,2
2024,01,MG,48,Bizkaia,Corporate,PHEV,REST,Standard,4
2024,01,MG,48,Bizkaia,Private,BEV,REST,Standard,9
2024,01,MG,48,Bizkaia,Private,ICE,REST,Standard,51
2024,01,MG,48,Bizkaia,Private,PHEV,REST,Standard,3
2024,01,MINI,48,Bizkaia,Corporate,ICE,FOCUS SEGMENT,Standard,5
2024,01,MINI,48,Bizkaia,Corporate,PHEV,FOCUS SEGMENT,Standard,11
2024,01,MINI,48,Bizkaia,Private,ICE,FOCUS SEGMENT,JCW,1
2024,01,MINI,48,Bizkaia,Private,ICE,FOCUS SEGMENT,Standard,5
2024,01,MINI,48,Bizkaia,Private,PHEV,FOCUS SEGMENT,Standard,1
2024,01,MITSUBISHI,48,Bizkaia,Corporate,ICE,REST,Standard,3
2024,01,MITSUBISHI,48,Bizkaia,Corporate,PHEV,REST,Standard,1
2024,01,MITSUBISHI,48,Bizkaia,Private,ICE,REST,Standard,2
2024,01,NISSAN,48,Bizkaia,Corporate,BEV,REST,Standard,1
2024,01,NISSAN,48,Bizkaia,Corporate,ICE,REST,Standard,1
2024,01,NISSAN,48,Bizkaia,Private,ICE,REST,Standard,13
2024,01,OPEL,48,Bizkaia,Corporate,BEV,REST,Standard,1
2024,01,OPEL,48,Bizkaia,Corporate,ICE,REST,Standard,3
2024,01,OPEL,48,Bizkaia,Corporate,PHEV,REST,Standard,1
2024,01,OPEL,48,Bizkaia,Private,BEV,REST,Standard,1
2024,01,OPEL,48,Bizkaia,Private,ICE,REST,Standard,15
2024,01,PEUGEOT,48,Bizkaia,Corporate,BEV,REST,Standard,3
2024,01,PEUGEOT,48,Bizkaia,Corporate,ICE,REST,Standard,20
2024,01,PEUGEOT,48,Bizkaia,Corporate,PHEV,REST,Standard,1
2024,01,PEUGEOT,48,Bizkaia,Private,BEV,REST,Standard,1
2024,01,PEUGEOT,48,Bizkaia,Private,ICE,REST,Standard,14
2024,01,PEUGEOT,48,Bizkaia,Private,PHEV,REST,Standard,3
2024,01,PORSCHE,48,Bizkaia,Corporate,ICE,FOCUS SEGMENT,M,1
2024,01,PORSCHE,48,Bizkaia,Corporate,ICE,FOCUS SEGMENT,M Performance,2
2024,01,PORSCHE,48,Bizkaia,Corporate,ICE,FOCUS SEGMENT,Standard,2
2024,01,PORSCHE,48,Bizkaia,Corporate,PHEV,FOCUS SEGMENT,M Performance,1
2024,01,PORSCHE,48,Bizkaia,Corporate,PHEV,FOCUS SEGMENT,Standard,2
2024,01,PORSCHE,48,Bizkaia,Private,BEV,FOCUS SEGMENT,M Performance,1
2024,01,PORSCHE,48,Bizkaia,Private,ICE,FOCUS SEGMENT,M,1
2024,01,PORSCHE,48,Bizkaia,Private,ICE,FOCUS SEGMENT,M Performance,2
2024,01,PORSCHE,48,Bizkaia,Private,ICE,FOCUS SEGMENT,Standard,2
2024,01,PORSCHE,48,Bizkaia,Private,PHEV,FOCUS SEGMENT,Standard,1
2024,01,PORSCHE,48,Bizkaia,RAC,ICE,FOCUS SEGMENT,M Performance,1
2024,01,PORSCHE,48,Bizkaia,RAC,ICE,FOCUS SEGMENT,Standard,4
2024,01,PORSCHE,48,Bizkaia,RAC,PHEV,FOCUS SEGMENT,Standard,1
2024,01,REHATRANS,48,Bizkaia,Corporate,ICE,REST,Standard,1
2024,01,RENAULT,48,Bizkaia,Corporate,ICE,REST,Standard,8
2024,01,RENAULT,48,Bizkaia,Private,ICE,REST,Standard,21
2024,01,SEAT,48,Bizkaia,Corporate,ICE,REST,Standard,13
2024,01,SEAT,48,Bizkaia,Private,ICE,REST,Standard,59
2024,01,SKODA,48,Bizkaia,Corporate,BEV,REST,Standard,1
2024,01,SKODA,48,Bizkaia,Corporate,ICE,REST,Standard,2
2024,01,SKODA,48,Bizkaia,Private,BEV,REST,Standard,1
2024,01,SKODA,48,Bizkaia,Private,ICE,REST,Standard,32
2024,01,SSANGYONG,48,Bizkaia,Corporate,ICE,REST,Standard,1
2024,01,SUBARU,48,Bizkaia,Corporate,ICE,REST,Standard,1
2024,01,SUBARU,48,Bizkaia,Private,ICE,REST,Standard,1
2024,01,SUZUKI,48,Bizkaia,Corporate,ICE,REST,Standard,3
2024,01,SUZUKI,48,Bizkaia,Private,ICE,REST,Standard,10
2024,01,TESLA,48,Bizkaia,Corporate,BEV,FOCUS SEGMENT,Standard,3
2024,01,TESLA,48,Bizkaia,Private,BEV,FOCUS SEGMENT,Standard,19
2024,01,TOYOTA,48,Bizkaia,Corporate,ICE,REST,Standard,17
2024,01,TOYOTA,48,Bizkaia,Private,ICE,REST,Standard,96
2024,01,VOLKSWAGEN,48,Bizkaia,Corporate,ICE,REST,Standard,4
2024,01,VOLKSWAGEN,48,Bizkaia,Private,ICE,REST,Standard,25
2024,01,VOLKSWAGEN,48,Bizkaia,Private,PHEV,REST,Standard,2
2024,01,VOLVO,48,Bizkaia,Corporate,BEV,FOCUS SEGMENT,Standard,1
2024,01,VOLVO,48,Bizkaia,Corporate,ICE,FOCUS SEGMENT,Standard,4
2024,01,VOLVO,48,Bizkaia,Corporate,PHEV,FOCUS SEGMENT,Standard,1
2024,01,VOLVO,48,Bizkaia,Private,BEV,FOCUS SEGMENT,Standard,2
2024,01,VOLVO,48,Bizkaia,Private,ICE,FOCUS SEGMENT,Standard,7
2024,01,AUDI,49,Zamora,Corporate,ICE,FOCUS SEGMENT,Standard,1
2024,01,AUDI,49,Zamora,Private,ICE,FOCUS SEGMENT,Standard,1
2024,01,BMW,49,Zamora,Corporate,ICE,FOCUS SEGMENT,M,1
2024,01,BMW,49,Zamora,Private,ICE,FOCUS SEGMENT,Standard,4
2024,01,BMW,49,Zamora,Private,PHEV,FOCUS SEGMENT,Standard,1
2024,01,CITROEN,49,Zamora,Private,ICE,REST,Standard,2
2024,01,DACIA,49,Zamora,Corporate,ICE,REST,Standard,1
2024,01,DACIA,49,Zamora,Private,ICE,REST,Standard,11
2024,01,FORD,49,Zamora,Corporate,ICE,REST,Standard,2
2024,01,HONDA,49,Zamora,Private,ICE,REST,Standard,1
2024,01,HYUNDAI,49,Zamora,Private,ICE,REST,Standard,10
2024,01,KIA,49,Zamora,Corporate,ICE,REST,Standard,3
2024,01,KIA,49,Zamora,Private,ICE,REST,Standard,4
2024,01,MAZDA,49,Zamora,Corporate,ICE,REST,Standard,3
2024,01,MAZDA,49,Zamora,Private,ICE,REST,Standard,2
2024,01,MERCEDES,49,Zamora,Corporate,ICE,FOCUS SEGMENT,Standard,1
2024,01,MERCEDES,49,Zamora,Corporate,PHEV,FOCUS SEGMENT,Standard,1
2024,01,MERCEDES,49,Zamora,Private,ICE,FOCUS SEGMENT,Standard,3
2024,01,MERCEDES,49,Zamora,Private,PHEV,FOCUS SEGMENT,Standard,1
2024,01,MG,49,Zamora,Private,BEV,REST,Standard,2
2024,01,MG,49,Zamora,Private,ICE,REST,Standard,3
2024,01,MITSUBISHI,49,Zamora,Corporate,ICE,REST,Standard,1
2024,01,NISSAN,49,Zamora,Private,ICE,REST,Standard,3
2024,01,OPEL,49,Zamora,Private,ICE,REST,Standard,1
2024,01,PEUGEOT,49,Zamora,Corporate,ICE,REST,Standard,1
2024,01,RENAULT,49,Zamora,Corporate,ICE,REST,Standard,1
2024,01,RENAULT,49,Zamora,Private,ICE,REST,Standard,6
2024,01,SEAT,49,Zamora,Private,ICE,REST,Standard,6
2024,01,SUBARU,49,Zamora,Private,ICE,REST,Standard,1
2024,01,TOYOTA,49,Zamora,Corporate,ICE,REST,Standard,5
2024,01,TOYOTA,49,Zamora,Private,ICE,REST,Standard,10
2024,01,VOLKSWAGEN,49,Zamora,Corporate,ICE,REST,Standard,1
2024,01,VOLKSWAGEN,49,Zamora,Private,ICE,REST,Standard,3
2024,01,VOLVO,49,Zamora,Corporate,BEV,FOCUS SEGMENT,Standard,2
2024,01,ALFA ROMEO,50,Zaragoza,Corporate,ICE,REST,Standard,2
2024,01,AUDI,50,Zaragoza,Corporate,ICE,FOCUS SEGMENT,Standard,25
2024,01,AUDI,50,Zaragoza,Private,ICE,FOCUS SEGMENT,Standard,8
2024,01,AUDI,50,Zaragoza,Private,PHEV,FOCUS SEGMENT,Standard,1
2024,01,BMW,50,Zaragoza,Corporate,ICE,FOCUS SEGMENT,Standard,12
2024,01,BMW,50,Zaragoza,Private,BEV,FOCUS SEGMENT,Standard,2
2024,01,BMW,50,Zaragoza,Private,ICE,FOCUS SEGMENT,Standard,11
2024,01,BMW,50,Zaragoza,Private,PHEV,FOCUS SEGMENT,M,1
2024,01,BMW,50,Zaragoza,Private,PHEV,FOCUS SEGMENT,Standard,1
2024,01,BYD,50,Zaragoza,Private,BEV,REST,Standard,3
2024,01,CITROEN,50,Zaragoza,Corporate,ICE,REST,Standard,18
2024,01,CITROEN,50,Zaragoza,Private,BEV,REST,Standard,1
2024,01,CITROEN,50,Zaragoza,Private,ICE,REST,Standard,7
2024,01,CUPRA,50,Zaragoza,Corporate,ICE,REST,Standard,1
2024,01,CUPRA,50,Zaragoza,Corporate,PHEV,REST,Standard,1
2024,01,CUPRA,50,Zaragoza,Private,ICE,REST,Standard,6
2024,01,CUPRA,50,Zaragoza,Private,PHEV,REST,Standard,1
2024,01,DACIA,50,Zaragoza,Corporate,ICE,REST,Standard,6
2024,01,DACIA,50,Zaragoza,Private,ICE,REST,Standard,29
2024,01,DS,50,Zaragoza,Corporate,PHEV,REST,Standard,1
2024,01,DS,50,Zaragoza,RAC,ICE,REST,Standard,64
2024,01,FIAT,50,Zaragoza,Corporate,BEV,REST,Standard,10
2024,01,FIAT,50,Zaragoza,Corporate,ICE,REST,Standard,28
2024,01,FIAT,50,Zaragoza,Private,ICE,REST,Standard,1
2024,01,FORD,50,Zaragoza,Corporate,ICE,REST,Standard,1
2024,01,FORD,50,Zaragoza,Private,ICE,REST,Standard,5
2024,01,HONDA,50,Zaragoza,Corporate,ICE,REST,Standard,2
2024,01,HYUNDAI,50,Zaragoza,Corporate,ICE,REST,Standard,6
2024,01,HYUNDAI,50,Zaragoza,Private,ICE,REST,Standard,42
2024,01,HYUNDAI,50,Zaragoza,Private,PHEV,REST,Standard,1
2024,01,JAGUAR,50,Zaragoza,Corporate,ICE,FOCUS SEGMENT,Standard,1
2024,01,JEEP,50,Zaragoza,Corporate,ICE,REST,Standard,25
2024,01,JEEP,50,Zaragoza,Private,ICE,REST,Standard,5
2024,01,JEEP,50,Zaragoza,RAC,ICE,REST,Standard,80
2024,01,KIA,50,Zaragoza,Corporate,ICE,REST,Standard,1
2024,01,KIA,50,Zaragoza,Corporate,PHEV,REST,Standard,1
2024,01,KIA,50,Zaragoza,Private,BEV,REST,Standard,6
2024,01,KIA,50,Zaragoza,Private,ICE,REST,Standard,69
2024,01,KIA,50,Zaragoza,Private,PHEV,REST,Standard,1
2024,01,LAND ROVER,50,Zaragoza,Corporate,ICE,FOCUS SEGMENT,Standard,1
2024,01,LAND ROVER,50,Zaragoza,Corporate,PHEV,FOCUS SEGMENT,Standard,1
2024,01,LEXUS,50,Zaragoza,Corporate,ICE,FOCUS SEGMENT,Standard,1
2024,01,LEXUS,50,Zaragoza,Corporate,PHEV,FOCUS SEGMENT,Standard,1
2024,01,LEXUS,50,Zaragoza,Private,ICE,FOCUS SEGMENT,Standard,4
2024,01,LEXUS,50,Zaragoza,Private,PHEV,FOCUS SEGMENT,Standard,2
2024,01,MASERATI,50,Zaragoza,Private,ICE,FOCUS SEGMENT,Standard,1
2024,01,MAZDA,50,Zaragoza,Corporate,ICE,REST,Standard,3
2024,01,MAZDA,50,Zaragoza,Private,ICE,REST,Standard,13
2024,01,MERCEDES,50,Zaragoza,Corporate,BEV,FOCUS SEGMENT,Standard,1
2024,01,MERCEDES,50,Zaragoza,Corporate,ICE,FOCUS SEGMENT,M,1
2024,01,MERCEDES,50,Zaragoza,Corporate,ICE,FOCUS SEGMENT,Standard,16
2024,01,MERCEDES,50,Zaragoza,Corporate,ICE,REST,Standard,2
2024,01,MERCEDES,50,Zaragoza,Corporate,PHEV,FOCUS SEGMENT,Standard,5
2024,01,MERCEDES,50,Zaragoza,Private,ICE,FOCUS SEGMENT,Standard,9
2024,01,MERCEDES,50,Zaragoza,Private,ICE,REST,Standard,2
2024,01,MERCEDES,50,Zaragoza,Private,PHEV,FOCUS SEGMENT,Standard,6
2024,01,MERCEDES-V,50,Zaragoza,Private,ICE,REST,Standard,1
2024,01,MG,50,Zaragoza,Corporate,ICE,REST,Standard,1
2024,01,MG,50,Zaragoza,Private,BEV,REST,Standard,4
2024,01,MG,50,Zaragoza,Private,ICE,REST,Standard,15
2024,01,MG,50,Zaragoza,Private,PHEV,REST,Standard,2
2024,01,MINI,50,Zaragoza,Private,ICE,FOCUS SEGMENT,Standard,1
2024,01,MITSUBISHI,50,Zaragoza,Corporate,ICE,REST,Standard,1
2024,01,MITSUBISHI,50,Zaragoza,Private,ICE,REST,Standard,3
2024,01,MITSUBISHI,50,Zaragoza,Private,PHEV,REST,Standard,1
2024,01,NISSAN,50,Zaragoza,Corporate,BEV,REST,Standard,1
2024,01,NISSAN,50,Zaragoza,Corporate,ICE,REST,Standard,5
2024,01,NISSAN,50,Zaragoza,Private,ICE,REST,Standard,25
2024,01,OPEL,50,Zaragoza,Corporate,BEV,REST,Standard,1
2024,01,OPEL,50,Zaragoza,Corporate,ICE,REST,Standard,1
2024,01,OPEL,50,Zaragoza,Corporate,PHEV,REST,Standard,1
2024,01,OPEL,50,Zaragoza,Private,ICE,REST,Standard,10
2024,01,PEUGEOT,50,Zaragoza,Corporate,BEV,REST,Standard,2
2024,01,PEUGEOT,50,Zaragoza,Corporate,ICE,REST,Standard,17
2024,01,PEUGEOT,50,Zaragoza,Corporate,PHEV,REST,Standard,5
2024,01,PEUGEOT,50,Zaragoza,Private,ICE,REST,Standard,18
2024,01,PEUGEOT,50,Zaragoza,Private,PHEV,REST,Standard,4
2024,01,PORSCHE,50,Zaragoza,Corporate,ICE,FOCUS SEGMENT,M Performance,1
2024,01,PORSCHE,50,Zaragoza,Private,ICE,FOCUS SEGMENT,Standard,1
2024,01,PORSCHE,50,Zaragoza,RAC,ICE,FOCUS SEGMENT,Standard,1
2024,01,RENAULT,50,Zaragoza,Corporate,ICE,REST,Standard,6
2024,01,RENAULT,50,Zaragoza,Private,ICE,REST,Standard,25
2024,01,SEAT,50,Zaragoza,Corporate,ICE,REST,Standard,9
2024,01,SEAT,50,Zaragoza,Private,ICE,REST,Standard,35
2024,01,SKODA,50,Zaragoza,Corporate,ICE,REST,Standard,26
2024,01,SKODA,50,Zaragoza,Private,ICE,REST,Standard,12
2024,01,SMART,50,Zaragoza,Corporate,BEV,FOCUS SEGMENT,Standard,2
2024,01,SSANGYONG,50,Zaragoza,Private,ICE,REST,Standard,2
2024,01,SUBARU,50,Zaragoza,Corporate,BEV,REST,Standard,1
2024,01,SUBARU,50,Zaragoza,Corporate,ICE,REST,Standard,1
2024,01,SUBARU,50,Zaragoza,Private,BEV,REST,Standard,1
2024,01,SUZUKI,50,Zaragoza,Corporate,ICE,REST,Standard,1
2024,01,SUZUKI,50,Zaragoza,Private,ICE,REST,Standard,12
2024,01,TESLA,50,Zaragoza,Corporate,BEV,FOCUS SEGMENT,Standard,4
2024,01,TESLA,50,Zaragoza,Private,BEV,FOCUS SEGMENT,Standard,11
2024,01,TOYOTA,50,Zaragoza,Corporate,ICE,REST,Standard,15
2024,01,TOYOTA,50,Zaragoza,Corporate,PHEV,REST,Standard,1
2024,01,TOYOTA,50,Zaragoza,Private,ICE,REST,Standard,63
2024,01,VOLKSWAGEN,50,Zaragoza,Corporate,BEV,REST,Standard,2
2024,01,VOLKSWAGEN,50,Zaragoza,Corporate,ICE,REST,Standard,13
2024,01,VOLKSWAGEN,50,Zaragoza,Private,ICE,REST,Standard,18
2024,01,VOLVO,50,Zaragoza,Corporate,BEV,FOCUS SEGMENT,Standard,6
2024,01,VOLVO,50,Zaragoza,Corporate,ICE,FOCUS SEGMENT,Standard,2
2024,01,VOLVO,50,Zaragoza,Private,ICE,FOCUS SEGMENT,Standard,3
2024,01,AUDI,51,Ceuta,Private,ICE,FOCUS SEGMENT,Standard,2
2024,01,BMW,51,Ceuta,Private,ICE,FOCUS SEGMENT,Standard,1
2024,01,CITROEN,51,Ceuta,Corporate,ICE,REST,Standard,2
2024,01,CITROEN,51,Ceuta,Private,ICE,REST,Standard,1
2024,01,CUPRA,51,Ceuta,Private,ICE,REST,Standard,1
2024,01,DACIA,51,Ceuta,Private,ICE,REST,Standard,7
2024,01,HYUNDAI,51,Ceuta,Private,ICE,REST,Standard,9
2024,01,KIA,51,Ceuta,Private,ICE,REST,Standard,7
2024,01,MERCEDES,51,Ceuta,Corporate,PHEV,FOCUS SEGMENT,Standard,1
2024,01,MERCEDES,51,Ceuta,Private,ICE,FOCUS SEGMENT,Standard,3
2024,01,MITSUBISHI,51,Ceuta,Corporate,ICE,REST,Standard,1
2024,01,NISSAN,51,Ceuta,Private,ICE,REST,Standard,1
2024,01,OPEL,51,Ceuta,Corporate,ICE,REST,Standard,1
2024,01,PEUGEOT,51,Ceuta,Corporate,ICE,REST,Standard,2
2024,01,PEUGEOT,51,Ceuta,Private,ICE,REST,Standard,1
2024,01,RENAULT,51,Ceuta,Private,ICE,REST,Standard,10
2024,01,SEAT,51,Ceuta,Private,ICE,REST,Standard,4
2024,01,TESLA,51,Ceuta,Private,BEV,FOCUS SEGMENT,Standard,1
2024,01,TOYOTA,51,Ceuta,Private,ICE,REST,Standard,7
2024,01,VOLKSWAGEN,51,Ceuta,Private,ICE,REST,Standard,7
2024,01,VOLVO,51,Ceuta,Private,ICE,FOCUS SEGMENT,Standard,1
2024,01,AUDI,52,Melilla,Corporate,ICE,FOCUS SEGMENT,Standard,1
2024,01,DACIA,52,Melilla,Private,ICE,REST,Standard,3
2024,01,FIAT,52,Melilla,Corporate,BEV,REST,Standard,1
2024,01,FIAT,52,Melilla,Corporate,ICE,,Standard,1
2024,01,FIAT,52,Melilla,Private,ICE,,Standard,1
2024,01,FIAT,52,Melilla,Private,ICE,REST,Standard,1
2024,01,HONDA,52,Melilla,Private,ICE,REST,Standard,1
2024,01,HYUNDAI,52,Melilla,Private,ICE,REST,Standard,14
2024,01,KIA,52,Melilla,Private,ICE,REST,Standard,10
2024,01,MERCEDES,52,Melilla,Corporate,ICE,FOCUS SEGMENT,Standard,1
2024,01,MERCEDES,52,Melilla,Private,ICE,FOCUS SEGMENT,Standard,11
2024,01,MITSUBISHI,52,Melilla,Corporate,ICE,REST,Standard,1
2024,01,MITSUBISHI,52,Melilla,Private,ICE,REST,Standard,5
2024,01,NISSAN,52,Melilla,Corporate,ICE,REST,Standard,2
2024,01,NISSAN,52,Melilla,Private,ICE,REST,Standard,1
2024,01,PEUGEOT,52,Melilla,Corporate,BEV,REST,Standard,1
2024,01,PEUGEOT,52,Melilla,Corporate,ICE,REST,Standard,2
2024,01,RENAULT,52,Melilla,Private,ICE,REST,Standard,1
2024,01,SEAT,52,Melilla,Corporate,ICE,REST,Standard,2
2024,01,SEAT,52,Melilla,Private,ICE,REST,Standard,4
2024,01,TOYOTA,52,Melilla,Corporate,ICE,REST,Standard,5
2024,01,TOYOTA,52,Melilla,Private,ICE,REST,Standard,10
2024,01,VOLKSWAGEN,52,Melilla,Corporate,ICE,REST,Standard,1
2024,01,VOLKSWAGEN,52,Melilla,Private,ICE,REST,Standard,9
2024,01,VOLVO,52,Melilla,Private,ICE,FOCUS SEGMENT,Standard,1
