anyo,mes,marca,cod_prov,provincia,canal,fuel_type,segmento,subseg,hp,count
2025,02,ALFA ROMEO,01,Álava,Corporate,ICE,KKL,REST,Standard,1
2025,02,ALFA ROMEO,01,Álava,Corporate,ICE,UKL1,REST,Standard,1
2025,02,AUDI,01,Álava,Corporate,ICE,KKL,FOCUS SEGMENT,Standard,1
2025,02,AUDI,01,Álava,Corporate,ICE,UKL2,FOCUS SEGMENT,Standard,1
2025,02,AUDI,01,Álava,Private,ICE,KKL,FOCUS SEGMENT,Standard,1
2025,02,AUDI,01,Álava,Private,ICE,UKL2,FOCUS SEGMENT,Standard,3
2025,02,BMW,01,Álava,Corporate,ICE,UKL2,FOCUS SEGMENT,Standard,6
2025,02,BMW,01,Álava,Private,BEV,UKL2,FOCUS SEGMENT,Standard,1
2025,02,BMW,01,Álava,Private,ICE,UKL2,FOCUS SEGMENT,Standard,1
2025,02,BYD,01,Álava,Private,BEV,UKL1,REST,Standard,1
2025,02,BYD,01,Álava,Private,PHEV,KKL,REST,Standard,1
2025,02,CITROEN,01,Álava,Corporate,ICE,SKL,REST,Standard,10
2025,02,CITROEN,01,Álava,Corporate,ICE,UKL2,REST,Standard,8
2025,02,CITROEN,01,Álava,Private,ICE,SKL,REST,Standard,1
2025,02,CITROEN,01,Álava,Private,ICE,UKL1,REST,Standard,7
2025,02,CITROEN,01,Álava,Private,ICE,UKL2,REST,Standard,1
2025,02,CUPRA,01,Álava,Corporate,ICE,UKL2,REST,Standard,1
2025,02,CUPRA,01,Álava,Corporate,PHEV,UKL2,REST,Standard,1
2025,02,CUPRA,01,Álava,Private,ICE,UKL2,REST,Standard,3
2025,02,DACIA,01,Álava,Corporate,ICE,SKL,REST,Standard,2
2025,02,DACIA,01,Álava,Corporate,ICE,UKL1,REST,Standard,1
2025,02,DACIA,01,Álava,Corporate,ICE,UKL2,REST,Standard,1
2025,02,DACIA,01,Álava,Private,BEV,UKL0,REST,Standard,1
2025,02,DACIA,01,Álava,Private,ICE,SKL,REST,Standard,6
2025,02,DACIA,01,Álava,Private,ICE,UKL1,REST,Standard,4
2025,02,DACIA,01,Álava,Private,ICE,UKL2,REST,Standard,3
2025,02,DFSK,01,Álava,Private,PHEV,KKL,REST,Standard,1
2025,02,FORD,01,Álava,Corporate,ICE,UKL1,REST,Standard,2
2025,02,FORD,01,Álava,Corporate,ICE,UKL2,REST,Standard,8
2025,02,FORD,01,Álava,Corporate,PHEV,UKL2,REST,Standard,1
2025,02,FORD,01,Álava,Private,BEV,SKL,REST,Standard,1
2025,02,FORD,01,Álava,Private,ICE,SKL,REST,Standard,2
2025,02,FORD,01,Álava,Private,ICE,UKL1,REST,Standard,1
2025,02,FORD,01,Álava,Private,ICE,UKL2,REST,Standard,7
2025,02,FORD,01,Álava,Private,PHEV,UKL2,REST,Standard,1
2025,02,HONDA,01,Álava,Private,ICE,UKL1,REST,Standard,1
2025,02,HYUNDAI,01,Álava,Corporate,ICE,UKL1,REST,Standard,2
2025,02,HYUNDAI,01,Álava,Corporate,ICE,UKL2,REST,Standard,1
2025,02,HYUNDAI,01,Álava,Private,BEV,UKL2,REST,Standard,1
2025,02,HYUNDAI,01,Álava,Private,ICE,UKL0,REST,Standard,1
2025,02,HYUNDAI,01,Álava,Private,ICE,UKL1,REST,Standard,12
2025,02,HYUNDAI,01,Álava,Private,ICE,UKL2,REST,Standard,9
2025,02,JAECOO,01,Álava,Corporate,PHEV,UKL2,REST,Standard,1
2025,02,JAECOO,01,Álava,Private,ICE,UKL2,REST,Standard,3
2025,02,JAECOO,01,Álava,Private,PHEV,UKL2,REST,Standard,7
2025,02,JEEP,01,Álava,Corporate,ICE,UKL1,REST,Standard,5
2025,02,JEEP,01,Álava,Private,ICE,UKL1,REST,Standard,2
2025,02,KG MOBILITY,01,Álava,Private,ICE,MKL,REST,Standard,1
2025,02,KIA,01,Álava,Private,BEV,UKL1,REST,Standard,1
2025,02,KIA,01,Álava,Private,ICE,UKL2,REST,Standard,6
2025,02,LAND ROVER,01,Álava,Corporate,ICE,MKL,FOCUS SEGMENT,Standard,1
2025,02,LEAPMOTOR,01,Álava,Private,BEV,UKL0,REST,Standard,1
2025,02,LEXUS,01,Álava,Private,ICE,UKL1,FOCUS SEGMENT,Standard,2
2025,02,LEXUS,01,Álava,Private,ICE,UKL2,FOCUS SEGMENT,Standard,1
2025,02,LEXUS,01,Álava,Private,PHEV,KKL,FOCUS SEGMENT,Standard,5
2025,02,MAZDA,01,Álava,Corporate,ICE,KKL,REST,Standard,1
2025,02,MAZDA,01,Álava,Corporate,ICE,UKL2,REST,Standard,2
2025,02,MAZDA,01,Álava,Private,ICE,KKL,REST,Standard,1
2025,02,MAZDA,01,Álava,Private,ICE,UKL1,REST,Standard,1
2025,02,MAZDA,01,Álava,Private,ICE,UKL2,REST,Standard,7
2025,02,MERCEDES,01,Álava,Corporate,ICE,GKL,FOCUS SEGMENT,Standard,1
2025,02,MERCEDES,01,Álava,Corporate,ICE,MKL,FOCUS SEGMENT,Standard,2
2025,02,MERCEDES,01,Álava,Corporate,ICE,SKL,REST,Standard,1
2025,02,MERCEDES,01,Álava,Private,BEV,MKL,FOCUS SEGMENT,Standard,1
2025,02,MERCEDES,01,Álava,Private,ICE,KKL,FOCUS SEGMENT,Standard,1
2025,02,MERCEDES,01,Álava,Private,ICE,MKL,REST,Standard,1
2025,02,MERCEDES,01,Álava,Private,ICE,SKL,REST,Standard,1
2025,02,MERCEDES,01,Álava,Private,ICE,UKL2,FOCUS SEGMENT,Standard,1
2025,02,MERCEDES,01,Álava,Private,PHEV,KKL,FOCUS SEGMENT,Standard,2
2025,02,MG,01,Álava,Corporate,PHEV,KKL,REST,Standard,1
2025,02,MG,01,Álava,Private,BEV,UKL2,REST,Standard,1
2025,02,MG,01,Álava,Private,ICE,UKL1,REST,Standard,12
2025,02,MG,01,Álava,Private,PHEV,KKL,REST,Standard,1
2025,02,MINI,01,Álava,Corporate,ICE,UKL1,FOCUS SEGMENT,Standard,1
2025,02,MINI,01,Álava,Private,BEV,UKL1,FOCUS SEGMENT,Standard,1
2025,02,MINI,01,Álava,Private,ICE,UKL2,FOCUS SEGMENT,Standard,1
2025,02,NISSAN,01,Álava,Corporate,BEV,UKL2,REST,Standard,1
2025,02,NISSAN,01,Álava,Corporate,ICE,KKL,REST,Standard,1
2025,02,NISSAN,01,Álava,Corporate,ICE,UKL1,REST,Standard,4
2025,02,NISSAN,01,Álava,Private,ICE,KKL,REST,Standard,2
2025,02,NISSAN,01,Álava,Private,ICE,UKL1,REST,Standard,1
2025,02,NISSAN,01,Álava,Private,ICE,UKL2,REST,Standard,3
2025,02,OMODA,01,Álava,Private,ICE,UKL2,REST,Standard,5
2025,02,OPEL,01,Álava,Corporate,ICE,SKL,REST,Standard,1
2025,02,OPEL,01,Álava,Corporate,ICE,UKL1,REST,Standard,4
2025,02,OPEL,01,Álava,Corporate,ICE,UKL2,REST,Standard,3
2025,02,OPEL,01,Álava,Private,ICE,UKL1,REST,Standard,1
2025,02,OPEL,01,Álava,Private,ICE,UKL2,REST,Standard,1
2025,02,PEUGEOT,01,Álava,Corporate,ICE,KKL,REST,Standard,1
2025,02,PEUGEOT,01,Álava,Corporate,ICE,SKL,REST,Standard,5
2025,02,PEUGEOT,01,Álava,Corporate,ICE,UKL1,REST,Standard,16
2025,02,PEUGEOT,01,Álava,Corporate,ICE,UKL2,REST,Standard,3
2025,02,PEUGEOT,01,Álava,Private,ICE,KKL,REST,Standard,1
2025,02,PEUGEOT,01,Álava,Private,ICE,SKL,REST,Standard,1
2025,02,PEUGEOT,01,Álava,Private,ICE,UKL1,REST,Standard,3
2025,02,PEUGEOT,01,Álava,Private,ICE,UKL2,REST,Standard,5
2025,02,RENAULT,01,Álava,Corporate,ICE,UKL2,REST,Standard,9
2025,02,RENAULT,01,Álava,Private,BEV,UKL1,REST,Standard,2
2025,02,RENAULT,01,Álava,Private,BEV,UKL2,REST,Standard,2
2025,02,RENAULT,01,Álava,Private,ICE,SKL,REST,Standard,1
2025,02,RENAULT,01,Álava,Private,ICE,UKL1,REST,Standard,6
2025,02,RENAULT,01,Álava,Private,ICE,UKL2,REST,Standard,5
2025,02,RENAULT,01,Álava,Private,PHEV,UKL2,REST,Standard,1
2025,02,SEAT,01,Álava,Corporate,ICE,UKL1,REST,Standard,1
2025,02,SEAT,01,Álava,Corporate,ICE,UKL2,REST,Standard,1
2025,02,SEAT,01,Álava,Corporate,PHEV,UKL2,REST,Standard,1
2025,02,SEAT,01,Álava,Private,ICE,UKL1,REST,Standard,6
2025,02,SEAT,01,Álava,Private,ICE,UKL2,REST,Standard,7
2025,02,SHINERAY,01,Álava,Private,ICE,MKL,REST,Standard,3
2025,02,SIN MARCA,01,Álava,Corporate,PHEV,,REST,Standard,1
2025,02,SKODA,01,Álava,Corporate,BEV,UKL2,REST,Standard,1
2025,02,SKODA,01,Álava,Corporate,ICE,UKL1,REST,Standard,1
2025,02,SKODA,01,Álava,Corporate,ICE,UKL2,REST,Standard,1
2025,02,SKODA,01,Álava,Private,ICE,KKL,REST,Standard,1
2025,02,SKODA,01,Álava,Private,ICE,UKL1,REST,Standard,1
2025,02,SKODA,01,Álava,Private,ICE,UKL2,REST,Standard,1
2025,02,SSANGYONG,01,Álava,Private,ICE,MKL,REST,Standard,1
2025,02,SUBARU,01,Álava,Private,ICE,UKL2,REST,Standard,2
2025,02,SUZUKI,01,Álava,Private,ICE,UKL1,REST,Standard,4
2025,02,SUZUKI,01,Álava,Private,ICE,UKL2,REST,Standard,4
2025,02,TESLA,01,Álava,Private,BEV,KKL,FOCUS SEGMENT,Standard,1
2025,02,TOYOTA,01,Álava,Corporate,BEV,SKL,REST,Standard,1
2025,02,TOYOTA,01,Álava,Corporate,BEV,UKL2,REST,Standard,1
2025,02,TOYOTA,01,Álava,Corporate,ICE,UKL1,REST,Standard,1
2025,02,TOYOTA,01,Álava,Corporate,ICE,UKL2,REST,Standard,3
2025,02,TOYOTA,01,Álava,Corporate,PHEV,UKL1,REST,Standard,2
2025,02,TOYOTA,01,Álava,Private,BEV,UKL2,REST,Standard,1
2025,02,TOYOTA,01,Álava,Private,ICE,SKL,REST,Standard,1
2025,02,TOYOTA,01,Álava,Private,ICE,UKL1,REST,Standard,14
2025,02,TOYOTA,01,Álava,Private,ICE,UKL2,REST,Standard,20
2025,02,TOYOTA,01,Álava,Private,PHEV,UKL1,REST,Standard,2
2025,02,TOYOTA,01,Álava,Private,PHEV,UKL2,REST,Standard,3
2025,02,VOLKSWAGEN,01,Álava,Corporate,ICE,UKL1,REST,Standard,2
2025,02,VOLKSWAGEN,01,Álava,Corporate,ICE,UKL2,REST,Standard,7
2025,02,VOLKSWAGEN,01,Álava,Corporate,PHEV,UKL2,REST,Standard,1
2025,02,VOLKSWAGEN,01,Álava,Private,ICE,SKL,REST,Standard,1
2025,02,VOLKSWAGEN,01,Álava,Private,ICE,UKL1,REST,Standard,2
2025,02,VOLKSWAGEN,01,Álava,Private,ICE,UKL2,REST,Standard,3
2025,02,VOLVO,01,Álava,Corporate,BEV,MKL,FOCUS SEGMENT,Standard,1
2025,02,VOLVO,01,Álava,Corporate,ICE,UKL2,FOCUS SEGMENT,Standard,1
2025,02,ALFA ROMEO,02,Albacete,Corporate,ICE,KKL,REST,Standard,5
2025,02,AUDI,02,Albacete,Corporate,ICE,KKL,FOCUS SEGMENT,Standard,1
2025,02,AUDI,02,Albacete,Corporate,ICE,MKL,FOCUS SEGMENT,M Performance,1
2025,02,AUDI,02,Albacete,Corporate,ICE,MKL,FOCUS SEGMENT,Standard,1
2025,02,AUDI,02,Albacete,Corporate,ICE,UKL1,FOCUS SEGMENT,Standard,1
2025,02,AUDI,02,Albacete,Corporate,ICE,UKL2,FOCUS SEGMENT,Standard,2
2025,02,AUDI,02,Albacete,Private,ICE,UKL2,FOCUS SEGMENT,Standard,3
2025,02,BMW,02,Albacete,Corporate,ICE,KKL,FOCUS SEGMENT,Standard,4
2025,02,BMW,02,Albacete,Corporate,ICE,MKL,FOCUS SEGMENT,Standard,1
2025,02,BMW,02,Albacete,Corporate,ICE,UKL2,FOCUS SEGMENT,Standard,17
2025,02,BMW,02,Albacete,Private,BEV,UKL2,FOCUS SEGMENT,Standard,1
2025,02,BMW,02,Albacete,Private,ICE,KKL,FOCUS SEGMENT,Standard,2
2025,02,BMW,02,Albacete,Private,ICE,UKL2,FOCUS SEGMENT,Standard,5
2025,02,BYD,02,Albacete,Private,PHEV,KKL,REST,Standard,2
2025,02,CITROEN,02,Albacete,Private,BEV,UKL1,REST,Standard,1
2025,02,CITROEN,02,Albacete,Private,ICE,UKL1,REST,Standard,4
2025,02,CITROEN,02,Albacete,Private,ICE,UKL2,REST,Standard,2
2025,02,CUPRA,02,Albacete,Private,ICE,UKL2,REST,Standard,4
2025,02,DACIA,02,Albacete,Corporate,BEV,UKL0,REST,Standard,1
2025,02,DACIA,02,Albacete,Corporate,ICE,SKL,REST,Standard,1
2025,02,DACIA,02,Albacete,Private,ICE,SKL,REST,Standard,4
2025,02,DACIA,02,Albacete,Private,ICE,UKL1,REST,Standard,11
2025,02,DACIA,02,Albacete,Private,ICE,UKL2,REST,Standard,1
2025,02,FIAT,02,Albacete,Corporate,ICE,UKL2,REST,Standard,1
2025,02,FORD,02,Albacete,Corporate,ICE,UKL1,REST,Standard,3
2025,02,FORD,02,Albacete,Private,ICE,SKL,REST,Standard,3
2025,02,FORD,02,Albacete,Private,ICE,UKL1,REST,Standard,1
2025,02,FORD,02,Albacete,Private,ICE,UKL2,REST,Standard,3
2025,02,HYUNDAI,02,Albacete,Corporate,ICE,UKL1,REST,Standard,1
2025,02,HYUNDAI,02,Albacete,Corporate,PHEV,UKL2,REST,Standard,1
2025,02,HYUNDAI,02,Albacete,Private,ICE,UKL1,REST,Standard,5
2025,02,HYUNDAI,02,Albacete,Private,ICE,UKL2,REST,Standard,13
2025,02,HYUNDAI,02,Albacete,Private,PHEV,UKL2,REST,Standard,1
2025,02,JAECOO,02,Albacete,Private,ICE,UKL2,REST,Standard,1
2025,02,JAGUAR,02,Albacete,Private,ICE,KKL,FOCUS SEGMENT,Standard,1
2025,02,JEEP,02,Albacete,Corporate,ICE,UKL1,REST,Standard,14
2025,02,KG MOBILITY,02,Albacete,Private,ICE,UKL1,REST,Standard,1
2025,02,KIA,02,Albacete,Corporate,BEV,UKL1,REST,Standard,1
2025,02,KIA,02,Albacete,Corporate,ICE,KKL,REST,Standard,1
2025,02,KIA,02,Albacete,Corporate,ICE,UKL2,REST,Standard,5
2025,02,KIA,02,Albacete,Corporate,PHEV,KKL,REST,Standard,1
2025,02,KIA,02,Albacete,Private,BEV,UKL1,REST,Standard,1
2025,02,KIA,02,Albacete,Private,ICE,UKL0,REST,Standard,1
2025,02,KIA,02,Albacete,Private,ICE,UKL1,REST,Standard,3
2025,02,KIA,02,Albacete,Private,ICE,UKL2,REST,Standard,13
2025,02,LEXUS,02,Albacete,Private,PHEV,KKL,FOCUS SEGMENT,Standard,3
2025,02,MAZDA,02,Albacete,Corporate,ICE,UKL2,REST,Standard,2
2025,02,MAZDA,02,Albacete,Private,ICE,UKL2,REST,Standard,8
2025,02,MERCEDES,02,Albacete,Corporate,BEV,GKL,FOCUS SEGMENT,Standard,1
2025,02,MERCEDES,02,Albacete,Corporate,ICE,GKL,FOCUS SEGMENT,Standard,1
2025,02,MERCEDES,02,Albacete,Corporate,ICE,KKL,FOCUS SEGMENT,M Performance,1
2025,02,MERCEDES,02,Albacete,Corporate,ICE,KKL,FOCUS SEGMENT,Standard,1
2025,02,MERCEDES,02,Albacete,Corporate,ICE,MKL,FOCUS SEGMENT,Standard,2
2025,02,MERCEDES,02,Albacete,Corporate,ICE,MKL,REST,Standard,2
2025,02,MERCEDES,02,Albacete,Corporate,ICE,UKL2,FOCUS SEGMENT,Standard,1
2025,02,MERCEDES,02,Albacete,Private,BEV,UKL2,FOCUS SEGMENT,Standard,1
2025,02,MERCEDES,02,Albacete,Private,ICE,KKL,FOCUS SEGMENT,Standard,2
2025,02,MERCEDES,02,Albacete,Private,ICE,MKL,FOCUS SEGMENT,Standard,1
2025,02,MERCEDES,02,Albacete,Private,PHEV,UKL2,FOCUS SEGMENT,Standard,1
2025,02,MG,02,Albacete,Corporate,ICE,UKL1,REST,Standard,1
2025,02,MG,02,Albacete,Private,BEV,UKL2,REST,Standard,1
2025,02,MG,02,Albacete,Private,ICE,UKL1,REST,Standard,11
2025,02,MINI,02,Albacete,Corporate,ICE,UKL1,FOCUS SEGMENT,Standard,3
2025,02,MINI,02,Albacete,Private,ICE,UKL1,FOCUS SEGMENT,Standard,1
2025,02,MINI,02,Albacete,Private,ICE,UKL2,FOCUS SEGMENT,Standard,1
2025,02,MITSUBISHI,02,Albacete,Corporate,PHEV,UKL2,REST,Standard,1
2025,02,NISSAN,02,Albacete,Private,ICE,KKL,REST,Standard,1
2025,02,NISSAN,02,Albacete,Private,ICE,UKL1,REST,Standard,3
2025,02,NISSAN,02,Albacete,Private,ICE,UKL2,REST,Standard,6
2025,02,OMODA,02,Albacete,Private,ICE,UKL2,REST,Standard,7
2025,02,PEUGEOT,02,Albacete,Corporate,BEV,SKL,REST,Standard,1
2025,02,PEUGEOT,02,Albacete,Corporate,ICE,UKL1,REST,Standard,2
2025,02,PEUGEOT,02,Albacete,Corporate,ICE,UKL2,REST,Standard,1
2025,02,PEUGEOT,02,Albacete,Private,ICE,KKL,REST,Standard,1
2025,02,PEUGEOT,02,Albacete,Private,ICE,SKL,REST,Standard,3
2025,02,PEUGEOT,02,Albacete,Private,ICE,UKL1,REST,Standard,4
2025,02,PEUGEOT,02,Albacete,Private,ICE,UKL2,REST,Standard,5
2025,02,PORSCHE,02,Albacete,Private,ICE,GKL,FOCUS SEGMENT,Standard,1
2025,02,RENAULT,02,Albacete,Corporate,ICE,UKL1,REST,Standard,1
2025,02,RENAULT,02,Albacete,Corporate,ICE,UKL2,REST,Standard,1
2025,02,RENAULT,02,Albacete,Private,BEV,UKL1,REST,Standard,2
2025,02,RENAULT,02,Albacete,Private,ICE,UKL1,REST,Standard,6
2025,02,RENAULT,02,Albacete,Private,ICE,UKL2,REST,Standard,5
2025,02,RENAULT,02,Albacete,Private,PHEV,UKL2,REST,Standard,1
2025,02,RENAULT,02,Albacete,RAC,ICE,UKL1,REST,Standard,1
2025,02,SEAT,02,Albacete,Corporate,ICE,UKL1,REST,Standard,1
2025,02,SEAT,02,Albacete,Corporate,ICE,UKL2,REST,Standard,5
2025,02,SEAT,02,Albacete,Private,ICE,KKL,REST,Standard,1
2025,02,SEAT,02,Albacete,Private,ICE,UKL1,REST,Standard,5
2025,02,SEAT,02,Albacete,Private,ICE,UKL2,REST,Standard,3
2025,02,SHINERAY,02,Albacete,Private,ICE,MKL,REST,Standard,1
2025,02,SKODA,02,Albacete,Corporate,BEV,UKL2,REST,Standard,1
2025,02,SKODA,02,Albacete,Corporate,ICE,UKL2,REST,Standard,4
2025,02,SKODA,02,Albacete,Corporate,PHEV,KKL,REST,Standard,1
2025,02,SKODA,02,Albacete,Private,ICE,KKL,REST,Standard,1
2025,02,SKODA,02,Albacete,Private,ICE,UKL1,REST,Standard,2
2025,02,SKODA,02,Albacete,Private,ICE,UKL2,REST,Standard,3
2025,02,SUBARU,02,Albacete,Private,ICE,KKL,REST,Standard,1
2025,02,SUZUKI,02,Albacete,Private,ICE,UKL1,REST,Standard,1
2025,02,SUZUKI,02,Albacete,Private,ICE,UKL2,REST,Standard,1
2025,02,TESLA,02,Albacete,Private,BEV,KKL,FOCUS SEGMENT,Standard,3
2025,02,TOYOTA,02,Albacete,Corporate,ICE,GKL,REST,Standard,1
2025,02,TOYOTA,02,Albacete,Corporate,ICE,UKL1,REST,Standard,3
2025,02,TOYOTA,02,Albacete,Private,ICE,UKL1,REST,Standard,7
2025,02,TOYOTA,02,Albacete,Private,ICE,UKL2,REST,Standard,3
2025,02,TOYOTA,02,Albacete,Private,PHEV,UKL1,REST,Standard,2
2025,02,VOLKSWAGEN,02,Albacete,Corporate,BEV,SKL,REST,Standard,1
2025,02,VOLKSWAGEN,02,Albacete,Private,ICE,UKL1,REST,Standard,7
2025,02,VOLKSWAGEN,02,Albacete,Private,ICE,UKL2,REST,Standard,7
2025,02,VOLVO,02,Albacete,Corporate,ICE,KKL,FOCUS SEGMENT,Standard,1
2025,02,VOLVO,02,Albacete,Corporate,ICE,UKL2,FOCUS SEGMENT,Standard,1
2025,02,VOLVO,02,Albacete,Private,ICE,KKL,FOCUS SEGMENT,Standard,1
2025,02,VOLVO,02,Albacete,Private,ICE,UKL2,FOCUS SEGMENT,Standard,1
2025,02,XPENG,02,Albacete,Private,BEV,KKL,FOCUS SEGMENT,Standard,1
2025,02,ALFA ROMEO,03,Alicante,Private,ICE,UKL1,REST,Standard,1
2025,02,ASTON MARTIN,03,Alicante,Private,ICE,GKL+,FOCUS SEGMENT,Standard,1
2025,02,AUDI,03,Alicante,Corporate,BEV,MKL,FOCUS SEGMENT,Standard,1
2025,02,AUDI,03,Alicante,Corporate,ICE,KKL,FOCUS SEGMENT,Standard,2
2025,02,AUDI,03,Alicante,Corporate,ICE,MKL,FOCUS SEGMENT,M Performance,1
2025,02,AUDI,03,Alicante,Corporate,ICE,UKL1,FOCUS SEGMENT,Standard,12
2025,02,AUDI,03,Alicante,Corporate,ICE,UKL2,FOCUS SEGMENT,Standard,15
2025,02,AUDI,03,Alicante,Private,BEV,UKL2,FOCUS SEGMENT,Standard,1
2025,02,AUDI,03,Alicante,Private,ICE,KKL,FOCUS SEGMENT,Standard,3
2025,02,AUDI,03,Alicante,Private,ICE,UKL1,FOCUS SEGMENT,Standard,2
2025,02,AUDI,03,Alicante,Private,ICE,UKL2,FOCUS SEGMENT,Standard,21
2025,02,BMW,03,Alicante,Corporate,BEV,MKL,FOCUS SEGMENT,Standard,1
2025,02,BMW,03,Alicante,Corporate,BEV,UKL2,FOCUS SEGMENT,Standard,7
2025,02,BMW,03,Alicante,Corporate,ICE,KKL,FOCUS SEGMENT,M Performance,1
2025,02,BMW,03,Alicante,Corporate,ICE,KKL,FOCUS SEGMENT,Standard,12
2025,02,BMW,03,Alicante,Corporate,ICE,MKL,FOCUS SEGMENT,M,1
2025,02,BMW,03,Alicante,Corporate,ICE,MKL,FOCUS SEGMENT,M Performance,1
2025,02,BMW,03,Alicante,Corporate,ICE,MKL,FOCUS SEGMENT,Standard,1
2025,02,BMW,03,Alicante,Corporate,ICE,UKL2,FOCUS SEGMENT,M,1
2025,02,BMW,03,Alicante,Corporate,ICE,UKL2,FOCUS SEGMENT,M Performance,2
2025,02,BMW,03,Alicante,Corporate,ICE,UKL2,FOCUS SEGMENT,Standard,25
2025,02,BMW,03,Alicante,Corporate,PHEV,KKL,FOCUS SEGMENT,Standard,1
2025,02,BMW,03,Alicante,Corporate,PHEV,MKL,FOCUS SEGMENT,Standard,1
2025,02,BMW,03,Alicante,Corporate,PHEV,UKL2,FOCUS SEGMENT,Standard,2
2025,02,BMW,03,Alicante,Private,BEV,MKL,FOCUS SEGMENT,Standard,1
2025,02,BMW,03,Alicante,Private,BEV,UKL2,FOCUS SEGMENT,Standard,3
2025,02,BMW,03,Alicante,Private,ICE,KKL,FOCUS SEGMENT,M,1
2025,02,BMW,03,Alicante,Private,ICE,KKL,FOCUS SEGMENT,M Performance,1
2025,02,BMW,03,Alicante,Private,ICE,KKL,FOCUS SEGMENT,Standard,7
2025,02,BMW,03,Alicante,Private,ICE,MKL,FOCUS SEGMENT,Standard,1
2025,02,BMW,03,Alicante,Private,ICE,UKL2,FOCUS SEGMENT,Standard,17
2025,02,BMW,03,Alicante,Private,PHEV,KKL,FOCUS SEGMENT,Standard,2
2025,02,BMW,03,Alicante,Private,PHEV,MKL,FOCUS SEGMENT,Standard,1
2025,02,BMW,03,Alicante,Private,PHEV,UKL2,FOCUS SEGMENT,Standard,3
2025,02,BYD,03,Alicante,Corporate,BEV,KKL,REST,Standard,1
2025,02,BYD,03,Alicante,Corporate,PHEV,KKL,REST,Standard,1
2025,02,BYD,03,Alicante,Private,BEV,KKL,REST,Standard,1
2025,02,BYD,03,Alicante,Private,BEV,UKL1,REST,Standard,2
2025,02,BYD,03,Alicante,Private,BEV,UKL2,REST,Standard,2
2025,02,BYD,03,Alicante,Private,PHEV,KKL,REST,Standard,4
2025,02,CITROEN,03,Alicante,Corporate,ICE,SKL,REST,Standard,8
2025,02,CITROEN,03,Alicante,Corporate,ICE,UKL1,REST,Standard,10
2025,02,CITROEN,03,Alicante,Corporate,ICE,UKL2,REST,Standard,9
2025,02,CITROEN,03,Alicante,Private,BEV,UKL1,REST,Standard,1
2025,02,CITROEN,03,Alicante,Private,BEV,UKL2,REST,Standard,2
2025,02,CITROEN,03,Alicante,Private,ICE,SKL,REST,Standard,2
2025,02,CITROEN,03,Alicante,Private,ICE,UKL1,REST,Standard,22
2025,02,CITROEN,03,Alicante,Private,ICE,UKL2,REST,Standard,17
2025,02,CUPRA,03,Alicante,Corporate,BEV,UKL2,REST,Standard,1
2025,02,CUPRA,03,Alicante,Corporate,ICE,UKL2,REST,Standard,4
2025,02,CUPRA,03,Alicante,Corporate,PHEV,UKL2,REST,Standard,1
2025,02,CUPRA,03,Alicante,Private,BEV,UKL2,REST,Standard,3
2025,02,CUPRA,03,Alicante,Private,ICE,UKL2,REST,Standard,18
2025,02,CUPRA,03,Alicante,Private,PHEV,UKL2,REST,Standard,12
2025,02,DACIA,03,Alicante,Corporate,BEV,UKL0,REST,Standard,1
2025,02,DACIA,03,Alicante,Corporate,ICE,SKL,REST,Standard,3
2025,02,DACIA,03,Alicante,Corporate,ICE,UKL1,REST,Standard,3
2025,02,DACIA,03,Alicante,Corporate,ICE,UKL2,REST,Standard,5
2025,02,DACIA,03,Alicante,Private,BEV,UKL0,REST,Standard,3
2025,02,DACIA,03,Alicante,Private,ICE,SKL,REST,Standard,47
2025,02,DACIA,03,Alicante,Private,ICE,UKL1,REST,Standard,62
2025,02,DACIA,03,Alicante,Private,ICE,UKL2,REST,Standard,13
2025,02,DACIA,03,Alicante,RAC,ICE,UKL1,REST,Standard,101
2025,02,DACIA,03,Alicante,RAC,ICE,UKL2,REST,Standard,1
2025,02,DONGFENG,03,Alicante,Corporate,BEV,UKL0,REST,Standard,1
2025,02,DR,03,Alicante,Private,ICE,UKL1,REST,Standard,1
2025,02,EBRO,03,Alicante,Private,ICE,KKL,REST,Standard,4
2025,02,EBRO,03,Alicante,Private,ICE,UKL2,REST,Standard,6
2025,02,FIAT,03,Alicante,Private,ICE,SKL,REST,Standard,1
2025,02,FIAT,03,Alicante,Private,ICE,UKL0,REST,Standard,3
2025,02,FIAT,03,Alicante,Private,ICE,UKL1,REST,Standard,1
2025,02,FIAT,03,Alicante,RAC,BEV,UKL0,REST,Standard,348
2025,02,FIAT,03,Alicante,RAC,ICE,UKL1,REST,Standard,213
2025,02,FORD,03,Alicante,Corporate,ICE,SKL,REST,Standard,5
2025,02,FORD,03,Alicante,Corporate,ICE,UKL1,REST,Standard,14
2025,02,FORD,03,Alicante,Corporate,ICE,UKL2,REST,Standard,32
2025,02,FORD,03,Alicante,Corporate,PHEV,UKL2,REST,Standard,2
2025,02,FORD,03,Alicante,Private,BEV,KKL,REST,Standard,1
2025,02,FORD,03,Alicante,Private,BEV,UKL1,REST,Standard,1
2025,02,FORD,03,Alicante,Private,ICE,MKL,REST,Standard,2
2025,02,FORD,03,Alicante,Private,ICE,SKL,REST,Standard,16
2025,02,FORD,03,Alicante,Private,ICE,UKL1,REST,Standard,32
2025,02,FORD,03,Alicante,Private,ICE,UKL2,REST,Standard,30
2025,02,FORD,03,Alicante,Private,PHEV,SKL,REST,Standard,2
2025,02,FORD,03,Alicante,Private,PHEV,UKL2,REST,Standard,15
2025,02,HONDA,03,Alicante,Private,ICE,KKL,REST,Standard,1
2025,02,HONDA,03,Alicante,Private,ICE,UKL1,REST,Standard,4
2025,02,HONDA,03,Alicante,Private,ICE,UKL2,REST,Standard,2
2025,02,HYUNDAI,03,Alicante,Corporate,BEV,UKL1,REST,Standard,1
2025,02,HYUNDAI,03,Alicante,Corporate,BEV,UKL2,REST,Standard,3
2025,02,HYUNDAI,03,Alicante,Corporate,ICE,MKL,REST,Standard,2
2025,02,HYUNDAI,03,Alicante,Corporate,ICE,UKL2,REST,Standard,3
2025,02,HYUNDAI,03,Alicante,Private,BEV,UKL2,REST,Standard,4
2025,02,HYUNDAI,03,Alicante,Private,ICE,,REST,Standard,1
2025,02,HYUNDAI,03,Alicante,Private,ICE,UKL0,REST,Standard,3
2025,02,HYUNDAI,03,Alicante,Private,ICE,UKL1,REST,Standard,52
2025,02,HYUNDAI,03,Alicante,Private,ICE,UKL2,REST,Standard,34
2025,02,HYUNDAI,03,Alicante,Private,PHEV,UKL2,REST,Standard,2
2025,02,JAECOO,03,Alicante,Corporate,ICE,UKL2,REST,Standard,1
2025,02,JAECOO,03,Alicante,Corporate,PHEV,UKL2,REST,Standard,2
2025,02,JAECOO,03,Alicante,Private,ICE,UKL2,REST,Standard,9
2025,02,JAECOO,03,Alicante,Private,PHEV,UKL2,REST,Standard,16
2025,02,JEEP,03,Alicante,Corporate,ICE,UKL1,REST,Standard,12
2025,02,JEEP,03,Alicante,Corporate,PHEV,UKL2,REST,Standard,1
2025,02,JEEP,03,Alicante,Private,ICE,UKL1,REST,Standard,4
2025,02,JEEP,03,Alicante,Private,ICE,UKL2,REST,Standard,1
2025,02,JEEP,03,Alicante,RAC,ICE,UKL1,REST,Standard,26
2025,02,KG MOBILITY,03,Alicante,Corporate,ICE,UKL1,REST,Standard,1
2025,02,KG MOBILITY,03,Alicante,Private,ICE,MKL,REST,Standard,1
2025,02,KG MOBILITY,03,Alicante,Private,ICE,UKL1,REST,Standard,1
2025,02,KIA,03,Alicante,Corporate,BEV,UKL1,REST,Standard,2
2025,02,KIA,03,Alicante,Corporate,ICE,KKL,REST,Standard,2
2025,02,KIA,03,Alicante,Corporate,ICE,UKL0,REST,Standard,1
2025,02,KIA,03,Alicante,Corporate,ICE,UKL2,REST,Standard,6
2025,02,KIA,03,Alicante,Private,BEV,MKL,REST,Standard,1
2025,02,KIA,03,Alicante,Private,BEV,UKL1,REST,Standard,11
2025,02,KIA,03,Alicante,Private,BEV,UKL2,REST,Standard,1
2025,02,KIA,03,Alicante,Private,ICE,KKL,REST,Standard,1
2025,02,KIA,03,Alicante,Private,ICE,UKL0,REST,Standard,6
2025,02,KIA,03,Alicante,Private,ICE,UKL1,REST,Standard,34
2025,02,KIA,03,Alicante,Private,ICE,UKL2,REST,Standard,61
2025,02,KIA,03,Alicante,Private,PHEV,KKL,REST,Standard,2
2025,02,LAND ROVER,03,Alicante,Corporate,ICE,MKL,FOCUS SEGMENT,Standard,1
2025,02,LAND ROVER,03,Alicante,Corporate,PHEV,MKL,FOCUS SEGMENT,Standard,2
2025,02,LAND ROVER,03,Alicante,Private,ICE,MKL,FOCUS SEGMENT,Standard,2
2025,02,LAND ROVER,03,Alicante,Private,ICE,UKL2,FOCUS SEGMENT,Standard,1
2025,02,LEAPMOTOR,03,Alicante,Corporate,BEV,MKL,REST,Standard,1
2025,02,LEAPMOTOR,03,Alicante,Private,BEV,MKL,REST,Standard,2
2025,02,LEAPMOTOR,03,Alicante,Private,BEV,UKL0,REST,Standard,1
2025,02,LEXUS,03,Alicante,Corporate,ICE,KKL,FOCUS SEGMENT,Standard,3
2025,02,LEXUS,03,Alicante,Corporate,ICE,UKL1,FOCUS SEGMENT,Standard,3
2025,02,LEXUS,03,Alicante,Corporate,ICE,UKL2,FOCUS SEGMENT,Standard,1
2025,02,LEXUS,03,Alicante,Corporate,PHEV,KKL,FOCUS SEGMENT,Standard,3
2025,02,LEXUS,03,Alicante,Private,ICE,KKL,FOCUS SEGMENT,Standard,2
2025,02,LEXUS,03,Alicante,Private,ICE,MKL,FOCUS SEGMENT,Standard,1
2025,02,LEXUS,03,Alicante,Private,ICE,UKL1,FOCUS SEGMENT,Standard,9
2025,02,LEXUS,03,Alicante,Private,ICE,UKL2,FOCUS SEGMENT,Standard,3
2025,02,LEXUS,03,Alicante,Private,PHEV,KKL,FOCUS SEGMENT,Standard,7
2025,02,LEXUS,03,Alicante,Private,PHEV,MKL,FOCUS SEGMENT,Standard,1
2025,02,LIVAN,03,Alicante,Corporate,ICE,UKL1,REST,Standard,1
2025,02,MAZDA,03,Alicante,Corporate,ICE,UKL2,REST,Standard,7
2025,02,MAZDA,03,Alicante,Private,ICE,KKL,REST,Standard,1
2025,02,MAZDA,03,Alicante,Private,ICE,UKL1,REST,Standard,3
2025,02,MAZDA,03,Alicante,Private,ICE,UKL2,REST,Standard,39
2025,02,MAZDA,03,Alicante,Private,PHEV,KKL,REST,Standard,2
2025,02,MAZDA,03,Alicante,Private,PHEV,UKL2,REST,Standard,1
2025,02,MERCEDES,03,Alicante,Corporate,BEV,MKL,FOCUS SEGMENT,Standard,2
2025,02,MERCEDES,03,Alicante,Corporate,BEV,UKL2,FOCUS SEGMENT,Standard,2
2025,02,MERCEDES,03,Alicante,Corporate,ICE,KKL,FOCUS SEGMENT,Standard,7
2025,02,MERCEDES,03,Alicante,Corporate,ICE,MKL,FOCUS SEGMENT,Standard,5
2025,02,MERCEDES,03,Alicante,Corporate,ICE,MKL,REST,Standard,2
2025,02,MERCEDES,03,Alicante,Corporate,ICE,SKL,REST,Standard,2
2025,02,MERCEDES,03,Alicante,Corporate,ICE,UKL2,FOCUS SEGMENT,Standard,13
2025,02,MERCEDES,03,Alicante,Corporate,PHEV,KKL,FOCUS SEGMENT,Standard,5
2025,02,MERCEDES,03,Alicante,Corporate,PHEV,MKL,FOCUS SEGMENT,Standard,6
2025,02,MERCEDES,03,Alicante,Corporate,PHEV,UKL2,FOCUS SEGMENT,Standard,2
2025,02,MERCEDES,03,Alicante,Private,BEV,MKL,FOCUS SEGMENT,Standard,1
2025,02,MERCEDES,03,Alicante,Private,BEV,UKL2,FOCUS SEGMENT,Standard,3
2025,02,MERCEDES,03,Alicante,Private,ICE,KKL,FOCUS SEGMENT,Standard,10
2025,02,MERCEDES,03,Alicante,Private,ICE,MKL,FOCUS SEGMENT,M Performance,1
2025,02,MERCEDES,03,Alicante,Private,ICE,MKL,FOCUS SEGMENT,Standard,3
2025,02,MERCEDES,03,Alicante,Private,ICE,MKL,REST,Standard,2
2025,02,MERCEDES,03,Alicante,Private,ICE,UKL2,FOCUS SEGMENT,M Performance,2
2025,02,MERCEDES,03,Alicante,Private,ICE,UKL2,FOCUS SEGMENT,Standard,8
2025,02,MERCEDES,03,Alicante,Private,PHEV,KKL,FOCUS SEGMENT,Standard,2
2025,02,MERCEDES,03,Alicante,Private,PHEV,MKL,FOCUS SEGMENT,Standard,3
2025,02,MERCEDES,03,Alicante,Private,PHEV,UKL2,FOCUS SEGMENT,Standard,7
2025,02,MERCEDES,03,Alicante,RAC,ICE,KKL,FOCUS SEGMENT,Standard,1
2025,02,MERCEDES,03,Alicante,RAC,ICE,MKL,FOCUS SEGMENT,Standard,1
2025,02,MERCEDES,03,Alicante,RAC,ICE,MKL,REST,Standard,1
2025,02,MG,03,Alicante,Corporate,ICE,UKL1,REST,Standard,6
2025,02,MG,03,Alicante,Corporate,PHEV,KKL,REST,Standard,1
2025,02,MG,03,Alicante,Private,BEV,KKL,REST,Standard,1
2025,02,MG,03,Alicante,Private,ICE,KKL,REST,Standard,6
2025,02,MG,03,Alicante,Private,ICE,UKL1,REST,Standard,96
2025,02,MG,03,Alicante,Private,PHEV,KKL,REST,Standard,14
2025,02,MINI,03,Alicante,Corporate,BEV,UKL1,FOCUS SEGMENT,Standard,3
2025,02,MINI,03,Alicante,Corporate,ICE,UKL1,FOCUS SEGMENT,Standard,6
2025,02,MINI,03,Alicante,Corporate,ICE,UKL2,FOCUS SEGMENT,Standard,3
2025,02,MINI,03,Alicante,Private,BEV,UKL1,FOCUS SEGMENT,Standard,6
2025,02,MINI,03,Alicante,Private,ICE,UKL1,FOCUS SEGMENT,Standard,8
2025,02,MINI,03,Alicante,Private,ICE,UKL2,FOCUS SEGMENT,JCW,1
2025,02,MINI,03,Alicante,Private,ICE,UKL2,FOCUS SEGMENT,Standard,5
2025,02,MITSUBISHI,03,Alicante,Corporate,ICE,UKL2,REST,Standard,1
2025,02,MITSUBISHI,03,Alicante,Private,ICE,UKL2,REST,Standard,3
2025,02,NISSAN,03,Alicante,Corporate,ICE,KKL,REST,Standard,2
2025,02,NISSAN,03,Alicante,Corporate,ICE,UKL2,REST,Standard,4
2025,02,NISSAN,03,Alicante,Private,BEV,UKL2,REST,Standard,1
2025,02,NISSAN,03,Alicante,Private,ICE,KKL,REST,Standard,9
2025,02,NISSAN,03,Alicante,Private,ICE,SKL,REST,Standard,1
2025,02,NISSAN,03,Alicante,Private,ICE,UKL1,REST,Standard,27
2025,02,NISSAN,03,Alicante,Private,ICE,UKL2,REST,Standard,33
2025,02,NISSAN,03,Alicante,RAC,ICE,SKL,REST,Standard,1
2025,02,NISSAN,03,Alicante,RAC,ICE,UKL2,REST,Standard,1
2025,02,OMODA,03,Alicante,Corporate,ICE,UKL2,REST,Standard,2
2025,02,OMODA,03,Alicante,Private,ICE,UKL2,REST,Standard,28
2025,02,OPEL,03,Alicante,Corporate,BEV,UKL2,REST,Standard,1
2025,02,OPEL,03,Alicante,Corporate,ICE,SKL,REST,Standard,18
2025,02,OPEL,03,Alicante,Corporate,ICE,UKL1,REST,Standard,20
2025,02,OPEL,03,Alicante,Corporate,ICE,UKL2,REST,Standard,5
2025,02,OPEL,03,Alicante,Private,BEV,UKL1,REST,Standard,1
2025,02,OPEL,03,Alicante,Private,BEV,UKL2,REST,Standard,1
2025,02,OPEL,03,Alicante,Private,ICE,SKL,REST,Standard,2
2025,02,OPEL,03,Alicante,Private,ICE,UKL1,REST,Standard,24
2025,02,OPEL,03,Alicante,Private,ICE,UKL2,REST,Standard,12
2025,02,OPEL,03,Alicante,Private,PHEV,UKL2,REST,Standard,1
2025,02,OPEL,03,Alicante,RAC,ICE,UKL1,REST,Standard,6
2025,02,PEUGEOT,03,Alicante,Corporate,BEV,UKL1,REST,Standard,1
2025,02,PEUGEOT,03,Alicante,Corporate,ICE,UKL1,REST,Standard,22
2025,02,PEUGEOT,03,Alicante,Corporate,ICE,UKL2,REST,Standard,6
2025,02,PEUGEOT,03,Alicante,Private,BEV,UKL1,REST,Standard,1
2025,02,PEUGEOT,03,Alicante,Private,ICE,KKL,REST,Standard,5
2025,02,PEUGEOT,03,Alicante,Private,ICE,SKL,REST,Standard,13
2025,02,PEUGEOT,03,Alicante,Private,ICE,UKL1,REST,Standard,27
2025,02,PEUGEOT,03,Alicante,Private,ICE,UKL2,REST,Standard,24
2025,02,PEUGEOT,03,Alicante,Private,PHEV,KKL,REST,Standard,2
2025,02,PORSCHE,03,Alicante,Corporate,BEV,KKL,FOCUS SEGMENT,M Performance,1
2025,02,PORSCHE,03,Alicante,Corporate,ICE,GKL,FOCUS SEGMENT,M,1
2025,02,PORSCHE,03,Alicante,Corporate,PHEV,GKL,FOCUS SEGMENT,Standard,1
2025,02,PORSCHE,03,Alicante,Corporate,PHEV,MKL,FOCUS SEGMENT,M,1
2025,02,PORSCHE,03,Alicante,Corporate,PHEV,MKL,FOCUS SEGMENT,M Performance,2
2025,02,PORSCHE,03,Alicante,Private,BEV,KKL,FOCUS SEGMENT,M Performance,1
2025,02,PORSCHE,03,Alicante,Private,BEV,KKL,FOCUS SEGMENT,Standard,3
2025,02,PORSCHE,03,Alicante,RAC,ICE,GKL,FOCUS SEGMENT,Standard,1
2025,02,RENAULT,03,Alicante,Corporate,BEV,UKL1,REST,Standard,3
2025,02,RENAULT,03,Alicante,Corporate,ICE,KKL,REST,Standard,3
2025,02,RENAULT,03,Alicante,Corporate,ICE,UKL1,REST,Standard,20
2025,02,RENAULT,03,Alicante,Corporate,ICE,UKL2,REST,Standard,7
2025,02,RENAULT,03,Alicante,Corporate,PHEV,UKL2,REST,Standard,1
2025,02,RENAULT,03,Alicante,Private,BEV,UKL1,REST,Standard,2
2025,02,RENAULT,03,Alicante,Private,ICE,KKL,REST,Standard,2
2025,02,RENAULT,03,Alicante,Private,ICE,SKL,REST,Standard,2
2025,02,RENAULT,03,Alicante,Private,ICE,UKL1,REST,Standard,55
2025,02,RENAULT,03,Alicante,Private,ICE,UKL2,REST,Standard,30
2025,02,RENAULT,03,Alicante,Private,PHEV,UKL2,REST,Standard,1
2025,02,RENAULT,03,Alicante,RAC,ICE,UKL1,REST,Standard,287
2025,02,RENAULT,03,Alicante,RAC,ICE,UKL2,REST,Standard,60
2025,02,SEAT,03,Alicante,Corporate,ICE,UKL1,REST,Standard,12
2025,02,SEAT,03,Alicante,Corporate,ICE,UKL2,REST,Standard,3
2025,02,SEAT,03,Alicante,Private,ICE,UKL1,REST,Standard,51
2025,02,SEAT,03,Alicante,Private,ICE,UKL2,REST,Standard,31
2025,02,SHINERAY,03,Alicante,Private,ICE,MKL,REST,Standard,1
2025,02,SIN MARCA,03,Alicante,Corporate,PHEV,,REST,Standard,1
2025,02,SKODA,03,Alicante,Corporate,BEV,UKL2,REST,Standard,2
2025,02,SKODA,03,Alicante,Corporate,ICE,UKL1,REST,Standard,3
2025,02,SKODA,03,Alicante,Corporate,ICE,UKL2,REST,Standard,4
2025,02,SKODA,03,Alicante,Private,ICE,KKL,REST,Standard,4
2025,02,SKODA,03,Alicante,Private,ICE,UKL1,REST,Standard,19
2025,02,SKODA,03,Alicante,Private,ICE,UKL2,REST,Standard,16
2025,02,SKODA,03,Alicante,Private,PHEV,KKL,REST,Standard,4
2025,02,SKODA,03,Alicante,RAC,ICE,UKL1,REST,Standard,77
2025,02,SKODA,03,Alicante,RAC,ICE,UKL2,REST,Standard,30
2025,02,SKYWELL,03,Alicante,Private,BEV,,,Standard,1
2025,02,SMART,03,Alicante,Private,BEV,UKL2,FOCUS SEGMENT,Standard,1
2025,02,SSANGYONG,03,Alicante,Private,ICE,UKL1,REST,Standard,1
2025,02,SUBARU,03,Alicante,Corporate,ICE,UKL2,REST,Standard,1
2025,02,SUBARU,03,Alicante,Private,ICE,KKL,REST,Standard,2
2025,02,SUBARU,03,Alicante,Private,ICE,UKL2,REST,Standard,2
2025,02,SUZUKI,03,Alicante,Corporate,ICE,UKL1,REST,Standard,1
2025,02,SUZUKI,03,Alicante,Private,ICE,UKL1,REST,Standard,4
2025,02,SUZUKI,03,Alicante,Private,ICE,UKL2,REST,Standard,7
2025,02,TESLA,03,Alicante,Corporate,BEV,KKL,FOCUS SEGMENT,Standard,1
2025,02,TESLA,03,Alicante,Private,BEV,GKL,FOCUS SEGMENT,Standard,1
2025,02,TESLA,03,Alicante,Private,BEV,KKL,FOCUS SEGMENT,Standard,31
2025,02,TOYOTA,03,Alicante,Corporate,BEV,UKL2,REST,Standard,1
2025,02,TOYOTA,03,Alicante,Corporate,ICE,UKL0,REST,Standard,2
2025,02,TOYOTA,03,Alicante,Corporate,ICE,UKL1,REST,Standard,5
2025,02,TOYOTA,03,Alicante,Corporate,ICE,UKL2,REST,Standard,8
2025,02,TOYOTA,03,Alicante,Corporate,PHEV,UKL1,REST,Standard,7
2025,02,TOYOTA,03,Alicante,Private,BEV,UKL2,REST,Standard,1
2025,02,TOYOTA,03,Alicante,Private,ICE,GKL,REST,Standard,2
2025,02,TOYOTA,03,Alicante,Private,ICE,UKL0,REST,Standard,12
2025,02,TOYOTA,03,Alicante,Private,ICE,UKL1,REST,Standard,93
2025,02,TOYOTA,03,Alicante,Private,ICE,UKL2,REST,Standard,55
2025,02,TOYOTA,03,Alicante,Private,PHEV,UKL1,REST,Standard,19
2025,02,TOYOTA,03,Alicante,Private,PHEV,UKL2,REST,Standard,15
2025,02,VOLKSWAGEN,03,Alicante,Corporate,BEV,SKL,REST,Standard,1
2025,02,VOLKSWAGEN,03,Alicante,Corporate,ICE,UKL1,REST,Standard,12
2025,02,VOLKSWAGEN,03,Alicante,Corporate,ICE,UKL2,REST,Standard,5
2025,02,VOLKSWAGEN,03,Alicante,Corporate,PHEV,KKL,REST,Standard,1
2025,02,VOLKSWAGEN,03,Alicante,Corporate,PHEV,UKL2,REST,Standard,2
2025,02,VOLKSWAGEN,03,Alicante,Private,BEV,SKL,REST,Standard,2
2025,02,VOLKSWAGEN,03,Alicante,Private,BEV,UKL2,REST,Standard,2
2025,02,VOLKSWAGEN,03,Alicante,Private,ICE,SKL,REST,Standard,6
2025,02,VOLKSWAGEN,03,Alicante,Private,ICE,UKL1,REST,Standard,75
2025,02,VOLKSWAGEN,03,Alicante,Private,ICE,UKL2,REST,Standard,58
2025,02,VOLKSWAGEN,03,Alicante,Private,PHEV,UKL2,REST,Standard,2
2025,02,VOLVO,03,Alicante,Corporate,ICE,KKL,FOCUS SEGMENT,Standard,3
2025,02,VOLVO,03,Alicante,Corporate,ICE,UKL2,FOCUS SEGMENT,Standard,1
2025,02,VOLVO,03,Alicante,Corporate,PHEV,KKL,FOCUS SEGMENT,Standard,1
2025,02,VOLVO,03,Alicante,Private,ICE,KKL,FOCUS SEGMENT,Standard,3
2025,02,VOLVO,03,Alicante,Private,ICE,UKL2,FOCUS SEGMENT,Standard,5
2025,02,ALFA ROMEO,04,Almería,Private,ICE,UKL1,REST,Standard,1
2025,02,AUDI,04,Almería,Corporate,BEV,MKL,FOCUS SEGMENT,Standard,1
2025,02,AUDI,04,Almería,Corporate,ICE,UKL1,FOCUS SEGMENT,Standard,1
2025,02,AUDI,04,Almería,Corporate,ICE,UKL2,FOCUS SEGMENT,Standard,5
2025,02,AUDI,04,Almería,Private,ICE,KKL,FOCUS SEGMENT,Standard,4
2025,02,AUDI,04,Almería,Private,ICE,UKL1,FOCUS SEGMENT,Standard,1
2025,02,AUDI,04,Almería,Private,ICE,UKL2,FOCUS SEGMENT,Standard,5
2025,02,BMW,04,Almería,Corporate,ICE,GKL,FOCUS SEGMENT,Standard,1
2025,02,BMW,04,Almería,Corporate,ICE,KKL,FOCUS SEGMENT,Standard,1
2025,02,BMW,04,Almería,Corporate,ICE,MKL,FOCUS SEGMENT,Standard,4
2025,02,BMW,04,Almería,Corporate,ICE,UKL2,FOCUS SEGMENT,Standard,3
2025,02,BMW,04,Almería,Corporate,PHEV,GKL,FOCUS SEGMENT,M,1
2025,02,BMW,04,Almería,Private,ICE,KKL,FOCUS SEGMENT,M,1
2025,02,BMW,04,Almería,Private,ICE,KKL,FOCUS SEGMENT,Standard,3
2025,02,BMW,04,Almería,Private,ICE,MKL,FOCUS SEGMENT,Standard,1
2025,02,BMW,04,Almería,Private,ICE,UKL2,FOCUS SEGMENT,Standard,9
2025,02,BMW,04,Almería,Private,PHEV,KKL,FOCUS SEGMENT,Standard,1
2025,02,BYD,04,Almería,Private,BEV,UKL2,REST,Standard,1
2025,02,BYD,04,Almería,Private,PHEV,KKL,REST,Standard,3
2025,02,CITROEN,04,Almería,Corporate,BEV,UKL1,REST,Standard,2
2025,02,CITROEN,04,Almería,Corporate,BEV,UKL2,REST,Standard,1
2025,02,CITROEN,04,Almería,Corporate,ICE,UKL2,REST,Standard,2
2025,02,CITROEN,04,Almería,Private,ICE,UKL1,REST,Standard,3
2025,02,CITROEN,04,Almería,Private,ICE,UKL2,REST,Standard,10
2025,02,CUPRA,04,Almería,Corporate,ICE,UKL2,REST,Standard,3
2025,02,CUPRA,04,Almería,Corporate,PHEV,UKL2,REST,Standard,2
2025,02,CUPRA,04,Almería,Private,ICE,UKL2,REST,Standard,5
2025,02,DACIA,04,Almería,Corporate,ICE,SKL,REST,Standard,3
2025,02,DACIA,04,Almería,Corporate,ICE,UKL2,REST,Standard,1
2025,02,DACIA,04,Almería,Private,ICE,SKL,REST,Standard,13
2025,02,DACIA,04,Almería,Private,ICE,UKL1,REST,Standard,16
2025,02,DACIA,04,Almería,Private,ICE,UKL2,REST,Standard,1
2025,02,DFSK,04,Almería,Private,ICE,,,Standard,1
2025,02,DR,04,Almería,Private,ICE,UKL1,REST,Standard,1
2025,02,EBRO,04,Almería,Corporate,ICE,KKL,REST,Standard,4
2025,02,EBRO,04,Almería,Private,ICE,UKL2,REST,Standard,4
2025,02,EVO,04,Almería,Private,ICE,UKL2,REST,Standard,1
2025,02,FIAT,04,Almería,Corporate,ICE,UKL0,REST,Standard,1
2025,02,FIAT,04,Almería,Private,ICE,UKL2,REST,Standard,1
2025,02,FORD,04,Almería,Corporate,ICE,MKL,REST,Standard,1
2025,02,FORD,04,Almería,Corporate,ICE,SKL,REST,Standard,1
2025,02,FORD,04,Almería,Corporate,ICE,UKL2,REST,Standard,3
2025,02,FORD,04,Almería,Private,ICE,MKL,REST,Standard,1
2025,02,FORD,04,Almería,Private,ICE,SKL,REST,Standard,4
2025,02,FORD,04,Almería,Private,ICE,UKL1,REST,Standard,6
2025,02,FORD,04,Almería,Private,ICE,UKL2,REST,Standard,8
2025,02,FORD,04,Almería,Private,PHEV,UKL2,REST,Standard,2
2025,02,HONDA,04,Almería,Private,ICE,UKL2,REST,Standard,1
2025,02,HYUNDAI,04,Almería,Corporate,BEV,UKL2,REST,Standard,1
2025,02,HYUNDAI,04,Almería,Corporate,ICE,UKL0,REST,Standard,1
2025,02,HYUNDAI,04,Almería,Corporate,ICE,UKL1,REST,Standard,12
2025,02,HYUNDAI,04,Almería,Corporate,ICE,UKL2,REST,Standard,13
2025,02,HYUNDAI,04,Almería,Corporate,PHEV,UKL2,REST,Standard,1
2025,02,HYUNDAI,04,Almería,Private,BEV,UKL1,REST,Standard,2
2025,02,HYUNDAI,04,Almería,Private,BEV,UKL2,REST,Standard,4
2025,02,HYUNDAI,04,Almería,Private,ICE,UKL1,REST,Standard,3
2025,02,HYUNDAI,04,Almería,Private,ICE,UKL2,REST,Standard,10
2025,02,HYUNDAI,04,Almería,Private,PHEV,MKL,REST,Standard,2
2025,02,HYUNDAI,04,Almería,Private,PHEV,UKL2,REST,Standard,1
2025,02,JAECOO,04,Almería,Private,ICE,UKL2,REST,Standard,5
2025,02,JAECOO,04,Almería,Private,PHEV,UKL2,REST,Standard,5
2025,02,JAECOO,04,Almería,RAC,ICE,UKL2,REST,Standard,1
2025,02,JEEP,04,Almería,Corporate,ICE,UKL2,REST,Standard,1
2025,02,JEEP,04,Almería,Private,ICE,UKL1,REST,Standard,1
2025,02,JEEP,04,Almería,Private,PHEV,UKL2,REST,Standard,1
2025,02,KG MOBILITY,04,Almería,Private,ICE,UKL1,REST,Standard,2
2025,02,KIA,04,Almería,Corporate,BEV,UKL1,REST,Standard,1
2025,02,KIA,04,Almería,Corporate,ICE,UKL2,REST,Standard,2
2025,02,KIA,04,Almería,Private,BEV,UKL1,REST,Standard,3
2025,02,KIA,04,Almería,Private,ICE,KKL,REST,Standard,1
2025,02,KIA,04,Almería,Private,ICE,UKL0,REST,Standard,2
2025,02,KIA,04,Almería,Private,ICE,UKL1,REST,Standard,10
2025,02,KIA,04,Almería,Private,ICE,UKL2,REST,Standard,32
2025,02,LAND ROVER,04,Almería,Corporate,ICE,MKL,FOCUS SEGMENT,Standard,2
2025,02,LEXUS,04,Almería,Private,ICE,KKL,FOCUS SEGMENT,Standard,1
2025,02,LEXUS,04,Almería,Private,ICE,UKL2,FOCUS SEGMENT,Standard,2
2025,02,LIVAN,04,Almería,Private,ICE,UKL1,REST,Standard,1
2025,02,MASERATI,04,Almería,Private,ICE,KKL,FOCUS SEGMENT,Standard,1
2025,02,MAZDA,04,Almería,Corporate,ICE,UKL2,REST,Standard,3
2025,02,MAZDA,04,Almería,Corporate,PHEV,KKL,REST,Standard,1
2025,02,MAZDA,04,Almería,Private,ICE,KKL,REST,Standard,1
2025,02,MAZDA,04,Almería,Private,ICE,UKL1,REST,Standard,1
2025,02,MAZDA,04,Almería,Private,ICE,UKL2,REST,Standard,8
2025,02,MERCEDES,04,Almería,Corporate,BEV,GKL,FOCUS SEGMENT,Standard,1
2025,02,MERCEDES,04,Almería,Corporate,ICE,GKL,FOCUS SEGMENT,Standard,1
2025,02,MERCEDES,04,Almería,Corporate,ICE,KKL,FOCUS SEGMENT,Standard,5
2025,02,MERCEDES,04,Almería,Corporate,ICE,MKL,FOCUS SEGMENT,M Performance,1
2025,02,MERCEDES,04,Almería,Corporate,ICE,MKL,FOCUS SEGMENT,Standard,1
2025,02,MERCEDES,04,Almería,Corporate,ICE,MKL,REST,Standard,1
2025,02,MERCEDES,04,Almería,Corporate,ICE,SKL,REST,Standard,3
2025,02,MERCEDES,04,Almería,Corporate,ICE,UKL2,FOCUS SEGMENT,Standard,3
2025,02,MERCEDES,04,Almería,Corporate,PHEV,MKL,FOCUS SEGMENT,Standard,3
2025,02,MERCEDES,04,Almería,Private,ICE,KKL,FOCUS SEGMENT,Standard,4
2025,02,MERCEDES,04,Almería,Private,ICE,MKL,FOCUS SEGMENT,Standard,2
2025,02,MERCEDES,04,Almería,Private,ICE,MKL,REST,Standard,1
2025,02,MERCEDES,04,Almería,Private,ICE,SKL,REST,Standard,1
2025,02,MERCEDES,04,Almería,Private,ICE,UKL2,FOCUS SEGMENT,Standard,7
2025,02,MERCEDES,04,Almería,Private,PHEV,KKL,FOCUS SEGMENT,Standard,1
2025,02,MERCEDES,04,Almería,Private,PHEV,MKL,FOCUS SEGMENT,Standard,1
2025,02,MERCEDES,04,Almería,Private,PHEV,UKL2,FOCUS SEGMENT,Standard,1
2025,02,MERCEDES-V,04,Almería,Private,ICE,SKL,REST,Standard,1
2025,02,MG,04,Almería,Corporate,ICE,UKL1,REST,Standard,1
2025,02,MG,04,Almería,Private,BEV,UKL2,REST,Standard,1
2025,02,MG,04,Almería,Private,ICE,KKL,REST,Standard,8
2025,02,MG,04,Almería,Private,ICE,UKL1,REST,Standard,29
2025,02,MG,04,Almería,Private,PHEV,KKL,REST,Standard,1
2025,02,MINI,04,Almería,Corporate,BEV,UKL1,FOCUS SEGMENT,Standard,1
2025,02,MINI,04,Almería,Corporate,BEV,UKL2,FOCUS SEGMENT,Standard,2
2025,02,MINI,04,Almería,Corporate,ICE,UKL1,FOCUS SEGMENT,Standard,1
2025,02,MINI,04,Almería,Corporate,ICE,UKL2,FOCUS SEGMENT,Standard,1
2025,02,MINI,04,Almería,Private,ICE,UKL2,FOCUS SEGMENT,Standard,2
2025,02,MITSUBISHI,04,Almería,Private,ICE,UKL2,REST,Standard,5
2025,02,MITSUBISHI,04,Almería,Private,PHEV,UKL2,REST,Standard,1
2025,02,NISSAN,04,Almería,Private,ICE,KKL,REST,Standard,5
2025,02,NISSAN,04,Almería,Private,ICE,SKL,REST,Standard,1
2025,02,NISSAN,04,Almería,Private,ICE,UKL1,REST,Standard,6
2025,02,NISSAN,04,Almería,Private,ICE,UKL2,REST,Standard,12
2025,02,OMODA,04,Almería,Corporate,ICE,UKL2,REST,Standard,4
2025,02,OMODA,04,Almería,Private,ICE,UKL2,REST,Standard,10
2025,02,OPEL,04,Almería,Private,ICE,SKL,REST,Standard,1
2025,02,OPEL,04,Almería,Private,ICE,UKL1,REST,Standard,1
2025,02,OPEL,04,Almería,Private,ICE,UKL2,REST,Standard,1
2025,02,PEUGEOT,04,Almería,Corporate,ICE,UKL1,REST,Standard,1
2025,02,PEUGEOT,04,Almería,Corporate,ICE,UKL2,REST,Standard,1
2025,02,PEUGEOT,04,Almería,Private,ICE,KKL,REST,Standard,3
2025,02,PEUGEOT,04,Almería,Private,ICE,SKL,REST,Standard,4
2025,02,PEUGEOT,04,Almería,Private,ICE,UKL1,REST,Standard,9
2025,02,PEUGEOT,04,Almería,Private,ICE,UKL2,REST,Standard,5
2025,02,RENAULT,04,Almería,Corporate,ICE,SKL,REST,Standard,1
2025,02,RENAULT,04,Almería,Corporate,ICE,UKL1,REST,Standard,2
2025,02,RENAULT,04,Almería,Corporate,PHEV,UKL2,REST,Standard,1
2025,02,RENAULT,04,Almería,Private,ICE,UKL1,REST,Standard,18
2025,02,RENAULT,04,Almería,Private,ICE,UKL2,REST,Standard,13
2025,02,SEAT,04,Almería,Corporate,ICE,UKL1,REST,Standard,1
2025,02,SEAT,04,Almería,Corporate,ICE,UKL2,REST,Standard,5
2025,02,SEAT,04,Almería,Corporate,PHEV,UKL2,REST,Standard,1
2025,02,SEAT,04,Almería,Private,ICE,UKL1,REST,Standard,17
2025,02,SEAT,04,Almería,Private,ICE,UKL2,REST,Standard,16
2025,02,SHINERAY,04,Almería,Private,ICE,MKL,REST,Standard,1
2025,02,SKODA,04,Almería,Corporate,BEV,UKL2,REST,Standard,3
2025,02,SKODA,04,Almería,Corporate,ICE,KKL,REST,Standard,1
2025,02,SKODA,04,Almería,Corporate,ICE,UKL1,REST,Standard,3
2025,02,SKODA,04,Almería,Corporate,ICE,UKL2,REST,Standard,2
2025,02,SKODA,04,Almería,Private,ICE,KKL,REST,Standard,1
2025,02,SKODA,04,Almería,Private,ICE,UKL1,REST,Standard,5
2025,02,SKODA,04,Almería,Private,ICE,UKL2,REST,Standard,3
2025,02,SUZUKI,04,Almería,Corporate,ICE,UKL1,REST,Standard,2
2025,02,SUZUKI,04,Almería,Corporate,ICE,UKL2,REST,Standard,3
2025,02,SUZUKI,04,Almería,Private,ICE,UKL1,REST,Standard,3
2025,02,SUZUKI,04,Almería,Private,ICE,UKL2,REST,Standard,2
2025,02,TESLA,04,Almería,Private,BEV,KKL,FOCUS SEGMENT,Standard,3
2025,02,TOYOTA,04,Almería,Corporate,ICE,GKL,REST,Standard,1
2025,02,TOYOTA,04,Almería,Corporate,ICE,SKL,REST,Standard,2
2025,02,TOYOTA,04,Almería,Corporate,ICE,UKL1,REST,Standard,4
2025,02,TOYOTA,04,Almería,Corporate,ICE,UKL2,REST,Standard,5
2025,02,TOYOTA,04,Almería,Corporate,PHEV,UKL1,REST,Standard,1
2025,02,TOYOTA,04,Almería,Private,BEV,UKL2,REST,Standard,2
2025,02,TOYOTA,04,Almería,Private,ICE,GKL,REST,Standard,2
2025,02,TOYOTA,04,Almería,Private,ICE,SKL,REST,Standard,1
2025,02,TOYOTA,04,Almería,Private,ICE,UKL0,REST,Standard,1
2025,02,TOYOTA,04,Almería,Private,ICE,UKL1,REST,Standard,30
2025,02,TOYOTA,04,Almería,Private,ICE,UKL2,REST,Standard,27
2025,02,TOYOTA,04,Almería,Private,PHEV,UKL1,REST,Standard,9
2025,02,TOYOTA,04,Almería,Private,PHEV,UKL2,REST,Standard,2
2025,02,VOLKSWAGEN,04,Almería,Corporate,ICE,UKL1,REST,Standard,1
2025,02,VOLKSWAGEN,04,Almería,Corporate,ICE,UKL2,REST,Standard,1
2025,02,VOLKSWAGEN,04,Almería,Corporate,PHEV,UKL2,REST,Standard,1
2025,02,VOLKSWAGEN,04,Almería,Private,BEV,SKL,REST,Standard,1
2025,02,VOLKSWAGEN,04,Almería,Private,BEV,UKL2,REST,Standard,1
2025,02,VOLKSWAGEN,04,Almería,Private,ICE,SKL,REST,Standard,1
2025,02,VOLKSWAGEN,04,Almería,Private,ICE,UKL1,REST,Standard,12
2025,02,VOLKSWAGEN,04,Almería,Private,ICE,UKL2,REST,Standard,16
2025,02,VOLVO,04,Almería,Corporate,ICE,UKL2,FOCUS SEGMENT,Standard,1
2025,02,VOLVO,04,Almería,Private,ICE,KKL,FOCUS SEGMENT,Standard,1
2025,02,VOLVO,04,Almería,Private,ICE,UKL2,FOCUS SEGMENT,Standard,4
2025,02,AUDI,05,Ávila,Private,ICE,KKL,FOCUS SEGMENT,Standard,1
2025,02,BMW,05,Ávila,Corporate,ICE,GKL,FOCUS SEGMENT,Standard,2
2025,02,BMW,05,Ávila,Corporate,ICE,UKL2,FOCUS SEGMENT,Standard,1
2025,02,BYD,05,Ávila,Private,BEV,UKL1,REST,Standard,1
2025,02,CITROEN,05,Ávila,Private,ICE,UKL1,REST,Standard,2
2025,02,CITROEN,05,Ávila,Private,ICE,UKL2,REST,Standard,1
2025,02,CUPRA,05,Ávila,Corporate,ICE,UKL2,REST,Standard,1
2025,02,CUPRA,05,Ávila,Private,ICE,UKL2,REST,Standard,2
2025,02,DACIA,05,Ávila,Corporate,BEV,UKL0,REST,Standard,1
2025,02,DACIA,05,Ávila,Corporate,ICE,UKL1,REST,Standard,1
2025,02,DACIA,05,Ávila,Private,ICE,SKL,REST,Standard,1
2025,02,DACIA,05,Ávila,Private,ICE,UKL1,REST,Standard,2
2025,02,DACIA,05,Ávila,Private,ICE,UKL2,REST,Standard,1
2025,02,EBRO,05,Ávila,Corporate,ICE,KKL,REST,Standard,4
2025,02,EBRO,05,Ávila,Private,ICE,KKL,REST,Standard,1
2025,02,FIAT,05,Ávila,Private,ICE,,,Standard,1
2025,02,HYUNDAI,05,Ávila,Corporate,ICE,UKL1,REST,Standard,1
2025,02,HYUNDAI,05,Ávila,Corporate,ICE,UKL2,REST,Standard,1
2025,02,HYUNDAI,05,Ávila,Private,ICE,UKL1,REST,Standard,4
2025,02,HYUNDAI,05,Ávila,Private,ICE,UKL2,REST,Standard,3
2025,02,HYUNDAI,05,Ávila,Private,PHEV,MKL,REST,Standard,1
2025,02,JAECOO,05,Ávila,Private,PHEV,UKL2,REST,Standard,4
2025,02,JEEP,05,Ávila,Corporate,ICE,UKL1,REST,Standard,3
2025,02,KIA,05,Ávila,Private,BEV,UKL1,REST,Standard,1
2025,02,KIA,05,Ávila,Private,ICE,UKL1,REST,Standard,1
2025,02,KIA,05,Ávila,Private,ICE,UKL2,REST,Standard,8
2025,02,MAZDA,05,Ávila,Corporate,ICE,UKL2,REST,Standard,1
2025,02,MAZDA,05,Ávila,Private,ICE,UKL2,REST,Standard,1
2025,02,MG,05,Ávila,Private,ICE,UKL1,REST,Standard,8
2025,02,MG,05,Ávila,Private,PHEV,KKL,REST,Standard,1
2025,02,MINI,05,Ávila,Corporate,ICE,UKL1,FOCUS SEGMENT,Standard,1
2025,02,MINI,05,Ávila,Corporate,ICE,UKL2,FOCUS SEGMENT,Standard,2
2025,02,MINI,05,Ávila,Private,BEV,UKL1,FOCUS SEGMENT,Standard,1
2025,02,MITSUBISHI,05,Ávila,Corporate,ICE,UKL2,REST,Standard,1
2025,02,MITSUBISHI,05,Ávila,Private,ICE,UKL2,REST,Standard,1
2025,02,NISSAN,05,Ávila,Corporate,ICE,UKL2,REST,Standard,2
2025,02,NISSAN,05,Ávila,Private,ICE,KKL,REST,Standard,1
2025,02,NISSAN,05,Ávila,Private,ICE,UKL1,REST,Standard,1
2025,02,NISSAN,05,Ávila,Private,ICE,UKL2,REST,Standard,2
2025,02,OMODA,05,Ávila,Corporate,ICE,UKL2,REST,Standard,2
2025,02,OMODA,05,Ávila,Private,ICE,UKL2,REST,Standard,3
2025,02,OPEL,05,Ávila,Corporate,ICE,UKL1,REST,Standard,1
2025,02,OPEL,05,Ávila,Corporate,ICE,UKL2,REST,Standard,1
2025,02,OPEL,05,Ávila,Corporate,PHEV,UKL2,REST,Standard,2
2025,02,OPEL,05,Ávila,Private,ICE,UKL2,REST,Standard,1
2025,02,RENAULT,05,Ávila,Corporate,ICE,UKL2,REST,Standard,1
2025,02,RENAULT,05,Ávila,Private,ICE,KKL,REST,Standard,1
2025,02,RENAULT,05,Ávila,Private,ICE,UKL1,REST,Standard,3
2025,02,RENAULT,05,Ávila,Private,ICE,UKL2,REST,Standard,1
2025,02,SEAT,05,Ávila,Private,ICE,UKL1,REST,Standard,1
2025,02,SEAT,05,Ávila,Private,ICE,UKL2,REST,Standard,2
2025,02,TESLA,05,Ávila,Private,BEV,KKL,FOCUS SEGMENT,Standard,3
2025,02,TOYOTA,05,Ávila,Private,ICE,UKL1,REST,Standard,5
2025,02,TOYOTA,05,Ávila,Private,ICE,UKL2,REST,Standard,8
2025,02,TOYOTA,05,Ávila,Private,PHEV,UKL1,REST,Standard,1
2025,02,TOYOTA,05,Ávila,Private,PHEV,UKL2,REST,Standard,2
2025,02,VOLKSWAGEN,05,Ávila,Private,ICE,UKL1,REST,Standard,1
2025,02,VOLKSWAGEN,05,Ávila,Private,ICE,UKL2,REST,Standard,3
2025,02,VOLVO,05,Ávila,Private,ICE,KKL,FOCUS SEGMENT,Standard,1
2025,02,AUDI,06,Badajoz,Corporate,ICE,KKL,FOCUS SEGMENT,Standard,1
2025,02,AUDI,06,Badajoz,Corporate,ICE,UKL2,FOCUS SEGMENT,Standard,1
2025,02,AUDI,06,Badajoz,Private,ICE,KKL,FOCUS SEGMENT,Standard,5
2025,02,AUDI,06,Badajoz,Private,ICE,MKL,FOCUS SEGMENT,Standard,1
2025,02,AUDI,06,Badajoz,Private,ICE,UKL1,FOCUS SEGMENT,Standard,3
2025,02,AUDI,06,Badajoz,Private,ICE,UKL2,FOCUS SEGMENT,Standard,7
2025,02,AUDI,06,Badajoz,Private,PHEV,KKL,FOCUS SEGMENT,Standard,1
2025,02,BMW,06,Badajoz,Corporate,ICE,KKL,FOCUS SEGMENT,Standard,1
2025,02,BMW,06,Badajoz,Corporate,ICE,MKL,FOCUS SEGMENT,Standard,2
2025,02,BMW,06,Badajoz,Corporate,ICE,UKL2,FOCUS SEGMENT,Standard,1
2025,02,BMW,06,Badajoz,Corporate,PHEV,KKL,FOCUS SEGMENT,Standard,1
2025,02,BMW,06,Badajoz,Private,ICE,KKL,FOCUS SEGMENT,Standard,5
2025,02,BMW,06,Badajoz,Private,ICE,UKL2,FOCUS SEGMENT,Standard,5
2025,02,BMW,06,Badajoz,Private,PHEV,KKL,FOCUS SEGMENT,Standard,1
2025,02,BYD,06,Badajoz,Corporate,BEV,KKL,REST,Standard,2
2025,02,BYD,06,Badajoz,Corporate,BEV,UKL1,REST,Standard,1
2025,02,BYD,06,Badajoz,Corporate,BEV,UKL2,REST,Standard,2
2025,02,BYD,06,Badajoz,Corporate,PHEV,KKL,REST,Standard,9
2025,02,BYD,06,Badajoz,Private,BEV,KKL,REST,Standard,2
2025,02,BYD,06,Badajoz,Private,BEV,UKL1,REST,Standard,1
2025,02,BYD,06,Badajoz,Private,BEV,UKL2,REST,Standard,2
2025,02,BYD,06,Badajoz,Private,PHEV,KKL,REST,Standard,7
2025,02,CITROEN,06,Badajoz,Corporate,BEV,UKL1,REST,Standard,1
2025,02,CITROEN,06,Badajoz,Corporate,ICE,SKL,REST,Standard,1
2025,02,CITROEN,06,Badajoz,Private,ICE,UKL1,REST,Standard,4
2025,02,CITROEN,06,Badajoz,Private,ICE,UKL2,REST,Standard,3
2025,02,CUPRA,06,Badajoz,Corporate,ICE,UKL2,REST,Standard,4
2025,02,CUPRA,06,Badajoz,Private,BEV,UKL2,REST,Standard,1
2025,02,CUPRA,06,Badajoz,Private,ICE,UKL2,REST,Standard,2
2025,02,DACIA,06,Badajoz,Private,ICE,SKL,REST,Standard,3
2025,02,DACIA,06,Badajoz,Private,ICE,UKL1,REST,Standard,15
2025,02,FORD,06,Badajoz,Corporate,BEV,SKL,REST,Standard,1
2025,02,FORD,06,Badajoz,Corporate,ICE,UKL1,REST,Standard,1
2025,02,FORD,06,Badajoz,Private,ICE,SKL,REST,Standard,1
2025,02,FORD,06,Badajoz,Private,ICE,UKL1,REST,Standard,3
2025,02,FORD,06,Badajoz,Private,ICE,UKL2,REST,Standard,4
2025,02,FORD,06,Badajoz,Private,PHEV,UKL2,REST,Standard,1
2025,02,HONDA,06,Badajoz,Private,ICE,UKL1,REST,Standard,1
2025,02,HYUNDAI,06,Badajoz,Corporate,BEV,UKL2,REST,Standard,2
2025,02,HYUNDAI,06,Badajoz,Corporate,ICE,MKL,REST,Standard,1
2025,02,HYUNDAI,06,Badajoz,Corporate,ICE,UKL0,REST,Standard,1
2025,02,HYUNDAI,06,Badajoz,Corporate,ICE,UKL1,REST,Standard,5
2025,02,HYUNDAI,06,Badajoz,Corporate,ICE,UKL2,REST,Standard,7
2025,02,HYUNDAI,06,Badajoz,Private,ICE,UKL0,REST,Standard,1
2025,02,HYUNDAI,06,Badajoz,Private,ICE,UKL1,REST,Standard,12
2025,02,HYUNDAI,06,Badajoz,Private,ICE,UKL2,REST,Standard,11
2025,02,HYUNDAI,06,Badajoz,Private,PHEV,UKL2,REST,Standard,1
2025,02,JAECOO,06,Badajoz,Corporate,PHEV,UKL2,REST,Standard,1
2025,02,JAECOO,06,Badajoz,Private,ICE,UKL2,REST,Standard,2
2025,02,JAECOO,06,Badajoz,Private,PHEV,UKL2,REST,Standard,3
2025,02,KG MOBILITY,06,Badajoz,Private,ICE,MKL,REST,Standard,1
2025,02,KG MOBILITY,06,Badajoz,Private,ICE,UKL1,REST,Standard,1
2025,02,KIA,06,Badajoz,Corporate,ICE,UKL2,REST,Standard,2
2025,02,KIA,06,Badajoz,Private,ICE,UKL1,REST,Standard,7
2025,02,KIA,06,Badajoz,Private,ICE,UKL2,REST,Standard,23
2025,02,KIA,06,Badajoz,RAC,ICE,KKL,REST,Standard,1
2025,02,LAND ROVER,06,Badajoz,Private,ICE,MKL,FOCUS SEGMENT,Standard,1
2025,02,LEXUS,06,Badajoz,Corporate,ICE,UKL1,FOCUS SEGMENT,Standard,1
2025,02,LEXUS,06,Badajoz,Private,ICE,KKL,FOCUS SEGMENT,Standard,1
2025,02,MAZDA,06,Badajoz,Corporate,ICE,KKL,REST,Standard,1
2025,02,MAZDA,06,Badajoz,Corporate,PHEV,KKL,REST,Standard,1
2025,02,MAZDA,06,Badajoz,Private,ICE,UKL1,REST,Standard,2
2025,02,MAZDA,06,Badajoz,Private,ICE,UKL2,REST,Standard,8
2025,02,MERCEDES,06,Badajoz,Corporate,ICE,KKL,FOCUS SEGMENT,Standard,3
2025,02,MERCEDES,06,Badajoz,Corporate,ICE,MKL,FOCUS SEGMENT,Standard,5
2025,02,MERCEDES,06,Badajoz,Corporate,ICE,MKL,REST,Standard,1
2025,02,MERCEDES,06,Badajoz,Private,ICE,KKL,FOCUS SEGMENT,Standard,1
2025,02,MERCEDES,06,Badajoz,Private,ICE,MKL,FOCUS SEGMENT,Standard,1
2025,02,MERCEDES,06,Badajoz,Private,PHEV,UKL2,FOCUS SEGMENT,Standard,1
2025,02,MG,06,Badajoz,Corporate,ICE,UKL1,REST,Standard,1
2025,02,MG,06,Badajoz,Private,ICE,KKL,REST,Standard,1
2025,02,MG,06,Badajoz,Private,ICE,UKL1,REST,Standard,16
2025,02,MG,06,Badajoz,Private,PHEV,KKL,REST,Standard,2
2025,02,MINI,06,Badajoz,Corporate,ICE,UKL2,FOCUS SEGMENT,Standard,1
2025,02,NISSAN,06,Badajoz,Corporate,ICE,KKL,REST,Standard,1
2025,02,NISSAN,06,Badajoz,Corporate,ICE,UKL1,REST,Standard,3
2025,02,NISSAN,06,Badajoz,Corporate,ICE,UKL2,REST,Standard,4
2025,02,NISSAN,06,Badajoz,Private,ICE,KKL,REST,Standard,2
2025,02,NISSAN,06,Badajoz,Private,ICE,UKL1,REST,Standard,3
2025,02,NISSAN,06,Badajoz,Private,ICE,UKL2,REST,Standard,8
2025,02,OMODA,06,Badajoz,Private,ICE,UKL2,REST,Standard,10
2025,02,OPEL,06,Badajoz,Corporate,BEV,SKL,REST,Standard,1
2025,02,OPEL,06,Badajoz,Private,ICE,SKL,REST,Standard,1
2025,02,OPEL,06,Badajoz,Private,ICE,UKL1,REST,Standard,1
2025,02,PEUGEOT,06,Badajoz,Corporate,ICE,SKL,REST,Standard,1
2025,02,PEUGEOT,06,Badajoz,Corporate,ICE,UKL1,REST,Standard,1
2025,02,PEUGEOT,06,Badajoz,Private,ICE,KKL,REST,Standard,3
2025,02,PEUGEOT,06,Badajoz,Private,ICE,SKL,REST,Standard,3
2025,02,PEUGEOT,06,Badajoz,Private,ICE,UKL1,REST,Standard,6
2025,02,PEUGEOT,06,Badajoz,Private,ICE,UKL2,REST,Standard,6
2025,02,PORSCHE,06,Badajoz,Corporate,ICE,GKL,FOCUS SEGMENT,Standard,1
2025,02,PORSCHE,06,Badajoz,Private,PHEV,GKL,FOCUS SEGMENT,M Performance,1
2025,02,RENAULT,06,Badajoz,Corporate,ICE,UKL1,REST,Standard,9
2025,02,RENAULT,06,Badajoz,Private,ICE,SKL,REST,Standard,1
2025,02,RENAULT,06,Badajoz,Private,ICE,UKL1,REST,Standard,6
2025,02,RENAULT,06,Badajoz,Private,ICE,UKL2,REST,Standard,3
2025,02,SEAT,06,Badajoz,Corporate,ICE,UKL1,REST,Standard,7
2025,02,SEAT,06,Badajoz,Corporate,ICE,UKL2,REST,Standard,7
2025,02,SEAT,06,Badajoz,Private,ICE,UKL1,REST,Standard,6
2025,02,SEAT,06,Badajoz,Private,ICE,UKL2,REST,Standard,13
2025,02,SKODA,06,Badajoz,Corporate,BEV,UKL2,REST,Standard,1
2025,02,SKODA,06,Badajoz,Corporate,ICE,UKL1,REST,Standard,1
2025,02,SKODA,06,Badajoz,Corporate,ICE,UKL2,REST,Standard,3
2025,02,SKODA,06,Badajoz,Private,ICE,UKL1,REST,Standard,6
2025,02,SKODA,06,Badajoz,Private,ICE,UKL2,REST,Standard,4
2025,02,SKODA,06,Badajoz,Private,PHEV,KKL,REST,Standard,1
2025,02,SSANGYONG,06,Badajoz,Private,ICE,KKL,REST,Standard,1
2025,02,SUBARU,06,Badajoz,Private,ICE,KKL,REST,Standard,1
2025,02,SUZUKI,06,Badajoz,Corporate,ICE,UKL2,REST,Standard,1
2025,02,SUZUKI,06,Badajoz,Private,ICE,UKL2,REST,Standard,2
2025,02,TESLA,06,Badajoz,Private,BEV,KKL,FOCUS SEGMENT,Standard,2
2025,02,TOYOTA,06,Badajoz,Corporate,ICE,GKL,REST,Standard,5
2025,02,TOYOTA,06,Badajoz,Corporate,ICE,UKL2,REST,Standard,2
2025,02,TOYOTA,06,Badajoz,Corporate,PHEV,UKL2,REST,Standard,1
2025,02,TOYOTA,06,Badajoz,Private,BEV,UKL2,REST,Standard,1
2025,02,TOYOTA,06,Badajoz,Private,ICE,UKL0,REST,Standard,1
2025,02,TOYOTA,06,Badajoz,Private,ICE,UKL1,REST,Standard,17
2025,02,TOYOTA,06,Badajoz,Private,ICE,UKL2,REST,Standard,22
2025,02,TOYOTA,06,Badajoz,Private,PHEV,UKL1,REST,Standard,1
2025,02,TOYOTA,06,Badajoz,Private,PHEV,UKL2,REST,Standard,1
2025,02,VOLKSWAGEN,06,Badajoz,Corporate,ICE,SKL,REST,Standard,1
2025,02,VOLKSWAGEN,06,Badajoz,Corporate,ICE,UKL1,REST,Standard,1
2025,02,VOLKSWAGEN,06,Badajoz,Corporate,ICE,UKL2,REST,Standard,1
2025,02,VOLKSWAGEN,06,Badajoz,Corporate,PHEV,SKL,REST,Standard,1
2025,02,VOLKSWAGEN,06,Badajoz,Corporate,PHEV,UKL2,REST,Standard,2
2025,02,VOLKSWAGEN,06,Badajoz,Private,ICE,UKL1,REST,Standard,5
2025,02,VOLKSWAGEN,06,Badajoz,Private,ICE,UKL2,REST,Standard,14
2025,02,VOLVO,06,Badajoz,Corporate,ICE,MKL,FOCUS SEGMENT,Standard,1
2025,02,VOLVO,06,Badajoz,Corporate,ICE,UKL2,FOCUS SEGMENT,Standard,4
2025,02,VOLVO,06,Badajoz,Private,ICE,KKL,FOCUS SEGMENT,Standard,1
2025,02,VOLVO,06,Badajoz,Private,ICE,UKL2,FOCUS SEGMENT,Standard,1
2025,02,ALFA ROMEO,07,Baleares,Private,ICE,UKL1,REST,Standard,2
2025,02,AUDI,07,Baleares,Corporate,BEV,UKL2,FOCUS SEGMENT,Standard,1
2025,02,AUDI,07,Baleares,Corporate,ICE,KKL,FOCUS SEGMENT,Standard,1
2025,02,AUDI,07,Baleares,Corporate,ICE,UKL1,FOCUS SEGMENT,Standard,1
2025,02,AUDI,07,Baleares,Corporate,ICE,UKL2,FOCUS SEGMENT,Standard,1
2025,02,AUDI,07,Baleares,Private,BEV,KKL,FOCUS SEGMENT,Standard,1
2025,02,AUDI,07,Baleares,Private,BEV,UKL2,FOCUS SEGMENT,Standard,1
2025,02,AUDI,07,Baleares,Private,ICE,,,M Performance,1
2025,02,AUDI,07,Baleares,Private,ICE,KKL,FOCUS SEGMENT,Standard,1
2025,02,AUDI,07,Baleares,Private,ICE,UKL1,FOCUS SEGMENT,Standard,4
2025,02,AUDI,07,Baleares,Private,ICE,UKL2,FOCUS SEGMENT,M,1
2025,02,AUDI,07,Baleares,Private,ICE,UKL2,FOCUS SEGMENT,Standard,9
2025,02,AUDI,07,Baleares,Private,PHEV,KKL,FOCUS SEGMENT,Standard,1
2025,02,AUDI,07,Baleares,Private,PHEV,MKL,FOCUS SEGMENT,Standard,1
2025,02,AUDI,07,Baleares,RAC,ICE,KKL,FOCUS SEGMENT,Standard,1
2025,02,AUDI,07,Baleares,RAC,ICE,MKL,FOCUS SEGMENT,Standard,2
2025,02,AUDI,07,Baleares,RAC,ICE,UKL1,FOCUS SEGMENT,Standard,1
2025,02,AUDI,07,Baleares,RAC,ICE,UKL2,FOCUS SEGMENT,Standard,24
2025,02,BMW,07,Baleares,Corporate,BEV,KKL,FOCUS SEGMENT,M Performance,1
2025,02,BMW,07,Baleares,Corporate,BEV,UKL2,FOCUS SEGMENT,Standard,8
2025,02,BMW,07,Baleares,Corporate,ICE,KKL,FOCUS SEGMENT,M Performance,1
2025,02,BMW,07,Baleares,Corporate,ICE,KKL,FOCUS SEGMENT,Standard,1
2025,02,BMW,07,Baleares,Corporate,ICE,UKL2,FOCUS SEGMENT,Standard,6
2025,02,BMW,07,Baleares,Corporate,PHEV,KKL,FOCUS SEGMENT,Standard,1
2025,02,BMW,07,Baleares,Private,BEV,KKL,FOCUS SEGMENT,Standard,1
2025,02,BMW,07,Baleares,Private,ICE,KKL,FOCUS SEGMENT,Standard,1
2025,02,BMW,07,Baleares,Private,ICE,UKL2,FOCUS SEGMENT,M Performance,2
2025,02,BMW,07,Baleares,Private,ICE,UKL2,FOCUS SEGMENT,Standard,7
2025,02,BMW,07,Baleares,Private,PHEV,KKL,FOCUS SEGMENT,Standard,1
2025,02,BYD,07,Baleares,Corporate,BEV,UKL2,REST,Standard,2
2025,02,BYD,07,Baleares,Private,BEV,KKL,REST,Standard,1
2025,02,BYD,07,Baleares,Private,BEV,UKL1,REST,Standard,21
2025,02,BYD,07,Baleares,Private,BEV,UKL2,REST,Standard,14
2025,02,BYD,07,Baleares,Private,PHEV,KKL,REST,Standard,3
2025,02,CITROEN,07,Baleares,Corporate,BEV,SKL,REST,Standard,3
2025,02,CITROEN,07,Baleares,Corporate,BEV,UKL2,REST,Standard,1
2025,02,CITROEN,07,Baleares,Corporate,ICE,SKL,REST,Standard,1
2025,02,CITROEN,07,Baleares,Corporate,ICE,UKL1,REST,Standard,1
2025,02,CITROEN,07,Baleares,Corporate,ICE,UKL2,REST,Standard,1
2025,02,CITROEN,07,Baleares,Private,BEV,UKL1,REST,Standard,4
2025,02,CITROEN,07,Baleares,Private,ICE,SKL,REST,Standard,1
2025,02,CITROEN,07,Baleares,Private,ICE,UKL1,REST,Standard,17
2025,02,CITROEN,07,Baleares,Private,ICE,UKL2,REST,Standard,4
2025,02,CITROEN,07,Baleares,RAC,ICE,UKL1,REST,Standard,2
2025,02,CUPRA,07,Baleares,Corporate,ICE,UKL2,REST,Standard,3
2025,02,CUPRA,07,Baleares,Corporate,PHEV,UKL2,REST,Standard,2
2025,02,CUPRA,07,Baleares,Private,BEV,UKL2,REST,Standard,3
2025,02,CUPRA,07,Baleares,Private,ICE,UKL2,REST,Standard,6
2025,02,CUPRA,07,Baleares,Private,PHEV,UKL2,REST,Standard,6
2025,02,DACIA,07,Baleares,Corporate,BEV,UKL0,REST,Standard,1
2025,02,DACIA,07,Baleares,Corporate,ICE,SKL,REST,Standard,2
2025,02,DACIA,07,Baleares,Corporate,ICE,UKL1,REST,Standard,3
2025,02,DACIA,07,Baleares,Corporate,ICE,UKL2,REST,Standard,1
2025,02,DACIA,07,Baleares,Private,BEV,UKL0,REST,Standard,3
2025,02,DACIA,07,Baleares,Private,ICE,SKL,REST,Standard,30
2025,02,DACIA,07,Baleares,Private,ICE,UKL1,REST,Standard,44
2025,02,DACIA,07,Baleares,Private,ICE,UKL2,REST,Standard,22
2025,02,DACIA,07,Baleares,RAC,ICE,UKL1,REST,Standard,27
2025,02,DFSK,07,Baleares,Corporate,ICE,,,Standard,1
2025,02,DFSK,07,Baleares,Private,ICE,,,Standard,1
2025,02,DONGFENG,07,Baleares,Private,BEV,UKL0,REST,Standard,3
2025,02,EVO,07,Baleares,Corporate,ICE,UKL2,REST,Standard,1
2025,02,EVO,07,Baleares,Private,ICE,UKL2,REST,Standard,3
2025,02,FIAT,07,Baleares,Corporate,ICE,SKL,REST,Standard,1
2025,02,FIAT,07,Baleares,Corporate,ICE,UKL0,REST,Standard,3
2025,02,FIAT,07,Baleares,Private,ICE,SKL,REST,Standard,2
2025,02,FIAT,07,Baleares,Private,ICE,UKL0,REST,Standard,6
2025,02,FIAT,07,Baleares,Private,ICE,UKL1,REST,Standard,2
2025,02,FIAT,07,Baleares,Private,ICE,UKL2,REST,Standard,1
2025,02,FIAT,07,Baleares,RAC,ICE,UKL0,REST,Standard,49
2025,02,FORD,07,Baleares,Corporate,ICE,SKL,REST,Standard,3
2025,02,FORD,07,Baleares,Corporate,ICE,UKL1,REST,Standard,2
2025,02,FORD,07,Baleares,Corporate,ICE,UKL2,REST,Standard,13
2025,02,FORD,07,Baleares,Corporate,PHEV,UKL2,REST,Standard,2
2025,02,FORD,07,Baleares,Private,ICE,SKL,REST,Standard,15
2025,02,FORD,07,Baleares,Private,ICE,UKL1,REST,Standard,8
2025,02,FORD,07,Baleares,Private,ICE,UKL2,REST,Standard,13
2025,02,FORD,07,Baleares,Private,PHEV,UKL2,REST,Standard,1
2025,02,FORD,07,Baleares,RAC,ICE,MKL,REST,Standard,2
2025,02,FORD,07,Baleares,RAC,ICE,SKL,REST,Standard,6
2025,02,FORD,07,Baleares,RAC,ICE,UKL1,REST,Standard,29
2025,02,FORD,07,Baleares,RAC,ICE,UKL2,REST,Standard,5
2025,02,HONDA,07,Baleares,Private,ICE,UKL1,REST,Standard,1
2025,02,HYUNDAI,07,Baleares,Corporate,BEV,UKL1,REST,Standard,3
2025,02,HYUNDAI,07,Baleares,Corporate,BEV,UKL2,REST,Standard,2
2025,02,HYUNDAI,07,Baleares,Corporate,ICE,MKL,REST,Standard,2
2025,02,HYUNDAI,07,Baleares,Corporate,ICE,UKL0,REST,Standard,4
2025,02,HYUNDAI,07,Baleares,Corporate,ICE,UKL1,REST,Standard,10
2025,02,HYUNDAI,07,Baleares,Corporate,ICE,UKL2,REST,Standard,5
2025,02,HYUNDAI,07,Baleares,Corporate,PHEV,UKL2,REST,Standard,1
2025,02,HYUNDAI,07,Baleares,Private,BEV,UKL1,REST,Standard,1
2025,02,HYUNDAI,07,Baleares,Private,BEV,UKL2,REST,Standard,2
2025,02,HYUNDAI,07,Baleares,Private,ICE,MKL,REST,Standard,1
2025,02,HYUNDAI,07,Baleares,Private,ICE,UKL0,REST,Standard,7
2025,02,HYUNDAI,07,Baleares,Private,ICE,UKL1,REST,Standard,32
2025,02,HYUNDAI,07,Baleares,Private,ICE,UKL2,REST,Standard,10
2025,02,HYUNDAI,07,Baleares,Private,PHEV,UKL2,REST,Standard,1
2025,02,HYUNDAI,07,Baleares,RAC,ICE,UKL0,REST,Standard,70
2025,02,HYUNDAI,07,Baleares,RAC,ICE,UKL1,REST,Standard,585
2025,02,HYUNDAI,07,Baleares,RAC,ICE,UKL2,REST,Standard,185
2025,02,HYUNDAI,07,Baleares,RAC,PHEV,UKL2,REST,Standard,15
2025,02,JAECOO,07,Baleares,Corporate,ICE,UKL2,REST,Standard,1
2025,02,JAECOO,07,Baleares,Private,ICE,UKL2,REST,Standard,4
2025,02,JAECOO,07,Baleares,Private,PHEV,UKL2,REST,Standard,7
2025,02,JEEP,07,Baleares,Corporate,ICE,UKL1,REST,Standard,1
2025,02,JEEP,07,Baleares,Corporate,ICE,UKL2,REST,Standard,1
2025,02,JEEP,07,Baleares,Corporate,PHEV,UKL1,REST,Standard,1
2025,02,JEEP,07,Baleares,Private,ICE,UKL1,REST,Standard,7
2025,02,JEEP,07,Baleares,Private,ICE,UKL2,REST,Standard,2
2025,02,JEEP,07,Baleares,Private,PHEV,UKL2,REST,Standard,1
2025,02,JEEP,07,Baleares,RAC,ICE,UKL1,REST,Standard,1
2025,02,KG MOBILITY,07,Baleares,Private,ICE,MKL,REST,Standard,3
2025,02,KG MOBILITY,07,Baleares,Private,ICE,UKL1,REST,Standard,2
2025,02,KIA,07,Baleares,Corporate,BEV,UKL2,REST,Standard,1
2025,02,KIA,07,Baleares,Corporate,ICE,UKL2,REST,Standard,3
2025,02,KIA,07,Baleares,Private,BEV,UKL1,REST,Standard,15
2025,02,KIA,07,Baleares,Private,ICE,KKL,REST,Standard,3
2025,02,KIA,07,Baleares,Private,ICE,UKL0,REST,Standard,8
2025,02,KIA,07,Baleares,Private,ICE,UKL1,REST,Standard,28
2025,02,KIA,07,Baleares,Private,ICE,UKL2,REST,Standard,39
2025,02,KIA,07,Baleares,RAC,ICE,UKL1,REST,Standard,2
2025,02,LAND ROVER,07,Baleares,Corporate,PHEV,GKL,FOCUS SEGMENT,Standard,2
2025,02,LAND ROVER,07,Baleares,Corporate,PHEV,MKL,FOCUS SEGMENT,Standard,3
2025,02,LAND ROVER,07,Baleares,Private,PHEV,MKL,FOCUS SEGMENT,Standard,2
2025,02,LAND ROVER,07,Baleares,RAC,ICE,MKL,FOCUS SEGMENT,Standard,2
2025,02,LEXUS,07,Baleares,Corporate,ICE,KKL,FOCUS SEGMENT,Standard,1
2025,02,LEXUS,07,Baleares,Corporate,ICE,UKL1,FOCUS SEGMENT,Standard,3
2025,02,LEXUS,07,Baleares,Corporate,PHEV,KKL,FOCUS SEGMENT,Standard,4
2025,02,LEXUS,07,Baleares,Private,ICE,UKL1,FOCUS SEGMENT,Standard,2
2025,02,LEXUS,07,Baleares,Private,ICE,UKL2,FOCUS SEGMENT,Standard,2
2025,02,LEXUS,07,Baleares,Private,PHEV,KKL,FOCUS SEGMENT,Standard,2
2025,02,MAZDA,07,Baleares,Corporate,ICE,UKL1,REST,Standard,1
2025,02,MAZDA,07,Baleares,Corporate,ICE,UKL2,REST,Standard,1
2025,02,MAZDA,07,Baleares,Corporate,PHEV,KKL,REST,Standard,1
2025,02,MAZDA,07,Baleares,Private,ICE,UKL1,REST,Standard,6
2025,02,MAZDA,07,Baleares,Private,ICE,UKL2,REST,Standard,16
2025,02,MAZDA,07,Baleares,RAC,ICE,UKL2,REST,Standard,7
2025,02,MERCEDES,07,Baleares,Corporate,BEV,UKL2,FOCUS SEGMENT,Standard,3
2025,02,MERCEDES,07,Baleares,Corporate,ICE,KKL,FOCUS SEGMENT,Standard,3
2025,02,MERCEDES,07,Baleares,Corporate,ICE,MKL,FOCUS SEGMENT,Standard,2
2025,02,MERCEDES,07,Baleares,Corporate,ICE,MKL,REST,Standard,2
2025,02,MERCEDES,07,Baleares,Corporate,ICE,SKL,REST,Standard,2
2025,02,MERCEDES,07,Baleares,Corporate,ICE,UKL2,FOCUS SEGMENT,Standard,3
2025,02,MERCEDES,07,Baleares,Corporate,PHEV,KKL,FOCUS SEGMENT,Standard,1
2025,02,MERCEDES,07,Baleares,Corporate,PHEV,MKL,FOCUS SEGMENT,Standard,1
2025,02,MERCEDES,07,Baleares,Private,BEV,UKL2,FOCUS SEGMENT,Standard,4
2025,02,MERCEDES,07,Baleares,Private,ICE,GKL,FOCUS SEGMENT,M,1
2025,02,MERCEDES,07,Baleares,Private,ICE,GKL,FOCUS SEGMENT,M Performance,1
2025,02,MERCEDES,07,Baleares,Private,ICE,KKL,FOCUS SEGMENT,Standard,1
2025,02,MERCEDES,07,Baleares,Private,ICE,SKL,REST,Standard,1
2025,02,MERCEDES,07,Baleares,Private,ICE,UKL2,FOCUS SEGMENT,Standard,6
2025,02,MERCEDES,07,Baleares,Private,PHEV,KKL,FOCUS SEGMENT,Standard,1
2025,02,MERCEDES,07,Baleares,Private,PHEV,UKL2,FOCUS SEGMENT,Standard,6
2025,02,MERCEDES,07,Baleares,RAC,ICE,MKL,FOCUS SEGMENT,M Performance,1
2025,02,MERCEDES-V,07,Baleares,Corporate,ICE,SKL,REST,Standard,10
2025,02,MERCEDES-V,07,Baleares,RAC,ICE,SKL,REST,Standard,2
2025,02,MG,07,Baleares,Corporate,BEV,KKL,REST,Standard,1
2025,02,MG,07,Baleares,Private,BEV,UKL1,REST,Standard,1
2025,02,MG,07,Baleares,Private,BEV,UKL2,REST,Standard,1
2025,02,MG,07,Baleares,Private,ICE,KKL,REST,Standard,4
2025,02,MG,07,Baleares,Private,ICE,UKL1,REST,Standard,53
2025,02,MG,07,Baleares,Private,PHEV,KKL,REST,Standard,1
2025,02,MINI,07,Baleares,Corporate,BEV,UKL1,FOCUS SEGMENT,Standard,1
2025,02,MINI,07,Baleares,Corporate,BEV,UKL2,FOCUS SEGMENT,Standard,2
2025,02,MINI,07,Baleares,Corporate,ICE,UKL1,FOCUS SEGMENT,Standard,4
2025,02,MINI,07,Baleares,Corporate,ICE,UKL2,FOCUS SEGMENT,Standard,1
2025,02,MINI,07,Baleares,Private,BEV,UKL1,FOCUS SEGMENT,Standard,3
2025,02,MINI,07,Baleares,Private,ICE,UKL1,FOCUS SEGMENT,Standard,2
2025,02,MITSUBISHI,07,Baleares,Private,ICE,UKL1,REST,Standard,2
2025,02,MITSUBISHI,07,Baleares,Private,ICE,UKL2,REST,Standard,1
2025,02,NISSAN,07,Baleares,Corporate,ICE,KKL,REST,Standard,3
2025,02,NISSAN,07,Baleares,Corporate,ICE,SKL,REST,Standard,1
2025,02,NISSAN,07,Baleares,Corporate,ICE,UKL2,REST,Standard,3
2025,02,NISSAN,07,Baleares,Private,ICE,KKL,REST,Standard,2
2025,02,NISSAN,07,Baleares,Private,ICE,SKL,REST,Standard,2
2025,02,NISSAN,07,Baleares,Private,ICE,UKL1,REST,Standard,22
2025,02,NISSAN,07,Baleares,Private,ICE,UKL2,REST,Standard,7
2025,02,OMODA,07,Baleares,Corporate,ICE,UKL2,REST,Standard,4
2025,02,OMODA,07,Baleares,Private,ICE,UKL2,REST,Standard,6
2025,02,OPEL,07,Baleares,Corporate,BEV,SKL,REST,Standard,4
2025,02,OPEL,07,Baleares,Corporate,BEV,UKL1,REST,Standard,1
2025,02,OPEL,07,Baleares,Corporate,BEV,UKL2,REST,Standard,1
2025,02,OPEL,07,Baleares,Corporate,ICE,UKL1,REST,Standard,12
2025,02,OPEL,07,Baleares,Private,ICE,UKL1,REST,Standard,23
2025,02,OPEL,07,Baleares,Private,ICE,UKL2,REST,Standard,8
2025,02,PEUGEOT,07,Baleares,Corporate,BEV,SKL,REST,Standard,2
2025,02,PEUGEOT,07,Baleares,Corporate,BEV,UKL2,REST,Standard,2
2025,02,PEUGEOT,07,Baleares,Corporate,ICE,KKL,REST,Standard,1
2025,02,PEUGEOT,07,Baleares,Corporate,ICE,UKL1,REST,Standard,27
2025,02,PEUGEOT,07,Baleares,Corporate,ICE,UKL2,REST,Standard,1
2025,02,PEUGEOT,07,Baleares,Private,BEV,SKL,REST,Standard,1
2025,02,PEUGEOT,07,Baleares,Private,BEV,UKL1,REST,Standard,1
2025,02,PEUGEOT,07,Baleares,Private,BEV,UKL2,REST,Standard,3
2025,02,PEUGEOT,07,Baleares,Private,ICE,KKL,REST,Standard,4
2025,02,PEUGEOT,07,Baleares,Private,ICE,SKL,REST,Standard,9
2025,02,PEUGEOT,07,Baleares,Private,ICE,UKL1,REST,Standard,22
2025,02,PEUGEOT,07,Baleares,Private,ICE,UKL2,REST,Standard,6
2025,02,PEUGEOT,07,Baleares,Private,PHEV,UKL2,REST,Standard,1
2025,02,PORSCHE,07,Baleares,Corporate,BEV,KKL,FOCUS SEGMENT,M Performance,1
2025,02,PORSCHE,07,Baleares,Corporate,BEV,KKL,FOCUS SEGMENT,Standard,1
2025,02,PORSCHE,07,Baleares,Corporate,PHEV,MKL,FOCUS SEGMENT,Standard,2
2025,02,PORSCHE,07,Baleares,Private,BEV,KKL,FOCUS SEGMENT,M,1
2025,02,PORSCHE,07,Baleares,Private,BEV,KKL,FOCUS SEGMENT,Standard,2
2025,02,PORSCHE,07,Baleares,Private,PHEV,MKL,FOCUS SEGMENT,Standard,2
2025,02,PORSCHE,07,Baleares,RAC,BEV,KKL,FOCUS SEGMENT,Standard,2
2025,02,PORSCHE,07,Baleares,RAC,ICE,GKL,FOCUS SEGMENT,M Performance,1
2025,02,PORSCHE,07,Baleares,RAC,PHEV,GKL,FOCUS SEGMENT,Standard,1
2025,02,PORSCHE,07,Baleares,RAC,PHEV,MKL,FOCUS SEGMENT,Standard,1
2025,02,RENAULT,07,Baleares,Corporate,BEV,UKL1,REST,Standard,2
2025,02,RENAULT,07,Baleares,Corporate,ICE,UKL1,REST,Standard,14
2025,02,RENAULT,07,Baleares,Corporate,ICE,UKL2,REST,Standard,4
2025,02,RENAULT,07,Baleares,Corporate,PHEV,UKL2,REST,Standard,1
2025,02,RENAULT,07,Baleares,Private,BEV,UKL1,REST,Standard,8
2025,02,RENAULT,07,Baleares,Private,BEV,UKL2,REST,Standard,3
2025,02,RENAULT,07,Baleares,Private,ICE,SKL,REST,Standard,3
2025,02,RENAULT,07,Baleares,Private,ICE,UKL1,REST,Standard,41
2025,02,RENAULT,07,Baleares,Private,ICE,UKL2,REST,Standard,10
2025,02,RENAULT,07,Baleares,Private,PHEV,UKL2,REST,Standard,1
2025,02,RENAULT,07,Baleares,RAC,ICE,UKL1,REST,Standard,16
2025,02,SEAT,07,Baleares,Corporate,ICE,UKL1,REST,Standard,13
2025,02,SEAT,07,Baleares,Corporate,ICE,UKL2,REST,Standard,4
2025,02,SEAT,07,Baleares,Private,ICE,UKL1,REST,Standard,42
2025,02,SEAT,07,Baleares,Private,ICE,UKL2,REST,Standard,16
2025,02,SHINERAY,07,Baleares,Private,ICE,MKL,REST,Standard,1
2025,02,SKODA,07,Baleares,Corporate,ICE,KKL,REST,Standard,15
2025,02,SKODA,07,Baleares,Corporate,ICE,UKL1,REST,Standard,1
2025,02,SKODA,07,Baleares,Corporate,ICE,UKL2,REST,Standard,2
2025,02,SKODA,07,Baleares,Corporate,PHEV,KKL,REST,Standard,1
2025,02,SKODA,07,Baleares,Private,ICE,UKL1,REST,Standard,12
2025,02,SKODA,07,Baleares,Private,ICE,UKL2,REST,Standard,9
2025,02,SKODA,07,Baleares,RAC,BEV,UKL2,REST,Standard,1
2025,02,SKODA,07,Baleares,RAC,ICE,KKL,REST,Standard,2
2025,02,SKODA,07,Baleares,RAC,ICE,UKL1,REST,Standard,3
2025,02,SKODA,07,Baleares,RAC,ICE,UKL2,REST,Standard,9
2025,02,SMART,07,Baleares,Private,BEV,UKL2,FOCUS SEGMENT,Standard,1
2025,02,SSANGYONG,07,Baleares,Corporate,BEV,KKL,REST,Standard,1
2025,02,SSANGYONG,07,Baleares,Private,ICE,UKL1,REST,Standard,1
2025,02,SUBARU,07,Baleares,Private,ICE,KKL,REST,Standard,1
2025,02,SUBARU,07,Baleares,Private,ICE,UKL2,REST,Standard,1
2025,02,SUZUKI,07,Baleares,Corporate,ICE,UKL1,REST,Standard,1
2025,02,SUZUKI,07,Baleares,Corporate,ICE,UKL2,REST,Standard,1
2025,02,SUZUKI,07,Baleares,Private,ICE,UKL1,REST,Standard,3
2025,02,SUZUKI,07,Baleares,Private,ICE,UKL2,REST,Standard,2
2025,02,TESLA,07,Baleares,Corporate,BEV,KKL,FOCUS SEGMENT,Standard,2
2025,02,TESLA,07,Baleares,Private,BEV,KKL,FOCUS SEGMENT,Standard,15
2025,02,TOYOTA,07,Baleares,Corporate,ICE,GKL,REST,Standard,1
2025,02,TOYOTA,07,Baleares,Corporate,ICE,MKL,REST,Standard,1
2025,02,TOYOTA,07,Baleares,Corporate,ICE,SKL,REST,Standard,1
2025,02,TOYOTA,07,Baleares,Corporate,ICE,UKL0,REST,Standard,1
2025,02,TOYOTA,07,Baleares,Corporate,ICE,UKL1,REST,Standard,12
2025,02,TOYOTA,07,Baleares,Corporate,ICE,UKL2,REST,Standard,6
2025,02,TOYOTA,07,Baleares,Corporate,PHEV,UKL1,REST,Standard,13
2025,02,TOYOTA,07,Baleares,Corporate,PHEV,UKL2,REST,Standard,3
2025,02,TOYOTA,07,Baleares,Private,BEV,UKL2,REST,Standard,1
2025,02,TOYOTA,07,Baleares,Private,ICE,GKL,REST,Standard,1
2025,02,TOYOTA,07,Baleares,Private,ICE,SKL,REST,Standard,2
2025,02,TOYOTA,07,Baleares,Private,ICE,UKL0,REST,Standard,7
2025,02,TOYOTA,07,Baleares,Private,ICE,UKL1,REST,Standard,76
2025,02,TOYOTA,07,Baleares,Private,ICE,UKL2,REST,Standard,67
2025,02,TOYOTA,07,Baleares,Private,PHEV,UKL1,REST,Standard,5
2025,02,TOYOTA,07,Baleares,Private,PHEV,UKL2,REST,Standard,2
2025,02,TOYOTA,07,Baleares,RAC,ICE,KKL,REST,Standard,1
2025,02,VOLKSWAGEN,07,Baleares,Corporate,BEV,SKL,REST,Standard,1
2025,02,VOLKSWAGEN,07,Baleares,Corporate,ICE,SKL,REST,Standard,6
2025,02,VOLKSWAGEN,07,Baleares,Corporate,ICE,UKL1,REST,Standard,1
2025,02,VOLKSWAGEN,07,Baleares,Corporate,ICE,UKL2,REST,Standard,4
2025,02,VOLKSWAGEN,07,Baleares,Private,ICE,SKL,REST,Standard,4
2025,02,VOLKSWAGEN,07,Baleares,Private,ICE,UKL1,REST,Standard,41
2025,02,VOLKSWAGEN,07,Baleares,Private,ICE,UKL2,REST,Standard,35
2025,02,VOLKSWAGEN,07,Baleares,Private,PHEV,UKL2,REST,Standard,1
2025,02,VOLKSWAGEN,07,Baleares,RAC,ICE,SKL,REST,Standard,1
2025,02,VOLKSWAGEN,07,Baleares,RAC,ICE,UKL1,REST,Standard,10
2025,02,VOLVO,07,Baleares,Corporate,BEV,UKL1,FOCUS SEGMENT,Standard,1
2025,02,VOLVO,07,Baleares,Private,BEV,UKL1,FOCUS SEGMENT,Standard,3
2025,02,VOLVO,07,Baleares,Private,BEV,UKL2,FOCUS SEGMENT,Standard,1
2025,02,VOLVO,07,Baleares,Private,ICE,UKL2,FOCUS SEGMENT,Standard,5
2025,02,XPENG,07,Baleares,Corporate,BEV,KKL,FOCUS SEGMENT,Standard,6
2025,02,XPENG,07,Baleares,Private,BEV,KKL,FOCUS SEGMENT,Standard,1
2025,02,ALFA ROMEO,08,Barcelona,Corporate,ICE,KKL,REST,Standard,12
2025,02,ALFA ROMEO,08,Barcelona,Corporate,ICE,UKL1,REST,Standard,18
2025,02,ALFA ROMEO,08,Barcelona,Corporate,ICE,UKL2,REST,Standard,28
2025,02,ALFA ROMEO,08,Barcelona,Private,ICE,UKL1,REST,Standard,2
2025,02,ALFA ROMEO,08,Barcelona,RAC,ICE,KKL,REST,Standard,5
2025,02,AUDI,08,Barcelona,Corporate,BEV,MKL,FOCUS SEGMENT,Standard,12
2025,02,AUDI,08,Barcelona,Corporate,BEV,UKL2,FOCUS SEGMENT,Standard,3
2025,02,AUDI,08,Barcelona,Corporate,ICE,GKL,FOCUS SEGMENT,Standard,1
2025,02,AUDI,08,Barcelona,Corporate,ICE,KKL,FOCUS SEGMENT,M Performance,2
2025,02,AUDI,08,Barcelona,Corporate,ICE,KKL,FOCUS SEGMENT,Standard,11
2025,02,AUDI,08,Barcelona,Corporate,ICE,MKL,FOCUS SEGMENT,M,4
2025,02,AUDI,08,Barcelona,Corporate,ICE,MKL,FOCUS SEGMENT,Standard,1
2025,02,AUDI,08,Barcelona,Corporate,ICE,UKL1,FOCUS SEGMENT,Standard,71
2025,02,AUDI,08,Barcelona,Corporate,ICE,UKL2,FOCUS SEGMENT,M,1
2025,02,AUDI,08,Barcelona,Corporate,ICE,UKL2,FOCUS SEGMENT,Standard,58
2025,02,AUDI,08,Barcelona,Corporate,PHEV,KKL,FOCUS SEGMENT,Standard,4
2025,02,AUDI,08,Barcelona,Corporate,PHEV,MKL,FOCUS SEGMENT,Standard,2
2025,02,AUDI,08,Barcelona,Private,ICE,,,M Performance,1
2025,02,AUDI,08,Barcelona,Private,ICE,KKL,FOCUS SEGMENT,M,1
2025,02,AUDI,08,Barcelona,Private,ICE,KKL,FOCUS SEGMENT,M Performance,2
2025,02,AUDI,08,Barcelona,Private,ICE,KKL,FOCUS SEGMENT,Standard,8
2025,02,AUDI,08,Barcelona,Private,ICE,UKL1,FOCUS SEGMENT,Standard,15
2025,02,AUDI,08,Barcelona,Private,ICE,UKL2,FOCUS SEGMENT,M,2
2025,02,AUDI,08,Barcelona,Private,ICE,UKL2,FOCUS SEGMENT,M Performance,1
2025,02,AUDI,08,Barcelona,Private,ICE,UKL2,FOCUS SEGMENT,Standard,59
2025,02,AUDI,08,Barcelona,Private,PHEV,KKL,FOCUS SEGMENT,Standard,4
2025,02,AUDI,08,Barcelona,RAC,ICE,KKL,FOCUS SEGMENT,Standard,3
2025,02,AUDI,08,Barcelona,RAC,ICE,MKL,FOCUS SEGMENT,M,1
2025,02,AUDI,08,Barcelona,RAC,ICE,MKL,FOCUS SEGMENT,Standard,2
2025,02,BENTLEY,08,Barcelona,Corporate,PHEV,GKL+,FOCUS SEGMENT,Standard,1
2025,02,BMW,08,Barcelona,Corporate,BEV,GKL,FOCUS SEGMENT,Standard,1
2025,02,BMW,08,Barcelona,Corporate,BEV,MKL,FOCUS SEGMENT,Standard,3
2025,02,BMW,08,Barcelona,Corporate,BEV,UKL2,FOCUS SEGMENT,Standard,5
2025,02,BMW,08,Barcelona,Corporate,ICE,KKL,FOCUS SEGMENT,M,3
2025,02,BMW,08,Barcelona,Corporate,ICE,KKL,FOCUS SEGMENT,M Performance,4
2025,02,BMW,08,Barcelona,Corporate,ICE,KKL,FOCUS SEGMENT,Standard,9
2025,02,BMW,08,Barcelona,Corporate,ICE,MKL,FOCUS SEGMENT,M Performance,1
2025,02,BMW,08,Barcelona,Corporate,ICE,MKL,FOCUS SEGMENT,Standard,1
2025,02,BMW,08,Barcelona,Corporate,ICE,UKL2,FOCUS SEGMENT,M,2
2025,02,BMW,08,Barcelona,Corporate,ICE,UKL2,FOCUS SEGMENT,M Performance,1
2025,02,BMW,08,Barcelona,Corporate,ICE,UKL2,FOCUS SEGMENT,Standard,128
2025,02,BMW,08,Barcelona,Corporate,PHEV,GKL,FOCUS SEGMENT,M,1
2025,02,BMW,08,Barcelona,Corporate,PHEV,KKL,FOCUS SEGMENT,Standard,6
2025,02,BMW,08,Barcelona,Corporate,PHEV,MKL,FOCUS SEGMENT,Standard,2
2025,02,BMW,08,Barcelona,Corporate,PHEV,UKL2,FOCUS SEGMENT,Standard,3
2025,02,BMW,08,Barcelona,Private,BEV,UKL2,FOCUS SEGMENT,Standard,11
2025,02,BMW,08,Barcelona,Private,ICE,KKL,FOCUS SEGMENT,M Performance,1
2025,02,BMW,08,Barcelona,Private,ICE,KKL,FOCUS SEGMENT,Standard,12
2025,02,BMW,08,Barcelona,Private,ICE,MKL,FOCUS SEGMENT,Standard,3
2025,02,BMW,08,Barcelona,Private,ICE,UKL2,FOCUS SEGMENT,M,2
2025,02,BMW,08,Barcelona,Private,ICE,UKL2,FOCUS SEGMENT,Standard,70
2025,02,BMW,08,Barcelona,Private,PHEV,KKL,FOCUS SEGMENT,Standard,7
2025,02,BMW,08,Barcelona,Private,PHEV,MKL,FOCUS SEGMENT,Standard,1
2025,02,BMW,08,Barcelona,RAC,ICE,UKL2,FOCUS SEGMENT,Standard,10
2025,02,BYD,08,Barcelona,Corporate,BEV,KKL,REST,Standard,9
2025,02,BYD,08,Barcelona,Corporate,BEV,UKL1,REST,Standard,9
2025,02,BYD,08,Barcelona,Corporate,BEV,UKL2,REST,Standard,4
2025,02,BYD,08,Barcelona,Corporate,PHEV,KKL,REST,Standard,9
2025,02,BYD,08,Barcelona,Private,BEV,KKL,REST,Standard,12
2025,02,BYD,08,Barcelona,Private,BEV,UKL1,REST,Standard,34
2025,02,BYD,08,Barcelona,Private,BEV,UKL2,REST,Standard,23
2025,02,BYD,08,Barcelona,Private,PHEV,KKL,REST,Standard,39
2025,02,CITROEN,08,Barcelona,Corporate,BEV,UKL1,REST,Standard,3
2025,02,CITROEN,08,Barcelona,Corporate,BEV,UKL2,REST,Standard,5
2025,02,CITROEN,08,Barcelona,Corporate,ICE,SKL,REST,Standard,8
2025,02,CITROEN,08,Barcelona,Corporate,ICE,UKL1,REST,Standard,7
2025,02,CITROEN,08,Barcelona,Corporate,ICE,UKL2,REST,Standard,95
2025,02,CITROEN,08,Barcelona,Private,BEV,UKL1,REST,Standard,7
2025,02,CITROEN,08,Barcelona,Private,BEV,UKL2,REST,Standard,1
2025,02,CITROEN,08,Barcelona,Private,ICE,SKL,REST,Standard,10
2025,02,CITROEN,08,Barcelona,Private,ICE,UKL1,REST,Standard,51
2025,02,CITROEN,08,Barcelona,Private,ICE,UKL2,REST,Standard,33
2025,02,CUPRA,08,Barcelona,Corporate,BEV,UKL1,REST,Standard,1
2025,02,CUPRA,08,Barcelona,Corporate,BEV,UKL2,REST,Standard,28
2025,02,CUPRA,08,Barcelona,Corporate,ICE,UKL2,REST,Standard,61
2025,02,CUPRA,08,Barcelona,Corporate,PHEV,UKL2,REST,Standard,67
2025,02,CUPRA,08,Barcelona,Private,BEV,UKL2,REST,Standard,5
2025,02,CUPRA,08,Barcelona,Private,ICE,UKL2,REST,Standard,112
2025,02,CUPRA,08,Barcelona,Private,PHEV,UKL2,REST,Standard,24
2025,02,DACIA,08,Barcelona,Corporate,BEV,UKL0,REST,Standard,1
2025,02,DACIA,08,Barcelona,Corporate,ICE,SKL,REST,Standard,10
2025,02,DACIA,08,Barcelona,Corporate,ICE,UKL1,REST,Standard,5
2025,02,DACIA,08,Barcelona,Corporate,ICE,UKL2,REST,Standard,11
2025,02,DACIA,08,Barcelona,Private,BEV,UKL0,REST,Standard,8
2025,02,DACIA,08,Barcelona,Private,ICE,SKL,REST,Standard,148
2025,02,DACIA,08,Barcelona,Private,ICE,UKL1,REST,Standard,114
2025,02,DACIA,08,Barcelona,Private,ICE,UKL2,REST,Standard,41
2025,02,DFSK,08,Barcelona,Private,ICE,,,Standard,1
2025,02,DFSK,08,Barcelona,Private,PHEV,KKL,REST,Standard,2
2025,02,EBRO,08,Barcelona,Corporate,ICE,KKL,REST,Standard,3
2025,02,EBRO,08,Barcelona,Corporate,ICE,UKL2,REST,Standard,2
2025,02,EBRO,08,Barcelona,Private,ICE,KKL,REST,Standard,5
2025,02,EBRO,08,Barcelona,Private,ICE,UKL2,REST,Standard,47
2025,02,EVO,08,Barcelona,Private,ICE,UKL2,REST,Standard,3
2025,02,FAW,08,Barcelona,Corporate,ICE,,REST,Standard,3
2025,02,FERRARI,08,Barcelona,Corporate,PHEV,GKL+,FOCUS SEGMENT,Standard,1
2025,02,FIAT,08,Barcelona,Corporate,ICE,SKL,REST,Standard,11
2025,02,FIAT,08,Barcelona,Corporate,ICE,UKL0,REST,Standard,10
2025,02,FIAT,08,Barcelona,Corporate,ICE,UKL1,REST,Standard,4
2025,02,FIAT,08,Barcelona,Private,ICE,,,Standard,1
2025,02,FIAT,08,Barcelona,Private,ICE,SKL,REST,Standard,2
2025,02,FIAT,08,Barcelona,Private,ICE,UKL0,REST,Standard,13
2025,02,FIAT,08,Barcelona,Private,ICE,UKL1,REST,Standard,13
2025,02,FIAT,08,Barcelona,Private,ICE,UKL2,REST,Standard,1
2025,02,FORD,08,Barcelona,Corporate,ICE,MKL,REST,Standard,1
2025,02,FORD,08,Barcelona,Corporate,ICE,SKL,REST,Standard,7
2025,02,FORD,08,Barcelona,Corporate,ICE,UKL1,REST,Standard,29
2025,02,FORD,08,Barcelona,Corporate,ICE,UKL2,REST,Standard,30
2025,02,FORD,08,Barcelona,Corporate,PHEV,SKL,REST,Standard,4
2025,02,FORD,08,Barcelona,Corporate,PHEV,UKL2,REST,Standard,1
2025,02,FORD,08,Barcelona,Private,BEV,SKL,REST,Standard,1
2025,02,FORD,08,Barcelona,Private,ICE,MKL,REST,Standard,4
2025,02,FORD,08,Barcelona,Private,ICE,SKL,REST,Standard,40
2025,02,FORD,08,Barcelona,Private,ICE,UKL1,REST,Standard,46
2025,02,FORD,08,Barcelona,Private,ICE,UKL2,REST,Standard,105
2025,02,FORD,08,Barcelona,Private,PHEV,SKL,REST,Standard,3
2025,02,FORD,08,Barcelona,Private,PHEV,UKL2,REST,Standard,16
2025,02,HONDA,08,Barcelona,Corporate,ICE,UKL1,REST,Standard,15
2025,02,HONDA,08,Barcelona,Corporate,ICE,UKL2,REST,Standard,3
2025,02,HONDA,08,Barcelona,Corporate,PHEV,KKL,REST,Standard,8
2025,02,HONDA,08,Barcelona,Private,ICE,KKL,REST,Standard,5
2025,02,HONDA,08,Barcelona,Private,ICE,UKL1,REST,Standard,20
2025,02,HONDA,08,Barcelona,Private,ICE,UKL2,REST,Standard,14
2025,02,HONDA,08,Barcelona,Private,PHEV,KKL,REST,Standard,1
2025,02,HYUNDAI,08,Barcelona,Corporate,BEV,UKL2,REST,Standard,4
2025,02,HYUNDAI,08,Barcelona,Corporate,ICE,UKL1,REST,Standard,14
2025,02,HYUNDAI,08,Barcelona,Corporate,ICE,UKL2,REST,Standard,18
2025,02,HYUNDAI,08,Barcelona,Corporate,PHEV,MKL,REST,Standard,1
2025,02,HYUNDAI,08,Barcelona,Corporate,PHEV,UKL2,REST,Standard,3
2025,02,HYUNDAI,08,Barcelona,Private,BEV,UKL2,REST,Standard,15
2025,02,HYUNDAI,08,Barcelona,Private,ICE,MKL,REST,Standard,4
2025,02,HYUNDAI,08,Barcelona,Private,ICE,UKL0,REST,Standard,13
2025,02,HYUNDAI,08,Barcelona,Private,ICE,UKL1,REST,Standard,104
2025,02,HYUNDAI,08,Barcelona,Private,ICE,UKL2,REST,Standard,81
2025,02,HYUNDAI,08,Barcelona,Private,PHEV,UKL2,REST,Standard,9
2025,02,JAECOO,08,Barcelona,Corporate,ICE,UKL2,REST,Standard,3
2025,02,JAECOO,08,Barcelona,Corporate,PHEV,UKL2,REST,Standard,9
2025,02,JAECOO,08,Barcelona,Private,ICE,UKL2,REST,Standard,20
2025,02,JAECOO,08,Barcelona,Private,PHEV,UKL2,REST,Standard,48
2025,02,JAGUAR,08,Barcelona,Corporate,ICE,KKL,FOCUS SEGMENT,Standard,4
2025,02,JAGUAR,08,Barcelona,Corporate,ICE,MKL,FOCUS SEGMENT,Standard,1
2025,02,JAGUAR,08,Barcelona,Corporate,ICE,UKL2,FOCUS SEGMENT,Standard,3
2025,02,JAGUAR,08,Barcelona,Corporate,PHEV,KKL,FOCUS SEGMENT,Standard,3
2025,02,JAGUAR,08,Barcelona,Corporate,PHEV,UKL2,FOCUS SEGMENT,Standard,1
2025,02,JEEP,08,Barcelona,Corporate,BEV,UKL1,REST,Standard,1
2025,02,JEEP,08,Barcelona,Corporate,ICE,UKL1,REST,Standard,23
2025,02,JEEP,08,Barcelona,Private,BEV,UKL1,REST,Standard,3
2025,02,JEEP,08,Barcelona,Private,ICE,UKL1,REST,Standard,32
2025,02,JEEP,08,Barcelona,Private,ICE,UKL2,REST,Standard,12
2025,02,JEEP,08,Barcelona,Private,PHEV,UKL1,REST,Standard,1
2025,02,JEEP,08,Barcelona,Private,PHEV,UKL2,REST,Standard,7
2025,02,JEEP,08,Barcelona,RAC,ICE,UKL1,REST,Standard,23
2025,02,JEEP,08,Barcelona,RAC,ICE,UKL2,REST,Standard,1
2025,02,KG MOBILITY,08,Barcelona,Private,ICE,MKL,REST,Standard,1
2025,02,KG MOBILITY,08,Barcelona,Private,ICE,UKL1,REST,Standard,4
2025,02,KIA,08,Barcelona,Corporate,BEV,UKL1,REST,Standard,8
2025,02,KIA,08,Barcelona,Corporate,BEV,UKL2,REST,Standard,1
2025,02,KIA,08,Barcelona,Corporate,ICE,KKL,REST,Standard,3
2025,02,KIA,08,Barcelona,Corporate,ICE,UKL1,REST,Standard,11
2025,02,KIA,08,Barcelona,Corporate,ICE,UKL2,REST,Standard,20
2025,02,KIA,08,Barcelona,Corporate,PHEV,UKL2,REST,Standard,2
2025,02,KIA,08,Barcelona,Private,BEV,KKL,REST,Standard,1
2025,02,KIA,08,Barcelona,Private,BEV,UKL1,REST,Standard,43
2025,02,KIA,08,Barcelona,Private,ICE,,,Standard,2
2025,02,KIA,08,Barcelona,Private,ICE,KKL,REST,Standard,2
2025,02,KIA,08,Barcelona,Private,ICE,UKL0,REST,Standard,13
2025,02,KIA,08,Barcelona,Private,ICE,UKL1,REST,Standard,92
2025,02,KIA,08,Barcelona,Private,ICE,UKL2,REST,Standard,205
2025,02,KIA,08,Barcelona,Private,PHEV,KKL,REST,Standard,1
2025,02,KIA,08,Barcelona,Private,PHEV,UKL2,REST,Standard,1
2025,02,LAMBORGHINI,08,Barcelona,Corporate,ICE,GKL+,FOCUS SEGMENT,Standard,2
2025,02,LAMBORGHINI,08,Barcelona,Corporate,PHEV,GKL+,FOCUS SEGMENT,Standard,1
2025,02,LAMBORGHINI,08,Barcelona,Private,ICE,GKL+,FOCUS SEGMENT,Standard,1
2025,02,LANCIA,08,Barcelona,RAC,ICE,UKL1,REST,Standard,9
2025,02,LAND ROVER,08,Barcelona,Corporate,ICE,MKL,FOCUS SEGMENT,Standard,4
2025,02,LAND ROVER,08,Barcelona,Corporate,PHEV,MKL,FOCUS SEGMENT,Standard,5
2025,02,LAND ROVER,08,Barcelona,Corporate,PHEV,UKL2,FOCUS SEGMENT,Standard,2
2025,02,LAND ROVER,08,Barcelona,Private,ICE,MKL,FOCUS SEGMENT,Standard,1
2025,02,LAND ROVER,08,Barcelona,Private,PHEV,MKL,FOCUS SEGMENT,Standard,2
2025,02,LAND ROVER,08,Barcelona,Private,PHEV,UKL2,FOCUS SEGMENT,Standard,1
2025,02,LEAPMOTOR,08,Barcelona,Corporate,BEV,MKL,REST,Standard,2
2025,02,LEAPMOTOR,08,Barcelona,Corporate,BEV,UKL0,REST,Standard,2
2025,02,LEAPMOTOR,08,Barcelona,Private,BEV,MKL,REST,Standard,3
2025,02,LEAPMOTOR,08,Barcelona,Private,BEV,UKL0,REST,Standard,5
2025,02,LEXUS,08,Barcelona,Corporate,ICE,KKL,FOCUS SEGMENT,Standard,5
2025,02,LEXUS,08,Barcelona,Corporate,ICE,UKL1,FOCUS SEGMENT,Standard,8
2025,02,LEXUS,08,Barcelona,Corporate,ICE,UKL2,FOCUS SEGMENT,Standard,5
2025,02,LEXUS,08,Barcelona,Corporate,PHEV,KKL,FOCUS SEGMENT,Standard,16
2025,02,LEXUS,08,Barcelona,Private,ICE,KKL,FOCUS SEGMENT,Standard,7
2025,02,LEXUS,08,Barcelona,Private,ICE,MKL,FOCUS SEGMENT,Standard,2
2025,02,LEXUS,08,Barcelona,Private,ICE,UKL1,FOCUS SEGMENT,Standard,21
2025,02,LEXUS,08,Barcelona,Private,ICE,UKL2,FOCUS SEGMENT,Standard,2
2025,02,LEXUS,08,Barcelona,Private,PHEV,KKL,FOCUS SEGMENT,Standard,9
2025,02,LIVAN,08,Barcelona,Private,ICE,UKL1,REST,Standard,1
2025,02,LYNK & CO,08,Barcelona,Corporate,PHEV,UKL2,REST,Standard,1
2025,02,LYNK & CO,08,Barcelona,RAC,PHEV,UKL2,REST,Standard,1
2025,02,MASERATI,08,Barcelona,Corporate,ICE,KKL,FOCUS SEGMENT,Standard,1
2025,02,MASERATI,08,Barcelona,Private,ICE,KKL,FOCUS SEGMENT,Standard,1
2025,02,MAZDA,08,Barcelona,Corporate,ICE,KKL,REST,Standard,7
2025,02,MAZDA,08,Barcelona,Corporate,ICE,UKL1,REST,Standard,5
2025,02,MAZDA,08,Barcelona,Corporate,ICE,UKL2,REST,Standard,15
2025,02,MAZDA,08,Barcelona,Corporate,PHEV,KKL,REST,Standard,5
2025,02,MAZDA,08,Barcelona,Private,ICE,KKL,REST,Standard,6
2025,02,MAZDA,08,Barcelona,Private,ICE,UKL1,REST,Standard,12
2025,02,MAZDA,08,Barcelona,Private,ICE,UKL2,REST,Standard,109
2025,02,MAZDA,08,Barcelona,Private,PHEV,UKL2,REST,Standard,2
2025,02,MERCEDES,08,Barcelona,Corporate,BEV,MKL,FOCUS SEGMENT,M Performance,1
2025,02,MERCEDES,08,Barcelona,Corporate,BEV,MKL,FOCUS SEGMENT,Standard,3
2025,02,MERCEDES,08,Barcelona,Corporate,BEV,MKL,REST,Standard,2
2025,02,MERCEDES,08,Barcelona,Corporate,BEV,UKL2,FOCUS SEGMENT,Standard,6
2025,02,MERCEDES,08,Barcelona,Corporate,ICE,GKL,FOCUS SEGMENT,M,1
2025,02,MERCEDES,08,Barcelona,Corporate,ICE,GKL,FOCUS SEGMENT,M Performance,1
2025,02,MERCEDES,08,Barcelona,Corporate,ICE,GKL,FOCUS SEGMENT,Standard,3
2025,02,MERCEDES,08,Barcelona,Corporate,ICE,KKL,FOCUS SEGMENT,M Performance,1
2025,02,MERCEDES,08,Barcelona,Corporate,ICE,KKL,FOCUS SEGMENT,Standard,22
2025,02,MERCEDES,08,Barcelona,Corporate,ICE,MKL,FOCUS SEGMENT,M Performance,2
2025,02,MERCEDES,08,Barcelona,Corporate,ICE,MKL,FOCUS SEGMENT,Standard,11
2025,02,MERCEDES,08,Barcelona,Corporate,ICE,MKL,REST,Standard,27
2025,02,MERCEDES,08,Barcelona,Corporate,ICE,SKL,REST,Standard,3
2025,02,MERCEDES,08,Barcelona,Corporate,ICE,UKL2,FOCUS SEGMENT,M,1
2025,02,MERCEDES,08,Barcelona,Corporate,ICE,UKL2,FOCUS SEGMENT,M Performance,2
2025,02,MERCEDES,08,Barcelona,Corporate,ICE,UKL2,FOCUS SEGMENT,Standard,26
2025,02,MERCEDES,08,Barcelona,Corporate,PHEV,KKL,FOCUS SEGMENT,Standard,9
2025,02,MERCEDES,08,Barcelona,Corporate,PHEV,MKL,FOCUS SEGMENT,M Performance,2
2025,02,MERCEDES,08,Barcelona,Corporate,PHEV,MKL,FOCUS SEGMENT,Standard,7
2025,02,MERCEDES,08,Barcelona,Corporate,PHEV,UKL2,FOCUS SEGMENT,Standard,3
2025,02,MERCEDES,08,Barcelona,Private,BEV,MKL,FOCUS SEGMENT,M Performance,1
2025,02,MERCEDES,08,Barcelona,Private,BEV,MKL,FOCUS SEGMENT,Standard,1
2025,02,MERCEDES,08,Barcelona,Private,BEV,UKL2,FOCUS SEGMENT,Standard,5
2025,02,MERCEDES,08,Barcelona,Private,ICE,GKL,FOCUS SEGMENT,Standard,2
2025,02,MERCEDES,08,Barcelona,Private,ICE,KKL,FOCUS SEGMENT,Standard,12
2025,02,MERCEDES,08,Barcelona,Private,ICE,MKL,FOCUS SEGMENT,M Performance,2
2025,02,MERCEDES,08,Barcelona,Private,ICE,MKL,FOCUS SEGMENT,Standard,1
2025,02,MERCEDES,08,Barcelona,Private,ICE,MKL,REST,Standard,2
2025,02,MERCEDES,08,Barcelona,Private,ICE,SKL,REST,Standard,5
2025,02,MERCEDES,08,Barcelona,Private,ICE,UKL2,FOCUS SEGMENT,M Performance,3
2025,02,MERCEDES,08,Barcelona,Private,ICE,UKL2,FOCUS SEGMENT,Standard,20
2025,02,MERCEDES,08,Barcelona,Private,PHEV,KKL,FOCUS SEGMENT,Standard,6
2025,02,MERCEDES,08,Barcelona,Private,PHEV,MKL,FOCUS SEGMENT,M Performance,2
2025,02,MERCEDES,08,Barcelona,Private,PHEV,MKL,FOCUS SEGMENT,Standard,5
2025,02,MERCEDES,08,Barcelona,Private,PHEV,UKL2,FOCUS SEGMENT,Standard,2
2025,02,MERCEDES,08,Barcelona,RAC,ICE,MKL,REST,Standard,2
2025,02,MERCEDES-V,08,Barcelona,Corporate,ICE,SKL,REST,Standard,1
2025,02,MERCEDES-V,08,Barcelona,Private,ICE,SKL,REST,Standard,5
2025,02,MERCEDES-V,08,Barcelona,RAC,ICE,SKL,REST,Standard,1
2025,02,MG,08,Barcelona,Corporate,BEV,UKL2,REST,Standard,1
2025,02,MG,08,Barcelona,Corporate,ICE,KKL,REST,Standard,1
2025,02,MG,08,Barcelona,Corporate,ICE,UKL1,REST,Standard,9
2025,02,MG,08,Barcelona,Corporate,PHEV,KKL,REST,Standard,3
2025,02,MG,08,Barcelona,Private,BEV,UKL2,REST,Standard,3
2025,02,MG,08,Barcelona,Private,ICE,KKL,REST,Standard,11
2025,02,MG,08,Barcelona,Private,ICE,UKL1,REST,Standard,217
2025,02,MG,08,Barcelona,Private,PHEV,KKL,REST,Standard,9
2025,02,MINI,08,Barcelona,Corporate,BEV,UKL1,FOCUS SEGMENT,Standard,4
2025,02,MINI,08,Barcelona,Corporate,BEV,UKL2,FOCUS SEGMENT,Standard,4
2025,02,MINI,08,Barcelona,Corporate,ICE,UKL1,FOCUS SEGMENT,JCW,1
2025,02,MINI,08,Barcelona,Corporate,ICE,UKL1,FOCUS SEGMENT,Standard,12
2025,02,MINI,08,Barcelona,Corporate,ICE,UKL2,FOCUS SEGMENT,Standard,5
2025,02,MINI,08,Barcelona,Private,BEV,UKL1,FOCUS SEGMENT,Standard,19
2025,02,MINI,08,Barcelona,Private,BEV,UKL2,FOCUS SEGMENT,Standard,2
2025,02,MINI,08,Barcelona,Private,ICE,UKL1,FOCUS SEGMENT,JCW,3
2025,02,MINI,08,Barcelona,Private,ICE,UKL1,FOCUS SEGMENT,Standard,30
2025,02,MINI,08,Barcelona,Private,ICE,UKL2,FOCUS SEGMENT,Standard,10
2025,02,MINI,08,Barcelona,RAC,ICE,UKL1,FOCUS SEGMENT,Standard,9
2025,02,MITSUBISHI,08,Barcelona,Private,ICE,UKL1,REST,Standard,3
2025,02,MITSUBISHI,08,Barcelona,Private,ICE,UKL2,REST,Standard,3
2025,02,NISSAN,08,Barcelona,Corporate,BEV,UKL2,REST,Standard,6
2025,02,NISSAN,08,Barcelona,Corporate,ICE,KKL,REST,Standard,4
2025,02,NISSAN,08,Barcelona,Corporate,ICE,SKL,REST,Standard,1
2025,02,NISSAN,08,Barcelona,Corporate,ICE,UKL1,REST,Standard,6
2025,02,NISSAN,08,Barcelona,Corporate,ICE,UKL2,REST,Standard,41
2025,02,NISSAN,08,Barcelona,Private,BEV,UKL2,REST,Standard,1
2025,02,NISSAN,08,Barcelona,Private,ICE,KKL,REST,Standard,28
2025,02,NISSAN,08,Barcelona,Private,ICE,SKL,REST,Standard,16
2025,02,NISSAN,08,Barcelona,Private,ICE,UKL1,REST,Standard,53
2025,02,NISSAN,08,Barcelona,Private,ICE,UKL2,REST,Standard,96
2025,02,OMODA,08,Barcelona,Corporate,ICE,UKL2,REST,Standard,7
2025,02,OMODA,08,Barcelona,Private,ICE,UKL2,REST,Standard,90
2025,02,OPEL,08,Barcelona,Corporate,BEV,SKL,REST,Standard,1
2025,02,OPEL,08,Barcelona,Corporate,BEV,UKL1,REST,Standard,2
2025,02,OPEL,08,Barcelona,Corporate,BEV,UKL2,REST,Standard,1
2025,02,OPEL,08,Barcelona,Corporate,ICE,SKL,REST,Standard,9
2025,02,OPEL,08,Barcelona,Corporate,ICE,UKL1,REST,Standard,446
2025,02,OPEL,08,Barcelona,Corporate,ICE,UKL2,REST,Standard,8
2025,02,OPEL,08,Barcelona,Private,BEV,UKL1,REST,Standard,1
2025,02,OPEL,08,Barcelona,Private,ICE,SKL,REST,Standard,7
2025,02,OPEL,08,Barcelona,Private,ICE,UKL1,REST,Standard,22
2025,02,OPEL,08,Barcelona,Private,ICE,UKL2,REST,Standard,7
2025,02,OPEL,08,Barcelona,Private,PHEV,UKL2,REST,Standard,1
2025,02,PEUGEOT,08,Barcelona,Corporate,BEV,SKL,REST,Standard,2
2025,02,PEUGEOT,08,Barcelona,Corporate,BEV,UKL1,REST,Standard,3
2025,02,PEUGEOT,08,Barcelona,Corporate,BEV,UKL2,REST,Standard,1
2025,02,PEUGEOT,08,Barcelona,Corporate,ICE,KKL,REST,Standard,4
2025,02,PEUGEOT,08,Barcelona,Corporate,ICE,SKL,REST,Standard,18
2025,02,PEUGEOT,08,Barcelona,Corporate,ICE,UKL1,REST,Standard,81
2025,02,PEUGEOT,08,Barcelona,Corporate,ICE,UKL2,REST,Standard,71
2025,02,PEUGEOT,08,Barcelona,Corporate,PHEV,UKL2,REST,Standard,2
2025,02,PEUGEOT,08,Barcelona,Private,BEV,SKL,REST,Standard,2
2025,02,PEUGEOT,08,Barcelona,Private,BEV,UKL1,REST,Standard,2
2025,02,PEUGEOT,08,Barcelona,Private,BEV,UKL2,REST,Standard,6
2025,02,PEUGEOT,08,Barcelona,Private,ICE,KKL,REST,Standard,9
2025,02,PEUGEOT,08,Barcelona,Private,ICE,SKL,REST,Standard,34
2025,02,PEUGEOT,08,Barcelona,Private,ICE,UKL1,REST,Standard,58
2025,02,PEUGEOT,08,Barcelona,Private,ICE,UKL2,REST,Standard,57
2025,02,PEUGEOT,08,Barcelona,Private,PHEV,UKL2,REST,Standard,1
2025,02,POLESTAR,08,Barcelona,Corporate,BEV,KKL,FOCUS SEGMENT,Standard,1
2025,02,POLESTAR,08,Barcelona,Private,BEV,KKL,FOCUS SEGMENT,Standard,3
2025,02,PORSCHE,08,Barcelona,Corporate,BEV,GKL,FOCUS SEGMENT,M Performance,1
2025,02,PORSCHE,08,Barcelona,Corporate,BEV,GKL,FOCUS SEGMENT,Standard,1
2025,02,PORSCHE,08,Barcelona,Corporate,BEV,KKL,FOCUS SEGMENT,M,1
2025,02,PORSCHE,08,Barcelona,Corporate,BEV,KKL,FOCUS SEGMENT,M Performance,1
2025,02,PORSCHE,08,Barcelona,Corporate,BEV,KKL,FOCUS SEGMENT,Standard,4
2025,02,PORSCHE,08,Barcelona,Corporate,ICE,GKL,FOCUS SEGMENT,M Performance,2
2025,02,PORSCHE,08,Barcelona,Corporate,ICE,KKL,FOCUS SEGMENT,M,1
2025,02,PORSCHE,08,Barcelona,Corporate,PHEV,GKL,FOCUS SEGMENT,M Performance,2
2025,02,PORSCHE,08,Barcelona,Corporate,PHEV,GKL,FOCUS SEGMENT,Standard,1
2025,02,PORSCHE,08,Barcelona,Corporate,PHEV,MKL,FOCUS SEGMENT,M Performance,1
2025,02,PORSCHE,08,Barcelona,Corporate,PHEV,MKL,FOCUS SEGMENT,Standard,5
2025,02,PORSCHE,08,Barcelona,Private,BEV,GKL,FOCUS SEGMENT,M Performance,1
2025,02,PORSCHE,08,Barcelona,Private,BEV,KKL,FOCUS SEGMENT,M,2
2025,02,PORSCHE,08,Barcelona,Private,BEV,KKL,FOCUS SEGMENT,M Performance,1
2025,02,PORSCHE,08,Barcelona,Private,BEV,KKL,FOCUS SEGMENT,Standard,10
2025,02,PORSCHE,08,Barcelona,Private,ICE,GKL,FOCUS SEGMENT,M Performance,2
2025,02,PORSCHE,08,Barcelona,Private,ICE,KKL,FOCUS SEGMENT,Standard,1
2025,02,PORSCHE,08,Barcelona,Private,PHEV,GKL,FOCUS SEGMENT,Standard,1
2025,02,PORSCHE,08,Barcelona,Private,PHEV,MKL,FOCUS SEGMENT,M Performance,1
2025,02,PORSCHE,08,Barcelona,Private,PHEV,MKL,FOCUS SEGMENT,Standard,4
2025,02,PORSCHE,08,Barcelona,RAC,ICE,GKL,FOCUS SEGMENT,M Performance,1
2025,02,PORSCHE,08,Barcelona,RAC,ICE,GKL,FOCUS SEGMENT,Standard,1
2025,02,REHATRANS,08,Barcelona,Corporate,ICE,SKL,REST,Standard,1
2025,02,RENAULT,08,Barcelona,Corporate,BEV,UKL1,REST,Standard,9
2025,02,RENAULT,08,Barcelona,Corporate,ICE,KKL,REST,Standard,4
2025,02,RENAULT,08,Barcelona,Corporate,ICE,UKL1,REST,Standard,34
2025,02,RENAULT,08,Barcelona,Corporate,ICE,UKL2,REST,Standard,42
2025,02,RENAULT,08,Barcelona,Corporate,PHEV,UKL2,REST,Standard,2
2025,02,RENAULT,08,Barcelona,Private,BEV,UKL1,REST,Standard,19
2025,02,RENAULT,08,Barcelona,Private,BEV,UKL2,REST,Standard,4
2025,02,RENAULT,08,Barcelona,Private,ICE,KKL,REST,Standard,7
2025,02,RENAULT,08,Barcelona,Private,ICE,SKL,REST,Standard,5
2025,02,RENAULT,08,Barcelona,Private,ICE,UKL1,REST,Standard,164
2025,02,RENAULT,08,Barcelona,Private,ICE,UKL2,REST,Standard,75
2025,02,RENAULT,08,Barcelona,Private,PHEV,UKL2,REST,Standard,3
2025,02,SEAT,08,Barcelona,Corporate,ICE,UKL1,REST,Standard,70
2025,02,SEAT,08,Barcelona,Corporate,ICE,UKL2,REST,Standard,40
2025,02,SEAT,08,Barcelona,Corporate,PHEV,UKL2,REST,Standard,5
2025,02,SEAT,08,Barcelona,Private,ICE,KKL,REST,Standard,3
2025,02,SEAT,08,Barcelona,Private,ICE,UKL1,REST,Standard,265
2025,02,SEAT,08,Barcelona,Private,ICE,UKL2,REST,Standard,132
2025,02,SEAT,08,Barcelona,Private,PHEV,UKL2,REST,Standard,2
2025,02,SHINERAY,08,Barcelona,Corporate,ICE,MKL,REST,Standard,2
2025,02,SHINERAY,08,Barcelona,Private,ICE,MKL,REST,Standard,2
2025,02,SIN MARCA,08,Barcelona,Corporate,ICE,,REST,Standard,1
2025,02,SIN MARCA,08,Barcelona,Corporate,PHEV,,REST,Standard,2
2025,02,SIN MARCA,08,Barcelona,Private,ICE,,REST,Standard,1
2025,02,SKODA,08,Barcelona,Corporate,BEV,UKL2,REST,Standard,13
2025,02,SKODA,08,Barcelona,Corporate,ICE,KKL,REST,Standard,8
2025,02,SKODA,08,Barcelona,Corporate,ICE,UKL1,REST,Standard,34
2025,02,SKODA,08,Barcelona,Corporate,ICE,UKL2,REST,Standard,17
2025,02,SKODA,08,Barcelona,Corporate,PHEV,KKL,REST,Standard,21
2025,02,SKODA,08,Barcelona,Private,ICE,KKL,REST,Standard,7
2025,02,SKODA,08,Barcelona,Private,ICE,UKL1,REST,Standard,88
2025,02,SKODA,08,Barcelona,Private,ICE,UKL2,REST,Standard,53
2025,02,SKODA,08,Barcelona,Private,PHEV,KKL,REST,Standard,4
2025,02,SMART,08,Barcelona,Corporate,BEV,UKL1,FOCUS SEGMENT,Standard,2
2025,02,SMART,08,Barcelona,Corporate,BEV,UKL2,FOCUS SEGMENT,Standard,1
2025,02,SMART,08,Barcelona,Private,BEV,UKL1,FOCUS SEGMENT,Standard,3
2025,02,SMART,08,Barcelona,Private,BEV,UKL2,FOCUS SEGMENT,Standard,2
2025,02,SSANGYONG,08,Barcelona,Private,ICE,UKL1,REST,Standard,1
2025,02,SUBARU,08,Barcelona,Corporate,ICE,KKL,REST,Standard,3
2025,02,SUBARU,08,Barcelona,Corporate,ICE,UKL2,REST,Standard,3
2025,02,SUBARU,08,Barcelona,Private,ICE,KKL,REST,Standard,3
2025,02,SUBARU,08,Barcelona,Private,ICE,UKL2,REST,Standard,2
2025,02,SUBARU,08,Barcelona,RAC,ICE,KKL,REST,Standard,2
2025,02,SUBARU,08,Barcelona,RAC,ICE,UKL2,REST,Standard,2
2025,02,SUZUKI,08,Barcelona,Corporate,ICE,UKL0,REST,Standard,1
2025,02,SUZUKI,08,Barcelona,Corporate,ICE,UKL1,REST,Standard,1
2025,02,SUZUKI,08,Barcelona,Corporate,ICE,UKL2,REST,Standard,1
2025,02,SUZUKI,08,Barcelona,Private,ICE,UKL0,REST,Standard,1
2025,02,SUZUKI,08,Barcelona,Private,ICE,UKL1,REST,Standard,24
2025,02,SUZUKI,08,Barcelona,Private,ICE,UKL2,REST,Standard,10
2025,02,TESLA,08,Barcelona,Corporate,BEV,GKL,FOCUS SEGMENT,Standard,2
2025,02,TESLA,08,Barcelona,Corporate,BEV,KKL,FOCUS SEGMENT,Standard,42
2025,02,TESLA,08,Barcelona,Private,BEV,GKL,FOCUS SEGMENT,Standard,2
2025,02,TESLA,08,Barcelona,Private,BEV,KKL,FOCUS SEGMENT,Standard,67
2025,02,TESLA MOTORS,08,Barcelona,Corporate,BEV,,REST,Standard,1
2025,02,TOYOTA,08,Barcelona,Corporate,BEV,SKL,REST,Standard,2
2025,02,TOYOTA,08,Barcelona,Corporate,BEV,UKL2,REST,Standard,2
2025,02,TOYOTA,08,Barcelona,Corporate,ICE,GKL,REST,Standard,9
2025,02,TOYOTA,08,Barcelona,Corporate,ICE,SKL,REST,Standard,3
2025,02,TOYOTA,08,Barcelona,Corporate,ICE,UKL0,REST,Standard,4
2025,02,TOYOTA,08,Barcelona,Corporate,ICE,UKL1,REST,Standard,39
2025,02,TOYOTA,08,Barcelona,Corporate,ICE,UKL2,REST,Standard,137
2025,02,TOYOTA,08,Barcelona,Corporate,PHEV,UKL1,REST,Standard,16
2025,02,TOYOTA,08,Barcelona,Corporate,PHEV,UKL2,REST,Standard,7
2025,02,TOYOTA,08,Barcelona,Private,BEV,UKL2,REST,Standard,10
2025,02,TOYOTA,08,Barcelona,Private,ICE,GKL,REST,Standard,4
2025,02,TOYOTA,08,Barcelona,Private,ICE,SKL,REST,Standard,8
2025,02,TOYOTA,08,Barcelona,Private,ICE,UKL0,REST,Standard,24
2025,02,TOYOTA,08,Barcelona,Private,ICE,UKL1,REST,Standard,418
2025,02,TOYOTA,08,Barcelona,Private,ICE,UKL2,REST,Standard,243
2025,02,TOYOTA,08,Barcelona,Private,PHEV,UKL1,REST,Standard,50
2025,02,TOYOTA,08,Barcelona,Private,PHEV,UKL2,REST,Standard,33
2025,02,VOLKSWAGEN,08,Barcelona,Corporate,BEV,MKL,REST,Standard,1
2025,02,VOLKSWAGEN,08,Barcelona,Corporate,BEV,SKL,REST,Standard,6
2025,02,VOLKSWAGEN,08,Barcelona,Corporate,BEV,UKL2,REST,Standard,4
2025,02,VOLKSWAGEN,08,Barcelona,Corporate,ICE,SKL,REST,Standard,7
2025,02,VOLKSWAGEN,08,Barcelona,Corporate,ICE,UKL1,REST,Standard,24
2025,02,VOLKSWAGEN,08,Barcelona,Corporate,ICE,UKL2,REST,Standard,39
2025,02,VOLKSWAGEN,08,Barcelona,Corporate,PHEV,KKL,REST,Standard,1
2025,02,VOLKSWAGEN,08,Barcelona,Corporate,PHEV,MKL,REST,Standard,1
2025,02,VOLKSWAGEN,08,Barcelona,Corporate,PHEV,SKL,REST,Standard,1
2025,02,VOLKSWAGEN,08,Barcelona,Corporate,PHEV,UKL2,REST,Standard,4
2025,02,VOLKSWAGEN,08,Barcelona,Private,BEV,SKL,REST,Standard,3
2025,02,VOLKSWAGEN,08,Barcelona,Private,BEV,UKL2,REST,Standard,6
2025,02,VOLKSWAGEN,08,Barcelona,Private,ICE,SKL,REST,Standard,29
2025,02,VOLKSWAGEN,08,Barcelona,Private,ICE,UKL1,REST,Standard,160
2025,02,VOLKSWAGEN,08,Barcelona,Private,ICE,UKL2,REST,Standard,145
2025,02,VOLKSWAGEN,08,Barcelona,Private,PHEV,UKL2,REST,Standard,17
2025,02,VOLKSWAGEN,08,Barcelona,RAC,ICE,UKL2,REST,Standard,1
2025,02,VOLVO,08,Barcelona,Corporate,ICE,KKL,FOCUS SEGMENT,Standard,2
2025,02,VOLVO,08,Barcelona,Corporate,ICE,UKL2,FOCUS SEGMENT,Standard,1
2025,02,VOLVO,08,Barcelona,Corporate,PHEV,KKL,FOCUS SEGMENT,Standard,1
2025,02,VOLVO,08,Barcelona,Private,BEV,UKL1,FOCUS SEGMENT,Standard,3
2025,02,VOLVO,08,Barcelona,Private,ICE,KKL,FOCUS SEGMENT,Standard,4
2025,02,VOLVO,08,Barcelona,Private,ICE,MKL,FOCUS SEGMENT,Standard,1
2025,02,VOLVO,08,Barcelona,Private,ICE,UKL2,FOCUS SEGMENT,Standard,15
2025,02,VOLVO,08,Barcelona,Private,PHEV,MKL,FOCUS SEGMENT,Standard,2
2025,02,XPENG,08,Barcelona,Corporate,BEV,KKL,FOCUS SEGMENT,Standard,2
2025,02,XPENG,08,Barcelona,Private,BEV,KKL,FOCUS SEGMENT,Standard,2
2025,02,AUDI,09,Burgos,Corporate,ICE,UKL2,FOCUS SEGMENT,Standard,3
2025,02,AUDI,09,Burgos,Corporate,PHEV,KKL,FOCUS SEGMENT,Standard,2
2025,02,AUDI,09,Burgos,Private,BEV,UKL2,FOCUS SEGMENT,Standard,1
2025,02,AUDI,09,Burgos,Private,ICE,KKL,FOCUS SEGMENT,Standard,4
2025,02,AUDI,09,Burgos,Private,ICE,UKL2,FOCUS SEGMENT,Standard,5
2025,02,BMW,09,Burgos,Corporate,ICE,MKL,FOCUS SEGMENT,Standard,1
2025,02,BMW,09,Burgos,Corporate,ICE,UKL2,FOCUS SEGMENT,Standard,3
2025,02,BMW,09,Burgos,Private,ICE,KKL,FOCUS SEGMENT,M,1
2025,02,BMW,09,Burgos,Private,ICE,KKL,FOCUS SEGMENT,Standard,3
2025,02,BMW,09,Burgos,Private,ICE,UKL2,FOCUS SEGMENT,Standard,3
2025,02,BMW,09,Burgos,Private,PHEV,UKL2,FOCUS SEGMENT,Standard,1
2025,02,BYD,09,Burgos,Private,PHEV,KKL,REST,Standard,1
2025,02,CITROEN,09,Burgos,Corporate,BEV,UKL2,REST,Standard,1
2025,02,CITROEN,09,Burgos,Corporate,ICE,SKL,REST,Standard,1
2025,02,CITROEN,09,Burgos,Corporate,ICE,UKL1,REST,Standard,2
2025,02,CITROEN,09,Burgos,Corporate,ICE,UKL2,REST,Standard,3
2025,02,CITROEN,09,Burgos,Private,ICE,MKL,REST,Standard,1
2025,02,CITROEN,09,Burgos,Private,ICE,SKL,REST,Standard,1
2025,02,CITROEN,09,Burgos,Private,ICE,UKL1,REST,Standard,4
2025,02,CITROEN,09,Burgos,Private,ICE,UKL2,REST,Standard,5
2025,02,CUPRA,09,Burgos,Corporate,BEV,UKL2,REST,Standard,1
2025,02,CUPRA,09,Burgos,Corporate,ICE,UKL2,REST,Standard,2
2025,02,CUPRA,09,Burgos,Private,BEV,UKL2,REST,Standard,1
2025,02,CUPRA,09,Burgos,Private,ICE,UKL2,REST,Standard,1
2025,02,DACIA,09,Burgos,Corporate,ICE,UKL2,REST,Standard,2
2025,02,DACIA,09,Burgos,Private,ICE,SKL,REST,Standard,8
2025,02,DACIA,09,Burgos,Private,ICE,UKL1,REST,Standard,12
2025,02,DFSK,09,Burgos,Private,PHEV,KKL,REST,Standard,3
2025,02,EBRO,09,Burgos,Corporate,ICE,UKL2,REST,Standard,6
2025,02,EBRO,09,Burgos,Private,ICE,UKL2,REST,Standard,1
2025,02,FIAT,09,Burgos,Corporate,ICE,SKL,REST,Standard,1
2025,02,FIAT,09,Burgos,Private,ICE,SKL,REST,Standard,1
2025,02,FIAT,09,Burgos,Private,ICE,UKL2,REST,Standard,1
2025,02,FORD,09,Burgos,Corporate,ICE,UKL2,REST,Standard,2
2025,02,FORD,09,Burgos,Private,ICE,MKL,REST,Standard,1
2025,02,FORD,09,Burgos,Private,ICE,SKL,REST,Standard,1
2025,02,FORD,09,Burgos,Private,ICE,UKL1,REST,Standard,2
2025,02,FORD,09,Burgos,Private,ICE,UKL2,REST,Standard,1
2025,02,HYUNDAI,09,Burgos,Corporate,ICE,UKL1,REST,Standard,3
2025,02,HYUNDAI,09,Burgos,Corporate,ICE,UKL2,REST,Standard,1
2025,02,HYUNDAI,09,Burgos,Corporate,PHEV,UKL2,REST,Standard,1
2025,02,HYUNDAI,09,Burgos,Private,ICE,UKL0,REST,Standard,1
2025,02,HYUNDAI,09,Burgos,Private,ICE,UKL1,REST,Standard,5
2025,02,HYUNDAI,09,Burgos,Private,ICE,UKL2,REST,Standard,2
2025,02,HYUNDAI,09,Burgos,Private,PHEV,UKL2,REST,Standard,1
2025,02,JAECOO,09,Burgos,Private,ICE,UKL2,REST,Standard,2
2025,02,JAECOO,09,Burgos,Private,PHEV,UKL2,REST,Standard,2
2025,02,JAGUAR,09,Burgos,Private,ICE,KKL,FOCUS SEGMENT,Standard,1
2025,02,KG MOBILITY,09,Burgos,Private,ICE,UKL1,REST,Standard,1
2025,02,KIA,09,Burgos,Corporate,ICE,UKL2,REST,Standard,3
2025,02,KIA,09,Burgos,Private,ICE,KKL,REST,Standard,1
2025,02,KIA,09,Burgos,Private,ICE,UKL2,REST,Standard,18
2025,02,LAND ROVER,09,Burgos,Private,ICE,MKL,FOCUS SEGMENT,Standard,1
2025,02,LEXUS,09,Burgos,Corporate,ICE,UKL1,FOCUS SEGMENT,Standard,4
2025,02,LEXUS,09,Burgos,Corporate,PHEV,KKL,FOCUS SEGMENT,Standard,5
2025,02,LEXUS,09,Burgos,Private,ICE,KKL,FOCUS SEGMENT,Standard,3
2025,02,LEXUS,09,Burgos,Private,ICE,UKL2,FOCUS SEGMENT,Standard,1
2025,02,LEXUS,09,Burgos,Private,PHEV,MKL,FOCUS SEGMENT,Standard,1
2025,02,MAZDA,09,Burgos,Corporate,ICE,KKL,REST,Standard,2
2025,02,MAZDA,09,Burgos,Corporate,ICE,UKL2,REST,Standard,2
2025,02,MAZDA,09,Burgos,Private,ICE,UKL1,REST,Standard,1
2025,02,MAZDA,09,Burgos,Private,ICE,UKL2,REST,Standard,7
2025,02,MERCEDES,09,Burgos,Corporate,BEV,UKL2,FOCUS SEGMENT,Standard,1
2025,02,MERCEDES,09,Burgos,Corporate,ICE,MKL,REST,Standard,1
2025,02,MERCEDES,09,Burgos,Corporate,PHEV,KKL,FOCUS SEGMENT,Standard,1
2025,02,MERCEDES,09,Burgos,Private,ICE,KKL,FOCUS SEGMENT,Standard,3
2025,02,MERCEDES,09,Burgos,Private,ICE,UKL2,FOCUS SEGMENT,Standard,3
2025,02,MERCEDES,09,Burgos,Private,PHEV,KKL,FOCUS SEGMENT,Standard,1
2025,02,MERCEDES,09,Burgos,Private,PHEV,UKL2,FOCUS SEGMENT,Standard,1
2025,02,MG,09,Burgos,Corporate,ICE,UKL1,REST,Standard,2
2025,02,MG,09,Burgos,Private,ICE,KKL,REST,Standard,1
2025,02,MG,09,Burgos,Private,ICE,UKL1,REST,Standard,13
2025,02,MG,09,Burgos,Private,PHEV,KKL,REST,Standard,1
2025,02,MINI,09,Burgos,Private,BEV,UKL1,FOCUS SEGMENT,Standard,1
2025,02,MITSUBISHI,09,Burgos,Corporate,ICE,UKL2,REST,Standard,1
2025,02,MITSUBISHI,09,Burgos,Private,ICE,UKL1,REST,Standard,3
2025,02,NISSAN,09,Burgos,Corporate,ICE,KKL,REST,Standard,1
2025,02,NISSAN,09,Burgos,Corporate,ICE,UKL1,REST,Standard,1
2025,02,NISSAN,09,Burgos,Private,ICE,KKL,REST,Standard,3
2025,02,NISSAN,09,Burgos,Private,ICE,UKL1,REST,Standard,1
2025,02,NISSAN,09,Burgos,Private,ICE,UKL2,REST,Standard,5
2025,02,OMODA,09,Burgos,Private,ICE,UKL2,REST,Standard,5
2025,02,OPEL,09,Burgos,Corporate,ICE,UKL1,REST,Standard,3
2025,02,PEUGEOT,09,Burgos,Corporate,BEV,UKL2,REST,Standard,1
2025,02,PEUGEOT,09,Burgos,Corporate,ICE,KKL,REST,Standard,2
2025,02,PEUGEOT,09,Burgos,Corporate,ICE,SKL,REST,Standard,4
2025,02,PEUGEOT,09,Burgos,Corporate,ICE,UKL1,REST,Standard,2
2025,02,PEUGEOT,09,Burgos,Corporate,ICE,UKL2,REST,Standard,2
2025,02,PEUGEOT,09,Burgos,Private,ICE,KKL,REST,Standard,2
2025,02,PEUGEOT,09,Burgos,Private,ICE,UKL1,REST,Standard,1
2025,02,PEUGEOT,09,Burgos,Private,ICE,UKL2,REST,Standard,1
2025,02,RENAULT,09,Burgos,Corporate,ICE,UKL1,REST,Standard,3
2025,02,RENAULT,09,Burgos,Corporate,ICE,UKL2,REST,Standard,2
2025,02,RENAULT,09,Burgos,Corporate,PHEV,UKL2,REST,Standard,1
2025,02,RENAULT,09,Burgos,Private,BEV,UKL1,REST,Standard,2
2025,02,RENAULT,09,Burgos,Private,ICE,UKL1,REST,Standard,8
2025,02,RENAULT,09,Burgos,Private,ICE,UKL2,REST,Standard,9
2025,02,RENAULT,09,Burgos,Private,PHEV,UKL2,REST,Standard,1
2025,02,SEAT,09,Burgos,Corporate,ICE,UKL1,REST,Standard,1
2025,02,SEAT,09,Burgos,Private,ICE,UKL1,REST,Standard,7
2025,02,SEAT,09,Burgos,Private,ICE,UKL2,REST,Standard,13
2025,02,SKODA,09,Burgos,Corporate,BEV,UKL2,REST,Standard,1
2025,02,SKODA,09,Burgos,Corporate,ICE,UKL1,REST,Standard,1
2025,02,SKODA,09,Burgos,Private,ICE,UKL1,REST,Standard,3
2025,02,SKODA,09,Burgos,Private,ICE,UKL2,REST,Standard,5
2025,02,SSANGYONG,09,Burgos,Private,ICE,KKL,REST,Standard,1
2025,02,SUBARU,09,Burgos,Corporate,ICE,KKL,REST,Standard,1
2025,02,SUZUKI,09,Burgos,Corporate,PHEV,UKL2,REST,Standard,1
2025,02,SUZUKI,09,Burgos,Private,ICE,UKL2,REST,Standard,2
2025,02,TOYOTA,09,Burgos,Corporate,ICE,UKL1,REST,Standard,9
2025,02,TOYOTA,09,Burgos,Corporate,ICE,UKL2,REST,Standard,3
2025,02,TOYOTA,09,Burgos,Corporate,PHEV,UKL1,REST,Standard,5
2025,02,TOYOTA,09,Burgos,Corporate,PHEV,UKL2,REST,Standard,1
2025,02,TOYOTA,09,Burgos,Private,ICE,UKL1,REST,Standard,10
2025,02,TOYOTA,09,Burgos,Private,ICE,UKL2,REST,Standard,14
2025,02,TOYOTA,09,Burgos,Private,PHEV,UKL1,REST,Standard,1
2025,02,TOYOTA,09,Burgos,Private,PHEV,UKL2,REST,Standard,1
2025,02,TOYOTA,09,Burgos,RAC,BEV,SKL,REST,Standard,1
2025,02,VOLKSWAGEN,09,Burgos,Corporate,ICE,MKL,REST,Standard,1
2025,02,VOLKSWAGEN,09,Burgos,Corporate,ICE,UKL1,REST,Standard,2
2025,02,VOLKSWAGEN,09,Burgos,Corporate,ICE,UKL2,REST,Standard,4
2025,02,VOLKSWAGEN,09,Burgos,Corporate,PHEV,UKL2,REST,Standard,2
2025,02,VOLKSWAGEN,09,Burgos,Private,ICE,SKL,REST,Standard,1
2025,02,VOLKSWAGEN,09,Burgos,Private,ICE,UKL1,REST,Standard,3
2025,02,VOLKSWAGEN,09,Burgos,Private,ICE,UKL2,REST,Standard,8
2025,02,VOLKSWAGEN,09,Burgos,Private,PHEV,UKL2,REST,Standard,1
2025,02,VOLVO,09,Burgos,Corporate,ICE,KKL,FOCUS SEGMENT,Standard,3
2025,02,VOLVO,09,Burgos,Private,BEV,UKL1,FOCUS SEGMENT,Standard,1
2025,02,VOLVO,09,Burgos,Private,ICE,KKL,FOCUS SEGMENT,Standard,1
2025,02,VOLVO,09,Burgos,Private,PHEV,MKL,FOCUS SEGMENT,Standard,1
2025,02,AUDI,10,Cáceres,Corporate,ICE,MKL,FOCUS SEGMENT,Standard,1
2025,02,AUDI,10,Cáceres,Private,ICE,UKL2,FOCUS SEGMENT,Standard,3
2025,02,BMW,10,Cáceres,Corporate,ICE,KKL,FOCUS SEGMENT,Standard,1
2025,02,BMW,10,Cáceres,Private,ICE,KKL,FOCUS SEGMENT,Standard,2
2025,02,BMW,10,Cáceres,Private,ICE,UKL2,FOCUS SEGMENT,Standard,6
2025,02,BYD,10,Cáceres,Corporate,PHEV,KKL,REST,Standard,3
2025,02,BYD,10,Cáceres,Private,BEV,KKL,REST,Standard,1
2025,02,BYD,10,Cáceres,Private,PHEV,KKL,REST,Standard,3
2025,02,CITROEN,10,Cáceres,Corporate,ICE,SKL,REST,Standard,1
2025,02,CITROEN,10,Cáceres,Corporate,ICE,UKL2,REST,Standard,24
2025,02,CITROEN,10,Cáceres,Private,BEV,UKL1,REST,Standard,1
2025,02,CITROEN,10,Cáceres,Private,ICE,SKL,REST,Standard,1
2025,02,CITROEN,10,Cáceres,Private,ICE,UKL1,REST,Standard,4
2025,02,CUPRA,10,Cáceres,Corporate,ICE,UKL2,REST,Standard,2
2025,02,DACIA,10,Cáceres,Corporate,ICE,UKL2,REST,Standard,1
2025,02,DACIA,10,Cáceres,Private,ICE,SKL,REST,Standard,8
2025,02,DACIA,10,Cáceres,Private,ICE,UKL1,REST,Standard,5
2025,02,DACIA,10,Cáceres,Private,ICE,UKL2,REST,Standard,2
2025,02,EBRO,10,Cáceres,Private,ICE,KKL,REST,Standard,1
2025,02,FORD,10,Cáceres,Private,ICE,MKL,REST,Standard,1
2025,02,FORD,10,Cáceres,Private,ICE,SKL,REST,Standard,2
2025,02,FORD,10,Cáceres,Private,ICE,UKL1,REST,Standard,1
2025,02,FORD,10,Cáceres,Private,PHEV,SKL,REST,Standard,1
2025,02,FORD,10,Cáceres,Private,PHEV,UKL2,REST,Standard,1
2025,02,FORD,10,Cáceres,RAC,ICE,UKL2,REST,Standard,3
2025,02,HYUNDAI,10,Cáceres,Private,ICE,UKL1,REST,Standard,1
2025,02,HYUNDAI,10,Cáceres,Private,ICE,UKL2,REST,Standard,5
2025,02,JAECOO,10,Cáceres,Corporate,ICE,UKL2,REST,Standard,1
2025,02,JAECOO,10,Cáceres,Private,ICE,UKL2,REST,Standard,1
2025,02,JAECOO,10,Cáceres,Private,PHEV,UKL2,REST,Standard,3
2025,02,JEEP,10,Cáceres,Corporate,ICE,UKL1,REST,Standard,1
2025,02,JEEP,10,Cáceres,Private,PHEV,UKL2,REST,Standard,1
2025,02,KG MOBILITY,10,Cáceres,Private,ICE,UKL1,REST,Standard,1
2025,02,KIA,10,Cáceres,Corporate,ICE,UKL2,REST,Standard,1
2025,02,KIA,10,Cáceres,Private,ICE,UKL1,REST,Standard,7
2025,02,KIA,10,Cáceres,Private,ICE,UKL2,REST,Standard,14
2025,02,MAZDA,10,Cáceres,Corporate,ICE,KKL,REST,Standard,1
2025,02,MAZDA,10,Cáceres,Corporate,ICE,UKL2,REST,Standard,1
2025,02,MAZDA,10,Cáceres,Private,ICE,UKL2,REST,Standard,6
2025,02,MERCEDES,10,Cáceres,Corporate,ICE,KKL,FOCUS SEGMENT,Standard,1
2025,02,MERCEDES,10,Cáceres,Corporate,ICE,MKL,FOCUS SEGMENT,M Performance,1
2025,02,MERCEDES,10,Cáceres,Corporate,ICE,MKL,FOCUS SEGMENT,Standard,1
2025,02,MERCEDES,10,Cáceres,Corporate,ICE,MKL,REST,Standard,1
2025,02,MERCEDES,10,Cáceres,Corporate,ICE,SKL,REST,Standard,1
2025,02,MERCEDES,10,Cáceres,Corporate,ICE,UKL2,FOCUS SEGMENT,Standard,1
2025,02,MERCEDES,10,Cáceres,Corporate,PHEV,KKL,FOCUS SEGMENT,Standard,1
2025,02,MG,10,Cáceres,Private,ICE,KKL,REST,Standard,2
2025,02,MG,10,Cáceres,Private,ICE,UKL1,REST,Standard,14
2025,02,MG,10,Cáceres,Private,PHEV,KKL,REST,Standard,2
2025,02,MINI,10,Cáceres,Private,ICE,UKL2,FOCUS SEGMENT,Standard,1
2025,02,MITSUBISHI,10,Cáceres,Private,ICE,UKL2,REST,Standard,1
2025,02,NISSAN,10,Cáceres,Corporate,ICE,UKL1,REST,Standard,3
2025,02,NISSAN,10,Cáceres,Private,ICE,KKL,REST,Standard,2
2025,02,NISSAN,10,Cáceres,Private,ICE,SKL,REST,Standard,1
2025,02,NISSAN,10,Cáceres,Private,ICE,UKL1,REST,Standard,4
2025,02,NISSAN,10,Cáceres,Private,ICE,UKL2,REST,Standard,3
2025,02,OMODA,10,Cáceres,Private,ICE,UKL2,REST,Standard,4
2025,02,OPEL,10,Cáceres,Corporate,ICE,UKL1,REST,Standard,22
2025,02,OPEL,10,Cáceres,Corporate,ICE,UKL2,REST,Standard,2
2025,02,OPEL,10,Cáceres,Private,ICE,UKL1,REST,Standard,2
2025,02,PEUGEOT,10,Cáceres,Corporate,ICE,SKL,REST,Standard,8
2025,02,PEUGEOT,10,Cáceres,Corporate,ICE,UKL1,REST,Standard,1
2025,02,PEUGEOT,10,Cáceres,Corporate,ICE,UKL2,REST,Standard,2
2025,02,PEUGEOT,10,Cáceres,Private,ICE,KKL,REST,Standard,1
2025,02,PEUGEOT,10,Cáceres,Private,ICE,SKL,REST,Standard,1
2025,02,PEUGEOT,10,Cáceres,Private,ICE,UKL2,REST,Standard,4
2025,02,PORSCHE,10,Cáceres,Corporate,PHEV,GKL,FOCUS SEGMENT,Standard,1
2025,02,RENAULT,10,Cáceres,Corporate,ICE,UKL1,REST,Standard,1
2025,02,RENAULT,10,Cáceres,Corporate,ICE,UKL2,REST,Standard,2
2025,02,RENAULT,10,Cáceres,Private,BEV,UKL1,REST,Standard,1
2025,02,RENAULT,10,Cáceres,Private,ICE,UKL1,REST,Standard,6
2025,02,RENAULT,10,Cáceres,Private,ICE,UKL2,REST,Standard,2
2025,02,SEAT,10,Cáceres,Corporate,ICE,UKL1,REST,Standard,4
2025,02,SEAT,10,Cáceres,Corporate,ICE,UKL2,REST,Standard,4
2025,02,SEAT,10,Cáceres,Corporate,PHEV,UKL2,REST,Standard,1
2025,02,SEAT,10,Cáceres,Private,ICE,UKL1,REST,Standard,2
2025,02,SEAT,10,Cáceres,Private,ICE,UKL2,REST,Standard,3
2025,02,SKODA,10,Cáceres,Private,BEV,UKL2,REST,Standard,1
2025,02,SKODA,10,Cáceres,Private,ICE,UKL1,REST,Standard,2
2025,02,SKODA,10,Cáceres,Private,ICE,UKL2,REST,Standard,2
2025,02,SUZUKI,10,Cáceres,Private,ICE,UKL2,REST,Standard,1
2025,02,TESLA,10,Cáceres,Private,BEV,KKL,FOCUS SEGMENT,Standard,3
2025,02,TOYOTA,10,Cáceres,Corporate,ICE,UKL0,REST,Standard,1
2025,02,TOYOTA,10,Cáceres,Corporate,ICE,UKL1,REST,Standard,6
2025,02,TOYOTA,10,Cáceres,Corporate,ICE,UKL2,REST,Standard,3
2025,02,TOYOTA,10,Cáceres,Corporate,PHEV,UKL1,REST,Standard,3
2025,02,TOYOTA,10,Cáceres,Private,ICE,GKL,REST,Standard,1
2025,02,TOYOTA,10,Cáceres,Private,ICE,SKL,REST,Standard,1
2025,02,TOYOTA,10,Cáceres,Private,ICE,UKL0,REST,Standard,1
2025,02,TOYOTA,10,Cáceres,Private,ICE,UKL1,REST,Standard,12
2025,02,TOYOTA,10,Cáceres,Private,ICE,UKL2,REST,Standard,16
2025,02,TOYOTA,10,Cáceres,Private,PHEV,UKL1,REST,Standard,1
2025,02,TOYOTA,10,Cáceres,Private,PHEV,UKL2,REST,Standard,1
2025,02,VOLKSWAGEN,10,Cáceres,Corporate,ICE,UKL2,REST,Standard,1
2025,02,VOLKSWAGEN,10,Cáceres,Corporate,PHEV,UKL2,REST,Standard,1
2025,02,VOLKSWAGEN,10,Cáceres,Private,ICE,UKL1,REST,Standard,8
2025,02,VOLKSWAGEN,10,Cáceres,Private,ICE,UKL2,REST,Standard,9
2025,02,VOLVO,10,Cáceres,Corporate,ICE,UKL2,FOCUS SEGMENT,Standard,2
2025,02,VOLVO,10,Cáceres,Private,ICE,UKL2,FOCUS SEGMENT,Standard,1
2025,02,AUDI,11,Cádiz,Corporate,ICE,KKL,FOCUS SEGMENT,Standard,4
2025,02,AUDI,11,Cádiz,Corporate,ICE,UKL1,FOCUS SEGMENT,Standard,1
2025,02,AUDI,11,Cádiz,Corporate,ICE,UKL2,FOCUS SEGMENT,Standard,5
2025,02,AUDI,11,Cádiz,Private,ICE,KKL,FOCUS SEGMENT,Standard,4
2025,02,AUDI,11,Cádiz,Private,ICE,UKL1,FOCUS SEGMENT,Standard,7
2025,02,AUDI,11,Cádiz,Private,ICE,UKL2,FOCUS SEGMENT,M Performance,1
2025,02,AUDI,11,Cádiz,Private,ICE,UKL2,FOCUS SEGMENT,Standard,19
2025,02,BMW,11,Cádiz,Corporate,BEV,UKL2,FOCUS SEGMENT,Standard,2
2025,02,BMW,11,Cádiz,Corporate,ICE,KKL,FOCUS SEGMENT,M,1
2025,02,BMW,11,Cádiz,Corporate,ICE,UKL2,FOCUS SEGMENT,M,1
2025,02,BMW,11,Cádiz,Private,ICE,UKL2,FOCUS SEGMENT,Standard,18
2025,02,BYD,11,Cádiz,Corporate,BEV,KKL,REST,Standard,1
2025,02,BYD,11,Cádiz,Private,BEV,KKL,REST,Standard,4
2025,02,BYD,11,Cádiz,Private,BEV,UKL1,REST,Standard,1
2025,02,BYD,11,Cádiz,Private,PHEV,KKL,REST,Standard,5
2025,02,CHEVROLET,11,Cádiz,Corporate,ICE,,REST,Standard,1
2025,02,CITROEN,11,Cádiz,Corporate,BEV,UKL1,REST,Standard,1
2025,02,CITROEN,11,Cádiz,Corporate,ICE,UKL1,REST,Standard,1
2025,02,CITROEN,11,Cádiz,Corporate,ICE,UKL2,REST,Standard,3
2025,02,CITROEN,11,Cádiz,Private,ICE,SKL,REST,Standard,2
2025,02,CITROEN,11,Cádiz,Private,ICE,UKL1,REST,Standard,12
2025,02,CITROEN,11,Cádiz,Private,ICE,UKL2,REST,Standard,16
2025,02,CITROEN,11,Cádiz,RAC,ICE,UKL1,REST,Standard,3
2025,02,CUPRA,11,Cádiz,Corporate,ICE,UKL2,REST,Standard,8
2025,02,CUPRA,11,Cádiz,Corporate,PHEV,UKL2,REST,Standard,2
2025,02,CUPRA,11,Cádiz,Private,BEV,UKL2,REST,Standard,1
2025,02,CUPRA,11,Cádiz,Private,ICE,UKL2,REST,Standard,5
2025,02,DACIA,11,Cádiz,Corporate,ICE,SKL,REST,Standard,3
2025,02,DACIA,11,Cádiz,Corporate,ICE,UKL2,REST,Standard,2
2025,02,DACIA,11,Cádiz,Private,BEV,UKL0,REST,Standard,1
2025,02,DACIA,11,Cádiz,Private,ICE,SKL,REST,Standard,23
2025,02,DACIA,11,Cádiz,Private,ICE,UKL1,REST,Standard,52
2025,02,DACIA,11,Cádiz,Private,ICE,UKL2,REST,Standard,8
2025,02,DFSK,11,Cádiz,Private,ICE,,,Standard,1
2025,02,DFSK,11,Cádiz,Private,PHEV,KKL,REST,Standard,1
2025,02,EBRO,11,Cádiz,Private,ICE,KKL,REST,Standard,1
2025,02,EBRO,11,Cádiz,Private,ICE,UKL2,REST,Standard,9
2025,02,FIAT,11,Cádiz,Corporate,ICE,SKL,REST,Standard,3
2025,02,FIAT,11,Cádiz,Corporate,ICE,UKL2,REST,Standard,1
2025,02,FIAT,11,Cádiz,Private,ICE,SKL,REST,Standard,2
2025,02,FIAT,11,Cádiz,Private,ICE,UKL1,REST,Standard,2
2025,02,FORD,11,Cádiz,Corporate,BEV,UKL1,REST,Standard,1
2025,02,FORD,11,Cádiz,Corporate,ICE,,REST,Standard,1
2025,02,FORD,11,Cádiz,Corporate,ICE,MKL,REST,Standard,1
2025,02,FORD,11,Cádiz,Corporate,ICE,SKL,REST,Standard,1
2025,02,FORD,11,Cádiz,Corporate,ICE,UKL1,REST,Standard,1
2025,02,FORD,11,Cádiz,Corporate,ICE,UKL2,REST,Standard,5
2025,02,FORD,11,Cádiz,Corporate,PHEV,SKL,REST,Standard,1
2025,02,FORD,11,Cádiz,Private,ICE,SKL,REST,Standard,8
2025,02,FORD,11,Cádiz,Private,ICE,UKL1,REST,Standard,7
2025,02,FORD,11,Cádiz,Private,ICE,UKL2,REST,Standard,7
2025,02,FORD,11,Cádiz,Private,PHEV,SKL,REST,Standard,3
2025,02,FORD,11,Cádiz,Private,PHEV,UKL2,REST,Standard,3
2025,02,HONDA,11,Cádiz,Corporate,ICE,,REST,Standard,2
2025,02,HONDA,11,Cádiz,Corporate,ICE,UKL1,REST,Standard,5
2025,02,HONDA,11,Cádiz,Corporate,ICE,UKL2,REST,Standard,1
2025,02,HONDA,11,Cádiz,Private,ICE,KKL,REST,Standard,1
2025,02,HONDA,11,Cádiz,Private,ICE,UKL1,REST,Standard,4
2025,02,HONDA,11,Cádiz,Private,ICE,UKL2,REST,Standard,1
2025,02,HYUNDAI,11,Cádiz,Corporate,BEV,UKL2,REST,Standard,2
2025,02,HYUNDAI,11,Cádiz,Corporate,ICE,MKL,REST,Standard,1
2025,02,HYUNDAI,11,Cádiz,Corporate,ICE,UKL1,REST,Standard,1
2025,02,HYUNDAI,11,Cádiz,Corporate,ICE,UKL2,REST,Standard,4
2025,02,HYUNDAI,11,Cádiz,Private,BEV,UKL1,REST,Standard,2
2025,02,HYUNDAI,11,Cádiz,Private,BEV,UKL2,REST,Standard,1
2025,02,HYUNDAI,11,Cádiz,Private,ICE,UKL1,REST,Standard,22
2025,02,HYUNDAI,11,Cádiz,Private,ICE,UKL2,REST,Standard,31
2025,02,HYUNDAI,11,Cádiz,Private,PHEV,MKL,REST,Standard,1
2025,02,HYUNDAI,11,Cádiz,Private,PHEV,UKL2,REST,Standard,2
2025,02,JAECOO,11,Cádiz,Corporate,PHEV,UKL2,REST,Standard,7
2025,02,JAECOO,11,Cádiz,Private,ICE,UKL2,REST,Standard,3
2025,02,JAECOO,11,Cádiz,Private,PHEV,UKL2,REST,Standard,6
2025,02,JAGUAR,11,Cádiz,Corporate,ICE,KKL,FOCUS SEGMENT,Standard,1
2025,02,JAGUAR,11,Cádiz,Corporate,PHEV,KKL,FOCUS SEGMENT,Standard,2
2025,02,JEEP,11,Cádiz,Corporate,ICE,UKL1,REST,Standard,3
2025,02,JEEP,11,Cádiz,Corporate,ICE,UKL2,REST,Standard,2
2025,02,JEEP,11,Cádiz,Private,ICE,UKL1,REST,Standard,9
2025,02,JEEP,11,Cádiz,Private,ICE,UKL2,REST,Standard,3
2025,02,KG MOBILITY,11,Cádiz,Corporate,ICE,MKL,REST,Standard,1
2025,02,KG MOBILITY,11,Cádiz,Private,ICE,MKL,REST,Standard,1
2025,02,KG MOBILITY,11,Cádiz,Private,ICE,UKL1,REST,Standard,1
2025,02,KIA,11,Cádiz,Corporate,ICE,UKL1,REST,Standard,1
2025,02,KIA,11,Cádiz,Private,BEV,UKL1,REST,Standard,2
2025,02,KIA,11,Cádiz,Private,ICE,UKL0,REST,Standard,1
2025,02,KIA,11,Cádiz,Private,ICE,UKL1,REST,Standard,27
2025,02,KIA,11,Cádiz,Private,ICE,UKL2,REST,Standard,26
2025,02,LAND ROVER,11,Cádiz,Private,ICE,UKL2,FOCUS SEGMENT,Standard,1
2025,02,LEXUS,11,Cádiz,Corporate,PHEV,KKL,FOCUS SEGMENT,Standard,1
2025,02,LEXUS,11,Cádiz,Private,ICE,KKL,FOCUS SEGMENT,Standard,2
2025,02,LEXUS,11,Cádiz,Private,ICE,MKL,FOCUS SEGMENT,Standard,1
2025,02,LEXUS,11,Cádiz,Private,ICE,UKL1,FOCUS SEGMENT,Standard,2
2025,02,LEXUS,11,Cádiz,Private,ICE,UKL2,FOCUS SEGMENT,Standard,1
2025,02,LEXUS,11,Cádiz,Private,PHEV,KKL,FOCUS SEGMENT,Standard,4
2025,02,MAZDA,11,Cádiz,Corporate,ICE,,REST,Standard,1
2025,02,MAZDA,11,Cádiz,Corporate,ICE,KKL,REST,Standard,1
2025,02,MAZDA,11,Cádiz,Corporate,ICE,UKL2,REST,Standard,3
2025,02,MAZDA,11,Cádiz,Private,ICE,KKL,REST,Standard,2
2025,02,MAZDA,11,Cádiz,Private,ICE,UKL1,REST,Standard,5
2025,02,MAZDA,11,Cádiz,Private,ICE,UKL2,REST,Standard,21
2025,02,MERCEDES,11,Cádiz,Corporate,BEV,UKL2,FOCUS SEGMENT,Standard,2
2025,02,MERCEDES,11,Cádiz,Corporate,ICE,KKL,FOCUS SEGMENT,Standard,10
2025,02,MERCEDES,11,Cádiz,Corporate,ICE,MKL,FOCUS SEGMENT,Standard,2
2025,02,MERCEDES,11,Cádiz,Corporate,ICE,MKL,REST,Standard,1
2025,02,MERCEDES,11,Cádiz,Corporate,ICE,SKL,REST,Standard,2
2025,02,MERCEDES,11,Cádiz,Corporate,ICE,UKL2,FOCUS SEGMENT,Standard,11
2025,02,MERCEDES,11,Cádiz,Corporate,PHEV,KKL,FOCUS SEGMENT,Standard,3
2025,02,MERCEDES,11,Cádiz,Corporate,PHEV,MKL,FOCUS SEGMENT,Standard,2
2025,02,MERCEDES,11,Cádiz,Corporate,PHEV,UKL2,FOCUS SEGMENT,Standard,1
2025,02,MERCEDES,11,Cádiz,Private,BEV,GKL,FOCUS SEGMENT,Standard,1
2025,02,MERCEDES,11,Cádiz,Private,BEV,MKL,FOCUS SEGMENT,Standard,2
2025,02,MERCEDES,11,Cádiz,Private,ICE,KKL,FOCUS SEGMENT,Standard,2
2025,02,MERCEDES,11,Cádiz,Private,ICE,MKL,FOCUS SEGMENT,Standard,1
2025,02,MERCEDES,11,Cádiz,Private,ICE,MKL,REST,Standard,1
2025,02,MERCEDES,11,Cádiz,Private,ICE,SKL,REST,Standard,1
2025,02,MERCEDES,11,Cádiz,Private,ICE,UKL2,FOCUS SEGMENT,M Performance,1
2025,02,MERCEDES,11,Cádiz,Private,ICE,UKL2,FOCUS SEGMENT,Standard,7
2025,02,MERCEDES,11,Cádiz,Private,PHEV,KKL,FOCUS SEGMENT,Standard,3
2025,02,MERCEDES,11,Cádiz,Private,PHEV,MKL,FOCUS SEGMENT,M Performance,1
2025,02,MERCEDES,11,Cádiz,Private,PHEV,MKL,FOCUS SEGMENT,Standard,2
2025,02,MG,11,Cádiz,Corporate,ICE,KKL,REST,Standard,1
2025,02,MG,11,Cádiz,Corporate,ICE,UKL1,REST,Standard,9
2025,02,MG,11,Cádiz,Corporate,PHEV,KKL,REST,Standard,1
2025,02,MG,11,Cádiz,Private,ICE,KKL,REST,Standard,6
2025,02,MG,11,Cádiz,Private,ICE,UKL1,REST,Standard,70
2025,02,MG,11,Cádiz,Private,PHEV,KKL,REST,Standard,1
2025,02,MINI,11,Cádiz,Corporate,BEV,UKL1,FOCUS SEGMENT,Standard,2
2025,02,MINI,11,Cádiz,Private,BEV,UKL1,FOCUS SEGMENT,Standard,3
2025,02,MINI,11,Cádiz,Private,ICE,UKL1,FOCUS SEGMENT,Standard,5
2025,02,MINI,11,Cádiz,Private,ICE,UKL2,FOCUS SEGMENT,Standard,2
2025,02,MITSUBISHI,11,Cádiz,Corporate,ICE,UKL1,REST,Standard,1
2025,02,MITSUBISHI,11,Cádiz,Corporate,PHEV,UKL2,REST,Standard,1
2025,02,MITSUBISHI,11,Cádiz,Private,ICE,UKL1,REST,Standard,1
2025,02,MITSUBISHI,11,Cádiz,Private,ICE,UKL2,REST,Standard,4
2025,02,NISSAN,11,Cádiz,Corporate,ICE,,REST,Standard,1
2025,02,NISSAN,11,Cádiz,Corporate,ICE,KKL,REST,Standard,2
2025,02,NISSAN,11,Cádiz,Corporate,ICE,UKL1,REST,Standard,11
2025,02,NISSAN,11,Cádiz,Corporate,ICE,UKL2,REST,Standard,3
2025,02,NISSAN,11,Cádiz,Private,ICE,KKL,REST,Standard,4
2025,02,NISSAN,11,Cádiz,Private,ICE,SKL,REST,Standard,2
2025,02,NISSAN,11,Cádiz,Private,ICE,UKL1,REST,Standard,18
2025,02,NISSAN,11,Cádiz,Private,ICE,UKL2,REST,Standard,12
2025,02,OMODA,11,Cádiz,Corporate,ICE,UKL2,REST,Standard,2
2025,02,OMODA,11,Cádiz,Private,ICE,UKL2,REST,Standard,16
2025,02,OPEL,11,Cádiz,Private,ICE,SKL,REST,Standard,1
2025,02,OPEL,11,Cádiz,Private,ICE,UKL1,REST,Standard,7
2025,02,OPEL,11,Cádiz,Private,ICE,UKL2,REST,Standard,3
2025,02,PEUGEOT,11,Cádiz,Corporate,ICE,KKL,REST,Standard,1
2025,02,PEUGEOT,11,Cádiz,Corporate,ICE,SKL,REST,Standard,1
2025,02,PEUGEOT,11,Cádiz,Corporate,ICE,UKL1,REST,Standard,2
2025,02,PEUGEOT,11,Cádiz,Private,BEV,UKL1,REST,Standard,1
2025,02,PEUGEOT,11,Cádiz,Private,ICE,KKL,REST,Standard,4
2025,02,PEUGEOT,11,Cádiz,Private,ICE,SKL,REST,Standard,10
2025,02,PEUGEOT,11,Cádiz,Private,ICE,UKL1,REST,Standard,19
2025,02,PEUGEOT,11,Cádiz,Private,ICE,UKL2,REST,Standard,7
2025,02,PEUGEOT,11,Cádiz,Private,PHEV,UKL2,REST,Standard,1
2025,02,PORSCHE,11,Cádiz,Corporate,ICE,GKL,FOCUS SEGMENT,M,1
2025,02,PORSCHE,11,Cádiz,Private,ICE,GKL,FOCUS SEGMENT,M Performance,1
2025,02,PORSCHE,11,Cádiz,Private,PHEV,GKL,FOCUS SEGMENT,Standard,1
2025,02,RENAULT,11,Cádiz,Corporate,BEV,UKL2,REST,Standard,1
2025,02,RENAULT,11,Cádiz,Corporate,ICE,UKL1,REST,Standard,7
2025,02,RENAULT,11,Cádiz,Corporate,ICE,UKL2,REST,Standard,5
2025,02,RENAULT,11,Cádiz,Private,BEV,UKL1,REST,Standard,2
2025,02,RENAULT,11,Cádiz,Private,ICE,KKL,REST,Standard,1
2025,02,RENAULT,11,Cádiz,Private,ICE,SKL,REST,Standard,2
2025,02,RENAULT,11,Cádiz,Private,ICE,UKL1,REST,Standard,47
2025,02,RENAULT,11,Cádiz,Private,ICE,UKL2,REST,Standard,22
2025,02,RENAULT,11,Cádiz,Private,PHEV,UKL2,REST,Standard,2
2025,02,SAMSUNG,11,Cádiz,Corporate,ICE,,REST,Standard,1
2025,02,SEAT,11,Cádiz,Corporate,ICE,UKL1,REST,Standard,20
2025,02,SEAT,11,Cádiz,Corporate,ICE,UKL2,REST,Standard,7
2025,02,SEAT,11,Cádiz,Private,ICE,UKL1,REST,Standard,28
2025,02,SEAT,11,Cádiz,Private,ICE,UKL2,REST,Standard,30
2025,02,SEAT,11,Cádiz,RAC,ICE,UKL1,REST,Standard,2
2025,02,SHINERAY,11,Cádiz,Private,ICE,MKL,REST,Standard,1
2025,02,SKODA,11,Cádiz,Corporate,BEV,UKL2,REST,Standard,1
2025,02,SKODA,11,Cádiz,Corporate,ICE,KKL,REST,Standard,1
2025,02,SKODA,11,Cádiz,Corporate,ICE,UKL1,REST,Standard,1
2025,02,SKODA,11,Cádiz,Corporate,ICE,UKL2,REST,Standard,4
2025,02,SKODA,11,Cádiz,Private,BEV,UKL2,REST,Standard,1
2025,02,SKODA,11,Cádiz,Private,ICE,KKL,REST,Standard,2
2025,02,SKODA,11,Cádiz,Private,ICE,UKL1,REST,Standard,32
2025,02,SKODA,11,Cádiz,Private,ICE,UKL2,REST,Standard,18
2025,02,SUBARU,11,Cádiz,Private,ICE,KKL,REST,Standard,3
2025,02,SUZUKI,11,Cádiz,Corporate,ICE,UKL1,REST,Standard,1
2025,02,SUZUKI,11,Cádiz,Private,ICE,UKL1,REST,Standard,4
2025,02,SUZUKI,11,Cádiz,Private,ICE,UKL2,REST,Standard,5
2025,02,TESLA,11,Cádiz,Corporate,BEV,KKL,FOCUS SEGMENT,Standard,6
2025,02,TESLA,11,Cádiz,Private,BEV,KKL,FOCUS SEGMENT,Standard,7
2025,02,TOYOTA,11,Cádiz,Corporate,BEV,UKL2,REST,Standard,3
2025,02,TOYOTA,11,Cádiz,Corporate,ICE,,REST,Standard,3
2025,02,TOYOTA,11,Cádiz,Corporate,ICE,GKL,REST,Standard,2
2025,02,TOYOTA,11,Cádiz,Corporate,ICE,KKL,REST,Standard,2
2025,02,TOYOTA,11,Cádiz,Corporate,ICE,SKL,REST,Standard,1
2025,02,TOYOTA,11,Cádiz,Corporate,ICE,UKL1,REST,Standard,9
2025,02,TOYOTA,11,Cádiz,Corporate,ICE,UKL2,REST,Standard,8
2025,02,TOYOTA,11,Cádiz,Corporate,PHEV,UKL1,REST,Standard,7
2025,02,TOYOTA,11,Cádiz,Corporate,PHEV,UKL2,REST,Standard,1
2025,02,TOYOTA,11,Cádiz,Private,BEV,UKL2,REST,Standard,3
2025,02,TOYOTA,11,Cádiz,Private,ICE,GKL,REST,Standard,2
2025,02,TOYOTA,11,Cádiz,Private,ICE,UKL1,REST,Standard,61
2025,02,TOYOTA,11,Cádiz,Private,ICE,UKL2,REST,Standard,51
2025,02,TOYOTA,11,Cádiz,Private,PHEV,UKL1,REST,Standard,9
2025,02,TOYOTA,11,Cádiz,Private,PHEV,UKL2,REST,Standard,3
2025,02,TOYOTA,11,Cádiz,RAC,ICE,GKL,REST,Standard,1
2025,02,VOLKSWAGEN,11,Cádiz,Corporate,BEV,SKL,REST,Standard,1
2025,02,VOLKSWAGEN,11,Cádiz,Corporate,ICE,UKL1,REST,Standard,4
2025,02,VOLKSWAGEN,11,Cádiz,Corporate,ICE,UKL2,REST,Standard,8
2025,02,VOLKSWAGEN,11,Cádiz,Private,ICE,SKL,REST,Standard,2
2025,02,VOLKSWAGEN,11,Cádiz,Private,ICE,UKL1,REST,Standard,54
2025,02,VOLKSWAGEN,11,Cádiz,Private,ICE,UKL2,REST,Standard,37
2025,02,VOLVO,11,Cádiz,Corporate,BEV,MKL,FOCUS SEGMENT,Standard,1
2025,02,VOLVO,11,Cádiz,Corporate,ICE,KKL,FOCUS SEGMENT,Standard,1
2025,02,VOLVO,11,Cádiz,Corporate,ICE,UKL2,FOCUS SEGMENT,Standard,1
2025,02,VOLVO,11,Cádiz,Private,BEV,UKL1,FOCUS SEGMENT,Standard,1
2025,02,VOLVO,11,Cádiz,Private,ICE,KKL,FOCUS SEGMENT,Standard,2
2025,02,VOLVO,11,Cádiz,Private,ICE,UKL2,FOCUS SEGMENT,Standard,5
2025,02,ALFA ROMEO,12,Castellón,Corporate,PHEV,UKL2,REST,Standard,1
2025,02,ALFA ROMEO,12,Castellón,Private,ICE,UKL1,REST,Standard,1
2025,02,AUDI,12,Castellón,Corporate,ICE,KKL,FOCUS SEGMENT,Standard,2
2025,02,AUDI,12,Castellón,Corporate,ICE,MKL,FOCUS SEGMENT,Standard,1
2025,02,AUDI,12,Castellón,Corporate,ICE,UKL1,FOCUS SEGMENT,Standard,2
2025,02,AUDI,12,Castellón,Corporate,ICE,UKL2,FOCUS SEGMENT,Standard,2
2025,02,AUDI,12,Castellón,Corporate,PHEV,MKL,FOCUS SEGMENT,Standard,1
2025,02,AUDI,12,Castellón,Private,ICE,KKL,FOCUS SEGMENT,Standard,1
2025,02,AUDI,12,Castellón,Private,ICE,UKL1,FOCUS SEGMENT,Standard,2
2025,02,AUDI,12,Castellón,Private,ICE,UKL2,FOCUS SEGMENT,Standard,3
2025,02,BMW,12,Castellón,Corporate,BEV,UKL2,FOCUS SEGMENT,Standard,1
2025,02,BMW,12,Castellón,Corporate,ICE,KKL,FOCUS SEGMENT,Standard,1
2025,02,BMW,12,Castellón,Corporate,ICE,MKL,FOCUS SEGMENT,Standard,1
2025,02,BMW,12,Castellón,Corporate,ICE,UKL2,FOCUS SEGMENT,M,1
2025,02,BMW,12,Castellón,Corporate,ICE,UKL2,FOCUS SEGMENT,Standard,5
2025,02,BMW,12,Castellón,Corporate,PHEV,KKL,FOCUS SEGMENT,Standard,1
2025,02,BMW,12,Castellón,Private,BEV,UKL2,FOCUS SEGMENT,Standard,1
2025,02,BMW,12,Castellón,Private,ICE,KKL,FOCUS SEGMENT,Standard,2
2025,02,BMW,12,Castellón,Private,ICE,UKL2,FOCUS SEGMENT,Standard,3
2025,02,BYD,12,Castellón,Private,BEV,UKL1,REST,Standard,3
2025,02,BYD,12,Castellón,Private,PHEV,KKL,REST,Standard,2
2025,02,CITROEN,12,Castellón,Corporate,ICE,UKL1,REST,Standard,28
2025,02,CITROEN,12,Castellón,Corporate,ICE,UKL2,REST,Standard,5
2025,02,CITROEN,12,Castellón,Private,BEV,UKL2,REST,Standard,4
2025,02,CITROEN,12,Castellón,Private,ICE,SKL,REST,Standard,1
2025,02,CITROEN,12,Castellón,Private,ICE,UKL1,REST,Standard,10
2025,02,CITROEN,12,Castellón,Private,ICE,UKL2,REST,Standard,7
2025,02,CUPRA,12,Castellón,Corporate,ICE,UKL2,REST,Standard,3
2025,02,CUPRA,12,Castellón,Corporate,PHEV,UKL2,REST,Standard,2
2025,02,CUPRA,12,Castellón,Private,ICE,UKL2,REST,Standard,4
2025,02,CUPRA,12,Castellón,Private,PHEV,UKL2,REST,Standard,2
2025,02,DACIA,12,Castellón,Corporate,BEV,UKL0,REST,Standard,6
2025,02,DACIA,12,Castellón,Corporate,ICE,SKL,REST,Standard,3
2025,02,DACIA,12,Castellón,Corporate,ICE,UKL2,REST,Standard,1
2025,02,DACIA,12,Castellón,Private,BEV,UKL0,REST,Standard,2
2025,02,DACIA,12,Castellón,Private,ICE,SKL,REST,Standard,13
2025,02,DACIA,12,Castellón,Private,ICE,UKL1,REST,Standard,20
2025,02,DACIA,12,Castellón,Private,ICE,UKL2,REST,Standard,3
2025,02,DR,12,Castellón,Private,ICE,UKL1,REST,Standard,1
2025,02,EBRO,12,Castellón,Corporate,ICE,KKL,REST,Standard,1
2025,02,EBRO,12,Castellón,Corporate,ICE,UKL2,REST,Standard,3
2025,02,EBRO,12,Castellón,Private,ICE,UKL2,REST,Standard,4
2025,02,EVO,12,Castellón,Corporate,ICE,UKL2,REST,Standard,1
2025,02,EVO,12,Castellón,Private,ICE,UKL2,REST,Standard,1
2025,02,FORD,12,Castellón,Corporate,ICE,UKL1,REST,Standard,1
2025,02,FORD,12,Castellón,Private,ICE,SKL,REST,Standard,2
2025,02,FORD,12,Castellón,Private,ICE,UKL1,REST,Standard,2
2025,02,FORD,12,Castellón,Private,ICE,UKL2,REST,Standard,3
2025,02,FORD,12,Castellón,Private,PHEV,UKL2,REST,Standard,2
2025,02,HONDA,12,Castellón,Corporate,ICE,UKL1,REST,Standard,1
2025,02,HONDA,12,Castellón,Private,ICE,KKL,REST,Standard,1
2025,02,HONDA,12,Castellón,Private,ICE,UKL1,REST,Standard,1
2025,02,HYUNDAI,12,Castellón,Corporate,BEV,UKL2,REST,Standard,1
2025,02,HYUNDAI,12,Castellón,Corporate,ICE,MKL,REST,Standard,1
2025,02,HYUNDAI,12,Castellón,Corporate,ICE,UKL0,REST,Standard,1
2025,02,HYUNDAI,12,Castellón,Corporate,ICE,UKL1,REST,Standard,3
2025,02,HYUNDAI,12,Castellón,Corporate,ICE,UKL2,REST,Standard,4
2025,02,HYUNDAI,12,Castellón,Corporate,PHEV,UKL2,REST,Standard,1
2025,02,HYUNDAI,12,Castellón,Private,BEV,UKL1,REST,Standard,1
2025,02,HYUNDAI,12,Castellón,Private,BEV,UKL2,REST,Standard,2
2025,02,HYUNDAI,12,Castellón,Private,ICE,UKL1,REST,Standard,6
2025,02,HYUNDAI,12,Castellón,Private,ICE,UKL2,REST,Standard,3
2025,02,HYUNDAI,12,Castellón,RAC,ICE,UKL2,REST,Standard,7
2025,02,JAECOO,12,Castellón,Private,ICE,UKL2,REST,Standard,5
2025,02,JAECOO,12,Castellón,Private,PHEV,UKL2,REST,Standard,9
2025,02,JEEP,12,Castellón,Corporate,BEV,UKL1,REST,Standard,1
2025,02,JEEP,12,Castellón,Corporate,ICE,UKL1,REST,Standard,4
2025,02,JEEP,12,Castellón,Corporate,ICE,UKL2,REST,Standard,1
2025,02,JEEP,12,Castellón,Corporate,PHEV,UKL2,REST,Standard,1
2025,02,JEEP,12,Castellón,Private,ICE,UKL1,REST,Standard,2
2025,02,KG MOBILITY,12,Castellón,Private,ICE,MKL,REST,Standard,1
2025,02,KIA,12,Castellón,Corporate,ICE,UKL2,REST,Standard,1
2025,02,KIA,12,Castellón,Private,BEV,UKL1,REST,Standard,1
2025,02,KIA,12,Castellón,Private,ICE,KKL,REST,Standard,1
2025,02,KIA,12,Castellón,Private,ICE,UKL0,REST,Standard,2
2025,02,KIA,12,Castellón,Private,ICE,UKL1,REST,Standard,14
2025,02,KIA,12,Castellón,Private,ICE,UKL2,REST,Standard,19
2025,02,KIA,12,Castellón,RAC,ICE,UKL2,REST,Standard,3
2025,02,LAMBORGHINI,12,Castellón,Corporate,ICE,GKL+,FOCUS SEGMENT,Standard,1
2025,02,LEAPMOTOR,12,Castellón,Private,BEV,MKL,REST,Standard,1
2025,02,LEXUS,12,Castellón,Corporate,BEV,UKL2,FOCUS SEGMENT,Standard,1
2025,02,LEXUS,12,Castellón,Corporate,ICE,UKL1,FOCUS SEGMENT,Standard,2
2025,02,LEXUS,12,Castellón,Corporate,PHEV,MKL,FOCUS SEGMENT,Standard,1
2025,02,LEXUS,12,Castellón,Private,ICE,KKL,FOCUS SEGMENT,Standard,1
2025,02,LEXUS,12,Castellón,Private,ICE,UKL1,FOCUS SEGMENT,Standard,2
2025,02,LEXUS,12,Castellón,Private,ICE,UKL2,FOCUS SEGMENT,Standard,2
2025,02,MAZDA,12,Castellón,Corporate,ICE,KKL,REST,Standard,1
2025,02,MAZDA,12,Castellón,Corporate,ICE,UKL2,REST,Standard,2
2025,02,MAZDA,12,Castellón,Private,ICE,KKL,REST,Standard,1
2025,02,MAZDA,12,Castellón,Private,ICE,UKL1,REST,Standard,2
2025,02,MAZDA,12,Castellón,Private,ICE,UKL2,REST,Standard,17
2025,02,MERCEDES,12,Castellón,Corporate,BEV,UKL2,FOCUS SEGMENT,Standard,3
2025,02,MERCEDES,12,Castellón,Corporate,ICE,KKL,FOCUS SEGMENT,Standard,3
2025,02,MERCEDES,12,Castellón,Corporate,ICE,MKL,FOCUS SEGMENT,Standard,3
2025,02,MERCEDES,12,Castellón,Corporate,ICE,SKL,REST,Standard,1
2025,02,MERCEDES,12,Castellón,Corporate,ICE,UKL2,FOCUS SEGMENT,Standard,3
2025,02,MERCEDES,12,Castellón,Corporate,PHEV,KKL,FOCUS SEGMENT,Standard,2
2025,02,MERCEDES,12,Castellón,Corporate,PHEV,MKL,FOCUS SEGMENT,M Performance,1
2025,02,MERCEDES,12,Castellón,Corporate,PHEV,MKL,FOCUS SEGMENT,Standard,2
2025,02,MERCEDES,12,Castellón,Corporate,PHEV,UKL2,FOCUS SEGMENT,Standard,1
2025,02,MERCEDES,12,Castellón,Private,BEV,UKL2,FOCUS SEGMENT,Standard,3
2025,02,MERCEDES,12,Castellón,Private,ICE,MKL,REST,Standard,1
2025,02,MERCEDES,12,Castellón,Private,ICE,UKL2,FOCUS SEGMENT,Standard,1
2025,02,MERCEDES,12,Castellón,Private,PHEV,KKL,FOCUS SEGMENT,Standard,1
2025,02,MERCEDES,12,Castellón,RAC,ICE,UKL2,FOCUS SEGMENT,Standard,3
2025,02,MG,12,Castellón,Corporate,ICE,UKL1,REST,Standard,3
2025,02,MG,12,Castellón,Private,ICE,KKL,REST,Standard,3
2025,02,MG,12,Castellón,Private,ICE,UKL1,REST,Standard,37
2025,02,MG,12,Castellón,Private,PHEV,KKL,REST,Standard,6
2025,02,MINI,12,Castellón,Corporate,ICE,UKL2,FOCUS SEGMENT,Standard,1
2025,02,MINI,12,Castellón,Private,BEV,UKL1,FOCUS SEGMENT,Standard,1
2025,02,MINI,12,Castellón,Private,ICE,UKL1,FOCUS SEGMENT,JCW,1
2025,02,MINI,12,Castellón,Private,ICE,UKL1,FOCUS SEGMENT,Standard,3
2025,02,MINI,12,Castellón,Private,ICE,UKL2,FOCUS SEGMENT,Standard,1
2025,02,MITSUBISHI,12,Castellón,Private,ICE,UKL1,REST,Standard,2
2025,02,MITSUBISHI,12,Castellón,Private,ICE,UKL2,REST,Standard,2
2025,02,NISSAN,12,Castellón,Corporate,ICE,UKL2,REST,Standard,3
2025,02,NISSAN,12,Castellón,Private,ICE,KKL,REST,Standard,2
2025,02,NISSAN,12,Castellón,Private,ICE,SKL,REST,Standard,1
2025,02,NISSAN,12,Castellón,Private,ICE,UKL1,REST,Standard,3
2025,02,NISSAN,12,Castellón,Private,ICE,UKL2,REST,Standard,8
2025,02,OMODA,12,Castellón,Corporate,ICE,UKL2,REST,Standard,6
2025,02,OMODA,12,Castellón,Private,ICE,UKL2,REST,Standard,17
2025,02,OMODA,12,Castellón,RAC,ICE,UKL2,REST,Standard,1
2025,02,OPEL,12,Castellón,Private,ICE,UKL1,REST,Standard,1
2025,02,PEUGEOT,12,Castellón,Corporate,BEV,UKL1,REST,Standard,5
2025,02,PEUGEOT,12,Castellón,Corporate,ICE,SKL,REST,Standard,4
2025,02,PEUGEOT,12,Castellón,Corporate,ICE,UKL1,REST,Standard,6
2025,02,PEUGEOT,12,Castellón,Corporate,ICE,UKL2,REST,Standard,25
2025,02,PEUGEOT,12,Castellón,Private,ICE,SKL,REST,Standard,1
2025,02,PEUGEOT,12,Castellón,Private,ICE,UKL1,REST,Standard,13
2025,02,PEUGEOT,12,Castellón,Private,ICE,UKL2,REST,Standard,2
2025,02,PEUGEOT,12,Castellón,Private,PHEV,UKL2,REST,Standard,1
2025,02,PORSCHE,12,Castellón,Private,BEV,KKL,FOCUS SEGMENT,Standard,1
2025,02,RENAULT,12,Castellón,Corporate,ICE,UKL1,REST,Standard,14
2025,02,RENAULT,12,Castellón,Corporate,ICE,UKL2,REST,Standard,1
2025,02,RENAULT,12,Castellón,Private,BEV,UKL1,REST,Standard,1
2025,02,RENAULT,12,Castellón,Private,ICE,SKL,REST,Standard,1
2025,02,RENAULT,12,Castellón,Private,ICE,UKL1,REST,Standard,6
2025,02,RENAULT,12,Castellón,Private,ICE,UKL2,REST,Standard,9
2025,02,SEAT,12,Castellón,Corporate,ICE,UKL1,REST,Standard,2
2025,02,SEAT,12,Castellón,Corporate,ICE,UKL2,REST,Standard,2
2025,02,SEAT,12,Castellón,Corporate,PHEV,UKL2,REST,Standard,1
2025,02,SEAT,12,Castellón,Private,ICE,UKL1,REST,Standard,11
2025,02,SEAT,12,Castellón,Private,ICE,UKL2,REST,Standard,11
2025,02,SKODA,12,Castellón,Corporate,BEV,UKL2,REST,Standard,1
2025,02,SKODA,12,Castellón,Corporate,ICE,UKL1,REST,Standard,1
2025,02,SKODA,12,Castellón,Corporate,ICE,UKL2,REST,Standard,1
2025,02,SKODA,12,Castellón,Private,ICE,KKL,REST,Standard,2
2025,02,SKODA,12,Castellón,Private,ICE,UKL1,REST,Standard,4
2025,02,SKODA,12,Castellón,Private,ICE,UKL2,REST,Standard,3
2025,02,SKODA,12,Castellón,RAC,ICE,UKL1,REST,Standard,7
2025,02,SUZUKI,12,Castellón,Private,ICE,UKL1,REST,Standard,4
2025,02,SUZUKI,12,Castellón,Private,ICE,UKL2,REST,Standard,1
2025,02,TESLA,12,Castellón,Private,BEV,KKL,FOCUS SEGMENT,Standard,11
2025,02,TOYOTA,12,Castellón,Corporate,BEV,UKL2,REST,Standard,1
2025,02,TOYOTA,12,Castellón,Corporate,ICE,UKL0,REST,Standard,1
2025,02,TOYOTA,12,Castellón,Corporate,ICE,UKL1,REST,Standard,8
2025,02,TOYOTA,12,Castellón,Corporate,ICE,UKL2,REST,Standard,3
2025,02,TOYOTA,12,Castellón,Corporate,PHEV,UKL1,REST,Standard,3
2025,02,TOYOTA,12,Castellón,Corporate,PHEV,UKL2,REST,Standard,1
2025,02,TOYOTA,12,Castellón,Private,BEV,UKL2,REST,Standard,2
2025,02,TOYOTA,12,Castellón,Private,ICE,SKL,REST,Standard,2
2025,02,TOYOTA,12,Castellón,Private,ICE,UKL0,REST,Standard,2
2025,02,TOYOTA,12,Castellón,Private,ICE,UKL1,REST,Standard,33
2025,02,TOYOTA,12,Castellón,Private,ICE,UKL2,REST,Standard,19
2025,02,TOYOTA,12,Castellón,Private,PHEV,UKL1,REST,Standard,4
2025,02,VOLKSWAGEN,12,Castellón,Corporate,BEV,MKL,REST,Standard,18
2025,02,VOLKSWAGEN,12,Castellón,Corporate,BEV,SKL,REST,Standard,9
2025,02,VOLKSWAGEN,12,Castellón,Corporate,ICE,UKL1,REST,Standard,28
2025,02,VOLKSWAGEN,12,Castellón,Corporate,ICE,UKL2,REST,Standard,3
2025,02,VOLKSWAGEN,12,Castellón,Corporate,PHEV,SKL,REST,Standard,1
2025,02,VOLKSWAGEN,12,Castellón,Private,BEV,UKL2,REST,Standard,1
2025,02,VOLKSWAGEN,12,Castellón,Private,ICE,SKL,REST,Standard,1
2025,02,VOLKSWAGEN,12,Castellón,Private,ICE,UKL1,REST,Standard,13
2025,02,VOLKSWAGEN,12,Castellón,Private,ICE,UKL2,REST,Standard,14
2025,02,VOLKSWAGEN,12,Castellón,Private,PHEV,UKL2,REST,Standard,1
2025,02,VOLVO,12,Castellón,Private,ICE,UKL2,FOCUS SEGMENT,Standard,1
2025,02,XPENG,12,Castellón,Private,BEV,KKL,FOCUS SEGMENT,Standard,1
2025,02,AUDI,13,Ciudad Real,Corporate,ICE,UKL2,FOCUS SEGMENT,Standard,3
2025,02,AUDI,13,Ciudad Real,Corporate,PHEV,MKL,FOCUS SEGMENT,Standard,3
2025,02,AUDI,13,Ciudad Real,Private,ICE,KKL,FOCUS SEGMENT,Standard,2
2025,02,AUDI,13,Ciudad Real,Private,ICE,UKL1,FOCUS SEGMENT,Standard,1
2025,02,AUDI,13,Ciudad Real,Private,ICE,UKL2,FOCUS SEGMENT,Standard,1
2025,02,BMW,13,Ciudad Real,Corporate,BEV,KKL,FOCUS SEGMENT,Standard,1
2025,02,BMW,13,Ciudad Real,Corporate,ICE,MKL,FOCUS SEGMENT,Standard,2
2025,02,BMW,13,Ciudad Real,Corporate,ICE,UKL2,FOCUS SEGMENT,Standard,2
2025,02,BMW,13,Ciudad Real,Private,ICE,KKL,FOCUS SEGMENT,Standard,2
2025,02,BMW,13,Ciudad Real,Private,ICE,MKL,FOCUS SEGMENT,Standard,1
2025,02,BMW,13,Ciudad Real,Private,ICE,UKL2,FOCUS SEGMENT,Standard,5
2025,02,BMW,13,Ciudad Real,Private,PHEV,UKL2,FOCUS SEGMENT,Standard,1
2025,02,BYD,13,Ciudad Real,Corporate,PHEV,KKL,REST,Standard,1
2025,02,BYD,13,Ciudad Real,Private,BEV,KKL,REST,Standard,1
2025,02,BYD,13,Ciudad Real,Private,PHEV,KKL,REST,Standard,1
2025,02,CITROEN,13,Ciudad Real,Corporate,BEV,UKL2,REST,Standard,1
2025,02,CITROEN,13,Ciudad Real,Corporate,ICE,UKL2,REST,Standard,2
2025,02,CITROEN,13,Ciudad Real,Private,BEV,UKL1,REST,Standard,2
2025,02,CITROEN,13,Ciudad Real,Private,ICE,UKL1,REST,Standard,8
2025,02,CITROEN,13,Ciudad Real,Private,ICE,UKL2,REST,Standard,6
2025,02,CUPRA,13,Ciudad Real,Corporate,ICE,UKL2,REST,Standard,4
2025,02,CUPRA,13,Ciudad Real,Private,ICE,UKL2,REST,Standard,3
2025,02,CUPRA,13,Ciudad Real,Private,PHEV,UKL2,REST,Standard,1
2025,02,DACIA,13,Ciudad Real,Private,ICE,SKL,REST,Standard,1
2025,02,DACIA,13,Ciudad Real,Private,ICE,UKL1,REST,Standard,9
2025,02,DACIA,13,Ciudad Real,Private,ICE,UKL2,REST,Standard,1
2025,02,DFSK,13,Ciudad Real,Private,ICE,,,Standard,2
2025,02,DR,13,Ciudad Real,Corporate,ICE,UKL1,REST,Standard,1
2025,02,EBRO,13,Ciudad Real,Private,ICE,UKL2,REST,Standard,1
2025,02,FIAT,13,Ciudad Real,Corporate,ICE,SKL,REST,Standard,2
2025,02,FIAT,13,Ciudad Real,Private,ICE,UKL2,REST,Standard,1
2025,02,FORD,13,Ciudad Real,Corporate,ICE,UKL2,REST,Standard,1
2025,02,FORD,13,Ciudad Real,Private,ICE,UKL1,REST,Standard,4
2025,02,FORD,13,Ciudad Real,Private,ICE,UKL2,REST,Standard,2
2025,02,FORD,13,Ciudad Real,Private,PHEV,UKL2,REST,Standard,1
2025,02,HONDA,13,Ciudad Real,Private,ICE,UKL1,REST,Standard,3
2025,02,HONDA,13,Ciudad Real,Private,ICE,UKL2,REST,Standard,6
2025,02,HYUNDAI,13,Ciudad Real,Corporate,BEV,UKL2,REST,Standard,1
2025,02,HYUNDAI,13,Ciudad Real,Corporate,ICE,UKL1,REST,Standard,1
2025,02,HYUNDAI,13,Ciudad Real,Corporate,PHEV,UKL2,REST,Standard,1
2025,02,HYUNDAI,13,Ciudad Real,Private,ICE,UKL1,REST,Standard,4
2025,02,HYUNDAI,13,Ciudad Real,Private,ICE,UKL2,REST,Standard,4
2025,02,JAECOO,13,Ciudad Real,Corporate,PHEV,UKL2,REST,Standard,1
2025,02,JAECOO,13,Ciudad Real,Private,ICE,UKL2,REST,Standard,3
2025,02,JAECOO,13,Ciudad Real,Private,PHEV,UKL2,REST,Standard,4
2025,02,JAGUAR,13,Ciudad Real,Corporate,ICE,MKL,FOCUS SEGMENT,Standard,1
2025,02,JAGUAR,13,Ciudad Real,Private,ICE,KKL,FOCUS SEGMENT,Standard,1
2025,02,JEEP,13,Ciudad Real,Private,ICE,UKL1,REST,Standard,4
2025,02,JEEP,13,Ciudad Real,Private,PHEV,UKL2,REST,Standard,1
2025,02,KG MOBILITY,13,Ciudad Real,Private,ICE,UKL1,REST,Standard,2
2025,02,KIA,13,Ciudad Real,Corporate,ICE,KKL,REST,Standard,2
2025,02,KIA,13,Ciudad Real,Corporate,ICE,UKL0,REST,Standard,1
2025,02,KIA,13,Ciudad Real,Corporate,ICE,UKL2,REST,Standard,2
2025,02,KIA,13,Ciudad Real,Private,BEV,UKL1,REST,Standard,1
2025,02,KIA,13,Ciudad Real,Private,ICE,UKL1,REST,Standard,3
2025,02,KIA,13,Ciudad Real,Private,ICE,UKL2,REST,Standard,18
2025,02,LAND ROVER,13,Ciudad Real,Private,ICE,MKL,FOCUS SEGMENT,Standard,1
2025,02,LIVAN,13,Ciudad Real,Private,ICE,UKL1,REST,Standard,3
2025,02,MAZDA,13,Ciudad Real,Corporate,ICE,KKL,REST,Standard,1
2025,02,MAZDA,13,Ciudad Real,Corporate,ICE,UKL2,REST,Standard,1
2025,02,MAZDA,13,Ciudad Real,Private,ICE,UKL1,REST,Standard,1
2025,02,MAZDA,13,Ciudad Real,Private,ICE,UKL2,REST,Standard,5
2025,02,MERCEDES,13,Ciudad Real,Corporate,ICE,KKL,FOCUS SEGMENT,Standard,1
2025,02,MERCEDES,13,Ciudad Real,Corporate,ICE,MKL,REST,Standard,1
2025,02,MERCEDES,13,Ciudad Real,Corporate,PHEV,KKL,FOCUS SEGMENT,Standard,1
2025,02,MERCEDES,13,Ciudad Real,Private,ICE,KKL,FOCUS SEGMENT,Standard,1
2025,02,MERCEDES,13,Ciudad Real,Private,ICE,MKL,REST,Standard,1
2025,02,MERCEDES,13,Ciudad Real,Private,ICE,UKL2,FOCUS SEGMENT,Standard,1
2025,02,MERCEDES,13,Ciudad Real,Private,PHEV,UKL2,FOCUS SEGMENT,Standard,1
2025,02,MG,13,Ciudad Real,Corporate,ICE,UKL1,REST,Standard,1
2025,02,MG,13,Ciudad Real,Private,ICE,KKL,REST,Standard,2
2025,02,MG,13,Ciudad Real,Private,ICE,UKL1,REST,Standard,17
2025,02,MG,13,Ciudad Real,Private,PHEV,KKL,REST,Standard,2
2025,02,MINI,13,Ciudad Real,Private,BEV,UKL1,FOCUS SEGMENT,Standard,1
2025,02,MINI,13,Ciudad Real,Private,ICE,UKL1,FOCUS SEGMENT,Standard,1
2025,02,MITSUBISHI,13,Ciudad Real,Corporate,ICE,UKL1,REST,Standard,1
2025,02,MITSUBISHI,13,Ciudad Real,Corporate,ICE,UKL2,REST,Standard,1
2025,02,NISSAN,13,Ciudad Real,Private,ICE,KKL,REST,Standard,2
2025,02,NISSAN,13,Ciudad Real,Private,ICE,UKL1,REST,Standard,1
2025,02,OMODA,13,Ciudad Real,Private,ICE,UKL2,REST,Standard,3
2025,02,PEUGEOT,13,Ciudad Real,Corporate,ICE,SKL,REST,Standard,1
2025,02,PEUGEOT,13,Ciudad Real,Corporate,ICE,UKL1,REST,Standard,1
2025,02,PEUGEOT,13,Ciudad Real,Private,ICE,SKL,REST,Standard,2
2025,02,PEUGEOT,13,Ciudad Real,Private,ICE,UKL1,REST,Standard,2
2025,02,PEUGEOT,13,Ciudad Real,Private,ICE,UKL2,REST,Standard,2
2025,02,POLESTAR,13,Ciudad Real,Private,BEV,KKL,FOCUS SEGMENT,Standard,1
2025,02,PORSCHE,13,Ciudad Real,Corporate,PHEV,MKL,FOCUS SEGMENT,Standard,1
2025,02,RENAULT,13,Ciudad Real,Corporate,BEV,UKL2,REST,Standard,2
2025,02,RENAULT,13,Ciudad Real,Corporate,ICE,UKL1,REST,Standard,1
2025,02,RENAULT,13,Ciudad Real,Corporate,ICE,UKL2,REST,Standard,1
2025,02,RENAULT,13,Ciudad Real,Private,ICE,UKL1,REST,Standard,3
2025,02,RENAULT,13,Ciudad Real,Private,ICE,UKL2,REST,Standard,3
2025,02,SEAT,13,Ciudad Real,Corporate,ICE,UKL1,REST,Standard,3
2025,02,SEAT,13,Ciudad Real,Corporate,ICE,UKL2,REST,Standard,6
2025,02,SEAT,13,Ciudad Real,Private,ICE,UKL1,REST,Standard,13
2025,02,SEAT,13,Ciudad Real,Private,ICE,UKL2,REST,Standard,10
2025,02,SKODA,13,Ciudad Real,Corporate,ICE,UKL2,REST,Standard,1
2025,02,SKODA,13,Ciudad Real,Private,ICE,UKL1,REST,Standard,3
2025,02,SKODA,13,Ciudad Real,Private,ICE,UKL2,REST,Standard,5
2025,02,SSANGYONG,13,Ciudad Real,Corporate,BEV,KKL,REST,Standard,1
2025,02,SUZUKI,13,Ciudad Real,Private,ICE,UKL1,REST,Standard,1
2025,02,TESLA,13,Ciudad Real,Corporate,BEV,KKL,FOCUS SEGMENT,Standard,1
2025,02,TESLA,13,Ciudad Real,Private,BEV,KKL,FOCUS SEGMENT,Standard,1
2025,02,TOYOTA,13,Ciudad Real,Corporate,ICE,UKL1,REST,Standard,3
2025,02,TOYOTA,13,Ciudad Real,Corporate,ICE,UKL2,REST,Standard,3
2025,02,TOYOTA,13,Ciudad Real,Corporate,PHEV,UKL1,REST,Standard,1
2025,02,TOYOTA,13,Ciudad Real,Private,ICE,GKL,REST,Standard,3
2025,02,TOYOTA,13,Ciudad Real,Private,ICE,UKL1,REST,Standard,19
2025,02,TOYOTA,13,Ciudad Real,Private,ICE,UKL2,REST,Standard,3
2025,02,TOYOTA,13,Ciudad Real,Private,PHEV,UKL1,REST,Standard,7
2025,02,TOYOTA,13,Ciudad Real,Private,PHEV,UKL2,REST,Standard,3
2025,02,VOLKSWAGEN,13,Ciudad Real,Corporate,ICE,UKL1,REST,Standard,1
2025,02,VOLKSWAGEN,13,Ciudad Real,Corporate,ICE,UKL2,REST,Standard,5
2025,02,VOLKSWAGEN,13,Ciudad Real,Private,ICE,SKL,REST,Standard,1
2025,02,VOLKSWAGEN,13,Ciudad Real,Private,ICE,UKL1,REST,Standard,11
2025,02,VOLKSWAGEN,13,Ciudad Real,Private,ICE,UKL2,REST,Standard,8
2025,02,VOLVO,13,Ciudad Real,Corporate,ICE,KKL,FOCUS SEGMENT,Standard,3
2025,02,VOLVO,13,Ciudad Real,Corporate,PHEV,MKL,FOCUS SEGMENT,Standard,2
2025,02,VOLVO,13,Ciudad Real,Private,ICE,KKL,FOCUS SEGMENT,Standard,1
2025,02,VOLVO,13,Ciudad Real,Private,ICE,UKL2,FOCUS SEGMENT,Standard,4
2025,02,AUDI,14,Córdoba,Corporate,ICE,KKL,FOCUS SEGMENT,Standard,1
2025,02,AUDI,14,Córdoba,Corporate,ICE,UKL1,FOCUS SEGMENT,Standard,2
2025,02,AUDI,14,Córdoba,Corporate,ICE,UKL2,FOCUS SEGMENT,Standard,4
2025,02,AUDI,14,Córdoba,Private,ICE,KKL,FOCUS SEGMENT,Standard,2
2025,02,AUDI,14,Córdoba,Private,ICE,UKL2,FOCUS SEGMENT,Standard,2
2025,02,BMW,14,Córdoba,Corporate,BEV,UKL2,FOCUS SEGMENT,Standard,1
2025,02,BMW,14,Córdoba,Corporate,ICE,KKL,FOCUS SEGMENT,M,2
2025,02,BMW,14,Córdoba,Corporate,ICE,KKL,FOCUS SEGMENT,Standard,2
2025,02,BMW,14,Córdoba,Corporate,ICE,MKL,FOCUS SEGMENT,Standard,1
2025,02,BMW,14,Córdoba,Corporate,ICE,UKL2,FOCUS SEGMENT,Standard,2
2025,02,BMW,14,Córdoba,Private,BEV,UKL2,FOCUS SEGMENT,Standard,1
2025,02,BMW,14,Córdoba,Private,ICE,KKL,FOCUS SEGMENT,Standard,1
2025,02,BMW,14,Córdoba,Private,ICE,UKL2,FOCUS SEGMENT,Standard,7
2025,02,BYD,14,Córdoba,Private,BEV,UKL1,REST,Standard,3
2025,02,BYD,14,Córdoba,Private,BEV,UKL2,REST,Standard,2
2025,02,CITROEN,14,Córdoba,Corporate,BEV,UKL2,REST,Standard,1
2025,02,CITROEN,14,Córdoba,Corporate,ICE,UKL1,REST,Standard,1
2025,02,CITROEN,14,Córdoba,Corporate,ICE,UKL2,REST,Standard,2
2025,02,CITROEN,14,Córdoba,Private,ICE,SKL,REST,Standard,1
2025,02,CITROEN,14,Córdoba,Private,ICE,UKL1,REST,Standard,11
2025,02,CITROEN,14,Córdoba,Private,ICE,UKL2,REST,Standard,6
2025,02,CUPRA,14,Córdoba,Private,ICE,UKL2,REST,Standard,5
2025,02,CUPRA,14,Córdoba,Private,PHEV,UKL2,REST,Standard,1
2025,02,DACIA,14,Córdoba,Corporate,BEV,UKL0,REST,Standard,1
2025,02,DACIA,14,Córdoba,Corporate,ICE,SKL,REST,Standard,1
2025,02,DACIA,14,Córdoba,Private,BEV,UKL0,REST,Standard,1
2025,02,DACIA,14,Córdoba,Private,ICE,SKL,REST,Standard,15
2025,02,DACIA,14,Córdoba,Private,ICE,UKL1,REST,Standard,19
2025,02,DACIA,14,Córdoba,Private,ICE,UKL2,REST,Standard,3
2025,02,EBRO,14,Córdoba,Private,ICE,KKL,REST,Standard,4
2025,02,EBRO,14,Córdoba,Private,ICE,UKL2,REST,Standard,3
2025,02,EVO,14,Córdoba,Private,ICE,UKL2,REST,Standard,1
2025,02,FIAT,14,Córdoba,Corporate,ICE,UKL2,REST,Standard,1
2025,02,FIAT,14,Córdoba,Private,ICE,UKL1,REST,Standard,1
2025,02,FORD,14,Córdoba,Corporate,ICE,UKL1,REST,Standard,1
2025,02,FORD,14,Córdoba,Corporate,ICE,UKL2,REST,Standard,2
2025,02,FORD,14,Córdoba,Corporate,PHEV,UKL2,REST,Standard,1
2025,02,FORD,14,Córdoba,Private,ICE,SKL,REST,Standard,2
2025,02,FORD,14,Córdoba,Private,ICE,UKL2,REST,Standard,14
2025,02,FORD,14,Córdoba,Private,PHEV,UKL2,REST,Standard,3
2025,02,HYUNDAI,14,Córdoba,Corporate,BEV,UKL2,REST,Standard,1
2025,02,HYUNDAI,14,Córdoba,Corporate,ICE,UKL1,REST,Standard,1
2025,02,HYUNDAI,14,Córdoba,Corporate,PHEV,MKL,REST,Standard,1
2025,02,HYUNDAI,14,Córdoba,Private,ICE,UKL1,REST,Standard,7
2025,02,HYUNDAI,14,Córdoba,Private,ICE,UKL2,REST,Standard,5
2025,02,HYUNDAI,14,Córdoba,Private,PHEV,MKL,REST,Standard,1
2025,02,JAECOO,14,Córdoba,Corporate,PHEV,UKL2,REST,Standard,2
2025,02,JAECOO,14,Córdoba,Private,ICE,UKL2,REST,Standard,4
2025,02,JAECOO,14,Córdoba,Private,PHEV,UKL2,REST,Standard,4
2025,02,JAGUAR,14,Córdoba,Corporate,ICE,KKL,FOCUS SEGMENT,Standard,1
2025,02,JEEP,14,Córdoba,Corporate,ICE,UKL1,REST,Standard,2
2025,02,JEEP,14,Córdoba,Private,ICE,UKL1,REST,Standard,1
2025,02,KG MOBILITY,14,Córdoba,Private,ICE,UKL1,REST,Standard,1
2025,02,KIA,14,Córdoba,Corporate,ICE,KKL,REST,Standard,2
2025,02,KIA,14,Córdoba,Corporate,ICE,UKL1,REST,Standard,2
2025,02,KIA,14,Córdoba,Corporate,ICE,UKL2,REST,Standard,3
2025,02,KIA,14,Córdoba,Private,BEV,UKL1,REST,Standard,2
2025,02,KIA,14,Córdoba,Private,ICE,UKL1,REST,Standard,6
2025,02,KIA,14,Córdoba,Private,ICE,UKL2,REST,Standard,19
2025,02,LAND ROVER,14,Córdoba,Corporate,ICE,MKL,FOCUS SEGMENT,Standard,2
2025,02,LEXUS,14,Córdoba,Corporate,PHEV,KKL,FOCUS SEGMENT,Standard,1
2025,02,LEXUS,14,Córdoba,Private,PHEV,KKL,FOCUS SEGMENT,Standard,2
2025,02,MAZDA,14,Córdoba,Corporate,ICE,KKL,REST,Standard,3
2025,02,MAZDA,14,Córdoba,Corporate,ICE,UKL2,REST,Standard,1
2025,02,MAZDA,14,Córdoba,Private,ICE,UKL1,REST,Standard,1
2025,02,MAZDA,14,Córdoba,Private,ICE,UKL2,REST,Standard,13
2025,02,MAZDA,14,Córdoba,Private,PHEV,KKL,REST,Standard,2
2025,02,MERCEDES,14,Córdoba,Corporate,BEV,UKL2,FOCUS SEGMENT,Standard,1
2025,02,MERCEDES,14,Córdoba,Corporate,ICE,KKL,FOCUS SEGMENT,Standard,2
2025,02,MERCEDES,14,Córdoba,Corporate,ICE,MKL,FOCUS SEGMENT,Standard,2
2025,02,MERCEDES,14,Córdoba,Corporate,ICE,UKL2,FOCUS SEGMENT,Standard,1
2025,02,MERCEDES,14,Córdoba,Private,BEV,MKL,FOCUS SEGMENT,Standard,1
2025,02,MERCEDES,14,Córdoba,Private,ICE,KKL,FOCUS SEGMENT,Standard,2
2025,02,MERCEDES,14,Córdoba,Private,ICE,MKL,FOCUS SEGMENT,Standard,4
2025,02,MERCEDES,14,Córdoba,Private,ICE,UKL2,FOCUS SEGMENT,Standard,6
2025,02,MG,14,Córdoba,Corporate,ICE,UKL1,REST,Standard,6
2025,02,MG,14,Córdoba,Private,BEV,UKL2,REST,Standard,1
2025,02,MG,14,Córdoba,Private,ICE,KKL,REST,Standard,1
2025,02,MG,14,Córdoba,Private,ICE,UKL1,REST,Standard,17
2025,02,MG,14,Córdoba,Private,PHEV,KKL,REST,Standard,2
2025,02,MINI,14,Córdoba,Corporate,BEV,UKL1,FOCUS SEGMENT,Standard,4
2025,02,MINI,14,Córdoba,Corporate,ICE,UKL1,FOCUS SEGMENT,Standard,1
2025,02,MINI,14,Córdoba,Private,BEV,UKL1,FOCUS SEGMENT,Standard,1
2025,02,MINI,14,Córdoba,Private,ICE,UKL1,FOCUS SEGMENT,Standard,2
2025,02,MINI,14,Córdoba,Private,ICE,UKL2,FOCUS SEGMENT,Standard,1
2025,02,MITSUBISHI,14,Córdoba,Private,ICE,UKL1,REST,Standard,1
2025,02,MITSUBISHI,14,Córdoba,Private,ICE,UKL2,REST,Standard,4
2025,02,NISSAN,14,Córdoba,Corporate,BEV,UKL2,REST,Standard,1
2025,02,NISSAN,14,Córdoba,Corporate,ICE,UKL1,REST,Standard,1
2025,02,NISSAN,14,Córdoba,Corporate,ICE,UKL2,REST,Standard,4
2025,02,NISSAN,14,Córdoba,Private,ICE,KKL,REST,Standard,6
2025,02,NISSAN,14,Córdoba,Private,ICE,UKL1,REST,Standard,4
2025,02,NISSAN,14,Córdoba,Private,ICE,UKL2,REST,Standard,8
2025,02,OMODA,14,Córdoba,Corporate,ICE,UKL2,REST,Standard,1
2025,02,OMODA,14,Córdoba,Private,ICE,UKL2,REST,Standard,9
2025,02,OPEL,14,Córdoba,Corporate,ICE,UKL2,REST,Standard,3
2025,02,OPEL,14,Córdoba,Private,ICE,UKL2,REST,Standard,2
2025,02,PEUGEOT,14,Córdoba,Corporate,ICE,SKL,REST,Standard,2
2025,02,PEUGEOT,14,Córdoba,Corporate,ICE,UKL1,REST,Standard,24
2025,02,PEUGEOT,14,Córdoba,Private,BEV,SKL,REST,Standard,1
2025,02,PEUGEOT,14,Córdoba,Private,ICE,KKL,REST,Standard,1
2025,02,PEUGEOT,14,Córdoba,Private,ICE,SKL,REST,Standard,2
2025,02,PEUGEOT,14,Córdoba,Private,ICE,UKL1,REST,Standard,2
2025,02,PEUGEOT,14,Córdoba,Private,ICE,UKL2,REST,Standard,3
2025,02,PORSCHE,14,Córdoba,Corporate,BEV,GKL,FOCUS SEGMENT,Standard,1
2025,02,PORSCHE,14,Córdoba,Corporate,BEV,KKL,FOCUS SEGMENT,Standard,1
2025,02,RENAULT,14,Córdoba,Corporate,ICE,UKL2,REST,Standard,4
2025,02,RENAULT,14,Córdoba,Private,BEV,UKL1,REST,Standard,3
2025,02,RENAULT,14,Córdoba,Private,BEV,UKL2,REST,Standard,1
2025,02,RENAULT,14,Córdoba,Private,ICE,SKL,REST,Standard,1
2025,02,RENAULT,14,Córdoba,Private,ICE,UKL1,REST,Standard,21
2025,02,RENAULT,14,Córdoba,Private,ICE,UKL2,REST,Standard,8
2025,02,SEAT,14,Córdoba,Corporate,ICE,UKL1,REST,Standard,2
2025,02,SEAT,14,Córdoba,Corporate,ICE,UKL2,REST,Standard,3
2025,02,SEAT,14,Córdoba,Private,ICE,KKL,REST,Standard,2
2025,02,SEAT,14,Córdoba,Private,ICE,UKL1,REST,Standard,12
2025,02,SEAT,14,Córdoba,Private,ICE,UKL2,REST,Standard,13
2025,02,SIN MARCA,14,Córdoba,Private,ICE,,REST,Standard,1
2025,02,SKODA,14,Córdoba,Corporate,ICE,UKL2,REST,Standard,1
2025,02,SKODA,14,Córdoba,Private,ICE,UKL2,REST,Standard,4
2025,02,SMART,14,Córdoba,Corporate,BEV,UKL1,FOCUS SEGMENT,Standard,1
2025,02,SUBARU,14,Córdoba,Corporate,ICE,KKL,REST,Standard,1
2025,02,SUBARU,14,Córdoba,Private,ICE,KKL,REST,Standard,1
2025,02,SUBARU,14,Córdoba,Private,ICE,UKL2,REST,Standard,2
2025,02,SUZUKI,14,Córdoba,Private,ICE,UKL1,REST,Standard,1
2025,02,SUZUKI,14,Córdoba,Private,ICE,UKL2,REST,Standard,3
2025,02,TESLA,14,Córdoba,Private,BEV,KKL,FOCUS SEGMENT,Standard,1
2025,02,TOYOTA,14,Córdoba,Corporate,BEV,UKL2,REST,Standard,1
2025,02,TOYOTA,14,Córdoba,Corporate,ICE,GKL,REST,Standard,2
2025,02,TOYOTA,14,Córdoba,Corporate,ICE,MKL,REST,Standard,1
2025,02,TOYOTA,14,Córdoba,Corporate,ICE,UKL1,REST,Standard,7
2025,02,TOYOTA,14,Córdoba,Corporate,ICE,UKL2,REST,Standard,2
2025,02,TOYOTA,14,Córdoba,Corporate,PHEV,UKL1,REST,Standard,1
2025,02,TOYOTA,14,Córdoba,Corporate,PHEV,UKL2,REST,Standard,1
2025,02,TOYOTA,14,Córdoba,Private,ICE,GKL,REST,Standard,1
2025,02,TOYOTA,14,Córdoba,Private,ICE,UKL1,REST,Standard,14
2025,02,TOYOTA,14,Córdoba,Private,ICE,UKL2,REST,Standard,13
2025,02,TOYOTA,14,Córdoba,Private,PHEV,UKL1,REST,Standard,6
2025,02,TOYOTA,14,Córdoba,Private,PHEV,UKL2,REST,Standard,2
2025,02,VOLKSWAGEN,14,Córdoba,Corporate,BEV,SKL,REST,Standard,1
2025,02,VOLKSWAGEN,14,Córdoba,Corporate,ICE,UKL1,REST,Standard,7
2025,02,VOLKSWAGEN,14,Córdoba,Corporate,ICE,UKL2,REST,Standard,2
2025,02,VOLKSWAGEN,14,Córdoba,Private,ICE,UKL1,REST,Standard,16
2025,02,VOLKSWAGEN,14,Córdoba,Private,ICE,UKL2,REST,Standard,13
2025,02,VOLKSWAGEN,14,Córdoba,Private,PHEV,UKL2,REST,Standard,2
2025,02,VOLVO,14,Córdoba,Corporate,ICE,MKL,FOCUS SEGMENT,Standard,1
2025,02,VOLVO,14,Córdoba,Private,ICE,UKL2,FOCUS SEGMENT,Standard,1
2025,02,XPENG,14,Córdoba,Corporate,BEV,KKL,FOCUS SEGMENT,Standard,5
2025,02,ALFA ROMEO,15,A Coruña,Corporate,ICE,UKL1,REST,Standard,2
2025,02,AUDI,15,A Coruña,Corporate,BEV,UKL2,FOCUS SEGMENT,Standard,1
2025,02,AUDI,15,A Coruña,Corporate,ICE,KKL,FOCUS SEGMENT,M Performance,1
2025,02,AUDI,15,A Coruña,Corporate,ICE,KKL,FOCUS SEGMENT,Standard,2
2025,02,AUDI,15,A Coruña,Corporate,ICE,MKL,FOCUS SEGMENT,M Performance,1
2025,02,AUDI,15,A Coruña,Corporate,ICE,MKL,FOCUS SEGMENT,Standard,6
2025,02,AUDI,15,A Coruña,Corporate,ICE,UKL1,FOCUS SEGMENT,Standard,2
2025,02,AUDI,15,A Coruña,Corporate,ICE,UKL2,FOCUS SEGMENT,Standard,12
2025,02,AUDI,15,A Coruña,Private,BEV,UKL2,FOCUS SEGMENT,Standard,1
2025,02,AUDI,15,A Coruña,Private,ICE,KKL,FOCUS SEGMENT,Standard,4
2025,02,AUDI,15,A Coruña,Private,ICE,MKL,FOCUS SEGMENT,Standard,1
2025,02,AUDI,15,A Coruña,Private,ICE,UKL1,FOCUS SEGMENT,Standard,1
2025,02,AUDI,15,A Coruña,Private,ICE,UKL2,FOCUS SEGMENT,Standard,23
2025,02,BMW,15,A Coruña,Corporate,BEV,MKL,FOCUS SEGMENT,Standard,1
2025,02,BMW,15,A Coruña,Corporate,ICE,GKL,FOCUS SEGMENT,Standard,1
2025,02,BMW,15,A Coruña,Corporate,ICE,KKL,FOCUS SEGMENT,M Performance,1
2025,02,BMW,15,A Coruña,Corporate,ICE,KKL,FOCUS SEGMENT,Standard,3
2025,02,BMW,15,A Coruña,Corporate,ICE,MKL,FOCUS SEGMENT,Standard,1
2025,02,BMW,15,A Coruña,Corporate,ICE,UKL2,FOCUS SEGMENT,M,1
2025,02,BMW,15,A Coruña,Corporate,ICE,UKL2,FOCUS SEGMENT,Standard,8
2025,02,BMW,15,A Coruña,Corporate,PHEV,KKL,FOCUS SEGMENT,Standard,1
2025,02,BMW,15,A Coruña,Private,BEV,UKL2,FOCUS SEGMENT,Standard,1
2025,02,BMW,15,A Coruña,Private,ICE,GKL,FOCUS SEGMENT,Standard,1
2025,02,BMW,15,A Coruña,Private,ICE,KKL,FOCUS SEGMENT,M,2
2025,02,BMW,15,A Coruña,Private,ICE,KKL,FOCUS SEGMENT,Standard,4
2025,02,BMW,15,A Coruña,Private,ICE,UKL2,FOCUS SEGMENT,Standard,13
2025,02,BYD,15,A Coruña,Corporate,BEV,KKL,REST,Standard,1
2025,02,BYD,15,A Coruña,Private,BEV,UKL1,REST,Standard,2
2025,02,BYD,15,A Coruña,Private,BEV,UKL2,REST,Standard,1
2025,02,BYD,15,A Coruña,Private,PHEV,KKL,REST,Standard,2
2025,02,CITROEN,15,A Coruña,Corporate,BEV,UKL1,REST,Standard,1
2025,02,CITROEN,15,A Coruña,Corporate,ICE,UKL1,REST,Standard,5
2025,02,CITROEN,15,A Coruña,Corporate,ICE,UKL2,REST,Standard,10
2025,02,CITROEN,15,A Coruña,Private,BEV,UKL1,REST,Standard,1
2025,02,CITROEN,15,A Coruña,Private,BEV,UKL2,REST,Standard,1
2025,02,CITROEN,15,A Coruña,Private,ICE,SKL,REST,Standard,1
2025,02,CITROEN,15,A Coruña,Private,ICE,UKL1,REST,Standard,8
2025,02,CITROEN,15,A Coruña,Private,ICE,UKL2,REST,Standard,6
2025,02,CUPRA,15,A Coruña,Corporate,BEV,UKL2,REST,Standard,1
2025,02,CUPRA,15,A Coruña,Corporate,ICE,UKL2,REST,Standard,2
2025,02,CUPRA,15,A Coruña,Corporate,PHEV,UKL2,REST,Standard,1
2025,02,CUPRA,15,A Coruña,Private,ICE,UKL2,REST,Standard,4
2025,02,CUPRA,15,A Coruña,Private,PHEV,UKL2,REST,Standard,1
2025,02,DACIA,15,A Coruña,Private,BEV,UKL0,REST,Standard,2
2025,02,DACIA,15,A Coruña,Private,ICE,SKL,REST,Standard,14
2025,02,DACIA,15,A Coruña,Private,ICE,UKL1,REST,Standard,41
2025,02,DACIA,15,A Coruña,Private,ICE,UKL2,REST,Standard,6
2025,02,FIAT,15,A Coruña,Private,ICE,UKL0,REST,Standard,3
2025,02,FORD,15,A Coruña,Corporate,BEV,SKL,REST,Standard,28
2025,02,FORD,15,A Coruña,Corporate,ICE,MKL,REST,Standard,1
2025,02,FORD,15,A Coruña,Corporate,ICE,UKL1,REST,Standard,1
2025,02,FORD,15,A Coruña,Corporate,ICE,UKL2,REST,Standard,2
2025,02,FORD,15,A Coruña,Corporate,PHEV,UKL2,REST,Standard,1
2025,02,FORD,15,A Coruña,Private,BEV,KKL,REST,Standard,1
2025,02,FORD,15,A Coruña,Private,ICE,MKL,REST,Standard,1
2025,02,FORD,15,A Coruña,Private,ICE,SKL,REST,Standard,1
2025,02,FORD,15,A Coruña,Private,ICE,UKL1,REST,Standard,7
2025,02,FORD,15,A Coruña,Private,ICE,UKL2,REST,Standard,14
2025,02,FORD,15,A Coruña,Private,PHEV,SKL,REST,Standard,1
2025,02,FORD,15,A Coruña,Private,PHEV,UKL2,REST,Standard,2
2025,02,HONDA,15,A Coruña,Corporate,ICE,UKL1,REST,Standard,8
2025,02,HONDA,15,A Coruña,Private,ICE,KKL,REST,Standard,1
2025,02,HONDA,15,A Coruña,Private,ICE,UKL1,REST,Standard,6
2025,02,HONDA,15,A Coruña,Private,ICE,UKL2,REST,Standard,2
2025,02,HYUNDAI,15,A Coruña,Corporate,BEV,UKL1,REST,Standard,10
2025,02,HYUNDAI,15,A Coruña,Corporate,BEV,UKL2,REST,Standard,2
2025,02,HYUNDAI,15,A Coruña,Corporate,ICE,MKL,REST,Standard,1
2025,02,HYUNDAI,15,A Coruña,Corporate,ICE,UKL0,REST,Standard,1
2025,02,HYUNDAI,15,A Coruña,Corporate,ICE,UKL1,REST,Standard,6
2025,02,HYUNDAI,15,A Coruña,Corporate,ICE,UKL2,REST,Standard,19
2025,02,HYUNDAI,15,A Coruña,Private,ICE,UKL1,REST,Standard,16
2025,02,HYUNDAI,15,A Coruña,Private,ICE,UKL2,REST,Standard,8
2025,02,HYUNDAI,15,A Coruña,Private,PHEV,MKL,REST,Standard,1
2025,02,HYUNDAI,15,A Coruña,Private,PHEV,UKL2,REST,Standard,1
2025,02,HYUNDAI,15,A Coruña,RAC,ICE,UKL2,REST,Standard,2
2025,02,JAECOO,15,A Coruña,Corporate,PHEV,UKL2,REST,Standard,2
2025,02,JAECOO,15,A Coruña,Private,ICE,UKL2,REST,Standard,2
2025,02,JAECOO,15,A Coruña,Private,PHEV,UKL2,REST,Standard,2
2025,02,JEEP,15,A Coruña,Corporate,ICE,UKL1,REST,Standard,3
2025,02,JEEP,15,A Coruña,Private,ICE,UKL1,REST,Standard,3
2025,02,JEEP,15,A Coruña,Private,ICE,UKL2,REST,Standard,1
2025,02,JEEP,15,A Coruña,Private,PHEV,UKL2,REST,Standard,1
2025,02,KIA,15,A Coruña,Corporate,ICE,UKL1,REST,Standard,1
2025,02,KIA,15,A Coruña,Corporate,ICE,UKL2,REST,Standard,2
2025,02,KIA,15,A Coruña,Private,BEV,UKL1,REST,Standard,8
2025,02,KIA,15,A Coruña,Private,ICE,KKL,REST,Standard,1
2025,02,KIA,15,A Coruña,Private,ICE,UKL0,REST,Standard,1
2025,02,KIA,15,A Coruña,Private,ICE,UKL1,REST,Standard,15
2025,02,KIA,15,A Coruña,Private,ICE,UKL2,REST,Standard,58
2025,02,KIA,15,A Coruña,RAC,ICE,UKL0,REST,Standard,1
2025,02,KIA,15,A Coruña,RAC,ICE,UKL1,REST,Standard,1
2025,02,LAND ROVER,15,A Coruña,Corporate,PHEV,MKL,FOCUS SEGMENT,Standard,1
2025,02,LAND ROVER,15,A Coruña,Private,PHEV,GKL,FOCUS SEGMENT,Standard,1
2025,02,LEAPMOTOR,15,A Coruña,Private,BEV,UKL0,REST,Standard,2
2025,02,LEXUS,15,A Coruña,Corporate,ICE,UKL1,FOCUS SEGMENT,Standard,1
2025,02,LEXUS,15,A Coruña,Private,ICE,UKL1,FOCUS SEGMENT,Standard,2
2025,02,LEXUS,15,A Coruña,Private,ICE,UKL2,FOCUS SEGMENT,Standard,1
2025,02,LEXUS,15,A Coruña,Private,PHEV,KKL,FOCUS SEGMENT,Standard,2
2025,02,LEXUS,15,A Coruña,RAC,ICE,MKL,FOCUS SEGMENT,Standard,1
2025,02,MAZDA,15,A Coruña,Private,ICE,UKL1,REST,Standard,1
2025,02,MAZDA,15,A Coruña,Private,ICE,UKL2,REST,Standard,8
2025,02,MERCEDES,15,A Coruña,Corporate,BEV,MKL,FOCUS SEGMENT,Standard,1
2025,02,MERCEDES,15,A Coruña,Corporate,BEV,UKL2,FOCUS SEGMENT,Standard,1
2025,02,MERCEDES,15,A Coruña,Corporate,ICE,KKL,FOCUS SEGMENT,Standard,7
2025,02,MERCEDES,15,A Coruña,Corporate,ICE,MKL,REST,Standard,1
2025,02,MERCEDES,15,A Coruña,Corporate,ICE,SKL,REST,Standard,1
2025,02,MERCEDES,15,A Coruña,Corporate,ICE,UKL2,FOCUS SEGMENT,Standard,18
2025,02,MERCEDES,15,A Coruña,Corporate,PHEV,KKL,FOCUS SEGMENT,Standard,2
2025,02,MERCEDES,15,A Coruña,Corporate,PHEV,MKL,FOCUS SEGMENT,Standard,3
2025,02,MERCEDES,15,A Coruña,Corporate,PHEV,UKL2,FOCUS SEGMENT,Standard,1
2025,02,MERCEDES,15,A Coruña,Private,BEV,GKL,FOCUS SEGMENT,Standard,1
2025,02,MERCEDES,15,A Coruña,Private,BEV,MKL,FOCUS SEGMENT,Standard,2
2025,02,MERCEDES,15,A Coruña,Private,BEV,UKL2,FOCUS SEGMENT,Standard,1
2025,02,MERCEDES,15,A Coruña,Private,ICE,KKL,FOCUS SEGMENT,Standard,4
2025,02,MERCEDES,15,A Coruña,Private,ICE,MKL,FOCUS SEGMENT,Standard,1
2025,02,MERCEDES,15,A Coruña,Private,ICE,UKL2,FOCUS SEGMENT,Standard,7
2025,02,MERCEDES,15,A Coruña,Private,PHEV,KKL,FOCUS SEGMENT,Standard,1
2025,02,MERCEDES,15,A Coruña,Private,PHEV,MKL,FOCUS SEGMENT,M Performance,1
2025,02,MG,15,A Coruña,Private,BEV,UKL2,REST,Standard,2
2025,02,MG,15,A Coruña,Private,ICE,UKL1,REST,Standard,51
2025,02,MG,15,A Coruña,Private,PHEV,KKL,REST,Standard,2
2025,02,MINI,15,A Coruña,Corporate,BEV,UKL1,FOCUS SEGMENT,Standard,2
2025,02,MINI,15,A Coruña,Corporate,ICE,UKL1,FOCUS SEGMENT,Standard,1
2025,02,MINI,15,A Coruña,Corporate,ICE,UKL2,FOCUS SEGMENT,Standard,3
2025,02,MINI,15,A Coruña,Private,BEV,UKL1,FOCUS SEGMENT,Standard,4
2025,02,MINI,15,A Coruña,Private,BEV,UKL2,FOCUS SEGMENT,Standard,1
2025,02,MINI,15,A Coruña,Private,ICE,UKL1,FOCUS SEGMENT,Standard,2
2025,02,MINI,15,A Coruña,Private,ICE,UKL2,FOCUS SEGMENT,Standard,3
2025,02,MITSUBISHI,15,A Coruña,Private,ICE,UKL1,REST,Standard,1
2025,02,MITSUBISHI,15,A Coruña,Private,ICE,UKL2,REST,Standard,2
2025,02,NISSAN,15,A Coruña,Corporate,ICE,UKL1,REST,Standard,1
2025,02,NISSAN,15,A Coruña,Corporate,ICE,UKL2,REST,Standard,3
2025,02,NISSAN,15,A Coruña,Private,ICE,KKL,REST,Standard,7
2025,02,NISSAN,15,A Coruña,Private,ICE,UKL1,REST,Standard,10
2025,02,NISSAN,15,A Coruña,Private,ICE,UKL2,REST,Standard,15
2025,02,OMODA,15,A Coruña,Corporate,BEV,UKL2,REST,Standard,2
2025,02,OMODA,15,A Coruña,Private,ICE,UKL2,REST,Standard,11
2025,02,OPEL,15,A Coruña,Private,ICE,UKL1,REST,Standard,4
2025,02,OPEL,15,A Coruña,Private,ICE,UKL2,REST,Standard,1
2025,02,PEUGEOT,15,A Coruña,Corporate,ICE,SKL,REST,Standard,2
2025,02,PEUGEOT,15,A Coruña,Corporate,ICE,UKL1,REST,Standard,2
2025,02,PEUGEOT,15,A Coruña,Corporate,ICE,UKL2,REST,Standard,2
2025,02,PEUGEOT,15,A Coruña,Private,BEV,UKL1,REST,Standard,1
2025,02,PEUGEOT,15,A Coruña,Private,ICE,SKL,REST,Standard,4
2025,02,PEUGEOT,15,A Coruña,Private,ICE,UKL1,REST,Standard,14
2025,02,PEUGEOT,15,A Coruña,Private,ICE,UKL2,REST,Standard,1
2025,02,PORSCHE,15,A Coruña,Corporate,BEV,GKL,FOCUS SEGMENT,Standard,1
2025,02,PORSCHE,15,A Coruña,Corporate,BEV,KKL,FOCUS SEGMENT,Standard,1
2025,02,PORSCHE,15,A Coruña,Corporate,ICE,GKL,FOCUS SEGMENT,Standard,1
2025,02,PORSCHE,15,A Coruña,Private,BEV,KKL,FOCUS SEGMENT,M Performance,1
2025,02,PORSCHE,15,A Coruña,RAC,BEV,KKL,FOCUS SEGMENT,Standard,1
2025,02,RENAULT,15,A Coruña,Corporate,ICE,UKL1,REST,Standard,4
2025,02,RENAULT,15,A Coruña,Corporate,ICE,UKL2,REST,Standard,1
2025,02,RENAULT,15,A Coruña,Private,BEV,UKL1,REST,Standard,1
2025,02,RENAULT,15,A Coruña,Private,ICE,SKL,REST,Standard,1
2025,02,RENAULT,15,A Coruña,Private,ICE,UKL1,REST,Standard,24
2025,02,RENAULT,15,A Coruña,Private,ICE,UKL2,REST,Standard,12
2025,02,SEAT,15,A Coruña,Corporate,ICE,UKL1,REST,Standard,14
2025,02,SEAT,15,A Coruña,Corporate,ICE,UKL2,REST,Standard,5
2025,02,SEAT,15,A Coruña,Private,ICE,UKL1,REST,Standard,23
2025,02,SEAT,15,A Coruña,Private,ICE,UKL2,REST,Standard,12
2025,02,SHINERAY,15,A Coruña,Private,ICE,MKL,REST,Standard,2
2025,02,SIN MARCA,15,A Coruña,Private,ICE,,REST,Standard,1
2025,02,SKODA,15,A Coruña,Corporate,BEV,UKL2,REST,Standard,3
2025,02,SKODA,15,A Coruña,Corporate,ICE,UKL1,REST,Standard,1
2025,02,SKODA,15,A Coruña,Corporate,ICE,UKL2,REST,Standard,2
2025,02,SKODA,15,A Coruña,Corporate,PHEV,KKL,REST,Standard,1
2025,02,SKODA,15,A Coruña,Private,ICE,UKL1,REST,Standard,4
2025,02,SKODA,15,A Coruña,Private,ICE,UKL2,REST,Standard,7
2025,02,SUBARU,15,A Coruña,Private,ICE,KKL,REST,Standard,1
2025,02,SUBARU,15,A Coruña,Private,ICE,UKL2,REST,Standard,1
2025,02,SUZUKI,15,A Coruña,Private,ICE,UKL1,REST,Standard,3
2025,02,TESLA,15,A Coruña,Corporate,BEV,KKL,FOCUS SEGMENT,Standard,3
2025,02,TESLA,15,A Coruña,Private,BEV,KKL,FOCUS SEGMENT,Standard,4
2025,02,TOYOTA,15,A Coruña,Corporate,BEV,SKL,REST,Standard,1
2025,02,TOYOTA,15,A Coruña,Corporate,BEV,UKL2,REST,Standard,1
2025,02,TOYOTA,15,A Coruña,Corporate,ICE,GKL,REST,Standard,1
2025,02,TOYOTA,15,A Coruña,Corporate,ICE,SKL,REST,Standard,2
2025,02,TOYOTA,15,A Coruña,Corporate,ICE,UKL1,REST,Standard,1
2025,02,TOYOTA,15,A Coruña,Corporate,ICE,UKL2,REST,Standard,3
2025,02,TOYOTA,15,A Coruña,Corporate,PHEV,UKL1,REST,Standard,1
2025,02,TOYOTA,15,A Coruña,Corporate,PHEV,UKL2,REST,Standard,2
2025,02,TOYOTA,15,A Coruña,Private,BEV,UKL2,REST,Standard,4
2025,02,TOYOTA,15,A Coruña,Private,ICE,GKL,REST,Standard,2
2025,02,TOYOTA,15,A Coruña,Private,ICE,SKL,REST,Standard,1
2025,02,TOYOTA,15,A Coruña,Private,ICE,UKL0,REST,Standard,2
2025,02,TOYOTA,15,A Coruña,Private,ICE,UKL1,REST,Standard,62
2025,02,TOYOTA,15,A Coruña,Private,ICE,UKL2,REST,Standard,40
2025,02,TOYOTA,15,A Coruña,Private,PHEV,UKL1,REST,Standard,13
2025,02,TOYOTA,15,A Coruña,Private,PHEV,UKL2,REST,Standard,6
2025,02,TOYOTA,15,A Coruña,RAC,ICE,SKL,REST,Standard,1
2025,02,TOYOTA,15,A Coruña,RAC,ICE,UKL1,REST,Standard,3
2025,02,TOYOTA,15,A Coruña,RAC,PHEV,UKL1,REST,Standard,2
2025,02,VOLKSWAGEN,15,A Coruña,Corporate,PHEV,UKL2,REST,Standard,1
2025,02,VOLKSWAGEN,15,A Coruña,Private,ICE,SKL,REST,Standard,1
2025,02,VOLKSWAGEN,15,A Coruña,Private,ICE,UKL1,REST,Standard,12
2025,02,VOLKSWAGEN,15,A Coruña,Private,ICE,UKL2,REST,Standard,13
2025,02,VOLKSWAGEN,15,A Coruña,Private,PHEV,MKL,REST,Standard,1
2025,02,VOLKSWAGEN,15,A Coruña,Private,PHEV,UKL2,REST,Standard,2
2025,02,VOLVO,15,A Coruña,Corporate,ICE,KKL,FOCUS SEGMENT,Standard,2
2025,02,VOLVO,15,A Coruña,Corporate,ICE,UKL2,FOCUS SEGMENT,Standard,3
2025,02,VOLVO,15,A Coruña,Corporate,PHEV,MKL,FOCUS SEGMENT,Standard,2
2025,02,VOLVO,15,A Coruña,Private,BEV,UKL1,FOCUS SEGMENT,Standard,1
2025,02,VOLVO,15,A Coruña,Private,BEV,UKL2,FOCUS SEGMENT,Standard,1
2025,02,VOLVO,15,A Coruña,Private,ICE,KKL,FOCUS SEGMENT,Standard,2
2025,02,VOLVO,15,A Coruña,Private,ICE,UKL2,FOCUS SEGMENT,Standard,2
2025,02,VOLVO,15,A Coruña,Private,PHEV,MKL,FOCUS SEGMENT,Standard,1
2025,02,XPENG,15,A Coruña,Private,BEV,KKL,FOCUS SEGMENT,Standard,1
2025,02,AUDI,16,Cuenca,Corporate,ICE,MKL,FOCUS SEGMENT,Standard,1
2025,02,AUDI,16,Cuenca,Corporate,ICE,UKL1,FOCUS SEGMENT,Standard,1
2025,02,AUDI,16,Cuenca,Corporate,ICE,UKL2,FOCUS SEGMENT,Standard,1
2025,02,AUDI,16,Cuenca,Private,ICE,UKL2,FOCUS SEGMENT,Standard,2
2025,02,BMW,16,Cuenca,Corporate,ICE,KKL,FOCUS SEGMENT,Standard,2
2025,02,BMW,16,Cuenca,Private,ICE,KKL,FOCUS SEGMENT,M Performance,1
2025,02,BMW,16,Cuenca,Private,ICE,UKL2,FOCUS SEGMENT,M,1
2025,02,BYD,16,Cuenca,Private,BEV,UKL2,REST,Standard,1
2025,02,BYD,16,Cuenca,Private,PHEV,KKL,REST,Standard,1
2025,02,CITROEN,16,Cuenca,Private,ICE,UKL1,REST,Standard,2
2025,02,CUPRA,16,Cuenca,Corporate,ICE,UKL2,REST,Standard,1
2025,02,CUPRA,16,Cuenca,Private,ICE,UKL2,REST,Standard,1
2025,02,DACIA,16,Cuenca,Corporate,ICE,SKL,REST,Standard,2
2025,02,DACIA,16,Cuenca,Corporate,ICE,UKL1,REST,Standard,1
2025,02,DACIA,16,Cuenca,Private,ICE,SKL,REST,Standard,5
2025,02,DACIA,16,Cuenca,Private,ICE,UKL1,REST,Standard,4
2025,02,FORD,16,Cuenca,Private,ICE,UKL1,REST,Standard,1
2025,02,FORD,16,Cuenca,Private,ICE,UKL2,REST,Standard,1
2025,02,HYUNDAI,16,Cuenca,Corporate,BEV,UKL2,REST,Standard,1
2025,02,HYUNDAI,16,Cuenca,Corporate,ICE,UKL1,REST,Standard,1
2025,02,HYUNDAI,16,Cuenca,Private,ICE,UKL1,REST,Standard,1
2025,02,HYUNDAI,16,Cuenca,Private,ICE,UKL2,REST,Standard,5
2025,02,JEEP,16,Cuenca,Private,ICE,UKL1,REST,Standard,1
2025,02,KIA,16,Cuenca,Private,BEV,UKL1,REST,Standard,1
2025,02,KIA,16,Cuenca,Private,ICE,KKL,REST,Standard,1
2025,02,KIA,16,Cuenca,Private,ICE,UKL1,REST,Standard,1
2025,02,KIA,16,Cuenca,Private,ICE,UKL2,REST,Standard,5
2025,02,LAND ROVER,16,Cuenca,Corporate,ICE,MKL,FOCUS SEGMENT,Standard,1
2025,02,MAZDA,16,Cuenca,Corporate,ICE,KKL,REST,Standard,1
2025,02,MAZDA,16,Cuenca,Corporate,ICE,UKL2,REST,Standard,1
2025,02,MAZDA,16,Cuenca,Private,ICE,KKL,REST,Standard,1
2025,02,MAZDA,16,Cuenca,Private,ICE,UKL1,REST,Standard,1
2025,02,MAZDA,16,Cuenca,Private,ICE,UKL2,REST,Standard,5
2025,02,MERCEDES,16,Cuenca,Corporate,ICE,KKL,FOCUS SEGMENT,Standard,3
2025,02,MERCEDES,16,Cuenca,Corporate,PHEV,KKL,FOCUS SEGMENT,Standard,1
2025,02,MERCEDES,16,Cuenca,Private,ICE,UKL2,FOCUS SEGMENT,Standard,1
2025,02,MERCEDES,16,Cuenca,Private,PHEV,UKL2,FOCUS SEGMENT,Standard,1
2025,02,MG,16,Cuenca,Corporate,ICE,KKL,REST,Standard,1
2025,02,MG,16,Cuenca,Private,ICE,UKL1,REST,Standard,6
2025,02,NISSAN,16,Cuenca,Corporate,ICE,KKL,REST,Standard,1
2025,02,NISSAN,16,Cuenca,Corporate,ICE,UKL1,REST,Standard,1
2025,02,NISSAN,16,Cuenca,Corporate,ICE,UKL2,REST,Standard,2
2025,02,NISSAN,16,Cuenca,Private,ICE,KKL,REST,Standard,2
2025,02,NISSAN,16,Cuenca,Private,ICE,UKL1,REST,Standard,2
2025,02,NISSAN,16,Cuenca,Private,ICE,UKL2,REST,Standard,3
2025,02,PEUGEOT,16,Cuenca,Corporate,BEV,SKL,REST,Standard,1
2025,02,PEUGEOT,16,Cuenca,Corporate,ICE,SKL,REST,Standard,1
2025,02,PEUGEOT,16,Cuenca,Corporate,ICE,UKL1,REST,Standard,1
2025,02,PEUGEOT,16,Cuenca,Private,ICE,UKL1,REST,Standard,1
2025,02,PEUGEOT,16,Cuenca,Private,ICE,UKL2,REST,Standard,4
2025,02,RENAULT,16,Cuenca,Private,ICE,UKL1,REST,Standard,4
2025,02,RENAULT,16,Cuenca,Private,ICE,UKL2,REST,Standard,1
2025,02,SEAT,16,Cuenca,Corporate,ICE,UKL1,REST,Standard,1
2025,02,SEAT,16,Cuenca,Private,ICE,UKL2,REST,Standard,2
2025,02,SEAT,16,Cuenca,Private,PHEV,UKL2,REST,Standard,1
2025,02,SKODA,16,Cuenca,Private,BEV,UKL2,REST,Standard,1
2025,02,SKODA,16,Cuenca,Private,ICE,UKL1,REST,Standard,2
2025,02,SUBARU,16,Cuenca,Private,ICE,KKL,REST,Standard,1
2025,02,TOYOTA,16,Cuenca,Corporate,ICE,UKL1,REST,Standard,1
2025,02,TOYOTA,16,Cuenca,Corporate,ICE,UKL2,REST,Standard,1
2025,02,TOYOTA,16,Cuenca,Private,ICE,UKL2,REST,Standard,2
2025,02,TOYOTA,16,Cuenca,Private,PHEV,UKL1,REST,Standard,1
2025,02,TOYOTA,16,Cuenca,Private,PHEV,UKL2,REST,Standard,1
2025,02,VOLKSWAGEN,16,Cuenca,Corporate,ICE,UKL1,REST,Standard,1
2025,02,VOLKSWAGEN,16,Cuenca,Private,ICE,UKL1,REST,Standard,2
2025,02,VOLKSWAGEN,16,Cuenca,Private,ICE,UKL2,REST,Standard,4
2025,02,VOLKSWAGEN,16,Cuenca,Private,PHEV,UKL2,REST,Standard,1
2025,02,VOLVO,16,Cuenca,Private,ICE,UKL2,FOCUS SEGMENT,Standard,1
2025,02,ALFA ROMEO,17,Girona,Private,ICE,UKL1,REST,Standard,1
2025,02,ALFA ROMEO,17,Girona,Private,ICE,UKL2,REST,Standard,1
2025,02,AUDI,17,Girona,Corporate,ICE,UKL1,FOCUS SEGMENT,Standard,5
2025,02,AUDI,17,Girona,Corporate,ICE,UKL2,FOCUS SEGMENT,M Performance,1
2025,02,AUDI,17,Girona,Corporate,ICE,UKL2,FOCUS SEGMENT,Standard,2
2025,02,AUDI,17,Girona,Private,ICE,KKL,FOCUS SEGMENT,Standard,2
2025,02,AUDI,17,Girona,Private,ICE,MKL,FOCUS SEGMENT,Standard,1
2025,02,AUDI,17,Girona,Private,ICE,UKL1,FOCUS SEGMENT,Standard,3
2025,02,AUDI,17,Girona,Private,ICE,UKL2,FOCUS SEGMENT,Standard,3
2025,02,AUDI,17,Girona,Private,PHEV,MKL,FOCUS SEGMENT,Standard,1
2025,02,AUDI,17,Girona,RAC,ICE,MKL,FOCUS SEGMENT,Standard,2
2025,02,AUDI,17,Girona,RAC,ICE,UKL2,FOCUS SEGMENT,Standard,28
2025,02,BMW,17,Girona,Corporate,BEV,UKL2,FOCUS SEGMENT,Standard,1
2025,02,BMW,17,Girona,Corporate,ICE,KKL,FOCUS SEGMENT,M Performance,1
2025,02,BMW,17,Girona,Corporate,ICE,KKL,FOCUS SEGMENT,Standard,2
2025,02,BMW,17,Girona,Corporate,ICE,MKL,FOCUS SEGMENT,Standard,1
2025,02,BMW,17,Girona,Corporate,ICE,UKL2,FOCUS SEGMENT,M,1
2025,02,BMW,17,Girona,Corporate,ICE,UKL2,FOCUS SEGMENT,Standard,6
2025,02,BMW,17,Girona,Corporate,PHEV,KKL,FOCUS SEGMENT,Standard,1
2025,02,BMW,17,Girona,Private,BEV,KKL,FOCUS SEGMENT,Standard,1
2025,02,BMW,17,Girona,Private,ICE,KKL,FOCUS SEGMENT,Standard,4
2025,02,BMW,17,Girona,Private,ICE,UKL2,FOCUS SEGMENT,Standard,7
2025,02,BYD,17,Girona,Corporate,BEV,KKL,REST,Standard,2
2025,02,BYD,17,Girona,Private,BEV,UKL1,REST,Standard,1
2025,02,BYD,17,Girona,Private,BEV,UKL2,REST,Standard,2
2025,02,BYD,17,Girona,Private,PHEV,KKL,REST,Standard,2
2025,02,CITROEN,17,Girona,Corporate,BEV,UKL1,REST,Standard,1
2025,02,CITROEN,17,Girona,Corporate,ICE,SKL,REST,Standard,2
2025,02,CITROEN,17,Girona,Corporate,ICE,UKL1,REST,Standard,2
2025,02,CITROEN,17,Girona,Corporate,ICE,UKL2,REST,Standard,8
2025,02,CITROEN,17,Girona,Private,ICE,SKL,REST,Standard,2
2025,02,CITROEN,17,Girona,Private,ICE,UKL1,REST,Standard,13
2025,02,CITROEN,17,Girona,Private,ICE,UKL2,REST,Standard,10
2025,02,CUPRA,17,Girona,Corporate,ICE,UKL2,REST,Standard,5
2025,02,CUPRA,17,Girona,Corporate,PHEV,UKL2,REST,Standard,1
2025,02,CUPRA,17,Girona,Private,BEV,UKL2,REST,Standard,1
2025,02,CUPRA,17,Girona,Private,ICE,UKL2,REST,Standard,10
2025,02,CUPRA,17,Girona,Private,PHEV,UKL2,REST,Standard,1
2025,02,DACIA,17,Girona,Corporate,ICE,SKL,REST,Standard,4
2025,02,DACIA,17,Girona,Corporate,ICE,UKL1,REST,Standard,7
2025,02,DACIA,17,Girona,Private,BEV,UKL0,REST,Standard,1
2025,02,DACIA,17,Girona,Private,ICE,SKL,REST,Standard,20
2025,02,DACIA,17,Girona,Private,ICE,UKL1,REST,Standard,36
2025,02,DACIA,17,Girona,Private,ICE,UKL2,REST,Standard,6
2025,02,DFSK,17,Girona,Private,ICE,,,Standard,1
2025,02,EBRO,17,Girona,Private,ICE,KKL,REST,Standard,1
2025,02,EBRO,17,Girona,Private,ICE,UKL2,REST,Standard,3
2025,02,FIAT,17,Girona,Corporate,ICE,UKL0,REST,Standard,1
2025,02,FIAT,17,Girona,Private,ICE,SKL,REST,Standard,4
2025,02,FIAT,17,Girona,Private,ICE,UKL0,REST,Standard,2
2025,02,FIAT,17,Girona,Private,ICE,UKL1,REST,Standard,5
2025,02,FORD,17,Girona,Corporate,BEV,UKL1,REST,Standard,1
2025,02,FORD,17,Girona,Corporate,ICE,SKL,REST,Standard,1
2025,02,FORD,17,Girona,Corporate,ICE,UKL1,REST,Standard,1
2025,02,FORD,17,Girona,Corporate,ICE,UKL2,REST,Standard,1
2025,02,FORD,17,Girona,Private,ICE,MKL,REST,Standard,1
2025,02,FORD,17,Girona,Private,ICE,SKL,REST,Standard,14
2025,02,FORD,17,Girona,Private,ICE,UKL1,REST,Standard,10
2025,02,FORD,17,Girona,Private,ICE,UKL2,REST,Standard,15
2025,02,FORD,17,Girona,Private,PHEV,UKL2,REST,Standard,1
2025,02,HONDA,17,Girona,Corporate,ICE,UKL1,REST,Standard,1
2025,02,HONDA,17,Girona,Private,ICE,KKL,REST,Standard,2
2025,02,HONDA,17,Girona,Private,ICE,UKL1,REST,Standard,3
2025,02,HONDA,17,Girona,Private,ICE,UKL2,REST,Standard,3
2025,02,HONDA,17,Girona,Private,PHEV,KKL,REST,Standard,1
2025,02,HYUNDAI,17,Girona,Corporate,BEV,UKL2,REST,Standard,2
2025,02,HYUNDAI,17,Girona,Corporate,ICE,UKL1,REST,Standard,2
2025,02,HYUNDAI,17,Girona,Corporate,ICE,UKL2,REST,Standard,3
2025,02,HYUNDAI,17,Girona,Corporate,PHEV,UKL2,REST,Standard,1
2025,02,HYUNDAI,17,Girona,Private,BEV,UKL2,REST,Standard,1
2025,02,HYUNDAI,17,Girona,Private,ICE,MKL,REST,Standard,1
2025,02,HYUNDAI,17,Girona,Private,ICE,UKL0,REST,Standard,6
2025,02,HYUNDAI,17,Girona,Private,ICE,UKL1,REST,Standard,49
2025,02,HYUNDAI,17,Girona,Private,ICE,UKL2,REST,Standard,21
2025,02,HYUNDAI,17,Girona,Private,PHEV,UKL2,REST,Standard,3
2025,02,JAECOO,17,Girona,Private,ICE,UKL2,REST,Standard,2
2025,02,JAECOO,17,Girona,Private,PHEV,UKL2,REST,Standard,2
2025,02,JEEP,17,Girona,Corporate,ICE,UKL1,REST,Standard,2
2025,02,JEEP,17,Girona,Corporate,PHEV,MKL,REST,Standard,1
2025,02,JEEP,17,Girona,Private,ICE,UKL1,REST,Standard,10
2025,02,JEEP,17,Girona,Private,PHEV,UKL2,REST,Standard,1
2025,02,KG MOBILITY,17,Girona,Private,ICE,UKL1,REST,Standard,1
2025,02,KIA,17,Girona,Corporate,ICE,KKL,REST,Standard,1
2025,02,KIA,17,Girona,Corporate,ICE,UKL2,REST,Standard,2
2025,02,KIA,17,Girona,Private,BEV,UKL1,REST,Standard,12
2025,02,KIA,17,Girona,Private,ICE,UKL0,REST,Standard,4
2025,02,KIA,17,Girona,Private,ICE,UKL1,REST,Standard,16
2025,02,KIA,17,Girona,Private,ICE,UKL2,REST,Standard,37
2025,02,KIA,17,Girona,Private,PHEV,UKL2,REST,Standard,1
2025,02,LAMBORGHINI,17,Girona,Corporate,ICE,GKL+,FOCUS SEGMENT,Standard,1
2025,02,LAND ROVER,17,Girona,Corporate,ICE,MKL,FOCUS SEGMENT,Standard,1
2025,02,LAND ROVER,17,Girona,Corporate,PHEV,UKL2,FOCUS SEGMENT,Standard,1
2025,02,LAND ROVER,17,Girona,Private,ICE,MKL,FOCUS SEGMENT,Standard,1
2025,02,LEAPMOTOR,17,Girona,Private,BEV,UKL0,REST,Standard,1
2025,02,LEXUS,17,Girona,Corporate,ICE,UKL1,FOCUS SEGMENT,Standard,1
2025,02,LEXUS,17,Girona,Corporate,PHEV,KKL,FOCUS SEGMENT,Standard,3
2025,02,LEXUS,17,Girona,Private,ICE,UKL1,FOCUS SEGMENT,Standard,10
2025,02,LEXUS,17,Girona,Private,ICE,UKL2,FOCUS SEGMENT,Standard,2
2025,02,LEXUS,17,Girona,Private,PHEV,KKL,FOCUS SEGMENT,Standard,3
2025,02,MAZDA,17,Girona,Private,ICE,UKL1,REST,Standard,3
2025,02,MAZDA,17,Girona,Private,ICE,UKL2,REST,Standard,13
2025,02,MERCEDES,17,Girona,Corporate,BEV,MKL,FOCUS SEGMENT,Standard,1
2025,02,MERCEDES,17,Girona,Corporate,ICE,GKL,FOCUS SEGMENT,M,1
2025,02,MERCEDES,17,Girona,Corporate,ICE,KKL,FOCUS SEGMENT,M Performance,1
2025,02,MERCEDES,17,Girona,Corporate,ICE,KKL,FOCUS SEGMENT,Standard,4
2025,02,MERCEDES,17,Girona,Corporate,ICE,MKL,FOCUS SEGMENT,Standard,2
2025,02,MERCEDES,17,Girona,Corporate,ICE,MKL,REST,Standard,4
2025,02,MERCEDES,17,Girona,Corporate,ICE,SKL,REST,Standard,2
2025,02,MERCEDES,17,Girona,Corporate,ICE,UKL2,FOCUS SEGMENT,Standard,1
2025,02,MERCEDES,17,Girona,Private,ICE,KKL,FOCUS SEGMENT,Standard,2
2025,02,MERCEDES,17,Girona,Private,ICE,SKL,REST,Standard,1
2025,02,MERCEDES,17,Girona,Private,ICE,UKL2,FOCUS SEGMENT,M Performance,1
2025,02,MERCEDES,17,Girona,Private,ICE,UKL2,FOCUS SEGMENT,Standard,9
2025,02,MERCEDES,17,Girona,Private,PHEV,UKL2,FOCUS SEGMENT,Standard,1
2025,02,MERCEDES-V,17,Girona,Corporate,ICE,SKL,REST,Standard,1
2025,02,MERCEDES-V,17,Girona,Private,ICE,SKL,REST,Standard,1
2025,02,MG,17,Girona,Corporate,ICE,UKL1,REST,Standard,3
2025,02,MG,17,Girona,Private,ICE,KKL,REST,Standard,1
2025,02,MG,17,Girona,Private,ICE,UKL1,REST,Standard,41
2025,02,MG,17,Girona,Private,PHEV,KKL,REST,Standard,1
2025,02,MINI,17,Girona,Corporate,BEV,UKL1,FOCUS SEGMENT,Standard,9
2025,02,MINI,17,Girona,Corporate,BEV,UKL2,FOCUS SEGMENT,Standard,2
2025,02,MINI,17,Girona,Corporate,ICE,UKL1,FOCUS SEGMENT,Standard,3
2025,02,MINI,17,Girona,Corporate,ICE,UKL2,FOCUS SEGMENT,Standard,2
2025,02,MINI,17,Girona,Private,BEV,UKL1,FOCUS SEGMENT,Standard,3
2025,02,MINI,17,Girona,Private,ICE,UKL1,FOCUS SEGMENT,Standard,5
2025,02,MITSUBISHI,17,Girona,Corporate,ICE,UKL2,REST,Standard,1
2025,02,MITSUBISHI,17,Girona,Private,PHEV,UKL2,REST,Standard,1
2025,02,NISSAN,17,Girona,Corporate,ICE,KKL,REST,Standard,2
2025,02,NISSAN,17,Girona,Corporate,ICE,UKL1,REST,Standard,2
2025,02,NISSAN,17,Girona,Corporate,ICE,UKL2,REST,Standard,4
2025,02,NISSAN,17,Girona,Private,ICE,KKL,REST,Standard,8
2025,02,NISSAN,17,Girona,Private,ICE,SKL,REST,Standard,8
2025,02,NISSAN,17,Girona,Private,ICE,UKL1,REST,Standard,11
2025,02,NISSAN,17,Girona,Private,ICE,UKL2,REST,Standard,20
2025,02,OMODA,17,Girona,Private,ICE,UKL2,REST,Standard,15
2025,02,OPEL,17,Girona,Private,BEV,SKL,REST,Standard,1
2025,02,OPEL,17,Girona,Private,ICE,SKL,REST,Standard,2
2025,02,OPEL,17,Girona,Private,ICE,UKL1,REST,Standard,2
2025,02,OPEL,17,Girona,Private,ICE,UKL2,REST,Standard,2
2025,02,OPEL,17,Girona,RAC,ICE,UKL1,REST,Standard,1
2025,02,PEUGEOT,17,Girona,Corporate,BEV,SKL,REST,Standard,1
2025,02,PEUGEOT,17,Girona,Corporate,ICE,SKL,REST,Standard,1
2025,02,PEUGEOT,17,Girona,Corporate,ICE,UKL2,REST,Standard,6
2025,02,PEUGEOT,17,Girona,Private,ICE,SKL,REST,Standard,4
2025,02,PEUGEOT,17,Girona,Private,ICE,UKL1,REST,Standard,7
2025,02,PEUGEOT,17,Girona,Private,ICE,UKL2,REST,Standard,6
2025,02,POLESTAR,17,Girona,Private,BEV,KKL,FOCUS SEGMENT,Standard,1
2025,02,PORSCHE,17,Girona,Corporate,BEV,KKL,FOCUS SEGMENT,Standard,3
2025,02,PORSCHE,17,Girona,Corporate,ICE,MKL,FOCUS SEGMENT,Standard,1
2025,02,PORSCHE,17,Girona,Corporate,PHEV,MKL,FOCUS SEGMENT,M,1
2025,02,PORSCHE,17,Girona,Corporate,PHEV,MKL,FOCUS SEGMENT,Standard,1
2025,02,PORSCHE,17,Girona,Private,BEV,KKL,FOCUS SEGMENT,M Performance,1
2025,02,PORSCHE,17,Girona,Private,ICE,GKL,FOCUS SEGMENT,Standard,2
2025,02,PORSCHE,17,Girona,Private,PHEV,GKL,FOCUS SEGMENT,M Performance,1
2025,02,RENAULT,17,Girona,Corporate,BEV,UKL2,REST,Standard,1
2025,02,RENAULT,17,Girona,Corporate,ICE,UKL1,REST,Standard,8
2025,02,RENAULT,17,Girona,Corporate,ICE,UKL2,REST,Standard,2
2025,02,RENAULT,17,Girona,Private,BEV,UKL1,REST,Standard,6
2025,02,RENAULT,17,Girona,Private,BEV,UKL2,REST,Standard,1
2025,02,RENAULT,17,Girona,Private,ICE,SKL,REST,Standard,2
2025,02,RENAULT,17,Girona,Private,ICE,UKL1,REST,Standard,34
2025,02,RENAULT,17,Girona,Private,ICE,UKL2,REST,Standard,4
2025,02,SEAT,17,Girona,Corporate,ICE,UKL1,REST,Standard,45
2025,02,SEAT,17,Girona,Corporate,ICE,UKL2,REST,Standard,3
2025,02,SEAT,17,Girona,Private,ICE,KKL,REST,Standard,2
2025,02,SEAT,17,Girona,Private,ICE,UKL1,REST,Standard,33
2025,02,SEAT,17,Girona,Private,ICE,UKL2,REST,Standard,8
2025,02,SKODA,17,Girona,Corporate,BEV,UKL2,REST,Standard,1
2025,02,SKODA,17,Girona,Corporate,ICE,UKL1,REST,Standard,3
2025,02,SKODA,17,Girona,Corporate,ICE,UKL2,REST,Standard,24
2025,02,SKODA,17,Girona,Corporate,PHEV,KKL,REST,Standard,1
2025,02,SKODA,17,Girona,Private,ICE,UKL1,REST,Standard,4
2025,02,SKODA,17,Girona,Private,ICE,UKL2,REST,Standard,5
2025,02,SSANGYONG,17,Girona,Private,ICE,UKL1,REST,Standard,1
2025,02,SUBARU,17,Girona,Private,ICE,KKL,REST,Standard,2
2025,02,SUBARU,17,Girona,Private,ICE,UKL2,REST,Standard,1
2025,02,SUZUKI,17,Girona,Private,ICE,UKL1,REST,Standard,1
2025,02,SUZUKI,17,Girona,Private,ICE,UKL2,REST,Standard,7
2025,02,TESLA,17,Girona,Corporate,BEV,KKL,FOCUS SEGMENT,Standard,1
2025,02,TESLA,17,Girona,Private,BEV,KKL,FOCUS SEGMENT,Standard,11
2025,02,TOYOTA,17,Girona,Corporate,BEV,SKL,REST,Standard,1
2025,02,TOYOTA,17,Girona,Corporate,ICE,GKL,REST,Standard,1
2025,02,TOYOTA,17,Girona,Corporate,ICE,UKL1,REST,Standard,4
2025,02,TOYOTA,17,Girona,Corporate,ICE,UKL2,REST,Standard,3
2025,02,TOYOTA,17,Girona,Corporate,PHEV,UKL1,REST,Standard,1
2025,02,TOYOTA,17,Girona,Corporate,PHEV,UKL2,REST,Standard,3
2025,02,TOYOTA,17,Girona,Private,BEV,SKL,REST,Standard,1
2025,02,TOYOTA,17,Girona,Private,ICE,GKL,REST,Standard,2
2025,02,TOYOTA,17,Girona,Private,ICE,SKL,REST,Standard,3
2025,02,TOYOTA,17,Girona,Private,ICE,UKL0,REST,Standard,8
2025,02,TOYOTA,17,Girona,Private,ICE,UKL1,REST,Standard,46
2025,02,TOYOTA,17,Girona,Private,ICE,UKL2,REST,Standard,23
2025,02,TOYOTA,17,Girona,Private,PHEV,UKL1,REST,Standard,9
2025,02,TOYOTA,17,Girona,Private,PHEV,UKL2,REST,Standard,14
2025,02,VOLKSWAGEN,17,Girona,Corporate,BEV,SKL,REST,Standard,3
2025,02,VOLKSWAGEN,17,Girona,Corporate,BEV,UKL2,REST,Standard,3
2025,02,VOLKSWAGEN,17,Girona,Corporate,ICE,KKL,REST,Standard,1
2025,02,VOLKSWAGEN,17,Girona,Corporate,ICE,UKL1,REST,Standard,2
2025,02,VOLKSWAGEN,17,Girona,Corporate,ICE,UKL2,REST,Standard,8
2025,02,VOLKSWAGEN,17,Girona,Corporate,PHEV,SKL,REST,Standard,1
2025,02,VOLKSWAGEN,17,Girona,Private,BEV,UKL2,REST,Standard,1
2025,02,VOLKSWAGEN,17,Girona,Private,ICE,SKL,REST,Standard,4
2025,02,VOLKSWAGEN,17,Girona,Private,ICE,UKL1,REST,Standard,16
2025,02,VOLKSWAGEN,17,Girona,Private,ICE,UKL2,REST,Standard,13
2025,02,VOLKSWAGEN,17,Girona,Private,PHEV,UKL2,REST,Standard,2
2025,02,VOLVO,17,Girona,Corporate,ICE,KKL,FOCUS SEGMENT,Standard,1
2025,02,VOLVO,17,Girona,Corporate,ICE,UKL2,FOCUS SEGMENT,Standard,2
2025,02,VOLVO,17,Girona,Private,ICE,UKL2,FOCUS SEGMENT,Standard,5
2025,02,YUDO,17,Girona,Private,BEV,UKL2,REST,Standard,1
2025,02,ALPINE,18,Granada,Corporate,BEV,UKL1,REST,Standard,1
2025,02,AUDI,18,Granada,Corporate,ICE,KKL,FOCUS SEGMENT,Standard,2
2025,02,AUDI,18,Granada,Corporate,ICE,UKL1,FOCUS SEGMENT,Standard,5
2025,02,AUDI,18,Granada,Corporate,ICE,UKL2,FOCUS SEGMENT,Standard,2
2025,02,AUDI,18,Granada,Private,ICE,KKL,FOCUS SEGMENT,Standard,3
2025,02,AUDI,18,Granada,Private,ICE,MKL,FOCUS SEGMENT,Standard,1
2025,02,AUDI,18,Granada,Private,ICE,UKL1,FOCUS SEGMENT,Standard,4
2025,02,AUDI,18,Granada,Private,ICE,UKL2,FOCUS SEGMENT,Standard,7
2025,02,BMW,18,Granada,Corporate,BEV,KKL,FOCUS SEGMENT,Standard,1
2025,02,BMW,18,Granada,Corporate,BEV,UKL2,FOCUS SEGMENT,Standard,2
2025,02,BMW,18,Granada,Corporate,ICE,KKL,FOCUS SEGMENT,M,1
2025,02,BMW,18,Granada,Corporate,ICE,KKL,FOCUS SEGMENT,Standard,1
2025,02,BMW,18,Granada,Corporate,ICE,UKL2,FOCUS SEGMENT,Standard,6
2025,02,BMW,18,Granada,Corporate,PHEV,KKL,FOCUS SEGMENT,Standard,1
2025,02,BMW,18,Granada,Private,BEV,UKL2,FOCUS SEGMENT,Standard,1
2025,02,BMW,18,Granada,Private,ICE,KKL,FOCUS SEGMENT,Standard,3
2025,02,BMW,18,Granada,Private,ICE,MKL,FOCUS SEGMENT,Standard,1
2025,02,BMW,18,Granada,Private,ICE,UKL2,FOCUS SEGMENT,Standard,3
2025,02,BYD,18,Granada,Private,BEV,UKL1,REST,Standard,3
2025,02,BYD,18,Granada,Private,BEV,UKL2,REST,Standard,1
2025,02,CITROEN,18,Granada,Corporate,ICE,UKL1,REST,Standard,1
2025,02,CITROEN,18,Granada,Corporate,ICE,UKL2,REST,Standard,2
2025,02,CITROEN,18,Granada,Private,ICE,SKL,REST,Standard,1
2025,02,CITROEN,18,Granada,Private,ICE,UKL1,REST,Standard,3
2025,02,CITROEN,18,Granada,Private,ICE,UKL2,REST,Standard,5
2025,02,CUPRA,18,Granada,Corporate,ICE,UKL2,REST,Standard,2
2025,02,CUPRA,18,Granada,Private,ICE,UKL2,REST,Standard,6
2025,02,CUPRA,18,Granada,Private,PHEV,UKL2,REST,Standard,1
2025,02,DACIA,18,Granada,Corporate,BEV,UKL0,REST,Standard,1
2025,02,DACIA,18,Granada,Private,ICE,SKL,REST,Standard,18
2025,02,DACIA,18,Granada,Private,ICE,UKL1,REST,Standard,17
2025,02,DACIA,18,Granada,Private,ICE,UKL2,REST,Standard,3
2025,02,DFSK,18,Granada,Private,PHEV,KKL,REST,Standard,1
2025,02,DR,18,Granada,Private,ICE,UKL1,REST,Standard,1
2025,02,EBRO,18,Granada,Corporate,ICE,KKL,REST,Standard,2
2025,02,EBRO,18,Granada,Corporate,ICE,UKL2,REST,Standard,2
2025,02,EBRO,18,Granada,Private,ICE,UKL2,REST,Standard,2
2025,02,FIAT,18,Granada,Corporate,ICE,SKL,REST,Standard,2
2025,02,FIAT,18,Granada,Private,ICE,UKL0,REST,Standard,1
2025,02,FIAT,18,Granada,Private,ICE,UKL1,REST,Standard,1
2025,02,FIAT,18,Granada,Private,ICE,UKL2,REST,Standard,2
2025,02,FORD,18,Granada,Corporate,ICE,MKL,REST,Standard,1
2025,02,FORD,18,Granada,Corporate,ICE,SKL,REST,Standard,1
2025,02,FORD,18,Granada,Corporate,PHEV,UKL2,REST,Standard,1
2025,02,FORD,18,Granada,Private,ICE,SKL,REST,Standard,1
2025,02,FORD,18,Granada,Private,ICE,UKL1,REST,Standard,5
2025,02,FORD,18,Granada,Private,ICE,UKL2,REST,Standard,5
2025,02,FORD,18,Granada,Private,PHEV,UKL2,REST,Standard,1
2025,02,HONDA,18,Granada,Private,ICE,UKL1,REST,Standard,3
2025,02,HONDA,18,Granada,Private,ICE,UKL2,REST,Standard,2
2025,02,HYUNDAI,18,Granada,Corporate,BEV,KKL,REST,Standard,1
2025,02,HYUNDAI,18,Granada,Corporate,ICE,UKL0,REST,Standard,1
2025,02,HYUNDAI,18,Granada,Corporate,ICE,UKL1,REST,Standard,3
2025,02,HYUNDAI,18,Granada,Corporate,ICE,UKL2,REST,Standard,7
2025,02,HYUNDAI,18,Granada,Private,BEV,UKL1,REST,Standard,1
2025,02,HYUNDAI,18,Granada,Private,BEV,UKL2,REST,Standard,2
2025,02,HYUNDAI,18,Granada,Private,ICE,UKL0,REST,Standard,1
2025,02,HYUNDAI,18,Granada,Private,ICE,UKL1,REST,Standard,12
2025,02,HYUNDAI,18,Granada,Private,ICE,UKL2,REST,Standard,16
2025,02,JAECOO,18,Granada,Private,ICE,UKL2,REST,Standard,3
2025,02,JAECOO,18,Granada,Private,PHEV,UKL2,REST,Standard,3
2025,02,JAGUAR,18,Granada,Corporate,ICE,MKL,FOCUS SEGMENT,Standard,1
2025,02,JAGUAR,18,Granada,Private,ICE,KKL,FOCUS SEGMENT,Standard,1
2025,02,JEEP,18,Granada,Private,ICE,UKL1,REST,Standard,1
2025,02,JEEP,18,Granada,Private,PHEV,UKL2,REST,Standard,2
2025,02,KG MOBILITY,18,Granada,Private,ICE,MKL,REST,Standard,1
2025,02,KIA,18,Granada,Private,BEV,MKL,REST,Standard,1
2025,02,KIA,18,Granada,Private,BEV,UKL1,REST,Standard,6
2025,02,KIA,18,Granada,Private,ICE,,,Standard,2
2025,02,KIA,18,Granada,Private,ICE,KKL,REST,Standard,1
2025,02,KIA,18,Granada,Private,ICE,UKL1,REST,Standard,13
2025,02,KIA,18,Granada,Private,ICE,UKL2,REST,Standard,46
2025,02,LAND ROVER,18,Granada,Private,ICE,MKL,FOCUS SEGMENT,Standard,1
2025,02,LEXUS,18,Granada,Private,ICE,KKL,FOCUS SEGMENT,Standard,1
2025,02,LEXUS,18,Granada,Private,ICE,UKL1,FOCUS SEGMENT,Standard,3
2025,02,LEXUS,18,Granada,Private,ICE,UKL2,FOCUS SEGMENT,Standard,1
2025,02,LEXUS,18,Granada,Private,PHEV,KKL,FOCUS SEGMENT,Standard,2
2025,02,MAZDA,18,Granada,Corporate,ICE,KKL,REST,Standard,1
2025,02,MAZDA,18,Granada,Private,ICE,KKL,REST,Standard,1
2025,02,MAZDA,18,Granada,Private,ICE,UKL1,REST,Standard,1
2025,02,MAZDA,18,Granada,Private,ICE,UKL2,REST,Standard,15
2025,02,MERCEDES,18,Granada,Corporate,ICE,KKL,FOCUS SEGMENT,Standard,10
2025,02,MERCEDES,18,Granada,Corporate,ICE,MKL,REST,Standard,1
2025,02,MERCEDES,18,Granada,Corporate,ICE,UKL2,FOCUS SEGMENT,M,1
2025,02,MERCEDES,18,Granada,Corporate,ICE,UKL2,FOCUS SEGMENT,Standard,3
2025,02,MERCEDES,18,Granada,Corporate,PHEV,KKL,FOCUS SEGMENT,Standard,1
2025,02,MERCEDES,18,Granada,Corporate,PHEV,MKL,FOCUS SEGMENT,Standard,2
2025,02,MERCEDES,18,Granada,Private,ICE,KKL,FOCUS SEGMENT,Standard,5
2025,02,MERCEDES,18,Granada,Private,ICE,MKL,FOCUS SEGMENT,M Performance,1
2025,02,MERCEDES,18,Granada,Private,ICE,MKL,FOCUS SEGMENT,Standard,1
2025,02,MERCEDES,18,Granada,Private,ICE,SKL,REST,Standard,1
2025,02,MERCEDES,18,Granada,Private,ICE,UKL2,FOCUS SEGMENT,Standard,4
2025,02,MERCEDES,18,Granada,Private,PHEV,KKL,FOCUS SEGMENT,Standard,2
2025,02,MERCEDES,18,Granada,Private,PHEV,UKL2,FOCUS SEGMENT,Standard,2
2025,02,MG,18,Granada,Private,BEV,UKL2,REST,Standard,3
2025,02,MG,18,Granada,Private,ICE,KKL,REST,Standard,3
2025,02,MG,18,Granada,Private,ICE,UKL1,REST,Standard,48
2025,02,MG,18,Granada,Private,PHEV,KKL,REST,Standard,5
2025,02,MINI,18,Granada,Corporate,ICE,UKL1,FOCUS SEGMENT,Standard,1
2025,02,MINI,18,Granada,Private,BEV,UKL1,FOCUS SEGMENT,Standard,3
2025,02,MINI,18,Granada,Private,BEV,UKL2,FOCUS SEGMENT,Standard,2
2025,02,MINI,18,Granada,Private,ICE,UKL2,FOCUS SEGMENT,Standard,1
2025,02,MITSUBISHI,18,Granada,Private,ICE,UKL2,REST,Standard,5
2025,02,MODELCAR HNOS,18,Granada,RAC,ICE,,REST,Standard,1
2025,02,NISSAN,18,Granada,Corporate,ICE,UKL2,REST,Standard,3
2025,02,NISSAN,18,Granada,Private,ICE,KKL,REST,Standard,4
2025,02,NISSAN,18,Granada,Private,ICE,UKL1,REST,Standard,8
2025,02,NISSAN,18,Granada,Private,ICE,UKL2,REST,Standard,12
2025,02,OMODA,18,Granada,Corporate,ICE,UKL2,REST,Standard,1
2025,02,OMODA,18,Granada,Private,ICE,UKL2,REST,Standard,12
2025,02,OPEL,18,Granada,Corporate,ICE,UKL1,REST,Standard,1
2025,02,OPEL,18,Granada,Private,ICE,UKL1,REST,Standard,2
2025,02,OPEL,18,Granada,Private,ICE,UKL2,REST,Standard,4
2025,02,PEUGEOT,18,Granada,Private,BEV,UKL2,REST,Standard,1
2025,02,PEUGEOT,18,Granada,Private,ICE,KKL,REST,Standard,3
2025,02,PEUGEOT,18,Granada,Private,ICE,SKL,REST,Standard,4
2025,02,PEUGEOT,18,Granada,Private,ICE,UKL1,REST,Standard,8
2025,02,PEUGEOT,18,Granada,Private,ICE,UKL2,REST,Standard,6
2025,02,PEUGEOT,18,Granada,Private,PHEV,UKL2,REST,Standard,1
2025,02,PORSCHE,18,Granada,Corporate,PHEV,MKL,FOCUS SEGMENT,Standard,1
2025,02,PORSCHE,18,Granada,Private,PHEV,MKL,FOCUS SEGMENT,Standard,1
2025,02,REHATRANS,18,Granada,Corporate,ICE,,REST,Standard,1
2025,02,REHATRANS,18,Granada,Private,ICE,,REST,Standard,1
2025,02,RENAULT,18,Granada,Corporate,BEV,UKL2,REST,Standard,1
2025,02,RENAULT,18,Granada,Corporate,ICE,UKL1,REST,Standard,5
2025,02,RENAULT,18,Granada,Corporate,ICE,UKL2,REST,Standard,4
2025,02,RENAULT,18,Granada,Private,BEV,UKL1,REST,Standard,2
2025,02,RENAULT,18,Granada,Private,ICE,SKL,REST,Standard,2
2025,02,RENAULT,18,Granada,Private,ICE,UKL1,REST,Standard,17
2025,02,RENAULT,18,Granada,Private,ICE,UKL2,REST,Standard,12
2025,02,SEAT,18,Granada,Corporate,ICE,UKL1,REST,Standard,7
2025,02,SEAT,18,Granada,Corporate,ICE,UKL2,REST,Standard,6
2025,02,SEAT,18,Granada,Private,ICE,UKL1,REST,Standard,37
2025,02,SEAT,18,Granada,Private,ICE,UKL2,REST,Standard,26
2025,02,SIN MARCA,18,Granada,Private,ICE,,REST,Standard,1
2025,02,SKODA,18,Granada,Corporate,BEV,UKL2,REST,Standard,1
2025,02,SKODA,18,Granada,Corporate,ICE,KKL,REST,Standard,1
2025,02,SKODA,18,Granada,Corporate,ICE,UKL1,REST,Standard,8
2025,02,SKODA,18,Granada,Corporate,ICE,UKL2,REST,Standard,2
2025,02,SKODA,18,Granada,Private,ICE,KKL,REST,Standard,1
2025,02,SKODA,18,Granada,Private,ICE,UKL1,REST,Standard,8
2025,02,SKODA,18,Granada,Private,ICE,UKL2,REST,Standard,5
2025,02,SUZUKI,18,Granada,Private,ICE,UKL1,REST,Standard,2
2025,02,SUZUKI,18,Granada,Private,ICE,UKL2,REST,Standard,2
2025,02,TESLA,18,Granada,Corporate,BEV,KKL,FOCUS SEGMENT,Standard,1
2025,02,TESLA,18,Granada,Private,BEV,KKL,FOCUS SEGMENT,Standard,11
2025,02,TOYOTA,18,Granada,Corporate,BEV,UKL2,REST,Standard,2
2025,02,TOYOTA,18,Granada,Corporate,ICE,SKL,REST,Standard,2
2025,02,TOYOTA,18,Granada,Corporate,ICE,UKL1,REST,Standard,5
2025,02,TOYOTA,18,Granada,Corporate,ICE,UKL2,REST,Standard,5
2025,02,TOYOTA,18,Granada,Corporate,PHEV,UKL1,REST,Standard,1
2025,02,TOYOTA,18,Granada,Corporate,PHEV,UKL2,REST,Standard,2
2025,02,TOYOTA,18,Granada,Private,BEV,UKL2,REST,Standard,1
2025,02,TOYOTA,18,Granada,Private,ICE,GKL,REST,Standard,2
2025,02,TOYOTA,18,Granada,Private,ICE,SKL,REST,Standard,2
2025,02,TOYOTA,18,Granada,Private,ICE,UKL0,REST,Standard,3
2025,02,TOYOTA,18,Granada,Private,ICE,UKL1,REST,Standard,44
2025,02,TOYOTA,18,Granada,Private,ICE,UKL2,REST,Standard,29
2025,02,TOYOTA,18,Granada,Private,PHEV,UKL1,REST,Standard,9
2025,02,TOYOTA,18,Granada,Private,PHEV,UKL2,REST,Standard,3
2025,02,VOLKSWAGEN,18,Granada,Corporate,ICE,SKL,REST,Standard,1
2025,02,VOLKSWAGEN,18,Granada,Corporate,ICE,UKL1,REST,Standard,7
2025,02,VOLKSWAGEN,18,Granada,Corporate,ICE,UKL2,REST,Standard,8
2025,02,VOLKSWAGEN,18,Granada,Private,ICE,KKL,REST,Standard,1
2025,02,VOLKSWAGEN,18,Granada,Private,ICE,SKL,REST,Standard,2
2025,02,VOLKSWAGEN,18,Granada,Private,ICE,UKL1,REST,Standard,22
2025,02,VOLKSWAGEN,18,Granada,Private,ICE,UKL2,REST,Standard,26
2025,02,VOLVO,18,Granada,Private,ICE,KKL,FOCUS SEGMENT,Standard,2
2025,02,VOLVO,18,Granada,Private,ICE,UKL2,FOCUS SEGMENT,Standard,4
2025,02,AUDI,19,Guadalajara,Corporate,ICE,MKL,FOCUS SEGMENT,Standard,2
2025,02,AUDI,19,Guadalajara,Corporate,ICE,UKL1,FOCUS SEGMENT,Standard,2
2025,02,AUDI,19,Guadalajara,Corporate,ICE,UKL2,FOCUS SEGMENT,Standard,2
2025,02,AUDI,19,Guadalajara,Private,ICE,KKL,FOCUS SEGMENT,Standard,1
2025,02,AUDI,19,Guadalajara,Private,ICE,UKL2,FOCUS SEGMENT,Standard,2
2025,02,BMW,19,Guadalajara,Corporate,ICE,KKL,FOCUS SEGMENT,Standard,3
2025,02,BMW,19,Guadalajara,Private,ICE,UKL2,FOCUS SEGMENT,Standard,4
2025,02,BMW,19,Guadalajara,Private,PHEV,UKL2,FOCUS SEGMENT,Standard,1
2025,02,BYD,19,Guadalajara,Private,BEV,UKL1,REST,Standard,1
2025,02,BYD,19,Guadalajara,Private,BEV,UKL2,REST,Standard,3
2025,02,BYD,19,Guadalajara,Private,PHEV,KKL,REST,Standard,1
2025,02,CITROEN,19,Guadalajara,Corporate,ICE,UKL2,REST,Standard,4
2025,02,CITROEN,19,Guadalajara,Private,BEV,SKL,REST,Standard,1
2025,02,CITROEN,19,Guadalajara,Private,BEV,UKL1,REST,Standard,2
2025,02,CITROEN,19,Guadalajara,Private,ICE,SKL,REST,Standard,2
2025,02,CITROEN,19,Guadalajara,Private,ICE,UKL1,REST,Standard,1
2025,02,CITROEN,19,Guadalajara,Private,ICE,UKL2,REST,Standard,3
2025,02,CUPRA,19,Guadalajara,Corporate,BEV,UKL2,REST,Standard,2
2025,02,CUPRA,19,Guadalajara,Private,ICE,UKL2,REST,Standard,1
2025,02,CUPRA,19,Guadalajara,Private,PHEV,UKL2,REST,Standard,1
2025,02,DACIA,19,Guadalajara,Corporate,BEV,UKL0,REST,Standard,3
2025,02,DACIA,19,Guadalajara,Corporate,ICE,SKL,REST,Standard,2
2025,02,DACIA,19,Guadalajara,Corporate,ICE,UKL1,REST,Standard,7
2025,02,DACIA,19,Guadalajara,Corporate,ICE,UKL2,REST,Standard,2
2025,02,DACIA,19,Guadalajara,Private,BEV,UKL0,REST,Standard,1
2025,02,DACIA,19,Guadalajara,Private,ICE,SKL,REST,Standard,5
2025,02,DACIA,19,Guadalajara,Private,ICE,UKL1,REST,Standard,5
2025,02,EBRO,19,Guadalajara,Corporate,ICE,UKL2,REST,Standard,2
2025,02,EBRO,19,Guadalajara,Private,ICE,UKL2,REST,Standard,2
2025,02,FIAT,19,Guadalajara,Private,ICE,UKL1,REST,Standard,1
2025,02,FORD,19,Guadalajara,Private,ICE,UKL1,REST,Standard,1
2025,02,FORD,19,Guadalajara,Private,ICE,UKL2,REST,Standard,4
2025,02,FORD,19,Guadalajara,Private,PHEV,UKL2,REST,Standard,1
2025,02,HONDA,19,Guadalajara,Private,ICE,KKL,REST,Standard,1
2025,02,HONDA,19,Guadalajara,Private,ICE,UKL1,REST,Standard,1
2025,02,HYUNDAI,19,Guadalajara,Private,ICE,UKL0,REST,Standard,1
2025,02,HYUNDAI,19,Guadalajara,Private,ICE,UKL1,REST,Standard,6
2025,02,HYUNDAI,19,Guadalajara,Private,ICE,UKL2,REST,Standard,10
2025,02,JAECOO,19,Guadalajara,Corporate,ICE,UKL2,REST,Standard,1
2025,02,JAECOO,19,Guadalajara,Private,ICE,UKL2,REST,Standard,1
2025,02,JAECOO,19,Guadalajara,Private,PHEV,UKL2,REST,Standard,7
2025,02,JEEP,19,Guadalajara,Private,ICE,UKL1,REST,Standard,2
2025,02,KIA,19,Guadalajara,Corporate,BEV,UKL1,REST,Standard,1
2025,02,KIA,19,Guadalajara,Corporate,ICE,UKL2,REST,Standard,4
2025,02,KIA,19,Guadalajara,Private,BEV,UKL1,REST,Standard,5
2025,02,KIA,19,Guadalajara,Private,ICE,UKL0,REST,Standard,2
2025,02,KIA,19,Guadalajara,Private,ICE,UKL1,REST,Standard,4
2025,02,KIA,19,Guadalajara,Private,ICE,UKL2,REST,Standard,13
2025,02,LEXUS,19,Guadalajara,Private,ICE,KKL,FOCUS SEGMENT,Standard,1
2025,02,LEXUS,19,Guadalajara,Private,ICE,UKL2,FOCUS SEGMENT,Standard,1
2025,02,LEXUS,19,Guadalajara,Private,PHEV,KKL,FOCUS SEGMENT,Standard,2
2025,02,LYNK & CO,19,Guadalajara,Private,BEV,UKL2,REST,Standard,1
2025,02,MAZDA,19,Guadalajara,Corporate,ICE,UKL1,REST,Standard,1
2025,02,MAZDA,19,Guadalajara,Corporate,ICE,UKL2,REST,Standard,1
2025,02,MAZDA,19,Guadalajara,Private,ICE,KKL,REST,Standard,2
2025,02,MAZDA,19,Guadalajara,Private,ICE,UKL2,REST,Standard,8
2025,02,MERCEDES,19,Guadalajara,Corporate,ICE,UKL2,FOCUS SEGMENT,Standard,1
2025,02,MERCEDES,19,Guadalajara,Private,ICE,KKL,FOCUS SEGMENT,Standard,2
2025,02,MG,19,Guadalajara,Corporate,BEV,UKL2,REST,Standard,1
2025,02,MG,19,Guadalajara,Corporate,ICE,UKL1,REST,Standard,1
2025,02,MG,19,Guadalajara,Private,BEV,UKL2,REST,Standard,1
2025,02,MG,19,Guadalajara,Private,ICE,KKL,REST,Standard,2
2025,02,MG,19,Guadalajara,Private,ICE,UKL1,REST,Standard,14
2025,02,MINI,19,Guadalajara,Corporate,BEV,UKL1,FOCUS SEGMENT,Standard,1
2025,02,MINI,19,Guadalajara,Private,BEV,UKL1,FOCUS SEGMENT,Standard,1
2025,02,MINI,19,Guadalajara,Private,ICE,UKL2,FOCUS SEGMENT,Standard,1
2025,02,MITSUBISHI,19,Guadalajara,Corporate,ICE,UKL1,REST,Standard,1
2025,02,MITSUBISHI,19,Guadalajara,Private,ICE,UKL1,REST,Standard,2
2025,02,NISSAN,19,Guadalajara,Corporate,ICE,UKL1,REST,Standard,1
2025,02,NISSAN,19,Guadalajara,Private,ICE,KKL,REST,Standard,2
2025,02,NISSAN,19,Guadalajara,Private,ICE,UKL1,REST,Standard,1
2025,02,NISSAN,19,Guadalajara,Private,ICE,UKL2,REST,Standard,1
2025,02,OMODA,19,Guadalajara,Private,ICE,UKL2,REST,Standard,6
2025,02,OPEL,19,Guadalajara,Private,ICE,UKL1,REST,Standard,1
2025,02,OPEL,19,Guadalajara,Private,ICE,UKL2,REST,Standard,1
2025,02,PEUGEOT,19,Guadalajara,Private,ICE,KKL,REST,Standard,1
2025,02,PEUGEOT,19,Guadalajara,Private,ICE,UKL1,REST,Standard,2
2025,02,PEUGEOT,19,Guadalajara,Private,ICE,UKL2,REST,Standard,1
2025,02,RENAULT,19,Guadalajara,Corporate,ICE,UKL1,REST,Standard,4
2025,02,RENAULT,19,Guadalajara,Corporate,ICE,UKL2,REST,Standard,3
2025,02,RENAULT,19,Guadalajara,Private,BEV,UKL1,REST,Standard,2
2025,02,RENAULT,19,Guadalajara,Private,ICE,UKL1,REST,Standard,8
2025,02,RENAULT,19,Guadalajara,Private,ICE,UKL2,REST,Standard,7
2025,02,RENAULT,19,Guadalajara,RAC,ICE,UKL1,REST,Standard,3
2025,02,SEAT,19,Guadalajara,Corporate,ICE,UKL1,REST,Standard,2
2025,02,SEAT,19,Guadalajara,Private,ICE,UKL1,REST,Standard,10
2025,02,SEAT,19,Guadalajara,Private,ICE,UKL2,REST,Standard,7
2025,02,SEAT,19,Guadalajara,Private,PHEV,UKL2,REST,Standard,1
2025,02,SKODA,19,Guadalajara,Corporate,ICE,UKL2,REST,Standard,2
2025,02,SKODA,19,Guadalajara,Corporate,PHEV,KKL,REST,Standard,1
2025,02,SKODA,19,Guadalajara,Private,ICE,UKL1,REST,Standard,1
2025,02,SKODA,19,Guadalajara,Private,ICE,UKL2,REST,Standard,4
2025,02,SKODA,19,Guadalajara,Private,PHEV,KKL,REST,Standard,5
2025,02,SSANGYONG,19,Guadalajara,Private,ICE,UKL1,REST,Standard,1
2025,02,SUBARU,19,Guadalajara,Corporate,ICE,UKL2,REST,Standard,1
2025,02,SUZUKI,19,Guadalajara,Private,ICE,UKL1,REST,Standard,2
2025,02,SUZUKI,19,Guadalajara,Private,ICE,UKL2,REST,Standard,2
2025,02,TESLA,19,Guadalajara,Corporate,BEV,GKL,FOCUS SEGMENT,Standard,1
2025,02,TESLA,19,Guadalajara,Private,BEV,KKL,FOCUS SEGMENT,Standard,9
2025,02,TOYOTA,19,Guadalajara,Corporate,BEV,UKL2,REST,Standard,1
2025,02,TOYOTA,19,Guadalajara,Corporate,ICE,UKL2,REST,Standard,1
2025,02,TOYOTA,19,Guadalajara,Private,ICE,UKL1,REST,Standard,15
2025,02,TOYOTA,19,Guadalajara,Private,ICE,UKL2,REST,Standard,15
2025,02,TOYOTA,19,Guadalajara,Private,PHEV,UKL1,REST,Standard,3
2025,02,TOYOTA,19,Guadalajara,Private,PHEV,UKL2,REST,Standard,4
2025,02,VOLKSWAGEN,19,Guadalajara,Corporate,ICE,SKL,REST,Standard,1
2025,02,VOLKSWAGEN,19,Guadalajara,Corporate,ICE,UKL2,REST,Standard,2
2025,02,VOLKSWAGEN,19,Guadalajara,Private,BEV,UKL2,REST,Standard,1
2025,02,VOLKSWAGEN,19,Guadalajara,Private,ICE,SKL,REST,Standard,1
2025,02,VOLKSWAGEN,19,Guadalajara,Private,ICE,UKL1,REST,Standard,3
2025,02,VOLKSWAGEN,19,Guadalajara,Private,ICE,UKL2,REST,Standard,3
2025,02,ALFA ROMEO,20,Gipuzkoa,Private,ICE,UKL1,REST,Standard,1
2025,02,AUDI,20,Gipuzkoa,Corporate,ICE,KKL,FOCUS SEGMENT,Standard,2
2025,02,AUDI,20,Gipuzkoa,Corporate,ICE,MKL,FOCUS SEGMENT,Standard,1
2025,02,AUDI,20,Gipuzkoa,Corporate,ICE,UKL1,FOCUS SEGMENT,Standard,2
2025,02,AUDI,20,Gipuzkoa,Corporate,ICE,UKL2,FOCUS SEGMENT,Standard,5
2025,02,AUDI,20,Gipuzkoa,Private,ICE,KKL,FOCUS SEGMENT,Standard,2
2025,02,AUDI,20,Gipuzkoa,Private,ICE,MKL,FOCUS SEGMENT,M,2
2025,02,AUDI,20,Gipuzkoa,Private,ICE,MKL,FOCUS SEGMENT,Standard,1
2025,02,AUDI,20,Gipuzkoa,Private,ICE,UKL2,FOCUS SEGMENT,M,2
2025,02,AUDI,20,Gipuzkoa,Private,ICE,UKL2,FOCUS SEGMENT,M Performance,1
2025,02,AUDI,20,Gipuzkoa,Private,ICE,UKL2,FOCUS SEGMENT,Standard,3
2025,02,BMW,20,Gipuzkoa,Corporate,ICE,KKL,FOCUS SEGMENT,M,1
2025,02,BMW,20,Gipuzkoa,Corporate,ICE,MKL,FOCUS SEGMENT,Standard,4
2025,02,BMW,20,Gipuzkoa,Corporate,ICE,UKL2,FOCUS SEGMENT,Standard,1
2025,02,BMW,20,Gipuzkoa,Corporate,PHEV,KKL,FOCUS SEGMENT,Standard,2
2025,02,BMW,20,Gipuzkoa,Private,ICE,MKL,FOCUS SEGMENT,Standard,1
2025,02,BMW,20,Gipuzkoa,Private,ICE,UKL2,FOCUS SEGMENT,Standard,3
2025,02,BYD,20,Gipuzkoa,Private,BEV,KKL,REST,Standard,1
2025,02,BYD,20,Gipuzkoa,Private,BEV,UKL2,REST,Standard,2
2025,02,CITROEN,20,Gipuzkoa,Corporate,ICE,SKL,REST,Standard,2
2025,02,CITROEN,20,Gipuzkoa,Private,ICE,SKL,REST,Standard,3
2025,02,CITROEN,20,Gipuzkoa,Private,ICE,UKL1,REST,Standard,2
2025,02,CITROEN,20,Gipuzkoa,Private,ICE,UKL2,REST,Standard,4
2025,02,CUPRA,20,Gipuzkoa,Corporate,ICE,UKL2,REST,Standard,1
2025,02,CUPRA,20,Gipuzkoa,Private,BEV,UKL2,REST,Standard,1
2025,02,CUPRA,20,Gipuzkoa,Private,ICE,UKL2,REST,Standard,5
2025,02,CUPRA,20,Gipuzkoa,Private,PHEV,UKL2,REST,Standard,2
2025,02,DACIA,20,Gipuzkoa,Corporate,ICE,SKL,REST,Standard,1
2025,02,DACIA,20,Gipuzkoa,Corporate,ICE,UKL1,REST,Standard,2
2025,02,DACIA,20,Gipuzkoa,Corporate,ICE,UKL2,REST,Standard,1
2025,02,DACIA,20,Gipuzkoa,Private,ICE,SKL,REST,Standard,13
2025,02,DACIA,20,Gipuzkoa,Private,ICE,UKL1,REST,Standard,10
2025,02,DACIA,20,Gipuzkoa,Private,ICE,UKL2,REST,Standard,5
2025,02,DACIA,20,Gipuzkoa,RAC,ICE,SKL,REST,Standard,1
2025,02,EBRO,20,Gipuzkoa,Corporate,ICE,UKL2,REST,Standard,1
2025,02,EBRO,20,Gipuzkoa,Private,ICE,KKL,REST,Standard,2
2025,02,EBRO,20,Gipuzkoa,Private,ICE,UKL2,REST,Standard,3
2025,02,FIAT,20,Gipuzkoa,Private,ICE,UKL0,REST,Standard,1
2025,02,FIAT,20,Gipuzkoa,Private,ICE,UKL2,REST,Standard,1
2025,02,FORD,20,Gipuzkoa,Corporate,PHEV,SKL,REST,Standard,2
2025,02,FORD,20,Gipuzkoa,Private,BEV,KKL,REST,Standard,1
2025,02,FORD,20,Gipuzkoa,Private,ICE,SKL,REST,Standard,6
2025,02,FORD,20,Gipuzkoa,Private,ICE,UKL1,REST,Standard,2
2025,02,FORD,20,Gipuzkoa,Private,ICE,UKL2,REST,Standard,9
2025,02,FORD,20,Gipuzkoa,Private,PHEV,UKL2,REST,Standard,2
2025,02,HONDA,20,Gipuzkoa,Corporate,ICE,UKL1,REST,Standard,1
2025,02,HONDA,20,Gipuzkoa,Corporate,ICE,UKL2,REST,Standard,1
2025,02,HONDA,20,Gipuzkoa,Private,ICE,UKL1,REST,Standard,5
2025,02,HONDA,20,Gipuzkoa,Private,ICE,UKL2,REST,Standard,2
2025,02,HYUNDAI,20,Gipuzkoa,Corporate,BEV,UKL1,REST,Standard,1
2025,02,HYUNDAI,20,Gipuzkoa,Corporate,ICE,UKL1,REST,Standard,1
2025,02,HYUNDAI,20,Gipuzkoa,Corporate,ICE,UKL2,REST,Standard,1
2025,02,HYUNDAI,20,Gipuzkoa,Private,ICE,UKL0,REST,Standard,1
2025,02,HYUNDAI,20,Gipuzkoa,Private,ICE,UKL1,REST,Standard,11
2025,02,HYUNDAI,20,Gipuzkoa,Private,ICE,UKL2,REST,Standard,6
2025,02,HYUNDAI,20,Gipuzkoa,Private,PHEV,UKL2,REST,Standard,1
2025,02,JAECOO,20,Gipuzkoa,Corporate,PHEV,UKL2,REST,Standard,2
2025,02,JAECOO,20,Gipuzkoa,Private,ICE,UKL2,REST,Standard,1
2025,02,JAECOO,20,Gipuzkoa,Private,PHEV,UKL2,REST,Standard,15
2025,02,JEEP,20,Gipuzkoa,Corporate,ICE,UKL1,REST,Standard,1
2025,02,JEEP,20,Gipuzkoa,Private,ICE,UKL1,REST,Standard,1
2025,02,JEEP,20,Gipuzkoa,Private,PHEV,UKL1,REST,Standard,1
2025,02,KIA,20,Gipuzkoa,Corporate,ICE,UKL2,REST,Standard,1
2025,02,KIA,20,Gipuzkoa,Private,BEV,KKL,REST,Standard,1
2025,02,KIA,20,Gipuzkoa,Private,BEV,UKL1,REST,Standard,10
2025,02,KIA,20,Gipuzkoa,Private,ICE,,,Standard,1
2025,02,KIA,20,Gipuzkoa,Private,ICE,KKL,REST,Standard,2
2025,02,KIA,20,Gipuzkoa,Private,ICE,UKL0,REST,Standard,1
2025,02,KIA,20,Gipuzkoa,Private,ICE,UKL1,REST,Standard,7
2025,02,KIA,20,Gipuzkoa,Private,ICE,UKL2,REST,Standard,18
2025,02,LAND ROVER,20,Gipuzkoa,Corporate,PHEV,UKL2,FOCUS SEGMENT,Standard,2
2025,02,LEAPMOTOR,20,Gipuzkoa,Corporate,BEV,MKL,REST,Standard,1
2025,02,LEAPMOTOR,20,Gipuzkoa,Corporate,BEV,UKL0,REST,Standard,1
2025,02,LEAPMOTOR,20,Gipuzkoa,Private,BEV,UKL0,REST,Standard,1
2025,02,LEXUS,20,Gipuzkoa,Corporate,ICE,UKL1,FOCUS SEGMENT,Standard,3
2025,02,LEXUS,20,Gipuzkoa,Corporate,PHEV,KKL,FOCUS SEGMENT,Standard,2
2025,02,LEXUS,20,Gipuzkoa,Private,ICE,KKL,FOCUS SEGMENT,Standard,1
2025,02,LEXUS,20,Gipuzkoa,Private,ICE,MKL,FOCUS SEGMENT,Standard,1
2025,02,LEXUS,20,Gipuzkoa,Private,ICE,UKL1,FOCUS SEGMENT,Standard,2
2025,02,LEXUS,20,Gipuzkoa,Private,PHEV,KKL,FOCUS SEGMENT,Standard,3
2025,02,MAZDA,20,Gipuzkoa,Corporate,ICE,KKL,REST,Standard,2
2025,02,MAZDA,20,Gipuzkoa,Private,ICE,KKL,REST,Standard,1
2025,02,MAZDA,20,Gipuzkoa,Private,ICE,UKL2,REST,Standard,20
2025,02,MERCEDES,20,Gipuzkoa,Corporate,BEV,UKL2,FOCUS SEGMENT,Standard,1
2025,02,MERCEDES,20,Gipuzkoa,Corporate,ICE,KKL,FOCUS SEGMENT,Standard,3
2025,02,MERCEDES,20,Gipuzkoa,Corporate,ICE,MKL,FOCUS SEGMENT,Standard,3
2025,02,MERCEDES,20,Gipuzkoa,Corporate,ICE,MKL,REST,Standard,1
2025,02,MERCEDES,20,Gipuzkoa,Corporate,ICE,UKL2,FOCUS SEGMENT,Standard,11
2025,02,MERCEDES,20,Gipuzkoa,Corporate,PHEV,KKL,FOCUS SEGMENT,Standard,1
2025,02,MERCEDES,20,Gipuzkoa,Corporate,PHEV,UKL2,FOCUS SEGMENT,Standard,1
2025,02,MERCEDES,20,Gipuzkoa,Private,ICE,KKL,FOCUS SEGMENT,Standard,1
2025,02,MERCEDES,20,Gipuzkoa,Private,ICE,UKL2,FOCUS SEGMENT,Standard,2
2025,02,MERCEDES,20,Gipuzkoa,Private,PHEV,KKL,FOCUS SEGMENT,Standard,1
2025,02,MG,20,Gipuzkoa,Corporate,ICE,KKL,REST,Standard,1
2025,02,MG,20,Gipuzkoa,Corporate,ICE,UKL1,REST,Standard,2
2025,02,MG,20,Gipuzkoa,Corporate,PHEV,KKL,REST,Standard,1
2025,02,MG,20,Gipuzkoa,Private,ICE,KKL,REST,Standard,3
2025,02,MG,20,Gipuzkoa,Private,ICE,UKL1,REST,Standard,17
2025,02,MG,20,Gipuzkoa,Private,PHEV,KKL,REST,Standard,4
2025,02,MINI,20,Gipuzkoa,Private,ICE,UKL1,FOCUS SEGMENT,Standard,1
2025,02,MINI,20,Gipuzkoa,Private,ICE,UKL2,FOCUS SEGMENT,Standard,1
2025,02,NISSAN,20,Gipuzkoa,Corporate,ICE,KKL,REST,Standard,2
2025,02,NISSAN,20,Gipuzkoa,Private,ICE,KKL,REST,Standard,12
2025,02,NISSAN,20,Gipuzkoa,Private,ICE,SKL,REST,Standard,2
2025,02,NISSAN,20,Gipuzkoa,Private,ICE,UKL1,REST,Standard,4
2025,02,NISSAN,20,Gipuzkoa,Private,ICE,UKL2,REST,Standard,5
2025,02,OMODA,20,Gipuzkoa,Corporate,BEV,UKL2,REST,Standard,1
2025,02,OMODA,20,Gipuzkoa,Corporate,ICE,UKL2,REST,Standard,2
2025,02,OMODA,20,Gipuzkoa,Private,BEV,UKL2,REST,Standard,1
2025,02,OMODA,20,Gipuzkoa,Private,ICE,UKL2,REST,Standard,6
2025,02,OPEL,20,Gipuzkoa,Corporate,ICE,UKL1,REST,Standard,3
2025,02,OPEL,20,Gipuzkoa,Corporate,ICE,UKL2,REST,Standard,3
2025,02,OPEL,20,Gipuzkoa,Private,BEV,UKL2,REST,Standard,1
2025,02,OPEL,20,Gipuzkoa,Private,ICE,SKL,REST,Standard,1
2025,02,OPEL,20,Gipuzkoa,Private,ICE,UKL1,REST,Standard,2
2025,02,OPEL,20,Gipuzkoa,Private,ICE,UKL2,REST,Standard,1
2025,02,OPEL,20,Gipuzkoa,Private,PHEV,UKL2,REST,Standard,1
2025,02,PEUGEOT,20,Gipuzkoa,Corporate,ICE,SKL,REST,Standard,21
2025,02,PEUGEOT,20,Gipuzkoa,Corporate,ICE,UKL1,REST,Standard,35
2025,02,PEUGEOT,20,Gipuzkoa,Corporate,ICE,UKL2,REST,Standard,3
2025,02,PEUGEOT,20,Gipuzkoa,Private,BEV,UKL1,REST,Standard,1
2025,02,PEUGEOT,20,Gipuzkoa,Private,ICE,KKL,REST,Standard,2
2025,02,PEUGEOT,20,Gipuzkoa,Private,ICE,SKL,REST,Standard,5
2025,02,PEUGEOT,20,Gipuzkoa,Private,ICE,UKL1,REST,Standard,4
2025,02,PEUGEOT,20,Gipuzkoa,Private,ICE,UKL2,REST,Standard,6
2025,02,PORSCHE,20,Gipuzkoa,Private,BEV,KKL,FOCUS SEGMENT,Standard,1
2025,02,PORSCHE,20,Gipuzkoa,Private,ICE,KKL,FOCUS SEGMENT,M,1
2025,02,RENAULT,20,Gipuzkoa,Corporate,BEV,UKL1,REST,Standard,1
2025,02,RENAULT,20,Gipuzkoa,Corporate,ICE,UKL1,REST,Standard,4
2025,02,RENAULT,20,Gipuzkoa,Private,BEV,UKL1,REST,Standard,3
2025,02,RENAULT,20,Gipuzkoa,Private,ICE,KKL,REST,Standard,1
2025,02,RENAULT,20,Gipuzkoa,Private,ICE,SKL,REST,Standard,1
2025,02,RENAULT,20,Gipuzkoa,Private,ICE,UKL1,REST,Standard,8
2025,02,RENAULT,20,Gipuzkoa,Private,ICE,UKL2,REST,Standard,7
2025,02,RENAULT,20,Gipuzkoa,Private,PHEV,UKL2,REST,Standard,1
2025,02,SEAT,20,Gipuzkoa,Corporate,ICE,UKL1,REST,Standard,4
2025,02,SEAT,20,Gipuzkoa,Corporate,ICE,UKL2,REST,Standard,5
2025,02,SEAT,20,Gipuzkoa,Private,ICE,UKL1,REST,Standard,11
2025,02,SEAT,20,Gipuzkoa,Private,ICE,UKL2,REST,Standard,10
2025,02,SEAT,20,Gipuzkoa,Private,PHEV,UKL2,REST,Standard,1
2025,02,SHINERAY,20,Gipuzkoa,Private,ICE,MKL,REST,Standard,1
2025,02,SIN MARCA,20,Gipuzkoa,Private,ICE,,REST,Standard,1
2025,02,SKODA,20,Gipuzkoa,Corporate,BEV,UKL2,REST,Standard,1
2025,02,SKODA,20,Gipuzkoa,Private,ICE,KKL,REST,Standard,2
2025,02,SKODA,20,Gipuzkoa,Private,ICE,UKL1,REST,Standard,3
2025,02,SKODA,20,Gipuzkoa,Private,ICE,UKL2,REST,Standard,2
2025,02,SKODA,20,Gipuzkoa,Private,PHEV,KKL,REST,Standard,1
2025,02,SUBARU,20,Gipuzkoa,Private,ICE,KKL,REST,Standard,1
2025,02,SUBARU,20,Gipuzkoa,Private,ICE,UKL2,REST,Standard,1
2025,02,SUZUKI,20,Gipuzkoa,Private,ICE,UKL1,REST,Standard,3
2025,02,SUZUKI,20,Gipuzkoa,Private,ICE,UKL2,REST,Standard,1
2025,02,TESLA,20,Gipuzkoa,Corporate,BEV,KKL,FOCUS SEGMENT,Standard,1
2025,02,TESLA,20,Gipuzkoa,Private,BEV,KKL,FOCUS SEGMENT,Standard,3
2025,02,TOYOTA,20,Gipuzkoa,Corporate,ICE,SKL,REST,Standard,1
2025,02,TOYOTA,20,Gipuzkoa,Corporate,ICE,UKL0,REST,Standard,1
2025,02,TOYOTA,20,Gipuzkoa,Corporate,ICE,UKL1,REST,Standard,6
2025,02,TOYOTA,20,Gipuzkoa,Corporate,ICE,UKL2,REST,Standard,1
2025,02,TOYOTA,20,Gipuzkoa,Corporate,PHEV,UKL2,REST,Standard,8
2025,02,TOYOTA,20,Gipuzkoa,Private,BEV,UKL2,REST,Standard,1
2025,02,TOYOTA,20,Gipuzkoa,Private,ICE,GKL,REST,Standard,1
2025,02,TOYOTA,20,Gipuzkoa,Private,ICE,UKL1,REST,Standard,21
2025,02,TOYOTA,20,Gipuzkoa,Private,ICE,UKL2,REST,Standard,22
2025,02,TOYOTA,20,Gipuzkoa,Private,PHEV,UKL1,REST,Standard,2
2025,02,TOYOTA,20,Gipuzkoa,Private,PHEV,UKL2,REST,Standard,4
2025,02,VOLKSWAGEN,20,Gipuzkoa,Corporate,BEV,SKL,REST,Standard,1
2025,02,VOLKSWAGEN,20,Gipuzkoa,Corporate,ICE,KKL,REST,Standard,1
2025,02,VOLKSWAGEN,20,Gipuzkoa,Corporate,ICE,UKL1,REST,Standard,1
2025,02,VOLKSWAGEN,20,Gipuzkoa,Corporate,ICE,UKL2,REST,Standard,6
2025,02,VOLKSWAGEN,20,Gipuzkoa,Private,BEV,UKL2,REST,Standard,1
2025,02,VOLKSWAGEN,20,Gipuzkoa,Private,ICE,SKL,REST,Standard,4
2025,02,VOLKSWAGEN,20,Gipuzkoa,Private,ICE,UKL1,REST,Standard,7
2025,02,VOLKSWAGEN,20,Gipuzkoa,Private,ICE,UKL2,REST,Standard,11
2025,02,VOLKSWAGEN,20,Gipuzkoa,Private,PHEV,UKL2,REST,Standard,1
2025,02,VOLVO,20,Gipuzkoa,Corporate,ICE,KKL,FOCUS SEGMENT,Standard,2
2025,02,VOLVO,20,Gipuzkoa,Private,BEV,UKL1,FOCUS SEGMENT,Standard,1
2025,02,VOLVO,20,Gipuzkoa,Private,ICE,UKL2,FOCUS SEGMENT,Standard,2
2025,02,ALFA ROMEO,21,Huelva,Private,ICE,UKL2,REST,Standard,1
2025,02,AUDI,21,Huelva,Corporate,BEV,KKL,FOCUS SEGMENT,Standard,1
2025,02,AUDI,21,Huelva,Corporate,ICE,KKL,FOCUS SEGMENT,Standard,1
2025,02,AUDI,21,Huelva,Corporate,ICE,UKL2,FOCUS SEGMENT,Standard,1
2025,02,AUDI,21,Huelva,Private,ICE,KKL,FOCUS SEGMENT,Standard,1
2025,02,AUDI,21,Huelva,Private,ICE,UKL2,FOCUS SEGMENT,Standard,2
2025,02,BMW,21,Huelva,Corporate,ICE,KKL,FOCUS SEGMENT,Standard,1
2025,02,BMW,21,Huelva,Corporate,ICE,MKL,FOCUS SEGMENT,Standard,1
2025,02,BMW,21,Huelva,Corporate,ICE,UKL2,FOCUS SEGMENT,M Performance,1
2025,02,BMW,21,Huelva,Corporate,ICE,UKL2,FOCUS SEGMENT,Standard,4
2025,02,BMW,21,Huelva,Corporate,PHEV,UKL2,FOCUS SEGMENT,Standard,1
2025,02,BMW,21,Huelva,Private,ICE,KKL,FOCUS SEGMENT,Standard,1
2025,02,BMW,21,Huelva,Private,ICE,UKL2,FOCUS SEGMENT,M Performance,1
2025,02,BMW,21,Huelva,Private,ICE,UKL2,FOCUS SEGMENT,Standard,9
2025,02,BYD,21,Huelva,Private,BEV,KKL,REST,Standard,1
2025,02,BYD,21,Huelva,Private,BEV,UKL1,REST,Standard,2
2025,02,BYD,21,Huelva,Private,PHEV,KKL,REST,Standard,2
2025,02,CITROEN,21,Huelva,Private,ICE,SKL,REST,Standard,1
2025,02,CITROEN,21,Huelva,Private,ICE,UKL1,REST,Standard,2
2025,02,CUPRA,21,Huelva,Corporate,ICE,UKL2,REST,Standard,3
2025,02,CUPRA,21,Huelva,Private,ICE,UKL2,REST,Standard,3
2025,02,DACIA,21,Huelva,Corporate,ICE,SKL,REST,Standard,2
2025,02,DACIA,21,Huelva,Corporate,ICE,UKL1,REST,Standard,3
2025,02,DACIA,21,Huelva,Corporate,ICE,UKL2,REST,Standard,1
2025,02,DACIA,21,Huelva,Private,ICE,SKL,REST,Standard,7
2025,02,DACIA,21,Huelva,Private,ICE,UKL1,REST,Standard,19
2025,02,DACIA,21,Huelva,Private,ICE,UKL2,REST,Standard,6
2025,02,EBRO,21,Huelva,Private,ICE,KKL,REST,Standard,1
2025,02,EBRO,21,Huelva,Private,ICE,UKL2,REST,Standard,7
2025,02,FIAT,21,Huelva,Private,ICE,UKL1,REST,Standard,1
2025,02,FORD,21,Huelva,Corporate,ICE,UKL2,REST,Standard,1
2025,02,FORD,21,Huelva,Private,ICE,MKL,REST,Standard,1
2025,02,FORD,21,Huelva,Private,ICE,SKL,REST,Standard,3
2025,02,FORD,21,Huelva,Private,ICE,UKL1,REST,Standard,3
2025,02,FORD,21,Huelva,Private,ICE,UKL2,REST,Standard,5
2025,02,HONDA,21,Huelva,Private,ICE,KKL,REST,Standard,1
2025,02,HONDA,21,Huelva,Private,ICE,UKL1,REST,Standard,1
2025,02,HONDA,21,Huelva,Private,ICE,UKL2,REST,Standard,1
2025,02,HYUNDAI,21,Huelva,Corporate,ICE,UKL1,REST,Standard,3
2025,02,HYUNDAI,21,Huelva,Corporate,ICE,UKL2,REST,Standard,5
2025,02,HYUNDAI,21,Huelva,Private,BEV,UKL1,REST,Standard,1
2025,02,HYUNDAI,21,Huelva,Private,BEV,UKL2,REST,Standard,1
2025,02,HYUNDAI,21,Huelva,Private,ICE,UKL0,REST,Standard,1
2025,02,HYUNDAI,21,Huelva,Private,ICE,UKL1,REST,Standard,7
2025,02,HYUNDAI,21,Huelva,Private,ICE,UKL2,REST,Standard,9
2025,02,JAECOO,21,Huelva,Private,ICE,UKL2,REST,Standard,1
2025,02,JAECOO,21,Huelva,Private,PHEV,UKL2,REST,Standard,1
2025,02,JEEP,21,Huelva,Private,ICE,UKL1,REST,Standard,2
2025,02,KIA,21,Huelva,Corporate,PHEV,UKL2,REST,Standard,1
2025,02,KIA,21,Huelva,Private,BEV,KKL,REST,Standard,1
2025,02,KIA,21,Huelva,Private,BEV,UKL1,REST,Standard,1
2025,02,KIA,21,Huelva,Private,ICE,KKL,REST,Standard,1
2025,02,KIA,21,Huelva,Private,ICE,UKL1,REST,Standard,9
2025,02,KIA,21,Huelva,Private,ICE,UKL2,REST,Standard,23
2025,02,LAND ROVER,21,Huelva,Corporate,ICE,MKL,FOCUS SEGMENT,Standard,1
2025,02,LEXUS,21,Huelva,Corporate,PHEV,KKL,FOCUS SEGMENT,Standard,1
2025,02,LEXUS,21,Huelva,Private,ICE,UKL2,FOCUS SEGMENT,Standard,1
2025,02,MAZDA,21,Huelva,Private,ICE,UKL1,REST,Standard,1
2025,02,MAZDA,21,Huelva,Private,ICE,UKL2,REST,Standard,8
2025,02,MERCEDES,21,Huelva,Corporate,ICE,KKL,FOCUS SEGMENT,Standard,2
2025,02,MERCEDES,21,Huelva,Corporate,ICE,MKL,FOCUS SEGMENT,Standard,2
2025,02,MERCEDES,21,Huelva,Corporate,ICE,UKL2,FOCUS SEGMENT,Standard,4
2025,02,MERCEDES,21,Huelva,Private,ICE,KKL,FOCUS SEGMENT,Standard,1
2025,02,MERCEDES,21,Huelva,Private,ICE,MKL,REST,Standard,1
2025,02,MERCEDES,21,Huelva,Private,ICE,UKL2,FOCUS SEGMENT,Standard,1
2025,02,MG,21,Huelva,Private,ICE,KKL,REST,Standard,3
2025,02,MG,21,Huelva,Private,ICE,UKL1,REST,Standard,29
2025,02,MG,21,Huelva,Private,PHEV,KKL,REST,Standard,2
2025,02,MINI,21,Huelva,Corporate,BEV,UKL1,FOCUS SEGMENT,Standard,3
2025,02,MINI,21,Huelva,Corporate,BEV,UKL2,FOCUS SEGMENT,Standard,4
2025,02,MINI,21,Huelva,Corporate,ICE,UKL2,FOCUS SEGMENT,Standard,3
2025,02,MINI,21,Huelva,Private,ICE,UKL1,FOCUS SEGMENT,Standard,1
2025,02,NISSAN,21,Huelva,Private,ICE,KKL,REST,Standard,1
2025,02,NISSAN,21,Huelva,Private,ICE,UKL2,REST,Standard,3
2025,02,OMODA,21,Huelva,Private,ICE,UKL2,REST,Standard,1
2025,02,PEUGEOT,21,Huelva,Private,ICE,KKL,REST,Standard,1
2025,02,PEUGEOT,21,Huelva,Private,ICE,SKL,REST,Standard,1
2025,02,PEUGEOT,21,Huelva,Private,ICE,UKL1,REST,Standard,2
2025,02,PEUGEOT,21,Huelva,Private,ICE,UKL2,REST,Standard,1
2025,02,PORSCHE,21,Huelva,Corporate,PHEV,MKL,FOCUS SEGMENT,M Performance,1
2025,02,RENAULT,21,Huelva,Corporate,ICE,UKL1,REST,Standard,1
2025,02,RENAULT,21,Huelva,Corporate,ICE,UKL2,REST,Standard,1
2025,02,RENAULT,21,Huelva,Private,ICE,KKL,REST,Standard,1
2025,02,RENAULT,21,Huelva,Private,ICE,UKL1,REST,Standard,9
2025,02,RENAULT,21,Huelva,Private,ICE,UKL2,REST,Standard,9
2025,02,SEAT,21,Huelva,Corporate,ICE,UKL2,REST,Standard,3
2025,02,SEAT,21,Huelva,Private,ICE,UKL1,REST,Standard,15
2025,02,SEAT,21,Huelva,Private,ICE,UKL2,REST,Standard,6
2025,02,SHINERAY,21,Huelva,Private,ICE,MKL,REST,Standard,1
2025,02,SKODA,21,Huelva,Corporate,ICE,KKL,REST,Standard,1
2025,02,SKODA,21,Huelva,Corporate,ICE,UKL2,REST,Standard,1
2025,02,SKODA,21,Huelva,Private,ICE,UKL1,REST,Standard,6
2025,02,SKODA,21,Huelva,Private,ICE,UKL2,REST,Standard,7
2025,02,SUZUKI,21,Huelva,Private,ICE,UKL2,REST,Standard,2
2025,02,TESLA,21,Huelva,Private,BEV,KKL,FOCUS SEGMENT,Standard,1
2025,02,TOYOTA,21,Huelva,Corporate,ICE,GKL,REST,Standard,2
2025,02,TOYOTA,21,Huelva,Corporate,ICE,SKL,REST,Standard,1
2025,02,TOYOTA,21,Huelva,Corporate,ICE,UKL0,REST,Standard,1
2025,02,TOYOTA,21,Huelva,Corporate,ICE,UKL1,REST,Standard,3
2025,02,TOYOTA,21,Huelva,Corporate,ICE,UKL2,REST,Standard,5
2025,02,TOYOTA,21,Huelva,Corporate,PHEV,UKL1,REST,Standard,1
2025,02,TOYOTA,21,Huelva,Corporate,PHEV,UKL2,REST,Standard,1
2025,02,TOYOTA,21,Huelva,Private,BEV,UKL2,REST,Standard,1
2025,02,TOYOTA,21,Huelva,Private,ICE,GKL,REST,Standard,1
2025,02,TOYOTA,21,Huelva,Private,ICE,UKL0,REST,Standard,1
2025,02,TOYOTA,21,Huelva,Private,ICE,UKL1,REST,Standard,15
2025,02,TOYOTA,21,Huelva,Private,ICE,UKL2,REST,Standard,19
2025,02,TOYOTA,21,Huelva,Private,PHEV,UKL1,REST,Standard,1
2025,02,TOYOTA,21,Huelva,Private,PHEV,UKL2,REST,Standard,1
2025,02,VOLKSWAGEN,21,Huelva,Private,ICE,UKL1,REST,Standard,9
2025,02,VOLKSWAGEN,21,Huelva,Private,ICE,UKL2,REST,Standard,11
2025,02,VOLVO,21,Huelva,Corporate,ICE,UKL2,FOCUS SEGMENT,Standard,1
2025,02,VOLVO,21,Huelva,Private,ICE,UKL2,FOCUS SEGMENT,Standard,4
2025,02,AUDI,22,Huesca,Corporate,ICE,UKL1,FOCUS SEGMENT,Standard,2
2025,02,AUDI,22,Huesca,Corporate,ICE,UKL2,FOCUS SEGMENT,Standard,2
2025,02,AUDI,22,Huesca,Private,ICE,KKL,FOCUS SEGMENT,Standard,1
2025,02,AUDI,22,Huesca,Private,ICE,UKL1,FOCUS SEGMENT,Standard,1
2025,02,AUDI,22,Huesca,Private,ICE,UKL2,FOCUS SEGMENT,Standard,1
2025,02,BMW,22,Huesca,Corporate,BEV,UKL2,FOCUS SEGMENT,Standard,1
2025,02,BMW,22,Huesca,Corporate,ICE,KKL,FOCUS SEGMENT,Standard,1
2025,02,BMW,22,Huesca,Corporate,ICE,MKL,FOCUS SEGMENT,Standard,1
2025,02,BMW,22,Huesca,Private,ICE,KKL,FOCUS SEGMENT,Standard,1
2025,02,BMW,22,Huesca,Private,ICE,UKL2,FOCUS SEGMENT,M Performance,1
2025,02,BMW,22,Huesca,Private,ICE,UKL2,FOCUS SEGMENT,Standard,1
2025,02,BYD,22,Huesca,Private,BEV,KKL,REST,Standard,1
2025,02,CITROEN,22,Huesca,Corporate,ICE,UKL2,REST,Standard,5
2025,02,CITROEN,22,Huesca,Private,BEV,UKL1,REST,Standard,1
2025,02,CITROEN,22,Huesca,Private,ICE,UKL1,REST,Standard,3
2025,02,CUPRA,22,Huesca,Private,ICE,UKL2,REST,Standard,5
2025,02,DACIA,22,Huesca,Corporate,BEV,UKL0,REST,Standard,2
2025,02,DACIA,22,Huesca,Corporate,ICE,SKL,REST,Standard,3
2025,02,DACIA,22,Huesca,Corporate,ICE,UKL1,REST,Standard,1
2025,02,DACIA,22,Huesca,Private,ICE,SKL,REST,Standard,9
2025,02,DACIA,22,Huesca,Private,ICE,UKL1,REST,Standard,8
2025,02,EBRO,22,Huesca,Private,ICE,UKL2,REST,Standard,1
2025,02,FORD,22,Huesca,Corporate,ICE,SKL,REST,Standard,1
2025,02,FORD,22,Huesca,Private,ICE,SKL,REST,Standard,1
2025,02,FORD,22,Huesca,Private,ICE,UKL2,REST,Standard,1
2025,02,FORD,22,Huesca,RAC,PHEV,SKL,REST,Standard,1
2025,02,HYUNDAI,22,Huesca,Private,ICE,UKL1,REST,Standard,1
2025,02,HYUNDAI,22,Huesca,Private,ICE,UKL2,REST,Standard,5
2025,02,JAECOO,22,Huesca,Corporate,PHEV,UKL2,REST,Standard,1
2025,02,JAECOO,22,Huesca,Private,ICE,UKL2,REST,Standard,2
2025,02,JAECOO,22,Huesca,Private,PHEV,UKL2,REST,Standard,1
2025,02,KG MOBILITY,22,Huesca,Private,ICE,UKL1,REST,Standard,1
2025,02,KIA,22,Huesca,Corporate,BEV,UKL1,REST,Standard,1
2025,02,KIA,22,Huesca,Corporate,ICE,UKL1,REST,Standard,1
2025,02,KIA,22,Huesca,Corporate,ICE,UKL2,REST,Standard,1
2025,02,KIA,22,Huesca,Private,BEV,UKL1,REST,Standard,3
2025,02,KIA,22,Huesca,Private,ICE,UKL0,REST,Standard,1
2025,02,KIA,22,Huesca,Private,ICE,UKL1,REST,Standard,3
2025,02,KIA,22,Huesca,Private,ICE,UKL2,REST,Standard,11
2025,02,KIA,22,Huesca,RAC,ICE,UKL2,REST,Standard,1
2025,02,LEXUS,22,Huesca,Private,ICE,KKL,FOCUS SEGMENT,Standard,1
2025,02,MAZDA,22,Huesca,Corporate,ICE,KKL,REST,Standard,1
2025,02,MAZDA,22,Huesca,Corporate,ICE,UKL1,REST,Standard,4
2025,02,MAZDA,22,Huesca,Private,ICE,UKL2,REST,Standard,5
2025,02,MERCEDES,22,Huesca,Corporate,ICE,KKL,FOCUS SEGMENT,Standard,1
2025,02,MERCEDES,22,Huesca,Corporate,PHEV,KKL,FOCUS SEGMENT,Standard,1
2025,02,MERCEDES,22,Huesca,Corporate,PHEV,MKL,FOCUS SEGMENT,Standard,1
2025,02,MERCEDES,22,Huesca,Private,BEV,MKL,FOCUS SEGMENT,Standard,1
2025,02,MERCEDES,22,Huesca,Private,ICE,KKL,FOCUS SEGMENT,Standard,1
2025,02,MERCEDES,22,Huesca,Private,ICE,MKL,REST,Standard,1
2025,02,MERCEDES,22,Huesca,Private,ICE,UKL2,FOCUS SEGMENT,Standard,2
2025,02,MERCEDES,22,Huesca,Private,PHEV,UKL2,FOCUS SEGMENT,Standard,1
2025,02,MG,22,Huesca,Private,ICE,KKL,REST,Standard,1
2025,02,MG,22,Huesca,Private,ICE,UKL1,REST,Standard,8
2025,02,NISSAN,22,Huesca,Corporate,ICE,UKL2,REST,Standard,1
2025,02,NISSAN,22,Huesca,Private,BEV,UKL2,REST,Standard,2
2025,02,NISSAN,22,Huesca,Private,ICE,KKL,REST,Standard,1
2025,02,NISSAN,22,Huesca,Private,ICE,UKL1,REST,Standard,1
2025,02,NISSAN,22,Huesca,Private,ICE,UKL2,REST,Standard,2
2025,02,OMODA,22,Huesca,Private,BEV,UKL2,REST,Standard,1
2025,02,OMODA,22,Huesca,Private,ICE,UKL2,REST,Standard,3
2025,02,OPEL,22,Huesca,Private,ICE,UKL1,REST,Standard,1
2025,02,PEUGEOT,22,Huesca,Corporate,ICE,SKL,REST,Standard,2
2025,02,PEUGEOT,22,Huesca,Corporate,ICE,UKL2,REST,Standard,3
2025,02,PEUGEOT,22,Huesca,Private,ICE,SKL,REST,Standard,3
2025,02,PEUGEOT,22,Huesca,Private,ICE,UKL1,REST,Standard,2
2025,02,RENAULT,22,Huesca,Corporate,ICE,UKL1,REST,Standard,4
2025,02,RENAULT,22,Huesca,Corporate,ICE,UKL2,REST,Standard,5
2025,02,RENAULT,22,Huesca,Private,ICE,UKL1,REST,Standard,8
2025,02,RENAULT,22,Huesca,Private,ICE,UKL2,REST,Standard,5
2025,02,SEAT,22,Huesca,Corporate,ICE,UKL1,REST,Standard,2
2025,02,SEAT,22,Huesca,Private,ICE,UKL1,REST,Standard,7
2025,02,SEAT,22,Huesca,Private,ICE,UKL2,REST,Standard,7
2025,02,SHINERAY,22,Huesca,Private,ICE,MKL,REST,Standard,1
2025,02,SKODA,22,Huesca,Corporate,ICE,UKL1,REST,Standard,3
2025,02,SKODA,22,Huesca,Corporate,ICE,UKL2,REST,Standard,2
2025,02,SKODA,22,Huesca,Corporate,PHEV,KKL,REST,Standard,2
2025,02,SKODA,22,Huesca,Corporate,PHEV,UKL2,REST,Standard,1
2025,02,SKODA,22,Huesca,Private,ICE,UKL1,REST,Standard,2
2025,02,SKODA,22,Huesca,Private,ICE,UKL2,REST,Standard,5
2025,02,SUZUKI,22,Huesca,Private,ICE,UKL1,REST,Standard,1
2025,02,TESLA,22,Huesca,Private,BEV,KKL,FOCUS SEGMENT,Standard,3
2025,02,TOYOTA,22,Huesca,Private,ICE,UKL1,REST,Standard,5
2025,02,TOYOTA,22,Huesca,Private,ICE,UKL2,REST,Standard,1
2025,02,TOYOTA,22,Huesca,Private,PHEV,UKL1,REST,Standard,1
2025,02,TOYOTA,22,Huesca,Private,PHEV,UKL2,REST,Standard,4
2025,02,VOLKSWAGEN,22,Huesca,Corporate,BEV,SKL,REST,Standard,1
2025,02,VOLKSWAGEN,22,Huesca,Corporate,ICE,UKL1,REST,Standard,1
2025,02,VOLKSWAGEN,22,Huesca,Corporate,ICE,UKL2,REST,Standard,4
2025,02,VOLKSWAGEN,22,Huesca,Private,ICE,SKL,REST,Standard,1
2025,02,VOLKSWAGEN,22,Huesca,Private,ICE,UKL1,REST,Standard,1
2025,02,VOLKSWAGEN,22,Huesca,Private,ICE,UKL2,REST,Standard,1
2025,02,VOLVO,22,Huesca,Corporate,ICE,UKL2,FOCUS SEGMENT,Standard,1
2025,02,VOLVO,22,Huesca,Private,ICE,KKL,FOCUS SEGMENT,Standard,1
2025,02,AUDI,23,Jaén,Corporate,ICE,KKL,FOCUS SEGMENT,Standard,3
2025,02,AUDI,23,Jaén,Corporate,ICE,MKL,FOCUS SEGMENT,Standard,1
2025,02,AUDI,23,Jaén,Corporate,ICE,UKL2,FOCUS SEGMENT,Standard,5
2025,02,AUDI,23,Jaén,Private,ICE,KKL,FOCUS SEGMENT,Standard,3
2025,02,AUDI,23,Jaén,Private,ICE,UKL1,FOCUS SEGMENT,Standard,1
2025,02,AUDI,23,Jaén,Private,ICE,UKL2,FOCUS SEGMENT,Standard,5
2025,02,BMW,23,Jaén,Corporate,BEV,UKL2,FOCUS SEGMENT,Standard,2
2025,02,BMW,23,Jaén,Corporate,ICE,KKL,FOCUS SEGMENT,Standard,1
2025,02,BMW,23,Jaén,Corporate,ICE,UKL2,FOCUS SEGMENT,Standard,1
2025,02,BMW,23,Jaén,Private,ICE,KKL,FOCUS SEGMENT,Standard,4
2025,02,BMW,23,Jaén,Private,ICE,MKL,FOCUS SEGMENT,Standard,2
2025,02,BMW,23,Jaén,Private,ICE,UKL2,FOCUS SEGMENT,M,1
2025,02,BMW,23,Jaén,Private,ICE,UKL2,FOCUS SEGMENT,Standard,7
2025,02,BYD,23,Jaén,Private,BEV,UKL2,REST,Standard,1
2025,02,CITROEN,23,Jaén,Corporate,ICE,UKL1,REST,Standard,1
2025,02,CITROEN,23,Jaén,Private,BEV,UKL1,REST,Standard,1
2025,02,CITROEN,23,Jaén,Private,ICE,SKL,REST,Standard,1
2025,02,CITROEN,23,Jaén,Private,ICE,UKL1,REST,Standard,4
2025,02,CITROEN,23,Jaén,Private,ICE,UKL2,REST,Standard,3
2025,02,CUPRA,23,Jaén,Private,ICE,UKL2,REST,Standard,4
2025,02,DACIA,23,Jaén,Corporate,BEV,UKL0,REST,Standard,1
2025,02,DACIA,23,Jaén,Corporate,ICE,SKL,REST,Standard,4
2025,02,DACIA,23,Jaén,Corporate,ICE,UKL1,REST,Standard,1
2025,02,DACIA,23,Jaén,Private,ICE,SKL,REST,Standard,11
2025,02,DACIA,23,Jaén,Private,ICE,UKL1,REST,Standard,6
2025,02,DR,23,Jaén,Corporate,ICE,,,Standard,1
2025,02,DR,23,Jaén,Private,ICE,UKL1,REST,Standard,1
2025,02,EBRO,23,Jaén,Private,ICE,UKL2,REST,Standard,1
2025,02,EVO,23,Jaén,Corporate,ICE,UKL2,REST,Standard,2
2025,02,FIAT,23,Jaén,Private,ICE,SKL,REST,Standard,1
2025,02,FIAT,23,Jaén,Private,ICE,UKL1,REST,Standard,1
2025,02,FORD,23,Jaén,Corporate,ICE,MKL,REST,Standard,1
2025,02,FORD,23,Jaén,Corporate,ICE,UKL1,REST,Standard,1
2025,02,FORD,23,Jaén,Private,ICE,MKL,REST,Standard,1
2025,02,FORD,23,Jaén,Private,ICE,SKL,REST,Standard,2
2025,02,FORD,23,Jaén,Private,ICE,UKL1,REST,Standard,2
2025,02,FORD,23,Jaén,Private,ICE,UKL2,REST,Standard,4
2025,02,HYUNDAI,23,Jaén,Private,BEV,UKL2,REST,Standard,1
2025,02,HYUNDAI,23,Jaén,Private,ICE,UKL0,REST,Standard,1
2025,02,HYUNDAI,23,Jaén,Private,ICE,UKL1,REST,Standard,9
2025,02,HYUNDAI,23,Jaén,Private,ICE,UKL2,REST,Standard,5
2025,02,JAECOO,23,Jaén,Private,ICE,UKL2,REST,Standard,2
2025,02,JEEP,23,Jaén,Private,ICE,UKL1,REST,Standard,1
2025,02,KG MOBILITY,23,Jaén,Private,ICE,MKL,REST,Standard,1
2025,02,KG MOBILITY,23,Jaén,Private,ICE,UKL1,REST,Standard,2
2025,02,KIA,23,Jaén,Private,ICE,KKL,REST,Standard,1
2025,02,KIA,23,Jaén,Private,ICE,UKL1,REST,Standard,4
2025,02,KIA,23,Jaén,Private,ICE,UKL2,REST,Standard,14
2025,02,LEAPMOTOR,23,Jaén,Corporate,BEV,UKL0,REST,Standard,1
2025,02,LEXUS,23,Jaén,Private,PHEV,KKL,FOCUS SEGMENT,Standard,1
2025,02,MAZDA,23,Jaén,Corporate,ICE,KKL,REST,Standard,1
2025,02,MAZDA,23,Jaén,Corporate,ICE,UKL2,REST,Standard,1
2025,02,MAZDA,23,Jaén,Private,ICE,KKL,REST,Standard,1
2025,02,MAZDA,23,Jaén,Private,ICE,UKL2,REST,Standard,3
2025,02,MERCEDES,23,Jaén,Corporate,ICE,KKL,FOCUS SEGMENT,Standard,2
2025,02,MERCEDES,23,Jaén,Corporate,ICE,MKL,FOCUS SEGMENT,Standard,1
2025,02,MERCEDES,23,Jaén,Private,ICE,MKL,FOCUS SEGMENT,Standard,1
2025,02,MERCEDES,23,Jaén,Private,ICE,MKL,REST,Standard,1
2025,02,MERCEDES,23,Jaén,Private,ICE,UKL2,FOCUS SEGMENT,Standard,5
2025,02,MERCEDES,23,Jaén,Private,PHEV,KKL,FOCUS SEGMENT,Standard,1
2025,02,MERCEDES,23,Jaén,Private,PHEV,UKL2,FOCUS SEGMENT,Standard,1
2025,02,MG,23,Jaén,Corporate,BEV,UKL2,REST,Standard,1
2025,02,MG,23,Jaén,Private,BEV,UKL2,REST,Standard,1
2025,02,MG,23,Jaén,Private,ICE,KKL,REST,Standard,1
2025,02,MG,23,Jaén,Private,ICE,UKL1,REST,Standard,14
2025,02,MG,23,Jaén,Private,PHEV,KKL,REST,Standard,3
2025,02,MINI,23,Jaén,Corporate,BEV,UKL1,FOCUS SEGMENT,Standard,4
2025,02,MINI,23,Jaén,Corporate,BEV,UKL2,FOCUS SEGMENT,Standard,6
2025,02,MINI,23,Jaén,Private,ICE,UKL2,FOCUS SEGMENT,Standard,1
2025,02,MITSUBISHI,23,Jaén,Corporate,ICE,UKL1,REST,Standard,3
2025,02,MITSUBISHI,23,Jaén,Corporate,ICE,UKL2,REST,Standard,2
2025,02,MITSUBISHI,23,Jaén,Private,ICE,UKL2,REST,Standard,1
2025,02,NISSAN,23,Jaén,Private,ICE,UKL1,REST,Standard,4
2025,02,NISSAN,23,Jaén,Private,ICE,UKL2,REST,Standard,4
2025,02,OMODA,23,Jaén,Corporate,ICE,UKL2,REST,Standard,1
2025,02,OMODA,23,Jaén,Private,ICE,UKL2,REST,Standard,5
2025,02,OPEL,23,Jaén,Corporate,ICE,UKL2,REST,Standard,1
2025,02,OPEL,23,Jaén,Private,ICE,UKL1,REST,Standard,1
2025,02,OPEL,23,Jaén,Private,ICE,UKL2,REST,Standard,1
2025,02,PEUGEOT,23,Jaén,Corporate,BEV,SKL,REST,Standard,2
2025,02,PEUGEOT,23,Jaén,Corporate,ICE,UKL2,REST,Standard,1
2025,02,PEUGEOT,23,Jaén,Private,ICE,KKL,REST,Standard,1
2025,02,PEUGEOT,23,Jaén,Private,ICE,UKL1,REST,Standard,2
2025,02,PEUGEOT,23,Jaén,Private,ICE,UKL2,REST,Standard,3
2025,02,PORSCHE,23,Jaén,Corporate,PHEV,MKL,FOCUS SEGMENT,Standard,1
2025,02,RENAULT,23,Jaén,Corporate,ICE,UKL1,REST,Standard,5
2025,02,RENAULT,23,Jaén,Corporate,ICE,UKL2,REST,Standard,1
2025,02,RENAULT,23,Jaén,Private,ICE,SKL,REST,Standard,1
2025,02,RENAULT,23,Jaén,Private,ICE,UKL1,REST,Standard,9
2025,02,RENAULT,23,Jaén,Private,ICE,UKL2,REST,Standard,6
2025,02,SEAT,23,Jaén,Private,ICE,UKL1,REST,Standard,9
2025,02,SEAT,23,Jaén,Private,ICE,UKL2,REST,Standard,14
2025,02,SHINERAY,23,Jaén,Private,ICE,MKL,REST,Standard,1
2025,02,SKODA,23,Jaén,Private,ICE,KKL,REST,Standard,1
2025,02,SKODA,23,Jaén,Private,ICE,UKL1,REST,Standard,6
2025,02,SKODA,23,Jaén,Private,ICE,UKL2,REST,Standard,5
2025,02,SUZUKI,23,Jaén,Private,ICE,UKL1,REST,Standard,1
2025,02,SUZUKI,23,Jaén,Private,ICE,UKL2,REST,Standard,2
2025,02,TESLA,23,Jaén,Private,BEV,KKL,FOCUS SEGMENT,Standard,2
2025,02,TOYOTA,23,Jaén,Corporate,ICE,UKL1,REST,Standard,3
2025,02,TOYOTA,23,Jaén,Corporate,PHEV,UKL1,REST,Standard,1
2025,02,TOYOTA,23,Jaén,Private,ICE,GKL,REST,Standard,1
2025,02,TOYOTA,23,Jaén,Private,ICE,SKL,REST,Standard,1
2025,02,TOYOTA,23,Jaén,Private,ICE,UKL0,REST,Standard,3
2025,02,TOYOTA,23,Jaén,Private,ICE,UKL1,REST,Standard,13
2025,02,TOYOTA,23,Jaén,Private,ICE,UKL2,REST,Standard,10
2025,02,TOYOTA,23,Jaén,Private,PHEV,UKL1,REST,Standard,1
2025,02,TOYOTA,23,Jaén,Private,PHEV,UKL2,REST,Standard,3
2025,02,VOLKSWAGEN,23,Jaén,Corporate,ICE,MKL,REST,Standard,1
2025,02,VOLKSWAGEN,23,Jaén,Private,ICE,,REST,Standard,1
2025,02,VOLKSWAGEN,23,Jaén,Private,ICE,SKL,REST,Standard,1
2025,02,VOLKSWAGEN,23,Jaén,Private,ICE,UKL1,REST,Standard,12
2025,02,VOLKSWAGEN,23,Jaén,Private,ICE,UKL2,REST,Standard,17
2025,02,VOLKSWAGEN,23,Jaén,Private,PHEV,UKL2,REST,Standard,1
2025,02,VOLVO,23,Jaén,Private,ICE,KKL,FOCUS SEGMENT,Standard,1
2025,02,VOLVO,23,Jaén,Private,ICE,UKL2,FOCUS SEGMENT,Standard,3
2025,02,AUDI,24,León,Corporate,ICE,KKL,FOCUS SEGMENT,M Performance,1
2025,02,AUDI,24,León,Corporate,ICE,KKL,FOCUS SEGMENT,Standard,1
2025,02,AUDI,24,León,Corporate,ICE,UKL1,FOCUS SEGMENT,Standard,3
2025,02,AUDI,24,León,Corporate,ICE,UKL2,FOCUS SEGMENT,Standard,2
2025,02,AUDI,24,León,Corporate,PHEV,MKL,FOCUS SEGMENT,Standard,1
2025,02,AUDI,24,León,Private,ICE,KKL,FOCUS SEGMENT,Standard,3
2025,02,AUDI,24,León,Private,ICE,MKL,FOCUS SEGMENT,Standard,2
2025,02,AUDI,24,León,Private,ICE,UKL1,FOCUS SEGMENT,Standard,1
2025,02,AUDI,24,León,Private,ICE,UKL2,FOCUS SEGMENT,Standard,2
2025,02,BMW,24,León,Corporate,BEV,UKL2,FOCUS SEGMENT,Standard,2
2025,02,BMW,24,León,Corporate,ICE,GKL,FOCUS SEGMENT,Standard,1
2025,02,BMW,24,León,Corporate,ICE,KKL,FOCUS SEGMENT,Standard,2
2025,02,BMW,24,León,Corporate,ICE,MKL,FOCUS SEGMENT,Standard,1
2025,02,BMW,24,León,Corporate,ICE,UKL2,FOCUS SEGMENT,Standard,1
2025,02,BMW,24,León,Private,ICE,KKL,FOCUS SEGMENT,M Performance,1
2025,02,BMW,24,León,Private,ICE,KKL,FOCUS SEGMENT,Standard,1
2025,02,BMW,24,León,Private,ICE,UKL2,FOCUS SEGMENT,Standard,4
2025,02,BYD,24,León,Private,BEV,UKL1,REST,Standard,1
2025,02,BYD,24,León,Private,BEV,UKL2,REST,Standard,2
2025,02,BYD,24,León,Private,PHEV,KKL,REST,Standard,4
2025,02,CITROEN,24,León,Corporate,BEV,UKL1,REST,Standard,1
2025,02,CITROEN,24,León,Corporate,ICE,UKL2,REST,Standard,14
2025,02,CITROEN,24,León,Private,ICE,UKL1,REST,Standard,5
2025,02,CITROEN,24,León,Private,ICE,UKL2,REST,Standard,1
2025,02,CUPRA,24,León,Corporate,PHEV,UKL2,REST,Standard,1
2025,02,CUPRA,24,León,Private,ICE,UKL2,REST,Standard,3
2025,02,DACIA,24,León,Corporate,ICE,SKL,REST,Standard,1
2025,02,DACIA,24,León,Corporate,ICE,UKL1,REST,Standard,2
2025,02,DACIA,24,León,Corporate,ICE,UKL2,REST,Standard,2
2025,02,DACIA,24,León,Private,ICE,SKL,REST,Standard,5
2025,02,DACIA,24,León,Private,ICE,UKL1,REST,Standard,8
2025,02,DR,24,León,Corporate,ICE,,,Standard,1
2025,02,DR,24,León,Corporate,ICE,UKL1,REST,Standard,1
2025,02,DR,24,León,Private,ICE,,,Standard,1
2025,02,DR,24,León,Private,ICE,UKL1,REST,Standard,3
2025,02,EBRO,24,León,Corporate,ICE,KKL,REST,Standard,2
2025,02,EBRO,24,León,Corporate,ICE,UKL2,REST,Standard,2
2025,02,EBRO,24,León,Private,ICE,UKL2,REST,Standard,1
2025,02,EVO,24,León,Private,ICE,UKL2,REST,Standard,3
2025,02,FIAT,24,León,Corporate,ICE,SKL,REST,Standard,3
2025,02,FIAT,24,León,Corporate,ICE,UKL2,REST,Standard,1
2025,02,FIAT,24,León,Private,ICE,UKL0,REST,Standard,1
2025,02,FORD,24,León,Corporate,ICE,UKL1,REST,Standard,1
2025,02,FORD,24,León,Corporate,ICE,UKL2,REST,Standard,1
2025,02,FORD,24,León,Private,ICE,SKL,REST,Standard,1
2025,02,FORD,24,León,Private,ICE,UKL1,REST,Standard,3
2025,02,FORD,24,León,Private,ICE,UKL2,REST,Standard,7
2025,02,FORD,24,León,Private,PHEV,UKL2,REST,Standard,1
2025,02,HONDA,24,León,Private,ICE,UKL1,REST,Standard,1
2025,02,HYUNDAI,24,León,Corporate,BEV,UKL2,REST,Standard,1
2025,02,HYUNDAI,24,León,Corporate,ICE,UKL1,REST,Standard,4
2025,02,HYUNDAI,24,León,Corporate,ICE,UKL2,REST,Standard,6
2025,02,HYUNDAI,24,León,Private,ICE,UKL1,REST,Standard,1
2025,02,HYUNDAI,24,León,Private,ICE,UKL2,REST,Standard,6
2025,02,JAECOO,24,León,Corporate,ICE,UKL2,REST,Standard,1
2025,02,JAECOO,24,León,Corporate,PHEV,UKL2,REST,Standard,1
2025,02,JAECOO,24,León,Private,ICE,UKL2,REST,Standard,1
2025,02,JAECOO,24,León,Private,PHEV,UKL2,REST,Standard,2
2025,02,JEEP,24,León,Corporate,ICE,UKL1,REST,Standard,2
2025,02,JEEP,24,León,Private,BEV,UKL1,REST,Standard,1
2025,02,JEEP,24,León,Private,PHEV,UKL2,REST,Standard,1
2025,02,KG MOBILITY,24,León,Private,ICE,UKL1,REST,Standard,2
2025,02,KIA,24,León,Corporate,ICE,UKL2,REST,Standard,1
2025,02,KIA,24,León,Private,ICE,UKL1,REST,Standard,8
2025,02,KIA,24,León,Private,ICE,UKL2,REST,Standard,29
2025,02,LEXUS,24,León,Private,ICE,UKL1,FOCUS SEGMENT,Standard,1
2025,02,LEXUS,24,León,Private,ICE,UKL2,FOCUS SEGMENT,Standard,1
2025,02,LEXUS,24,León,Private,PHEV,KKL,FOCUS SEGMENT,Standard,1
2025,02,MAZDA,24,León,Corporate,ICE,UKL2,REST,Standard,3
2025,02,MAZDA,24,León,Private,ICE,UKL2,REST,Standard,2
2025,02,MERCEDES,24,León,Corporate,ICE,KKL,FOCUS SEGMENT,Standard,5
2025,02,MERCEDES,24,León,Corporate,ICE,UKL2,FOCUS SEGMENT,Standard,3
2025,02,MERCEDES,24,León,Corporate,PHEV,MKL,FOCUS SEGMENT,Standard,1
2025,02,MERCEDES,24,León,Private,ICE,MKL,FOCUS SEGMENT,Standard,1
2025,02,MERCEDES,24,León,Private,ICE,SKL,REST,Standard,1
2025,02,MERCEDES,24,León,Private,ICE,UKL2,FOCUS SEGMENT,Standard,2
2025,02,MERCEDES,24,León,Private,PHEV,KKL,FOCUS SEGMENT,Standard,1
2025,02,MG,24,León,Corporate,ICE,UKL1,REST,Standard,3
2025,02,MG,24,León,Private,ICE,KKL,REST,Standard,2
2025,02,MG,24,León,Private,ICE,UKL1,REST,Standard,14
2025,02,MINI,24,León,Corporate,BEV,UKL1,FOCUS SEGMENT,Standard,1
2025,02,MINI,24,León,Corporate,BEV,UKL2,FOCUS SEGMENT,Standard,1
2025,02,MINI,24,León,Corporate,ICE,UKL2,FOCUS SEGMENT,Standard,1
2025,02,MINI,24,León,Private,ICE,UKL1,FOCUS SEGMENT,JCW,1
2025,02,MINI,24,León,Private,ICE,UKL1,FOCUS SEGMENT,Standard,1
2025,02,NISSAN,24,León,Corporate,BEV,UKL2,REST,Standard,1
2025,02,NISSAN,24,León,Corporate,ICE,UKL1,REST,Standard,1
2025,02,NISSAN,24,León,Private,ICE,KKL,REST,Standard,2
2025,02,NISSAN,24,León,Private,ICE,UKL1,REST,Standard,4
2025,02,NISSAN,24,León,Private,ICE,UKL2,REST,Standard,9
2025,02,OMODA,24,León,Corporate,ICE,UKL2,REST,Standard,2
2025,02,OMODA,24,León,Private,ICE,UKL2,REST,Standard,3
2025,02,OPEL,24,León,Corporate,ICE,UKL1,REST,Standard,2
2025,02,OPEL,24,León,Private,ICE,UKL1,REST,Standard,1
2025,02,OPEL,24,León,Private,ICE,UKL2,REST,Standard,1
2025,02,PEUGEOT,24,León,Corporate,ICE,SKL,REST,Standard,2
2025,02,PEUGEOT,24,León,Corporate,ICE,UKL1,REST,Standard,3
2025,02,PEUGEOT,24,León,Corporate,ICE,UKL2,REST,Standard,3
2025,02,PEUGEOT,24,León,Private,ICE,UKL1,REST,Standard,4
2025,02,PEUGEOT,24,León,Private,ICE,UKL2,REST,Standard,1
2025,02,PORSCHE,24,León,Corporate,PHEV,GKL,FOCUS SEGMENT,Standard,1
2025,02,PORSCHE,24,León,Private,BEV,KKL,FOCUS SEGMENT,Standard,1
2025,02,PORSCHE,24,León,Private,ICE,GKL,FOCUS SEGMENT,M,1
2025,02,PORSCHE,24,León,Private,ICE,KKL,FOCUS SEGMENT,M,1
2025,02,PORSCHE,24,León,Private,PHEV,MKL,FOCUS SEGMENT,M,1
2025,02,RENAULT,24,León,Corporate,BEV,UKL1,REST,Standard,1
2025,02,RENAULT,24,León,Corporate,ICE,UKL1,REST,Standard,4
2025,02,RENAULT,24,León,Corporate,ICE,UKL2,REST,Standard,3
2025,02,RENAULT,24,León,Private,ICE,UKL1,REST,Standard,4
2025,02,RENAULT,24,León,Private,ICE,UKL2,REST,Standard,2
2025,02,RENAULT,24,León,Private,PHEV,UKL2,REST,Standard,1
2025,02,SEAT,24,León,Corporate,ICE,UKL1,REST,Standard,5
2025,02,SEAT,24,León,Corporate,ICE,UKL2,REST,Standard,1
2025,02,SEAT,24,León,Private,ICE,UKL1,REST,Standard,6
2025,02,SEAT,24,León,Private,ICE,UKL2,REST,Standard,4
2025,02,SEAT,24,León,Private,PHEV,UKL2,REST,Standard,1
2025,02,SKODA,24,León,Corporate,BEV,UKL2,REST,Standard,1
2025,02,SKODA,24,León,Corporate,ICE,KKL,REST,Standard,1
2025,02,SKODA,24,León,Corporate,ICE,UKL1,REST,Standard,4
2025,02,SKODA,24,León,Corporate,ICE,UKL2,REST,Standard,3
2025,02,SKODA,24,León,Corporate,PHEV,UKL2,REST,Standard,1
2025,02,SKODA,24,León,Private,ICE,UKL1,REST,Standard,3
2025,02,SKODA,24,León,Private,ICE,UKL2,REST,Standard,2
2025,02,SSANGYONG,24,León,Private,ICE,KKL,REST,Standard,1
2025,02,SUZUKI,24,León,Corporate,PHEV,UKL2,REST,Standard,1
2025,02,SUZUKI,24,León,Private,ICE,UKL1,REST,Standard,1
2025,02,SUZUKI,24,León,Private,ICE,UKL2,REST,Standard,3
2025,02,TESLA,24,León,Private,BEV,KKL,FOCUS SEGMENT,Standard,3
2025,02,TOYOTA,24,León,Corporate,ICE,GKL,REST,Standard,1
2025,02,TOYOTA,24,León,Corporate,ICE,UKL1,REST,Standard,1
2025,02,TOYOTA,24,León,Corporate,PHEV,UKL1,REST,Standard,2
2025,02,TOYOTA,24,León,Private,ICE,UKL0,REST,Standard,1
2025,02,TOYOTA,24,León,Private,ICE,UKL1,REST,Standard,15
2025,02,TOYOTA,24,León,Private,ICE,UKL2,REST,Standard,9
2025,02,TOYOTA,24,León,Private,PHEV,UKL1,REST,Standard,3
2025,02,TOYOTA,24,León,Private,PHEV,UKL2,REST,Standard,3
2025,02,VOLKSWAGEN,24,León,Corporate,ICE,UKL1,REST,Standard,5
2025,02,VOLKSWAGEN,24,León,Corporate,ICE,UKL2,REST,Standard,4
2025,02,VOLKSWAGEN,24,León,Private,ICE,SKL,REST,Standard,3
2025,02,VOLKSWAGEN,24,León,Private,ICE,UKL1,REST,Standard,7
2025,02,VOLKSWAGEN,24,León,Private,ICE,UKL2,REST,Standard,8
2025,02,VOLVO,24,León,Corporate,ICE,UKL2,FOCUS SEGMENT,Standard,4
2025,02,VOLVO,24,León,Corporate,PHEV,MKL,FOCUS SEGMENT,Standard,1
2025,02,ALFA ROMEO,25,Lleida,Corporate,ICE,UKL1,REST,Standard,1
2025,02,AUDI,25,Lleida,Corporate,BEV,KKL,FOCUS SEGMENT,Standard,1
2025,02,AUDI,25,Lleida,Corporate,ICE,KKL,FOCUS SEGMENT,Standard,2
2025,02,AUDI,25,Lleida,Corporate,ICE,UKL1,FOCUS SEGMENT,Standard,1
2025,02,AUDI,25,Lleida,Corporate,ICE,UKL2,FOCUS SEGMENT,Standard,6
2025,02,AUDI,25,Lleida,Private,ICE,UKL1,FOCUS SEGMENT,Standard,2
2025,02,AUDI,25,Lleida,Private,ICE,UKL2,FOCUS SEGMENT,Standard,4
2025,02,BMW,25,Lleida,Corporate,BEV,KKL,FOCUS SEGMENT,Standard,1
2025,02,BMW,25,Lleida,Corporate,BEV,UKL2,FOCUS SEGMENT,Standard,3
2025,02,BMW,25,Lleida,Corporate,ICE,KKL,FOCUS SEGMENT,M,2
2025,02,BMW,25,Lleida,Corporate,ICE,KKL,FOCUS SEGMENT,Standard,3
2025,02,BMW,25,Lleida,Corporate,ICE,UKL2,FOCUS SEGMENT,M Performance,1
2025,02,BMW,25,Lleida,Corporate,PHEV,GKL,FOCUS SEGMENT,Standard,1
2025,02,BMW,25,Lleida,Corporate,PHEV,KKL,FOCUS SEGMENT,Standard,1
2025,02,BMW,25,Lleida,Private,ICE,KKL,FOCUS SEGMENT,Standard,1
2025,02,BMW,25,Lleida,Private,ICE,MKL,FOCUS SEGMENT,Standard,1
2025,02,BMW,25,Lleida,Private,ICE,UKL2,FOCUS SEGMENT,Standard,6
2025,02,BMW,25,Lleida,Private,PHEV,KKL,FOCUS SEGMENT,Standard,1
2025,02,BYD,25,Lleida,Private,BEV,UKL2,REST,Standard,1
2025,02,CITROEN,25,Lleida,Corporate,BEV,UKL1,REST,Standard,1
2025,02,CITROEN,25,Lleida,Corporate,BEV,UKL2,REST,Standard,1
2025,02,CITROEN,25,Lleida,Corporate,ICE,SKL,REST,Standard,1
2025,02,CITROEN,25,Lleida,Corporate,ICE,UKL2,REST,Standard,19
2025,02,CITROEN,25,Lleida,Private,ICE,UKL1,REST,Standard,5
2025,02,CITROEN,25,Lleida,Private,ICE,UKL2,REST,Standard,8
2025,02,CITROEN,25,Lleida,Private,PHEV,UKL2,REST,Standard,1
2025,02,CUPRA,25,Lleida,Corporate,ICE,UKL2,REST,Standard,2
2025,02,CUPRA,25,Lleida,Private,ICE,UKL2,REST,Standard,2
2025,02,CUPRA,25,Lleida,Private,PHEV,UKL2,REST,Standard,3
2025,02,DACIA,25,Lleida,Corporate,ICE,SKL,REST,Standard,10
2025,02,DACIA,25,Lleida,Corporate,ICE,UKL1,REST,Standard,5
2025,02,DACIA,25,Lleida,Corporate,ICE,UKL2,REST,Standard,2
2025,02,DACIA,25,Lleida,Private,ICE,SKL,REST,Standard,9
2025,02,DACIA,25,Lleida,Private,ICE,UKL1,REST,Standard,8
2025,02,DACIA,25,Lleida,Private,ICE,UKL2,REST,Standard,1
2025,02,FORD,25,Lleida,Corporate,ICE,UKL1,REST,Standard,2
2025,02,FORD,25,Lleida,Corporate,PHEV,UKL2,REST,Standard,2
2025,02,FORD,25,Lleida,Private,ICE,UKL1,REST,Standard,6
2025,02,FORD,25,Lleida,Private,ICE,UKL2,REST,Standard,5
2025,02,FORD,25,Lleida,Private,PHEV,UKL2,REST,Standard,9
2025,02,HONDA,25,Lleida,Private,ICE,UKL2,REST,Standard,1
2025,02,HYUNDAI,25,Lleida,Corporate,ICE,UKL0,REST,Standard,1
2025,02,HYUNDAI,25,Lleida,Corporate,ICE,UKL1,REST,Standard,1
2025,02,HYUNDAI,25,Lleida,Corporate,ICE,UKL2,REST,Standard,2
2025,02,HYUNDAI,25,Lleida,Private,BEV,UKL2,REST,Standard,1
2025,02,HYUNDAI,25,Lleida,Private,ICE,MKL,REST,Standard,2
2025,02,HYUNDAI,25,Lleida,Private,ICE,UKL0,REST,Standard,1
2025,02,HYUNDAI,25,Lleida,Private,ICE,UKL1,REST,Standard,5
2025,02,HYUNDAI,25,Lleida,Private,ICE,UKL2,REST,Standard,6
2025,02,HYUNDAI,25,Lleida,Private,PHEV,UKL2,REST,Standard,2
2025,02,JAECOO,25,Lleida,Corporate,PHEV,UKL2,REST,Standard,1
2025,02,JAECOO,25,Lleida,Private,ICE,UKL2,REST,Standard,3
2025,02,JAECOO,25,Lleida,Private,PHEV,UKL2,REST,Standard,7
2025,02,KG MOBILITY,25,Lleida,Private,ICE,UKL1,REST,Standard,2
2025,02,KIA,25,Lleida,Corporate,BEV,UKL1,REST,Standard,2
2025,02,KIA,25,Lleida,Corporate,ICE,KKL,REST,Standard,1
2025,02,KIA,25,Lleida,Corporate,ICE,UKL1,REST,Standard,2
2025,02,KIA,25,Lleida,Corporate,ICE,UKL2,REST,Standard,4
2025,02,KIA,25,Lleida,Private,BEV,UKL1,REST,Standard,1
2025,02,KIA,25,Lleida,Private,ICE,UKL1,REST,Standard,4
2025,02,KIA,25,Lleida,Private,ICE,UKL2,REST,Standard,12
2025,02,KIA,25,Lleida,Private,PHEV,UKL2,REST,Standard,1
2025,02,LAND ROVER,25,Lleida,Private,PHEV,MKL,FOCUS SEGMENT,Standard,1
2025,02,LEAPMOTOR,25,Lleida,Corporate,BEV,MKL,REST,Standard,1
2025,02,LEAPMOTOR,25,Lleida,Corporate,BEV,UKL0,REST,Standard,1
2025,02,LEAPMOTOR,25,Lleida,Private,BEV,MKL,REST,Standard,1
2025,02,LEAPMOTOR,25,Lleida,Private,BEV,UKL0,REST,Standard,1
2025,02,LEXUS,25,Lleida,Corporate,ICE,KKL,FOCUS SEGMENT,Standard,1
2025,02,LEXUS,25,Lleida,Corporate,PHEV,KKL,FOCUS SEGMENT,Standard,1
2025,02,LEXUS,25,Lleida,Private,ICE,UKL2,FOCUS SEGMENT,Standard,1
2025,02,LEXUS,25,Lleida,Private,PHEV,KKL,FOCUS SEGMENT,Standard,1
2025,02,MAZDA,25,Lleida,Corporate,ICE,KKL,REST,Standard,1
2025,02,MAZDA,25,Lleida,Corporate,ICE,UKL2,REST,Standard,3
2025,02,MAZDA,25,Lleida,Private,ICE,UKL1,REST,Standard,3
2025,02,MAZDA,25,Lleida,Private,ICE,UKL2,REST,Standard,2
2025,02,MERCEDES,25,Lleida,Corporate,BEV,MKL,FOCUS SEGMENT,Standard,1
2025,02,MERCEDES,25,Lleida,Corporate,ICE,KKL,FOCUS SEGMENT,Standard,1
2025,02,MERCEDES,25,Lleida,Corporate,ICE,SKL,REST,Standard,1
2025,02,MERCEDES,25,Lleida,Corporate,ICE,UKL2,FOCUS SEGMENT,Standard,3
2025,02,MERCEDES,25,Lleida,Corporate,PHEV,KKL,FOCUS SEGMENT,Standard,1
2025,02,MERCEDES,25,Lleida,Private,ICE,GKL,FOCUS SEGMENT,M,1
2025,02,MERCEDES,25,Lleida,Private,ICE,UKL2,FOCUS SEGMENT,Standard,1
2025,02,MERCEDES,25,Lleida,Private,PHEV,MKL,FOCUS SEGMENT,Standard,1
2025,02,MERCEDES-V,25,Lleida,Private,ICE,SKL,REST,Standard,1
2025,02,MG,25,Lleida,Corporate,BEV,UKL2,REST,Standard,1
2025,02,MG,25,Lleida,Corporate,ICE,UKL1,REST,Standard,4
2025,02,MG,25,Lleida,Corporate,PHEV,KKL,REST,Standard,1
2025,02,MG,25,Lleida,Private,ICE,UKL1,REST,Standard,22
2025,02,MG,25,Lleida,Private,PHEV,KKL,REST,Standard,3
2025,02,MINI,25,Lleida,Corporate,BEV,UKL2,FOCUS SEGMENT,Standard,1
2025,02,MINI,25,Lleida,Private,BEV,UKL1,FOCUS SEGMENT,Standard,1
2025,02,MINI,25,Lleida,Private,BEV,UKL2,FOCUS SEGMENT,Standard,3
2025,02,MITSUBISHI,25,Lleida,Corporate,ICE,UKL1,REST,Standard,1
2025,02,MITSUBISHI,25,Lleida,Corporate,PHEV,UKL2,REST,Standard,1
2025,02,NISSAN,25,Lleida,Corporate,ICE,KKL,REST,Standard,1
2025,02,NISSAN,25,Lleida,Corporate,ICE,UKL1,REST,Standard,1
2025,02,NISSAN,25,Lleida,Corporate,ICE,UKL2,REST,Standard,4
2025,02,NISSAN,25,Lleida,Private,ICE,KKL,REST,Standard,2
2025,02,NISSAN,25,Lleida,Private,ICE,SKL,REST,Standard,1
2025,02,NISSAN,25,Lleida,Private,ICE,UKL1,REST,Standard,5
2025,02,NISSAN,25,Lleida,Private,ICE,UKL2,REST,Standard,7
2025,02,OMODA,25,Lleida,Corporate,ICE,UKL2,REST,Standard,1
2025,02,OMODA,25,Lleida,Private,ICE,UKL2,REST,Standard,7
2025,02,OPEL,25,Lleida,Corporate,BEV,SKL,REST,Standard,2
2025,02,OPEL,25,Lleida,Corporate,BEV,UKL2,REST,Standard,1
2025,02,OPEL,25,Lleida,Corporate,ICE,SKL,REST,Standard,1
2025,02,OPEL,25,Lleida,Corporate,ICE,UKL1,REST,Standard,3
2025,02,OPEL,25,Lleida,Corporate,ICE,UKL2,REST,Standard,5
2025,02,OPEL,25,Lleida,Private,ICE,UKL1,REST,Standard,2
2025,02,OPEL,25,Lleida,Private,ICE,UKL2,REST,Standard,2
2025,02,PEUGEOT,25,Lleida,Corporate,ICE,SKL,REST,Standard,2
2025,02,PEUGEOT,25,Lleida,Corporate,ICE,UKL1,REST,Standard,12
2025,02,PEUGEOT,25,Lleida,Corporate,ICE,UKL2,REST,Standard,8
2025,02,PEUGEOT,25,Lleida,Private,ICE,KKL,REST,Standard,1
2025,02,PEUGEOT,25,Lleida,Private,ICE,SKL,REST,Standard,2
2025,02,PEUGEOT,25,Lleida,Private,ICE,UKL1,REST,Standard,4
2025,02,PEUGEOT,25,Lleida,Private,ICE,UKL2,REST,Standard,1
2025,02,PORSCHE,25,Lleida,Corporate,PHEV,GKL,FOCUS SEGMENT,M Performance,1
2025,02,RENAULT,25,Lleida,Corporate,BEV,UKL2,REST,Standard,1
2025,02,RENAULT,25,Lleida,Corporate,ICE,SKL,REST,Standard,2
2025,02,RENAULT,25,Lleida,Corporate,ICE,UKL1,REST,Standard,5
2025,02,RENAULT,25,Lleida,Corporate,ICE,UKL2,REST,Standard,3
2025,02,RENAULT,25,Lleida,Private,BEV,UKL1,REST,Standard,1
2025,02,RENAULT,25,Lleida,Private,ICE,SKL,REST,Standard,1
2025,02,RENAULT,25,Lleida,Private,ICE,UKL1,REST,Standard,4
2025,02,RENAULT,25,Lleida,Private,ICE,UKL2,REST,Standard,5
2025,02,RENAULT,25,Lleida,Private,PHEV,UKL2,REST,Standard,1
2025,02,SEAT,25,Lleida,Corporate,ICE,UKL2,REST,Standard,1
2025,02,SEAT,25,Lleida,Private,ICE,UKL1,REST,Standard,7
2025,02,SEAT,25,Lleida,Private,ICE,UKL2,REST,Standard,12
2025,02,SKODA,25,Lleida,Corporate,BEV,UKL2,REST,Standard,2
2025,02,SKODA,25,Lleida,Corporate,ICE,UKL2,REST,Standard,3
2025,02,SKODA,25,Lleida,Corporate,PHEV,KKL,REST,Standard,1
2025,02,SKODA,25,Lleida,Private,ICE,UKL1,REST,Standard,4
2025,02,SKODA,25,Lleida,Private,ICE,UKL2,REST,Standard,3
2025,02,SSANGYONG,25,Lleida,Private,ICE,UKL1,REST,Standard,1
2025,02,SUBARU,25,Lleida,Private,BEV,UKL2,REST,Standard,1
2025,02,SUZUKI,25,Lleida,Corporate,ICE,UKL2,REST,Standard,1
2025,02,TESLA,25,Lleida,Corporate,BEV,KKL,FOCUS SEGMENT,Standard,2
2025,02,TESLA,25,Lleida,Private,BEV,KKL,FOCUS SEGMENT,Standard,11
2025,02,TOYOTA,25,Lleida,Corporate,BEV,UKL2,REST,Standard,1
2025,02,TOYOTA,25,Lleida,Corporate,ICE,SKL,REST,Standard,2
2025,02,TOYOTA,25,Lleida,Corporate,ICE,UKL1,REST,Standard,3
2025,02,TOYOTA,25,Lleida,Corporate,ICE,UKL2,REST,Standard,1
2025,02,TOYOTA,25,Lleida,Corporate,PHEV,UKL1,REST,Standard,2
2025,02,TOYOTA,25,Lleida,Corporate,PHEV,UKL2,REST,Standard,1
2025,02,TOYOTA,25,Lleida,Private,ICE,SKL,REST,Standard,2
2025,02,TOYOTA,25,Lleida,Private,ICE,UKL1,REST,Standard,17
2025,02,TOYOTA,25,Lleida,Private,ICE,UKL2,REST,Standard,13
2025,02,TOYOTA,25,Lleida,Private,PHEV,UKL1,REST,Standard,3
2025,02,TOYOTA,25,Lleida,Private,PHEV,UKL2,REST,Standard,6
2025,02,VOLKSWAGEN,25,Lleida,Corporate,ICE,MKL,REST,Standard,1
2025,02,VOLKSWAGEN,25,Lleida,Corporate,ICE,UKL2,REST,Standard,9
2025,02,VOLKSWAGEN,25,Lleida,Private,ICE,SKL,REST,Standard,2
2025,02,VOLKSWAGEN,25,Lleida,Private,ICE,UKL1,REST,Standard,4
2025,02,VOLKSWAGEN,25,Lleida,Private,ICE,UKL2,REST,Standard,4
2025,02,VOLVO,25,Lleida,Corporate,ICE,KKL,FOCUS SEGMENT,Standard,2
2025,02,VOLVO,25,Lleida,Corporate,ICE,UKL2,FOCUS SEGMENT,Standard,1
2025,02,VOLVO,25,Lleida,Private,ICE,KKL,FOCUS SEGMENT,Standard,1
2025,02,VOLVO,25,Lleida,Private,ICE,UKL2,FOCUS SEGMENT,Standard,3
2025,02,AUDI,26,La Rioja,Corporate,ICE,KKL,FOCUS SEGMENT,Standard,1
2025,02,AUDI,26,La Rioja,Corporate,ICE,MKL,FOCUS SEGMENT,Standard,1
2025,02,AUDI,26,La Rioja,Corporate,ICE,UKL1,FOCUS SEGMENT,Standard,1
2025,02,AUDI,26,La Rioja,Corporate,ICE,UKL2,FOCUS SEGMENT,Standard,1
2025,02,AUDI,26,La Rioja,Private,ICE,KKL,FOCUS SEGMENT,M Performance,1
2025,02,AUDI,26,La Rioja,Private,ICE,KKL,FOCUS SEGMENT,Standard,2
2025,02,AUDI,26,La Rioja,Private,ICE,UKL2,FOCUS SEGMENT,Standard,1
2025,02,BMW,26,La Rioja,Corporate,BEV,UKL2,FOCUS SEGMENT,Standard,1
2025,02,BMW,26,La Rioja,Corporate,ICE,UKL2,FOCUS SEGMENT,Standard,2
2025,02,BMW,26,La Rioja,Private,ICE,UKL2,FOCUS SEGMENT,M,1
2025,02,BMW,26,La Rioja,Private,ICE,UKL2,FOCUS SEGMENT,Standard,4
2025,02,BMW,26,La Rioja,Private,PHEV,KKL,FOCUS SEGMENT,Standard,1
2025,02,BYD,26,La Rioja,Private,BEV,KKL,REST,Standard,1
2025,02,BYD,26,La Rioja,Private,BEV,UKL1,REST,Standard,1
2025,02,BYD,26,La Rioja,Private,PHEV,KKL,REST,Standard,2
2025,02,CITROEN,26,La Rioja,Corporate,ICE,SKL,REST,Standard,2
2025,02,CITROEN,26,La Rioja,Corporate,ICE,UKL2,REST,Standard,14
2025,02,CITROEN,26,La Rioja,Private,ICE,SKL,REST,Standard,1
2025,02,CITROEN,26,La Rioja,Private,ICE,UKL2,REST,Standard,4
2025,02,CUPRA,26,La Rioja,Private,ICE,UKL2,REST,Standard,3
2025,02,DACIA,26,La Rioja,Corporate,ICE,SKL,REST,Standard,1
2025,02,DACIA,26,La Rioja,Private,ICE,SKL,REST,Standard,3
2025,02,DACIA,26,La Rioja,Private,ICE,UKL1,REST,Standard,4
2025,02,DFSK,26,La Rioja,Private,PHEV,KKL,REST,Standard,1
2025,02,FIAT,26,La Rioja,Private,ICE,UKL0,REST,Standard,1
2025,02,FORD,26,La Rioja,Private,ICE,UKL1,REST,Standard,6
2025,02,FORD,26,La Rioja,Private,PHEV,UKL2,REST,Standard,1
2025,02,HYUNDAI,26,La Rioja,Corporate,BEV,UKL2,REST,Standard,1
2025,02,HYUNDAI,26,La Rioja,Corporate,ICE,UKL2,REST,Standard,2
2025,02,HYUNDAI,26,La Rioja,Corporate,PHEV,UKL2,REST,Standard,1
2025,02,HYUNDAI,26,La Rioja,Private,BEV,UKL2,REST,Standard,2
2025,02,HYUNDAI,26,La Rioja,Private,ICE,UKL0,REST,Standard,1
2025,02,HYUNDAI,26,La Rioja,Private,ICE,UKL1,REST,Standard,7
2025,02,HYUNDAI,26,La Rioja,Private,ICE,UKL2,REST,Standard,3
2025,02,HYUNDAI,26,La Rioja,Private,PHEV,UKL2,REST,Standard,1
2025,02,JAECOO,26,La Rioja,Corporate,PHEV,UKL2,REST,Standard,2
2025,02,JAECOO,26,La Rioja,Private,ICE,UKL2,REST,Standard,1
2025,02,JAECOO,26,La Rioja,Private,PHEV,UKL2,REST,Standard,10
2025,02,JEEP,26,La Rioja,Private,ICE,UKL1,REST,Standard,2
2025,02,KIA,26,La Rioja,Private,BEV,UKL1,REST,Standard,3
2025,02,KIA,26,La Rioja,Private,ICE,UKL1,REST,Standard,2
2025,02,KIA,26,La Rioja,Private,ICE,UKL2,REST,Standard,10
2025,02,LAND ROVER,26,La Rioja,Private,PHEV,MKL,FOCUS SEGMENT,Standard,1
2025,02,LEXUS,26,La Rioja,Corporate,ICE,KKL,FOCUS SEGMENT,Standard,1
2025,02,LEXUS,26,La Rioja,Corporate,ICE,UKL1,FOCUS SEGMENT,Standard,1
2025,02,LEXUS,26,La Rioja,Corporate,PHEV,KKL,FOCUS SEGMENT,Standard,1
2025,02,LEXUS,26,La Rioja,Private,PHEV,KKL,FOCUS SEGMENT,Standard,1
2025,02,MAZDA,26,La Rioja,Corporate,ICE,UKL2,REST,Standard,1
2025,02,MAZDA,26,La Rioja,Private,ICE,UKL2,REST,Standard,9
2025,02,MERCEDES,26,La Rioja,Corporate,ICE,KKL,FOCUS SEGMENT,Standard,1
2025,02,MERCEDES,26,La Rioja,Corporate,ICE,MKL,FOCUS SEGMENT,M Performance,1
2025,02,MERCEDES,26,La Rioja,Corporate,ICE,MKL,FOCUS SEGMENT,Standard,2
2025,02,MERCEDES,26,La Rioja,Corporate,ICE,UKL2,FOCUS SEGMENT,Standard,4
2025,02,MERCEDES,26,La Rioja,Corporate,PHEV,KKL,FOCUS SEGMENT,Standard,1
2025,02,MERCEDES,26,La Rioja,Private,PHEV,KKL,FOCUS SEGMENT,Standard,1
2025,02,MERCEDES,26,La Rioja,Private,PHEV,MKL,FOCUS SEGMENT,Standard,1
2025,02,MERCEDES,26,La Rioja,Private,PHEV,UKL2,FOCUS SEGMENT,Standard,1
2025,02,MG,26,La Rioja,Corporate,ICE,KKL,REST,Standard,1
2025,02,MG,26,La Rioja,Private,ICE,KKL,REST,Standard,1
2025,02,MG,26,La Rioja,Private,ICE,UKL1,REST,Standard,14
2025,02,MG,26,La Rioja,Private,PHEV,KKL,REST,Standard,2
2025,02,MINI,26,La Rioja,Private,ICE,UKL1,FOCUS SEGMENT,Standard,1
2025,02,NISSAN,26,La Rioja,Corporate,ICE,UKL1,REST,Standard,1
2025,02,NISSAN,26,La Rioja,Corporate,ICE,UKL2,REST,Standard,1
2025,02,NISSAN,26,La Rioja,Private,ICE,KKL,REST,Standard,1
2025,02,NISSAN,26,La Rioja,Private,ICE,UKL1,REST,Standard,1
2025,02,NISSAN,26,La Rioja,Private,ICE,UKL2,REST,Standard,3
2025,02,OMODA,26,La Rioja,Private,ICE,UKL2,REST,Standard,9
2025,02,OPEL,26,La Rioja,Corporate,ICE,SKL,REST,Standard,3
2025,02,OPEL,26,La Rioja,Private,ICE,UKL1,REST,Standard,1
2025,02,PEUGEOT,26,La Rioja,Corporate,BEV,UKL1,REST,Standard,1
2025,02,PEUGEOT,26,La Rioja,Corporate,ICE,SKL,REST,Standard,2
2025,02,PEUGEOT,26,La Rioja,Corporate,ICE,UKL1,REST,Standard,11
2025,02,PEUGEOT,26,La Rioja,Corporate,ICE,UKL2,REST,Standard,15
2025,02,PEUGEOT,26,La Rioja,Private,ICE,KKL,REST,Standard,1
2025,02,PEUGEOT,26,La Rioja,Private,ICE,SKL,REST,Standard,1
2025,02,PEUGEOT,26,La Rioja,Private,ICE,UKL1,REST,Standard,3
2025,02,PEUGEOT,26,La Rioja,Private,ICE,UKL2,REST,Standard,1
2025,02,PORSCHE,26,La Rioja,Corporate,BEV,KKL,FOCUS SEGMENT,M,1
2025,02,RENAULT,26,La Rioja,Corporate,ICE,UKL2,REST,Standard,1
2025,02,RENAULT,26,La Rioja,Private,BEV,UKL2,REST,Standard,1
2025,02,RENAULT,26,La Rioja,Private,ICE,UKL1,REST,Standard,4
2025,02,RENAULT,26,La Rioja,Private,ICE,UKL2,REST,Standard,7
2025,02,RENAULT,26,La Rioja,Private,PHEV,UKL2,REST,Standard,1
2025,02,SEAT,26,La Rioja,Corporate,ICE,UKL2,REST,Standard,4
2025,02,SEAT,26,La Rioja,Private,ICE,UKL1,REST,Standard,2
2025,02,SEAT,26,La Rioja,Private,ICE,UKL2,REST,Standard,5
2025,02,SKODA,26,La Rioja,Corporate,BEV,UKL2,REST,Standard,1
2025,02,SKODA,26,La Rioja,Private,ICE,KKL,REST,Standard,1
2025,02,SKODA,26,La Rioja,Private,ICE,UKL2,REST,Standard,1
2025,02,SKODA,26,La Rioja,Private,PHEV,KKL,REST,Standard,1
2025,02,SSANGYONG,26,La Rioja,Private,ICE,KKL,REST,Standard,1
2025,02,SUZUKI,26,La Rioja,Corporate,ICE,UKL1,REST,Standard,1
2025,02,SUZUKI,26,La Rioja,Corporate,ICE,UKL2,REST,Standard,1
2025,02,SUZUKI,26,La Rioja,Private,ICE,UKL1,REST,Standard,2
2025,02,SUZUKI,26,La Rioja,Private,ICE,UKL2,REST,Standard,4
2025,02,TESLA,26,La Rioja,Private,BEV,KKL,FOCUS SEGMENT,Standard,3
2025,02,TOYOTA,26,La Rioja,Corporate,ICE,UKL1,REST,Standard,1
2025,02,TOYOTA,26,La Rioja,Corporate,ICE,UKL2,REST,Standard,1
2025,02,TOYOTA,26,La Rioja,Corporate,PHEV,UKL2,REST,Standard,1
2025,02,TOYOTA,26,La Rioja,Private,BEV,UKL2,REST,Standard,1
2025,02,TOYOTA,26,La Rioja,Private,ICE,SKL,REST,Standard,1
2025,02,TOYOTA,26,La Rioja,Private,ICE,UKL1,REST,Standard,12
2025,02,TOYOTA,26,La Rioja,Private,ICE,UKL2,REST,Standard,12
2025,02,TOYOTA,26,La Rioja,Private,PHEV,UKL1,REST,Standard,1
2025,02,TOYOTA,26,La Rioja,Private,PHEV,UKL2,REST,Standard,2
2025,02,VOLKSWAGEN,26,La Rioja,Private,ICE,SKL,REST,Standard,1
2025,02,VOLKSWAGEN,26,La Rioja,Private,ICE,UKL1,REST,Standard,3
2025,02,VOLKSWAGEN,26,La Rioja,Private,ICE,UKL2,REST,Standard,8
2025,02,VOLKSWAGEN,26,La Rioja,Private,PHEV,UKL2,REST,Standard,1
2025,02,VOLVO,26,La Rioja,Private,ICE,UKL2,FOCUS SEGMENT,Standard,2
2025,02,XPENG,26,La Rioja,Private,BEV,KKL,FOCUS SEGMENT,Standard,1
2025,02,AUDI,27,Lugo,Corporate,BEV,KKL,FOCUS SEGMENT,Standard,1
2025,02,AUDI,27,Lugo,Corporate,ICE,KKL,FOCUS SEGMENT,Standard,1
2025,02,AUDI,27,Lugo,Corporate,ICE,UKL2,FOCUS SEGMENT,Standard,9
2025,02,AUDI,27,Lugo,Private,BEV,KKL,FOCUS SEGMENT,Standard,1
2025,02,AUDI,27,Lugo,Private,ICE,KKL,FOCUS SEGMENT,Standard,1
2025,02,AUDI,27,Lugo,Private,ICE,UKL1,FOCUS SEGMENT,Standard,1
2025,02,AUDI,27,Lugo,Private,ICE,UKL2,FOCUS SEGMENT,Standard,2
2025,02,BMW,27,Lugo,Private,ICE,KKL,FOCUS SEGMENT,Standard,1
2025,02,BMW,27,Lugo,Private,ICE,UKL2,FOCUS SEGMENT,Standard,1
2025,02,BMW,27,Lugo,Private,PHEV,KKL,FOCUS SEGMENT,Standard,1
2025,02,CITROEN,27,Lugo,Private,ICE,UKL1,REST,Standard,2
2025,02,CUPRA,27,Lugo,Private,ICE,UKL2,REST,Standard,4
2025,02,DACIA,27,Lugo,Corporate,ICE,SKL,REST,Standard,2
2025,02,DACIA,27,Lugo,Corporate,ICE,UKL1,REST,Standard,7
2025,02,DACIA,27,Lugo,Corporate,ICE,UKL2,REST,Standard,4
2025,02,DACIA,27,Lugo,Private,BEV,UKL0,REST,Standard,1
2025,02,DACIA,27,Lugo,Private,ICE,SKL,REST,Standard,6
2025,02,DACIA,27,Lugo,Private,ICE,UKL1,REST,Standard,7
2025,02,DACIA,27,Lugo,Private,ICE,UKL2,REST,Standard,2
2025,02,FORD,27,Lugo,Corporate,BEV,SKL,REST,Standard,1
2025,02,FORD,27,Lugo,Corporate,ICE,SKL,REST,Standard,9
2025,02,FORD,27,Lugo,Corporate,ICE,UKL2,REST,Standard,4
2025,02,FORD,27,Lugo,Corporate,PHEV,UKL2,REST,Standard,5
2025,02,FORD,27,Lugo,Private,ICE,SKL,REST,Standard,1
2025,02,FORD,27,Lugo,Private,ICE,UKL1,REST,Standard,1
2025,02,FORD,27,Lugo,Private,ICE,UKL2,REST,Standard,4
2025,02,FORD,27,Lugo,Private,PHEV,UKL2,REST,Standard,2
2025,02,FORD,27,Lugo,RAC,ICE,SKL,REST,Standard,1
2025,02,HONDA,27,Lugo,Private,ICE,UKL2,REST,Standard,1
2025,02,HYUNDAI,27,Lugo,Corporate,ICE,UKL1,REST,Standard,3
2025,02,HYUNDAI,27,Lugo,Corporate,ICE,UKL2,REST,Standard,5
2025,02,HYUNDAI,27,Lugo,Corporate,PHEV,UKL2,REST,Standard,7
2025,02,HYUNDAI,27,Lugo,Private,BEV,UKL1,REST,Standard,1
2025,02,HYUNDAI,27,Lugo,Private,ICE,UKL0,REST,Standard,1
2025,02,HYUNDAI,27,Lugo,Private,ICE,UKL1,REST,Standard,6
2025,02,HYUNDAI,27,Lugo,Private,ICE,UKL2,REST,Standard,2
2025,02,JAECOO,27,Lugo,Corporate,ICE,UKL2,REST,Standard,2
2025,02,JAECOO,27,Lugo,Private,PHEV,UKL2,REST,Standard,1
2025,02,KIA,27,Lugo,Corporate,ICE,KKL,REST,Standard,1
2025,02,KIA,27,Lugo,Corporate,ICE,UKL1,REST,Standard,1
2025,02,KIA,27,Lugo,Corporate,ICE,UKL2,REST,Standard,7
2025,02,KIA,27,Lugo,Private,BEV,UKL1,REST,Standard,2
2025,02,KIA,27,Lugo,Private,ICE,UKL1,REST,Standard,2
2025,02,KIA,27,Lugo,Private,ICE,UKL2,REST,Standard,11
2025,02,KIA,27,Lugo,Private,PHEV,UKL2,REST,Standard,1
2025,02,LEXUS,27,Lugo,Corporate,ICE,KKL,FOCUS SEGMENT,Standard,1
2025,02,LEXUS,27,Lugo,Private,ICE,KKL,FOCUS SEGMENT,Standard,1
2025,02,MAZDA,27,Lugo,Corporate,ICE,KKL,REST,Standard,1
2025,02,MAZDA,27,Lugo,Corporate,ICE,UKL2,REST,Standard,2
2025,02,MAZDA,27,Lugo,Private,ICE,UKL2,REST,Standard,4
2025,02,MERCEDES,27,Lugo,Corporate,ICE,KKL,FOCUS SEGMENT,Standard,6
2025,02,MERCEDES,27,Lugo,Corporate,ICE,MKL,FOCUS SEGMENT,Standard,1
2025,02,MERCEDES,27,Lugo,Corporate,ICE,UKL2,FOCUS SEGMENT,Standard,2
2025,02,MERCEDES,27,Lugo,Corporate,PHEV,KKL,FOCUS SEGMENT,Standard,1
2025,02,MERCEDES,27,Lugo,Private,ICE,UKL2,FOCUS SEGMENT,Standard,2
2025,02,MERCEDES,27,Lugo,Private,PHEV,UKL2,FOCUS SEGMENT,Standard,2
2025,02,MG,27,Lugo,Private,ICE,KKL,REST,Standard,3
2025,02,MG,27,Lugo,Private,ICE,UKL1,REST,Standard,15
2025,02,MINI,27,Lugo,Private,BEV,UKL1,FOCUS SEGMENT,Standard,1
2025,02,MITSUBISHI,27,Lugo,Corporate,ICE,UKL2,REST,Standard,1
2025,02,MITSUBISHI,27,Lugo,Private,ICE,UKL1,REST,Standard,1
2025,02,MITSUBISHI,27,Lugo,Private,ICE,UKL2,REST,Standard,1
2025,02,NISSAN,27,Lugo,Corporate,ICE,KKL,REST,Standard,1
2025,02,NISSAN,27,Lugo,Corporate,ICE,UKL2,REST,Standard,1
2025,02,NISSAN,27,Lugo,Private,ICE,SKL,REST,Standard,1
2025,02,NISSAN,27,Lugo,Private,ICE,UKL1,REST,Standard,5
2025,02,NISSAN,27,Lugo,Private,ICE,UKL2,REST,Standard,2
2025,02,OMODA,27,Lugo,Private,ICE,UKL2,REST,Standard,5
2025,02,OPEL,27,Lugo,Corporate,BEV,SKL,REST,Standard,1
2025,02,PEUGEOT,27,Lugo,Corporate,ICE,UKL1,REST,Standard,1
2025,02,PEUGEOT,27,Lugo,Corporate,ICE,UKL2,REST,Standard,4
2025,02,PEUGEOT,27,Lugo,Private,ICE,SKL,REST,Standard,2
2025,02,PEUGEOT,27,Lugo,Private,ICE,UKL1,REST,Standard,3
2025,02,PEUGEOT,27,Lugo,Private,ICE,UKL2,REST,Standard,1
2025,02,PORSCHE,27,Lugo,Corporate,BEV,KKL,FOCUS SEGMENT,M,1
2025,02,RENAULT,27,Lugo,Corporate,BEV,SKL,REST,Standard,6
2025,02,RENAULT,27,Lugo,Corporate,BEV,UKL2,REST,Standard,1
2025,02,RENAULT,27,Lugo,Corporate,ICE,UKL2,REST,Standard,5
2025,02,RENAULT,27,Lugo,Private,ICE,UKL1,REST,Standard,8
2025,02,RENAULT,27,Lugo,Private,ICE,UKL2,REST,Standard,3
2025,02,SEAT,27,Lugo,Corporate,ICE,UKL1,REST,Standard,3
2025,02,SEAT,27,Lugo,Corporate,ICE,UKL2,REST,Standard,1
2025,02,SEAT,27,Lugo,Private,ICE,UKL1,REST,Standard,3
2025,02,SEAT,27,Lugo,Private,ICE,UKL2,REST,Standard,4
2025,02,SHINERAY,27,Lugo,Private,ICE,MKL,REST,Standard,1
2025,02,SKODA,27,Lugo,Corporate,BEV,UKL2,REST,Standard,1
2025,02,SKODA,27,Lugo,Corporate,ICE,UKL1,REST,Standard,2
2025,02,SKODA,27,Lugo,Private,ICE,UKL1,REST,Standard,4
2025,02,SUZUKI,27,Lugo,Private,ICE,UKL1,REST,Standard,1
2025,02,SUZUKI,27,Lugo,Private,ICE,UKL2,REST,Standard,1
2025,02,TESLA,27,Lugo,Corporate,BEV,KKL,FOCUS SEGMENT,Standard,1
2025,02,TOYOTA,27,Lugo,Corporate,BEV,SKL,REST,Standard,1
2025,02,TOYOTA,27,Lugo,Corporate,ICE,UKL1,REST,Standard,1
2025,02,TOYOTA,27,Lugo,Private,ICE,UKL0,REST,Standard,1
2025,02,TOYOTA,27,Lugo,Private,ICE,UKL1,REST,Standard,10
2025,02,TOYOTA,27,Lugo,Private,ICE,UKL2,REST,Standard,4
2025,02,TOYOTA,27,Lugo,Private,PHEV,UKL1,REST,Standard,4
2025,02,TOYOTA,27,Lugo,Private,PHEV,UKL2,REST,Standard,1
2025,02,VOLKSWAGEN,27,Lugo,Corporate,ICE,UKL1,REST,Standard,1
2025,02,VOLKSWAGEN,27,Lugo,Corporate,ICE,UKL2,REST,Standard,1
2025,02,VOLKSWAGEN,27,Lugo,Private,ICE,SKL,REST,Standard,1
2025,02,VOLKSWAGEN,27,Lugo,Private,ICE,UKL2,REST,Standard,1
2025,02,VOLVO,27,Lugo,Corporate,ICE,UKL2,FOCUS SEGMENT,Standard,2
2025,02,VOLVO,27,Lugo,Private,ICE,UKL2,FOCUS SEGMENT,Standard,2
2025,02,VOLVO,27,Lugo,Private,PHEV,MKL,FOCUS SEGMENT,Standard,1
2025,02,ABARTH,28,Madrid,Corporate,BEV,UKL0,REST,Standard,1
2025,02,ALFA ROMEO,28,Madrid,Corporate,BEV,UKL1,REST,Standard,4
2025,02,ALFA ROMEO,28,Madrid,Corporate,ICE,KKL,REST,Standard,12
2025,02,ALFA ROMEO,28,Madrid,Corporate,ICE,UKL1,REST,Standard,62
2025,02,ALFA ROMEO,28,Madrid,Corporate,ICE,UKL2,REST,Standard,21
2025,02,ALFA ROMEO,28,Madrid,Corporate,PHEV,UKL2,REST,Standard,1
2025,02,ALFA ROMEO,28,Madrid,Private,ICE,UKL1,REST,Standard,12
2025,02,ALFA ROMEO,28,Madrid,Private,ICE,UKL2,REST,Standard,1
2025,02,ALFA ROMEO,28,Madrid,RAC,ICE,UKL1,REST,Standard,84
2025,02,ALFA ROMEO,28,Madrid,RAC,ICE,UKL2,REST,Standard,44
2025,02,ALPINE,28,Madrid,Corporate,BEV,UKL1,REST,Standard,5
2025,02,ALPINE,28,Madrid,Corporate,ICE,KKL,REST,Standard,1
2025,02,ALPINE,28,Madrid,Private,BEV,UKL1,REST,Standard,2
2025,02,ASTON MARTIN,28,Madrid,Corporate,ICE,GKL+,FOCUS SEGMENT,Standard,1
2025,02,AUDI,28,Madrid,Corporate,BEV,KKL,FOCUS SEGMENT,Standard,14
2025,02,AUDI,28,Madrid,Corporate,BEV,MKL,FOCUS SEGMENT,M Performance,1
2025,02,AUDI,28,Madrid,Corporate,BEV,MKL,FOCUS SEGMENT,Standard,3
2025,02,AUDI,28,Madrid,Corporate,BEV,UKL2,FOCUS SEGMENT,Standard,13
2025,02,AUDI,28,Madrid,Corporate,ICE,GKL,FOCUS SEGMENT,Standard,1
2025,02,AUDI,28,Madrid,Corporate,ICE,KKL,FOCUS SEGMENT,M Performance,3
2025,02,AUDI,28,Madrid,Corporate,ICE,KKL,FOCUS SEGMENT,Standard,184
2025,02,AUDI,28,Madrid,Corporate,ICE,MKL,FOCUS SEGMENT,M,1
2025,02,AUDI,28,Madrid,Corporate,ICE,MKL,FOCUS SEGMENT,M Performance,2
2025,02,AUDI,28,Madrid,Corporate,ICE,MKL,FOCUS SEGMENT,Standard,35
2025,02,AUDI,28,Madrid,Corporate,ICE,UKL1,FOCUS SEGMENT,Standard,49
2025,02,AUDI,28,Madrid,Corporate,ICE,UKL2,FOCUS SEGMENT,M,3
2025,02,AUDI,28,Madrid,Corporate,ICE,UKL2,FOCUS SEGMENT,M Performance,2
2025,02,AUDI,28,Madrid,Corporate,ICE,UKL2,FOCUS SEGMENT,Standard,382
2025,02,AUDI,28,Madrid,Corporate,PHEV,GKL,FOCUS SEGMENT,Standard,1
2025,02,AUDI,28,Madrid,Corporate,PHEV,KKL,FOCUS SEGMENT,Standard,19
2025,02,AUDI,28,Madrid,Corporate,PHEV,MKL,FOCUS SEGMENT,M Performance,1
2025,02,AUDI,28,Madrid,Corporate,PHEV,MKL,FOCUS SEGMENT,Standard,11
2025,02,AUDI,28,Madrid,Private,BEV,KKL,FOCUS SEGMENT,Standard,1
2025,02,AUDI,28,Madrid,Private,BEV,UKL2,FOCUS SEGMENT,Standard,3
2025,02,AUDI,28,Madrid,Private,ICE,KKL,FOCUS SEGMENT,M Performance,2
2025,02,AUDI,28,Madrid,Private,ICE,KKL,FOCUS SEGMENT,Standard,46
2025,02,AUDI,28,Madrid,Private,ICE,MKL,FOCUS SEGMENT,M,2
2025,02,AUDI,28,Madrid,Private,ICE,MKL,FOCUS SEGMENT,M Performance,2
2025,02,AUDI,28,Madrid,Private,ICE,MKL,FOCUS SEGMENT,Standard,6
2025,02,AUDI,28,Madrid,Private,ICE,UKL1,FOCUS SEGMENT,Standard,10
2025,02,AUDI,28,Madrid,Private,ICE,UKL2,FOCUS SEGMENT,M Performance,1
2025,02,AUDI,28,Madrid,Private,ICE,UKL2,FOCUS SEGMENT,Standard,87
2025,02,AUDI,28,Madrid,Private,PHEV,KKL,FOCUS SEGMENT,Standard,6
2025,02,AUDI,28,Madrid,Private,PHEV,MKL,FOCUS SEGMENT,Standard,4
2025,02,AUDI,28,Madrid,RAC,BEV,KKL,FOCUS SEGMENT,Standard,16
2025,02,AUDI,28,Madrid,RAC,BEV,MKL,FOCUS SEGMENT,Standard,2
2025,02,AUDI,28,Madrid,RAC,BEV,UKL2,FOCUS SEGMENT,Standard,9
2025,02,AUDI,28,Madrid,RAC,ICE,KKL,FOCUS SEGMENT,Standard,98
2025,02,AUDI,28,Madrid,RAC,ICE,MKL,FOCUS SEGMENT,M Performance,1
2025,02,AUDI,28,Madrid,RAC,ICE,MKL,FOCUS SEGMENT,Standard,11
2025,02,AUDI,28,Madrid,RAC,ICE,UKL1,FOCUS SEGMENT,Standard,125
2025,02,AUDI,28,Madrid,RAC,ICE,UKL2,FOCUS SEGMENT,Standard,512
2025,02,BENTLEY,28,Madrid,Corporate,PHEV,GKL+,FOCUS SEGMENT,Standard,1
2025,02,BMW,28,Madrid,Corporate,BEV,GKL,FOCUS SEGMENT,Standard,2
2025,02,BMW,28,Madrid,Corporate,BEV,KKL,FOCUS SEGMENT,M Performance,1
2025,02,BMW,28,Madrid,Corporate,BEV,KKL,FOCUS SEGMENT,Standard,19
2025,02,BMW,28,Madrid,Corporate,BEV,MKL,FOCUS SEGMENT,M Performance,1
2025,02,BMW,28,Madrid,Corporate,BEV,MKL,FOCUS SEGMENT,Standard,3
2025,02,BMW,28,Madrid,Corporate,BEV,UKL2,FOCUS SEGMENT,Standard,71
2025,02,BMW,28,Madrid,Corporate,ICE,GKL,FOCUS SEGMENT,M,1
2025,02,BMW,28,Madrid,Corporate,ICE,GKL,FOCUS SEGMENT,M Performance,2
2025,02,BMW,28,Madrid,Corporate,ICE,GKL,FOCUS SEGMENT,Standard,3
2025,02,BMW,28,Madrid,Corporate,ICE,KKL,FOCUS SEGMENT,M,5
2025,02,BMW,28,Madrid,Corporate,ICE,KKL,FOCUS SEGMENT,M Performance,14
2025,02,BMW,28,Madrid,Corporate,ICE,KKL,FOCUS SEGMENT,Standard,215
2025,02,BMW,28,Madrid,Corporate,ICE,MKL,FOCUS SEGMENT,M,1
2025,02,BMW,28,Madrid,Corporate,ICE,MKL,FOCUS SEGMENT,M Performance,2
2025,02,BMW,28,Madrid,Corporate,ICE,MKL,FOCUS SEGMENT,Standard,46
2025,02,BMW,28,Madrid,Corporate,ICE,UKL2,FOCUS SEGMENT,M,2
2025,02,BMW,28,Madrid,Corporate,ICE,UKL2,FOCUS SEGMENT,M Performance,2
2025,02,BMW,28,Madrid,Corporate,ICE,UKL2,FOCUS SEGMENT,Standard,396
2025,02,BMW,28,Madrid,Corporate,PHEV,GKL,FOCUS SEGMENT,M,4
2025,02,BMW,28,Madrid,Corporate,PHEV,KKL,FOCUS SEGMENT,Standard,94
2025,02,BMW,28,Madrid,Corporate,PHEV,MKL,FOCUS SEGMENT,M,7
2025,02,BMW,28,Madrid,Corporate,PHEV,MKL,FOCUS SEGMENT,Standard,34
2025,02,BMW,28,Madrid,Corporate,PHEV,UKL2,FOCUS SEGMENT,Standard,60
2025,02,BMW,28,Madrid,Private,BEV,KKL,FOCUS SEGMENT,Standard,1
2025,02,BMW,28,Madrid,Private,BEV,UKL2,FOCUS SEGMENT,Standard,19
2025,02,BMW,28,Madrid,Private,ICE,KKL,FOCUS SEGMENT,M,1
2025,02,BMW,28,Madrid,Private,ICE,KKL,FOCUS SEGMENT,M Performance,4
2025,02,BMW,28,Madrid,Private,ICE,KKL,FOCUS SEGMENT,Standard,29
2025,02,BMW,28,Madrid,Private,ICE,MKL,FOCUS SEGMENT,M Performance,1
2025,02,BMW,28,Madrid,Private,ICE,MKL,FOCUS SEGMENT,Standard,6
2025,02,BMW,28,Madrid,Private,ICE,UKL2,FOCUS SEGMENT,M Performance,3
2025,02,BMW,28,Madrid,Private,ICE,UKL2,FOCUS SEGMENT,Standard,96
2025,02,BMW,28,Madrid,Private,PHEV,GKL,FOCUS SEGMENT,M,1
2025,02,BMW,28,Madrid,Private,PHEV,GKL,FOCUS SEGMENT,M Performance,1
2025,02,BMW,28,Madrid,Private,PHEV,KKL,FOCUS SEGMENT,Standard,14
2025,02,BMW,28,Madrid,Private,PHEV,MKL,FOCUS SEGMENT,M,1
2025,02,BMW,28,Madrid,Private,PHEV,MKL,FOCUS SEGMENT,Standard,6
2025,02,BMW,28,Madrid,Private,PHEV,UKL2,FOCUS SEGMENT,Standard,11
2025,02,BMW,28,Madrid,RAC,BEV,UKL2,FOCUS SEGMENT,Standard,4
2025,02,BMW,28,Madrid,RAC,ICE,GKL,FOCUS SEGMENT,Standard,7
2025,02,BMW,28,Madrid,RAC,ICE,KKL,FOCUS SEGMENT,M,1
2025,02,BMW,28,Madrid,RAC,ICE,KKL,FOCUS SEGMENT,M Performance,7
2025,02,BMW,28,Madrid,RAC,ICE,KKL,FOCUS SEGMENT,Standard,111
2025,02,BMW,28,Madrid,RAC,ICE,MKL,FOCUS SEGMENT,Standard,33
2025,02,BMW,28,Madrid,RAC,ICE,UKL2,FOCUS SEGMENT,M Performance,4
2025,02,BMW,28,Madrid,RAC,ICE,UKL2,FOCUS SEGMENT,Standard,215
2025,02,BMW,28,Madrid,RAC,PHEV,GKL,FOCUS SEGMENT,Standard,3
2025,02,BMW,28,Madrid,RAC,PHEV,MKL,FOCUS SEGMENT,Standard,11
2025,02,BMW,28,Madrid,RAC,PHEV,UKL2,FOCUS SEGMENT,Standard,3
2025,02,BYD,28,Madrid,Corporate,BEV,KKL,REST,Standard,21
2025,02,BYD,28,Madrid,Corporate,BEV,UKL1,REST,Standard,8
2025,02,BYD,28,Madrid,Corporate,BEV,UKL2,REST,Standard,14
2025,02,BYD,28,Madrid,Corporate,PHEV,KKL,REST,Standard,33
2025,02,BYD,28,Madrid,Private,BEV,KKL,REST,Standard,16
2025,02,BYD,28,Madrid,Private,BEV,UKL1,REST,Standard,46
2025,02,BYD,28,Madrid,Private,BEV,UKL2,REST,Standard,31
2025,02,BYD,28,Madrid,Private,PHEV,KKL,REST,Standard,104
2025,02,CATERHAM CARS LTD,28,Madrid,Corporate,ICE,,REST,Standard,1
2025,02,CITROEN,28,Madrid,Corporate,BEV,SKL,REST,Standard,4
2025,02,CITROEN,28,Madrid,Corporate,BEV,UKL1,REST,Standard,7
2025,02,CITROEN,28,Madrid,Corporate,BEV,UKL2,REST,Standard,4
2025,02,CITROEN,28,Madrid,Corporate,ICE,SKL,REST,Standard,24
2025,02,CITROEN,28,Madrid,Corporate,ICE,UKL1,REST,Standard,46
2025,02,CITROEN,28,Madrid,Corporate,ICE,UKL2,REST,Standard,203
2025,02,CITROEN,28,Madrid,Private,BEV,UKL1,REST,Standard,21
2025,02,CITROEN,28,Madrid,Private,BEV,UKL2,REST,Standard,3
2025,02,CITROEN,28,Madrid,Private,ICE,SKL,REST,Standard,4
2025,02,CITROEN,28,Madrid,Private,ICE,UKL1,REST,Standard,35
2025,02,CITROEN,28,Madrid,Private,ICE,UKL2,REST,Standard,63
2025,02,CITROEN,28,Madrid,RAC,BEV,SKL,REST,Standard,13
2025,02,CITROEN,28,Madrid,RAC,ICE,SKL,REST,Standard,17
2025,02,CITROEN,28,Madrid,RAC,ICE,UKL2,REST,Standard,584
2025,02,CUPRA,28,Madrid,Corporate,BEV,UKL2,REST,Standard,76
2025,02,CUPRA,28,Madrid,Corporate,ICE,UKL2,REST,Standard,362
2025,02,CUPRA,28,Madrid,Corporate,PHEV,UKL2,REST,Standard,276
2025,02,CUPRA,28,Madrid,Private,BEV,UKL2,REST,Standard,3
2025,02,CUPRA,28,Madrid,Private,ICE,UKL2,REST,Standard,44
2025,02,CUPRA,28,Madrid,Private,PHEV,UKL2,REST,Standard,17
2025,02,CUPRA,28,Madrid,RAC,BEV,UKL2,REST,Standard,63
2025,02,CUPRA,28,Madrid,RAC,ICE,UKL2,REST,Standard,102
2025,02,DACIA,28,Madrid,Corporate,BEV,UKL0,REST,Standard,39
2025,02,DACIA,28,Madrid,Corporate,ICE,SKL,REST,Standard,113
2025,02,DACIA,28,Madrid,Corporate,ICE,UKL1,REST,Standard,120
2025,02,DACIA,28,Madrid,Corporate,ICE,UKL2,REST,Standard,36
2025,02,DACIA,28,Madrid,Private,BEV,UKL0,REST,Standard,25
2025,02,DACIA,28,Madrid,Private,ICE,SKL,REST,Standard,178
2025,02,DACIA,28,Madrid,Private,ICE,UKL1,REST,Standard,305
2025,02,DACIA,28,Madrid,Private,ICE,UKL2,REST,Standard,71
2025,02,DACIA,28,Madrid,RAC,ICE,SKL,REST,Standard,61
2025,02,DACIA,28,Madrid,RAC,ICE,UKL1,REST,Standard,369
2025,02,DACIA,28,Madrid,RAC,ICE,UKL2,REST,Standard,173
2025,02,DFSK,28,Madrid,Private,ICE,UKL2,REST,Standard,1
2025,02,DFSK,28,Madrid,Private,PHEV,KKL,REST,Standard,3
2025,02,DFSK,28,Madrid,RAC,ICE,,,Standard,1
2025,02,DFSK,28,Madrid,RAC,ICE,UKL2,REST,Standard,1
2025,02,DONGFENG,28,Madrid,Corporate,BEV,UKL0,REST,Standard,5
2025,02,DONGFENG,28,Madrid,Private,BEV,UKL0,REST,Standard,4
2025,02,DR,28,Madrid,Private,ICE,UKL1,REST,Standard,1
2025,02,DS,28,Madrid,Corporate,ICE,UKL2,REST,Standard,3
2025,02,DS,28,Madrid,Corporate,PHEV,UKL2,REST,Standard,1
2025,02,EBRO,28,Madrid,Corporate,ICE,KKL,REST,Standard,16
2025,02,EBRO,28,Madrid,Corporate,ICE,UKL2,REST,Standard,3
2025,02,EBRO,28,Madrid,Private,ICE,KKL,REST,Standard,8
2025,02,EBRO,28,Madrid,Private,ICE,UKL2,REST,Standard,27
2025,02,EVO,28,Madrid,Private,ICE,UKL2,REST,Standard,2
2025,02,FIAT,28,Madrid,Corporate,BEV,UKL0,REST,Standard,3
2025,02,FIAT,28,Madrid,Corporate,BEV,UKL1,REST,Standard,1
2025,02,FIAT,28,Madrid,Corporate,ICE,SKL,REST,Standard,29
2025,02,FIAT,28,Madrid,Corporate,ICE,UKL0,REST,Standard,19
2025,02,FIAT,28,Madrid,Corporate,ICE,UKL1,REST,Standard,5
2025,02,FIAT,28,Madrid,Corporate,ICE,UKL2,REST,Standard,1
2025,02,FIAT,28,Madrid,Private,ICE,UKL0,REST,Standard,8
2025,02,FIAT,28,Madrid,Private,ICE,UKL1,REST,Standard,9
2025,02,FIAT,28,Madrid,Private,ICE,UKL2,REST,Standard,3
2025,02,FIAT,28,Madrid,RAC,BEV,UKL0,REST,Standard,1
2025,02,FIAT,28,Madrid,RAC,ICE,SKL,REST,Standard,13
2025,02,FIAT,28,Madrid,RAC,ICE,UKL0,REST,Standard,42
2025,02,FIAT,28,Madrid,RAC,ICE,UKL1,REST,Standard,21
2025,02,FORD,28,Madrid,Corporate,BEV,KKL,REST,Standard,3
2025,02,FORD,28,Madrid,Corporate,BEV,SKL,REST,Standard,6
2025,02,FORD,28,Madrid,Corporate,ICE,MKL,REST,Standard,7
2025,02,FORD,28,Madrid,Corporate,ICE,SKL,REST,Standard,17
2025,02,FORD,28,Madrid,Corporate,ICE,UKL1,REST,Standard,97
2025,02,FORD,28,Madrid,Corporate,ICE,UKL2,REST,Standard,288
2025,02,FORD,28,Madrid,Corporate,PHEV,SKL,REST,Standard,8
2025,02,FORD,28,Madrid,Corporate,PHEV,UKL2,REST,Standard,32
2025,02,FORD,28,Madrid,Private,BEV,UKL1,REST,Standard,1
2025,02,FORD,28,Madrid,Private,ICE,KKL,REST,Standard,1
2025,02,FORD,28,Madrid,Private,ICE,MKL,REST,Standard,5
2025,02,FORD,28,Madrid,Private,ICE,SKL,REST,Standard,18
2025,02,FORD,28,Madrid,Private,ICE,UKL1,REST,Standard,79
2025,02,FORD,28,Madrid,Private,ICE,UKL2,REST,Standard,95
2025,02,FORD,28,Madrid,Private,PHEV,SKL,REST,Standard,17
2025,02,FORD,28,Madrid,Private,PHEV,UKL2,REST,Standard,43
2025,02,FORD,28,Madrid,RAC,ICE,UKL1,REST,Standard,305
2025,02,FORD,28,Madrid,RAC,ICE,UKL2,REST,Standard,332
2025,02,FORD,28,Madrid,RAC,PHEV,SKL,REST,Standard,1
2025,02,FORD,28,Madrid,RAC,PHEV,UKL2,REST,Standard,162
2025,02,HONDA,28,Madrid,Corporate,ICE,KKL,REST,Standard,9
2025,02,HONDA,28,Madrid,Corporate,ICE,UKL1,REST,Standard,17
2025,02,HONDA,28,Madrid,Corporate,ICE,UKL2,REST,Standard,10
2025,02,HONDA,28,Madrid,Corporate,PHEV,KKL,REST,Standard,2
2025,02,HONDA,28,Madrid,Private,ICE,KKL,REST,Standard,6
2025,02,HONDA,28,Madrid,Private,ICE,UKL1,REST,Standard,29
2025,02,HONDA,28,Madrid,Private,ICE,UKL2,REST,Standard,15
2025,02,HONDA,28,Madrid,Private,PHEV,KKL,REST,Standard,2
2025,02,HONDA,28,Madrid,RAC,ICE,UKL1,REST,Standard,10
2025,02,HYUNDAI,28,Madrid,Corporate,BEV,KKL,REST,Standard,4
2025,02,HYUNDAI,28,Madrid,Corporate,BEV,UKL1,REST,Standard,12
2025,02,HYUNDAI,28,Madrid,Corporate,BEV,UKL2,REST,Standard,27
2025,02,HYUNDAI,28,Madrid,Corporate,ICE,MKL,REST,Standard,25
2025,02,HYUNDAI,28,Madrid,Corporate,ICE,UKL0,REST,Standard,14
2025,02,HYUNDAI,28,Madrid,Corporate,ICE,UKL1,REST,Standard,111
2025,02,HYUNDAI,28,Madrid,Corporate,ICE,UKL2,REST,Standard,216
2025,02,HYUNDAI,28,Madrid,Corporate,PHEV,MKL,REST,Standard,10
2025,02,HYUNDAI,28,Madrid,Corporate,PHEV,UKL2,REST,Standard,43
2025,02,HYUNDAI,28,Madrid,Private,BEV,UKL1,REST,Standard,3
2025,02,HYUNDAI,28,Madrid,Private,BEV,UKL2,REST,Standard,9
2025,02,HYUNDAI,28,Madrid,Private,ICE,MKL,REST,Standard,4
2025,02,HYUNDAI,28,Madrid,Private,ICE,UKL0,REST,Standard,14
2025,02,HYUNDAI,28,Madrid,Private,ICE,UKL1,REST,Standard,211
2025,02,HYUNDAI,28,Madrid,Private,ICE,UKL2,REST,Standard,183
2025,02,HYUNDAI,28,Madrid,Private,PHEV,MKL,REST,Standard,4
2025,02,HYUNDAI,28,Madrid,Private,PHEV,UKL2,REST,Standard,24
2025,02,HYUNDAI,28,Madrid,RAC,ICE,UKL2,REST,Standard,22
2025,02,JAECOO,28,Madrid,Corporate,ICE,UKL2,REST,Standard,5
2025,02,JAECOO,28,Madrid,Corporate,PHEV,UKL2,REST,Standard,15
2025,02,JAECOO,28,Madrid,Private,ICE,UKL2,REST,Standard,7
2025,02,JAECOO,28,Madrid,Private,PHEV,UKL2,REST,Standard,66
2025,02,JAECOO,28,Madrid,RAC,ICE,UKL2,REST,Standard,5
2025,02,JAGUAR,28,Madrid,Corporate,ICE,KKL,FOCUS SEGMENT,Standard,6
2025,02,JAGUAR,28,Madrid,Private,ICE,KKL,FOCUS SEGMENT,Standard,1
2025,02,JAGUAR,28,Madrid,RAC,ICE,KKL,FOCUS SEGMENT,Standard,1
2025,02,JAGUAR,28,Madrid,RAC,PHEV,KKL,FOCUS SEGMENT,Standard,1
2025,02,JEEP,28,Madrid,Corporate,BEV,UKL1,REST,Standard,7
2025,02,JEEP,28,Madrid,Corporate,ICE,UKL1,REST,Standard,166
2025,02,JEEP,28,Madrid,Corporate,ICE,UKL2,REST,Standard,10
2025,02,JEEP,28,Madrid,Corporate,PHEV,MKL,REST,Standard,2
2025,02,JEEP,28,Madrid,Corporate,PHEV,UKL1,REST,Standard,2
2025,02,JEEP,28,Madrid,Corporate,PHEV,UKL2,REST,Standard,11
2025,02,JEEP,28,Madrid,Private,BEV,UKL1,REST,Standard,2
2025,02,JEEP,28,Madrid,Private,ICE,UKL1,REST,Standard,29
2025,02,JEEP,28,Madrid,Private,ICE,UKL2,REST,Standard,13
2025,02,JEEP,28,Madrid,Private,PHEV,UKL1,REST,Standard,1
2025,02,JEEP,28,Madrid,Private,PHEV,UKL2,REST,Standard,6
2025,02,JEEP,28,Madrid,RAC,BEV,UKL1,REST,Standard,37
2025,02,JEEP,28,Madrid,RAC,ICE,UKL1,REST,Standard,105
2025,02,JEEP,28,Madrid,RAC,ICE,UKL2,REST,Standard,20
2025,02,KG MOBILITY,28,Madrid,Corporate,ICE,MKL,REST,Standard,2
2025,02,KG MOBILITY,28,Madrid,Corporate,ICE,UKL1,REST,Standard,1
2025,02,KG MOBILITY,28,Madrid,Private,ICE,MKL,REST,Standard,3
2025,02,KG MOBILITY,28,Madrid,Private,ICE,UKL1,REST,Standard,5
2025,02,KIA,28,Madrid,Corporate,BEV,KKL,REST,Standard,12
2025,02,KIA,28,Madrid,Corporate,BEV,MKL,REST,Standard,6
2025,02,KIA,28,Madrid,Corporate,BEV,UKL1,REST,Standard,66
2025,02,KIA,28,Madrid,Corporate,BEV,UKL2,REST,Standard,6
2025,02,KIA,28,Madrid,Corporate,ICE,,,Standard,1
2025,02,KIA,28,Madrid,Corporate,ICE,KKL,REST,Standard,16
2025,02,KIA,28,Madrid,Corporate,ICE,UKL0,REST,Standard,44
2025,02,KIA,28,Madrid,Corporate,ICE,UKL1,REST,Standard,176
2025,02,KIA,28,Madrid,Corporate,ICE,UKL2,REST,Standard,524
2025,02,KIA,28,Madrid,Corporate,PHEV,KKL,REST,Standard,30
2025,02,KIA,28,Madrid,Corporate,PHEV,UKL2,REST,Standard,34
2025,02,KIA,28,Madrid,Private,BEV,KKL,REST,Standard,2
2025,02,KIA,28,Madrid,Private,BEV,MKL,REST,Standard,1
2025,02,KIA,28,Madrid,Private,BEV,UKL1,REST,Standard,68
2025,02,KIA,28,Madrid,Private,ICE,,,Standard,3
2025,02,KIA,28,Madrid,Private,ICE,KKL,REST,Standard,25
2025,02,KIA,28,Madrid,Private,ICE,UKL0,REST,Standard,6
2025,02,KIA,28,Madrid,Private,ICE,UKL1,REST,Standard,102
2025,02,KIA,28,Madrid,Private,ICE,UKL2,REST,Standard,324
2025,02,KIA,28,Madrid,Private,PHEV,KKL,REST,Standard,3
2025,02,KIA,28,Madrid,Private,PHEV,UKL2,REST,Standard,3
2025,02,KIA,28,Madrid,RAC,BEV,UKL1,REST,Standard,1
2025,02,KIA,28,Madrid,RAC,ICE,UKL0,REST,Standard,25
2025,02,KIA,28,Madrid,RAC,ICE,UKL1,REST,Standard,50
2025,02,KIA,28,Madrid,RAC,ICE,UKL2,REST,Standard,514
2025,02,LANCIA,28,Madrid,Corporate,BEV,UKL1,REST,Standard,2
2025,02,LANCIA,28,Madrid,Corporate,ICE,UKL1,REST,Standard,12
2025,02,LANCIA,28,Madrid,Private,ICE,UKL1,REST,Standard,2
2025,02,LANCIA,28,Madrid,RAC,ICE,UKL1,REST,Standard,52
2025,02,LAND ROVER,28,Madrid,Corporate,ICE,MKL,FOCUS SEGMENT,Standard,87
2025,02,LAND ROVER,28,Madrid,Corporate,ICE,UKL2,FOCUS SEGMENT,Standard,7
2025,02,LAND ROVER,28,Madrid,Corporate,PHEV,GKL,FOCUS SEGMENT,Standard,9
2025,02,LAND ROVER,28,Madrid,Corporate,PHEV,MKL,FOCUS SEGMENT,Standard,38
2025,02,LAND ROVER,28,Madrid,Corporate,PHEV,UKL2,FOCUS SEGMENT,Standard,13
2025,02,LAND ROVER,28,Madrid,Private,ICE,GKL,FOCUS SEGMENT,Standard,1
2025,02,LAND ROVER,28,Madrid,Private,ICE,MKL,FOCUS SEGMENT,Standard,5
2025,02,LAND ROVER,28,Madrid,Private,PHEV,GKL,FOCUS SEGMENT,Standard,1
2025,02,LAND ROVER,28,Madrid,Private,PHEV,MKL,FOCUS SEGMENT,Standard,2
2025,02,LEAPMOTOR,28,Madrid,Corporate,BEV,UKL0,REST,Standard,1
2025,02,LEAPMOTOR,28,Madrid,Private,BEV,MKL,REST,Standard,1
2025,02,LEAPMOTOR,28,Madrid,Private,BEV,UKL0,REST,Standard,8
2025,02,LEXUS,28,Madrid,Corporate,BEV,KKL,FOCUS SEGMENT,Standard,1
2025,02,LEXUS,28,Madrid,Corporate,ICE,KKL,FOCUS SEGMENT,Standard,26
2025,02,LEXUS,28,Madrid,Corporate,ICE,MKL,FOCUS SEGMENT,Standard,4
2025,02,LEXUS,28,Madrid,Corporate,ICE,MKL,REST,Standard,2
2025,02,LEXUS,28,Madrid,Corporate,ICE,UKL1,FOCUS SEGMENT,Standard,46
2025,02,LEXUS,28,Madrid,Corporate,ICE,UKL2,FOCUS SEGMENT,Standard,19
2025,02,LEXUS,28,Madrid,Corporate,PHEV,KKL,FOCUS SEGMENT,Standard,43
2025,02,LEXUS,28,Madrid,Corporate,PHEV,MKL,FOCUS SEGMENT,Standard,2
2025,02,LEXUS,28,Madrid,Private,ICE,KKL,FOCUS SEGMENT,Standard,20
2025,02,LEXUS,28,Madrid,Private,ICE,MKL,FOCUS SEGMENT,Standard,5
2025,02,LEXUS,28,Madrid,Private,ICE,UKL1,FOCUS SEGMENT,Standard,34
2025,02,LEXUS,28,Madrid,Private,ICE,UKL2,FOCUS SEGMENT,Standard,15
2025,02,LEXUS,28,Madrid,Private,PHEV,KKL,FOCUS SEGMENT,Standard,20
2025,02,LEXUS,28,Madrid,RAC,ICE,UKL1,FOCUS SEGMENT,Standard,14
2025,02,LEXUS,28,Madrid,RAC,ICE,UKL2,FOCUS SEGMENT,Standard,1
2025,02,LIVAN,28,Madrid,Corporate,ICE,UKL1,REST,Standard,1
2025,02,LIVAN,28,Madrid,Private,ICE,UKL1,REST,Standard,1
2025,02,LYNK & CO,28,Madrid,Corporate,BEV,UKL2,REST,Standard,2
2025,02,LYNK & CO,28,Madrid,Corporate,PHEV,UKL2,REST,Standard,36
2025,02,MASERATI,28,Madrid,Corporate,ICE,KKL,FOCUS SEGMENT,Standard,5
2025,02,MASERATI,28,Madrid,RAC,ICE,KKL,FOCUS SEGMENT,Standard,25
2025,02,MAZDA,28,Madrid,Corporate,ICE,KKL,REST,Standard,60
2025,02,MAZDA,28,Madrid,Corporate,ICE,UKL1,REST,Standard,20
2025,02,MAZDA,28,Madrid,Corporate,ICE,UKL2,REST,Standard,125
2025,02,MAZDA,28,Madrid,Corporate,PHEV,KKL,REST,Standard,33
2025,02,MAZDA,28,Madrid,Corporate,PHEV,UKL2,REST,Standard,1
2025,02,MAZDA,28,Madrid,Private,ICE,KKL,REST,Standard,13
2025,02,MAZDA,28,Madrid,Private,ICE,UKL1,REST,Standard,13
2025,02,MAZDA,28,Madrid,Private,ICE,UKL2,REST,Standard,218
2025,02,MAZDA,28,Madrid,Private,PHEV,KKL,REST,Standard,8
2025,02,MAZDA,28,Madrid,Private,PHEV,UKL2,REST,Standard,2
2025,02,MAZDA,28,Madrid,RAC,ICE,KKL,REST,Standard,1
2025,02,MAZDA,28,Madrid,RAC,ICE,UKL1,REST,Standard,2
2025,02,MAZDA,28,Madrid,RAC,ICE,UKL2,REST,Standard,102
2025,02,MAZDA,28,Madrid,RAC,PHEV,UKL2,REST,Standard,1
2025,02,MERCEDES,28,Madrid,Corporate,BEV,GKL,FOCUS SEGMENT,Standard,7
2025,02,MERCEDES,28,Madrid,Corporate,BEV,MKL,FOCUS SEGMENT,M Performance,2
2025,02,MERCEDES,28,Madrid,Corporate,BEV,MKL,FOCUS SEGMENT,Standard,35
2025,02,MERCEDES,28,Madrid,Corporate,BEV,MKL,REST,Standard,14
2025,02,MERCEDES,28,Madrid,Corporate,BEV,SKL,REST,Standard,3
2025,02,MERCEDES,28,Madrid,Corporate,BEV,UKL2,FOCUS SEGMENT,Standard,93
2025,02,MERCEDES,28,Madrid,Corporate,ICE,GKL,FOCUS SEGMENT,M,1
2025,02,MERCEDES,28,Madrid,Corporate,ICE,GKL,FOCUS SEGMENT,Standard,9
2025,02,MERCEDES,28,Madrid,Corporate,ICE,KKL,FOCUS SEGMENT,M Performance,10
2025,02,MERCEDES,28,Madrid,Corporate,ICE,KKL,FOCUS SEGMENT,Standard,278
2025,02,MERCEDES,28,Madrid,Corporate,ICE,MKL,FOCUS SEGMENT,M Performance,7
2025,02,MERCEDES,28,Madrid,Corporate,ICE,MKL,FOCUS SEGMENT,Standard,57
2025,02,MERCEDES,28,Madrid,Corporate,ICE,MKL,REST,Standard,36
2025,02,MERCEDES,28,Madrid,Corporate,ICE,SKL,REST,Standard,71
2025,02,MERCEDES,28,Madrid,Corporate,ICE,UKL2,FOCUS SEGMENT,M,1
2025,02,MERCEDES,28,Madrid,Corporate,ICE,UKL2,FOCUS SEGMENT,M Performance,2
2025,02,MERCEDES,28,Madrid,Corporate,ICE,UKL2,FOCUS SEGMENT,Standard,301
2025,02,MERCEDES,28,Madrid,Corporate,PHEV,KKL,FOCUS SEGMENT,M,1
2025,02,MERCEDES,28,Madrid,Corporate,PHEV,KKL,FOCUS SEGMENT,Standard,165
2025,02,MERCEDES,28,Madrid,Corporate,PHEV,MKL,FOCUS SEGMENT,M Performance,20
2025,02,MERCEDES,28,Madrid,Corporate,PHEV,MKL,FOCUS SEGMENT,Standard,82
2025,02,MERCEDES,28,Madrid,Corporate,PHEV,UKL2,FOCUS SEGMENT,Standard,128
2025,02,MERCEDES,28,Madrid,Private,BEV,GKL,FOCUS SEGMENT,Standard,2
2025,02,MERCEDES,28,Madrid,Private,BEV,MKL,FOCUS SEGMENT,Standard,5
2025,02,MERCEDES,28,Madrid,Private,BEV,UKL2,FOCUS SEGMENT,Standard,17
2025,02,MERCEDES,28,Madrid,Private,ICE,,REST,Standard,1
2025,02,MERCEDES,28,Madrid,Private,ICE,GKL,FOCUS SEGMENT,M,1
2025,02,MERCEDES,28,Madrid,Private,ICE,GKL,FOCUS SEGMENT,Standard,1
2025,02,MERCEDES,28,Madrid,Private,ICE,KKL,FOCUS SEGMENT,M Performance,2
2025,02,MERCEDES,28,Madrid,Private,ICE,KKL,FOCUS SEGMENT,Standard,33
2025,02,MERCEDES,28,Madrid,Private,ICE,MKL,FOCUS SEGMENT,M Performance,1
2025,02,MERCEDES,28,Madrid,Private,ICE,MKL,FOCUS SEGMENT,Standard,6
2025,02,MERCEDES,28,Madrid,Private,ICE,MKL,REST,Standard,5
2025,02,MERCEDES,28,Madrid,Private,ICE,SKL,REST,Standard,3
2025,02,MERCEDES,28,Madrid,Private,ICE,UKL2,FOCUS SEGMENT,M Performance,2
2025,02,MERCEDES,28,Madrid,Private,ICE,UKL2,FOCUS SEGMENT,Standard,34
2025,02,MERCEDES,28,Madrid,Private,PHEV,KKL,FOCUS SEGMENT,Standard,14
2025,02,MERCEDES,28,Madrid,Private,PHEV,MKL,FOCUS SEGMENT,M Performance,3
2025,02,MERCEDES,28,Madrid,Private,PHEV,MKL,FOCUS SEGMENT,Standard,10
2025,02,MERCEDES,28,Madrid,Private,PHEV,UKL2,FOCUS SEGMENT,Standard,36
2025,02,MERCEDES,28,Madrid,RAC,BEV,UKL2,FOCUS SEGMENT,Standard,8
2025,02,MERCEDES,28,Madrid,RAC,ICE,GKL,FOCUS SEGMENT,Standard,1
2025,02,MERCEDES,28,Madrid,RAC,ICE,KKL,FOCUS SEGMENT,Standard,26
2025,02,MERCEDES,28,Madrid,RAC,ICE,MKL,REST,Standard,101
2025,02,MERCEDES,28,Madrid,RAC,ICE,SKL,REST,Standard,5
2025,02,MERCEDES,28,Madrid,RAC,ICE,UKL2,FOCUS SEGMENT,Standard,261
2025,02,MERCEDES,28,Madrid,RAC,PHEV,GKL,FOCUS SEGMENT,Standard,2
2025,02,MERCEDES,28,Madrid,RAC,PHEV,KKL,FOCUS SEGMENT,Standard,83
2025,02,MERCEDES,28,Madrid,RAC,PHEV,MKL,FOCUS SEGMENT,M Performance,1
2025,02,MERCEDES,28,Madrid,RAC,PHEV,MKL,FOCUS SEGMENT,Standard,19
2025,02,MERCEDES,28,Madrid,RAC,PHEV,UKL2,FOCUS SEGMENT,Standard,54
2025,02,MERCEDES-V,28,Madrid,Corporate,ICE,SKL,REST,Standard,3
2025,02,MERCEDES-V,28,Madrid,Private,ICE,SKL,REST,Standard,1
2025,02,MG,28,Madrid,Corporate,BEV,KKL,REST,Standard,1
2025,02,MG,28,Madrid,Corporate,BEV,UKL2,REST,Standard,13
2025,02,MG,28,Madrid,Corporate,ICE,KKL,REST,Standard,2
2025,02,MG,28,Madrid,Corporate,ICE,UKL1,REST,Standard,72
2025,02,MG,28,Madrid,Corporate,PHEV,KKL,REST,Standard,10
2025,02,MG,28,Madrid,Private,BEV,KKL,REST,Standard,1
2025,02,MG,28,Madrid,Private,BEV,UKL2,REST,Standard,7
2025,02,MG,28,Madrid,Private,ICE,KKL,REST,Standard,6
2025,02,MG,28,Madrid,Private,ICE,UKL1,REST,Standard,376
2025,02,MG,28,Madrid,Private,PHEV,KKL,REST,Standard,44
2025,02,MG,28,Madrid,RAC,ICE,KKL,REST,Standard,570
2025,02,MG,28,Madrid,RAC,ICE,UKL1,REST,Standard,1108
2025,02,MINI,28,Madrid,Corporate,BEV,UKL1,FOCUS SEGMENT,Standard,171
2025,02,MINI,28,Madrid,Corporate,BEV,UKL2,FOCUS SEGMENT,Standard,24
2025,02,MINI,28,Madrid,Corporate,ICE,UKL1,FOCUS SEGMENT,JCW,9
2025,02,MINI,28,Madrid,Corporate,ICE,UKL1,FOCUS SEGMENT,Standard,151
2025,02,MINI,28,Madrid,Corporate,ICE,UKL2,FOCUS SEGMENT,JCW,1
2025,02,MINI,28,Madrid,Corporate,ICE,UKL2,FOCUS SEGMENT,Standard,82
2025,02,MINI,28,Madrid,Private,BEV,UKL1,FOCUS SEGMENT,Standard,56
2025,02,MINI,28,Madrid,Private,BEV,UKL2,FOCUS SEGMENT,Standard,8
2025,02,MINI,28,Madrid,Private,ICE,UKL1,FOCUS SEGMENT,JCW,5
2025,02,MINI,28,Madrid,Private,ICE,UKL1,FOCUS SEGMENT,Standard,23
2025,02,MINI,28,Madrid,Private,ICE,UKL2,FOCUS SEGMENT,JCW,1
2025,02,MINI,28,Madrid,Private,ICE,UKL2,FOCUS SEGMENT,Standard,18
2025,02,MINI,28,Madrid,RAC,ICE,UKL1,FOCUS SEGMENT,Standard,213
2025,02,MINI,28,Madrid,RAC,ICE,UKL2,FOCUS SEGMENT,Standard,165
2025,02,MITSUBISHI,28,Madrid,Corporate,ICE,UKL1,REST,Standard,5
2025,02,MITSUBISHI,28,Madrid,Corporate,ICE,UKL2,REST,Standard,5
2025,02,MITSUBISHI,28,Madrid,Private,ICE,UKL1,REST,Standard,5
2025,02,MITSUBISHI,28,Madrid,Private,ICE,UKL2,REST,Standard,13
2025,02,MITSUBISHI,28,Madrid,Private,PHEV,UKL2,REST,Standard,1
2025,02,MITSUBISHI,28,Madrid,RAC,PHEV,UKL2,REST,Standard,100
2025,02,MODELCAR HNOS,28,Madrid,Corporate,ICE,,REST,Standard,1
2025,02,NISSAN,28,Madrid,Corporate,BEV,UKL2,REST,Standard,4
2025,02,NISSAN,28,Madrid,Corporate,ICE,KKL,REST,Standard,156
2025,02,NISSAN,28,Madrid,Corporate,ICE,SKL,REST,Standard,7
2025,02,NISSAN,28,Madrid,Corporate,ICE,UKL1,REST,Standard,207
2025,02,NISSAN,28,Madrid,Corporate,ICE,UKL2,REST,Standard,553
2025,02,NISSAN,28,Madrid,Private,BEV,UKL2,REST,Standard,4
2025,02,NISSAN,28,Madrid,Private,ICE,KKL,REST,Standard,44
2025,02,NISSAN,28,Madrid,Private,ICE,SKL,REST,Standard,3
2025,02,NISSAN,28,Madrid,Private,ICE,UKL1,REST,Standard,75
2025,02,NISSAN,28,Madrid,Private,ICE,UKL2,REST,Standard,129
2025,02,NISSAN,28,Madrid,RAC,ICE,KKL,REST,Standard,19
2025,02,NISSAN,28,Madrid,RAC,ICE,UKL1,REST,Standard,6
2025,02,NISSAN,28,Madrid,RAC,ICE,UKL2,REST,Standard,37
2025,02,OMODA,28,Madrid,Corporate,BEV,UKL2,REST,Standard,2
2025,02,OMODA,28,Madrid,Corporate,ICE,UKL2,REST,Standard,71
2025,02,OMODA,28,Madrid,Private,BEV,UKL2,REST,Standard,2
2025,02,OMODA,28,Madrid,Private,ICE,UKL2,REST,Standard,41
2025,02,OMODA,28,Madrid,RAC,ICE,UKL2,REST,Standard,117
2025,02,OPEL,28,Madrid,Corporate,BEV,SKL,REST,Standard,1
2025,02,OPEL,28,Madrid,Corporate,BEV,UKL1,REST,Standard,39
2025,02,OPEL,28,Madrid,Corporate,ICE,SKL,REST,Standard,24
2025,02,OPEL,28,Madrid,Corporate,ICE,UKL1,REST,Standard,252
2025,02,OPEL,28,Madrid,Corporate,ICE,UKL2,REST,Standard,21
2025,02,OPEL,28,Madrid,Corporate,PHEV,UKL2,REST,Standard,47
2025,02,OPEL,28,Madrid,Private,ICE,SKL,REST,Standard,2
2025,02,OPEL,28,Madrid,Private,ICE,UKL1,REST,Standard,18
2025,02,OPEL,28,Madrid,Private,ICE,UKL2,REST,Standard,9
2025,02,OPEL,28,Madrid,Private,PHEV,UKL2,REST,Standard,1
2025,02,OPEL,28,Madrid,RAC,BEV,UKL1,REST,Standard,91
2025,02,OPEL,28,Madrid,RAC,ICE,UKL1,REST,Standard,602
2025,02,OPEL,28,Madrid,RAC,ICE,UKL2,REST,Standard,7
2025,02,PEUGEOT,28,Madrid,Corporate,BEV,SKL,REST,Standard,5
2025,02,PEUGEOT,28,Madrid,Corporate,BEV,UKL1,REST,Standard,56
2025,02,PEUGEOT,28,Madrid,Corporate,BEV,UKL2,REST,Standard,14
2025,02,PEUGEOT,28,Madrid,Corporate,ICE,KKL,REST,Standard,38
2025,02,PEUGEOT,28,Madrid,Corporate,ICE,SKL,REST,Standard,26
2025,02,PEUGEOT,28,Madrid,Corporate,ICE,UKL1,REST,Standard,322
2025,02,PEUGEOT,28,Madrid,Corporate,ICE,UKL2,REST,Standard,309
2025,02,PEUGEOT,28,Madrid,Corporate,PHEV,KKL,REST,Standard,4
2025,02,PEUGEOT,28,Madrid,Corporate,PHEV,UKL2,REST,Standard,16
2025,02,PEUGEOT,28,Madrid,Private,BEV,SKL,REST,Standard,1
2025,02,PEUGEOT,28,Madrid,Private,BEV,UKL1,REST,Standard,2
2025,02,PEUGEOT,28,Madrid,Private,BEV,UKL2,REST,Standard,4
2025,02,PEUGEOT,28,Madrid,Private,ICE,KKL,REST,Standard,31
2025,02,PEUGEOT,28,Madrid,Private,ICE,SKL,REST,Standard,18
2025,02,PEUGEOT,28,Madrid,Private,ICE,UKL1,REST,Standard,68
2025,02,PEUGEOT,28,Madrid,Private,ICE,UKL2,REST,Standard,55
2025,02,PEUGEOT,28,Madrid,Private,PHEV,KKL,REST,Standard,1
2025,02,PEUGEOT,28,Madrid,Private,PHEV,UKL2,REST,Standard,1
2025,02,PEUGEOT,28,Madrid,RAC,BEV,UKL1,REST,Standard,89
2025,02,PEUGEOT,28,Madrid,RAC,BEV,UKL2,REST,Standard,5
2025,02,PEUGEOT,28,Madrid,RAC,ICE,KKL,REST,Standard,11
2025,02,PEUGEOT,28,Madrid,RAC,ICE,SKL,REST,Standard,46
2025,02,PEUGEOT,28,Madrid,RAC,ICE,UKL1,REST,Standard,1542
2025,02,PEUGEOT,28,Madrid,RAC,ICE,UKL2,REST,Standard,65
2025,02,POLESTAR,28,Madrid,Corporate,BEV,KKL,FOCUS SEGMENT,Standard,21
2025,02,POLESTAR,28,Madrid,Private,BEV,KKL,FOCUS SEGMENT,Standard,4
2025,02,POLESTAR,28,Madrid,Private,BEV,MKL,FOCUS SEGMENT,Standard,1
2025,02,PORSCHE,28,Madrid,Corporate,BEV,GKL,FOCUS SEGMENT,M,2
2025,02,PORSCHE,28,Madrid,Corporate,BEV,GKL,FOCUS SEGMENT,M Performance,5
2025,02,PORSCHE,28,Madrid,Corporate,BEV,GKL,FOCUS SEGMENT,Standard,1
2025,02,PORSCHE,28,Madrid,Corporate,BEV,KKL,FOCUS SEGMENT,M,2
2025,02,PORSCHE,28,Madrid,Corporate,BEV,KKL,FOCUS SEGMENT,M Performance,3
2025,02,PORSCHE,28,Madrid,Corporate,BEV,KKL,FOCUS SEGMENT,Standard,24
2025,02,PORSCHE,28,Madrid,Corporate,ICE,GKL,FOCUS SEGMENT,M,8
2025,02,PORSCHE,28,Madrid,Corporate,ICE,GKL,FOCUS SEGMENT,M Performance,2
2025,02,PORSCHE,28,Madrid,Corporate,ICE,GKL,FOCUS SEGMENT,Standard,2
2025,02,PORSCHE,28,Madrid,Corporate,ICE,MKL,FOCUS SEGMENT,M Performance,3
2025,02,PORSCHE,28,Madrid,Corporate,PHEV,GKL,FOCUS SEGMENT,M,1
2025,02,PORSCHE,28,Madrid,Corporate,PHEV,GKL,FOCUS SEGMENT,M Performance,6
2025,02,PORSCHE,28,Madrid,Corporate,PHEV,GKL,FOCUS SEGMENT,Standard,8
2025,02,PORSCHE,28,Madrid,Corporate,PHEV,MKL,FOCUS SEGMENT,M,2
2025,02,PORSCHE,28,Madrid,Corporate,PHEV,MKL,FOCUS SEGMENT,M Performance,4
2025,02,PORSCHE,28,Madrid,Corporate,PHEV,MKL,FOCUS SEGMENT,Standard,21
2025,02,PORSCHE,28,Madrid,Private,BEV,KKL,FOCUS SEGMENT,M,1
2025,02,PORSCHE,28,Madrid,Private,BEV,KKL,FOCUS SEGMENT,Standard,4
2025,02,PORSCHE,28,Madrid,Private,ICE,GKL,FOCUS SEGMENT,M,1
2025,02,PORSCHE,28,Madrid,Private,ICE,GKL,FOCUS SEGMENT,M Performance,2
2025,02,PORSCHE,28,Madrid,Private,ICE,KKL,FOCUS SEGMENT,M,1
2025,02,PORSCHE,28,Madrid,Private,ICE,MKL,FOCUS SEGMENT,M Performance,1
2025,02,PORSCHE,28,Madrid,Private,PHEV,GKL,FOCUS SEGMENT,M Performance,2
2025,02,PORSCHE,28,Madrid,Private,PHEV,GKL,FOCUS SEGMENT,Standard,2
2025,02,PORSCHE,28,Madrid,Private,PHEV,MKL,FOCUS SEGMENT,M Performance,1
2025,02,PORSCHE,28,Madrid,Private,PHEV,MKL,FOCUS SEGMENT,Standard,5
2025,02,PORSCHE,28,Madrid,RAC,BEV,GKL,FOCUS SEGMENT,Standard,2
2025,02,PORSCHE,28,Madrid,RAC,ICE,GKL,FOCUS SEGMENT,M Performance,1
2025,02,PORSCHE,28,Madrid,RAC,ICE,GKL,FOCUS SEGMENT,Standard,5
2025,02,PORSCHE,28,Madrid,RAC,ICE,KKL,FOCUS SEGMENT,Standard,2
2025,02,PORSCHE,28,Madrid,RAC,PHEV,MKL,FOCUS SEGMENT,Standard,9
2025,02,REHATRANS,28,Madrid,Corporate,ICE,,REST,Standard,1
2025,02,REHATRANS,28,Madrid,Corporate,ICE,SKL,REST,Standard,8
2025,02,RENAULT,28,Madrid,Corporate,BEV,SKL,REST,Standard,5
2025,02,RENAULT,28,Madrid,Corporate,BEV,UKL1,REST,Standard,32
2025,02,RENAULT,28,Madrid,Corporate,BEV,UKL2,REST,Standard,15
2025,02,RENAULT,28,Madrid,Corporate,ICE,KKL,REST,Standard,75
2025,02,RENAULT,28,Madrid,Corporate,ICE,SKL,REST,Standard,25
2025,02,RENAULT,28,Madrid,Corporate,ICE,UKL1,REST,Standard,796
2025,02,RENAULT,28,Madrid,Corporate,ICE,UKL2,REST,Standard,462
2025,02,RENAULT,28,Madrid,Corporate,PHEV,UKL2,REST,Standard,81
2025,02,RENAULT,28,Madrid,Private,BEV,UKL1,REST,Standard,60
2025,02,RENAULT,28,Madrid,Private,BEV,UKL2,REST,Standard,1
2025,02,RENAULT,28,Madrid,Private,ICE,KKL,REST,Standard,11
2025,02,RENAULT,28,Madrid,Private,ICE,SKL,REST,Standard,3
2025,02,RENAULT,28,Madrid,Private,ICE,UKL1,REST,Standard,243
2025,02,RENAULT,28,Madrid,Private,ICE,UKL2,REST,Standard,141
2025,02,RENAULT,28,Madrid,Private,PHEV,UKL2,REST,Standard,13
2025,02,RENAULT,28,Madrid,RAC,BEV,UKL1,REST,Standard,64
2025,02,RENAULT,28,Madrid,RAC,BEV,UKL2,REST,Standard,18
2025,02,RENAULT,28,Madrid,RAC,ICE,KKL,REST,Standard,90
2025,02,RENAULT,28,Madrid,RAC,ICE,UKL1,REST,Standard,1852
2025,02,RENAULT,28,Madrid,RAC,ICE,UKL2,REST,Standard,222
2025,02,SEAT,28,Madrid,Corporate,ICE,UKL1,REST,Standard,812
2025,02,SEAT,28,Madrid,Corporate,ICE,UKL2,REST,Standard,348
2025,02,SEAT,28,Madrid,Corporate,PHEV,KKL,REST,Standard,1
2025,02,SEAT,28,Madrid,Corporate,PHEV,UKL2,REST,Standard,17
2025,02,SEAT,28,Madrid,Private,ICE,UKL1,REST,Standard,115
2025,02,SEAT,28,Madrid,Private,ICE,UKL2,REST,Standard,106
2025,02,SEAT,28,Madrid,Private,PHEV,UKL2,REST,Standard,11
2025,02,SEAT,28,Madrid,RAC,ICE,UKL1,REST,Standard,1473
2025,02,SEAT,28,Madrid,RAC,ICE,UKL2,REST,Standard,290
2025,02,SERES,28,Madrid,Corporate,BEV,UKL2,REST,Standard,1
2025,02,SHINERAY,28,Madrid,Private,ICE,MKL,REST,Standard,5
2025,02,SIN MARCA,28,Madrid,Corporate,ICE,,REST,Standard,114
2025,02,SIN MARCA,28,Madrid,Corporate,PHEV,,REST,Standard,43
2025,02,SIN MARCA,28,Madrid,Private,ICE,,REST,Standard,2
2025,02,SIN MARCA,28,Madrid,Private,PHEV,,REST,Standard,1
2025,02,SIN MARCA,28,Madrid,RAC,ICE,,REST,Standard,43
2025,02,SIN MARCA,28,Madrid,RAC,PHEV,,REST,Standard,12
2025,02,SKODA,28,Madrid,Corporate,BEV,UKL2,REST,Standard,23
2025,02,SKODA,28,Madrid,Corporate,ICE,KKL,REST,Standard,79
2025,02,SKODA,28,Madrid,Corporate,ICE,UKL1,REST,Standard,356
2025,02,SKODA,28,Madrid,Corporate,ICE,UKL2,REST,Standard,337
2025,02,SKODA,28,Madrid,Corporate,PHEV,KKL,REST,Standard,23
2025,02,SKODA,28,Madrid,Corporate,PHEV,UKL2,REST,Standard,1
2025,02,SKODA,28,Madrid,Private,BEV,UKL2,REST,Standard,1
2025,02,SKODA,28,Madrid,Private,ICE,KKL,REST,Standard,5
2025,02,SKODA,28,Madrid,Private,ICE,UKL1,REST,Standard,41
2025,02,SKODA,28,Madrid,Private,ICE,UKL2,REST,Standard,44
2025,02,SKODA,28,Madrid,Private,PHEV,KKL,REST,Standard,17
2025,02,SKODA,28,Madrid,Private,PHEV,UKL2,REST,Standard,6
2025,02,SKODA,28,Madrid,RAC,ICE,KKL,REST,Standard,159
2025,02,SKODA,28,Madrid,RAC,ICE,UKL1,REST,Standard,507
2025,02,SKODA,28,Madrid,RAC,ICE,UKL2,REST,Standard,234
2025,02,SMART,28,Madrid,Corporate,BEV,UKL1,FOCUS SEGMENT,Standard,5
2025,02,SMART,28,Madrid,Corporate,BEV,UKL2,FOCUS SEGMENT,Standard,6
2025,02,SMART,28,Madrid,Private,BEV,UKL1,FOCUS SEGMENT,Standard,3
2025,02,SSANGYONG,28,Madrid,Corporate,ICE,MKL,REST,Standard,1
2025,02,SSANGYONG,28,Madrid,Private,ICE,KKL,REST,Standard,2
2025,02,SSANGYONG,28,Madrid,Private,ICE,UKL1,REST,Standard,1
2025,02,SUBARU,28,Madrid,Corporate,BEV,UKL2,REST,Standard,1
2025,02,SUBARU,28,Madrid,Corporate,ICE,KKL,REST,Standard,5
2025,02,SUBARU,28,Madrid,Corporate,ICE,UKL2,REST,Standard,1
2025,02,SUBARU,28,Madrid,Private,ICE,KKL,REST,Standard,9
2025,02,SUBARU,28,Madrid,Private,ICE,UKL2,REST,Standard,4
2025,02,SUZUKI,28,Madrid,Corporate,ICE,UKL1,REST,Standard,5
2025,02,SUZUKI,28,Madrid,Corporate,ICE,UKL2,REST,Standard,11
2025,02,SUZUKI,28,Madrid,Private,ICE,UKL0,REST,Standard,1
2025,02,SUZUKI,28,Madrid,Private,ICE,UKL1,REST,Standard,29
2025,02,SUZUKI,28,Madrid,Private,ICE,UKL2,REST,Standard,24
2025,02,SUZUKI,28,Madrid,RAC,ICE,UKL1,REST,Standard,29
2025,02,SUZUKI,28,Madrid,RAC,ICE,UKL2,REST,Standard,131
2025,02,TESLA,28,Madrid,Corporate,BEV,KKL,FOCUS SEGMENT,Standard,116
2025,02,TESLA,28,Madrid,Private,BEV,KKL,FOCUS SEGMENT,Standard,151
2025,02,TOYOTA,28,Madrid,Corporate,BEV,SKL,REST,Standard,3
2025,02,TOYOTA,28,Madrid,Corporate,BEV,UKL2,REST,Standard,15
2025,02,TOYOTA,28,Madrid,Corporate,ICE,GKL,REST,Standard,13
2025,02,TOYOTA,28,Madrid,Corporate,ICE,SKL,REST,Standard,57
2025,02,TOYOTA,28,Madrid,Corporate,ICE,UKL0,REST,Standard,23
2025,02,TOYOTA,28,Madrid,Corporate,ICE,UKL1,REST,Standard,531
2025,02,TOYOTA,28,Madrid,Corporate,ICE,UKL2,REST,Standard,622
2025,02,TOYOTA,28,Madrid,Corporate,PHEV,UKL1,REST,Standard,123
2025,02,TOYOTA,28,Madrid,Corporate,PHEV,UKL2,REST,Standard,90
2025,02,TOYOTA,28,Madrid,Private,BEV,UKL2,REST,Standard,10
2025,02,TOYOTA,28,Madrid,Private,ICE,GKL,REST,Standard,11
2025,02,TOYOTA,28,Madrid,Private,ICE,SKL,REST,Standard,6
2025,02,TOYOTA,28,Madrid,Private,ICE,UKL0,REST,Standard,15
2025,02,TOYOTA,28,Madrid,Private,ICE,UKL1,REST,Standard,534
2025,02,TOYOTA,28,Madrid,Private,ICE,UKL2,REST,Standard,452
2025,02,TOYOTA,28,Madrid,Private,PHEV,UKL1,REST,Standard,92
2025,02,TOYOTA,28,Madrid,Private,PHEV,UKL2,REST,Standard,90
2025,02,TOYOTA,28,Madrid,RAC,BEV,SKL,REST,Standard,7
2025,02,TOYOTA,28,Madrid,RAC,BEV,UKL2,REST,Standard,9
2025,02,TOYOTA,28,Madrid,RAC,ICE,GKL,REST,Standard,1
2025,02,TOYOTA,28,Madrid,RAC,ICE,SKL,REST,Standard,52
2025,02,TOYOTA,28,Madrid,RAC,ICE,UKL0,REST,Standard,59
2025,02,TOYOTA,28,Madrid,RAC,ICE,UKL1,REST,Standard,206
2025,02,TOYOTA,28,Madrid,RAC,ICE,UKL2,REST,Standard,157
2025,02,TOYOTA,28,Madrid,RAC,PHEV,UKL1,REST,Standard,61
2025,02,TOYOTA,28,Madrid,RAC,PHEV,UKL2,REST,Standard,7
2025,02,VOLKSWAGEN,28,Madrid,Corporate,BEV,MKL,REST,Standard,3
2025,02,VOLKSWAGEN,28,Madrid,Corporate,BEV,SKL,REST,Standard,18
2025,02,VOLKSWAGEN,28,Madrid,Corporate,BEV,UKL2,REST,Standard,45
2025,02,VOLKSWAGEN,28,Madrid,Corporate,ICE,KKL,REST,Standard,34
2025,02,VOLKSWAGEN,28,Madrid,Corporate,ICE,MKL,REST,Standard,9
2025,02,VOLKSWAGEN,28,Madrid,Corporate,ICE,SKL,REST,Standard,17
2025,02,VOLKSWAGEN,28,Madrid,Corporate,ICE,UKL1,REST,Standard,421
2025,02,VOLKSWAGEN,28,Madrid,Corporate,ICE,UKL2,REST,Standard,1035
2025,02,VOLKSWAGEN,28,Madrid,Corporate,PHEV,KKL,REST,Standard,7
2025,02,VOLKSWAGEN,28,Madrid,Corporate,PHEV,MKL,REST,Standard,4
2025,02,VOLKSWAGEN,28,Madrid,Corporate,PHEV,SKL,REST,Standard,9
2025,02,VOLKSWAGEN,28,Madrid,Corporate,PHEV,UKL2,REST,Standard,152
2025,02,VOLKSWAGEN,28,Madrid,Private,BEV,MKL,REST,Standard,1
2025,02,VOLKSWAGEN,28,Madrid,Private,BEV,SKL,REST,Standard,1
2025,02,VOLKSWAGEN,28,Madrid,Private,BEV,UKL2,REST,Standard,4
2025,02,VOLKSWAGEN,28,Madrid,Private,ICE,SKL,REST,Standard,17
2025,02,VOLKSWAGEN,28,Madrid,Private,ICE,UKL1,REST,Standard,92
2025,02,VOLKSWAGEN,28,Madrid,Private,ICE,UKL2,REST,Standard,109
2025,02,VOLKSWAGEN,28,Madrid,Private,PHEV,UKL2,REST,Standard,14
2025,02,VOLKSWAGEN,28,Madrid,RAC,ICE,SKL,REST,Standard,59
2025,02,VOLKSWAGEN,28,Madrid,RAC,ICE,UKL1,REST,Standard,621
2025,02,VOLKSWAGEN,28,Madrid,RAC,ICE,UKL2,REST,Standard,248
2025,02,VOLVO,28,Madrid,Corporate,BEV,MKL,FOCUS SEGMENT,Standard,9
2025,02,VOLVO,28,Madrid,Corporate,BEV,UKL1,FOCUS SEGMENT,Standard,16
2025,02,VOLVO,28,Madrid,Corporate,BEV,UKL2,FOCUS SEGMENT,Standard,28
2025,02,VOLVO,28,Madrid,Corporate,ICE,KKL,FOCUS SEGMENT,Standard,47
2025,02,VOLVO,28,Madrid,Corporate,ICE,MKL,FOCUS SEGMENT,Standard,15
2025,02,VOLVO,28,Madrid,Corporate,ICE,UKL2,FOCUS SEGMENT,Standard,105
2025,02,VOLVO,28,Madrid,Corporate,PHEV,KKL,FOCUS SEGMENT,Standard,30
2025,02,VOLVO,28,Madrid,Corporate,PHEV,MKL,FOCUS SEGMENT,Standard,27
2025,02,VOLVO,28,Madrid,Private,BEV,UKL1,FOCUS SEGMENT,Standard,8
2025,02,VOLVO,28,Madrid,Private,BEV,UKL2,FOCUS SEGMENT,Standard,1
2025,02,VOLVO,28,Madrid,Private,ICE,KKL,FOCUS SEGMENT,Standard,9
2025,02,VOLVO,28,Madrid,Private,ICE,MKL,FOCUS SEGMENT,Standard,1
2025,02,VOLVO,28,Madrid,Private,ICE,UKL2,FOCUS SEGMENT,Standard,19
2025,02,VOLVO,28,Madrid,Private,PHEV,KKL,FOCUS SEGMENT,Standard,4
2025,02,VOLVO,28,Madrid,Private,PHEV,MKL,FOCUS SEGMENT,Standard,12
2025,02,VOLVO,28,Madrid,RAC,ICE,KKL,FOCUS SEGMENT,Standard,34
2025,02,VOLVO,28,Madrid,RAC,ICE,MKL,FOCUS SEGMENT,Standard,1
2025,02,VOLVO,28,Madrid,RAC,ICE,UKL2,FOCUS SEGMENT,Standard,140
2025,02,VOLVO,28,Madrid,RAC,PHEV,KKL,FOCUS SEGMENT,Standard,24
2025,02,VOLVO,28,Madrid,RAC,PHEV,MKL,FOCUS SEGMENT,Standard,1
2025,02,XPENG,28,Madrid,Corporate,BEV,MKL,FOCUS SEGMENT,Standard,3
2025,02,XPENG,28,Madrid,Private,BEV,KKL,FOCUS SEGMENT,Standard,4
2025,02,ALFA ROMEO,29,Málaga,Private,ICE,UKL1,REST,Standard,1
2025,02,AUDI,29,Málaga,Corporate,BEV,MKL,FOCUS SEGMENT,Standard,1
2025,02,AUDI,29,Málaga,Corporate,ICE,UKL1,FOCUS SEGMENT,Standard,1
2025,02,AUDI,29,Málaga,Corporate,ICE,UKL2,FOCUS SEGMENT,Standard,3
2025,02,AUDI,29,Málaga,Corporate,PHEV,KKL,FOCUS SEGMENT,Standard,2
2025,02,AUDI,29,Málaga,Corporate,PHEV,MKL,FOCUS SEGMENT,Standard,1
2025,02,AUDI,29,Málaga,Private,BEV,UKL2,FOCUS SEGMENT,Standard,1
2025,02,AUDI,29,Málaga,Private,ICE,KKL,FOCUS SEGMENT,Standard,7
2025,02,AUDI,29,Málaga,Private,ICE,MKL,FOCUS SEGMENT,M,1
2025,02,AUDI,29,Málaga,Private,ICE,UKL1,FOCUS SEGMENT,Standard,3
2025,02,AUDI,29,Málaga,Private,ICE,UKL2,FOCUS SEGMENT,M,1
2025,02,AUDI,29,Málaga,Private,ICE,UKL2,FOCUS SEGMENT,Standard,16
2025,02,AUDI,29,Málaga,Private,PHEV,MKL,FOCUS SEGMENT,Standard,1
2025,02,AUDI,29,Málaga,RAC,ICE,UKL1,FOCUS SEGMENT,Standard,9
2025,02,AUDI,29,Málaga,RAC,ICE,UKL2,FOCUS SEGMENT,Standard,9
2025,02,BMW,29,Málaga,Corporate,BEV,UKL2,FOCUS SEGMENT,Standard,3
2025,02,BMW,29,Málaga,Corporate,ICE,KKL,FOCUS SEGMENT,Standard,6
2025,02,BMW,29,Málaga,Corporate,ICE,MKL,FOCUS SEGMENT,Standard,20
2025,02,BMW,29,Málaga,Corporate,ICE,UKL2,FOCUS SEGMENT,M Performance,2
2025,02,BMW,29,Málaga,Corporate,ICE,UKL2,FOCUS SEGMENT,Standard,66
2025,02,BMW,29,Málaga,Corporate,PHEV,UKL2,FOCUS SEGMENT,Standard,5
2025,02,BMW,29,Málaga,Private,BEV,UKL2,FOCUS SEGMENT,Standard,4
2025,02,BMW,29,Málaga,Private,ICE,KKL,FOCUS SEGMENT,Standard,6
2025,02,BMW,29,Málaga,Private,ICE,MKL,FOCUS SEGMENT,Standard,1
2025,02,BMW,29,Málaga,Private,ICE,UKL2,FOCUS SEGMENT,M Performance,2
2025,02,BMW,29,Málaga,Private,ICE,UKL2,FOCUS SEGMENT,Standard,27
2025,02,BMW,29,Málaga,Private,PHEV,KKL,FOCUS SEGMENT,Standard,1
2025,02,BYD,29,Málaga,Corporate,BEV,KKL,REST,Standard,3
2025,02,BYD,29,Málaga,Corporate,BEV,UKL1,REST,Standard,5
2025,02,BYD,29,Málaga,Corporate,BEV,UKL2,REST,Standard,1
2025,02,BYD,29,Málaga,Corporate,PHEV,KKL,REST,Standard,1
2025,02,BYD,29,Málaga,Private,BEV,KKL,REST,Standard,4
2025,02,BYD,29,Málaga,Private,BEV,UKL1,REST,Standard,7
2025,02,BYD,29,Málaga,Private,BEV,UKL2,REST,Standard,6
2025,02,BYD,29,Málaga,Private,PHEV,KKL,REST,Standard,8
2025,02,CITROEN,29,Málaga,Corporate,BEV,SKL,REST,Standard,1
2025,02,CITROEN,29,Málaga,Corporate,BEV,UKL2,REST,Standard,1
2025,02,CITROEN,29,Málaga,Corporate,ICE,SKL,REST,Standard,9
2025,02,CITROEN,29,Málaga,Corporate,ICE,UKL1,REST,Standard,6
2025,02,CITROEN,29,Málaga,Corporate,ICE,UKL2,REST,Standard,21
2025,02,CITROEN,29,Málaga,Private,BEV,UKL1,REST,Standard,1
2025,02,CITROEN,29,Málaga,Private,ICE,SKL,REST,Standard,3
2025,02,CITROEN,29,Málaga,Private,ICE,UKL1,REST,Standard,15
2025,02,CITROEN,29,Málaga,Private,ICE,UKL2,REST,Standard,26
2025,02,CITROEN,29,Málaga,RAC,ICE,UKL1,REST,Standard,32
2025,02,CITROEN,29,Málaga,RAC,ICE,UKL2,REST,Standard,2
2025,02,CUPRA,29,Málaga,Corporate,BEV,UKL2,REST,Standard,2
2025,02,CUPRA,29,Málaga,Corporate,ICE,UKL2,REST,Standard,4
2025,02,CUPRA,29,Málaga,Corporate,PHEV,UKL2,REST,Standard,1
2025,02,CUPRA,29,Málaga,Private,ICE,UKL2,REST,Standard,6
2025,02,DACIA,29,Málaga,Corporate,BEV,UKL0,REST,Standard,2
2025,02,DACIA,29,Málaga,Corporate,ICE,SKL,REST,Standard,6
2025,02,DACIA,29,Málaga,Corporate,ICE,UKL1,REST,Standard,3
2025,02,DACIA,29,Málaga,Corporate,ICE,UKL2,REST,Standard,1
2025,02,DACIA,29,Málaga,Private,BEV,UKL0,REST,Standard,2
2025,02,DACIA,29,Málaga,Private,ICE,SKL,REST,Standard,31
2025,02,DACIA,29,Málaga,Private,ICE,UKL1,REST,Standard,67
2025,02,DACIA,29,Málaga,Private,ICE,UKL2,REST,Standard,8
2025,02,DFSK,29,Málaga,Private,PHEV,KKL,REST,Standard,1
2025,02,EBRO,29,Málaga,Corporate,ICE,KKL,REST,Standard,1
2025,02,EBRO,29,Málaga,Private,ICE,KKL,REST,Standard,2
2025,02,EBRO,29,Málaga,Private,ICE,UKL2,REST,Standard,5
2025,02,FERRARI,29,Málaga,RAC,ICE,GKL+,FOCUS SEGMENT,Standard,1
2025,02,FERRARI,29,Málaga,RAC,PHEV,GKL+,FOCUS SEGMENT,Standard,1
2025,02,FIAT,29,Málaga,Corporate,ICE,SKL,REST,Standard,1
2025,02,FIAT,29,Málaga,Corporate,ICE,UKL2,REST,Standard,2
2025,02,FIAT,29,Málaga,Private,ICE,UKL0,REST,Standard,1
2025,02,FIAT,29,Málaga,Private,ICE,UKL1,REST,Standard,3
2025,02,FORD,29,Málaga,Corporate,BEV,KKL,REST,Standard,1
2025,02,FORD,29,Málaga,Corporate,ICE,SKL,REST,Standard,1
2025,02,FORD,29,Málaga,Corporate,ICE,UKL1,REST,Standard,5
2025,02,FORD,29,Málaga,Corporate,ICE,UKL2,REST,Standard,5
2025,02,FORD,29,Málaga,Corporate,PHEV,UKL2,REST,Standard,4
2025,02,FORD,29,Málaga,Private,ICE,MKL,REST,Standard,3
2025,02,FORD,29,Málaga,Private,ICE,SKL,REST,Standard,7
2025,02,FORD,29,Málaga,Private,ICE,UKL1,REST,Standard,11
2025,02,FORD,29,Málaga,Private,ICE,UKL2,REST,Standard,17
2025,02,FORD,29,Málaga,Private,PHEV,SKL,REST,Standard,1
2025,02,FORD,29,Málaga,Private,PHEV,UKL2,REST,Standard,5
2025,02,HONDA,29,Málaga,Corporate,ICE,KKL,REST,Standard,1
2025,02,HONDA,29,Málaga,Corporate,ICE,UKL1,REST,Standard,4
2025,02,HONDA,29,Málaga,Corporate,ICE,UKL2,REST,Standard,1
2025,02,HONDA,29,Málaga,Private,ICE,KKL,REST,Standard,2
2025,02,HONDA,29,Málaga,Private,ICE,UKL1,REST,Standard,6
2025,02,HONDA,29,Málaga,Private,ICE,UKL2,REST,Standard,5
2025,02,HYUNDAI,29,Málaga,Corporate,ICE,MKL,REST,Standard,2
2025,02,HYUNDAI,29,Málaga,Private,BEV,UKL1,REST,Standard,1
2025,02,HYUNDAI,29,Málaga,Private,BEV,UKL2,REST,Standard,2
2025,02,HYUNDAI,29,Málaga,Private,ICE,UKL0,REST,Standard,4
2025,02,HYUNDAI,29,Málaga,Private,ICE,UKL1,REST,Standard,23
2025,02,HYUNDAI,29,Málaga,Private,ICE,UKL2,REST,Standard,22
2025,02,HYUNDAI,29,Málaga,Private,PHEV,MKL,REST,Standard,5
2025,02,HYUNDAI,29,Málaga,Private,PHEV,UKL2,REST,Standard,1
2025,02,HYUNDAI,29,Málaga,RAC,ICE,UKL0,REST,Standard,2
2025,02,JAECOO,29,Málaga,Corporate,PHEV,UKL2,REST,Standard,1
2025,02,JAECOO,29,Málaga,Private,ICE,UKL2,REST,Standard,4
2025,02,JAECOO,29,Málaga,Private,PHEV,UKL2,REST,Standard,9
2025,02,JAGUAR,29,Málaga,Corporate,ICE,KKL,FOCUS SEGMENT,Standard,2
2025,02,JEEP,29,Málaga,Corporate,ICE,UKL2,REST,Standard,1
2025,02,JEEP,29,Málaga,Corporate,PHEV,UKL2,REST,Standard,1
2025,02,JEEP,29,Málaga,Private,ICE,UKL1,REST,Standard,7
2025,02,JEEP,29,Málaga,Private,PHEV,UKL2,REST,Standard,2
2025,02,KG MOBILITY,29,Málaga,Corporate,ICE,MKL,REST,Standard,1
2025,02,KG MOBILITY,29,Málaga,Corporate,ICE,UKL1,REST,Standard,2
2025,02,KG MOBILITY,29,Málaga,Private,ICE,MKL,REST,Standard,1
2025,02,KG MOBILITY,29,Málaga,Private,ICE,UKL1,REST,Standard,1
2025,02,KIA,29,Málaga,Corporate,BEV,UKL1,REST,Standard,2
2025,02,KIA,29,Málaga,Corporate,ICE,UKL2,REST,Standard,1
2025,02,KIA,29,Málaga,Corporate,PHEV,UKL2,REST,Standard,1
2025,02,KIA,29,Málaga,Private,BEV,KKL,REST,Standard,1
2025,02,KIA,29,Málaga,Private,BEV,UKL1,REST,Standard,10
2025,02,KIA,29,Málaga,Private,ICE,,,Standard,1
2025,02,KIA,29,Málaga,Private,ICE,UKL1,REST,Standard,18
2025,02,KIA,29,Málaga,Private,ICE,UKL2,REST,Standard,79
2025,02,KIA,29,Málaga,Private,PHEV,KKL,REST,Standard,1
2025,02,KIA,29,Málaga,Private,PHEV,UKL2,REST,Standard,1
2025,02,LAMBORGHINI,29,Málaga,Corporate,ICE,GKL+,FOCUS SEGMENT,Standard,1
2025,02,LAMBORGHINI,29,Málaga,Private,PHEV,GKL+,FOCUS SEGMENT,Standard,1
2025,02,LAND ROVER,29,Málaga,Corporate,ICE,MKL,FOCUS SEGMENT,Standard,5
2025,02,LAND ROVER,29,Málaga,Corporate,PHEV,GKL,FOCUS SEGMENT,Standard,1
2025,02,LAND ROVER,29,Málaga,Corporate,PHEV,MKL,FOCUS SEGMENT,Standard,2
2025,02,LAND ROVER,29,Málaga,Private,ICE,GKL,FOCUS SEGMENT,Standard,1
2025,02,LAND ROVER,29,Málaga,Private,ICE,MKL,FOCUS SEGMENT,Standard,4
2025,02,LEAPMOTOR,29,Málaga,Corporate,BEV,UKL0,REST,Standard,1
2025,02,LEXUS,29,Málaga,Corporate,ICE,MKL,FOCUS SEGMENT,Standard,16
2025,02,LEXUS,29,Málaga,Corporate,ICE,UKL1,FOCUS SEGMENT,Standard,1
2025,02,LEXUS,29,Málaga,Corporate,ICE,UKL2,FOCUS SEGMENT,Standard,1
2025,02,LEXUS,29,Málaga,Corporate,PHEV,KKL,FOCUS SEGMENT,Standard,5
2025,02,LEXUS,29,Málaga,Private,ICE,UKL1,FOCUS SEGMENT,Standard,6
2025,02,LEXUS,29,Málaga,Private,PHEV,KKL,FOCUS SEGMENT,Standard,3
2025,02,MASERATI,29,Málaga,RAC,ICE,GKL+,FOCUS SEGMENT,Standard,1
2025,02,MAZDA,29,Málaga,Corporate,ICE,KKL,REST,Standard,1
2025,02,MAZDA,29,Málaga,Corporate,ICE,UKL2,REST,Standard,3
2025,02,MAZDA,29,Málaga,Corporate,PHEV,KKL,REST,Standard,1
2025,02,MAZDA,29,Málaga,Private,ICE,KKL,REST,Standard,2
2025,02,MAZDA,29,Málaga,Private,ICE,UKL1,REST,Standard,3
2025,02,MAZDA,29,Málaga,Private,ICE,UKL2,REST,Standard,24
2025,02,MAZDA,29,Málaga,Private,PHEV,KKL,REST,Standard,1
2025,02,MERCEDES,29,Málaga,Corporate,BEV,GKL,FOCUS SEGMENT,Standard,2
2025,02,MERCEDES,29,Málaga,Corporate,BEV,MKL,FOCUS SEGMENT,Standard,2
2025,02,MERCEDES,29,Málaga,Corporate,BEV,MKL,REST,Standard,1
2025,02,MERCEDES,29,Málaga,Corporate,BEV,UKL2,FOCUS SEGMENT,Standard,5
2025,02,MERCEDES,29,Málaga,Corporate,ICE,GKL,FOCUS SEGMENT,Standard,1
2025,02,MERCEDES,29,Málaga,Corporate,ICE,KKL,FOCUS SEGMENT,Standard,5
2025,02,MERCEDES,29,Málaga,Corporate,ICE,MKL,FOCUS SEGMENT,Standard,12
2025,02,MERCEDES,29,Málaga,Corporate,ICE,MKL,REST,Standard,4
2025,02,MERCEDES,29,Málaga,Corporate,ICE,SKL,REST,Standard,4
2025,02,MERCEDES,29,Málaga,Corporate,ICE,UKL2,FOCUS SEGMENT,Standard,5
2025,02,MERCEDES,29,Málaga,Corporate,PHEV,KKL,FOCUS SEGMENT,Standard,2
2025,02,MERCEDES,29,Málaga,Corporate,PHEV,MKL,FOCUS SEGMENT,Standard,3
2025,02,MERCEDES,29,Málaga,Corporate,PHEV,UKL2,FOCUS SEGMENT,Standard,2
2025,02,MERCEDES,29,Málaga,Private,BEV,GKL,FOCUS SEGMENT,Standard,1
2025,02,MERCEDES,29,Málaga,Private,BEV,MKL,FOCUS SEGMENT,Standard,2
2025,02,MERCEDES,29,Málaga,Private,BEV,UKL2,FOCUS SEGMENT,Standard,3
2025,02,MERCEDES,29,Málaga,Private,ICE,,REST,Standard,1
2025,02,MERCEDES,29,Málaga,Private,ICE,GKL,FOCUS SEGMENT,Standard,1
2025,02,MERCEDES,29,Málaga,Private,ICE,KKL,FOCUS SEGMENT,Standard,8
2025,02,MERCEDES,29,Málaga,Private,ICE,MKL,FOCUS SEGMENT,Standard,1
2025,02,MERCEDES,29,Málaga,Private,ICE,UKL2,FOCUS SEGMENT,M,1
2025,02,MERCEDES,29,Málaga,Private,ICE,UKL2,FOCUS SEGMENT,Standard,9
2025,02,MERCEDES,29,Málaga,Private,PHEV,KKL,FOCUS SEGMENT,Standard,4
2025,02,MERCEDES,29,Málaga,Private,PHEV,MKL,FOCUS SEGMENT,Standard,2
2025,02,MERCEDES,29,Málaga,Private,PHEV,UKL2,FOCUS SEGMENT,Standard,3
2025,02,MERCEDES,29,Málaga,RAC,ICE,KKL,FOCUS SEGMENT,Standard,1
2025,02,MERCEDES,29,Málaga,RAC,ICE,UKL2,FOCUS SEGMENT,Standard,6
2025,02,MERCEDES-V,29,Málaga,Corporate,ICE,SKL,REST,Standard,1
2025,02,MERCEDES-V,29,Málaga,Private,ICE,SKL,REST,Standard,3
2025,02,MG,29,Málaga,Corporate,ICE,UKL1,REST,Standard,3
2025,02,MG,29,Málaga,Private,ICE,KKL,REST,Standard,7
2025,02,MG,29,Málaga,Private,ICE,UKL1,REST,Standard,87
2025,02,MG,29,Málaga,Private,PHEV,KKL,REST,Standard,2
2025,02,MINI,29,Málaga,Corporate,BEV,UKL2,FOCUS SEGMENT,Standard,2
2025,02,MINI,29,Málaga,Corporate,ICE,UKL1,FOCUS SEGMENT,Standard,1
2025,02,MINI,29,Málaga,Corporate,ICE,UKL2,FOCUS SEGMENT,Standard,5
2025,02,MINI,29,Málaga,Private,BEV,UKL1,FOCUS SEGMENT,Standard,2
2025,02,MINI,29,Málaga,Private,BEV,UKL2,FOCUS SEGMENT,Standard,5
2025,02,MINI,29,Málaga,Private,ICE,UKL1,FOCUS SEGMENT,Standard,11
2025,02,MINI,29,Málaga,Private,ICE,UKL2,FOCUS SEGMENT,JCW,1
2025,02,MINI,29,Málaga,Private,ICE,UKL2,FOCUS SEGMENT,Standard,3
2025,02,MITSUBISHI,29,Málaga,Corporate,ICE,UKL2,REST,Standard,2
2025,02,MITSUBISHI,29,Málaga,Corporate,PHEV,UKL2,REST,Standard,3
2025,02,MITSUBISHI,29,Málaga,Private,ICE,UKL1,REST,Standard,1
2025,02,MITSUBISHI,29,Málaga,Private,ICE,UKL2,REST,Standard,2
2025,02,MITSUBISHI,29,Málaga,Private,PHEV,UKL2,REST,Standard,3
2025,02,NISSAN,29,Málaga,Corporate,ICE,KKL,REST,Standard,1
2025,02,NISSAN,29,Málaga,Corporate,ICE,SKL,REST,Standard,2
2025,02,NISSAN,29,Málaga,Corporate,ICE,UKL1,REST,Standard,1
2025,02,NISSAN,29,Málaga,Corporate,ICE,UKL2,REST,Standard,3
2025,02,NISSAN,29,Málaga,Private,ICE,KKL,REST,Standard,15
2025,02,NISSAN,29,Málaga,Private,ICE,SKL,REST,Standard,1
2025,02,NISSAN,29,Málaga,Private,ICE,UKL1,REST,Standard,23
2025,02,NISSAN,29,Málaga,Private,ICE,UKL2,REST,Standard,29
2025,02,NISSAN,29,Málaga,RAC,ICE,UKL1,REST,Standard,25
2025,02,NISSAN,29,Málaga,RAC,ICE,UKL2,REST,Standard,3
2025,02,OMODA,29,Málaga,Corporate,ICE,UKL2,REST,Standard,1
2025,02,OMODA,29,Málaga,Private,ICE,UKL2,REST,Standard,13
2025,02,OPEL,29,Málaga,Private,ICE,UKL1,REST,Standard,1
2025,02,OPEL,29,Málaga,RAC,ICE,UKL1,REST,Standard,40
2025,02,PEUGEOT,29,Málaga,Corporate,ICE,KKL,REST,Standard,2
2025,02,PEUGEOT,29,Málaga,Corporate,ICE,SKL,REST,Standard,3
2025,02,PEUGEOT,29,Málaga,Corporate,ICE,UKL1,REST,Standard,30
2025,02,PEUGEOT,29,Málaga,Corporate,ICE,UKL2,REST,Standard,3
2025,02,PEUGEOT,29,Málaga,Private,BEV,SKL,REST,Standard,1
2025,02,PEUGEOT,29,Málaga,Private,BEV,UKL1,REST,Standard,1
2025,02,PEUGEOT,29,Málaga,Private,BEV,UKL2,REST,Standard,1
2025,02,PEUGEOT,29,Málaga,Private,ICE,KKL,REST,Standard,6
2025,02,PEUGEOT,29,Málaga,Private,ICE,SKL,REST,Standard,6
2025,02,PEUGEOT,29,Málaga,Private,ICE,UKL1,REST,Standard,23
2025,02,PEUGEOT,29,Málaga,Private,ICE,UKL2,REST,Standard,14
2025,02,PEUGEOT,29,Málaga,RAC,ICE,UKL1,REST,Standard,7
2025,02,POLESTAR,29,Málaga,Private,BEV,KKL,FOCUS SEGMENT,Standard,2
2025,02,PORSCHE,29,Málaga,Corporate,BEV,GKL,FOCUS SEGMENT,Standard,1
2025,02,PORSCHE,29,Málaga,Corporate,BEV,KKL,FOCUS SEGMENT,Standard,1
2025,02,PORSCHE,29,Málaga,Corporate,ICE,GKL,FOCUS SEGMENT,Standard,1
2025,02,PORSCHE,29,Málaga,Corporate,PHEV,GKL,FOCUS SEGMENT,Standard,1
2025,02,PORSCHE,29,Málaga,Corporate,PHEV,MKL,FOCUS SEGMENT,M Performance,2
2025,02,PORSCHE,29,Málaga,Corporate,PHEV,MKL,FOCUS SEGMENT,Standard,1
2025,02,PORSCHE,29,Málaga,Private,BEV,KKL,FOCUS SEGMENT,M Performance,1
2025,02,PORSCHE,29,Málaga,Private,BEV,KKL,FOCUS SEGMENT,Standard,1
2025,02,PORSCHE,29,Málaga,Private,ICE,GKL,FOCUS SEGMENT,M Performance,1
2025,02,PORSCHE,29,Málaga,Private,ICE,GKL,FOCUS SEGMENT,Standard,2
2025,02,PORSCHE,29,Málaga,Private,ICE,MKL,FOCUS SEGMENT,M Performance,1
2025,02,PORSCHE,29,Málaga,Private,ICE,MKL,FOCUS SEGMENT,Standard,1
2025,02,PORSCHE,29,Málaga,Private,PHEV,MKL,FOCUS SEGMENT,M,2
2025,02,PORSCHE,29,Málaga,Private,PHEV,MKL,FOCUS SEGMENT,M Performance,1
2025,02,PORSCHE,29,Málaga,Private,PHEV,MKL,FOCUS SEGMENT,Standard,2
2025,02,RENAULT,29,Málaga,Corporate,ICE,UKL1,REST,Standard,12
2025,02,RENAULT,29,Málaga,Corporate,ICE,UKL2,REST,Standard,1
2025,02,RENAULT,29,Málaga,Private,ICE,KKL,REST,Standard,3
2025,02,RENAULT,29,Málaga,Private,ICE,UKL1,REST,Standard,54
2025,02,RENAULT,29,Málaga,Private,ICE,UKL2,REST,Standard,25
2025,02,RENAULT,29,Málaga,Private,PHEV,UKL2,REST,Standard,2
2025,02,RENAULT,29,Málaga,RAC,ICE,UKL1,REST,Standard,105
2025,02,SEAT,29,Málaga,Corporate,ICE,UKL1,REST,Standard,12
2025,02,SEAT,29,Málaga,Corporate,ICE,UKL2,REST,Standard,3
2025,02,SEAT,29,Málaga,Private,ICE,UKL1,REST,Standard,50
2025,02,SEAT,29,Málaga,Private,ICE,UKL2,REST,Standard,22
2025,02,SEAT,29,Málaga,RAC,ICE,UKL1,REST,Standard,5
2025,02,SEAT,29,Málaga,RAC,ICE,UKL2,REST,Standard,9
2025,02,SERES,29,Málaga,Corporate,BEV,,,Standard,1
2025,02,SIN MARCA,29,Málaga,Private,PHEV,,REST,Standard,1
2025,02,SKODA,29,Málaga,Corporate,BEV,UKL2,REST,Standard,3
2025,02,SKODA,29,Málaga,Corporate,ICE,KKL,REST,Standard,6
2025,02,SKODA,29,Málaga,Corporate,ICE,UKL1,REST,Standard,11
2025,02,SKODA,29,Málaga,Corporate,ICE,UKL2,REST,Standard,5
2025,02,SKODA,29,Málaga,Corporate,PHEV,UKL2,REST,Standard,1
2025,02,SKODA,29,Málaga,Private,ICE,KKL,REST,Standard,2
2025,02,SKODA,29,Málaga,Private,ICE,UKL1,REST,Standard,24
2025,02,SKODA,29,Málaga,Private,ICE,UKL2,REST,Standard,12
2025,02,SKODA,29,Málaga,Private,PHEV,KKL,REST,Standard,2
2025,02,SSANGYONG,29,Málaga,Private,ICE,KKL,REST,Standard,1
2025,02,SUBARU,29,Málaga,Private,ICE,UKL2,REST,Standard,2
2025,02,SUZUKI,29,Málaga,Private,ICE,UKL1,REST,Standard,3
2025,02,SUZUKI,29,Málaga,Private,ICE,UKL2,REST,Standard,4
2025,02,SUZUKI,29,Málaga,RAC,ICE,UKL1,REST,Standard,10
2025,02,TESLA,29,Málaga,Corporate,BEV,KKL,FOCUS SEGMENT,Standard,15
2025,02,TESLA,29,Málaga,Private,BEV,GKL,FOCUS SEGMENT,Standard,1
2025,02,TESLA,29,Málaga,Private,BEV,KKL,FOCUS SEGMENT,Standard,36
2025,02,TOYOTA,29,Málaga,Corporate,BEV,UKL2,REST,Standard,1
2025,02,TOYOTA,29,Málaga,Corporate,ICE,GKL,REST,Standard,3
2025,02,TOYOTA,29,Málaga,Corporate,ICE,SKL,REST,Standard,2
2025,02,TOYOTA,29,Málaga,Corporate,ICE,UKL0,REST,Standard,1
2025,02,TOYOTA,29,Málaga,Corporate,ICE,UKL1,REST,Standard,20
2025,02,TOYOTA,29,Málaga,Corporate,ICE,UKL2,REST,Standard,11
2025,02,TOYOTA,29,Málaga,Corporate,PHEV,UKL1,REST,Standard,4
2025,02,TOYOTA,29,Málaga,Corporate,PHEV,UKL2,REST,Standard,1
2025,02,TOYOTA,29,Málaga,Private,BEV,UKL2,REST,Standard,2
2025,02,TOYOTA,29,Málaga,Private,ICE,SKL,REST,Standard,3
2025,02,TOYOTA,29,Málaga,Private,ICE,UKL0,REST,Standard,1
2025,02,TOYOTA,29,Málaga,Private,ICE,UKL1,REST,Standard,92
2025,02,TOYOTA,29,Málaga,Private,ICE,UKL2,REST,Standard,68
2025,02,TOYOTA,29,Málaga,Private,PHEV,UKL1,REST,Standard,14
2025,02,TOYOTA,29,Málaga,Private,PHEV,UKL2,REST,Standard,9
2025,02,VOLKSWAGEN,29,Málaga,Corporate,BEV,SKL,REST,Standard,2
2025,02,VOLKSWAGEN,29,Málaga,Corporate,ICE,KKL,REST,Standard,1
2025,02,VOLKSWAGEN,29,Málaga,Corporate,ICE,UKL1,REST,Standard,5
2025,02,VOLKSWAGEN,29,Málaga,Corporate,ICE,UKL2,REST,Standard,3
2025,02,VOLKSWAGEN,29,Málaga,Private,ICE,SKL,REST,Standard,6
2025,02,VOLKSWAGEN,29,Málaga,Private,ICE,UKL1,REST,Standard,34
2025,02,VOLKSWAGEN,29,Málaga,Private,ICE,UKL2,REST,Standard,46
2025,02,VOLKSWAGEN,29,Málaga,Private,PHEV,UKL2,REST,Standard,1
2025,02,VOLKSWAGEN,29,Málaga,RAC,ICE,UKL1,REST,Standard,7
2025,02,VOLKSWAGEN,29,Málaga,RAC,ICE,UKL2,REST,Standard,32
2025,02,VOLVO,29,Málaga,Corporate,ICE,KKL,FOCUS SEGMENT,Standard,2
2025,02,VOLVO,29,Málaga,Corporate,ICE,MKL,FOCUS SEGMENT,Standard,1
2025,02,VOLVO,29,Málaga,Corporate,ICE,UKL2,FOCUS SEGMENT,Standard,1
2025,02,VOLVO,29,Málaga,Corporate,PHEV,MKL,FOCUS SEGMENT,Standard,1
2025,02,VOLVO,29,Málaga,Private,ICE,KKL,FOCUS SEGMENT,Standard,3
2025,02,VOLVO,29,Málaga,Private,ICE,UKL2,FOCUS SEGMENT,Standard,4
2025,02,VOLVO,29,Málaga,Private,PHEV,MKL,FOCUS SEGMENT,Standard,2
2025,02,ALFA ROMEO,30,Murcia,Corporate,ICE,UKL1,REST,Standard,1
2025,02,ALFA ROMEO,30,Murcia,Private,ICE,UKL1,REST,Standard,1
2025,02,AUDI,30,Murcia,Corporate,ICE,KKL,FOCUS SEGMENT,Standard,6
2025,02,AUDI,30,Murcia,Corporate,ICE,MKL,FOCUS SEGMENT,M Performance,1
2025,02,AUDI,30,Murcia,Corporate,ICE,MKL,FOCUS SEGMENT,Standard,2
2025,02,AUDI,30,Murcia,Corporate,ICE,UKL1,FOCUS SEGMENT,Standard,9
2025,02,AUDI,30,Murcia,Corporate,ICE,UKL2,FOCUS SEGMENT,Standard,6
2025,02,AUDI,30,Murcia,Corporate,PHEV,KKL,FOCUS SEGMENT,Standard,2
2025,02,AUDI,30,Murcia,Corporate,PHEV,MKL,FOCUS SEGMENT,Standard,1
2025,02,AUDI,30,Murcia,Private,BEV,UKL2,FOCUS SEGMENT,Standard,1
2025,02,AUDI,30,Murcia,Private,ICE,KKL,FOCUS SEGMENT,Standard,2
2025,02,AUDI,30,Murcia,Private,ICE,UKL1,FOCUS SEGMENT,Standard,1
2025,02,AUDI,30,Murcia,Private,ICE,UKL2,FOCUS SEGMENT,Standard,10
2025,02,BMW,30,Murcia,Corporate,BEV,UKL2,FOCUS SEGMENT,Standard,1
2025,02,BMW,30,Murcia,Corporate,ICE,KKL,FOCUS SEGMENT,Standard,4
2025,02,BMW,30,Murcia,Corporate,ICE,MKL,FOCUS SEGMENT,Standard,5
2025,02,BMW,30,Murcia,Corporate,ICE,UKL2,FOCUS SEGMENT,Standard,23
2025,02,BMW,30,Murcia,Corporate,PHEV,KKL,FOCUS SEGMENT,Standard,2
2025,02,BMW,30,Murcia,Corporate,PHEV,MKL,FOCUS SEGMENT,Standard,1
2025,02,BMW,30,Murcia,Corporate,PHEV,UKL2,FOCUS SEGMENT,Standard,1
2025,02,BMW,30,Murcia,Private,BEV,KKL,FOCUS SEGMENT,Standard,1
2025,02,BMW,30,Murcia,Private,ICE,KKL,FOCUS SEGMENT,Standard,4
2025,02,BMW,30,Murcia,Private,ICE,MKL,FOCUS SEGMENT,Standard,1
2025,02,BMW,30,Murcia,Private,ICE,UKL2,FOCUS SEGMENT,Standard,4
2025,02,BMW,30,Murcia,Private,PHEV,GKL,FOCUS SEGMENT,M,1
2025,02,BMW,30,Murcia,Private,PHEV,MKL,FOCUS SEGMENT,Standard,2
2025,02,BYD,30,Murcia,Corporate,BEV,KKL,REST,Standard,2
2025,02,BYD,30,Murcia,Corporate,BEV,UKL2,REST,Standard,1
2025,02,BYD,30,Murcia,Private,BEV,KKL,REST,Standard,4
2025,02,BYD,30,Murcia,Private,BEV,UKL2,REST,Standard,5
2025,02,BYD,30,Murcia,Private,PHEV,KKL,REST,Standard,5
2025,02,CHEVROLET,30,Murcia,Private,ICE,,REST,Standard,1
2025,02,CITROEN,30,Murcia,Corporate,ICE,UKL2,REST,Standard,7
2025,02,CITROEN,30,Murcia,Private,ICE,SKL,REST,Standard,3
2025,02,CITROEN,30,Murcia,Private,ICE,UKL1,REST,Standard,15
2025,02,CITROEN,30,Murcia,Private,ICE,UKL2,REST,Standard,10
2025,02,CUPRA,30,Murcia,Corporate,BEV,UKL2,REST,Standard,1
2025,02,CUPRA,30,Murcia,Corporate,ICE,UKL2,REST,Standard,3
2025,02,CUPRA,30,Murcia,Private,BEV,UKL2,REST,Standard,1
2025,02,CUPRA,30,Murcia,Private,ICE,UKL2,REST,Standard,11
2025,02,CUPRA,30,Murcia,Private,PHEV,UKL2,REST,Standard,1
2025,02,DACIA,30,Murcia,Corporate,BEV,UKL0,REST,Standard,4
2025,02,DACIA,30,Murcia,Corporate,ICE,SKL,REST,Standard,2
2025,02,DACIA,30,Murcia,Corporate,ICE,UKL1,REST,Standard,5
2025,02,DACIA,30,Murcia,Private,ICE,SKL,REST,Standard,29
2025,02,DACIA,30,Murcia,Private,ICE,UKL1,REST,Standard,41
2025,02,DACIA,30,Murcia,Private,ICE,UKL2,REST,Standard,9
2025,02,DACIA,30,Murcia,RAC,ICE,SKL,REST,Standard,1
2025,02,DFSK,30,Murcia,Private,PHEV,KKL,REST,Standard,1
2025,02,EBRO,30,Murcia,Corporate,ICE,KKL,REST,Standard,2
2025,02,EBRO,30,Murcia,Corporate,ICE,UKL2,REST,Standard,1
2025,02,EBRO,30,Murcia,Private,ICE,UKL2,REST,Standard,3
2025,02,EBRO,30,Murcia,RAC,ICE,UKL2,REST,Standard,3
2025,02,FORD,30,Murcia,Corporate,ICE,MKL,REST,Standard,1
2025,02,FORD,30,Murcia,Corporate,ICE,SKL,REST,Standard,2
2025,02,FORD,30,Murcia,Corporate,ICE,UKL1,REST,Standard,8
2025,02,FORD,30,Murcia,Corporate,ICE,UKL2,REST,Standard,7
2025,02,FORD,30,Murcia,Private,BEV,UKL1,REST,Standard,1
2025,02,FORD,30,Murcia,Private,ICE,SKL,REST,Standard,2
2025,02,FORD,30,Murcia,Private,ICE,UKL1,REST,Standard,11
2025,02,FORD,30,Murcia,Private,ICE,UKL2,REST,Standard,8
2025,02,FORD,30,Murcia,Private,PHEV,UKL2,REST,Standard,4
2025,02,FORD,30,Murcia,RAC,ICE,SKL,REST,Standard,1
2025,02,HONDA,30,Murcia,Private,ICE,KKL,REST,Standard,1
2025,02,HONDA,30,Murcia,Private,ICE,UKL1,REST,Standard,6
2025,02,HONDA,30,Murcia,Private,ICE,UKL2,REST,Standard,6
2025,02,HYUNDAI,30,Murcia,Corporate,BEV,UKL1,REST,Standard,1
2025,02,HYUNDAI,30,Murcia,Corporate,BEV,UKL2,REST,Standard,2
2025,02,HYUNDAI,30,Murcia,Corporate,ICE,UKL1,REST,Standard,24
2025,02,HYUNDAI,30,Murcia,Corporate,ICE,UKL2,REST,Standard,14
2025,02,HYUNDAI,30,Murcia,Corporate,PHEV,UKL2,REST,Standard,1
2025,02,HYUNDAI,30,Murcia,Private,BEV,UKL2,REST,Standard,3
2025,02,HYUNDAI,30,Murcia,Private,ICE,UKL0,REST,Standard,2
2025,02,HYUNDAI,30,Murcia,Private,ICE,UKL1,REST,Standard,15
2025,02,HYUNDAI,30,Murcia,Private,ICE,UKL2,REST,Standard,25
2025,02,HYUNDAI,30,Murcia,Private,PHEV,UKL2,REST,Standard,2
2025,02,HYUNDAI,30,Murcia,RAC,ICE,UKL1,REST,Standard,3
2025,02,JAECOO,30,Murcia,Corporate,ICE,UKL2,REST,Standard,1
2025,02,JAECOO,30,Murcia,Corporate,PHEV,UKL2,REST,Standard,2
2025,02,JAECOO,30,Murcia,Private,ICE,UKL2,REST,Standard,7
2025,02,JAECOO,30,Murcia,Private,PHEV,UKL2,REST,Standard,10
2025,02,JAGUAR,30,Murcia,Private,ICE,KKL,FOCUS SEGMENT,Standard,1
2025,02,JEEP,30,Murcia,Private,ICE,UKL1,REST,Standard,3
2025,02,JEEP,30,Murcia,Private,PHEV,UKL2,REST,Standard,1
2025,02,KG MOBILITY,30,Murcia,Private,ICE,MKL,REST,Standard,5
2025,02,KG MOBILITY,30,Murcia,Private,ICE,UKL1,REST,Standard,4
2025,02,KIA,30,Murcia,Corporate,ICE,UKL2,REST,Standard,1
2025,02,KIA,30,Murcia,Private,BEV,UKL1,REST,Standard,7
2025,02,KIA,30,Murcia,Private,ICE,KKL,REST,Standard,3
2025,02,KIA,30,Murcia,Private,ICE,UKL0,REST,Standard,2
2025,02,KIA,30,Murcia,Private,ICE,UKL1,REST,Standard,21
2025,02,KIA,30,Murcia,Private,ICE,UKL2,REST,Standard,53
2025,02,KIA,30,Murcia,RAC,ICE,KKL,REST,Standard,1
2025,02,KIA,30,Murcia,RAC,ICE,UKL2,REST,Standard,3
2025,02,LAND ROVER,30,Murcia,Corporate,ICE,MKL,FOCUS SEGMENT,Standard,3
2025,02,LAND ROVER,30,Murcia,Corporate,ICE,UKL2,FOCUS SEGMENT,Standard,1
2025,02,LAND ROVER,30,Murcia,Corporate,PHEV,GKL,FOCUS SEGMENT,Standard,1
2025,02,LAND ROVER,30,Murcia,Corporate,PHEV,UKL2,FOCUS SEGMENT,Standard,1
2025,02,LEAPMOTOR,30,Murcia,Corporate,BEV,MKL,REST,Standard,1
2025,02,LEXUS,30,Murcia,Corporate,ICE,KKL,FOCUS SEGMENT,Standard,1
2025,02,LEXUS,30,Murcia,Corporate,PHEV,KKL,FOCUS SEGMENT,Standard,3
2025,02,LEXUS,30,Murcia,Private,ICE,KKL,FOCUS SEGMENT,Standard,2
2025,02,LEXUS,30,Murcia,Private,ICE,UKL1,FOCUS SEGMENT,Standard,7
2025,02,LEXUS,30,Murcia,Private,ICE,UKL2,FOCUS SEGMENT,Standard,1
2025,02,LEXUS,30,Murcia,Private,PHEV,KKL,FOCUS SEGMENT,Standard,7
2025,02,LEXUS,30,Murcia,Private,PHEV,MKL,FOCUS SEGMENT,Standard,1
2025,02,MAZDA,30,Murcia,Corporate,ICE,KKL,REST,Standard,2
2025,02,MAZDA,30,Murcia,Corporate,ICE,UKL1,REST,Standard,1
2025,02,MAZDA,30,Murcia,Corporate,ICE,UKL2,REST,Standard,4
2025,02,MAZDA,30,Murcia,Private,ICE,UKL1,REST,Standard,2
2025,02,MAZDA,30,Murcia,Private,ICE,UKL2,REST,Standard,15
2025,02,MERCEDES,30,Murcia,Corporate,BEV,UKL2,FOCUS SEGMENT,Standard,1
2025,02,MERCEDES,30,Murcia,Corporate,ICE,GKL,FOCUS SEGMENT,M,1
2025,02,MERCEDES,30,Murcia,Corporate,ICE,GKL,FOCUS SEGMENT,Standard,1
2025,02,MERCEDES,30,Murcia,Corporate,ICE,KKL,FOCUS SEGMENT,Standard,21
2025,02,MERCEDES,30,Murcia,Corporate,ICE,MKL,FOCUS SEGMENT,Standard,6
2025,02,MERCEDES,30,Murcia,Corporate,ICE,MKL,REST,Standard,1
2025,02,MERCEDES,30,Murcia,Corporate,ICE,SKL,REST,Standard,3
2025,02,MERCEDES,30,Murcia,Corporate,ICE,UKL2,FOCUS SEGMENT,Standard,9
2025,02,MERCEDES,30,Murcia,Corporate,PHEV,KKL,FOCUS SEGMENT,Standard,4
2025,02,MERCEDES,30,Murcia,Corporate,PHEV,MKL,FOCUS SEGMENT,M Performance,5
2025,02,MERCEDES,30,Murcia,Corporate,PHEV,MKL,FOCUS SEGMENT,Standard,1
2025,02,MERCEDES,30,Murcia,Corporate,PHEV,UKL2,FOCUS SEGMENT,Standard,3
2025,02,MERCEDES,30,Murcia,Private,BEV,UKL2,FOCUS SEGMENT,Standard,2
2025,02,MERCEDES,30,Murcia,Private,ICE,KKL,FOCUS SEGMENT,Standard,5
2025,02,MERCEDES,30,Murcia,Private,ICE,MKL,FOCUS SEGMENT,Standard,1
2025,02,MERCEDES,30,Murcia,Private,ICE,UKL2,FOCUS SEGMENT,M Performance,1
2025,02,MERCEDES,30,Murcia,Private,ICE,UKL2,FOCUS SEGMENT,Standard,12
2025,02,MERCEDES,30,Murcia,Private,PHEV,KKL,FOCUS SEGMENT,Standard,1
2025,02,MERCEDES,30,Murcia,Private,PHEV,MKL,FOCUS SEGMENT,M Performance,1
2025,02,MERCEDES,30,Murcia,Private,PHEV,MKL,FOCUS SEGMENT,Standard,1
2025,02,MERCEDES,30,Murcia,Private,PHEV,UKL2,FOCUS SEGMENT,Standard,3
2025,02,MERCEDES,30,Murcia,RAC,BEV,SKL,REST,Standard,1
2025,02,MERCEDES,30,Murcia,RAC,ICE,SKL,REST,Standard,2
2025,02,MERCEDES-V,30,Murcia,RAC,ICE,SKL,REST,Standard,1
2025,02,MG,30,Murcia,Corporate,ICE,UKL1,REST,Standard,7
2025,02,MG,30,Murcia,Private,BEV,UKL2,REST,Standard,1
2025,02,MG,30,Murcia,Private,ICE,KKL,REST,Standard,5
2025,02,MG,30,Murcia,Private,ICE,UKL1,REST,Standard,71
2025,02,MG,30,Murcia,Private,PHEV,KKL,REST,Standard,6
2025,02,MINI,30,Murcia,Corporate,BEV,UKL1,FOCUS SEGMENT,Standard,2
2025,02,MINI,30,Murcia,Corporate,ICE,UKL1,FOCUS SEGMENT,Standard,10
2025,02,MINI,30,Murcia,Corporate,ICE,UKL2,FOCUS SEGMENT,Standard,1
2025,02,MINI,30,Murcia,Private,BEV,UKL1,FOCUS SEGMENT,Standard,1
2025,02,MINI,30,Murcia,Private,BEV,UKL2,FOCUS SEGMENT,Standard,1
2025,02,MINI,30,Murcia,Private,ICE,UKL1,FOCUS SEGMENT,Standard,2
2025,02,MINI,30,Murcia,Private,ICE,UKL2,FOCUS SEGMENT,Standard,5
2025,02,MITSUBISHI,30,Murcia,Private,ICE,UKL1,REST,Standard,3
2025,02,MITSUBISHI,30,Murcia,Private,ICE,UKL2,REST,Standard,3
2025,02,NISSAN,30,Murcia,Private,BEV,UKL2,REST,Standard,1
2025,02,NISSAN,30,Murcia,Private,ICE,KKL,REST,Standard,4
2025,02,NISSAN,30,Murcia,Private,ICE,SKL,REST,Standard,1
2025,02,NISSAN,30,Murcia,Private,ICE,UKL1,REST,Standard,13
2025,02,NISSAN,30,Murcia,Private,ICE,UKL2,REST,Standard,25
2025,02,OMODA,30,Murcia,Private,ICE,UKL2,REST,Standard,19
2025,02,OPEL,30,Murcia,Corporate,ICE,UKL2,REST,Standard,1
2025,02,OPEL,30,Murcia,Private,ICE,UKL1,REST,Standard,5
2025,02,PEUGEOT,30,Murcia,Corporate,BEV,SKL,REST,Standard,1
2025,02,PEUGEOT,30,Murcia,Corporate,ICE,SKL,REST,Standard,3
2025,02,PEUGEOT,30,Murcia,Corporate,ICE,UKL1,REST,Standard,30
2025,02,PEUGEOT,30,Murcia,Corporate,ICE,UKL2,REST,Standard,11
2025,02,PEUGEOT,30,Murcia,Private,ICE,KKL,REST,Standard,5
2025,02,PEUGEOT,30,Murcia,Private,ICE,SKL,REST,Standard,6
2025,02,PEUGEOT,30,Murcia,Private,ICE,UKL1,REST,Standard,12
2025,02,PEUGEOT,30,Murcia,Private,ICE,UKL2,REST,Standard,10
2025,02,PORSCHE,30,Murcia,Corporate,BEV,KKL,FOCUS SEGMENT,Standard,2
2025,02,PORSCHE,30,Murcia,Corporate,PHEV,GKL,FOCUS SEGMENT,M Performance,2
2025,02,PORSCHE,30,Murcia,Corporate,PHEV,GKL,FOCUS SEGMENT,Standard,1
2025,02,PORSCHE,30,Murcia,Corporate,PHEV,MKL,FOCUS SEGMENT,M Performance,1
2025,02,PORSCHE,30,Murcia,Corporate,PHEV,MKL,FOCUS SEGMENT,Standard,1
2025,02,PORSCHE,30,Murcia,Private,BEV,KKL,FOCUS SEGMENT,Standard,5
2025,02,PORSCHE,30,Murcia,RAC,ICE,GKL,FOCUS SEGMENT,Standard,1
2025,02,RENAULT,30,Murcia,Corporate,BEV,UKL1,REST,Standard,1
2025,02,RENAULT,30,Murcia,Corporate,ICE,UKL1,REST,Standard,11
2025,02,RENAULT,30,Murcia,Corporate,ICE,UKL2,REST,Standard,11
2025,02,RENAULT,30,Murcia,Private,BEV,UKL1,REST,Standard,5
2025,02,RENAULT,30,Murcia,Private,ICE,KKL,REST,Standard,1
2025,02,RENAULT,30,Murcia,Private,ICE,SKL,REST,Standard,1
2025,02,RENAULT,30,Murcia,Private,ICE,UKL1,REST,Standard,37
2025,02,RENAULT,30,Murcia,Private,ICE,UKL2,REST,Standard,18
2025,02,SEAT,30,Murcia,Corporate,ICE,UKL1,REST,Standard,10
2025,02,SEAT,30,Murcia,Corporate,ICE,UKL2,REST,Standard,6
2025,02,SEAT,30,Murcia,Private,ICE,UKL1,REST,Standard,20
2025,02,SEAT,30,Murcia,Private,ICE,UKL2,REST,Standard,20
2025,02,SHINERAY,30,Murcia,Private,ICE,MKL,REST,Standard,2
2025,02,SKODA,30,Murcia,Corporate,BEV,UKL2,REST,Standard,1
2025,02,SKODA,30,Murcia,Corporate,ICE,KKL,REST,Standard,1
2025,02,SKODA,30,Murcia,Corporate,ICE,UKL1,REST,Standard,3
2025,02,SKODA,30,Murcia,Corporate,ICE,UKL2,REST,Standard,7
2025,02,SKODA,30,Murcia,Private,ICE,KKL,REST,Standard,2
2025,02,SKODA,30,Murcia,Private,ICE,UKL1,REST,Standard,15
2025,02,SKODA,30,Murcia,Private,ICE,UKL2,REST,Standard,9
2025,02,SKODA,30,Murcia,Private,PHEV,KKL,REST,Standard,1
2025,02,SKODA,30,Murcia,RAC,ICE,UKL1,REST,Standard,5
2025,02,SKODA,30,Murcia,RAC,ICE,UKL2,REST,Standard,3
2025,02,SSANGYONG,30,Murcia,Private,ICE,KKL,REST,Standard,1
2025,02,SSANGYONG,30,Murcia,Private,ICE,MKL,REST,Standard,1
2025,02,SUZUKI,30,Murcia,Corporate,ICE,UKL1,REST,Standard,1
2025,02,SUZUKI,30,Murcia,Corporate,ICE,UKL2,REST,Standard,1
2025,02,SUZUKI,30,Murcia,Private,ICE,UKL1,REST,Standard,5
2025,02,SUZUKI,30,Murcia,Private,ICE,UKL2,REST,Standard,5
2025,02,TESLA,30,Murcia,Corporate,BEV,GKL,FOCUS SEGMENT,Standard,1
2025,02,TESLA,30,Murcia,Corporate,BEV,KKL,FOCUS SEGMENT,Standard,5
2025,02,TESLA,30,Murcia,Private,BEV,KKL,FOCUS SEGMENT,Standard,24
2025,02,TOYOTA,30,Murcia,Corporate,ICE,GKL,REST,Standard,1
2025,02,TOYOTA,30,Murcia,Corporate,ICE,SKL,REST,Standard,2
2025,02,TOYOTA,30,Murcia,Corporate,ICE,UKL1,REST,Standard,12
2025,02,TOYOTA,30,Murcia,Corporate,ICE,UKL2,REST,Standard,10
2025,02,TOYOTA,30,Murcia,Corporate,PHEV,UKL1,REST,Standard,6
2025,02,TOYOTA,30,Murcia,Private,BEV,UKL2,REST,Standard,1
2025,02,TOYOTA,30,Murcia,Private,ICE,SKL,REST,Standard,1
2025,02,TOYOTA,30,Murcia,Private,ICE,UKL0,REST,Standard,1
2025,02,TOYOTA,30,Murcia,Private,ICE,UKL1,REST,Standard,65
2025,02,TOYOTA,30,Murcia,Private,ICE,UKL2,REST,Standard,29
2025,02,TOYOTA,30,Murcia,Private,PHEV,UKL1,REST,Standard,13
2025,02,TOYOTA,30,Murcia,Private,PHEV,UKL2,REST,Standard,5
2025,02,VOLKSWAGEN,30,Murcia,Corporate,ICE,UKL1,REST,Standard,1
2025,02,VOLKSWAGEN,30,Murcia,Corporate,ICE,UKL2,REST,Standard,6
2025,02,VOLKSWAGEN,30,Murcia,Private,BEV,UKL2,REST,Standard,1
2025,02,VOLKSWAGEN,30,Murcia,Private,ICE,SKL,REST,Standard,3
2025,02,VOLKSWAGEN,30,Murcia,Private,ICE,UKL1,REST,Standard,38
2025,02,VOLKSWAGEN,30,Murcia,Private,ICE,UKL2,REST,Standard,25
2025,02,VOLKSWAGEN,30,Murcia,Private,PHEV,UKL2,REST,Standard,1
2025,02,VOLVO,30,Murcia,Corporate,BEV,UKL1,FOCUS SEGMENT,Standard,1
2025,02,VOLVO,30,Murcia,Corporate,ICE,KKL,FOCUS SEGMENT,Standard,2
2025,02,VOLVO,30,Murcia,Corporate,ICE,UKL2,FOCUS SEGMENT,Standard,1
2025,02,VOLVO,30,Murcia,Corporate,PHEV,MKL,FOCUS SEGMENT,Standard,1
2025,02,VOLVO,30,Murcia,Private,ICE,KKL,FOCUS SEGMENT,Standard,3
2025,02,VOLVO,30,Murcia,Private,ICE,UKL2,FOCUS SEGMENT,Standard,2
2025,02,XPENG,30,Murcia,Corporate,BEV,KKL,FOCUS SEGMENT,Standard,2
2025,02,ALFA ROMEO,31,Navarra,Private,ICE,UKL1,REST,Standard,1
2025,02,AUDI,31,Navarra,Corporate,ICE,KKL,FOCUS SEGMENT,Standard,3
2025,02,AUDI,31,Navarra,Corporate,ICE,MKL,FOCUS SEGMENT,M,1
2025,02,AUDI,31,Navarra,Corporate,ICE,UKL2,FOCUS SEGMENT,Standard,10
2025,02,AUDI,31,Navarra,Private,BEV,UKL2,FOCUS SEGMENT,Standard,1
2025,02,AUDI,31,Navarra,Private,ICE,KKL,FOCUS SEGMENT,Standard,1
2025,02,AUDI,31,Navarra,RAC,ICE,UKL2,FOCUS SEGMENT,Standard,1
2025,02,BMW,31,Navarra,Corporate,ICE,KKL,FOCUS SEGMENT,M Performance,1
2025,02,BMW,31,Navarra,Corporate,ICE,KKL,FOCUS SEGMENT,Standard,4
2025,02,BMW,31,Navarra,Corporate,ICE,MKL,FOCUS SEGMENT,Standard,2
2025,02,BMW,31,Navarra,Private,BEV,UKL2,FOCUS SEGMENT,Standard,1
2025,02,BMW,31,Navarra,Private,ICE,MKL,FOCUS SEGMENT,Standard,1
2025,02,BMW,31,Navarra,Private,ICE,UKL2,FOCUS SEGMENT,Standard,2
2025,02,BMW,31,Navarra,Private,PHEV,UKL2,FOCUS SEGMENT,Standard,1
2025,02,BYD,31,Navarra,Corporate,PHEV,KKL,REST,Standard,1
2025,02,BYD,31,Navarra,Private,BEV,KKL,REST,Standard,1
2025,02,BYD,31,Navarra,Private,BEV,UKL2,REST,Standard,4
2025,02,CITROEN,31,Navarra,Corporate,ICE,SKL,REST,Standard,1
2025,02,CITROEN,31,Navarra,Corporate,ICE,UKL1,REST,Standard,2
2025,02,CITROEN,31,Navarra,Corporate,ICE,UKL2,REST,Standard,16
2025,02,CITROEN,31,Navarra,Private,BEV,UKL1,REST,Standard,2
2025,02,CITROEN,31,Navarra,Private,BEV,UKL2,REST,Standard,2
2025,02,CITROEN,31,Navarra,Private,ICE,SKL,REST,Standard,2
2025,02,CITROEN,31,Navarra,Private,ICE,UKL1,REST,Standard,7
2025,02,CITROEN,31,Navarra,Private,ICE,UKL2,REST,Standard,6
2025,02,CUPRA,31,Navarra,Corporate,ICE,UKL2,REST,Standard,3
2025,02,CUPRA,31,Navarra,Private,ICE,UKL2,REST,Standard,3
2025,02,DACIA,31,Navarra,Corporate,ICE,SKL,REST,Standard,3
2025,02,DACIA,31,Navarra,Corporate,ICE,UKL1,REST,Standard,1
2025,02,DACIA,31,Navarra,Corporate,ICE,UKL2,REST,Standard,2
2025,02,DACIA,31,Navarra,Private,BEV,UKL0,REST,Standard,1
2025,02,DACIA,31,Navarra,Private,ICE,SKL,REST,Standard,15
2025,02,DACIA,31,Navarra,Private,ICE,UKL1,REST,Standard,20
2025,02,DACIA,31,Navarra,Private,ICE,UKL2,REST,Standard,7
2025,02,EBRO,31,Navarra,Corporate,ICE,KKL,REST,Standard,2
2025,02,EBRO,31,Navarra,Corporate,ICE,UKL2,REST,Standard,2
2025,02,FIAT,31,Navarra,Corporate,ICE,UKL0,REST,Standard,1
2025,02,FIAT,31,Navarra,Private,ICE,UKL1,REST,Standard,1
2025,02,FORD,31,Navarra,Corporate,BEV,SKL,REST,Standard,1
2025,02,FORD,31,Navarra,Corporate,ICE,UKL2,REST,Standard,3
2025,02,FORD,31,Navarra,Private,ICE,SKL,REST,Standard,2
2025,02,FORD,31,Navarra,Private,ICE,UKL1,REST,Standard,4
2025,02,FORD,31,Navarra,Private,ICE,UKL2,REST,Standard,5
2025,02,FORD,31,Navarra,Private,PHEV,UKL2,REST,Standard,4
2025,02,HONDA,31,Navarra,Private,ICE,UKL1,REST,Standard,3
2025,02,HONDA,31,Navarra,Private,ICE,UKL2,REST,Standard,1
2025,02,HYUNDAI,31,Navarra,Corporate,ICE,UKL2,REST,Standard,2
2025,02,HYUNDAI,31,Navarra,Private,BEV,UKL1,REST,Standard,1
2025,02,HYUNDAI,31,Navarra,Private,BEV,UKL2,REST,Standard,3
2025,02,HYUNDAI,31,Navarra,Private,ICE,UKL0,REST,Standard,1
2025,02,HYUNDAI,31,Navarra,Private,ICE,UKL1,REST,Standard,4
2025,02,HYUNDAI,31,Navarra,Private,ICE,UKL2,REST,Standard,5
2025,02,HYUNDAI,31,Navarra,Private,PHEV,UKL2,REST,Standard,1
2025,02,JAECOO,31,Navarra,Corporate,PHEV,UKL2,REST,Standard,1
2025,02,JAECOO,31,Navarra,Private,ICE,UKL2,REST,Standard,1
2025,02,JAECOO,31,Navarra,Private,PHEV,UKL2,REST,Standard,10
2025,02,JEEP,31,Navarra,Corporate,ICE,UKL1,REST,Standard,1
2025,02,JEEP,31,Navarra,Private,ICE,UKL2,REST,Standard,1
2025,02,KG MOBILITY,31,Navarra,Private,ICE,MKL,REST,Standard,2
2025,02,KG MOBILITY,31,Navarra,Private,ICE,UKL1,REST,Standard,2
2025,02,KIA,31,Navarra,Corporate,ICE,KKL,REST,Standard,1
2025,02,KIA,31,Navarra,Corporate,ICE,UKL0,REST,Standard,1
2025,02,KIA,31,Navarra,Corporate,ICE,UKL1,REST,Standard,2
2025,02,KIA,31,Navarra,Corporate,ICE,UKL2,REST,Standard,4
2025,02,KIA,31,Navarra,Private,BEV,UKL1,REST,Standard,5
2025,02,KIA,31,Navarra,Private,ICE,KKL,REST,Standard,2
2025,02,KIA,31,Navarra,Private,ICE,UKL0,REST,Standard,2
2025,02,KIA,31,Navarra,Private,ICE,UKL1,REST,Standard,7
2025,02,KIA,31,Navarra,Private,ICE,UKL2,REST,Standard,19
2025,02,KIA,31,Navarra,Private,PHEV,KKL,REST,Standard,1
2025,02,LAMBORGHINI,31,Navarra,Private,ICE,GKL+,FOCUS SEGMENT,Standard,1
2025,02,LEXUS,31,Navarra,Corporate,ICE,UKL2,FOCUS SEGMENT,Standard,2
2025,02,LEXUS,31,Navarra,Corporate,PHEV,KKL,FOCUS SEGMENT,Standard,2
2025,02,LEXUS,31,Navarra,Private,ICE,KKL,FOCUS SEGMENT,Standard,3
2025,02,LEXUS,31,Navarra,Private,ICE,UKL1,FOCUS SEGMENT,Standard,3
2025,02,LEXUS,31,Navarra,Private,ICE,UKL2,FOCUS SEGMENT,Standard,2
2025,02,LEXUS,31,Navarra,Private,PHEV,KKL,FOCUS SEGMENT,Standard,2
2025,02,MAZDA,31,Navarra,Corporate,ICE,UKL2,REST,Standard,2
2025,02,MAZDA,31,Navarra,Corporate,PHEV,KKL,REST,Standard,1
2025,02,MAZDA,31,Navarra,Private,ICE,UKL2,REST,Standard,14
2025,02,MAZDA,31,Navarra,Private,PHEV,KKL,REST,Standard,1
2025,02,MERCEDES,31,Navarra,Corporate,BEV,UKL2,FOCUS SEGMENT,Standard,1
2025,02,MERCEDES,31,Navarra,Corporate,ICE,KKL,FOCUS SEGMENT,Standard,2
2025,02,MERCEDES,31,Navarra,Corporate,ICE,SKL,REST,Standard,2
2025,02,MERCEDES,31,Navarra,Corporate,ICE,UKL2,FOCUS SEGMENT,Standard,5
2025,02,MERCEDES,31,Navarra,Corporate,PHEV,KKL,FOCUS SEGMENT,Standard,1
2025,02,MERCEDES,31,Navarra,Corporate,PHEV,MKL,FOCUS SEGMENT,Standard,1
2025,02,MERCEDES,31,Navarra,Private,BEV,UKL2,FOCUS SEGMENT,Standard,1
2025,02,MERCEDES,31,Navarra,Private,ICE,KKL,FOCUS SEGMENT,Standard,1
2025,02,MERCEDES,31,Navarra,Private,ICE,MKL,FOCUS SEGMENT,Standard,1
2025,02,MERCEDES,31,Navarra,Private,ICE,UKL2,FOCUS SEGMENT,M Performance,1
2025,02,MERCEDES,31,Navarra,Private,ICE,UKL2,FOCUS SEGMENT,Standard,3
2025,02,MERCEDES,31,Navarra,Private,PHEV,KKL,FOCUS SEGMENT,Standard,1
2025,02,MG,31,Navarra,Corporate,BEV,UKL2,REST,Standard,1
2025,02,MG,31,Navarra,Private,ICE,KKL,REST,Standard,1
2025,02,MG,31,Navarra,Private,ICE,UKL1,REST,Standard,10
2025,02,MG,31,Navarra,Private,PHEV,KKL,REST,Standard,1
2025,02,MITSUBISHI,31,Navarra,Corporate,ICE,UKL1,REST,Standard,1
2025,02,NISSAN,31,Navarra,Corporate,ICE,UKL1,REST,Standard,1
2025,02,NISSAN,31,Navarra,Corporate,ICE,UKL2,REST,Standard,1
2025,02,NISSAN,31,Navarra,Private,BEV,UKL2,REST,Standard,1
2025,02,NISSAN,31,Navarra,Private,ICE,KKL,REST,Standard,4
2025,02,NISSAN,31,Navarra,Private,ICE,SKL,REST,Standard,3
2025,02,NISSAN,31,Navarra,Private,ICE,UKL1,REST,Standard,3
2025,02,NISSAN,31,Navarra,Private,ICE,UKL2,REST,Standard,9
2025,02,OMODA,31,Navarra,Private,ICE,UKL2,REST,Standard,12
2025,02,OPEL,31,Navarra,Corporate,ICE,SKL,REST,Standard,1
2025,02,OPEL,31,Navarra,Private,ICE,SKL,REST,Standard,1
2025,02,OPEL,31,Navarra,Private,ICE,UKL1,REST,Standard,2
2025,02,OPEL,31,Navarra,Private,ICE,UKL2,REST,Standard,2
2025,02,PEUGEOT,31,Navarra,Corporate,BEV,SKL,REST,Standard,3
2025,02,PEUGEOT,31,Navarra,Corporate,ICE,SKL,REST,Standard,14
2025,02,PEUGEOT,31,Navarra,Corporate,ICE,UKL1,REST,Standard,11
2025,02,PEUGEOT,31,Navarra,Corporate,ICE,UKL2,REST,Standard,11
2025,02,PEUGEOT,31,Navarra,Private,BEV,UKL2,REST,Standard,1
2025,02,PEUGEOT,31,Navarra,Private,ICE,KKL,REST,Standard,2
2025,02,PEUGEOT,31,Navarra,Private,ICE,SKL,REST,Standard,10
2025,02,PEUGEOT,31,Navarra,Private,ICE,UKL1,REST,Standard,5
2025,02,PEUGEOT,31,Navarra,Private,ICE,UKL2,REST,Standard,6
2025,02,PORSCHE,31,Navarra,Corporate,BEV,KKL,FOCUS SEGMENT,M,1
2025,02,PORSCHE,31,Navarra,Corporate,BEV,KKL,FOCUS SEGMENT,Standard,1
2025,02,PORSCHE,31,Navarra,Corporate,ICE,KKL,FOCUS SEGMENT,M,1
2025,02,PORSCHE,31,Navarra,Corporate,ICE,MKL,FOCUS SEGMENT,M Performance,1
2025,02,PORSCHE,31,Navarra,RAC,BEV,KKL,FOCUS SEGMENT,Standard,1
2025,02,PORSCHE,31,Navarra,RAC,ICE,GKL,FOCUS SEGMENT,Standard,1
2025,02,RENAULT,31,Navarra,Corporate,ICE,UKL1,REST,Standard,5
2025,02,RENAULT,31,Navarra,Corporate,ICE,UKL2,REST,Standard,2
2025,02,RENAULT,31,Navarra,Corporate,PHEV,UKL2,REST,Standard,1
2025,02,RENAULT,31,Navarra,Private,BEV,UKL1,REST,Standard,3
2025,02,RENAULT,31,Navarra,Private,ICE,KKL,REST,Standard,2
2025,02,RENAULT,31,Navarra,Private,ICE,UKL1,REST,Standard,14
2025,02,RENAULT,31,Navarra,Private,ICE,UKL2,REST,Standard,11
2025,02,SEAT,31,Navarra,Private,ICE,UKL1,REST,Standard,7
2025,02,SEAT,31,Navarra,Private,ICE,UKL2,REST,Standard,11
2025,02,SIN MARCA,31,Navarra,Private,PHEV,,REST,Standard,1
2025,02,SKODA,31,Navarra,Corporate,BEV,UKL2,REST,Standard,4
2025,02,SKODA,31,Navarra,Corporate,ICE,UKL1,REST,Standard,1
2025,02,SKODA,31,Navarra,Corporate,ICE,UKL2,REST,Standard,3
2025,02,SKODA,31,Navarra,Private,ICE,UKL1,REST,Standard,4
2025,02,SKODA,31,Navarra,Private,ICE,UKL2,REST,Standard,9
2025,02,SKODA,31,Navarra,Private,PHEV,KKL,REST,Standard,4
2025,02,SSANGYONG,31,Navarra,Private,ICE,KKL,REST,Standard,1
2025,02,SSANGYONG,31,Navarra,Private,ICE,UKL1,REST,Standard,1
2025,02,SUBARU,31,Navarra,Private,ICE,UKL2,REST,Standard,1
2025,02,SUZUKI,31,Navarra,Corporate,ICE,UKL2,REST,Standard,1
2025,02,SUZUKI,31,Navarra,Private,ICE,UKL1,REST,Standard,1
2025,02,SUZUKI,31,Navarra,Private,ICE,UKL2,REST,Standard,1
2025,02,TESLA,31,Navarra,Corporate,BEV,KKL,FOCUS SEGMENT,Standard,2
2025,02,TESLA,31,Navarra,Private,BEV,KKL,FOCUS SEGMENT,Standard,7
2025,02,TOYOTA,31,Navarra,Corporate,BEV,SKL,REST,Standard,1
2025,02,TOYOTA,31,Navarra,Corporate,ICE,UKL1,REST,Standard,2
2025,02,TOYOTA,31,Navarra,Corporate,ICE,UKL2,REST,Standard,3
2025,02,TOYOTA,31,Navarra,Corporate,PHEV,UKL2,REST,Standard,1
2025,02,TOYOTA,31,Navarra,Private,BEV,UKL2,REST,Standard,5
2025,02,TOYOTA,31,Navarra,Private,ICE,SKL,REST,Standard,3
2025,02,TOYOTA,31,Navarra,Private,ICE,UKL1,REST,Standard,12
2025,02,TOYOTA,31,Navarra,Private,ICE,UKL2,REST,Standard,21
2025,02,TOYOTA,31,Navarra,Private,PHEV,UKL2,REST,Standard,1
2025,02,VOLKSWAGEN,31,Navarra,Corporate,BEV,SKL,REST,Standard,1
2025,02,VOLKSWAGEN,31,Navarra,Corporate,BEV,UKL2,REST,Standard,1
2025,02,VOLKSWAGEN,31,Navarra,Corporate,ICE,SKL,REST,Standard,2
2025,02,VOLKSWAGEN,31,Navarra,Corporate,ICE,UKL1,REST,Standard,9
2025,02,VOLKSWAGEN,31,Navarra,Corporate,ICE,UKL2,REST,Standard,7
2025,02,VOLKSWAGEN,31,Navarra,Private,BEV,UKL2,REST,Standard,2
2025,02,VOLKSWAGEN,31,Navarra,Private,ICE,SKL,REST,Standard,4
2025,02,VOLKSWAGEN,31,Navarra,Private,ICE,UKL1,REST,Standard,14
2025,02,VOLKSWAGEN,31,Navarra,Private,ICE,UKL2,REST,Standard,18
2025,02,VOLVO,31,Navarra,Corporate,BEV,UKL1,FOCUS SEGMENT,Standard,1
2025,02,VOLVO,31,Navarra,Corporate,ICE,KKL,FOCUS SEGMENT,Standard,1
2025,02,VOLVO,31,Navarra,Corporate,ICE,UKL2,FOCUS SEGMENT,Standard,1
2025,02,VOLVO,31,Navarra,Private,ICE,UKL2,FOCUS SEGMENT,Standard,3
2025,02,XPENG,31,Navarra,Private,BEV,KKL,FOCUS SEGMENT,Standard,1
2025,02,AUDI,32,Ourense,Corporate,ICE,UKL1,FOCUS SEGMENT,Standard,1
2025,02,AUDI,32,Ourense,Corporate,ICE,UKL2,FOCUS SEGMENT,Standard,4
2025,02,AUDI,32,Ourense,Private,ICE,UKL2,FOCUS SEGMENT,Standard,2
2025,02,BMW,32,Ourense,Corporate,BEV,UKL2,FOCUS SEGMENT,Standard,1
2025,02,BMW,32,Ourense,Corporate,ICE,UKL2,FOCUS SEGMENT,Standard,1
2025,02,BMW,32,Ourense,Private,ICE,KKL,FOCUS SEGMENT,Standard,1
2025,02,BMW,32,Ourense,Private,ICE,MKL,FOCUS SEGMENT,M Performance,1
2025,02,BMW,32,Ourense,Private,ICE,MKL,FOCUS SEGMENT,Standard,1
2025,02,BMW,32,Ourense,Private,ICE,UKL2,FOCUS SEGMENT,Standard,6
2025,02,BYD,32,Ourense,Private,PHEV,KKL,REST,Standard,1
2025,02,CITROEN,32,Ourense,Corporate,BEV,UKL1,REST,Standard,1
2025,02,CITROEN,32,Ourense,Corporate,ICE,UKL1,REST,Standard,1
2025,02,CITROEN,32,Ourense,Corporate,ICE,UKL2,REST,Standard,5
2025,02,CITROEN,32,Ourense,Corporate,PHEV,MKL,REST,Standard,1
2025,02,CITROEN,32,Ourense,Private,ICE,UKL1,REST,Standard,1
2025,02,CITROEN,32,Ourense,Private,ICE,UKL2,REST,Standard,2
2025,02,CUPRA,32,Ourense,Private,ICE,UKL2,REST,Standard,3
2025,02,CUPRA,32,Ourense,Private,PHEV,UKL2,REST,Standard,2
2025,02,DACIA,32,Ourense,Corporate,ICE,UKL1,REST,Standard,1
2025,02,DACIA,32,Ourense,Private,ICE,SKL,REST,Standard,1
2025,02,DACIA,32,Ourense,Private,ICE,UKL1,REST,Standard,8
2025,02,FIAT,32,Ourense,Corporate,ICE,UKL2,REST,Standard,2
2025,02,FIAT,32,Ourense,Private,ICE,UKL0,REST,Standard,1
2025,02,FORD,32,Ourense,Private,ICE,SKL,REST,Standard,1
2025,02,FORD,32,Ourense,Private,ICE,UKL1,REST,Standard,1
2025,02,HYUNDAI,32,Ourense,Corporate,ICE,UKL1,REST,Standard,2
2025,02,HYUNDAI,32,Ourense,Corporate,ICE,UKL2,REST,Standard,6
2025,02,HYUNDAI,32,Ourense,Private,ICE,UKL1,REST,Standard,5
2025,02,HYUNDAI,32,Ourense,Private,ICE,UKL2,REST,Standard,2
2025,02,JAECOO,32,Ourense,Private,PHEV,UKL2,REST,Standard,1
2025,02,JEEP,32,Ourense,Private,ICE,UKL2,REST,Standard,1
2025,02,JEEP,32,Ourense,Private,PHEV,UKL1,REST,Standard,1
2025,02,KIA,32,Ourense,Corporate,ICE,UKL2,REST,Standard,1
2025,02,KIA,32,Ourense,Private,BEV,UKL1,REST,Standard,5
2025,02,KIA,32,Ourense,Private,ICE,UKL0,REST,Standard,1
2025,02,KIA,32,Ourense,Private,ICE,UKL1,REST,Standard,5
2025,02,KIA,32,Ourense,Private,ICE,UKL2,REST,Standard,12
2025,02,LAND ROVER,32,Ourense,Corporate,ICE,MKL,FOCUS SEGMENT,Standard,1
2025,02,LEXUS,32,Ourense,Private,ICE,UKL1,FOCUS SEGMENT,Standard,1
2025,02,LEXUS,32,Ourense,Private,PHEV,KKL,FOCUS SEGMENT,Standard,2
2025,02,MAZDA,32,Ourense,Corporate,ICE,UKL1,REST,Standard,1
2025,02,MAZDA,32,Ourense,Corporate,ICE,UKL2,REST,Standard,1
2025,02,MAZDA,32,Ourense,Private,ICE,UKL2,REST,Standard,1
2025,02,MAZDA,32,Ourense,Private,PHEV,KKL,REST,Standard,2
2025,02,MERCEDES,32,Ourense,Corporate,BEV,UKL2,FOCUS SEGMENT,Standard,1
2025,02,MERCEDES,32,Ourense,Corporate,ICE,KKL,FOCUS SEGMENT,Standard,2
2025,02,MERCEDES,32,Ourense,Corporate,ICE,MKL,FOCUS SEGMENT,Standard,1
2025,02,MERCEDES,32,Ourense,Private,ICE,KKL,FOCUS SEGMENT,Standard,1
2025,02,MERCEDES,32,Ourense,Private,ICE,MKL,REST,Standard,2
2025,02,MERCEDES,32,Ourense,Private,ICE,UKL2,FOCUS SEGMENT,Standard,1
2025,02,MERCEDES-V,32,Ourense,Private,ICE,SKL,REST,Standard,1
2025,02,MG,32,Ourense,Private,ICE,KKL,REST,Standard,1
2025,02,MG,32,Ourense,Private,ICE,UKL1,REST,Standard,14
2025,02,MG,32,Ourense,Private,PHEV,KKL,REST,Standard,4
2025,02,MITSUBISHI,32,Ourense,Corporate,ICE,UKL2,REST,Standard,1
2025,02,NISSAN,32,Ourense,Corporate,BEV,UKL2,REST,Standard,1
2025,02,NISSAN,32,Ourense,Corporate,ICE,UKL2,REST,Standard,2
2025,02,NISSAN,32,Ourense,Private,ICE,UKL1,REST,Standard,1
2025,02,NISSAN,32,Ourense,Private,ICE,UKL2,REST,Standard,7
2025,02,OMODA,32,Ourense,Private,ICE,UKL2,REST,Standard,4
2025,02,OPEL,32,Ourense,Corporate,ICE,SKL,REST,Standard,1
2025,02,OPEL,32,Ourense,Private,ICE,UKL2,REST,Standard,1
2025,02,PEUGEOT,32,Ourense,Private,BEV,UKL2,REST,Standard,1
2025,02,PEUGEOT,32,Ourense,Private,ICE,SKL,REST,Standard,3
2025,02,PEUGEOT,32,Ourense,Private,ICE,UKL1,REST,Standard,5
2025,02,PEUGEOT,32,Ourense,Private,ICE,UKL2,REST,Standard,7
2025,02,PEUGEOT,32,Ourense,Private,PHEV,KKL,REST,Standard,1
2025,02,PORSCHE,32,Ourense,Private,PHEV,GKL,FOCUS SEGMENT,Standard,1
2025,02,RENAULT,32,Ourense,Corporate,ICE,UKL2,REST,Standard,1
2025,02,RENAULT,32,Ourense,Private,ICE,UKL1,REST,Standard,17
2025,02,RENAULT,32,Ourense,Private,ICE,UKL2,REST,Standard,2
2025,02,SEAT,32,Ourense,Corporate,ICE,UKL1,REST,Standard,3
2025,02,SEAT,32,Ourense,Corporate,ICE,UKL2,REST,Standard,4
2025,02,SEAT,32,Ourense,Private,ICE,UKL1,REST,Standard,7
2025,02,SEAT,32,Ourense,Private,ICE,UKL2,REST,Standard,1
2025,02,SIN MARCA,32,Ourense,Private,ICE,,REST,Standard,1
2025,02,SKODA,32,Ourense,Corporate,ICE,UKL1,REST,Standard,2
2025,02,SKODA,32,Ourense,Corporate,ICE,UKL2,REST,Standard,1
2025,02,SKODA,32,Ourense,Private,ICE,UKL1,REST,Standard,6
2025,02,SKODA,32,Ourense,Private,ICE,UKL2,REST,Standard,3
2025,02,SUBARU,32,Ourense,Private,ICE,UKL2,REST,Standard,1
2025,02,SUZUKI,32,Ourense,Private,ICE,UKL1,REST,Standard,2
2025,02,TESLA,32,Ourense,Private,BEV,KKL,FOCUS SEGMENT,Standard,2
2025,02,TOYOTA,32,Ourense,Corporate,ICE,SKL,REST,Standard,1
2025,02,TOYOTA,32,Ourense,Corporate,ICE,UKL0,REST,Standard,1
2025,02,TOYOTA,32,Ourense,Corporate,ICE,UKL1,REST,Standard,3
2025,02,TOYOTA,32,Ourense,Corporate,ICE,UKL2,REST,Standard,2
2025,02,TOYOTA,32,Ourense,Private,ICE,UKL0,REST,Standard,1
2025,02,TOYOTA,32,Ourense,Private,ICE,UKL1,REST,Standard,12
2025,02,TOYOTA,32,Ourense,Private,ICE,UKL2,REST,Standard,10
2025,02,TOYOTA,32,Ourense,Private,PHEV,UKL1,REST,Standard,1
2025,02,TOYOTA,32,Ourense,Private,PHEV,UKL2,REST,Standard,1
2025,02,VOLKSWAGEN,32,Ourense,Corporate,ICE,UKL1,REST,Standard,4
2025,02,VOLKSWAGEN,32,Ourense,Corporate,ICE,UKL2,REST,Standard,4
2025,02,VOLKSWAGEN,32,Ourense,Corporate,PHEV,UKL2,REST,Standard,3
2025,02,VOLKSWAGEN,32,Ourense,Private,ICE,KKL,REST,Standard,1
2025,02,VOLKSWAGEN,32,Ourense,Private,ICE,SKL,REST,Standard,1
2025,02,VOLKSWAGEN,32,Ourense,Private,ICE,UKL1,REST,Standard,6
2025,02,VOLKSWAGEN,32,Ourense,Private,ICE,UKL2,REST,Standard,2
2025,02,VOLKSWAGEN,32,Ourense,Private,PHEV,UKL2,REST,Standard,1
2025,02,VOLVO,32,Ourense,Corporate,ICE,KKL,FOCUS SEGMENT,Standard,1
2025,02,VOLVO,32,Ourense,Corporate,ICE,UKL2,FOCUS SEGMENT,Standard,3
2025,02,VOLVO,32,Ourense,Corporate,PHEV,KKL,FOCUS SEGMENT,Standard,1
2025,02,VOLVO,32,Ourense,Private,ICE,UKL2,FOCUS SEGMENT,Standard,1
2025,02,AUDI,33,Asturias,Corporate,BEV,UKL2,FOCUS SEGMENT,Standard,1
2025,02,AUDI,33,Asturias,Corporate,ICE,KKL,FOCUS SEGMENT,Standard,12
2025,02,AUDI,33,Asturias,Corporate,ICE,MKL,FOCUS SEGMENT,Standard,1
2025,02,AUDI,33,Asturias,Corporate,ICE,UKL2,FOCUS SEGMENT,M Performance,1
2025,02,AUDI,33,Asturias,Corporate,ICE,UKL2,FOCUS SEGMENT,Standard,21
2025,02,AUDI,33,Asturias,Corporate,PHEV,KKL,FOCUS SEGMENT,Standard,1
2025,02,AUDI,33,Asturias,Private,ICE,KKL,FOCUS SEGMENT,Standard,2
2025,02,AUDI,33,Asturias,Private,ICE,MKL,FOCUS SEGMENT,M,1
2025,02,AUDI,33,Asturias,Private,ICE,UKL1,FOCUS SEGMENT,Standard,2
2025,02,AUDI,33,Asturias,Private,ICE,UKL2,FOCUS SEGMENT,M Performance,1
2025,02,AUDI,33,Asturias,Private,ICE,UKL2,FOCUS SEGMENT,Standard,3
2025,02,BMW,33,Asturias,Corporate,BEV,UKL2,FOCUS SEGMENT,Standard,2
2025,02,BMW,33,Asturias,Corporate,ICE,KKL,FOCUS SEGMENT,M,1
2025,02,BMW,33,Asturias,Corporate,ICE,KKL,FOCUS SEGMENT,Standard,4
2025,02,BMW,33,Asturias,Corporate,ICE,MKL,FOCUS SEGMENT,M Performance,1
2025,02,BMW,33,Asturias,Corporate,ICE,MKL,FOCUS SEGMENT,Standard,1
2025,02,BMW,33,Asturias,Corporate,ICE,UKL2,FOCUS SEGMENT,Standard,6
2025,02,BMW,33,Asturias,Corporate,PHEV,KKL,FOCUS SEGMENT,Standard,1
2025,02,BMW,33,Asturias,Corporate,PHEV,UKL2,FOCUS SEGMENT,Standard,4
2025,02,BMW,33,Asturias,Private,BEV,UKL2,FOCUS SEGMENT,Standard,1
2025,02,BMW,33,Asturias,Private,ICE,KKL,FOCUS SEGMENT,M Performance,1
2025,02,BMW,33,Asturias,Private,ICE,KKL,FOCUS SEGMENT,Standard,1
2025,02,BMW,33,Asturias,Private,ICE,MKL,FOCUS SEGMENT,Standard,2
2025,02,BMW,33,Asturias,Private,ICE,UKL2,FOCUS SEGMENT,Standard,16
2025,02,BMW,33,Asturias,Private,PHEV,KKL,FOCUS SEGMENT,Standard,3
2025,02,BMW,33,Asturias,Private,PHEV,MKL,FOCUS SEGMENT,M,1
2025,02,BMW,33,Asturias,Private,PHEV,MKL,FOCUS SEGMENT,Standard,1
2025,02,BMW,33,Asturias,Private,PHEV,UKL2,FOCUS SEGMENT,Standard,1
2025,02,BYD,33,Asturias,Corporate,BEV,UKL2,REST,Standard,1
2025,02,BYD,33,Asturias,Private,BEV,UKL1,REST,Standard,8
2025,02,BYD,33,Asturias,Private,BEV,UKL2,REST,Standard,6
2025,02,BYD,33,Asturias,Private,PHEV,KKL,REST,Standard,3
2025,02,CITROEN,33,Asturias,Corporate,ICE,SKL,REST,Standard,1
2025,02,CITROEN,33,Asturias,Corporate,ICE,UKL2,REST,Standard,16
2025,02,CITROEN,33,Asturias,Private,BEV,UKL1,REST,Standard,1
2025,02,CITROEN,33,Asturias,Private,BEV,UKL2,REST,Standard,1
2025,02,CITROEN,33,Asturias,Private,ICE,SKL,REST,Standard,1
2025,02,CITROEN,33,Asturias,Private,ICE,UKL1,REST,Standard,14
2025,02,CITROEN,33,Asturias,Private,ICE,UKL2,REST,Standard,10
2025,02,CUPRA,33,Asturias,Corporate,ICE,UKL2,REST,Standard,4
2025,02,CUPRA,33,Asturias,Private,ICE,UKL2,REST,Standard,5
2025,02,CUPRA,33,Asturias,Private,PHEV,UKL2,REST,Standard,1
2025,02,DACIA,33,Asturias,Corporate,ICE,SKL,REST,Standard,1
2025,02,DACIA,33,Asturias,Corporate,ICE,UKL1,REST,Standard,3
2025,02,DACIA,33,Asturias,Private,BEV,UKL0,REST,Standard,2
2025,02,DACIA,33,Asturias,Private,ICE,SKL,REST,Standard,22
2025,02,DACIA,33,Asturias,Private,ICE,UKL1,REST,Standard,31
2025,02,DACIA,33,Asturias,Private,ICE,UKL2,REST,Standard,8
2025,02,DR,33,Asturias,Private,ICE,UKL1,REST,Standard,2
2025,02,EBRO,33,Asturias,Corporate,ICE,UKL2,REST,Standard,1
2025,02,EBRO,33,Asturias,Private,ICE,UKL2,REST,Standard,4
2025,02,EVO,33,Asturias,Private,ICE,UKL2,REST,Standard,2
2025,02,FIAT,33,Asturias,Corporate,ICE,UKL2,REST,Standard,1
2025,02,FORD,33,Asturias,Private,BEV,KKL,REST,Standard,1
2025,02,FORD,33,Asturias,Private,ICE,SKL,REST,Standard,3
2025,02,FORD,33,Asturias,Private,ICE,UKL1,REST,Standard,10
2025,02,FORD,33,Asturias,Private,ICE,UKL2,REST,Standard,11
2025,02,FORD,33,Asturias,Private,PHEV,SKL,REST,Standard,1
2025,02,FORD,33,Asturias,Private,PHEV,UKL2,REST,Standard,1
2025,02,HONDA,33,Asturias,Corporate,ICE,UKL2,REST,Standard,1
2025,02,HONDA,33,Asturias,Private,ICE,KKL,REST,Standard,1
2025,02,HONDA,33,Asturias,Private,ICE,UKL1,REST,Standard,3
2025,02,HONDA,33,Asturias,Private,ICE,UKL2,REST,Standard,1
2025,02,HONDA,33,Asturias,Private,PHEV,KKL,REST,Standard,1
2025,02,HYUNDAI,33,Asturias,Corporate,BEV,UKL2,REST,Standard,2
2025,02,HYUNDAI,33,Asturias,Corporate,ICE,MKL,REST,Standard,1
2025,02,HYUNDAI,33,Asturias,Corporate,ICE,UKL1,REST,Standard,2
2025,02,HYUNDAI,33,Asturias,Corporate,ICE,UKL2,REST,Standard,63
2025,02,HYUNDAI,33,Asturias,Corporate,PHEV,UKL2,REST,Standard,1
2025,02,HYUNDAI,33,Asturias,Private,ICE,UKL1,REST,Standard,13
2025,02,HYUNDAI,33,Asturias,Private,ICE,UKL2,REST,Standard,16
2025,02,HYUNDAI,33,Asturias,Private,PHEV,UKL2,REST,Standard,5
2025,02,JAECOO,33,Asturias,Private,ICE,UKL2,REST,Standard,1
2025,02,JAECOO,33,Asturias,Private,PHEV,UKL2,REST,Standard,7
2025,02,JEEP,33,Asturias,Private,ICE,UKL2,REST,Standard,1
2025,02,KG MOBILITY,33,Asturias,Private,ICE,UKL1,REST,Standard,1
2025,02,KIA,33,Asturias,Corporate,BEV,MKL,REST,Standard,1
2025,02,KIA,33,Asturias,Corporate,ICE,UKL2,REST,Standard,1
2025,02,KIA,33,Asturias,Private,BEV,UKL1,REST,Standard,4
2025,02,KIA,33,Asturias,Private,ICE,UKL0,REST,Standard,1
2025,02,KIA,33,Asturias,Private,ICE,UKL1,REST,Standard,16
2025,02,KIA,33,Asturias,Private,ICE,UKL2,REST,Standard,31
2025,02,LEAPMOTOR,33,Asturias,Corporate,BEV,UKL0,REST,Standard,1
2025,02,LEXUS,33,Asturias,Corporate,ICE,UKL1,FOCUS SEGMENT,Standard,1
2025,02,LEXUS,33,Asturias,Private,ICE,KKL,FOCUS SEGMENT,Standard,1
2025,02,LEXUS,33,Asturias,Private,ICE,UKL1,FOCUS SEGMENT,Standard,3
2025,02,LEXUS,33,Asturias,Private,ICE,UKL2,FOCUS SEGMENT,Standard,1
2025,02,LEXUS,33,Asturias,Private,PHEV,KKL,FOCUS SEGMENT,Standard,1
2025,02,LEXUS,33,Asturias,Private,PHEV,MKL,FOCUS SEGMENT,Standard,1
2025,02,LEXUS,33,Asturias,RAC,BEV,UKL2,FOCUS SEGMENT,Standard,1
2025,02,MAZDA,33,Asturias,Corporate,ICE,UKL1,REST,Standard,4
2025,02,MAZDA,33,Asturias,Corporate,ICE,UKL2,REST,Standard,7
2025,02,MAZDA,33,Asturias,Private,ICE,UKL1,REST,Standard,3
2025,02,MAZDA,33,Asturias,Private,ICE,UKL2,REST,Standard,14
2025,02,MERCEDES,33,Asturias,Corporate,BEV,UKL2,FOCUS SEGMENT,Standard,1
2025,02,MERCEDES,33,Asturias,Corporate,ICE,GKL,FOCUS SEGMENT,Standard,1
2025,02,MERCEDES,33,Asturias,Corporate,ICE,KKL,FOCUS SEGMENT,Standard,4
2025,02,MERCEDES,33,Asturias,Corporate,ICE,MKL,FOCUS SEGMENT,Standard,3
2025,02,MERCEDES,33,Asturias,Corporate,ICE,SKL,REST,Standard,2
2025,02,MERCEDES,33,Asturias,Corporate,ICE,UKL2,FOCUS SEGMENT,Standard,4
2025,02,MERCEDES,33,Asturias,Corporate,PHEV,MKL,FOCUS SEGMENT,M Performance,2
2025,02,MERCEDES,33,Asturias,Corporate,PHEV,MKL,FOCUS SEGMENT,Standard,2
2025,02,MERCEDES,33,Asturias,Corporate,PHEV,UKL2,FOCUS SEGMENT,Standard,1
2025,02,MERCEDES,33,Asturias,Private,ICE,KKL,FOCUS SEGMENT,Standard,5
2025,02,MERCEDES,33,Asturias,Private,ICE,MKL,FOCUS SEGMENT,Standard,1
2025,02,MERCEDES,33,Asturias,Private,ICE,MKL,REST,Standard,1
2025,02,MERCEDES,33,Asturias,Private,ICE,UKL2,FOCUS SEGMENT,Standard,3
2025,02,MERCEDES,33,Asturias,Private,PHEV,KKL,FOCUS SEGMENT,Standard,2
2025,02,MERCEDES,33,Asturias,Private,PHEV,UKL2,FOCUS SEGMENT,Standard,1
2025,02,MERCEDES,33,Asturias,RAC,BEV,MKL,FOCUS SEGMENT,Standard,1
2025,02,MERCEDES,33,Asturias,RAC,ICE,SKL,REST,Standard,3
2025,02,MERCEDES,33,Asturias,RAC,ICE,UKL2,FOCUS SEGMENT,Standard,1
2025,02,MG,33,Asturias,Corporate,ICE,UKL1,REST,Standard,9
2025,02,MG,33,Asturias,Private,BEV,UKL2,REST,Standard,1
2025,02,MG,33,Asturias,Private,ICE,KKL,REST,Standard,4
2025,02,MG,33,Asturias,Private,ICE,UKL1,REST,Standard,32
2025,02,MINI,33,Asturias,Corporate,BEV,UKL1,FOCUS SEGMENT,Standard,1
2025,02,MINI,33,Asturias,Corporate,BEV,UKL2,FOCUS SEGMENT,Standard,1
2025,02,MINI,33,Asturias,Corporate,ICE,UKL1,FOCUS SEGMENT,JCW,1
2025,02,MINI,33,Asturias,Corporate,ICE,UKL1,FOCUS SEGMENT,Standard,1
2025,02,MINI,33,Asturias,Private,BEV,UKL1,FOCUS SEGMENT,Standard,3
2025,02,MINI,33,Asturias,Private,ICE,UKL1,FOCUS SEGMENT,Standard,5
2025,02,MINI,33,Asturias,Private,ICE,UKL2,FOCUS SEGMENT,Standard,2
2025,02,MITSUBISHI,33,Asturias,Corporate,ICE,UKL2,REST,Standard,1
2025,02,MITSUBISHI,33,Asturias,Corporate,PHEV,UKL2,REST,Standard,1
2025,02,MITSUBISHI,33,Asturias,Private,ICE,UKL2,REST,Standard,1
2025,02,NISSAN,33,Asturias,Corporate,ICE,KKL,REST,Standard,2
2025,02,NISSAN,33,Asturias,Corporate,ICE,SKL,REST,Standard,1
2025,02,NISSAN,33,Asturias,Corporate,ICE,UKL2,REST,Standard,4
2025,02,NISSAN,33,Asturias,Private,ICE,KKL,REST,Standard,3
2025,02,NISSAN,33,Asturias,Private,ICE,SKL,REST,Standard,3
2025,02,NISSAN,33,Asturias,Private,ICE,UKL1,REST,Standard,13
2025,02,NISSAN,33,Asturias,Private,ICE,UKL2,REST,Standard,13
2025,02,OMODA,33,Asturias,Private,ICE,UKL2,REST,Standard,12
2025,02,OPEL,33,Asturias,Private,ICE,SKL,REST,Standard,2
2025,02,OPEL,33,Asturias,Private,ICE,UKL1,REST,Standard,4
2025,02,OPEL,33,Asturias,Private,ICE,UKL2,REST,Standard,2
2025,02,PEUGEOT,33,Asturias,Corporate,ICE,SKL,REST,Standard,3
2025,02,PEUGEOT,33,Asturias,Corporate,ICE,UKL1,REST,Standard,4
2025,02,PEUGEOT,33,Asturias,Corporate,ICE,UKL2,REST,Standard,1
2025,02,PEUGEOT,33,Asturias,Private,ICE,KKL,REST,Standard,1
2025,02,PEUGEOT,33,Asturias,Private,ICE,SKL,REST,Standard,4
2025,02,PEUGEOT,33,Asturias,Private,ICE,UKL1,REST,Standard,9
2025,02,PEUGEOT,33,Asturias,Private,ICE,UKL2,REST,Standard,6
2025,02,PORSCHE,33,Asturias,Corporate,BEV,GKL,FOCUS SEGMENT,Standard,1
2025,02,PORSCHE,33,Asturias,Corporate,BEV,KKL,FOCUS SEGMENT,Standard,2
2025,02,PORSCHE,33,Asturias,Corporate,PHEV,MKL,FOCUS SEGMENT,M,1
2025,02,PORSCHE,33,Asturias,Corporate,PHEV,MKL,FOCUS SEGMENT,Standard,1
2025,02,RENAULT,33,Asturias,Corporate,BEV,UKL1,REST,Standard,1
2025,02,RENAULT,33,Asturias,Corporate,ICE,KKL,REST,Standard,1
2025,02,RENAULT,33,Asturias,Corporate,ICE,UKL1,REST,Standard,10
2025,02,RENAULT,33,Asturias,Corporate,ICE,UKL2,REST,Standard,41
2025,02,RENAULT,33,Asturias,Corporate,PHEV,UKL2,REST,Standard,3
2025,02,RENAULT,33,Asturias,Private,BEV,UKL1,REST,Standard,4
2025,02,RENAULT,33,Asturias,Private,ICE,SKL,REST,Standard,1
2025,02,RENAULT,33,Asturias,Private,ICE,UKL1,REST,Standard,20
2025,02,RENAULT,33,Asturias,Private,ICE,UKL2,REST,Standard,12
2025,02,RENAULT,33,Asturias,Private,PHEV,UKL2,REST,Standard,2
2025,02,SEAT,33,Asturias,Corporate,ICE,UKL1,REST,Standard,10
2025,02,SEAT,33,Asturias,Corporate,ICE,UKL2,REST,Standard,1
2025,02,SEAT,33,Asturias,Private,ICE,UKL1,REST,Standard,14
2025,02,SEAT,33,Asturias,Private,ICE,UKL2,REST,Standard,17
2025,02,SHINERAY,33,Asturias,Private,ICE,MKL,REST,Standard,1
2025,02,SKODA,33,Asturias,Corporate,BEV,UKL2,REST,Standard,1
2025,02,SKODA,33,Asturias,Corporate,ICE,KKL,REST,Standard,1
2025,02,SKODA,33,Asturias,Corporate,ICE,UKL1,REST,Standard,4
2025,02,SKODA,33,Asturias,Corporate,ICE,UKL2,REST,Standard,56
2025,02,SKODA,33,Asturias,Corporate,PHEV,UKL2,REST,Standard,1
2025,02,SKODA,33,Asturias,Private,ICE,KKL,REST,Standard,1
2025,02,SKODA,33,Asturias,Private,ICE,UKL1,REST,Standard,5
2025,02,SKODA,33,Asturias,Private,ICE,UKL2,REST,Standard,2
2025,02,SUBARU,33,Asturias,Corporate,ICE,KKL,REST,Standard,1
2025,02,SUBARU,33,Asturias,Private,ICE,KKL,REST,Standard,1
2025,02,SUZUKI,33,Asturias,Private,ICE,UKL1,REST,Standard,5
2025,02,SUZUKI,33,Asturias,Private,ICE,UKL2,REST,Standard,2
2025,02,TESLA,33,Asturias,Private,BEV,KKL,FOCUS SEGMENT,Standard,3
2025,02,TOYOTA,33,Asturias,Corporate,ICE,GKL,REST,Standard,11
2025,02,TOYOTA,33,Asturias,Corporate,ICE,UKL1,REST,Standard,6
2025,02,TOYOTA,33,Asturias,Corporate,ICE,UKL2,REST,Standard,5
2025,02,TOYOTA,33,Asturias,Corporate,PHEV,UKL2,REST,Standard,2
2025,02,TOYOTA,33,Asturias,Private,BEV,UKL2,REST,Standard,4
2025,02,TOYOTA,33,Asturias,Private,ICE,GKL,REST,Standard,1
2025,02,TOYOTA,33,Asturias,Private,ICE,UKL0,REST,Standard,2
2025,02,TOYOTA,33,Asturias,Private,ICE,UKL1,REST,Standard,27
2025,02,TOYOTA,33,Asturias,Private,ICE,UKL2,REST,Standard,35
2025,02,TOYOTA,33,Asturias,Private,PHEV,UKL1,REST,Standard,11
2025,02,TOYOTA,33,Asturias,Private,PHEV,UKL2,REST,Standard,3
2025,02,VOLKSWAGEN,33,Asturias,Corporate,ICE,UKL2,REST,Standard,1
2025,02,VOLKSWAGEN,33,Asturias,Corporate,PHEV,UKL2,REST,Standard,1
2025,02,VOLKSWAGEN,33,Asturias,Private,BEV,MKL,REST,Standard,1
2025,02,VOLKSWAGEN,33,Asturias,Private,ICE,SKL,REST,Standard,1
2025,02,VOLKSWAGEN,33,Asturias,Private,ICE,UKL1,REST,Standard,13
2025,02,VOLKSWAGEN,33,Asturias,Private,ICE,UKL2,REST,Standard,16
2025,02,VOLKSWAGEN,33,Asturias,Private,PHEV,KKL,REST,Standard,1
2025,02,VOLVO,33,Asturias,Corporate,ICE,UKL2,FOCUS SEGMENT,Standard,2
2025,02,VOLVO,33,Asturias,Corporate,PHEV,MKL,FOCUS SEGMENT,Standard,1
2025,02,VOLVO,33,Asturias,Private,ICE,KKL,FOCUS SEGMENT,Standard,2
2025,02,VOLVO,33,Asturias,Private,ICE,UKL2,FOCUS SEGMENT,Standard,3
2025,02,XPENG,33,Asturias,Private,BEV,KKL,FOCUS SEGMENT,Standard,1
2025,02,AUDI,34,Palencia,Private,ICE,UKL1,FOCUS SEGMENT,Standard,1
2025,02,AUDI,34,Palencia,Private,ICE,UKL2,FOCUS SEGMENT,Standard,2
2025,02,BMW,34,Palencia,Corporate,ICE,GKL,FOCUS SEGMENT,Standard,2
2025,02,BMW,34,Palencia,Corporate,ICE,MKL,FOCUS SEGMENT,Standard,2
2025,02,BMW,34,Palencia,Corporate,ICE,UKL2,FOCUS SEGMENT,Standard,4
2025,02,BMW,34,Palencia,Private,ICE,KKL,FOCUS SEGMENT,Standard,1
2025,02,BMW,34,Palencia,Private,ICE,UKL2,FOCUS SEGMENT,Standard,2
2025,02,BYD,34,Palencia,Private,PHEV,KKL,REST,Standard,1
2025,02,CITROEN,34,Palencia,Private,ICE,UKL1,REST,Standard,1
2025,02,CITROEN,34,Palencia,Private,ICE,UKL2,REST,Standard,2
2025,02,DACIA,34,Palencia,Corporate,ICE,UKL1,REST,Standard,2
2025,02,DACIA,34,Palencia,Private,ICE,SKL,REST,Standard,2
2025,02,DACIA,34,Palencia,Private,ICE,UKL1,REST,Standard,4
2025,02,DACIA,34,Palencia,Private,ICE,UKL2,REST,Standard,1
2025,02,DR,34,Palencia,Private,ICE,UKL1,REST,Standard,1
2025,02,HYUNDAI,34,Palencia,Corporate,ICE,UKL2,REST,Standard,1
2025,02,HYUNDAI,34,Palencia,Private,ICE,UKL1,REST,Standard,2
2025,02,HYUNDAI,34,Palencia,Private,ICE,UKL2,REST,Standard,2
2025,02,JEEP,34,Palencia,Private,ICE,UKL1,REST,Standard,1
2025,02,KIA,34,Palencia,Private,ICE,UKL2,REST,Standard,4
2025,02,LEXUS,34,Palencia,Corporate,ICE,UKL2,FOCUS SEGMENT,Standard,1
2025,02,MAZDA,34,Palencia,Corporate,ICE,KKL,REST,Standard,1
2025,02,MAZDA,34,Palencia,Private,ICE,KKL,REST,Standard,1
2025,02,MAZDA,34,Palencia,Private,ICE,UKL2,REST,Standard,2
2025,02,MERCEDES,34,Palencia,Corporate,ICE,KKL,FOCUS SEGMENT,Standard,1
2025,02,MERCEDES,34,Palencia,Corporate,ICE,MKL,REST,Standard,1
2025,02,MERCEDES,34,Palencia,Private,ICE,UKL2,FOCUS SEGMENT,Standard,1
2025,02,MG,34,Palencia,Private,ICE,UKL1,REST,Standard,5
2025,02,MINI,34,Palencia,Corporate,BEV,UKL1,FOCUS SEGMENT,Standard,1
2025,02,MINI,34,Palencia,Private,ICE,UKL2,FOCUS SEGMENT,Standard,1
2025,02,NISSAN,34,Palencia,Private,ICE,KKL,REST,Standard,1
2025,02,NISSAN,34,Palencia,Private,ICE,UKL2,REST,Standard,1
2025,02,PEUGEOT,34,Palencia,Private,ICE,UKL2,REST,Standard,1
2025,02,PORSCHE,34,Palencia,Corporate,ICE,GKL,FOCUS SEGMENT,M,1
2025,02,RENAULT,34,Palencia,Corporate,ICE,UKL1,REST,Standard,1
2025,02,RENAULT,34,Palencia,Corporate,ICE,UKL2,REST,Standard,3
2025,02,RENAULT,34,Palencia,Corporate,PHEV,UKL2,REST,Standard,1
2025,02,RENAULT,34,Palencia,Private,ICE,UKL1,REST,Standard,3
2025,02,RENAULT,34,Palencia,Private,ICE,UKL2,REST,Standard,6
2025,02,SEAT,34,Palencia,Private,ICE,UKL1,REST,Standard,1
2025,02,SEAT,34,Palencia,Private,ICE,UKL2,REST,Standard,2
2025,02,SKODA,34,Palencia,Corporate,BEV,UKL2,REST,Standard,1
2025,02,SKODA,34,Palencia,Corporate,ICE,UKL2,REST,Standard,2
2025,02,SUZUKI,34,Palencia,Corporate,ICE,UKL2,REST,Standard,1
2025,02,TESLA,34,Palencia,Private,BEV,KKL,FOCUS SEGMENT,Standard,1
2025,02,TOYOTA,34,Palencia,Corporate,PHEV,UKL2,REST,Standard,1
2025,02,TOYOTA,34,Palencia,Private,ICE,SKL,REST,Standard,2
2025,02,TOYOTA,34,Palencia,Private,ICE,UKL1,REST,Standard,5
2025,02,TOYOTA,34,Palencia,Private,ICE,UKL2,REST,Standard,8
2025,02,TOYOTA,34,Palencia,Private,PHEV,UKL2,REST,Standard,1
2025,02,VOLKSWAGEN,34,Palencia,Corporate,ICE,UKL2,REST,Standard,1
2025,02,VOLKSWAGEN,34,Palencia,Private,ICE,SKL,REST,Standard,1
2025,02,VOLKSWAGEN,34,Palencia,Private,ICE,UKL1,REST,Standard,2
2025,02,VOLVO,34,Palencia,Private,ICE,KKL,FOCUS SEGMENT,Standard,1
2025,02,VOLVO,34,Palencia,Private,ICE,UKL2,FOCUS SEGMENT,Standard,2
2025,02,ALFA ROMEO,35,Las Palmas,Private,ICE,UKL2,REST,Standard,1
2025,02,AUDI,35,Las Palmas,Corporate,BEV,KKL,FOCUS SEGMENT,M Performance,1
2025,02,AUDI,35,Las Palmas,Corporate,BEV,KKL,FOCUS SEGMENT,Standard,3
2025,02,AUDI,35,Las Palmas,Corporate,BEV,UKL2,FOCUS SEGMENT,Standard,2
2025,02,AUDI,35,Las Palmas,Corporate,ICE,UKL1,FOCUS SEGMENT,Standard,2
2025,02,AUDI,35,Las Palmas,Corporate,ICE,UKL2,FOCUS SEGMENT,Standard,5
2025,02,AUDI,35,Las Palmas,Private,BEV,KKL,FOCUS SEGMENT,Standard,1
2025,02,AUDI,35,Las Palmas,Private,BEV,UKL2,FOCUS SEGMENT,Standard,2
2025,02,AUDI,35,Las Palmas,Private,ICE,UKL1,FOCUS SEGMENT,Standard,4
2025,02,AUDI,35,Las Palmas,Private,ICE,UKL2,FOCUS SEGMENT,Standard,4
2025,02,AUDI,35,Las Palmas,Private,PHEV,KKL,FOCUS SEGMENT,Standard,2
2025,02,AUDI,35,Las Palmas,Private,PHEV,UKL2,FOCUS SEGMENT,Standard,1
2025,02,BMW,35,Las Palmas,Corporate,BEV,KKL,FOCUS SEGMENT,Standard,3
2025,02,BMW,35,Las Palmas,Corporate,BEV,UKL2,FOCUS SEGMENT,Standard,5
2025,02,BMW,35,Las Palmas,Corporate,ICE,KKL,FOCUS SEGMENT,M,1
2025,02,BMW,35,Las Palmas,Corporate,ICE,KKL,FOCUS SEGMENT,Standard,2
2025,02,BMW,35,Las Palmas,Corporate,ICE,UKL2,FOCUS SEGMENT,Standard,9
2025,02,BMW,35,Las Palmas,Corporate,PHEV,MKL,FOCUS SEGMENT,Standard,1
2025,02,BMW,35,Las Palmas,Corporate,PHEV,UKL2,FOCUS SEGMENT,Standard,1
2025,02,BMW,35,Las Palmas,Private,BEV,MKL,FOCUS SEGMENT,Standard,1
2025,02,BMW,35,Las Palmas,Private,BEV,UKL2,FOCUS SEGMENT,Standard,13
2025,02,BMW,35,Las Palmas,Private,ICE,UKL2,FOCUS SEGMENT,M,1
2025,02,BMW,35,Las Palmas,Private,ICE,UKL2,FOCUS SEGMENT,Standard,3
2025,02,BMW,35,Las Palmas,Private,PHEV,UKL2,FOCUS SEGMENT,Standard,1
2025,02,BYD,35,Las Palmas,Corporate,BEV,KKL,REST,Standard,3
2025,02,BYD,35,Las Palmas,Corporate,BEV,UKL1,REST,Standard,2
2025,02,BYD,35,Las Palmas,Corporate,BEV,UKL2,REST,Standard,1
2025,02,BYD,35,Las Palmas,Corporate,PHEV,KKL,REST,Standard,2
2025,02,BYD,35,Las Palmas,Private,BEV,KKL,REST,Standard,3
2025,02,BYD,35,Las Palmas,Private,BEV,UKL1,REST,Standard,4
2025,02,BYD,35,Las Palmas,Private,BEV,UKL2,REST,Standard,6
2025,02,BYD,35,Las Palmas,Private,PHEV,KKL,REST,Standard,6
2025,02,CITROEN,35,Las Palmas,Corporate,BEV,UKL1,REST,Standard,1
2025,02,CITROEN,35,Las Palmas,Corporate,ICE,UKL1,REST,Standard,4
2025,02,CITROEN,35,Las Palmas,Corporate,ICE,UKL2,REST,Standard,3
2025,02,CITROEN,35,Las Palmas,Private,ICE,UKL1,REST,Standard,5
2025,02,CITROEN,35,Las Palmas,Private,ICE,UKL2,REST,Standard,7
2025,02,CITROEN,35,Las Palmas,RAC,ICE,UKL1,REST,Standard,61
2025,02,CUPRA,35,Las Palmas,Corporate,BEV,UKL2,REST,Standard,4
2025,02,CUPRA,35,Las Palmas,Corporate,ICE,UKL2,REST,Standard,1
2025,02,CUPRA,35,Las Palmas,Corporate,PHEV,UKL2,REST,Standard,4
2025,02,CUPRA,35,Las Palmas,Private,BEV,UKL2,REST,Standard,3
2025,02,CUPRA,35,Las Palmas,Private,ICE,UKL2,REST,Standard,4
2025,02,CUPRA,35,Las Palmas,Private,PHEV,UKL2,REST,Standard,1
2025,02,DACIA,35,Las Palmas,Corporate,BEV,UKL0,REST,Standard,1
2025,02,DACIA,35,Las Palmas,Corporate,ICE,SKL,REST,Standard,1
2025,02,DACIA,35,Las Palmas,Corporate,ICE,UKL1,REST,Standard,10
2025,02,DACIA,35,Las Palmas,Corporate,ICE,UKL2,REST,Standard,3
2025,02,DACIA,35,Las Palmas,Private,BEV,UKL0,REST,Standard,1
2025,02,DACIA,35,Las Palmas,Private,ICE,SKL,REST,Standard,26
2025,02,DACIA,35,Las Palmas,Private,ICE,UKL1,REST,Standard,44
2025,02,DACIA,35,Las Palmas,Private,ICE,UKL2,REST,Standard,9
2025,02,DACIA,35,Las Palmas,RAC,ICE,UKL1,REST,Standard,4
2025,02,DR,35,Las Palmas,Private,ICE,UKL1,REST,Standard,1
2025,02,EBRO,35,Las Palmas,Corporate,ICE,KKL,REST,Standard,2
2025,02,EBRO,35,Las Palmas,Corporate,ICE,UKL2,REST,Standard,2
2025,02,EVO,35,Las Palmas,Private,ICE,UKL2,REST,Standard,2
2025,02,FIAT,35,Las Palmas,Private,ICE,UKL0,REST,Standard,1
2025,02,FIAT,35,Las Palmas,Private,ICE,UKL1,REST,Standard,2
2025,02,FORD,35,Las Palmas,Corporate,ICE,SKL,REST,Standard,1
2025,02,FORD,35,Las Palmas,Corporate,ICE,UKL1,REST,Standard,2
2025,02,FORD,35,Las Palmas,Corporate,PHEV,UKL2,REST,Standard,1
2025,02,FORD,35,Las Palmas,Private,ICE,MKL,REST,Standard,1
2025,02,FORD,35,Las Palmas,Private,ICE,SKL,REST,Standard,7
2025,02,FORD,35,Las Palmas,Private,ICE,UKL1,REST,Standard,10
2025,02,FORD,35,Las Palmas,Private,ICE,UKL2,REST,Standard,3
2025,02,FORD,35,Las Palmas,Private,PHEV,SKL,REST,Standard,2
2025,02,FORD,35,Las Palmas,Private,PHEV,UKL2,REST,Standard,2
2025,02,HONDA,35,Las Palmas,Corporate,ICE,UKL2,REST,Standard,1
2025,02,HONDA,35,Las Palmas,Private,ICE,UKL1,REST,Standard,1
2025,02,HONDA,35,Las Palmas,Private,ICE,UKL2,REST,Standard,1
2025,02,HYUNDAI,35,Las Palmas,Corporate,BEV,UKL1,REST,Standard,2
2025,02,HYUNDAI,35,Las Palmas,Corporate,ICE,UKL1,REST,Standard,11
2025,02,HYUNDAI,35,Las Palmas,Corporate,PHEV,UKL2,REST,Standard,1
2025,02,HYUNDAI,35,Las Palmas,Private,BEV,KKL,REST,Standard,2
2025,02,HYUNDAI,35,Las Palmas,Private,BEV,UKL1,REST,Standard,1
2025,02,HYUNDAI,35,Las Palmas,Private,ICE,UKL0,REST,Standard,9
2025,02,HYUNDAI,35,Las Palmas,Private,ICE,UKL1,REST,Standard,54
2025,02,HYUNDAI,35,Las Palmas,Private,ICE,UKL2,REST,Standard,6
2025,02,HYUNDAI,35,Las Palmas,Private,PHEV,UKL2,REST,Standard,1
2025,02,HYUNDAI,35,Las Palmas,RAC,ICE,UKL0,REST,Standard,66
2025,02,JAECOO,35,Las Palmas,Corporate,ICE,UKL2,REST,Standard,1
2025,02,JAECOO,35,Las Palmas,Corporate,PHEV,UKL2,REST,Standard,3
2025,02,JAECOO,35,Las Palmas,Private,ICE,UKL2,REST,Standard,6
2025,02,JAECOO,35,Las Palmas,Private,PHEV,UKL2,REST,Standard,7
2025,02,JAECOO,35,Las Palmas,RAC,ICE,UKL2,REST,Standard,2
2025,02,JEEP,35,Las Palmas,Corporate,ICE,UKL1,REST,Standard,9
2025,02,JEEP,35,Las Palmas,Corporate,PHEV,UKL2,REST,Standard,2
2025,02,JEEP,35,Las Palmas,Private,ICE,UKL1,REST,Standard,2
2025,02,JEEP,35,Las Palmas,Private,PHEV,UKL1,REST,Standard,1
2025,02,JEEP,35,Las Palmas,RAC,ICE,UKL1,REST,Standard,2
2025,02,KG MOBILITY,35,Las Palmas,Corporate,ICE,UKL1,REST,Standard,1
2025,02,KG MOBILITY,35,Las Palmas,Private,ICE,MKL,REST,Standard,1
2025,02,KG MOBILITY,35,Las Palmas,Private,ICE,UKL1,REST,Standard,1
2025,02,KG MOBILITY,35,Las Palmas,RAC,ICE,MKL,REST,Standard,3
2025,02,KIA,35,Las Palmas,Corporate,BEV,UKL1,REST,Standard,2
2025,02,KIA,35,Las Palmas,Corporate,ICE,UKL1,REST,Standard,1
2025,02,KIA,35,Las Palmas,Corporate,ICE,UKL2,REST,Standard,3
2025,02,KIA,35,Las Palmas,Private,ICE,UKL0,REST,Standard,13
2025,02,KIA,35,Las Palmas,Private,ICE,UKL1,REST,Standard,26
2025,02,KIA,35,Las Palmas,Private,ICE,UKL2,REST,Standard,26
2025,02,KIA,35,Las Palmas,Private,PHEV,UKL2,REST,Standard,3
2025,02,KIA,35,Las Palmas,RAC,ICE,UKL0,REST,Standard,166
2025,02,KIA,35,Las Palmas,RAC,ICE,UKL1,REST,Standard,235
2025,02,KIA,35,Las Palmas,RAC,ICE,UKL2,REST,Standard,125
2025,02,LANCIA,35,Las Palmas,Private,ICE,UKL1,REST,Standard,1
2025,02,LAND ROVER,35,Las Palmas,Private,PHEV,GKL,FOCUS SEGMENT,Standard,2
2025,02,LAND ROVER,35,Las Palmas,Private,PHEV,UKL2,FOCUS SEGMENT,Standard,1
2025,02,LEAPMOTOR,35,Las Palmas,Corporate,BEV,MKL,REST,Standard,1
2025,02,LEAPMOTOR,35,Las Palmas,Private,BEV,MKL,REST,Standard,1
2025,02,LEXUS,35,Las Palmas,Corporate,BEV,UKL2,FOCUS SEGMENT,Standard,4
2025,02,LEXUS,35,Las Palmas,Corporate,PHEV,KKL,FOCUS SEGMENT,Standard,1
2025,02,LEXUS,35,Las Palmas,Private,ICE,KKL,FOCUS SEGMENT,Standard,1
2025,02,LEXUS,35,Las Palmas,Private,ICE,UKL1,FOCUS SEGMENT,Standard,3
2025,02,LEXUS,35,Las Palmas,Private,ICE,UKL2,FOCUS SEGMENT,Standard,1
2025,02,LEXUS,35,Las Palmas,Private,PHEV,KKL,FOCUS SEGMENT,Standard,1
2025,02,MAZDA,35,Las Palmas,Corporate,ICE,UKL1,REST,Standard,2
2025,02,MAZDA,35,Las Palmas,Corporate,ICE,UKL2,REST,Standard,3
2025,02,MAZDA,35,Las Palmas,Corporate,PHEV,KKL,REST,Standard,1
2025,02,MAZDA,35,Las Palmas,Corporate,PHEV,UKL2,REST,Standard,1
2025,02,MAZDA,35,Las Palmas,Private,ICE,UKL1,REST,Standard,4
2025,02,MAZDA,35,Las Palmas,Private,ICE,UKL2,REST,Standard,6
2025,02,MERCEDES,35,Las Palmas,Corporate,BEV,MKL,REST,Standard,1
2025,02,MERCEDES,35,Las Palmas,Corporate,BEV,UKL2,FOCUS SEGMENT,Standard,1
2025,02,MERCEDES,35,Las Palmas,Corporate,ICE,KKL,FOCUS SEGMENT,Standard,2
2025,02,MERCEDES,35,Las Palmas,Corporate,ICE,MKL,REST,Standard,3
2025,02,MERCEDES,35,Las Palmas,Corporate,ICE,UKL2,FOCUS SEGMENT,Standard,8
2025,02,MERCEDES,35,Las Palmas,Corporate,PHEV,MKL,FOCUS SEGMENT,M Performance,1
2025,02,MERCEDES,35,Las Palmas,Corporate,PHEV,MKL,FOCUS SEGMENT,Standard,1
2025,02,MERCEDES,35,Las Palmas,Corporate,PHEV,UKL2,FOCUS SEGMENT,Standard,3
2025,02,MERCEDES,35,Las Palmas,Private,BEV,UKL2,FOCUS SEGMENT,Standard,4
2025,02,MERCEDES,35,Las Palmas,Private,ICE,KKL,FOCUS SEGMENT,Standard,3
2025,02,MERCEDES,35,Las Palmas,Private,ICE,MKL,FOCUS SEGMENT,Standard,1
2025,02,MERCEDES,35,Las Palmas,Private,ICE,UKL2,FOCUS SEGMENT,Standard,1
2025,02,MERCEDES,35,Las Palmas,Private,PHEV,KKL,FOCUS SEGMENT,Standard,1
2025,02,MERCEDES,35,Las Palmas,RAC,ICE,UKL2,FOCUS SEGMENT,Standard,2
2025,02,MG,35,Las Palmas,Corporate,ICE,UKL1,REST,Standard,1
2025,02,MG,35,Las Palmas,Private,ICE,UKL1,REST,Standard,18
2025,02,MG,35,Las Palmas,Private,PHEV,KKL,REST,Standard,2
2025,02,MG,35,Las Palmas,RAC,ICE,UKL1,REST,Standard,1
2025,02,MINI,35,Las Palmas,Corporate,BEV,UKL1,FOCUS SEGMENT,Standard,1
2025,02,MINI,35,Las Palmas,Corporate,ICE,UKL1,FOCUS SEGMENT,Standard,2
2025,02,MINI,35,Las Palmas,Private,BEV,UKL1,FOCUS SEGMENT,Standard,11
2025,02,MINI,35,Las Palmas,Private,BEV,UKL2,FOCUS SEGMENT,Standard,7
2025,02,MINI,35,Las Palmas,Private,ICE,UKL1,FOCUS SEGMENT,JCW,1
2025,02,MINI,35,Las Palmas,Private,ICE,UKL1,FOCUS SEGMENT,Standard,12
2025,02,MINI,35,Las Palmas,Private,ICE,UKL2,FOCUS SEGMENT,Standard,3
2025,02,MITSUBISHI,35,Las Palmas,Corporate,ICE,UKL1,REST,Standard,1
2025,02,MITSUBISHI,35,Las Palmas,Corporate,PHEV,UKL2,REST,Standard,2
2025,02,MITSUBISHI,35,Las Palmas,Private,ICE,UKL2,REST,Standard,1
2025,02,MITSUBISHI,35,Las Palmas,Private,PHEV,UKL2,REST,Standard,1
2025,02,NISSAN,35,Las Palmas,Corporate,BEV,UKL2,REST,Standard,1
2025,02,NISSAN,35,Las Palmas,Corporate,ICE,KKL,REST,Standard,3
2025,02,NISSAN,35,Las Palmas,Corporate,ICE,UKL1,REST,Standard,2
2025,02,NISSAN,35,Las Palmas,Corporate,ICE,UKL2,REST,Standard,25
2025,02,NISSAN,35,Las Palmas,Private,BEV,UKL2,REST,Standard,3
2025,02,NISSAN,35,Las Palmas,Private,ICE,KKL,REST,Standard,5
2025,02,NISSAN,35,Las Palmas,Private,ICE,SKL,REST,Standard,8
2025,02,NISSAN,35,Las Palmas,Private,ICE,UKL1,REST,Standard,21
2025,02,NISSAN,35,Las Palmas,Private,ICE,UKL2,REST,Standard,9
2025,02,OMODA,35,Las Palmas,Corporate,BEV,UKL2,REST,Standard,1
2025,02,OMODA,35,Las Palmas,Corporate,ICE,UKL2,REST,Standard,1
2025,02,OMODA,35,Las Palmas,Private,ICE,UKL2,REST,Standard,9
2025,02,OPEL,35,Las Palmas,Corporate,BEV,UKL1,REST,Standard,1
2025,02,OPEL,35,Las Palmas,Corporate,ICE,UKL1,REST,Standard,10
2025,02,OPEL,35,Las Palmas,Corporate,ICE,UKL2,REST,Standard,3
2025,02,OPEL,35,Las Palmas,Private,BEV,UKL2,REST,Standard,1
2025,02,OPEL,35,Las Palmas,Private,ICE,UKL1,REST,Standard,21
2025,02,OPEL,35,Las Palmas,Private,ICE,UKL2,REST,Standard,1
2025,02,OPEL,35,Las Palmas,RAC,ICE,UKL1,REST,Standard,17
2025,02,OPEL,35,Las Palmas,RAC,ICE,UKL2,REST,Standard,3
2025,02,OPEL,35,Las Palmas,RAC,PHEV,UKL2,REST,Standard,2
2025,02,PEUGEOT,35,Las Palmas,Corporate,ICE,UKL1,REST,Standard,1
2025,02,PEUGEOT,35,Las Palmas,Corporate,ICE,UKL2,REST,Standard,3
2025,02,PEUGEOT,35,Las Palmas,Corporate,PHEV,KKL,REST,Standard,1
2025,02,PEUGEOT,35,Las Palmas,Private,BEV,SKL,REST,Standard,1
2025,02,PEUGEOT,35,Las Palmas,Private,ICE,UKL1,REST,Standard,7
2025,02,PEUGEOT,35,Las Palmas,Private,ICE,UKL2,REST,Standard,4
2025,02,PEUGEOT,35,Las Palmas,RAC,ICE,UKL1,REST,Standard,20
2025,02,PORSCHE,35,Las Palmas,Corporate,BEV,GKL,FOCUS SEGMENT,Standard,1
2025,02,PORSCHE,35,Las Palmas,Corporate,BEV,KKL,FOCUS SEGMENT,Standard,1
2025,02,PORSCHE,35,Las Palmas,Private,PHEV,GKL,FOCUS SEGMENT,Standard,1
2025,02,PORSCHE,35,Las Palmas,Private,PHEV,MKL,FOCUS SEGMENT,Standard,1
2025,02,RENAULT,35,Las Palmas,Corporate,BEV,UKL1,REST,Standard,2
2025,02,RENAULT,35,Las Palmas,Corporate,ICE,KKL,REST,Standard,1
2025,02,RENAULT,35,Las Palmas,Corporate,ICE,SKL,REST,Standard,1
2025,02,RENAULT,35,Las Palmas,Corporate,ICE,UKL1,REST,Standard,35
2025,02,RENAULT,35,Las Palmas,Corporate,ICE,UKL2,REST,Standard,15
2025,02,RENAULT,35,Las Palmas,Corporate,PHEV,UKL2,REST,Standard,1
2025,02,RENAULT,35,Las Palmas,Private,BEV,UKL1,REST,Standard,4
2025,02,RENAULT,35,Las Palmas,Private,ICE,UKL1,REST,Standard,27
2025,02,RENAULT,35,Las Palmas,Private,ICE,UKL2,REST,Standard,9
2025,02,RENAULT,35,Las Palmas,Private,PHEV,UKL2,REST,Standard,1
2025,02,RENAULT,35,Las Palmas,RAC,ICE,UKL1,REST,Standard,111
2025,02,SEAT,35,Las Palmas,Corporate,ICE,UKL1,REST,Standard,21
2025,02,SEAT,35,Las Palmas,Corporate,ICE,UKL2,REST,Standard,15
2025,02,SEAT,35,Las Palmas,Corporate,PHEV,UKL2,REST,Standard,1
2025,02,SEAT,35,Las Palmas,Private,ICE,UKL1,REST,Standard,37
2025,02,SEAT,35,Las Palmas,Private,ICE,UKL2,REST,Standard,20
2025,02,SEAT,35,Las Palmas,RAC,ICE,UKL1,REST,Standard,2
2025,02,SHINERAY,35,Las Palmas,RAC,ICE,MKL,REST,Standard,12
2025,02,SIN MARCA,35,Las Palmas,Corporate,PHEV,,REST,Standard,1
2025,02,SIN MARCA,35,Las Palmas,RAC,ICE,,REST,Standard,2
2025,02,SKODA,35,Las Palmas,Corporate,BEV,UKL2,REST,Standard,2
2025,02,SKODA,35,Las Palmas,Corporate,ICE,KKL,REST,Standard,1
2025,02,SKODA,35,Las Palmas,Corporate,ICE,UKL1,REST,Standard,3
2025,02,SKODA,35,Las Palmas,Corporate,ICE,UKL2,REST,Standard,8
2025,02,SKODA,35,Las Palmas,Corporate,PHEV,KKL,REST,Standard,1
2025,02,SKODA,35,Las Palmas,Private,ICE,KKL,REST,Standard,1
2025,02,SKODA,35,Las Palmas,Private,ICE,UKL1,REST,Standard,28
2025,02,SKODA,35,Las Palmas,Private,ICE,UKL2,REST,Standard,9
2025,02,SKODA,35,Las Palmas,Private,PHEV,KKL,REST,Standard,2
2025,02,SKODA,35,Las Palmas,RAC,ICE,UKL1,REST,Standard,2
2025,02,SSANGYONG,35,Las Palmas,Corporate,BEV,KKL,REST,Standard,3
2025,02,SSANGYONG,35,Las Palmas,RAC,ICE,KKL,REST,Standard,2
2025,02,SUZUKI,35,Las Palmas,Private,ICE,UKL1,REST,Standard,4
2025,02,SUZUKI,35,Las Palmas,Private,ICE,UKL2,REST,Standard,2
2025,02,SUZUKI,35,Las Palmas,RAC,ICE,UKL2,REST,Standard,1
2025,02,TESLA,35,Las Palmas,Private,BEV,KKL,FOCUS SEGMENT,Standard,1
2025,02,TOYOTA,35,Las Palmas,Corporate,BEV,SKL,REST,Standard,1
2025,02,TOYOTA,35,Las Palmas,Corporate,BEV,UKL2,REST,Standard,2
2025,02,TOYOTA,35,Las Palmas,Corporate,ICE,SKL,REST,Standard,6
2025,02,TOYOTA,35,Las Palmas,Corporate,ICE,UKL0,REST,Standard,2
2025,02,TOYOTA,35,Las Palmas,Corporate,ICE,UKL1,REST,Standard,19
2025,02,TOYOTA,35,Las Palmas,Corporate,ICE,UKL2,REST,Standard,4
2025,02,TOYOTA,35,Las Palmas,Corporate,PHEV,UKL1,REST,Standard,6
2025,02,TOYOTA,35,Las Palmas,Private,BEV,UKL2,REST,Standard,1
2025,02,TOYOTA,35,Las Palmas,Private,ICE,GKL,REST,Standard,1
2025,02,TOYOTA,35,Las Palmas,Private,ICE,SKL,REST,Standard,4
2025,02,TOYOTA,35,Las Palmas,Private,ICE,UKL0,REST,Standard,4
2025,02,TOYOTA,35,Las Palmas,Private,ICE,UKL1,REST,Standard,32
2025,02,TOYOTA,35,Las Palmas,Private,ICE,UKL2,REST,Standard,17
2025,02,TOYOTA,35,Las Palmas,Private,PHEV,UKL1,REST,Standard,6
2025,02,TOYOTA,35,Las Palmas,RAC,ICE,UKL0,REST,Standard,1
2025,02,TOYOTA,35,Las Palmas,RAC,PHEV,UKL1,REST,Standard,23
2025,02,VOLKSWAGEN,35,Las Palmas,Corporate,BEV,SKL,REST,Standard,5
2025,02,VOLKSWAGEN,35,Las Palmas,Corporate,BEV,UKL2,REST,Standard,4
2025,02,VOLKSWAGEN,35,Las Palmas,Corporate,ICE,UKL1,REST,Standard,18
2025,02,VOLKSWAGEN,35,Las Palmas,Corporate,ICE,UKL2,REST,Standard,14
2025,02,VOLKSWAGEN,35,Las Palmas,Corporate,PHEV,UKL2,REST,Standard,6
2025,02,VOLKSWAGEN,35,Las Palmas,Private,BEV,SKL,REST,Standard,5
2025,02,VOLKSWAGEN,35,Las Palmas,Private,BEV,UKL2,REST,Standard,1
2025,02,VOLKSWAGEN,35,Las Palmas,Private,ICE,SKL,REST,Standard,1
2025,02,VOLKSWAGEN,35,Las Palmas,Private,ICE,UKL1,REST,Standard,40
2025,02,VOLKSWAGEN,35,Las Palmas,Private,ICE,UKL2,REST,Standard,26
2025,02,VOLKSWAGEN,35,Las Palmas,Private,PHEV,UKL2,REST,Standard,9
2025,02,VOLKSWAGEN,35,Las Palmas,RAC,ICE,UKL1,REST,Standard,3
2025,02,VOLVO,35,Las Palmas,Corporate,BEV,UKL1,FOCUS SEGMENT,Standard,1
2025,02,VOLVO,35,Las Palmas,Corporate,ICE,UKL2,FOCUS SEGMENT,Standard,4
2025,02,VOLVO,35,Las Palmas,Corporate,PHEV,KKL,FOCUS SEGMENT,Standard,1
2025,02,VOLVO,35,Las Palmas,Private,BEV,UKL1,FOCUS SEGMENT,Standard,3
2025,02,VOLVO,35,Las Palmas,Private,BEV,UKL2,FOCUS SEGMENT,Standard,3
2025,02,VOLVO,35,Las Palmas,Private,ICE,MKL,FOCUS SEGMENT,Standard,1
2025,02,VOLVO,35,Las Palmas,Private,ICE,UKL2,FOCUS SEGMENT,Standard,2
2025,02,VOLVO,35,Las Palmas,Private,PHEV,KKL,FOCUS SEGMENT,Standard,2
2025,02,VOLVO,35,Las Palmas,Private,PHEV,MKL,FOCUS SEGMENT,Standard,1
2025,02,AUDI,36,Pontevedra,Corporate,ICE,KKL,FOCUS SEGMENT,M Performance,1
2025,02,AUDI,36,Pontevedra,Corporate,ICE,KKL,FOCUS SEGMENT,Standard,1
2025,02,AUDI,36,Pontevedra,Corporate,ICE,MKL,FOCUS SEGMENT,Standard,1
2025,02,AUDI,36,Pontevedra,Corporate,ICE,UKL2,FOCUS SEGMENT,Standard,3
2025,02,AUDI,36,Pontevedra,Private,BEV,UKL2,FOCUS SEGMENT,Standard,1
2025,02,AUDI,36,Pontevedra,Private,ICE,KKL,FOCUS SEGMENT,Standard,1
2025,02,AUDI,36,Pontevedra,Private,ICE,UKL1,FOCUS SEGMENT,Standard,1
2025,02,AUDI,36,Pontevedra,Private,ICE,UKL2,FOCUS SEGMENT,Standard,8
2025,02,AUDI,36,Pontevedra,Private,PHEV,MKL,FOCUS SEGMENT,Standard,1
2025,02,BMW,36,Pontevedra,Corporate,BEV,UKL2,FOCUS SEGMENT,Standard,1
2025,02,BMW,36,Pontevedra,Corporate,ICE,KKL,FOCUS SEGMENT,Standard,3
2025,02,BMW,36,Pontevedra,Corporate,ICE,MKL,FOCUS SEGMENT,Standard,1
2025,02,BMW,36,Pontevedra,Corporate,ICE,UKL2,FOCUS SEGMENT,Standard,9
2025,02,BMW,36,Pontevedra,Corporate,PHEV,KKL,FOCUS SEGMENT,Standard,1
2025,02,BMW,36,Pontevedra,Private,ICE,KKL,FOCUS SEGMENT,M Performance,1
2025,02,BMW,36,Pontevedra,Private,ICE,KKL,FOCUS SEGMENT,Standard,1
2025,02,BMW,36,Pontevedra,Private,ICE,UKL2,FOCUS SEGMENT,M Performance,1
2025,02,BMW,36,Pontevedra,Private,ICE,UKL2,FOCUS SEGMENT,Standard,9
2025,02,BYD,36,Pontevedra,Corporate,PHEV,KKL,REST,Standard,1
2025,02,BYD,36,Pontevedra,Private,BEV,KKL,REST,Standard,1
2025,02,BYD,36,Pontevedra,Private,BEV,UKL1,REST,Standard,4
2025,02,BYD,36,Pontevedra,Private,BEV,UKL2,REST,Standard,2
2025,02,BYD,36,Pontevedra,Private,PHEV,KKL,REST,Standard,1
2025,02,CITROEN,36,Pontevedra,Corporate,BEV,SKL,REST,Standard,1
2025,02,CITROEN,36,Pontevedra,Corporate,BEV,UKL1,REST,Standard,1
2025,02,CITROEN,36,Pontevedra,Corporate,ICE,SKL,REST,Standard,1
2025,02,CITROEN,36,Pontevedra,Corporate,ICE,UKL2,REST,Standard,4
2025,02,CITROEN,36,Pontevedra,Private,BEV,UKL2,REST,Standard,1
2025,02,CITROEN,36,Pontevedra,Private,ICE,UKL1,REST,Standard,10
2025,02,CITROEN,36,Pontevedra,Private,ICE,UKL2,REST,Standard,7
2025,02,CUPRA,36,Pontevedra,Corporate,PHEV,UKL2,REST,Standard,1
2025,02,CUPRA,36,Pontevedra,Private,ICE,UKL2,REST,Standard,5
2025,02,CUPRA,36,Pontevedra,Private,PHEV,UKL2,REST,Standard,1
2025,02,DACIA,36,Pontevedra,Corporate,ICE,UKL2,REST,Standard,1
2025,02,DACIA,36,Pontevedra,Private,BEV,UKL0,REST,Standard,1
2025,02,DACIA,36,Pontevedra,Private,ICE,SKL,REST,Standard,7
2025,02,DACIA,36,Pontevedra,Private,ICE,UKL1,REST,Standard,34
2025,02,DACIA,36,Pontevedra,Private,ICE,UKL2,REST,Standard,6
2025,02,DFSK,36,Pontevedra,Private,PHEV,KKL,REST,Standard,1
2025,02,EBRO,36,Pontevedra,Corporate,ICE,KKL,REST,Standard,2
2025,02,EBRO,36,Pontevedra,Corporate,ICE,UKL2,REST,Standard,2
2025,02,FIAT,36,Pontevedra,Private,ICE,UKL1,REST,Standard,1
2025,02,FIAT,36,Pontevedra,Private,ICE,UKL2,REST,Standard,1
2025,02,FORD,36,Pontevedra,Corporate,ICE,UKL1,REST,Standard,2
2025,02,FORD,36,Pontevedra,Corporate,ICE,UKL2,REST,Standard,7
2025,02,FORD,36,Pontevedra,Private,ICE,UKL1,REST,Standard,2
2025,02,FORD,36,Pontevedra,Private,ICE,UKL2,REST,Standard,1
2025,02,FORD,36,Pontevedra,Private,PHEV,UKL2,REST,Standard,3
2025,02,HONDA,36,Pontevedra,Corporate,ICE,UKL1,REST,Standard,1
2025,02,HYUNDAI,36,Pontevedra,Corporate,BEV,UKL2,REST,Standard,2
2025,02,HYUNDAI,36,Pontevedra,Corporate,ICE,MKL,REST,Standard,1
2025,02,HYUNDAI,36,Pontevedra,Corporate,ICE,UKL1,REST,Standard,1
2025,02,HYUNDAI,36,Pontevedra,Corporate,ICE,UKL2,REST,Standard,5
2025,02,HYUNDAI,36,Pontevedra,Corporate,PHEV,UKL2,REST,Standard,2
2025,02,HYUNDAI,36,Pontevedra,Private,ICE,UKL0,REST,Standard,2
2025,02,HYUNDAI,36,Pontevedra,Private,ICE,UKL1,REST,Standard,12
2025,02,HYUNDAI,36,Pontevedra,Private,ICE,UKL2,REST,Standard,11
2025,02,HYUNDAI,36,Pontevedra,RAC,ICE,MKL,REST,Standard,1
2025,02,JAECOO,36,Pontevedra,Private,ICE,UKL2,REST,Standard,2
2025,02,JAECOO,36,Pontevedra,Private,PHEV,UKL2,REST,Standard,2
2025,02,JEEP,36,Pontevedra,Private,ICE,UKL1,REST,Standard,1
2025,02,KIA,36,Pontevedra,Corporate,BEV,UKL1,REST,Standard,1
2025,02,KIA,36,Pontevedra,Corporate,ICE,UKL2,REST,Standard,2
2025,02,KIA,36,Pontevedra,Private,BEV,UKL1,REST,Standard,7
2025,02,KIA,36,Pontevedra,Private,BEV,UKL2,REST,Standard,1
2025,02,KIA,36,Pontevedra,Private,ICE,KKL,REST,Standard,1
2025,02,KIA,36,Pontevedra,Private,ICE,UKL0,REST,Standard,5
2025,02,KIA,36,Pontevedra,Private,ICE,UKL1,REST,Standard,6
2025,02,KIA,36,Pontevedra,Private,ICE,UKL2,REST,Standard,29
2025,02,LEAPMOTOR,36,Pontevedra,Private,BEV,UKL0,REST,Standard,2
2025,02,LEXUS,36,Pontevedra,Corporate,ICE,KKL,FOCUS SEGMENT,Standard,1
2025,02,LEXUS,36,Pontevedra,Corporate,ICE,UKL1,FOCUS SEGMENT,Standard,2
2025,02,LEXUS,36,Pontevedra,Private,ICE,KKL,FOCUS SEGMENT,Standard,1
2025,02,LEXUS,36,Pontevedra,Private,ICE,UKL1,FOCUS SEGMENT,Standard,1
2025,02,LEXUS,36,Pontevedra,Private,ICE,UKL2,FOCUS SEGMENT,Standard,4
2025,02,LEXUS,36,Pontevedra,Private,PHEV,KKL,FOCUS SEGMENT,Standard,3
2025,02,MAZDA,36,Pontevedra,Corporate,ICE,UKL1,REST,Standard,1
2025,02,MAZDA,36,Pontevedra,Corporate,ICE,UKL2,REST,Standard,3
2025,02,MAZDA,36,Pontevedra,Private,ICE,UKL1,REST,Standard,3
2025,02,MAZDA,36,Pontevedra,Private,ICE,UKL2,REST,Standard,13
2025,02,MERCEDES,36,Pontevedra,Corporate,ICE,KKL,FOCUS SEGMENT,Standard,4
2025,02,MERCEDES,36,Pontevedra,Corporate,ICE,MKL,REST,Standard,1
2025,02,MERCEDES,36,Pontevedra,Corporate,ICE,UKL2,FOCUS SEGMENT,Standard,7
2025,02,MERCEDES,36,Pontevedra,Private,BEV,UKL2,FOCUS SEGMENT,Standard,2
2025,02,MERCEDES,36,Pontevedra,Private,ICE,KKL,FOCUS SEGMENT,Standard,4
2025,02,MERCEDES,36,Pontevedra,Private,ICE,UKL2,FOCUS SEGMENT,Standard,3
2025,02,MERCEDES,36,Pontevedra,Private,PHEV,KKL,FOCUS SEGMENT,Standard,1
2025,02,MERCEDES,36,Pontevedra,Private,PHEV,UKL2,FOCUS SEGMENT,Standard,2
2025,02,MG,36,Pontevedra,Private,ICE,UKL1,REST,Standard,26
2025,02,MG,36,Pontevedra,Private,PHEV,KKL,REST,Standard,7
2025,02,MINI,36,Pontevedra,Corporate,BEV,UKL1,FOCUS SEGMENT,Standard,2
2025,02,MINI,36,Pontevedra,Corporate,BEV,UKL2,FOCUS SEGMENT,Standard,2
2025,02,MINI,36,Pontevedra,Corporate,ICE,UKL2,FOCUS SEGMENT,Standard,1
2025,02,MINI,36,Pontevedra,Private,BEV,UKL1,FOCUS SEGMENT,Standard,4
2025,02,MINI,36,Pontevedra,Private,BEV,UKL2,FOCUS SEGMENT,Standard,1
2025,02,MINI,36,Pontevedra,Private,ICE,UKL1,FOCUS SEGMENT,Standard,4
2025,02,MINI,36,Pontevedra,Private,ICE,UKL2,FOCUS SEGMENT,Standard,2
2025,02,NISSAN,36,Pontevedra,Corporate,ICE,UKL1,REST,Standard,1
2025,02,NISSAN,36,Pontevedra,Corporate,ICE,UKL2,REST,Standard,2
2025,02,NISSAN,36,Pontevedra,Private,ICE,KKL,REST,Standard,1
2025,02,NISSAN,36,Pontevedra,Private,ICE,SKL,REST,Standard,1
2025,02,NISSAN,36,Pontevedra,Private,ICE,UKL1,REST,Standard,9
2025,02,NISSAN,36,Pontevedra,Private,ICE,UKL2,REST,Standard,12
2025,02,OMODA,36,Pontevedra,Private,ICE,UKL2,REST,Standard,13
2025,02,OPEL,36,Pontevedra,Private,ICE,SKL,REST,Standard,1
2025,02,OPEL,36,Pontevedra,Private,ICE,UKL1,REST,Standard,4
2025,02,PEUGEOT,36,Pontevedra,Corporate,ICE,UKL2,REST,Standard,5
2025,02,PEUGEOT,36,Pontevedra,Private,ICE,KKL,REST,Standard,2
2025,02,PEUGEOT,36,Pontevedra,Private,ICE,SKL,REST,Standard,2
2025,02,PEUGEOT,36,Pontevedra,Private,ICE,UKL1,REST,Standard,18
2025,02,PEUGEOT,36,Pontevedra,Private,ICE,UKL2,REST,Standard,9
2025,02,PEUGEOT,36,Pontevedra,Private,PHEV,KKL,REST,Standard,1
2025,02,PORSCHE,36,Pontevedra,Corporate,BEV,KKL,FOCUS SEGMENT,Standard,2
2025,02,PORSCHE,36,Pontevedra,Private,BEV,KKL,FOCUS SEGMENT,Standard,1
2025,02,PORSCHE,36,Pontevedra,Private,PHEV,MKL,FOCUS SEGMENT,M Performance,1
2025,02,RENAULT,36,Pontevedra,Corporate,BEV,UKL2,REST,Standard,2
2025,02,RENAULT,36,Pontevedra,Corporate,ICE,UKL1,REST,Standard,2
2025,02,RENAULT,36,Pontevedra,Corporate,ICE,UKL2,REST,Standard,2
2025,02,RENAULT,36,Pontevedra,Private,BEV,UKL1,REST,Standard,4
2025,02,RENAULT,36,Pontevedra,Private,ICE,UKL1,REST,Standard,42
2025,02,RENAULT,36,Pontevedra,Private,ICE,UKL2,REST,Standard,9
2025,02,SEAT,36,Pontevedra,Corporate,ICE,UKL1,REST,Standard,2
2025,02,SEAT,36,Pontevedra,Corporate,ICE,UKL2,REST,Standard,4
2025,02,SEAT,36,Pontevedra,Private,ICE,UKL1,REST,Standard,12
2025,02,SEAT,36,Pontevedra,Private,ICE,UKL2,REST,Standard,9
2025,02,SIN MARCA,36,Pontevedra,Corporate,ICE,,REST,Standard,1
2025,02,SIN MARCA,36,Pontevedra,Private,ICE,,REST,Standard,1
2025,02,SKODA,36,Pontevedra,Corporate,BEV,UKL2,REST,Standard,1
2025,02,SKODA,36,Pontevedra,Corporate,ICE,UKL1,REST,Standard,3
2025,02,SKODA,36,Pontevedra,Corporate,ICE,UKL2,REST,Standard,3
2025,02,SKODA,36,Pontevedra,Corporate,PHEV,KKL,REST,Standard,2
2025,02,SKODA,36,Pontevedra,Private,ICE,UKL1,REST,Standard,9
2025,02,SKODA,36,Pontevedra,Private,ICE,UKL2,REST,Standard,3
2025,02,SUBARU,36,Pontevedra,Private,ICE,KKL,REST,Standard,1
2025,02,SUZUKI,36,Pontevedra,Private,ICE,UKL1,REST,Standard,4
2025,02,SUZUKI,36,Pontevedra,Private,ICE,UKL2,REST,Standard,1
2025,02,TESLA,36,Pontevedra,Private,BEV,KKL,FOCUS SEGMENT,Standard,6
2025,02,TOYOTA,36,Pontevedra,Corporate,ICE,UKL1,REST,Standard,6
2025,02,TOYOTA,36,Pontevedra,Corporate,ICE,UKL2,REST,Standard,3
2025,02,TOYOTA,36,Pontevedra,Corporate,PHEV,UKL1,REST,Standard,3
2025,02,TOYOTA,36,Pontevedra,Private,ICE,UKL0,REST,Standard,1
2025,02,TOYOTA,36,Pontevedra,Private,ICE,UKL1,REST,Standard,24
2025,02,TOYOTA,36,Pontevedra,Private,ICE,UKL2,REST,Standard,15
2025,02,TOYOTA,36,Pontevedra,Private,PHEV,UKL1,REST,Standard,2
2025,02,TOYOTA,36,Pontevedra,Private,PHEV,UKL2,REST,Standard,1
2025,02,VOLKSWAGEN,36,Pontevedra,Corporate,ICE,KKL,REST,Standard,1
2025,02,VOLKSWAGEN,36,Pontevedra,Corporate,ICE,UKL2,REST,Standard,6
2025,02,VOLKSWAGEN,36,Pontevedra,Corporate,PHEV,UKL2,REST,Standard,4
2025,02,VOLKSWAGEN,36,Pontevedra,Private,ICE,SKL,REST,Standard,1
2025,02,VOLKSWAGEN,36,Pontevedra,Private,ICE,UKL1,REST,Standard,8
2025,02,VOLKSWAGEN,36,Pontevedra,Private,ICE,UKL2,REST,Standard,10
2025,02,VOLKSWAGEN,36,Pontevedra,Private,PHEV,UKL2,REST,Standard,1
2025,02,VOLVO,36,Pontevedra,Corporate,ICE,KKL,FOCUS SEGMENT,Standard,2
2025,02,VOLVO,36,Pontevedra,Private,BEV,UKL1,FOCUS SEGMENT,Standard,1
2025,02,VOLVO,36,Pontevedra,Private,ICE,KKL,FOCUS SEGMENT,Standard,1
2025,02,VOLVO,36,Pontevedra,Private,ICE,UKL2,FOCUS SEGMENT,Standard,1
2025,02,AUDI,37,Salamanca,Corporate,BEV,KKL,FOCUS SEGMENT,Standard,1
2025,02,AUDI,37,Salamanca,Corporate,ICE,MKL,FOCUS SEGMENT,Standard,1
2025,02,AUDI,37,Salamanca,Corporate,ICE,UKL1,FOCUS SEGMENT,Standard,2
2025,02,AUDI,37,Salamanca,Corporate,ICE,UKL2,FOCUS SEGMENT,Standard,4
2025,02,AUDI,37,Salamanca,Private,ICE,KKL,FOCUS SEGMENT,Standard,1
2025,02,AUDI,37,Salamanca,Private,ICE,MKL,FOCUS SEGMENT,M Performance,1
2025,02,AUDI,37,Salamanca,Private,ICE,UKL1,FOCUS SEGMENT,Standard,1
2025,02,AUDI,37,Salamanca,Private,ICE,UKL2,FOCUS SEGMENT,Standard,3
2025,02,BMW,37,Salamanca,Corporate,ICE,KKL,FOCUS SEGMENT,Standard,1
2025,02,BMW,37,Salamanca,Corporate,ICE,MKL,FOCUS SEGMENT,Standard,1
2025,02,BMW,37,Salamanca,Corporate,ICE,UKL2,FOCUS SEGMENT,Standard,1
2025,02,BMW,37,Salamanca,Private,ICE,MKL,FOCUS SEGMENT,Standard,2
2025,02,BMW,37,Salamanca,Private,ICE,UKL2,FOCUS SEGMENT,Standard,5
2025,02,BYD,37,Salamanca,Private,BEV,UKL2,REST,Standard,1
2025,02,CITROEN,37,Salamanca,Corporate,BEV,SKL,REST,Standard,1
2025,02,CITROEN,37,Salamanca,Corporate,ICE,UKL1,REST,Standard,1
2025,02,CITROEN,37,Salamanca,Corporate,ICE,UKL2,REST,Standard,3
2025,02,CITROEN,37,Salamanca,Private,BEV,SKL,REST,Standard,1
2025,02,CITROEN,37,Salamanca,Private,BEV,UKL1,REST,Standard,1
2025,02,CITROEN,37,Salamanca,Private,ICE,SKL,REST,Standard,2
2025,02,CITROEN,37,Salamanca,Private,ICE,UKL2,REST,Standard,4
2025,02,CUPRA,37,Salamanca,Corporate,ICE,UKL2,REST,Standard,2
2025,02,DACIA,37,Salamanca,Corporate,ICE,UKL1,REST,Standard,5
2025,02,DACIA,37,Salamanca,Corporate,ICE,UKL2,REST,Standard,1
2025,02,DACIA,37,Salamanca,Private,ICE,SKL,REST,Standard,2
2025,02,DACIA,37,Salamanca,Private,ICE,UKL1,REST,Standard,5
2025,02,DACIA,37,Salamanca,Private,ICE,UKL2,REST,Standard,1
2025,02,FORD,37,Salamanca,Corporate,ICE,SKL,REST,Standard,3
2025,02,FORD,37,Salamanca,Corporate,ICE,UKL2,REST,Standard,1
2025,02,FORD,37,Salamanca,Private,ICE,UKL2,REST,Standard,3
2025,02,HYUNDAI,37,Salamanca,Corporate,ICE,UKL1,REST,Standard,2
2025,02,HYUNDAI,37,Salamanca,Corporate,ICE,UKL2,REST,Standard,1
2025,02,HYUNDAI,37,Salamanca,Private,ICE,UKL0,REST,Standard,1
2025,02,HYUNDAI,37,Salamanca,Private,ICE,UKL1,REST,Standard,4
2025,02,HYUNDAI,37,Salamanca,Private,ICE,UKL2,REST,Standard,8
2025,02,HYUNDAI,37,Salamanca,Private,PHEV,UKL2,REST,Standard,2
2025,02,JAECOO,37,Salamanca,Private,PHEV,UKL2,REST,Standard,1
2025,02,JEEP,37,Salamanca,Private,ICE,UKL1,REST,Standard,1
2025,02,KIA,37,Salamanca,Private,ICE,UKL1,REST,Standard,6
2025,02,KIA,37,Salamanca,Private,ICE,UKL2,REST,Standard,10
2025,02,LAND ROVER,37,Salamanca,Corporate,PHEV,UKL2,FOCUS SEGMENT,Standard,1
2025,02,LEXUS,37,Salamanca,Corporate,PHEV,KKL,FOCUS SEGMENT,Standard,1
2025,02,MAZDA,37,Salamanca,Private,ICE,KKL,REST,Standard,1
2025,02,MAZDA,37,Salamanca,Private,ICE,UKL2,REST,Standard,9
2025,02,MERCEDES,37,Salamanca,Corporate,BEV,UKL2,FOCUS SEGMENT,Standard,1
2025,02,MERCEDES,37,Salamanca,Corporate,ICE,KKL,FOCUS SEGMENT,Standard,1
2025,02,MERCEDES,37,Salamanca,Corporate,ICE,MKL,FOCUS SEGMENT,Standard,3
2025,02,MERCEDES,37,Salamanca,Corporate,ICE,UKL2,FOCUS SEGMENT,Standard,2
2025,02,MERCEDES,37,Salamanca,Corporate,PHEV,MKL,FOCUS SEGMENT,M Performance,1
2025,02,MERCEDES,37,Salamanca,Corporate,PHEV,UKL2,FOCUS SEGMENT,Standard,1
2025,02,MERCEDES,37,Salamanca,Private,ICE,GKL,FOCUS SEGMENT,Standard,1
2025,02,MERCEDES-V,37,Salamanca,Corporate,ICE,SKL,REST,Standard,1
2025,02,MERCEDES-V,37,Salamanca,Private,ICE,SKL,REST,Standard,1
2025,02,MG,37,Salamanca,Corporate,PHEV,KKL,REST,Standard,2
2025,02,MG,37,Salamanca,Private,ICE,UKL1,REST,Standard,8
2025,02,MG,37,Salamanca,Private,PHEV,KKL,REST,Standard,2
2025,02,MINI,37,Salamanca,Private,ICE,UKL1,FOCUS SEGMENT,Standard,1
2025,02,MITSUBISHI,37,Salamanca,Private,ICE,UKL2,REST,Standard,1
2025,02,NISSAN,37,Salamanca,Private,ICE,KKL,REST,Standard,1
2025,02,NISSAN,37,Salamanca,Private,ICE,UKL1,REST,Standard,1
2025,02,NISSAN,37,Salamanca,Private,ICE,UKL2,REST,Standard,7
2025,02,OMODA,37,Salamanca,Corporate,ICE,UKL2,REST,Standard,1
2025,02,OMODA,37,Salamanca,Private,ICE,UKL2,REST,Standard,3
2025,02,PEUGEOT,37,Salamanca,Corporate,ICE,KKL,REST,Standard,1
2025,02,PEUGEOT,37,Salamanca,Corporate,ICE,SKL,REST,Standard,1
2025,02,PEUGEOT,37,Salamanca,Private,ICE,KKL,REST,Standard,3
2025,02,PEUGEOT,37,Salamanca,Private,ICE,UKL1,REST,Standard,4
2025,02,PEUGEOT,37,Salamanca,Private,ICE,UKL2,REST,Standard,2
2025,02,PEUGEOT,37,Salamanca,RAC,ICE,UKL1,REST,Standard,1
2025,02,PORSCHE,37,Salamanca,Corporate,BEV,KKL,FOCUS SEGMENT,Standard,1
2025,02,PORSCHE,37,Salamanca,Private,PHEV,GKL,FOCUS SEGMENT,M Performance,1
2025,02,RENAULT,37,Salamanca,Corporate,ICE,UKL1,REST,Standard,3
2025,02,RENAULT,37,Salamanca,Corporate,ICE,UKL2,REST,Standard,1
2025,02,RENAULT,37,Salamanca,Private,BEV,UKL1,REST,Standard,1
2025,02,RENAULT,37,Salamanca,Private,ICE,UKL1,REST,Standard,4
2025,02,RENAULT,37,Salamanca,Private,ICE,UKL2,REST,Standard,5
2025,02,RENAULT,37,Salamanca,Private,PHEV,UKL2,REST,Standard,1
2025,02,SEAT,37,Salamanca,Corporate,ICE,UKL1,REST,Standard,3
2025,02,SEAT,37,Salamanca,Corporate,ICE,UKL2,REST,Standard,3
2025,02,SEAT,37,Salamanca,Private,ICE,UKL1,REST,Standard,4
2025,02,SEAT,37,Salamanca,Private,ICE,UKL2,REST,Standard,4
2025,02,SEAT,37,Salamanca,Private,PHEV,UKL2,REST,Standard,1
2025,02,SKODA,37,Salamanca,Private,ICE,UKL1,REST,Standard,1
2025,02,TESLA,37,Salamanca,Private,BEV,KKL,FOCUS SEGMENT,Standard,2
2025,02,TOYOTA,37,Salamanca,Corporate,ICE,UKL1,REST,Standard,1
2025,02,TOYOTA,37,Salamanca,Corporate,ICE,UKL2,REST,Standard,1
2025,02,TOYOTA,37,Salamanca,Corporate,PHEV,UKL1,REST,Standard,3
2025,02,TOYOTA,37,Salamanca,Private,ICE,SKL,REST,Standard,1
2025,02,TOYOTA,37,Salamanca,Private,ICE,UKL1,REST,Standard,8
2025,02,TOYOTA,37,Salamanca,Private,ICE,UKL2,REST,Standard,3
2025,02,TOYOTA,37,Salamanca,Private,PHEV,UKL1,REST,Standard,1
2025,02,VOLKSWAGEN,37,Salamanca,Corporate,ICE,UKL1,REST,Standard,3
2025,02,VOLKSWAGEN,37,Salamanca,Corporate,ICE,UKL2,REST,Standard,2
2025,02,VOLKSWAGEN,37,Salamanca,Private,ICE,SKL,REST,Standard,1
2025,02,VOLKSWAGEN,37,Salamanca,Private,ICE,UKL1,REST,Standard,1
2025,02,VOLKSWAGEN,37,Salamanca,Private,ICE,UKL2,REST,Standard,4
2025,02,VOLVO,37,Salamanca,Private,ICE,KKL,FOCUS SEGMENT,Standard,1
2025,02,VOLVO,37,Salamanca,Private,PHEV,KKL,FOCUS SEGMENT,Standard,1
2025,02,VOLVO,37,Salamanca,Private,PHEV,MKL,FOCUS SEGMENT,Standard,1
2025,02,ALFA ROMEO,38,S.C. Tenerife,Private,ICE,UKL1,REST,Standard,2
2025,02,ALFA ROMEO,38,S.C. Tenerife,RAC,ICE,UKL1,REST,Standard,6
2025,02,AUDI,38,S.C. Tenerife,Corporate,BEV,UKL2,FOCUS SEGMENT,Standard,2
2025,02,AUDI,38,S.C. Tenerife,Corporate,ICE,KKL,FOCUS SEGMENT,M,1
2025,02,AUDI,38,S.C. Tenerife,Corporate,ICE,UKL1,FOCUS SEGMENT,Standard,2
2025,02,AUDI,38,S.C. Tenerife,Corporate,ICE,UKL2,FOCUS SEGMENT,Standard,2
2025,02,AUDI,38,S.C. Tenerife,Private,BEV,KKL,FOCUS SEGMENT,Standard,1
2025,02,AUDI,38,S.C. Tenerife,Private,ICE,UKL1,FOCUS SEGMENT,Standard,3
2025,02,AUDI,38,S.C. Tenerife,Private,ICE,UKL2,FOCUS SEGMENT,Standard,9
2025,02,AUDI,38,S.C. Tenerife,Private,PHEV,UKL2,FOCUS SEGMENT,Standard,1
2025,02,BMW,38,S.C. Tenerife,Corporate,BEV,KKL,FOCUS SEGMENT,Standard,2
2025,02,BMW,38,S.C. Tenerife,Corporate,BEV,MKL,FOCUS SEGMENT,Standard,1
2025,02,BMW,38,S.C. Tenerife,Corporate,BEV,UKL2,FOCUS SEGMENT,Standard,5
2025,02,BMW,38,S.C. Tenerife,Corporate,ICE,UKL2,FOCUS SEGMENT,Standard,3
2025,02,BMW,38,S.C. Tenerife,Corporate,PHEV,MKL,FOCUS SEGMENT,Standard,1
2025,02,BMW,38,S.C. Tenerife,Corporate,PHEV,UKL2,FOCUS SEGMENT,Standard,1
2025,02,BMW,38,S.C. Tenerife,Private,BEV,KKL,FOCUS SEGMENT,Standard,1
2025,02,BMW,38,S.C. Tenerife,Private,BEV,UKL2,FOCUS SEGMENT,Standard,5
2025,02,BMW,38,S.C. Tenerife,Private,ICE,KKL,FOCUS SEGMENT,M Performance,1
2025,02,BMW,38,S.C. Tenerife,Private,ICE,KKL,FOCUS SEGMENT,Standard,1
2025,02,BMW,38,S.C. Tenerife,Private,ICE,UKL2,FOCUS SEGMENT,Standard,5
2025,02,BMW,38,S.C. Tenerife,Private,PHEV,KKL,FOCUS SEGMENT,Standard,1
2025,02,BMW,38,S.C. Tenerife,Private,PHEV,UKL2,FOCUS SEGMENT,Standard,4
2025,02,BYD,38,S.C. Tenerife,Private,BEV,KKL,REST,Standard,5
2025,02,BYD,38,S.C. Tenerife,Private,BEV,UKL1,REST,Standard,2
2025,02,BYD,38,S.C. Tenerife,Private,BEV,UKL2,REST,Standard,4
2025,02,BYD,38,S.C. Tenerife,Private,PHEV,KKL,REST,Standard,3
2025,02,CITROEN,38,S.C. Tenerife,Corporate,BEV,SKL,REST,Standard,1
2025,02,CITROEN,38,S.C. Tenerife,Corporate,BEV,UKL2,REST,Standard,1
2025,02,CITROEN,38,S.C. Tenerife,Corporate,ICE,UKL1,REST,Standard,1
2025,02,CITROEN,38,S.C. Tenerife,Corporate,ICE,UKL2,REST,Standard,1
2025,02,CITROEN,38,S.C. Tenerife,Private,BEV,UKL1,REST,Standard,1
2025,02,CITROEN,38,S.C. Tenerife,Private,ICE,UKL1,REST,Standard,11
2025,02,CITROEN,38,S.C. Tenerife,Private,ICE,UKL2,REST,Standard,10
2025,02,CITROEN,38,S.C. Tenerife,RAC,ICE,UKL1,REST,Standard,30
2025,02,CUPRA,38,S.C. Tenerife,Corporate,BEV,UKL2,REST,Standard,2
2025,02,CUPRA,38,S.C. Tenerife,Corporate,PHEV,UKL2,REST,Standard,2
2025,02,CUPRA,38,S.C. Tenerife,Private,ICE,UKL2,REST,Standard,2
2025,02,CUPRA,38,S.C. Tenerife,Private,PHEV,UKL2,REST,Standard,2
2025,02,DACIA,38,S.C. Tenerife,Corporate,ICE,SKL,REST,Standard,2
2025,02,DACIA,38,S.C. Tenerife,Corporate,ICE,UKL1,REST,Standard,2
2025,02,DACIA,38,S.C. Tenerife,Corporate,ICE,UKL2,REST,Standard,1
2025,02,DACIA,38,S.C. Tenerife,Private,BEV,UKL0,REST,Standard,1
2025,02,DACIA,38,S.C. Tenerife,Private,ICE,SKL,REST,Standard,20
2025,02,DACIA,38,S.C. Tenerife,Private,ICE,UKL1,REST,Standard,29
2025,02,DACIA,38,S.C. Tenerife,Private,ICE,UKL2,REST,Standard,6
2025,02,DACIA,38,S.C. Tenerife,RAC,ICE,UKL2,REST,Standard,20
2025,02,FIAT,38,S.C. Tenerife,Corporate,ICE,UKL1,REST,Standard,1
2025,02,FIAT,38,S.C. Tenerife,Private,ICE,,,Standard,1
2025,02,FIAT,38,S.C. Tenerife,Private,ICE,UKL1,REST,Standard,5
2025,02,FORD,38,S.C. Tenerife,Corporate,ICE,MKL,REST,Standard,1
2025,02,FORD,38,S.C. Tenerife,Corporate,ICE,SKL,REST,Standard,1
2025,02,FORD,38,S.C. Tenerife,Corporate,ICE,UKL1,REST,Standard,2
2025,02,FORD,38,S.C. Tenerife,Corporate,ICE,UKL2,REST,Standard,2
2025,02,FORD,38,S.C. Tenerife,Corporate,PHEV,UKL2,REST,Standard,1
2025,02,FORD,38,S.C. Tenerife,Private,BEV,SKL,REST,Standard,2
2025,02,FORD,38,S.C. Tenerife,Private,ICE,SKL,REST,Standard,7
2025,02,FORD,38,S.C. Tenerife,Private,ICE,UKL1,REST,Standard,13
2025,02,FORD,38,S.C. Tenerife,Private,ICE,UKL2,REST,Standard,2
2025,02,FORD,38,S.C. Tenerife,Private,PHEV,SKL,REST,Standard,1
2025,02,FORD,38,S.C. Tenerife,Private,PHEV,UKL2,REST,Standard,6
2025,02,FORD,38,S.C. Tenerife,RAC,ICE,UKL1,REST,Standard,8
2025,02,HONDA,38,S.C. Tenerife,Private,ICE,UKL1,REST,Standard,7
2025,02,HONDA,38,S.C. Tenerife,Private,ICE,UKL2,REST,Standard,5
2025,02,HYUNDAI,38,S.C. Tenerife,Corporate,BEV,UKL2,REST,Standard,1
2025,02,HYUNDAI,38,S.C. Tenerife,Corporate,ICE,UKL1,REST,Standard,9
2025,02,HYUNDAI,38,S.C. Tenerife,Corporate,ICE,UKL2,REST,Standard,1
2025,02,HYUNDAI,38,S.C. Tenerife,Corporate,PHEV,UKL2,REST,Standard,1
2025,02,HYUNDAI,38,S.C. Tenerife,Private,ICE,UKL0,REST,Standard,13
2025,02,HYUNDAI,38,S.C. Tenerife,Private,ICE,UKL1,REST,Standard,58
2025,02,HYUNDAI,38,S.C. Tenerife,Private,ICE,UKL2,REST,Standard,8
2025,02,HYUNDAI,38,S.C. Tenerife,Private,PHEV,MKL,REST,Standard,1
2025,02,HYUNDAI,38,S.C. Tenerife,Private,PHEV,UKL2,REST,Standard,5
2025,02,HYUNDAI,38,S.C. Tenerife,RAC,ICE,UKL0,REST,Standard,6
2025,02,HYUNDAI,38,S.C. Tenerife,RAC,ICE,UKL1,REST,Standard,1
2025,02,JAECOO,38,S.C. Tenerife,Private,ICE,UKL2,REST,Standard,2
2025,02,JAECOO,38,S.C. Tenerife,Private,PHEV,UKL2,REST,Standard,1
2025,02,JEEP,38,S.C. Tenerife,Corporate,ICE,UKL1,REST,Standard,1
2025,02,JEEP,38,S.C. Tenerife,Corporate,PHEV,UKL2,REST,Standard,1
2025,02,JEEP,38,S.C. Tenerife,Private,ICE,UKL1,REST,Standard,3
2025,02,JEEP,38,S.C. Tenerife,Private,PHEV,UKL1,REST,Standard,1
2025,02,JEEP,38,S.C. Tenerife,Private,PHEV,UKL2,REST,Standard,2
2025,02,KG MOBILITY,38,S.C. Tenerife,Private,ICE,MKL,REST,Standard,2
2025,02,KG MOBILITY,38,S.C. Tenerife,Private,ICE,UKL1,REST,Standard,3
2025,02,KIA,38,S.C. Tenerife,Corporate,BEV,UKL1,REST,Standard,4
2025,02,KIA,38,S.C. Tenerife,Corporate,ICE,UKL0,REST,Standard,1
2025,02,KIA,38,S.C. Tenerife,Corporate,ICE,UKL1,REST,Standard,1
2025,02,KIA,38,S.C. Tenerife,Corporate,ICE,UKL2,REST,Standard,7
2025,02,KIA,38,S.C. Tenerife,Private,ICE,UKL0,REST,Standard,13
2025,02,KIA,38,S.C. Tenerife,Private,ICE,UKL1,REST,Standard,20
2025,02,KIA,38,S.C. Tenerife,Private,ICE,UKL2,REST,Standard,43
2025,02,KIA,38,S.C. Tenerife,Private,PHEV,UKL2,REST,Standard,5
2025,02,KIA,38,S.C. Tenerife,RAC,ICE,UKL1,REST,Standard,12
2025,02,KIA,38,S.C. Tenerife,RAC,ICE,UKL2,REST,Standard,50
2025,02,LAND ROVER,38,S.C. Tenerife,Private,PHEV,GKL,FOCUS SEGMENT,Standard,1
2025,02,LAND ROVER,38,S.C. Tenerife,Private,PHEV,MKL,FOCUS SEGMENT,Standard,1
2025,02,LEAPMOTOR,38,S.C. Tenerife,Private,BEV,MKL,REST,Standard,2
2025,02,LEXUS,38,S.C. Tenerife,Private,ICE,UKL1,FOCUS SEGMENT,Standard,4
2025,02,MAZDA,38,S.C. Tenerife,Corporate,ICE,UKL1,REST,Standard,2
2025,02,MAZDA,38,S.C. Tenerife,Private,ICE,UKL1,REST,Standard,2
2025,02,MAZDA,38,S.C. Tenerife,Private,ICE,UKL2,REST,Standard,10
2025,02,MERCEDES,38,S.C. Tenerife,Corporate,BEV,GKL,FOCUS SEGMENT,Standard,1
2025,02,MERCEDES,38,S.C. Tenerife,Corporate,ICE,KKL,FOCUS SEGMENT,Standard,1
2025,02,MERCEDES,38,S.C. Tenerife,Corporate,ICE,MKL,FOCUS SEGMENT,M Performance,1
2025,02,MERCEDES,38,S.C. Tenerife,Corporate,ICE,SKL,REST,Standard,1
2025,02,MERCEDES,38,S.C. Tenerife,Corporate,ICE,UKL2,FOCUS SEGMENT,Standard,1
2025,02,MERCEDES,38,S.C. Tenerife,Corporate,PHEV,KKL,FOCUS SEGMENT,Standard,2
2025,02,MERCEDES,38,S.C. Tenerife,Corporate,PHEV,MKL,FOCUS SEGMENT,Standard,1
2025,02,MERCEDES,38,S.C. Tenerife,Corporate,PHEV,UKL2,FOCUS SEGMENT,Standard,2
2025,02,MERCEDES,38,S.C. Tenerife,Private,BEV,UKL2,FOCUS SEGMENT,Standard,2
2025,02,MERCEDES,38,S.C. Tenerife,Private,ICE,KKL,FOCUS SEGMENT,Standard,1
2025,02,MERCEDES,38,S.C. Tenerife,Private,ICE,MKL,FOCUS SEGMENT,Standard,1
2025,02,MERCEDES,38,S.C. Tenerife,Private,ICE,MKL,REST,Standard,1
2025,02,MERCEDES,38,S.C. Tenerife,Private,ICE,UKL2,FOCUS SEGMENT,Standard,2
2025,02,MERCEDES,38,S.C. Tenerife,Private,PHEV,KKL,FOCUS SEGMENT,Standard,3
2025,02,MG,38,S.C. Tenerife,Corporate,ICE,UKL1,REST,Standard,7
2025,02,MG,38,S.C. Tenerife,Private,BEV,UKL2,REST,Standard,1
2025,02,MG,38,S.C. Tenerife,Private,ICE,UKL1,REST,Standard,19
2025,02,MG,38,S.C. Tenerife,Private,PHEV,KKL,REST,Standard,3
2025,02,MG,38,S.C. Tenerife,RAC,ICE,UKL1,REST,Standard,3
2025,02,MG,38,S.C. Tenerife,RAC,PHEV,KKL,REST,Standard,2
2025,02,MINI,38,S.C. Tenerife,Corporate,BEV,UKL1,FOCUS SEGMENT,Standard,3
2025,02,MINI,38,S.C. Tenerife,Corporate,BEV,UKL2,FOCUS SEGMENT,Standard,1
2025,02,MINI,38,S.C. Tenerife,Corporate,ICE,UKL1,FOCUS SEGMENT,Standard,2
2025,02,MINI,38,S.C. Tenerife,Corporate,ICE,UKL2,FOCUS SEGMENT,Standard,5
2025,02,MINI,38,S.C. Tenerife,Private,BEV,UKL1,FOCUS SEGMENT,Standard,2
2025,02,MINI,38,S.C. Tenerife,Private,ICE,UKL1,FOCUS SEGMENT,JCW,1
2025,02,MINI,38,S.C. Tenerife,Private,ICE,UKL1,FOCUS SEGMENT,Standard,7
2025,02,MINI,38,S.C. Tenerife,Private,ICE,UKL2,FOCUS SEGMENT,Standard,1
2025,02,MITSUBISHI,38,S.C. Tenerife,Private,ICE,UKL1,REST,Standard,2
2025,02,NISSAN,38,S.C. Tenerife,Corporate,BEV,UKL2,REST,Standard,1
2025,02,NISSAN,38,S.C. Tenerife,Corporate,ICE,KKL,REST,Standard,1
2025,02,NISSAN,38,S.C. Tenerife,Corporate,ICE,UKL1,REST,Standard,1
2025,02,NISSAN,38,S.C. Tenerife,Corporate,ICE,UKL2,REST,Standard,24
2025,02,NISSAN,38,S.C. Tenerife,Private,BEV,UKL2,REST,Standard,3
2025,02,NISSAN,38,S.C. Tenerife,Private,ICE,KKL,REST,Standard,2
2025,02,NISSAN,38,S.C. Tenerife,Private,ICE,SKL,REST,Standard,10
2025,02,NISSAN,38,S.C. Tenerife,Private,ICE,UKL1,REST,Standard,40
2025,02,NISSAN,38,S.C. Tenerife,Private,ICE,UKL2,REST,Standard,11
2025,02,NISSAN,38,S.C. Tenerife,RAC,ICE,SKL,REST,Standard,1
2025,02,OMODA,38,S.C. Tenerife,Private,ICE,UKL2,REST,Standard,4
2025,02,OPEL,38,S.C. Tenerife,Corporate,BEV,UKL1,REST,Standard,2
2025,02,OPEL,38,S.C. Tenerife,Corporate,ICE,UKL1,REST,Standard,15
2025,02,OPEL,38,S.C. Tenerife,Private,ICE,UKL1,REST,Standard,23
2025,02,OPEL,38,S.C. Tenerife,RAC,ICE,UKL1,REST,Standard,7
2025,02,OPEL,38,S.C. Tenerife,RAC,ICE,UKL2,REST,Standard,7
2025,02,OPEL,38,S.C. Tenerife,RAC,PHEV,UKL2,REST,Standard,1
2025,02,PEUGEOT,38,S.C. Tenerife,Corporate,BEV,SKL,REST,Standard,3
2025,02,PEUGEOT,38,S.C. Tenerife,Corporate,ICE,UKL1,REST,Standard,39
2025,02,PEUGEOT,38,S.C. Tenerife,Corporate,ICE,UKL2,REST,Standard,3
2025,02,PEUGEOT,38,S.C. Tenerife,Private,BEV,SKL,REST,Standard,1
2025,02,PEUGEOT,38,S.C. Tenerife,Private,BEV,UKL2,REST,Standard,1
2025,02,PEUGEOT,38,S.C. Tenerife,Private,ICE,KKL,REST,Standard,1
2025,02,PEUGEOT,38,S.C. Tenerife,Private,ICE,UKL1,REST,Standard,17
2025,02,PEUGEOT,38,S.C. Tenerife,Private,ICE,UKL2,REST,Standard,3
2025,02,PEUGEOT,38,S.C. Tenerife,RAC,ICE,UKL1,REST,Standard,28
2025,02,PORSCHE,38,S.C. Tenerife,Corporate,BEV,KKL,FOCUS SEGMENT,M,1
2025,02,PORSCHE,38,S.C. Tenerife,Corporate,BEV,KKL,FOCUS SEGMENT,M Performance,1
2025,02,PORSCHE,38,S.C. Tenerife,Corporate,ICE,KKL,FOCUS SEGMENT,M,1
2025,02,PORSCHE,38,S.C. Tenerife,Corporate,PHEV,MKL,FOCUS SEGMENT,M Performance,1
2025,02,PORSCHE,38,S.C. Tenerife,Private,BEV,KKL,FOCUS SEGMENT,Standard,2
2025,02,PORSCHE,38,S.C. Tenerife,Private,PHEV,MKL,FOCUS SEGMENT,Standard,2
2025,02,RENAULT,38,S.C. Tenerife,Corporate,BEV,UKL2,REST,Standard,1
2025,02,RENAULT,38,S.C. Tenerife,Corporate,ICE,UKL1,REST,Standard,6
2025,02,RENAULT,38,S.C. Tenerife,Corporate,ICE,UKL2,REST,Standard,3
2025,02,RENAULT,38,S.C. Tenerife,Private,BEV,UKL1,REST,Standard,2
2025,02,RENAULT,38,S.C. Tenerife,Private,ICE,KKL,REST,Standard,1
2025,02,RENAULT,38,S.C. Tenerife,Private,ICE,UKL1,REST,Standard,23
2025,02,RENAULT,38,S.C. Tenerife,Private,ICE,UKL2,REST,Standard,11
2025,02,RENAULT,38,S.C. Tenerife,Private,PHEV,UKL2,REST,Standard,1
2025,02,RENAULT,38,S.C. Tenerife,RAC,ICE,UKL1,REST,Standard,47
2025,02,SEAT,38,S.C. Tenerife,Corporate,ICE,UKL1,REST,Standard,6
2025,02,SEAT,38,S.C. Tenerife,Corporate,ICE,UKL2,REST,Standard,5
2025,02,SEAT,38,S.C. Tenerife,Corporate,PHEV,UKL2,REST,Standard,1
2025,02,SEAT,38,S.C. Tenerife,Private,ICE,UKL1,REST,Standard,55
2025,02,SEAT,38,S.C. Tenerife,Private,ICE,UKL2,REST,Standard,15
2025,02,SEAT,38,S.C. Tenerife,Private,PHEV,UKL2,REST,Standard,2
2025,02,SEAT,38,S.C. Tenerife,RAC,ICE,UKL1,REST,Standard,14
2025,02,SIN MARCA,38,S.C. Tenerife,Corporate,ICE,,REST,Standard,2
2025,02,SKODA,38,S.C. Tenerife,Corporate,BEV,UKL2,REST,Standard,1
2025,02,SKODA,38,S.C. Tenerife,Corporate,ICE,KKL,REST,Standard,1
2025,02,SKODA,38,S.C. Tenerife,Corporate,ICE,UKL1,REST,Standard,5
2025,02,SKODA,38,S.C. Tenerife,Corporate,ICE,UKL2,REST,Standard,4
2025,02,SKODA,38,S.C. Tenerife,Private,BEV,UKL2,REST,Standard,3
2025,02,SKODA,38,S.C. Tenerife,Private,ICE,UKL1,REST,Standard,25
2025,02,SKODA,38,S.C. Tenerife,Private,ICE,UKL2,REST,Standard,5
2025,02,SMART,38,S.C. Tenerife,Corporate,BEV,UKL2,FOCUS SEGMENT,Standard,1
2025,02,SUZUKI,38,S.C. Tenerife,Corporate,ICE,UKL1,REST,Standard,1
2025,02,SUZUKI,38,S.C. Tenerife,Private,ICE,UKL1,REST,Standard,3
2025,02,SUZUKI,38,S.C. Tenerife,Private,ICE,UKL2,REST,Standard,2
2025,02,TOYOTA,38,S.C. Tenerife,Corporate,BEV,SKL,REST,Standard,1
2025,02,TOYOTA,38,S.C. Tenerife,Corporate,BEV,UKL2,REST,Standard,1
2025,02,TOYOTA,38,S.C. Tenerife,Corporate,ICE,SKL,REST,Standard,1
2025,02,TOYOTA,38,S.C. Tenerife,Corporate,ICE,UKL1,REST,Standard,15
2025,02,TOYOTA,38,S.C. Tenerife,Corporate,PHEV,UKL1,REST,Standard,4
2025,02,TOYOTA,38,S.C. Tenerife,Private,ICE,SKL,REST,Standard,2
2025,02,TOYOTA,38,S.C. Tenerife,Private,ICE,UKL0,REST,Standard,3
2025,02,TOYOTA,38,S.C. Tenerife,Private,ICE,UKL1,REST,Standard,26
2025,02,TOYOTA,38,S.C. Tenerife,Private,ICE,UKL2,REST,Standard,10
2025,02,TOYOTA,38,S.C. Tenerife,Private,PHEV,UKL1,REST,Standard,3
2025,02,VOLKSWAGEN,38,S.C. Tenerife,Corporate,BEV,UKL2,REST,Standard,2
2025,02,VOLKSWAGEN,38,S.C. Tenerife,Corporate,ICE,UKL1,REST,Standard,7
2025,02,VOLKSWAGEN,38,S.C. Tenerife,Corporate,ICE,UKL2,REST,Standard,3
2025,02,VOLKSWAGEN,38,S.C. Tenerife,Corporate,PHEV,UKL2,REST,Standard,4
2025,02,VOLKSWAGEN,38,S.C. Tenerife,Private,BEV,SKL,REST,Standard,3
2025,02,VOLKSWAGEN,38,S.C. Tenerife,Private,ICE,SKL,REST,Standard,2
2025,02,VOLKSWAGEN,38,S.C. Tenerife,Private,ICE,UKL1,REST,Standard,43
2025,02,VOLKSWAGEN,38,S.C. Tenerife,Private,ICE,UKL2,REST,Standard,25
2025,02,VOLKSWAGEN,38,S.C. Tenerife,Private,PHEV,UKL2,REST,Standard,3
2025,02,VOLKSWAGEN,38,S.C. Tenerife,RAC,ICE,UKL1,REST,Standard,1
2025,02,VOLVO,38,S.C. Tenerife,Private,BEV,UKL1,FOCUS SEGMENT,Standard,3
2025,02,VOLVO,38,S.C. Tenerife,Private,ICE,UKL2,FOCUS SEGMENT,Standard,2
2025,02,VOLVO,38,S.C. Tenerife,Private,PHEV,KKL,FOCUS SEGMENT,Standard,3
2025,02,ALFA ROMEO,39,Cantabria,Private,ICE,UKL1,REST,Standard,1
2025,02,AUDI,39,Cantabria,Corporate,ICE,KKL,FOCUS SEGMENT,Standard,1
2025,02,AUDI,39,Cantabria,Corporate,ICE,UKL1,FOCUS SEGMENT,Standard,3
2025,02,AUDI,39,Cantabria,Corporate,ICE,UKL2,FOCUS SEGMENT,Standard,1
2025,02,AUDI,39,Cantabria,Private,BEV,UKL2,FOCUS SEGMENT,Standard,1
2025,02,AUDI,39,Cantabria,Private,ICE,KKL,FOCUS SEGMENT,Standard,3
2025,02,AUDI,39,Cantabria,Private,ICE,UKL1,FOCUS SEGMENT,Standard,2
2025,02,AUDI,39,Cantabria,Private,ICE,UKL2,FOCUS SEGMENT,Standard,9
2025,02,BMW,39,Cantabria,Corporate,BEV,UKL2,FOCUS SEGMENT,Standard,1
2025,02,BMW,39,Cantabria,Corporate,ICE,KKL,FOCUS SEGMENT,M Performance,1
2025,02,BMW,39,Cantabria,Corporate,ICE,KKL,FOCUS SEGMENT,Standard,1
2025,02,BMW,39,Cantabria,Corporate,ICE,UKL2,FOCUS SEGMENT,Standard,5
2025,02,BMW,39,Cantabria,Corporate,PHEV,GKL,FOCUS SEGMENT,Standard,1
2025,02,BMW,39,Cantabria,Corporate,PHEV,MKL,FOCUS SEGMENT,Standard,1
2025,02,BMW,39,Cantabria,Corporate,PHEV,UKL2,FOCUS SEGMENT,Standard,1
2025,02,BMW,39,Cantabria,Private,ICE,KKL,FOCUS SEGMENT,M Performance,1
2025,02,BMW,39,Cantabria,Private,ICE,KKL,FOCUS SEGMENT,Standard,3
2025,02,BMW,39,Cantabria,Private,ICE,UKL2,FOCUS SEGMENT,Standard,7
2025,02,BYD,39,Cantabria,Private,BEV,UKL2,REST,Standard,1
2025,02,BYD,39,Cantabria,Private,PHEV,KKL,REST,Standard,3
2025,02,CITROEN,39,Cantabria,Corporate,ICE,UKL1,REST,Standard,3
2025,02,CITROEN,39,Cantabria,Private,ICE,SKL,REST,Standard,2
2025,02,CITROEN,39,Cantabria,Private,ICE,UKL1,REST,Standard,9
2025,02,CITROEN,39,Cantabria,Private,ICE,UKL2,REST,Standard,7
2025,02,CUPRA,39,Cantabria,Corporate,ICE,UKL2,REST,Standard,2
2025,02,CUPRA,39,Cantabria,Corporate,PHEV,UKL2,REST,Standard,2
2025,02,CUPRA,39,Cantabria,Private,ICE,UKL2,REST,Standard,1
2025,02,DACIA,39,Cantabria,Corporate,ICE,SKL,REST,Standard,3
2025,02,DACIA,39,Cantabria,Corporate,ICE,UKL1,REST,Standard,3
2025,02,DACIA,39,Cantabria,Corporate,ICE,UKL2,REST,Standard,2
2025,02,DACIA,39,Cantabria,Private,ICE,SKL,REST,Standard,5
2025,02,DACIA,39,Cantabria,Private,ICE,UKL1,REST,Standard,27
2025,02,DACIA,39,Cantabria,Private,ICE,UKL2,REST,Standard,6
2025,02,DFSK,39,Cantabria,Private,PHEV,KKL,REST,Standard,4
2025,02,DONGFENG,39,Cantabria,Corporate,BEV,UKL0,REST,Standard,4
2025,02,DR,39,Cantabria,Private,ICE,UKL1,REST,Standard,1
2025,02,EBRO,39,Cantabria,Corporate,ICE,KKL,REST,Standard,2
2025,02,EBRO,39,Cantabria,Private,ICE,KKL,REST,Standard,1
2025,02,EVO,39,Cantabria,Private,ICE,UKL2,REST,Standard,2
2025,02,FIAT,39,Cantabria,Private,ICE,,,Standard,1
2025,02,FIAT,39,Cantabria,Private,ICE,UKL0,REST,Standard,1
2025,02,FORD,39,Cantabria,Private,ICE,UKL1,REST,Standard,3
2025,02,FORD,39,Cantabria,Private,ICE,UKL2,REST,Standard,6
2025,02,FORD,39,Cantabria,Private,PHEV,SKL,REST,Standard,1
2025,02,HONDA,39,Cantabria,Private,ICE,KKL,REST,Standard,2
2025,02,HONDA,39,Cantabria,Private,ICE,UKL1,REST,Standard,2
2025,02,HONDA,39,Cantabria,Private,ICE,UKL2,REST,Standard,3
2025,02,HYUNDAI,39,Cantabria,Corporate,BEV,UKL2,REST,Standard,1
2025,02,HYUNDAI,39,Cantabria,Private,ICE,UKL0,REST,Standard,1
2025,02,HYUNDAI,39,Cantabria,Private,ICE,UKL1,REST,Standard,5
2025,02,HYUNDAI,39,Cantabria,Private,ICE,UKL2,REST,Standard,7
2025,02,HYUNDAI,39,Cantabria,RAC,ICE,UKL1,REST,Standard,1
2025,02,HYUNDAI,39,Cantabria,RAC,ICE,UKL2,REST,Standard,2
2025,02,JAECOO,39,Cantabria,Corporate,PHEV,UKL2,REST,Standard,5
2025,02,JAECOO,39,Cantabria,Private,ICE,UKL2,REST,Standard,3
2025,02,JAECOO,39,Cantabria,Private,PHEV,UKL2,REST,Standard,11
2025,02,JAGUAR,39,Cantabria,Corporate,ICE,KKL,FOCUS SEGMENT,Standard,1
2025,02,JAGUAR,39,Cantabria,Corporate,ICE,UKL2,FOCUS SEGMENT,Standard,1
2025,02,JEEP,39,Cantabria,Private,ICE,UKL1,REST,Standard,3
2025,02,JEEP,39,Cantabria,Private,ICE,UKL2,REST,Standard,1
2025,02,KIA,39,Cantabria,Corporate,ICE,KKL,REST,Standard,1
2025,02,KIA,39,Cantabria,Private,BEV,UKL1,REST,Standard,1
2025,02,KIA,39,Cantabria,Private,ICE,,,Standard,1
2025,02,KIA,39,Cantabria,Private,ICE,KKL,REST,Standard,1
2025,02,KIA,39,Cantabria,Private,ICE,UKL1,REST,Standard,17
2025,02,KIA,39,Cantabria,Private,ICE,UKL2,REST,Standard,21
2025,02,KIA,39,Cantabria,Private,PHEV,UKL2,REST,Standard,1
2025,02,LEXUS,39,Cantabria,Corporate,ICE,UKL1,FOCUS SEGMENT,Standard,1
2025,02,LEXUS,39,Cantabria,Corporate,PHEV,KKL,FOCUS SEGMENT,Standard,1
2025,02,LEXUS,39,Cantabria,Private,ICE,KKL,FOCUS SEGMENT,Standard,1
2025,02,LEXUS,39,Cantabria,Private,ICE,UKL1,FOCUS SEGMENT,Standard,1
2025,02,LEXUS,39,Cantabria,Private,ICE,UKL2,FOCUS SEGMENT,Standard,3
2025,02,LEXUS,39,Cantabria,Private,PHEV,KKL,FOCUS SEGMENT,Standard,2
2025,02,MAZDA,39,Cantabria,Corporate,ICE,KKL,REST,Standard,1
2025,02,MAZDA,39,Cantabria,Corporate,ICE,UKL2,REST,Standard,3
2025,02,MAZDA,39,Cantabria,Corporate,PHEV,KKL,REST,Standard,1
2025,02,MAZDA,39,Cantabria,Private,ICE,UKL2,REST,Standard,16
2025,02,MERCEDES,39,Cantabria,Corporate,BEV,UKL2,FOCUS SEGMENT,Standard,1
2025,02,MERCEDES,39,Cantabria,Corporate,ICE,KKL,FOCUS SEGMENT,Standard,4
2025,02,MERCEDES,39,Cantabria,Corporate,ICE,MKL,FOCUS SEGMENT,Standard,2
2025,02,MERCEDES,39,Cantabria,Corporate,ICE,MKL,REST,Standard,1
2025,02,MERCEDES,39,Cantabria,Corporate,ICE,UKL2,FOCUS SEGMENT,Standard,6
2025,02,MERCEDES,39,Cantabria,Corporate,PHEV,MKL,FOCUS SEGMENT,Standard,1
2025,02,MERCEDES,39,Cantabria,Private,ICE,MKL,REST,Standard,1
2025,02,MERCEDES,39,Cantabria,Private,ICE,SKL,REST,Standard,1
2025,02,MERCEDES,39,Cantabria,Private,PHEV,KKL,FOCUS SEGMENT,Standard,3
2025,02,MERCEDES,39,Cantabria,Private,PHEV,UKL2,FOCUS SEGMENT,Standard,1
2025,02,MG,39,Cantabria,Corporate,ICE,UKL1,REST,Standard,1
2025,02,MG,39,Cantabria,Private,BEV,UKL2,REST,Standard,1
2025,02,MG,39,Cantabria,Private,ICE,KKL,REST,Standard,1
2025,02,MG,39,Cantabria,Private,ICE,UKL1,REST,Standard,18
2025,02,MG,39,Cantabria,Private,PHEV,KKL,REST,Standard,5
2025,02,MINI,39,Cantabria,Corporate,ICE,UKL1,FOCUS SEGMENT,JCW,2
2025,02,MINI,39,Cantabria,Corporate,ICE,UKL1,FOCUS SEGMENT,Standard,2
2025,02,MINI,39,Cantabria,Corporate,ICE,UKL2,FOCUS SEGMENT,Standard,1
2025,02,MINI,39,Cantabria,Private,BEV,UKL1,FOCUS SEGMENT,Standard,1
2025,02,MINI,39,Cantabria,Private,ICE,UKL1,FOCUS SEGMENT,Standard,1
2025,02,MINI,39,Cantabria,Private,ICE,UKL2,FOCUS SEGMENT,Standard,2
2025,02,NISSAN,39,Cantabria,Corporate,ICE,KKL,REST,Standard,1
2025,02,NISSAN,39,Cantabria,Corporate,ICE,UKL1,REST,Standard,1
2025,02,NISSAN,39,Cantabria,Corporate,ICE,UKL2,REST,Standard,2
2025,02,NISSAN,39,Cantabria,Private,ICE,KKL,REST,Standard,3
2025,02,NISSAN,39,Cantabria,Private,ICE,SKL,REST,Standard,1
2025,02,NISSAN,39,Cantabria,Private,ICE,UKL1,REST,Standard,6
2025,02,NISSAN,39,Cantabria,Private,ICE,UKL2,REST,Standard,7
2025,02,OMODA,39,Cantabria,Private,ICE,UKL2,REST,Standard,9
2025,02,OPEL,39,Cantabria,Corporate,ICE,UKL1,REST,Standard,1
2025,02,OPEL,39,Cantabria,Private,ICE,UKL2,REST,Standard,1
2025,02,PEUGEOT,39,Cantabria,Corporate,BEV,SKL,REST,Standard,2
2025,02,PEUGEOT,39,Cantabria,Corporate,ICE,SKL,REST,Standard,3
2025,02,PEUGEOT,39,Cantabria,Corporate,ICE,UKL2,REST,Standard,37
2025,02,PEUGEOT,39,Cantabria,Private,ICE,KKL,REST,Standard,1
2025,02,PEUGEOT,39,Cantabria,Private,ICE,SKL,REST,Standard,3
2025,02,PEUGEOT,39,Cantabria,Private,ICE,UKL1,REST,Standard,2
2025,02,PEUGEOT,39,Cantabria,Private,ICE,UKL2,REST,Standard,5
2025,02,PORSCHE,39,Cantabria,Corporate,PHEV,MKL,FOCUS SEGMENT,M,1
2025,02,PORSCHE,39,Cantabria,Corporate,PHEV,MKL,FOCUS SEGMENT,M Performance,1
2025,02,PORSCHE,39,Cantabria,Private,BEV,GKL,FOCUS SEGMENT,M Performance,1
2025,02,PORSCHE,39,Cantabria,Private,ICE,KKL,FOCUS SEGMENT,M,1
2025,02,RENAULT,39,Cantabria,Corporate,ICE,UKL1,REST,Standard,5
2025,02,RENAULT,39,Cantabria,Corporate,ICE,UKL2,REST,Standard,3
2025,02,RENAULT,39,Cantabria,Private,BEV,UKL1,REST,Standard,4
2025,02,RENAULT,39,Cantabria,Private,ICE,UKL1,REST,Standard,23
2025,02,RENAULT,39,Cantabria,Private,ICE,UKL2,REST,Standard,3
2025,02,SEAT,39,Cantabria,Corporate,ICE,UKL1,REST,Standard,4
2025,02,SEAT,39,Cantabria,Corporate,ICE,UKL2,REST,Standard,5
2025,02,SEAT,39,Cantabria,Private,ICE,UKL1,REST,Standard,29
2025,02,SEAT,39,Cantabria,Private,ICE,UKL2,REST,Standard,15
2025,02,SEAT,39,Cantabria,Private,PHEV,UKL2,REST,Standard,1
2025,02,SIN MARCA,39,Cantabria,Private,ICE,,REST,Standard,1
2025,02,SKODA,39,Cantabria,Corporate,BEV,UKL2,REST,Standard,1
2025,02,SKODA,39,Cantabria,Corporate,ICE,UKL1,REST,Standard,2
2025,02,SKODA,39,Cantabria,Private,ICE,KKL,REST,Standard,1
2025,02,SKODA,39,Cantabria,Private,ICE,UKL1,REST,Standard,4
2025,02,SKODA,39,Cantabria,Private,ICE,UKL2,REST,Standard,7
2025,02,SMART,39,Cantabria,Private,BEV,UKL1,FOCUS SEGMENT,Standard,1
2025,02,SUBARU,39,Cantabria,Private,ICE,KKL,REST,Standard,1
2025,02,SUBARU,39,Cantabria,Private,ICE,UKL2,REST,Standard,2
2025,02,SUZUKI,39,Cantabria,Private,ICE,UKL1,REST,Standard,3
2025,02,SUZUKI,39,Cantabria,Private,ICE,UKL2,REST,Standard,4
2025,02,TESLA,39,Cantabria,Private,BEV,KKL,FOCUS SEGMENT,Standard,5
2025,02,TOYOTA,39,Cantabria,Corporate,BEV,UKL2,REST,Standard,1
2025,02,TOYOTA,39,Cantabria,Corporate,ICE,GKL,REST,Standard,1
2025,02,TOYOTA,39,Cantabria,Corporate,ICE,UKL1,REST,Standard,1
2025,02,TOYOTA,39,Cantabria,Corporate,ICE,UKL2,REST,Standard,4
2025,02,TOYOTA,39,Cantabria,Corporate,PHEV,UKL1,REST,Standard,1
2025,02,TOYOTA,39,Cantabria,Corporate,PHEV,UKL2,REST,Standard,1
2025,02,TOYOTA,39,Cantabria,Private,ICE,SKL,REST,Standard,1
2025,02,TOYOTA,39,Cantabria,Private,ICE,UKL1,REST,Standard,39
2025,02,TOYOTA,39,Cantabria,Private,ICE,UKL2,REST,Standard,25
2025,02,TOYOTA,39,Cantabria,Private,PHEV,UKL1,REST,Standard,3
2025,02,TOYOTA,39,Cantabria,Private,PHEV,UKL2,REST,Standard,2
2025,02,VOLKSWAGEN,39,Cantabria,Corporate,BEV,SKL,REST,Standard,1
2025,02,VOLKSWAGEN,39,Cantabria,Corporate,ICE,UKL1,REST,Standard,8
2025,02,VOLKSWAGEN,39,Cantabria,Private,ICE,SKL,REST,Standard,2
2025,02,VOLKSWAGEN,39,Cantabria,Private,ICE,UKL1,REST,Standard,11
2025,02,VOLKSWAGEN,39,Cantabria,Private,ICE,UKL2,REST,Standard,10
2025,02,VOLVO,39,Cantabria,Corporate,ICE,MKL,FOCUS SEGMENT,Standard,1
2025,02,VOLVO,39,Cantabria,Corporate,ICE,UKL2,FOCUS SEGMENT,Standard,3
2025,02,VOLVO,39,Cantabria,Private,ICE,KKL,FOCUS SEGMENT,Standard,1
2025,02,VOLVO,39,Cantabria,Private,ICE,UKL2,FOCUS SEGMENT,Standard,1
2025,02,XPENG,39,Cantabria,Corporate,BEV,KKL,FOCUS SEGMENT,Standard,3
2025,02,XPENG,39,Cantabria,Corporate,BEV,MKL,FOCUS SEGMENT,Standard,1
2025,02,XPENG,39,Cantabria,Private,BEV,KKL,FOCUS SEGMENT,Standard,1
2025,02,AUDI,40,Segovia,Corporate,ICE,KKL,FOCUS SEGMENT,Standard,1
2025,02,AUDI,40,Segovia,Corporate,ICE,UKL2,FOCUS SEGMENT,Standard,1
2025,02,AUDI,40,Segovia,Private,ICE,UKL2,FOCUS SEGMENT,Standard,2
2025,02,BMW,40,Segovia,Private,ICE,UKL2,FOCUS SEGMENT,Standard,1
2025,02,BYD,40,Segovia,Private,BEV,KKL,REST,Standard,1
2025,02,BYD,40,Segovia,Private,BEV,UKL1,REST,Standard,1
2025,02,CITROEN,40,Segovia,Private,ICE,UKL2,REST,Standard,1
2025,02,CUPRA,40,Segovia,Corporate,ICE,UKL2,REST,Standard,2
2025,02,DACIA,40,Segovia,Corporate,ICE,SKL,REST,Standard,2
2025,02,DACIA,40,Segovia,Private,ICE,SKL,REST,Standard,2
2025,02,DACIA,40,Segovia,Private,ICE,UKL1,REST,Standard,4
2025,02,EBRO,40,Segovia,Private,ICE,UKL2,REST,Standard,1
2025,02,FORD,40,Segovia,Private,ICE,UKL1,REST,Standard,1
2025,02,FORD,40,Segovia,Private,ICE,UKL2,REST,Standard,1
2025,02,FORD,40,Segovia,Private,PHEV,UKL2,REST,Standard,1
2025,02,HYUNDAI,40,Segovia,Corporate,ICE,UKL0,REST,Standard,1
2025,02,HYUNDAI,40,Segovia,Corporate,ICE,UKL1,REST,Standard,1
2025,02,HYUNDAI,40,Segovia,Corporate,ICE,UKL2,REST,Standard,1
2025,02,HYUNDAI,40,Segovia,Private,BEV,UKL2,REST,Standard,1
2025,02,HYUNDAI,40,Segovia,Private,ICE,UKL1,REST,Standard,5
2025,02,JAECOO,40,Segovia,Private,PHEV,UKL2,REST,Standard,2
2025,02,KIA,40,Segovia,Corporate,ICE,UKL2,REST,Standard,1
2025,02,KIA,40,Segovia,Corporate,PHEV,UKL2,REST,Standard,1
2025,02,KIA,40,Segovia,Private,BEV,UKL1,REST,Standard,4
2025,02,KIA,40,Segovia,Private,ICE,UKL1,REST,Standard,3
2025,02,KIA,40,Segovia,Private,ICE,UKL2,REST,Standard,4
2025,02,LEXUS,40,Segovia,Corporate,ICE,UKL2,FOCUS SEGMENT,Standard,1
2025,02,MAZDA,40,Segovia,Private,ICE,KKL,REST,Standard,1
2025,02,MERCEDES,40,Segovia,Corporate,BEV,UKL2,FOCUS SEGMENT,Standard,1
2025,02,MERCEDES,40,Segovia,Corporate,PHEV,KKL,FOCUS SEGMENT,Standard,2
2025,02,MERCEDES,40,Segovia,Corporate,PHEV,MKL,FOCUS SEGMENT,Standard,1
2025,02,MERCEDES,40,Segovia,Private,ICE,UKL2,FOCUS SEGMENT,Standard,2
2025,02,MERCEDES,40,Segovia,Private,PHEV,MKL,FOCUS SEGMENT,Standard,1
2025,02,MG,40,Segovia,Private,ICE,KKL,REST,Standard,2
2025,02,MG,40,Segovia,Private,ICE,UKL1,REST,Standard,4
2025,02,MG,40,Segovia,Private,PHEV,KKL,REST,Standard,1
2025,02,NISSAN,40,Segovia,Corporate,ICE,UKL2,REST,Standard,1
2025,02,NISSAN,40,Segovia,Private,ICE,KKL,REST,Standard,1
2025,02,NISSAN,40,Segovia,Private,ICE,UKL1,REST,Standard,2
2025,02,NISSAN,40,Segovia,Private,ICE,UKL2,REST,Standard,1
2025,02,OMODA,40,Segovia,Private,ICE,UKL2,REST,Standard,1
2025,02,POLESTAR,40,Segovia,Corporate,BEV,KKL,FOCUS SEGMENT,Standard,1
2025,02,PORSCHE,40,Segovia,Private,BEV,KKL,FOCUS SEGMENT,Standard,1
2025,02,RENAULT,40,Segovia,Corporate,ICE,UKL1,REST,Standard,1
2025,02,RENAULT,40,Segovia,Corporate,ICE,UKL2,REST,Standard,4
2025,02,RENAULT,40,Segovia,Private,ICE,SKL,REST,Standard,1
2025,02,RENAULT,40,Segovia,Private,ICE,UKL1,REST,Standard,7
2025,02,RENAULT,40,Segovia,Private,ICE,UKL2,REST,Standard,1
2025,02,SEAT,40,Segovia,Corporate,ICE,UKL1,REST,Standard,4
2025,02,SEAT,40,Segovia,Private,ICE,UKL1,REST,Standard,2
2025,02,SEAT,40,Segovia,Private,ICE,UKL2,REST,Standard,3
2025,02,SKODA,40,Segovia,Corporate,BEV,UKL2,REST,Standard,1
2025,02,SKODA,40,Segovia,Corporate,ICE,UKL2,REST,Standard,2
2025,02,SUZUKI,40,Segovia,Private,ICE,UKL1,REST,Standard,1
2025,02,SUZUKI,40,Segovia,Private,ICE,UKL2,REST,Standard,1
2025,02,TESLA,40,Segovia,Corporate,BEV,KKL,FOCUS SEGMENT,Standard,1
2025,02,TESLA,40,Segovia,Private,BEV,KKL,FOCUS SEGMENT,Standard,2
2025,02,TOYOTA,40,Segovia,Corporate,ICE,UKL1,REST,Standard,1
2025,02,TOYOTA,40,Segovia,Corporate,ICE,UKL2,REST,Standard,2
2025,02,TOYOTA,40,Segovia,Private,ICE,UKL0,REST,Standard,1
2025,02,TOYOTA,40,Segovia,Private,ICE,UKL1,REST,Standard,7
2025,02,TOYOTA,40,Segovia,Private,ICE,UKL2,REST,Standard,3
2025,02,TOYOTA,40,Segovia,Private,PHEV,UKL1,REST,Standard,1
2025,02,TOYOTA,40,Segovia,Private,PHEV,UKL2,REST,Standard,2
2025,02,VOLKSWAGEN,40,Segovia,Private,ICE,UKL1,REST,Standard,5
2025,02,VOLKSWAGEN,40,Segovia,Private,ICE,UKL2,REST,Standard,1
2025,02,VOLKSWAGEN,40,Segovia,Private,PHEV,UKL2,REST,Standard,1
2025,02,ALFA ROMEO,41,Sevilla,Corporate,ICE,UKL1,REST,Standard,1
2025,02,ALFA ROMEO,41,Sevilla,Private,ICE,KKL,REST,Standard,1
2025,02,ALFA ROMEO,41,Sevilla,Private,ICE,UKL1,REST,Standard,3
2025,02,AUDI,41,Sevilla,Corporate,BEV,MKL,FOCUS SEGMENT,Standard,1
2025,02,AUDI,41,Sevilla,Corporate,BEV,UKL2,FOCUS SEGMENT,Standard,1
2025,02,AUDI,41,Sevilla,Corporate,ICE,GKL,FOCUS SEGMENT,Standard,1
2025,02,AUDI,41,Sevilla,Corporate,ICE,KKL,FOCUS SEGMENT,Standard,2
2025,02,AUDI,41,Sevilla,Corporate,ICE,MKL,FOCUS SEGMENT,M Performance,1
2025,02,AUDI,41,Sevilla,Corporate,ICE,MKL,FOCUS SEGMENT,Standard,1
2025,02,AUDI,41,Sevilla,Corporate,ICE,UKL1,FOCUS SEGMENT,Standard,2
2025,02,AUDI,41,Sevilla,Corporate,ICE,UKL2,FOCUS SEGMENT,Standard,2
2025,02,AUDI,41,Sevilla,Corporate,PHEV,MKL,FOCUS SEGMENT,Standard,1
2025,02,AUDI,41,Sevilla,Private,ICE,KKL,FOCUS SEGMENT,Standard,4
2025,02,AUDI,41,Sevilla,Private,ICE,MKL,FOCUS SEGMENT,Standard,1
2025,02,AUDI,41,Sevilla,Private,ICE,UKL1,FOCUS SEGMENT,Standard,1
2025,02,AUDI,41,Sevilla,Private,ICE,UKL2,FOCUS SEGMENT,Standard,8
2025,02,AUDI,41,Sevilla,Private,PHEV,MKL,FOCUS SEGMENT,Standard,1
2025,02,BMW,41,Sevilla,Corporate,BEV,KKL,FOCUS SEGMENT,Standard,1
2025,02,BMW,41,Sevilla,Corporate,BEV,UKL2,FOCUS SEGMENT,Standard,2
2025,02,BMW,41,Sevilla,Corporate,ICE,KKL,FOCUS SEGMENT,Standard,9
2025,02,BMW,41,Sevilla,Corporate,ICE,MKL,FOCUS SEGMENT,Standard,5
2025,02,BMW,41,Sevilla,Corporate,ICE,UKL2,FOCUS SEGMENT,Standard,1
2025,02,BMW,41,Sevilla,Private,BEV,UKL2,FOCUS SEGMENT,Standard,4
2025,02,BMW,41,Sevilla,Private,ICE,KKL,FOCUS SEGMENT,Standard,5
2025,02,BMW,41,Sevilla,Private,ICE,MKL,FOCUS SEGMENT,Standard,1
2025,02,BMW,41,Sevilla,Private,ICE,UKL2,FOCUS SEGMENT,Standard,32
2025,02,BYD,41,Sevilla,Corporate,BEV,KKL,REST,Standard,1
2025,02,BYD,41,Sevilla,Corporate,BEV,UKL2,REST,Standard,2
2025,02,BYD,41,Sevilla,Corporate,PHEV,KKL,REST,Standard,1
2025,02,BYD,41,Sevilla,Private,BEV,UKL1,REST,Standard,6
2025,02,BYD,41,Sevilla,Private,BEV,UKL2,REST,Standard,4
2025,02,BYD,41,Sevilla,Private,PHEV,KKL,REST,Standard,10
2025,02,CITROEN,41,Sevilla,Corporate,BEV,UKL1,REST,Standard,1
2025,02,CITROEN,41,Sevilla,Corporate,BEV,UKL2,REST,Standard,9
2025,02,CITROEN,41,Sevilla,Corporate,ICE,UKL1,REST,Standard,2
2025,02,CITROEN,41,Sevilla,Corporate,ICE,UKL2,REST,Standard,1
2025,02,CITROEN,41,Sevilla,Private,ICE,SKL,REST,Standard,1
2025,02,CITROEN,41,Sevilla,Private,ICE,UKL1,REST,Standard,21
2025,02,CITROEN,41,Sevilla,Private,ICE,UKL2,REST,Standard,20
2025,02,CUPRA,41,Sevilla,Corporate,ICE,UKL2,REST,Standard,1
2025,02,CUPRA,41,Sevilla,Corporate,PHEV,UKL2,REST,Standard,1
2025,02,CUPRA,41,Sevilla,Private,ICE,UKL2,REST,Standard,10
2025,02,CUPRA,41,Sevilla,Private,PHEV,UKL2,REST,Standard,1
2025,02,DACIA,41,Sevilla,Corporate,ICE,SKL,REST,Standard,4
2025,02,DACIA,41,Sevilla,Corporate,ICE,UKL1,REST,Standard,1
2025,02,DACIA,41,Sevilla,Corporate,ICE,UKL2,REST,Standard,1
2025,02,DACIA,41,Sevilla,Private,BEV,UKL0,REST,Standard,3
2025,02,DACIA,41,Sevilla,Private,ICE,SKL,REST,Standard,37
2025,02,DACIA,41,Sevilla,Private,ICE,UKL1,REST,Standard,62
2025,02,DACIA,41,Sevilla,Private,ICE,UKL2,REST,Standard,9
2025,02,EBRO,41,Sevilla,Corporate,ICE,KKL,REST,Standard,1
2025,02,EBRO,41,Sevilla,Private,ICE,KKL,REST,Standard,2
2025,02,FIAT,41,Sevilla,Corporate,ICE,SKL,REST,Standard,8
2025,02,FIAT,41,Sevilla,Private,ICE,SKL,REST,Standard,3
2025,02,FIAT,41,Sevilla,Private,ICE,UKL0,REST,Standard,2
2025,02,FIAT,41,Sevilla,Private,ICE,UKL1,REST,Standard,5
2025,02,FORD,41,Sevilla,Corporate,ICE,MKL,REST,Standard,1
2025,02,FORD,41,Sevilla,Corporate,ICE,UKL2,REST,Standard,1
2025,02,FORD,41,Sevilla,Corporate,PHEV,UKL2,REST,Standard,2
2025,02,FORD,41,Sevilla,Private,ICE,SKL,REST,Standard,4
2025,02,FORD,41,Sevilla,Private,ICE,UKL1,REST,Standard,7
2025,02,FORD,41,Sevilla,Private,ICE,UKL2,REST,Standard,21
2025,02,FORD,41,Sevilla,Private,PHEV,UKL2,REST,Standard,5
2025,02,HONDA,41,Sevilla,Private,ICE,UKL1,REST,Standard,6
2025,02,HONDA,41,Sevilla,Private,ICE,UKL2,REST,Standard,3
2025,02,HONDA,41,Sevilla,Private,PHEV,KKL,REST,Standard,1
2025,02,HYUNDAI,41,Sevilla,Corporate,BEV,UKL2,REST,Standard,2
2025,02,HYUNDAI,41,Sevilla,Corporate,ICE,MKL,REST,Standard,1
2025,02,HYUNDAI,41,Sevilla,Corporate,ICE,UKL0,REST,Standard,6
2025,02,HYUNDAI,41,Sevilla,Corporate,ICE,UKL1,REST,Standard,1
2025,02,HYUNDAI,41,Sevilla,Corporate,ICE,UKL2,REST,Standard,5
2025,02,HYUNDAI,41,Sevilla,Corporate,PHEV,UKL2,REST,Standard,2
2025,02,HYUNDAI,41,Sevilla,Private,BEV,UKL2,REST,Standard,4
2025,02,HYUNDAI,41,Sevilla,Private,ICE,UKL0,REST,Standard,6
2025,02,HYUNDAI,41,Sevilla,Private,ICE,UKL1,REST,Standard,24
2025,02,HYUNDAI,41,Sevilla,Private,ICE,UKL2,REST,Standard,19
2025,02,HYUNDAI,41,Sevilla,Private,PHEV,MKL,REST,Standard,1
2025,02,HYUNDAI,41,Sevilla,Private,PHEV,UKL2,REST,Standard,1
2025,02,JAECOO,41,Sevilla,Corporate,PHEV,UKL2,REST,Standard,1
2025,02,JAECOO,41,Sevilla,Private,ICE,UKL2,REST,Standard,13
2025,02,JAECOO,41,Sevilla,Private,PHEV,UKL2,REST,Standard,13
2025,02,JAGUAR,41,Sevilla,Corporate,ICE,KKL,FOCUS SEGMENT,Standard,2
2025,02,JAGUAR,41,Sevilla,RAC,ICE,KKL,FOCUS SEGMENT,Standard,1
2025,02,JAGUAR,41,Sevilla,RAC,ICE,UKL2,FOCUS SEGMENT,Standard,1
2025,02,JEEP,41,Sevilla,Corporate,ICE,UKL1,REST,Standard,4
2025,02,JEEP,41,Sevilla,Corporate,ICE,UKL2,REST,Standard,2
2025,02,JEEP,41,Sevilla,Private,ICE,UKL1,REST,Standard,9
2025,02,JEEP,41,Sevilla,Private,ICE,UKL2,REST,Standard,5
2025,02,JEEP,41,Sevilla,Private,PHEV,UKL2,REST,Standard,1
2025,02,KG MOBILITY,41,Sevilla,Corporate,ICE,MKL,REST,Standard,1
2025,02,KG MOBILITY,41,Sevilla,Private,ICE,UKL1,REST,Standard,2
2025,02,KIA,41,Sevilla,Corporate,ICE,UKL1,REST,Standard,2
2025,02,KIA,41,Sevilla,Private,BEV,UKL1,REST,Standard,5
2025,02,KIA,41,Sevilla,Private,ICE,KKL,REST,Standard,2
2025,02,KIA,41,Sevilla,Private,ICE,UKL0,REST,Standard,1
2025,02,KIA,41,Sevilla,Private,ICE,UKL1,REST,Standard,32
2025,02,KIA,41,Sevilla,Private,ICE,UKL2,REST,Standard,51
2025,02,LAND ROVER,41,Sevilla,Corporate,ICE,MKL,FOCUS SEGMENT,Standard,2
2025,02,LAND ROVER,41,Sevilla,Corporate,PHEV,UKL2,FOCUS SEGMENT,Standard,1
2025,02,LAND ROVER,41,Sevilla,Private,PHEV,UKL2,FOCUS SEGMENT,Standard,1
2025,02,LEAPMOTOR,41,Sevilla,Private,BEV,UKL0,REST,Standard,1
2025,02,LEXUS,41,Sevilla,Corporate,ICE,KKL,FOCUS SEGMENT,Standard,1
2025,02,LEXUS,41,Sevilla,Corporate,ICE,MKL,FOCUS SEGMENT,Standard,1
2025,02,LEXUS,41,Sevilla,Private,ICE,KKL,FOCUS SEGMENT,Standard,1
2025,02,LEXUS,41,Sevilla,Private,ICE,UKL1,FOCUS SEGMENT,Standard,4
2025,02,LEXUS,41,Sevilla,Private,ICE,UKL2,FOCUS SEGMENT,Standard,3
2025,02,LEXUS,41,Sevilla,Private,PHEV,KKL,FOCUS SEGMENT,Standard,4
2025,02,LEXUS,41,Sevilla,Private,PHEV,MKL,FOCUS SEGMENT,Standard,1
2025,02,LIVAN,41,Sevilla,Corporate,ICE,UKL1,REST,Standard,1
2025,02,LIVAN,41,Sevilla,Private,ICE,UKL1,REST,Standard,3
2025,02,MAZDA,41,Sevilla,Corporate,ICE,KKL,REST,Standard,1
2025,02,MAZDA,41,Sevilla,Corporate,ICE,UKL2,REST,Standard,4
2025,02,MAZDA,41,Sevilla,Corporate,PHEV,KKL,REST,Standard,1
2025,02,MAZDA,41,Sevilla,Private,ICE,UKL1,REST,Standard,2
2025,02,MAZDA,41,Sevilla,Private,ICE,UKL2,REST,Standard,29
2025,02,MERCEDES,41,Sevilla,Corporate,BEV,MKL,FOCUS SEGMENT,Standard,1
2025,02,MERCEDES,41,Sevilla,Corporate,BEV,UKL2,FOCUS SEGMENT,Standard,7
2025,02,MERCEDES,41,Sevilla,Corporate,ICE,KKL,FOCUS SEGMENT,Standard,7
2025,02,MERCEDES,41,Sevilla,Corporate,ICE,MKL,FOCUS SEGMENT,Standard,2
2025,02,MERCEDES,41,Sevilla,Corporate,ICE,MKL,REST,Standard,1
2025,02,MERCEDES,41,Sevilla,Corporate,ICE,SKL,REST,Standard,1
2025,02,MERCEDES,41,Sevilla,Corporate,ICE,UKL2,FOCUS SEGMENT,Standard,6
2025,02,MERCEDES,41,Sevilla,Corporate,PHEV,KKL,FOCUS SEGMENT,Standard,3
2025,02,MERCEDES,41,Sevilla,Corporate,PHEV,MKL,FOCUS SEGMENT,M Performance,2
2025,02,MERCEDES,41,Sevilla,Corporate,PHEV,MKL,FOCUS SEGMENT,Standard,2
2025,02,MERCEDES,41,Sevilla,Private,BEV,MKL,FOCUS SEGMENT,Standard,1
2025,02,MERCEDES,41,Sevilla,Private,BEV,UKL2,FOCUS SEGMENT,Standard,1
2025,02,MERCEDES,41,Sevilla,Private,ICE,KKL,FOCUS SEGMENT,M Performance,1
2025,02,MERCEDES,41,Sevilla,Private,ICE,KKL,FOCUS SEGMENT,Standard,18
2025,02,MERCEDES,41,Sevilla,Private,ICE,MKL,FOCUS SEGMENT,Standard,3
2025,02,MERCEDES,41,Sevilla,Private,ICE,SKL,REST,Standard,2
2025,02,MERCEDES,41,Sevilla,Private,ICE,UKL2,FOCUS SEGMENT,Standard,15
2025,02,MERCEDES,41,Sevilla,Private,PHEV,MKL,FOCUS SEGMENT,Standard,2
2025,02,MERCEDES,41,Sevilla,Private,PHEV,UKL2,FOCUS SEGMENT,Standard,4
2025,02,MERCEDES,41,Sevilla,RAC,ICE,GKL,FOCUS SEGMENT,M,1
2025,02,MG,41,Sevilla,Corporate,ICE,UKL1,REST,Standard,3
2025,02,MG,41,Sevilla,Private,ICE,KKL,REST,Standard,12
2025,02,MG,41,Sevilla,Private,ICE,UKL1,REST,Standard,112
2025,02,MG,41,Sevilla,Private,PHEV,KKL,REST,Standard,3
2025,02,MINI,41,Sevilla,Corporate,BEV,UKL1,FOCUS SEGMENT,Standard,4
2025,02,MINI,41,Sevilla,Corporate,BEV,UKL2,FOCUS SEGMENT,Standard,7
2025,02,MINI,41,Sevilla,Corporate,ICE,UKL1,FOCUS SEGMENT,Standard,8
2025,02,MINI,41,Sevilla,Corporate,ICE,UKL2,FOCUS SEGMENT,Standard,1
2025,02,MINI,41,Sevilla,Private,BEV,UKL1,FOCUS SEGMENT,Standard,5
2025,02,MINI,41,Sevilla,Private,BEV,UKL2,FOCUS SEGMENT,Standard,5
2025,02,MINI,41,Sevilla,Private,ICE,UKL1,FOCUS SEGMENT,Standard,3
2025,02,MINI,41,Sevilla,Private,ICE,UKL2,FOCUS SEGMENT,Standard,5
2025,02,MITSUBISHI,41,Sevilla,Corporate,ICE,UKL1,REST,Standard,2
2025,02,MITSUBISHI,41,Sevilla,Private,ICE,UKL2,REST,Standard,1
2025,02,NISSAN,41,Sevilla,Corporate,ICE,KKL,REST,Standard,2
2025,02,NISSAN,41,Sevilla,Corporate,ICE,UKL1,REST,Standard,2
2025,02,NISSAN,41,Sevilla,Corporate,ICE,UKL2,REST,Standard,5
2025,02,NISSAN,41,Sevilla,Private,ICE,KKL,REST,Standard,9
2025,02,NISSAN,41,Sevilla,Private,ICE,SKL,REST,Standard,1
2025,02,NISSAN,41,Sevilla,Private,ICE,UKL1,REST,Standard,7
2025,02,NISSAN,41,Sevilla,Private,ICE,UKL2,REST,Standard,21
2025,02,OMODA,41,Sevilla,Corporate,ICE,UKL2,REST,Standard,3
2025,02,OMODA,41,Sevilla,Private,ICE,UKL2,REST,Standard,16
2025,02,OPEL,41,Sevilla,Corporate,ICE,SKL,REST,Standard,3
2025,02,OPEL,41,Sevilla,Private,BEV,UKL1,REST,Standard,1
2025,02,OPEL,41,Sevilla,Private,ICE,SKL,REST,Standard,1
2025,02,OPEL,41,Sevilla,Private,ICE,UKL1,REST,Standard,8
2025,02,OPEL,41,Sevilla,Private,ICE,UKL2,REST,Standard,3
2025,02,PEUGEOT,41,Sevilla,Corporate,ICE,SKL,REST,Standard,1
2025,02,PEUGEOT,41,Sevilla,Corporate,ICE,UKL2,REST,Standard,2
2025,02,PEUGEOT,41,Sevilla,Private,BEV,UKL2,REST,Standard,2
2025,02,PEUGEOT,41,Sevilla,Private,ICE,KKL,REST,Standard,4
2025,02,PEUGEOT,41,Sevilla,Private,ICE,SKL,REST,Standard,3
2025,02,PEUGEOT,41,Sevilla,Private,ICE,UKL1,REST,Standard,29
2025,02,PEUGEOT,41,Sevilla,Private,ICE,UKL2,REST,Standard,13
2025,02,PORSCHE,41,Sevilla,Corporate,BEV,KKL,FOCUS SEGMENT,M Performance,1
2025,02,PORSCHE,41,Sevilla,Corporate,BEV,KKL,FOCUS SEGMENT,Standard,1
2025,02,PORSCHE,41,Sevilla,Corporate,PHEV,GKL,FOCUS SEGMENT,M Performance,1
2025,02,PORSCHE,41,Sevilla,Private,BEV,KKL,FOCUS SEGMENT,Standard,1
2025,02,PORSCHE,41,Sevilla,Private,PHEV,GKL,FOCUS SEGMENT,Standard,1
2025,02,RENAULT,41,Sevilla,Corporate,ICE,UKL1,REST,Standard,2
2025,02,RENAULT,41,Sevilla,Corporate,ICE,UKL2,REST,Standard,3
2025,02,RENAULT,41,Sevilla,Private,BEV,UKL1,REST,Standard,2
2025,02,RENAULT,41,Sevilla,Private,ICE,KKL,REST,Standard,1
2025,02,RENAULT,41,Sevilla,Private,ICE,UKL1,REST,Standard,20
2025,02,RENAULT,41,Sevilla,Private,ICE,UKL2,REST,Standard,26
2025,02,RENAULT,41,Sevilla,Private,PHEV,UKL2,REST,Standard,3
2025,02,SEAT,41,Sevilla,Corporate,ICE,UKL1,REST,Standard,5
2025,02,SEAT,41,Sevilla,Corporate,ICE,UKL2,REST,Standard,12
2025,02,SEAT,41,Sevilla,Corporate,PHEV,UKL2,REST,Standard,2
2025,02,SEAT,41,Sevilla,Private,ICE,KKL,REST,Standard,2
2025,02,SEAT,41,Sevilla,Private,ICE,UKL1,REST,Standard,44
2025,02,SEAT,41,Sevilla,Private,ICE,UKL2,REST,Standard,41
2025,02,SHINERAY,41,Sevilla,Private,ICE,MKL,REST,Standard,6
2025,02,SKODA,41,Sevilla,Corporate,ICE,UKL1,REST,Standard,6
2025,02,SKODA,41,Sevilla,Corporate,ICE,UKL2,REST,Standard,3
2025,02,SKODA,41,Sevilla,Private,ICE,KKL,REST,Standard,1
2025,02,SKODA,41,Sevilla,Private,ICE,UKL1,REST,Standard,19
2025,02,SKODA,41,Sevilla,Private,ICE,UKL2,REST,Standard,10
2025,02,SUBARU,41,Sevilla,Corporate,ICE,KKL,REST,Standard,3
2025,02,SUBARU,41,Sevilla,Private,ICE,UKL2,REST,Standard,1
2025,02,SUZUKI,41,Sevilla,Private,ICE,UKL2,REST,Standard,5
2025,02,TESLA,41,Sevilla,Corporate,BEV,KKL,FOCUS SEGMENT,Standard,3
2025,02,TESLA,41,Sevilla,Private,BEV,KKL,FOCUS SEGMENT,Standard,15
2025,02,TOYOTA,41,Sevilla,Corporate,BEV,UKL2,REST,Standard,1
2025,02,TOYOTA,41,Sevilla,Corporate,ICE,GKL,REST,Standard,4
2025,02,TOYOTA,41,Sevilla,Corporate,ICE,MKL,REST,Standard,1
2025,02,TOYOTA,41,Sevilla,Corporate,ICE,SKL,REST,Standard,2
2025,02,TOYOTA,41,Sevilla,Corporate,ICE,UKL0,REST,Standard,2
2025,02,TOYOTA,41,Sevilla,Corporate,ICE,UKL1,REST,Standard,7
2025,02,TOYOTA,41,Sevilla,Corporate,ICE,UKL2,REST,Standard,11
2025,02,TOYOTA,41,Sevilla,Corporate,PHEV,UKL1,REST,Standard,3
2025,02,TOYOTA,41,Sevilla,Corporate,PHEV,UKL2,REST,Standard,1
2025,02,TOYOTA,41,Sevilla,Private,BEV,UKL2,REST,Standard,4
2025,02,TOYOTA,41,Sevilla,Private,ICE,GKL,REST,Standard,2
2025,02,TOYOTA,41,Sevilla,Private,ICE,UKL0,REST,Standard,4
2025,02,TOYOTA,41,Sevilla,Private,ICE,UKL1,REST,Standard,90
2025,02,TOYOTA,41,Sevilla,Private,ICE,UKL2,REST,Standard,65
2025,02,TOYOTA,41,Sevilla,Private,PHEV,UKL1,REST,Standard,16
2025,02,TOYOTA,41,Sevilla,Private,PHEV,UKL2,REST,Standard,6
2025,02,TOYOTA,41,Sevilla,RAC,ICE,UKL0,REST,Standard,10
2025,02,VOLKSWAGEN,41,Sevilla,Corporate,BEV,SKL,REST,Standard,1
2025,02,VOLKSWAGEN,41,Sevilla,Corporate,ICE,UKL1,REST,Standard,3
2025,02,VOLKSWAGEN,41,Sevilla,Corporate,ICE,UKL2,REST,Standard,6
2025,02,VOLKSWAGEN,41,Sevilla,Private,ICE,SKL,REST,Standard,2
2025,02,VOLKSWAGEN,41,Sevilla,Private,ICE,UKL1,REST,Standard,69
2025,02,VOLKSWAGEN,41,Sevilla,Private,ICE,UKL2,REST,Standard,54
2025,02,VOLKSWAGEN,41,Sevilla,Private,PHEV,UKL2,REST,Standard,1
2025,02,VOLVO,41,Sevilla,Corporate,ICE,KKL,FOCUS SEGMENT,Standard,4
2025,02,VOLVO,41,Sevilla,Corporate,ICE,MKL,FOCUS SEGMENT,Standard,1
2025,02,VOLVO,41,Sevilla,Corporate,ICE,UKL2,FOCUS SEGMENT,Standard,2
2025,02,VOLVO,41,Sevilla,Corporate,PHEV,KKL,FOCUS SEGMENT,Standard,1
2025,02,VOLVO,41,Sevilla,Private,ICE,KKL,FOCUS SEGMENT,Standard,2
2025,02,VOLVO,41,Sevilla,Private,ICE,MKL,FOCUS SEGMENT,Standard,1
2025,02,VOLVO,41,Sevilla,Private,ICE,UKL2,FOCUS SEGMENT,Standard,7
2025,02,VOLVO,41,Sevilla,Private,PHEV,KKL,FOCUS SEGMENT,Standard,1
2025,02,VOLVO,41,Sevilla,Private,PHEV,MKL,FOCUS SEGMENT,Standard,1
2025,02,AUDI,42,Soria,Corporate,ICE,UKL2,FOCUS SEGMENT,Standard,1
2025,02,AUDI,42,Soria,Private,ICE,MKL,FOCUS SEGMENT,Standard,1
2025,02,AUDI,42,Soria,Private,ICE,UKL2,FOCUS SEGMENT,Standard,1
2025,02,BMW,42,Soria,Corporate,ICE,UKL2,FOCUS SEGMENT,Standard,1
2025,02,BYD,42,Soria,Private,BEV,UKL1,REST,Standard,1
2025,02,CITROEN,42,Soria,Corporate,ICE,UKL2,REST,Standard,1
2025,02,CITROEN,42,Soria,Private,ICE,UKL2,REST,Standard,1
2025,02,CUPRA,42,Soria,Private,ICE,UKL2,REST,Standard,1
2025,02,DACIA,42,Soria,Private,ICE,SKL,REST,Standard,4
2025,02,DACIA,42,Soria,Private,ICE,UKL1,REST,Standard,1
2025,02,DACIA,42,Soria,Private,ICE,UKL2,REST,Standard,2
2025,02,FIAT,42,Soria,Corporate,ICE,UKL0,REST,Standard,1
2025,02,FIAT,42,Soria,Private,ICE,UKL0,REST,Standard,1
2025,02,FIAT,42,Soria,Private,ICE,UKL1,REST,Standard,1
2025,02,FORD,42,Soria,Corporate,ICE,UKL2,REST,Standard,2
2025,02,HYUNDAI,42,Soria,Private,BEV,UKL2,REST,Standard,1
2025,02,HYUNDAI,42,Soria,Private,ICE,UKL0,REST,Standard,1
2025,02,HYUNDAI,42,Soria,Private,ICE,UKL1,REST,Standard,1
2025,02,HYUNDAI,42,Soria,Private,ICE,UKL2,REST,Standard,1
2025,02,JAECOO,42,Soria,Private,PHEV,UKL2,REST,Standard,1
2025,02,KIA,42,Soria,Corporate,ICE,UKL1,REST,Standard,1
2025,02,KIA,42,Soria,Corporate,ICE,UKL2,REST,Standard,2
2025,02,MAZDA,42,Soria,Private,ICE,UKL2,REST,Standard,1
2025,02,MERCEDES,42,Soria,Corporate,BEV,UKL2,FOCUS SEGMENT,Standard,1
2025,02,MERCEDES,42,Soria,Corporate,ICE,KKL,FOCUS SEGMENT,Standard,1
2025,02,MERCEDES,42,Soria,Corporate,ICE,MKL,FOCUS SEGMENT,M Performance,1
2025,02,MERCEDES,42,Soria,Corporate,ICE,MKL,FOCUS SEGMENT,Standard,1
2025,02,MERCEDES,42,Soria,Corporate,ICE,MKL,REST,Standard,1
2025,02,MERCEDES,42,Soria,Corporate,ICE,UKL2,FOCUS SEGMENT,Standard,1
2025,02,MERCEDES,42,Soria,Private,ICE,UKL2,FOCUS SEGMENT,Standard,1
2025,02,MERCEDES-V,42,Soria,Corporate,ICE,SKL,REST,Standard,1
2025,02,MG,42,Soria,Corporate,ICE,UKL1,REST,Standard,2
2025,02,MG,42,Soria,Corporate,PHEV,KKL,REST,Standard,1
2025,02,MITSUBISHI,42,Soria,Corporate,ICE,UKL1,REST,Standard,1
2025,02,MITSUBISHI,42,Soria,Corporate,ICE,UKL2,REST,Standard,1
2025,02,NISSAN,42,Soria,Corporate,ICE,UKL2,REST,Standard,1
2025,02,NISSAN,42,Soria,Private,ICE,KKL,REST,Standard,1
2025,02,OMODA,42,Soria,Private,ICE,UKL2,REST,Standard,1
2025,02,PEUGEOT,42,Soria,Corporate,ICE,UKL1,REST,Standard,1
2025,02,PEUGEOT,42,Soria,Private,ICE,KKL,REST,Standard,1
2025,02,PEUGEOT,42,Soria,Private,ICE,SKL,REST,Standard,2
2025,02,PEUGEOT,42,Soria,Private,ICE,UKL2,REST,Standard,1
2025,02,RENAULT,42,Soria,Corporate,ICE,UKL2,REST,Standard,1
2025,02,RENAULT,42,Soria,Private,ICE,UKL1,REST,Standard,2
2025,02,RENAULT,42,Soria,Private,ICE,UKL2,REST,Standard,1
2025,02,SEAT,42,Soria,Corporate,ICE,UKL1,REST,Standard,1
2025,02,SEAT,42,Soria,Corporate,ICE,UKL2,REST,Standard,1
2025,02,SEAT,42,Soria,Private,ICE,UKL2,REST,Standard,1
2025,02,SUZUKI,42,Soria,Private,ICE,UKL1,REST,Standard,1
2025,02,SUZUKI,42,Soria,Private,ICE,UKL2,REST,Standard,1
2025,02,TESLA,42,Soria,Private,BEV,KKL,FOCUS SEGMENT,Standard,1
2025,02,TOYOTA,42,Soria,Corporate,ICE,SKL,REST,Standard,2
2025,02,TOYOTA,42,Soria,Corporate,PHEV,UKL2,REST,Standard,1
2025,02,TOYOTA,42,Soria,Private,BEV,UKL2,REST,Standard,1
2025,02,TOYOTA,42,Soria,Private,ICE,SKL,REST,Standard,1
2025,02,TOYOTA,42,Soria,Private,ICE,UKL0,REST,Standard,1
2025,02,TOYOTA,42,Soria,Private,ICE,UKL1,REST,Standard,5
2025,02,TOYOTA,42,Soria,Private,ICE,UKL2,REST,Standard,2
2025,02,TOYOTA,42,Soria,Private,PHEV,UKL1,REST,Standard,1
2025,02,VOLKSWAGEN,42,Soria,Corporate,ICE,UKL1,REST,Standard,1
2025,02,VOLKSWAGEN,42,Soria,Corporate,ICE,UKL2,REST,Standard,1
2025,02,AUDI,43,Tarragona,Corporate,ICE,KKL,FOCUS SEGMENT,Standard,2
2025,02,AUDI,43,Tarragona,Corporate,ICE,UKL1,FOCUS SEGMENT,Standard,7
2025,02,AUDI,43,Tarragona,Corporate,ICE,UKL2,FOCUS SEGMENT,M,1
2025,02,AUDI,43,Tarragona,Corporate,ICE,UKL2,FOCUS SEGMENT,Standard,6
2025,02,AUDI,43,Tarragona,Private,ICE,KKL,FOCUS SEGMENT,Standard,5
2025,02,AUDI,43,Tarragona,Private,ICE,UKL1,FOCUS SEGMENT,Standard,3
2025,02,AUDI,43,Tarragona,Private,ICE,UKL2,FOCUS SEGMENT,Standard,12
2025,02,BMW,43,Tarragona,Corporate,BEV,UKL2,FOCUS SEGMENT,Standard,1
2025,02,BMW,43,Tarragona,Corporate,ICE,KKL,FOCUS SEGMENT,M Performance,1
2025,02,BMW,43,Tarragona,Corporate,ICE,UKL2,FOCUS SEGMENT,M,1
2025,02,BMW,43,Tarragona,Corporate,ICE,UKL2,FOCUS SEGMENT,Standard,2
2025,02,BMW,43,Tarragona,Corporate,PHEV,MKL,FOCUS SEGMENT,Standard,1
2025,02,BMW,43,Tarragona,Corporate,PHEV,UKL2,FOCUS SEGMENT,Standard,2
2025,02,BMW,43,Tarragona,Private,BEV,UKL2,FOCUS SEGMENT,Standard,1
2025,02,BMW,43,Tarragona,Private,ICE,KKL,FOCUS SEGMENT,Standard,2
2025,02,BMW,43,Tarragona,Private,ICE,UKL2,FOCUS SEGMENT,Standard,10
2025,02,BMW,43,Tarragona,Private,PHEV,KKL,FOCUS SEGMENT,Standard,1
2025,02,BYD,43,Tarragona,Corporate,BEV,KKL,REST,Standard,1
2025,02,BYD,43,Tarragona,Corporate,BEV,UKL1,REST,Standard,1
2025,02,BYD,43,Tarragona,Private,BEV,KKL,REST,Standard,3
2025,02,BYD,43,Tarragona,Private,BEV,UKL1,REST,Standard,7
2025,02,BYD,43,Tarragona,Private,BEV,UKL2,REST,Standard,6
2025,02,BYD,43,Tarragona,Private,PHEV,KKL,REST,Standard,4
2025,02,CITROEN,43,Tarragona,Corporate,BEV,UKL1,REST,Standard,2
2025,02,CITROEN,43,Tarragona,Private,BEV,SKL,REST,Standard,1
2025,02,CITROEN,43,Tarragona,Private,BEV,UKL1,REST,Standard,4
2025,02,CITROEN,43,Tarragona,Private,ICE,UKL1,REST,Standard,19
2025,02,CITROEN,43,Tarragona,Private,ICE,UKL2,REST,Standard,17
2025,02,CUPRA,43,Tarragona,Corporate,ICE,UKL2,REST,Standard,2
2025,02,CUPRA,43,Tarragona,Corporate,PHEV,UKL2,REST,Standard,1
2025,02,CUPRA,43,Tarragona,Private,ICE,UKL2,REST,Standard,12
2025,02,CUPRA,43,Tarragona,Private,PHEV,UKL2,REST,Standard,4
2025,02,DACIA,43,Tarragona,Corporate,BEV,UKL0,REST,Standard,2
2025,02,DACIA,43,Tarragona,Corporate,ICE,SKL,REST,Standard,3
2025,02,DACIA,43,Tarragona,Corporate,ICE,UKL1,REST,Standard,2
2025,02,DACIA,43,Tarragona,Private,ICE,SKL,REST,Standard,16
2025,02,DACIA,43,Tarragona,Private,ICE,UKL1,REST,Standard,36
2025,02,DACIA,43,Tarragona,Private,ICE,UKL2,REST,Standard,8
2025,02,DFSK,43,Tarragona,Private,PHEV,KKL,REST,Standard,2
2025,02,EBRO,43,Tarragona,Corporate,ICE,KKL,REST,Standard,3
2025,02,EBRO,43,Tarragona,Corporate,ICE,UKL2,REST,Standard,6
2025,02,EBRO,43,Tarragona,Private,ICE,UKL2,REST,Standard,4
2025,02,FIAT,43,Tarragona,Private,ICE,UKL0,REST,Standard,1
2025,02,FIAT,43,Tarragona,Private,ICE,UKL2,REST,Standard,1
2025,02,FORD,43,Tarragona,Corporate,ICE,SKL,REST,Standard,1
2025,02,FORD,43,Tarragona,Corporate,ICE,UKL1,REST,Standard,3
2025,02,FORD,43,Tarragona,Corporate,ICE,UKL2,REST,Standard,7
2025,02,FORD,43,Tarragona,Private,ICE,MKL,REST,Standard,1
2025,02,FORD,43,Tarragona,Private,ICE,SKL,REST,Standard,11
2025,02,FORD,43,Tarragona,Private,ICE,UKL1,REST,Standard,9
2025,02,FORD,43,Tarragona,Private,ICE,UKL2,REST,Standard,15
2025,02,FORD,43,Tarragona,Private,PHEV,SKL,REST,Standard,1
2025,02,FORD,43,Tarragona,Private,PHEV,UKL2,REST,Standard,2
2025,02,HONDA,43,Tarragona,Corporate,ICE,UKL1,REST,Standard,1
2025,02,HONDA,43,Tarragona,Private,ICE,UKL1,REST,Standard,2
2025,02,HONDA,43,Tarragona,Private,ICE,UKL2,REST,Standard,4
2025,02,HYUNDAI,43,Tarragona,Corporate,BEV,UKL2,REST,Standard,3
2025,02,HYUNDAI,43,Tarragona,Corporate,ICE,MKL,REST,Standard,1
2025,02,HYUNDAI,43,Tarragona,Corporate,ICE,UKL1,REST,Standard,4
2025,02,HYUNDAI,43,Tarragona,Corporate,ICE,UKL2,REST,Standard,2
2025,02,HYUNDAI,43,Tarragona,Private,BEV,UKL2,REST,Standard,1
2025,02,HYUNDAI,43,Tarragona,Private,ICE,UKL0,REST,Standard,6
2025,02,HYUNDAI,43,Tarragona,Private,ICE,UKL1,REST,Standard,28
2025,02,HYUNDAI,43,Tarragona,Private,ICE,UKL2,REST,Standard,12
2025,02,HYUNDAI,43,Tarragona,Private,PHEV,UKL2,REST,Standard,5
2025,02,JAECOO,43,Tarragona,Private,ICE,UKL2,REST,Standard,3
2025,02,JAECOO,43,Tarragona,Private,PHEV,UKL2,REST,Standard,13
2025,02,JAGUAR,43,Tarragona,Private,PHEV,KKL,FOCUS SEGMENT,Standard,1
2025,02,JEEP,43,Tarragona,Corporate,PHEV,UKL2,REST,Standard,1
2025,02,JEEP,43,Tarragona,Private,ICE,UKL1,REST,Standard,5
2025,02,JEEP,43,Tarragona,Private,ICE,UKL2,REST,Standard,2
2025,02,JEEP,43,Tarragona,Private,PHEV,UKL1,REST,Standard,1
2025,02,JEEP,43,Tarragona,RAC,ICE,UKL1,REST,Standard,4
2025,02,KG MOBILITY,43,Tarragona,Private,ICE,MKL,REST,Standard,2
2025,02,KIA,43,Tarragona,Corporate,ICE,UKL1,REST,Standard,1
2025,02,KIA,43,Tarragona,Corporate,ICE,UKL2,REST,Standard,15
2025,02,KIA,43,Tarragona,Private,BEV,UKL1,REST,Standard,11
2025,02,KIA,43,Tarragona,Private,ICE,KKL,REST,Standard,2
2025,02,KIA,43,Tarragona,Private,ICE,UKL0,REST,Standard,1
2025,02,KIA,43,Tarragona,Private,ICE,UKL1,REST,Standard,14
2025,02,KIA,43,Tarragona,Private,ICE,UKL2,REST,Standard,32
2025,02,KIA,43,Tarragona,Private,PHEV,UKL2,REST,Standard,1
2025,02,LEXUS,43,Tarragona,Corporate,ICE,KKL,FOCUS SEGMENT,Standard,1
2025,02,LEXUS,43,Tarragona,Corporate,ICE,UKL1,FOCUS SEGMENT,Standard,1
2025,02,LEXUS,43,Tarragona,Corporate,PHEV,KKL,FOCUS SEGMENT,Standard,2
2025,02,LEXUS,43,Tarragona,Private,ICE,KKL,FOCUS SEGMENT,Standard,3
2025,02,LEXUS,43,Tarragona,Private,PHEV,KKL,FOCUS SEGMENT,Standard,4
2025,02,MAZDA,43,Tarragona,Corporate,ICE,UKL1,REST,Standard,3
2025,02,MAZDA,43,Tarragona,Corporate,ICE,UKL2,REST,Standard,4
2025,02,MAZDA,43,Tarragona,Private,ICE,KKL,REST,Standard,1
2025,02,MAZDA,43,Tarragona,Private,ICE,UKL1,REST,Standard,4
2025,02,MAZDA,43,Tarragona,Private,ICE,UKL2,REST,Standard,13
2025,02,MAZDA,43,Tarragona,Private,PHEV,UKL2,REST,Standard,1
2025,02,MERCEDES,43,Tarragona,Corporate,BEV,UKL2,FOCUS SEGMENT,Standard,2
2025,02,MERCEDES,43,Tarragona,Corporate,ICE,GKL,FOCUS SEGMENT,Standard,1
2025,02,MERCEDES,43,Tarragona,Corporate,ICE,KKL,FOCUS SEGMENT,M Performance,1
2025,02,MERCEDES,43,Tarragona,Corporate,ICE,KKL,FOCUS SEGMENT,Standard,3
2025,02,MERCEDES,43,Tarragona,Corporate,ICE,MKL,REST,Standard,1
2025,02,MERCEDES,43,Tarragona,Corporate,ICE,UKL2,FOCUS SEGMENT,Standard,3
2025,02,MERCEDES,43,Tarragona,Corporate,PHEV,KKL,FOCUS SEGMENT,Standard,2
2025,02,MERCEDES,43,Tarragona,Corporate,PHEV,MKL,FOCUS SEGMENT,Standard,1
2025,02,MERCEDES,43,Tarragona,Private,ICE,KKL,FOCUS SEGMENT,Standard,1
2025,02,MERCEDES,43,Tarragona,Private,ICE,MKL,FOCUS SEGMENT,Standard,1
2025,02,MERCEDES,43,Tarragona,Private,ICE,SKL,REST,Standard,2
2025,02,MERCEDES,43,Tarragona,Private,ICE,UKL2,FOCUS SEGMENT,Standard,3
2025,02,MERCEDES,43,Tarragona,Private,PHEV,KKL,FOCUS SEGMENT,Standard,1
2025,02,MERCEDES-V,43,Tarragona,Private,ICE,SKL,REST,Standard,1
2025,02,MG,43,Tarragona,Corporate,ICE,UKL1,REST,Standard,3
2025,02,MG,43,Tarragona,Corporate,PHEV,KKL,REST,Standard,1
2025,02,MG,43,Tarragona,Private,BEV,UKL2,REST,Standard,2
2025,02,MG,43,Tarragona,Private,ICE,KKL,REST,Standard,2
2025,02,MG,43,Tarragona,Private,ICE,UKL1,REST,Standard,54
2025,02,MG,43,Tarragona,Private,PHEV,KKL,REST,Standard,4
2025,02,MINI,43,Tarragona,Corporate,BEV,UKL1,FOCUS SEGMENT,Standard,7
2025,02,MINI,43,Tarragona,Corporate,BEV,UKL2,FOCUS SEGMENT,Standard,1
2025,02,MINI,43,Tarragona,Corporate,ICE,UKL1,FOCUS SEGMENT,JCW,1
2025,02,MINI,43,Tarragona,Corporate,ICE,UKL1,FOCUS SEGMENT,Standard,7
2025,02,MINI,43,Tarragona,Private,BEV,UKL1,FOCUS SEGMENT,Standard,5
2025,02,MINI,43,Tarragona,Private,ICE,UKL1,FOCUS SEGMENT,JCW,1
2025,02,MINI,43,Tarragona,Private,ICE,UKL1,FOCUS SEGMENT,Standard,1
2025,02,NISSAN,43,Tarragona,Corporate,BEV,UKL2,REST,Standard,2
2025,02,NISSAN,43,Tarragona,Corporate,ICE,KKL,REST,Standard,1
2025,02,NISSAN,43,Tarragona,Corporate,ICE,UKL2,REST,Standard,2
2025,02,NISSAN,43,Tarragona,Private,BEV,UKL2,REST,Standard,1
2025,02,NISSAN,43,Tarragona,Private,ICE,KKL,REST,Standard,2
2025,02,NISSAN,43,Tarragona,Private,ICE,SKL,REST,Standard,1
2025,02,NISSAN,43,Tarragona,Private,ICE,UKL1,REST,Standard,10
2025,02,NISSAN,43,Tarragona,Private,ICE,UKL2,REST,Standard,10
2025,02,OMODA,43,Tarragona,Corporate,ICE,UKL2,REST,Standard,3
2025,02,OMODA,43,Tarragona,Private,BEV,UKL2,REST,Standard,1
2025,02,OMODA,43,Tarragona,Private,ICE,UKL2,REST,Standard,10
2025,02,OMODA,43,Tarragona,RAC,ICE,UKL2,REST,Standard,2
2025,02,OPEL,43,Tarragona,Corporate,BEV,SKL,REST,Standard,1
2025,02,OPEL,43,Tarragona,Corporate,BEV,UKL2,REST,Standard,1
2025,02,OPEL,43,Tarragona,Corporate,ICE,UKL1,REST,Standard,10
2025,02,OPEL,43,Tarragona,Corporate,ICE,UKL2,REST,Standard,3
2025,02,OPEL,43,Tarragona,Private,BEV,UKL1,REST,Standard,1
2025,02,OPEL,43,Tarragona,Private,ICE,SKL,REST,Standard,1
2025,02,OPEL,43,Tarragona,Private,ICE,UKL1,REST,Standard,5
2025,02,OPEL,43,Tarragona,Private,ICE,UKL2,REST,Standard,2
2025,02,OPEL,43,Tarragona,Private,PHEV,UKL2,REST,Standard,1
2025,02,PEUGEOT,43,Tarragona,Corporate,BEV,UKL2,REST,Standard,1
2025,02,PEUGEOT,43,Tarragona,Corporate,ICE,SKL,REST,Standard,1
2025,02,PEUGEOT,43,Tarragona,Corporate,ICE,UKL1,REST,Standard,25
2025,02,PEUGEOT,43,Tarragona,Private,BEV,UKL1,REST,Standard,2
2025,02,PEUGEOT,43,Tarragona,Private,ICE,KKL,REST,Standard,1
2025,02,PEUGEOT,43,Tarragona,Private,ICE,SKL,REST,Standard,8
2025,02,PEUGEOT,43,Tarragona,Private,ICE,UKL1,REST,Standard,14
2025,02,PEUGEOT,43,Tarragona,Private,ICE,UKL2,REST,Standard,8
2025,02,PORSCHE,43,Tarragona,Corporate,BEV,KKL,FOCUS SEGMENT,Standard,1
2025,02,PORSCHE,43,Tarragona,Private,ICE,GKL,FOCUS SEGMENT,M,2
2025,02,PORSCHE,43,Tarragona,Private,ICE,GKL,FOCUS SEGMENT,Standard,1
2025,02,RENAULT,43,Tarragona,Corporate,BEV,UKL1,REST,Standard,1
2025,02,RENAULT,43,Tarragona,Corporate,ICE,UKL1,REST,Standard,7
2025,02,RENAULT,43,Tarragona,Private,ICE,SKL,REST,Standard,1
2025,02,RENAULT,43,Tarragona,Private,ICE,UKL1,REST,Standard,22
2025,02,RENAULT,43,Tarragona,Private,ICE,UKL2,REST,Standard,9
2025,02,RENAULT,43,Tarragona,Private,PHEV,UKL2,REST,Standard,1
2025,02,SEAT,43,Tarragona,Corporate,ICE,UKL1,REST,Standard,4
2025,02,SEAT,43,Tarragona,Corporate,ICE,UKL2,REST,Standard,1
2025,02,SEAT,43,Tarragona,Corporate,PHEV,UKL2,REST,Standard,1
2025,02,SEAT,43,Tarragona,Private,ICE,KKL,REST,Standard,1
2025,02,SEAT,43,Tarragona,Private,ICE,UKL1,REST,Standard,36
2025,02,SEAT,43,Tarragona,Private,ICE,UKL2,REST,Standard,22
2025,02,SEAT,43,Tarragona,Private,PHEV,UKL2,REST,Standard,3
2025,02,SKODA,43,Tarragona,Corporate,BEV,UKL2,REST,Standard,1
2025,02,SKODA,43,Tarragona,Corporate,ICE,UKL1,REST,Standard,4
2025,02,SKODA,43,Tarragona,Corporate,ICE,UKL2,REST,Standard,2
2025,02,SKODA,43,Tarragona,Private,ICE,UKL1,REST,Standard,17
2025,02,SKODA,43,Tarragona,Private,ICE,UKL2,REST,Standard,9
2025,02,SMART,43,Tarragona,Private,BEV,UKL1,FOCUS SEGMENT,Standard,1
2025,02,SUBARU,43,Tarragona,Corporate,ICE,KKL,REST,Standard,1
2025,02,SUBARU,43,Tarragona,Private,ICE,KKL,REST,Standard,3
2025,02,SUZUKI,43,Tarragona,Corporate,ICE,UKL1,REST,Standard,1
2025,02,SUZUKI,43,Tarragona,Corporate,ICE,UKL2,REST,Standard,2
2025,02,SUZUKI,43,Tarragona,Private,ICE,UKL1,REST,Standard,7
2025,02,SUZUKI,43,Tarragona,Private,ICE,UKL2,REST,Standard,6
2025,02,TESLA,43,Tarragona,Corporate,BEV,KKL,FOCUS SEGMENT,Standard,4
2025,02,TESLA,43,Tarragona,Private,BEV,KKL,FOCUS SEGMENT,Standard,8
2025,02,TOYOTA,43,Tarragona,Corporate,ICE,UKL1,REST,Standard,8
2025,02,TOYOTA,43,Tarragona,Corporate,ICE,UKL2,REST,Standard,8
2025,02,TOYOTA,43,Tarragona,Corporate,PHEV,UKL1,REST,Standard,4
2025,02,TOYOTA,43,Tarragona,Corporate,PHEV,UKL2,REST,Standard,3
2025,02,TOYOTA,43,Tarragona,Private,BEV,UKL2,REST,Standard,2
2025,02,TOYOTA,43,Tarragona,Private,ICE,SKL,REST,Standard,2
2025,02,TOYOTA,43,Tarragona,Private,ICE,UKL1,REST,Standard,50
2025,02,TOYOTA,43,Tarragona,Private,ICE,UKL2,REST,Standard,30
2025,02,TOYOTA,43,Tarragona,Private,PHEV,UKL1,REST,Standard,11
2025,02,TOYOTA,43,Tarragona,Private,PHEV,UKL2,REST,Standard,7
2025,02,VOLKSWAGEN,43,Tarragona,Corporate,BEV,SKL,REST,Standard,1
2025,02,VOLKSWAGEN,43,Tarragona,Corporate,ICE,UKL1,REST,Standard,1
2025,02,VOLKSWAGEN,43,Tarragona,Corporate,ICE,UKL2,REST,Standard,6
2025,02,VOLKSWAGEN,43,Tarragona,Corporate,PHEV,UKL2,REST,Standard,3
2025,02,VOLKSWAGEN,43,Tarragona,Private,BEV,UKL2,REST,Standard,1
2025,02,VOLKSWAGEN,43,Tarragona,Private,ICE,SKL,REST,Standard,6
2025,02,VOLKSWAGEN,43,Tarragona,Private,ICE,UKL1,REST,Standard,17
2025,02,VOLKSWAGEN,43,Tarragona,Private,ICE,UKL2,REST,Standard,15
2025,02,VOLKSWAGEN,43,Tarragona,Private,PHEV,UKL2,REST,Standard,2
2025,02,VOLVO,43,Tarragona,Corporate,BEV,MKL,FOCUS SEGMENT,Standard,1
2025,02,VOLVO,43,Tarragona,Corporate,BEV,UKL1,FOCUS SEGMENT,Standard,1
2025,02,VOLVO,43,Tarragona,Private,BEV,UKL1,FOCUS SEGMENT,Standard,1
2025,02,VOLVO,43,Tarragona,Private,ICE,KKL,FOCUS SEGMENT,Standard,1
2025,02,VOLVO,43,Tarragona,Private,ICE,UKL2,FOCUS SEGMENT,Standard,4
2025,02,XPENG,43,Tarragona,Corporate,BEV,KKL,FOCUS SEGMENT,Standard,1
2025,02,AUDI,44,Teruel,Corporate,PHEV,KKL,FOCUS SEGMENT,Standard,2
2025,02,AUDI,44,Teruel,Private,ICE,UKL2,FOCUS SEGMENT,Standard,2
2025,02,BMW,44,Teruel,Corporate,BEV,UKL2,FOCUS SEGMENT,Standard,1
2025,02,BMW,44,Teruel,Corporate,ICE,GKL,FOCUS SEGMENT,Standard,1
2025,02,BMW,44,Teruel,Corporate,ICE,UKL2,FOCUS SEGMENT,Standard,2
2025,02,BMW,44,Teruel,Private,ICE,UKL2,FOCUS SEGMENT,Standard,1
2025,02,BMW,44,Teruel,RAC,ICE,UKL2,FOCUS SEGMENT,M Performance,1
2025,02,BYD,44,Teruel,Private,PHEV,KKL,REST,Standard,1
2025,02,CITROEN,44,Teruel,Corporate,ICE,UKL1,REST,Standard,1
2025,02,CUPRA,44,Teruel,Private,ICE,UKL2,REST,Standard,3
2025,02,DACIA,44,Teruel,Corporate,BEV,UKL0,REST,Standard,1
2025,02,DACIA,44,Teruel,Private,ICE,SKL,REST,Standard,3
2025,02,DACIA,44,Teruel,Private,ICE,UKL1,REST,Standard,2
2025,02,EBRO,44,Teruel,Private,ICE,UKL2,REST,Standard,1
2025,02,FORD,44,Teruel,Private,ICE,UKL2,REST,Standard,2
2025,02,HYUNDAI,44,Teruel,Corporate,ICE,UKL1,REST,Standard,2
2025,02,HYUNDAI,44,Teruel,Corporate,PHEV,UKL2,REST,Standard,1
2025,02,HYUNDAI,44,Teruel,Private,ICE,UKL1,REST,Standard,1
2025,02,HYUNDAI,44,Teruel,Private,ICE,UKL2,REST,Standard,3
2025,02,KG MOBILITY,44,Teruel,Private,ICE,UKL1,REST,Standard,1
2025,02,KIA,44,Teruel,Corporate,BEV,UKL1,REST,Standard,1
2025,02,KIA,44,Teruel,Corporate,ICE,UKL2,REST,Standard,1
2025,02,KIA,44,Teruel,Private,ICE,UKL1,REST,Standard,2
2025,02,KIA,44,Teruel,Private,ICE,UKL2,REST,Standard,3
2025,02,LAND ROVER,44,Teruel,Corporate,ICE,MKL,FOCUS SEGMENT,Standard,1
2025,02,LEXUS,44,Teruel,Private,ICE,UKL1,FOCUS SEGMENT,Standard,1
2025,02,MAZDA,44,Teruel,Corporate,ICE,UKL2,REST,Standard,1
2025,02,MAZDA,44,Teruel,Private,ICE,UKL2,REST,Standard,1
2025,02,MERCEDES,44,Teruel,Corporate,ICE,KKL,FOCUS SEGMENT,Standard,1
2025,02,MERCEDES,44,Teruel,Private,ICE,KKL,FOCUS SEGMENT,Standard,1
2025,02,MG,44,Teruel,Private,BEV,UKL2,REST,Standard,1
2025,02,MG,44,Teruel,Private,ICE,UKL1,REST,Standard,1
2025,02,MINI,44,Teruel,Corporate,ICE,UKL2,FOCUS SEGMENT,Standard,1
2025,02,MINI,44,Teruel,Private,ICE,UKL2,FOCUS SEGMENT,Standard,1
2025,02,NISSAN,44,Teruel,Private,ICE,UKL2,REST,Standard,1
2025,02,OPEL,44,Teruel,Private,ICE,UKL1,REST,Standard,1
2025,02,PEUGEOT,44,Teruel,Corporate,ICE,UKL1,REST,Standard,1
2025,02,PEUGEOT,44,Teruel,Private,ICE,SKL,REST,Standard,2
2025,02,PEUGEOT,44,Teruel,Private,ICE,UKL1,REST,Standard,1
2025,02,PEUGEOT,44,Teruel,Private,ICE,UKL2,REST,Standard,2
2025,02,RENAULT,44,Teruel,Corporate,ICE,UKL1,REST,Standard,3
2025,02,RENAULT,44,Teruel,Corporate,ICE,UKL2,REST,Standard,1
2025,02,RENAULT,44,Teruel,Private,BEV,UKL2,REST,Standard,1
2025,02,RENAULT,44,Teruel,Private,ICE,UKL1,REST,Standard,2
2025,02,RENAULT,44,Teruel,Private,ICE,UKL2,REST,Standard,1
2025,02,SEAT,44,Teruel,Corporate,PHEV,UKL2,REST,Standard,1
2025,02,SEAT,44,Teruel,Private,ICE,UKL1,REST,Standard,5
2025,02,SKODA,44,Teruel,Corporate,ICE,UKL1,REST,Standard,1
2025,02,SKODA,44,Teruel,Corporate,ICE,UKL2,REST,Standard,1
2025,02,SKODA,44,Teruel,Private,ICE,UKL1,REST,Standard,1
2025,02,SUZUKI,44,Teruel,Private,ICE,UKL2,REST,Standard,2
2025,02,TESLA,44,Teruel,Private,BEV,KKL,FOCUS SEGMENT,Standard,1
2025,02,TOYOTA,44,Teruel,Corporate,ICE,UKL2,REST,Standard,2
2025,02,TOYOTA,44,Teruel,Private,ICE,GKL,REST,Standard,1
2025,02,TOYOTA,44,Teruel,Private,ICE,SKL,REST,Standard,1
2025,02,TOYOTA,44,Teruel,Private,ICE,UKL1,REST,Standard,3
2025,02,TOYOTA,44,Teruel,Private,ICE,UKL2,REST,Standard,4
2025,02,TOYOTA,44,Teruel,Private,PHEV,UKL1,REST,Standard,1
2025,02,VOLKSWAGEN,44,Teruel,Private,ICE,UKL1,REST,Standard,6
2025,02,VOLKSWAGEN,44,Teruel,Private,ICE,UKL2,REST,Standard,4
2025,02,ALFA ROMEO,45,Toledo,Corporate,ICE,KKL,REST,Standard,1
2025,02,AUDI,45,Toledo,Corporate,ICE,KKL,FOCUS SEGMENT,Standard,3
2025,02,AUDI,45,Toledo,Corporate,ICE,UKL1,FOCUS SEGMENT,Standard,2
2025,02,AUDI,45,Toledo,Corporate,ICE,UKL2,FOCUS SEGMENT,Standard,4
2025,02,AUDI,45,Toledo,Private,ICE,KKL,FOCUS SEGMENT,Standard,1
2025,02,AUDI,45,Toledo,Private,ICE,UKL1,FOCUS SEGMENT,Standard,3
2025,02,AUDI,45,Toledo,Private,ICE,UKL2,FOCUS SEGMENT,Standard,4
2025,02,AUDI,45,Toledo,Private,PHEV,KKL,FOCUS SEGMENT,Standard,2
2025,02,BMW,45,Toledo,Corporate,BEV,KKL,FOCUS SEGMENT,Standard,1
2025,02,BMW,45,Toledo,Corporate,BEV,UKL2,FOCUS SEGMENT,Standard,2
2025,02,BMW,45,Toledo,Corporate,ICE,KKL,FOCUS SEGMENT,M,1
2025,02,BMW,45,Toledo,Corporate,ICE,KKL,FOCUS SEGMENT,Standard,3
2025,02,BMW,45,Toledo,Corporate,ICE,UKL2,FOCUS SEGMENT,M Performance,1
2025,02,BMW,45,Toledo,Corporate,ICE,UKL2,FOCUS SEGMENT,Standard,3
2025,02,BMW,45,Toledo,Private,BEV,UKL2,FOCUS SEGMENT,Standard,3
2025,02,BMW,45,Toledo,Private,ICE,KKL,FOCUS SEGMENT,Standard,1
2025,02,BMW,45,Toledo,Private,ICE,UKL2,FOCUS SEGMENT,Standard,5
2025,02,BYD,45,Toledo,Private,BEV,UKL1,REST,Standard,2
2025,02,BYD,45,Toledo,Private,BEV,UKL2,REST,Standard,1
2025,02,BYD,45,Toledo,Private,PHEV,KKL,REST,Standard,4
2025,02,CITROEN,45,Toledo,Corporate,BEV,UKL1,REST,Standard,1
2025,02,CITROEN,45,Toledo,Corporate,BEV,UKL2,REST,Standard,15
2025,02,CITROEN,45,Toledo,Corporate,ICE,MKL,REST,Standard,1
2025,02,CITROEN,45,Toledo,Corporate,ICE,UKL1,REST,Standard,7
2025,02,CITROEN,45,Toledo,Corporate,ICE,UKL2,REST,Standard,42
2025,02,CITROEN,45,Toledo,Private,BEV,UKL2,REST,Standard,1
2025,02,CITROEN,45,Toledo,Private,ICE,SKL,REST,Standard,1
2025,02,CITROEN,45,Toledo,Private,ICE,UKL1,REST,Standard,1
2025,02,CITROEN,45,Toledo,Private,ICE,UKL2,REST,Standard,6
2025,02,CUPRA,45,Toledo,Corporate,ICE,UKL2,REST,Standard,1
2025,02,CUPRA,45,Toledo,Private,BEV,UKL2,REST,Standard,1
2025,02,DACIA,45,Toledo,Corporate,BEV,UKL0,REST,Standard,2
2025,02,DACIA,45,Toledo,Corporate,ICE,SKL,REST,Standard,6
2025,02,DACIA,45,Toledo,Corporate,ICE,UKL1,REST,Standard,3
2025,02,DACIA,45,Toledo,Corporate,ICE,UKL2,REST,Standard,2
2025,02,DACIA,45,Toledo,Private,BEV,UKL0,REST,Standard,3
2025,02,DACIA,45,Toledo,Private,ICE,SKL,REST,Standard,8
2025,02,DACIA,45,Toledo,Private,ICE,UKL1,REST,Standard,29
2025,02,DACIA,45,Toledo,Private,ICE,UKL2,REST,Standard,2
2025,02,EBRO,45,Toledo,Corporate,ICE,KKL,REST,Standard,2
2025,02,EBRO,45,Toledo,Corporate,ICE,UKL2,REST,Standard,5
2025,02,FIAT,45,Toledo,Corporate,ICE,SKL,REST,Standard,3
2025,02,FIAT,45,Toledo,Corporate,ICE,UKL0,REST,Standard,3
2025,02,FIAT,45,Toledo,Corporate,ICE,UKL2,REST,Standard,1
2025,02,FIAT,45,Toledo,Private,ICE,UKL2,REST,Standard,1
2025,02,FORD,45,Toledo,Corporate,ICE,MKL,REST,Standard,1
2025,02,FORD,45,Toledo,Corporate,ICE,UKL1,REST,Standard,1
2025,02,FORD,45,Toledo,Corporate,PHEV,SKL,REST,Standard,1
2025,02,FORD,45,Toledo,Corporate,PHEV,UKL2,REST,Standard,1
2025,02,FORD,45,Toledo,Private,ICE,SKL,REST,Standard,2
2025,02,FORD,45,Toledo,Private,ICE,UKL1,REST,Standard,3
2025,02,FORD,45,Toledo,Private,ICE,UKL2,REST,Standard,10
2025,02,FORD,45,Toledo,Private,PHEV,SKL,REST,Standard,1
2025,02,FORD,45,Toledo,Private,PHEV,UKL2,REST,Standard,1
2025,02,HONDA,45,Toledo,Private,ICE,KKL,REST,Standard,1
2025,02,HONDA,45,Toledo,Private,ICE,UKL2,REST,Standard,1
2025,02,HYUNDAI,45,Toledo,Corporate,BEV,KKL,REST,Standard,1
2025,02,HYUNDAI,45,Toledo,Corporate,BEV,UKL1,REST,Standard,1
2025,02,HYUNDAI,45,Toledo,Corporate,ICE,UKL1,REST,Standard,3
2025,02,HYUNDAI,45,Toledo,Corporate,ICE,UKL2,REST,Standard,3
2025,02,HYUNDAI,45,Toledo,Private,BEV,UKL1,REST,Standard,1
2025,02,HYUNDAI,45,Toledo,Private,BEV,UKL2,REST,Standard,1
2025,02,HYUNDAI,45,Toledo,Private,ICE,UKL0,REST,Standard,3
2025,02,HYUNDAI,45,Toledo,Private,ICE,UKL1,REST,Standard,19
2025,02,HYUNDAI,45,Toledo,Private,ICE,UKL2,REST,Standard,13
2025,02,HYUNDAI,45,Toledo,Private,PHEV,UKL2,REST,Standard,1
2025,02,JAECOO,45,Toledo,Corporate,ICE,UKL2,REST,Standard,1
2025,02,JAECOO,45,Toledo,Corporate,PHEV,UKL2,REST,Standard,1
2025,02,JAECOO,45,Toledo,Private,ICE,UKL2,REST,Standard,4
2025,02,JAECOO,45,Toledo,Private,PHEV,UKL2,REST,Standard,3
2025,02,JEEP,45,Toledo,Corporate,ICE,UKL1,REST,Standard,3
2025,02,JEEP,45,Toledo,Corporate,PHEV,UKL2,REST,Standard,1
2025,02,KG MOBILITY,45,Toledo,Corporate,ICE,MKL,REST,Standard,3
2025,02,KG MOBILITY,45,Toledo,Private,ICE,MKL,REST,Standard,1
2025,02,KIA,45,Toledo,Corporate,BEV,UKL1,REST,Standard,1
2025,02,KIA,45,Toledo,Corporate,ICE,UKL1,REST,Standard,2
2025,02,KIA,45,Toledo,Corporate,ICE,UKL2,REST,Standard,3
2025,02,KIA,45,Toledo,Private,BEV,KKL,REST,Standard,1
2025,02,KIA,45,Toledo,Private,BEV,UKL1,REST,Standard,2
2025,02,KIA,45,Toledo,Private,ICE,UKL1,REST,Standard,7
2025,02,KIA,45,Toledo,Private,ICE,UKL2,REST,Standard,22
2025,02,LAND ROVER,45,Toledo,Corporate,PHEV,MKL,FOCUS SEGMENT,Standard,1
2025,02,LEXUS,45,Toledo,Corporate,ICE,KKL,FOCUS SEGMENT,Standard,1
2025,02,LEXUS,45,Toledo,Corporate,ICE,UKL1,FOCUS SEGMENT,Standard,1
2025,02,LEXUS,45,Toledo,Private,ICE,UKL1,FOCUS SEGMENT,Standard,1
2025,02,LEXUS,45,Toledo,Private,PHEV,KKL,FOCUS SEGMENT,Standard,1
2025,02,MAZDA,45,Toledo,Corporate,ICE,KKL,REST,Standard,1
2025,02,MAZDA,45,Toledo,Corporate,ICE,UKL2,REST,Standard,1
2025,02,MAZDA,45,Toledo,Private,ICE,UKL2,REST,Standard,12
2025,02,MERCEDES,45,Toledo,Corporate,ICE,KKL,FOCUS SEGMENT,Standard,2
2025,02,MERCEDES,45,Toledo,Corporate,ICE,MKL,FOCUS SEGMENT,Standard,1
2025,02,MERCEDES,45,Toledo,Corporate,ICE,MKL,REST,Standard,1
2025,02,MERCEDES,45,Toledo,Corporate,PHEV,KKL,FOCUS SEGMENT,Standard,1
2025,02,MERCEDES,45,Toledo,Corporate,PHEV,MKL,FOCUS SEGMENT,M Performance,2
2025,02,MERCEDES,45,Toledo,Private,BEV,MKL,FOCUS SEGMENT,Standard,1
2025,02,MERCEDES,45,Toledo,Private,ICE,UKL2,FOCUS SEGMENT,Standard,1
2025,02,MERCEDES,45,Toledo,Private,PHEV,UKL2,FOCUS SEGMENT,Standard,1
2025,02,MG,45,Toledo,Corporate,BEV,KKL,REST,Standard,1
2025,02,MG,45,Toledo,Corporate,ICE,UKL1,REST,Standard,3
2025,02,MG,45,Toledo,Private,ICE,KKL,REST,Standard,4
2025,02,MG,45,Toledo,Private,ICE,UKL1,REST,Standard,26
2025,02,MG,45,Toledo,Private,PHEV,KKL,REST,Standard,2
2025,02,MINI,45,Toledo,Corporate,BEV,UKL1,FOCUS SEGMENT,Standard,3
2025,02,MINI,45,Toledo,Private,BEV,UKL1,FOCUS SEGMENT,Standard,4
2025,02,MINI,45,Toledo,Private,ICE,UKL1,FOCUS SEGMENT,JCW,1
2025,02,MINI,45,Toledo,Private,ICE,UKL1,FOCUS SEGMENT,Standard,3
2025,02,MINI,45,Toledo,Private,ICE,UKL2,FOCUS SEGMENT,Standard,2
2025,02,NISSAN,45,Toledo,Corporate,BEV,UKL2,REST,Standard,1
2025,02,NISSAN,45,Toledo,Corporate,ICE,KKL,REST,Standard,2
2025,02,NISSAN,45,Toledo,Corporate,ICE,UKL1,REST,Standard,1
2025,02,NISSAN,45,Toledo,Corporate,ICE,UKL2,REST,Standard,1
2025,02,NISSAN,45,Toledo,Private,ICE,KKL,REST,Standard,3
2025,02,NISSAN,45,Toledo,Private,ICE,UKL1,REST,Standard,3
2025,02,NISSAN,45,Toledo,Private,ICE,UKL2,REST,Standard,5
2025,02,OMODA,45,Toledo,Corporate,ICE,UKL2,REST,Standard,3
2025,02,OMODA,45,Toledo,Private,ICE,UKL2,REST,Standard,9
2025,02,OPEL,45,Toledo,Corporate,BEV,UKL1,REST,Standard,1
2025,02,OPEL,45,Toledo,Corporate,BEV,UKL2,REST,Standard,1
2025,02,OPEL,45,Toledo,Corporate,ICE,UKL1,REST,Standard,2
2025,02,OPEL,45,Toledo,Corporate,ICE,UKL2,REST,Standard,1
2025,02,OPEL,45,Toledo,Corporate,PHEV,UKL2,REST,Standard,10
2025,02,PEUGEOT,45,Toledo,Corporate,BEV,SKL,REST,Standard,14
2025,02,PEUGEOT,45,Toledo,Corporate,BEV,UKL1,REST,Standard,1
2025,02,PEUGEOT,45,Toledo,Corporate,BEV,UKL2,REST,Standard,16
2025,02,PEUGEOT,45,Toledo,Corporate,ICE,KKL,REST,Standard,3
2025,02,PEUGEOT,45,Toledo,Corporate,ICE,SKL,REST,Standard,4
2025,02,PEUGEOT,45,Toledo,Corporate,ICE,UKL1,REST,Standard,97
2025,02,PEUGEOT,45,Toledo,Corporate,ICE,UKL2,REST,Standard,65
2025,02,PEUGEOT,45,Toledo,Corporate,PHEV,KKL,REST,Standard,2
2025,02,PEUGEOT,45,Toledo,Corporate,PHEV,UKL2,REST,Standard,1
2025,02,PEUGEOT,45,Toledo,Private,BEV,UKL1,REST,Standard,1
2025,02,PEUGEOT,45,Toledo,Private,ICE,KKL,REST,Standard,2
2025,02,PEUGEOT,45,Toledo,Private,ICE,SKL,REST,Standard,1
2025,02,PEUGEOT,45,Toledo,Private,ICE,UKL1,REST,Standard,9
2025,02,PEUGEOT,45,Toledo,Private,ICE,UKL2,REST,Standard,6
2025,02,PORSCHE,45,Toledo,Corporate,PHEV,GKL,FOCUS SEGMENT,M Performance,1
2025,02,PORSCHE,45,Toledo,Corporate,PHEV,MKL,FOCUS SEGMENT,Standard,1
2025,02,RENAULT,45,Toledo,Corporate,BEV,UKL1,REST,Standard,2
2025,02,RENAULT,45,Toledo,Corporate,ICE,UKL1,REST,Standard,6
2025,02,RENAULT,45,Toledo,Corporate,ICE,UKL2,REST,Standard,6
2025,02,RENAULT,45,Toledo,Private,BEV,UKL1,REST,Standard,3
2025,02,RENAULT,45,Toledo,Private,BEV,UKL2,REST,Standard,1
2025,02,RENAULT,45,Toledo,Private,ICE,UKL1,REST,Standard,19
2025,02,RENAULT,45,Toledo,Private,ICE,UKL2,REST,Standard,6
2025,02,RENAULT,45,Toledo,Private,PHEV,UKL2,REST,Standard,1
2025,02,SEAT,45,Toledo,Corporate,ICE,UKL1,REST,Standard,2
2025,02,SEAT,45,Toledo,Corporate,ICE,UKL2,REST,Standard,3
2025,02,SEAT,45,Toledo,Corporate,PHEV,UKL2,REST,Standard,2
2025,02,SEAT,45,Toledo,Private,ICE,UKL1,REST,Standard,10
2025,02,SEAT,45,Toledo,Private,ICE,UKL2,REST,Standard,5
2025,02,SEAT,45,Toledo,Private,PHEV,UKL2,REST,Standard,1
2025,02,SIN MARCA,45,Toledo,Corporate,BEV,,REST,Standard,1
2025,02,SIN MARCA,45,Toledo,Corporate,ICE,,REST,Standard,4
2025,02,SIN MARCA,45,Toledo,Corporate,PHEV,,REST,Standard,3
2025,02,SKODA,45,Toledo,Private,ICE,KKL,REST,Standard,1
2025,02,SKODA,45,Toledo,Private,ICE,UKL1,REST,Standard,1
2025,02,SKODA,45,Toledo,Private,ICE,UKL2,REST,Standard,5
2025,02,SMART,45,Toledo,Private,BEV,UKL1,FOCUS SEGMENT,Standard,1
2025,02,SUBARU,45,Toledo,Corporate,ICE,KKL,REST,Standard,1
2025,02,SUZUKI,45,Toledo,Corporate,ICE,UKL1,REST,Standard,1
2025,02,SUZUKI,45,Toledo,Corporate,ICE,UKL2,REST,Standard,1
2025,02,SUZUKI,45,Toledo,Private,ICE,UKL1,REST,Standard,3
2025,02,SUZUKI,45,Toledo,Private,ICE,UKL2,REST,Standard,1
2025,02,TESLA,45,Toledo,Corporate,BEV,KKL,FOCUS SEGMENT,Standard,5
2025,02,TESLA,45,Toledo,Private,BEV,KKL,FOCUS SEGMENT,Standard,10
2025,02,TOYOTA,45,Toledo,Corporate,ICE,GKL,REST,Standard,3
2025,02,TOYOTA,45,Toledo,Corporate,ICE,SKL,REST,Standard,2
2025,02,TOYOTA,45,Toledo,Corporate,ICE,UKL1,REST,Standard,3
2025,02,TOYOTA,45,Toledo,Corporate,ICE,UKL2,REST,Standard,2
2025,02,TOYOTA,45,Toledo,Private,ICE,UKL1,REST,Standard,25
2025,02,TOYOTA,45,Toledo,Private,ICE,UKL2,REST,Standard,16
2025,02,TOYOTA,45,Toledo,Private,PHEV,UKL1,REST,Standard,7
2025,02,TOYOTA,45,Toledo,Private,PHEV,UKL2,REST,Standard,2
2025,02,VOLKSWAGEN,45,Toledo,Corporate,ICE,UKL1,REST,Standard,3
2025,02,VOLKSWAGEN,45,Toledo,Corporate,PHEV,UKL2,REST,Standard,1
2025,02,VOLKSWAGEN,45,Toledo,Private,ICE,UKL1,REST,Standard,9
2025,02,VOLKSWAGEN,45,Toledo,Private,ICE,UKL2,REST,Standard,8
2025,02,VOLKSWAGEN,45,Toledo,Private,PHEV,UKL2,REST,Standard,1
2025,02,VOLVO,45,Toledo,Corporate,ICE,UKL2,FOCUS SEGMENT,Standard,1
2025,02,VOLVO,45,Toledo,Corporate,PHEV,KKL,FOCUS SEGMENT,Standard,1
2025,02,VOLVO,45,Toledo,Private,ICE,KKL,FOCUS SEGMENT,Standard,1
2025,02,ALFA ROMEO,46,Valencia,Corporate,ICE,UKL1,REST,Standard,2
2025,02,ALFA ROMEO,46,Valencia,Corporate,PHEV,UKL2,REST,Standard,1
2025,02,ALFA ROMEO,46,Valencia,Private,BEV,UKL1,REST,Standard,1
2025,02,ALFA ROMEO,46,Valencia,Private,ICE,KKL,REST,Standard,2
2025,02,ALFA ROMEO,46,Valencia,Private,ICE,UKL1,REST,Standard,16
2025,02,ASTON MARTIN,46,Valencia,Corporate,ICE,GKL+,FOCUS SEGMENT,Standard,1
2025,02,ASTON MARTIN,46,Valencia,Private,ICE,GKL,FOCUS SEGMENT,Standard,1
2025,02,AUDI,46,Valencia,Corporate,ICE,KKL,FOCUS SEGMENT,Standard,5
2025,02,AUDI,46,Valencia,Corporate,ICE,UKL1,FOCUS SEGMENT,Standard,7
2025,02,AUDI,46,Valencia,Corporate,ICE,UKL2,FOCUS SEGMENT,Standard,15
2025,02,AUDI,46,Valencia,Corporate,PHEV,UKL2,FOCUS SEGMENT,Standard,1
2025,02,AUDI,46,Valencia,Private,BEV,UKL2,FOCUS SEGMENT,Standard,4
2025,02,AUDI,46,Valencia,Private,ICE,KKL,FOCUS SEGMENT,Standard,16
2025,02,AUDI,46,Valencia,Private,ICE,UKL1,FOCUS SEGMENT,Standard,18
2025,02,AUDI,46,Valencia,Private,ICE,UKL2,FOCUS SEGMENT,Standard,66
2025,02,AUDI,46,Valencia,Private,PHEV,KKL,FOCUS SEGMENT,Standard,3
2025,02,AUDI,46,Valencia,Private,PHEV,UKL2,FOCUS SEGMENT,Standard,1
2025,02,BMW,46,Valencia,Corporate,BEV,KKL,FOCUS SEGMENT,Standard,2
2025,02,BMW,46,Valencia,Corporate,ICE,KKL,FOCUS SEGMENT,M,1
2025,02,BMW,46,Valencia,Corporate,ICE,KKL,FOCUS SEGMENT,M Performance,1
2025,02,BMW,46,Valencia,Corporate,ICE,KKL,FOCUS SEGMENT,Standard,7
2025,02,BMW,46,Valencia,Corporate,ICE,MKL,FOCUS SEGMENT,Standard,5
2025,02,BMW,46,Valencia,Corporate,ICE,UKL2,FOCUS SEGMENT,Standard,11
2025,02,BMW,46,Valencia,Corporate,PHEV,GKL,FOCUS SEGMENT,M,1
2025,02,BMW,46,Valencia,Corporate,PHEV,KKL,FOCUS SEGMENT,Standard,1
2025,02,BMW,46,Valencia,Corporate,PHEV,MKL,FOCUS SEGMENT,Standard,1
2025,02,BMW,46,Valencia,Private,BEV,UKL2,FOCUS SEGMENT,Standard,10
2025,02,BMW,46,Valencia,Private,ICE,KKL,FOCUS SEGMENT,M,2
2025,02,BMW,46,Valencia,Private,ICE,KKL,FOCUS SEGMENT,M Performance,4
2025,02,BMW,46,Valencia,Private,ICE,KKL,FOCUS SEGMENT,Standard,16
2025,02,BMW,46,Valencia,Private,ICE,MKL,FOCUS SEGMENT,Standard,2
2025,02,BMW,46,Valencia,Private,ICE,UKL2,FOCUS SEGMENT,M Performance,2
2025,02,BMW,46,Valencia,Private,ICE,UKL2,FOCUS SEGMENT,Standard,63
2025,02,BMW,46,Valencia,Private,PHEV,KKL,FOCUS SEGMENT,Standard,4
2025,02,BMW,46,Valencia,Private,PHEV,UKL2,FOCUS SEGMENT,Standard,3
2025,02,BYD,46,Valencia,Corporate,BEV,KKL,REST,Standard,1
2025,02,BYD,46,Valencia,Corporate,BEV,UKL1,REST,Standard,2
2025,02,BYD,46,Valencia,Corporate,PHEV,KKL,REST,Standard,8
2025,02,BYD,46,Valencia,Private,BEV,KKL,REST,Standard,8
2025,02,BYD,46,Valencia,Private,BEV,UKL1,REST,Standard,55
2025,02,BYD,46,Valencia,Private,BEV,UKL2,REST,Standard,33
2025,02,BYD,46,Valencia,Private,PHEV,KKL,REST,Standard,96
2025,02,CITROEN,46,Valencia,Corporate,BEV,SKL,REST,Standard,5
2025,02,CITROEN,46,Valencia,Corporate,BEV,UKL1,REST,Standard,1
2025,02,CITROEN,46,Valencia,Corporate,ICE,SKL,REST,Standard,1
2025,02,CITROEN,46,Valencia,Corporate,ICE,UKL1,REST,Standard,1
2025,02,CITROEN,46,Valencia,Corporate,ICE,UKL2,REST,Standard,9
2025,02,CITROEN,46,Valencia,Private,BEV,SKL,REST,Standard,1
2025,02,CITROEN,46,Valencia,Private,BEV,UKL1,REST,Standard,4
2025,02,CITROEN,46,Valencia,Private,BEV,UKL2,REST,Standard,2
2025,02,CITROEN,46,Valencia,Private,ICE,SKL,REST,Standard,6
2025,02,CITROEN,46,Valencia,Private,ICE,UKL1,REST,Standard,125
2025,02,CITROEN,46,Valencia,Private,ICE,UKL2,REST,Standard,136
2025,02,CITROEN,46,Valencia,Private,PHEV,UKL2,REST,Standard,1
2025,02,CUPRA,46,Valencia,Corporate,BEV,UKL2,REST,Standard,2
2025,02,CUPRA,46,Valencia,Corporate,ICE,UKL2,REST,Standard,9
2025,02,CUPRA,46,Valencia,Corporate,PHEV,UKL2,REST,Standard,3
2025,02,CUPRA,46,Valencia,Private,BEV,UKL2,REST,Standard,7
2025,02,CUPRA,46,Valencia,Private,ICE,UKL2,REST,Standard,41
2025,02,CUPRA,46,Valencia,Private,PHEV,UKL2,REST,Standard,31
2025,02,DACIA,46,Valencia,Corporate,ICE,SKL,REST,Standard,9
2025,02,DACIA,46,Valencia,Corporate,ICE,UKL1,REST,Standard,5
2025,02,DACIA,46,Valencia,Corporate,ICE,UKL2,REST,Standard,3
2025,02,DACIA,46,Valencia,Private,BEV,UKL0,REST,Standard,3
2025,02,DACIA,46,Valencia,Private,ICE,SKL,REST,Standard,98
2025,02,DACIA,46,Valencia,Private,ICE,UKL1,REST,Standard,366
2025,02,DACIA,46,Valencia,Private,ICE,UKL2,REST,Standard,38
2025,02,DFSK,46,Valencia,Private,ICE,,,Standard,4
2025,02,DFSK,46,Valencia,Private,PHEV,KKL,REST,Standard,2
2025,02,DR,46,Valencia,Corporate,ICE,UKL1,REST,Standard,1
2025,02,DR,46,Valencia,Private,ICE,,,Standard,5
2025,02,DR,46,Valencia,Private,ICE,UKL1,REST,Standard,46
2025,02,EBRO,46,Valencia,Corporate,ICE,KKL,REST,Standard,2
2025,02,EBRO,46,Valencia,Corporate,ICE,UKL2,REST,Standard,1
2025,02,EBRO,46,Valencia,Private,ICE,KKL,REST,Standard,12
2025,02,EBRO,46,Valencia,Private,ICE,UKL2,REST,Standard,42
2025,02,EVO,46,Valencia,Private,ICE,UKL2,REST,Standard,28
2025,02,FIAT,46,Valencia,Corporate,ICE,UKL0,REST,Standard,3
2025,02,FIAT,46,Valencia,Corporate,ICE,UKL1,REST,Standard,2
2025,02,FIAT,46,Valencia,Private,BEV,UKL1,REST,Standard,2
2025,02,FIAT,46,Valencia,Private,ICE,SKL,REST,Standard,3
2025,02,FIAT,46,Valencia,Private,ICE,UKL0,REST,Standard,7
2025,02,FIAT,46,Valencia,Private,ICE,UKL1,REST,Standard,11
2025,02,FIAT,46,Valencia,Private,ICE,UKL2,REST,Standard,1
2025,02,FORD,46,Valencia,Corporate,BEV,KKL,REST,Standard,5
2025,02,FORD,46,Valencia,Corporate,ICE,MKL,REST,Standard,2
2025,02,FORD,46,Valencia,Corporate,ICE,SKL,REST,Standard,1
2025,02,FORD,46,Valencia,Corporate,ICE,UKL1,REST,Standard,3
2025,02,FORD,46,Valencia,Corporate,ICE,UKL2,REST,Standard,15
2025,02,FORD,46,Valencia,Corporate,PHEV,SKL,REST,Standard,2
2025,02,FORD,46,Valencia,Corporate,PHEV,UKL2,REST,Standard,2
2025,02,FORD,46,Valencia,Private,BEV,KKL,REST,Standard,1
2025,02,FORD,46,Valencia,Private,BEV,UKL1,REST,Standard,1
2025,02,FORD,46,Valencia,Private,ICE,MKL,REST,Standard,2
2025,02,FORD,46,Valencia,Private,ICE,SKL,REST,Standard,52
2025,02,FORD,46,Valencia,Private,ICE,UKL1,REST,Standard,177
2025,02,FORD,46,Valencia,Private,ICE,UKL2,REST,Standard,176
2025,02,FORD,46,Valencia,Private,PHEV,SKL,REST,Standard,3
2025,02,FORD,46,Valencia,Private,PHEV,UKL2,REST,Standard,155
2025,02,FORD,46,Valencia,RAC,BEV,UKL1,REST,Standard,4
2025,02,FORD,46,Valencia,RAC,ICE,SKL,REST,Standard,1
2025,02,FORD,46,Valencia,RAC,ICE,UKL1,REST,Standard,9
2025,02,FORD,46,Valencia,RAC,ICE,UKL2,REST,Standard,5
2025,02,FORD,46,Valencia,RAC,PHEV,UKL2,REST,Standard,10
2025,02,HONDA,46,Valencia,Corporate,ICE,UKL2,REST,Standard,2
2025,02,HONDA,46,Valencia,Corporate,PHEV,KKL,REST,Standard,1
2025,02,HONDA,46,Valencia,Private,ICE,UKL1,REST,Standard,21
2025,02,HONDA,46,Valencia,Private,ICE,UKL2,REST,Standard,12
2025,02,HYUNDAI,46,Valencia,Corporate,BEV,UKL1,REST,Standard,2
2025,02,HYUNDAI,46,Valencia,Corporate,BEV,UKL2,REST,Standard,5
2025,02,HYUNDAI,46,Valencia,Corporate,ICE,MKL,REST,Standard,2
2025,02,HYUNDAI,46,Valencia,Corporate,ICE,UKL1,REST,Standard,8
2025,02,HYUNDAI,46,Valencia,Corporate,ICE,UKL2,REST,Standard,17
2025,02,HYUNDAI,46,Valencia,Corporate,PHEV,UKL2,REST,Standard,6
2025,02,HYUNDAI,46,Valencia,Private,BEV,UKL1,REST,Standard,1
2025,02,HYUNDAI,46,Valencia,Private,BEV,UKL2,REST,Standard,13
2025,02,HYUNDAI,46,Valencia,Private,ICE,UKL0,REST,Standard,37
2025,02,HYUNDAI,46,Valencia,Private,ICE,UKL1,REST,Standard,211
2025,02,HYUNDAI,46,Valencia,Private,ICE,UKL2,REST,Standard,167
2025,02,HYUNDAI,46,Valencia,Private,PHEV,MKL,REST,Standard,1
2025,02,HYUNDAI,46,Valencia,Private,PHEV,UKL2,REST,Standard,25
2025,02,JAECOO,46,Valencia,Corporate,ICE,UKL2,REST,Standard,1
2025,02,JAECOO,46,Valencia,Corporate,PHEV,UKL2,REST,Standard,6
2025,02,JAECOO,46,Valencia,Private,ICE,UKL2,REST,Standard,25
2025,02,JAECOO,46,Valencia,Private,PHEV,UKL2,REST,Standard,52
2025,02,JAECOO,46,Valencia,RAC,ICE,UKL2,REST,Standard,1
2025,02,JAGUAR,46,Valencia,Corporate,PHEV,KKL,FOCUS SEGMENT,Standard,1
2025,02,JAGUAR,46,Valencia,Private,ICE,KKL,FOCUS SEGMENT,Standard,1
2025,02,JEEP,46,Valencia,Corporate,ICE,UKL1,REST,Standard,8
2025,02,JEEP,46,Valencia,Corporate,ICE,UKL2,REST,Standard,2
2025,02,JEEP,46,Valencia,Corporate,PHEV,UKL1,REST,Standard,1
2025,02,JEEP,46,Valencia,Private,BEV,UKL1,REST,Standard,2
2025,02,JEEP,46,Valencia,Private,ICE,UKL1,REST,Standard,17
2025,02,JEEP,46,Valencia,Private,ICE,UKL2,REST,Standard,3
2025,02,JEEP,46,Valencia,Private,PHEV,UKL1,REST,Standard,1
2025,02,JEEP,46,Valencia,Private,PHEV,UKL2,REST,Standard,2
2025,02,KG MOBILITY,46,Valencia,Private,ICE,MKL,REST,Standard,7
2025,02,KG MOBILITY,46,Valencia,Private,ICE,UKL1,REST,Standard,27
2025,02,KIA,46,Valencia,Corporate,BEV,KKL,REST,Standard,3
2025,02,KIA,46,Valencia,Corporate,BEV,MKL,REST,Standard,1
2025,02,KIA,46,Valencia,Corporate,BEV,UKL1,REST,Standard,6
2025,02,KIA,46,Valencia,Corporate,BEV,UKL2,REST,Standard,1
2025,02,KIA,46,Valencia,Corporate,ICE,KKL,REST,Standard,1
2025,02,KIA,46,Valencia,Corporate,ICE,UKL0,REST,Standard,2
2025,02,KIA,46,Valencia,Corporate,ICE,UKL1,REST,Standard,7
2025,02,KIA,46,Valencia,Corporate,ICE,UKL2,REST,Standard,10
2025,02,KIA,46,Valencia,Corporate,PHEV,KKL,REST,Standard,2
2025,02,KIA,46,Valencia,Private,BEV,KKL,REST,Standard,2
2025,02,KIA,46,Valencia,Private,BEV,UKL1,REST,Standard,52
2025,02,KIA,46,Valencia,Private,BEV,UKL2,REST,Standard,1
2025,02,KIA,46,Valencia,Private,ICE,KKL,REST,Standard,5
2025,02,KIA,46,Valencia,Private,ICE,UKL0,REST,Standard,15
2025,02,KIA,46,Valencia,Private,ICE,UKL1,REST,Standard,170
2025,02,KIA,46,Valencia,Private,ICE,UKL2,REST,Standard,312
2025,02,KIA,46,Valencia,Private,PHEV,UKL2,REST,Standard,8
2025,02,LANCIA,46,Valencia,Corporate,ICE,UKL1,REST,Standard,1
2025,02,LAND ROVER,46,Valencia,Corporate,ICE,MKL,FOCUS SEGMENT,Standard,1
2025,02,LAND ROVER,46,Valencia,Corporate,ICE,UKL2,FOCUS SEGMENT,Standard,1
2025,02,LAND ROVER,46,Valencia,Corporate,PHEV,MKL,FOCUS SEGMENT,Standard,1
2025,02,LAND ROVER,46,Valencia,Corporate,PHEV,UKL2,FOCUS SEGMENT,Standard,1
2025,02,LAND ROVER,46,Valencia,Private,ICE,MKL,FOCUS SEGMENT,Standard,1
2025,02,LAND ROVER,46,Valencia,Private,ICE,UKL2,FOCUS SEGMENT,Standard,2
2025,02,LEAPMOTOR,46,Valencia,Corporate,BEV,MKL,REST,Standard,1
2025,02,LEAPMOTOR,46,Valencia,Corporate,BEV,UKL0,REST,Standard,1
2025,02,LEAPMOTOR,46,Valencia,Private,BEV,MKL,REST,Standard,2
2025,02,LEAPMOTOR,46,Valencia,Private,BEV,UKL0,REST,Standard,17
2025,02,LEXUS,46,Valencia,Corporate,ICE,UKL1,FOCUS SEGMENT,Standard,2
2025,02,LEXUS,46,Valencia,Corporate,PHEV,KKL,FOCUS SEGMENT,Standard,8
2025,02,LEXUS,46,Valencia,Private,ICE,KKL,FOCUS SEGMENT,Standard,2
2025,02,LEXUS,46,Valencia,Private,ICE,UKL1,FOCUS SEGMENT,Standard,25
2025,02,LEXUS,46,Valencia,Private,ICE,UKL2,FOCUS SEGMENT,Standard,7
2025,02,LEXUS,46,Valencia,Private,PHEV,KKL,FOCUS SEGMENT,Standard,13
2025,02,LIVAN,46,Valencia,Private,ICE,UKL1,REST,Standard,16
2025,02,LYNK & CO,46,Valencia,Corporate,BEV,UKL2,REST,Standard,1
2025,02,LYNK & CO,46,Valencia,Corporate,PHEV,UKL2,REST,Standard,2
2025,02,MASERATI,46,Valencia,Corporate,ICE,KKL,FOCUS SEGMENT,Standard,1
2025,02,MASERATI,46,Valencia,Private,ICE,KKL,FOCUS SEGMENT,Standard,1
2025,02,MAZDA,46,Valencia,Corporate,ICE,KKL,REST,Standard,2
2025,02,MAZDA,46,Valencia,Corporate,ICE,UKL2,REST,Standard,3
2025,02,MAZDA,46,Valencia,Corporate,PHEV,KKL,REST,Standard,2
2025,02,MAZDA,46,Valencia,Private,ICE,KKL,REST,Standard,5
2025,02,MAZDA,46,Valencia,Private,ICE,UKL1,REST,Standard,31
2025,02,MAZDA,46,Valencia,Private,ICE,UKL2,REST,Standard,152
2025,02,MERCEDES,46,Valencia,Corporate,BEV,MKL,FOCUS SEGMENT,Standard,1
2025,02,MERCEDES,46,Valencia,Corporate,BEV,UKL2,FOCUS SEGMENT,Standard,3
2025,02,MERCEDES,46,Valencia,Corporate,ICE,GKL,FOCUS SEGMENT,Standard,2
2025,02,MERCEDES,46,Valencia,Corporate,ICE,KKL,FOCUS SEGMENT,M Performance,3
2025,02,MERCEDES,46,Valencia,Corporate,ICE,KKL,FOCUS SEGMENT,Standard,32
2025,02,MERCEDES,46,Valencia,Corporate,ICE,MKL,FOCUS SEGMENT,M Performance,1
2025,02,MERCEDES,46,Valencia,Corporate,ICE,MKL,FOCUS SEGMENT,Standard,11
2025,02,MERCEDES,46,Valencia,Corporate,ICE,MKL,REST,Standard,1
2025,02,MERCEDES,46,Valencia,Corporate,ICE,SKL,REST,Standard,2
2025,02,MERCEDES,46,Valencia,Corporate,ICE,UKL2,FOCUS SEGMENT,M Performance,1
2025,02,MERCEDES,46,Valencia,Corporate,ICE,UKL2,FOCUS SEGMENT,Standard,36
2025,02,MERCEDES,46,Valencia,Corporate,PHEV,KKL,FOCUS SEGMENT,M,1
2025,02,MERCEDES,46,Valencia,Corporate,PHEV,KKL,FOCUS SEGMENT,Standard,7
2025,02,MERCEDES,46,Valencia,Corporate,PHEV,MKL,FOCUS SEGMENT,M Performance,1
2025,02,MERCEDES,46,Valencia,Corporate,PHEV,MKL,FOCUS SEGMENT,Standard,6
2025,02,MERCEDES,46,Valencia,Corporate,PHEV,UKL2,FOCUS SEGMENT,Standard,11
2025,02,MERCEDES,46,Valencia,Private,BEV,MKL,FOCUS SEGMENT,Standard,1
2025,02,MERCEDES,46,Valencia,Private,BEV,UKL2,FOCUS SEGMENT,Standard,12
2025,02,MERCEDES,46,Valencia,Private,ICE,KKL,FOCUS SEGMENT,Standard,8
2025,02,MERCEDES,46,Valencia,Private,ICE,MKL,FOCUS SEGMENT,Standard,1
2025,02,MERCEDES,46,Valencia,Private,ICE,SKL,REST,Standard,3
2025,02,MERCEDES,46,Valencia,Private,ICE,UKL2,FOCUS SEGMENT,Standard,34
2025,02,MERCEDES,46,Valencia,Private,PHEV,KKL,FOCUS SEGMENT,Standard,11
2025,02,MERCEDES,46,Valencia,Private,PHEV,MKL,FOCUS SEGMENT,Standard,3
2025,02,MERCEDES,46,Valencia,Private,PHEV,UKL2,FOCUS SEGMENT,Standard,27
2025,02,MG,46,Valencia,Corporate,ICE,UKL1,REST,Standard,1
2025,02,MG,46,Valencia,Corporate,PHEV,KKL,REST,Standard,1
2025,02,MG,46,Valencia,Private,BEV,UKL2,REST,Standard,9
2025,02,MG,46,Valencia,Private,ICE,KKL,REST,Standard,13
2025,02,MG,46,Valencia,Private,ICE,UKL1,REST,Standard,410
2025,02,MG,46,Valencia,Private,PHEV,KKL,REST,Standard,18
2025,02,MINI,46,Valencia,Corporate,BEV,UKL1,FOCUS SEGMENT,Standard,8
2025,02,MINI,46,Valencia,Corporate,ICE,UKL1,FOCUS SEGMENT,JCW,2
2025,02,MINI,46,Valencia,Corporate,ICE,UKL1,FOCUS SEGMENT,Standard,3
2025,02,MINI,46,Valencia,Corporate,ICE,UKL2,FOCUS SEGMENT,Standard,2
2025,02,MINI,46,Valencia,Private,BEV,UKL1,FOCUS SEGMENT,Standard,15
2025,02,MINI,46,Valencia,Private,BEV,UKL2,FOCUS SEGMENT,Standard,2
2025,02,MINI,46,Valencia,Private,ICE,UKL1,FOCUS SEGMENT,JCW,2
2025,02,MINI,46,Valencia,Private,ICE,UKL1,FOCUS SEGMENT,Standard,15
2025,02,MINI,46,Valencia,Private,ICE,UKL2,FOCUS SEGMENT,JCW,1
2025,02,MINI,46,Valencia,Private,ICE,UKL2,FOCUS SEGMENT,Standard,7
2025,02,MITSUBISHI,46,Valencia,Corporate,ICE,UKL2,REST,Standard,1
2025,02,MITSUBISHI,46,Valencia,Private,ICE,KKL,REST,Standard,1
2025,02,MITSUBISHI,46,Valencia,Private,ICE,UKL1,REST,Standard,7
2025,02,MITSUBISHI,46,Valencia,Private,ICE,UKL2,REST,Standard,21
2025,02,MITSUBISHI,46,Valencia,Private,PHEV,UKL2,REST,Standard,2
2025,02,NISSAN,46,Valencia,Corporate,ICE,KKL,REST,Standard,2
2025,02,NISSAN,46,Valencia,Corporate,ICE,UKL1,REST,Standard,3
2025,02,NISSAN,46,Valencia,Corporate,ICE,UKL2,REST,Standard,6
2025,02,NISSAN,46,Valencia,Private,BEV,UKL2,REST,Standard,1
2025,02,NISSAN,46,Valencia,Private,ICE,KKL,REST,Standard,30
2025,02,NISSAN,46,Valencia,Private,ICE,SKL,REST,Standard,7
2025,02,NISSAN,46,Valencia,Private,ICE,UKL1,REST,Standard,104
2025,02,NISSAN,46,Valencia,Private,ICE,UKL2,REST,Standard,129
2025,02,OMODA,46,Valencia,Corporate,BEV,UKL2,REST,Standard,1
2025,02,OMODA,46,Valencia,Corporate,ICE,UKL2,REST,Standard,3
2025,02,OMODA,46,Valencia,Private,BEV,UKL2,REST,Standard,4
2025,02,OMODA,46,Valencia,Private,ICE,UKL2,REST,Standard,144
2025,02,OMODA,46,Valencia,RAC,ICE,UKL2,REST,Standard,3
2025,02,OPEL,46,Valencia,Corporate,BEV,SKL,REST,Standard,1
2025,02,OPEL,46,Valencia,Corporate,BEV,UKL2,REST,Standard,1
2025,02,OPEL,46,Valencia,Corporate,ICE,SKL,REST,Standard,1
2025,02,OPEL,46,Valencia,Corporate,ICE,UKL1,REST,Standard,1
2025,02,OPEL,46,Valencia,Corporate,ICE,UKL2,REST,Standard,1
2025,02,OPEL,46,Valencia,Private,BEV,UKL1,REST,Standard,4
2025,02,OPEL,46,Valencia,Private,ICE,SKL,REST,Standard,11
2025,02,OPEL,46,Valencia,Private,ICE,UKL1,REST,Standard,90
2025,02,OPEL,46,Valencia,Private,ICE,UKL2,REST,Standard,7
2025,02,OPEL,46,Valencia,Private,PHEV,UKL2,REST,Standard,4
2025,02,PEUGEOT,46,Valencia,Corporate,ICE,SKL,REST,Standard,1
2025,02,PEUGEOT,46,Valencia,Corporate,ICE,UKL1,REST,Standard,12
2025,02,PEUGEOT,46,Valencia,Corporate,ICE,UKL2,REST,Standard,18
2025,02,PEUGEOT,46,Valencia,Corporate,PHEV,KKL,REST,Standard,1
2025,02,PEUGEOT,46,Valencia,Private,BEV,SKL,REST,Standard,2
2025,02,PEUGEOT,46,Valencia,Private,BEV,UKL1,REST,Standard,6
2025,02,PEUGEOT,46,Valencia,Private,BEV,UKL2,REST,Standard,1
2025,02,PEUGEOT,46,Valencia,Private,ICE,KKL,REST,Standard,10
2025,02,PEUGEOT,46,Valencia,Private,ICE,SKL,REST,Standard,11
2025,02,PEUGEOT,46,Valencia,Private,ICE,UKL1,REST,Standard,164
2025,02,PEUGEOT,46,Valencia,Private,ICE,UKL2,REST,Standard,101
2025,02,PEUGEOT,46,Valencia,Private,PHEV,KKL,REST,Standard,1
2025,02,PEUGEOT,46,Valencia,Private,PHEV,UKL2,REST,Standard,6
2025,02,PEUGEOT,46,Valencia,RAC,ICE,UKL1,REST,Standard,1
2025,02,PEUGEOT,46,Valencia,RAC,ICE,UKL2,REST,Standard,1
2025,02,POLESTAR,46,Valencia,Private,BEV,KKL,FOCUS SEGMENT,Standard,3
2025,02,PORSCHE,46,Valencia,Corporate,BEV,KKL,FOCUS SEGMENT,Standard,3
2025,02,PORSCHE,46,Valencia,Corporate,ICE,GKL,FOCUS SEGMENT,M Performance,2
2025,02,PORSCHE,46,Valencia,Corporate,ICE,GKL,FOCUS SEGMENT,Standard,1
2025,02,PORSCHE,46,Valencia,Corporate,ICE,MKL,FOCUS SEGMENT,Standard,1
2025,02,PORSCHE,46,Valencia,Corporate,PHEV,GKL,FOCUS SEGMENT,M,1
2025,02,PORSCHE,46,Valencia,Corporate,PHEV,GKL,FOCUS SEGMENT,M Performance,1
2025,02,PORSCHE,46,Valencia,Corporate,PHEV,GKL,FOCUS SEGMENT,Standard,1
2025,02,PORSCHE,46,Valencia,Corporate,PHEV,MKL,FOCUS SEGMENT,M,2
2025,02,PORSCHE,46,Valencia,Corporate,PHEV,MKL,FOCUS SEGMENT,M Performance,1
2025,02,PORSCHE,46,Valencia,Corporate,PHEV,MKL,FOCUS SEGMENT,Standard,4
2025,02,PORSCHE,46,Valencia,Private,BEV,KKL,FOCUS SEGMENT,M,1
2025,02,PORSCHE,46,Valencia,Private,BEV,KKL,FOCUS SEGMENT,M Performance,2
2025,02,PORSCHE,46,Valencia,Private,BEV,KKL,FOCUS SEGMENT,Standard,1
2025,02,PORSCHE,46,Valencia,Private,ICE,GKL,FOCUS SEGMENT,M Performance,2
2025,02,PORSCHE,46,Valencia,Private,PHEV,GKL,FOCUS SEGMENT,M Performance,2
2025,02,PORSCHE,46,Valencia,Private,PHEV,MKL,FOCUS SEGMENT,M Performance,1
2025,02,PORSCHE,46,Valencia,Private,PHEV,MKL,FOCUS SEGMENT,Standard,1
2025,02,REHATRANS,46,Valencia,Corporate,ICE,SKL,REST,Standard,1
2025,02,RENAULT,46,Valencia,Corporate,BEV,UKL1,REST,Standard,25
2025,02,RENAULT,46,Valencia,Corporate,ICE,UKL1,REST,Standard,18
2025,02,RENAULT,46,Valencia,Corporate,ICE,UKL2,REST,Standard,16
2025,02,RENAULT,46,Valencia,Private,BEV,UKL1,REST,Standard,12
2025,02,RENAULT,46,Valencia,Private,BEV,UKL2,REST,Standard,3
2025,02,RENAULT,46,Valencia,Private,ICE,KKL,REST,Standard,5
2025,02,RENAULT,46,Valencia,Private,ICE,SKL,REST,Standard,2
2025,02,RENAULT,46,Valencia,Private,ICE,UKL1,REST,Standard,335
2025,02,RENAULT,46,Valencia,Private,ICE,UKL2,REST,Standard,119
2025,02,RENAULT,46,Valencia,Private,PHEV,UKL2,REST,Standard,12
2025,02,SEAT,46,Valencia,Corporate,ICE,UKL1,REST,Standard,11
2025,02,SEAT,46,Valencia,Corporate,ICE,UKL2,REST,Standard,7
2025,02,SEAT,46,Valencia,Private,ICE,KKL,REST,Standard,1
2025,02,SEAT,46,Valencia,Private,ICE,UKL1,REST,Standard,200
2025,02,SEAT,46,Valencia,Private,ICE,UKL2,REST,Standard,128
2025,02,SEAT,46,Valencia,Private,PHEV,UKL2,REST,Standard,3
2025,02,SEAT,46,Valencia,RAC,ICE,UKL1,REST,Standard,1
2025,02,SHINERAY,46,Valencia,Corporate,ICE,MKL,REST,Standard,3
2025,02,SHINERAY,46,Valencia,Private,ICE,MKL,REST,Standard,10
2025,02,SIN MARCA,46,Valencia,Corporate,ICE,,REST,Standard,5
2025,02,SIN MARCA,46,Valencia,Private,ICE,,REST,Standard,1
2025,02,SKODA,46,Valencia,Corporate,BEV,UKL2,REST,Standard,3
2025,02,SKODA,46,Valencia,Corporate,ICE,KKL,REST,Standard,1
2025,02,SKODA,46,Valencia,Corporate,ICE,UKL1,REST,Standard,7
2025,02,SKODA,46,Valencia,Corporate,ICE,UKL2,REST,Standard,5
2025,02,SKODA,46,Valencia,Corporate,PHEV,KKL,REST,Standard,1
2025,02,SKODA,46,Valencia,Private,BEV,UKL2,REST,Standard,1
2025,02,SKODA,46,Valencia,Private,ICE,KKL,REST,Standard,4
2025,02,SKODA,46,Valencia,Private,ICE,UKL1,REST,Standard,98
2025,02,SKODA,46,Valencia,Private,ICE,UKL2,REST,Standard,57
2025,02,SKODA,46,Valencia,Private,PHEV,KKL,REST,Standard,6
2025,02,SSANGYONG,46,Valencia,Private,ICE,UKL1,REST,Standard,2
2025,02,SUBARU,46,Valencia,Corporate,BEV,UKL2,REST,Standard,1
2025,02,SUBARU,46,Valencia,Corporate,ICE,UKL2,REST,Standard,1
2025,02,SUBARU,46,Valencia,Private,BEV,UKL2,REST,Standard,1
2025,02,SUBARU,46,Valencia,Private,ICE,KKL,REST,Standard,1
2025,02,SUZUKI,46,Valencia,Private,ICE,UKL1,REST,Standard,20
2025,02,SUZUKI,46,Valencia,Private,ICE,UKL2,REST,Standard,16
2025,02,TESLA,46,Valencia,Corporate,BEV,KKL,FOCUS SEGMENT,Standard,13
2025,02,TESLA,46,Valencia,Private,BEV,GKL,FOCUS SEGMENT,Standard,1
2025,02,TESLA,46,Valencia,Private,BEV,KKL,FOCUS SEGMENT,Standard,173
2025,02,TOYOTA,46,Valencia,Corporate,ICE,GKL,REST,Standard,1
2025,02,TOYOTA,46,Valencia,Corporate,ICE,UKL0,REST,Standard,1
2025,02,TOYOTA,46,Valencia,Corporate,ICE,UKL1,REST,Standard,16
2025,02,TOYOTA,46,Valencia,Corporate,ICE,UKL2,REST,Standard,15
2025,02,TOYOTA,46,Valencia,Corporate,PHEV,UKL1,REST,Standard,26
2025,02,TOYOTA,46,Valencia,Corporate,PHEV,UKL2,REST,Standard,3
2025,02,TOYOTA,46,Valencia,Private,BEV,UKL2,REST,Standard,1
2025,02,TOYOTA,46,Valencia,Private,ICE,GKL,REST,Standard,1
2025,02,TOYOTA,46,Valencia,Private,ICE,SKL,REST,Standard,2
2025,02,TOYOTA,46,Valencia,Private,ICE,UKL0,REST,Standard,24
2025,02,TOYOTA,46,Valencia,Private,ICE,UKL1,REST,Standard,289
2025,02,TOYOTA,46,Valencia,Private,ICE,UKL2,REST,Standard,162
2025,02,TOYOTA,46,Valencia,Private,PHEV,UKL1,REST,Standard,98
2025,02,TOYOTA,46,Valencia,Private,PHEV,UKL2,REST,Standard,22
2025,02,VOLKSWAGEN,46,Valencia,Corporate,BEV,SKL,REST,Standard,2
2025,02,VOLKSWAGEN,46,Valencia,Corporate,BEV,UKL2,REST,Standard,1
2025,02,VOLKSWAGEN,46,Valencia,Corporate,ICE,SKL,REST,Standard,1
2025,02,VOLKSWAGEN,46,Valencia,Corporate,ICE,UKL1,REST,Standard,9
2025,02,VOLKSWAGEN,46,Valencia,Corporate,ICE,UKL2,REST,Standard,24
2025,02,VOLKSWAGEN,46,Valencia,Corporate,PHEV,SKL,REST,Standard,1
2025,02,VOLKSWAGEN,46,Valencia,Corporate,PHEV,UKL2,REST,Standard,2
2025,02,VOLKSWAGEN,46,Valencia,Private,BEV,UKL2,REST,Standard,1
2025,02,VOLKSWAGEN,46,Valencia,Private,ICE,SKL,REST,Standard,10
2025,02,VOLKSWAGEN,46,Valencia,Private,ICE,UKL1,REST,Standard,210
2025,02,VOLKSWAGEN,46,Valencia,Private,ICE,UKL2,REST,Standard,133
2025,02,VOLKSWAGEN,46,Valencia,Private,PHEV,UKL2,REST,Standard,6
2025,02,VOLVO,46,Valencia,Corporate,BEV,UKL2,FOCUS SEGMENT,Standard,2
2025,02,VOLVO,46,Valencia,Corporate,ICE,KKL,FOCUS SEGMENT,Standard,2
2025,02,VOLVO,46,Valencia,Corporate,ICE,UKL2,FOCUS SEGMENT,Standard,1
2025,02,VOLVO,46,Valencia,Corporate,PHEV,MKL,FOCUS SEGMENT,Standard,2
2025,02,VOLVO,46,Valencia,Private,BEV,UKL1,FOCUS SEGMENT,Standard,11
2025,02,VOLVO,46,Valencia,Private,BEV,UKL2,FOCUS SEGMENT,Standard,5
2025,02,VOLVO,46,Valencia,Private,ICE,KKL,FOCUS SEGMENT,Standard,2
2025,02,VOLVO,46,Valencia,Private,ICE,UKL2,FOCUS SEGMENT,Standard,28
2025,02,VOLVO,46,Valencia,Private,PHEV,KKL,FOCUS SEGMENT,Standard,2
2025,02,XPENG,46,Valencia,Corporate,BEV,KKL,FOCUS SEGMENT,Standard,2
2025,02,YUDO,46,Valencia,Corporate,BEV,UKL2,REST,Standard,1
2025,02,YUDO,46,Valencia,Private,BEV,UKL2,REST,Standard,1
2025,02,AUDI,47,Valladolid,Corporate,ICE,KKL,FOCUS SEGMENT,Standard,2
2025,02,AUDI,47,Valladolid,Corporate,ICE,UKL1,FOCUS SEGMENT,Standard,1
2025,02,AUDI,47,Valladolid,Corporate,ICE,UKL2,FOCUS SEGMENT,Standard,2
2025,02,AUDI,47,Valladolid,Private,ICE,KKL,FOCUS SEGMENT,Standard,3
2025,02,AUDI,47,Valladolid,Private,ICE,UKL2,FOCUS SEGMENT,Standard,3
2025,02,BMW,47,Valladolid,Corporate,ICE,GKL,FOCUS SEGMENT,Standard,4
2025,02,BMW,47,Valladolid,Corporate,ICE,KKL,FOCUS SEGMENT,M,3
2025,02,BMW,47,Valladolid,Corporate,ICE,UKL2,FOCUS SEGMENT,Standard,11
2025,02,BMW,47,Valladolid,Private,ICE,KKL,FOCUS SEGMENT,Standard,1
2025,02,BMW,47,Valladolid,Private,ICE,UKL2,FOCUS SEGMENT,Standard,3
2025,02,BMW,47,Valladolid,Private,PHEV,KKL,FOCUS SEGMENT,Standard,1
2025,02,BYD,47,Valladolid,Private,BEV,KKL,REST,Standard,1
2025,02,BYD,47,Valladolid,Private,BEV,UKL1,REST,Standard,1
2025,02,BYD,47,Valladolid,Private,BEV,UKL2,REST,Standard,2
2025,02,BYD,47,Valladolid,Private,PHEV,KKL,REST,Standard,3
2025,02,CITROEN,47,Valladolid,Corporate,ICE,SKL,REST,Standard,1
2025,02,CITROEN,47,Valladolid,Corporate,ICE,UKL1,REST,Standard,4
2025,02,CITROEN,47,Valladolid,Private,BEV,UKL1,REST,Standard,1
2025,02,CITROEN,47,Valladolid,Private,ICE,UKL2,REST,Standard,7
2025,02,CUPRA,47,Valladolid,Corporate,ICE,UKL2,REST,Standard,2
2025,02,CUPRA,47,Valladolid,Corporate,PHEV,UKL2,REST,Standard,1
2025,02,CUPRA,47,Valladolid,Private,ICE,UKL2,REST,Standard,2
2025,02,DACIA,47,Valladolid,Corporate,ICE,SKL,REST,Standard,4
2025,02,DACIA,47,Valladolid,Corporate,ICE,UKL1,REST,Standard,1
2025,02,DACIA,47,Valladolid,Private,BEV,UKL0,REST,Standard,2
2025,02,DACIA,47,Valladolid,Private,ICE,SKL,REST,Standard,17
2025,02,DACIA,47,Valladolid,Private,ICE,UKL1,REST,Standard,11
2025,02,DACIA,47,Valladolid,Private,ICE,UKL2,REST,Standard,1
2025,02,DR,47,Valladolid,Private,ICE,UKL1,REST,Standard,1
2025,02,EVO,47,Valladolid,Private,ICE,UKL2,REST,Standard,1
2025,02,FORD,47,Valladolid,Private,ICE,UKL1,REST,Standard,3
2025,02,FORD,47,Valladolid,Private,ICE,UKL2,REST,Standard,3
2025,02,FORD,47,Valladolid,Private,PHEV,UKL2,REST,Standard,2
2025,02,HYUNDAI,47,Valladolid,Corporate,BEV,UKL2,REST,Standard,1
2025,02,HYUNDAI,47,Valladolid,Corporate,ICE,MKL,REST,Standard,2
2025,02,HYUNDAI,47,Valladolid,Corporate,ICE,UKL1,REST,Standard,5
2025,02,HYUNDAI,47,Valladolid,Corporate,ICE,UKL2,REST,Standard,7
2025,02,HYUNDAI,47,Valladolid,Private,BEV,UKL2,REST,Standard,1
2025,02,HYUNDAI,47,Valladolid,Private,ICE,MKL,REST,Standard,1
2025,02,HYUNDAI,47,Valladolid,Private,ICE,UKL1,REST,Standard,9
2025,02,HYUNDAI,47,Valladolid,Private,ICE,UKL2,REST,Standard,8
2025,02,JAECOO,47,Valladolid,Corporate,PHEV,UKL2,REST,Standard,1
2025,02,JAECOO,47,Valladolid,Private,ICE,UKL2,REST,Standard,3
2025,02,JAECOO,47,Valladolid,Private,PHEV,UKL2,REST,Standard,4
2025,02,KG MOBILITY,47,Valladolid,Private,ICE,UKL1,REST,Standard,3
2025,02,KIA,47,Valladolid,Corporate,BEV,UKL1,REST,Standard,1
2025,02,KIA,47,Valladolid,Corporate,ICE,UKL2,REST,Standard,2
2025,02,KIA,47,Valladolid,Private,BEV,MKL,REST,Standard,1
2025,02,KIA,47,Valladolid,Private,BEV,UKL1,REST,Standard,3
2025,02,KIA,47,Valladolid,Private,ICE,UKL1,REST,Standard,3
2025,02,KIA,47,Valladolid,Private,ICE,UKL2,REST,Standard,24
2025,02,LEXUS,47,Valladolid,Corporate,ICE,UKL2,FOCUS SEGMENT,Standard,1
2025,02,LEXUS,47,Valladolid,Private,ICE,KKL,FOCUS SEGMENT,Standard,3
2025,02,LEXUS,47,Valladolid,Private,ICE,UKL1,FOCUS SEGMENT,Standard,1
2025,02,LEXUS,47,Valladolid,Private,PHEV,KKL,FOCUS SEGMENT,Standard,3
2025,02,LYNK & CO,47,Valladolid,Corporate,PHEV,UKL2,REST,Standard,1
2025,02,MAZDA,47,Valladolid,Corporate,ICE,KKL,REST,Standard,1
2025,02,MAZDA,47,Valladolid,Corporate,ICE,UKL2,REST,Standard,3
2025,02,MAZDA,47,Valladolid,Private,ICE,KKL,REST,Standard,1
2025,02,MAZDA,47,Valladolid,Private,ICE,UKL2,REST,Standard,10
2025,02,MERCEDES,47,Valladolid,Corporate,BEV,MKL,FOCUS SEGMENT,Standard,1
2025,02,MERCEDES,47,Valladolid,Corporate,ICE,KKL,FOCUS SEGMENT,Standard,3
2025,02,MERCEDES,47,Valladolid,Corporate,ICE,MKL,REST,Standard,1
2025,02,MERCEDES,47,Valladolid,Corporate,ICE,UKL2,FOCUS SEGMENT,Standard,1
2025,02,MERCEDES,47,Valladolid,Corporate,PHEV,UKL2,FOCUS SEGMENT,Standard,1
2025,02,MERCEDES,47,Valladolid,Private,ICE,KKL,FOCUS SEGMENT,Standard,1
2025,02,MERCEDES,47,Valladolid,Private,ICE,UKL2,FOCUS SEGMENT,Standard,1
2025,02,MERCEDES,47,Valladolid,Private,PHEV,KKL,FOCUS SEGMENT,Standard,1
2025,02,MERCEDES,47,Valladolid,Private,PHEV,UKL2,FOCUS SEGMENT,Standard,2
2025,02,MG,47,Valladolid,Private,BEV,UKL2,REST,Standard,2
2025,02,MG,47,Valladolid,Private,ICE,KKL,REST,Standard,2
2025,02,MG,47,Valladolid,Private,ICE,UKL1,REST,Standard,24
2025,02,MG,47,Valladolid,Private,PHEV,KKL,REST,Standard,4
2025,02,MINI,47,Valladolid,Corporate,ICE,UKL1,FOCUS SEGMENT,Standard,1
2025,02,MINI,47,Valladolid,Corporate,ICE,UKL2,FOCUS SEGMENT,Standard,2
2025,02,MINI,47,Valladolid,Private,ICE,UKL1,FOCUS SEGMENT,Standard,2
2025,02,MINI,47,Valladolid,Private,ICE,UKL2,FOCUS SEGMENT,Standard,1
2025,02,MITSUBISHI,47,Valladolid,Private,ICE,UKL1,REST,Standard,1
2025,02,NISSAN,47,Valladolid,Corporate,ICE,UKL2,REST,Standard,2
2025,02,NISSAN,47,Valladolid,Private,BEV,UKL2,REST,Standard,1
2025,02,NISSAN,47,Valladolid,Private,ICE,KKL,REST,Standard,3
2025,02,NISSAN,47,Valladolid,Private,ICE,SKL,REST,Standard,1
2025,02,NISSAN,47,Valladolid,Private,ICE,UKL1,REST,Standard,4
2025,02,NISSAN,47,Valladolid,Private,ICE,UKL2,REST,Standard,7
2025,02,OMODA,47,Valladolid,Private,ICE,UKL2,REST,Standard,3
2025,02,OPEL,47,Valladolid,Private,ICE,UKL1,REST,Standard,1
2025,02,PEUGEOT,47,Valladolid,Corporate,ICE,SKL,REST,Standard,1
2025,02,PEUGEOT,47,Valladolid,Corporate,ICE,UKL1,REST,Standard,2
2025,02,PEUGEOT,47,Valladolid,Corporate,ICE,UKL2,REST,Standard,2
2025,02,PEUGEOT,47,Valladolid,Private,BEV,UKL1,REST,Standard,1
2025,02,PEUGEOT,47,Valladolid,Private,ICE,SKL,REST,Standard,2
2025,02,PEUGEOT,47,Valladolid,Private,ICE,UKL1,REST,Standard,4
2025,02,PEUGEOT,47,Valladolid,Private,ICE,UKL2,REST,Standard,2
2025,02,PORSCHE,47,Valladolid,Corporate,PHEV,GKL,FOCUS SEGMENT,Standard,1
2025,02,RENAULT,47,Valladolid,Corporate,ICE,UKL1,REST,Standard,10
2025,02,RENAULT,47,Valladolid,Corporate,ICE,UKL2,REST,Standard,5
2025,02,RENAULT,47,Valladolid,Corporate,PHEV,UKL2,REST,Standard,5
2025,02,RENAULT,47,Valladolid,Private,BEV,UKL1,REST,Standard,1
2025,02,RENAULT,47,Valladolid,Private,BEV,UKL2,REST,Standard,3
2025,02,RENAULT,47,Valladolid,Private,ICE,KKL,REST,Standard,1
2025,02,RENAULT,47,Valladolid,Private,ICE,SKL,REST,Standard,1
2025,02,RENAULT,47,Valladolid,Private,ICE,UKL1,REST,Standard,16
2025,02,RENAULT,47,Valladolid,Private,ICE,UKL2,REST,Standard,11
2025,02,RENAULT,47,Valladolid,Private,PHEV,UKL2,REST,Standard,3
2025,02,SEAT,47,Valladolid,Corporate,ICE,UKL1,REST,Standard,1
2025,02,SEAT,47,Valladolid,Corporate,ICE,UKL2,REST,Standard,4
2025,02,SEAT,47,Valladolid,Corporate,PHEV,UKL2,REST,Standard,1
2025,02,SEAT,47,Valladolid,Private,ICE,UKL1,REST,Standard,9
2025,02,SEAT,47,Valladolid,Private,ICE,UKL2,REST,Standard,10
2025,02,SKODA,47,Valladolid,Corporate,ICE,UKL1,REST,Standard,1
2025,02,SKODA,47,Valladolid,Corporate,ICE,UKL2,REST,Standard,1
2025,02,SKODA,47,Valladolid,Private,ICE,KKL,REST,Standard,3
2025,02,SKODA,47,Valladolid,Private,ICE,UKL1,REST,Standard,3
2025,02,SKODA,47,Valladolid,Private,ICE,UKL2,REST,Standard,3
2025,02,SKODA,47,Valladolid,Private,PHEV,UKL2,REST,Standard,1
2025,02,SUBARU,47,Valladolid,Private,ICE,KKL,REST,Standard,2
2025,02,SUZUKI,47,Valladolid,Private,ICE,UKL1,REST,Standard,2
2025,02,SUZUKI,47,Valladolid,Private,ICE,UKL2,REST,Standard,2
2025,02,TESLA,47,Valladolid,Corporate,BEV,KKL,FOCUS SEGMENT,Standard,1
2025,02,TESLA,47,Valladolid,Private,BEV,KKL,FOCUS SEGMENT,Standard,2
2025,02,TOYOTA,47,Valladolid,Corporate,ICE,UKL1,REST,Standard,1
2025,02,TOYOTA,47,Valladolid,Corporate,ICE,UKL2,REST,Standard,2
2025,02,TOYOTA,47,Valladolid,Corporate,PHEV,UKL2,REST,Standard,1
2025,02,TOYOTA,47,Valladolid,Private,BEV,UKL2,REST,Standard,3
2025,02,TOYOTA,47,Valladolid,Private,ICE,UKL0,REST,Standard,3
2025,02,TOYOTA,47,Valladolid,Private,ICE,UKL1,REST,Standard,23
2025,02,TOYOTA,47,Valladolid,Private,ICE,UKL2,REST,Standard,27
2025,02,TOYOTA,47,Valladolid,Private,PHEV,UKL1,REST,Standard,7
2025,02,TOYOTA,47,Valladolid,Private,PHEV,UKL2,REST,Standard,2
2025,02,VOLKSWAGEN,47,Valladolid,Private,ICE,SKL,REST,Standard,3
2025,02,VOLKSWAGEN,47,Valladolid,Private,ICE,UKL1,REST,Standard,3
2025,02,VOLKSWAGEN,47,Valladolid,Private,ICE,UKL2,REST,Standard,5
2025,02,VOLVO,47,Valladolid,Corporate,BEV,UKL1,FOCUS SEGMENT,Standard,1
2025,02,VOLVO,47,Valladolid,Corporate,ICE,UKL2,FOCUS SEGMENT,Standard,1
2025,02,VOLVO,47,Valladolid,Private,ICE,KKL,FOCUS SEGMENT,Standard,1
2025,02,VOLVO,47,Valladolid,Private,PHEV,MKL,FOCUS SEGMENT,Standard,1
2025,02,XPENG,47,Valladolid,Corporate,BEV,KKL,FOCUS SEGMENT,Standard,1
2025,02,ALFA ROMEO,48,Bizkaia,Private,ICE,UKL1,REST,Standard,2
2025,02,AUDI,48,Bizkaia,Corporate,BEV,UKL2,FOCUS SEGMENT,Standard,1
2025,02,AUDI,48,Bizkaia,Corporate,ICE,KKL,FOCUS SEGMENT,Standard,1
2025,02,AUDI,48,Bizkaia,Corporate,ICE,UKL1,FOCUS SEGMENT,Standard,6
2025,02,AUDI,48,Bizkaia,Corporate,ICE,UKL2,FOCUS SEGMENT,Standard,13
2025,02,AUDI,48,Bizkaia,Private,ICE,KKL,FOCUS SEGMENT,Standard,6
2025,02,AUDI,48,Bizkaia,Private,ICE,UKL1,FOCUS SEGMENT,Standard,2
2025,02,AUDI,48,Bizkaia,Private,ICE,UKL2,FOCUS SEGMENT,Standard,4
2025,02,BMW,48,Bizkaia,Corporate,BEV,UKL2,FOCUS SEGMENT,Standard,2
2025,02,BMW,48,Bizkaia,Corporate,ICE,KKL,FOCUS SEGMENT,M,1
2025,02,BMW,48,Bizkaia,Corporate,ICE,KKL,FOCUS SEGMENT,Standard,2
2025,02,BMW,48,Bizkaia,Corporate,ICE,MKL,FOCUS SEGMENT,Standard,1
2025,02,BMW,48,Bizkaia,Corporate,ICE,UKL2,FOCUS SEGMENT,Standard,5
2025,02,BMW,48,Bizkaia,Private,ICE,KKL,FOCUS SEGMENT,M,1
2025,02,BMW,48,Bizkaia,Private,ICE,KKL,FOCUS SEGMENT,Standard,3
2025,02,BMW,48,Bizkaia,Private,ICE,UKL2,FOCUS SEGMENT,M Performance,1
2025,02,BMW,48,Bizkaia,Private,ICE,UKL2,FOCUS SEGMENT,Standard,11
2025,02,BMW,48,Bizkaia,Private,PHEV,KKL,FOCUS SEGMENT,Standard,1
2025,02,BMW,48,Bizkaia,Private,PHEV,MKL,FOCUS SEGMENT,Standard,1
2025,02,BMW,48,Bizkaia,Private,PHEV,UKL2,FOCUS SEGMENT,Standard,1
2025,02,BYD,48,Bizkaia,Corporate,BEV,KKL,REST,Standard,1
2025,02,BYD,48,Bizkaia,Corporate,PHEV,KKL,REST,Standard,2
2025,02,BYD,48,Bizkaia,Private,BEV,KKL,REST,Standard,2
2025,02,BYD,48,Bizkaia,Private,BEV,UKL2,REST,Standard,1
2025,02,BYD,48,Bizkaia,Private,PHEV,KKL,REST,Standard,1
2025,02,CITROEN,48,Bizkaia,Corporate,ICE,UKL2,REST,Standard,2
2025,02,CITROEN,48,Bizkaia,Private,ICE,SKL,REST,Standard,1
2025,02,CITROEN,48,Bizkaia,Private,ICE,UKL1,REST,Standard,7
2025,02,CITROEN,48,Bizkaia,Private,ICE,UKL2,REST,Standard,8
2025,02,CUPRA,48,Bizkaia,Corporate,BEV,UKL2,REST,Standard,2
2025,02,CUPRA,48,Bizkaia,Private,ICE,UKL2,REST,Standard,4
2025,02,CUPRA,48,Bizkaia,Private,PHEV,UKL2,REST,Standard,3
2025,02,DACIA,48,Bizkaia,Corporate,BEV,UKL0,REST,Standard,1
2025,02,DACIA,48,Bizkaia,Corporate,ICE,SKL,REST,Standard,7
2025,02,DACIA,48,Bizkaia,Corporate,ICE,UKL1,REST,Standard,12
2025,02,DACIA,48,Bizkaia,Corporate,ICE,UKL2,REST,Standard,2
2025,02,DACIA,48,Bizkaia,Private,ICE,SKL,REST,Standard,15
2025,02,DACIA,48,Bizkaia,Private,ICE,UKL1,REST,Standard,24
2025,02,DACIA,48,Bizkaia,Private,ICE,UKL2,REST,Standard,6
2025,02,DR,48,Bizkaia,Corporate,ICE,,,Standard,1
2025,02,EBRO,48,Bizkaia,Corporate,ICE,UKL2,REST,Standard,1
2025,02,EBRO,48,Bizkaia,Private,ICE,UKL2,REST,Standard,7
2025,02,FERRARI,48,Bizkaia,Corporate,PHEV,GKL+,FOCUS SEGMENT,Standard,1
2025,02,FIAT,48,Bizkaia,Corporate,ICE,SKL,REST,Standard,1
2025,02,FIAT,48,Bizkaia,Private,ICE,SKL,REST,Standard,1
2025,02,FORD,48,Bizkaia,Corporate,ICE,UKL2,REST,Standard,3
2025,02,FORD,48,Bizkaia,Corporate,PHEV,UKL2,REST,Standard,2
2025,02,FORD,48,Bizkaia,Private,BEV,SKL,REST,Standard,1
2025,02,FORD,48,Bizkaia,Private,ICE,SKL,REST,Standard,5
2025,02,FORD,48,Bizkaia,Private,ICE,UKL1,REST,Standard,4
2025,02,FORD,48,Bizkaia,Private,ICE,UKL2,REST,Standard,17
2025,02,FORD,48,Bizkaia,Private,PHEV,UKL2,REST,Standard,2
2025,02,HONDA,48,Bizkaia,Corporate,ICE,UKL1,REST,Standard,2
2025,02,HONDA,48,Bizkaia,Private,ICE,KKL,REST,Standard,1
2025,02,HONDA,48,Bizkaia,Private,ICE,UKL1,REST,Standard,5
2025,02,HONDA,48,Bizkaia,Private,ICE,UKL2,REST,Standard,3
2025,02,HYUNDAI,48,Bizkaia,Corporate,BEV,UKL2,REST,Standard,3
2025,02,HYUNDAI,48,Bizkaia,Corporate,ICE,MKL,REST,Standard,2
2025,02,HYUNDAI,48,Bizkaia,Corporate,ICE,UKL1,REST,Standard,13
2025,02,HYUNDAI,48,Bizkaia,Corporate,ICE,UKL2,REST,Standard,23
2025,02,HYUNDAI,48,Bizkaia,Corporate,PHEV,UKL2,REST,Standard,1
2025,02,HYUNDAI,48,Bizkaia,Private,BEV,UKL2,REST,Standard,1
2025,02,HYUNDAI,48,Bizkaia,Private,ICE,UKL0,REST,Standard,1
2025,02,HYUNDAI,48,Bizkaia,Private,ICE,UKL1,REST,Standard,15
2025,02,HYUNDAI,48,Bizkaia,Private,ICE,UKL2,REST,Standard,22
2025,02,HYUNDAI,48,Bizkaia,Private,PHEV,UKL2,REST,Standard,1
2025,02,JAECOO,48,Bizkaia,Private,ICE,UKL2,REST,Standard,2
2025,02,JAECOO,48,Bizkaia,Private,PHEV,UKL2,REST,Standard,15
2025,02,JEEP,48,Bizkaia,Corporate,ICE,UKL1,REST,Standard,1
2025,02,JEEP,48,Bizkaia,Corporate,PHEV,UKL2,REST,Standard,1
2025,02,JEEP,48,Bizkaia,Private,ICE,UKL1,REST,Standard,1
2025,02,KIA,48,Bizkaia,Corporate,ICE,KKL,REST,Standard,1
2025,02,KIA,48,Bizkaia,Corporate,ICE,UKL2,REST,Standard,8
2025,02,KIA,48,Bizkaia,Private,BEV,MKL,REST,Standard,1
2025,02,KIA,48,Bizkaia,Private,BEV,UKL1,REST,Standard,6
2025,02,KIA,48,Bizkaia,Private,BEV,UKL2,REST,Standard,1
2025,02,KIA,48,Bizkaia,Private,ICE,,,Standard,2
2025,02,KIA,48,Bizkaia,Private,ICE,KKL,REST,Standard,2
2025,02,KIA,48,Bizkaia,Private,ICE,UKL1,REST,Standard,11
2025,02,KIA,48,Bizkaia,Private,ICE,UKL2,REST,Standard,44
2025,02,LAND ROVER,48,Bizkaia,Corporate,ICE,GKL,FOCUS SEGMENT,Standard,1
2025,02,LEXUS,48,Bizkaia,Corporate,ICE,KKL,FOCUS SEGMENT,Standard,4
2025,02,LEXUS,48,Bizkaia,Corporate,ICE,UKL1,FOCUS SEGMENT,Standard,1
2025,02,LEXUS,48,Bizkaia,Private,ICE,KKL,FOCUS SEGMENT,Standard,1
2025,02,LEXUS,48,Bizkaia,Private,ICE,MKL,FOCUS SEGMENT,Standard,2
2025,02,LEXUS,48,Bizkaia,Private,ICE,UKL1,FOCUS SEGMENT,Standard,8
2025,02,LEXUS,48,Bizkaia,Private,ICE,UKL2,FOCUS SEGMENT,Standard,2
2025,02,LEXUS,48,Bizkaia,Private,PHEV,KKL,FOCUS SEGMENT,Standard,3
2025,02,LEXUS,48,Bizkaia,Private,PHEV,MKL,FOCUS SEGMENT,Standard,1
2025,02,MASERATI,48,Bizkaia,Private,ICE,KKL,FOCUS SEGMENT,Standard,1
2025,02,MAZDA,48,Bizkaia,Corporate,ICE,KKL,REST,Standard,3
2025,02,MAZDA,48,Bizkaia,Corporate,ICE,UKL2,REST,Standard,6
2025,02,MAZDA,48,Bizkaia,Private,ICE,UKL2,REST,Standard,28
2025,02,MAZDA,48,Bizkaia,Private,PHEV,KKL,REST,Standard,2
2025,02,MERCEDES,48,Bizkaia,Corporate,ICE,KKL,FOCUS SEGMENT,Standard,4
2025,02,MERCEDES,48,Bizkaia,Corporate,ICE,MKL,FOCUS SEGMENT,Standard,3
2025,02,MERCEDES,48,Bizkaia,Corporate,ICE,MKL,REST,Standard,3
2025,02,MERCEDES,48,Bizkaia,Corporate,ICE,UKL2,FOCUS SEGMENT,Standard,3
2025,02,MERCEDES,48,Bizkaia,Corporate,PHEV,KKL,FOCUS SEGMENT,Standard,2
2025,02,MERCEDES,48,Bizkaia,Corporate,PHEV,MKL,FOCUS SEGMENT,M Performance,2
2025,02,MERCEDES,48,Bizkaia,Corporate,PHEV,MKL,FOCUS SEGMENT,Standard,1
2025,02,MERCEDES,48,Bizkaia,Private,BEV,MKL,FOCUS SEGMENT,Standard,1
2025,02,MERCEDES,48,Bizkaia,Private,BEV,UKL2,FOCUS SEGMENT,Standard,1
2025,02,MERCEDES,48,Bizkaia,Private,ICE,KKL,FOCUS SEGMENT,M Performance,1
2025,02,MERCEDES,48,Bizkaia,Private,ICE,KKL,FOCUS SEGMENT,Standard,4
2025,02,MERCEDES,48,Bizkaia,Private,ICE,MKL,REST,Standard,3
2025,02,MERCEDES,48,Bizkaia,Private,ICE,UKL2,FOCUS SEGMENT,Standard,8
2025,02,MERCEDES,48,Bizkaia,Private,PHEV,KKL,FOCUS SEGMENT,Standard,2
2025,02,MERCEDES,48,Bizkaia,Private,PHEV,MKL,FOCUS SEGMENT,Standard,1
2025,02,MG,48,Bizkaia,Corporate,ICE,UKL1,REST,Standard,6
2025,02,MG,48,Bizkaia,Corporate,PHEV,KKL,REST,Standard,1
2025,02,MG,48,Bizkaia,Private,BEV,UKL2,REST,Standard,3
2025,02,MG,48,Bizkaia,Private,ICE,KKL,REST,Standard,5
2025,02,MG,48,Bizkaia,Private,ICE,UKL1,REST,Standard,38
2025,02,MG,48,Bizkaia,Private,PHEV,KKL,REST,Standard,6
2025,02,MINI,48,Bizkaia,Corporate,BEV,UKL1,FOCUS SEGMENT,Standard,2
2025,02,MINI,48,Bizkaia,Corporate,ICE,UKL1,FOCUS SEGMENT,Standard,1
2025,02,MINI,48,Bizkaia,Private,BEV,UKL1,FOCUS SEGMENT,Standard,2
2025,02,MINI,48,Bizkaia,Private,BEV,UKL2,FOCUS SEGMENT,Standard,2
2025,02,MINI,48,Bizkaia,Private,ICE,UKL1,FOCUS SEGMENT,Standard,6
2025,02,MITSUBISHI,48,Bizkaia,Private,ICE,UKL2,REST,Standard,1
2025,02,NISSAN,48,Bizkaia,Corporate,ICE,KKL,REST,Standard,2
2025,02,NISSAN,48,Bizkaia,Corporate,ICE,SKL,REST,Standard,2
2025,02,NISSAN,48,Bizkaia,Corporate,ICE,UKL1,REST,Standard,1
2025,02,NISSAN,48,Bizkaia,Corporate,ICE,UKL2,REST,Standard,4
2025,02,NISSAN,48,Bizkaia,Private,ICE,KKL,REST,Standard,9
2025,02,NISSAN,48,Bizkaia,Private,ICE,SKL,REST,Standard,3
2025,02,NISSAN,48,Bizkaia,Private,ICE,UKL1,REST,Standard,3
2025,02,NISSAN,48,Bizkaia,Private,ICE,UKL2,REST,Standard,16
2025,02,OMODA,48,Bizkaia,Corporate,ICE,UKL2,REST,Standard,1
2025,02,OMODA,48,Bizkaia,Private,ICE,UKL2,REST,Standard,3
2025,02,OPEL,48,Bizkaia,Corporate,ICE,UKL1,REST,Standard,1
2025,02,OPEL,48,Bizkaia,Private,ICE,SKL,REST,Standard,3
2025,02,OPEL,48,Bizkaia,Private,ICE,UKL1,REST,Standard,7
2025,02,OPEL,48,Bizkaia,Private,ICE,UKL2,REST,Standard,1
2025,02,PEUGEOT,48,Bizkaia,Corporate,BEV,SKL,REST,Standard,1
2025,02,PEUGEOT,48,Bizkaia,Corporate,ICE,SKL,REST,Standard,2
2025,02,PEUGEOT,48,Bizkaia,Corporate,ICE,UKL1,REST,Standard,2
2025,02,PEUGEOT,48,Bizkaia,Corporate,ICE,UKL2,REST,Standard,3
2025,02,PEUGEOT,48,Bizkaia,Private,ICE,KKL,REST,Standard,2
2025,02,PEUGEOT,48,Bizkaia,Private,ICE,SKL,REST,Standard,7
2025,02,PEUGEOT,48,Bizkaia,Private,ICE,UKL1,REST,Standard,8
2025,02,PEUGEOT,48,Bizkaia,Private,ICE,UKL2,REST,Standard,2
2025,02,PORSCHE,48,Bizkaia,Corporate,PHEV,MKL,FOCUS SEGMENT,Standard,3
2025,02,PORSCHE,48,Bizkaia,Private,BEV,KKL,FOCUS SEGMENT,Standard,1
2025,02,PORSCHE,48,Bizkaia,Private,ICE,GKL,FOCUS SEGMENT,Standard,1
2025,02,PORSCHE,48,Bizkaia,Private,ICE,MKL,FOCUS SEGMENT,M Performance,1
2025,02,PORSCHE,48,Bizkaia,Private,PHEV,MKL,FOCUS SEGMENT,Standard,1
2025,02,RENAULT,48,Bizkaia,Corporate,BEV,UKL1,REST,Standard,2
2025,02,RENAULT,48,Bizkaia,Corporate,BEV,UKL2,REST,Standard,2
2025,02,RENAULT,48,Bizkaia,Corporate,ICE,KKL,REST,Standard,3
2025,02,RENAULT,48,Bizkaia,Corporate,ICE,UKL1,REST,Standard,19
2025,02,RENAULT,48,Bizkaia,Corporate,ICE,UKL2,REST,Standard,38
2025,02,RENAULT,48,Bizkaia,Corporate,PHEV,UKL2,REST,Standard,3
2025,02,RENAULT,48,Bizkaia,Private,BEV,UKL1,REST,Standard,9
2025,02,RENAULT,48,Bizkaia,Private,BEV,UKL2,REST,Standard,2
2025,02,RENAULT,48,Bizkaia,Private,ICE,KKL,REST,Standard,2
2025,02,RENAULT,48,Bizkaia,Private,ICE,SKL,REST,Standard,1
2025,02,RENAULT,48,Bizkaia,Private,ICE,UKL1,REST,Standard,26
2025,02,RENAULT,48,Bizkaia,Private,ICE,UKL2,REST,Standard,8
2025,02,RENAULT,48,Bizkaia,Private,PHEV,UKL2,REST,Standard,2
2025,02,RENAULT,48,Bizkaia,RAC,ICE,UKL1,REST,Standard,1
2025,02,SEAT,48,Bizkaia,Corporate,ICE,UKL1,REST,Standard,8
2025,02,SEAT,48,Bizkaia,Corporate,ICE,UKL2,REST,Standard,3
2025,02,SEAT,48,Bizkaia,Corporate,PHEV,UKL2,REST,Standard,1
2025,02,SEAT,48,Bizkaia,Private,ICE,UKL1,REST,Standard,17
2025,02,SEAT,48,Bizkaia,Private,ICE,UKL2,REST,Standard,28
2025,02,SEAT,48,Bizkaia,Private,PHEV,UKL2,REST,Standard,1
2025,02,SHINERAY,48,Bizkaia,Private,ICE,MKL,REST,Standard,1
2025,02,SIN MARCA,48,Bizkaia,Private,ICE,,REST,Standard,1
2025,02,SKODA,48,Bizkaia,Corporate,BEV,UKL2,REST,Standard,2
2025,02,SKODA,48,Bizkaia,Corporate,ICE,KKL,REST,Standard,3
2025,02,SKODA,48,Bizkaia,Corporate,ICE,UKL1,REST,Standard,4
2025,02,SKODA,48,Bizkaia,Corporate,ICE,UKL2,REST,Standard,3
2025,02,SKODA,48,Bizkaia,Private,ICE,KKL,REST,Standard,4
2025,02,SKODA,48,Bizkaia,Private,ICE,UKL1,REST,Standard,14
2025,02,SKODA,48,Bizkaia,Private,ICE,UKL2,REST,Standard,9
2025,02,SMART,48,Bizkaia,Private,BEV,UKL1,FOCUS SEGMENT,Standard,1
2025,02,SUBARU,48,Bizkaia,Private,ICE,UKL2,REST,Standard,1
2025,02,SUZUKI,48,Bizkaia,Private,ICE,UKL1,REST,Standard,3
2025,02,SUZUKI,48,Bizkaia,Private,ICE,UKL2,REST,Standard,4
2025,02,TESLA,48,Bizkaia,Corporate,BEV,KKL,FOCUS SEGMENT,Standard,1
2025,02,TESLA,48,Bizkaia,Private,BEV,KKL,FOCUS SEGMENT,Standard,18
2025,02,TOYOTA,48,Bizkaia,Corporate,ICE,GKL,REST,Standard,2
2025,02,TOYOTA,48,Bizkaia,Corporate,ICE,SKL,REST,Standard,2
2025,02,TOYOTA,48,Bizkaia,Corporate,ICE,UKL1,REST,Standard,3
2025,02,TOYOTA,48,Bizkaia,Corporate,ICE,UKL2,REST,Standard,3
2025,02,TOYOTA,48,Bizkaia,Corporate,PHEV,UKL1,REST,Standard,3
2025,02,TOYOTA,48,Bizkaia,Corporate,PHEV,UKL2,REST,Standard,1
2025,02,TOYOTA,48,Bizkaia,Private,ICE,SKL,REST,Standard,3
2025,02,TOYOTA,48,Bizkaia,Private,ICE,UKL0,REST,Standard,2
2025,02,TOYOTA,48,Bizkaia,Private,ICE,UKL1,REST,Standard,56
2025,02,TOYOTA,48,Bizkaia,Private,ICE,UKL2,REST,Standard,44
2025,02,TOYOTA,48,Bizkaia,Private,PHEV,UKL1,REST,Standard,4
2025,02,TOYOTA,48,Bizkaia,Private,PHEV,UKL2,REST,Standard,10
2025,02,VOLKSWAGEN,48,Bizkaia,Corporate,BEV,SKL,REST,Standard,1
2025,02,VOLKSWAGEN,48,Bizkaia,Corporate,ICE,SKL,REST,Standard,1
2025,02,VOLKSWAGEN,48,Bizkaia,Corporate,ICE,UKL2,REST,Standard,1
2025,02,VOLKSWAGEN,48,Bizkaia,Corporate,PHEV,SKL,REST,Standard,1
2025,02,VOLKSWAGEN,48,Bizkaia,Corporate,PHEV,UKL2,REST,Standard,1
2025,02,VOLKSWAGEN,48,Bizkaia,Private,BEV,UKL2,REST,Standard,1
2025,02,VOLKSWAGEN,48,Bizkaia,Private,ICE,SKL,REST,Standard,12
2025,02,VOLKSWAGEN,48,Bizkaia,Private,ICE,UKL1,REST,Standard,14
2025,02,VOLKSWAGEN,48,Bizkaia,Private,ICE,UKL2,REST,Standard,13
2025,02,VOLVO,48,Bizkaia,Corporate,ICE,KKL,FOCUS SEGMENT,Standard,2
2025,02,VOLVO,48,Bizkaia,Corporate,ICE,UKL2,FOCUS SEGMENT,Standard,4
2025,02,VOLVO,48,Bizkaia,Private,BEV,UKL2,FOCUS SEGMENT,Standard,1
2025,02,VOLVO,48,Bizkaia,Private,ICE,KKL,FOCUS SEGMENT,Standard,2
2025,02,VOLVO,48,Bizkaia,Private,ICE,UKL2,FOCUS SEGMENT,Standard,3
2025,02,VOLVO,48,Bizkaia,Private,PHEV,MKL,FOCUS SEGMENT,Standard,1
2025,02,AUDI,49,Zamora,Corporate,ICE,MKL,FOCUS SEGMENT,Standard,2
2025,02,AUDI,49,Zamora,Corporate,ICE,UKL1,FOCUS SEGMENT,Standard,1
2025,02,BMW,49,Zamora,Corporate,ICE,KKL,FOCUS SEGMENT,Standard,1
2025,02,BMW,49,Zamora,Corporate,ICE,UKL2,FOCUS SEGMENT,M,1
2025,02,BYD,49,Zamora,Private,PHEV,KKL,REST,Standard,1
2025,02,CITROEN,49,Zamora,Private,ICE,UKL2,REST,Standard,4
2025,02,CUPRA,49,Zamora,Private,ICE,UKL2,REST,Standard,1
2025,02,DACIA,49,Zamora,Corporate,ICE,UKL1,REST,Standard,1
2025,02,DACIA,49,Zamora,Private,ICE,SKL,REST,Standard,2
2025,02,DACIA,49,Zamora,Private,ICE,UKL1,REST,Standard,3
2025,02,EBRO,49,Zamora,Private,ICE,UKL2,REST,Standard,1
2025,02,FORD,49,Zamora,Private,ICE,UKL2,REST,Standard,2
2025,02,FORD,49,Zamora,RAC,ICE,SKL,REST,Standard,1
2025,02,HONDA,49,Zamora,Private,ICE,UKL1,REST,Standard,1
2025,02,HONDA,49,Zamora,Private,ICE,UKL2,REST,Standard,1
2025,02,HYUNDAI,49,Zamora,Corporate,BEV,UKL2,REST,Standard,2
2025,02,HYUNDAI,49,Zamora,Private,ICE,UKL1,REST,Standard,4
2025,02,HYUNDAI,49,Zamora,Private,ICE,UKL2,REST,Standard,4
2025,02,JAECOO,49,Zamora,Private,ICE,UKL2,REST,Standard,1
2025,02,KIA,49,Zamora,Corporate,BEV,UKL2,REST,Standard,1
2025,02,KIA,49,Zamora,Corporate,ICE,UKL1,REST,Standard,1
2025,02,KIA,49,Zamora,Corporate,ICE,UKL2,REST,Standard,1
2025,02,KIA,49,Zamora,Private,BEV,UKL1,REST,Standard,1
2025,02,KIA,49,Zamora,Private,ICE,UKL1,REST,Standard,2
2025,02,KIA,49,Zamora,Private,ICE,UKL2,REST,Standard,3
2025,02,LEXUS,49,Zamora,Private,PHEV,KKL,FOCUS SEGMENT,Standard,1
2025,02,MAZDA,49,Zamora,Corporate,ICE,UKL1,REST,Standard,1
2025,02,MAZDA,49,Zamora,Corporate,ICE,UKL2,REST,Standard,1
2025,02,MAZDA,49,Zamora,Private,ICE,KKL,REST,Standard,1
2025,02,MAZDA,49,Zamora,Private,ICE,UKL2,REST,Standard,2
2025,02,MERCEDES,49,Zamora,Corporate,ICE,KKL,FOCUS SEGMENT,Standard,1
2025,02,MERCEDES,49,Zamora,Private,ICE,KKL,FOCUS SEGMENT,Standard,1
2025,02,MERCEDES,49,Zamora,Private,ICE,UKL2,FOCUS SEGMENT,Standard,1
2025,02,MERCEDES,49,Zamora,Private,PHEV,MKL,FOCUS SEGMENT,M Performance,1
2025,02,MG,49,Zamora,Corporate,ICE,UKL1,REST,Standard,1
2025,02,MG,49,Zamora,Private,ICE,UKL1,REST,Standard,6
2025,02,MG,49,Zamora,Private,PHEV,KKL,REST,Standard,1
2025,02,NISSAN,49,Zamora,Private,ICE,UKL1,REST,Standard,1
2025,02,NISSAN,49,Zamora,Private,ICE,UKL2,REST,Standard,4
2025,02,OMODA,49,Zamora,Private,ICE,UKL2,REST,Standard,2
2025,02,OPEL,49,Zamora,Corporate,ICE,SKL,REST,Standard,1
2025,02,OPEL,49,Zamora,Corporate,ICE,UKL2,REST,Standard,1
2025,02,PORSCHE,49,Zamora,Corporate,PHEV,MKL,FOCUS SEGMENT,M Performance,1
2025,02,RENAULT,49,Zamora,Corporate,ICE,UKL1,REST,Standard,2
2025,02,RENAULT,49,Zamora,Corporate,ICE,UKL2,REST,Standard,1
2025,02,RENAULT,49,Zamora,Private,ICE,UKL1,REST,Standard,5
2025,02,RENAULT,49,Zamora,Private,ICE,UKL2,REST,Standard,1
2025,02,SEAT,49,Zamora,Private,ICE,UKL1,REST,Standard,2
2025,02,SEAT,49,Zamora,Private,ICE,UKL2,REST,Standard,2
2025,02,SKODA,49,Zamora,Private,ICE,UKL2,REST,Standard,2
2025,02,TOYOTA,49,Zamora,Corporate,ICE,UKL1,REST,Standard,1
2025,02,TOYOTA,49,Zamora,Corporate,ICE,UKL2,REST,Standard,2
2025,02,TOYOTA,49,Zamora,Private,ICE,UKL0,REST,Standard,1
2025,02,TOYOTA,49,Zamora,Private,ICE,UKL1,REST,Standard,2
2025,02,TOYOTA,49,Zamora,Private,ICE,UKL2,REST,Standard,1
2025,02,TOYOTA,49,Zamora,Private,PHEV,UKL1,REST,Standard,1
2025,02,VOLKSWAGEN,49,Zamora,Corporate,ICE,UKL1,REST,Standard,1
2025,02,VOLKSWAGEN,49,Zamora,Corporate,ICE,UKL2,REST,Standard,1
2025,02,VOLKSWAGEN,49,Zamora,Private,ICE,UKL1,REST,Standard,1
2025,02,VOLKSWAGEN,49,Zamora,Private,ICE,UKL2,REST,Standard,3
2025,02,VOLKSWAGEN,49,Zamora,Private,PHEV,UKL2,REST,Standard,1
2025,02,ALFA ROMEO,50,Zaragoza,Private,ICE,UKL1,REST,Standard,1
2025,02,ALFA ROMEO,50,Zaragoza,RAC,ICE,UKL2,REST,Standard,2
2025,02,AUDI,50,Zaragoza,Corporate,ICE,KKL,FOCUS SEGMENT,Standard,2
2025,02,AUDI,50,Zaragoza,Corporate,ICE,MKL,FOCUS SEGMENT,M Performance,1
2025,02,AUDI,50,Zaragoza,Corporate,ICE,MKL,FOCUS SEGMENT,Standard,6
2025,02,AUDI,50,Zaragoza,Corporate,ICE,UKL1,FOCUS SEGMENT,Standard,15
2025,02,AUDI,50,Zaragoza,Corporate,ICE,UKL2,FOCUS SEGMENT,M Performance,1
2025,02,AUDI,50,Zaragoza,Corporate,ICE,UKL2,FOCUS SEGMENT,Standard,9
2025,02,AUDI,50,Zaragoza,Private,ICE,KKL,FOCUS SEGMENT,Standard,2
2025,02,AUDI,50,Zaragoza,Private,ICE,MKL,FOCUS SEGMENT,Standard,1
2025,02,AUDI,50,Zaragoza,Private,ICE,UKL1,FOCUS SEGMENT,Standard,1
2025,02,AUDI,50,Zaragoza,Private,ICE,UKL2,FOCUS SEGMENT,Standard,6
2025,02,BMW,50,Zaragoza,Corporate,BEV,KKL,FOCUS SEGMENT,M Performance,1
2025,02,BMW,50,Zaragoza,Corporate,BEV,UKL2,FOCUS SEGMENT,Standard,1
2025,02,BMW,50,Zaragoza,Corporate,ICE,KKL,FOCUS SEGMENT,Standard,2
2025,02,BMW,50,Zaragoza,Corporate,ICE,MKL,FOCUS SEGMENT,Standard,2
2025,02,BMW,50,Zaragoza,Corporate,ICE,UKL2,FOCUS SEGMENT,M,1
2025,02,BMW,50,Zaragoza,Corporate,ICE,UKL2,FOCUS SEGMENT,Standard,2
2025,02,BMW,50,Zaragoza,Private,ICE,KKL,FOCUS SEGMENT,Standard,4
2025,02,BMW,50,Zaragoza,Private,ICE,MKL,FOCUS SEGMENT,Standard,1
2025,02,BMW,50,Zaragoza,Private,ICE,UKL2,FOCUS SEGMENT,M Performance,1
2025,02,BMW,50,Zaragoza,Private,ICE,UKL2,FOCUS SEGMENT,Standard,12
2025,02,BYD,50,Zaragoza,Corporate,PHEV,KKL,REST,Standard,1
2025,02,BYD,50,Zaragoza,Private,BEV,KKL,REST,Standard,2
2025,02,BYD,50,Zaragoza,Private,BEV,UKL1,REST,Standard,2
2025,02,BYD,50,Zaragoza,Private,PHEV,KKL,REST,Standard,2
2025,02,CITROEN,50,Zaragoza,Corporate,ICE,UKL1,REST,Standard,4
2025,02,CITROEN,50,Zaragoza,Corporate,ICE,UKL2,REST,Standard,14
2025,02,CITROEN,50,Zaragoza,Private,BEV,UKL1,REST,Standard,1
2025,02,CITROEN,50,Zaragoza,Private,ICE,SKL,REST,Standard,2
2025,02,CITROEN,50,Zaragoza,Private,ICE,UKL1,REST,Standard,8
2025,02,CITROEN,50,Zaragoza,Private,ICE,UKL2,REST,Standard,18
2025,02,CUPRA,50,Zaragoza,Corporate,BEV,UKL2,REST,Standard,1
2025,02,CUPRA,50,Zaragoza,Corporate,ICE,UKL2,REST,Standard,2
2025,02,CUPRA,50,Zaragoza,Private,BEV,UKL2,REST,Standard,1
2025,02,CUPRA,50,Zaragoza,Private,ICE,UKL2,REST,Standard,8
2025,02,CUPRA,50,Zaragoza,Private,PHEV,UKL2,REST,Standard,2
2025,02,DACIA,50,Zaragoza,Corporate,BEV,UKL0,REST,Standard,3
2025,02,DACIA,50,Zaragoza,Corporate,ICE,SKL,REST,Standard,1
2025,02,DACIA,50,Zaragoza,Corporate,ICE,UKL1,REST,Standard,4
2025,02,DACIA,50,Zaragoza,Corporate,ICE,UKL2,REST,Standard,6
2025,02,DACIA,50,Zaragoza,Private,ICE,SKL,REST,Standard,12
2025,02,DACIA,50,Zaragoza,Private,ICE,UKL1,REST,Standard,17
2025,02,DACIA,50,Zaragoza,Private,ICE,UKL2,REST,Standard,4
2025,02,DONGFENG,50,Zaragoza,Corporate,BEV,UKL0,REST,Standard,2
2025,02,EBRO,50,Zaragoza,Corporate,ICE,KKL,REST,Standard,1
2025,02,EBRO,50,Zaragoza,Corporate,ICE,UKL2,REST,Standard,4
2025,02,EBRO,50,Zaragoza,Private,ICE,KKL,REST,Standard,1
2025,02,EBRO,50,Zaragoza,Private,ICE,UKL2,REST,Standard,3
2025,02,FIAT,50,Zaragoza,Corporate,ICE,UKL0,REST,Standard,1
2025,02,FIAT,50,Zaragoza,Private,ICE,UKL0,REST,Standard,1
2025,02,FIAT,50,Zaragoza,Private,ICE,UKL1,REST,Standard,2
2025,02,FORD,50,Zaragoza,Corporate,ICE,UKL2,REST,Standard,2
2025,02,FORD,50,Zaragoza,Private,ICE,SKL,REST,Standard,1
2025,02,FORD,50,Zaragoza,Private,ICE,UKL1,REST,Standard,1
2025,02,FORD,50,Zaragoza,Private,ICE,UKL2,REST,Standard,5
2025,02,FORD,50,Zaragoza,Private,PHEV,UKL2,REST,Standard,2
2025,02,HONDA,50,Zaragoza,Corporate,ICE,UKL1,REST,Standard,1
2025,02,HONDA,50,Zaragoza,Private,ICE,KKL,REST,Standard,1
2025,02,HONDA,50,Zaragoza,Private,ICE,UKL1,REST,Standard,4
2025,02,HONDA,50,Zaragoza,Private,ICE,UKL2,REST,Standard,4
2025,02,HYUNDAI,50,Zaragoza,Corporate,ICE,MKL,REST,Standard,1
2025,02,HYUNDAI,50,Zaragoza,Corporate,ICE,UKL0,REST,Standard,2
2025,02,HYUNDAI,50,Zaragoza,Corporate,ICE,UKL1,REST,Standard,4
2025,02,HYUNDAI,50,Zaragoza,Corporate,ICE,UKL2,REST,Standard,6
2025,02,HYUNDAI,50,Zaragoza,Private,BEV,UKL1,REST,Standard,1
2025,02,HYUNDAI,50,Zaragoza,Private,BEV,UKL2,REST,Standard,1
2025,02,HYUNDAI,50,Zaragoza,Private,ICE,MKL,REST,Standard,1
2025,02,HYUNDAI,50,Zaragoza,Private,ICE,UKL0,REST,Standard,2
2025,02,HYUNDAI,50,Zaragoza,Private,ICE,UKL1,REST,Standard,17
2025,02,HYUNDAI,50,Zaragoza,Private,ICE,UKL2,REST,Standard,16
2025,02,HYUNDAI,50,Zaragoza,Private,PHEV,UKL2,REST,Standard,2
2025,02,JAECOO,50,Zaragoza,Corporate,ICE,UKL2,REST,Standard,1
2025,02,JAECOO,50,Zaragoza,Corporate,PHEV,UKL2,REST,Standard,2
2025,02,JAECOO,50,Zaragoza,Private,PHEV,UKL2,REST,Standard,6
2025,02,JEEP,50,Zaragoza,Corporate,ICE,UKL1,REST,Standard,1
2025,02,JEEP,50,Zaragoza,Private,ICE,UKL1,REST,Standard,1
2025,02,JEEP,50,Zaragoza,Private,ICE,UKL2,REST,Standard,1
2025,02,KG MOBILITY,50,Zaragoza,Corporate,ICE,UKL1,REST,Standard,1
2025,02,KG MOBILITY,50,Zaragoza,Private,ICE,MKL,REST,Standard,1
2025,02,KG MOBILITY,50,Zaragoza,Private,ICE,UKL1,REST,Standard,2
2025,02,KIA,50,Zaragoza,Corporate,BEV,UKL1,REST,Standard,5
2025,02,KIA,50,Zaragoza,Private,BEV,UKL1,REST,Standard,2
2025,02,KIA,50,Zaragoza,Private,ICE,UKL0,REST,Standard,1
2025,02,KIA,50,Zaragoza,Private,ICE,UKL1,REST,Standard,7
2025,02,KIA,50,Zaragoza,Private,ICE,UKL2,REST,Standard,46
2025,02,KIA,50,Zaragoza,Private,PHEV,KKL,REST,Standard,1
2025,02,KIA,50,Zaragoza,Private,PHEV,UKL2,REST,Standard,1
2025,02,LANCIA,50,Zaragoza,Corporate,ICE,UKL1,REST,Standard,1
2025,02,LEXUS,50,Zaragoza,Corporate,ICE,KKL,FOCUS SEGMENT,Standard,1
2025,02,LEXUS,50,Zaragoza,Corporate,PHEV,KKL,FOCUS SEGMENT,Standard,1
2025,02,LEXUS,50,Zaragoza,Corporate,PHEV,MKL,FOCUS SEGMENT,Standard,1
2025,02,LEXUS,50,Zaragoza,Private,ICE,KKL,FOCUS SEGMENT,Standard,2
2025,02,LEXUS,50,Zaragoza,Private,ICE,UKL1,FOCUS SEGMENT,Standard,7
2025,02,LEXUS,50,Zaragoza,Private,ICE,UKL2,FOCUS SEGMENT,Standard,2
2025,02,MAZDA,50,Zaragoza,Corporate,ICE,KKL,REST,Standard,1
2025,02,MAZDA,50,Zaragoza,Corporate,ICE,UKL1,REST,Standard,2
2025,02,MAZDA,50,Zaragoza,Corporate,ICE,UKL2,REST,Standard,3
2025,02,MAZDA,50,Zaragoza,Private,ICE,UKL2,REST,Standard,16
2025,02,MERCEDES,50,Zaragoza,Corporate,ICE,GKL,FOCUS SEGMENT,M,1
2025,02,MERCEDES,50,Zaragoza,Corporate,ICE,KKL,FOCUS SEGMENT,Standard,5
2025,02,MERCEDES,50,Zaragoza,Corporate,ICE,MKL,FOCUS SEGMENT,Standard,1
2025,02,MERCEDES,50,Zaragoza,Corporate,ICE,MKL,REST,Standard,1
2025,02,MERCEDES,50,Zaragoza,Corporate,ICE,SKL,REST,Standard,1
2025,02,MERCEDES,50,Zaragoza,Corporate,ICE,UKL2,FOCUS SEGMENT,Standard,5
2025,02,MERCEDES,50,Zaragoza,Corporate,PHEV,MKL,FOCUS SEGMENT,M Performance,1
2025,02,MERCEDES,50,Zaragoza,Corporate,PHEV,MKL,FOCUS SEGMENT,Standard,1
2025,02,MERCEDES,50,Zaragoza,Private,BEV,MKL,FOCUS SEGMENT,Standard,1
2025,02,MERCEDES,50,Zaragoza,Private,ICE,KKL,FOCUS SEGMENT,Standard,2
2025,02,MERCEDES,50,Zaragoza,Private,ICE,MKL,FOCUS SEGMENT,Standard,1
2025,02,MERCEDES,50,Zaragoza,Private,ICE,UKL2,FOCUS SEGMENT,M Performance,1
2025,02,MERCEDES,50,Zaragoza,Private,ICE,UKL2,FOCUS SEGMENT,Standard,10
2025,02,MERCEDES,50,Zaragoza,Private,PHEV,KKL,FOCUS SEGMENT,Standard,3
2025,02,MERCEDES,50,Zaragoza,Private,PHEV,MKL,FOCUS SEGMENT,Standard,1
2025,02,MERCEDES,50,Zaragoza,Private,PHEV,UKL2,FOCUS SEGMENT,Standard,2
2025,02,MERCEDES,50,Zaragoza,RAC,ICE,SKL,REST,Standard,2
2025,02,MG,50,Zaragoza,Corporate,ICE,UKL1,REST,Standard,3
2025,02,MG,50,Zaragoza,Corporate,PHEV,KKL,REST,Standard,1
2025,02,MG,50,Zaragoza,Private,ICE,KKL,REST,Standard,5
2025,02,MG,50,Zaragoza,Private,ICE,UKL1,REST,Standard,50
2025,02,MG,50,Zaragoza,Private,PHEV,KKL,REST,Standard,6
2025,02,MINI,50,Zaragoza,Corporate,BEV,UKL1,FOCUS SEGMENT,Standard,1
2025,02,MINI,50,Zaragoza,Corporate,BEV,UKL2,FOCUS SEGMENT,Standard,4
2025,02,MINI,50,Zaragoza,Corporate,ICE,UKL1,FOCUS SEGMENT,Standard,1
2025,02,MINI,50,Zaragoza,Private,BEV,UKL1,FOCUS SEGMENT,Standard,2
2025,02,MINI,50,Zaragoza,Private,ICE,UKL1,FOCUS SEGMENT,Standard,2
2025,02,MINI,50,Zaragoza,Private,ICE,UKL2,FOCUS SEGMENT,Standard,1
2025,02,NISSAN,50,Zaragoza,Corporate,ICE,KKL,REST,Standard,1
2025,02,NISSAN,50,Zaragoza,Corporate,ICE,UKL1,REST,Standard,2
2025,02,NISSAN,50,Zaragoza,Corporate,ICE,UKL2,REST,Standard,2
2025,02,NISSAN,50,Zaragoza,Private,ICE,KKL,REST,Standard,6
2025,02,NISSAN,50,Zaragoza,Private,ICE,SKL,REST,Standard,3
2025,02,NISSAN,50,Zaragoza,Private,ICE,UKL1,REST,Standard,7
2025,02,NISSAN,50,Zaragoza,Private,ICE,UKL2,REST,Standard,25
2025,02,OMODA,50,Zaragoza,Corporate,ICE,UKL2,REST,Standard,1
2025,02,OMODA,50,Zaragoza,Private,ICE,UKL2,REST,Standard,15
2025,02,OPEL,50,Zaragoza,Corporate,ICE,UKL2,REST,Standard,1
2025,02,OPEL,50,Zaragoza,Private,ICE,UKL1,REST,Standard,8
2025,02,OPEL,50,Zaragoza,Private,ICE,UKL2,REST,Standard,4
2025,02,PEUGEOT,50,Zaragoza,Corporate,BEV,UKL1,REST,Standard,1
2025,02,PEUGEOT,50,Zaragoza,Corporate,ICE,UKL2,REST,Standard,2
2025,02,PEUGEOT,50,Zaragoza,Private,ICE,KKL,REST,Standard,6
2025,02,PEUGEOT,50,Zaragoza,Private,ICE,SKL,REST,Standard,3
2025,02,PEUGEOT,50,Zaragoza,Private,ICE,UKL1,REST,Standard,22
2025,02,PEUGEOT,50,Zaragoza,Private,ICE,UKL2,REST,Standard,14
2025,02,PEUGEOT,50,Zaragoza,Private,PHEV,UKL2,REST,Standard,2
2025,02,POLESTAR,50,Zaragoza,Private,BEV,MKL,FOCUS SEGMENT,Standard,1
2025,02,PORSCHE,50,Zaragoza,Corporate,BEV,KKL,FOCUS SEGMENT,M,1
2025,02,PORSCHE,50,Zaragoza,Corporate,BEV,KKL,FOCUS SEGMENT,M Performance,1
2025,02,PORSCHE,50,Zaragoza,Corporate,BEV,KKL,FOCUS SEGMENT,Standard,1
2025,02,PORSCHE,50,Zaragoza,Corporate,ICE,GKL,FOCUS SEGMENT,M Performance,1
2025,02,PORSCHE,50,Zaragoza,Corporate,PHEV,GKL,FOCUS SEGMENT,Standard,1
2025,02,PORSCHE,50,Zaragoza,Corporate,PHEV,MKL,FOCUS SEGMENT,M Performance,1
2025,02,PORSCHE,50,Zaragoza,Private,ICE,MKL,FOCUS SEGMENT,Standard,1
2025,02,PORSCHE,50,Zaragoza,RAC,BEV,KKL,FOCUS SEGMENT,Standard,1
2025,02,PORSCHE,50,Zaragoza,RAC,PHEV,MKL,FOCUS SEGMENT,Standard,1
2025,02,RENAULT,50,Zaragoza,Corporate,BEV,UKL2,REST,Standard,2
2025,02,RENAULT,50,Zaragoza,Corporate,ICE,UKL1,REST,Standard,5
2025,02,RENAULT,50,Zaragoza,Corporate,ICE,UKL2,REST,Standard,6
2025,02,RENAULT,50,Zaragoza,Private,BEV,UKL1,REST,Standard,1
2025,02,RENAULT,50,Zaragoza,Private,ICE,UKL1,REST,Standard,15
2025,02,RENAULT,50,Zaragoza,Private,ICE,UKL2,REST,Standard,12
2025,02,SEAT,50,Zaragoza,Corporate,ICE,UKL1,REST,Standard,7
2025,02,SEAT,50,Zaragoza,Corporate,ICE,UKL2,REST,Standard,4
2025,02,SEAT,50,Zaragoza,Private,ICE,UKL1,REST,Standard,23
2025,02,SEAT,50,Zaragoza,Private,ICE,UKL2,REST,Standard,18
2025,02,SEAT,50,Zaragoza,Private,PHEV,UKL2,REST,Standard,1
2025,02,SKODA,50,Zaragoza,Corporate,BEV,UKL2,REST,Standard,1
2025,02,SKODA,50,Zaragoza,Corporate,ICE,UKL1,REST,Standard,1
2025,02,SKODA,50,Zaragoza,Corporate,ICE,UKL2,REST,Standard,6
2025,02,SKODA,50,Zaragoza,Corporate,PHEV,UKL2,REST,Standard,1
2025,02,SKODA,50,Zaragoza,Private,ICE,UKL1,REST,Standard,3
2025,02,SKODA,50,Zaragoza,Private,ICE,UKL2,REST,Standard,5
2025,02,SSANGYONG,50,Zaragoza,Private,ICE,KKL,REST,Standard,1
2025,02,SUBARU,50,Zaragoza,Corporate,ICE,KKL,REST,Standard,1
2025,02,SUZUKI,50,Zaragoza,Private,ICE,UKL1,REST,Standard,5
2025,02,SUZUKI,50,Zaragoza,Private,ICE,UKL2,REST,Standard,2
2025,02,TESLA,50,Zaragoza,Corporate,BEV,KKL,FOCUS SEGMENT,Standard,1
2025,02,TESLA,50,Zaragoza,Private,BEV,KKL,FOCUS SEGMENT,Standard,2
2025,02,TOYOTA,50,Zaragoza,Corporate,ICE,UKL1,REST,Standard,4
2025,02,TOYOTA,50,Zaragoza,Corporate,ICE,UKL2,REST,Standard,7
2025,02,TOYOTA,50,Zaragoza,Private,BEV,UKL2,REST,Standard,1
2025,02,TOYOTA,50,Zaragoza,Private,ICE,GKL,REST,Standard,2
2025,02,TOYOTA,50,Zaragoza,Private,ICE,SKL,REST,Standard,3
2025,02,TOYOTA,50,Zaragoza,Private,ICE,UKL0,REST,Standard,1
2025,02,TOYOTA,50,Zaragoza,Private,ICE,UKL1,REST,Standard,33
2025,02,TOYOTA,50,Zaragoza,Private,ICE,UKL2,REST,Standard,26
2025,02,TOYOTA,50,Zaragoza,Private,PHEV,UKL1,REST,Standard,3
2025,02,TOYOTA,50,Zaragoza,Private,PHEV,UKL2,REST,Standard,3
2025,02,VOLKSWAGEN,50,Zaragoza,Corporate,BEV,SKL,REST,Standard,1
2025,02,VOLKSWAGEN,50,Zaragoza,Corporate,ICE,UKL1,REST,Standard,4
2025,02,VOLKSWAGEN,50,Zaragoza,Corporate,ICE,UKL2,REST,Standard,8
2025,02,VOLKSWAGEN,50,Zaragoza,Corporate,PHEV,SKL,REST,Standard,1
2025,02,VOLKSWAGEN,50,Zaragoza,Private,ICE,SKL,REST,Standard,2
2025,02,VOLKSWAGEN,50,Zaragoza,Private,ICE,UKL1,REST,Standard,21
2025,02,VOLKSWAGEN,50,Zaragoza,Private,ICE,UKL2,REST,Standard,27
2025,02,VOLKSWAGEN,50,Zaragoza,Private,PHEV,UKL2,REST,Standard,1
2025,02,VOLVO,50,Zaragoza,Corporate,ICE,UKL2,FOCUS SEGMENT,Standard,1
2025,02,VOLVO,50,Zaragoza,Private,ICE,KKL,FOCUS SEGMENT,Standard,5
2025,02,VOLVO,50,Zaragoza,Private,ICE,UKL2,FOCUS SEGMENT,Standard,4
2025,02,VOYAH,50,Zaragoza,Corporate,BEV,KKL,REST,Standard,1
2025,02,XPENG,50,Zaragoza,Corporate,BEV,KKL,FOCUS SEGMENT,Standard,3
2025,02,XPENG,50,Zaragoza,Corporate,BEV,MKL,FOCUS SEGMENT,Standard,1
2025,02,AUDI,51,Ceuta,Corporate,ICE,UKL2,FOCUS SEGMENT,Standard,1
2025,02,AUDI,51,Ceuta,Private,ICE,KKL,FOCUS SEGMENT,Standard,2
2025,02,BMW,51,Ceuta,Private,ICE,KKL,FOCUS SEGMENT,Standard,1
2025,02,BMW,51,Ceuta,Private,ICE,UKL2,FOCUS SEGMENT,Standard,2
2025,02,CITROEN,51,Ceuta,Private,ICE,SKL,REST,Standard,1
2025,02,CITROEN,51,Ceuta,Private,ICE,UKL1,REST,Standard,1
2025,02,CITROEN,51,Ceuta,Private,ICE,UKL2,REST,Standard,1
2025,02,DACIA,51,Ceuta,Private,BEV,UKL0,REST,Standard,1
2025,02,DACIA,51,Ceuta,Private,ICE,SKL,REST,Standard,2
2025,02,DACIA,51,Ceuta,Private,ICE,UKL1,REST,Standard,2
2025,02,FORD,51,Ceuta,Private,ICE,UKL2,REST,Standard,1
2025,02,HYUNDAI,51,Ceuta,Private,ICE,UKL0,REST,Standard,2
2025,02,HYUNDAI,51,Ceuta,Private,ICE,UKL1,REST,Standard,1
2025,02,HYUNDAI,51,Ceuta,Private,ICE,UKL2,REST,Standard,8
2025,02,JAECOO,51,Ceuta,Private,PHEV,UKL2,REST,Standard,3
2025,02,KIA,51,Ceuta,Private,ICE,KKL,REST,Standard,1
2025,02,KIA,51,Ceuta,Private,ICE,UKL0,REST,Standard,1
2025,02,KIA,51,Ceuta,Private,ICE,UKL1,REST,Standard,2
2025,02,KIA,51,Ceuta,Private,ICE,UKL2,REST,Standard,5
2025,02,KIA,51,Ceuta,Private,PHEV,UKL2,REST,Standard,1
2025,02,MAZDA,51,Ceuta,Private,ICE,UKL2,REST,Standard,1
2025,02,MERCEDES,51,Ceuta,Private,ICE,KKL,FOCUS SEGMENT,Standard,2
2025,02,MERCEDES,51,Ceuta,Private,ICE,MKL,FOCUS SEGMENT,Standard,1
2025,02,MERCEDES,51,Ceuta,Private,ICE,UKL2,FOCUS SEGMENT,Standard,2
2025,02,MITSUBISHI,51,Ceuta,Private,ICE,UKL2,REST,Standard,1
2025,02,NISSAN,51,Ceuta,Private,ICE,KKL,REST,Standard,1
2025,02,NISSAN,51,Ceuta,Private,ICE,UKL1,REST,Standard,3
2025,02,NISSAN,51,Ceuta,Private,ICE,UKL2,REST,Standard,1
2025,02,PEUGEOT,51,Ceuta,Private,ICE,UKL1,REST,Standard,1
2025,02,PEUGEOT,51,Ceuta,Private,ICE,UKL2,REST,Standard,2
2025,02,RENAULT,51,Ceuta,Private,ICE,UKL1,REST,Standard,7
2025,02,RENAULT,51,Ceuta,Private,ICE,UKL2,REST,Standard,1
2025,02,SEAT,51,Ceuta,Corporate,ICE,UKL1,REST,Standard,1
2025,02,SEAT,51,Ceuta,Private,ICE,UKL1,REST,Standard,1
2025,02,SEAT,51,Ceuta,Private,ICE,UKL2,REST,Standard,2
2025,02,TOYOTA,51,Ceuta,Corporate,ICE,GKL,REST,Standard,1
2025,02,TOYOTA,51,Ceuta,Corporate,ICE,UKL1,REST,Standard,1
2025,02,TOYOTA,51,Ceuta,Corporate,ICE,UKL2,REST,Standard,1
2025,02,TOYOTA,51,Ceuta,Private,ICE,UKL1,REST,Standard,8
2025,02,TOYOTA,51,Ceuta,Private,ICE,UKL2,REST,Standard,3
2025,02,VOLKSWAGEN,51,Ceuta,Private,ICE,UKL1,REST,Standard,2
2025,02,VOLKSWAGEN,51,Ceuta,Private,ICE,UKL2,REST,Standard,1
2025,02,AUDI,52,Melilla,Private,ICE,KKL,FOCUS SEGMENT,Standard,1
2025,02,AUDI,52,Melilla,Private,ICE,UKL1,FOCUS SEGMENT,Standard,1
2025,02,AUDI,52,Melilla,Private,ICE,UKL2,FOCUS SEGMENT,Standard,2
2025,02,DACIA,52,Melilla,Private,ICE,SKL,REST,Standard,1
2025,02,DACIA,52,Melilla,Private,ICE,UKL1,REST,Standard,1
2025,02,HYUNDAI,52,Melilla,Private,ICE,UKL0,REST,Standard,2
2025,02,HYUNDAI,52,Melilla,Private,ICE,UKL1,REST,Standard,3
2025,02,HYUNDAI,52,Melilla,Private,ICE,UKL2,REST,Standard,3
2025,02,JAECOO,52,Melilla,Private,PHEV,UKL2,REST,Standard,1
2025,02,KIA,52,Melilla,Corporate,ICE,KKL,REST,Standard,1
2025,02,KIA,52,Melilla,Corporate,ICE,UKL2,REST,Standard,1
2025,02,KIA,52,Melilla,Private,BEV,KKL,REST,Standard,1
2025,02,KIA,52,Melilla,Private,ICE,UKL0,REST,Standard,2
2025,02,KIA,52,Melilla,Private,ICE,UKL1,REST,Standard,4
2025,02,KIA,52,Melilla,Private,ICE,UKL2,REST,Standard,1
2025,02,MERCEDES,52,Melilla,Private,ICE,UKL2,FOCUS SEGMENT,Standard,1
2025,02,MG,52,Melilla,Corporate,ICE,UKL1,REST,Standard,2
2025,02,MG,52,Melilla,Private,ICE,KKL,REST,Standard,1
2025,02,MG,52,Melilla,Private,ICE,UKL1,REST,Standard,4
2025,02,MITSUBISHI,52,Melilla,Private,ICE,UKL1,REST,Standard,1
2025,02,MITSUBISHI,52,Melilla,Private,ICE,UKL2,REST,Standard,2
2025,02,MITSUBISHI,52,Melilla,Private,PHEV,UKL2,REST,Standard,1
2025,02,NISSAN,52,Melilla,Private,ICE,UKL1,REST,Standard,1
2025,02,PEUGEOT,52,Melilla,Corporate,ICE,UKL1,REST,Standard,1
2025,02,PEUGEOT,52,Melilla,Private,ICE,SKL,REST,Standard,1
2025,02,RENAULT,52,Melilla,Corporate,ICE,UKL2,REST,Standard,1
2025,02,RENAULT,52,Melilla,Private,ICE,UKL1,REST,Standard,2
2025,02,SEAT,52,Melilla,Corporate,ICE,UKL1,REST,Standard,1
2025,02,SEAT,52,Melilla,Private,ICE,UKL1,REST,Standard,1
2025,02,SUZUKI SANTANA,52,Melilla,Private,ICE,,REST,Standard,1
2025,02,TOYOTA,52,Melilla,Corporate,PHEV,UKL2,REST,Standard,1
2025,02,TOYOTA,52,Melilla,Private,ICE,UKL0,REST,Standard,1
2025,02,TOYOTA,52,Melilla,Private,ICE,UKL1,REST,Standard,7
2025,02,TOYOTA,52,Melilla,Private,ICE,UKL2,REST,Standard,15
2025,02,TOYOTA,52,Melilla,Private,PHEV,UKL1,REST,Standard,1
2025,02,VOLKSWAGEN,52,Melilla,Private,ICE,UKL1,REST,Standard,6
2025,02,VOLKSWAGEN,52,Melilla,Private,ICE,UKL2,REST,Standard,4
2025,02,XPENG,52,Melilla,Private,BEV,MKL,FOCUS SEGMENT,Standard,1
