anyo,mes,dia,marca,modelo,cod_prov,provincia,canal,fuel_type,segmento,subseg,hp,body_type,count
2026,09,16,AUDI,A3,01,Álava,Corporate,ICE,UKL2,FOCUS SEGMENT,Standard,HACH 5P,1
2026,09,16,DACIA,DUSTER,01,Álava,Private,ICE,SKL,REST,Standard,PICKUP,1
2026,09,16,DACIA,JOGGER,01,Álava,Private,ICE,UKL2,REST,Standard,MPV,1
2026,09,16,HONDA,HR-V,01,Álava,Corporate,ICE,UKL1,REST,Standard,SAV,1
2026,09,16,HONDA,ZR-V,01,Álava,Corporate,ICE,UKL2,REST,Standard,SAV,1
2026,09,16,HYUNDAI,I20,01,Álava,Private,ICE,UKL1,REST,Standard,HACH 5P,1
2026,09,16,HYUNDAI,KONA,01,Álava,Private,ICE,UKL1,REST,Standard,SAV,1
2026,09,16,KIA,SELTOS,01,Álava,Corporate,ICE,UKL2,REST,Standard,SAV,1
2026,09,16,KIA,SPORTAGE,01,Álava,Private,ICE,UKL2,REST,Standard,SAV,1
2026,09,16,LEAPMOTOR,B05,01,Álava,Private,BEV,UKL1,REST,Standard,HACH 5P,1
2026,09,16,LEAPMOTOR,B10,01,Álava,Private,BEV,UKL2,REST,Standard,SAV,1
2026,09,16,NISSAN,QASHQAI,01,Álava,Private,ICE,UKL2,REST,Standard,SAT,1
2026,09,16,PEUGEOT,RIFTER,01,Álava,Private,ICE,SKL,REST,Standard,TRANSPORTER,2
2026,09,16,SKODA,SCALA,01,Álava,Private,ICE,UKL2,REST,Standard,HACH 5P,1
2026,09,16,TESLA,MODEL 3,01,Álava,Private,BEV,KKL,FOCUS SEGMENT,Standard,SEDAN,2
2026,09,16,TOYOTA,BZ4X,01,Álava,Corporate,BEV,UKL2,REST,Standard,SAV,1
2026,09,16,TOYOTA,BZ4X,01,Álava,RAC,BEV,UKL2,REST,Standard,SAV,1
2026,09,16,TOYOTA,COROLLA,01,Álava,Private,ICE,UKL2,REST,Standard,HACH 5P,1
2026,09,16,TOYOTA,YARIS CROSS,01,Álava,Private,ICE,UKL1,REST,Standard,SAV,1
2026,09,16,VOLKSWAGEN,T-CROSS,01,Álava,Private,ICE,UKL1,REST,Standard,SAV,1
2026,09,16,VOLVO,XC40,01,Álava,Private,ICE,UKL2,FOCUS SEGMENT,Standard,SAV,1
2026,09,16,AUDI,Q5 SPORTBACK,02,Albacete,Private,ICE,KKL,FOCUS SEGMENT,Standard,SAV,1
2026,09,16,BMW,X1,02,Albacete,Corporate,ICE,UKL2,FOCUS SEGMENT,Standard,SAV,1
2026,09,16,DACIA,SANDERO,02,Albacete,Private,ICE,UKL1,REST,Standard,HACH 5P,1
2026,09,16,KIA,XCEED,02,Albacete,Private,ICE,UKL2,REST,Standard,HACH 5P,1
2026,09,16,LEAPMOTOR,B05,02,Albacete,Private,BEV,UKL1,REST,Standard,HACH 5P,1
2026,09,16,NISSAN,QASHQAI,02,Albacete,Corporate,ICE,UKL2,REST,Standard,SAT,1
2026,09,16,OMODA,OMODA 5,02,Albacete,Private,ICE,UKL2,REST,Standard,SAV,3
2026,09,16,OMODA,OMODA 7,02,Albacete,Private,PHEV,KKL,REST,Standard,SAV,1
2026,09,16,PEUGEOT,3008,02,Albacete,Private,ICE,UKL2,REST,Standard,SAT,1
2026,09,16,PEUGEOT,PARTNER,02,Albacete,Corporate,ICE,SKL,REST,Standard,TRANSPORTER,1
2026,09,16,SEAT,IBIZA,02,Albacete,Corporate,ICE,UKL1,REST,Standard,HACH 5P,1
2026,09,16,SKODA,KAMIQ,02,Albacete,Private,ICE,UKL1,REST,Standard,SAV,1
2026,09,16,TOYOTA,PROACE VERSO,02,Albacete,Corporate,BEV,SKL,REST,Standard,TRANSPORTER,1
2026,09,16,TOYOTA,RAV 4,02,Albacete,Private,PHEV,UKL2,REST,Standard,SAV,1
2026,09,16,VOLKSWAGEN,T-ROC,02,Albacete,Private,ICE,UKL2,REST,Standard,SAV,1
2026,09,16,AUDI,A3,03,Alicante,Private,ICE,UKL2,FOCUS SEGMENT,Standard,HACH 5P,1
2026,09,16,AUDI,Q3 SPORTBACK,03,Alicante,Corporate,PHEV,UKL2,FOCUS SEGMENT,Standard,SAV,1
2026,09,16,AUDI,Q4 E-TRON,03,Alicante,Private,BEV,UKL2,FOCUS SEGMENT,Standard,SAV,1
2026,09,16,BMW,SERIE 3,03,Alicante,Corporate,ICE,KKL,FOCUS SEGMENT,Standard,ESTATE,1
2026,09,16,BMW,X1,03,Alicante,Private,ICE,UKL2,FOCUS SEGMENT,Standard,SAV,1
2026,09,16,BMW,X3,03,Alicante,Corporate,PHEV,KKL,FOCUS SEGMENT,Standard,SAV,1
2026,09,16,BMW,X3,03,Alicante,Private,PHEV,KKL,FOCUS SEGMENT,Standard,SAV,1
2026,09,16,BYD,DOLPHIN SURF,03,Alicante,Private,BEV,UKL0,REST,Standard,HACH 5P,1
2026,09,16,CHANGAN,DEEPAL S05,03,Alicante,Private,BEV,UKL2,REST,Standard,HACH 5P,1
2026,09,16,CITROEN,JUMPY,03,Alicante,Corporate,ICE,SKL,REST,Standard,TRANSPORTER,1
2026,09,16,CUPRA,FORMENTOR,03,Alicante,Private,ICE,UKL2,REST,Standard,SAT,1
2026,09,16,CUPRA,FORMENTOR,03,Alicante,Private,PHEV,UKL2,REST,Standard,SAT,1
2026,09,16,CUPRA,RAVAL,03,Alicante,Private,BEV,UKL1,REST,Standard,HACH 5P,1
2026,09,16,DACIA,JOGGER,03,Alicante,Private,ICE,UKL2,REST,Standard,MPV,1
2026,09,16,DACIA,SANDERO,03,Alicante,Private,ICE,UKL1,REST,Standard,HACH 5P,3
2026,09,16,EBRO,S400,03,Alicante,Private,ICE,UKL2,REST,Standard,SAV,1
2026,09,16,EBRO,S700,03,Alicante,Private,PHEV,UKL2,REST,Standard,SAV,1
2026,09,16,FIAT,SCUDO,03,Alicante,Private,ICE,SKL,REST,Standard,TRANSPORTER,1
2026,09,16,FORD,EXPLORER,03,Alicante,Private,BEV,SKL,REST,Standard,PICKUP,1
2026,09,16,FORD,TRANSIT,03,Alicante,Private,ICE,SKL,REST,Standard,TRANSPORTER,4
2026,09,16,FORD,TRANSIT CONNECT,03,Alicante,Corporate,PHEV,SKL,REST,Standard,TRANSPORTER,1
2026,09,16,FORD,TRANSIT CUSTOM,03,Alicante,Corporate,PHEV,SKL,REST,Standard,TRANSPORTER,3
2026,09,16,GEELY,STARRAY,03,Alicante,Private,PHEV,UKL2,REST,Standard,HACH 5P,1
2026,09,16,HYUNDAI,I20,03,Alicante,Private,ICE,UKL1,REST,Standard,HACH 5P,1
2026,09,16,HYUNDAI,KONA,03,Alicante,Private,ICE,UKL1,REST,Standard,SAV,1
2026,09,16,HYUNDAI,TUCSON,03,Alicante,Private,ICE,UKL2,REST,Standard,SAV,3
2026,09,16,IVECO,DAILY,03,Alicante,Private,ICE,SKL,REST,Standard,TRANSPORTER,1
2026,09,16,JAECOO,JAECOO 7,03,Alicante,Private,ICE,UKL2,REST,Standard,SAV,2
2026,09,16,KIA,NIRO,03,Alicante,Private,ICE,UKL2,REST,Standard,SAV,2
2026,09,16,KIA,SPORTAGE,03,Alicante,Private,ICE,UKL2,REST,Standard,SAV,1
2026,09,16,KIA,XCEED,03,Alicante,Private,ICE,UKL2,REST,Standard,HACH 5P,1
2026,09,16,LEAPMOTOR,B05,03,Alicante,Private,BEV,UKL1,REST,Standard,HACH 5P,2
2026,09,16,LEAPMOTOR,C10,03,Alicante,Private,BEV,MKL,REST,Standard,SAV,1
2026,09,16,LYNK & CO,LYNK&CO 02,03,Alicante,Private,BEV,UKL2,REST,Standard,SAV,1
2026,09,16,MAN,TGE,03,Alicante,Corporate,ICE,SKL,REST,Standard,TRANSPORTER,1
2026,09,16,MAZDA,CX5,03,Alicante,Corporate,ICE,UKL2,REST,Standard,SAV,1
2026,09,16,MERCEDES,CLASE A,03,Alicante,Corporate,PHEV,UKL2,FOCUS SEGMENT,Standard,HACH 5P,1
2026,09,16,MERCEDES,CLASE GLA,03,Alicante,Private,PHEV,UKL2,FOCUS SEGMENT,Standard,SAV,1
2026,09,16,MERCEDES,CLASE GLC,03,Alicante,Corporate,PHEV,KKL,FOCUS SEGMENT,Standard,SAV,1
2026,09,16,MERCEDES,CLASE GLC,03,Alicante,Private,BEV,KKL,FOCUS SEGMENT,Standard,SAV,1
2026,09,16,MERCEDES,CLASE GLC,03,Alicante,Private,PHEV,KKL,FOCUS SEGMENT,Standard,SAV,1
2026,09,16,MG,ZS,03,Alicante,Private,ICE,UKL1,REST,Standard,SAV,2
2026,09,16,NISSAN,JUKE,03,Alicante,Private,ICE,UKL1,REST,Standard,SAV,1
2026,09,16,NISSAN,MICRA,03,Alicante,Private,BEV,UKL1,REST,Standard,HACH 5P,1
2026,09,16,NISSAN,QASHQAI,03,Alicante,Private,ICE,UKL2,REST,Standard,SAT,1
2026,09,16,OMODA,OMODA 5,03,Alicante,Private,ICE,UKL2,REST,Standard,SAV,6
2026,09,16,PEUGEOT,2008,03,Alicante,Private,ICE,UKL1,REST,Standard,SAV,1
2026,09,16,PEUGEOT,3008,03,Alicante,Corporate,ICE,UKL2,REST,Standard,SAT,1
2026,09,16,PEUGEOT,3008,03,Alicante,Private,ICE,UKL2,REST,Standard,SAT,1
2026,09,16,RENAULT,CLIO,03,Alicante,Private,ICE,UKL1,REST,Standard,HACH 5P,2
2026,09,16,RENAULT,ESPACE,03,Alicante,Private,ICE,KKL,REST,Standard,SAV,2
2026,09,16,RENAULT,MASTER,03,Alicante,Private,ICE,SKL,REST,Standard,TRANSPORTER,1
2026,09,16,SEAT,ARONA,03,Alicante,Corporate,ICE,UKL1,REST,Standard,SAV,1
2026,09,16,SEAT,ARONA,03,Alicante,Private,ICE,UKL1,REST,Standard,SAV,1
2026,09,16,SEAT,ARONA,03,Alicante,RAC,ICE,UKL1,REST,Standard,SAV,1
2026,09,16,SEAT,IBIZA,03,Alicante,RAC,ICE,UKL1,REST,Standard,HACH 5P,1
2026,09,16,SKODA,KAMIQ,03,Alicante,Private,ICE,UKL1,REST,Standard,SAV,3
2026,09,16,SKODA,KAROQ,03,Alicante,Private,ICE,UKL2,REST,Standard,SAT,1
2026,09,16,TESLA,MODEL 3,03,Alicante,Corporate,BEV,KKL,FOCUS SEGMENT,Standard,SEDAN,1
2026,09,16,TESLA,MODEL 3,03,Alicante,Private,BEV,KKL,FOCUS SEGMENT,Standard,SEDAN,8
2026,09,16,TESLA,MODEL Y,03,Alicante,Private,BEV,KKL,FOCUS SEGMENT,Standard,SAT,4
2026,09,16,TOYOTA,BZ4X,03,Alicante,Private,BEV,UKL2,REST,Standard,SAV,1
2026,09,16,TOYOTA,C-HR,03,Alicante,Private,ICE,UKL1,REST,Standard,SAV,1
2026,09,16,TOYOTA,C-HR,03,Alicante,Private,PHEV,UKL1,REST,Standard,SAV,2
2026,09,16,TOYOTA,COROLLA,03,Alicante,Corporate,ICE,UKL2,REST,Standard,HACH 5P,1
2026,09,16,TOYOTA,COROLLA,03,Alicante,Private,ICE,UKL2,REST,Standard,HACH 5P,1
2026,09,16,TOYOTA,YARIS,03,Alicante,Corporate,ICE,UKL1,REST,Standard,HACH 5P,2
2026,09,16,TOYOTA,YARIS,03,Alicante,Private,ICE,UKL1,REST,Standard,HACH 5P,2
2026,09,16,TOYOTA,YARIS CROSS,03,Alicante,Private,ICE,UKL1,REST,Standard,SAV,2
2026,09,16,VOLKSWAGEN,CRAFTER,03,Alicante,Corporate,ICE,SKL,REST,Standard,TRANSPORTER,1
2026,09,16,VOLKSWAGEN,ID. POLO 155KW,03,Alicante,Private,BEV,UKL1,REST,Standard,HACH 5P,1
2026,09,16,VOLKSWAGEN,ID.3,03,Alicante,Private,BEV,UKL2,REST,Standard,HACH 5P,1
2026,09,16,VOLKSWAGEN,ID.4,03,Alicante,Private,BEV,UKL2,REST,Standard,SAV,1
2026,09,16,VOLKSWAGEN,ID.7,03,Alicante,Private,BEV,MKL,REST,Standard,SEDAN,1
2026,09,16,VOLKSWAGEN,T-CROSS,03,Alicante,Private,ICE,UKL1,REST,Standard,SAV,2
2026,09,16,VOLKSWAGEN,T-ROC,03,Alicante,Private,ICE,UKL2,REST,Standard,SAV,4
2026,09,16,VOLKSWAGEN,TAIGO,03,Alicante,Private,ICE,UKL1,REST,Standard,SAV,3
2026,09,16,VOLKSWAGEN,TIGUAN,03,Alicante,Private,ICE,UKL2,REST,Standard,SAV,1
2026,09,16,VOLKSWAGEN,TRANSPORTER,03,Alicante,Private,ICE,SKL,REST,Standard,TRANSPORTER,1
2026,09,16,VOLVO,XC40,03,Alicante,Corporate,ICE,UKL2,FOCUS SEGMENT,Standard,SAV,1
2026,09,16,XPENG,G6,03,Alicante,Private,BEV,KKL,FOCUS SEGMENT,Standard,SAV,1
2026,09,16,BMW,XM,04,Almería,Corporate,PHEV,GKL,FOCUS SEGMENT,M,SAV,1
2026,09,16,BYD,SEAL U,04,Almería,Private,BEV,KKL,REST,Standard,SAV,1
2026,09,16,CUPRA,FORMENTOR,04,Almería,Private,ICE,UKL2,REST,Standard,SAT,1
2026,09,16,DR,EVO,04,Almería,Corporate,ICE,UKL1,REST,Standard,SAV,1
2026,09,16,EBRO,S700,04,Almería,Private,PHEV,UKL2,REST,Standard,SAV,1
2026,09,16,EBRO,S800,04,Almería,Private,PHEV,KKL,REST,Standard,SAV,1
2026,09,16,FIAT,DUCATO,04,Almería,Corporate,ICE,SKL,REST,Standard,TRANSPORTER,1
2026,09,16,FORD,PUMA,04,Almería,Private,ICE,UKL1,REST,Standard,SAV,1
2026,09,16,FORD,RANGER,04,Almería,Corporate,ICE,SKL,REST,Standard,PICKUP,1
2026,09,16,FORD,TOURNEO,04,Almería,Private,ICE,SKL,REST,Standard,TRANSPORTER,1
2026,09,16,FORD,TRANSIT CUSTOM,04,Almería,Corporate,ICE,SKL,REST,Standard,TRANSPORTER,1
2026,09,16,KIA,SPORTAGE,04,Almería,Private,ICE,UKL2,REST,Standard,SAV,1
2026,09,16,MAZDA,6E,04,Almería,Private,BEV,MKL,REST,Standard,SEDAN,1
2026,09,16,MERCEDES,CLASE GLA,04,Almería,Private,ICE,UKL2,FOCUS SEGMENT,Standard,SAV,1
2026,09,16,MERCEDES-V,VITO,04,Almería,Corporate,ICE,SKL,REST,Standard,TRANSPORTER,1
2026,09,16,MINI,ACEMAN,04,Almería,Corporate,BEV,UKL1,FOCUS SEGMENT,Standard,SAV,1
2026,09,16,MINI,HATCHBACK,04,Almería,Private,ICE,UKL1,FOCUS SEGMENT,JCW,HACH 3P,1
2026,09,16,OMODA,OMODA 5,04,Almería,Private,ICE,UKL2,REST,Standard,SAV,1
2026,09,16,RENAULT,CLIO,04,Almería,Private,ICE,UKL1,REST,Standard,HACH 5P,2
2026,09,16,SEAT,IBIZA,04,Almería,Private,ICE,UKL1,REST,Standard,HACH 5P,1
2026,09,16,SKODA,FABIA,04,Almería,Private,ICE,UKL1,REST,Standard,HACH 5P,1
2026,09,16,TOYOTA,C-HR,04,Almería,Private,BEV,UKL1,REST,Standard,SAV,1
2026,09,16,TOYOTA,COROLLA,04,Almería,Private,ICE,UKL2,REST,Standard,HACH 5P,4
2026,09,16,TOYOTA,LAND CRUISER,04,Almería,Private,ICE,GKL,REST,Standard,SUV,1
2026,09,16,TOYOTA,RAV 4,04,Almería,Private,PHEV,UKL2,REST,Standard,SAV,3
2026,09,16,VOLKSWAGEN,CRAFTER,04,Almería,Corporate,ICE,SKL,REST,Standard,TRANSPORTER,1
2026,09,16,VOLKSWAGEN,T-ROC,04,Almería,Private,ICE,UKL2,REST,Standard,SAV,2
2026,09,16,VOLVO,XC40,04,Almería,Corporate,ICE,UKL2,FOCUS SEGMENT,Standard,SAV,1
2026,09,16,DACIA,DUSTER,05,Ávila,Private,ICE,SKL,REST,Standard,PICKUP,2
2026,09,16,MERCEDES,ECITAN,05,Ávila,Corporate,BEV,SKL,REST,Standard,TRANSPORTER,1
2026,09,16,OMODA,OMODA 9,05,Ávila,Private,PHEV,KKL,REST,Standard,SAV,2
2026,09,16,RENAULT,CAPTUR,05,Ávila,Corporate,ICE,UKL1,REST,Standard,SAV,1
2026,09,16,XPENG,G6,05,Ávila,Private,BEV,KKL,FOCUS SEGMENT,Standard,SAV,1
2026,09,16,AUDI,Q7,06,Badajoz,Corporate,ICE,MKL,FOCUS SEGMENT,Standard,SAV,1
2026,09,16,BMW,X2,06,Badajoz,Corporate,ICE,UKL2,FOCUS SEGMENT,Standard,SAV,1
2026,09,16,BYD,ATTO 2,06,Badajoz,Corporate,PHEV,UKL1,REST,Standard,SAV,20
2026,09,16,BYD,DOLPHIN G,06,Badajoz,Private,PHEV,UKL1,REST,Standard,HACH 5P,1
2026,09,16,CHANGAN,DEEPAL S05,06,Badajoz,Private,PHEV,UKL2,REST,Standard,HACH 5P,1
2026,09,16,DACIA,JOGGER,06,Badajoz,Private,ICE,UKL2,REST,Standard,MPV,1
2026,09,16,FORD,PUMA,06,Badajoz,Private,BEV,UKL1,REST,Standard,SAV,1
2026,09,16,FORD,RANGER,06,Badajoz,Corporate,ICE,SKL,REST,Standard,PICKUP,1
2026,09,16,GEELY,STARRAY,06,Badajoz,Private,PHEV,UKL2,REST,Standard,HACH 5P,1
2026,09,16,HYUNDAI,I20,06,Badajoz,Private,ICE,UKL1,REST,Standard,HACH 5P,1
2026,09,16,JAECOO,JAECOO 5,06,Badajoz,Private,ICE,UKL1,REST,Standard,SAV,1
2026,09,16,JAECOO,JAECOO 8,06,Badajoz,Private,PHEV,KKL,REST,Standard,SAV,1
2026,09,16,LEXUS,NX,06,Badajoz,Private,PHEV,KKL,FOCUS SEGMENT,Standard,SAV,1
2026,09,16,LYNK & CO,LYNK&CO 01,06,Badajoz,Private,PHEV,UKL2,REST,Standard,SAV,1
2026,09,16,MERCEDES,CLASE GLS,06,Badajoz,Corporate,ICE,GKL,FOCUS SEGMENT,Standard,SAV,1
2026,09,16,MG,ZS,06,Badajoz,Private,ICE,UKL1,REST,Standard,SAV,1
2026,09,16,PEUGEOT,2008,06,Badajoz,Private,ICE,UKL1,REST,Standard,SAV,1
2026,09,16,SEAT,ARONA,06,Badajoz,Private,ICE,UKL1,REST,Standard,SAV,1
2026,09,16,TESLA,MODEL 3,06,Badajoz,Private,BEV,KKL,FOCUS SEGMENT,Standard,SEDAN,1
2026,09,16,TOYOTA,C-HR,06,Badajoz,Corporate,BEV,UKL1,REST,Standard,SAV,1
2026,09,16,TOYOTA,C-HR,06,Badajoz,Private,BEV,UKL1,REST,Standard,SAV,1
2026,09,16,TOYOTA,HI LUX,06,Badajoz,Private,ICE,SKL,REST,Standard,PICKUP,1
2026,09,16,TOYOTA,RAV 4,06,Badajoz,Private,PHEV,UKL2,REST,Standard,SAV,1
2026,09,16,TOYOTA,YARIS,06,Badajoz,Private,ICE,UKL1,REST,Standard,HACH 5P,1
2026,09,16,VOLKSWAGEN,CRAFTER,06,Badajoz,Private,ICE,SKL,REST,Standard,TRANSPORTER,1
2026,09,16,VOLKSWAGEN,ID.4,06,Badajoz,Private,BEV,UKL2,REST,Standard,SAV,1
2026,09,16,VOLKSWAGEN,T-ROC,06,Badajoz,Private,ICE,UKL2,REST,Standard,SAV,3
2026,09,16,VOLKSWAGEN,TIGUAN,06,Badajoz,Private,ICE,UKL2,REST,Standard,SAV,1
2026,09,16,BMW,XM,07,Baleares,Corporate,PHEV,GKL,FOCUS SEGMENT,M,SAV,1
2026,09,16,CHANGAN,DEEPAL S05,07,Baleares,Private,BEV,UKL2,REST,Standard,HACH 5P,2
2026,09,16,CITROEN,C3,07,Baleares,Private,BEV,UKL1,REST,Standard,HACH 5P,1
2026,09,16,DACIA,BIGSTER,07,Baleares,Private,ICE,UKL2,REST,Standard,SAV,2
2026,09,16,DACIA,DUSTER,07,Baleares,Private,ICE,SKL,REST,Standard,PICKUP,4
2026,09,16,DACIA,SANDERO,07,Baleares,Private,ICE,UKL1,REST,Standard,HACH 5P,2
2026,09,16,EBRO,S400,07,Baleares,Private,ICE,UKL2,REST,Standard,SAV,1
2026,09,16,EBRO,S800,07,Baleares,Private,ICE,KKL,REST,Standard,SAV,1
2026,09,16,EVO,EVO 5,07,Baleares,Private,ICE,UKL2,REST,Standard,SAV,1
2026,09,16,FIAT,DOBLO CARGO,07,Baleares,Private,ICE,SKL,REST,Standard,TRANSPORTER,1
2026,09,16,FIAT,DUCATO,07,Baleares,Private,ICE,SKL,REST,Standard,TRANSPORTER,1
2026,09,16,FIAT,PANDA,07,Baleares,Private,ICE,UKL0,REST,Standard,HACH 5P,1
2026,09,16,FORD,TOURNEO,07,Baleares,Corporate,ICE,SKL,REST,Standard,TRANSPORTER,1
2026,09,16,FORD,TOURNEO,07,Baleares,Private,ICE,SKL,REST,Standard,TRANSPORTER,3
2026,09,16,FORD,TRANSIT COURIER,07,Baleares,Corporate,ICE,SKL,REST,Standard,TRANSPORTER,1
2026,09,16,HYUNDAI,KONA,07,Baleares,Private,ICE,UKL1,REST,Standard,SAV,3
2026,09,16,HYUNDAI,TUCSON,07,Baleares,Private,ICE,UKL2,REST,Standard,SAV,1
2026,09,16,JEEP,AVENGER,07,Baleares,Private,ICE,UKL1,REST,Standard,SAV,1
2026,09,16,KIA,CEED,07,Baleares,Private,ICE,UKL2,REST,Standard,HACH 5P,1
2026,09,16,KIA,NIRO,07,Baleares,Private,ICE,UKL2,REST,Standard,SAV,1
2026,09,16,KIA,PICANTO,07,Baleares,Private,ICE,UKL0,REST,Standard,HACH 5P,1
2026,09,16,KIA,SPORTAGE,07,Baleares,Private,ICE,UKL2,REST,Standard,SAV,1
2026,09,16,KIA,XCEED,07,Baleares,Private,ICE,UKL2,REST,Standard,HACH 5P,1
2026,09,16,LAND ROVER,DEFENDER,07,Baleares,Private,ICE,MKL,FOCUS SEGMENT,Standard,SUV,1
2026,09,16,MAXUS,DELIVER 7,07,Baleares,Private,ICE,SKL,REST,Standard,TRANSPORTER,1
2026,09,16,MERCEDES,CLASE CLA,07,Baleares,Corporate,ICE,UKL2,FOCUS SEGMENT,Standard,SEDAN,1
2026,09,16,MERCEDES,CLASE GLA,07,Baleares,Private,ICE,UKL2,FOCUS SEGMENT,Standard,SAV,1
2026,09,16,MG,ZS,07,Baleares,Private,ICE,UKL1,REST,Standard,SAV,2
2026,09,16,PEUGEOT,2008,07,Baleares,Private,ICE,UKL1,REST,Standard,SAV,1
2026,09,16,PEUGEOT,208,07,Baleares,Private,ICE,UKL1,REST,Standard,HACH 5P,1
2026,09,16,RENAULT,5,07,Baleares,Private,BEV,UKL1,REST,Standard,HACH 5P,1
2026,09,16,RENAULT,KANGOO,07,Baleares,Corporate,ICE,SKL,REST,Standard,TRANSPORTER,1
2026,09,16,RENAULT,TWINGO,07,Baleares,Private,BEV,UKL0,REST,Standard,HACH 5P,2
2026,09,16,SEAT,ARONA,07,Baleares,Private,ICE,UKL1,REST,Standard,SAV,1
2026,09,16,SEAT,IBIZA,07,Baleares,Private,ICE,UKL1,REST,Standard,HACH 5P,2
2026,09,16,SKODA,FABIA,07,Baleares,Private,ICE,UKL1,REST,Standard,HACH 5P,3
2026,09,16,SUZUKI,SWIFT,07,Baleares,Private,ICE,UKL1,REST,Standard,HACH 5P,1
2026,09,16,SUZUKI,SX4,07,Baleares,Private,ICE,UKL1,REST,Standard,SAV,1
2026,09,16,TESLA,MODEL 3,07,Baleares,Private,BEV,KKL,FOCUS SEGMENT,Standard,SEDAN,1
2026,09,16,TESLA,MODEL Y,07,Baleares,Private,BEV,KKL,FOCUS SEGMENT,Standard,SAT,3
2026,09,16,TOYOTA,C-HR,07,Baleares,Private,ICE,UKL1,REST,Standard,SAV,1
2026,09,16,TOYOTA,PROACE CITY,07,Baleares,Corporate,ICE,SKL,REST,Standard,TRANSPORTER,1
2026,09,16,TOYOTA,RAV 4,07,Baleares,Private,PHEV,UKL2,REST,Standard,SAV,1
2026,09,16,TOYOTA,YARIS,07,Baleares,Corporate,ICE,UKL1,REST,Standard,HACH 5P,1
2026,09,16,TOYOTA,YARIS,07,Baleares,Private,ICE,UKL1,REST,Standard,HACH 5P,1
2026,09,16,TOYOTA,YARIS CROSS,07,Baleares,Corporate,ICE,UKL1,REST,Standard,SAV,1
2026,09,16,VOLKSWAGEN,TAIGO,07,Baleares,Private,ICE,UKL1,REST,Standard,SAV,1
2026,09,16,VOLVO,EX30,07,Baleares,Private,BEV,UKL1,FOCUS SEGMENT,Standard,SAV,1
2026,09,16,VOLVO,XC40,07,Baleares,Private,ICE,UKL2,FOCUS SEGMENT,Standard,SAV,1
2026,09,16,ALFA ROMEO,JUNIOR,08,Barcelona,Private,ICE,UKL1,REST,Standard,SAV,1
2026,09,16,AUDI,A1,08,Barcelona,Private,ICE,UKL1,FOCUS SEGMENT,Standard,HACH 5P,2
2026,09,16,AUDI,A3,08,Barcelona,Private,ICE,UKL2,FOCUS SEGMENT,Standard,HACH 5P,1
2026,09,16,AUDI,A3,08,Barcelona,Private,PHEV,UKL2,FOCUS SEGMENT,Standard,HACH 5P,1
2026,09,16,AUDI,Q3,08,Barcelona,Private,ICE,UKL2,FOCUS SEGMENT,Standard,SAV,1
2026,09,16,AUDI,Q3 SPORTBACK,08,Barcelona,Private,ICE,UKL2,FOCUS SEGMENT,Standard,SAV,1
2026,09,16,AUDI,Q5 SPORTBACK,08,Barcelona,Private,ICE,KKL,FOCUS SEGMENT,Standard,SAV,2
2026,09,16,BAW,212 T01,08,Barcelona,Private,ICE,UKL2,REST,Standard,SAV,1
2026,09,16,BMW,SERIE 3,08,Barcelona,Private,ICE,KKL,FOCUS SEGMENT,Standard,ESTATE,1
2026,09,16,BMW,SERIE 4,08,Barcelona,Private,ICE,KKL,FOCUS SEGMENT,Standard,CABRIO,1
2026,09,16,BMW,X1,08,Barcelona,Private,PHEV,UKL2,FOCUS SEGMENT,Standard,SAV,1
2026,09,16,BMW,X2,08,Barcelona,Private,ICE,UKL2,FOCUS SEGMENT,Standard,SAV,1
2026,09,16,BMW,iX2,08,Barcelona,Private,BEV,UKL2,FOCUS SEGMENT,Standard,SAV,1
2026,09,16,BMW,iX3,08,Barcelona,Private,BEV,KKL,FOCUS SEGMENT,Standard,SAV,1
2026,09,16,BYD,ATTO 2,08,Barcelona,Private,BEV,UKL1,REST,Standard,SAV,1
2026,09,16,BYD,ATTO 2,08,Barcelona,Private,PHEV,UKL1,REST,Standard,SAV,5
2026,09,16,BYD,ATTO 3 EVO,08,Barcelona,Private,BEV,UKL2,REST,Standard,SAV,1
2026,09,16,BYD,BYD DOLPHIN?SURF,08,Barcelona,Private,BEV,,REST,Standard,,1
2026,09,16,BYD,DOLPHIN,08,Barcelona,Private,BEV,UKL1,REST,Standard,HACH 5P,1
2026,09,16,BYD,DOLPHIN G,08,Barcelona,Private,PHEV,UKL1,REST,Standard,HACH 5P,1
2026,09,16,BYD,DOLPHIN SURF,08,Barcelona,Private,BEV,UKL0,REST,Standard,HACH 5P,9
2026,09,16,BYD,SEAL U,08,Barcelona,Private,PHEV,KKL,REST,Standard,SAV,3
2026,09,16,BYD,SEALION 7,08,Barcelona,Corporate,BEV,KKL,REST,Standard,SAV,1
2026,09,16,CHANGAN,DEEPAL S05,08,Barcelona,Private,BEV,UKL2,REST,Standard,HACH 5P,1
2026,09,16,CHANGAN,DEEPAL S05,08,Barcelona,Private,PHEV,UKL2,REST,Standard,HACH 5P,1
2026,09,16,CIRELLI,CIRELLI 1,08,Barcelona,Private,ICE,KKL,REST,Standard,SAV,1
2026,09,16,CITROEN,BERLINGO,08,Barcelona,Private,ICE,SKL,REST,Standard,TRANSPORTER,2
2026,09,16,CITROEN,C3,08,Barcelona,Private,BEV,UKL1,REST,Standard,HACH 5P,1
2026,09,16,CITROEN,C3,08,Barcelona,Private,ICE,UKL1,REST,Standard,HACH 5P,2
2026,09,16,CITROEN,C3 AIRCROSS,08,Barcelona,Private,BEV,UKL2,REST,Standard,SAV,2
2026,09,16,CITROEN,C4,08,Barcelona,Corporate,ICE,UKL2,REST,Standard,HACH 5P,1
2026,09,16,CITROEN,C5 AIRCROSS,08,Barcelona,Private,BEV,UKL2,REST,Standard,SAV,1
2026,09,16,CITROEN,C5 AIRCROSS,08,Barcelona,Private,ICE,UKL2,REST,Standard,SAV,1
2026,09,16,CUPRA,BORN,08,Barcelona,Corporate,BEV,UKL2,REST,Standard,HACH 5P,1
2026,09,16,CUPRA,CUPRA LEON,08,Barcelona,Corporate,ICE,UKL2,REST,Standard,HACH 5P,1
2026,09,16,CUPRA,CUPRA LEON,08,Barcelona,Corporate,PHEV,UKL2,REST,Standard,HACH 5P,1
2026,09,16,CUPRA,CUPRA LEON,08,Barcelona,Private,ICE,UKL2,REST,Standard,HACH 5P,3
2026,09,16,CUPRA,FORMENTOR,08,Barcelona,Private,ICE,UKL2,REST,Standard,SAT,2
2026,09,16,CUPRA,RAVAL,08,Barcelona,Corporate,BEV,UKL1,REST,Standard,HACH 5P,2
2026,09,16,CUPRA,RAVAL,08,Barcelona,Private,BEV,UKL1,REST,Standard,HACH 5P,1
2026,09,16,CUPRA,TERRAMAR,08,Barcelona,Corporate,PHEV,UKL2,REST,Standard,SAT,1
2026,09,16,CUPRA,TERRAMAR,08,Barcelona,Private,PHEV,UKL2,REST,Standard,SAT,2
2026,09,16,DACIA,DUSTER,08,Barcelona,Corporate,ICE,SKL,REST,Standard,PICKUP,1
2026,09,16,DACIA,DUSTER,08,Barcelona,Private,ICE,SKL,REST,Standard,PICKUP,2
2026,09,16,DACIA,JOGGER,08,Barcelona,Corporate,ICE,UKL2,REST,Standard,MPV,1
2026,09,16,DACIA,JOGGER,08,Barcelona,Private,ICE,UKL2,REST,Standard,MPV,2
2026,09,16,DACIA,SANDERO,08,Barcelona,Private,ICE,UKL1,REST,Standard,HACH 5P,10
2026,09,16,EBRO,S400,08,Barcelona,Private,ICE,UKL2,REST,Standard,SAV,7
2026,09,16,EBRO,S700,08,Barcelona,Private,ICE,UKL2,REST,Standard,SAV,2
2026,09,16,EBRO,S700,08,Barcelona,Private,PHEV,UKL2,REST,Standard,SAV,4
2026,09,16,EBRO,S800,08,Barcelona,Private,PHEV,KKL,REST,Standard,SAV,1
2026,09,16,EBRO,S900,08,Barcelona,Corporate,PHEV,UKL2,REST,Standard,SAV,1
2026,09,16,EBRO,S900,08,Barcelona,Private,PHEV,UKL2,REST,Standard,SAV,1
2026,09,16,FIAT,PANDA,08,Barcelona,Private,ICE,UKL0,REST,Standard,HACH 5P,2
2026,09,16,FORD,KUGA,08,Barcelona,Corporate,PHEV,UKL2,REST,Standard,SAV,1
2026,09,16,FORD,KUGA,08,Barcelona,Private,PHEV,UKL2,REST,Standard,SAV,1
2026,09,16,FORD,PUMA,08,Barcelona,Private,ICE,UKL1,REST,Standard,SAV,1
2026,09,16,GEELY,E5,08,Barcelona,Private,BEV,UKL2,REST,Standard,HACH 5P,1
2026,09,16,GEELY,GEELY E2,08,Barcelona,Corporate,BEV,,REST,Standard,,1
2026,09,16,GEELY,STARRAY,08,Barcelona,Private,PHEV,UKL2,REST,Standard,HACH 5P,1
2026,09,16,GWM,ORA 5 SUV,08,Barcelona,Private,ICE,UKL2,REST,Standard,SAV,1
2026,09,16,HONDA,HR-V,08,Barcelona,Private,ICE,UKL1,REST,Standard,SAV,1
2026,09,16,HONDA,JAZZ,08,Barcelona,Private,ICE,UKL1,REST,Standard,HACH 5P,1
2026,09,16,HYUNDAI,BAYON,08,Barcelona,Private,ICE,UKL1,REST,Standard,SAV,1
2026,09,16,HYUNDAI,I20,08,Barcelona,Private,ICE,UKL1,REST,Standard,HACH 5P,1
2026,09,16,HYUNDAI,KONA,08,Barcelona,Private,ICE,UKL1,REST,Standard,SAV,5
2026,09,16,HYUNDAI,TUCSON,08,Barcelona,Corporate,ICE,UKL2,REST,Standard,SAV,1
2026,09,16,HYUNDAI,TUCSON,08,Barcelona,Private,ICE,UKL2,REST,Standard,SAV,2
2026,09,16,IVECO,DAILY,08,Barcelona,RAC,ICE,SKL,REST,Standard,TRANSPORTER,1
2026,09,16,JAECOO,JAECOO 5,08,Barcelona,Corporate,ICE,UKL1,REST,Standard,SAV,1
2026,09,16,JAECOO,JAECOO 5,08,Barcelona,Private,ICE,UKL1,REST,Standard,SAV,1
2026,09,16,JAECOO,JAECOO 7,08,Barcelona,Private,ICE,UKL2,REST,Standard,SAV,1
2026,09,16,JAECOO,JAECOO 7,08,Barcelona,Private,PHEV,UKL2,REST,Standard,SAV,1
2026,09,16,JEEP,AVENGER,08,Barcelona,Private,ICE,UKL1,REST,Standard,SAV,1
2026,09,16,KG MOBILITY,TORRES,08,Barcelona,Private,ICE,UKL2,REST,Standard,SAV,1
2026,09,16,KIA,EV2,08,Barcelona,Private,BEV,UKL1,REST,Standard,SAV,2
2026,09,16,KIA,NIRO,08,Barcelona,Private,ICE,UKL2,REST,Standard,SAV,3
2026,09,16,KIA,PICANTO,08,Barcelona,Private,ICE,UKL0,REST,Standard,HACH 5P,1
2026,09,16,KIA,SPORTAGE,08,Barcelona,Private,ICE,UKL2,REST,Standard,SAV,1
2026,09,16,LEAPMOTOR,B05,08,Barcelona,Private,BEV,UKL1,REST,Standard,HACH 5P,2
2026,09,16,LEAPMOTOR,B10,08,Barcelona,Corporate,BEV,UKL2,REST,Standard,SAV,1
2026,09,16,LEAPMOTOR,B10,08,Barcelona,Private,BEV,UKL2,REST,Standard,SAV,2
2026,09,16,LEAPMOTOR,T03,08,Barcelona,Private,BEV,UKL0,REST,Standard,HACH 5P,3
2026,09,16,LEXUS,ES,08,Barcelona,Corporate,ICE,MKL,FOCUS SEGMENT,Standard,SEDAN,1
2026,09,16,LEXUS,NX,08,Barcelona,Private,PHEV,KKL,FOCUS SEGMENT,Standard,SAV,2
2026,09,16,LEXUS,RX,08,Barcelona,Corporate,PHEV,MKL,FOCUS SEGMENT,Standard,SAV,1
2026,09,16,LEXUS,UX,08,Barcelona,Private,ICE,UKL2,FOCUS SEGMENT,Standard,SAV,3
2026,09,16,LYNK & CO,LYNK&CO 01,08,Barcelona,Private,PHEV,UKL2,REST,Standard,SAV,1
2026,09,16,LYNK & CO,LYNK&CO 02,08,Barcelona,Private,BEV,UKL2,REST,Standard,SAV,1
2026,09,16,MAZDA,6E,08,Barcelona,Private,BEV,MKL,REST,Standard,SEDAN,1
2026,09,16,MAZDA,CX30,08,Barcelona,Private,ICE,UKL2,REST,Standard,SAV,1
2026,09,16,MAZDA,CX5,08,Barcelona,Private,ICE,UKL2,REST,Standard,SAV,1
2026,09,16,MAZDA,CX60,08,Barcelona,Private,ICE,KKL,REST,Standard,SAV,1
2026,09,16,MERCEDES,CLASE A,08,Barcelona,Private,ICE,UKL2,FOCUS SEGMENT,M Performance,HACH 5P,1
2026,09,16,MERCEDES,CLASE A,08,Barcelona,Private,PHEV,UKL2,FOCUS SEGMENT,Standard,HACH 5P,2
2026,09,16,MERCEDES,CLASE CLA,08,Barcelona,Private,BEV,UKL2,FOCUS SEGMENT,Standard,SEDAN,1
2026,09,16,MERCEDES,CLASE GLA,08,Barcelona,Corporate,PHEV,UKL2,FOCUS SEGMENT,Standard,SAV,1
2026,09,16,MERCEDES,CLASE GLA,08,Barcelona,Private,PHEV,UKL2,FOCUS SEGMENT,Standard,SAV,1
2026,09,16,MERCEDES,CLASE GLB,08,Barcelona,Corporate,BEV,UKL2,FOCUS SEGMENT,Standard,SAV,1
2026,09,16,MERCEDES,CLASE GLC,08,Barcelona,Corporate,PHEV,KKL,FOCUS SEGMENT,Standard,SAV,1
2026,09,16,MERCEDES,CLASE GLC,08,Barcelona,Private,BEV,KKL,FOCUS SEGMENT,Standard,SAV,1
2026,09,16,MERCEDES,CLASE V,08,Barcelona,Corporate,ICE,MKL,REST,Standard,MPV,2
2026,09,16,MERCEDES,EQA,08,Barcelona,Corporate,BEV,UKL2,FOCUS SEGMENT,Standard,SAV,1
2026,09,16,MERCEDES,EQE,08,Barcelona,Corporate,BEV,MKL,FOCUS SEGMENT,Standard,SAV,1
2026,09,16,MERCEDES-V,VITO,08,Barcelona,Corporate,ICE,SKL,REST,Standard,TRANSPORTER,1
2026,09,16,MERCEDES-V,VITO,08,Barcelona,Private,ICE,SKL,REST,Standard,TRANSPORTER,1
2026,09,16,MG,HS,08,Barcelona,Private,ICE,KKL,REST,Standard,SAV,1
2026,09,16,MG,MG 3,08,Barcelona,Private,ICE,UKL1,REST,Standard,HACH 5P,2
2026,09,16,MG,MG 4,08,Barcelona,Private,BEV,UKL2,REST,Standard,HACH 5P,1
2026,09,16,MG,ZS,08,Barcelona,Private,ICE,UKL1,REST,Standard,SAV,2
2026,09,16,MITSUBISHI-FUSO,CANTER,08,Barcelona,RAC,ICE,SKL,REST,Standard,TRANSPORTER,1
2026,09,16,NISSAN,JUKE,08,Barcelona,Private,ICE,UKL1,REST,Standard,SAV,1
2026,09,16,NISSAN,QASHQAI,08,Barcelona,Private,ICE,UKL2,REST,Standard,SAT,2
2026,09,16,NISSAN,X-TRAIL,08,Barcelona,Private,ICE,KKL,REST,Standard,SUV,1
2026,09,16,OMODA,OMODA 5,08,Barcelona,Corporate,ICE,UKL2,REST,Standard,SAV,1
2026,09,16,OMODA,OMODA 5,08,Barcelona,Private,ICE,UKL2,REST,Standard,SAV,4
2026,09,16,OMODA,OMODA 7,08,Barcelona,Corporate,PHEV,KKL,REST,Standard,SAV,1
2026,09,16,OMODA,OMODA 7,08,Barcelona,Private,PHEV,KKL,REST,Standard,SAV,1
2026,09,16,OMODA,OMODA 9,08,Barcelona,Private,PHEV,KKL,REST,Standard,SAV,1
2026,09,16,OPEL,CORSA,08,Barcelona,Private,ICE,UKL1,REST,Standard,HACH 5P,1
2026,09,16,OPEL,FRONTERA,08,Barcelona,Private,BEV,KKL,REST,Standard,SUV,1
2026,09,16,PEUGEOT,2008,08,Barcelona,Private,ICE,UKL1,REST,Standard,SAV,8
2026,09,16,PEUGEOT,208,08,Barcelona,Private,ICE,UKL1,REST,Standard,HACH 5P,2
2026,09,16,PEUGEOT,3008,08,Barcelona,Private,ICE,UKL2,REST,Standard,SAT,1
2026,09,16,POLESTAR,POLESTAR 4,08,Barcelona,Private,BEV,KKL,FOCUS SEGMENT,Standard,SAV,2
2026,09,16,PORSCHE,MACAN,08,Barcelona,Private,BEV,KKL,FOCUS SEGMENT,M Performance,SAV,1
2026,09,16,PORSCHE,MACAN,08,Barcelona,Private,BEV,KKL,FOCUS SEGMENT,Standard,SAV,1
2026,09,16,RENAULT,AUSTRAL,08,Barcelona,Private,ICE,UKL2,REST,Standard,SAV,1
2026,09,16,RENAULT,CAPTUR,08,Barcelona,Private,ICE,UKL1,REST,Standard,SAV,1
2026,09,16,RENAULT,CLIO,08,Barcelona,Private,ICE,UKL1,REST,Standard,HACH 5P,3
2026,09,16,RENAULT,ESPACE,08,Barcelona,Private,ICE,KKL,REST,Standard,SAV,1
2026,09,16,RENAULT,MASTER,08,Barcelona,Corporate,ICE,SKL,REST,Standard,TRANSPORTER,1
2026,09,16,RENAULT,TWINGO,08,Barcelona,Corporate,BEV,UKL0,REST,Standard,HACH 5P,2
2026,09,16,SEAT,ARONA,08,Barcelona,Corporate,ICE,UKL1,REST,Standard,SAV,4
2026,09,16,SEAT,ARONA,08,Barcelona,Private,ICE,UKL1,REST,Standard,SAV,1
2026,09,16,SEAT,ATECA,08,Barcelona,Corporate,ICE,UKL2,REST,Standard,SAT,4
2026,09,16,SEAT,ATECA,08,Barcelona,Private,ICE,UKL2,REST,Standard,SAT,1
2026,09,16,SEAT,IBIZA,08,Barcelona,Corporate,ICE,UKL1,REST,Standard,HACH 5P,7
2026,09,16,SEAT,IBIZA,08,Barcelona,Private,ICE,UKL1,REST,Standard,HACH 5P,3
2026,09,16,SEAT,LEON,08,Barcelona,Corporate,ICE,UKL2,REST,Standard,HACH 5P,2
2026,09,16,SEAT,LEON,08,Barcelona,Private,ICE,UKL2,REST,Standard,HACH 5P,1
2026,09,16,SKODA,ENYAQ,08,Barcelona,Corporate,BEV,UKL2,REST,Standard,SAV,1
2026,09,16,SKODA,EPIQ,08,Barcelona,Private,BEV,UKL1,REST,Standard,SAV,1
2026,09,16,SKODA,FABIA,08,Barcelona,Private,ICE,UKL1,REST,Standard,HACH 5P,1
2026,09,16,SKODA,KAMIQ,08,Barcelona,Corporate,ICE,UKL1,REST,Standard,SAV,1
2026,09,16,SKODA,KAMIQ,08,Barcelona,Private,ICE,UKL1,REST,Standard,SAV,1
2026,09,16,SKODA,KAROQ,08,Barcelona,Private,ICE,UKL2,REST,Standard,SAT,2
2026,09,16,SKODA,OCTAVIA,08,Barcelona,Corporate,ICE,UKL2,REST,Standard,ESTATE,1
2026,09,16,SMART,#1,08,Barcelona,Corporate,BEV,UKL1,FOCUS SEGMENT,Standard,SAV,1
2026,09,16,SMART,#3,08,Barcelona,Private,BEV,UKL2,FOCUS SEGMENT,Standard,HACH 5P,1
2026,09,16,SUZUKI,SWIFT,08,Barcelona,Private,ICE,UKL1,REST,Standard,HACH 5P,1
2026,09,16,TESLA,MODEL 3,08,Barcelona,Corporate,BEV,KKL,FOCUS SEGMENT,Standard,SEDAN,3
2026,09,16,TESLA,MODEL 3,08,Barcelona,Private,BEV,KKL,FOCUS SEGMENT,Standard,SEDAN,3
2026,09,16,TESLA,MODEL Y,08,Barcelona,Corporate,BEV,KKL,FOCUS SEGMENT,Standard,SAT,2
2026,09,16,TESLA,MODEL Y,08,Barcelona,Private,BEV,KKL,FOCUS SEGMENT,Standard,SAT,15
2026,09,16,TOYOTA,AYGO X,08,Barcelona,Private,ICE,UKL0,REST,Standard,HACH 5P,2
2026,09,16,TOYOTA,BZ4X,08,Barcelona,Private,BEV,UKL2,REST,Standard,SAV,1
2026,09,16,TOYOTA,C-HR,08,Barcelona,Corporate,ICE,UKL1,REST,Standard,SAV,2
2026,09,16,TOYOTA,C-HR,08,Barcelona,Private,BEV,UKL1,REST,Standard,SAV,3
2026,09,16,TOYOTA,C-HR,08,Barcelona,Private,ICE,UKL1,REST,Standard,SAV,6
2026,09,16,TOYOTA,C-HR,08,Barcelona,Private,PHEV,UKL1,REST,Standard,SAV,1
2026,09,16,TOYOTA,COROLLA,08,Barcelona,Corporate,ICE,UKL2,REST,Standard,HACH 5P,1
2026,09,16,TOYOTA,COROLLA,08,Barcelona,Private,ICE,UKL2,REST,Standard,HACH 5P,11
2026,09,16,TOYOTA,GR YARIS,08,Barcelona,Private,ICE,UKL1,REST,Standard,HACH 3P,2
2026,09,16,TOYOTA,PROACE,08,Barcelona,Corporate,ICE,SKL,REST,Standard,TRANSPORTER,1
2026,09,16,TOYOTA,PROACE,08,Barcelona,Private,BEV,SKL,REST,Standard,TRANSPORTER,1
2026,09,16,TOYOTA,PROACE CITY,08,Barcelona,Corporate,ICE,SKL,REST,Standard,TRANSPORTER,1
2026,09,16,TOYOTA,PROACE CITY,08,Barcelona,Private,ICE,SKL,REST,Standard,TRANSPORTER,1
2026,09,16,TOYOTA,PROACE VERSO,08,Barcelona,Private,ICE,SKL,REST,Standard,TRANSPORTER,1
2026,09,16,TOYOTA,RAV 4,08,Barcelona,Corporate,PHEV,UKL2,REST,Standard,SAV,4
2026,09,16,TOYOTA,RAV 4,08,Barcelona,Private,PHEV,UKL2,REST,Standard,SAV,7
2026,09,16,TOYOTA,YARIS,08,Barcelona,Corporate,ICE,UKL1,REST,Standard,HACH 5P,1
2026,09,16,TOYOTA,YARIS,08,Barcelona,Private,ICE,UKL1,REST,Standard,HACH 5P,6
2026,09,16,TOYOTA,YARIS CROSS,08,Barcelona,Corporate,ICE,UKL1,REST,Standard,SAV,1
2026,09,16,TOYOTA,YARIS CROSS,08,Barcelona,Private,ICE,UKL1,REST,Standard,SAV,8
2026,09,16,VOLKSWAGEN,CADDY,08,Barcelona,Corporate,PHEV,SKL,REST,Standard,TRANSPORTER,4
2026,09,16,VOLKSWAGEN,CADDY,08,Barcelona,Private,ICE,SKL,REST,Standard,TRANSPORTER,2
2026,09,16,VOLKSWAGEN,CALIFORNIA,08,Barcelona,Private,ICE,SKL,REST,Standard,TRANSPORTER,1
2026,09,16,VOLKSWAGEN,GOLF,08,Barcelona,Private,ICE,UKL2,REST,Standard,HACH 5P,1
2026,09,16,VOLKSWAGEN,POLO,08,Barcelona,Private,ICE,UKL1,REST,Standard,HACH 5P,1
2026,09,16,VOLKSWAGEN,T-CROSS,08,Barcelona,Private,ICE,UKL1,REST,Standard,SAV,4
2026,09,16,VOLKSWAGEN,T-ROC,08,Barcelona,Corporate,ICE,UKL2,REST,Standard,SAV,1
2026,09,16,VOLKSWAGEN,T-ROC,08,Barcelona,Private,ICE,UKL2,REST,Standard,SAV,4
2026,09,16,VOLKSWAGEN,TAIGO,08,Barcelona,Private,ICE,UKL1,REST,Standard,SAV,5
2026,09,16,VOLKSWAGEN,TIGUAN,08,Barcelona,Private,ICE,UKL2,REST,Standard,SAV,1
2026,09,16,VOLKSWAGEN,TIGUAN,08,Barcelona,Private,PHEV,UKL2,REST,Standard,SAV,2
2026,09,16,VOLVO,EX30,08,Barcelona,Private,BEV,UKL1,FOCUS SEGMENT,Standard,SAV,2
2026,09,16,VOLVO,XC40,08,Barcelona,Private,ICE,UKL2,FOCUS SEGMENT,Standard,SAV,1
2026,09,16,VOLVO,XC60,08,Barcelona,Private,ICE,KKL,FOCUS SEGMENT,Standard,SAV,1
2026,09,16,XPENG,G6,08,Barcelona,Private,BEV,KKL,FOCUS SEGMENT,Standard,SAV,1
2026,09,16,CUPRA,TERRAMAR,09,Burgos,Private,PHEV,UKL2,REST,Standard,SAT,1
2026,09,16,DACIA,SANDERO,09,Burgos,Private,ICE,UKL1,REST,Standard,HACH 5P,1
2026,09,16,FORD,TRANSIT CUSTOM,09,Burgos,Private,PHEV,SKL,REST,Standard,TRANSPORTER,1
2026,09,16,HONDA,CIVIC,09,Burgos,Private,ICE,UKL2,REST,Standard,HACH 5P,1
2026,09,16,HYUNDAI,I20,09,Burgos,Private,ICE,UKL1,REST,Standard,HACH 5P,1
2026,09,16,LEAPMOTOR,B05,09,Burgos,Corporate,BEV,UKL1,REST,Standard,HACH 5P,1
2026,09,16,LEAPMOTOR,T03,09,Burgos,Private,BEV,UKL0,REST,Standard,HACH 5P,1
2026,09,16,LEXUS,LBX,09,Burgos,Corporate,ICE,UKL1,FOCUS SEGMENT,Standard,SAV,4
2026,09,16,LEXUS,NX,09,Burgos,Corporate,ICE,KKL,FOCUS SEGMENT,Standard,SAV,1
2026,09,16,LEXUS,UX,09,Burgos,Corporate,ICE,UKL2,FOCUS SEGMENT,Standard,SAV,1
2026,09,16,MAZDA,CX5,09,Burgos,Private,ICE,UKL2,REST,Standard,SAV,1
2026,09,16,MG,ZS,09,Burgos,Private,ICE,UKL1,REST,Standard,SAV,1
2026,09,16,MITSUBISHI,OUTLANDER,09,Burgos,Corporate,PHEV,KKL,REST,Standard,SAV,1
2026,09,16,MITSUBISHI,OUTLANDER,09,Burgos,Private,PHEV,KKL,REST,Standard,SAV,1
2026,09,16,NISSAN,TOWNSTAR,09,Burgos,Private,ICE,SKL,REST,Standard,TRANSPORTER,1
2026,09,16,OMODA,OMODA 5,09,Burgos,Private,ICE,UKL2,REST,Standard,SAV,1
2026,09,16,RENAULT,MASTER,09,Burgos,Private,ICE,SKL,REST,Standard,TRANSPORTER,1
2026,09,16,RENAULT,SYMBIOZ,09,Burgos,Corporate,ICE,UKL1,REST,Standard,SAV,1
2026,09,16,SEAT,ARONA,09,Burgos,Private,ICE,UKL1,REST,Standard,SAV,1
2026,09,16,SEAT,IBIZA,09,Burgos,Private,ICE,UKL1,REST,Standard,HACH 5P,1
2026,09,16,SKODA,FABIA,09,Burgos,Private,ICE,UKL1,REST,Standard,HACH 5P,1
2026,09,16,TESLA,MODEL 3,09,Burgos,Private,BEV,KKL,FOCUS SEGMENT,Standard,SEDAN,1
2026,09,16,TOYOTA,RAV 4,09,Burgos,Private,PHEV,UKL2,REST,Standard,SAV,1
2026,09,16,VOLKSWAGEN,T-ROC,09,Burgos,Private,ICE,UKL2,REST,Standard,SAV,1
2026,09,16,AUDI,Q8,10,Cáceres,Corporate,PHEV,MKL,FOCUS SEGMENT,Standard,SAV,1
2026,09,16,CHANGAN,DEEPAL S05,10,Cáceres,Private,BEV,UKL2,REST,Standard,HACH 5P,1
2026,09,16,CITROEN,C3,10,Cáceres,Private,ICE,UKL1,REST,Standard,HACH 5P,1
2026,09,16,DACIA,SANDERO,10,Cáceres,Private,ICE,UKL1,REST,Standard,HACH 5P,1
2026,09,16,HYUNDAI,KONA,10,Cáceres,Private,ICE,UKL1,REST,Standard,SAV,1
2026,09,16,JAECOO,JAECOO 5,10,Cáceres,Private,ICE,UKL1,REST,Standard,SAV,1
2026,09,16,JAECOO,JAECOO 7,10,Cáceres,Private,PHEV,UKL2,REST,Standard,SAV,1
2026,09,16,MAZDA,6E,10,Cáceres,Private,BEV,MKL,REST,Standard,SEDAN,1
2026,09,16,MERCEDES,CLASE CLA,10,Cáceres,Private,BEV,UKL2,FOCUS SEGMENT,Standard,SEDAN,1
2026,09,16,MG,HS,10,Cáceres,Private,ICE,KKL,REST,Standard,SAV,1
2026,09,16,PEUGEOT,308,10,Cáceres,Private,ICE,UKL2,REST,Standard,HACH 5P,1
2026,09,16,RENAULT,CAPTUR,10,Cáceres,Corporate,ICE,UKL1,REST,Standard,SAV,1
2026,09,16,TESLA,MODEL Y,10,Cáceres,Private,BEV,KKL,FOCUS SEGMENT,Standard,SAT,1
2026,09,16,TOYOTA,HI LUX,10,Cáceres,Private,ICE,SKL,REST,Standard,PICKUP,1
2026,09,16,AUDI,A1,11,Cádiz,Private,ICE,UKL1,FOCUS SEGMENT,Standard,HACH 5P,1
2026,09,16,AUDI,A3,11,Cádiz,Private,ICE,UKL2,FOCUS SEGMENT,Standard,HACH 5P,1
2026,09,16,BMW,SERIE 1,11,Cádiz,Private,ICE,UKL2,FOCUS SEGMENT,Standard,HACH 5P,1
2026,09,16,BYD,ATTO 2,11,Cádiz,Private,PHEV,UKL1,REST,Standard,SAV,1
2026,09,16,DACIA,BIGSTER,11,Cádiz,Private,ICE,UKL2,REST,Standard,SAV,1
2026,09,16,DACIA,DUSTER,11,Cádiz,Corporate,ICE,SKL,REST,Standard,PICKUP,1
2026,09,16,DACIA,DUSTER,11,Cádiz,Private,ICE,SKL,REST,Standard,PICKUP,1
2026,09,16,DACIA,SANDERO,11,Cádiz,Private,ICE,UKL1,REST,Standard,HACH 5P,1
2026,09,16,DFSK,FENGON,11,Cádiz,Private,ICE,,,Standard,,1
2026,09,16,EBRO,S400,11,Cádiz,Private,ICE,UKL2,REST,Standard,SAV,1
2026,09,16,EBRO,S700,11,Cádiz,Corporate,ICE,UKL2,REST,Standard,SAV,1
2026,09,16,FORD,KUGA,11,Cádiz,Private,PHEV,UKL2,REST,Standard,SAV,1
2026,09,16,FORD,RANGER,11,Cádiz,Private,ICE,SKL,REST,Standard,PICKUP,1
2026,09,16,FORD,TRANSIT,11,Cádiz,Private,ICE,SKL,REST,Standard,TRANSPORTER,1
2026,09,16,HONDA,JAZZ,11,Cádiz,Private,ICE,UKL1,REST,Standard,HACH 5P,2
2026,09,16,HYUNDAI,I20,11,Cádiz,Private,ICE,UKL1,REST,Standard,HACH 5P,1
2026,09,16,HYUNDAI,KONA,11,Cádiz,Private,ICE,UKL1,REST,Standard,SAV,1
2026,09,16,HYUNDAI,KONA,11,Cádiz,RAC,ICE,UKL1,REST,Standard,SAV,2
2026,09,16,KG MOBILITY,TIVOLI,11,Cádiz,Corporate,ICE,UKL1,REST,Standard,SAV,1
2026,09,16,KG MOBILITY,TORRES,11,Cádiz,Private,ICE,UKL2,REST,Standard,SAV,2
2026,09,16,KIA,NIRO,11,Cádiz,Private,ICE,UKL2,REST,Standard,SAV,3
2026,09,16,KIA,SPORTAGE,11,Cádiz,Corporate,ICE,UKL2,REST,Standard,SAV,1
2026,09,16,KIA,SPORTAGE,11,Cádiz,Private,ICE,UKL2,REST,Standard,SAV,1
2026,09,16,KIA,STONIC,11,Cádiz,Private,ICE,UKL1,REST,Standard,SAV,2
2026,09,16,LIVAN,X3 PRO,11,Cádiz,Private,ICE,UKL1,REST,Standard,SAV,1
2026,09,16,MERCEDES,CLASE GLA,11,Cádiz,Private,ICE,UKL2,FOCUS SEGMENT,Standard,SAV,1
2026,09,16,MG,HS,11,Cádiz,Private,PHEV,KKL,REST,Standard,SAV,1
2026,09,16,MG,ZS,11,Cádiz,Private,ICE,UKL1,REST,Standard,SAV,2
2026,09,16,MINI,ACEMAN,11,Cádiz,Private,BEV,UKL1,FOCUS SEGMENT,Standard,SAV,1
2026,09,16,MITSUBISHI,OUTLANDER,11,Cádiz,Private,PHEV,KKL,REST,Standard,SAV,1
2026,09,16,MITSUBISHI-FUSO,CANTER,11,Cádiz,Private,ICE,SKL,REST,Standard,TRANSPORTER,1
2026,09,16,NISSAN,JUKE,11,Cádiz,Private,ICE,UKL1,REST,Standard,SAV,1
2026,09,16,NISSAN,QASHQAI,11,Cádiz,Private,ICE,UKL2,REST,Standard,SAT,1
2026,09,16,NISSAN,TOWNSTAR,11,Cádiz,Private,ICE,SKL,REST,Standard,TRANSPORTER,1
2026,09,16,OMODA,OMODA 5,11,Cádiz,Private,ICE,UKL2,REST,Standard,SAV,2
2026,09,16,PEUGEOT,2008,11,Cádiz,Private,ICE,UKL1,REST,Standard,SAV,5
2026,09,16,PEUGEOT,TRAVELLER,11,Cádiz,Private,ICE,SKL,REST,Standard,TRANSPORTER,1
2026,09,16,RENAULT,CLIO,11,Cádiz,Private,ICE,UKL1,REST,Standard,HACH 5P,1
2026,09,16,RENAULT,SCENIC,11,Cádiz,Private,BEV,UKL2,REST,Standard,MPV,1
2026,09,16,RENAULT,TWINGO,11,Cádiz,Private,BEV,UKL0,REST,Standard,HACH 5P,1
2026,09,16,SKODA,KAROQ,11,Cádiz,Private,ICE,UKL2,REST,Standard,SAT,1
2026,09,16,TESLA,MODEL Y,11,Cádiz,Private,BEV,KKL,FOCUS SEGMENT,Standard,SAT,3
2026,09,16,TOYOTA,C-HR,11,Cádiz,Corporate,BEV,UKL1,REST,Standard,SAV,1
2026,09,16,TOYOTA,C-HR,11,Cádiz,Private,BEV,UKL1,REST,Standard,SAV,1
2026,09,16,TOYOTA,C-HR,11,Cádiz,Private,ICE,UKL1,REST,Standard,SAV,2
2026,09,16,TOYOTA,C-HR,11,Cádiz,Private,PHEV,UKL1,REST,Standard,SAV,1
2026,09,16,TOYOTA,COROLLA,11,Cádiz,Private,ICE,UKL2,REST,Standard,HACH 5P,2
2026,09,16,TOYOTA,PROACE CITY,11,Cádiz,Corporate,ICE,SKL,REST,Standard,TRANSPORTER,1
2026,09,16,TOYOTA,RAV 4,11,Cádiz,Private,PHEV,UKL2,REST,Standard,SAV,2
2026,09,16,VOLKSWAGEN,CADDY,11,Cádiz,Private,ICE,SKL,REST,Standard,TRANSPORTER,1
2026,09,16,VOLKSWAGEN,ID. POLO 155KW,11,Cádiz,Corporate,BEV,UKL1,REST,Standard,HACH 5P,2
2026,09,16,VOLKSWAGEN,T-CROSS,11,Cádiz,Private,ICE,UKL1,REST,Standard,SAV,1
2026,09,16,VOLKSWAGEN,TAIGO,11,Cádiz,Private,ICE,UKL1,REST,Standard,SAV,2
2026,09,16,AUDI,Q3 SPORTBACK,12,Castellón,Corporate,PHEV,UKL2,FOCUS SEGMENT,Standard,SAV,1
2026,09,16,BYD,ATTO 3 EVO,12,Castellón,Private,BEV,UKL2,REST,Standard,SAV,1
2026,09,16,BYD,DOLPHIN SURF,12,Castellón,Private,BEV,UKL0,REST,Standard,HACH 5P,2
2026,09,16,BYD,SEAL U,12,Castellón,Private,PHEV,KKL,REST,Standard,SAV,1
2026,09,16,CHANGAN,DEEPAL S05,12,Castellón,Corporate,PHEV,UKL2,REST,Standard,HACH 5P,1
2026,09,16,CITROEN,BERLINGO,12,Castellón,Corporate,BEV,SKL,REST,Standard,TRANSPORTER,1
2026,09,16,CUPRA,FORMENTOR,12,Castellón,Private,ICE,UKL2,REST,Standard,SAT,1
2026,09,16,DACIA,DUSTER,12,Castellón,Private,ICE,SKL,REST,Standard,PICKUP,1
2026,09,16,DACIA,SANDERO,12,Castellón,Private,ICE,UKL1,REST,Standard,HACH 5P,1
2026,09,16,EBRO,S700,12,Castellón,Private,PHEV,UKL2,REST,Standard,SAV,1
2026,09,16,EBRO,S900,12,Castellón,Corporate,PHEV,UKL2,REST,Standard,SAV,1
2026,09,16,HYUNDAI,TUCSON,12,Castellón,Private,ICE,UKL2,REST,Standard,SAV,1
2026,09,16,JAECOO,JAECOO 5,12,Castellón,Private,ICE,UKL1,REST,Standard,SAV,2
2026,09,16,KG MOBILITY,TIVOLI,12,Castellón,Private,ICE,UKL1,REST,Standard,SAV,1
2026,09,16,LEAPMOTOR,B05,12,Castellón,Private,BEV,UKL1,REST,Standard,HACH 5P,1
2026,09,16,LEAPMOTOR,T03,12,Castellón,Private,BEV,UKL0,REST,Standard,HACH 5P,3
2026,09,16,MAZDA,CX30,12,Castellón,Private,ICE,UKL2,REST,Standard,SAV,1
2026,09,16,MAZDA,MAZDA 3,12,Castellón,Private,ICE,UKL2,REST,Standard,SEDAN,1
2026,09,16,MG,ZS,12,Castellón,Corporate,ICE,UKL1,REST,Standard,SAV,1
2026,09,16,OMODA,OMODA 5,12,Castellón,Private,ICE,UKL2,REST,Standard,SAV,1
2026,09,16,PEUGEOT,BOXER,12,Castellón,Corporate,ICE,SKL,REST,Standard,TRANSPORTER,2
2026,09,16,PEUGEOT,PARTNER,12,Castellón,Corporate,ICE,SKL,REST,Standard,TRANSPORTER,1
2026,09,16,PEUGEOT,RIFTER,12,Castellón,Corporate,ICE,SKL,REST,Standard,TRANSPORTER,1
2026,09,16,RENAULT,AUSTRAL,12,Castellón,Private,ICE,UKL2,REST,Standard,SAV,1
2026,09,16,TESLA,MODEL 3,12,Castellón,Corporate,BEV,KKL,FOCUS SEGMENT,Standard,SEDAN,1
2026,09,16,TESLA,MODEL 3,12,Castellón,Private,BEV,KKL,FOCUS SEGMENT,Standard,SEDAN,2
2026,09,16,TOYOTA,C-HR,12,Castellón,Private,ICE,UKL1,REST,Standard,SAV,2
2026,09,16,TOYOTA,COROLLA,12,Castellón,Private,ICE,UKL2,REST,Standard,HACH 5P,2
2026,09,16,VOLKSWAGEN,CRAFTER,12,Castellón,Corporate,ICE,SKL,REST,Standard,TRANSPORTER,4
2026,09,16,VOLKSWAGEN,CRAFTER,12,Castellón,RAC,ICE,SKL,REST,Standard,TRANSPORTER,1
2026,09,16,VOLKSWAGEN,ID.4,12,Castellón,Corporate,BEV,UKL2,REST,Standard,SAV,1
2026,09,16,VOLKSWAGEN,TAYRON,12,Castellón,Private,ICE,UKL2,REST,Standard,SAV,1
2026,09,16,VOLKSWAGEN,TIGUAN,12,Castellón,Private,PHEV,UKL2,REST,Standard,SAV,1
2026,09,16,VOLKSWAGEN,TRANSPORTER,12,Castellón,Corporate,ICE,SKL,REST,Standard,TRANSPORTER,1
2026,09,16,BYD,SEAL U,13,Ciudad Real,Private,PHEV,KKL,REST,Standard,SAV,1
2026,09,16,CITROEN,BERLINGO,13,Ciudad Real,Corporate,ICE,SKL,REST,Standard,TRANSPORTER,1
2026,09,16,DACIA,DUSTER,13,Ciudad Real,Private,ICE,SKL,REST,Standard,PICKUP,1
2026,09,16,FAW,T77,13,Ciudad Real,Private,ICE,UKL2,REST,Standard,SAV,1
2026,09,16,FIAT,DOBLO CARGO,13,Ciudad Real,Corporate,ICE,SKL,REST,Standard,TRANSPORTER,1
2026,09,16,HYUNDAI,KONA,13,Ciudad Real,Private,ICE,UKL1,REST,Standard,SAV,1
2026,09,16,JAECOO,JAECOO 8,13,Ciudad Real,Private,PHEV,KKL,REST,Standard,SAV,1
2026,09,16,KIA,EV2,13,Ciudad Real,Private,BEV,UKL1,REST,Standard,SAV,1
2026,09,16,KIA,NIRO,13,Ciudad Real,Private,ICE,UKL2,REST,Standard,SAV,1
2026,09,16,KIA,SPORTAGE,13,Ciudad Real,Corporate,ICE,UKL2,REST,Standard,SAV,1
2026,09,16,MG,HS,13,Ciudad Real,Private,ICE,KKL,REST,Standard,SAV,1
2026,09,16,MG,HS,13,Ciudad Real,Private,PHEV,KKL,REST,Standard,SAV,1
2026,09,16,MG,ZS,13,Ciudad Real,Private,ICE,UKL1,REST,Standard,SAV,1
2026,09,16,RENAULT,CLIO,13,Ciudad Real,Private,ICE,UKL1,REST,Standard,HACH 5P,1
2026,09,16,SEAT,ATECA,13,Ciudad Real,Private,ICE,UKL2,REST,Standard,SAT,1
2026,09,16,SEAT,IBIZA,13,Ciudad Real,Private,ICE,UKL1,REST,Standard,HACH 5P,1
2026,09,16,TESLA,MODEL Y,13,Ciudad Real,Private,BEV,KKL,FOCUS SEGMENT,Standard,SAT,1
2026,09,16,VOLVO,XC40,13,Ciudad Real,Private,ICE,UKL2,FOCUS SEGMENT,Standard,SAV,1
2026,09,16,AUDI,Q3 SPORTBACK,14,Córdoba,Private,PHEV,UKL2,FOCUS SEGMENT,Standard,SAV,1
2026,09,16,BMW,iX3,14,Córdoba,Corporate,BEV,KKL,FOCUS SEGMENT,Standard,SAV,1
2026,09,16,BYD,DOLPHIN SURF,14,Córdoba,Private,BEV,UKL0,REST,Standard,HACH 5P,1
2026,09,16,DACIA,BIGSTER,14,Córdoba,Private,ICE,UKL2,REST,Standard,SAV,1
2026,09,16,DACIA,JOGGER,14,Córdoba,Private,ICE,UKL2,REST,Standard,MPV,1
2026,09,16,DACIA,SANDERO,14,Córdoba,Private,ICE,UKL1,REST,Standard,HACH 5P,1
2026,09,16,EBRO,S700,14,Córdoba,Private,PHEV,UKL2,REST,Standard,SAV,1
2026,09,16,FORD,RANGER,14,Córdoba,Corporate,ICE,SKL,REST,Standard,PICKUP,2
2026,09,16,FORD,RANGER,14,Córdoba,Corporate,PHEV,SKL,REST,Standard,PICKUP,1
2026,09,16,HYUNDAI,I30,14,Córdoba,Corporate,ICE,UKL2,REST,Standard,HACH 5P,1
2026,09,16,HYUNDAI,KONA,14,Córdoba,Private,ICE,UKL1,REST,Standard,SAV,1
2026,09,16,IVECO,DAILY,14,Córdoba,Corporate,ICE,SKL,REST,Standard,TRANSPORTER,1
2026,09,16,LEAPMOTOR,B10,14,Córdoba,Private,BEV,UKL2,REST,Standard,SAV,1
2026,09,16,LEXUS,NX,14,Córdoba,Private,ICE,KKL,FOCUS SEGMENT,Standard,SAV,1
2026,09,16,MERCEDES,CLASE GLB,14,Córdoba,Corporate,BEV,UKL2,FOCUS SEGMENT,Standard,SAV,1
2026,09,16,MERCEDES,CLASE GLC,14,Córdoba,Private,BEV,KKL,FOCUS SEGMENT,Standard,SAV,1
2026,09,16,MERCEDES,CLASE GLC,14,Córdoba,Private,ICE,KKL,FOCUS SEGMENT,Standard,SAV,1
2026,09,16,MITSUBISHI,OUTLANDER,14,Córdoba,Corporate,PHEV,KKL,REST,Standard,SAV,1
2026,09,16,NISSAN,JUKE,14,Córdoba,Private,ICE,UKL1,REST,Standard,SAV,1
2026,09,16,OPEL,CORSA,14,Córdoba,Private,ICE,UKL1,REST,Standard,HACH 5P,2
2026,09,16,PEUGEOT,2008,14,Córdoba,Private,ICE,UKL1,REST,Standard,SAV,4
2026,09,16,PEUGEOT,308,14,Córdoba,Private,ICE,UKL2,REST,Standard,HACH 5P,1
2026,09,16,PEUGEOT,E-2008 ALLURE ELECTRICO,14,Córdoba,Private,BEV,UKL1,REST,Standard,SAV,1
2026,09,16,PEUGEOT,RIFTER,14,Córdoba,Corporate,ICE,SKL,REST,Standard,TRANSPORTER,1
2026,09,16,SKODA,FABIA,14,Córdoba,Private,ICE,UKL1,REST,Standard,HACH 5P,1
2026,09,16,SKODA,KAROQ,14,Córdoba,Private,ICE,UKL2,REST,Standard,SAT,1
2026,09,16,TESLA,MODEL 3,14,Córdoba,Private,BEV,KKL,FOCUS SEGMENT,Standard,SEDAN,1
2026,09,16,TOYOTA,COROLLA,14,Córdoba,Private,ICE,UKL2,REST,Standard,HACH 5P,1
2026,09,16,TOYOTA,PROACE VERSO,14,Córdoba,Private,ICE,SKL,REST,Standard,TRANSPORTER,1
2026,09,16,TOYOTA,RAV 4,14,Córdoba,Private,PHEV,UKL2,REST,Standard,SAV,1
2026,09,16,VOLKSWAGEN,T-ROC,14,Córdoba,Private,ICE,UKL2,REST,Standard,SAV,1
2026,09,16,AUDI,A5,15,A Coruña,Corporate,ICE,KKL,FOCUS SEGMENT,Standard,SEDAN,1
2026,09,16,AUDI,Q2,15,A Coruña,Private,ICE,UKL2,FOCUS SEGMENT,Standard,SAV,1
2026,09,16,AUDI,Q5 SPORTBACK,15,A Coruña,Private,ICE,KKL,FOCUS SEGMENT,Standard,SAV,1
2026,09,16,BMW,X3,15,A Coruña,Private,PHEV,KKL,FOCUS SEGMENT,Standard,SAV,1
2026,09,16,BMW,iX2,15,A Coruña,Corporate,BEV,UKL2,FOCUS SEGMENT,Standard,SAV,1
2026,09,16,BMW,iX3,15,A Coruña,Private,BEV,KKL,FOCUS SEGMENT,Standard,SAV,1
2026,09,16,BYD,ATTO 3 EVO,15,A Coruña,Private,BEV,UKL2,REST,Standard,SAV,1
2026,09,16,BYD,SEAL U,15,A Coruña,Private,BEV,KKL,REST,Standard,SAV,1
2026,09,16,CITROEN,C3,15,A Coruña,Private,ICE,UKL1,REST,Standard,HACH 5P,1
2026,09,16,DACIA,DUSTER,15,A Coruña,Corporate,ICE,SKL,REST,Standard,PICKUP,1
2026,09,16,DACIA,JOGGER,15,A Coruña,Private,ICE,UKL2,REST,Standard,MPV,1
2026,09,16,DACIA,SANDERO,15,A Coruña,Private,ICE,UKL1,REST,Standard,HACH 5P,1
2026,09,16,EBRO,S400,15,A Coruña,Private,ICE,UKL2,REST,Standard,SAV,1
2026,09,16,FIAT,PANDA,15,A Coruña,Private,ICE,UKL0,REST,Standard,HACH 5P,1
2026,09,16,FORD,EXPLORER,15,A Coruña,Corporate,BEV,SKL,REST,Standard,PICKUP,1
2026,09,16,FORD,TRANSIT CUSTOM,15,A Coruña,Corporate,PHEV,SKL,REST,Standard,TRANSPORTER,1
2026,09,16,HONDA,HR-V,15,A Coruña,Private,ICE,UKL1,REST,Standard,SAV,1
2026,09,16,HYUNDAI,I20,15,A Coruña,Private,ICE,UKL1,REST,Standard,HACH 5P,1
2026,09,16,HYUNDAI,TUCSON,15,A Coruña,Private,ICE,UKL2,REST,Standard,SAV,1
2026,09,16,KIA,EV3,15,A Coruña,Private,BEV,UKL1,REST,Standard,SAV,1
2026,09,16,KIA,NIRO,15,A Coruña,Private,ICE,UKL2,REST,Standard,SAV,1
2026,09,16,MAZDA,CX30,15,A Coruña,Private,ICE,UKL2,REST,Standard,SAV,1
2026,09,16,MERCEDES,CLASE A,15,A Coruña,Private,ICE,UKL2,FOCUS SEGMENT,Standard,SEDAN,1
2026,09,16,MERCEDES,CLASE GLC,15,A Coruña,Corporate,ICE,KKL,FOCUS SEGMENT,Standard,SAV,1
2026,09,16,NISSAN,QASHQAI,15,A Coruña,Private,ICE,UKL2,REST,Standard,SAT,1
2026,09,16,NISSAN,X-TRAIL,15,A Coruña,Private,ICE,KKL,REST,Standard,SUV,1
2026,09,16,OMODA,OMODA 5,15,A Coruña,Private,ICE,UKL2,REST,Standard,SAV,2
2026,09,16,OPEL,CORSA,15,A Coruña,Corporate,ICE,UKL1,REST,Standard,HACH 5P,10
2026,09,16,OPEL,FRONTERA,15,A Coruña,Private,BEV,KKL,REST,Standard,SUV,1
2026,09,16,RENAULT,KANGOO,15,A Coruña,Corporate,ICE,SKL,REST,Standard,TRANSPORTER,1
2026,09,16,RENAULT,MASTER,15,A Coruña,Corporate,ICE,SKL,REST,Standard,TRANSPORTER,3
2026,09,16,RENAULT,TWINGO,15,A Coruña,Private,BEV,UKL0,REST,Standard,HACH 5P,1
2026,09,16,SEAT,LEON,15,A Coruña,Private,ICE,UKL2,REST,Standard,HACH 5P,1
2026,09,16,SUZUKI,SWIFT,15,A Coruña,Private,ICE,UKL1,REST,Standard,HACH 5P,1
2026,09,16,TESLA,MODEL 3,15,A Coruña,Private,BEV,KKL,FOCUS SEGMENT,Standard,SEDAN,3
2026,09,16,TESLA,MODEL Y,15,A Coruña,Private,BEV,KKL,FOCUS SEGMENT,Standard,SAT,3
2026,09,16,TOYOTA,C-HR,15,A Coruña,Private,BEV,UKL1,REST,Standard,SAV,1
2026,09,16,TOYOTA,C-HR,15,A Coruña,Private,ICE,UKL1,REST,Standard,SAV,1
2026,09,16,TOYOTA,COROLLA,15,A Coruña,Private,ICE,UKL2,REST,Standard,HACH 5P,1
2026,09,16,TOYOTA,LAND CRUISER,15,A Coruña,Private,ICE,GKL,REST,Standard,SUV,1
2026,09,16,TOYOTA,PROACE,15,A Coruña,Corporate,ICE,SKL,REST,Standard,TRANSPORTER,1
2026,09,16,TOYOTA,PROACE CITY,15,A Coruña,Corporate,BEV,SKL,REST,Standard,TRANSPORTER,1
2026,09,16,TOYOTA,PROACE CITY,15,A Coruña,Corporate,ICE,SKL,REST,Standard,TRANSPORTER,1
2026,09,16,TOYOTA,RAV 4,15,A Coruña,Private,PHEV,UKL2,REST,Standard,SAV,1
2026,09,16,TOYOTA,YARIS CROSS,15,A Coruña,Private,ICE,UKL1,REST,Standard,SAV,1
2026,09,16,VOLKSWAGEN,TIGUAN,15,A Coruña,Private,PHEV,UKL2,REST,Standard,SAV,1
2026,09,16,VOLVO,EX60,15,A Coruña,Private,BEV,,REST,Standard,,1
2026,09,16,BYD,SEAL U,16,Cuenca,Private,PHEV,KKL,REST,Standard,SAV,1
2026,09,16,EBRO,S700,16,Cuenca,Private,ICE,UKL2,REST,Standard,SAV,1
2026,09,16,HYUNDAI,STARIA,16,Cuenca,Private,ICE,MKL,REST,Standard,MPV,1
2026,09,16,KIA,EV4,16,Cuenca,Private,BEV,KKL,REST,Standard,SEDAN,1
2026,09,16,KIA,XCEED,16,Cuenca,Private,ICE,UKL2,REST,Standard,HACH 5P,1
2026,09,16,LEAPMOTOR,B10,16,Cuenca,Private,BEV,UKL2,REST,Standard,SAV,1
2026,09,16,MAXUS,DELIVER 9,16,Cuenca,Corporate,ICE,SKL,REST,Standard,TRANSPORTER,1
2026,09,16,OMODA,OMODA 5,16,Cuenca,Corporate,ICE,UKL2,REST,Standard,SAV,1
2026,09,16,PEUGEOT,208,16,Cuenca,Private,ICE,UKL1,REST,Standard,HACH 5P,1
2026,09,16,SEAT,LEON,16,Cuenca,Private,ICE,UKL2,REST,Standard,HACH 5P,1
2026,09,16,SKODA,ELROQ,16,Cuenca,Private,BEV,UKL2,REST,Standard,SAV,1
2026,09,16,TESLA,MODEL 3,16,Cuenca,Private,BEV,KKL,FOCUS SEGMENT,Standard,SEDAN,2
2026,09,16,VOLKSWAGEN,CARAVELLE,16,Cuenca,Corporate,PHEV,SKL,REST,Standard,TRANSPORTER,1
2026,09,16,AUDI,Q2,17,Girona,Private,ICE,UKL2,FOCUS SEGMENT,Standard,SAV,1
2026,09,16,BMW,X2,17,Girona,Private,ICE,UKL2,FOCUS SEGMENT,Standard,SAV,1
2026,09,16,BYD,ATTO 2,17,Girona,Private,BEV,UKL1,REST,Standard,SAV,1
2026,09,16,CUPRA,FORMENTOR,17,Girona,Private,ICE,UKL2,REST,Standard,SAT,1
2026,09,16,DACIA,BIGSTER,17,Girona,Private,ICE,UKL2,REST,Standard,SAV,1
2026,09,16,DACIA,DUSTER,17,Girona,Private,ICE,SKL,REST,Standard,PICKUP,1
2026,09,16,DACIA,SANDERO,17,Girona,Private,ICE,UKL1,REST,Standard,HACH 5P,4
2026,09,16,DONGFENG,VIGO,17,Girona,Corporate,BEV,,REST,Standard,,1
2026,09,16,EBRO,S700,17,Girona,Private,ICE,UKL2,REST,Standard,SAV,1
2026,09,16,EBRO,S700,17,Girona,Private,PHEV,UKL2,REST,Standard,SAV,1
2026,09,16,GWM,ORA 5 SUV,17,Girona,Private,ICE,UKL2,REST,Standard,SAV,1
2026,09,16,HYUNDAI,I20,17,Girona,Private,ICE,UKL1,REST,Standard,HACH 5P,3
2026,09,16,HYUNDAI,KONA,17,Girona,Corporate,BEV,UKL1,REST,Standard,SAV,1
2026,09,16,HYUNDAI,KONA,17,Girona,Private,ICE,UKL1,REST,Standard,SAV,1
2026,09,16,KIA,EV2,17,Girona,Private,BEV,UKL1,REST,Standard,SAV,1
2026,09,16,MERCEDES,CLASE GLC,17,Girona,Corporate,PHEV,KKL,FOCUS SEGMENT,Standard,SAV,1
2026,09,16,MG,ZS,17,Girona,Private,ICE,UKL1,REST,Standard,SAV,1
2026,09,16,NISSAN,QASHQAI,17,Girona,Corporate,ICE,UKL2,REST,Standard,SAT,1
2026,09,16,NISSAN,QASHQAI,17,Girona,Private,ICE,UKL2,REST,Standard,SAT,1
2026,09,16,RENAULT,5,17,Girona,Private,BEV,UKL1,REST,Standard,HACH 5P,1
2026,09,16,RENAULT,AUSTRAL,17,Girona,Private,ICE,UKL2,REST,Standard,SAV,1
2026,09,16,RENAULT,CAPTUR,17,Girona,Private,ICE,UKL1,REST,Standard,SAV,1
2026,09,16,TESLA,MODEL 3,17,Girona,Private,BEV,KKL,FOCUS SEGMENT,Standard,SEDAN,1
2026,09,16,TESLA,MODEL Y,17,Girona,Private,BEV,KKL,FOCUS SEGMENT,Standard,SAT,2
2026,09,16,TOYOTA,BZ4X,17,Girona,Private,BEV,UKL2,REST,Standard,SAV,1
2026,09,16,TOYOTA,C-HR,17,Girona,Private,ICE,UKL1,REST,Standard,SAV,1
2026,09,16,TOYOTA,RAV 4,17,Girona,Private,PHEV,UKL2,REST,Standard,SAV,1
2026,09,16,TOYOTA,YARIS,17,Girona,Corporate,ICE,UKL1,REST,Standard,HACH 5P,1
2026,09,16,TOYOTA,YARIS CROSS,17,Girona,Private,ICE,UKL1,REST,Standard,SAV,1
2026,09,16,VOLKSWAGEN,ID. POLO 155KW,17,Girona,Corporate,BEV,UKL1,REST,Standard,HACH 5P,2
2026,09,16,VOLVO,EX30,17,Girona,Private,BEV,UKL1,FOCUS SEGMENT,Standard,SAV,1
2026,09,16,ALPINE,A290,18,Granada,Private,BEV,UKL1,REST,Standard,HACH 5P,2
2026,09,16,AUDI,A3,18,Granada,Private,PHEV,UKL2,FOCUS SEGMENT,Standard,HACH 5P,1
2026,09,16,AUDI,Q3 SPORTBACK,18,Granada,Private,ICE,UKL2,FOCUS SEGMENT,Standard,SAV,1
2026,09,16,BYD,ATTO 2,18,Granada,Private,BEV,UKL1,REST,Standard,SAV,2
2026,09,16,BYD,ATTO 2,18,Granada,Private,PHEV,UKL1,REST,Standard,SAV,1
2026,09,16,BYD,DOLPHIN SURF,18,Granada,Private,BEV,UKL0,REST,Standard,HACH 5P,1
2026,09,16,BYD,SEAL U,18,Granada,Private,PHEV,KKL,REST,Standard,SAV,1
2026,09,16,CHANGAN,DEEPAL S05,18,Granada,Private,PHEV,UKL2,REST,Standard,HACH 5P,1
2026,09,16,CITROEN,BERLINGO,18,Granada,Private,ICE,SKL,REST,Standard,TRANSPORTER,2
2026,09,16,CUPRA,CUPRA LEON,18,Granada,Private,ICE,UKL2,REST,Standard,HACH 5P,1
2026,09,16,CUPRA,TERRAMAR,18,Granada,Private,PHEV,UKL2,REST,Standard,SAT,1
2026,09,16,DACIA,BIGSTER,18,Granada,Private,ICE,UKL2,REST,Standard,SAV,1
2026,09,16,DACIA,SANDERO,18,Granada,Private,ICE,UKL1,REST,Standard,HACH 5P,2
2026,09,16,GEELY,STARRAY,18,Granada,Private,PHEV,UKL2,REST,Standard,HACH 5P,1
2026,09,16,HYUNDAI,I20,18,Granada,Private,ICE,UKL1,REST,Standard,HACH 5P,2
2026,09,16,HYUNDAI,TUCSON,18,Granada,Private,PHEV,UKL2,REST,Standard,SAV,1
2026,09,16,JAECOO,JAECOO 5,18,Granada,Private,ICE,UKL1,REST,Standard,SAV,1
2026,09,16,KIA,EV2,18,Granada,Private,BEV,UKL1,REST,Standard,SAV,1
2026,09,16,KIA,EV3,18,Granada,Private,BEV,UKL1,REST,Standard,SAV,1
2026,09,16,KIA,XCEED,18,Granada,Private,ICE,UKL2,REST,Standard,HACH 5P,1
2026,09,16,LEXUS,NX,18,Granada,Private,PHEV,KKL,FOCUS SEGMENT,Standard,SAV,2
2026,09,16,MAZDA,6E,18,Granada,Private,BEV,MKL,REST,Standard,SEDAN,1
2026,09,16,MERCEDES-V,VITO,18,Granada,Corporate,ICE,SKL,REST,Standard,TRANSPORTER,1
2026,09,16,MG,HS,18,Granada,Private,ICE,KKL,REST,Standard,SAV,1
2026,09,16,MG,HS,18,Granada,Private,PHEV,KKL,REST,Standard,SAV,1
2026,09,16,MG,ZS,18,Granada,Private,ICE,UKL1,REST,Standard,SAV,1
2026,09,16,OMODA,OMODA 5,18,Granada,Private,ICE,UKL2,REST,Standard,SAV,1
2026,09,16,OPEL,COMBO,18,Granada,Private,ICE,SKL,REST,Standard,TRANSPORTER,1
2026,09,16,PEUGEOT,2008,18,Granada,Private,ICE,UKL1,REST,Standard,SAV,1
2026,09,16,PEUGEOT,208,18,Granada,Private,ICE,UKL1,REST,Standard,HACH 5P,2
2026,09,16,PEUGEOT,308,18,Granada,Private,BEV,UKL2,REST,Standard,HACH 5P,1
2026,09,16,RENAULT,TWINGO,18,Granada,Private,BEV,UKL0,REST,Standard,HACH 5P,3
2026,09,16,SEAT,ARONA,18,Granada,Private,ICE,UKL1,REST,Standard,SAV,1
2026,09,16,SEAT,IBIZA,18,Granada,Corporate,ICE,UKL1,REST,Standard,HACH 5P,1
2026,09,16,SEAT,IBIZA,18,Granada,Private,ICE,UKL1,REST,Standard,HACH 5P,1
2026,09,16,TESLA,MODEL 3,18,Granada,Private,BEV,KKL,FOCUS SEGMENT,Standard,SEDAN,2
2026,09,16,TESLA,MODEL Y,18,Granada,Private,BEV,KKL,FOCUS SEGMENT,Standard,SAT,3
2026,09,16,TOYOTA,C-HR,18,Granada,Private,BEV,UKL1,REST,Standard,SAV,1
2026,09,16,TOYOTA,HI LUX,18,Granada,Private,ICE,SKL,REST,Standard,PICKUP,1
2026,09,16,TOYOTA,PROACE CITY,18,Granada,Private,ICE,SKL,REST,Standard,TRANSPORTER,1
2026,09,16,TOYOTA,YARIS,18,Granada,Private,ICE,UKL1,REST,Standard,HACH 5P,1
2026,09,16,TOYOTA,YARIS CROSS,18,Granada,Private,ICE,UKL1,REST,Standard,SAV,2
2026,09,16,VOLVO,XC40,18,Granada,Private,ICE,UKL2,FOCUS SEGMENT,Standard,SAV,1
2026,09,16,XPENG,G6,18,Granada,Private,BEV,KKL,FOCUS SEGMENT,Standard,SAV,1
2026,09,16,ZEEKR,7GT,18,Granada,Private,BEV,KKL,FOCUS SEGMENT,Standard,SEDAN,1
2026,09,16,BYD,ATTO 2,19,Guadalajara,Private,BEV,UKL1,REST,Standard,SAV,1
2026,09,16,CHANGAN,DEEPAL S05,19,Guadalajara,Private,PHEV,UKL2,REST,Standard,HACH 5P,1
2026,09,16,CITROEN,C3,19,Guadalajara,Private,ICE,UKL1,REST,Standard,HACH 5P,1
2026,09,16,DACIA,DUSTER,19,Guadalajara,Corporate,ICE,SKL,REST,Standard,PICKUP,1
2026,09,16,DACIA,DUSTER,19,Guadalajara,Private,ICE,SKL,REST,Standard,PICKUP,1
2026,09,16,FOTON MOTORS,TUNLAND,19,Guadalajara,Private,ICE,SKL,REST,Standard,PICKUP,1
2026,09,16,JAECOO,JAECOO 8,19,Guadalajara,Corporate,PHEV,KKL,REST,Standard,SAV,1
2026,09,16,KIA,EV3,19,Guadalajara,Private,BEV,UKL1,REST,Standard,SAV,1
2026,09,16,LEAPMOTOR,B05,19,Guadalajara,Private,BEV,UKL1,REST,Standard,HACH 5P,1
2026,09,16,SKODA,ENYAQ,19,Guadalajara,Private,BEV,UKL2,REST,Standard,SAV,1
2026,09,16,SUZUKI,SWIFT,19,Guadalajara,Private,ICE,UKL1,REST,Standard,HACH 5P,1
2026,09,16,SUZUKI,SX4,19,Guadalajara,Private,ICE,UKL1,REST,Standard,SAV,1
2026,09,16,TESLA,MODEL 3,19,Guadalajara,Private,BEV,KKL,FOCUS SEGMENT,Standard,SEDAN,2
2026,09,16,TESLA,MODEL Y,19,Guadalajara,Private,BEV,KKL,FOCUS SEGMENT,Standard,SAT,2
2026,09,16,TOYOTA,C-HR,19,Guadalajara,Private,PHEV,UKL1,REST,Standard,SAV,1
2026,09,16,BYD,ATTO 2,20,Gipuzkoa,Private,PHEV,UKL1,REST,Standard,SAV,1
2026,09,16,DACIA,DUSTER,20,Gipuzkoa,Private,ICE,SKL,REST,Standard,PICKUP,1
2026,09,16,DACIA,SANDERO,20,Gipuzkoa,Private,ICE,UKL1,REST,Standard,HACH 5P,1
2026,09,16,EBRO,S400,20,Gipuzkoa,Private,ICE,UKL2,REST,Standard,SAV,1
2026,09,16,FORD,PUMA,20,Gipuzkoa,Private,ICE,UKL1,REST,Standard,SAV,1
2026,09,16,FORD,TRANSIT,20,Gipuzkoa,Private,ICE,SKL,REST,Standard,TRANSPORTER,1
2026,09,16,HYUNDAI,TUCSON,20,Gipuzkoa,Private,ICE,UKL2,REST,Standard,SAV,1
2026,09,16,KIA,STONIC,20,Gipuzkoa,Private,ICE,UKL1,REST,Standard,SAV,1
2026,09,16,LEAPMOTOR,T03,20,Gipuzkoa,Private,BEV,UKL0,REST,Standard,HACH 5P,1
2026,09,16,LEXUS,UX,20,Gipuzkoa,Corporate,ICE,UKL2,FOCUS SEGMENT,Standard,SAV,1
2026,09,16,MERCEDES,CLASE CLA,20,Gipuzkoa,Corporate,BEV,UKL2,FOCUS SEGMENT,Standard,SEDAN,1
2026,09,16,MERCEDES,CLASE T,20,Gipuzkoa,Corporate,ICE,SKL,REST,Standard,TRANSPORTER,1
2026,09,16,OPEL,VIVARO,20,Gipuzkoa,Private,ICE,SKL,REST,Standard,TRANSPORTER,1
2026,09,16,RENAULT,CLIO,20,Gipuzkoa,Private,ICE,UKL1,REST,Standard,HACH 5P,1
2026,09,16,SEAT,ATECA,20,Gipuzkoa,Private,ICE,UKL2,REST,Standard,SAT,1
2026,09,16,SUZUKI,VITARA,20,Gipuzkoa,Private,ICE,UKL2,REST,Standard,SUV,1
2026,09,16,TESLA,MODEL 3,20,Gipuzkoa,Private,BEV,KKL,FOCUS SEGMENT,Standard,SEDAN,2
2026,09,16,TESLA,MODEL Y,20,Gipuzkoa,Private,BEV,KKL,FOCUS SEGMENT,Standard,SAT,1
2026,09,16,TOYOTA,COROLLA,20,Gipuzkoa,Private,ICE,UKL2,REST,Standard,HACH 5P,3
2026,09,16,TOYOTA,RAV 4,20,Gipuzkoa,Private,PHEV,UKL2,REST,Standard,SAV,1
2026,09,16,TOYOTA,YARIS CROSS,20,Gipuzkoa,Corporate,ICE,UKL1,REST,Standard,SAV,1
2026,09,16,VOLKSWAGEN,CRAFTER,20,Gipuzkoa,Private,ICE,SKL,REST,Standard,TRANSPORTER,1
2026,09,16,VOLKSWAGEN,GOLF,20,Gipuzkoa,Private,PHEV,UKL2,REST,Standard,HACH 5P,1
2026,09,16,VOLKSWAGEN,TRANSPORTER,20,Gipuzkoa,Corporate,ICE,SKL,REST,Standard,TRANSPORTER,1
2026,09,16,VOLVO,XC40,20,Gipuzkoa,Private,ICE,UKL2,FOCUS SEGMENT,Standard,SAV,1
2026,09,16,AION,UT,21,Huelva,Corporate,BEV,UKL1,REST,Standard,HACH 5P,1
2026,09,16,AION,V,21,Huelva,Corporate,BEV,UKL2,REST,Standard,SAV,1
2026,09,16,BYD,SEAL U,21,Huelva,Private,PHEV,KKL,REST,Standard,SAV,1
2026,09,16,CITROEN,C3,21,Huelva,Private,ICE,UKL1,REST,Standard,HACH 5P,1
2026,09,16,CITROEN,C3 AIRCROSS,21,Huelva,Private,ICE,UKL2,REST,Standard,SAV,1
2026,09,16,DACIA,DUSTER,21,Huelva,Private,ICE,SKL,REST,Standard,PICKUP,2
2026,09,16,FIAT,PANDA,21,Huelva,Corporate,ICE,UKL0,REST,Standard,HACH 5P,1
2026,09,16,FORD,PUMA,21,Huelva,Private,ICE,UKL1,REST,Standard,SAV,1
2026,09,16,FORD,TRANSIT CUSTOM,21,Huelva,Private,BEV,SKL,REST,Standard,TRANSPORTER,1
2026,09,16,KIA,SPORTAGE,21,Huelva,Private,ICE,UKL2,REST,Standard,SAV,1
2026,09,16,MAN,TGE,21,Huelva,Private,ICE,SKL,REST,Standard,TRANSPORTER,1
2026,09,16,MG,ZS,21,Huelva,Private,ICE,UKL1,REST,Standard,SAV,1
2026,09,16,RENAULT,CAPTUR,21,Huelva,Private,ICE,UKL1,REST,Standard,SAV,1
2026,09,16,TESLA,MODEL 3,21,Huelva,Private,BEV,KKL,FOCUS SEGMENT,Standard,SEDAN,1
2026,09,16,TOYOTA,COROLLA,21,Huelva,Private,ICE,UKL2,REST,Standard,HACH 5P,1
2026,09,16,VOLKSWAGEN,CADDY,21,Huelva,Private,ICE,SKL,REST,Standard,TRANSPORTER,1
2026,09,16,BYD,DOLPHIN SURF,22,Huesca,Private,BEV,UKL0,REST,Standard,HACH 5P,1
2026,09,16,CUPRA,TERRAMAR,22,Huesca,Corporate,PHEV,UKL2,REST,Standard,SAT,1
2026,09,16,DACIA,SANDERO,22,Huesca,Private,ICE,UKL1,REST,Standard,HACH 5P,2
2026,09,16,EBRO,S700,22,Huesca,Private,ICE,UKL2,REST,Standard,SAV,1
2026,09,16,EBRO,S700,22,Huesca,Private,PHEV,UKL2,REST,Standard,SAV,1
2026,09,16,HYUNDAI,KONA,22,Huesca,Private,ICE,UKL1,REST,Standard,SAV,1
2026,09,16,KIA,SPORTAGE,22,Huesca,Private,ICE,UKL2,REST,Standard,SAV,1
2026,09,16,LEAPMOTOR,B05,22,Huesca,Private,BEV,UKL1,REST,Standard,HACH 5P,1
2026,09,16,MG,ZS,22,Huesca,Private,ICE,UKL1,REST,Standard,SAV,1
2026,09,16,NISSAN,QASHQAI,22,Huesca,Private,ICE,UKL2,REST,Standard,SAT,1
2026,09,16,OMODA,OMODA 9,22,Huesca,Private,PHEV,KKL,REST,Standard,SAV,1
2026,09,16,RENAULT,TRAFIC,22,Huesca,Private,ICE,SKL,REST,Standard,TRANSPORTER,1
2026,09,16,SKODA,FABIA,22,Huesca,Private,ICE,UKL1,REST,Standard,HACH 5P,1
2026,09,16,TOYOTA,COROLLA,22,Huesca,Private,ICE,UKL2,REST,Standard,HACH 5P,1
2026,09,16,VOLKSWAGEN,PASSAT,22,Huesca,Corporate,PHEV,KKL,REST,Standard,ESTATE,1
2026,09,16,VOLKSWAGEN,TAIGO,22,Huesca,Private,ICE,UKL1,REST,Standard,SAV,1
2026,09,16,ALPINE,A290,23,Jaén,Private,BEV,UKL1,REST,Standard,HACH 5P,1
2026,09,16,AUDI,Q2,23,Jaén,Private,ICE,UKL2,FOCUS SEGMENT,Standard,SAV,1
2026,09,16,BMW,X3,23,Jaén,Private,ICE,KKL,FOCUS SEGMENT,Standard,SAV,1
2026,09,16,BMW,iX3,23,Jaén,Corporate,BEV,KKL,FOCUS SEGMENT,Standard,SAV,1
2026,09,16,BYD,ATTO 2,23,Jaén,Private,PHEV,UKL1,REST,Standard,SAV,1
2026,09,16,BYD,DOLPHIN SURF,23,Jaén,Private,BEV,UKL0,REST,Standard,HACH 5P,1
2026,09,16,BYD,SEAL,23,Jaén,Private,BEV,KKL,REST,Standard,SEDAN,1
2026,09,16,DACIA,DUSTER,23,Jaén,Private,ICE,SKL,REST,Standard,PICKUP,3
2026,09,16,DACIA,JOGGER,23,Jaén,Private,ICE,UKL2,REST,Standard,MPV,2
2026,09,16,FORD,RANGER,23,Jaén,Private,PHEV,SKL,REST,Standard,PICKUP,1
2026,09,16,KIA,SELTOS,23,Jaén,Private,ICE,UKL2,REST,Standard,SAV,1
2026,09,16,KIA,SPORTAGE,23,Jaén,Private,ICE,UKL2,REST,Standard,SAV,1
2026,09,16,LEAPMOTOR,C10,23,Jaén,Corporate,BEV,MKL,REST,Standard,SAV,1
2026,09,16,MERCEDES,CLASE E,23,Jaén,Private,ICE,MKL,FOCUS SEGMENT,Standard,ESTATE,1
2026,09,16,NISSAN,QASHQAI,23,Jaén,Private,ICE,UKL2,REST,Standard,SAT,1
2026,09,16,OPEL,FRONTERA,23,Jaén,Private,BEV,KKL,REST,Standard,SUV,1
2026,09,16,PEUGEOT,3008,23,Jaén,Private,ICE,UKL2,REST,Standard,SAT,1
2026,09,16,RENAULT,RAFALE,23,Jaén,Private,ICE,UKL2,REST,Standard,SAV,1
2026,09,16,RENAULT,TRAFIC,23,Jaén,RAC,ICE,SKL,REST,Standard,TRANSPORTER,1
2026,09,16,TESLA,MODEL 3,23,Jaén,Corporate,BEV,KKL,FOCUS SEGMENT,Standard,SEDAN,1
2026,09,16,VOLKSWAGEN,TAYRON,23,Jaén,Private,ICE,UKL2,REST,Standard,SAV,1
2026,09,16,VOLKSWAGEN,TIGUAN,23,Jaén,Private,ICE,UKL2,REST,Standard,SAV,1
2026,09,16,DACIA,SANDERO,24,León,Private,ICE,UKL1,REST,Standard,HACH 5P,2
2026,09,16,EBRO,S700,24,León,Private,ICE,UKL2,REST,Standard,SAV,1
2026,09,16,ISUZU,D-MAX,24,León,Private,ICE,SKL,REST,Standard,PICKUP,1
2026,09,16,KIA,NIRO,24,León,Private,ICE,UKL2,REST,Standard,SAV,1
2026,09,16,MERCEDES,CLASE S,24,León,Corporate,ICE,GKL,FOCUS SEGMENT,Standard,SEDAN,1
2026,09,16,RENAULT,AUSTRAL,24,León,Private,ICE,UKL2,REST,Standard,SAV,1
2026,09,16,SEAT,IBIZA,24,León,Private,ICE,UKL1,REST,Standard,HACH 5P,1
2026,09,16,TOYOTA,C-HR,24,León,Private,ICE,UKL1,REST,Standard,SAV,1
2026,09,16,TOYOTA,COROLLA,24,León,Private,ICE,UKL2,REST,Standard,HACH 5P,1
2026,09,16,TOYOTA,RAV 4,24,León,Private,PHEV,UKL2,REST,Standard,SAV,1
2026,09,16,TOYOTA,YARIS,24,León,Private,ICE,UKL1,REST,Standard,HACH 5P,1
2026,09,16,TOYOTA,YARIS CROSS,24,León,Private,ICE,UKL1,REST,Standard,SAV,1
2026,09,16,AUDI,Q5,25,Lleida,Private,ICE,KKL,FOCUS SEGMENT,Standard,SAV,1
2026,09,16,DACIA,SANDERO,25,Lleida,Private,ICE,UKL1,REST,Standard,HACH 5P,1
2026,09,16,EBRO,S400,25,Lleida,Private,ICE,UKL2,REST,Standard,SAV,1
2026,09,16,FORD,KUGA,25,Lleida,Private,ICE,UKL2,REST,Standard,SAV,1
2026,09,16,GEELY,GEELY E2,25,Lleida,Private,BEV,,REST,Standard,,1
2026,09,16,LEAPMOTOR,B05,25,Lleida,Private,BEV,UKL1,REST,Standard,HACH 5P,1
2026,09,16,LEAPMOTOR,B10,25,Lleida,Corporate,BEV,UKL2,REST,Standard,SAV,1
2026,09,16,LEAPMOTOR,B10,25,Lleida,Private,BEV,UKL2,REST,Standard,SAV,1
2026,09,16,LEXUS,NX,25,Lleida,Private,PHEV,KKL,FOCUS SEGMENT,Standard,SAV,1
2026,09,16,MERCEDES,CLASE CLA,25,Lleida,Corporate,BEV,UKL2,FOCUS SEGMENT,Standard,SEDAN,1
2026,09,16,OMODA,OMODA 7,25,Lleida,Private,PHEV,KKL,REST,Standard,SAV,1
2026,09,16,OPEL,COMBO,25,Lleida,Private,ICE,SKL,REST,Standard,TRANSPORTER,1
2026,09,16,OPEL,GRANDLAND X,25,Lleida,Private,ICE,UKL2,REST,Standard,SAV,1
2026,09,16,PEUGEOT,BOXER,25,Lleida,Private,ICE,SKL,REST,Standard,TRANSPORTER,1
2026,09,16,RENAULT,CAPTUR,25,Lleida,Private,ICE,UKL1,REST,Standard,SAV,1
2026,09,16,RENAULT,CLIO,25,Lleida,Private,ICE,UKL1,REST,Standard,HACH 5P,1
2026,09,16,SEAT,ATECA,25,Lleida,Private,ICE,UKL2,REST,Standard,SAT,1
2026,09,16,SKODA,KAMIQ,25,Lleida,Private,ICE,UKL1,REST,Standard,SAV,1
2026,09,16,TESLA,MODEL 3,25,Lleida,Corporate,BEV,KKL,FOCUS SEGMENT,Standard,SEDAN,1
2026,09,16,TESLA,MODEL Y,25,Lleida,Private,BEV,KKL,FOCUS SEGMENT,Standard,SAT,1
2026,09,16,TOYOTA,C-HR,25,Lleida,Private,PHEV,UKL1,REST,Standard,SAV,1
2026,09,16,TOYOTA,COROLLA,25,Lleida,Private,ICE,UKL2,REST,Standard,HACH 5P,1
2026,09,16,TOYOTA,HI LUX,25,Lleida,Private,ICE,SKL,REST,Standard,PICKUP,1
2026,09,16,TOYOTA,YARIS,25,Lleida,Private,ICE,UKL1,REST,Standard,HACH 5P,1
2026,09,16,VOLKSWAGEN,GOLF,25,Lleida,Corporate,ICE,UKL2,REST,Standard,HACH 5P,1
2026,09,16,VOLKSWAGEN,ID. POLO 155KW,25,Lleida,Corporate,BEV,UKL1,REST,Standard,HACH 5P,1
2026,09,16,VOLKSWAGEN,T-ROC,25,Lleida,Private,ICE,UKL2,REST,Standard,SAV,1
2026,09,16,VOLVO,EX30,25,Lleida,Private,BEV,UKL1,FOCUS SEGMENT,Standard,SAV,1
2026,09,16,CITROEN,BERLINGO,26,La Rioja,Private,ICE,SKL,REST,Standard,TRANSPORTER,1
2026,09,16,CITROEN,C3,26,La Rioja,Private,BEV,UKL1,REST,Standard,HACH 5P,1
2026,09,16,CITROEN,JUMPER,26,La Rioja,Private,ICE,SKL,REST,Standard,TRANSPORTER,1
2026,09,16,EBRO,S700,26,La Rioja,Private,PHEV,UKL2,REST,Standard,SAV,1
2026,09,16,FIAT,500,26,La Rioja,Private,BEV,UKL0,REST,Standard,HACH 3P,1
2026,09,16,KIA,XCEED,26,La Rioja,Private,ICE,UKL2,REST,Standard,HACH 5P,1
2026,09,16,LEXUS,NX,26,La Rioja,Private,PHEV,KKL,FOCUS SEGMENT,Standard,SAV,1
2026,09,16,OMODA,OMODA 5,26,La Rioja,Corporate,ICE,UKL2,REST,Standard,SAV,1
2026,09,16,PEUGEOT,3008,26,La Rioja,Corporate,ICE,UKL2,REST,Standard,SAT,1
2026,09,16,SEAT,LEON,26,La Rioja,Private,ICE,UKL2,REST,Standard,HACH 5P,1
2026,09,16,SKODA,KODIAQ,26,La Rioja,Private,ICE,KKL,REST,Standard,SAV,2
2026,09,16,TESLA,MODEL 3,26,La Rioja,Corporate,BEV,KKL,FOCUS SEGMENT,Standard,SEDAN,1
2026,09,16,TESLA,MODEL 3,26,La Rioja,Private,BEV,KKL,FOCUS SEGMENT,Standard,SEDAN,2
2026,09,16,TESLA,MODEL Y,26,La Rioja,Private,BEV,KKL,FOCUS SEGMENT,Standard,SAT,1
2026,09,16,TOYOTA,C-HR,26,La Rioja,Private,BEV,UKL1,REST,Standard,SAV,1
2026,09,16,TOYOTA,COROLLA,26,La Rioja,Corporate,ICE,UKL2,REST,Standard,HACH 5P,1
2026,09,16,VOLKSWAGEN,ID. POLO 155KW,26,La Rioja,Corporate,BEV,UKL1,REST,Standard,HACH 5P,1
2026,09,16,AUDI,Q2,27,Lugo,Private,ICE,UKL2,FOCUS SEGMENT,Standard,SAV,1
2026,09,16,LEAPMOTOR,B05,27,Lugo,Corporate,BEV,UKL1,REST,Standard,HACH 5P,1
2026,09,16,LEAPMOTOR,B05,27,Lugo,Private,BEV,UKL1,REST,Standard,HACH 5P,1
2026,09,16,MAXUS,T60,27,Lugo,Private,ICE,SKL,REST,Standard,PICKUP,1
2026,09,16,NISSAN,QASHQAI,27,Lugo,Private,ICE,UKL2,REST,Standard,SAT,1
2026,09,16,SEAT,ARONA,27,Lugo,Private,ICE,UKL1,REST,Standard,SAV,1
2026,09,16,TESLA,MODEL 3,27,Lugo,Corporate,BEV,KKL,FOCUS SEGMENT,Standard,SEDAN,1
2026,09,16,TESLA,MODEL 3,27,Lugo,Private,BEV,KKL,FOCUS SEGMENT,Standard,SEDAN,2
2026,09,16,TESLA,MODEL Y,27,Lugo,Private,BEV,KKL,FOCUS SEGMENT,Standard,SAT,1
2026,09,16,ALFA ROMEO,JUNIOR,28,Madrid,Corporate,ICE,UKL1,REST,Standard,SAV,3
2026,09,16,ALPINE,A290,28,Madrid,Corporate,BEV,UKL1,REST,Standard,HACH 5P,1
2026,09,16,AUDI,A1,28,Madrid,Corporate,ICE,UKL1,FOCUS SEGMENT,Standard,HACH 5P,1
2026,09,16,AUDI,A3,28,Madrid,Corporate,ICE,UKL2,FOCUS SEGMENT,Standard,HACH 5P,4
2026,09,16,AUDI,A3,28,Madrid,Corporate,PHEV,UKL2,FOCUS SEGMENT,Standard,HACH 5P,1
2026,09,16,AUDI,A3,28,Madrid,Private,ICE,UKL2,FOCUS SEGMENT,Standard,HACH 5P,3
2026,09,16,AUDI,A3,28,Madrid,Private,PHEV,UKL2,FOCUS SEGMENT,Standard,HACH 5P,2
2026,09,16,AUDI,A3,28,Madrid,RAC,ICE,UKL2,FOCUS SEGMENT,Standard,HACH 5P,3
2026,09,16,AUDI,A5,28,Madrid,Corporate,ICE,KKL,FOCUS SEGMENT,Standard,SEDAN,3
2026,09,16,AUDI,A5,28,Madrid,Corporate,PHEV,KKL,FOCUS SEGMENT,Standard,SEDAN,2
2026,09,16,AUDI,A5,28,Madrid,Private,PHEV,KKL,FOCUS SEGMENT,M,SEDAN,1
2026,09,16,AUDI,A5,28,Madrid,Private,PHEV,KKL,FOCUS SEGMENT,Standard,SEDAN,2
2026,09,16,AUDI,Q2,28,Madrid,Corporate,ICE,UKL2,FOCUS SEGMENT,Standard,SAV,2
2026,09,16,AUDI,Q2,28,Madrid,Private,ICE,UKL2,FOCUS SEGMENT,Standard,SAV,1
2026,09,16,AUDI,Q3,28,Madrid,Corporate,ICE,UKL2,FOCUS SEGMENT,Standard,SAV,3
2026,09,16,AUDI,Q3,28,Madrid,Corporate,PHEV,UKL2,FOCUS SEGMENT,Standard,SAV,3
2026,09,16,AUDI,Q3 SPORTBACK,28,Madrid,Corporate,ICE,UKL2,FOCUS SEGMENT,Standard,SAV,3
2026,09,16,AUDI,Q3 SPORTBACK,28,Madrid,Corporate,PHEV,UKL2,FOCUS SEGMENT,Standard,SAV,9
2026,09,16,AUDI,Q5,28,Madrid,Corporate,ICE,KKL,FOCUS SEGMENT,Standard,SAV,3
2026,09,16,AUDI,Q5,28,Madrid,Private,PHEV,KKL,FOCUS SEGMENT,Standard,SAV,1
2026,09,16,AUDI,Q5 SPORTBACK,28,Madrid,Corporate,ICE,KKL,FOCUS SEGMENT,M Performance,SAV,1
2026,09,16,AUDI,Q5 SPORTBACK,28,Madrid,Corporate,ICE,KKL,FOCUS SEGMENT,Standard,SAV,1
2026,09,16,AUDI,Q5 SPORTBACK,28,Madrid,Corporate,PHEV,KKL,FOCUS SEGMENT,Standard,SAV,1
2026,09,16,AUDI,Q5 SPORTBACK,28,Madrid,RAC,ICE,KKL,FOCUS SEGMENT,Standard,SAV,2
2026,09,16,AUDI,Q5 SPORTBACK,28,Madrid,RAC,PHEV,KKL,FOCUS SEGMENT,Standard,SAV,2
2026,09,16,BMW,SERIE 1,28,Madrid,Corporate,ICE,UKL2,FOCUS SEGMENT,Standard,HACH 5P,2
2026,09,16,BMW,SERIE 1,28,Madrid,Private,ICE,UKL2,FOCUS SEGMENT,Standard,HACH 5P,2
2026,09,16,BMW,SERIE 2,28,Madrid,Corporate,ICE,UKL2,FOCUS SEGMENT,Standard,MPV,2
2026,09,16,BMW,SERIE 4,28,Madrid,Corporate,ICE,KKL,FOCUS SEGMENT,Standard,CABRIO,2
2026,09,16,BMW,SERIE 4,28,Madrid,Private,ICE,KKL,FOCUS SEGMENT,Standard,CABRIO,1
2026,09,16,BMW,SERIE 5,28,Madrid,Corporate,ICE,MKL,FOCUS SEGMENT,Standard,ESTATE,1
2026,09,16,BMW,SERIE 5,28,Madrid,Corporate,PHEV,MKL,FOCUS SEGMENT,Standard,ESTATE,1
2026,09,16,BMW,SERIE 7,28,Madrid,Corporate,PHEV,GKL,FOCUS SEGMENT,Standard,SEDAN,1
2026,09,16,BMW,X1,28,Madrid,Corporate,ICE,UKL2,FOCUS SEGMENT,Standard,SAV,11
2026,09,16,BMW,X1,28,Madrid,Corporate,PHEV,UKL2,FOCUS SEGMENT,Standard,SAV,4
2026,09,16,BMW,X1,28,Madrid,Private,PHEV,UKL2,FOCUS SEGMENT,Standard,SAV,2
2026,09,16,BMW,X2,28,Madrid,Private,ICE,UKL2,FOCUS SEGMENT,Standard,SAV,1
2026,09,16,BMW,X3,28,Madrid,Corporate,ICE,KKL,FOCUS SEGMENT,Standard,SAV,2
2026,09,16,BMW,X3,28,Madrid,Corporate,PHEV,KKL,FOCUS SEGMENT,Standard,SAV,1
2026,09,16,BMW,X3,28,Madrid,Private,PHEV,KKL,FOCUS SEGMENT,Standard,SAV,2
2026,09,16,BMW,X3,28,Madrid,RAC,ICE,KKL,FOCUS SEGMENT,Standard,SAV,5
2026,09,16,BMW,X5,28,Madrid,Corporate,ICE,MKL,FOCUS SEGMENT,Standard,SAV,2
2026,09,16,BMW,X6,28,Madrid,Private,ICE,MKL,FOCUS SEGMENT,M,SAV,1
2026,09,16,BMW,iX2,28,Madrid,Private,BEV,UKL2,FOCUS SEGMENT,Standard,SAV,1
2026,09,16,BMW,iX3,28,Madrid,Corporate,BEV,KKL,FOCUS SEGMENT,Standard,SAV,1
2026,09,16,BYD,ATTO 2,28,Madrid,Corporate,PHEV,UKL1,REST,Standard,SAV,5
2026,09,16,BYD,ATTO 2,28,Madrid,Private,BEV,UKL1,REST,Standard,SAV,1
2026,09,16,BYD,ATTO 2,28,Madrid,Private,PHEV,UKL1,REST,Standard,SAV,10
2026,09,16,BYD,BYD DOLPHIN?SURF,28,Madrid,Corporate,BEV,,REST,Standard,,1
2026,09,16,BYD,DOLPHIN,28,Madrid,Private,BEV,UKL1,REST,Standard,HACH 5P,1
2026,09,16,BYD,DOLPHIN G,28,Madrid,Corporate,PHEV,UKL1,REST,Standard,HACH 5P,1
2026,09,16,BYD,DOLPHIN G,28,Madrid,Private,PHEV,UKL1,REST,Standard,HACH 5P,10
2026,09,16,BYD,DOLPHIN SURF,28,Madrid,Corporate,BEV,UKL0,REST,Standard,HACH 5P,2
2026,09,16,BYD,DOLPHIN SURF,28,Madrid,Private,BEV,UKL0,REST,Standard,HACH 5P,8
2026,09,16,BYD,SEAL U,28,Madrid,Private,PHEV,KKL,REST,Standard,SAV,5
2026,09,16,BYD,SEALION 7,28,Madrid,Private,BEV,KKL,REST,Standard,SAV,1
2026,09,16,CHANGAN,DEEPAL S05,28,Madrid,Corporate,PHEV,UKL2,REST,Standard,HACH 5P,1
2026,09,16,CHANGAN,DEEPAL S05,28,Madrid,Private,BEV,UKL2,REST,Standard,HACH 5P,1
2026,09,16,CHANGAN,DEEPAL S05,28,Madrid,Private,PHEV,UKL2,REST,Standard,HACH 5P,1
2026,09,16,CITROEN,BERLINGO,28,Madrid,Corporate,BEV,SKL,REST,Standard,TRANSPORTER,1
2026,09,16,CITROEN,BERLINGO,28,Madrid,Corporate,ICE,SKL,REST,Standard,TRANSPORTER,18
2026,09,16,CITROEN,BERLINGO,28,Madrid,Private,ICE,SKL,REST,Standard,TRANSPORTER,2
2026,09,16,CITROEN,C3,28,Madrid,Private,BEV,UKL1,REST,Standard,HACH 5P,3
2026,09,16,CITROEN,C3 AIRCROSS,28,Madrid,Private,BEV,UKL2,REST,Standard,SAV,5
2026,09,16,CITROEN,C3 AIRCROSS,28,Madrid,Private,ICE,UKL2,REST,Standard,SAV,2
2026,09,16,CITROEN,C4,28,Madrid,Corporate,ICE,UKL2,REST,Standard,HACH 5P,3
2026,09,16,CITROEN,C4,28,Madrid,Private,ICE,UKL2,REST,Standard,HACH 5P,1
2026,09,16,CITROEN,C5 AIRCROSS,28,Madrid,Corporate,PHEV,UKL2,REST,Standard,SAV,1
2026,09,16,CITROEN,C5 AIRCROSS,28,Madrid,Private,ICE,UKL2,REST,Standard,SAV,2
2026,09,16,CITROEN,JUMPER,28,Madrid,Corporate,ICE,SKL,REST,Standard,TRANSPORTER,3
2026,09,16,CITROEN,JUMPER,28,Madrid,Private,ICE,SKL,REST,Standard,TRANSPORTER,1
2026,09,16,CITROEN,JUMPY,28,Madrid,Corporate,ICE,SKL,REST,Standard,TRANSPORTER,3
2026,09,16,COOLGADES,M27,28,Madrid,RAC,ICE,,REST,Standard,,1
2026,09,16,CUPRA,CUPRA LEON,28,Madrid,Corporate,PHEV,UKL2,REST,Standard,HACH 5P,1
2026,09,16,CUPRA,FORMENTOR,28,Madrid,Corporate,ICE,UKL2,REST,Standard,SAT,5
2026,09,16,CUPRA,FORMENTOR,28,Madrid,Private,ICE,UKL2,REST,Standard,SAT,1
2026,09,16,CUPRA,FORMENTOR,28,Madrid,Private,PHEV,UKL2,REST,Standard,SAT,1
2026,09,16,CUPRA,RAVAL,28,Madrid,Private,BEV,UKL1,REST,Standard,HACH 5P,2
2026,09,16,CUPRA,TERRAMAR,28,Madrid,Corporate,ICE,UKL2,REST,Standard,SAT,1
2026,09,16,CUPRA,TERRAMAR,28,Madrid,Private,PHEV,UKL2,REST,Standard,SAT,3
2026,09,16,DACIA,BIGSTER,28,Madrid,Corporate,ICE,UKL2,REST,Standard,SAV,1
2026,09,16,DACIA,BIGSTER,28,Madrid,Private,ICE,UKL2,REST,Standard,SAV,5
2026,09,16,DACIA,DUSTER,28,Madrid,Corporate,ICE,SKL,REST,Standard,PICKUP,6
2026,09,16,DACIA,DUSTER,28,Madrid,Private,ICE,SKL,REST,Standard,PICKUP,5
2026,09,16,DACIA,JOGGER,28,Madrid,Private,ICE,UKL2,REST,Standard,MPV,1
2026,09,16,DACIA,SANDERO,28,Madrid,Corporate,ICE,UKL1,REST,Standard,HACH 5P,3
2026,09,16,DACIA,SANDERO,28,Madrid,Private,ICE,UKL1,REST,Standard,HACH 5P,16
2026,09,16,DACIA,SPRING,28,Madrid,Corporate,BEV,UKL0,REST,Standard,SAV,1
2026,09,16,DS,DS7 CROSSBACK,28,Madrid,Corporate,ICE,UKL2,REST,Standard,SAV,1
2026,09,16,EBRO,S400,28,Madrid,Private,ICE,UKL2,REST,Standard,SAV,7
2026,09,16,EBRO,S700,28,Madrid,Corporate,PHEV,UKL2,REST,Standard,SAV,1
2026,09,16,EBRO,S700,28,Madrid,Private,ICE,UKL2,REST,Standard,SAV,1
2026,09,16,EBRO,S700,28,Madrid,Private,PHEV,UKL2,REST,Standard,SAV,5
2026,09,16,EBRO,S900,28,Madrid,Corporate,PHEV,UKL2,REST,Standard,SAV,1
2026,09,16,EUROCARROCERA,RANGER,28,Madrid,Corporate,ICE,,REST,Standard,,5
2026,09,16,FIAT,500,28,Madrid,Private,BEV,UKL0,REST,Standard,HACH 3P,1
2026,09,16,FIAT,DUCATO,28,Madrid,Corporate,ICE,SKL,REST,Standard,TRANSPORTER,1
2026,09,16,FIAT,PANDA,28,Madrid,Private,ICE,UKL0,REST,Standard,HACH 5P,2
2026,09,16,FORD,BRONCO,28,Madrid,Private,ICE,MKL,REST,Standard,SUV,1
2026,09,16,FORD,KUGA,28,Madrid,Corporate,ICE,UKL2,REST,Standard,SAV,2
2026,09,16,FORD,KUGA,28,Madrid,Corporate,PHEV,UKL2,REST,Standard,SAV,1
2026,09,16,FORD,KUGA,28,Madrid,Private,PHEV,UKL2,REST,Standard,SAV,3
2026,09,16,FORD,PUMA,28,Madrid,Corporate,ICE,UKL1,REST,Standard,SAV,7
2026,09,16,FORD,PUMA,28,Madrid,Private,BEV,UKL1,REST,Standard,SAV,1
2026,09,16,FORD,PUMA,28,Madrid,Private,ICE,UKL1,REST,Standard,SAV,3
2026,09,16,FORD,RANGER,28,Madrid,Corporate,PHEV,SKL,REST,Standard,PICKUP,2
2026,09,16,FORD,TRANSIT,28,Madrid,Corporate,ICE,SKL,REST,Standard,TRANSPORTER,12
2026,09,16,FORD,TRANSIT,28,Madrid,RAC,ICE,SKL,REST,Standard,TRANSPORTER,1
2026,09,16,FORD,TRANSIT CONNECT,28,Madrid,Corporate,PHEV,SKL,REST,Standard,TRANSPORTER,1
2026,09,16,FORD,TRANSIT COURIER,28,Madrid,Corporate,ICE,SKL,REST,Standard,TRANSPORTER,10
2026,09,16,FORD,TRANSIT CUSTOM,28,Madrid,Corporate,PHEV,SKL,REST,Standard,TRANSPORTER,1
2026,09,16,FORD,TRANSIT CUSTOM,28,Madrid,RAC,ICE,SKL,REST,Standard,TRANSPORTER,1
2026,09,16,GEELY,GEELY E2,28,Madrid,Private,BEV,,REST,Standard,,1
2026,09,16,GEELY,STARRAY,28,Madrid,Private,PHEV,UKL2,REST,Standard,HACH 5P,5
2026,09,16,HYUNDAI,I20,28,Madrid,Private,ICE,UKL1,REST,Standard,HACH 5P,3
2026,09,16,HYUNDAI,INSTER,28,Madrid,Corporate,BEV,UKL2,REST,Standard,SAV,1
2026,09,16,HYUNDAI,IONIQ 5,28,Madrid,Corporate,BEV,UKL2,REST,Standard,SAV,1
2026,09,16,HYUNDAI,KONA,28,Madrid,Corporate,ICE,UKL1,REST,Standard,SAV,6
2026,09,16,HYUNDAI,KONA,28,Madrid,Private,BEV,UKL1,REST,Standard,SAV,1
2026,09,16,HYUNDAI,KONA,28,Madrid,Private,ICE,UKL1,REST,Standard,SAV,2
2026,09,16,HYUNDAI,SANTA FE,28,Madrid,Corporate,ICE,MKL,REST,Standard,SAV,1
2026,09,16,HYUNDAI,TUCSON,28,Madrid,Corporate,ICE,UKL2,REST,Standard,SAV,26
2026,09,16,HYUNDAI,TUCSON,28,Madrid,Private,ICE,UKL2,REST,Standard,SAV,2
2026,09,16,HYUNDAI,TUCSON,28,Madrid,Private,PHEV,UKL2,REST,Standard,SAV,3
2026,09,16,IVECO,DAILY,28,Madrid,Corporate,ICE,SKL,REST,Standard,TRANSPORTER,5
2026,09,16,IVECO,DAILY,28,Madrid,RAC,ICE,SKL,REST,Standard,TRANSPORTER,8
2026,09,16,JAECOO,JAECOO 5,28,Madrid,Corporate,ICE,UKL1,REST,Standard,SAV,4
2026,09,16,JAECOO,JAECOO 5,28,Madrid,Private,ICE,UKL1,REST,Standard,SAV,3
2026,09,16,JAECOO,JAECOO 7,28,Madrid,Corporate,ICE,UKL2,REST,Standard,SAV,2
2026,09,16,JAECOO,JAECOO 7,28,Madrid,Private,ICE,UKL2,REST,Standard,SAV,1
2026,09,16,JAECOO,JAECOO 8,28,Madrid,Corporate,PHEV,KKL,REST,Standard,SAV,3
2026,09,16,JEEP,AVENGER,28,Madrid,Corporate,ICE,UKL1,REST,Standard,SAV,3
2026,09,16,JEEP,COMPASS,28,Madrid,Corporate,ICE,UKL2,REST,Standard,SAV,1
2026,09,16,KG MOBILITY,MUSSO,28,Madrid,Corporate,ICE,SKL,REST,Standard,PICKUP,1
2026,09,16,KIA,EV2,28,Madrid,Private,BEV,UKL1,REST,Standard,SAV,1
2026,09,16,KIA,NIRO,28,Madrid,Corporate,ICE,UKL2,REST,Standard,SAV,4
2026,09,16,KIA,NIRO,28,Madrid,Private,ICE,UKL2,REST,Standard,SAV,4
2026,09,16,KIA,PV5,28,Madrid,Corporate,BEV,SKL,REST,Standard,TRANSPORTER,1
2026,09,16,KIA,PV5,28,Madrid,Private,BEV,SKL,REST,Standard,TRANSPORTER,1
2026,09,16,KIA,SPORTAGE,28,Madrid,Corporate,ICE,UKL2,REST,Standard,SAV,11
2026,09,16,KIA,SPORTAGE,28,Madrid,Private,ICE,UKL2,REST,Standard,SAV,7
2026,09,16,KIA,STONIC,28,Madrid,Corporate,ICE,UKL1,REST,Standard,SAV,16
2026,09,16,KIA,XCEED,28,Madrid,Corporate,ICE,UKL2,REST,Standard,HACH 5P,1
2026,09,16,LAND ROVER,RANGE ROVER SPORT,28,Madrid,Corporate,ICE,MKL,FOCUS SEGMENT,Standard,SAV,2
2026,09,16,LAND ROVER,RANGE ROVER SPORT,28,Madrid,Corporate,PHEV,MKL,FOCUS SEGMENT,Standard,SAV,3
2026,09,16,LAND ROVER,RANGE ROVER VELAR,28,Madrid,Corporate,PHEV,MKL,FOCUS SEGMENT,Standard,SAV,3
2026,09,16,LEAPMOTOR,B05,28,Madrid,Private,BEV,UKL1,REST,Standard,HACH 5P,2
2026,09,16,LEAPMOTOR,B10,28,Madrid,Corporate,BEV,UKL2,REST,Standard,SAV,1
2026,09,16,LEAPMOTOR,B10,28,Madrid,Private,BEV,UKL2,REST,Standard,SAV,6
2026,09,16,LEAPMOTOR,C10,28,Madrid,Private,BEV,MKL,REST,Standard,SAV,1
2026,09,16,LEAPMOTOR,T03,28,Madrid,Corporate,BEV,UKL0,REST,Standard,HACH 5P,1
2026,09,16,LEAPMOTOR,T03,28,Madrid,Private,BEV,UKL0,REST,Standard,HACH 5P,3
2026,09,16,LEXUS,NX,28,Madrid,Corporate,ICE,KKL,FOCUS SEGMENT,Standard,SAV,1
2026,09,16,LEXUS,NX,28,Madrid,Corporate,PHEV,KKL,FOCUS SEGMENT,Standard,SAV,1
2026,09,16,LEXUS,NX,28,Madrid,Private,ICE,KKL,FOCUS SEGMENT,Standard,SAV,1
2026,09,16,LEXUS,NX,28,Madrid,Private,PHEV,KKL,FOCUS SEGMENT,Standard,SAV,2
2026,09,16,LEXUS,RX,28,Madrid,Corporate,PHEV,MKL,FOCUS SEGMENT,Standard,SAV,1
2026,09,16,LEXUS,RX,28,Madrid,Private,PHEV,MKL,FOCUS SEGMENT,Standard,SAV,1
2026,09,16,LEXUS,RZ,28,Madrid,Private,BEV,KKL,FOCUS SEGMENT,Standard,SAT,1
2026,09,16,LEXUS,UX,28,Madrid,Private,ICE,UKL2,FOCUS SEGMENT,Standard,SAV,2
2026,09,16,LYNK & CO,LYNK&CO 01,28,Madrid,Corporate,PHEV,UKL2,REST,Standard,SAV,1
2026,09,16,LYNK & CO,LYNK&CO 08,28,Madrid,Corporate,PHEV,UKL2,REST,Standard,SAV,6
2026,09,16,LYNK & CO,LYNK&CO 08,28,Madrid,Private,PHEV,UKL2,REST,Standard,SAV,1
2026,09,16,MAZDA,6E,28,Madrid,Private,BEV,MKL,REST,Standard,SEDAN,6
2026,09,16,MAZDA,CX30,28,Madrid,Corporate,ICE,UKL2,REST,Standard,SAV,12
2026,09,16,MAZDA,CX30,28,Madrid,Private,ICE,UKL2,REST,Standard,SAV,4
2026,09,16,MAZDA,CX5,28,Madrid,Corporate,ICE,UKL2,REST,Standard,SAV,3
2026,09,16,MAZDA,CX5,28,Madrid,Private,ICE,UKL2,REST,Standard,SAV,6
2026,09,16,MAZDA,CX60,28,Madrid,Corporate,ICE,KKL,REST,Standard,SAV,1
2026,09,16,MAZDA,CX60,28,Madrid,Private,PHEV,KKL,REST,Standard,SAV,1
2026,09,16,MAZDA,MAZDA 3,28,Madrid,Corporate,ICE,UKL2,REST,Standard,SEDAN,2
2026,09,16,MAZDA,MAZDA 3,28,Madrid,Private,ICE,UKL2,REST,Standard,SEDAN,5
2026,09,16,MERCEDES,CITAN,28,Madrid,Corporate,ICE,SKL,REST,Standard,TRANSPORTER,1
2026,09,16,MERCEDES,CLASE A,28,Madrid,Corporate,ICE,UKL2,FOCUS SEGMENT,Standard,SEDAN,2
2026,09,16,MERCEDES,CLASE A,28,Madrid,Private,PHEV,UKL2,FOCUS SEGMENT,Standard,HACH 5P,1
2026,09,16,MERCEDES,CLASE C,28,Madrid,Corporate,ICE,KKL,FOCUS SEGMENT,Standard,ESTATE,1
2026,09,16,MERCEDES,CLASE CLA,28,Madrid,Corporate,BEV,UKL2,FOCUS SEGMENT,Standard,SEDAN,1
2026,09,16,MERCEDES,CLASE CLA,28,Madrid,Corporate,ICE,UKL2,FOCUS SEGMENT,Standard,ESTATE,2
2026,09,16,MERCEDES,CLASE CLA,28,Madrid,Private,BEV,UKL2,FOCUS SEGMENT,Standard,SEDAN,2
2026,09,16,MERCEDES,CLASE GLA,28,Madrid,Corporate,ICE,UKL2,FOCUS SEGMENT,Standard,SAV,2
2026,09,16,MERCEDES,CLASE GLA,28,Madrid,Corporate,PHEV,UKL2,FOCUS SEGMENT,Standard,SAV,4
2026,09,16,MERCEDES,CLASE GLA,28,Madrid,Private,ICE,UKL2,FOCUS SEGMENT,Standard,SAV,1
2026,09,16,MERCEDES,CLASE GLB,28,Madrid,Corporate,BEV,UKL2,FOCUS SEGMENT,Standard,SAV,3
2026,09,16,MERCEDES,CLASE GLB,28,Madrid,Corporate,ICE,UKL2,FOCUS SEGMENT,Standard,SAV,1
2026,09,16,MERCEDES,CLASE GLC,28,Madrid,Corporate,BEV,KKL,FOCUS SEGMENT,Standard,SAV,4
2026,09,16,MERCEDES,CLASE GLC,28,Madrid,Corporate,ICE,KKL,FOCUS SEGMENT,M Performance,SAV,1
2026,09,16,MERCEDES,CLASE GLC,28,Madrid,Corporate,ICE,KKL,FOCUS SEGMENT,Standard,SAV,3
2026,09,16,MERCEDES,CLASE GLC,28,Madrid,Corporate,PHEV,KKL,FOCUS SEGMENT,Standard,SAV,7
2026,09,16,MERCEDES,CLASE GLC,28,Madrid,Private,BEV,KKL,FOCUS SEGMENT,Standard,SAV,1
2026,09,16,MERCEDES,CLASE GLE,28,Madrid,Corporate,ICE,MKL,FOCUS SEGMENT,Standard,SAV,1
2026,09,16,MERCEDES,CLASE GLE,28,Madrid,Corporate,PHEV,MKL,FOCUS SEGMENT,Standard,SAV,1
2026,09,16,MERCEDES,CLASE GLE COUPE,28,Madrid,Corporate,PHEV,MKL,FOCUS SEGMENT,M Performance,SAV,1
2026,09,16,MERCEDES,EQA,28,Madrid,Corporate,BEV,UKL2,FOCUS SEGMENT,Standard,SAV,1
2026,09,16,MERCEDES,EQE,28,Madrid,Corporate,BEV,MKL,FOCUS SEGMENT,Standard,SAV,2
2026,09,16,MERCEDES,SPRINTER 300,28,Madrid,Corporate,ICE,SKL,REST,Standard,TRANSPORTER,2
2026,09,16,MERCEDES-V,VITO,28,Madrid,Corporate,ICE,SKL,REST,Standard,TRANSPORTER,2
2026,09,16,MG,HS,28,Madrid,Private,ICE,KKL,REST,Standard,SAV,3
2026,09,16,MG,HS,28,Madrid,Private,PHEV,KKL,REST,Standard,SAV,2
2026,09,16,MG,MG 3,28,Madrid,Corporate,ICE,UKL1,REST,Standard,HACH 5P,1
2026,09,16,MG,MG 3,28,Madrid,Private,ICE,UKL1,REST,Standard,HACH 5P,2
2026,09,16,MG,MG 4,28,Madrid,Private,BEV,UKL2,REST,Standard,HACH 5P,2
2026,09,16,MG,MG S9,28,Madrid,Private,PHEV,KKL,REST,Standard,SAV,2
2026,09,16,MG,ZS,28,Madrid,Corporate,ICE,UKL1,REST,Standard,SAV,3
2026,09,16,MG,ZS,28,Madrid,Private,ICE,UKL1,REST,Standard,SAV,4
2026,09,16,MINI,ACEMAN,28,Madrid,Corporate,BEV,UKL1,FOCUS SEGMENT,Standard,SAV,1
2026,09,16,MINI,ACEMAN,28,Madrid,Private,BEV,UKL1,FOCUS SEGMENT,Standard,SAV,1
2026,09,16,MINI,CABRIO,28,Madrid,Corporate,ICE,UKL1,FOCUS SEGMENT,Standard,CABRIO,1
2026,09,16,MINI,CABRIO,28,Madrid,Private,ICE,UKL1,FOCUS SEGMENT,Standard,CABRIO,2
2026,09,16,MINI,COUNTRYMAN,28,Madrid,Corporate,BEV,UKL2,FOCUS SEGMENT,Standard,SAV,1
2026,09,16,MINI,HATCHBACK,28,Madrid,Corporate,BEV,UKL1,FOCUS SEGMENT,Standard,HACH 3P,1
2026,09,16,MINI,HATCHBACK,28,Madrid,Corporate,ICE,UKL1,FOCUS SEGMENT,JCW,HACH 3P,1
2026,09,16,MINI,HATCHBACK,28,Madrid,Private,ICE,UKL1,FOCUS SEGMENT,Standard,HACH 3P,1
2026,09,16,MITSUBISHI,OUTLANDER,28,Madrid,Corporate,PHEV,KKL,REST,Standard,SAV,1
2026,09,16,MITSUBISHI,OUTLANDER,28,Madrid,Private,PHEV,KKL,REST,Standard,SAV,1
2026,09,16,NISSAN,INTERSTAR,28,Madrid,Corporate,ICE,SKL,REST,Standard,TRANSPORTER,1
2026,09,16,NISSAN,JUKE,28,Madrid,Corporate,ICE,UKL1,REST,Standard,SAV,6
2026,09,16,NISSAN,JUKE,28,Madrid,Private,ICE,UKL1,REST,Standard,SAV,1
2026,09,16,NISSAN,MICRA,28,Madrid,Corporate,BEV,UKL1,REST,Standard,HACH 5P,1
2026,09,16,NISSAN,MICRA,28,Madrid,Private,BEV,UKL1,REST,Standard,HACH 5P,3
2026,09,16,NISSAN,QASHQAI,28,Madrid,Corporate,ICE,UKL2,REST,Standard,SAT,16
2026,09,16,NISSAN,QASHQAI,28,Madrid,Private,ICE,UKL2,REST,Standard,SAT,3
2026,09,16,NISSAN,TOWNSTAR,28,Madrid,Corporate,ICE,SKL,REST,Standard,TRANSPORTER,1
2026,09,16,NISSAN,X-TRAIL,28,Madrid,Corporate,ICE,KKL,REST,Standard,SUV,1
2026,09,16,NISSAN,X-TRAIL,28,Madrid,Private,ICE,KKL,REST,Standard,SUV,3
2026,09,16,OMODA,OMODA 5,28,Madrid,Corporate,ICE,UKL2,REST,Standard,SAV,9
2026,09,16,OMODA,OMODA 5,28,Madrid,Private,BEV,UKL2,REST,Standard,SAV,2
2026,09,16,OMODA,OMODA 5,28,Madrid,Private,ICE,UKL2,REST,Standard,SAV,4
2026,09,16,OMODA,OMODA 7,28,Madrid,Private,PHEV,KKL,REST,Standard,SAV,4
2026,09,16,OMODA,OMODA 9,28,Madrid,Corporate,PHEV,KKL,REST,Standard,SAV,1
2026,09,16,OMODA,OMODA 9,28,Madrid,Private,PHEV,KKL,REST,Standard,SAV,1
2026,09,16,OPEL,COMBO,28,Madrid,Corporate,BEV,SKL,REST,Standard,TRANSPORTER,1
2026,09,16,OPEL,COMBO,28,Madrid,Corporate,ICE,SKL,REST,Standard,TRANSPORTER,31
2026,09,16,OPEL,CORSA,28,Madrid,Corporate,ICE,UKL1,REST,Standard,HACH 5P,43
2026,09,16,OPEL,CORSA,28,Madrid,Private,ICE,UKL1,REST,Standard,HACH 5P,1
2026,09,16,OPEL,FRONTERA,28,Madrid,Corporate,ICE,KKL,REST,Standard,SUV,1
2026,09,16,OPEL,FRONTERA,28,Madrid,Private,BEV,KKL,REST,Standard,SUV,2
2026,09,16,OPEL,FRONTERA,28,Madrid,Private,ICE,KKL,REST,Standard,SUV,1
2026,09,16,OPEL,MOVANO,28,Madrid,Private,ICE,SKL,REST,Standard,TRANSPORTER,1
2026,09,16,OPEL,VIVARO,28,Madrid,Corporate,ICE,SKL,REST,Standard,TRANSPORTER,2
2026,09,16,PEUGEOT,2008,28,Madrid,Corporate,ICE,UKL1,REST,Standard,SAV,9
2026,09,16,PEUGEOT,2008,28,Madrid,Private,ICE,UKL1,REST,Standard,SAV,4
2026,09,16,PEUGEOT,208,28,Madrid,Corporate,ICE,UKL1,REST,Standard,HACH 5P,14
2026,09,16,PEUGEOT,208,28,Madrid,RAC,ICE,UKL1,REST,Standard,HACH 5P,4
2026,09,16,PEUGEOT,3008,28,Madrid,Corporate,ICE,UKL2,REST,Standard,SAT,5
2026,09,16,PEUGEOT,3008,28,Madrid,Private,ICE,UKL2,REST,Standard,SAT,2
2026,09,16,PEUGEOT,3008,28,Madrid,Private,PHEV,UKL2,REST,Standard,SAT,1
2026,09,16,PEUGEOT,308,28,Madrid,Corporate,ICE,UKL2,REST,Standard,HACH 5P,1
2026,09,16,PEUGEOT,408,28,Madrid,Corporate,ICE,UKL2,REST,Standard,SEDAN,1
2026,09,16,PEUGEOT,408,28,Madrid,Corporate,PHEV,UKL2,REST,Standard,SEDAN,1
2026,09,16,PEUGEOT,BOXER,28,Madrid,Corporate,ICE,SKL,REST,Standard,TRANSPORTER,1
2026,09,16,PEUGEOT,E-2008 ALLURE ELECTRICO,28,Madrid,Corporate,BEV,UKL1,REST,Standard,SAV,1
2026,09,16,PEUGEOT,EXPERT,28,Madrid,Corporate,ICE,SKL,REST,Standard,TRANSPORTER,5
2026,09,16,PEUGEOT,PARTNER,28,Madrid,Corporate,ICE,SKL,REST,Standard,TRANSPORTER,37
2026,09,16,PEUGEOT,RIFTER,28,Madrid,Corporate,ICE,SKL,REST,Standard,TRANSPORTER,10
2026,09,16,PEUGEOT,RIFTER,28,Madrid,RAC,ICE,SKL,REST,Standard,TRANSPORTER,1
2026,09,16,POLESTAR,POLESTAR 4,28,Madrid,Corporate,BEV,KKL,FOCUS SEGMENT,Standard,SAV,1
2026,09,16,PORSCHE,911,28,Madrid,Private,ICE,GKL,FOCUS SEGMENT,Standard,COUPE,1
2026,09,16,PORSCHE,CAYENNE,28,Madrid,Corporate,ICE,MKL,FOCUS SEGMENT,M Performance,SAV,1
2026,09,16,PORSCHE,CAYENNE,28,Madrid,Private,BEV,MKL,FOCUS SEGMENT,Standard,SAV,1
2026,09,16,PORSCHE,CAYENNE COUPE,28,Madrid,Private,PHEV,MKL,FOCUS SEGMENT,Standard,SAV,2
2026,09,16,PORSCHE,MACAN,28,Madrid,Corporate,BEV,KKL,FOCUS SEGMENT,M,SAV,1
2026,09,16,PORSCHE,MACAN,28,Madrid,Corporate,BEV,KKL,FOCUS SEGMENT,M Performance,SAV,1
2026,09,16,PORSCHE,PANAMERA,28,Madrid,Corporate,PHEV,GKL,FOCUS SEGMENT,Standard,SEDAN,1
2026,09,16,RENAULT,5,28,Madrid,Private,BEV,UKL1,REST,Standard,HACH 5P,3
2026,09,16,RENAULT,ARKANA,28,Madrid,Private,ICE,UKL2,REST,Standard,SAV,1
2026,09,16,RENAULT,AUSTRAL,28,Madrid,Corporate,ICE,UKL2,REST,Standard,SAV,8
2026,09,16,RENAULT,AUSTRAL,28,Madrid,Private,ICE,UKL2,REST,Standard,SAV,3
2026,09,16,RENAULT,CAPTUR,28,Madrid,Corporate,ICE,UKL1,REST,Standard,SAV,11
2026,09,16,RENAULT,CAPTUR,28,Madrid,Private,ICE,UKL1,REST,Standard,SAV,5
2026,09,16,RENAULT,CLIO,28,Madrid,Corporate,ICE,UKL1,REST,Standard,HACH 5P,1
2026,09,16,RENAULT,CLIO,28,Madrid,Private,ICE,UKL1,REST,Standard,HACH 5P,5
2026,09,16,RENAULT,ESPACE,28,Madrid,Corporate,ICE,KKL,REST,Standard,SAV,2
2026,09,16,RENAULT,ESPACE,28,Madrid,Private,ICE,KKL,REST,Standard,SAV,1
2026,09,16,RENAULT,KANGOO,28,Madrid,Corporate,ICE,SKL,REST,Standard,TRANSPORTER,58
2026,09,16,RENAULT,KANGOO,28,Madrid,Private,ICE,SKL,REST,Standard,TRANSPORTER,1
2026,09,16,RENAULT,MASTER,28,Madrid,Corporate,BEV,SKL,REST,Standard,TRANSPORTER,1
2026,09,16,RENAULT,MASTER,28,Madrid,Corporate,ICE,SKL,REST,Standard,TRANSPORTER,8
2026,09,16,RENAULT,MASTER,28,Madrid,Private,ICE,SKL,REST,Standard,TRANSPORTER,1
2026,09,16,RENAULT,MASTER,28,Madrid,RAC,ICE,SKL,REST,Standard,TRANSPORTER,1
2026,09,16,RENAULT,SYMBIOZ,28,Madrid,Corporate,ICE,UKL1,REST,Standard,SAV,7
2026,09,16,RENAULT,SYMBIOZ,28,Madrid,Private,ICE,UKL1,REST,Standard,SAV,3
2026,09,16,RENAULT,TRAFIC,28,Madrid,Corporate,ICE,SKL,REST,Standard,TRANSPORTER,16
2026,09,16,RENAULT,TRAFIC,28,Madrid,RAC,ICE,SKL,REST,Standard,TRANSPORTER,2
2026,09,16,RENAULT,TWINGO,28,Madrid,Private,BEV,UKL0,REST,Standard,HACH 5P,2
2026,09,16,SEAT,ARONA,28,Madrid,Corporate,ICE,UKL1,REST,Standard,SAV,17
2026,09,16,SEAT,ATECA,28,Madrid,Corporate,ICE,UKL2,REST,Standard,SAT,3
2026,09,16,SEAT,IBIZA,28,Madrid,Corporate,ICE,UKL1,REST,Standard,HACH 5P,49
2026,09,16,SEAT,IBIZA,28,Madrid,Private,ICE,UKL1,REST,Standard,HACH 5P,1
2026,09,16,SEAT,LEON,28,Madrid,Corporate,ICE,UKL2,REST,Standard,HACH 5P,9
2026,09,16,SEAT,LEON,28,Madrid,RAC,ICE,UKL2,REST,Standard,HACH 5P,3
2026,09,16,SKODA,ENYAQ,28,Madrid,Private,BEV,UKL2,REST,Standard,SAV,1
2026,09,16,SKODA,FABIA,28,Madrid,Corporate,ICE,UKL1,REST,Standard,HACH 5P,3
2026,09,16,SKODA,FABIA,28,Madrid,Private,ICE,UKL1,REST,Standard,HACH 5P,1
2026,09,16,SKODA,KAMIQ,28,Madrid,Corporate,ICE,UKL1,REST,Standard,SAV,2
2026,09,16,SKODA,KAMIQ,28,Madrid,Private,ICE,UKL1,REST,Standard,SAV,2
2026,09,16,SKODA,KAROQ,28,Madrid,Corporate,ICE,UKL2,REST,Standard,SAT,1
2026,09,16,SKODA,KAROQ,28,Madrid,Private,ICE,UKL2,REST,Standard,SAT,3
2026,09,16,SKODA,KODIAQ,28,Madrid,Corporate,ICE,KKL,REST,Standard,SAV,1
2026,09,16,SKODA,KODIAQ,28,Madrid,Corporate,PHEV,KKL,REST,Standard,SAV,2
2026,09,16,SKODA,KODIAQ,28,Madrid,Private,ICE,KKL,REST,Standard,SAV,1
2026,09,16,SKODA,OCTAVIA,28,Madrid,Corporate,ICE,UKL2,REST,Standard,ESTATE,2
2026,09,16,SUZUKI,SX4,28,Madrid,Corporate,ICE,UKL1,REST,Standard,SAV,1
2026,09,16,SUZUKI,VITARA,28,Madrid,Corporate,ICE,UKL2,REST,Standard,SUV,1
2026,09,16,TESLA,MODEL 3,28,Madrid,Corporate,BEV,KKL,FOCUS SEGMENT,Standard,SEDAN,14
2026,09,16,TESLA,MODEL 3,28,Madrid,Private,BEV,KKL,FOCUS SEGMENT,Standard,SEDAN,30
2026,09,16,TESLA,MODEL Y,28,Madrid,Corporate,BEV,KKL,FOCUS SEGMENT,Standard,SAT,1
2026,09,16,TESLA,MODEL Y,28,Madrid,Private,BEV,KKL,FOCUS SEGMENT,Standard,SAT,8
2026,09,16,TOYOTA,AYGO X,28,Madrid,Corporate,ICE,UKL0,REST,Standard,HACH 5P,1
2026,09,16,TOYOTA,C-HR,28,Madrid,Corporate,BEV,UKL1,REST,Standard,SAV,1
2026,09,16,TOYOTA,C-HR,28,Madrid,Corporate,ICE,UKL1,REST,Standard,SAV,29
2026,09,16,TOYOTA,C-HR,28,Madrid,Corporate,PHEV,UKL1,REST,Standard,SAV,22
2026,09,16,TOYOTA,C-HR,28,Madrid,Private,ICE,UKL1,REST,Standard,SAV,5
2026,09,16,TOYOTA,C-HR,28,Madrid,Private,PHEV,UKL1,REST,Standard,SAV,4
2026,09,16,TOYOTA,COROLLA,28,Madrid,Corporate,ICE,UKL2,REST,Standard,HACH 5P,12
2026,09,16,TOYOTA,COROLLA,28,Madrid,Private,ICE,UKL2,REST,Standard,HACH 5P,12
2026,09,16,TOYOTA,HI LUX,28,Madrid,Corporate,ICE,SKL,REST,Standard,PICKUP,4
2026,09,16,TOYOTA,LAND CRUISER,28,Madrid,Corporate,ICE,GKL,REST,Standard,SUV,3
2026,09,16,TOYOTA,PROACE,28,Madrid,Corporate,ICE,SKL,REST,Standard,TRANSPORTER,3
2026,09,16,TOYOTA,PROACE CITY,28,Madrid,Corporate,ICE,SKL,REST,Standard,TRANSPORTER,14
2026,09,16,TOYOTA,PROACE CITY,28,Madrid,RAC,ICE,SKL,REST,Standard,TRANSPORTER,6
2026,09,16,TOYOTA,PROACE VERSO,28,Madrid,Corporate,ICE,SKL,REST,Standard,TRANSPORTER,5
2026,09,16,TOYOTA,RAV 4,28,Madrid,Corporate,PHEV,UKL2,REST,Standard,SAV,4
2026,09,16,TOYOTA,RAV 4,28,Madrid,Private,PHEV,UKL2,REST,Standard,SAV,15
2026,09,16,TOYOTA,YARIS,28,Madrid,Corporate,ICE,UKL1,REST,Standard,HACH 5P,31
2026,09,16,TOYOTA,YARIS,28,Madrid,Private,ICE,UKL1,REST,Standard,HACH 5P,6
2026,09,16,TOYOTA,YARIS,28,Madrid,RAC,ICE,UKL1,REST,Standard,HACH 5P,1
2026,09,16,TOYOTA,YARIS CROSS,28,Madrid,Corporate,ICE,UKL1,REST,Standard,SAV,29
2026,09,16,TOYOTA,YARIS CROSS,28,Madrid,Private,ICE,UKL1,REST,Standard,SAV,6
2026,09,16,VOLKSWAGEN,CRAFTER,28,Madrid,Corporate,ICE,SKL,REST,Standard,TRANSPORTER,2
2026,09,16,VOLKSWAGEN,GOLF,28,Madrid,Corporate,ICE,UKL2,REST,Standard,HACH 5P,3
2026,09,16,VOLKSWAGEN,GOLF,28,Madrid,Corporate,PHEV,UKL2,REST,Standard,HACH 5P,2
2026,09,16,VOLKSWAGEN,GOLF,28,Madrid,Private,PHEV,UKL2,REST,Standard,HACH 5P,1
2026,09,16,VOLKSWAGEN,ID.3,28,Madrid,Corporate,BEV,UKL2,REST,Standard,HACH 5P,1
2026,09,16,VOLKSWAGEN,ID.3,28,Madrid,Private,BEV,UKL2,REST,Standard,HACH 5P,1
2026,09,16,VOLKSWAGEN,ID.BUZZ,28,Madrid,Private,BEV,SKL,REST,Standard,TRANSPORTER,1
2026,09,16,VOLKSWAGEN,MULTIVAN,28,Madrid,Corporate,PHEV,SKL,REST,Standard,TRANSPORTER,1
2026,09,16,VOLKSWAGEN,POLO,28,Madrid,Corporate,ICE,UKL1,REST,Standard,HACH 5P,4
2026,09,16,VOLKSWAGEN,T-CROSS,28,Madrid,Corporate,ICE,UKL1,REST,Standard,SAV,5
2026,09,16,VOLKSWAGEN,T-CROSS,28,Madrid,Private,ICE,UKL1,REST,Standard,SAV,2
2026,09,16,VOLKSWAGEN,T-ROC,28,Madrid,Corporate,ICE,UKL2,REST,Standard,SAV,8
2026,09,16,VOLKSWAGEN,T-ROC,28,Madrid,Private,ICE,UKL2,REST,Standard,SAV,3
2026,09,16,VOLKSWAGEN,TAIGO,28,Madrid,Corporate,ICE,UKL1,REST,Standard,SAV,5
2026,09,16,VOLKSWAGEN,TAYRON,28,Madrid,Corporate,ICE,UKL2,REST,Standard,SAV,6
2026,09,16,VOLKSWAGEN,TAYRON,28,Madrid,Corporate,PHEV,UKL2,REST,Standard,SAV,3
2026,09,16,VOLKSWAGEN,TIGUAN,28,Madrid,Corporate,ICE,UKL2,REST,Standard,SAV,9
2026,09,16,VOLKSWAGEN,TIGUAN,28,Madrid,Corporate,PHEV,UKL2,REST,Standard,SAV,1
2026,09,16,VOLKSWAGEN,TIGUAN,28,Madrid,Private,ICE,UKL2,REST,Standard,SAV,1
2026,09,16,VOLKSWAGEN,TIGUAN,28,Madrid,Private,PHEV,UKL2,REST,Standard,SAV,2
2026,09,16,VOLVO,EX30,28,Madrid,Corporate,BEV,UKL1,FOCUS SEGMENT,Standard,SAV,1
2026,09,16,VOLVO,EX30,28,Madrid,Private,BEV,UKL1,FOCUS SEGMENT,Standard,SAV,2
2026,09,16,VOLVO,EX60,28,Madrid,Corporate,BEV,,REST,Standard,,1
2026,09,16,VOLVO,V60,28,Madrid,Corporate,PHEV,KKL,FOCUS SEGMENT,Standard,ESTATE,1
2026,09,16,VOLVO,XC40,28,Madrid,Corporate,ICE,UKL2,FOCUS SEGMENT,Standard,SAV,6
2026,09,16,VOLVO,XC40,28,Madrid,Private,ICE,UKL2,FOCUS SEGMENT,Standard,SAV,2
2026,09,16,VOLVO,XC60,28,Madrid,Corporate,ICE,KKL,FOCUS SEGMENT,Standard,SAV,2
2026,09,16,VOLVO,XC90,28,Madrid,Corporate,PHEV,MKL,FOCUS SEGMENT,Standard,SAV,5
2026,09,16,XPENG,G6,28,Madrid,Corporate,BEV,KKL,FOCUS SEGMENT,Standard,SAV,1
2026,09,16,XPENG,G6,28,Madrid,Private,BEV,KKL,FOCUS SEGMENT,Standard,SAV,4
2026,09,16,ZEEKR,7GT,28,Madrid,Corporate,BEV,KKL,FOCUS SEGMENT,Standard,SEDAN,2
2026,09,16,AUDI,A3,29,Málaga,Private,ICE,UKL2,FOCUS SEGMENT,Standard,HACH 5P,1
2026,09,16,AUDI,Q5 SPORTBACK,29,Málaga,Corporate,PHEV,KKL,FOCUS SEGMENT,Standard,SAV,1
2026,09,16,BMW,SERIE 1,29,Málaga,Private,ICE,UKL2,FOCUS SEGMENT,Standard,HACH 5P,2
2026,09,16,BMW,X1,29,Málaga,Private,ICE,UKL2,FOCUS SEGMENT,Standard,SAV,1
2026,09,16,BMW,X3,29,Málaga,Corporate,PHEV,KKL,FOCUS SEGMENT,Standard,SAV,1
2026,09,16,BMW,X5,29,Málaga,Private,PHEV,MKL,FOCUS SEGMENT,Standard,SAV,1
2026,09,16,BYD,ATTO 2,29,Málaga,Corporate,BEV,UKL1,REST,Standard,SAV,1
2026,09,16,BYD,ATTO 2,29,Málaga,Private,BEV,UKL1,REST,Standard,SAV,2
2026,09,16,BYD,ATTO 2,29,Málaga,Private,PHEV,UKL1,REST,Standard,SAV,1
2026,09,16,BYD,DOLPHIN SURF,29,Málaga,Private,BEV,UKL0,REST,Standard,HACH 5P,1
2026,09,16,BYD,SEAL U,29,Málaga,Private,BEV,KKL,REST,Standard,SAV,1
2026,09,16,BYD,SEAL U,29,Málaga,Private,PHEV,KKL,REST,Standard,SAV,3
2026,09,16,CITROEN,C3,29,Málaga,Private,BEV,UKL1,REST,Standard,HACH 5P,1
2026,09,16,CITROEN,C3,29,Málaga,Private,ICE,UKL1,REST,Standard,HACH 5P,1
2026,09,16,DACIA,DUSTER,29,Málaga,Private,ICE,SKL,REST,Standard,PICKUP,1
2026,09,16,DACIA,JOGGER,29,Málaga,Private,ICE,UKL2,REST,Standard,MPV,1
2026,09,16,DACIA,SANDERO,29,Málaga,Private,ICE,UKL1,REST,Standard,HACH 5P,2
2026,09,16,EBRO,S700,29,Málaga,Private,ICE,UKL2,REST,Standard,SAV,1
2026,09,16,FORD,KUGA,29,Málaga,Private,PHEV,UKL2,REST,Standard,SAV,1
2026,09,16,FORD,RANGER,29,Málaga,Corporate,ICE,SKL,REST,Standard,PICKUP,1
2026,09,16,FORD,RANGER,29,Málaga,Corporate,PHEV,SKL,REST,Standard,PICKUP,1
2026,09,16,HONDA,CR-V,29,Málaga,Private,ICE,KKL,REST,Standard,SAV,1
2026,09,16,HONDA,HR-V,29,Málaga,Private,ICE,UKL1,REST,Standard,SAV,1
2026,09,16,HYUNDAI,I20,29,Málaga,Private,ICE,UKL1,REST,Standard,HACH 5P,1
2026,09,16,HYUNDAI,TUCSON,29,Málaga,Private,ICE,UKL2,REST,Standard,SAV,1
2026,09,16,IVECO,DAILY,29,Málaga,RAC,ICE,SKL,REST,Standard,TRANSPORTER,6
2026,09,16,JAECOO,JAECOO 5,29,Málaga,Private,BEV,UKL1,REST,Standard,SAV,1
2026,09,16,JAECOO,JAECOO 5,29,Málaga,Private,ICE,UKL1,REST,Standard,SAV,1
2026,09,16,KIA,EV3,29,Málaga,Private,BEV,UKL1,REST,Standard,SAV,1
2026,09,16,KIA,SELTOS,29,Málaga,Private,ICE,UKL2,REST,Standard,SAV,1
2026,09,16,KIA,SPORTAGE,29,Málaga,Private,ICE,UKL2,REST,Standard,SAV,2
2026,09,16,KIA,STONIC,29,Málaga,Private,ICE,UKL1,REST,Standard,SAV,1
2026,09,16,LEAPMOTOR,B10,29,Málaga,Private,BEV,UKL2,REST,Standard,SAV,7
2026,09,16,LEAPMOTOR,C10,29,Málaga,Private,BEV,MKL,REST,Standard,SAV,1
2026,09,16,LEAPMOTOR,T03,29,Málaga,Corporate,BEV,UKL0,REST,Standard,HACH 5P,1
2026,09,16,LEXUS,LBX,29,Málaga,Private,ICE,UKL1,FOCUS SEGMENT,Standard,SAV,1
2026,09,16,MAZDA,6E,29,Málaga,Private,BEV,MKL,REST,Standard,SEDAN,1
2026,09,16,MAZDA,MAZDA 3,29,Málaga,Private,ICE,UKL2,REST,Standard,SEDAN,1
2026,09,16,MERCEDES,CLASE GLA,29,Málaga,Corporate,ICE,UKL2,FOCUS SEGMENT,Standard,SAV,1
2026,09,16,MERCEDES,CLASE GLA,29,Málaga,Corporate,PHEV,UKL2,FOCUS SEGMENT,Standard,SAV,1
2026,09,16,MERCEDES,CLASE GLA,29,Málaga,Private,PHEV,UKL2,FOCUS SEGMENT,Standard,SAV,1
2026,09,16,MERCEDES,CLASE GLS,29,Málaga,Private,ICE,GKL,FOCUS SEGMENT,Standard,SAV,1
2026,09,16,MG,ZS,29,Málaga,Private,ICE,UKL1,REST,Standard,SAV,2
2026,09,16,NISSAN,MICRA,29,Málaga,Private,BEV,UKL1,REST,Standard,HACH 5P,1
2026,09,16,NISSAN,QASHQAI,29,Málaga,Private,ICE,UKL2,REST,Standard,SAT,2
2026,09,16,PEUGEOT,3008,29,Málaga,Private,ICE,UKL2,REST,Standard,SAT,1
2026,09,16,PEUGEOT,308,29,Málaga,Private,BEV,UKL2,REST,Standard,HACH 5P,1
2026,09,16,RENAULT,5,29,Málaga,Private,BEV,UKL1,REST,Standard,HACH 5P,1
2026,09,16,RENAULT,CLIO,29,Málaga,Private,ICE,UKL1,REST,Standard,HACH 5P,2
2026,09,16,RENAULT,KANGOO,29,Málaga,Corporate,ICE,SKL,REST,Standard,TRANSPORTER,1
2026,09,16,RENAULT,TRAFIC,29,Málaga,Corporate,ICE,SKL,REST,Standard,TRANSPORTER,1
2026,09,16,RENAULT,TWINGO,29,Málaga,Private,BEV,UKL0,REST,Standard,HACH 5P,2
2026,09,16,SKODA,FABIA,29,Málaga,Corporate,ICE,UKL1,REST,Standard,HACH 5P,2
2026,09,16,SKODA,OCTAVIA,29,Málaga,Private,ICE,UKL2,REST,Standard,ESTATE,1
2026,09,16,TESLA,MODEL 3,29,Málaga,Corporate,BEV,KKL,FOCUS SEGMENT,Standard,SEDAN,2
2026,09,16,TESLA,MODEL 3,29,Málaga,Private,BEV,KKL,FOCUS SEGMENT,Standard,SEDAN,11
2026,09,16,TESLA,MODEL Y,29,Málaga,Private,BEV,KKL,FOCUS SEGMENT,Standard,SAT,1
2026,09,16,TOYOTA,C-HR,29,Málaga,Corporate,PHEV,UKL1,REST,Standard,SAV,1
2026,09,16,TOYOTA,C-HR,29,Málaga,Private,BEV,UKL1,REST,Standard,SAV,2
2026,09,16,TOYOTA,COROLLA,29,Málaga,Private,ICE,UKL2,REST,Standard,HACH 5P,1
2026,09,16,TOYOTA,HI LUX,29,Málaga,Corporate,ICE,SKL,REST,Standard,PICKUP,1
2026,09,16,TOYOTA,RAV 4,29,Málaga,Corporate,PHEV,UKL2,REST,Standard,SAV,1
2026,09,16,TOYOTA,RAV 4,29,Málaga,Private,PHEV,UKL2,REST,Standard,SAV,3
2026,09,16,TOYOTA,YARIS CROSS,29,Málaga,Private,ICE,UKL1,REST,Standard,SAV,1
2026,09,16,VOLKSWAGEN,CRAFTER,29,Málaga,Corporate,ICE,SKL,REST,Standard,TRANSPORTER,1
2026,09,16,VOLKSWAGEN,TAIGO,29,Málaga,Private,ICE,UKL1,REST,Standard,SAV,1
2026,09,16,VOLKSWAGEN,TIGUAN,29,Málaga,Private,ICE,UKL2,REST,Standard,SAV,1
2026,09,16,VOLVO,XC40,29,Málaga,Private,ICE,UKL2,FOCUS SEGMENT,Standard,SAV,1
2026,09,16,AUDI,A5,30,Murcia,Corporate,PHEV,KKL,FOCUS SEGMENT,Standard,SEDAN,1
2026,09,16,BMW,X1,30,Murcia,Private,PHEV,UKL2,FOCUS SEGMENT,Standard,SAV,1
2026,09,16,BMW,XM,30,Murcia,Corporate,PHEV,GKL,FOCUS SEGMENT,M,SAV,1
2026,09,16,BYD,SEAL U,30,Murcia,Private,PHEV,KKL,REST,Standard,SAV,1
2026,09,16,CHANGAN,DEEPAL S05,30,Murcia,Private,BEV,UKL2,REST,Standard,HACH 5P,1
2026,09,16,CITROEN,C3,30,Murcia,Private,ICE,UKL1,REST,Standard,HACH 5P,1
2026,09,16,DACIA,DUSTER,30,Murcia,Private,ICE,SKL,REST,Standard,PICKUP,2
2026,09,16,DACIA,SANDERO,30,Murcia,Private,ICE,UKL1,REST,Standard,HACH 5P,4
2026,09,16,FORD,TRANSIT COURIER,30,Murcia,Corporate,ICE,SKL,REST,Standard,TRANSPORTER,1
2026,09,16,GEELY,GEELY E2,30,Murcia,Private,BEV,,REST,Standard,,1
2026,09,16,GWM,ORA 5 SUV,30,Murcia,Private,ICE,UKL2,REST,Standard,SAV,1
2026,09,16,HYUNDAI,I20,30,Murcia,Private,ICE,UKL1,REST,Standard,HACH 5P,1
2026,09,16,HYUNDAI,KONA,30,Murcia,Private,ICE,UKL1,REST,Standard,SAV,2
2026,09,16,JEEP,AVENGER,30,Murcia,Private,ICE,UKL1,REST,Standard,SAV,1
2026,09,16,KG MOBILITY,TORRES,30,Murcia,Private,BEV,UKL2,REST,Standard,SAV,1
2026,09,16,KIA,EV3,30,Murcia,Private,BEV,UKL1,REST,Standard,SAV,1
2026,09,16,KIA,NIRO,30,Murcia,Private,ICE,UKL2,REST,Standard,SAV,1
2026,09,16,KIA,PV5,30,Murcia,Private,BEV,SKL,REST,Standard,TRANSPORTER,1
2026,09,16,KIA,STONIC,30,Murcia,Private,ICE,UKL1,REST,Standard,SAV,1
2026,09,16,LAND ROVER,DEFENDER,30,Murcia,Corporate,ICE,MKL,FOCUS SEGMENT,Standard,SUV,1
2026,09,16,LEAPMOTOR,B10,30,Murcia,Private,BEV,UKL2,REST,Standard,SAV,3
2026,09,16,LEAPMOTOR,C10,30,Murcia,Private,BEV,MKL,REST,Standard,SAV,1
2026,09,16,LEAPMOTOR,T03,30,Murcia,Private,BEV,UKL0,REST,Standard,HACH 5P,2
2026,09,16,LEXUS,NX,30,Murcia,Private,ICE,KKL,FOCUS SEGMENT,Standard,SAV,1
2026,09,16,MAZDA,CX30,30,Murcia,Private,ICE,UKL2,REST,Standard,SAV,1
2026,09,16,MERCEDES,CLASE CLA,30,Murcia,Private,BEV,UKL2,FOCUS SEGMENT,Standard,SEDAN,1
2026,09,16,MERCEDES,CLASE GLA,30,Murcia,Corporate,PHEV,UKL2,FOCUS SEGMENT,Standard,SAV,1
2026,09,16,MERCEDES,EQE,30,Murcia,Private,BEV,MKL,FOCUS SEGMENT,Standard,SAV,1
2026,09,16,MG,ZS,30,Murcia,Private,ICE,UKL1,REST,Standard,SAV,1
2026,09,16,MINI,COUNTRYMAN,30,Murcia,Corporate,ICE,UKL2,FOCUS SEGMENT,Standard,SAV,1
2026,09,16,MITSUBISHI-FUSO,CANTER,30,Murcia,Corporate,ICE,SKL,REST,Standard,TRANSPORTER,1
2026,09,16,OMODA,OMODA 5,30,Murcia,Private,ICE,UKL2,REST,Standard,SAV,1
2026,09,16,OMODA,OMODA 9,30,Murcia,Private,PHEV,KKL,REST,Standard,SAV,2
2026,09,16,PEUGEOT,208,30,Murcia,Private,ICE,UKL1,REST,Standard,HACH 5P,1
2026,09,16,PORSCHE,CAYENNE,30,Murcia,Corporate,BEV,MKL,FOCUS SEGMENT,Standard,SAV,1
2026,09,16,RENAULT,AUSTRAL,30,Murcia,Private,ICE,UKL2,REST,Standard,SAV,1
2026,09,16,RENAULT,CLIO,30,Murcia,Private,ICE,UKL1,REST,Standard,HACH 5P,2
2026,09,16,RENAULT,KANGOO,30,Murcia,Corporate,ICE,SKL,REST,Standard,TRANSPORTER,1
2026,09,16,SEAT,ARONA,30,Murcia,Private,ICE,UKL1,REST,Standard,SAV,1
2026,09,16,SEAT,IBIZA,30,Murcia,Private,ICE,UKL1,REST,Standard,HACH 5P,1
2026,09,16,SHINERAY,G03F,30,Murcia,Private,PHEV,MKL,REST,Standard,SUV,1
2026,09,16,SKODA,KAMIQ,30,Murcia,Private,ICE,UKL1,REST,Standard,SAV,1
2026,09,16,TESLA,MODEL 3,30,Murcia,Private,BEV,KKL,FOCUS SEGMENT,Standard,SEDAN,8
2026,09,16,TESLA,MODEL Y,30,Murcia,Private,BEV,KKL,FOCUS SEGMENT,Standard,SAT,6
2026,09,16,TOYOTA,C-HR,30,Murcia,Corporate,BEV,UKL1,REST,Standard,SAV,2
2026,09,16,TOYOTA,C-HR,30,Murcia,Private,ICE,UKL1,REST,Standard,SAV,1
2026,09,16,TOYOTA,C-HR,30,Murcia,Private,PHEV,UKL1,REST,Standard,SAV,2
2026,09,16,TOYOTA,COROLLA,30,Murcia,Corporate,ICE,UKL2,REST,Standard,HACH 5P,4
2026,09,16,TOYOTA,COROLLA,30,Murcia,Private,ICE,UKL2,REST,Standard,HACH 5P,2
2026,09,16,TOYOTA,PROACE VERSO,30,Murcia,Corporate,ICE,SKL,REST,Standard,TRANSPORTER,1
2026,09,16,TOYOTA,RAV 4,30,Murcia,Private,PHEV,UKL2,REST,Standard,SAV,2
2026,09,16,TOYOTA,YARIS,30,Murcia,Corporate,ICE,UKL1,REST,Standard,HACH 5P,4
2026,09,16,TOYOTA,YARIS,30,Murcia,Private,ICE,UKL1,REST,Standard,HACH 5P,1
2026,09,16,TOYOTA,YARIS CROSS,30,Murcia,Corporate,ICE,UKL1,REST,Standard,SAV,2
2026,09,16,TOYOTA,YARIS CROSS,30,Murcia,Private,ICE,UKL1,REST,Standard,SAV,1
2026,09,16,VOLKSWAGEN,CARAVELLE,30,Murcia,Private,PHEV,SKL,REST,Standard,TRANSPORTER,1
2026,09,16,VOLKSWAGEN,T-ROC,30,Murcia,Private,ICE,UKL2,REST,Standard,SAV,2
2026,09,16,VOLKSWAGEN,TAYRON,30,Murcia,Private,ICE,UKL2,REST,Standard,SAV,2
2026,09,16,AUDI,Q4 E-TRON,31,Navarra,Private,BEV,UKL2,FOCUS SEGMENT,Standard,SAV,1
2026,09,16,CHANGAN,DEEPAL S05,31,Navarra,Private,BEV,UKL2,REST,Standard,HACH 5P,1
2026,09,16,CITROEN,C3 AIRCROSS,31,Navarra,Private,ICE,UKL2,REST,Standard,SAV,1
2026,09,16,DACIA,DUSTER,31,Navarra,Private,ICE,SKL,REST,Standard,PICKUP,1
2026,09,16,FIAT,PANDA,31,Navarra,Private,ICE,UKL0,REST,Standard,HACH 5P,1
2026,09,16,FORD,RANGER,31,Navarra,Corporate,PHEV,SKL,REST,Standard,PICKUP,1
2026,09,16,FORD,TRANSIT,31,Navarra,Private,ICE,SKL,REST,Standard,TRANSPORTER,1
2026,09,16,HYUNDAI,KONA,31,Navarra,Private,BEV,UKL1,REST,Standard,SAV,2
2026,09,16,HYUNDAI,KONA,31,Navarra,Private,ICE,UKL1,REST,Standard,SAV,1
2026,09,16,KIA,SELTOS,31,Navarra,Private,ICE,UKL2,REST,Standard,SAV,1
2026,09,16,LEAPMOTOR,B05,31,Navarra,Private,BEV,UKL1,REST,Standard,HACH 5P,1
2026,09,16,LEAPMOTOR,B10,31,Navarra,Private,BEV,UKL2,REST,Standard,SAV,2
2026,09,16,MERCEDES,CLASE GLA,31,Navarra,Private,ICE,UKL2,FOCUS SEGMENT,Standard,SAV,1
2026,09,16,MERCEDES,CLASE GLC,31,Navarra,Corporate,PHEV,KKL,FOCUS SEGMENT,Standard,SAV,1
2026,09,16,MG,ZS,31,Navarra,Private,ICE,UKL1,REST,Standard,SAV,1
2026,09,16,NISSAN,QASHQAI,31,Navarra,Private,ICE,UKL2,REST,Standard,SAT,1
2026,09,16,OPEL,CORSA,31,Navarra,Private,ICE,UKL1,REST,Standard,HACH 5P,1
2026,09,16,OPEL,FRONTERA,31,Navarra,Private,BEV,KKL,REST,Standard,SUV,2
2026,09,16,PEUGEOT,2008,31,Navarra,Private,ICE,UKL1,REST,Standard,SAV,2
2026,09,16,PEUGEOT,5008,31,Navarra,Private,ICE,KKL,REST,Standard,SUV,1
2026,09,16,RENAULT,AUSTRAL,31,Navarra,Private,ICE,UKL2,REST,Standard,SAV,1
2026,09,16,RENAULT,CAPTUR,31,Navarra,Private,ICE,UKL1,REST,Standard,SAV,1
2026,09,16,SKODA,ELROQ,31,Navarra,Private,BEV,UKL2,REST,Standard,SAV,4
2026,09,16,TESLA,MODEL 3,31,Navarra,Private,BEV,KKL,FOCUS SEGMENT,Standard,SEDAN,5
2026,09,16,TESLA,MODEL Y,31,Navarra,Private,BEV,KKL,FOCUS SEGMENT,Standard,SAT,2
2026,09,16,TOYOTA,C-HR,31,Navarra,Private,BEV,UKL1,REST,Standard,SAV,2
2026,09,16,TOYOTA,C-HR,31,Navarra,Private,ICE,UKL1,REST,Standard,SAV,2
2026,09,16,TOYOTA,COROLLA,31,Navarra,Private,ICE,UKL2,REST,Standard,HACH 5P,4
2026,09,16,TOYOTA,HI LUX,31,Navarra,Corporate,ICE,SKL,REST,Standard,PICKUP,2
2026,09,16,TOYOTA,HI LUX,31,Navarra,Private,ICE,SKL,REST,Standard,PICKUP,1
2026,09,16,TOYOTA,RAV 4,31,Navarra,Private,PHEV,UKL2,REST,Standard,SAV,1
2026,09,16,TOYOTA,YARIS CROSS,31,Navarra,Private,ICE,UKL1,REST,Standard,SAV,1
2026,09,16,VOLKSWAGEN,CADDY,31,Navarra,Private,PHEV,SKL,REST,Standard,TRANSPORTER,1
2026,09,16,VOLKSWAGEN,CALIFORNIA,31,Navarra,Private,ICE,SKL,REST,Standard,TRANSPORTER,1
2026,09,16,VOLKSWAGEN,ID.3,31,Navarra,Private,BEV,UKL2,REST,Standard,HACH 5P,3
2026,09,16,VOLKSWAGEN,ID.7,31,Navarra,Private,BEV,MKL,REST,Standard,SEDAN,1
2026,09,16,VOLKSWAGEN,POLO,31,Navarra,Private,ICE,UKL1,REST,Standard,HACH 5P,1
2026,09,16,VOLKSWAGEN,T-CROSS,31,Navarra,Private,ICE,UKL1,REST,Standard,SAV,1
2026,09,16,VOLKSWAGEN,T-ROC,31,Navarra,Private,ICE,UKL2,REST,Standard,SAV,1
2026,09,16,VOLKSWAGEN,TAIGO,31,Navarra,Private,ICE,UKL1,REST,Standard,SAV,1
2026,09,16,VOLKSWAGEN,TRANSPORTER,31,Navarra,Corporate,ICE,SKL,REST,Standard,TRANSPORTER,1
2026,09,16,BYD,ATTO 3 EVO,32,Ourense,Private,BEV,UKL2,REST,Standard,SAV,1
2026,09,16,BYD,SEAL,32,Ourense,Private,BEV,KKL,REST,Standard,SEDAN,1
2026,09,16,KIA,NIRO,32,Ourense,Private,ICE,UKL2,REST,Standard,SAV,1
2026,09,16,MERCEDES,CLASE A,32,Ourense,Corporate,ICE,UKL2,FOCUS SEGMENT,Standard,SEDAN,1
2026,09,16,MERCEDES,CLASE GLB,32,Ourense,Private,BEV,UKL2,FOCUS SEGMENT,Standard,SAV,1
2026,09,16,MG,MG S9,32,Ourense,Private,PHEV,KKL,REST,Standard,SAV,1
2026,09,16,NISSAN,JUKE,32,Ourense,Private,ICE,UKL1,REST,Standard,SAV,1
2026,09,16,RENAULT,AUSTRAL,32,Ourense,Private,ICE,UKL2,REST,Standard,SAV,1
2026,09,16,RENAULT,SYMBIOZ,32,Ourense,Private,ICE,UKL1,REST,Standard,SAV,1
2026,09,16,SKODA,KAMIQ,32,Ourense,Private,ICE,UKL1,REST,Standard,SAV,1
2026,09,16,SKODA,KAROQ,32,Ourense,Private,ICE,UKL2,REST,Standard,SAT,1
2026,09,16,TESLA,MODEL 3,32,Ourense,Private,BEV,KKL,FOCUS SEGMENT,Standard,SEDAN,1
2026,09,16,TOYOTA,COROLLA,32,Ourense,Private,ICE,UKL2,REST,Standard,HACH 5P,2
2026,09,16,VOLKSWAGEN,CADDY,32,Ourense,Private,ICE,SKL,REST,Standard,TRANSPORTER,1
2026,09,16,VOLKSWAGEN,ID.3,32,Ourense,Private,BEV,UKL2,REST,Standard,HACH 5P,1
2026,09,16,BMW,SERIE 2,33,Asturias,Private,ICE,UKL2,FOCUS SEGMENT,Standard,MPV,1
2026,09,16,BMW,X2,33,Asturias,Private,ICE,UKL2,FOCUS SEGMENT,Standard,SAV,1
2026,09,16,BYD,ATTO 2,33,Asturias,Private,BEV,UKL1,REST,Standard,SAV,2
2026,09,16,BYD,ATTO 2,33,Asturias,Private,PHEV,UKL1,REST,Standard,SAV,2
2026,09,16,BYD,DOLPHIN G,33,Asturias,Private,PHEV,UKL1,REST,Standard,HACH 5P,2
2026,09,16,BYD,DOLPHIN SURF,33,Asturias,Private,BEV,UKL0,REST,Standard,HACH 5P,1
2026,09,16,CHANGAN,DEEPAL S05,33,Asturias,Private,BEV,UKL2,REST,Standard,HACH 5P,1
2026,09,16,CITROEN,C3 AIRCROSS,33,Asturias,Corporate,ICE,UKL2,REST,Standard,SAV,1
2026,09,16,CITROEN,C4,33,Asturias,Corporate,ICE,UKL2,REST,Standard,HACH 5P,1
2026,09,16,CITROEN,JUMPER,33,Asturias,Corporate,ICE,SKL,REST,Standard,TRANSPORTER,1
2026,09,16,CITROEN,JUMPER,33,Asturias,Private,ICE,SKL,REST,Standard,TRANSPORTER,1
2026,09,16,EBRO,S700,33,Asturias,Private,ICE,UKL2,REST,Standard,SAV,1
2026,09,16,EBRO,S700,33,Asturias,Private,PHEV,UKL2,REST,Standard,SAV,1
2026,09,16,HONDA,CIVIC,33,Asturias,Private,ICE,UKL2,REST,Standard,HACH 5P,1
2026,09,16,KIA,SPORTAGE,33,Asturias,Private,ICE,UKL2,REST,Standard,SAV,1
2026,09,16,KIA,XCEED,33,Asturias,Private,ICE,UKL2,REST,Standard,HACH 5P,1
2026,09,16,LEAPMOTOR,B10,33,Asturias,Private,BEV,UKL2,REST,Standard,SAV,2
2026,09,16,LYNK & CO,LYNK&CO 01,33,Asturias,Private,PHEV,UKL2,REST,Standard,SAV,1
2026,09,16,MAZDA,CX30,33,Asturias,Private,ICE,UKL2,REST,Standard,SAV,2
2026,09,16,MERCEDES,CLASE A,33,Asturias,Private,ICE,UKL2,FOCUS SEGMENT,Standard,HACH 5P,1
2026,09,16,MERCEDES,CLASE GLC,33,Asturias,Corporate,BEV,KKL,FOCUS SEGMENT,Standard,SAV,1
2026,09,16,MG,ZS,33,Asturias,Private,ICE,UKL1,REST,Standard,SAV,1
2026,09,16,NISSAN,QASHQAI,33,Asturias,Corporate,ICE,UKL2,REST,Standard,SAT,1
2026,09,16,NISSAN,TOWNSTAR,33,Asturias,Private,ICE,SKL,REST,Standard,TRANSPORTER,1
2026,09,16,OMODA,OMODA 5,33,Asturias,Private,ICE,UKL2,REST,Standard,SAV,1
2026,09,16,OPEL,COMBO,33,Asturias,Corporate,ICE,SKL,REST,Standard,TRANSPORTER,1
2026,09,16,PEUGEOT,5008,33,Asturias,Private,ICE,KKL,REST,Standard,SUV,1
2026,09,16,SEAT,ARONA,33,Asturias,Private,ICE,UKL1,REST,Standard,SAV,1
2026,09,16,SEAT,IBIZA,33,Asturias,Private,ICE,UKL1,REST,Standard,HACH 5P,3
2026,09,16,SKODA,ENYAQ,33,Asturias,Private,BEV,UKL2,REST,Standard,SAV,1
2026,09,16,SKODA,KAROQ,33,Asturias,Private,ICE,UKL2,REST,Standard,SAT,3
2026,09,16,TESLA,MODEL 3,33,Asturias,Private,BEV,KKL,FOCUS SEGMENT,Standard,SEDAN,2
2026,09,16,TOYOTA,C-HR,33,Asturias,Private,BEV,UKL1,REST,Standard,SAV,1
2026,09,16,TOYOTA,C-HR,33,Asturias,Private,ICE,UKL1,REST,Standard,SAV,2
2026,09,16,TOYOTA,C-HR,33,Asturias,Private,PHEV,UKL1,REST,Standard,SAV,1
2026,09,16,TOYOTA,COROLLA,33,Asturias,Private,ICE,UKL2,REST,Standard,HACH 5P,1
2026,09,16,TOYOTA,LAND CRUISER,33,Asturias,Corporate,ICE,GKL,REST,Standard,SUV,2
2026,09,16,TOYOTA,RAV 4,33,Asturias,Private,PHEV,UKL2,REST,Standard,SAV,1
2026,09,16,VOLKSWAGEN,TAIGO,33,Asturias,Private,ICE,UKL1,REST,Standard,SAV,1
2026,09,16,VOLVO,EX30,33,Asturias,Private,BEV,UKL1,FOCUS SEGMENT,Standard,SAV,1
2026,09,16,BMW,X3,34,Palencia,Corporate,ICE,KKL,FOCUS SEGMENT,Standard,SAV,1
2026,09,16,MG,ZS,34,Palencia,Private,ICE,UKL1,REST,Standard,SAV,1
2026,09,16,OMODA,OMODA 5,34,Palencia,Private,ICE,UKL2,REST,Standard,SAV,1
2026,09,16,OMODA,OMODA 7,34,Palencia,Private,PHEV,KKL,REST,Standard,SAV,1
2026,09,16,TOYOTA,COROLLA,34,Palencia,Private,ICE,UKL2,REST,Standard,HACH 5P,1
2026,09,16,TOYOTA,YARIS CROSS,34,Palencia,Private,ICE,UKL1,REST,Standard,SAV,1
2026,09,16,VOLKSWAGEN,CADDY,34,Palencia,Corporate,ICE,SKL,REST,Standard,TRANSPORTER,3
2026,09,16,AUDI,Q2,35,Las Palmas,Private,ICE,UKL2,FOCUS SEGMENT,Standard,SAV,1
2026,09,16,BMW,SERIE 2,35,Las Palmas,Corporate,ICE,UKL2,FOCUS SEGMENT,Standard,MPV,1
2026,09,16,BMW,iX1,35,Las Palmas,Corporate,BEV,UKL2,FOCUS SEGMENT,Standard,SAV,1
2026,09,16,BMW,iX1,35,Las Palmas,Private,BEV,UKL2,FOCUS SEGMENT,Standard,SAV,1
2026,09,16,BYD,DOLPHIN G,35,Las Palmas,Private,PHEV,UKL1,REST,Standard,HACH 5P,1
2026,09,16,BYD,SEAL U,35,Las Palmas,Private,BEV,KKL,REST,Standard,SAV,1
2026,09,16,CITROEN,BERLINGO,35,Las Palmas,Corporate,ICE,SKL,REST,Standard,TRANSPORTER,1
2026,09,16,CITROEN,C3 AIRCROSS,35,Las Palmas,Corporate,ICE,UKL2,REST,Standard,SAV,24
2026,09,16,CITROEN,JUMPER,35,Las Palmas,Corporate,ICE,SKL,REST,Standard,TRANSPORTER,3
2026,09,16,CUPRA,TAVASCAN,35,Las Palmas,Private,BEV,UKL2,REST,Standard,SAV,1
2026,09,16,CUPRA,TERRAMAR,35,Las Palmas,Private,PHEV,UKL2,REST,Standard,SAT,2
2026,09,16,DACIA,DUSTER,35,Las Palmas,Private,ICE,SKL,REST,Standard,PICKUP,1
2026,09,16,DACIA,SANDERO,35,Las Palmas,Private,ICE,UKL1,REST,Standard,HACH 5P,3
2026,09,16,EBRO,S900,35,Las Palmas,Private,PHEV,UKL2,REST,Standard,SAV,1
2026,09,16,FIAT,DUCATO,35,Las Palmas,Corporate,ICE,SKL,REST,Standard,TRANSPORTER,1
2026,09,16,FORD,TOURNEO,35,Las Palmas,Private,ICE,SKL,REST,Standard,TRANSPORTER,1
2026,09,16,FORD,TRANSIT,35,Las Palmas,Corporate,ICE,SKL,REST,Standard,TRANSPORTER,1
2026,09,16,FORD,TRANSIT CUSTOM,35,Las Palmas,Private,ICE,SKL,REST,Standard,TRANSPORTER,1
2026,09,16,GEELY,E5,35,Las Palmas,Corporate,BEV,UKL2,REST,Standard,HACH 5P,1
2026,09,16,GEELY,E5,35,Las Palmas,Private,BEV,UKL2,REST,Standard,HACH 5P,1
2026,09,16,GEELY,GEELY E2,35,Las Palmas,Corporate,BEV,,REST,Standard,,1
2026,09,16,HYUNDAI,INSTER,35,Las Palmas,Private,BEV,UKL2,REST,Standard,SAV,1
2026,09,16,HYUNDAI,KONA,35,Las Palmas,Corporate,ICE,UKL1,REST,Standard,SAV,1
2026,09,16,KIA,EV3,35,Las Palmas,Private,BEV,UKL1,REST,Standard,SAV,1
2026,09,16,KIA,NIRO,35,Las Palmas,Private,ICE,UKL2,REST,Standard,SAV,1
2026,09,16,KIA,STONIC,35,Las Palmas,Private,ICE,UKL1,REST,Standard,SAV,4
2026,09,16,LAND ROVER,DEFENDER,35,Las Palmas,Private,ICE,MKL,FOCUS SEGMENT,Standard,SUV,1
2026,09,16,LEAPMOTOR,B10,35,Las Palmas,Corporate,BEV,UKL2,REST,Standard,SAV,1
2026,09,16,LEAPMOTOR,B10,35,Las Palmas,Private,BEV,UKL2,REST,Standard,SAV,5
2026,09,16,LEAPMOTOR,T03,35,Las Palmas,Corporate,BEV,UKL0,REST,Standard,HACH 5P,1
2026,09,16,LEAPMOTOR,T03,35,Las Palmas,Private,BEV,UKL0,REST,Standard,HACH 5P,1
2026,09,16,MAXUS,DELIVER 7,35,Las Palmas,RAC,ICE,SKL,REST,Standard,TRANSPORTER,6
2026,09,16,MAZDA,6E,35,Las Palmas,Private,BEV,MKL,REST,Standard,SEDAN,1
2026,09,16,MAZDA,CX30,35,Las Palmas,Private,ICE,UKL2,REST,Standard,SAV,1
2026,09,16,MG,MG 3,35,Las Palmas,Private,ICE,UKL1,REST,Standard,HACH 5P,1
2026,09,16,MITSUBISHI,OUTLANDER,35,Las Palmas,Private,PHEV,KKL,REST,Standard,SAV,1
2026,09,16,NISSAN,QASHQAI,35,Las Palmas,Corporate,ICE,UKL2,REST,Standard,SAT,2
2026,09,16,OMODA,OMODA 5,35,Las Palmas,Private,ICE,UKL2,REST,Standard,SAV,2
2026,09,16,PEUGEOT,BOXER,35,Las Palmas,Corporate,ICE,SKL,REST,Standard,TRANSPORTER,1
2026,09,16,POLESTAR,POLESTAR 4,35,Las Palmas,Private,BEV,KKL,FOCUS SEGMENT,Standard,SAV,1
2026,09,16,RENAULT,ARKANA,35,Las Palmas,Private,ICE,UKL2,REST,Standard,SAV,1
2026,09,16,RENAULT,AUSTRAL,35,Las Palmas,Private,ICE,UKL2,REST,Standard,SAV,1
2026,09,16,RENAULT,KANGOO,35,Las Palmas,Corporate,ICE,SKL,REST,Standard,TRANSPORTER,1
2026,09,16,RENAULT,TWINGO,35,Las Palmas,Private,BEV,UKL0,REST,Standard,HACH 5P,1
2026,09,16,SEAT,ARONA,35,Las Palmas,Corporate,ICE,UKL1,REST,Standard,SAV,1
2026,09,16,SEAT,ARONA,35,Las Palmas,Private,ICE,UKL1,REST,Standard,SAV,1
2026,09,16,SEAT,IBIZA,35,Las Palmas,Private,ICE,UKL1,REST,Standard,HACH 5P,1
2026,09,16,SEAT,LEON,35,Las Palmas,Private,ICE,UKL2,REST,Standard,HACH 5P,1
2026,09,16,SKODA,EPIQ,35,Las Palmas,Private,BEV,UKL1,REST,Standard,SAV,1
2026,09,16,SKODA,FABIA,35,Las Palmas,Private,ICE,UKL1,REST,Standard,HACH 5P,1
2026,09,16,SKODA,KAMIQ,35,Las Palmas,Corporate,ICE,UKL1,REST,Standard,SAV,1
2026,09,16,SKODA,KAMIQ,35,Las Palmas,Private,ICE,UKL1,REST,Standard,SAV,3
2026,09,16,SKODA,KAROQ,35,Las Palmas,Private,ICE,UKL2,REST,Standard,SAT,1
2026,09,16,TOYOTA,AYGO X,35,Las Palmas,Private,ICE,UKL0,REST,Standard,HACH 5P,1
2026,09,16,TOYOTA,C-HR,35,Las Palmas,Private,ICE,UKL1,REST,Standard,SAV,2
2026,09,16,TOYOTA,COROLLA,35,Las Palmas,RAC,ICE,UKL2,REST,Standard,HACH 5P,7
2026,09,16,TOYOTA,PROACE,35,Las Palmas,RAC,ICE,SKL,REST,Standard,TRANSPORTER,2
2026,09,16,TOYOTA,PROACE VERSO,35,Las Palmas,Private,ICE,SKL,REST,Standard,TRANSPORTER,1
2026,09,16,TOYOTA,YARIS,35,Las Palmas,RAC,ICE,UKL1,REST,Standard,HACH 5P,19
2026,09,16,TOYOTA,YARIS CROSS,35,Las Palmas,Private,ICE,UKL1,REST,Standard,SAV,3
2026,09,16,TOYOTA,YARIS CROSS,35,Las Palmas,RAC,ICE,UKL1,REST,Standard,SAV,72
2026,09,16,VOLKSWAGEN,AMAROK,35,Las Palmas,Corporate,ICE,SKL,REST,Standard,PICKUP,1
2026,09,16,VOLKSWAGEN,POLO,35,Las Palmas,Private,ICE,UKL1,REST,Standard,HACH 5P,1
2026,09,16,VOLKSWAGEN,T-CROSS,35,Las Palmas,Private,ICE,UKL1,REST,Standard,SAV,2
2026,09,16,VOLKSWAGEN,TRANSPORTER,35,Las Palmas,Corporate,ICE,SKL,REST,Standard,TRANSPORTER,1
2026,09,16,VOLKSWAGEN,TRANSPORTER,35,Las Palmas,Corporate,PHEV,SKL,REST,Standard,TRANSPORTER,1
2026,09,16,VOLVO,EC40,35,Las Palmas,Corporate,BEV,UKL2,FOCUS SEGMENT,Standard,SAV,1
2026,09,16,VOLVO,XC40,35,Las Palmas,Corporate,ICE,UKL2,FOCUS SEGMENT,Standard,SAV,1
2026,09,16,ALFA ROMEO,JUNIOR,36,Pontevedra,Private,ICE,UKL1,REST,Standard,SAV,1
2026,09,16,AUDI,A1,36,Pontevedra,Corporate,ICE,UKL1,FOCUS SEGMENT,Standard,HACH 5P,4
2026,09,16,AUDI,A3,36,Pontevedra,Private,PHEV,UKL2,FOCUS SEGMENT,Standard,HACH 5P,1
2026,09,16,AUDI,Q2,36,Pontevedra,Corporate,ICE,UKL2,FOCUS SEGMENT,Standard,SAV,4
2026,09,16,BMW,X3,36,Pontevedra,Private,PHEV,KKL,FOCUS SEGMENT,Standard,SAV,1
2026,09,16,BYD,ATTO 3 EVO,36,Pontevedra,Private,BEV,UKL2,REST,Standard,SAV,1
2026,09,16,CITROEN,C3,36,Pontevedra,Corporate,ICE,UKL1,REST,Standard,HACH 5P,1
2026,09,16,CITROEN,C3,36,Pontevedra,Private,ICE,UKL1,REST,Standard,HACH 5P,1
2026,09,16,CITROEN,C4,36,Pontevedra,Private,ICE,UKL2,REST,Standard,HACH 5P,1
2026,09,16,CUPRA,FORMENTOR,36,Pontevedra,Private,PHEV,UKL2,REST,Standard,SAT,1
2026,09,16,DACIA,BIGSTER,36,Pontevedra,Private,ICE,UKL2,REST,Standard,SAV,1
2026,09,16,DACIA,JOGGER,36,Pontevedra,Private,ICE,UKL2,REST,Standard,MPV,1
2026,09,16,DACIA,SANDERO,36,Pontevedra,Private,ICE,UKL1,REST,Standard,HACH 5P,2
2026,09,16,EBRO,S400,36,Pontevedra,Private,ICE,UKL2,REST,Standard,SAV,2
2026,09,16,EBRO,S700,36,Pontevedra,Private,PHEV,UKL2,REST,Standard,SAV,1
2026,09,16,GEELY,E5,36,Pontevedra,Private,BEV,UKL2,REST,Standard,HACH 5P,1
2026,09,16,KIA,EV2,36,Pontevedra,Private,BEV,UKL1,REST,Standard,SAV,1
2026,09,16,KIA,EV3,36,Pontevedra,Private,BEV,UKL1,REST,Standard,SAV,1
2026,09,16,LEAPMOTOR,B05,36,Pontevedra,Private,BEV,UKL1,REST,Standard,HACH 5P,1
2026,09,16,LEAPMOTOR,C10,36,Pontevedra,Private,BEV,MKL,REST,Standard,SAV,1
2026,09,16,LEAPMOTOR,T03,36,Pontevedra,Corporate,BEV,UKL0,REST,Standard,HACH 5P,1
2026,09,16,LEXUS,NX,36,Pontevedra,Corporate,PHEV,KKL,FOCUS SEGMENT,Standard,SAV,1
2026,09,16,LYNK & CO,LYNK&CO 08,36,Pontevedra,Private,PHEV,UKL2,REST,Standard,SAV,1
2026,09,16,MAZDA,6E,36,Pontevedra,Private,BEV,MKL,REST,Standard,SEDAN,1
2026,09,16,MERCEDES,CLASE GLA,36,Pontevedra,Private,PHEV,UKL2,FOCUS SEGMENT,Standard,SAV,1
2026,09,16,MERCEDES,CLASE GLC,36,Pontevedra,Corporate,PHEV,KKL,FOCUS SEGMENT,Standard,SAV,1
2026,09,16,MERCEDES,CLASE GLC,36,Pontevedra,Private,PHEV,KKL,FOCUS SEGMENT,Standard,SAV,1
2026,09,16,NISSAN,QASHQAI,36,Pontevedra,Private,ICE,UKL2,REST,Standard,SAT,1
2026,09,16,OMODA,OMODA 5,36,Pontevedra,Private,ICE,UKL2,REST,Standard,SAV,1
2026,09,16,OMODA,OMODA 9,36,Pontevedra,Corporate,PHEV,KKL,REST,Standard,SAV,1
2026,09,16,PEUGEOT,2008,36,Pontevedra,Private,ICE,UKL1,REST,Standard,SAV,1
2026,09,16,PEUGEOT,208,36,Pontevedra,Corporate,ICE,UKL1,REST,Standard,HACH 5P,1
2026,09,16,RENAULT,5,36,Pontevedra,Private,BEV,UKL1,REST,Standard,HACH 5P,1
2026,09,16,RENAULT,SYMBIOZ,36,Pontevedra,Private,ICE,UKL1,REST,Standard,SAV,1
2026,09,16,SEAT,IBIZA,36,Pontevedra,Private,ICE,UKL1,REST,Standard,HACH 5P,2
2026,09,16,SEAT,LEON,36,Pontevedra,Corporate,ICE,UKL2,REST,Standard,HACH 5P,1
2026,09,16,SKODA,KAROQ,36,Pontevedra,Private,ICE,UKL2,REST,Standard,SAT,1
2026,09,16,SOCAGE,SOCAGE16S,36,Pontevedra,Corporate,ICE,,REST,Standard,,1
2026,09,16,TESLA,MODEL 3,36,Pontevedra,Private,BEV,KKL,FOCUS SEGMENT,Standard,SEDAN,2
2026,09,16,TOYOTA,COROLLA,36,Pontevedra,Private,ICE,UKL2,REST,Standard,HACH 5P,1
2026,09,16,TOYOTA,YARIS CROSS,36,Pontevedra,Private,ICE,UKL1,REST,Standard,SAV,1
2026,09,16,VOLKSWAGEN,GOLF,36,Pontevedra,Private,PHEV,UKL2,REST,Standard,HACH 5P,1
2026,09,16,VOLKSWAGEN,ID. POLO 155KW,36,Pontevedra,Corporate,BEV,UKL1,REST,Standard,HACH 5P,1
2026,09,16,VOLKSWAGEN,ID.4,36,Pontevedra,Corporate,BEV,UKL2,REST,Standard,SAV,1
2026,09,16,VOLVO,EX30,36,Pontevedra,Private,BEV,UKL1,FOCUS SEGMENT,Standard,SAV,2
2026,09,16,VOLVO,XC40,36,Pontevedra,Private,ICE,UKL2,FOCUS SEGMENT,Standard,SAV,1
2026,09,16,VOLVO,XC60,36,Pontevedra,Private,ICE,KKL,FOCUS SEGMENT,Standard,SAV,1
2026,09,16,AUDI,Q4 E-TRON,37,Salamanca,Corporate,BEV,UKL2,FOCUS SEGMENT,Standard,SAV,1
2026,09,16,BMW,X1,37,Salamanca,Private,ICE,UKL2,FOCUS SEGMENT,Standard,SAV,1
2026,09,16,BMW,iX1,37,Salamanca,Private,BEV,UKL2,FOCUS SEGMENT,Standard,SAV,1
2026,09,16,DACIA,BIGSTER,37,Salamanca,Private,ICE,UKL2,REST,Standard,SAV,1
2026,09,16,DACIA,DUSTER,37,Salamanca,Private,ICE,SKL,REST,Standard,PICKUP,1
2026,09,16,FORD,TRANSIT CONNECT,37,Salamanca,Corporate,ICE,SKL,REST,Standard,TRANSPORTER,1
2026,09,16,KIA,STONIC,37,Salamanca,Private,ICE,UKL1,REST,Standard,SAV,1
2026,09,16,LYNK & CO,LYNK&CO 08,37,Salamanca,Private,PHEV,UKL2,REST,Standard,SAV,1
2026,09,16,RENAULT,CAPTUR,37,Salamanca,Corporate,ICE,UKL1,REST,Standard,SAV,3
2026,09,16,SEAT,LEON,37,Salamanca,Private,ICE,UKL2,REST,Standard,HACH 5P,1
2026,09,16,TOYOTA,C-HR,37,Salamanca,Private,ICE,UKL1,REST,Standard,SAV,1
2026,09,16,VOLKSWAGEN,T-ROC,37,Salamanca,Private,ICE,UKL2,REST,Standard,SAV,1
2026,09,16,VOLKSWAGEN,TIGUAN,37,Salamanca,Private,ICE,UKL2,REST,Standard,SAV,1
2026,09,16,BMW,SERIE 1,38,S.C. Tenerife,Private,ICE,UKL2,FOCUS SEGMENT,Standard,HACH 5P,2
2026,09,16,CUPRA,RAVAL,38,S.C. Tenerife,Private,BEV,UKL1,REST,Standard,HACH 5P,1
2026,09,16,DACIA,BIGSTER,38,S.C. Tenerife,Private,ICE,UKL2,REST,Standard,SAV,3
2026,09,16,DACIA,SANDERO,38,S.C. Tenerife,Private,ICE,UKL1,REST,Standard,HACH 5P,2
2026,09,16,FORD,TOURNEO,38,S.C. Tenerife,Private,ICE,SKL,REST,Standard,TRANSPORTER,1
2026,09,16,HYUNDAI,I20,38,S.C. Tenerife,Private,ICE,UKL1,REST,Standard,HACH 5P,1
2026,09,16,HYUNDAI,KONA,38,S.C. Tenerife,Corporate,ICE,UKL1,REST,Standard,SAV,1
2026,09,16,KIA,NIRO,38,S.C. Tenerife,Private,ICE,UKL2,REST,Standard,SAV,1
2026,09,16,KIA,STONIC,38,S.C. Tenerife,Private,ICE,UKL1,REST,Standard,SAV,1
2026,09,16,LEXUS,LBX,38,S.C. Tenerife,Private,ICE,UKL1,FOCUS SEGMENT,Standard,SAV,1
2026,09,16,LEXUS,UX,38,S.C. Tenerife,Private,ICE,UKL2,FOCUS SEGMENT,Standard,SAV,1
2026,09,16,MAZDA,MAZDA 2,38,S.C. Tenerife,Private,ICE,UKL1,REST,Standard,HACH 5P,1
2026,09,16,MERCEDES,CLASE T,38,S.C. Tenerife,Corporate,ICE,SKL,REST,Standard,TRANSPORTER,1
2026,09,16,NISSAN,MICRA,38,S.C. Tenerife,Private,BEV,UKL1,REST,Standard,HACH 5P,1
2026,09,16,OPEL,CORSA,38,S.C. Tenerife,Private,ICE,UKL1,REST,Standard,HACH 5P,2
2026,09,16,OPEL,MOKKA,38,S.C. Tenerife,Private,ICE,UKL1,REST,Standard,SAV,1
2026,09,16,RENAULT,AUSTRAL,38,S.C. Tenerife,Private,ICE,UKL2,REST,Standard,SAV,2
2026,09,16,RENAULT,CAPTUR,38,S.C. Tenerife,Private,ICE,UKL1,REST,Standard,SAV,2
2026,09,16,RENAULT,MASTER,38,S.C. Tenerife,Corporate,ICE,SKL,REST,Standard,TRANSPORTER,1
2026,09,16,SEAT,ARONA,38,S.C. Tenerife,Private,ICE,UKL1,REST,Standard,SAV,1
2026,09,16,SEAT,ATECA,38,S.C. Tenerife,Private,ICE,UKL2,REST,Standard,SAT,1
2026,09,16,SEAT,IBIZA,38,S.C. Tenerife,Private,ICE,UKL1,REST,Standard,HACH 5P,3
2026,09,16,TESLA,MODEL Y,38,S.C. Tenerife,Private,BEV,KKL,FOCUS SEGMENT,Standard,SAT,1
2026,09,16,TOYOTA,AYGO X,38,S.C. Tenerife,Private,ICE,UKL0,REST,Standard,HACH 5P,1
2026,09,16,TOYOTA,COROLLA,38,S.C. Tenerife,Private,ICE,UKL2,REST,Standard,HACH 5P,1
2026,09,16,TOYOTA,YARIS,38,S.C. Tenerife,Private,ICE,UKL1,REST,Standard,HACH 5P,1
2026,09,16,TOYOTA,YARIS CROSS,38,S.C. Tenerife,Private,ICE,UKL1,REST,Standard,SAV,3
2026,09,16,VOLKSWAGEN,GOLF,38,S.C. Tenerife,Private,ICE,UKL2,REST,Standard,HACH 5P,1
2026,09,16,VOLKSWAGEN,ID.BUZZ,38,S.C. Tenerife,Private,BEV,SKL,REST,Standard,TRANSPORTER,1
2026,09,16,VOLKSWAGEN,POLO,38,S.C. Tenerife,Corporate,ICE,UKL1,REST,Standard,HACH 5P,1
2026,09,16,VOLKSWAGEN,T-CROSS,38,S.C. Tenerife,Private,ICE,UKL1,REST,Standard,SAV,1
2026,09,16,VOLKSWAGEN,TAIGO,38,S.C. Tenerife,Private,ICE,UKL1,REST,Standard,SAV,1
2026,09,16,VOLKSWAGEN,TAIGO,38,S.C. Tenerife,RAC,ICE,UKL1,REST,Standard,SAV,1
2026,09,16,AUDI,A3,39,Cantabria,Private,ICE,UKL2,FOCUS SEGMENT,Standard,HACH 5P,1
2026,09,16,AUDI,A6,39,Cantabria,Corporate,PHEV,MKL,FOCUS SEGMENT,Standard,SEDAN,1
2026,09,16,BAW,212 T01,39,Cantabria,Corporate,ICE,UKL2,REST,Standard,SAV,1
2026,09,16,BMW,SERIE 1,39,Cantabria,Private,ICE,UKL2,FOCUS SEGMENT,Standard,HACH 5P,1
2026,09,16,DACIA,DUSTER,39,Cantabria,Private,ICE,SKL,REST,Standard,PICKUP,1
2026,09,16,DACIA,SANDERO,39,Cantabria,Private,ICE,UKL1,REST,Standard,HACH 5P,2
2026,09,16,EVO,CROSS 4,39,Cantabria,Private,ICE,SKL,REST,Standard,PICKUP,1
2026,09,16,FORD,PUMA,39,Cantabria,Private,ICE,UKL1,REST,Standard,SAV,1
2026,09,16,FORD,TRANSIT COURIER,39,Cantabria,Corporate,ICE,SKL,REST,Standard,TRANSPORTER,1
2026,09,16,FORD,TRANSIT CUSTOM,39,Cantabria,Private,ICE,SKL,REST,Standard,TRANSPORTER,1
2026,09,16,GEELY,E5,39,Cantabria,Private,BEV,UKL2,REST,Standard,HACH 5P,1
2026,09,16,GEELY,STARRAY,39,Cantabria,Private,PHEV,UKL2,REST,Standard,HACH 5P,1
2026,09,16,HONDA,HR-V,39,Cantabria,Corporate,ICE,UKL1,REST,Standard,SAV,1
2026,09,16,HONDA,ZR-V,39,Cantabria,Corporate,ICE,UKL2,REST,Standard,SAV,1
2026,09,16,JAECOO,JAECOO 5,39,Cantabria,Private,ICE,UKL1,REST,Standard,SAV,1
2026,09,16,KIA,NIRO,39,Cantabria,Private,ICE,UKL2,REST,Standard,SAV,1
2026,09,16,MERCEDES,CLASE A,39,Cantabria,Private,ICE,UKL2,FOCUS SEGMENT,Standard,SEDAN,1
2026,09,16,MG,MG 4,39,Cantabria,Private,BEV,UKL2,REST,Standard,HACH 5P,1
2026,09,16,MINI,CABRIO,39,Cantabria,Private,ICE,UKL1,FOCUS SEGMENT,Standard,CABRIO,1
2026,09,16,NISSAN,QASHQAI,39,Cantabria,Private,ICE,UKL2,REST,Standard,SAT,1
2026,09,16,OPEL,CORSA,39,Cantabria,Corporate,ICE,UKL1,REST,Standard,HACH 5P,3
2026,09,16,PORSCHE,CAYENNE COUPE,39,Cantabria,Private,PHEV,MKL,FOCUS SEGMENT,Standard,SAV,1
2026,09,16,RENAULT,KANGOO,39,Cantabria,Corporate,ICE,SKL,REST,Standard,TRANSPORTER,1
2026,09,16,RENAULT,RAFALE,39,Cantabria,Private,PHEV,UKL2,REST,Standard,SAV,1
2026,09,16,SKODA,KAMIQ,39,Cantabria,Private,ICE,UKL1,REST,Standard,SAV,1
2026,09,16,TESLA,MODEL 3,39,Cantabria,Private,BEV,KKL,FOCUS SEGMENT,Standard,SEDAN,3
2026,09,16,TOYOTA,C-HR,39,Cantabria,Corporate,ICE,UKL1,REST,Standard,SAV,1
2026,09,16,TOYOTA,C-HR,39,Cantabria,Corporate,PHEV,UKL1,REST,Standard,SAV,1
2026,09,16,TOYOTA,C-HR,39,Cantabria,Private,BEV,UKL1,REST,Standard,SAV,1
2026,09,16,TOYOTA,COROLLA,39,Cantabria,Corporate,ICE,UKL2,REST,Standard,HACH 5P,2
2026,09,16,TOYOTA,RAV 4,39,Cantabria,Private,PHEV,UKL2,REST,Standard,SAV,1
2026,09,16,TOYOTA,YARIS CROSS,39,Cantabria,Corporate,ICE,UKL1,REST,Standard,SAV,1
2026,09,16,TOYOTA,YARIS CROSS,39,Cantabria,Private,ICE,UKL1,REST,Standard,SAV,3
2026,09,16,VOLKSWAGEN,ID.3,39,Cantabria,Private,BEV,UKL2,REST,Standard,HACH 5P,1
2026,09,16,BYD,ATTO 2,40,Segovia,Private,BEV,UKL1,REST,Standard,SAV,1
2026,09,16,DACIA,DUSTER,40,Segovia,Private,ICE,SKL,REST,Standard,PICKUP,1
2026,09,16,FIAT,E-ULYSSE,40,Segovia,Private,ICE,SKL,REST,Standard,TRANSPORTER,1
2026,09,16,MG,ZS,40,Segovia,Private,ICE,UKL1,REST,Standard,SAV,1
2026,09,16,RENAULT,CAPTUR,40,Segovia,Corporate,ICE,UKL1,REST,Standard,SAV,1
2026,09,16,SEAT,IBIZA,40,Segovia,Private,ICE,UKL1,REST,Standard,HACH 5P,1
2026,09,16,SEAT,LEON,40,Segovia,Corporate,ICE,UKL2,REST,Standard,HACH 5P,1
2026,09,16,TOYOTA,C-HR,40,Segovia,Corporate,BEV,UKL1,REST,Standard,SAV,1
2026,09,16,TOYOTA,C-HR,40,Segovia,Private,ICE,UKL1,REST,Standard,SAV,1
2026,09,16,TOYOTA,COROLLA,40,Segovia,Private,ICE,UKL2,REST,Standard,HACH 5P,1
2026,09,16,AUDI,Q3,41,Sevilla,Private,ICE,UKL2,FOCUS SEGMENT,Standard,SAV,1
2026,09,16,AUDI,Q3 SPORTBACK,41,Sevilla,Private,PHEV,UKL2,FOCUS SEGMENT,Standard,SAV,1
2026,09,16,BAW,212 T01,41,Sevilla,Private,ICE,UKL2,REST,Standard,SAV,1
2026,09,16,BMW,X2,41,Sevilla,Private,ICE,UKL2,FOCUS SEGMENT,Standard,SAV,1
2026,09,16,BMW,iX2,41,Sevilla,Private,BEV,UKL2,FOCUS SEGMENT,Standard,SAV,1
2026,09,16,CITROEN,BERLINGO,41,Sevilla,Private,ICE,SKL,REST,Standard,TRANSPORTER,1
2026,09,16,CITROEN,C3,41,Sevilla,Private,ICE,UKL1,REST,Standard,HACH 5P,1
2026,09,16,CITROEN,C4,41,Sevilla,Private,ICE,UKL2,REST,Standard,HACH 5P,1
2026,09,16,DACIA,BIGSTER,41,Sevilla,Private,ICE,UKL2,REST,Standard,SAV,1
2026,09,16,DACIA,SANDERO,41,Sevilla,Private,ICE,UKL1,REST,Standard,HACH 5P,2
2026,09,16,EBRO,S400,41,Sevilla,Private,ICE,UKL2,REST,Standard,SAV,1
2026,09,16,FIAT,DUCATO,41,Sevilla,Private,ICE,SKL,REST,Standard,TRANSPORTER,1
2026,09,16,FORD,TOURNEO,41,Sevilla,Private,ICE,SKL,REST,Standard,TRANSPORTER,1
2026,09,16,HONDA,HR-V,41,Sevilla,Private,ICE,UKL1,REST,Standard,SAV,1
2026,09,16,HONDA,ZR-V,41,Sevilla,Private,ICE,UKL2,REST,Standard,SAV,1
2026,09,16,HYUNDAI,I30,41,Sevilla,Private,ICE,UKL2,REST,Standard,HACH 5P,1
2026,09,16,KIA,EV2,41,Sevilla,Private,BEV,UKL1,REST,Standard,SAV,1
2026,09,16,KIA,NIRO,41,Sevilla,Private,ICE,UKL2,REST,Standard,SAV,2
2026,09,16,KIA,SPORTAGE,41,Sevilla,Private,ICE,UKL2,REST,Standard,SAV,2
2026,09,16,LEAPMOTOR,T03,41,Sevilla,Private,BEV,UKL0,REST,Standard,HACH 5P,1
2026,09,16,LYNK & CO,LYNK&CO 01,41,Sevilla,Private,PHEV,UKL2,REST,Standard,SAV,1
2026,09,16,LYNK & CO,LYNK&CO 02,41,Sevilla,Private,BEV,UKL2,REST,Standard,SAV,1
2026,09,16,MAZDA,MAZDA 2,41,Sevilla,Private,ICE,UKL1,REST,Standard,HACH 5P,1
2026,09,16,MERCEDES,CLASE A,41,Sevilla,Private,ICE,UKL2,FOCUS SEGMENT,Standard,HACH 5P,1
2026,09,16,MERCEDES,CLASE CLA,41,Sevilla,Private,ICE,UKL2,FOCUS SEGMENT,Standard,SEDAN,1
2026,09,16,MERCEDES,CLASE CLE,41,Sevilla,Private,ICE,MKL,FOCUS SEGMENT,M Performance,COUPE,1
2026,09,16,MG,HS,41,Sevilla,Private,ICE,KKL,REST,Standard,SAV,1
2026,09,16,MG,ZS,41,Sevilla,Private,ICE,UKL1,REST,Standard,SAV,1
2026,09,16,MINI,HATCHBACK,41,Sevilla,Private,BEV,UKL1,FOCUS SEGMENT,Standard,HACH 3P,1
2026,09,16,MINI,HATCHBACK,41,Sevilla,Private,ICE,UKL1,FOCUS SEGMENT,Standard,HACH 3P,1
2026,09,16,OMODA,OMODA 5,41,Sevilla,Private,ICE,UKL2,REST,Standard,SAV,1
2026,09,16,OMODA,OMODA 7,41,Sevilla,Private,PHEV,KKL,REST,Standard,SAV,1
2026,09,16,OPEL,CORSA,41,Sevilla,Private,ICE,UKL1,REST,Standard,HACH 5P,1
2026,09,16,OPEL,GRANDLAND X,41,Sevilla,Private,ICE,UKL2,REST,Standard,SAV,1
2026,09,16,PEUGEOT,2008,41,Sevilla,Private,ICE,UKL1,REST,Standard,SAV,1
2026,09,16,PEUGEOT,3008,41,Sevilla,Private,ICE,UKL2,REST,Standard,SAT,2
2026,09,16,RENAULT,ESPACE,41,Sevilla,Private,ICE,KKL,REST,Standard,SAV,1
2026,09,16,SEAT,ARONA,41,Sevilla,Private,ICE,UKL1,REST,Standard,SAV,1
2026,09,16,SEAT,ATECA,41,Sevilla,Private,ICE,UKL2,REST,Standard,SAT,1
2026,09,16,SEAT,IBIZA,41,Sevilla,Private,ICE,UKL1,REST,Standard,HACH 5P,4
2026,09,16,SEAT,LEON,41,Sevilla,Private,ICE,UKL2,REST,Standard,HACH 5P,2
2026,09,16,SKODA,KAROQ,41,Sevilla,Private,ICE,UKL2,REST,Standard,SAT,1
2026,09,16,TESLA,MODEL 3,41,Sevilla,Private,BEV,KKL,FOCUS SEGMENT,Standard,SEDAN,4
2026,09,16,TESLA,MODEL Y,41,Sevilla,Corporate,BEV,KKL,FOCUS SEGMENT,Standard,SAT,1
2026,09,16,TESLA,MODEL Y,41,Sevilla,Private,BEV,KKL,FOCUS SEGMENT,Standard,SAT,6
2026,09,16,TOYOTA,C-HR,41,Sevilla,Private,BEV,UKL1,REST,Standard,SAV,1
2026,09,16,TOYOTA,COROLLA,41,Sevilla,Private,ICE,UKL2,REST,Standard,HACH 5P,2
2026,09,16,TOYOTA,PROACE,41,Sevilla,Corporate,BEV,SKL,REST,Standard,TRANSPORTER,1
2026,09,16,TOYOTA,RAV 4,41,Sevilla,Private,PHEV,UKL2,REST,Standard,SAV,3
2026,09,16,VOLKSWAGEN,CRAFTER,41,Sevilla,Corporate,ICE,SKL,REST,Standard,TRANSPORTER,1
2026,09,16,VOLKSWAGEN,GOLF,41,Sevilla,Corporate,ICE,UKL2,REST,Standard,HACH 5P,1
2026,09,16,VOLKSWAGEN,GOLF,41,Sevilla,Private,ICE,UKL2,REST,Standard,HACH 5P,1
2026,09,16,VOLKSWAGEN,ID. POLO 155KW,41,Sevilla,Corporate,BEV,UKL1,REST,Standard,HACH 5P,2
2026,09,16,VOLKSWAGEN,T-CROSS,41,Sevilla,Private,ICE,UKL1,REST,Standard,SAV,1
2026,09,16,VOLKSWAGEN,T-ROC,41,Sevilla,Corporate,ICE,UKL2,REST,Standard,SAV,1
2026,09,16,VOLKSWAGEN,T-ROC,41,Sevilla,Private,ICE,UKL2,REST,Standard,SAV,2
2026,09,16,VOLKSWAGEN,TAIGO,41,Sevilla,Private,ICE,UKL1,REST,Standard,SAV,1
2026,09,16,VOLKSWAGEN,TAYRON,41,Sevilla,Private,PHEV,UKL2,REST,Standard,SAV,1
2026,09,16,JAECOO,JAECOO 5,42,Soria,Private,ICE,UKL1,REST,Standard,SAV,1
2026,09,16,MERCEDES,SPRINTER 300,42,Soria,Corporate,ICE,SKL,REST,Standard,TRANSPORTER,1
2026,09,16,RENAULT,SYMBIOZ,42,Soria,Corporate,ICE,UKL1,REST,Standard,SAV,1
2026,09,16,TOYOTA,COROLLA,42,Soria,Private,ICE,UKL2,REST,Standard,HACH 5P,1
2026,09,16,BAW,212 T01,43,Tarragona,Private,ICE,UKL2,REST,Standard,SAV,1
2026,09,16,BMW,X3,43,Tarragona,Private,ICE,KKL,FOCUS SEGMENT,Standard,SAV,1
2026,09,16,BYD,ATTO 3 EVO,43,Tarragona,Private,BEV,UKL2,REST,Standard,SAV,1
2026,09,16,BYD,DOLPHIN G,43,Tarragona,Private,PHEV,UKL1,REST,Standard,HACH 5P,1
2026,09,16,BYD,DOLPHIN SURF,43,Tarragona,Private,BEV,UKL0,REST,Standard,HACH 5P,6
2026,09,16,BYD,SEAL U,43,Tarragona,Private,PHEV,KKL,REST,Standard,SAV,1
2026,09,16,CITROEN,C3,43,Tarragona,Private,ICE,UKL1,REST,Standard,HACH 5P,1
2026,09,16,CITROEN,C4,43,Tarragona,Private,BEV,UKL2,REST,Standard,HACH 5P,1
2026,09,16,CITROEN,C4,43,Tarragona,Private,ICE,UKL2,REST,Standard,HACH 5P,1
2026,09,16,CITROEN,C5 AIRCROSS,43,Tarragona,Private,ICE,UKL2,REST,Standard,SAV,1
2026,09,16,DACIA,DUSTER,43,Tarragona,Private,ICE,SKL,REST,Standard,PICKUP,1
2026,09,16,DACIA,SANDERO,43,Tarragona,Private,ICE,UKL1,REST,Standard,HACH 5P,1
2026,09,16,FORD,TOURNEO,43,Tarragona,Private,PHEV,SKL,REST,Standard,TRANSPORTER,1
2026,09,16,FORD,TRANSIT CUSTOM,43,Tarragona,Private,ICE,SKL,REST,Standard,TRANSPORTER,1
2026,09,16,GEELY,GEELY E2,43,Tarragona,Private,BEV,,REST,Standard,,1
2026,09,16,GEELY,STARRAY,43,Tarragona,Private,PHEV,UKL2,REST,Standard,HACH 5P,1
2026,09,16,IVECO,DAILY,43,Tarragona,Corporate,ICE,SKL,REST,Standard,TRANSPORTER,1
2026,09,16,JAECOO,JAECOO 7,43,Tarragona,Corporate,ICE,UKL2,REST,Standard,SAV,1
2026,09,16,KIA,EV3,43,Tarragona,Private,BEV,UKL1,REST,Standard,SAV,1
2026,09,16,KIA,SPORTAGE,43,Tarragona,Private,ICE,UKL2,REST,Standard,SAV,2
2026,09,16,MAN,TGE,43,Tarragona,Corporate,ICE,SKL,REST,Standard,TRANSPORTER,1
2026,09,16,MAZDA,6E,43,Tarragona,Private,BEV,MKL,REST,Standard,SEDAN,1
2026,09,16,MERCEDES,CLASE GLB,43,Tarragona,Corporate,ICE,UKL2,FOCUS SEGMENT,Standard,SAV,1
2026,09,16,MINI,HATCHBACK,43,Tarragona,Private,BEV,UKL1,FOCUS SEGMENT,Standard,HACH 3P,1
2026,09,16,MITSUBISHI,OUTLANDER,43,Tarragona,Private,PHEV,KKL,REST,Standard,SAV,1
2026,09,16,NISSAN,JUKE,43,Tarragona,Private,ICE,UKL1,REST,Standard,SAV,1
2026,09,16,NISSAN,QASHQAI,43,Tarragona,Corporate,ICE,UKL2,REST,Standard,SAT,1
2026,09,16,NISSAN,X-TRAIL,43,Tarragona,Private,ICE,KKL,REST,Standard,SUV,1
2026,09,16,OMODA,OMODA 5,43,Tarragona,Private,ICE,UKL2,REST,Standard,SAV,1
2026,09,16,PEUGEOT,2008,43,Tarragona,Private,ICE,UKL1,REST,Standard,SAV,1
2026,09,16,PEUGEOT,BOXER,43,Tarragona,Corporate,ICE,SKL,REST,Standard,TRANSPORTER,1
2026,09,16,RENAULT,MASTER,43,Tarragona,Corporate,ICE,SKL,REST,Standard,TRANSPORTER,1
2026,09,16,SEAT,IBIZA,43,Tarragona,Private,ICE,UKL1,REST,Standard,HACH 5P,1
2026,09,16,TESLA,MODEL 3,43,Tarragona,Private,BEV,KKL,FOCUS SEGMENT,Standard,SEDAN,3
2026,09,16,TESLA,MODEL Y,43,Tarragona,Private,BEV,KKL,FOCUS SEGMENT,Standard,SAT,4
2026,09,16,TOYOTA,C-HR,43,Tarragona,Private,BEV,UKL1,REST,Standard,SAV,1
2026,09,16,TOYOTA,C-HR,43,Tarragona,Private,ICE,UKL1,REST,Standard,SAV,1
2026,09,16,TOYOTA,C-HR,43,Tarragona,Private,PHEV,UKL1,REST,Standard,SAV,1
2026,09,16,TOYOTA,COROLLA,43,Tarragona,Private,ICE,UKL2,REST,Standard,HACH 5P,1
2026,09,16,TOYOTA,RAV 4,43,Tarragona,Private,PHEV,UKL2,REST,Standard,SAV,1
2026,09,16,TOYOTA,YARIS CROSS,43,Tarragona,Private,ICE,UKL1,REST,Standard,SAV,1
2026,09,16,VOLKSWAGEN,CADDY,43,Tarragona,Private,PHEV,SKL,REST,Standard,TRANSPORTER,1
2026,09,16,VOLKSWAGEN,GOLF,43,Tarragona,Private,PHEV,UKL2,REST,Standard,HACH 5P,1
2026,09,16,VOLKSWAGEN,ID.3,43,Tarragona,Private,BEV,UKL2,REST,Standard,HACH 5P,1
2026,09,16,VOLKSWAGEN,ID.BUZZ,43,Tarragona,Corporate,BEV,SKL,REST,Standard,TRANSPORTER,1
2026,09,16,VOLKSWAGEN,T-CROSS,43,Tarragona,Private,ICE,UKL1,REST,Standard,SAV,1
2026,09,16,VOLVO,EX30,43,Tarragona,Private,BEV,UKL1,FOCUS SEGMENT,Standard,SAV,1
2026,09,16,VOLVO,XC40,43,Tarragona,Private,ICE,UKL2,FOCUS SEGMENT,Standard,SAV,1
2026,09,16,FORD,TRANSIT CUSTOM,44,Teruel,Corporate,PHEV,SKL,REST,Standard,TRANSPORTER,1
2026,09,16,MAZDA,CX80,44,Teruel,Corporate,ICE,KKL,REST,Standard,SAV,1
2026,09,16,MERCEDES,CLASE GLC,44,Teruel,Private,PHEV,KKL,FOCUS SEGMENT,Standard,SAV,1
2026,09,16,MG,HS,44,Teruel,Private,ICE,KKL,REST,Standard,SAV,1
2026,09,16,NISSAN,QASHQAI,44,Teruel,Private,ICE,UKL2,REST,Standard,SAT,1
2026,09,16,RENAULT,CAPTUR,44,Teruel,Private,ICE,UKL1,REST,Standard,SAV,1
2026,09,16,TOYOTA,C-HR,44,Teruel,Private,ICE,UKL1,REST,Standard,SAV,1
2026,09,16,BYD,ATTO 2,45,Toledo,Private,BEV,UKL1,REST,Standard,SAV,1
2026,09,16,BYD,SEAL U,45,Toledo,Private,PHEV,KKL,REST,Standard,SAV,1
2026,09,16,CITROEN,C3,45,Toledo,Private,BEV,UKL1,REST,Standard,HACH 5P,1
2026,09,16,CITROEN,C3,45,Toledo,Private,ICE,UKL1,REST,Standard,HACH 5P,2
2026,09,16,CITROEN,C4,45,Toledo,Corporate,ICE,UKL2,REST,Standard,HACH 5P,2
2026,09,16,CITROEN,C5 AIRCROSS,45,Toledo,Corporate,ICE,UKL2,REST,Standard,SAV,2
2026,09,16,CITROEN,C5 AIRCROSS,45,Toledo,Corporate,PHEV,UKL2,REST,Standard,SAV,1
2026,09,16,CITROEN,C5 AIRCROSS,45,Toledo,Private,ICE,UKL2,REST,Standard,SAV,1
2026,09,16,CUPRA,TERRAMAR,45,Toledo,Private,PHEV,UKL2,REST,Standard,SAT,1
2026,09,16,DACIA,SANDERO,45,Toledo,Private,ICE,UKL1,REST,Standard,HACH 5P,1
2026,09,16,DS,DS7 CROSSBACK,45,Toledo,Corporate,ICE,UKL2,REST,Standard,SAV,1
2026,09,16,DS,N 7 ÉTOILE HYBRID 145,45,Toledo,Corporate,ICE,,REST,Standard,,1
2026,09,16,EBRO,S400,45,Toledo,Corporate,ICE,UKL2,REST,Standard,SAV,1
2026,09,16,EBRO,S400,45,Toledo,Private,ICE,UKL2,REST,Standard,SAV,1
2026,09,16,EBRO,S800,45,Toledo,Private,PHEV,KKL,REST,Standard,SAV,1
2026,09,16,EBRO,S900,45,Toledo,Corporate,PHEV,UKL2,REST,Standard,SAV,1
2026,09,16,FIAT,600,45,Toledo,Private,ICE,UKL1,REST,Standard,SAV,1
2026,09,16,KIA,SPORTAGE,45,Toledo,Private,ICE,UKL2,REST,Standard,SAV,1
2026,09,16,LEAPMOTOR,C10,45,Toledo,Private,BEV,MKL,REST,Standard,SAV,1
2026,09,16,LEAPMOTOR,T03,45,Toledo,Corporate,BEV,UKL0,REST,Standard,HACH 5P,1
2026,09,16,LEXUS,UX,45,Toledo,Private,ICE,UKL2,FOCUS SEGMENT,Standard,SAV,1
2026,09,16,MG,HS,45,Toledo,Private,PHEV,KKL,REST,Standard,SAV,1
2026,09,16,OMODA,OMODA 5,45,Toledo,Private,BEV,UKL2,REST,Standard,SAV,1
2026,09,16,PEUGEOT,2008,45,Toledo,Private,ICE,UKL1,REST,Standard,SAV,1
2026,09,16,PEUGEOT,208,45,Toledo,Corporate,ICE,UKL1,REST,Standard,HACH 5P,1
2026,09,16,RENAULT,MASTER,45,Toledo,Corporate,ICE,SKL,REST,Standard,TRANSPORTER,1
2026,09,16,SKODA,ENYAQ,45,Toledo,Private,BEV,UKL2,REST,Standard,SAV,1
2026,09,16,TESLA,MODEL 3,45,Toledo,Private,BEV,KKL,FOCUS SEGMENT,Standard,SEDAN,6
2026,09,16,TESLA,MODEL Y,45,Toledo,Corporate,BEV,KKL,FOCUS SEGMENT,Standard,SAT,1
2026,09,16,TESLA,MODEL Y,45,Toledo,Private,BEV,KKL,FOCUS SEGMENT,Standard,SAT,1
2026,09,16,TOYOTA,C-HR,45,Toledo,Private,PHEV,UKL1,REST,Standard,SAV,1
2026,09,16,TOYOTA,RAV 4,45,Toledo,Corporate,PHEV,UKL2,REST,Standard,SAV,1
2026,09,16,TOYOTA,RAV 4,45,Toledo,Private,PHEV,UKL2,REST,Standard,SAV,1
2026,09,16,BMW,SERIE 3,46,Valencia,Corporate,ICE,KKL,FOCUS SEGMENT,M,ESTATE,1
2026,09,16,BMW,X1,46,Valencia,Corporate,ICE,UKL2,FOCUS SEGMENT,Standard,SAV,1
2026,09,16,BMW,X3,46,Valencia,Corporate,PHEV,KKL,FOCUS SEGMENT,Standard,SAV,1
2026,09,16,BMW,X3,46,Valencia,Private,PHEV,KKL,FOCUS SEGMENT,Standard,SAV,1
2026,09,16,BMW,X5,46,Valencia,Corporate,ICE,MKL,FOCUS SEGMENT,Standard,SAV,1
2026,09,16,BMW,XM,46,Valencia,Corporate,PHEV,GKL,FOCUS SEGMENT,M,SAV,1
2026,09,16,BMW,iX2,46,Valencia,Private,BEV,UKL2,FOCUS SEGMENT,Standard,SAV,1
2026,09,16,BYD,ATTO 2,46,Valencia,Private,BEV,UKL1,REST,Standard,SAV,1
2026,09,16,BYD,ATTO 2,46,Valencia,Private,PHEV,UKL1,REST,Standard,SAV,3
2026,09,16,BYD,ATTO 3 EVO,46,Valencia,Private,BEV,UKL2,REST,Standard,SAV,2
2026,09,16,BYD,DOLPHIN SURF,46,Valencia,Private,BEV,UKL0,REST,Standard,HACH 5P,4
2026,09,16,BYD,SEAL U,46,Valencia,Private,PHEV,KKL,REST,Standard,SAV,2
2026,09,16,CHANGAN,DEEPAL S05,46,Valencia,Private,PHEV,UKL2,REST,Standard,HACH 5P,1
2026,09,16,CITROEN,BERLINGO,46,Valencia,Corporate,ICE,SKL,REST,Standard,TRANSPORTER,1
2026,09,16,CITROEN,C3,46,Valencia,Private,BEV,UKL1,REST,Standard,HACH 5P,1
2026,09,16,CITROEN,C3 AIRCROSS,46,Valencia,Private,ICE,UKL2,REST,Standard,SAV,1
2026,09,16,CITROEN,C5 AIRCROSS,46,Valencia,Private,PHEV,UKL2,REST,Standard,SAV,1
2026,09,16,CUPRA,CUPRA LEON,46,Valencia,Private,ICE,UKL2,REST,Standard,HACH 5P,1
2026,09,16,DACIA,BIGSTER,46,Valencia,Corporate,ICE,UKL2,REST,Standard,SAV,1
2026,09,16,DACIA,DUSTER,46,Valencia,Private,ICE,SKL,REST,Standard,PICKUP,6
2026,09,16,DACIA,SANDERO,46,Valencia,Corporate,ICE,UKL1,REST,Standard,HACH 5P,1
2026,09,16,DACIA,SANDERO,46,Valencia,Private,ICE,UKL1,REST,Standard,HACH 5P,3
2026,09,16,DFSK,EC75,46,Valencia,Corporate,BEV,,REST,Standard,,3
2026,09,16,EBRO,S400,46,Valencia,Private,ICE,UKL2,REST,Standard,SAV,4
2026,09,16,FIAT,PANDA,46,Valencia,Private,ICE,UKL0,REST,Standard,HACH 5P,1
2026,09,16,FORD,BRONCO,46,Valencia,Corporate,ICE,MKL,REST,Standard,SUV,1
2026,09,16,FORD,KUGA,46,Valencia,Corporate,PHEV,UKL2,REST,Standard,SAV,3
2026,09,16,FORD,KUGA,46,Valencia,RAC,PHEV,UKL2,REST,Standard,SAV,1
2026,09,16,FORD,PUMA,46,Valencia,RAC,ICE,UKL1,REST,Standard,SAV,1
2026,09,16,FORD,TOURNEO,46,Valencia,Corporate,PHEV,SKL,REST,Standard,TRANSPORTER,1
2026,09,16,FORD,TOURNEO,46,Valencia,Private,ICE,SKL,REST,Standard,TRANSPORTER,1
2026,09,16,FORD,TRANSIT,46,Valencia,Corporate,ICE,SKL,REST,Standard,TRANSPORTER,24
2026,09,16,FORD,TRANSIT COURIER,46,Valencia,Corporate,ICE,SKL,REST,Standard,TRANSPORTER,1
2026,09,16,GEELY,E5,46,Valencia,Private,BEV,UKL2,REST,Standard,HACH 5P,3
2026,09,16,GEELY,STARRAY,46,Valencia,Private,PHEV,UKL2,REST,Standard,HACH 5P,1
2026,09,16,GWM,ORA 5 SUV,46,Valencia,Private,ICE,UKL2,REST,Standard,SAV,1
2026,09,16,HONDA,HR-V,46,Valencia,Corporate,ICE,UKL1,REST,Standard,SAV,1
2026,09,16,HONDA,HR-V,46,Valencia,Private,ICE,UKL1,REST,Standard,SAV,1
2026,09,16,HONDA,ZR-V,46,Valencia,Corporate,ICE,UKL2,REST,Standard,SAV,1
2026,09,16,HYUNDAI,I20,46,Valencia,Private,ICE,UKL1,REST,Standard,HACH 5P,2
2026,09,16,HYUNDAI,IONIQ 5,46,Valencia,Private,BEV,UKL2,REST,Standard,SAV,1
2026,09,16,HYUNDAI,KONA,46,Valencia,Private,ICE,UKL1,REST,Standard,SAV,1
2026,09,16,HYUNDAI,TUCSON,46,Valencia,Corporate,ICE,UKL2,REST,Standard,SAV,1
2026,09,16,HYUNDAI,TUCSON,46,Valencia,Private,ICE,UKL2,REST,Standard,SAV,1
2026,09,16,IVECO,DAILY,46,Valencia,Corporate,ICE,SKL,REST,Standard,TRANSPORTER,1
2026,09,16,IVECO,DAILY,46,Valencia,RAC,ICE,SKL,REST,Standard,TRANSPORTER,5
2026,09,16,JAECOO,JAECOO 5,46,Valencia,Private,BEV,UKL1,REST,Standard,SAV,1
2026,09,16,JAECOO,JAECOO 5,46,Valencia,Private,ICE,UKL1,REST,Standard,SAV,6
2026,09,16,KG MOBILITY,TORRES,46,Valencia,Corporate,ICE,UKL2,REST,Standard,SAV,1
2026,09,16,KIA,EV3,46,Valencia,Private,BEV,UKL1,REST,Standard,SAV,2
2026,09,16,KIA,EV4,46,Valencia,Private,BEV,KKL,REST,Standard,SEDAN,1
2026,09,16,KIA,NIRO,46,Valencia,Private,ICE,UKL2,REST,Standard,SAV,2
2026,09,16,KIA,SPORTAGE,46,Valencia,RAC,ICE,UKL2,REST,Standard,SAV,8
2026,09,16,KIA,STONIC,46,Valencia,RAC,ICE,UKL1,REST,Standard,SAV,1
2026,09,16,LEAPMOTOR,B10,46,Valencia,Corporate,BEV,UKL2,REST,Standard,SAV,1
2026,09,16,LEAPMOTOR,B10,46,Valencia,Private,BEV,UKL2,REST,Standard,SAV,3
2026,09,16,LEPAS,L8,46,Valencia,Private,PHEV,MKL,REST,Standard,SAV,1
2026,09,16,LEXUS,LBX,46,Valencia,Private,ICE,UKL1,FOCUS SEGMENT,Standard,SAV,1
2026,09,16,LEXUS,LM,46,Valencia,Corporate,ICE,MKL,REST,Standard,MPV,1
2026,09,16,LEXUS,NX,46,Valencia,Private,ICE,KKL,FOCUS SEGMENT,Standard,SAV,1
2026,09,16,LYNK & CO,LYNK&CO 01,46,Valencia,Private,PHEV,UKL2,REST,Standard,SAV,1
2026,09,16,LYNK & CO,LYNK&CO 02,46,Valencia,Private,BEV,UKL2,REST,Standard,SAV,1
2026,09,16,LYNK & CO,LYNK&CO 08,46,Valencia,Private,PHEV,UKL2,REST,Standard,SAV,1
2026,09,16,MAXUS,DELIVER 9,46,Valencia,Private,ICE,SKL,REST,Standard,TRANSPORTER,1
2026,09,16,MAZDA,CX30,46,Valencia,Private,ICE,UKL2,REST,Standard,SAV,2
2026,09,16,MAZDA,CX5,46,Valencia,Corporate,ICE,UKL2,REST,Standard,SAV,1
2026,09,16,MAZDA,CX5,46,Valencia,Private,ICE,UKL2,REST,Standard,SAV,1
2026,09,16,MAZDA,MAZDA 2,46,Valencia,Private,ICE,UKL1,REST,Standard,HACH 5P,1
2026,09,16,MAZDA,MAZDA 3,46,Valencia,Private,ICE,UKL2,REST,Standard,SEDAN,2
2026,09,16,MERCEDES,CLASE GLA,46,Valencia,Corporate,PHEV,UKL2,FOCUS SEGMENT,Standard,SAV,1
2026,09,16,MERCEDES,CLASE GLC,46,Valencia,Corporate,BEV,KKL,FOCUS SEGMENT,Standard,SAV,1
2026,09,16,MERCEDES,EQE,46,Valencia,Corporate,BEV,MKL,FOCUS SEGMENT,Standard,SAV,1
2026,09,16,MERCEDES-V,VITO,46,Valencia,Corporate,ICE,SKL,REST,Standard,TRANSPORTER,1
2026,09,16,MG,HS,46,Valencia,Private,ICE,KKL,REST,Standard,SAV,1
2026,09,16,MG,MG 3,46,Valencia,Private,ICE,UKL1,REST,Standard,HACH 5P,2
2026,09,16,MG,ZS,46,Valencia,Private,ICE,UKL1,REST,Standard,SAV,2
2026,09,16,MINI,COUNTRYMAN,46,Valencia,Corporate,ICE,UKL2,FOCUS SEGMENT,JCW,SAV,1
2026,09,16,MINI,HATCHBACK,46,Valencia,Private,BEV,UKL1,FOCUS SEGMENT,Standard,HACH 3P,1
2026,09,16,NISSAN,INTERSTAR,46,Valencia,Corporate,ICE,SKL,REST,Standard,TRANSPORTER,1
2026,09,16,NISSAN,QASHQAI,46,Valencia,Private,ICE,UKL2,REST,Standard,SAT,1
2026,09,16,OMODA,OMODA 5,46,Valencia,Private,BEV,UKL2,REST,Standard,SAV,1
2026,09,16,OMODA,OMODA 5,46,Valencia,Private,ICE,UKL2,REST,Standard,SAV,2
2026,09,16,OMODA,OMODA 9,46,Valencia,Private,PHEV,KKL,REST,Standard,SAV,1
2026,09,16,OPEL,COMBO,46,Valencia,Corporate,ICE,SKL,REST,Standard,TRANSPORTER,1
2026,09,16,OPEL,COMBO,46,Valencia,Private,ICE,SKL,REST,Standard,TRANSPORTER,1
2026,09,16,OPEL,CORSA,46,Valencia,Private,ICE,UKL1,REST,Standard,HACH 5P,3
2026,09,16,PEUGEOT,3008,46,Valencia,Private,ICE,UKL2,REST,Standard,SAT,1
2026,09,16,PEUGEOT,308,46,Valencia,Corporate,ICE,UKL2,REST,Standard,HACH 5P,1
2026,09,16,PEUGEOT,5008,46,Valencia,Private,ICE,KKL,REST,Standard,SUV,1
2026,09,16,PEUGEOT,TRAVELLER,46,Valencia,Corporate,ICE,SKL,REST,Standard,TRANSPORTER,1
2026,09,16,POLESTAR,POLESTAR 4,46,Valencia,Private,BEV,KKL,FOCUS SEGMENT,Standard,SAV,1
2026,09,16,RENAULT,5,46,Valencia,Private,BEV,UKL1,REST,Standard,HACH 5P,2
2026,09,16,RENAULT,AUSTRAL,46,Valencia,Private,ICE,UKL2,REST,Standard,SAV,1
2026,09,16,RENAULT,CLIO,46,Valencia,Private,ICE,UKL1,REST,Standard,HACH 5P,3
2026,09,16,RENAULT,SYMBIOZ,46,Valencia,Private,ICE,UKL1,REST,Standard,SAV,2
2026,09,16,RENAULT,TWINGO,46,Valencia,Private,BEV,UKL0,REST,Standard,HACH 5P,1
2026,09,16,SEAT,ARONA,46,Valencia,Private,ICE,UKL1,REST,Standard,SAV,2
2026,09,16,SEAT,IBIZA,46,Valencia,Private,ICE,UKL1,REST,Standard,HACH 5P,5
2026,09,16,SEAT,LEON,46,Valencia,Private,ICE,UKL2,REST,Standard,HACH 5P,1
2026,09,16,SKODA,EPIQ,46,Valencia,Private,BEV,UKL1,REST,Standard,SAV,1
2026,09,16,SKODA,FABIA,46,Valencia,Private,ICE,UKL1,REST,Standard,HACH 5P,2
2026,09,16,SKODA,KAMIQ,46,Valencia,Private,ICE,UKL1,REST,Standard,SAV,1
2026,09,16,SKODA,KODIAQ,46,Valencia,Private,PHEV,KKL,REST,Standard,SAV,1
2026,09,16,SMART,#1,46,Valencia,Private,BEV,UKL1,FOCUS SEGMENT,Standard,SAV,1
2026,09,16,SMART,#3,46,Valencia,Corporate,BEV,UKL2,FOCUS SEGMENT,Standard,HACH 5P,1
2026,09,16,SMART,#5,46,Valencia,Corporate,BEV,KKL,FOCUS SEGMENT,Standard,SAV,1
2026,09,16,TESLA,MODEL 3,46,Valencia,Corporate,BEV,KKL,FOCUS SEGMENT,Standard,SEDAN,1
2026,09,16,TESLA,MODEL 3,46,Valencia,Private,BEV,KKL,FOCUS SEGMENT,Standard,SEDAN,10
2026,09,16,TESLA,MODEL Y,46,Valencia,Private,BEV,KKL,FOCUS SEGMENT,Standard,SAT,8
2026,09,16,TOYOTA,C-HR,46,Valencia,Corporate,PHEV,UKL1,REST,Standard,SAV,1
2026,09,16,TOYOTA,C-HR,46,Valencia,Private,ICE,UKL1,REST,Standard,SAV,1
2026,09,16,TOYOTA,COROLLA,46,Valencia,Private,ICE,UKL2,REST,Standard,HACH 5P,3
2026,09,16,TOYOTA,PROACE VERSO,46,Valencia,Corporate,ICE,SKL,REST,Standard,TRANSPORTER,1
2026,09,16,TOYOTA,RAV 4,46,Valencia,Private,PHEV,UKL2,REST,Standard,SAV,2
2026,09,16,VOLKSWAGEN,GOLF,46,Valencia,Private,ICE,UKL2,REST,Standard,HACH 5P,1
2026,09,16,VOLKSWAGEN,ID.3,46,Valencia,Private,BEV,UKL2,REST,Standard,HACH 5P,1
2026,09,16,VOLKSWAGEN,MULTIVAN,46,Valencia,Private,PHEV,SKL,REST,Standard,TRANSPORTER,1
2026,09,16,VOLKSWAGEN,POLO,46,Valencia,Private,ICE,UKL1,REST,Standard,HACH 5P,1
2026,09,16,VOLKSWAGEN,T-CROSS,46,Valencia,Private,ICE,UKL1,REST,Standard,SAV,2
2026,09,16,VOLKSWAGEN,T-ROC,46,Valencia,Private,ICE,UKL2,REST,Standard,SAV,2
2026,09,16,VOLKSWAGEN,TAIGO,46,Valencia,Private,ICE,UKL1,REST,Standard,SAV,3
2026,09,16,VOLKSWAGEN,TAYRON,46,Valencia,Private,ICE,UKL2,REST,Standard,SAV,1
2026,09,16,VOLKSWAGEN,TRANSPORTER,46,Valencia,Private,ICE,SKL,REST,Standard,TRANSPORTER,2
2026,09,16,VOLVO,EX30,46,Valencia,Private,BEV,UKL1,FOCUS SEGMENT,Standard,SAV,2
2026,09,16,XPENG,G6,46,Valencia,Corporate,BEV,KKL,FOCUS SEGMENT,Standard,SAV,1
2026,09,16,XPENG,G9,46,Valencia,Corporate,BEV,MKL,FOCUS SEGMENT,Standard,SAV,2
2026,09,16,BMW,X6,47,Valladolid,Corporate,ICE,MKL,FOCUS SEGMENT,Standard,SAV,2
2026,09,16,CHANGAN,DEEPAL S05,47,Valladolid,Private,BEV,UKL2,REST,Standard,HACH 5P,1
2026,09,16,EBRO,S700,47,Valladolid,Private,ICE,UKL2,REST,Standard,SAV,1
2026,09,16,JAECOO,JAECOO 5,47,Valladolid,Private,ICE,UKL1,REST,Standard,SAV,1
2026,09,16,KIA,NIRO,47,Valladolid,Private,ICE,UKL2,REST,Standard,SAV,1
2026,09,16,LEAPMOTOR,T03,47,Valladolid,Private,BEV,UKL0,REST,Standard,HACH 5P,1
2026,09,16,MAZDA,CX5,47,Valladolid,Private,ICE,UKL2,REST,Standard,SAV,2
2026,09,16,MAZDA,MAZDA 2,47,Valladolid,Private,ICE,UKL1,REST,Standard,HACH 5P,1
2026,09,16,MG,ZS,47,Valladolid,Private,ICE,UKL1,REST,Standard,SAV,1
2026,09,16,MITSUBISHI,ASX,47,Valladolid,Corporate,ICE,UKL2,REST,Standard,SAV,1
2026,09,16,NISSAN,QASHQAI,47,Valladolid,Private,ICE,UKL2,REST,Standard,SAT,1
2026,09,16,RENAULT,5,47,Valladolid,Private,BEV,UKL1,REST,Standard,HACH 5P,1
2026,09,16,RENAULT,KANGOO,47,Valladolid,Corporate,ICE,SKL,REST,Standard,TRANSPORTER,1
2026,09,16,RENAULT,MASTER,47,Valladolid,Corporate,ICE,SKL,REST,Standard,TRANSPORTER,1
2026,09,16,RENAULT,SCENIC,47,Valladolid,Corporate,BEV,UKL2,REST,Standard,MPV,1
2026,09,16,TESLA,MODEL Y,47,Valladolid,Private,BEV,KKL,FOCUS SEGMENT,Standard,SAT,1
2026,09,16,TOYOTA,C-HR,47,Valladolid,Private,ICE,UKL1,REST,Standard,SAV,1
2026,09,16,TOYOTA,COROLLA,47,Valladolid,Private,ICE,UKL2,REST,Standard,HACH 5P,1
2026,09,16,TOYOTA,HI LUX,47,Valladolid,Corporate,ICE,SKL,REST,Standard,PICKUP,2
2026,09,16,TOYOTA,PROACE CITY,47,Valladolid,Corporate,ICE,SKL,REST,Standard,TRANSPORTER,1
2026,09,16,AUDI,Q2,48,Bizkaia,Private,ICE,UKL2,FOCUS SEGMENT,Standard,SAV,1
2026,09,16,AUDI,Q5 SPORTBACK,48,Bizkaia,Private,ICE,KKL,FOCUS SEGMENT,M Performance,SAV,1
2026,09,16,BMW,X1,48,Bizkaia,Corporate,ICE,UKL2,FOCUS SEGMENT,Standard,SAV,1
2026,09,16,BYD,ATTO 2,48,Bizkaia,Private,BEV,UKL1,REST,Standard,SAV,1
2026,09,16,BYD,ATTO 3 EVO,48,Bizkaia,Private,BEV,UKL2,REST,Standard,SAV,1
2026,09,16,CHANGAN,DEEPAL S05,48,Bizkaia,Corporate,PHEV,UKL2,REST,Standard,HACH 5P,3
2026,09,16,DACIA,SANDERO,48,Bizkaia,Private,ICE,UKL1,REST,Standard,HACH 5P,1
2026,09,16,EBRO,S700,48,Bizkaia,Private,PHEV,UKL2,REST,Standard,SAV,1
2026,09,16,HYUNDAI,KONA,48,Bizkaia,Private,ICE,UKL1,REST,Standard,SAV,1
2026,09,16,HYUNDAI,TUCSON,48,Bizkaia,Private,ICE,UKL2,REST,Standard,SAV,1
2026,09,16,JAECOO,JAECOO 7,48,Bizkaia,Private,ICE,UKL2,REST,Standard,SAV,1
2026,09,16,KIA,EV2,48,Bizkaia,Corporate,BEV,UKL1,REST,Standard,SAV,1
2026,09,16,KIA,EV2,48,Bizkaia,Private,BEV,UKL1,REST,Standard,SAV,1
2026,09,16,KIA,SPORTAGE,48,Bizkaia,Private,ICE,UKL2,REST,Standard,SAV,1
2026,09,16,LEAPMOTOR,B10,48,Bizkaia,Private,BEV,UKL2,REST,Standard,SAV,1
2026,09,16,LEAPMOTOR,C10,48,Bizkaia,Private,BEV,MKL,REST,Standard,SAV,1
2026,09,16,LEXUS,NX,48,Bizkaia,Corporate,ICE,KKL,FOCUS SEGMENT,Standard,SAV,1
2026,09,16,LEXUS,NX,48,Bizkaia,Corporate,PHEV,KKL,FOCUS SEGMENT,Standard,SAV,1
2026,09,16,MAZDA,CX30,48,Bizkaia,Private,ICE,UKL2,REST,Standard,SAV,1
2026,09,16,MAZDA,CX5,48,Bizkaia,Private,ICE,UKL2,REST,Standard,SAV,1
2026,09,16,MERCEDES,CLASE CLE,48,Bizkaia,Private,ICE,MKL,FOCUS SEGMENT,M Performance,COUPE,1
2026,09,16,MERCEDES,CLASE GLA,48,Bizkaia,Corporate,ICE,UKL2,FOCUS SEGMENT,Standard,SAV,1
2026,09,16,MERCEDES,CLASE GLB,48,Bizkaia,Corporate,BEV,UKL2,FOCUS SEGMENT,Standard,SAV,1
2026,09,16,MERCEDES,CLASE GLC,48,Bizkaia,Corporate,BEV,KKL,FOCUS SEGMENT,Standard,SAV,1
2026,09,16,MERCEDES,SPRINTER 300,48,Bizkaia,Corporate,ICE,SKL,REST,Standard,TRANSPORTER,1
2026,09,16,MG,HS,48,Bizkaia,Private,PHEV,KKL,REST,Standard,SAV,1
2026,09,16,MG,ZS,48,Bizkaia,Private,ICE,UKL1,REST,Standard,SAV,1
2026,09,16,MINI,HATCHBACK,48,Bizkaia,Corporate,ICE,UKL1,FOCUS SEGMENT,Standard,HACH 3P,1
2026,09,16,NISSAN,X-TRAIL,48,Bizkaia,Private,ICE,KKL,REST,Standard,SUV,1
2026,09,16,OMODA,OMODA 5,48,Bizkaia,Private,ICE,UKL2,REST,Standard,SAV,4
2026,09,16,OMODA,OMODA 7,48,Bizkaia,Private,PHEV,KKL,REST,Standard,SAV,1
2026,09,16,RENAULT,AUSTRAL,48,Bizkaia,Corporate,ICE,UKL2,REST,Standard,SAV,1
2026,09,16,RENAULT,CAPTUR,48,Bizkaia,Private,ICE,UKL1,REST,Standard,SAV,2
2026,09,16,RENAULT,CLIO,48,Bizkaia,Private,ICE,UKL1,REST,Standard,HACH 5P,1
2026,09,16,SEAT,IBIZA,48,Bizkaia,Private,ICE,UKL1,REST,Standard,HACH 5P,3
2026,09,16,SUZUKI,VITARA,48,Bizkaia,Private,ICE,UKL2,REST,Standard,SUV,1
2026,09,16,TESLA,MODEL 3,48,Bizkaia,Corporate,BEV,KKL,FOCUS SEGMENT,Standard,SEDAN,1
2026,09,16,TESLA,MODEL 3,48,Bizkaia,Private,BEV,KKL,FOCUS SEGMENT,Standard,SEDAN,5
2026,09,16,TESLA,MODEL Y,48,Bizkaia,Private,BEV,KKL,FOCUS SEGMENT,Standard,SAT,4
2026,09,16,TOYOTA,C-HR,48,Bizkaia,Private,ICE,UKL1,REST,Standard,SAV,1
2026,09,16,TOYOTA,COROLLA,48,Bizkaia,Private,ICE,UKL2,REST,Standard,HACH 5P,1
2026,09,16,TOYOTA,LAND CRUISER,48,Bizkaia,Corporate,ICE,GKL,REST,Standard,SUV,1
2026,09,16,TOYOTA,YARIS,48,Bizkaia,Private,ICE,UKL1,REST,Standard,HACH 5P,1
2026,09,16,TOYOTA,YARIS CROSS,48,Bizkaia,Private,ICE,UKL1,REST,Standard,SAV,3
2026,09,16,VOLKSWAGEN,CADDY,48,Bizkaia,Private,PHEV,SKL,REST,Standard,TRANSPORTER,1
2026,09,16,VOLKSWAGEN,POLO,48,Bizkaia,Corporate,ICE,UKL1,REST,Standard,HACH 5P,2
2026,09,16,VOLKSWAGEN,T-ROC,48,Bizkaia,Corporate,ICE,UKL2,REST,Standard,SAV,2
2026,09,16,VOLKSWAGEN,TAIGO,48,Bizkaia,Corporate,ICE,UKL1,REST,Standard,SAV,1
2026,09,16,ZEEKR,7X,48,Bizkaia,Private,BEV,KKL,FOCUS SEGMENT,Standard,SAV,1
2026,09,16,EVO,EVO 5,49,Zamora,Corporate,ICE,UKL2,REST,Standard,SAV,2
2026,09,16,LEAPMOTOR,B05,49,Zamora,Private,BEV,UKL1,REST,Standard,HACH 5P,1
2026,09,16,MERCEDES,SPRINTER 300,49,Zamora,RAC,ICE,SKL,REST,Standard,TRANSPORTER,1
2026,09,16,TOYOTA,C-HR,49,Zamora,Private,ICE,UKL1,REST,Standard,SAV,1
2026,09,16,BMW,X1,50,Zaragoza,Corporate,ICE,UKL2,FOCUS SEGMENT,Standard,SAV,1
2026,09,16,BYD,ATTO 3 EVO,50,Zaragoza,Private,BEV,UKL2,REST,Standard,SAV,1
2026,09,16,BYD,SEAL U,50,Zaragoza,Private,PHEV,KKL,REST,Standard,SAV,2
2026,09,16,CHANGAN,DEEPAL S05,50,Zaragoza,Private,PHEV,UKL2,REST,Standard,HACH 5P,1
2026,09,16,DS,DS7 CROSSBACK,50,Zaragoza,Private,ICE,UKL2,REST,Standard,SAV,1
2026,09,16,FORD,KUGA,50,Zaragoza,Private,ICE,UKL2,REST,Standard,SAV,1
2026,09,16,FORD,TOURNEO,50,Zaragoza,Private,ICE,SKL,REST,Standard,TRANSPORTER,1
2026,09,16,FORD,TRANSIT COURIER,50,Zaragoza,Corporate,ICE,SKL,REST,Standard,TRANSPORTER,1
2026,09,16,HONDA,CIVIC,50,Zaragoza,Corporate,ICE,UKL2,REST,Standard,HACH 5P,1
2026,09,16,HYUNDAI,I20,50,Zaragoza,Private,ICE,UKL1,REST,Standard,HACH 5P,1
2026,09,16,HYUNDAI,INSTER,50,Zaragoza,Private,BEV,UKL2,REST,Standard,SAV,1
2026,09,16,JAECOO,JAECOO 5,50,Zaragoza,Private,ICE,UKL1,REST,Standard,SAV,1
2026,09,16,JAECOO,JAECOO 7,50,Zaragoza,Private,ICE,UKL2,REST,Standard,SAV,1
2026,09,16,KIA,EV3,50,Zaragoza,Private,BEV,UKL1,REST,Standard,SAV,1
2026,09,16,KIA,NIRO,50,Zaragoza,Private,ICE,UKL2,REST,Standard,SAV,1
2026,09,16,KIA,SPORTAGE,50,Zaragoza,Private,ICE,UKL2,REST,Standard,SAV,1
2026,09,16,LEAPMOTOR,C10,50,Zaragoza,Private,BEV,MKL,REST,Standard,SAV,2
2026,09,16,MAZDA,CX5,50,Zaragoza,Private,ICE,UKL2,REST,Standard,SAV,1
2026,09,16,MAZDA,MAZDA 3,50,Zaragoza,Private,ICE,UKL2,REST,Standard,SEDAN,1
2026,09,16,MERCEDES,CLASE GLE,50,Zaragoza,Private,ICE,MKL,FOCUS SEGMENT,Standard,SAV,1
2026,09,16,MG,ZS,50,Zaragoza,Private,ICE,UKL1,REST,Standard,SAV,1
2026,09,16,NISSAN,JUKE,50,Zaragoza,Private,ICE,UKL1,REST,Standard,SAV,1
2026,09,16,OMODA,OMODA 5,50,Zaragoza,Corporate,ICE,UKL2,REST,Standard,SAV,1
2026,09,16,OMODA,OMODA 5,50,Zaragoza,Private,ICE,UKL2,REST,Standard,SAV,2
2026,09,16,OMODA,OMODA 9,50,Zaragoza,Private,PHEV,KKL,REST,Standard,SAV,2
2026,09,16,OPEL,CORSA,50,Zaragoza,Private,ICE,UKL1,REST,Standard,HACH 5P,1
2026,09,16,PEUGEOT,2008,50,Zaragoza,Private,ICE,UKL1,REST,Standard,SAV,2
2026,09,16,PEUGEOT,208,50,Zaragoza,Private,ICE,UKL1,REST,Standard,HACH 5P,2
2026,09,16,PEUGEOT,408,50,Zaragoza,Corporate,PHEV,UKL2,REST,Standard,SEDAN,2
2026,09,16,PEUGEOT,5008,50,Zaragoza,Private,ICE,KKL,REST,Standard,SUV,1
2026,09,16,RENAULT,CLIO,50,Zaragoza,Private,ICE,UKL1,REST,Standard,HACH 5P,1
2026,09,16,SEAT,LEON,50,Zaragoza,Private,ICE,UKL2,REST,Standard,HACH 5P,1
2026,09,16,TESLA,MODEL Y,50,Zaragoza,Private,BEV,KKL,FOCUS SEGMENT,Standard,SAT,1
2026,09,16,TOYOTA,PROACE CITY,50,Zaragoza,Corporate,BEV,SKL,REST,Standard,TRANSPORTER,1
2026,09,16,TOYOTA,YARIS,50,Zaragoza,Private,ICE,UKL1,REST,Standard,HACH 5P,1
2026,09,16,VOLKSWAGEN,ID.4,50,Zaragoza,Private,BEV,UKL2,REST,Standard,SAV,1
2026,09,16,VOLKSWAGEN,POLO,50,Zaragoza,Private,ICE,UKL1,REST,Standard,HACH 5P,1
2026,09,16,VOLKSWAGEN,T-ROC,50,Zaragoza,Private,ICE,UKL2,REST,Standard,SAV,1
2026,09,16,VOLKSWAGEN,TAIGO,50,Zaragoza,Private,ICE,UKL1,REST,Standard,SAV,2
2026,09,16,DACIA,SANDERO,51,Ceuta,Private,ICE,UKL1,REST,Standard,HACH 5P,1
2026,09,16,PEUGEOT,308,51,Ceuta,Corporate,PHEV,UKL2,REST,Standard,HACH 5P,1
2026,09,16,RENAULT,KANGOO,51,Ceuta,Private,ICE,SKL,REST,Standard,TRANSPORTER,1
2026,09,16,TOYOTA,COROLLA,51,Ceuta,Private,ICE,UKL2,REST,Standard,HACH 5P,2
2026,09,16,HYUNDAI,SANTA FE,52,Melilla,Private,ICE,MKL,REST,Standard,SAV,1
2026,09,16,PEUGEOT,2008,52,Melilla,Private,ICE,UKL1,REST,Standard,SAV,1
2026,09,16,VOLKSWAGEN,POLO,52,Melilla,Private,ICE,UKL1,REST,Standard,HACH 5P,1
