anyo,mes,marca,modelo,canal,fuel_type,fuel,segmento,subseg,hp,body_type,count
2025,11,3 CARROCEROS,,Corporate,ICE,Diesel,,,,,9
2025,11,3 CARROCEROS,,Corporate,ICE,Gas Licuado con petroleo (GLP),,,,,1
2025,11,3 CARROCEROS,,Private,ICE,Diesel,,,,,2
2025,11,A.A. AIRBUS,,Corporate,BEV,Electrico,,,,,1
2025,11,A.A. AIRBUS,,Corporate,ICE,Diesel,,,,,6
2025,11,ABARTH,,Private,BEV,Electrico,,,,,1
2025,11,ADRIA,,Corporate,ICE,Diesel,,,,,4
2025,11,ADRIA,,Private,ICE,Diesel,,,,,29
2025,11,ADRIA,,RAC,ICE,Diesel,,,,,3
2025,11,AGUINAGA,,Corporate,ICE,Diesel,,,,,1
2025,11,ALFA ROMEO,GIULIA,Corporate,ICE,Diesel,KKL,REST,Standard,SEDAN,10
2025,11,ALFA ROMEO,GIULIA,Private,ICE,Diesel,KKL,REST,Standard,SEDAN,2
2025,11,ALFA ROMEO,JUNIOR,Corporate,BEV,Electrico,UKL1,REST,Standard,SAV,23
2025,11,ALFA ROMEO,JUNIOR,Corporate,ICE,Electrico,UKL1,REST,Standard,SAV,155
2025,11,ALFA ROMEO,JUNIOR,Private,BEV,Electrico,UKL1,REST,Standard,SAV,1
2025,11,ALFA ROMEO,JUNIOR,Private,ICE,Electrico,UKL1,REST,Standard,SAV,19
2025,11,ALFA ROMEO,JUNIOR,RAC,ICE,Electrico,UKL1,REST,Standard,SAV,36
2025,11,ALFA ROMEO,STELVIO,Corporate,ICE,Diesel,KKL,REST,Standard,SAV,21
2025,11,ALFA ROMEO,STELVIO,RAC,ICE,Diesel,KKL,REST,Standard,SAV,2
2025,11,ALFA ROMEO,TONALE,Corporate,ICE,Diesel,UKL2,REST,Standard,SAV,8
2025,11,ALFA ROMEO,TONALE,Private,ICE,Diesel,UKL2,REST,Standard,SAV,2
2025,11,ALFOZ,,Corporate,ICE,Diesel,,,,,3
2025,11,ALLIED VEHICLES LTD,,Corporate,ICE,Gasolina,,,,,2
2025,11,ALLIED VEHICLES LTD,,Private,ICE,Diesel,,,,,6
2025,11,ALONSO,,Corporate,ICE,Diesel,,,,,1
2025,11,ALPINE,,Corporate,BEV,Electrico,,,,,23
2025,11,ALPINE,,Corporate,ICE,Gasolina,,,,,3
2025,11,ALPINE,,Private,BEV,Electrico,,,,,8
2025,11,ALPINE,,Private,ICE,Gasolina,,,,,1
2025,11,ALQUIBER QUALITY,,Corporate,ICE,Diesel,,,,,10
2025,11,ANGEL BRUGUERA FONT,,Corporate,ICE,Diesel,,,,,1
2025,11,ASTON MARTIN,,Corporate,ICE,Gasolina,,,,,3
2025,11,ASTON MARTIN,,Private,ICE,Gasolina,,,,,1
2025,11,ASTON MARTIN,DB12,Corporate,ICE,Gasolina,GKL+,FOCUS SEGMENT,Standard,CABRIO,1
2025,11,ASTON MARTIN,DB12,Private,ICE,Gasolina,GKL+,FOCUS SEGMENT,Standard,CABRIO,1
2025,11,ASTON MARTIN,VANTAGE,Private,ICE,Gasolina,GKL,FOCUS SEGMENT,Standard,COUPE,2
2025,11,ATALAYA,,RAC,ICE,Diesel,,,,,1
2025,11,AUDI,,Corporate,BEV,Electrico,,,,,2
2025,11,AUDI,,Private,ICE,Gasolina,,,,,2
2025,11,AUDI,A1,Corporate,ICE,Gasolina,UKL1,FOCUS SEGMENT,Standard,HACH 5P,249
2025,11,AUDI,A1,Private,ICE,Gasolina,UKL1,FOCUS SEGMENT,Standard,HACH 5P,186
2025,11,AUDI,A1,RAC,ICE,Gasolina,UKL1,FOCUS SEGMENT,Standard,HACH 5P,273
2025,11,AUDI,A3,Corporate,ICE,Diesel,UKL2,FOCUS SEGMENT,Standard,HACH 5P,258
2025,11,AUDI,A3,Corporate,PHEV,Diesel,UKL2,FOCUS SEGMENT,Standard,HACH 5P,126
2025,11,AUDI,A3,Private,ICE,Diesel,UKL2,FOCUS SEGMENT,Standard,HACH 5P,109
2025,11,AUDI,A3,Private,PHEV,Diesel,UKL2,FOCUS SEGMENT,Standard,HACH 5P,102
2025,11,AUDI,A3,RAC,ICE,Diesel,UKL2,FOCUS SEGMENT,Standard,HACH 5P,3
2025,11,AUDI,A5,Corporate,ICE,Diesel,KKL,FOCUS SEGMENT,Standard,SEDAN,216
2025,11,AUDI,A5,Corporate,PHEV,Diesel,KKL,FOCUS SEGMENT,Standard,SEDAN,57
2025,11,AUDI,A5,Private,ICE,Diesel,KKL,FOCUS SEGMENT,Standard,SEDAN,32
2025,11,AUDI,A5,Private,PHEV,Diesel,KKL,FOCUS SEGMENT,Standard,SEDAN,19
2025,11,AUDI,A6,Corporate,BEV,Diesel Mild Hybrid,MKL,FOCUS SEGMENT,Standard,ESTATE,10
2025,11,AUDI,A6,Corporate,ICE,Diesel Mild Hybrid,MKL,FOCUS SEGMENT,Standard,ESTATE,33
2025,11,AUDI,A6,Corporate,PHEV,Diesel Mild Hybrid,MKL,FOCUS SEGMENT,Standard,ESTATE,31
2025,11,AUDI,A6,Private,BEV,Diesel Mild Hybrid,MKL,FOCUS SEGMENT,Standard,ESTATE,4
2025,11,AUDI,A6,Private,ICE,Diesel Mild Hybrid,MKL,FOCUS SEGMENT,Standard,ESTATE,8
2025,11,AUDI,A6,Private,PHEV,Diesel Mild Hybrid,MKL,FOCUS SEGMENT,Standard,ESTATE,5
2025,11,AUDI,A6,RAC,BEV,Diesel Mild Hybrid,MKL,FOCUS SEGMENT,Standard,ESTATE,36
2025,11,AUDI,A6,RAC,ICE,Diesel Mild Hybrid,MKL,FOCUS SEGMENT,Standard,ESTATE,2
2025,11,AUDI,A7,Corporate,ICE,Diesel Mild Hybrid,MKL,FOCUS SEGMENT,M Performance,SEDAN,1
2025,11,AUDI,A8,Corporate,ICE,Diesel Mild Hybrid,GKL,FOCUS SEGMENT,Standard,SEDAN,1
2025,11,AUDI,A8,Corporate,PHEV,Diesel Mild Hybrid,GKL,FOCUS SEGMENT,Standard,SEDAN,1
2025,11,AUDI,Q2,Corporate,ICE,Diesel,UKL2,FOCUS SEGMENT,Standard,SAV,109
2025,11,AUDI,Q2,Private,ICE,Diesel,UKL2,FOCUS SEGMENT,Standard,SAV,154
2025,11,AUDI,Q2,RAC,ICE,Diesel,UKL2,FOCUS SEGMENT,Standard,SAV,154
2025,11,AUDI,Q3,Corporate,ICE,Diesel,UKL2,FOCUS SEGMENT,Standard,SAV,135
2025,11,AUDI,Q3,Corporate,PHEV,Diesel,UKL2,FOCUS SEGMENT,Standard,SAV,82
2025,11,AUDI,Q3,Private,ICE,Diesel,UKL2,FOCUS SEGMENT,Standard,SAV,78
2025,11,AUDI,Q3,Private,PHEV,Diesel,UKL2,FOCUS SEGMENT,Standard,SAV,61
2025,11,AUDI,Q3,RAC,ICE,Diesel,UKL2,FOCUS SEGMENT,Standard,SAV,76
2025,11,AUDI,Q3 SPORTBACK,Corporate,ICE,Diesel,UKL2,FOCUS SEGMENT,Standard,SAV,195
2025,11,AUDI,Q3 SPORTBACK,Private,ICE,Diesel,UKL2,FOCUS SEGMENT,Standard,SAV,236
2025,11,AUDI,Q4 E-TRON,Corporate,BEV,Electrico,UKL2,FOCUS SEGMENT,Standard,SAV,23
2025,11,AUDI,Q4 E-TRON,Private,BEV,Electrico,UKL2,FOCUS SEGMENT,Standard,SAV,29
2025,11,AUDI,Q4 SPORTBACK E-TRON,Corporate,BEV,Electrico,UKL2,FOCUS SEGMENT,Standard,SAV,21
2025,11,AUDI,Q4 SPORTBACK E-TRON,Private,BEV,Electrico,UKL2,FOCUS SEGMENT,Standard,SAV,45
2025,11,AUDI,Q4 SPORTBACK E-TRON,RAC,BEV,Electrico,UKL2,FOCUS SEGMENT,Standard,SAV,1
2025,11,AUDI,Q5,Corporate,ICE,Diesel Mild Hybrid,KKL,FOCUS SEGMENT,Standard,SAV,179
2025,11,AUDI,Q5,Corporate,PHEV,Diesel Mild Hybrid,KKL,FOCUS SEGMENT,Standard,SAV,178
2025,11,AUDI,Q5,Private,ICE,Diesel Mild Hybrid,KKL,FOCUS SEGMENT,Standard,SAV,47
2025,11,AUDI,Q5,Private,PHEV,Diesel Mild Hybrid,KKL,FOCUS SEGMENT,Standard,SAV,75
2025,11,AUDI,Q5,RAC,ICE,Diesel Mild Hybrid,KKL,FOCUS SEGMENT,Standard,SAV,15
2025,11,AUDI,Q5,RAC,PHEV,Diesel Mild Hybrid,KKL,FOCUS SEGMENT,Standard,SAV,7
2025,11,AUDI,Q5 SPORTBACK,Corporate,ICE,Diesel Mild Hybrid,KKL,FOCUS SEGMENT,Standard,SAV,1
2025,11,AUDI,Q5 SPORTBACK,Corporate,PHEV,Diesel Mild Hybrid,KKL,FOCUS SEGMENT,Standard,SAV,3
2025,11,AUDI,Q5 SPORTBACK,Private,ICE,Diesel Mild Hybrid,KKL,FOCUS SEGMENT,Standard,SAV,5
2025,11,AUDI,Q5 SPORTBACK,Private,PHEV,Diesel Mild Hybrid,KKL,FOCUS SEGMENT,Standard,SAV,5
2025,11,AUDI,Q6 E-TRON,Corporate,BEV,Electrico,KKL,FOCUS SEGMENT,Standard,SAV,33
2025,11,AUDI,Q6 E-TRON,Private,BEV,Electrico,KKL,FOCUS SEGMENT,Standard,SAV,9
2025,11,AUDI,Q7,Corporate,ICE,Diesel Mild Hybrid,MKL,FOCUS SEGMENT,Standard,SAV,10
2025,11,AUDI,Q7,Corporate,PHEV,Diesel Mild Hybrid,MKL,FOCUS SEGMENT,Standard,SAV,9
2025,11,AUDI,Q7,Private,ICE,Diesel Mild Hybrid,MKL,FOCUS SEGMENT,Standard,SAV,7
2025,11,AUDI,Q7,Private,PHEV,Diesel Mild Hybrid,MKL,FOCUS SEGMENT,Standard,SAV,2
2025,11,AUDI,Q7,RAC,PHEV,Diesel Mild Hybrid,MKL,FOCUS SEGMENT,Standard,SAV,1
2025,11,AUDI,Q8,Corporate,ICE,Diesel Mild Hybrid,MKL,FOCUS SEGMENT,Standard,SAV,31
2025,11,AUDI,Q8,Corporate,PHEV,Diesel Mild Hybrid,MKL,FOCUS SEGMENT,Standard,SAV,51
2025,11,AUDI,Q8,Private,ICE,Diesel Mild Hybrid,MKL,FOCUS SEGMENT,Standard,SAV,14
2025,11,AUDI,Q8,Private,PHEV,Diesel Mild Hybrid,MKL,FOCUS SEGMENT,Standard,SAV,6
2025,11,AUDI,Q8,RAC,ICE,Diesel Mild Hybrid,MKL,FOCUS SEGMENT,Standard,SAV,22
2025,11,AUTAL,,Corporate,ICE,Diesel,,,,,2
2025,11,AUTOMOBILI LAMBORGHINI S.P.A.,,Corporate,PHEV,Gasolina/Electrico Enchufable,,,,,4
2025,11,AUTOMOBILI LAMBORGHINI S.P.A.,,Private,PHEV,Gasolina/Electrico Enchufable,,,,,2
2025,11,AUTOMOBILI LAMBORGHINI S.P.A.,,RAC,ICE,Gasolina,,,,,1
2025,11,BAHIA V.I.,,Corporate,ICE,Diesel,,,,,2
2025,11,BAHIA V.I.,,Private,ICE,Diesel,,,,,1
2025,11,BAIC,X55,Corporate,ICE,Gasolina,UKL2,REST,Standard,SAV,2
2025,11,BAIC,X55,Private,ICE,Gasolina,UKL2,REST,Standard,SAV,3
2025,11,BARBANY,,Corporate,ICE,Diesel,,,,,5
2025,11,BARBANY,,Private,ICE,Diesel,,,,,5
2025,11,BARBANY,,RAC,ICE,Diesel,,,,,4
2025,11,BEMAR,,Corporate,ICE,Diesel,,,,,3
2025,11,BENIMAR,,Private,ICE,Diesel,,,,,51
2025,11,BENIMAR,,RAC,ICE,Diesel,,,,,14
2025,11,BENTLEY,BENTAYGA,Corporate,PHEV,Gasolina,GKL+,FOCUS SEGMENT,Standard,SAV,1
2025,11,BENTLEY,CONTINENTAL,Corporate,PHEV,Gasolina,GKL+,FOCUS SEGMENT,Standard,COUPE,1
2025,11,BENTLEY,CONTINENTAL,Private,PHEV,Gasolina,GKL+,FOCUS SEGMENT,Standard,COUPE,2
2025,11,BENTLEY,FLYING SPUR,Corporate,PHEV,Gasolina,GKL+,FOCUS SEGMENT,Standard,SEDAN,2
2025,11,BERGADANA,,Private,ICE,Diesel,,,,,1
2025,11,BMW,,Corporate,ICE,Gasolina,,,,,4
2025,11,BMW,,Private,ICE,Diesel,,,,,1
2025,11,BMW,I4,Corporate,BEV,Electrico,KKL,FOCUS SEGMENT,Standard,SEDAN,46
2025,11,BMW,I4,Private,BEV,Electrico,KKL,FOCUS SEGMENT,Standard,SEDAN,15
2025,11,BMW,I5,Corporate,BEV,Electrico,MKL,FOCUS SEGMENT,Standard,SEDAN,12
2025,11,BMW,I7,Corporate,BEV,Electrico,GKL,FOCUS SEGMENT,Standard,SEDAN,1
2025,11,BMW,IX,Corporate,BEV,Electrico,MKL,FOCUS SEGMENT,Standard,SAV,22
2025,11,BMW,IX,Private,BEV,Electrico,MKL,FOCUS SEGMENT,Standard,SAV,2
2025,11,BMW,IX,RAC,BEV,Electrico,MKL,FOCUS SEGMENT,Standard,SAV,1
2025,11,BMW,IX1,Corporate,BEV,Electrico,UKL2,FOCUS SEGMENT,Standard,SAV,97
2025,11,BMW,IX1,Private,BEV,Electrico,UKL2,FOCUS SEGMENT,Standard,SAV,71
2025,11,BMW,IX1,RAC,BEV,Electrico,UKL2,FOCUS SEGMENT,Standard,SAV,10
2025,11,BMW,IX2,Corporate,BEV,Electrico,UKL2,FOCUS SEGMENT,Standard,SAV,80
2025,11,BMW,IX2,Private,BEV,Electrico,UKL2,FOCUS SEGMENT,Standard,SAV,37
2025,11,BMW,SERIE 1,Corporate,ICE,Diesel,UKL2,FOCUS SEGMENT,Standard,HACH 5P,199
2025,11,BMW,SERIE 1,Private,ICE,Diesel,UKL2,FOCUS SEGMENT,Standard,HACH 5P,110
2025,11,BMW,SERIE 1,RAC,ICE,Diesel,UKL2,FOCUS SEGMENT,Standard,HACH 5P,90
2025,11,BMW,SERIE 2,Corporate,ICE,Diesel,UKL2,FOCUS SEGMENT,Standard,SEDAN,105
2025,11,BMW,SERIE 2,Corporate,PHEV,Diesel,UKL2,FOCUS SEGMENT,Standard,SEDAN,3
2025,11,BMW,SERIE 2,Private,ICE,Diesel,UKL2,FOCUS SEGMENT,Standard,SEDAN,50
2025,11,BMW,SERIE 2,Private,PHEV,Diesel,UKL2,FOCUS SEGMENT,Standard,SEDAN,1
2025,11,BMW,SERIE 2,RAC,ICE,Diesel,UKL2,FOCUS SEGMENT,Standard,SEDAN,14
2025,11,BMW,SERIE 3,Corporate,ICE,Diesel,KKL,FOCUS SEGMENT,Standard,ESTATE,70
2025,11,BMW,SERIE 3,Corporate,PHEV,Diesel,KKL,FOCUS SEGMENT,Standard,ESTATE,13
2025,11,BMW,SERIE 3,Private,ICE,Diesel,KKL,FOCUS SEGMENT,Standard,ESTATE,34
2025,11,BMW,SERIE 3,Private,PHEV,Diesel,KKL,FOCUS SEGMENT,Standard,ESTATE,4
2025,11,BMW,SERIE 3,RAC,PHEV,Diesel,KKL,FOCUS SEGMENT,Standard,ESTATE,4
2025,11,BMW,SERIE 4,Corporate,ICE,Diesel Mild Hybrid,KKL,FOCUS SEGMENT,Standard,SEDAN,58
2025,11,BMW,SERIE 4,Private,ICE,Diesel Mild Hybrid,KKL,FOCUS SEGMENT,Standard,SEDAN,49
2025,11,BMW,SERIE 4,RAC,ICE,Diesel Mild Hybrid,KKL,FOCUS SEGMENT,Standard,SEDAN,27
2025,11,BMW,SERIE 5,Corporate,ICE,Diesel Mild Hybrid,MKL,FOCUS SEGMENT,Standard,SEDAN,31
2025,11,BMW,SERIE 5,Corporate,PHEV,Diesel Mild Hybrid,MKL,FOCUS SEGMENT,Standard,SEDAN,24
2025,11,BMW,SERIE 5,Private,ICE,Diesel Mild Hybrid,MKL,FOCUS SEGMENT,Standard,SEDAN,9
2025,11,BMW,SERIE 5,Private,PHEV,Diesel Mild Hybrid,MKL,FOCUS SEGMENT,Standard,SEDAN,2
2025,11,BMW,SERIE 7,Corporate,ICE,Diesel Mild Hybrid,GKL,FOCUS SEGMENT,Standard,SEDAN,4
2025,11,BMW,SERIE 7,Corporate,PHEV,Diesel Mild Hybrid,GKL,FOCUS SEGMENT,Standard,SEDAN,3
2025,11,BMW,SERIE 8,Private,ICE,Diesel Mild Hybrid,GKL,FOCUS SEGMENT,Standard,CABRIO,1
2025,11,BMW,SERIE 8,RAC,ICE,Diesel Mild Hybrid,GKL,FOCUS SEGMENT,Standard,CABRIO,1
2025,11,BMW,X1,Corporate,ICE,Diesel,UKL2,FOCUS SEGMENT,Standard,SAV,640
2025,11,BMW,X1,Corporate,PHEV,Diesel,UKL2,FOCUS SEGMENT,Standard,SAV,103
2025,11,BMW,X1,Private,ICE,Diesel,UKL2,FOCUS SEGMENT,Standard,SAV,202
2025,11,BMW,X1,Private,PHEV,Diesel,UKL2,FOCUS SEGMENT,Standard,SAV,61
2025,11,BMW,X1,RAC,ICE,Diesel,UKL2,FOCUS SEGMENT,Standard,SAV,76
2025,11,BMW,X2,Corporate,ICE,Diesel,UKL2,FOCUS SEGMENT,Standard,SAV,331
2025,11,BMW,X2,Private,BEV,Diesel,UKL2,FOCUS SEGMENT,Standard,SAV,1
2025,11,BMW,X2,Private,ICE,Diesel,UKL2,FOCUS SEGMENT,Standard,SAV,172
2025,11,BMW,X2,RAC,ICE,Diesel,UKL2,FOCUS SEGMENT,Standard,SAV,110
2025,11,BMW,X3,Corporate,ICE,Diesel Mild Hybrid,KKL,FOCUS SEGMENT,Standard,SAV,199
2025,11,BMW,X3,Corporate,PHEV,Diesel Mild Hybrid,KKL,FOCUS SEGMENT,Standard,SAV,141
2025,11,BMW,X3,Private,ICE,Diesel Mild Hybrid,KKL,FOCUS SEGMENT,Standard,SAV,72
2025,11,BMW,X3,Private,PHEV,Diesel Mild Hybrid,KKL,FOCUS SEGMENT,Standard,SAV,40
2025,11,BMW,X3,RAC,ICE,Diesel Mild Hybrid,KKL,FOCUS SEGMENT,Standard,SAV,25
2025,11,BMW,X3,RAC,PHEV,Diesel Mild Hybrid,KKL,FOCUS SEGMENT,Standard,SAV,4
2025,11,BMW,X4,Corporate,ICE,Diesel Mild Hybrid,KKL,FOCUS SEGMENT,Standard,SAV,86
2025,11,BMW,X4,Private,ICE,Diesel Mild Hybrid,KKL,FOCUS SEGMENT,Standard,SAV,35
2025,11,BMW,X5,Corporate,ICE,Diesel,MKL,FOCUS SEGMENT,Standard,SAV,50
2025,11,BMW,X5,Corporate,PHEV,Diesel,MKL,FOCUS SEGMENT,Standard,SAV,28
2025,11,BMW,X5,Private,ICE,Diesel,MKL,FOCUS SEGMENT,Standard,SAV,14
2025,11,BMW,X5,Private,PHEV,Diesel,MKL,FOCUS SEGMENT,Standard,SAV,12
2025,11,BMW,X5,RAC,PHEV,Diesel,MKL,FOCUS SEGMENT,Standard,SAV,1
2025,11,BMW,X6,Corporate,ICE,Diesel Mild Hybrid,MKL,FOCUS SEGMENT,Standard,SAV,58
2025,11,BMW,X6,Private,ICE,Diesel Mild Hybrid,MKL,FOCUS SEGMENT,Standard,SAV,24
2025,11,BMW,X7,Corporate,ICE,Diesel Mild Hybrid,GKL,FOCUS SEGMENT,Standard,SAV,17
2025,11,BMW,X7,Private,ICE,Diesel Mild Hybrid,GKL,FOCUS SEGMENT,Standard,SAV,7
2025,11,BMW,X7,RAC,ICE,Diesel Mild Hybrid,GKL,FOCUS SEGMENT,Standard,SAV,1
2025,11,BMW,XM,Corporate,PHEV,Gasolina/Electrico Enchufable,GKL,FOCUS SEGMENT,M,SAV,23
2025,11,BMW,XM,Private,PHEV,Gasolina/Electrico Enchufable,GKL,FOCUS SEGMENT,M,SAV,9
2025,11,BMW,Z4,Corporate,ICE,Gasolina,KKL,FOCUS SEGMENT,Standard,ROADSTER,1
2025,11,BMW,Z4,Private,ICE,Gasolina,KKL,FOCUS SEGMENT,Standard,ROADSTER,6
2025,11,BOMBARDIER,,Private,ICE,Gasolina,,,,,1
2025,11,BORRA,,Corporate,ICE,Diesel,,,,,1
2025,11,BRAVIA,,Private,ICE,Diesel,,,,,1
2025,11,BRAVO,,Private,ICE,Diesel,,,,,1
2025,11,BRETCHA,,Corporate,ICE,Diesel,,,,,1
2025,11,BRP,,Corporate,ICE,Gasolina,,,,,6
2025,11,BRP,,Private,ICE,Gasolina,,,,,6
2025,11,BUCHER,,Corporate,ICE,Diesel,,,,,1
2025,11,BUNKERVAN,,Private,ICE,Diesel,,,,,1
2025,11,BYD,,Corporate,BEV,Electrico,,,,,68
2025,11,BYD,,Corporate,PHEV,Gasolina/Electrico Enchufable,,,,,18
2025,11,BYD,,Private,BEV,Electrico,,,,,342
2025,11,BYD,ATTO 3,Corporate,BEV,Electrico,UKL2,REST,Standard,SAV,30
2025,11,BYD,ATTO 3,Private,BEV,Electrico,UKL2,REST,Standard,SAV,234
2025,11,BYD,DOLPHIN,Corporate,BEV,Electrico,UKL1,REST,Standard,HACH 5P,67
2025,11,BYD,DOLPHIN,Private,BEV,Electrico,UKL1,REST,Standard,HACH 5P,718
2025,11,BYD,DOLPHIN,RAC,BEV,Electrico,UKL1,REST,Standard,HACH 5P,3
2025,11,BYD,SEAL,Corporate,BEV,Electrico,KKL,REST,Standard,SEDAN,195
2025,11,BYD,SEAL,Corporate,PHEV,Electrico,KKL,REST,Standard,SEDAN,9
2025,11,BYD,SEAL,Private,BEV,Electrico,KKL,REST,Standard,SEDAN,49
2025,11,BYD,SEAL,Private,PHEV,Electrico,KKL,REST,Standard,SEDAN,60
2025,11,BYD,SEAL U,Corporate,BEV,Electrico,KKL,REST,Standard,SAV,23
2025,11,BYD,SEAL U,Corporate,PHEV,Electrico,KKL,REST,Standard,SAV,281
2025,11,BYD,SEAL U,Private,BEV,Electrico,KKL,REST,Standard,SAV,79
2025,11,BYD,SEAL U,Private,PHEV,Electrico,KKL,REST,Standard,SAV,558
2025,11,BYD,SEAL U,RAC,PHEV,Electrico,KKL,REST,Standard,SAV,1
2025,11,BYD,SEALION 7,Corporate,BEV,Electrico,UKL2,REST,Standard,SAV,60
2025,11,BYD,SEALION 7,Private,BEV,Electrico,UKL2,REST,Standard,SAV,108
2025,11,BYD,TANG,Corporate,BEV,Electrico,KKL,REST,Standard,SAV,2
2025,11,BYD,TANG,Private,BEV,Electrico,KKL,REST,Standard,SAV,1
2025,11,C.I.,,Private,ICE,Diesel,,,,,5
2025,11,C.I.,,RAC,ICE,Diesel,,,,,3
2025,11,CACESA,,Corporate,ICE,Diesel,,,,,1
2025,11,CAFRAN,,Private,ICE,Diesel,,,,,1
2025,11,CAFRISE,,Corporate,ICE,Diesel,,,,,1
2025,11,CAFRISE,,RAC,ICE,Diesel,,,,,1
2025,11,CAJISA,,RAC,ICE,Diesel,,,,,20
2025,11,CALLAU,,Corporate,ICE,Diesel,,,,,1
2025,11,CAPRON,,Corporate,ICE,Diesel,,,,,3
2025,11,CAPRON,,Private,ICE,Diesel,,,,,18
2025,11,CAPRON,,RAC,ICE,Diesel,,,,,2
2025,11,CAPRON GMBH,,Private,ICE,Diesel,,,,,1
2025,11,CAR-BUS.NET,,Corporate,ICE,Diesel,,,,,2
2025,11,"CARROCERA CASTROSUA, S.A.",,Corporate,ICE,Diesel,,,,,1
2025,11,"CARROCERA CASTROSUA, S.A.",,Corporate,ICE,Gas natural comprimido (GNC),,,,,6
2025,11,CARROCERIAS CITY,,Corporate,ICE,Diesel,,,,,2
2025,11,CARROCERIAS CONRADO,,Corporate,ICE,Diesel,,,,,2
2025,11,CARROCERIAS CREVILLENTE,,Corporate,ICE,Diesel,,,,,1
2025,11,CARROCERIAS CREVILLENTE,,Private,ICE,Diesel,,,,,2
2025,11,CARROCERIAS CREVILLENTE,,RAC,ICE,Diesel,,,,,2
2025,11,CARROCERIAS DEL VALLE,,Corporate,ICE,Diesel,,,,,5
2025,11,CARROCERIAS EL GALLO,,Corporate,ICE,Diesel,,,,,5
2025,11,CARROCERIAS EL GALLO,,Private,ICE,Diesel,,,,,1
2025,11,CARROCERIAS FRIGOASTUR,,Private,ICE,Diesel,,,,,1
2025,11,CARROCERIAS FRIGORIFICAS SEVIL,,Corporate,ICE,Diesel,,,,,9
2025,11,CARROCERIAS FRIGORIFICAS SEVIL,,Private,ICE,Diesel,,,,,3
2025,11,CARROCERIAS FRIGORIFICAS SEVIL,,RAC,ICE,Diesel,,,,,1
2025,11,CARROCERIAS JANKAR,,Corporate,ICE,Diesel,,,,,1
2025,11,CARROCERIAS JEREZ,,Corporate,ICE,Diesel,,,,,4
2025,11,CARROCERIAS MINDA,,Corporate,ICE,Diesel,,,,,6
2025,11,CARROCERIAS MINDA,,Corporate,ICE,Gas Licuado con petroleo (GLP),,,,,1
2025,11,CARROCERIAS MINDA,,RAC,ICE,Gas Licuado con petroleo (GLP),,,,,5
2025,11,CARROCERIAS MR,,Corporate,ICE,Diesel,,,,,1
2025,11,CARROCERIAS SALAMANCA,,Corporate,ICE,Diesel,,,,,1
2025,11,CARROCERIAS SALAMANCA,,RAC,ICE,Diesel,,,,,2
2025,11,CARROCERIAS SANCA,,Corporate,ICE,Diesel,,,,,9
2025,11,CARROCERIAS SANCA,,Private,ICE,Diesel,,,,,2
2025,11,CARROCERIAS SANCA,,RAC,ICE,Diesel,,,,,4
2025,11,CARROCERIAS SANCA SA,,Corporate,ICE,Diesel,,,,,15
2025,11,CARROCERIAS SANCA SA,,Private,ICE,Diesel,,,,,2
2025,11,CARROCERIAS SANCA SA,,RAC,ICE,Diesel,,,,,1
2025,11,"CARROCERIAS SANCA, S.A.",,Corporate,ICE,Diesel,,,,,28
2025,11,"CARROCERIAS SANCA, S.A.",,Private,ICE,Diesel,,,,,4
2025,11,"CARROCERIAS SANCA, S.A.",,RAC,ICE,Diesel,,,,,5
2025,11,CARROCERIAS SEVILLA,,Corporate,ICE,Diesel,,,,,23
2025,11,CARROZADOS TECAI,,Corporate,ICE,Diesel,,,,,4
2025,11,CARROZADOS TECAI,,Corporate,ICE,Gas Licuado con petroleo (GLP),,,,,2
2025,11,CARROZADOS TECAI,,Private,ICE,Diesel,,,,,1
2025,11,CARROZADOS TECAI,,RAC,ICE,Diesel,,,,,10
2025,11,CARTHAGO,,Private,ICE,Diesel,,,,,1
2025,11,CARTHAGO,,RAC,ICE,Diesel,,,,,1
2025,11,CAYVOL,,Corporate,ICE,Diesel,,,,,1
2025,11,CAYVOL,,Corporate,ICE,Gas Licuado con petroleo (GLP),,,,,1
2025,11,CENNTRO,LOGISTAR,Corporate,BEV,Electrico,SKL,REST,Standard,TRANSPORTER,1
2025,11,CERRAJERIA AURELIO,,Corporate,ICE,Diesel,,,,,2
2025,11,CFMOTO,,Corporate,ICE,Gasolina,,,,,15
2025,11,CFMOTO,,Private,BEV,Electrico,,,,,1
2025,11,CFMOTO,,Private,ICE,Gasolina,,,,,26
2025,11,CHALLENGER,,Private,ICE,Diesel,,,,,22
2025,11,CHAPISTERIA V.I.,,Corporate,ICE,Diesel,,,,,1
2025,11,CHAPISTERIA V.I.,,Private,ICE,Diesel,,,,,1
2025,11,CHAPISTERIA V.I.,,RAC,ICE,Diesel,,,,,2
2025,11,CHEVROLET,,Private,ICE,Gasolina,,,,,2
2025,11,CHT,,Corporate,BEV,Electrico,,,,,1
2025,11,CHT,,Corporate,ICE,Diesel,,,,,3
2025,11,CI,,Corporate,ICE,Diesel,,,,,1
2025,11,CITROEN,,Corporate,BEV,Electrico,,,,,9
2025,11,CITROEN,,Corporate,ICE,Diesel,,,,,1
2025,11,CITROEN,,Private,BEV,Electrico,,,,,29
2025,11,CITROEN,,Private,ICE,Diesel,,,,,3
2025,11,CITROEN,BERLINGO,Corporate,BEV,Diesel,SKL,REST,Standard,TRANSPORTER,39
2025,11,CITROEN,BERLINGO,Corporate,ICE,Diesel,SKL,REST,Standard,TRANSPORTER,1265
2025,11,CITROEN,BERLINGO,Private,BEV,Diesel,SKL,REST,Standard,TRANSPORTER,13
2025,11,CITROEN,BERLINGO,Private,ICE,Diesel,SKL,REST,Standard,TRANSPORTER,171
2025,11,CITROEN,BERLINGO,RAC,BEV,Diesel,SKL,REST,Standard,TRANSPORTER,1
2025,11,CITROEN,BERLINGO,RAC,ICE,Diesel,SKL,REST,Standard,TRANSPORTER,4
2025,11,CITROEN,C3,Corporate,BEV,Diesel,UKL1,REST,Standard,HACH 5P,91
2025,11,CITROEN,C3,Corporate,ICE,Diesel,UKL1,REST,Standard,HACH 5P,595
2025,11,CITROEN,C3,Private,BEV,Diesel,UKL1,REST,Standard,HACH 5P,101
2025,11,CITROEN,C3,Private,ICE,Diesel,UKL1,REST,Standard,HACH 5P,630
2025,11,CITROEN,C3,RAC,BEV,Diesel,UKL1,REST,Standard,HACH 5P,9
2025,11,CITROEN,C3,RAC,ICE,Diesel,UKL1,REST,Standard,HACH 5P,261
2025,11,CITROEN,C4,Corporate,BEV,Diesel,UKL2,REST,Standard,HACH 5P,17
2025,11,CITROEN,C4,Corporate,ICE,Diesel,UKL2,REST,Standard,HACH 5P,481
2025,11,CITROEN,C4,Private,BEV,Diesel,UKL2,REST,Standard,HACH 5P,11
2025,11,CITROEN,C4,Private,ICE,Diesel,UKL2,REST,Standard,HACH 5P,185
2025,11,CITROEN,C4,RAC,BEV,Diesel,UKL2,REST,Standard,HACH 5P,1
2025,11,CITROEN,C4,RAC,ICE,Diesel,UKL2,REST,Standard,HACH 5P,47
2025,11,CITROEN,C4X,Corporate,ICE,Diesel,UKL2,REST,Standard,SEDAN,15
2025,11,CITROEN,C4X,Private,BEV,Diesel,UKL2,REST,Standard,SEDAN,1
2025,11,CITROEN,C4X,Private,ICE,Diesel,UKL2,REST,Standard,SEDAN,26
2025,11,CITROEN,C5 AIRCROSS,Corporate,BEV,Diesel,UKL2,REST,Standard,SAV,3
2025,11,CITROEN,C5 AIRCROSS,Corporate,ICE,Diesel,UKL2,REST,Standard,SAV,63
2025,11,CITROEN,C5 AIRCROSS,Corporate,PHEV,Diesel,UKL2,REST,Standard,SAV,16
2025,11,CITROEN,C5 AIRCROSS,Private,BEV,Diesel,UKL2,REST,Standard,SAV,2
2025,11,CITROEN,C5 AIRCROSS,Private,ICE,Diesel,UKL2,REST,Standard,SAV,77
2025,11,CITROEN,C5 AIRCROSS,RAC,BEV,Diesel,UKL2,REST,Standard,SAV,1
2025,11,CITROEN,C5X,Corporate,ICE,Gasolina,MKL,REST,Standard,SEDAN,3
2025,11,CITROEN,C5X,Private,ICE,Gasolina,MKL,REST,Standard,SEDAN,1
2025,11,CITROEN,C5X,Private,PHEV,Gasolina,MKL,REST,Standard,SEDAN,1
2025,11,CITROEN,JUMPER,Corporate,BEV,Diesel,SKL,REST,Standard,TRANSPORTER,1
2025,11,CITROEN,JUMPER,Corporate,ICE,Diesel,SKL,REST,Standard,TRANSPORTER,93
2025,11,CITROEN,JUMPER,Private,ICE,Diesel,SKL,REST,Standard,TRANSPORTER,24
2025,11,CITROEN,JUMPER,RAC,ICE,Diesel,SKL,REST,Standard,TRANSPORTER,13
2025,11,CITROEN,JUMPY,Corporate,BEV,Diesel,SKL,REST,Standard,TRANSPORTER,3
2025,11,CITROEN,JUMPY,Corporate,ICE,Diesel,SKL,REST,Standard,TRANSPORTER,140
2025,11,CITROEN,JUMPY,Private,BEV,Diesel,SKL,REST,Standard,TRANSPORTER,1
2025,11,CITROEN,JUMPY,Private,ICE,Diesel,SKL,REST,Standard,TRANSPORTER,29
2025,11,CITROEN,JUMPY,RAC,ICE,Diesel,SKL,REST,Standard,TRANSPORTER,1
2025,11,CITROEN,SPACETOURER,Corporate,BEV,Diesel,SKL,REST,Standard,TRANSPORTER,1
2025,11,CITROEN,SPACETOURER,Corporate,ICE,Diesel,SKL,REST,Standard,TRANSPORTER,10
2025,11,CITROEN,SPACETOURER,Private,ICE,Diesel,SKL,REST,Standard,TRANSPORTER,4
2025,11,CITROEN,SPACETOURER,RAC,ICE,Diesel,SKL,REST,Standard,TRANSPORTER,3
2025,11,COCAR,,Corporate,ICE,Diesel,,,,,1
2025,11,COCAR,,RAC,ICE,Diesel,,,,,2
2025,11,CODETRANS,,Corporate,ICE,Diesel,,,,,13
2025,11,CODETRANS,,Corporate,ICE,Gasolina,,,,,2
2025,11,COINPOL,,Corporate,BEV,Electrico,,,,,5
2025,11,COINPOL,,Corporate,ICE,Diesel,,,,,3
2025,11,COINPOL,,Private,ICE,Diesel,,,,,1
2025,11,COINPOL,,RAC,BEV,Electrico,,,,,10
2025,11,COINPOL,,RAC,ICE,Diesel,,,,,91
2025,11,COLD CAR,,Corporate,ICE,Diesel,,,,,1
2025,11,COMPOSITES REFORZADOS,,Corporate,ICE,Diesel,,,,,9
2025,11,COMPOSITES REFORZADOS,,RAC,ICE,Diesel,,,,,1
2025,11,CONGRUAL,,Corporate,ICE,Diesel,,,,,1
2025,11,CONSA,,Corporate,ICE,Diesel,,,,,1
2025,11,COOLGADES,,Corporate,ICE,Diesel,,,,,6
2025,11,COOLGADES,,Private,ICE,Diesel,,,,,2
2025,11,CORVUS,,Corporate,ICE,Diesel,,,,,7
2025,11,CORVUS,,Private,ICE,Diesel,,,,,1
2025,11,COSMEA ESPINEDO,,Corporate,ICE,Diesel,,,,,2
2025,11,CTE,,Corporate,ICE,Diesel,,,,,2
2025,11,CUBY,,RAC,ICE,Diesel,,,,,1
2025,11,CUPRA,,Corporate,BEV,Electrico,,,,,1
2025,11,CUPRA,,Corporate,ICE,Gasolina,,,,,1
2025,11,CUPRA,BORN,Corporate,BEV,Electrico,UKL2,REST,Standard,HACH 5P,38
2025,11,CUPRA,BORN,Private,BEV,Electrico,UKL2,REST,Standard,HACH 5P,8
2025,11,CUPRA,CUPRA ATECA,Private,ICE,Gasolina,UKL2,REST,Standard,SAT,7
2025,11,CUPRA,CUPRA LEON,Corporate,ICE,Gasolina,UKL2,REST,Standard,HACH 5P,475
2025,11,CUPRA,CUPRA LEON,Corporate,PHEV,Gasolina,UKL2,REST,Standard,HACH 5P,290
2025,11,CUPRA,CUPRA LEON,Private,ICE,Gasolina,UKL2,REST,Standard,HACH 5P,177
2025,11,CUPRA,CUPRA LEON,Private,PHEV,Gasolina,UKL2,REST,Standard,HACH 5P,28
2025,11,CUPRA,CUPRA LEON,RAC,ICE,Gasolina,UKL2,REST,Standard,HACH 5P,2
2025,11,CUPRA,FORMENTOR,Corporate,ICE,Diesel,UKL2,REST,Standard,SAT,176
2025,11,CUPRA,FORMENTOR,Corporate,PHEV,Diesel,UKL2,REST,Standard,SAT,263
2025,11,CUPRA,FORMENTOR,Private,ICE,Diesel,UKL2,REST,Standard,SAT,168
2025,11,CUPRA,FORMENTOR,Private,PHEV,Diesel,UKL2,REST,Standard,SAT,155
2025,11,CUPRA,FORMENTOR,RAC,PHEV,Diesel,UKL2,REST,Standard,SAT,37
2025,11,CUPRA,TAVASCAN,Corporate,BEV,Electrico,UKL2,REST,Standard,SAV,49
2025,11,CUPRA,TAVASCAN,Private,BEV,Electrico,UKL2,REST,Standard,SAV,22
2025,11,CUPRA,TERRAMAR,Corporate,ICE,Gasolina Mild Hybrid,UKL2,REST,Standard,SAT,239
2025,11,CUPRA,TERRAMAR,Corporate,PHEV,Gasolina Mild Hybrid,UKL2,REST,Standard,SAT,147
2025,11,CUPRA,TERRAMAR,Private,ICE,Gasolina Mild Hybrid,UKL2,REST,Standard,SAT,234
2025,11,CUPRA,TERRAMAR,Private,PHEV,Gasolina Mild Hybrid,UKL2,REST,Standard,SAT,133
2025,11,CUPRA,TERRAMAR,RAC,PHEV,Gasolina Mild Hybrid,UKL2,REST,Standard,SAT,12
2025,11,DACIA,,Corporate,ICE,Gas Licuado con petroleo (GLP),,,,,4
2025,11,DACIA,,Corporate,ICE,Gasolina,,,,,109
2025,11,DACIA,,Private,ICE,Gas Licuado con petroleo (GLP),,,,,140
2025,11,DACIA,,Private,ICE,Gasolina,,,,,368
2025,11,DACIA,,RAC,ICE,Gasolina,,,,,1
2025,11,DACIA,DUSTER,Corporate,ICE,Diesel,SKL,REST,Standard,PICKUP,249
2025,11,DACIA,DUSTER,Private,ICE,Diesel,SKL,REST,Standard,PICKUP,674
2025,11,DACIA,JOGGER,Corporate,ICE,Gas Licuado con petroleo (GLP),UKL2,REST,Standard,MPV,79
2025,11,DACIA,JOGGER,Private,ICE,Gas Licuado con petroleo (GLP),UKL2,REST,Standard,MPV,285
2025,11,DACIA,JOGGER,RAC,ICE,Gas Licuado con petroleo (GLP),UKL2,REST,Standard,MPV,12
2025,11,DACIA,SANDERO,Corporate,ICE,Gas Licuado con petroleo (GLP),UKL1,REST,Standard,HACH 5P,392
2025,11,DACIA,SANDERO,Private,ICE,Gas Licuado con petroleo (GLP),UKL1,REST,Standard,HACH 5P,3197
2025,11,DACIA,SANDERO,RAC,ICE,Gas Licuado con petroleo (GLP),UKL1,REST,Standard,HACH 5P,5
2025,11,DACIA,SPRING,Corporate,BEV,Electrico,UKL0,REST,Standard,SAV,72
2025,11,DACIA,SPRING,Private,BEV,Electrico,UKL0,REST,Standard,SAV,105
2025,11,DANGEL,,Corporate,ICE,Diesel,,,,,8
2025,11,DEL VALLE,,Corporate,ICE,Diesel,,,,,1
2025,11,DENZA,,Corporate,PHEV,Gasolina/Electrico Enchufable,,,,,1
2025,11,DETHLEFFS,,Corporate,ICE,Diesel,,,,,2
2025,11,DETHLEFFS,,Private,ICE,Diesel,,,,,8
2025,11,DETHLEFFS,,RAC,ICE,Diesel,,,,,2
2025,11,DFSK,,Corporate,BEV,Electrico,,,,,10
2025,11,DFSK,,Corporate,ICE,Gas Licuado con petroleo (GLP),,,,,8
2025,11,DFSK,,Corporate,ICE,Gasolina,,,,,12
2025,11,DFSK,,Private,ICE,Gasolina,,,,,4
2025,11,DFSK,,RAC,ICE,Gasolina,,,,,3
2025,11,DFSK,E5,Corporate,PHEV,Gasolina/Electrico Enchufable,KKL,REST,Standard,SAV,1
2025,11,DFSK,E5,Private,PHEV,Gasolina/Electrico Enchufable,KKL,REST,Standard,SAV,7
2025,11,DIGAL,,Corporate,ICE,Diesel,,,,,8
2025,11,DIGAL,,Corporate,PHEV,Gasolina/Electrico Enchufable,,,,,6
2025,11,DONGFENG,BOX,Corporate,BEV,Electrico,UKL0,REST,Standard,HACH 5P,2
2025,11,DONGFENG,BOX,Private,BEV,Electrico,UKL0,REST,Standard,HACH 5P,11
2025,11,DONOSO,,Corporate,ICE,Diesel,,,,,1
2025,11,DR,,Corporate,ICE,Gas Licuado con petroleo (GLP),,,,,6
2025,11,DR,,Corporate,ICE,Gasolina,,,,,5
2025,11,DR,,Private,ICE,Gas Licuado con petroleo (GLP),,,,,12
2025,11,DR,,Private,ICE,Gasolina,,,,,13
2025,11,DR,,RAC,ICE,Gasolina,,,,,2
2025,11,DR,DR4,Private,ICE,Gas Licuado con petroleo (GLP),UKL1,REST,Standard,SAV,1
2025,11,DREAM,,Private,ICE,Diesel,,,,,1
2025,11,DREAMER,,Private,ICE,Diesel,,,,,1
2025,11,DS,,Corporate,BEV,Electrico,,,,,8
2025,11,DS,,Corporate,ICE,Gasolina,,,,,8
2025,11,DS,,Private,ICE,Gasolina,,,,,22
2025,11,DS,DS3 CROSSBACK,Private,ICE,Diesel,UKL1,REST,Standard,HACH 3P,4
2025,11,DS,DS4,Corporate,ICE,Diesel,UKL2,REST,Standard,HACH 5P,2
2025,11,DS,DS4,Corporate,PHEV,Diesel,UKL2,REST,Standard,HACH 5P,2
2025,11,DS,DS7 CROSSBACK,Corporate,ICE,Diesel,UKL2,REST,Standard,SAV,126
2025,11,DS,DS7 CROSSBACK,Corporate,PHEV,Diesel,UKL2,REST,Standard,SAV,25
2025,11,DS,DS7 CROSSBACK,Private,ICE,Diesel,UKL2,REST,Standard,SAV,14
2025,11,DS,DS7 CROSSBACK,Private,PHEV,Diesel,UKL2,REST,Standard,SAV,10
2025,11,DS,DS7 CROSSBACK,RAC,PHEV,Diesel,UKL2,REST,Standard,SAV,2
2025,11,DSK,,Corporate,ICE,Diesel,,,,,1
2025,11,DSK,,Corporate,ICE,Gas Licuado con petroleo (GLP),,,,,1
2025,11,DSK,,Corporate,ICE,Gasolina,,,,,1
2025,11,DSK,,Private,ICE,Gas Licuado con petroleo (GLP),,,,,1
2025,11,DSK,,Private,ICE,Gasolina,,,,,1
2025,11,E-CLASSIC,,Corporate,BEV,Electrico,,,,,1
2025,11,EBRO,,Corporate,ICE,Gasolina,,,,,109
2025,11,EBRO,,Corporate,PHEV,Gasolina/Electrico Enchufable,,,,,94
2025,11,EBRO,,Private,ICE,Gasolina,,,,,742
2025,11,EBRO,,Private,PHEV,Gasolina/Electrico Enchufable,,,,,144
2025,11,EBRO,,RAC,PHEV,Gasolina/Electrico Enchufable,,,,,2
2025,11,EBRO,S700,Corporate,ICE,Gasolina,UKL2,REST,Standard,SAV,24
2025,11,EBRO,S700,Corporate,PHEV,Gasolina,UKL2,REST,Standard,SAV,108
2025,11,EBRO,S700,Private,ICE,Gasolina,UKL2,REST,Standard,SAV,127
2025,11,EBRO,S700,Private,PHEV,Gasolina,UKL2,REST,Standard,SAV,279
2025,11,EBRO,S700,RAC,PHEV,Gasolina,UKL2,REST,Standard,SAV,4
2025,11,ECOAUTO,,Corporate,ICE,Diesel,,,,,50
2025,11,ECOAUTO,,Corporate,ICE,Gasolina,,,,,120
2025,11,ECOGAM,,Corporate,ICE,Diesel,,,,,1
2025,11,EGA,,Corporate,ICE,Diesel,,,,,1
2025,11,ELNAGH,,Private,ICE,Diesel,,,,,14
2025,11,ELNAGH,,RAC,ICE,Diesel,,,,,1
2025,11,EQUIPFRED,,Corporate,ICE,Diesel,,,,,8
2025,11,EQUIPFRED,,Private,ICE,Diesel,,,,,1
2025,11,ERJOMA,,Corporate,ICE,Diesel,,,,,2
2025,11,ERKE,,Corporate,BEV,Electrico,,,,,15
2025,11,ERKE,,Corporate,ICE,Diesel,,,,,195
2025,11,ERKE,,Private,ICE,Diesel,,,,,1
2025,11,ERROBITRAK,,Corporate,ICE,Diesel,,,,,1
2025,11,ESCALANTE,,Corporate,ICE,Diesel,,,,,3
2025,11,ESCARDA,,Corporate,ICE,Diesel,,,,,1
2025,11,ESMI,,Corporate,ICE,Diesel,,,,,1
2025,11,ETRUSCO,,Private,ICE,Diesel,,,,,3
2025,11,ETXEBERRIA,,Corporate,ICE,Diesel,,,,,2
2025,11,EUROCARROCERA,,Corporate,ICE,Diesel,,,,,12
2025,11,EUROGAZA,,Private,ICE,Diesel,,,,,3
2025,11,EVO,,Corporate,ICE,Gas Licuado con petroleo (GLP),,,,,9
2025,11,EVO,,Corporate,ICE,Gasolina,,,,,14
2025,11,EVO,,Private,ICE,Gas Licuado con petroleo (GLP),,,,,36
2025,11,EVO,,Private,ICE,Gasolina,,,,,38
2025,11,EVO,,RAC,ICE,Gas Licuado con petroleo (GLP),,,,,1
2025,11,EVO,,RAC,ICE,Gasolina,,,,,5
2025,11,EVO,CROSS 4,Corporate,ICE,Diesel,SKL,REST,Standard,PICKUP,17
2025,11,EVO,CROSS 4,Private,ICE,Diesel,SKL,REST,Standard,PICKUP,25
2025,11,EVO,EVO 7,Corporate,ICE,Gasolina,UKL2,REST,Standard,SAV,4
2025,11,EVO,EVO 7,Private,ICE,Gasolina,UKL2,REST,Standard,SAV,5
2025,11,EVO,EVO 7,RAC,ICE,Gasolina,UKL2,REST,Standard,SAV,1
2025,11,FARIZON,,Corporate,BEV,Electrico,,,,,2
2025,11,FARIZON,,Private,BEV,Electrico,,,,,2
2025,11,FAW,,Corporate,BEV,Electrico,,,,,1
2025,11,FAW,,Corporate,ICE,Gasolina,,,,,7
2025,11,FAW,,Private,ICE,Gasolina,,,,,33
2025,11,FAW,,RAC,ICE,Gasolina,,,,,6
2025,11,FENIKS,,Corporate,ICE,Diesel,,,,,2
2025,11,FENIKS,,RAC,ICE,Gas Licuado con petroleo (GLP),,,,,1
2025,11,FERQUI,,Corporate,ICE,Diesel,,,,,1
2025,11,FERRARI,,Private,ICE,Gasolina,,,,,2
2025,11,FERRARI,296,Corporate,PHEV,Gasolina/Electrico Enchufable,GKL+,FOCUS SEGMENT,Standard,COUPE,4
2025,11,FERRARI,296,Private,PHEV,Gasolina/Electrico Enchufable,GKL+,FOCUS SEGMENT,Standard,COUPE,1
2025,11,FERRARI,PUROSANGUE,Private,ICE,Gasolina,GKL+,FOCUS SEGMENT,Standard,SAV,2
2025,11,FERRARI,ROMA,RAC,ICE,Gasolina,GKL+,FOCUS SEGMENT,Standard,COUPE,1
2025,11,FIAT,,Corporate,ICE,Diesel,,,,,3
2025,11,FIAT,,Private,BEV,Electrico,,,,,15
2025,11,FIAT,,Private,ICE,Diesel,,,,,14
2025,11,FIAT,,Private,ICE,Gasolina,,,,,3
2025,11,FIAT,,RAC,ICE,Diesel,,,,,2
2025,11,FIAT,500,Corporate,BEV,Diesel,UKL1,REST,Standard,SAV,3
2025,11,FIAT,500,Private,BEV,Diesel,UKL1,REST,Standard,SAV,15
2025,11,FIAT,600,Corporate,ICE,Electrico,UKL1,REST,Standard,SAV,163
2025,11,FIAT,600,Private,ICE,Electrico,UKL1,REST,Standard,SAV,56
2025,11,FIAT,600,RAC,BEV,Electrico,UKL1,REST,Standard,SAV,20
2025,11,FIAT,600,RAC,ICE,Electrico,UKL1,REST,Standard,SAV,26
2025,11,FIAT,DOBLO CARGO,Corporate,BEV,Diesel,SKL,REST,Standard,TRANSPORTER,10
2025,11,FIAT,DOBLO CARGO,Corporate,ICE,Diesel,SKL,REST,Standard,TRANSPORTER,220
2025,11,FIAT,DOBLO CARGO,Private,ICE,Diesel,SKL,REST,Standard,TRANSPORTER,14
2025,11,FIAT,DOBLO CARGO,RAC,ICE,Diesel,SKL,REST,Standard,TRANSPORTER,111
2025,11,FIAT,DUCATO,Corporate,BEV,Diesel,SKL,REST,Standard,TRANSPORTER,5
2025,11,FIAT,DUCATO,Corporate,ICE,Diesel,SKL,REST,Standard,TRANSPORTER,106
2025,11,FIAT,DUCATO,Private,ICE,Diesel,SKL,REST,Standard,TRANSPORTER,41
2025,11,FIAT,DUCATO,RAC,BEV,Diesel,SKL,REST,Standard,TRANSPORTER,13
2025,11,FIAT,DUCATO,RAC,ICE,Diesel,SKL,REST,Standard,TRANSPORTER,88
2025,11,FIAT,E-ULYSSE,Corporate,ICE,Electrico,SKL,REST,Standard,TRANSPORTER,7
2025,11,FIAT,PANDA,Corporate,BEV,Gasolina,UKL0,REST,Standard,HACH 5P,5
2025,11,FIAT,PANDA,Corporate,ICE,Gasolina,UKL0,REST,Standard,HACH 5P,105
2025,11,FIAT,PANDA,Private,BEV,Gasolina,UKL0,REST,Standard,HACH 5P,14
2025,11,FIAT,PANDA,Private,ICE,Gasolina,UKL0,REST,Standard,HACH 5P,116
2025,11,FIAT,PANDA,RAC,ICE,Gasolina,UKL0,REST,Standard,HACH 5P,38
2025,11,FIAT,SCUDO,Corporate,ICE,Diesel,SKL,REST,Standard,TRANSPORTER,37
2025,11,FIAT,SCUDO,Private,ICE,Diesel,SKL,REST,Standard,TRANSPORTER,22
2025,11,FIAT,SCUDO,RAC,BEV,Diesel,SKL,REST,Standard,TRANSPORTER,11
2025,11,FIAT,SCUDO,RAC,ICE,Diesel,SKL,REST,Standard,TRANSPORTER,71
2025,11,FIAT,TIPO,Corporate,ICE,Diesel,UKL2,REST,Standard,HACH 5P,4
2025,11,FIAT,TIPO,Private,ICE,Diesel,UKL2,REST,Standard,HACH 5P,31
2025,11,FLEURETTE,,Private,ICE,Diesel,,,,,1
2025,11,FOIMA,,Corporate,ICE,Diesel,,,,,7
2025,11,FORD,,Corporate,ICE,Gasolina,,,,,1
2025,11,FORD,,Private,ICE,Diesel,,,,,18
2025,11,FORD,,Private,ICE,Gasolina,,,,,1
2025,11,FORD,,RAC,ICE,Diesel,,,,,7
2025,11,FORD,BRONCO,Corporate,ICE,Gasolina,MKL,REST,Standard,SUV,1
2025,11,FORD,BRONCO,Private,ICE,Gasolina,MKL,REST,Standard,SUV,1
2025,11,FORD,CAPRI,Corporate,BEV,Electrico,UKL1,REST,Standard,SAV,77
2025,11,FORD,CAPRI,Private,BEV,Electrico,UKL1,REST,Standard,SAV,8
2025,11,FORD,CAPRI,RAC,BEV,Electrico,UKL1,REST,Standard,SAV,1
2025,11,FORD,EXPLORER,Corporate,BEV,Gasolina/Electrico Enchufable,SKL,REST,Standard,PICKUP,32
2025,11,FORD,EXPLORER,Private,BEV,Gasolina/Electrico Enchufable,SKL,REST,Standard,PICKUP,24
2025,11,FORD,FIESTA,Private,ICE,Gasolina,UKL1,REST,Standard,HACH 5P,1
2025,11,FORD,FOCUS,Corporate,ICE,Diesel,UKL2,REST,Standard,HACH 5P,81
2025,11,FORD,FOCUS,Private,ICE,Diesel,UKL2,REST,Standard,HACH 5P,114
2025,11,FORD,FOCUS,RAC,ICE,Diesel,UKL2,REST,Standard,HACH 5P,6
2025,11,FORD,GALAXY,Private,ICE,Gasolina/Electrico,KKL,REST,Standard,MPV,1
2025,11,FORD,KUGA,Corporate,ICE,Diesel,UKL2,REST,Standard,SAV,166
2025,11,FORD,KUGA,Corporate,PHEV,Diesel,UKL2,REST,Standard,SAV,443
2025,11,FORD,KUGA,Private,ICE,Diesel,UKL2,REST,Standard,SAV,106
2025,11,FORD,KUGA,Private,PHEV,Diesel,UKL2,REST,Standard,SAV,344
2025,11,FORD,KUGA,RAC,ICE,Diesel,UKL2,REST,Standard,SAV,1
2025,11,FORD,KUGA,RAC,PHEV,Diesel,UKL2,REST,Standard,SAV,15
2025,11,FORD,MUSTANG,Corporate,ICE,Gasolina,MKL,REST,Standard,CABRIO,5
2025,11,FORD,MUSTANG,Private,ICE,Gasolina,MKL,REST,Standard,CABRIO,13
2025,11,FORD,MUSTANG MACH-E,Corporate,BEV,Electrico,KKL,REST,Standard,SAV,5
2025,11,FORD,MUSTANG MACH-E,Private,BEV,Electrico,KKL,REST,Standard,SAV,2
2025,11,FORD,PUMA,Corporate,BEV,Diesel,UKL1,REST,Standard,SAV,26
2025,11,FORD,PUMA,Corporate,ICE,Diesel,UKL1,REST,Standard,SAV,302
2025,11,FORD,PUMA,Private,BEV,Diesel,UKL1,REST,Standard,SAV,42
2025,11,FORD,PUMA,Private,ICE,Diesel,UKL1,REST,Standard,SAV,425
2025,11,FORD,PUMA,RAC,ICE,Diesel,UKL1,REST,Standard,SAV,4
2025,11,FORD,RANGER,Corporate,ICE,Diesel,SKL,REST,Standard,PICKUP,247
2025,11,FORD,RANGER,Corporate,PHEV,Diesel,SKL,REST,Standard,PICKUP,102
2025,11,FORD,RANGER,Private,ICE,Diesel,SKL,REST,Standard,PICKUP,19
2025,11,FORD,RANGER,Private,PHEV,Diesel,SKL,REST,Standard,PICKUP,18
2025,11,FORD,RANGER,RAC,ICE,Diesel,SKL,REST,Standard,PICKUP,12
2025,11,FORD,RANGER,RAC,PHEV,Diesel,SKL,REST,Standard,PICKUP,5
2025,11,FORD,TOURNEO,Corporate,BEV,Diesel,SKL,REST,Standard,TRANSPORTER,8
2025,11,FORD,TOURNEO,Corporate,ICE,Diesel,SKL,REST,Standard,TRANSPORTER,25
2025,11,FORD,TOURNEO,Corporate,PHEV,Diesel,SKL,REST,Standard,TRANSPORTER,14
2025,11,FORD,TOURNEO,Private,BEV,Diesel,SKL,REST,Standard,TRANSPORTER,13
2025,11,FORD,TOURNEO,Private,ICE,Diesel,SKL,REST,Standard,TRANSPORTER,52
2025,11,FORD,TOURNEO,Private,PHEV,Diesel,SKL,REST,Standard,TRANSPORTER,25
2025,11,FORD,TRANSIT,Corporate,BEV,Diesel,SKL,REST,Standard,TRANSPORTER,6
2025,11,FORD,TRANSIT,Corporate,ICE,Diesel,SKL,REST,Standard,TRANSPORTER,126
2025,11,FORD,TRANSIT,Private,BEV,Diesel,SKL,REST,Standard,TRANSPORTER,1
2025,11,FORD,TRANSIT,Private,ICE,Diesel,SKL,REST,Standard,TRANSPORTER,18
2025,11,FORD,TRANSIT,RAC,BEV,Diesel,SKL,REST,Standard,TRANSPORTER,1
2025,11,FORD,TRANSIT,RAC,ICE,Diesel,SKL,REST,Standard,TRANSPORTER,10
2025,11,FORD,TRANSIT CONNECT,Corporate,ICE,Diesel,SKL,REST,Standard,TRANSPORTER,56
2025,11,FORD,TRANSIT CONNECT,Corporate,PHEV,Diesel,SKL,REST,Standard,TRANSPORTER,62
2025,11,FORD,TRANSIT CONNECT,Private,ICE,Diesel,SKL,REST,Standard,TRANSPORTER,3
2025,11,FORD,TRANSIT CONNECT,Private,PHEV,Diesel,SKL,REST,Standard,TRANSPORTER,1
2025,11,FORD,TRANSIT COURIER,Corporate,BEV,Diesel,SKL,REST,Standard,TRANSPORTER,31
2025,11,FORD,TRANSIT COURIER,Corporate,ICE,Diesel,SKL,REST,Standard,TRANSPORTER,240
2025,11,FORD,TRANSIT COURIER,Private,BEV,Diesel,SKL,REST,Standard,TRANSPORTER,2
2025,11,FORD,TRANSIT COURIER,Private,ICE,Diesel,SKL,REST,Standard,TRANSPORTER,5
2025,11,FORD,TRANSIT COURIER,RAC,ICE,Diesel,SKL,REST,Standard,TRANSPORTER,5
2025,11,FORD,TRANSIT CUSTOM,Corporate,BEV,Diesel,SKL,REST,Standard,TRANSPORTER,27
2025,11,FORD,TRANSIT CUSTOM,Corporate,ICE,Diesel,SKL,REST,Standard,TRANSPORTER,202
2025,11,FORD,TRANSIT CUSTOM,Corporate,PHEV,Diesel,SKL,REST,Standard,TRANSPORTER,127
2025,11,FORD,TRANSIT CUSTOM,Private,BEV,Diesel,SKL,REST,Standard,TRANSPORTER,3
2025,11,FORD,TRANSIT CUSTOM,Private,ICE,Diesel,SKL,REST,Standard,TRANSPORTER,14
2025,11,FORD,TRANSIT CUSTOM,Private,PHEV,Diesel,SKL,REST,Standard,TRANSPORTER,16
2025,11,FORD,TRANSIT CUSTOM,RAC,ICE,Diesel,SKL,REST,Standard,TRANSPORTER,13
2025,11,FORD,TRANSIT CUSTOM,RAC,PHEV,Diesel,SKL,REST,Standard,TRANSPORTER,1
2025,11,FOTON,,Corporate,ICE,Diesel,,,,,19
2025,11,FOTON,,Private,ICE,Diesel,,,,,7
2025,11,FRANGU,,Corporate,ICE,Diesel,,,,,1
2025,11,FRANGU,,RAC,ICE,Diesel,,,,,1
2025,11,FRISACUL,,RAC,ICE,Diesel,,,,,5
2025,11,FURCAR,,Corporate,ICE,Diesel,,,,,2
2025,11,FURCAR,,RAC,ICE,Diesel,,,,,1
2025,11,FURGOK,,Private,ICE,Diesel,,,,,1
2025,11,FURGOKARAVANING,,Private,ICE,Diesel,,,,,2
2025,11,GALO HEREDIA,,Corporate,ICE,Diesel,,,,,1
2025,11,GEMA PENINSULAR,,Corporate,ICE,Diesel,,,,,4
2025,11,GENERALIFE,,Corporate,ICE,Diesel,,,,,1
2025,11,GEYCODIESEL,,RAC,ICE,Diesel,,,,,7
2025,11,GICALLA,,Corporate,ICE,Diesel,,,,,1
2025,11,GIOTTILINE,,Corporate,ICE,Diesel,,,,,3
2025,11,GIOTTILINE,,Private,ICE,Diesel,,,,,17
2025,11,GIOTTILINE,,RAC,ICE,Diesel,,,,,4
2025,11,GIOTTLINE,,Private,ICE,Diesel,,,,,1
2025,11,GOMEZ,,Corporate,ICE,Diesel,,,,,2
2025,11,GORBEA,,Corporate,ICE,Diesel,,,,,1
2025,11,GOUPIL,,Corporate,BEV,Electrico,,,,,28
2025,11,GRAU,,Corporate,BEV,Electrico,,,,,35
2025,11,GRUAUTO,,Private,ICE,Diesel,,,,,2
2025,11,GSE,,Corporate,ICE,Diesel,,,,,2
2025,11,HARLEY-DAVIDSON,,Private,ICE,Gasolina,,,,,2
2025,11,HENALES,,Corporate,ICE,Diesel,,,,,1
2025,11,HENALES ALVAREZ,,Corporate,ICE,Diesel,,,,,1
2025,11,HERCOV,,Corporate,ICE,Diesel,,,,,1
2025,11,HERMONT,,Corporate,ICE,Diesel,,,,,6
2025,11,HIDROMAYORAL,,Corporate,ICE,Diesel,,,,,1
2025,11,HIGER,,Corporate,ICE,Diesel,,,,,2
2025,11,HONDA,,Corporate,ICE,Gasolina,,,,,1
2025,11,HONDA,CIVIC,Corporate,ICE,Gasolina,UKL2,REST,Standard,HACH 5P,29
2025,11,HONDA,CIVIC,Private,ICE,Gasolina,UKL2,REST,Standard,HACH 5P,82
2025,11,HONDA,CR-V,Corporate,ICE,Gasolina,KKL,REST,Standard,SAV,3
2025,11,HONDA,CR-V,Corporate,PHEV,Gasolina,KKL,REST,Standard,SAV,2
2025,11,HONDA,CR-V,Private,ICE,Gasolina,KKL,REST,Standard,SAV,21
2025,11,HONDA,CR-V,Private,PHEV,Gasolina,KKL,REST,Standard,SAV,12
2025,11,HONDA,E:NY1,Corporate,BEV,Electrico,UKL1,REST,Standard,SAV,6
2025,11,HONDA,E:NY1,Private,BEV,Electrico,UKL1,REST,Standard,SAV,3
2025,11,HONDA,HR-V,Corporate,ICE,Gasolina/Electrico,UKL1,REST,Standard,SAV,16
2025,11,HONDA,HR-V,Private,ICE,Gasolina/Electrico,UKL1,REST,Standard,SAV,82
2025,11,HONDA,JAZZ,Corporate,ICE,Gasolina/Electrico,UKL1,REST,Standard,HACH 5P,29
2025,11,HONDA,JAZZ,Private,ICE,Gasolina/Electrico,UKL1,REST,Standard,HACH 5P,67
2025,11,HONDA,JAZZ,RAC,ICE,Gasolina/Electrico,UKL1,REST,Standard,HACH 5P,55
2025,11,HONDA,ZR-V,Corporate,ICE,Gasolina/Electrico,UKL2,REST,Standard,SAV,21
2025,11,HONDA,ZR-V,Private,ICE,Gasolina/Electrico,UKL2,REST,Standard,SAV,48
2025,11,HYMER,,Corporate,ICE,Diesel,,,,,2
2025,11,HYMER,,Private,ICE,Diesel,,,,,5
2025,11,HYMER,,RAC,ICE,Diesel,,,,,1
2025,11,HYUNDAI,BAYON,Corporate,ICE,Gasolina,UKL1,REST,Standard,SAV,116
2025,11,HYUNDAI,BAYON,Private,ICE,Gasolina,UKL1,REST,Standard,SAV,146
2025,11,HYUNDAI,BAYON,RAC,ICE,Gasolina,UKL1,REST,Standard,SAV,5
2025,11,HYUNDAI,I10,Corporate,ICE,Gasolina,UKL0,REST,Standard,HACH 5P,80
2025,11,HYUNDAI,I10,Private,ICE,Gasolina,UKL0,REST,Standard,HACH 5P,123
2025,11,HYUNDAI,I10,RAC,ICE,Gasolina,UKL0,REST,Standard,HACH 5P,207
2025,11,HYUNDAI,I20,Corporate,ICE,Gasolina,UKL1,REST,Standard,HACH 5P,138
2025,11,HYUNDAI,I20,Private,ICE,Gasolina,UKL1,REST,Standard,HACH 5P,414
2025,11,HYUNDAI,I20,RAC,ICE,Gasolina,UKL1,REST,Standard,HACH 5P,75
2025,11,HYUNDAI,I30,Corporate,ICE,Diesel Mild Hybrid,UKL2,REST,Standard,ESTATE,33
2025,11,HYUNDAI,I30,Private,ICE,Diesel Mild Hybrid,UKL2,REST,Standard,ESTATE,145
2025,11,HYUNDAI,I30,RAC,ICE,Diesel Mild Hybrid,UKL2,REST,Standard,ESTATE,2
2025,11,HYUNDAI,INSTER,Corporate,BEV,Electrico,UKL2,REST,Standard,SAV,29
2025,11,HYUNDAI,INSTER,Private,BEV,Electrico,UKL2,REST,Standard,SAV,140
2025,11,HYUNDAI,IONIQ,Corporate,BEV,Gasolina/Electrico,UKL2,REST,Standard,HACH 5P,6
2025,11,HYUNDAI,IONIQ,Private,BEV,Gasolina/Electrico,UKL2,REST,Standard,HACH 5P,1
2025,11,HYUNDAI,IONIQ 5,Corporate,BEV,Electrico,UKL2,REST,Standard,SAV,26
2025,11,HYUNDAI,IONIQ 5,Private,BEV,Electrico,UKL2,REST,Standard,SAV,49
2025,11,HYUNDAI,IONIQ 5,RAC,BEV,Electrico,UKL2,REST,Standard,SAV,9
2025,11,HYUNDAI,IONIQ 6,Corporate,BEV,Electrico,KKL,REST,Standard,SEDAN,16
2025,11,HYUNDAI,KONA,Corporate,BEV,Electrico,UKL1,REST,Standard,SAV,16
2025,11,HYUNDAI,KONA,Corporate,ICE,Electrico,UKL1,REST,Standard,SAV,302
2025,11,HYUNDAI,KONA,Private,BEV,Electrico,UKL1,REST,Standard,SAV,127
2025,11,HYUNDAI,KONA,Private,ICE,Electrico,UKL1,REST,Standard,SAV,816
2025,11,HYUNDAI,KONA,RAC,ICE,Electrico,UKL1,REST,Standard,SAV,130
2025,11,HYUNDAI,SANTA FE,Corporate,ICE,Diesel,MKL,REST,Standard,SAV,21
2025,11,HYUNDAI,SANTA FE,Corporate,PHEV,Diesel,MKL,REST,Standard,SAV,52
2025,11,HYUNDAI,SANTA FE,Private,ICE,Diesel,MKL,REST,Standard,SAV,9
2025,11,HYUNDAI,SANTA FE,Private,PHEV,Diesel,MKL,REST,Standard,SAV,12
2025,11,HYUNDAI,STARIA,Corporate,ICE,Diesel,MKL,REST,Standard,MPV,9
2025,11,HYUNDAI,STARIA,Private,ICE,Diesel,MKL,REST,Standard,MPV,15
2025,11,HYUNDAI,TUCSON,Corporate,ICE,Diesel,UKL2,REST,Standard,SAV,476
2025,11,HYUNDAI,TUCSON,Corporate,PHEV,Diesel,UKL2,REST,Standard,SAV,102
2025,11,HYUNDAI,TUCSON,Private,ICE,Diesel,UKL2,REST,Standard,SAV,762
2025,11,HYUNDAI,TUCSON,Private,PHEV,Diesel,UKL2,REST,Standard,SAV,190
2025,11,HYUNDAI,TUCSON,RAC,ICE,Diesel,UKL2,REST,Standard,SAV,22
2025,11,HYUNDAI,TUCSON,RAC,PHEV,Diesel,UKL2,REST,Standard,SAV,263
2025,11,IBERICA DE ISOTERMIZACIONES,,Corporate,ICE,Diesel,,,,,1
2025,11,IGLUVAN,,Corporate,ICE,Diesel,,,,,25
2025,11,IGLUVAN,,Private,ICE,Diesel,,,,,8
2025,11,IGLUVAN,,RAC,ICE,Diesel,,,,,17
2025,11,ILERTREN,,Corporate,BEV,Electrico,,,,,1
2025,11,INCASE,,Corporate,ICE,Diesel,,,,,1
2025,11,INDUSAUTO,,Private,ICE,Diesel,,,,,2
2025,11,INEOS,GRENADIER,Corporate,ICE,Diesel,MKL,REST,Standard,PICKUP,2
2025,11,INTEGRALIA,,Corporate,ICE,Diesel,,,,,12
2025,11,IRIZAR,,Corporate,ICE,Diesel,,,,,13
2025,11,ISUZU,,Corporate,BEV,Electrico,,,,,3
2025,11,ISUZU,,Corporate,ICE,Diesel,,,,,15
2025,11,ISUZU,,RAC,ICE,Diesel,,,,,1
2025,11,ISUZU,D-MAX,Corporate,ICE,Diesel,SKL,REST,Standard,PICKUP,134
2025,11,ISUZU,D-MAX,Private,ICE,Diesel,SKL,REST,Standard,PICKUP,13
2025,11,ISUZU,D-MAX,RAC,ICE,Diesel,SKL,REST,Standard,PICKUP,3
2025,11,ITINEO,,Private,ICE,Diesel,,,,,3
2025,11,ITINEO,,RAC,ICE,Diesel,,,,,2
2025,11,ITURRI,,Corporate,ICE,Diesel,,,,,6
2025,11,IVECO,,Corporate,ICE,Diesel,,,,,2
2025,11,IVECO,DAILY,Corporate,BEV,Diesel,SKL,REST,Standard,TRANSPORTER,4
2025,11,IVECO,DAILY,Corporate,ICE,Diesel,SKL,REST,Standard,TRANSPORTER,208
2025,11,IVECO,DAILY,Private,ICE,Diesel,SKL,REST,Standard,TRANSPORTER,31
2025,11,IVECO,DAILY,RAC,ICE,Diesel,SKL,REST,Standard,TRANSPORTER,169
2025,11,IVECO BUS,,Corporate,ICE,Diesel,,,,,6
2025,11,IVECO BUS,,Private,ICE,Diesel,,,,,1
2025,11,JAECOO,,Corporate,BEV,Electrico,,,,,8
2025,11,JAECOO,,Corporate,ICE,Gasolina,,,,,15
2025,11,JAECOO,,Private,BEV,Electrico,,,,,62
2025,11,JAECOO,,Private,ICE,Gasolina,,,,,223
2025,11,JAECOO,JAECOO 7,Corporate,ICE,Gasolina,KKL,REST,Standard,HACH 5P,7
2025,11,JAECOO,JAECOO 7,Corporate,PHEV,Gasolina,KKL,REST,Standard,HACH 5P,88
2025,11,JAECOO,JAECOO 7,Private,ICE,Gasolina,KKL,REST,Standard,HACH 5P,28
2025,11,JAECOO,JAECOO 7,Private,PHEV,Gasolina,KKL,REST,Standard,HACH 5P,471
2025,11,JAECOO,JAECOO 7,RAC,PHEV,Gasolina,KKL,REST,Standard,HACH 5P,1
2025,11,JASPE,,Corporate,ICE,Diesel,,,,,3
2025,11,JEANJE,,Corporate,ICE,Diesel,,,,,4
2025,11,JEANJE,,RAC,ICE,Diesel,,,,,16
2025,11,JEEP,AVENGER,Corporate,BEV,Electrico,UKL1,REST,Standard,SAV,255
2025,11,JEEP,AVENGER,Corporate,ICE,Electrico,UKL1,REST,Standard,SAV,171
2025,11,JEEP,AVENGER,Private,BEV,Electrico,UKL1,REST,Standard,SAV,19
2025,11,JEEP,AVENGER,Private,ICE,Electrico,UKL1,REST,Standard,SAV,134
2025,11,JEEP,AVENGER,RAC,ICE,Electrico,UKL1,REST,Standard,SAV,67
2025,11,JEEP,COMPASS,Corporate,ICE,Diesel,UKL2,REST,Standard,SAV,11
2025,11,JEEP,COMPASS,Corporate,PHEV,Diesel,UKL2,REST,Standard,SAV,4
2025,11,JEEP,COMPASS,Private,ICE,Diesel,UKL2,REST,Standard,SAV,24
2025,11,JEEP,COMPASS,Private,PHEV,Diesel,UKL2,REST,Standard,SAV,11
2025,11,JEEP,GRAND CHEROKEE,Corporate,PHEV,Gasolina/Electrico Enchufable,MKL,REST,Standard,SUV,5
2025,11,JEEP,GRAND CHEROKEE,Private,PHEV,Gasolina/Electrico Enchufable,MKL,REST,Standard,SUV,3
2025,11,JEEP,RENEGADE,Corporate,ICE,Diesel,UKL1,REST,Standard,SAV,34
2025,11,JEEP,RENEGADE,Corporate,PHEV,Diesel,UKL1,REST,Standard,SAV,19
2025,11,JEEP,RENEGADE,Private,ICE,Diesel,UKL1,REST,Standard,SAV,32
2025,11,JEEP,RENEGADE,Private,PHEV,Diesel,UKL1,REST,Standard,SAV,6
2025,11,JEEP,WRANGLER,Corporate,ICE,Gasolina,UKL2,REST,Standard,SUV,4
2025,11,JEEP,WRANGLER,Corporate,PHEV,Gasolina,UKL2,REST,Standard,SUV,1
2025,11,JEEP,WRANGLER,Private,ICE,Gasolina,UKL2,REST,Standard,SUV,3
2025,11,JEEP,WRANGLER,Private,PHEV,Gasolina,UKL2,REST,Standard,SUV,2
2025,11,JEEP,WRANGLER,RAC,PHEV,Gasolina,UKL2,REST,Standard,SUV,1
2025,11,JIMECA,,Corporate,ICE,Diesel,,,,,4
2025,11,JIMECA,,RAC,ICE,Diesel,,,,,1
2025,11,JOA CAMP,,RAC,ICE,Diesel,,,,,1
2025,11,JOHN DEERE,,Corporate,BEV,Electrico,,,,,1
2025,11,JOSE REYES CARROCERO,,Corporate,ICE,Diesel,,,,,2
2025,11,JOSE REYES CARROCERO,,Private,ICE,Diesel,,,,,1
2025,11,JUAN SUAREZ,,Corporate,ICE,Diesel,,,,,4
2025,11,JULIA CAMPER,,Private,ICE,Diesel,,,,,1
2025,11,JULIA CAMPER,,RAC,ICE,Diesel,,,,,1
2025,11,KARCHER,,Corporate,ICE,Diesel,,,,,2
2025,11,KARSAN,,Corporate,BEV,Electrico,,,,,2
2025,11,KG MOBILITY,KORANDO,Corporate,ICE,Gasolina,MKL,REST,Standard,MPV,6
2025,11,KG MOBILITY,KORANDO,Private,ICE,Gasolina,MKL,REST,Standard,MPV,44
2025,11,KG MOBILITY,MUSSO,Corporate,ICE,Diesel,SKL,REST,Standard,PICKUP,31
2025,11,KG MOBILITY,MUSSO,Private,ICE,Diesel,SKL,REST,Standard,PICKUP,11
2025,11,KG MOBILITY,REXTON,Corporate,ICE,Diesel,MKL,REST,Standard,SAV,20
2025,11,KG MOBILITY,REXTON,Private,ICE,Diesel,MKL,REST,Standard,SAV,4
2025,11,KG MOBILITY,TIVOLI,Corporate,ICE,Gasolina,UKL1,REST,Standard,SAV,22
2025,11,KG MOBILITY,TIVOLI,Private,ICE,Gasolina,UKL1,REST,Standard,SAV,64
2025,11,KG MOBILITY,TIVOLI,RAC,ICE,Gasolina,UKL1,REST,Standard,SAV,1
2025,11,KG MOBILITY,TORRES,Corporate,BEV,Gas Licuado con petroleo (GLP),UKL2,REST,Standard,SAV,5
2025,11,KG MOBILITY,TORRES,Corporate,ICE,Gas Licuado con petroleo (GLP),UKL2,REST,Standard,SAV,27
2025,11,KG MOBILITY,TORRES,Private,BEV,Gas Licuado con petroleo (GLP),UKL2,REST,Standard,SAV,21
2025,11,KG MOBILITY,TORRES,Private,ICE,Gas Licuado con petroleo (GLP),UKL2,REST,Standard,SAV,38
2025,11,KIA,,Corporate,BEV,Electrico,,,,,33
2025,11,KIA,,Private,BEV,Electrico,,,,,28
2025,11,KIA,,Private,ICE,Gasolina,,,,,3
2025,11,KIA,CEED,Corporate,ICE,Diesel Mild Hybrid,UKL2,REST,Standard,HACH 5P,36
2025,11,KIA,CEED,Private,ICE,Diesel Mild Hybrid,UKL2,REST,Standard,HACH 5P,88
2025,11,KIA,CEED,RAC,ICE,Diesel Mild Hybrid,UKL2,REST,Standard,HACH 5P,60
2025,11,KIA,EV3,Corporate,BEV,Electrico,UKL1,REST,Standard,SAV,111
2025,11,KIA,EV3,Private,BEV,Electrico,UKL1,REST,Standard,SAV,357
2025,11,KIA,EV6,Corporate,BEV,Electrico,KKL,REST,Standard,SAV,4
2025,11,KIA,EV6,Private,BEV,Electrico,KKL,REST,Standard,SAV,12
2025,11,KIA,EV9,Corporate,BEV,Electrico,MKL,REST,Standard,MPV,5
2025,11,KIA,EV9,Private,BEV,Electrico,MKL,REST,Standard,MPV,2
2025,11,KIA,NIRO,Corporate,ICE,Electrico,UKL2,REST,Standard,SAV,143
2025,11,KIA,NIRO,Corporate,PHEV,Electrico,UKL2,REST,Standard,SAV,13
2025,11,KIA,NIRO,Private,ICE,Electrico,UKL2,REST,Standard,SAV,524
2025,11,KIA,NIRO,Private,PHEV,Electrico,UKL2,REST,Standard,SAV,6
2025,11,KIA,PICANTO,Corporate,ICE,Gasolina,UKL0,REST,Standard,HACH 5P,27
2025,11,KIA,PICANTO,Private,ICE,Gasolina,UKL0,REST,Standard,HACH 5P,82
2025,11,KIA,PICANTO,RAC,ICE,Gasolina,UKL0,REST,Standard,HACH 5P,60
2025,11,KIA,SORENTO,Corporate,ICE,Diesel,KKL,REST,Standard,SAV,19
2025,11,KIA,SORENTO,Corporate,PHEV,Diesel,KKL,REST,Standard,SAV,13
2025,11,KIA,SORENTO,Private,ICE,Diesel,KKL,REST,Standard,SAV,19
2025,11,KIA,SORENTO,Private,PHEV,Diesel,KKL,REST,Standard,SAV,10
2025,11,KIA,SPORTAGE,Corporate,ICE,Diesel,UKL2,REST,Standard,SAV,268
2025,11,KIA,SPORTAGE,Corporate,PHEV,Diesel,UKL2,REST,Standard,SAV,11
2025,11,KIA,SPORTAGE,Private,ICE,Diesel,UKL2,REST,Standard,SAV,830
2025,11,KIA,SPORTAGE,Private,PHEV,Diesel,UKL2,REST,Standard,SAV,18
2025,11,KIA,SPORTAGE,RAC,ICE,Diesel,UKL2,REST,Standard,SAV,35
2025,11,KIA,SPORTAGE,RAC,PHEV,Diesel,UKL2,REST,Standard,SAV,15
2025,11,KIA,STONIC,Corporate,ICE,Gasolina,UKL1,REST,Standard,SAV,358
2025,11,KIA,STONIC,Private,ICE,Gasolina,UKL1,REST,Standard,SAV,630
2025,11,KIA,STONIC,RAC,ICE,Gasolina,UKL1,REST,Standard,SAV,235
2025,11,KIA,XCEED,Corporate,ICE,Diesel Mild Hybrid,UKL2,REST,Standard,HACH 5P,42
2025,11,KIA,XCEED,Private,ICE,Diesel Mild Hybrid,UKL2,REST,Standard,HACH 5P,276
2025,11,KIA,XCEED,RAC,ICE,Diesel Mild Hybrid,UKL2,REST,Standard,HACH 5P,15
2025,11,KIOTI,,Corporate,ICE,Diesel,,,,,4
2025,11,KIOTI,,Private,ICE,Diesel,,,,,1
2025,11,KNAUS,,Private,ICE,Diesel,,,,,7
2025,11,KUBOTA,,Private,ICE,Diesel,,,,,1
2025,11,LAMBERET,,Corporate,ICE,Diesel,,,,,1
2025,11,LANCIA,YPSILON,Corporate,ICE,Electrico,UKL1,REST,Standard,HACH 5P,30
2025,11,LANCIA,YPSILON,Private,ICE,Electrico,UKL1,REST,Standard,HACH 5P,3
2025,11,LANCIA,YPSILON,RAC,ICE,Electrico,UKL1,REST,Standard,HACH 5P,10
2025,11,LAND ROVER,DEFENDER,Corporate,ICE,Diesel Mild Hybrid,MKL,FOCUS SEGMENT,Standard,SUV,26
2025,11,LAND ROVER,DEFENDER,Corporate,PHEV,Diesel Mild Hybrid,MKL,FOCUS SEGMENT,Standard,SUV,11
2025,11,LAND ROVER,DEFENDER,Private,ICE,Diesel Mild Hybrid,MKL,FOCUS SEGMENT,Standard,SUV,11
2025,11,LAND ROVER,DEFENDER,Private,PHEV,Diesel Mild Hybrid,MKL,FOCUS SEGMENT,Standard,SUV,3
2025,11,LAND ROVER,DEFENDER,RAC,ICE,Diesel Mild Hybrid,MKL,FOCUS SEGMENT,Standard,SUV,1
2025,11,LAND ROVER,DISCOVERY,Corporate,ICE,Diesel,MKL,FOCUS SEGMENT,Standard,SUV,4
2025,11,LAND ROVER,DISCOVERY,Corporate,PHEV,Diesel,MKL,FOCUS SEGMENT,Standard,SUV,4
2025,11,LAND ROVER,DISCOVERY,Private,PHEV,Diesel,MKL,FOCUS SEGMENT,Standard,SUV,1
2025,11,LAND ROVER,RANGE ROVER,Corporate,ICE,Diesel Mild Hybrid,GKL,FOCUS SEGMENT,Standard,SAV,3
2025,11,LAND ROVER,RANGE ROVER,Corporate,PHEV,Diesel Mild Hybrid,GKL,FOCUS SEGMENT,Standard,SAV,7
2025,11,LAND ROVER,RANGE ROVER,Private,PHEV,Diesel Mild Hybrid,GKL,FOCUS SEGMENT,Standard,SAV,1
2025,11,LAND ROVER,RANGE ROVER,RAC,ICE,Diesel Mild Hybrid,GKL,FOCUS SEGMENT,Standard,SAV,1
2025,11,LAND ROVER,RANGE ROVER EVOQUE,Corporate,ICE,Diesel,UKL2,FOCUS SEGMENT,Standard,SAV,19
2025,11,LAND ROVER,RANGE ROVER EVOQUE,Corporate,PHEV,Diesel,UKL2,FOCUS SEGMENT,Standard,SAV,15
2025,11,LAND ROVER,RANGE ROVER EVOQUE,Private,PHEV,Diesel,UKL2,FOCUS SEGMENT,Standard,SAV,4
2025,11,LAND ROVER,RANGE ROVER SPORT,Corporate,ICE,Diesel Mild Hybrid,MKL,FOCUS SEGMENT,Standard,SAV,16
2025,11,LAND ROVER,RANGE ROVER SPORT,Corporate,PHEV,Diesel Mild Hybrid,MKL,FOCUS SEGMENT,Standard,SAV,32
2025,11,LAND ROVER,RANGE ROVER SPORT,Private,ICE,Diesel Mild Hybrid,MKL,FOCUS SEGMENT,Standard,SAV,4
2025,11,LAND ROVER,RANGE ROVER SPORT,Private,PHEV,Diesel Mild Hybrid,MKL,FOCUS SEGMENT,Standard,SAV,3
2025,11,LAND ROVER,RANGE ROVER VELAR,Corporate,ICE,Diesel Mild Hybrid,MKL,FOCUS SEGMENT,Standard,SAV,5
2025,11,LAND ROVER,RANGE ROVER VELAR,Corporate,PHEV,Diesel Mild Hybrid,MKL,FOCUS SEGMENT,Standard,SAV,5
2025,11,LAND ROVER,RANGE ROVER VELAR,Private,PHEV,Diesel Mild Hybrid,MKL,FOCUS SEGMENT,Standard,SAV,2
2025,11,LEAPMOTOR,,Corporate,BEV,Electrico,,,,,6
2025,11,LEAPMOTOR,,Private,BEV,Electrico,,,,,53
2025,11,LEAPMOTOR,C10,Corporate,BEV,Electrico,MKL,REST,Standard,SAV,28
2025,11,LEAPMOTOR,C10,Private,BEV,Electrico,MKL,REST,Standard,SAV,48
2025,11,LEAPMOTOR,C10,RAC,BEV,Electrico,MKL,REST,Standard,SAV,27
2025,11,LEAPMOTOR,T03,Corporate,BEV,Electrico,UKL0,REST,Standard,HACH 5P,27
2025,11,LEAPMOTOR,T03,Private,BEV,Electrico,UKL0,REST,Standard,HACH 5P,44
2025,11,LEAPMOTOR,T03,RAC,BEV,Electrico,UKL0,REST,Standard,HACH 5P,4
2025,11,LEXUS,ES,Corporate,ICE,Gasolina/Electrico,MKL,FOCUS SEGMENT,Standard,SEDAN,31
2025,11,LEXUS,ES,Private,ICE,Gasolina/Electrico,MKL,FOCUS SEGMENT,Standard,SEDAN,14
2025,11,LEXUS,LBX,Corporate,ICE,Gasolina/Electrico,UKL1,FOCUS SEGMENT,Standard,SAV,91
2025,11,LEXUS,LBX,Private,ICE,Gasolina/Electrico,UKL1,FOCUS SEGMENT,Standard,SAV,155
2025,11,LEXUS,LBX,RAC,ICE,Gasolina/Electrico,UKL1,FOCUS SEGMENT,Standard,SAV,9
2025,11,LEXUS,LM,Corporate,ICE,Gasolina/Electrico,MKL,REST,Standard,MPV,2
2025,11,LEXUS,NX,Corporate,ICE,Gasolina/Electrico,KKL,FOCUS SEGMENT,Standard,SAV,27
2025,11,LEXUS,NX,Corporate,PHEV,Gasolina/Electrico,KKL,FOCUS SEGMENT,Standard,SAV,132
2025,11,LEXUS,NX,Private,ICE,Gasolina/Electrico,KKL,FOCUS SEGMENT,Standard,SAV,29
2025,11,LEXUS,NX,Private,PHEV,Gasolina/Electrico,KKL,FOCUS SEGMENT,Standard,SAV,162
2025,11,LEXUS,RX,Corporate,ICE,Gasolina/Electrico,MKL,FOCUS SEGMENT,Standard,SAV,1
2025,11,LEXUS,RX,Corporate,PHEV,Gasolina/Electrico,MKL,FOCUS SEGMENT,Standard,SAV,18
2025,11,LEXUS,RX,Private,ICE,Gasolina/Electrico,MKL,FOCUS SEGMENT,Standard,SAV,1
2025,11,LEXUS,RX,Private,PHEV,Gasolina/Electrico,MKL,FOCUS SEGMENT,Standard,SAV,6
2025,11,LEXUS,RZ,Private,BEV,Electrico,KKL,FOCUS SEGMENT,Standard,SAT,1
2025,11,LEXUS,UX,Corporate,BEV,Electrico,UKL2,FOCUS SEGMENT,Standard,SAV,1
2025,11,LEXUS,UX,Corporate,ICE,Electrico,UKL2,FOCUS SEGMENT,Standard,SAV,50
2025,11,LEXUS,UX,Private,ICE,Electrico,UKL2,FOCUS SEGMENT,Standard,SAV,84
2025,11,LEXUS,UX,RAC,ICE,Electrico,UKL2,FOCUS SEGMENT,Standard,SAV,7
2025,11,LIDERKIT,,RAC,ICE,Diesel,,,,,4
2025,11,LIGIER,,Corporate,BEV,Electrico,,,,,2
2025,11,LIGIER,,Corporate,ICE,Diesel,,,,,10
2025,11,LIGIER,,Private,BEV,Electrico,,,,,7
2025,11,LIGIER,,Private,ICE,Diesel,,,,,72
2025,11,LINHAI,,Corporate,ICE,Diesel,,,,,1
2025,11,LIVAN,,Corporate,ICE,Gasolina,,,,,2
2025,11,LIVAN,,Private,ICE,Gasolina,,,,,3
2025,11,LIVAN,X3 PRO,Corporate,ICE,Gasolina,UKL1,REST,Standard,SAV,5
2025,11,LIVAN,X3 PRO,Private,ICE,Gasolina,UKL1,REST,Standard,SAV,11
2025,11,LONCIN,,Corporate,ICE,Gasolina,,,,,5
2025,11,LONCIN,,Private,ICE,Gasolina,,,,,2
2025,11,LOS MAÑOS,,Corporate,ICE,Diesel,,,,,1
2025,11,LOTUS,ELETRE,Corporate,BEV,Electrico,GKL,FOCUS SEGMENT,Standard,SAT,1
2025,11,LUCID MOTORS,,Corporate,BEV,Electrico,,,,,3
2025,11,LVTONG,,Corporate,BEV,Electrico,,,,,1
2025,11,LYNK & CO,,Corporate,BEV,Electrico,,,,,4
2025,11,LYNK & CO,,Corporate,PHEV,Gasolina/Electrico Enchufable,,,,,65
2025,11,LYNK & CO,,Private,BEV,Electrico,,,,,11
2025,11,LYNK & CO,,Private,PHEV,Gasolina/Electrico Enchufable,,,,,40
2025,11,LYNK & CO,,RAC,PHEV,Gasolina/Electrico Enchufable,,,,,8
2025,11,LYNK & CO,LYNK&CO 01,Corporate,PHEV,Gasolina/Electrico Enchufable,UKL2,REST,Standard,SAV,25
2025,11,LYNK & CO,LYNK&CO 01,Private,PHEV,Gasolina/Electrico Enchufable,UKL2,REST,Standard,SAV,13
2025,11,MAN,,Corporate,ICE,Diesel,,,,,14
2025,11,MAN,,RAC,ICE,Diesel,,,,,1
2025,11,MAN,TGE,Corporate,ICE,Diesel,SKL,REST,Standard,TRANSPORTER,46
2025,11,MAN,TGE,Private,ICE,Diesel,SKL,REST,Standard,TRANSPORTER,11
2025,11,MAN,TGE,RAC,ICE,Diesel,SKL,REST,Standard,TRANSPORTER,12
2025,11,MAN TGL,,Corporate,ICE,Diesel,,,,,1
2025,11,MANUEL ZUÑIGA MARTINEZ,,Corporate,ICE,Diesel,,,,,1
2025,11,MASERATI,,Private,ICE,Gasolina,,,,,1
2025,11,MASERATI,GRECALE,Corporate,ICE,Gasolina,KKL,FOCUS SEGMENT,Standard,SAV,16
2025,11,MASERATI,GRECALE,Private,ICE,Gasolina,KKL,FOCUS SEGMENT,Standard,SAV,3
2025,11,MAXUS,,Corporate,BEV,Electrico,,,,,3
2025,11,MAXUS,,Corporate,ICE,Diesel,,,,,19
2025,11,MAXUS,,Private,ICE,Diesel,,,,,15
2025,11,MAXUS,DELIVER 3,Corporate,BEV,Electrico,SKL,REST,Standard,TRANSPORTER,1
2025,11,MAXUS,DELIVER 7,Corporate,ICE,Diesel,SKL,REST,Standard,TRANSPORTER,11
2025,11,MAXUS,DELIVER 7,Private,ICE,Diesel,SKL,REST,Standard,TRANSPORTER,2
2025,11,MAXUS,DELIVER 9,Corporate,ICE,Diesel,SKL,REST,Standard,TRANSPORTER,16
2025,11,MAXUS,DELIVER 9,Private,ICE,Diesel,SKL,REST,Standard,TRANSPORTER,4
2025,11,MAXUS,DELIVER 9,RAC,ICE,Diesel,SKL,REST,Standard,TRANSPORTER,5
2025,11,MAXUS,T90,Corporate,BEV,Electrico,SKL,REST,Standard,PICKUP,8
2025,11,MAZDA,,Corporate,BEV,Electrico,,,,,7
2025,11,MAZDA,,Private,BEV,Electrico,,,,,70
2025,11,MAZDA,CX30,Corporate,ICE,Gasolina Mild Hybrid,UKL2,REST,Standard,SAV,191
2025,11,MAZDA,CX30,Private,ICE,Gasolina Mild Hybrid,UKL2,REST,Standard,SAV,511
2025,11,MAZDA,CX60,Corporate,ICE,Diesel Mild Hybrid,KKL,REST,Standard,SAV,105
2025,11,MAZDA,CX60,Corporate,PHEV,Diesel Mild Hybrid,KKL,REST,Standard,SAV,28
2025,11,MAZDA,CX60,Private,ICE,Diesel Mild Hybrid,KKL,REST,Standard,SAV,54
2025,11,MAZDA,CX60,Private,PHEV,Diesel Mild Hybrid,KKL,REST,Standard,SAV,36
2025,11,MAZDA,CX80,Corporate,ICE,Diesel Mild Hybrid,KKL,REST,Standard,SAV,23
2025,11,MAZDA,CX80,Corporate,PHEV,Diesel Mild Hybrid,KKL,REST,Standard,SAV,12
2025,11,MAZDA,CX80,Private,ICE,Diesel Mild Hybrid,KKL,REST,Standard,SAV,11
2025,11,MAZDA,CX80,Private,PHEV,Diesel Mild Hybrid,KKL,REST,Standard,SAV,13
2025,11,MAZDA,MAZDA 2,Corporate,ICE,Gasolina Mild Hybrid,UKL1,REST,Standard,HACH 5P,33
2025,11,MAZDA,MAZDA 2,Private,ICE,Gasolina Mild Hybrid,UKL1,REST,Standard,HACH 5P,54
2025,11,MAZDA,MAZDA 2,RAC,ICE,Gasolina Mild Hybrid,UKL1,REST,Standard,HACH 5P,4
2025,11,MAZDA,MAZDA 3,Corporate,ICE,Gasolina Mild Hybrid,UKL2,REST,Standard,SEDAN,55
2025,11,MAZDA,MAZDA 3,Private,ICE,Gasolina Mild Hybrid,UKL2,REST,Standard,SEDAN,306
2025,11,MAZDA,MX-5,Corporate,ICE,Gasolina,UKL2,REST,Standard,ROADSTER,2
2025,11,MAZDA,MX-5,Private,ICE,Gasolina,UKL2,REST,Standard,ROADSTER,34
2025,11,MAZDA,MX-5,RAC,ICE,Gasolina,UKL2,REST,Standard,ROADSTER,1
2025,11,MC LOUIS,,Private,ICE,Diesel,,,,,12
2025,11,MC LOUIS,,RAC,ICE,Diesel,,,,,6
2025,11,MCLOUIS,,Private,ICE,Diesel,,,,,16
2025,11,MCLOUIS,,RAC,ICE,Diesel,,,,,3
2025,11,MEBAUTO,,Corporate,BEV,Electrico,,,,,12
2025,11,MEBAUTO,,Corporate,ICE,Diesel,,,,,7
2025,11,MEBAUTO,,Private,ICE,Diesel,,,,,2
2025,11,MEBAUTO,,RAC,BEV,Electrico,,,,,15
2025,11,MEBAUTO,,RAC,ICE,Diesel,,,,,45
2025,11,MERCEDES,,Corporate,BEV,Electrico,,,,,1
2025,11,MERCEDES,,Corporate,ICE,Diesel,,,,,38
2025,11,MERCEDES,,Private,BEV,Electrico,,,,,1
2025,11,MERCEDES,,Private,ICE,Diesel,,,,,2
2025,11,MERCEDES,,Private,ICE,Gasolina,,,,,1
2025,11,MERCEDES,,RAC,ICE,Diesel,,,,,16
2025,11,MERCEDES,CITAN,Corporate,ICE,Diesel,SKL,REST,Standard,TRANSPORTER,103
2025,11,MERCEDES,CITAN,Private,ICE,Diesel,SKL,REST,Standard,TRANSPORTER,12
2025,11,MERCEDES,CITAN,RAC,ICE,Diesel,SKL,REST,Standard,TRANSPORTER,39
2025,11,MERCEDES,CLASE A,Corporate,ICE,Diesel,UKL2,FOCUS SEGMENT,Standard,SEDAN,106
2025,11,MERCEDES,CLASE A,Corporate,PHEV,Diesel,UKL2,FOCUS SEGMENT,Standard,SEDAN,110
2025,11,MERCEDES,CLASE A,Private,ICE,Diesel,UKL2,FOCUS SEGMENT,Standard,SEDAN,128
2025,11,MERCEDES,CLASE A,Private,PHEV,Diesel,UKL2,FOCUS SEGMENT,Standard,SEDAN,38
2025,11,MERCEDES,CLASE A,RAC,ICE,Diesel,UKL2,FOCUS SEGMENT,Standard,SEDAN,41
2025,11,MERCEDES,CLASE A,RAC,PHEV,Diesel,UKL2,FOCUS SEGMENT,Standard,SEDAN,97
2025,11,MERCEDES,CLASE B,Corporate,ICE,Diesel,UKL2,FOCUS SEGMENT,Standard,SAT,8
2025,11,MERCEDES,CLASE B,Corporate,PHEV,Diesel,UKL2,FOCUS SEGMENT,Standard,SAT,6
2025,11,MERCEDES,CLASE B,RAC,ICE,Diesel,UKL2,FOCUS SEGMENT,Standard,SAT,7
2025,11,MERCEDES,CLASE C,Corporate,ICE,Diesel,KKL,FOCUS SEGMENT,Standard,CABRIO,75
2025,11,MERCEDES,CLASE C,Corporate,PHEV,Diesel,KKL,FOCUS SEGMENT,Standard,CABRIO,6
2025,11,MERCEDES,CLASE C,Private,ICE,Diesel,KKL,FOCUS SEGMENT,Standard,CABRIO,28
2025,11,MERCEDES,CLASE C,Private,PHEV,Diesel,KKL,FOCUS SEGMENT,Standard,CABRIO,5
2025,11,MERCEDES,CLASE C,RAC,ICE,Diesel,KKL,FOCUS SEGMENT,Standard,CABRIO,12
2025,11,MERCEDES,CLASE C,RAC,PHEV,Diesel,KKL,FOCUS SEGMENT,Standard,CABRIO,6
2025,11,MERCEDES,CLASE CLA,Corporate,BEV,Diesel,UKL2,FOCUS SEGMENT,Standard,ESTATE,74
2025,11,MERCEDES,CLASE CLA,Corporate,ICE,Diesel,UKL2,FOCUS SEGMENT,Standard,ESTATE,40
2025,11,MERCEDES,CLASE CLA,Corporate,PHEV,Diesel,UKL2,FOCUS SEGMENT,Standard,ESTATE,6
2025,11,MERCEDES,CLASE CLA,Private,BEV,Diesel,UKL2,FOCUS SEGMENT,Standard,ESTATE,60
2025,11,MERCEDES,CLASE CLA,Private,ICE,Diesel,UKL2,FOCUS SEGMENT,Standard,ESTATE,18
2025,11,MERCEDES,CLASE CLA,Private,PHEV,Diesel,UKL2,FOCUS SEGMENT,Standard,ESTATE,6
2025,11,MERCEDES,CLASE CLA,RAC,PHEV,Diesel,UKL2,FOCUS SEGMENT,Standard,ESTATE,1
2025,11,MERCEDES,CLASE CLE,Corporate,ICE,Diesel Mild Hybrid,MKL,FOCUS SEGMENT,Standard,COUPE,60
2025,11,MERCEDES,CLASE CLE,Corporate,PHEV,Diesel Mild Hybrid,MKL,FOCUS SEGMENT,Standard,COUPE,5
2025,11,MERCEDES,CLASE CLE,Private,ICE,Diesel Mild Hybrid,MKL,FOCUS SEGMENT,Standard,COUPE,28
2025,11,MERCEDES,CLASE CLE,Private,PHEV,Diesel Mild Hybrid,MKL,FOCUS SEGMENT,Standard,COUPE,8
2025,11,MERCEDES,CLASE CLE,RAC,ICE,Diesel Mild Hybrid,MKL,FOCUS SEGMENT,Standard,COUPE,6
2025,11,MERCEDES,CLASE E,Corporate,ICE,Diesel,MKL,FOCUS SEGMENT,Standard,SEDAN,46
2025,11,MERCEDES,CLASE E,Corporate,PHEV,Diesel,MKL,FOCUS SEGMENT,Standard,SEDAN,40
2025,11,MERCEDES,CLASE E,Private,ICE,Diesel,MKL,FOCUS SEGMENT,Standard,SEDAN,9
2025,11,MERCEDES,CLASE E,Private,PHEV,Diesel,MKL,FOCUS SEGMENT,Standard,SEDAN,11
2025,11,MERCEDES,CLASE E,RAC,ICE,Diesel,MKL,FOCUS SEGMENT,Standard,SEDAN,9
2025,11,MERCEDES,CLASE E,RAC,PHEV,Diesel,MKL,FOCUS SEGMENT,Standard,SEDAN,23
2025,11,MERCEDES,CLASE G,Corporate,BEV,Diesel,GKL,FOCUS SEGMENT,Standard,SAV,3
2025,11,MERCEDES,CLASE G,Corporate,ICE,Diesel,GKL,FOCUS SEGMENT,Standard,SAV,12
2025,11,MERCEDES,CLASE G,Private,ICE,Diesel,GKL,FOCUS SEGMENT,Standard,SAV,6
2025,11,MERCEDES,CLASE GLA,Corporate,ICE,Diesel,UKL2,FOCUS SEGMENT,Standard,SAV,250
2025,11,MERCEDES,CLASE GLA,Corporate,PHEV,Diesel,UKL2,FOCUS SEGMENT,Standard,SAV,169
2025,11,MERCEDES,CLASE GLA,Private,ICE,Diesel,UKL2,FOCUS SEGMENT,Standard,SAV,153
2025,11,MERCEDES,CLASE GLA,Private,PHEV,Diesel,UKL2,FOCUS SEGMENT,Standard,SAV,128
2025,11,MERCEDES,CLASE GLA,RAC,ICE,Diesel,UKL2,FOCUS SEGMENT,Standard,SAV,32
2025,11,MERCEDES,CLASE GLA,RAC,PHEV,Diesel,UKL2,FOCUS SEGMENT,Standard,SAV,16
2025,11,MERCEDES,CLASE GLB,Corporate,ICE,Diesel,UKL2,FOCUS SEGMENT,Standard,SAV,118
2025,11,MERCEDES,CLASE GLB,Private,ICE,Diesel,UKL2,FOCUS SEGMENT,Standard,SAV,42
2025,11,MERCEDES,CLASE GLB,RAC,ICE,Diesel,UKL2,FOCUS SEGMENT,Standard,SAV,2
2025,11,MERCEDES,CLASE GLC,Corporate,ICE,Diesel,KKL,FOCUS SEGMENT,Standard,SAV,300
2025,11,MERCEDES,CLASE GLC,Corporate,PHEV,Diesel,KKL,FOCUS SEGMENT,Standard,SAV,481
2025,11,MERCEDES,CLASE GLC,Private,ICE,Diesel,KKL,FOCUS SEGMENT,Standard,SAV,86
2025,11,MERCEDES,CLASE GLC,Private,PHEV,Diesel,KKL,FOCUS SEGMENT,Standard,SAV,214
2025,11,MERCEDES,CLASE GLC,RAC,ICE,Diesel,KKL,FOCUS SEGMENT,Standard,SAV,25
2025,11,MERCEDES,CLASE GLC,RAC,PHEV,Diesel,KKL,FOCUS SEGMENT,Standard,SAV,4
2025,11,MERCEDES,CLASE GLE,Corporate,ICE,Diesel,MKL,FOCUS SEGMENT,Standard,SAV,59
2025,11,MERCEDES,CLASE GLE,Corporate,PHEV,Diesel,MKL,FOCUS SEGMENT,Standard,SAV,129
2025,11,MERCEDES,CLASE GLE,Private,ICE,Diesel,MKL,FOCUS SEGMENT,Standard,SAV,6
2025,11,MERCEDES,CLASE GLE,Private,PHEV,Diesel,MKL,FOCUS SEGMENT,Standard,SAV,16
2025,11,MERCEDES,CLASE GLE,RAC,ICE,Diesel,MKL,FOCUS SEGMENT,Standard,SAV,2
2025,11,MERCEDES,CLASE GLE,RAC,PHEV,Diesel,MKL,FOCUS SEGMENT,Standard,SAV,10
2025,11,MERCEDES,CLASE GLS,Corporate,ICE,Diesel,GKL,FOCUS SEGMENT,Standard,SAV,8
2025,11,MERCEDES,CLASE GLS,Private,ICE,Diesel,GKL,FOCUS SEGMENT,Standard,SAV,2
2025,11,MERCEDES,CLASE S,Corporate,ICE,Diesel,GKL,FOCUS SEGMENT,Standard,SEDAN,4
2025,11,MERCEDES,CLASE S,Corporate,PHEV,Diesel,GKL,FOCUS SEGMENT,Standard,SEDAN,1
2025,11,MERCEDES,CLASE S,Private,ICE,Diesel,GKL,FOCUS SEGMENT,Standard,SEDAN,1
2025,11,MERCEDES,CLASE S,Private,PHEV,Diesel,GKL,FOCUS SEGMENT,Standard,SEDAN,1
2025,11,MERCEDES,CLASE S,RAC,ICE,Diesel,GKL,FOCUS SEGMENT,Standard,SEDAN,5
2025,11,MERCEDES,CLASE S,RAC,PHEV,Diesel,GKL,FOCUS SEGMENT,Standard,SEDAN,2
2025,11,MERCEDES,CLASE T,Corporate,ICE,Diesel,SKL,REST,Standard,TRANSPORTER,25
2025,11,MERCEDES,CLASE T,Private,ICE,Diesel,SKL,REST,Standard,TRANSPORTER,17
2025,11,MERCEDES,CLASE T,RAC,ICE,Diesel,SKL,REST,Standard,TRANSPORTER,7
2025,11,MERCEDES,CLASE V,Corporate,ICE,Diesel,MKL,REST,Standard,MPV,83
2025,11,MERCEDES,CLASE V,Private,ICE,Diesel,MKL,REST,Standard,MPV,19
2025,11,MERCEDES,CLASE V,RAC,ICE,Diesel,MKL,REST,Standard,MPV,1
2025,11,MERCEDES,ECITAN,Corporate,BEV,Electrico,SKL,REST,Standard,TRANSPORTER,5
2025,11,MERCEDES,ECITAN,RAC,BEV,Electrico,SKL,REST,Standard,TRANSPORTER,36
2025,11,MERCEDES,EQA,Corporate,BEV,Electrico,UKL2,FOCUS SEGMENT,Standard,SAV,59
2025,11,MERCEDES,EQA,Private,BEV,Electrico,UKL2,FOCUS SEGMENT,Standard,SAV,53
2025,11,MERCEDES,EQA,RAC,BEV,Electrico,UKL2,FOCUS SEGMENT,Standard,SAV,8
2025,11,MERCEDES,EQB,Corporate,BEV,Electrico,UKL2,FOCUS SEGMENT,Standard,SAV,28
2025,11,MERCEDES,EQB,Private,BEV,Electrico,UKL2,FOCUS SEGMENT,Standard,SAV,10
2025,11,MERCEDES,EQE,Corporate,BEV,Electrico,MKL,FOCUS SEGMENT,Standard,SEDAN,56
2025,11,MERCEDES,EQE,Private,BEV,Electrico,MKL,FOCUS SEGMENT,Standard,SEDAN,24
2025,11,MERCEDES,EQS,Corporate,BEV,Electrico,GKL,FOCUS SEGMENT,Standard,SEDAN,2
2025,11,MERCEDES,EQT,Corporate,BEV,Electrico,SKL,REST,Standard,TRANSPORTER,4
2025,11,MERCEDES,EQT,RAC,BEV,Electrico,SKL,REST,Standard,TRANSPORTER,11
2025,11,MERCEDES,EQV,Corporate,BEV,Electrico,MKL,REST,Standard,MPV,1
2025,11,MERCEDES,EQV,RAC,BEV,Electrico,MKL,REST,Standard,MPV,13
2025,11,MERCEDES,MARCO POLO,Corporate,ICE,Diesel,SKL,REST,Standard,TRANSPORTER,3
2025,11,MERCEDES,SPRINTER 300,Corporate,ICE,Diesel,SKL,REST,Standard,TRANSPORTER,138
2025,11,MERCEDES,SPRINTER 300,Private,ICE,Diesel,SKL,REST,Standard,TRANSPORTER,20
2025,11,MERCEDES,SPRINTER 300,RAC,ICE,Diesel,SKL,REST,Standard,TRANSPORTER,121
2025,11,MERCEDES BENZ AG,,Corporate,ICE,Diesel,,,,,1
2025,11,MERCEDES-AMG,,Private,ICE,Gasolina,,,,,1
2025,11,MERCEDES-V,,Corporate,BEV,Electrico,,,,,6
2025,11,MERCEDES-V,,RAC,BEV,Electrico,,,,,110
2025,11,MERCEDES-V,VITO,Corporate,ICE,Diesel,SKL,REST,Standard,TRANSPORTER,116
2025,11,MERCEDES-V,VITO,Private,ICE,Diesel,SKL,REST,Standard,TRANSPORTER,47
2025,11,MERCEDES-V,VITO,RAC,ICE,Diesel,SKL,REST,Standard,TRANSPORTER,10
2025,11,MG,,Corporate,BEV,Electrico,,,,,6
2025,11,MG,,Corporate,ICE,Gasolina,,,,,74
2025,11,MG,,Private,BEV,Electrico,,,,,45
2025,11,MG,,Private,ICE,Gasolina,,,,,435
2025,11,MG,,RAC,ICE,Gasolina,,,,,6
2025,11,MG,HS,Corporate,ICE,Gasolina,KKL,REST,Standard,SAV,12
2025,11,MG,HS,Corporate,PHEV,Gasolina,KKL,REST,Standard,SAV,27
2025,11,MG,HS,Private,ICE,Gasolina,KKL,REST,Standard,SAV,114
2025,11,MG,HS,Private,PHEV,Gasolina,KKL,REST,Standard,SAV,707
2025,11,MG,HS,RAC,ICE,Gasolina,KKL,REST,Standard,SAV,2
2025,11,MG,MG 4,Corporate,BEV,Electrico,UKL2,REST,Standard,HACH 5P,2
2025,11,MG,MG 4,Private,BEV,Electrico,UKL2,REST,Standard,HACH 5P,38
2025,11,MG,ZS,Corporate,ICE,Gasolina,UKL1,REST,Standard,SAV,129
2025,11,MG,ZS,Private,ICE,Gasolina,UKL1,REST,Standard,SAV,1371
2025,11,MG,ZS,RAC,ICE,Gasolina,UKL1,REST,Standard,SAV,3
2025,11,MINGHONG-POWER,,Corporate,BEV,Electrico,,,,,2
2025,11,MINI,COUNTRYMAN,Corporate,BEV,Diesel,UKL2,FOCUS SEGMENT,Standard,SAV,12
2025,11,MINI,COUNTRYMAN,Corporate,ICE,Diesel,UKL2,FOCUS SEGMENT,Standard,SAV,34
2025,11,MINI,COUNTRYMAN,Private,BEV,Diesel,UKL2,FOCUS SEGMENT,Standard,SAV,32
2025,11,MINI,COUNTRYMAN,Private,ICE,Diesel,UKL2,FOCUS SEGMENT,Standard,SAV,62
2025,11,MINI,COUNTRYMAN,RAC,ICE,Diesel,UKL2,FOCUS SEGMENT,Standard,SAV,13
2025,11,MINI,HATCHBACK,Corporate,BEV,Electrico,UKL1,FOCUS SEGMENT,Standard,HACH 3P,87
2025,11,MINI,HATCHBACK,Corporate,ICE,Electrico,UKL1,FOCUS SEGMENT,Standard,HACH 3P,146
2025,11,MINI,HATCHBACK,Private,BEV,Electrico,UKL1,FOCUS SEGMENT,Standard,HACH 3P,217
2025,11,MINI,HATCHBACK,Private,ICE,Electrico,UKL1,FOCUS SEGMENT,Standard,HACH 3P,138
2025,11,MINI,HATCHBACK,RAC,BEV,Electrico,UKL1,FOCUS SEGMENT,Standard,HACH 3P,2
2025,11,MINI,HATCHBACK,RAC,ICE,Electrico,UKL1,FOCUS SEGMENT,Standard,HACH 3P,10
2025,11,MITSUBISHI,,Corporate,ICE,Gasolina,,,,,21
2025,11,MITSUBISHI,,Private,ICE,Gasolina,,,,,7
2025,11,MITSUBISHI,ASX,Corporate,ICE,Gasolina,UKL2,REST,Standard,SAV,15
2025,11,MITSUBISHI,ASX,Private,ICE,Gasolina,UKL2,REST,Standard,SAV,69
2025,11,MITSUBISHI,COLT,Corporate,ICE,Gasolina,UKL1,REST,Standard,HACH 3P,15
2025,11,MITSUBISHI,COLT,Private,ICE,Gasolina,UKL1,REST,Standard,HACH 3P,33
2025,11,MITSUBISHI,COLT,RAC,ICE,Gasolina,UKL1,REST,Standard,HACH 3P,4
2025,11,MITSUBISHI,OUTLANDER,Corporate,PHEV,Gasolina,KKL,REST,Standard,SAV,15
2025,11,MITSUBISHI,OUTLANDER,Private,PHEV,Gasolina,KKL,REST,Standard,SAV,13
2025,11,MITSUBISHI FUSO,,Corporate,ICE,Diesel,,,,,5
2025,11,MITSUBISHI FUSO,,Private,ICE,Diesel,,,,,1
2025,11,MOBILVETTA,,Private,ICE,Diesel,,,,,2
2025,11,MOBILVETTA DESIGN,,Private,ICE,Diesel,,,,,8
2025,11,MOBILVETTA DESIGN,,RAC,ICE,Diesel,,,,,3
2025,11,MODELCAR HNOS,,Corporate,ICE,Diesel,,,,,14
2025,11,MONZA,,Corporate,ICE,Diesel,,,,,1
2025,11,MOTO STAR,,Corporate,ICE,Gasolina,,,,,2
2025,11,MOTO STAR,,Private,ICE,Gasolina,,,,,8
2025,11,MOVEX,,Corporate,ICE,Diesel,,,,,7
2025,11,MULTIGOM,,Corporate,ICE,Diesel,,,,,1
2025,11,MULTIGOM,,Private,ICE,Diesel,,,,,1
2025,11,MULTITEL,,Corporate,ICE,Diesel,,,,,9
2025,11,MULTITEL,,RAC,ICE,Diesel,,,,,5
2025,11,NEXTEM,ORCA,Corporate,BEV,Electrico,SKL,REST,Standard,TRANSPORTER,1
2025,11,NISSAN,,Corporate,BEV,Electrico,,,,,3
2025,11,NISSAN,,Corporate,ICE,Gasolina,,,,,3
2025,11,NISSAN,,Private,ICE,Gasolina,,,,,1
2025,11,NISSAN,ARIYA,Corporate,BEV,Electrico,UKL2,REST,Standard,SAV,4
2025,11,NISSAN,ARIYA,Private,BEV,Electrico,UKL2,REST,Standard,SAV,11
2025,11,NISSAN,INTERSTAR,Corporate,ICE,Diesel,SKL,REST,Standard,TRANSPORTER,53
2025,11,NISSAN,INTERSTAR,Private,ICE,Diesel,SKL,REST,Standard,TRANSPORTER,10
2025,11,NISSAN,INTERSTAR,RAC,ICE,Diesel,SKL,REST,Standard,TRANSPORTER,7
2025,11,NISSAN,JUKE,Corporate,ICE,Gasolina,UKL1,REST,Standard,SAV,303
2025,11,NISSAN,JUKE,Private,ICE,Gasolina,UKL1,REST,Standard,SAV,341
2025,11,NISSAN,JUKE,RAC,ICE,Gasolina,UKL1,REST,Standard,SAV,2
2025,11,NISSAN,MICRA,Corporate,BEV,Gasolina,UKL1,REST,Standard,HACH 5P,3
2025,11,NISSAN,PRIMASTAR,Corporate,ICE,Diesel,SKL,REST,Standard,TRANSPORTER,88
2025,11,NISSAN,PRIMASTAR,Private,ICE,Diesel,SKL,REST,Standard,TRANSPORTER,22
2025,11,NISSAN,PRIMASTAR,RAC,ICE,Diesel,SKL,REST,Standard,TRANSPORTER,7
2025,11,NISSAN,QASHQAI,Corporate,ICE,Gasolina Mild Hybrid,UKL2,REST,Standard,SAT,841
2025,11,NISSAN,QASHQAI,Private,ICE,Gasolina Mild Hybrid,UKL2,REST,Standard,SAT,696
2025,11,NISSAN,QASHQAI,RAC,ICE,Gasolina Mild Hybrid,UKL2,REST,Standard,SAT,24
2025,11,NISSAN,TOWNSTAR,Corporate,BEV,Electrico,SKL,REST,Standard,TRANSPORTER,6
2025,11,NISSAN,TOWNSTAR,Corporate,ICE,Electrico,SKL,REST,Standard,TRANSPORTER,38
2025,11,NISSAN,TOWNSTAR,Private,BEV,Electrico,SKL,REST,Standard,TRANSPORTER,1
2025,11,NISSAN,TOWNSTAR,Private,ICE,Electrico,SKL,REST,Standard,TRANSPORTER,43
2025,11,NISSAN,X-TRAIL,Corporate,ICE,Gasolina,KKL,REST,Standard,SUV,149
2025,11,NISSAN,X-TRAIL,Private,ICE,Gasolina,KKL,REST,Standard,SUV,171
2025,11,NISSAN,X-TRAIL,RAC,ICE,Gasolina,KKL,REST,Standard,SUV,9
2025,11,NORANTZ,,Corporate,ICE,Diesel,,,,,1
2025,11,NOSMOKE,,Corporate,BEV,Electrico,,,,,1
2025,11,ODES,,Private,ICE,Gasolina,,,,,1
2025,11,OIL&STEEL,,RAC,ICE,Diesel,,,,,3
2025,11,OMODA,,Corporate,PHEV,Gasolina/Electrico Enchufable,,,,,167
2025,11,OMODA,,Private,PHEV,Gasolina/Electrico Enchufable,,,,,395
2025,11,OMODA,OMODA 5,Corporate,BEV,Gasolina,UKL2,REST,Standard,HACH 5P,8
2025,11,OMODA,OMODA 5,Corporate,ICE,Gasolina,UKL2,REST,Standard,HACH 5P,140
2025,11,OMODA,OMODA 5,Private,BEV,Gasolina,UKL2,REST,Standard,HACH 5P,81
2025,11,OMODA,OMODA 5,Private,ICE,Gasolina,UKL2,REST,Standard,HACH 5P,834
2025,11,OMODA,OMODA 5,RAC,ICE,Gasolina,UKL2,REST,Standard,HACH 5P,16
2025,11,OPEL,,Corporate,BEV,Electrico,,,,,148
2025,11,OPEL,,Corporate,ICE,Gasolina,,,,,80
2025,11,OPEL,,Private,BEV,Electrico,,,,,16
2025,11,OPEL,,Private,ICE,Gasolina,,,,,143
2025,11,OPEL,,RAC,BEV,Electrico,,,,,13
2025,11,OPEL,,RAC,ICE,Gasolina,,,,,73
2025,11,OPEL,ASTRA,Corporate,ICE,Diesel,UKL2,REST,Standard,HACH 5P,16
2025,11,OPEL,ASTRA,Private,ICE,Diesel,UKL2,REST,Standard,HACH 5P,17
2025,11,OPEL,ASTRA,RAC,ICE,Diesel,UKL2,REST,Standard,HACH 5P,4
2025,11,OPEL,COMBO,Corporate,BEV,Diesel,SKL,REST,Standard,TRANSPORTER,8
2025,11,OPEL,COMBO,Corporate,ICE,Diesel,SKL,REST,Standard,TRANSPORTER,594
2025,11,OPEL,COMBO,Private,BEV,Diesel,SKL,REST,Standard,TRANSPORTER,1
2025,11,OPEL,COMBO,Private,ICE,Diesel,SKL,REST,Standard,TRANSPORTER,45
2025,11,OPEL,COMBO,RAC,ICE,Diesel,SKL,REST,Standard,TRANSPORTER,14
2025,11,OPEL,CORSA,Corporate,ICE,Diesel,UKL1,REST,Standard,HACH 5P,1285
2025,11,OPEL,CORSA,Private,BEV,Diesel,UKL1,REST,Standard,HACH 5P,2
2025,11,OPEL,CORSA,Private,ICE,Diesel,UKL1,REST,Standard,HACH 5P,242
2025,11,OPEL,CORSA,RAC,ICE,Diesel,UKL1,REST,Standard,HACH 5P,30
2025,11,OPEL,GRANDLAND X,Corporate,BEV,Diesel,UKL2,REST,Standard,SAV,8
2025,11,OPEL,GRANDLAND X,Corporate,ICE,Diesel,UKL2,REST,Standard,SAV,23
2025,11,OPEL,GRANDLAND X,Corporate,PHEV,Diesel,UKL2,REST,Standard,SAV,6
2025,11,OPEL,GRANDLAND X,Private,BEV,Diesel,UKL2,REST,Standard,SAV,8
2025,11,OPEL,GRANDLAND X,Private,ICE,Diesel,UKL2,REST,Standard,SAV,13
2025,11,OPEL,GRANDLAND X,Private,PHEV,Diesel,UKL2,REST,Standard,SAV,5
2025,11,OPEL,GRANDLAND X,RAC,BEV,Diesel,UKL2,REST,Standard,SAV,1
2025,11,OPEL,GRANDLAND X,RAC,ICE,Diesel,UKL2,REST,Standard,SAV,1
2025,11,OPEL,MOKKA,Corporate,ICE,Diesel,UKL1,REST,Standard,SAV,41
2025,11,OPEL,MOKKA,Private,BEV,Diesel,UKL1,REST,Standard,SAV,5
2025,11,OPEL,MOKKA,Private,ICE,Diesel,UKL1,REST,Standard,SAV,67
2025,11,OPEL,MOKKA,RAC,ICE,Diesel,UKL1,REST,Standard,SAV,10
2025,11,OPEL,MOVANO,Corporate,BEV,Diesel,SKL,REST,Standard,TRANSPORTER,2
2025,11,OPEL,MOVANO,Corporate,ICE,Diesel,SKL,REST,Standard,TRANSPORTER,22
2025,11,OPEL,MOVANO,Private,ICE,Diesel,SKL,REST,Standard,TRANSPORTER,6
2025,11,OPEL,MOVANO,RAC,ICE,Diesel,SKL,REST,Standard,TRANSPORTER,13
2025,11,OPEL,VIVARO,Corporate,BEV,Diesel,SKL,REST,Standard,TRANSPORTER,24
2025,11,OPEL,VIVARO,Corporate,ICE,Diesel,SKL,REST,Standard,TRANSPORTER,87
2025,11,OPEL,VIVARO,Private,ICE,Diesel,SKL,REST,Standard,TRANSPORTER,15
2025,11,OPEL,VIVARO,RAC,BEV,Diesel,SKL,REST,Standard,TRANSPORTER,4
2025,11,OPEL,VIVARO,RAC,ICE,Diesel,SKL,REST,Standard,TRANSPORTER,103
2025,11,OPEL,ZAFIRA LIFE,Corporate,ICE,Diesel,SKL,REST,Standard,TRANSPORTER,2
2025,11,OPEL,ZAFIRA LIFE,Private,ICE,Diesel,SKL,REST,Standard,TRANSPORTER,2
2025,11,PALFINGER,,Corporate,ICE,Diesel,,,,,1
2025,11,PANAMA,,Private,ICE,Diesel,,,,,4
2025,11,PANAMA,,RAC,ICE,Diesel,,,,,1
2025,11,PERIANES,,Corporate,BEV,Electrico,,,,,1
2025,11,PERIANES,,Corporate,ICE,Diesel,,,,,2
2025,11,PERTASA,,Corporate,ICE,Diesel,,,,,3
2025,11,PEUGEOT,,Corporate,ICE,Diesel,,,,,1
2025,11,PEUGEOT,,RAC,ICE,Diesel,,,,,2
2025,11,PEUGEOT,2008,Corporate,BEV,Diesel,UKL1,REST,Standard,SAV,13
2025,11,PEUGEOT,2008,Corporate,ICE,Diesel,UKL1,REST,Standard,SAV,1351
2025,11,PEUGEOT,2008,Private,BEV,Diesel,UKL1,REST,Standard,SAV,22
2025,11,PEUGEOT,2008,Private,ICE,Diesel,UKL1,REST,Standard,SAV,628
2025,11,PEUGEOT,2008,RAC,BEV,Diesel,UKL1,REST,Standard,SAV,65
2025,11,PEUGEOT,2008,RAC,ICE,Diesel,UKL1,REST,Standard,SAV,116
2025,11,PEUGEOT,208,Corporate,BEV,Diesel,UKL1,REST,Standard,HACH 5P,10
2025,11,PEUGEOT,208,Corporate,ICE,Diesel,UKL1,REST,Standard,HACH 5P,1006
2025,11,PEUGEOT,208,Private,BEV,Diesel,UKL1,REST,Standard,HACH 5P,14
2025,11,PEUGEOT,208,Private,ICE,Diesel,UKL1,REST,Standard,HACH 5P,296
2025,11,PEUGEOT,208,RAC,ICE,Diesel,UKL1,REST,Standard,HACH 5P,28
2025,11,PEUGEOT,3008,Corporate,BEV,Diesel,UKL2,REST,Standard,SAT,8
2025,11,PEUGEOT,3008,Corporate,ICE,Diesel,UKL2,REST,Standard,SAT,228
2025,11,PEUGEOT,3008,Corporate,PHEV,Diesel,UKL2,REST,Standard,SAT,18
2025,11,PEUGEOT,3008,Private,BEV,Diesel,UKL2,REST,Standard,SAT,25
2025,11,PEUGEOT,3008,Private,ICE,Diesel,UKL2,REST,Standard,SAT,189
2025,11,PEUGEOT,3008,Private,PHEV,Diesel,UKL2,REST,Standard,SAT,30
2025,11,PEUGEOT,3008,RAC,ICE,Diesel,UKL2,REST,Standard,SAT,2
2025,11,PEUGEOT,3008,RAC,PHEV,Diesel,UKL2,REST,Standard,SAT,1
2025,11,PEUGEOT,308,Corporate,BEV,Diesel,UKL2,REST,Standard,ESTATE,6
2025,11,PEUGEOT,308,Corporate,ICE,Diesel,UKL2,REST,Standard,ESTATE,110
2025,11,PEUGEOT,308,Corporate,PHEV,Diesel,UKL2,REST,Standard,ESTATE,18
2025,11,PEUGEOT,308,Private,ICE,Diesel,UKL2,REST,Standard,ESTATE,38
2025,11,PEUGEOT,308,Private,PHEV,Diesel,UKL2,REST,Standard,ESTATE,9
2025,11,PEUGEOT,308,RAC,BEV,Diesel,UKL2,REST,Standard,ESTATE,1
2025,11,PEUGEOT,408,Corporate,BEV,Gasolina,UKL2,REST,Standard,SEDAN,2
2025,11,PEUGEOT,408,Corporate,ICE,Gasolina,UKL2,REST,Standard,SEDAN,19
2025,11,PEUGEOT,408,Corporate,PHEV,Gasolina,UKL2,REST,Standard,SEDAN,6
2025,11,PEUGEOT,408,Private,ICE,Gasolina,UKL2,REST,Standard,SEDAN,16
2025,11,PEUGEOT,408,Private,PHEV,Gasolina,UKL2,REST,Standard,SEDAN,9
2025,11,PEUGEOT,5008,Corporate,BEV,Diesel,KKL,REST,Standard,SUV,11
2025,11,PEUGEOT,5008,Corporate,ICE,Diesel,KKL,REST,Standard,SUV,35
2025,11,PEUGEOT,5008,Corporate,PHEV,Diesel,KKL,REST,Standard,SUV,14
2025,11,PEUGEOT,5008,Private,BEV,Diesel,KKL,REST,Standard,SUV,8
2025,11,PEUGEOT,5008,Private,ICE,Diesel,KKL,REST,Standard,SUV,57
2025,11,PEUGEOT,5008,Private,PHEV,Diesel,KKL,REST,Standard,SUV,12
2025,11,PEUGEOT,5008,RAC,ICE,Diesel,KKL,REST,Standard,SUV,53
2025,11,PEUGEOT,BOXER,Corporate,BEV,Diesel,SKL,REST,Standard,TRANSPORTER,1
2025,11,PEUGEOT,BOXER,Corporate,ICE,Diesel,SKL,REST,Standard,TRANSPORTER,106
2025,11,PEUGEOT,BOXER,Private,ICE,Diesel,SKL,REST,Standard,TRANSPORTER,25
2025,11,PEUGEOT,BOXER,RAC,ICE,Diesel,SKL,REST,Standard,TRANSPORTER,25
2025,11,PEUGEOT,EXPERT,Corporate,BEV,Diesel,SKL,REST,Standard,TRANSPORTER,7
2025,11,PEUGEOT,EXPERT,Corporate,ICE,Diesel,SKL,REST,Standard,TRANSPORTER,136
2025,11,PEUGEOT,EXPERT,Private,BEV,Diesel,SKL,REST,Standard,TRANSPORTER,2
2025,11,PEUGEOT,EXPERT,Private,ICE,Diesel,SKL,REST,Standard,TRANSPORTER,24
2025,11,PEUGEOT,EXPERT,RAC,BEV,Diesel,SKL,REST,Standard,TRANSPORTER,1
2025,11,PEUGEOT,EXPERT,RAC,ICE,Diesel,SKL,REST,Standard,TRANSPORTER,10
2025,11,PEUGEOT,PARTNER,Corporate,BEV,Diesel,SKL,REST,Standard,TRANSPORTER,10
2025,11,PEUGEOT,PARTNER,Corporate,ICE,Diesel,SKL,REST,Standard,TRANSPORTER,391
2025,11,PEUGEOT,PARTNER,Private,ICE,Diesel,SKL,REST,Standard,TRANSPORTER,6
2025,11,PEUGEOT,PARTNER,RAC,ICE,Diesel,SKL,REST,Standard,TRANSPORTER,4
2025,11,PEUGEOT,RIFTER,Corporate,BEV,Diesel,SKL,REST,Standard,TRANSPORTER,19
2025,11,PEUGEOT,RIFTER,Corporate,ICE,Diesel,SKL,REST,Standard,TRANSPORTER,694
2025,11,PEUGEOT,RIFTER,Private,BEV,Diesel,SKL,REST,Standard,TRANSPORTER,8
2025,11,PEUGEOT,RIFTER,Private,ICE,Diesel,SKL,REST,Standard,TRANSPORTER,243
2025,11,PEUGEOT,RIFTER,RAC,ICE,Diesel,SKL,REST,Standard,TRANSPORTER,79
2025,11,PEUGEOT,TRAVELLER,Corporate,BEV,Diesel,SKL,REST,Standard,TRANSPORTER,2
2025,11,PEUGEOT,TRAVELLER,Corporate,ICE,Diesel,SKL,REST,Standard,TRANSPORTER,6
2025,11,PEUGEOT,TRAVELLER,Private,ICE,Diesel,SKL,REST,Standard,TRANSPORTER,13
2025,11,PEUGEOT,TRAVELLER,RAC,ICE,Diesel,SKL,REST,Standard,TRANSPORTER,1
2025,11,PIAGGIO,PORTER,Corporate,ICE,Electrico,SKL,REST,Standard,TRANSPORTER,3
2025,11,PILOTE,,Private,ICE,Diesel,,,,,4
2025,11,PIRINEUS,,Corporate,ICE,Diesel,,,,,2
2025,11,POLARIS,,Corporate,ICE,Gasolina,,,,,5
2025,11,POLARIS,,Private,ICE,Gasolina,,,,,10
2025,11,POLESTAR,,Corporate,BEV,Electrico,,,,,23
2025,11,POLESTAR,,Private,BEV,Electrico,,,,,7
2025,11,POLYCAR,,Corporate,ICE,Diesel,,,,,1
2025,11,PONTIAC,,Private,ICE,Gasolina,,,,,1
2025,11,PORSCHE,718,Private,ICE,Gasolina,KKL,FOCUS SEGMENT,Standard,ROADSTER,1
2025,11,PORSCHE,911,Corporate,ICE,Gasolina,GKL,FOCUS SEGMENT,M Performance,CABRIO,25
2025,11,PORSCHE,911,Private,ICE,Gasolina,GKL,FOCUS SEGMENT,M Performance,CABRIO,33
2025,11,PORSCHE,911,RAC,ICE,Gasolina,GKL,FOCUS SEGMENT,M Performance,CABRIO,2
2025,11,PORSCHE,CAYENNE,Corporate,ICE,Gasolina,MKL,FOCUS SEGMENT,Standard,SAV,2
2025,11,PORSCHE,CAYENNE,Corporate,PHEV,Gasolina,MKL,FOCUS SEGMENT,Standard,SAV,44
2025,11,PORSCHE,CAYENNE,Private,ICE,Gasolina,MKL,FOCUS SEGMENT,Standard,SAV,2
2025,11,PORSCHE,CAYENNE,Private,PHEV,Gasolina,MKL,FOCUS SEGMENT,Standard,SAV,23
2025,11,PORSCHE,CAYENNE,RAC,PHEV,Gasolina,MKL,FOCUS SEGMENT,Standard,SAV,1
2025,11,PORSCHE,MACAN,Corporate,BEV,Gasolina,KKL,FOCUS SEGMENT,Standard,SAV,23
2025,11,PORSCHE,MACAN,Private,BEV,Gasolina,KKL,FOCUS SEGMENT,Standard,SAV,12
2025,11,PORSCHE,MACAN,RAC,BEV,Gasolina,KKL,FOCUS SEGMENT,Standard,SAV,1
2025,11,PORSCHE,PANAMERA,Corporate,PHEV,Gasolina,GKL,FOCUS SEGMENT,Standard,ESTATE,12
2025,11,PORSCHE,PANAMERA,Private,PHEV,Gasolina,GKL,FOCUS SEGMENT,Standard,ESTATE,2
2025,11,PORSCHE,TAYCAN,Corporate,BEV,Electrico,GKL,FOCUS SEGMENT,M,SEDAN,6
2025,11,PORSCHE,TAYCAN,Private,BEV,Electrico,GKL,FOCUS SEGMENT,M,SEDAN,1
2025,11,POSSI,,Private,ICE,Diesel,,,,,1
2025,11,POSSL,,Private,ICE,Diesel,,,,,3
2025,11,PUJOL,,Corporate,ICE,Diesel,,,,,4
2025,11,PUJOL,,RAC,ICE,Diesel,,,,,2
2025,11,QJMOTOR,,Corporate,ICE,Gasolina,,,,,1
2025,11,QJMOTOR,,Private,ICE,Gasolina,,,,,3
2025,11,QUADDY,,Corporate,ICE,Gasolina,,,,,1
2025,11,QUADDY,,Private,ICE,Gasolina,,,,,1
2025,11,RANDGER,,Private,ICE,Diesel,,,,,6
2025,11,RAPID,,Private,ICE,Diesel,,,,,3
2025,11,RAPID,,RAC,ICE,Diesel,,,,,1
2025,11,RAPIDO,,Private,ICE,Diesel,,,,,3
2025,11,RECAPOL,,Corporate,BEV,Electrico,,,,,1
2025,11,RECAPOL,,Corporate,ICE,Diesel,,,,,31
2025,11,RECAPOL,,Private,ICE,Diesel,,,,,3
2025,11,RECAPOL,,RAC,ICE,Diesel,,,,,3
2025,11,REHATRANS,,Corporate,ICE,Diesel,,,,,11
2025,11,REHATRANS,,Corporate,ICE,Gas Licuado con petroleo (GLP),,,,,2
2025,11,REHATRANS,,Private,ICE,Diesel,,,,,1
2025,11,RENAULT,,Corporate,BEV,Electrico,,,,,73
2025,11,RENAULT,,Corporate,ICE,Diesel,,,,,25
2025,11,RENAULT,,Corporate,ICE,Gasolina,,,,,183
2025,11,RENAULT,,Private,BEV,Electrico,,,,,199
2025,11,RENAULT,,Private,ICE,Diesel,,,,,4
2025,11,RENAULT,,Private,ICE,Gasolina,,,,,176
2025,11,RENAULT,,RAC,ICE,Diesel,,,,,18
2025,11,RENAULT,,RAC,ICE,Gasolina,,,,,100
2025,11,RENAULT,ARKANA,Corporate,ICE,Gasolina Mild Hybrid,UKL2,REST,Standard,SAV,377
2025,11,RENAULT,ARKANA,Private,ICE,Gasolina Mild Hybrid,UKL2,REST,Standard,SAV,147
2025,11,RENAULT,ARKANA,RAC,ICE,Gasolina Mild Hybrid,UKL2,REST,Standard,SAV,1
2025,11,RENAULT,AUSTRAL,Corporate,ICE,Gasolina Mild Hybrid,UKL2,REST,Standard,SAV,493
2025,11,RENAULT,AUSTRAL,Private,ICE,Gasolina Mild Hybrid,UKL2,REST,Standard,SAV,535
2025,11,RENAULT,AUSTRAL,RAC,ICE,Gasolina Mild Hybrid,UKL2,REST,Standard,SAV,24
2025,11,RENAULT,CAPTUR,Corporate,ICE,Gas Licuado con petroleo (GLP),UKL1,REST,Standard,SAV,489
2025,11,RENAULT,CAPTUR,Private,ICE,Gas Licuado con petroleo (GLP),UKL1,REST,Standard,SAV,677
2025,11,RENAULT,CAPTUR,RAC,ICE,Gas Licuado con petroleo (GLP),UKL1,REST,Standard,SAV,117
2025,11,RENAULT,CLIO,Corporate,ICE,Diesel,UKL1,REST,Standard,HACH 5P,1621
2025,11,RENAULT,CLIO,Private,ICE,Diesel,UKL1,REST,Standard,HACH 5P,1049
2025,11,RENAULT,CLIO,RAC,ICE,Diesel,UKL1,REST,Standard,HACH 5P,455
2025,11,RENAULT,ESPACE,Corporate,ICE,Diesel,KKL,REST,Standard,MPV,87
2025,11,RENAULT,ESPACE,Private,ICE,Diesel,KKL,REST,Standard,MPV,131
2025,11,RENAULT,ESPACE,RAC,ICE,Diesel,KKL,REST,Standard,MPV,49
2025,11,RENAULT,KANGOO,Corporate,BEV,Diesel,SKL,REST,Standard,TRANSPORTER,58
2025,11,RENAULT,KANGOO,Corporate,ICE,Diesel,SKL,REST,Standard,TRANSPORTER,657
2025,11,RENAULT,KANGOO,Private,BEV,Diesel,SKL,REST,Standard,TRANSPORTER,2
2025,11,RENAULT,KANGOO,Private,ICE,Diesel,SKL,REST,Standard,TRANSPORTER,73
2025,11,RENAULT,MASTER,Corporate,BEV,Diesel,SKL,REST,Standard,TRANSPORTER,11
2025,11,RENAULT,MASTER,Corporate,ICE,Diesel,SKL,REST,Standard,TRANSPORTER,311
2025,11,RENAULT,MASTER,Private,ICE,Diesel,SKL,REST,Standard,TRANSPORTER,49
2025,11,RENAULT,MASTER,RAC,ICE,Diesel,SKL,REST,Standard,TRANSPORTER,19
2025,11,RENAULT,MEGANE,Corporate,BEV,Diesel,UKL2,REST,Standard,HACH 5P,16
2025,11,RENAULT,MEGANE,Private,BEV,Diesel,UKL2,REST,Standard,HACH 5P,6
2025,11,RENAULT,RAFALE,Corporate,ICE,Gasolina/Electrico,UKL2,REST,Standard,SAV,80
2025,11,RENAULT,RAFALE,Corporate,PHEV,Gasolina/Electrico,UKL2,REST,Standard,SAV,112
2025,11,RENAULT,RAFALE,Private,ICE,Gasolina/Electrico,UKL2,REST,Standard,SAV,34
2025,11,RENAULT,RAFALE,Private,PHEV,Gasolina/Electrico,UKL2,REST,Standard,SAV,79
2025,11,RENAULT,RAFALE,RAC,ICE,Gasolina/Electrico,UKL2,REST,Standard,SAV,30
2025,11,RENAULT,SCENIC,Corporate,BEV,Electrico,UKL2,REST,Standard,MPV,28
2025,11,RENAULT,SCENIC,Private,BEV,Electrico,UKL2,REST,Standard,MPV,15
2025,11,RENAULT,TRAFIC,Corporate,BEV,Diesel,SKL,REST,Standard,TRANSPORTER,4
2025,11,RENAULT,TRAFIC,Corporate,ICE,Diesel,SKL,REST,Standard,TRANSPORTER,477
2025,11,RENAULT,TRAFIC,Private,ICE,Diesel,SKL,REST,Standard,TRANSPORTER,74
2025,11,RENAULT,TRAFIC,RAC,ICE,Diesel,SKL,REST,Standard,TRANSPORTER,9
2025,11,RENAULT TRUCKS,,Corporate,BEV,Electrico,,,,,2
2025,11,RENAULT TRUCKS,MASTER,Corporate,ICE,Diesel,SKL,REST,Standard,TRANSPORTER,1
2025,11,REVOLSA,,Corporate,ICE,Diesel,,,,,1
2025,11,RIMOR,,Private,ICE,Diesel,,,,,2
2025,11,RIMOR,,RAC,ICE,Diesel,,,,,5
2025,11,RODRIGUEZ LOPEZ AUTO,,Corporate,ICE,Diesel,,,,,19
2025,11,RODRIGUEZ LOPEZ AUTO,,Private,ICE,Diesel,,,,,5
2025,11,RODRIGUEZ LOPEZ AUTO,,RAC,ICE,Diesel,,,,,73
2025,11,ROLLER TEAM,,Private,ICE,Diesel,,,,,25
2025,11,ROLLER TEAM,,RAC,ICE,Diesel,,,,,7
2025,11,ROMERO,,Corporate,ICE,Diesel,,,,,1
2025,11,ROMU,,Corporate,ICE,Diesel,,,,,13
2025,11,ROTOMAR,,Corporate,ICE,Diesel,,,,,6
2025,11,ROTOMAR,,Private,ICE,Diesel,,,,,1
2025,11,RUNHORSE,,Corporate,BEV,Electrico,,,,,1
2025,11,SARTRUCK,,Corporate,ICE,Diesel,,,,,6
2025,11,SEAT,ALHAMBRA,Private,ICE,Gasolina,KKL,REST,Standard,MPV,1
2025,11,SEAT,ARONA,Corporate,ICE,Gas natural comprimido (GNC),UKL1,REST,Standard,SAV,415
2025,11,SEAT,ARONA,Private,ICE,Gas natural comprimido (GNC),UKL1,REST,Standard,SAV,675
2025,11,SEAT,ARONA,RAC,ICE,Gas natural comprimido (GNC),UKL1,REST,Standard,SAV,112
2025,11,SEAT,ATECA,Corporate,ICE,Diesel,UKL2,REST,Standard,SAT,117
2025,11,SEAT,ATECA,Private,ICE,Diesel,UKL2,REST,Standard,SAT,352
2025,11,SEAT,ATECA,RAC,ICE,Diesel,UKL2,REST,Standard,SAT,47
2025,11,SEAT,IBIZA,Corporate,ICE,Gas natural comprimido (GNC),UKL1,REST,Standard,HACH 5P,940
2025,11,SEAT,IBIZA,Private,ICE,Gas natural comprimido (GNC),UKL1,REST,Standard,HACH 5P,1131
2025,11,SEAT,IBIZA,RAC,ICE,Gas natural comprimido (GNC),UKL1,REST,Standard,HACH 5P,41
2025,11,SEAT,LEON,Corporate,ICE,Diesel,UKL2,REST,Standard,ESTATE,591
2025,11,SEAT,LEON,Corporate,PHEV,Diesel,UKL2,REST,Standard,ESTATE,55
2025,11,SEAT,LEON,Private,ICE,Diesel,UKL2,REST,Standard,ESTATE,662
2025,11,SEAT,LEON,Private,PHEV,Diesel,UKL2,REST,Standard,ESTATE,29
2025,11,SEAT,LEON,RAC,PHEV,Diesel,UKL2,REST,Standard,ESTATE,10
2025,11,SEGWAY,,Corporate,ICE,Gasolina,,,,,8
2025,11,SEGWAY,,Private,ICE,Gasolina,,,,,7
2025,11,"SEMICARFRAN,S.L",,Corporate,ICE,Diesel,,,,,12
2025,11,"SEMICARFRAN,S.L",,Private,ICE,Diesel,,,,,1
2025,11,"SEMICARFRAN,S.L",,RAC,ICE,Diesel,,,,,9
2025,11,SERVI CAR,,Corporate,ICE,Diesel,,,,,10
2025,11,SERVICAR,,Corporate,ICE,Diesel,,,,,1
2025,11,SETRA,,Corporate,ICE,Diesel,,,,,1
2025,11,SHINERAY,,Corporate,ICE,Gasolina,,,,,2
2025,11,SHINERAY,,Corporate,PHEV,Gasolina/Electrico Enchufable,,,,,1
2025,11,SHINERAY,,Private,ICE,Gas Licuado con petroleo (GLP),,,,,1
2025,11,SHINERAY,,Private,ICE,Gasolina,,,,,48
2025,11,SILENCE,,Corporate,BEV,Electrico,,,,,8
2025,11,SILENCE,,Private,BEV,Electrico,,,,,46
2025,11,SIN MARCA,,Corporate,ICE,Diesel,,,,,12
2025,11,SIN MARCA,,Corporate,ICE,Gasolina,,,,,16
2025,11,SIN MARCA,,Corporate,PHEV,Gasolina/Electrico Enchufable,,,,,1
2025,11,SIN MARCA,,Private,BEV,Electrico,,,,,1
2025,11,SIN MARCA,,Private,ICE,Gasolina,,,,,11
2025,11,SIN MARCA,,RAC,ICE,Diesel,,,,,5
2025,11,SKODA,,Corporate,BEV,Electrico,,,,,97
2025,11,SKODA,,Private,BEV,Electrico,,,,,125
2025,11,SKODA,ENYAQ,Corporate,BEV,Electrico,UKL2,REST,Standard,SAV,26
2025,11,SKODA,ENYAQ,Private,BEV,Electrico,UKL2,REST,Standard,SAV,20
2025,11,SKODA,FABIA,Corporate,ICE,Gasolina,UKL1,REST,Standard,HACH 5P,268
2025,11,SKODA,FABIA,Private,ICE,Gasolina,UKL1,REST,Standard,HACH 5P,364
2025,11,SKODA,FABIA,RAC,ICE,Gasolina,UKL1,REST,Standard,HACH 5P,184
2025,11,SKODA,KAMIQ,Corporate,ICE,Gasolina,UKL1,REST,Standard,SAV,289
2025,11,SKODA,KAMIQ,Private,ICE,Gasolina,UKL1,REST,Standard,SAV,435
2025,11,SKODA,KAMIQ,RAC,ICE,Gasolina,UKL1,REST,Standard,SAV,33
2025,11,SKODA,KAROQ,Corporate,ICE,Diesel,UKL2,REST,Standard,SAT,204
2025,11,SKODA,KAROQ,Private,ICE,Diesel,UKL2,REST,Standard,SAT,318
2025,11,SKODA,KAROQ,RAC,ICE,Diesel,UKL2,REST,Standard,SAT,51
2025,11,SKODA,KODIAQ,Corporate,ICE,Diesel,KKL,REST,Standard,SAV,75
2025,11,SKODA,KODIAQ,Corporate,PHEV,Diesel,KKL,REST,Standard,SAV,49
2025,11,SKODA,KODIAQ,Private,ICE,Diesel,KKL,REST,Standard,SAV,29
2025,11,SKODA,KODIAQ,Private,PHEV,Diesel,KKL,REST,Standard,SAV,108
2025,11,SKODA,KODIAQ,RAC,ICE,Diesel,KKL,REST,Standard,SAV,100
2025,11,SKODA,KODIAQ,RAC,PHEV,Diesel,KKL,REST,Standard,SAV,1
2025,11,SKODA,OCTAVIA,Corporate,ICE,Diesel,UKL2,REST,Standard,HACH 5P,270
2025,11,SKODA,OCTAVIA,Private,ICE,Diesel,UKL2,REST,Standard,HACH 5P,78
2025,11,SKODA,OCTAVIA,RAC,ICE,Diesel,UKL2,REST,Standard,HACH 5P,19
2025,11,SKODA,SCALA,Corporate,ICE,Gas natural comprimido (GNC),UKL2,REST,Standard,HACH 5P,94
2025,11,SKODA,SCALA,Private,ICE,Gas natural comprimido (GNC),UKL2,REST,Standard,HACH 5P,72
2025,11,SKODA,SCALA,RAC,ICE,Gas natural comprimido (GNC),UKL2,REST,Standard,HACH 5P,31
2025,11,SKODA,SUPERB,Corporate,ICE,Diesel,KKL,REST,Standard,SEDAN,23
2025,11,SKODA,SUPERB,Corporate,PHEV,Diesel,KKL,REST,Standard,SEDAN,8
2025,11,SKODA,SUPERB,Private,PHEV,Diesel,KKL,REST,Standard,SEDAN,4
2025,11,SKYWELL,ET5,Corporate,BEV,Electrico,UKL2,REST,Standard,SAV,2
2025,11,SMART,,Private,BEV,Electrico,,,,,2
2025,11,SMART,#1,Corporate,BEV,Electrico,UKL2,FOCUS SEGMENT,Standard,SAV,12
2025,11,SMART,#1,Private,BEV,Electrico,UKL2,FOCUS SEGMENT,Standard,SAV,17
2025,11,SMART,#3,Corporate,BEV,Electrico,UKL2,FOCUS SEGMENT,Standard,SAV,16
2025,11,SMART,#3,Private,BEV,Electrico,UKL2,FOCUS SEGMENT,Standard,SAV,16
2025,11,SNOEKS,,Private,ICE,Diesel,,,,,1
2025,11,SOCAGE,,Corporate,ICE,Diesel,,,,,10
2025,11,SOCAGE,,Corporate,ICE,Gas Licuado con petroleo (GLP),,,,,1
2025,11,SOCAGE,,RAC,ICE,Diesel,,,,,2
2025,11,SOCAGE,,RAC,ICE,Gas Licuado con petroleo (GLP),,,,,1
2025,11,SORIBERICA,,Corporate,ICE,Gas Licuado con petroleo (GLP),,,,,10
2025,11,SORTIMO,,Corporate,BEV,Electrico,,,,,2
2025,11,SORTIMO,,Corporate,ICE,Diesel,,,,,122
2025,11,SORTIMO,,Corporate,PHEV,Gasolina/Electrico Enchufable,,,,,3
2025,11,SPORTEQUIPE,,Private,ICE,Diesel,,,,,1
2025,11,SPORTEQUIPE,,Private,ICE,Gas Licuado con petroleo (GLP),,,,,3
2025,11,STELLANTIS,,Private,ICE,Diesel,,,,,1
2025,11,STELLANTIS EUROPE S.P.A.,,Private,ICE,Diesel,,,,,4
2025,11,STIL CONVERSION,,RAC,ICE,Diesel,,,,,7
2025,11,STX,,Corporate,ICE,Diesel,,,,,3
2025,11,SUBARU,BRZ,Corporate,ICE,Gasolina,UKL2,REST,Standard,COUPE,1
2025,11,SUBARU,FORESTER,Corporate,ICE,Gasolina Mild Hybrid,KKL,REST,Standard,SAV,6
2025,11,SUBARU,FORESTER,Private,ICE,Gasolina Mild Hybrid,KKL,REST,Standard,SAV,7
2025,11,SUBARU,OUTBACK,Corporate,ICE,Gasolina,KKL,REST,Standard,ESTATE,18
2025,11,SUBARU,OUTBACK,Private,ICE,Gasolina,KKL,REST,Standard,ESTATE,16
2025,11,SUBARU,SOLTERRA,Private,BEV,Electrico,UKL2,REST,Standard,SAV,2
2025,11,SUBARU,XV,Corporate,ICE,Gasolina,UKL2,REST,Standard,SAV,28
2025,11,SUBARU,XV,Private,ICE,Gasolina,UKL2,REST,Standard,SAV,25
2025,11,SUBIELA,,Corporate,ICE,Diesel,,,,,19
2025,11,SUBIELA,,Corporate,ICE,Gas Licuado con petroleo (GLP),,,,,9
2025,11,SUBIELA,,Private,ICE,Diesel,,,,,2
2025,11,SUBIELA,,RAC,ICE,Diesel,,,,,2
2025,11,SUN LIVING,,Private,ICE,Diesel,,,,,3
2025,11,SUN LIVING,,RAC,ICE,Diesel,,,,,1
2025,11,SURTRUCK,,Corporate,ICE,Diesel,,,,,6
2025,11,SUZUKI,ACROSS,Corporate,PHEV,Gasolina/Electrico Enchufable,UKL2,REST,Standard,SAV,2
2025,11,SUZUKI,JIMNY,Private,ICE,Gasolina,SKL,REST,Standard,TRANSPORTER,1
2025,11,SUZUKI,SWACE,Corporate,ICE,Gasolina/Electrico,UKL2,REST,Standard,HACH 5P,8
2025,11,SUZUKI,SWACE,Private,ICE,Gasolina/Electrico,UKL2,REST,Standard,HACH 5P,9
2025,11,SUZUKI,SWACE,RAC,ICE,Gasolina/Electrico,UKL2,REST,Standard,HACH 5P,23
2025,11,SUZUKI,SWIFT,Corporate,ICE,Gasolina Mild Hybrid,UKL1,REST,Standard,HACH 5P,11
2025,11,SUZUKI,SWIFT,Private,ICE,Gasolina Mild Hybrid,UKL1,REST,Standard,HACH 5P,78
2025,11,SUZUKI,SWIFT,RAC,ICE,Gasolina Mild Hybrid,UKL1,REST,Standard,HACH 5P,2
2025,11,SUZUKI,SX4,Corporate,ICE,Gasolina Mild Hybrid,UKL1,REST,Standard,SAV,4
2025,11,SUZUKI,SX4,Private,ICE,Gasolina Mild Hybrid,UKL1,REST,Standard,SAV,68
2025,11,SUZUKI,SX4,RAC,ICE,Gasolina Mild Hybrid,UKL1,REST,Standard,SAV,3
2025,11,SUZUKI,VITARA,Corporate,ICE,Gasolina Mild Hybrid,UKL2,REST,Standard,SUV,56
2025,11,SUZUKI,VITARA,Private,ICE,Gasolina Mild Hybrid,UKL2,REST,Standard,SUV,132
2025,11,SUZUKI,VITARA,RAC,ICE,Gasolina Mild Hybrid,UKL2,REST,Standard,SUV,11
2025,11,TAILON,,Corporate,ICE,Diesel,,,,,1
2025,11,TALLERES AGUILAR,,Corporate,ICE,Diesel,,,,,11
2025,11,TALLERES AGUILAR,,Private,ICE,Diesel,,,,,1
2025,11,TALLERES ARTIETA,,Corporate,ICE,Diesel,,,,,1
2025,11,TALLERES PRAT RUSIÑOL,,Corporate,ICE,Diesel,,,,,6
2025,11,TALLERES PRAT-RUSIÑOL,,Corporate,ICE,Diesel,,,,,2
2025,11,TAMAME,,Corporate,ICE,Diesel,,,,,2
2025,11,TECNOCARROCERA,,Corporate,ICE,Diesel,,,,,5
2025,11,TECNOCARSA,,Corporate,ICE,Diesel,,,,,6
2025,11,TECNOCARSA,,Private,ICE,Diesel,,,,,1
2025,11,"TECNOCARSA, S.L.",,Corporate,ICE,Diesel,,,,,2
2025,11,TECNOVE,,Corporate,ICE,Diesel,,,,,3
2025,11,TECNOVE CUSTOM TRUCKS,,Corporate,ICE,Diesel,,,,,1
2025,11,TECNOVE FIBERGLASS,,Corporate,ICE,Diesel,,,,,5
2025,11,TECNOVE FIBERGLASS,,RAC,ICE,Diesel,,,,,10
2025,11,TEKAYDINLAR,,Corporate,ICE,Diesel,,,,,1
2025,11,TENAX,,Corporate,BEV,Electrico,,,,,2
2025,11,TESLA,MODEL 3,Corporate,BEV,Electrico,KKL,FOCUS SEGMENT,Standard,SEDAN,167
2025,11,TESLA,MODEL 3,Private,BEV,Electrico,KKL,FOCUS SEGMENT,Standard,SEDAN,1103
2025,11,TESLA,MODEL S,Corporate,BEV,Electrico,GKL,FOCUS SEGMENT,Standard,SEDAN,4
2025,11,TESLA,MODEL X,Corporate,BEV,Electrico,GKL,FOCUS SEGMENT,Standard,SAT,3
2025,11,TESLA,MODEL Y,Corporate,BEV,Electrico,KKL,FOCUS SEGMENT,Standard,SAT,86
2025,11,TESLA,MODEL Y,Private,BEV,Electrico,KKL,FOCUS SEGMENT,Standard,SAT,163
2025,11,THERMOBUS,,Corporate,ICE,Diesel,,,,,1
2025,11,TORO,,Corporate,ICE,Gasolina,,,,,2
2025,11,TOTH ES FIAI,,Private,ICE,Diesel,,,,,4
2025,11,TOTH ES FIAI,,RAC,ICE,Diesel,,,,,1
2025,11,TOYOTA,,Corporate,ICE,Gasolina,,,,,4
2025,11,TOYOTA,,Private,ICE,Gasolina,,,,,13
2025,11,TOYOTA,AYGO X,Corporate,ICE,Gasolina,UKL0,REST,Standard,HACH 5P,65
2025,11,TOYOTA,AYGO X,Private,ICE,Gasolina,UKL0,REST,Standard,HACH 5P,44
2025,11,TOYOTA,AYGO X,RAC,ICE,Gasolina,UKL0,REST,Standard,HACH 5P,8
2025,11,TOYOTA,BZ4X,Corporate,BEV,Electrico,UKL2,REST,Standard,SAV,44
2025,11,TOYOTA,BZ4X,Private,BEV,Electrico,UKL2,REST,Standard,SAV,18
2025,11,TOYOTA,C-HR,Corporate,ICE,Gasolina/Electrico,UKL1,REST,Standard,SAV,274
2025,11,TOYOTA,C-HR,Corporate,PHEV,Gasolina/Electrico,UKL1,REST,Standard,SAV,178
2025,11,TOYOTA,C-HR,Private,ICE,Gasolina/Electrico,UKL1,REST,Standard,SAV,785
2025,11,TOYOTA,C-HR,Private,PHEV,Gasolina/Electrico,UKL1,REST,Standard,SAV,278
2025,11,TOYOTA,C-HR,RAC,ICE,Gasolina/Electrico,UKL1,REST,Standard,SAV,29
2025,11,TOYOTA,C-HR,RAC,PHEV,Gasolina/Electrico,UKL1,REST,Standard,SAV,2
2025,11,TOYOTA,COROLLA,Corporate,ICE,Gasolina/Electrico,UKL2,REST,Standard,HACH 5P,486
2025,11,TOYOTA,COROLLA,Private,ICE,Gasolina/Electrico,UKL2,REST,Standard,HACH 5P,941
2025,11,TOYOTA,COROLLA,RAC,ICE,Gasolina/Electrico,UKL2,REST,Standard,HACH 5P,18
2025,11,TOYOTA,HI LUX,Corporate,ICE,Diesel,SKL,REST,Standard,PICKUP,98
2025,11,TOYOTA,HI LUX,Private,ICE,Diesel,SKL,REST,Standard,PICKUP,40
2025,11,TOYOTA,HIGHLANDER,Corporate,ICE,Gasolina/Electrico,MKL,REST,Standard,SUV,1
2025,11,TOYOTA,LAND CRUISER,Corporate,ICE,Diesel,GKL,REST,Standard,SUV,31
2025,11,TOYOTA,LAND CRUISER,Private,ICE,Diesel,GKL,REST,Standard,SUV,27
2025,11,TOYOTA,LAND CRUISER,RAC,ICE,Diesel,GKL,REST,Standard,SUV,1
2025,11,TOYOTA,PROACE,Corporate,BEV,Diesel,SKL,REST,Standard,TRANSPORTER,85
2025,11,TOYOTA,PROACE,Corporate,ICE,Diesel,SKL,REST,Standard,TRANSPORTER,232
2025,11,TOYOTA,PROACE,Private,BEV,Diesel,SKL,REST,Standard,TRANSPORTER,15
2025,11,TOYOTA,PROACE,Private,ICE,Diesel,SKL,REST,Standard,TRANSPORTER,54
2025,11,TOYOTA,PROACE,RAC,BEV,Diesel,SKL,REST,Standard,TRANSPORTER,23
2025,11,TOYOTA,PROACE,RAC,ICE,Diesel,SKL,REST,Standard,TRANSPORTER,68
2025,11,TOYOTA,PROACE CITY,Corporate,BEV,Diesel,SKL,REST,Standard,TRANSPORTER,130
2025,11,TOYOTA,PROACE CITY,Corporate,ICE,Diesel,SKL,REST,Standard,TRANSPORTER,263
2025,11,TOYOTA,PROACE CITY,Private,BEV,Diesel,SKL,REST,Standard,TRANSPORTER,12
2025,11,TOYOTA,PROACE CITY,Private,ICE,Diesel,SKL,REST,Standard,TRANSPORTER,23
2025,11,TOYOTA,PROACE CITY,RAC,BEV,Diesel,SKL,REST,Standard,TRANSPORTER,2
2025,11,TOYOTA,PROACE CITY,RAC,ICE,Diesel,SKL,REST,Standard,TRANSPORTER,4
2025,11,TOYOTA,PROACE VERSO,Corporate,BEV,Diesel,SKL,REST,Standard,TRANSPORTER,49
2025,11,TOYOTA,PROACE VERSO,Corporate,ICE,Diesel,SKL,REST,Standard,TRANSPORTER,71
2025,11,TOYOTA,PROACE VERSO,Private,BEV,Diesel,SKL,REST,Standard,TRANSPORTER,16
2025,11,TOYOTA,PROACE VERSO,Private,ICE,Diesel,SKL,REST,Standard,TRANSPORTER,50
2025,11,TOYOTA,PROACE VERSO,RAC,ICE,Diesel,SKL,REST,Standard,TRANSPORTER,16
2025,11,TOYOTA,RAV 4,Corporate,ICE,Gasolina,UKL2,REST,Standard,SAV,207
2025,11,TOYOTA,RAV 4,Corporate,PHEV,Gasolina,UKL2,REST,Standard,SAV,144
2025,11,TOYOTA,RAV 4,Private,ICE,Gasolina,UKL2,REST,Standard,SAV,552
2025,11,TOYOTA,RAV 4,Private,PHEV,Gasolina,UKL2,REST,Standard,SAV,256
2025,11,TOYOTA,RAV 4,RAC,PHEV,Gasolina,UKL2,REST,Standard,SAV,1
2025,11,TOYOTA,YARIS,Corporate,ICE,Gasolina,UKL1,REST,Standard,HACH 5P,564
2025,11,TOYOTA,YARIS,Private,ICE,Gasolina,UKL1,REST,Standard,HACH 5P,869
2025,11,TOYOTA,YARIS,RAC,ICE,Gasolina,UKL1,REST,Standard,HACH 5P,46
2025,11,TOYOTA,YARIS CROSS,Corporate,ICE,Gasolina,UKL1,REST,Standard,SAV,394
2025,11,TOYOTA,YARIS CROSS,Private,ICE,Gasolina,UKL1,REST,Standard,SAV,1574
2025,11,TOYOTA,YARIS CROSS,RAC,ICE,Gasolina,UKL1,REST,Standard,SAV,11
2025,11,TRANSPOL,,Corporate,ICE,Diesel,,,,,2
2025,11,TRIGANO,,Private,ICE,Diesel,,,,,1
2025,11,TRIPOD,,Private,ICE,Diesel,,,,,1
2025,11,TRIPOD,,Private,ICE,Gasolina,,,,,1
2025,11,TSD,,RAC,ICE,Diesel,,,,,60
2025,11,ULTRAND,,Corporate,ICE,Gasolina,,,,,10
2025,11,ULTRAND,,Private,ICE,Gasolina,,,,,1
2025,11,ULTRAND,,RAC,ICE,Gas Licuado con petroleo (GLP),,,,,3
2025,11,URO,,Corporate,ICE,Diesel,,,,,2
2025,11,VAG,,Corporate,ICE,Diesel,,,,,2
2025,11,VALLOR,,Corporate,ICE,Diesel,,,,,1
2025,11,VALLOR,,RAC,ICE,Diesel,,,,,2
2025,11,VALTRA,,Private,ICE,Diesel,,,,,1
2025,11,VALVERAUTO,,Private,ICE,Diesel,,,,,2
2025,11,VEBLINTER,,Corporate,ICE,Gas Licuado con petroleo (GLP),,,,,3
2025,11,VEMASUR,,Corporate,ICE,Diesel,,,,,1
2025,11,VEMASUR,,RAC,ICE,Diesel,,,,,1
2025,11,VOLKSWAGEN,,Corporate,BEV,Electrico,,,,,6
2025,11,VOLKSWAGEN,,Corporate,ICE,Diesel,,,,,46
2025,11,VOLKSWAGEN,,Corporate,ICE,Gasolina,,,,,70
2025,11,VOLKSWAGEN,,Corporate,PHEV,Gasolina/Electrico Enchufable,,,,,17
2025,11,VOLKSWAGEN,,Private,BEV,Electrico,,,,,6
2025,11,VOLKSWAGEN,,Private,ICE,Diesel,,,,,7
2025,11,VOLKSWAGEN,,Private,ICE,Gasolina,,,,,30
2025,11,VOLKSWAGEN,,Private,PHEV,Gasolina/Electrico Enchufable,,,,,28
2025,11,VOLKSWAGEN,,RAC,ICE,Diesel,,,,,1
2025,11,VOLKSWAGEN,AMAROK,Corporate,ICE,Diesel,SKL,REST,Standard,PICKUP,47
2025,11,VOLKSWAGEN,AMAROK,Private,ICE,Diesel,SKL,REST,Standard,PICKUP,9
2025,11,VOLKSWAGEN,CADDY,Corporate,ICE,Diesel,SKL,REST,Standard,TRANSPORTER,210
2025,11,VOLKSWAGEN,CADDY,Corporate,PHEV,Diesel,SKL,REST,Standard,TRANSPORTER,84
2025,11,VOLKSWAGEN,CADDY,Private,ICE,Diesel,SKL,REST,Standard,TRANSPORTER,82
2025,11,VOLKSWAGEN,CADDY,Private,PHEV,Diesel,SKL,REST,Standard,TRANSPORTER,123
2025,11,VOLKSWAGEN,CADDY,RAC,ICE,Diesel,SKL,REST,Standard,TRANSPORTER,46
2025,11,VOLKSWAGEN,CALIFORNIA,Corporate,ICE,Diesel,SKL,REST,Standard,TRANSPORTER,20
2025,11,VOLKSWAGEN,CALIFORNIA,Corporate,PHEV,Diesel,SKL,REST,Standard,TRANSPORTER,6
2025,11,VOLKSWAGEN,CALIFORNIA,Private,ICE,Diesel,SKL,REST,Standard,TRANSPORTER,44
2025,11,VOLKSWAGEN,CALIFORNIA,Private,PHEV,Diesel,SKL,REST,Standard,TRANSPORTER,15
2025,11,VOLKSWAGEN,CALIFORNIA,RAC,ICE,Diesel,SKL,REST,Standard,TRANSPORTER,1
2025,11,VOLKSWAGEN,CARAVELLE,Corporate,BEV,Diesel,SKL,REST,Standard,TRANSPORTER,8
2025,11,VOLKSWAGEN,CARAVELLE,Corporate,ICE,Diesel,SKL,REST,Standard,TRANSPORTER,28
2025,11,VOLKSWAGEN,CARAVELLE,Private,ICE,Diesel,SKL,REST,Standard,TRANSPORTER,12
2025,11,VOLKSWAGEN,CARAVELLE,RAC,ICE,Diesel,SKL,REST,Standard,TRANSPORTER,39
2025,11,VOLKSWAGEN,CRAFTER,Corporate,ICE,Diesel,SKL,REST,Standard,TRANSPORTER,142
2025,11,VOLKSWAGEN,CRAFTER,Private,ICE,Diesel,SKL,REST,Standard,TRANSPORTER,53
2025,11,VOLKSWAGEN,CRAFTER,RAC,ICE,Diesel,SKL,REST,Standard,TRANSPORTER,38
2025,11,VOLKSWAGEN,GOLF,Corporate,ICE,Diesel,UKL2,REST,Standard,HACH 5P,205
2025,11,VOLKSWAGEN,GOLF,Corporate,PHEV,Diesel,UKL2,REST,Standard,HACH 5P,57
2025,11,VOLKSWAGEN,GOLF,Private,ICE,Diesel,UKL2,REST,Standard,HACH 5P,63
2025,11,VOLKSWAGEN,GOLF,Private,PHEV,Diesel,UKL2,REST,Standard,HACH 5P,78
2025,11,VOLKSWAGEN,ID.3,Corporate,BEV,Electrico,UKL2,REST,Standard,HACH 5P,17
2025,11,VOLKSWAGEN,ID.3,Private,BEV,Electrico,UKL2,REST,Standard,HACH 5P,131
2025,11,VOLKSWAGEN,ID.4,Corporate,BEV,Electrico,UKL2,REST,Standard,SAV,51
2025,11,VOLKSWAGEN,ID.4,Private,BEV,Electrico,UKL2,REST,Standard,SAV,109
2025,11,VOLKSWAGEN,ID.5,Corporate,BEV,Electrico,UKL2,REST,Standard,SAV,4
2025,11,VOLKSWAGEN,ID.5,Private,BEV,Electrico,UKL2,REST,Standard,SAV,5
2025,11,VOLKSWAGEN,ID.BUZZ,Corporate,BEV,Electrico,SKL,REST,Standard,TRANSPORTER,52
2025,11,VOLKSWAGEN,ID.BUZZ,Private,BEV,Electrico,SKL,REST,Standard,TRANSPORTER,30
2025,11,VOLKSWAGEN,MULTIVAN,Corporate,ICE,Diesel,SKL,REST,Standard,TRANSPORTER,9
2025,11,VOLKSWAGEN,MULTIVAN,Corporate,PHEV,Diesel,SKL,REST,Standard,TRANSPORTER,30
2025,11,VOLKSWAGEN,MULTIVAN,Private,ICE,Diesel,SKL,REST,Standard,TRANSPORTER,19
2025,11,VOLKSWAGEN,MULTIVAN,Private,PHEV,Diesel,SKL,REST,Standard,TRANSPORTER,40
2025,11,VOLKSWAGEN,MULTIVAN,RAC,ICE,Diesel,SKL,REST,Standard,TRANSPORTER,2
2025,11,VOLKSWAGEN,MULTIVAN,RAC,PHEV,Diesel,SKL,REST,Standard,TRANSPORTER,1
2025,11,VOLKSWAGEN,PASSAT,Corporate,ICE,Diesel,KKL,REST,Standard,ESTATE,52
2025,11,VOLKSWAGEN,PASSAT,Corporate,PHEV,Diesel,KKL,REST,Standard,ESTATE,3
2025,11,VOLKSWAGEN,PASSAT,Private,ICE,Diesel,KKL,REST,Standard,ESTATE,1
2025,11,VOLKSWAGEN,POLO,Corporate,ICE,Gasolina,UKL1,REST,Standard,HACH 5P,181
2025,11,VOLKSWAGEN,POLO,Private,ICE,Gasolina,UKL1,REST,Standard,HACH 5P,179
2025,11,VOLKSWAGEN,POLO,RAC,ICE,Gasolina,UKL1,REST,Standard,HACH 5P,205
2025,11,VOLKSWAGEN,T-CROSS,Corporate,ICE,Gasolina,UKL1,REST,Standard,SAV,384
2025,11,VOLKSWAGEN,T-CROSS,Private,ICE,Gasolina,UKL1,REST,Standard,SAV,540
2025,11,VOLKSWAGEN,T-CROSS,RAC,ICE,Gasolina,UKL1,REST,Standard,SAV,36
2025,11,VOLKSWAGEN,T-ROC,Corporate,ICE,Diesel,UKL2,REST,Standard,SAV,675
2025,11,VOLKSWAGEN,T-ROC,Private,ICE,Diesel,UKL2,REST,Standard,SAV,1079
2025,11,VOLKSWAGEN,T-ROC,RAC,ICE,Diesel,UKL2,REST,Standard,SAV,49
2025,11,VOLKSWAGEN,TAIGO,Corporate,ICE,Gasolina,UKL1,REST,Standard,SAV,173
2025,11,VOLKSWAGEN,TAIGO,Private,ICE,Gasolina,UKL1,REST,Standard,SAV,513
2025,11,VOLKSWAGEN,TAIGO,RAC,ICE,Gasolina,UKL1,REST,Standard,SAV,189
2025,11,VOLKSWAGEN,TIGUAN,Corporate,ICE,Diesel,UKL2,REST,Standard,SAV,594
2025,11,VOLKSWAGEN,TIGUAN,Corporate,PHEV,Diesel,UKL2,REST,Standard,SAV,211
2025,11,VOLKSWAGEN,TIGUAN,Private,ICE,Diesel,UKL2,REST,Standard,SAV,169
2025,11,VOLKSWAGEN,TIGUAN,Private,PHEV,Diesel,UKL2,REST,Standard,SAV,206
2025,11,VOLKSWAGEN,TIGUAN,RAC,ICE,Diesel,UKL2,REST,Standard,SAV,3
2025,11,VOLKSWAGEN,TOUAREG,Corporate,ICE,Diesel,MKL,REST,Standard,SAV,11
2025,11,VOLKSWAGEN,TOUAREG,Corporate,PHEV,Diesel,MKL,REST,Standard,SAV,13
2025,11,VOLKSWAGEN,TOUAREG,Private,ICE,Diesel,MKL,REST,Standard,SAV,8
2025,11,VOLKSWAGEN,TOUAREG,Private,PHEV,Diesel,MKL,REST,Standard,SAV,4
2025,11,VOLKSWAGEN,TOURAN,Corporate,ICE,Diesel,UKL2,REST,Standard,MPV,29
2025,11,VOLKSWAGEN,TOURAN,Private,ICE,Diesel,UKL2,REST,Standard,MPV,40
2025,11,VOLKSWAGEN,TRANSPORTER,Corporate,BEV,Diesel,SKL,REST,Standard,TRANSPORTER,4
2025,11,VOLKSWAGEN,TRANSPORTER,Corporate,ICE,Diesel,SKL,REST,Standard,TRANSPORTER,133
2025,11,VOLKSWAGEN,TRANSPORTER,Private,ICE,Diesel,SKL,REST,Standard,TRANSPORTER,34
2025,11,VOLKSWAGEN,TRANSPORTER,RAC,ICE,Diesel,SKL,REST,Standard,TRANSPORTER,18
2025,11,VOLKSWAGEN VW,,Private,ICE,Gasolina,,,,,1
2025,11,VOLQUE Y CARROC GALICIA,,Corporate,ICE,Diesel,,,,,2
2025,11,VOLQUETES DEL SUR,,Corporate,ICE,Diesel,,,,,3
2025,11,VOLQUETES GONZALVEZ,,RAC,ICE,Diesel,,,,,2
2025,11,VOLTEGO,,Corporate,ICE,Diesel,,,,,2
2025,11,VOLVO,,Corporate,BEV,Electrico,,,,,20
2025,11,VOLVO,,Corporate,ICE,Diesel,,,,,1
2025,11,VOLVO,,Private,BEV,Electrico,,,,,14
2025,11,VOLVO,C40,Corporate,BEV,Electrico,UKL2,FOCUS SEGMENT,Standard,SAV,1
2025,11,VOLVO,EX30,Corporate,BEV,Electrico,UKL1,FOCUS SEGMENT,Standard,SAV,33
2025,11,VOLVO,EX30,Private,BEV,Electrico,UKL1,FOCUS SEGMENT,Standard,SAV,101
2025,11,VOLVO,V60,Corporate,ICE,Diesel Mild Hybrid,KKL,FOCUS SEGMENT,Standard,ESTATE,11
2025,11,VOLVO,V60,Corporate,PHEV,Diesel Mild Hybrid,KKL,FOCUS SEGMENT,Standard,ESTATE,19
2025,11,VOLVO,V60,Private,ICE,Diesel Mild Hybrid,KKL,FOCUS SEGMENT,Standard,ESTATE,3
2025,11,VOLVO,V60,Private,PHEV,Diesel Mild Hybrid,KKL,FOCUS SEGMENT,Standard,ESTATE,2
2025,11,VOLVO,V90,Corporate,ICE,Diesel Mild Hybrid,MKL,FOCUS SEGMENT,Standard,ESTATE,1
2025,11,VOLVO,V90,Corporate,PHEV,Diesel Mild Hybrid,MKL,FOCUS SEGMENT,Standard,ESTATE,1
2025,11,VOLVO,V90,Private,PHEV,Diesel Mild Hybrid,MKL,FOCUS SEGMENT,Standard,ESTATE,1
2025,11,VOLVO,XC40,Corporate,ICE,Electrico,UKL2,FOCUS SEGMENT,Standard,SAV,620
2025,11,VOLVO,XC40,Private,ICE,Electrico,UKL2,FOCUS SEGMENT,Standard,SAV,194
2025,11,VOLVO,XC60,Corporate,ICE,Diesel Mild Hybrid,KKL,FOCUS SEGMENT,Standard,SAV,120
2025,11,VOLVO,XC60,Corporate,PHEV,Diesel Mild Hybrid,KKL,FOCUS SEGMENT,Standard,SAV,65
2025,11,VOLVO,XC60,Private,ICE,Diesel Mild Hybrid,KKL,FOCUS SEGMENT,Standard,SAV,138
2025,11,VOLVO,XC60,Private,PHEV,Diesel Mild Hybrid,KKL,FOCUS SEGMENT,Standard,SAV,15
2025,11,VOLVO,XC60,RAC,ICE,Diesel Mild Hybrid,KKL,FOCUS SEGMENT,Standard,SAV,2
2025,11,VOLVO,XC90,Corporate,ICE,Diesel Mild Hybrid,MKL,FOCUS SEGMENT,Standard,SAV,32
2025,11,VOLVO,XC90,Corporate,PHEV,Diesel Mild Hybrid,MKL,FOCUS SEGMENT,Standard,SAV,39
2025,11,VOLVO,XC90,Private,ICE,Diesel Mild Hybrid,MKL,FOCUS SEGMENT,Standard,SAV,8
2025,11,VOLVO,XC90,Private,PHEV,Diesel Mild Hybrid,MKL,FOCUS SEGMENT,Standard,SAV,7
2025,11,VOLVO,XC90,RAC,ICE,Diesel Mild Hybrid,MKL,FOCUS SEGMENT,Standard,SAV,2
2025,11,VOLVO,XC90,RAC,PHEV,Diesel Mild Hybrid,MKL,FOCUS SEGMENT,Standard,SAV,1
2025,11,VOYAH,FREE,Corporate,BEV,Electrico,KKL,REST,Standard,SAV,2
2025,11,VSVE,,Corporate,ICE,Diesel,,,,,12
2025,11,WEINSBERG,,Private,ICE,Diesel,,,,,6
2025,11,WEINSBERG,,RAC,ICE,Diesel,,,,,1
2025,11,WESTFALIA,,Private,ICE,Diesel,,,,,1
2025,11,WXEVERBRIGHT,,Corporate,BEV,Electrico,,,,,2
2025,11,XPENG,,Corporate,BEV,Electrico,,,,,12
2025,11,XPENG,,Private,BEV,Electrico,,,,,19
2025,11,YAGUE,,Corporate,BEV,Electrico,,,,,1
2025,11,YAGUE,,Corporate,ICE,Diesel,,,,,3
2025,11,YAGUE,,Corporate,ICE,Gas Licuado con petroleo (GLP),,,,,1
2025,11,YOLDI,,Corporate,ICE,Diesel,,,,,1
2025,11,YUTONG,,Corporate,BEV,Electrico,,,,,14
2025,11,YUTONG,,RAC,BEV,Electrico,,,,,28
2025,11,ZAGO AUTOMOTIVE,,Corporate,ICE,Diesel,,,,,3
2025,11,ZAGO AUTOMOTIVE,,Corporate,ICE,Gas Licuado con petroleo (GLP),,,,,17
2025,11,ZAGO AUTOMOTIVE,,Corporate,ICE,Gasolina,,,,,18
