anyo,mes,marca,modelo,canal,fuel_type,fuel,segmento,subseg,hp,body_type,count
2026,06,212,,Corporate,ICE,Diesel,,,,,12
2026,06,212,,Corporate,ICE,Gasolina,,,,,6
2026,06,212,,Private,ICE,Diesel,,,,,5
2026,06,212,,Private,ICE,Gasolina,,,,,9
2026,06,3 CARROCEROS,,Corporate,ICE,Diesel,,,,,22
2026,06,3 CARROCEROS,,Private,ICE,Diesel,,,,,1
2026,06,3 CARROCEROS,,RAC,ICE,Diesel,,,,,1
2026,06,A.A. AIRBUS,,Corporate,ICE,Diesel,,,,,49
2026,06,A.A. AIRBUS,,RAC,ICE,Diesel,,,,,6
2026,06,ABARTH,500,Private,BEV,Electrico,UKL0,REST,Standard,HACH 3P,2
2026,06,ADRIA,,Corporate,ICE,Diesel,,,,,2
2026,06,ADRIA,,Private,ICE,Diesel,,,,,42
2026,06,ADRIA,,RAC,ICE,Diesel,,,,,4
2026,06,AGUINAGA,,Corporate,ICE,Diesel,,,,,1
2026,06,AION,,Corporate,BEV,Electrico,,,,,15
2026,06,ALFA ROMEO,GIULIA,Corporate,ICE,Diesel,KKL,REST,Standard,SEDAN,3
2026,06,ALFA ROMEO,JUNIOR,Corporate,BEV,Electrico,UKL1,REST,Standard,SAV,4
2026,06,ALFA ROMEO,JUNIOR,Corporate,ICE,Electrico,UKL1,REST,Standard,SAV,104
2026,06,ALFA ROMEO,JUNIOR,Private,BEV,Electrico,UKL1,REST,Standard,SAV,1
2026,06,ALFA ROMEO,JUNIOR,Private,ICE,Electrico,UKL1,REST,Standard,SAV,12
2026,06,ALFA ROMEO,JUNIOR,RAC,ICE,Electrico,UKL1,REST,Standard,SAV,66
2026,06,ALFA ROMEO,STELVIO,Corporate,ICE,Diesel,KKL,REST,Standard,SAV,18
2026,06,ALFA ROMEO,STELVIO,Private,ICE,Diesel,KKL,REST,Standard,SAV,1
2026,06,ALFA ROMEO,TONALE,Corporate,ICE,Diesel,UKL2,REST,Standard,SAV,27
2026,06,ALFA ROMEO,TONALE,Corporate,PHEV,Diesel,UKL2,REST,Standard,SAV,1
2026,06,ALFA ROMEO,TONALE,Private,ICE,Diesel,UKL2,REST,Standard,SAV,7
2026,06,ALLIED VEHICLES LTD,,Corporate,ICE,Diesel,,,,,4
2026,06,ALLIED VEHICLES LTD,,Private,ICE,Diesel,,,,,5
2026,06,ALLIED VEHICLES LTD,,Private,ICE,Gasolina,,,,,2
2026,06,ALMANSA,,Corporate,ICE,Diesel,,,,,1
2026,06,ALONSO,,Corporate,ICE,Diesel,,,,,1
2026,06,ALPINE,,Corporate,BEV,Electrico,,,,,15
2026,06,ALPINE,,Private,BEV,Electrico,,,,,61
2026,06,ALPINE,,Private,ICE,Gasolina,,,,,3
2026,06,ALPINE,,RAC,BEV,Electrico,,,,,5
2026,06,ALQUIBER QUALITY,,Corporate,ICE,Diesel,,,,,36
2026,06,ALTAS AUTO,,Corporate,ICE,Diesel,,,,,1
2026,06,AMELINE,,Corporate,ICE,Diesel,,,,,6
2026,06,AMELINE,,RAC,ICE,Diesel,,,,,1
2026,06,ANGEL BRUGUERA FONT,,Corporate,ICE,Diesel,,,,,1
2026,06,ANTOLI,,Corporate,ICE,Diesel,,,,,1
2026,06,ARB ARBUCIES,,Corporate,ICE,Diesel,,,,,1
2026,06,ARES,,Corporate,BEV,Electrico,,,,,5
2026,06,ASTON MARTIN,,Private,ICE,Gasolina,,,,,1
2026,06,ASTON MARTIN,DB12,Corporate,ICE,Gasolina,GKL+,FOCUS SEGMENT,Standard,CABRIO,2
2026,06,ASTON MARTIN,DB12,Private,ICE,Gasolina,GKL+,FOCUS SEGMENT,Standard,CABRIO,2
2026,06,ASTON MARTIN,VANTAGE,Corporate,ICE,Gasolina,GKL,FOCUS SEGMENT,Standard,COUPE,1
2026,06,ATALAYA,,RAC,ICE,Diesel,,,,,2
2026,06,AUDI,,Corporate,BEV,Electrico,,,,,2
2026,06,AUDI,,Corporate,ICE,Gasolina,,,,,1
2026,06,AUDI,,Private,BEV,Electrico,,,,,3
2026,06,AUDI,,Private,ICE,Gasolina,,,,,1
2026,06,AUDI,A1,Corporate,ICE,Gasolina,UKL1,FOCUS SEGMENT,Standard,HACH 5P,353
2026,06,AUDI,A1,Private,ICE,Gasolina,UKL1,FOCUS SEGMENT,Standard,HACH 5P,197
2026,06,AUDI,A1,RAC,ICE,Gasolina,UKL1,FOCUS SEGMENT,Standard,HACH 5P,334
2026,06,AUDI,A3,Corporate,ICE,Diesel,UKL2,FOCUS SEGMENT,Standard,HACH 5P,259
2026,06,AUDI,A3,Corporate,PHEV,Diesel,UKL2,FOCUS SEGMENT,Standard,HACH 5P,47
2026,06,AUDI,A3,Private,ICE,Diesel,UKL2,FOCUS SEGMENT,Standard,HACH 5P,93
2026,06,AUDI,A3,Private,PHEV,Diesel,UKL2,FOCUS SEGMENT,Standard,HACH 5P,53
2026,06,AUDI,A3,RAC,ICE,Diesel,UKL2,FOCUS SEGMENT,Standard,HACH 5P,193
2026,06,AUDI,A3,RAC,PHEV,Diesel,UKL2,FOCUS SEGMENT,Standard,HACH 5P,169
2026,06,AUDI,A5,Corporate,ICE,Diesel,KKL,FOCUS SEGMENT,Standard,SEDAN,52
2026,06,AUDI,A5,Corporate,PHEV,Diesel,KKL,FOCUS SEGMENT,Standard,SEDAN,51
2026,06,AUDI,A5,Private,ICE,Diesel,KKL,FOCUS SEGMENT,Standard,SEDAN,35
2026,06,AUDI,A5,Private,PHEV,Diesel,KKL,FOCUS SEGMENT,Standard,SEDAN,18
2026,06,AUDI,A5,RAC,ICE,Diesel,KKL,FOCUS SEGMENT,Standard,SEDAN,13
2026,06,AUDI,A5,RAC,PHEV,Diesel,KKL,FOCUS SEGMENT,Standard,SEDAN,165
2026,06,AUDI,A6,Corporate,BEV,Diesel Mild Hybrid,MKL,FOCUS SEGMENT,Standard,ESTATE,12
2026,06,AUDI,A6,Corporate,ICE,Diesel Mild Hybrid,MKL,FOCUS SEGMENT,Standard,ESTATE,13
2026,06,AUDI,A6,Corporate,PHEV,Diesel Mild Hybrid,MKL,FOCUS SEGMENT,Standard,ESTATE,19
2026,06,AUDI,A6,Private,BEV,Diesel Mild Hybrid,MKL,FOCUS SEGMENT,Standard,ESTATE,1
2026,06,AUDI,A6,Private,ICE,Diesel Mild Hybrid,MKL,FOCUS SEGMENT,Standard,ESTATE,8
2026,06,AUDI,A6,Private,PHEV,Diesel Mild Hybrid,MKL,FOCUS SEGMENT,Standard,ESTATE,6
2026,06,AUDI,A6,RAC,BEV,Diesel Mild Hybrid,MKL,FOCUS SEGMENT,Standard,ESTATE,38
2026,06,AUDI,A6,RAC,ICE,Diesel Mild Hybrid,MKL,FOCUS SEGMENT,Standard,ESTATE,5
2026,06,AUDI,A6,RAC,PHEV,Diesel Mild Hybrid,MKL,FOCUS SEGMENT,Standard,ESTATE,32
2026,06,AUDI,A8,Corporate,PHEV,Diesel Mild Hybrid,GKL,FOCUS SEGMENT,Standard,SEDAN,1
2026,06,AUDI,Q2,Corporate,ICE,Diesel,UKL2,FOCUS SEGMENT,Standard,SAV,127
2026,06,AUDI,Q2,Private,ICE,Diesel,UKL2,FOCUS SEGMENT,Standard,SAV,195
2026,06,AUDI,Q2,RAC,ICE,Diesel,UKL2,FOCUS SEGMENT,Standard,SAV,116
2026,06,AUDI,Q3,Corporate,ICE,Diesel,UKL2,FOCUS SEGMENT,Standard,SAV,71
2026,06,AUDI,Q3,Corporate,PHEV,Diesel,UKL2,FOCUS SEGMENT,Standard,SAV,135
2026,06,AUDI,Q3,Private,ICE,Diesel,UKL2,FOCUS SEGMENT,Standard,SAV,41
2026,06,AUDI,Q3,Private,PHEV,Diesel,UKL2,FOCUS SEGMENT,Standard,SAV,108
2026,06,AUDI,Q3,RAC,ICE,Diesel,UKL2,FOCUS SEGMENT,Standard,SAV,2
2026,06,AUDI,Q3,RAC,PHEV,Diesel,UKL2,FOCUS SEGMENT,Standard,SAV,3
2026,06,AUDI,Q3 SPORTBACK,Corporate,ICE,Diesel,UKL2,FOCUS SEGMENT,Standard,SAV,120
2026,06,AUDI,Q3 SPORTBACK,Private,ICE,Diesel,UKL2,FOCUS SEGMENT,Standard,SAV,67
2026,06,AUDI,Q4 E-TRON,Corporate,BEV,Electrico,UKL2,FOCUS SEGMENT,Standard,SAV,18
2026,06,AUDI,Q4 E-TRON,Private,BEV,Electrico,UKL2,FOCUS SEGMENT,Standard,SAV,33
2026,06,AUDI,Q4 SPORTBACK E-TRON,Corporate,BEV,Electrico,UKL2,FOCUS SEGMENT,Standard,SAV,18
2026,06,AUDI,Q4 SPORTBACK E-TRON,Private,BEV,Electrico,UKL2,FOCUS SEGMENT,Standard,SAV,62
2026,06,AUDI,Q5,Corporate,ICE,Diesel Mild Hybrid,KKL,FOCUS SEGMENT,Standard,SAV,244
2026,06,AUDI,Q5,Corporate,PHEV,Diesel Mild Hybrid,KKL,FOCUS SEGMENT,Standard,SAV,195
2026,06,AUDI,Q5,Private,ICE,Diesel Mild Hybrid,KKL,FOCUS SEGMENT,Standard,SAV,86
2026,06,AUDI,Q5,Private,PHEV,Diesel Mild Hybrid,KKL,FOCUS SEGMENT,Standard,SAV,73
2026,06,AUDI,Q5,RAC,ICE,Diesel Mild Hybrid,KKL,FOCUS SEGMENT,Standard,SAV,7
2026,06,AUDI,Q5,RAC,PHEV,Diesel Mild Hybrid,KKL,FOCUS SEGMENT,Standard,SAV,8
2026,06,AUDI,Q6 E-TRON,Corporate,BEV,Electrico,KKL,FOCUS SEGMENT,Standard,SAV,24
2026,06,AUDI,Q6 E-TRON,Private,BEV,Electrico,KKL,FOCUS SEGMENT,Standard,SAV,9
2026,06,AUDI,Q7,Corporate,ICE,Diesel Mild Hybrid,MKL,FOCUS SEGMENT,Standard,SAV,12
2026,06,AUDI,Q7,Private,ICE,Diesel Mild Hybrid,MKL,FOCUS SEGMENT,Standard,SAV,7
2026,06,AUDI,Q8,Corporate,ICE,Diesel Mild Hybrid,MKL,FOCUS SEGMENT,Standard,SAV,12
2026,06,AUDI,Q8,Corporate,PHEV,Diesel Mild Hybrid,MKL,FOCUS SEGMENT,Standard,SAV,17
2026,06,AUDI,Q8,Private,ICE,Diesel Mild Hybrid,MKL,FOCUS SEGMENT,Standard,SAV,2
2026,06,AUDI,Q8,Private,PHEV,Diesel Mild Hybrid,MKL,FOCUS SEGMENT,Standard,SAV,3
2026,06,AUDI,Q8,RAC,ICE,Diesel Mild Hybrid,MKL,FOCUS SEGMENT,Standard,SAV,26
2026,06,AUTOBALERMA,,Corporate,ICE,Diesel,,,,,2
2026,06,AUTOMOBILI LAMBORGHINI S.P.A.,,Corporate,PHEV,Gasolina/Electrico Enchufable,,,,,4
2026,06,AUTOMOBILI LAMBORGHINI S.P.A.,,Private,PHEV,Gasolina/Electrico Enchufable,,,,,9
2026,06,AUTOMOBILI LAMBORGHINI S.P.A.,,RAC,PHEV,Gasolina/Electrico Enchufable,,,,,1
2026,06,AYATS,,Corporate,ICE,Diesel,,,,,1
2026,06,BAHIA V.I.,,Corporate,ICE,Diesel,,,,,2
2026,06,BAHIA V.I.,,RAC,ICE,Diesel,,,,,1
2026,06,BAIC,,Corporate,ICE,Gasolina,,,,,2
2026,06,BAIC,,Private,ICE,Gasolina,,,,,1
2026,06,BAIC,X55,Corporate,ICE,Gasolina,UKL2,REST,Standard,SAV,3
2026,06,BAIC,X55,Private,ICE,Gasolina,UKL2,REST,Standard,SAV,2
2026,06,BAIC,X55,RAC,ICE,Gasolina,UKL2,REST,Standard,SAV,2
2026,06,BALEAR DE CARROSSERIES,,Corporate,ICE,Diesel,,,,,3
2026,06,BALLESTAS REUS,,Corporate,ICE,Diesel,,,,,4
2026,06,BAOJUN,,Corporate,PHEV,Gasolina/Electrico Enchufable,,,,,3
2026,06,BAOJUN,,Private,BEV,Electrico,,,,,1
2026,06,BAOJUN,,Private,PHEV,Gasolina/Electrico Enchufable,,,,,5
2026,06,BARBANY,,Corporate,ICE,Diesel,,,,,8
2026,06,BARBANY,,Private,ICE,Diesel,,,,,1
2026,06,BARBANY,,RAC,ICE,Diesel,,,,,1
2026,06,BASREAL,,Corporate,ICE,Diesel,,,,,1
2026,06,BAYCAR,,Corporate,ICE,Diesel,,,,,1
2026,06,BEMAR,,Corporate,ICE,Diesel,,,,,2
2026,06,BEMAR,,Private,ICE,Diesel,,,,,1
2026,06,BENIMAR,,Corporate,ICE,Diesel,,,,,10
2026,06,BENIMAR,,Private,ICE,Diesel,,,,,73
2026,06,BENIMAR,,Private,ICE,Gasolina,,,,,1
2026,06,BENIMAR,,RAC,ICE,Diesel,,,,,25
2026,06,BENTLEY,BENTAYGA,Private,PHEV,Gasolina,GKL+,FOCUS SEGMENT,Standard,SAV,1
2026,06,BENTLEY,CONTINENTAL,Corporate,PHEV,Gasolina,GKL+,FOCUS SEGMENT,Standard,COUPE,2
2026,06,BENTLEY,CONTINENTAL,Private,PHEV,Gasolina,GKL+,FOCUS SEGMENT,Standard,COUPE,3
2026,06,BENTU,,RAC,BEV,Electrico,,,,,18
2026,06,BERGADA,,Private,ICE,Diesel,,,,,1
2026,06,BERGADANA,,Corporate,ICE,Diesel,,,,,1
2026,06,BERGADANA,,Private,ICE,Diesel,,,,,2
2026,06,BMW,,Corporate,ICE,Gasolina,,,,,1
2026,06,BMW,,Private,ICE,Gasolina,,,,,2
2026,06,BMW,I4,Corporate,BEV,Electrico,KKL,FOCUS SEGMENT,Standard,SEDAN,31
2026,06,BMW,I4,Private,BEV,Electrico,KKL,FOCUS SEGMENT,Standard,SEDAN,9
2026,06,BMW,I4,RAC,BEV,Electrico,KKL,FOCUS SEGMENT,Standard,SEDAN,28
2026,06,BMW,I5,Corporate,BEV,Electrico,MKL,FOCUS SEGMENT,Standard,SEDAN,9
2026,06,BMW,I5,Private,BEV,Electrico,MKL,FOCUS SEGMENT,Standard,SEDAN,1
2026,06,BMW,I5,RAC,BEV,Electrico,MKL,FOCUS SEGMENT,Standard,SEDAN,5
2026,06,BMW,I7,Private,BEV,Electrico,GKL,FOCUS SEGMENT,Standard,SEDAN,1
2026,06,BMW,IX,Corporate,BEV,Electrico,MKL,FOCUS SEGMENT,Standard,SAV,13
2026,06,BMW,IX,Private,BEV,Electrico,MKL,FOCUS SEGMENT,Standard,SAV,1
2026,06,BMW,IX,RAC,BEV,Electrico,MKL,FOCUS SEGMENT,Standard,SAV,3
2026,06,BMW,IX1,Corporate,BEV,Electrico,UKL2,FOCUS SEGMENT,Standard,SAV,94
2026,06,BMW,IX1,Private,BEV,Electrico,UKL2,FOCUS SEGMENT,Standard,SAV,92
2026,06,BMW,IX1,RAC,BEV,Electrico,UKL2,FOCUS SEGMENT,Standard,SAV,34
2026,06,BMW,IX2,Corporate,BEV,Electrico,UKL2,FOCUS SEGMENT,Standard,SAV,60
2026,06,BMW,IX2,Private,BEV,Electrico,UKL2,FOCUS SEGMENT,Standard,SAV,56
2026,06,BMW,IX2,RAC,BEV,Electrico,UKL2,FOCUS SEGMENT,Standard,SAV,32
2026,06,BMW,IX3,Corporate,BEV,Electrico,KKL,FOCUS SEGMENT,Standard,SAV,121
2026,06,BMW,IX3,Private,BEV,Electrico,KKL,FOCUS SEGMENT,Standard,SAV,60
2026,06,BMW,IX3,RAC,BEV,Electrico,KKL,FOCUS SEGMENT,Standard,SAV,10
2026,06,BMW,SERIE 1,Corporate,ICE,Diesel,UKL2,FOCUS SEGMENT,Standard,HACH 5P,122
2026,06,BMW,SERIE 1,Private,ICE,Diesel,UKL2,FOCUS SEGMENT,Standard,HACH 5P,77
2026,06,BMW,SERIE 1,RAC,ICE,Diesel,UKL2,FOCUS SEGMENT,Standard,HACH 5P,152
2026,06,BMW,SERIE 2,Corporate,ICE,Diesel,UKL2,FOCUS SEGMENT,Standard,SEDAN,95
2026,06,BMW,SERIE 2,Corporate,PHEV,Diesel,UKL2,FOCUS SEGMENT,Standard,SEDAN,8
2026,06,BMW,SERIE 2,Private,ICE,Diesel,UKL2,FOCUS SEGMENT,Standard,SEDAN,63
2026,06,BMW,SERIE 2,Private,PHEV,Diesel,UKL2,FOCUS SEGMENT,Standard,SEDAN,2
2026,06,BMW,SERIE 2,RAC,ICE,Diesel,UKL2,FOCUS SEGMENT,Standard,SEDAN,49
2026,06,BMW,SERIE 3,Corporate,ICE,Diesel,KKL,FOCUS SEGMENT,Standard,ESTATE,111
2026,06,BMW,SERIE 3,Corporate,PHEV,Diesel,KKL,FOCUS SEGMENT,Standard,ESTATE,26
2026,06,BMW,SERIE 3,Private,ICE,Diesel,KKL,FOCUS SEGMENT,Standard,ESTATE,64
2026,06,BMW,SERIE 3,Private,PHEV,Diesel,KKL,FOCUS SEGMENT,Standard,ESTATE,13
2026,06,BMW,SERIE 3,RAC,ICE,Diesel,KKL,FOCUS SEGMENT,Standard,ESTATE,34
2026,06,BMW,SERIE 3,RAC,PHEV,Diesel,KKL,FOCUS SEGMENT,Standard,ESTATE,31
2026,06,BMW,SERIE 4,Corporate,ICE,Diesel Mild Hybrid,KKL,FOCUS SEGMENT,Standard,SEDAN,53
2026,06,BMW,SERIE 4,Private,ICE,Diesel Mild Hybrid,KKL,FOCUS SEGMENT,Standard,SEDAN,53
2026,06,BMW,SERIE 4,RAC,ICE,Diesel Mild Hybrid,KKL,FOCUS SEGMENT,Standard,SEDAN,61
2026,06,BMW,SERIE 5,Corporate,ICE,Diesel Mild Hybrid,MKL,FOCUS SEGMENT,Standard,SEDAN,42
2026,06,BMW,SERIE 5,Corporate,PHEV,Diesel Mild Hybrid,MKL,FOCUS SEGMENT,Standard,SEDAN,19
2026,06,BMW,SERIE 5,Private,ICE,Diesel Mild Hybrid,MKL,FOCUS SEGMENT,Standard,SEDAN,5
2026,06,BMW,SERIE 5,Private,PHEV,Diesel Mild Hybrid,MKL,FOCUS SEGMENT,Standard,SEDAN,4
2026,06,BMW,SERIE 5,RAC,ICE,Diesel Mild Hybrid,MKL,FOCUS SEGMENT,Standard,SEDAN,44
2026,06,BMW,SERIE 5,RAC,PHEV,Diesel Mild Hybrid,MKL,FOCUS SEGMENT,Standard,SEDAN,12
2026,06,BMW,SERIE 7,Corporate,ICE,Diesel Mild Hybrid,GKL,FOCUS SEGMENT,Standard,SEDAN,2
2026,06,BMW,SERIE 7,Corporate,PHEV,Diesel Mild Hybrid,GKL,FOCUS SEGMENT,Standard,SEDAN,2
2026,06,BMW,SERIE 7,RAC,ICE,Diesel Mild Hybrid,GKL,FOCUS SEGMENT,Standard,SEDAN,14
2026,06,BMW,X1,Corporate,ICE,Diesel,UKL2,FOCUS SEGMENT,Standard,SAV,552
2026,06,BMW,X1,Corporate,PHEV,Diesel,UKL2,FOCUS SEGMENT,Standard,SAV,236
2026,06,BMW,X1,Private,ICE,Diesel,UKL2,FOCUS SEGMENT,Standard,SAV,158
2026,06,BMW,X1,Private,PHEV,Diesel,UKL2,FOCUS SEGMENT,Standard,SAV,62
2026,06,BMW,X1,RAC,ICE,Diesel,UKL2,FOCUS SEGMENT,Standard,SAV,184
2026,06,BMW,X1,RAC,PHEV,Diesel,UKL2,FOCUS SEGMENT,Standard,SAV,311
2026,06,BMW,X2,Corporate,ICE,Diesel,UKL2,FOCUS SEGMENT,Standard,SAV,752
2026,06,BMW,X2,Private,ICE,Diesel,UKL2,FOCUS SEGMENT,Standard,SAV,88
2026,06,BMW,X2,RAC,ICE,Diesel,UKL2,FOCUS SEGMENT,Standard,SAV,382
2026,06,BMW,X3,Corporate,ICE,Diesel Mild Hybrid,KKL,FOCUS SEGMENT,Standard,SAV,328
2026,06,BMW,X3,Corporate,PHEV,Diesel Mild Hybrid,KKL,FOCUS SEGMENT,Standard,SAV,168
2026,06,BMW,X3,Private,ICE,Diesel Mild Hybrid,KKL,FOCUS SEGMENT,Standard,SAV,103
2026,06,BMW,X3,Private,PHEV,Diesel Mild Hybrid,KKL,FOCUS SEGMENT,Standard,SAV,36
2026,06,BMW,X3,RAC,ICE,Diesel Mild Hybrid,KKL,FOCUS SEGMENT,Standard,SAV,34
2026,06,BMW,X3,RAC,PHEV,Diesel Mild Hybrid,KKL,FOCUS SEGMENT,Standard,SAV,47
2026,06,BMW,X4,Corporate,ICE,Diesel Mild Hybrid,KKL,FOCUS SEGMENT,Standard,SAV,5
2026,06,BMW,X4,Private,ICE,Diesel Mild Hybrid,KKL,FOCUS SEGMENT,Standard,SAV,5
2026,06,BMW,X5,Corporate,ICE,Diesel,MKL,FOCUS SEGMENT,Standard,SAV,50
2026,06,BMW,X5,Corporate,PHEV,Diesel,MKL,FOCUS SEGMENT,Standard,SAV,37
2026,06,BMW,X5,Private,ICE,Diesel,MKL,FOCUS SEGMENT,Standard,SAV,13
2026,06,BMW,X5,Private,PHEV,Diesel,MKL,FOCUS SEGMENT,Standard,SAV,8
2026,06,BMW,X5,RAC,ICE,Diesel,MKL,FOCUS SEGMENT,Standard,SAV,47
2026,06,BMW,X5,RAC,PHEV,Diesel,MKL,FOCUS SEGMENT,Standard,SAV,8
2026,06,BMW,X6,Corporate,ICE,Diesel Mild Hybrid,MKL,FOCUS SEGMENT,Standard,SAV,44
2026,06,BMW,X6,Private,ICE,Diesel Mild Hybrid,MKL,FOCUS SEGMENT,Standard,SAV,19
2026,06,BMW,X6,RAC,ICE,Diesel Mild Hybrid,MKL,FOCUS SEGMENT,Standard,SAV,19
2026,06,BMW,X7,Corporate,ICE,Diesel Mild Hybrid,GKL,FOCUS SEGMENT,Standard,SAV,27
2026,06,BMW,X7,Private,ICE,Diesel Mild Hybrid,GKL,FOCUS SEGMENT,Standard,SAV,2
2026,06,BMW,X7,RAC,ICE,Diesel Mild Hybrid,GKL,FOCUS SEGMENT,Standard,SAV,24
2026,06,BMW,XM,Corporate,PHEV,Gasolina/Electrico Enchufable,GKL,FOCUS SEGMENT,M,SAV,34
2026,06,BMW,XM,Private,PHEV,Gasolina/Electrico Enchufable,GKL,FOCUS SEGMENT,M,SAV,5
2026,06,BMW,XM,RAC,PHEV,Gasolina/Electrico Enchufable,GKL,FOCUS SEGMENT,M,SAV,6
2026,06,BMW,Z4,Corporate,ICE,Gasolina,KKL,FOCUS SEGMENT,Standard,ROADSTER,1
2026,06,BMW,Z4,Private,ICE,Gasolina,KKL,FOCUS SEGMENT,Standard,ROADSTER,1
2026,06,BOMBARDIER,,Private,ICE,Gasolina,,,,,2
2026,06,BOMBARDIER REC PROD INC,,Corporate,ICE,Gasolina,,,,,1
2026,06,BRP,,Corporate,ICE,Gasolina,,,,,10
2026,06,BRP,,Private,ICE,Gasolina,,,,,5
2026,06,BUCHER,,Corporate,ICE,Diesel,,,,,2
2026,06,BURSTNER GMBH,,Private,ICE,Diesel,,,,,1
2026,06,BYD,,Corporate,BEV,Electrico,,,,,16
2026,06,BYD,,Corporate,PHEV,Gasolina/Electrico Enchufable,,,,,141
2026,06,BYD,,Private,BEV,Electrico,,,,,276
2026,06,BYD,,Private,PHEV,Gasolina/Electrico Enchufable,,,,,440
2026,06,BYD,,RAC,PHEV,Gasolina/Electrico Enchufable,,,,,900
2026,06,BYD,ATTO 3,Corporate,BEV,Electrico,UKL2,REST,Standard,SAV,17
2026,06,BYD,ATTO 3,Private,BEV,Electrico,UKL2,REST,Standard,SAV,171
2026,06,BYD,DOLPHIN,Corporate,BEV,Electrico,UKL1,REST,Standard,HACH 5P,57
2026,06,BYD,DOLPHIN,Corporate,PHEV,Electrico,UKL1,REST,Standard,HACH 5P,29
2026,06,BYD,DOLPHIN,Private,BEV,Electrico,UKL1,REST,Standard,HACH 5P,398
2026,06,BYD,DOLPHIN,Private,PHEV,Electrico,UKL1,REST,Standard,HACH 5P,7
2026,06,BYD,SEAL,Corporate,BEV,Electrico,KKL,REST,Standard,SEDAN,27
2026,06,BYD,SEAL,Corporate,PHEV,Electrico,KKL,REST,Standard,SEDAN,17
2026,06,BYD,SEAL,Private,BEV,Electrico,KKL,REST,Standard,SEDAN,37
2026,06,BYD,SEAL,Private,PHEV,Electrico,KKL,REST,Standard,SEDAN,44
2026,06,BYD,SEAL U,Corporate,BEV,Electrico,KKL,REST,Standard,SAV,23
2026,06,BYD,SEAL U,Corporate,PHEV,Electrico,KKL,REST,Standard,SAV,185
2026,06,BYD,SEAL U,Private,BEV,Electrico,KKL,REST,Standard,SAV,62
2026,06,BYD,SEAL U,Private,PHEV,Electrico,KKL,REST,Standard,SAV,540
2026,06,BYD,SEAL U,RAC,PHEV,Electrico,KKL,REST,Standard,SAV,200
2026,06,BYD,SEALION 7,Corporate,BEV,Electrico,UKL2,REST,Standard,SAV,34
2026,06,BYD,SEALION 7,Private,BEV,Electrico,UKL2,REST,Standard,SAV,87
2026,06,BYD,TANG,Corporate,BEV,Electrico,KKL,REST,Standard,SAV,6
2026,06,BYD,TANG,Private,BEV,Electrico,KKL,REST,Standard,SAV,1
2026,06,BÜRSTNER GMBH,,Private,ICE,Diesel,,,,,2
2026,06,C.I.,,Private,ICE,Diesel,,,,,3
2026,06,C.I.,,RAC,ICE,Diesel,,,,,1
2026,06,CADILLAC,ESCALADE,Corporate,ICE,Gasolina,GKL,FOCUS SEGMENT,Standard,SUV,1
2026,06,CAFRISE,,Corporate,ICE,Diesel,,,,,1
2026,06,CAFRISE,,Private,ICE,Diesel,,,,,1
2026,06,CAJISA,,RAC,ICE,Diesel,,,,,28
2026,06,CALVO,,Corporate,ICE,Diesel,,,,,1
2026,06,CAPRON,,Corporate,ICE,Diesel,,,,,3
2026,06,CAPRON,,Private,ICE,Diesel,,,,,35
2026,06,CAPRON,,RAC,ICE,Diesel,,,,,72
2026,06,CAPRON,,RAC,ICE,Gasolina,,,,,1
2026,06,CAPRON GMBH,,Private,ICE,Diesel,,,,,1
2026,06,CAR-BUS.NET,,Corporate,ICE,Diesel,,,,,1
2026,06,CARR. AITOR,,Corporate,ICE,Diesel,,,,,1
2026,06,CARRALSER,,Corporate,ICE,Diesel,,,,,3
2026,06,"CARROCERA CASTROSUA, S.A.",,Corporate,ICE,Gas natural comprimido (GNC),,,,,10
2026,06,CARROCERIAS CITY,,Corporate,ICE,Diesel,,,,,1
2026,06,CARROCERIAS CITY,,RAC,ICE,Diesel,,,,,1
2026,06,CARROCERIAS CONRADO,,Corporate,ICE,Diesel,,,,,1
2026,06,CARROCERIAS CREVILLENTE,,Corporate,ICE,Diesel,,,,,1
2026,06,CARROCERIAS CREVILLENTE,,RAC,ICE,Diesel,,,,,12
2026,06,CARROCERIAS DAFER,,Corporate,ICE,Diesel,,,,,2
2026,06,CARROCERIAS DEL VALLE,,Corporate,ICE,Diesel,,,,,2
2026,06,CARROCERIAS EL GALLO,,Corporate,ICE,Diesel,,,,,10
2026,06,CARROCERIAS FRIGOASTUR,,RAC,ICE,Diesel,,,,,1
2026,06,CARROCERIAS FRIGORIFICAS SEVIL,,Corporate,BEV,Electrico,,,,,1
2026,06,CARROCERIAS FRIGORIFICAS SEVIL,,Corporate,ICE,Diesel,,,,,8
2026,06,CARROCERIAS FRIGORIFICAS SEVIL,,Private,ICE,Diesel,,,,,1
2026,06,CARROCERIAS FRIGORIFICAS SEVIL,,RAC,ICE,Diesel,,,,,6
2026,06,CARROCERIAS JANKAR,,Corporate,ICE,Diesel,,,,,3
2026,06,CARROCERIAS JANKAR,,Private,ICE,Diesel,,,,,1
2026,06,CARROCERIAS JEREZ,,Corporate,ICE,Diesel,,,,,4
2026,06,CARROCERIAS MINDA,,Corporate,ICE,Diesel,,,,,6
2026,06,CARROCERIAS MR,,Corporate,ICE,Diesel,,,,,1
2026,06,CARROCERIAS PUERTO,,Corporate,ICE,Diesel,,,,,2
2026,06,CARROCERIAS SANCA,,Corporate,ICE,Diesel,,,,,5
2026,06,CARROCERIAS SANCA SA,,Corporate,ICE,Diesel,,,,,5
2026,06,CARROCERIAS SANCA SA,,Private,ICE,Diesel,,,,,1
2026,06,CARROCERIAS SANCA SA,,RAC,ICE,Diesel,,,,,3
2026,06,"CARROCERIAS SANCA, S.A.",,Corporate,ICE,Diesel,,,,,20
2026,06,"CARROCERIAS SANCA, S.A.",,Private,ICE,Diesel,,,,,3
2026,06,"CARROCERIAS SANCA, S.A.",,RAC,ICE,Diesel,,,,,2
2026,06,CARROCERIAS SEVILLA,,Corporate,BEV,Electrico,,,,,2
2026,06,CARROCERIAS SEVILLA,,Corporate,ICE,Diesel,,,,,39
2026,06,CARROCERIAS SEVILLA,,RAC,ICE,Diesel,,,,,2
2026,06,CARROCERIAS YECLA,,Corporate,ICE,Diesel,,,,,1
2026,06,CARROSSERIES TOLOSA,,Corporate,ICE,Diesel,,,,,1
2026,06,CARROZADOS TECAI,,Corporate,ICE,Diesel,,,,,7
2026,06,CARROZADOS TECAI,,Private,ICE,Diesel,,,,,3
2026,06,CARROZADOS TECAI,,RAC,ICE,Diesel,,,,,2
2026,06,CARTHAGO,,Private,ICE,Diesel,,,,,1
2026,06,CASELANI,,Corporate,ICE,Diesel,,,,,1
2026,06,CATERHAM CARS LTD,,Corporate,ICE,Gasolina,,,,,2
2026,06,CAYVOL,,Corporate,ICE,Diesel,,,,,9
2026,06,CAYVOL,,Private,ICE,Diesel,,,,,1
2026,06,CELA,,Corporate,ICE,Diesel,,,,,2
2026,06,CENNTRO,LOGISTAR,Corporate,BEV,Electrico,SKL,REST,Standard,TRANSPORTER,2
2026,06,CERRAJERIA AURELIO,,Corporate,ICE,Diesel,,,,,2
2026,06,CF MOTO,,Corporate,ICE,Gasolina,,,,,1
2026,06,CF MOTO,,Private,ICE,Gasolina,,,,,5
2026,06,CFMOTO,,Corporate,BEV,Electrico,,,,,1
2026,06,CFMOTO,,Corporate,ICE,Gasolina,,,,,35
2026,06,CFMOTO,,Private,ICE,Gasolina,,,,,59
2026,06,CHALLENGER,,Corporate,ICE,Diesel,,,,,3
2026,06,CHALLENGER,,Private,ICE,Diesel,,,,,43
2026,06,CHALLENGER,,RAC,ICE,Diesel,,,,,1
2026,06,CHAPINSA,,Corporate,BEV,Electrico,,,,,1
2026,06,CHAPINSA,,Corporate,ICE,Diesel,,,,,6
2026,06,CHAPISTERIA V.I.,,Corporate,ICE,Diesel,,,,,12
2026,06,CHAPISTERIA V.I.,,RAC,ICE,Diesel,,,,,7
2026,06,CHEVROLET,,Corporate,ICE,Gasolina,,,,,1
2026,06,CHRYSLER,,Corporate,BEV,Electrico,,,,,1
2026,06,CHT,,Corporate,BEV,Electrico,,,,,9
2026,06,CHT,,Corporate,ICE,Diesel,,,,,24
2026,06,CHT,,Corporate,ICE,Gasolina,,,,,8
2026,06,CHT,,Corporate,PHEV,Gasolina/Electrico Enchufable,,,,,2
2026,06,CI,,Private,ICE,Diesel,,,,,1
2026,06,CI,,RAC,ICE,Diesel,,,,,2
2026,06,CIBAD,,Corporate,ICE,Diesel,,,,,1
2026,06,CIBAD,,RAC,ICE,Diesel,,,,,8
2026,06,CICLOPE,,Private,ICE,Diesel,,,,,1
2026,06,CICLOPE,,RAC,ICE,Diesel,,,,,1
2026,06,CIRELLI,,Corporate,ICE,Gasolina,,,,,3
2026,06,CIRELLI,,Private,ICE,Gasolina,,,,,5
2026,06,CITROEN,,Corporate,BEV,Electrico,,,,,7
2026,06,CITROEN,,Private,BEV,Electrico,,,,,24
2026,06,CITROEN,,Private,ICE,Diesel,,,,,1
2026,06,CITROEN,,RAC,ICE,Diesel,,,,,2
2026,06,CITROEN,BERLINGO,Corporate,BEV,Diesel,SKL,REST,Standard,TRANSPORTER,32
2026,06,CITROEN,BERLINGO,Corporate,ICE,Diesel,SKL,REST,Standard,TRANSPORTER,777
2026,06,CITROEN,BERLINGO,Private,BEV,Diesel,SKL,REST,Standard,TRANSPORTER,14
2026,06,CITROEN,BERLINGO,Private,ICE,Diesel,SKL,REST,Standard,TRANSPORTER,148
2026,06,CITROEN,BERLINGO,RAC,ICE,Diesel,SKL,REST,Standard,TRANSPORTER,120
2026,06,CITROEN,C3,Corporate,BEV,Diesel,UKL1,REST,Standard,HACH 5P,50
2026,06,CITROEN,C3,Corporate,ICE,Diesel,UKL1,REST,Standard,HACH 5P,350
2026,06,CITROEN,C3,Private,BEV,Diesel,UKL1,REST,Standard,HACH 5P,270
2026,06,CITROEN,C3,Private,ICE,Diesel,UKL1,REST,Standard,HACH 5P,355
2026,06,CITROEN,C3,RAC,BEV,Diesel,UKL1,REST,Standard,HACH 5P,3
2026,06,CITROEN,C3,RAC,ICE,Diesel,UKL1,REST,Standard,HACH 5P,152
2026,06,CITROEN,C3 AIRCROSS,Corporate,BEV,Diesel,UKL2,REST,Standard,SAV,1
2026,06,CITROEN,C3 AIRCROSS,Corporate,ICE,Diesel,UKL2,REST,Standard,SAV,258
2026,06,CITROEN,C3 AIRCROSS,Private,BEV,Diesel,UKL2,REST,Standard,SAV,22
2026,06,CITROEN,C3 AIRCROSS,Private,ICE,Diesel,UKL2,REST,Standard,SAV,127
2026,06,CITROEN,C3 AIRCROSS,RAC,BEV,Diesel,UKL2,REST,Standard,SAV,21
2026,06,CITROEN,C3 AIRCROSS,RAC,ICE,Diesel,UKL2,REST,Standard,SAV,107
2026,06,CITROEN,C4,Corporate,BEV,Diesel,UKL2,REST,Standard,HACH 5P,18
2026,06,CITROEN,C4,Corporate,ICE,Diesel,UKL2,REST,Standard,HACH 5P,453
2026,06,CITROEN,C4,Private,BEV,Diesel,UKL2,REST,Standard,HACH 5P,15
2026,06,CITROEN,C4,Private,ICE,Diesel,UKL2,REST,Standard,HACH 5P,148
2026,06,CITROEN,C4,RAC,ICE,Diesel,UKL2,REST,Standard,HACH 5P,64
2026,06,CITROEN,C4X,Corporate,ICE,Diesel,UKL2,REST,Standard,SEDAN,7
2026,06,CITROEN,C4X,Private,BEV,Diesel,UKL2,REST,Standard,SEDAN,2
2026,06,CITROEN,C4X,Private,ICE,Diesel,UKL2,REST,Standard,SEDAN,15
2026,06,CITROEN,C4X,RAC,ICE,Diesel,UKL2,REST,Standard,SEDAN,19
2026,06,CITROEN,C5 AIRCROSS,Corporate,BEV,Diesel,UKL2,REST,Standard,SAV,2
2026,06,CITROEN,C5 AIRCROSS,Corporate,ICE,Diesel,UKL2,REST,Standard,SAV,82
2026,06,CITROEN,C5 AIRCROSS,Corporate,PHEV,Diesel,UKL2,REST,Standard,SAV,2
2026,06,CITROEN,C5 AIRCROSS,Private,BEV,Diesel,UKL2,REST,Standard,SAV,4
2026,06,CITROEN,C5 AIRCROSS,Private,ICE,Diesel,UKL2,REST,Standard,SAV,159
2026,06,CITROEN,C5 AIRCROSS,Private,PHEV,Diesel,UKL2,REST,Standard,SAV,7
2026,06,CITROEN,C5 AIRCROSS,RAC,ICE,Diesel,UKL2,REST,Standard,SAV,44
2026,06,CITROEN,C5X,Corporate,ICE,Gasolina,MKL,REST,Standard,SEDAN,2
2026,06,CITROEN,JUMPER,Corporate,ICE,Diesel,SKL,REST,Standard,TRANSPORTER,106
2026,06,CITROEN,JUMPER,Private,ICE,Diesel,SKL,REST,Standard,TRANSPORTER,28
2026,06,CITROEN,JUMPER,RAC,ICE,Diesel,SKL,REST,Standard,TRANSPORTER,37
2026,06,CITROEN,JUMPY,Corporate,BEV,Diesel,SKL,REST,Standard,TRANSPORTER,13
2026,06,CITROEN,JUMPY,Corporate,ICE,Diesel,SKL,REST,Standard,TRANSPORTER,246
2026,06,CITROEN,JUMPY,Private,BEV,Diesel,SKL,REST,Standard,TRANSPORTER,9
2026,06,CITROEN,JUMPY,Private,ICE,Diesel,SKL,REST,Standard,TRANSPORTER,25
2026,06,CITROEN,JUMPY,RAC,ICE,Diesel,SKL,REST,Standard,TRANSPORTER,395
2026,06,CITROEN,SPACETOURER,Corporate,BEV,Diesel,SKL,REST,Standard,TRANSPORTER,2
2026,06,CITROEN,SPACETOURER,Corporate,ICE,Diesel,SKL,REST,Standard,TRANSPORTER,18
2026,06,CITROEN,SPACETOURER,Private,ICE,Diesel,SKL,REST,Standard,TRANSPORTER,24
2026,06,CITROEN,SPACETOURER,RAC,ICE,Diesel,SKL,REST,Standard,TRANSPORTER,2
2026,06,COCAR,,Corporate,ICE,Diesel,,,,,1
2026,06,COCAR,,RAC,ICE,Diesel,,,,,1
2026,06,CODETRANS,,Corporate,ICE,Diesel,,,,,7
2026,06,CODETRANS,,Corporate,ICE,Gasolina,,,,,18
2026,06,CODETRANS,,RAC,ICE,Diesel,,,,,5
2026,06,COINPOL,,Corporate,ICE,Diesel,,,,,48
2026,06,COINPOL,,RAC,ICE,Diesel,,,,,37
2026,06,COMPOSITES REFORZADOS,,Corporate,ICE,Diesel,,,,,3
2026,06,COMPOSITES REFORZADOS,,RAC,ICE,Diesel,,,,,4
2026,06,CONCORDE,,Private,ICE,Diesel,,,,,1
2026,06,CONSA,,Corporate,ICE,Diesel,,,,,1
2026,06,COOLGADES,,Corporate,ICE,Diesel,,,,,1
2026,06,COOLGADES,,Private,ICE,Diesel,,,,,2
2026,06,COOLGADES,,RAC,ICE,Diesel,,,,,2
2026,06,CORVUS,,Corporate,BEV,Electrico,,,,,1
2026,06,CORVUS,,Corporate,ICE,Diesel,,,,,10
2026,06,CORVUS,,Private,ICE,Diesel,,,,,2
2026,06,CRASTIR,,Corporate,ICE,Diesel,,,,,2
2026,06,CTE,,RAC,ICE,Diesel,,,,,2
2026,06,CUPRA,,Corporate,BEV,Electrico,,,,,189
2026,06,CUPRA,,Private,BEV,Electrico,,,,,247
2026,06,CUPRA,BORN,Corporate,BEV,Electrico,UKL2,REST,Standard,HACH 5P,6
2026,06,CUPRA,BORN,Private,BEV,Electrico,UKL2,REST,Standard,HACH 5P,3
2026,06,CUPRA,CUPRA ATECA,Private,ICE,Gasolina,UKL2,REST,Standard,SAT,1
2026,06,CUPRA,CUPRA LEON,Corporate,ICE,Gasolina,UKL2,REST,Standard,HACH 5P,329
2026,06,CUPRA,CUPRA LEON,Corporate,PHEV,Gasolina,UKL2,REST,Standard,HACH 5P,258
2026,06,CUPRA,CUPRA LEON,Private,ICE,Gasolina,UKL2,REST,Standard,HACH 5P,170
2026,06,CUPRA,CUPRA LEON,Private,PHEV,Gasolina,UKL2,REST,Standard,HACH 5P,23
2026,06,CUPRA,CUPRA LEON,RAC,ICE,Gasolina,UKL2,REST,Standard,HACH 5P,361
2026,06,CUPRA,CUPRA LEON,RAC,PHEV,Gasolina,UKL2,REST,Standard,HACH 5P,56
2026,06,CUPRA,FORMENTOR,Corporate,ICE,Diesel,UKL2,REST,Standard,SAT,500
2026,06,CUPRA,FORMENTOR,Corporate,PHEV,Diesel,UKL2,REST,Standard,SAT,94
2026,06,CUPRA,FORMENTOR,Private,ICE,Diesel,UKL2,REST,Standard,SAT,177
2026,06,CUPRA,FORMENTOR,Private,PHEV,Diesel,UKL2,REST,Standard,SAT,67
2026,06,CUPRA,FORMENTOR,RAC,ICE,Diesel,UKL2,REST,Standard,SAT,281
2026,06,CUPRA,TAVASCAN,Corporate,BEV,Electrico,UKL2,REST,Standard,SAV,11
2026,06,CUPRA,TAVASCAN,Private,BEV,Electrico,UKL2,REST,Standard,SAV,8
2026,06,CUPRA,TERRAMAR,Corporate,ICE,Gasolina Mild Hybrid,UKL2,REST,Standard,SAT,45
2026,06,CUPRA,TERRAMAR,Corporate,PHEV,Gasolina Mild Hybrid,UKL2,REST,Standard,SAT,103
2026,06,CUPRA,TERRAMAR,Private,ICE,Gasolina Mild Hybrid,UKL2,REST,Standard,SAT,92
2026,06,CUPRA,TERRAMAR,Private,PHEV,Gasolina Mild Hybrid,UKL2,REST,Standard,SAT,50
2026,06,CUPRA,TERRAMAR,RAC,ICE,Gasolina Mild Hybrid,UKL2,REST,Standard,SAT,106
2026,06,CUPRA,TERRAMAR,RAC,PHEV,Gasolina Mild Hybrid,UKL2,REST,Standard,SAT,76
2026,06,DACIA,,Corporate,ICE,Gas Licuado con petroleo (GLP),,,,,51
2026,06,DACIA,,Corporate,ICE,Gasolina,,,,,60
2026,06,DACIA,,Private,ICE,Gas Licuado con petroleo (GLP),,,,,322
2026,06,DACIA,,Private,ICE,Gasolina,,,,,224
2026,06,DACIA,,RAC,ICE,Gasolina,,,,,212
2026,06,DACIA,DUSTER,Corporate,ICE,Diesel,SKL,REST,Standard,PICKUP,432
2026,06,DACIA,DUSTER,Private,ICE,Diesel,SKL,REST,Standard,PICKUP,1051
2026,06,DACIA,DUSTER,RAC,ICE,Diesel,SKL,REST,Standard,PICKUP,1
2026,06,DACIA,JOGGER,Corporate,ICE,Gas Licuado con petroleo (GLP),UKL2,REST,Standard,MPV,44
2026,06,DACIA,JOGGER,Private,ICE,Gas Licuado con petroleo (GLP),UKL2,REST,Standard,MPV,327
2026,06,DACIA,JOGGER,RAC,ICE,Gas Licuado con petroleo (GLP),UKL2,REST,Standard,MPV,202
2026,06,DACIA,SANDERO,Corporate,ICE,Gas Licuado con petroleo (GLP),UKL1,REST,Standard,HACH 5P,382
2026,06,DACIA,SANDERO,Private,ICE,Gas Licuado con petroleo (GLP),UKL1,REST,Standard,HACH 5P,3038
2026,06,DACIA,SANDERO,RAC,ICE,Gas Licuado con petroleo (GLP),UKL1,REST,Standard,HACH 5P,584
2026,06,DACIA,SPRING,Corporate,BEV,Electrico,UKL0,REST,Standard,SAV,11
2026,06,DACIA,SPRING,Private,BEV,Electrico,UKL0,REST,Standard,SAV,14
2026,06,DACIA,SPRING,RAC,BEV,Electrico,UKL0,REST,Standard,SAV,2
2026,06,DANGEL,,Corporate,ICE,Diesel,,,,,1
2026,06,DEEPAL,,Corporate,BEV,Electrico,,,,,37
2026,06,DEEPAL,,Corporate,PHEV,Gasolina/Electrico Enchufable,,,,,1
2026,06,DEEPAL,,Private,BEV,Electrico,,,,,324
2026,06,DELTRAIN,,Corporate,BEV,Electrico,,,,,1
2026,06,DENZA,,Corporate,BEV,Electrico,,,,,5
2026,06,DETHLEFFS,,Corporate,ICE,Diesel,,,,,3
2026,06,DETHLEFFS,,Private,ICE,Diesel,,,,,19
2026,06,DETHLEFFS,,RAC,ICE,Diesel,,,,,7
2026,06,DEUTZ-FAHR,,Private,ICE,Diesel,,,,,1
2026,06,DFSK,,Corporate,BEV,Electrico,,,,,9
2026,06,DFSK,,Corporate,ICE,Gasolina,,,,,2
2026,06,DFSK,E5,Corporate,PHEV,Gasolina/Electrico Enchufable,KKL,REST,Standard,SAV,3
2026,06,DFSK,E5,Private,PHEV,Gasolina/Electrico Enchufable,KKL,REST,Standard,SAV,7
2026,06,DFSK,IX5,Private,ICE,Gasolina,KKL,REST,Standard,SAV,1
2026,06,DFSK,Q51,Corporate,ICE,Gasolina,SKL,REST,Standard,TRANSPORTER,2
2026,06,DIGAL,,Corporate,ICE,Diesel,,,,,5
2026,06,DIGAL,,Private,ICE,Diesel,,,,,3
2026,06,DONGFENG,BOX,Corporate,BEV,Electrico,UKL0,REST,Standard,HACH 5P,6
2026,06,DONGFENG,BOX,Private,BEV,Electrico,UKL0,REST,Standard,HACH 5P,7
2026,06,DONOSO,,Corporate,ICE,Diesel,,,,,1
2026,06,DR,,Corporate,ICE,Diesel,,,,,5
2026,06,DR,,Private,ICE,Diesel,,,,,4
2026,06,DR,,Private,ICE,Gas Licuado con petroleo (GLP),,,,,4
2026,06,DR,,Private,ICE,Gasolina,,,,,2
2026,06,DR,,RAC,ICE,Gas Licuado con petroleo (GLP),,,,,1
2026,06,DR,,RAC,ICE,Gasolina,,,,,61
2026,06,DR,DR5,Private,ICE,Gas Licuado con petroleo (GLP),UKL2,REST,Standard,SAV,5
2026,06,DR,DR6,Corporate,ICE,Gas Licuado con petroleo (GLP),UKL2,REST,Standard,SAV,1
2026,06,DREAM,,RAC,ICE,Diesel,,,,,2
2026,06,DREAMER,,Private,ICE,Diesel,,,,,2
2026,06,DS,,Corporate,BEV,Electrico,,,,,12
2026,06,DS,,Corporate,ICE,Gasolina,,,,,20
2026,06,DS,,Private,BEV,Electrico,,,,,4
2026,06,DS,,Private,ICE,Gasolina,,,,,4
2026,06,DS,,Private,PHEV,Gasolina/Electrico Enchufable,,,,,2
2026,06,DS,,RAC,ICE,Gasolina,,,,,140
2026,06,DS,DS3 CROSSBACK,Corporate,BEV,Diesel,UKL1,REST,Standard,HACH 3P,2
2026,06,DS,DS3 CROSSBACK,Private,ICE,Diesel,UKL1,REST,Standard,HACH 3P,3
2026,06,DS,DS7 CROSSBACK,Corporate,ICE,Diesel,UKL2,REST,Standard,SAV,176
2026,06,DS,DS7 CROSSBACK,Corporate,PHEV,Diesel,UKL2,REST,Standard,SAV,13
2026,06,DS,DS7 CROSSBACK,Private,ICE,Diesel,UKL2,REST,Standard,SAV,21
2026,06,DS,DS7 CROSSBACK,Private,PHEV,Diesel,UKL2,REST,Standard,SAV,5
2026,06,DS,DS7 CROSSBACK,RAC,ICE,Diesel,UKL2,REST,Standard,SAV,11
2026,06,DSK,,Corporate,ICE,Gasolina,,,,,3
2026,06,E-TUK FACTORY,,Corporate,BEV,Electrico,,,,,1
2026,06,E-TUK FACTORY,,Private,BEV,Electrico,,,,,1
2026,06,EBRO,,Corporate,ICE,Gasolina,,,,,58
2026,06,EBRO,,Corporate,PHEV,Gasolina/Electrico Enchufable,,,,,48
2026,06,EBRO,,Private,ICE,Gasolina,,,,,669
2026,06,EBRO,,Private,PHEV,Gasolina/Electrico Enchufable,,,,,209
2026,06,EBRO,,RAC,ICE,Gasolina,,,,,1
2026,06,EBRO,S700,Corporate,ICE,Gasolina,UKL2,REST,Standard,SAV,39
2026,06,EBRO,S700,Corporate,PHEV,Gasolina,UKL2,REST,Standard,SAV,32
2026,06,EBRO,S700,Private,ICE,Gasolina,UKL2,REST,Standard,SAV,293
2026,06,EBRO,S700,Private,PHEV,Gasolina,UKL2,REST,Standard,SAV,245
2026,06,EBRO,S700,RAC,ICE,Gasolina,UKL2,REST,Standard,SAV,50
2026,06,ECOAUTO,,RAC,ICE,Diesel,,,,,14
2026,06,ECOGAM,,Corporate,ICE,Diesel,,,,,1
2026,06,EDWARD DAVIES COMMERCIALS LTD,,Corporate,ICE,Diesel,,,,,8
2026,06,EGA,,Corporate,ICE,Diesel,,,,,2
2026,06,ELNAGH,,Corporate,ICE,Diesel,,,,,1
2026,06,ELNAGH,,Private,ICE,Diesel,,,,,8
2026,06,ELNAGH,,RAC,ICE,Diesel,,,,,4
2026,06,EQUIPFRED,,Corporate,ICE,Diesel,,,,,14
2026,06,EQUIPFRED,,Private,ICE,Diesel,,,,,2
2026,06,EQUIPFRED,,RAC,ICE,Diesel,,,,,2
2026,06,ERJOMA,,Corporate,ICE,Diesel,,,,,3
2026,06,ERJOMA,,RAC,ICE,Diesel,,,,,2
2026,06,ERKE,,Corporate,BEV,Electrico,,,,,23
2026,06,ERKE,,Corporate,ICE,Diesel,,,,,230
2026,06,ERKE,,Corporate,PHEV,Gasolina/Electrico Enchufable,,,,,2
2026,06,ERROBITRAK,,Corporate,ICE,Diesel,,,,,1
2026,06,ESCARDA,,Corporate,ICE,Diesel,,,,,2
2026,06,ESMI,,Corporate,ICE,Diesel,,,,,3
2026,06,ESMI,,Private,ICE,Diesel,,,,,1
2026,06,ESQUERDA,,Corporate,ICE,Diesel,,,,,1
2026,06,ESTESO,,Corporate,ICE,Diesel,,,,,1
2026,06,ETRUSCO,,Private,ICE,Diesel,,,,,2
2026,06,ETRUSCO,,RAC,ICE,Diesel,,,,,2
2026,06,ETXEBERRIA,,Corporate,ICE,Diesel,,,,,2
2026,06,EURA MOBIL,,Private,ICE,Diesel,,,,,1
2026,06,EUROCARROCERA,,Corporate,ICE,Diesel,,,,,166
2026,06,EUROGAZA,,Private,ICE,Diesel,,,,,76
2026,06,EVITALIA,,Corporate,BEV,Electrico,,,,,2
2026,06,EVO,,Corporate,ICE,Gas Licuado con petroleo (GLP),,,,,3
2026,06,EVO,,Private,ICE,Gas Licuado con petroleo (GLP),,,,,51
2026,06,EVO,,Private,ICE,Gasolina,,,,,41
2026,06,EVO,,RAC,ICE,Gas Licuado con petroleo (GLP),,,,,4
2026,06,EVO,,RAC,ICE,Gasolina,,,,,9
2026,06,EVO,CROSS 4,Private,ICE,Diesel,SKL,REST,Standard,PICKUP,2
2026,06,EVO,EVO 7,Corporate,ICE,Gasolina,UKL2,REST,Standard,SAV,2
2026,06,EVO,EVO 7,Private,ICE,Gasolina,UKL2,REST,Standard,SAV,4
2026,06,EVO,EVO 7,RAC,ICE,Gasolina,UKL2,REST,Standard,SAV,1
2026,06,FARIZON,,Corporate,BEV,Electrico,,,,,4
2026,06,FARIZON,,Private,BEV,Electrico,,,,,3
2026,06,FAW,,Corporate,ICE,Gasolina,,,,,2
2026,06,FAW,,Corporate,PHEV,Gasolina/Electrico Enchufable,,,,,3
2026,06,FAW,,Private,ICE,Gasolina,,,,,17
2026,06,FAW,,Private,PHEV,Gasolina/Electrico Enchufable,,,,,1
2026,06,FEIDI,,Corporate,BEV,Electrico,,,,,1
2026,06,FENIKS,,Corporate,BEV,Electrico,,,,,3
2026,06,FENIKS,,Corporate,ICE,Diesel,,,,,6
2026,06,FERRARI,,Corporate,ICE,Gasolina,,,,,3
2026,06,FERRARI,,Private,PHEV,Gasolina/Electrico Enchufable,,,,,2
2026,06,FERRARI,296,Corporate,PHEV,Gasolina/Electrico Enchufable,GKL+,FOCUS SEGMENT,Standard,COUPE,1
2026,06,FERRARI,296,Private,PHEV,Gasolina/Electrico Enchufable,GKL+,FOCUS SEGMENT,Standard,COUPE,3
2026,06,FERRARI,PUROSANGUE,Corporate,ICE,Gasolina,GKL+,FOCUS SEGMENT,Standard,SAV,3
2026,06,FERRARI,PUROSANGUE,Private,ICE,Gasolina,GKL+,FOCUS SEGMENT,Standard,SAV,2
2026,06,FERRARI,ROMA,Private,ICE,Gasolina,GKL+,FOCUS SEGMENT,Standard,COUPE,1
2026,06,FERRARI,SF90,Private,PHEV,Gasolina/Electrico Enchufable,GKL+,FOCUS SEGMENT,Standard,COUPE,1
2026,06,FIAT,,Corporate,BEV,Electrico,,,,,3
2026,06,FIAT,,Corporate,ICE,Diesel,,,,,2
2026,06,FIAT,,Private,BEV,Electrico,,,,,39
2026,06,FIAT,,Private,ICE,Diesel,,,,,27
2026,06,FIAT,,RAC,BEV,Electrico,,,,,6
2026,06,FIAT,,RAC,ICE,Diesel,,,,,18
2026,06,FIAT,500,Corporate,ICE,Diesel,UKL1,REST,Standard,SAV,57
2026,06,FIAT,500,Private,BEV,Diesel,UKL1,REST,Standard,SAV,5
2026,06,FIAT,500,Private,ICE,Diesel,UKL1,REST,Standard,SAV,48
2026,06,FIAT,500,RAC,ICE,Diesel,UKL1,REST,Standard,SAV,93
2026,06,FIAT,600,Corporate,BEV,Electrico,UKL1,REST,Standard,SAV,1
2026,06,FIAT,600,Corporate,ICE,Electrico,UKL1,REST,Standard,SAV,33
2026,06,FIAT,600,Private,BEV,Electrico,UKL1,REST,Standard,SAV,1
2026,06,FIAT,600,Private,ICE,Electrico,UKL1,REST,Standard,SAV,43
2026,06,FIAT,600,RAC,BEV,Electrico,UKL1,REST,Standard,SAV,28
2026,06,FIAT,600,RAC,ICE,Electrico,UKL1,REST,Standard,SAV,568
2026,06,FIAT,DOBLO CARGO,Corporate,BEV,Diesel,SKL,REST,Standard,TRANSPORTER,13
2026,06,FIAT,DOBLO CARGO,Corporate,ICE,Diesel,SKL,REST,Standard,TRANSPORTER,312
2026,06,FIAT,DOBLO CARGO,Private,BEV,Diesel,SKL,REST,Standard,TRANSPORTER,1
2026,06,FIAT,DOBLO CARGO,Private,ICE,Diesel,SKL,REST,Standard,TRANSPORTER,14
2026,06,FIAT,DOBLO CARGO,RAC,ICE,Diesel,SKL,REST,Standard,TRANSPORTER,116
2026,06,FIAT,DUCATO,Corporate,ICE,Diesel,SKL,REST,Standard,TRANSPORTER,55
2026,06,FIAT,DUCATO,Private,ICE,Diesel,SKL,REST,Standard,TRANSPORTER,15
2026,06,FIAT,DUCATO,RAC,ICE,Diesel,SKL,REST,Standard,TRANSPORTER,155
2026,06,FIAT,E-ULYSSE,Corporate,ICE,Electrico,SKL,REST,Standard,TRANSPORTER,41
2026,06,FIAT,E-ULYSSE,Private,ICE,Electrico,SKL,REST,Standard,TRANSPORTER,2
2026,06,FIAT,E-ULYSSE,RAC,ICE,Electrico,SKL,REST,Standard,TRANSPORTER,72
2026,06,FIAT,PANDA,Corporate,BEV,Gasolina,UKL0,REST,Standard,HACH 5P,1
2026,06,FIAT,PANDA,Corporate,ICE,Gasolina,UKL0,REST,Standard,HACH 5P,92
2026,06,FIAT,PANDA,Private,BEV,Gasolina,UKL0,REST,Standard,HACH 5P,14
2026,06,FIAT,PANDA,Private,ICE,Gasolina,UKL0,REST,Standard,HACH 5P,128
2026,06,FIAT,PANDA,RAC,ICE,Gasolina,UKL0,REST,Standard,HACH 5P,24
2026,06,FIAT,SCUDO,Corporate,BEV,Diesel,SKL,REST,Standard,TRANSPORTER,2
2026,06,FIAT,SCUDO,Corporate,ICE,Diesel,SKL,REST,Standard,TRANSPORTER,56
2026,06,FIAT,SCUDO,Private,BEV,Diesel,SKL,REST,Standard,TRANSPORTER,2
2026,06,FIAT,SCUDO,Private,ICE,Diesel,SKL,REST,Standard,TRANSPORTER,5
2026,06,FIAT,SCUDO,RAC,ICE,Diesel,SKL,REST,Standard,TRANSPORTER,76
2026,06,FIAT,TIPO,Corporate,ICE,Diesel,UKL2,REST,Standard,HACH 5P,1
2026,06,FIAT,TIPO,Private,ICE,Diesel,UKL2,REST,Standard,HACH 5P,2
2026,06,FIREMAR,,Corporate,ICE,Diesel,,,,,2
2026,06,FLEURETTE,,Private,ICE,Diesel,,,,,1
2026,06,FLUVIA,,Corporate,ICE,Diesel,,,,,1
2026,06,FOIMA,,Corporate,ICE,Diesel,,,,,6
2026,06,FOIMA,,Private,ICE,Diesel,,,,,1
2026,06,FORD,,Corporate,BEV,Electrico,,,,,1
2026,06,FORD,,Corporate,ICE,Gasolina,,,,,4
2026,06,FORD,,Private,ICE,Diesel,,,,,15
2026,06,FORD,,Private,ICE,Gasolina,,,,,2
2026,06,FORD,,RAC,ICE,Diesel,,,,,8
2026,06,FORD,BRONCO,Corporate,ICE,Gasolina,MKL,REST,Standard,SUV,9
2026,06,FORD,BRONCO,Private,ICE,Gasolina,MKL,REST,Standard,SUV,4
2026,06,FORD,CAPRI,Corporate,BEV,Electrico,UKL1,REST,Standard,SAV,16
2026,06,FORD,CAPRI,Private,BEV,Electrico,UKL1,REST,Standard,SAV,20
2026,06,FORD,CAPRI,RAC,BEV,Electrico,UKL1,REST,Standard,SAV,4
2026,06,FORD,EXPLORER,Corporate,BEV,Gasolina/Electrico Enchufable,SKL,REST,Standard,PICKUP,24
2026,06,FORD,EXPLORER,Corporate,ICE,Gasolina/Electrico Enchufable,SKL,REST,Standard,PICKUP,2
2026,06,FORD,EXPLORER,Private,BEV,Gasolina/Electrico Enchufable,SKL,REST,Standard,PICKUP,24
2026,06,FORD,EXPLORER,RAC,BEV,Gasolina/Electrico Enchufable,SKL,REST,Standard,PICKUP,2
2026,06,FORD,FIESTA,Corporate,ICE,Gasolina,UKL1,REST,Standard,HACH 5P,1
2026,06,FORD,FOCUS,Corporate,ICE,Diesel,UKL2,REST,Standard,HACH 5P,1
2026,06,FORD,FOCUS,Private,ICE,Diesel,UKL2,REST,Standard,HACH 5P,1
2026,06,FORD,KUGA,Corporate,ICE,Diesel,UKL2,REST,Standard,SAV,125
2026,06,FORD,KUGA,Corporate,PHEV,Diesel,UKL2,REST,Standard,SAV,168
2026,06,FORD,KUGA,Private,ICE,Diesel,UKL2,REST,Standard,SAV,99
2026,06,FORD,KUGA,Private,PHEV,Diesel,UKL2,REST,Standard,SAV,286
2026,06,FORD,KUGA,RAC,ICE,Diesel,UKL2,REST,Standard,SAV,4
2026,06,FORD,KUGA,RAC,PHEV,Diesel,UKL2,REST,Standard,SAV,96
2026,06,FORD,MUSTANG,Corporate,ICE,Gasolina,MKL,REST,Standard,CABRIO,5
2026,06,FORD,MUSTANG,Private,ICE,Gasolina,MKL,REST,Standard,CABRIO,15
2026,06,FORD,MUSTANG,RAC,ICE,Gasolina,MKL,REST,Standard,CABRIO,5
2026,06,FORD,MUSTANG MACH-E,Corporate,BEV,Electrico,KKL,REST,Standard,SAV,3
2026,06,FORD,MUSTANG MACH-E,Private,BEV,Electrico,KKL,REST,Standard,SAV,6
2026,06,FORD,PUMA,Corporate,BEV,Diesel,UKL1,REST,Standard,SAV,27
2026,06,FORD,PUMA,Corporate,ICE,Diesel,UKL1,REST,Standard,SAV,361
2026,06,FORD,PUMA,Private,BEV,Diesel,UKL1,REST,Standard,SAV,44
2026,06,FORD,PUMA,Private,ICE,Diesel,UKL1,REST,Standard,SAV,209
2026,06,FORD,PUMA,RAC,BEV,Diesel,UKL1,REST,Standard,SAV,11
2026,06,FORD,PUMA,RAC,ICE,Diesel,UKL1,REST,Standard,SAV,115
2026,06,FORD,RANGER,Corporate,ICE,Diesel,SKL,REST,Standard,PICKUP,333
2026,06,FORD,RANGER,Corporate,PHEV,Diesel,SKL,REST,Standard,PICKUP,108
2026,06,FORD,RANGER,Private,ICE,Diesel,SKL,REST,Standard,PICKUP,16
2026,06,FORD,RANGER,Private,PHEV,Diesel,SKL,REST,Standard,PICKUP,24
2026,06,FORD,RANGER,RAC,ICE,Diesel,SKL,REST,Standard,PICKUP,23
2026,06,FORD,TOURNEO,Corporate,BEV,Diesel,SKL,REST,Standard,TRANSPORTER,17
2026,06,FORD,TOURNEO,Corporate,ICE,Diesel,SKL,REST,Standard,TRANSPORTER,139
2026,06,FORD,TOURNEO,Corporate,PHEV,Diesel,SKL,REST,Standard,TRANSPORTER,61
2026,06,FORD,TOURNEO,Private,BEV,Diesel,SKL,REST,Standard,TRANSPORTER,5
2026,06,FORD,TOURNEO,Private,ICE,Diesel,SKL,REST,Standard,TRANSPORTER,145
2026,06,FORD,TOURNEO,Private,PHEV,Diesel,SKL,REST,Standard,TRANSPORTER,83
2026,06,FORD,TOURNEO,RAC,ICE,Diesel,SKL,REST,Standard,TRANSPORTER,81
2026,06,FORD,TOURNEO,RAC,PHEV,Diesel,SKL,REST,Standard,TRANSPORTER,2
2026,06,FORD,TRANSIT,Corporate,BEV,Diesel,SKL,REST,Standard,TRANSPORTER,18
2026,06,FORD,TRANSIT,Corporate,ICE,Diesel,SKL,REST,Standard,TRANSPORTER,117
2026,06,FORD,TRANSIT,Private,BEV,Diesel,SKL,REST,Standard,TRANSPORTER,1
2026,06,FORD,TRANSIT,Private,ICE,Diesel,SKL,REST,Standard,TRANSPORTER,5
2026,06,FORD,TRANSIT,RAC,ICE,Diesel,SKL,REST,Standard,TRANSPORTER,44
2026,06,FORD,TRANSIT CONNECT,Corporate,ICE,Diesel,SKL,REST,Standard,TRANSPORTER,51
2026,06,FORD,TRANSIT CONNECT,Corporate,PHEV,Diesel,SKL,REST,Standard,TRANSPORTER,29
2026,06,FORD,TRANSIT CONNECT,Private,ICE,Diesel,SKL,REST,Standard,TRANSPORTER,1
2026,06,FORD,TRANSIT CONNECT,Private,PHEV,Diesel,SKL,REST,Standard,TRANSPORTER,1
2026,06,FORD,TRANSIT COURIER,Corporate,BEV,Diesel,SKL,REST,Standard,TRANSPORTER,28
2026,06,FORD,TRANSIT COURIER,Corporate,ICE,Diesel,SKL,REST,Standard,TRANSPORTER,606
2026,06,FORD,TRANSIT COURIER,Private,BEV,Diesel,SKL,REST,Standard,TRANSPORTER,2
2026,06,FORD,TRANSIT COURIER,Private,ICE,Diesel,SKL,REST,Standard,TRANSPORTER,4
2026,06,FORD,TRANSIT COURIER,RAC,ICE,Diesel,SKL,REST,Standard,TRANSPORTER,1
2026,06,FORD,TRANSIT CUSTOM,Corporate,BEV,Diesel,SKL,REST,Standard,TRANSPORTER,70
2026,06,FORD,TRANSIT CUSTOM,Corporate,ICE,Diesel,SKL,REST,Standard,TRANSPORTER,222
2026,06,FORD,TRANSIT CUSTOM,Corporate,PHEV,Diesel,SKL,REST,Standard,TRANSPORTER,79
2026,06,FORD,TRANSIT CUSTOM,Private,BEV,Diesel,SKL,REST,Standard,TRANSPORTER,4
2026,06,FORD,TRANSIT CUSTOM,Private,ICE,Diesel,SKL,REST,Standard,TRANSPORTER,8
2026,06,FORD,TRANSIT CUSTOM,Private,PHEV,Diesel,SKL,REST,Standard,TRANSPORTER,9
2026,06,FORD,TRANSIT CUSTOM,RAC,BEV,Diesel,SKL,REST,Standard,TRANSPORTER,5
2026,06,FORD,TRANSIT CUSTOM,RAC,ICE,Diesel,SKL,REST,Standard,TRANSPORTER,42
2026,06,FORD,TRANSIT CUSTOM,RAC,PHEV,Diesel,SKL,REST,Standard,TRANSPORTER,9
2026,06,FORSTER,,RAC,ICE,Diesel,,,,,1
2026,06,FOTON,,Corporate,BEV,Electrico,,,,,1
2026,06,FOTON,,Corporate,ICE,Diesel,,,,,33
2026,06,FOTON,,Private,ICE,Diesel,,,,,23
2026,06,FRANGU,,Corporate,ICE,Diesel,,,,,3
2026,06,FROILAN,,Corporate,ICE,Diesel,,,,,1
2026,06,FURCAR,,Corporate,ICE,Diesel,,,,,5
2026,06,FURCAR,,RAC,ICE,Diesel,,,,,2
2026,06,GALO HEREDIA,,Corporate,ICE,Diesel,,,,,2
2026,06,GAPA,,Corporate,ICE,Diesel,,,,,1
2026,06,GARCIA BLAZQUEZ  MORENO,,Corporate,ICE,Diesel,,,,,3
2026,06,GBM,,Corporate,ICE,Diesel,,,,,1
2026,06,GEELY,,Corporate,BEV,Electrico,,,,,7
2026,06,GEELY,,Corporate,PHEV,Gasolina/Electrico Enchufable,,,,,33
2026,06,GEELY,,Private,BEV,Electrico,,,,,21
2026,06,GEELY,,Private,PHEV,Gasolina/Electrico Enchufable,,,,,141
2026,06,GEELY,,RAC,PHEV,Gasolina/Electrico Enchufable,,,,,15
2026,06,GEYCODIESEL,,Corporate,ICE,Diesel,,,,,2
2026,06,GIOTTILINE,,Corporate,ICE,Diesel,,,,,6
2026,06,GIOTTILINE,,Private,ICE,Diesel,,,,,21
2026,06,GIOTTILINE,,RAC,ICE,Diesel,,,,,16
2026,06,GOES,,Private,ICE,Gasolina,,,,,3
2026,06,GOMEZ,,Corporate,ICE,Diesel,,,,,4
2026,06,GOUPIL,,Corporate,BEV,Electrico,,,,,29
2026,06,GRAU,,Corporate,BEV,Electrico,,,,,80
2026,06,GREAT WALL MOTOR COMPANY LIMIT,,Corporate,BEV,Electrico,,,,,6
2026,06,GREAT WALL MOTOR COMPANY LIMIT,,Corporate,ICE,Gasolina,,,,,21
2026,06,GRUAU,,Corporate,ICE,Diesel,,,,,2
2026,06,GRUAU,,Private,ICE,Diesel,,,,,1
2026,06,GRUAUTO,,Corporate,ICE,Diesel,,,,,3
2026,06,HALCON,,Corporate,ICE,Diesel,,,,,1
2026,06,HARLEY-DAVIDSON,,Private,ICE,Gasolina,,,,,4
2026,06,HENALES,,Corporate,ICE,Diesel,,,,,3
2026,06,HERCOV,,Corporate,ICE,Diesel,,,,,6
2026,06,HERCOV,,RAC,ICE,Diesel,,,,,1
2026,06,HERMONT,,Corporate,ICE,Diesel,,,,,6
2026,06,HICAVAL,,Corporate,ICE,Diesel,,,,,1
2026,06,HIDRAULICOS JOMAR,,Corporate,ICE,Diesel,,,,,1
2026,06,HIGER,,Corporate,ICE,Diesel,,,,,1
2026,06,HIGER,,RAC,ICE,Diesel,,,,,5
2026,06,HITRAVI,,Corporate,ICE,Diesel,,,,,2
2026,06,HOBBY,,Private,ICE,Diesel,,,,,1
2026,06,HONDA,,Corporate,ICE,Gasolina,,,,,5
2026,06,HONDA,,Private,ICE,Gasolina,,,,,3
2026,06,HONDA,CIVIC,Corporate,ICE,Gasolina,UKL2,REST,Standard,HACH 5P,4
2026,06,HONDA,CIVIC,Private,ICE,Gasolina,UKL2,REST,Standard,HACH 5P,89
2026,06,HONDA,CR-V,Corporate,ICE,Gasolina,KKL,REST,Standard,SAV,38
2026,06,HONDA,CR-V,Corporate,PHEV,Gasolina,KKL,REST,Standard,SAV,3
2026,06,HONDA,CR-V,Private,ICE,Gasolina,KKL,REST,Standard,SAV,26
2026,06,HONDA,CR-V,Private,PHEV,Gasolina,KKL,REST,Standard,SAV,14
2026,06,HONDA,HR-V,Corporate,ICE,Gasolina/Electrico,UKL1,REST,Standard,SAV,5
2026,06,HONDA,HR-V,Private,ICE,Gasolina/Electrico,UKL1,REST,Standard,SAV,67
2026,06,HONDA,JAZZ,Corporate,ICE,Gasolina/Electrico,UKL1,REST,Standard,HACH 5P,30
2026,06,HONDA,JAZZ,Private,ICE,Gasolina/Electrico,UKL1,REST,Standard,HACH 5P,62
2026,06,HONDA,ZR-V,Corporate,ICE,Gasolina/Electrico,UKL2,REST,Standard,SAV,4
2026,06,HONDA,ZR-V,Private,ICE,Gasolina/Electrico,UKL2,REST,Standard,SAV,50
2026,06,HYMER,,Private,ICE,Diesel,,,,,8
2026,06,HYMER,,RAC,ICE,Diesel,,,,,1
2026,06,HYUNDAI,,Corporate,ICE,Gasolina,,,,,3
2026,06,HYUNDAI,BAYON,Corporate,ICE,Gasolina,UKL1,REST,Standard,SAV,55
2026,06,HYUNDAI,BAYON,Private,ICE,Gasolina,UKL1,REST,Standard,SAV,73
2026,06,HYUNDAI,BAYON,RAC,ICE,Gasolina,UKL1,REST,Standard,SAV,263
2026,06,HYUNDAI,I10,Corporate,ICE,Gasolina,UKL0,REST,Standard,HACH 5P,4
2026,06,HYUNDAI,I10,Private,ICE,Gasolina,UKL0,REST,Standard,HACH 5P,37
2026,06,HYUNDAI,I20,Corporate,ICE,Gasolina,UKL1,REST,Standard,HACH 5P,250
2026,06,HYUNDAI,I20,Private,ICE,Gasolina,UKL1,REST,Standard,HACH 5P,251
2026,06,HYUNDAI,I20,RAC,ICE,Gasolina,UKL1,REST,Standard,HACH 5P,424
2026,06,HYUNDAI,I30,Corporate,ICE,Diesel Mild Hybrid,UKL2,REST,Standard,ESTATE,10
2026,06,HYUNDAI,I30,Private,ICE,Diesel Mild Hybrid,UKL2,REST,Standard,ESTATE,72
2026,06,HYUNDAI,I30,RAC,ICE,Diesel Mild Hybrid,UKL2,REST,Standard,ESTATE,399
2026,06,HYUNDAI,INSTER,Corporate,BEV,Electrico,UKL2,REST,Standard,SAV,16
2026,06,HYUNDAI,INSTER,Private,BEV,Electrico,UKL2,REST,Standard,SAV,103
2026,06,HYUNDAI,IONIQ,Corporate,BEV,Gasolina/Electrico,UKL2,REST,Standard,HACH 5P,1
2026,06,HYUNDAI,IONIQ,Private,BEV,Gasolina/Electrico,UKL2,REST,Standard,HACH 5P,1
2026,06,HYUNDAI,IONIQ 5,Corporate,BEV,Electrico,UKL2,REST,Standard,SAV,45
2026,06,HYUNDAI,IONIQ 5,Private,BEV,Electrico,UKL2,REST,Standard,SAV,29
2026,06,HYUNDAI,IONIQ 6,Corporate,BEV,Electrico,KKL,REST,Standard,SEDAN,3
2026,06,HYUNDAI,IONIQ 6,Private,BEV,Electrico,KKL,REST,Standard,SEDAN,7
2026,06,HYUNDAI,KONA,Corporate,BEV,Electrico,UKL1,REST,Standard,SAV,12
2026,06,HYUNDAI,KONA,Corporate,ICE,Electrico,UKL1,REST,Standard,SAV,179
2026,06,HYUNDAI,KONA,Private,BEV,Electrico,UKL1,REST,Standard,SAV,68
2026,06,HYUNDAI,KONA,Private,ICE,Electrico,UKL1,REST,Standard,SAV,423
2026,06,HYUNDAI,KONA,RAC,ICE,Electrico,UKL1,REST,Standard,SAV,245
2026,06,HYUNDAI,SANTA FE,Corporate,ICE,Diesel,MKL,REST,Standard,SAV,29
2026,06,HYUNDAI,SANTA FE,Corporate,PHEV,Diesel,MKL,REST,Standard,SAV,20
2026,06,HYUNDAI,SANTA FE,Private,ICE,Diesel,MKL,REST,Standard,SAV,11
2026,06,HYUNDAI,SANTA FE,Private,PHEV,Diesel,MKL,REST,Standard,SAV,11
2026,06,HYUNDAI,STARIA,Corporate,ICE,Diesel,MKL,REST,Standard,MPV,8
2026,06,HYUNDAI,STARIA,Private,ICE,Diesel,MKL,REST,Standard,MPV,5
2026,06,HYUNDAI,STARIA,RAC,ICE,Diesel,MKL,REST,Standard,MPV,2
2026,06,HYUNDAI,TUCSON,Corporate,ICE,Diesel,UKL2,REST,Standard,SAV,406
2026,06,HYUNDAI,TUCSON,Corporate,PHEV,Diesel,UKL2,REST,Standard,SAV,47
2026,06,HYUNDAI,TUCSON,Private,ICE,Diesel,UKL2,REST,Standard,SAV,607
2026,06,HYUNDAI,TUCSON,Private,PHEV,Diesel,UKL2,REST,Standard,SAV,100
2026,06,HYUNDAI,TUCSON,RAC,ICE,Diesel,UKL2,REST,Standard,SAV,83
2026,06,IBERICA DE ISOTERMIZACIONES,,Corporate,ICE,Diesel,,,,,1
2026,06,IGLUVAN,,Corporate,BEV,Electrico,,,,,2
2026,06,IGLUVAN,,Corporate,ICE,Diesel,,,,,57
2026,06,IGLUVAN,,Private,ICE,Diesel,,,,,8
2026,06,IGLUVAN,,RAC,ICE,Diesel,,,,,27
2026,06,ILUSION,,Private,ICE,Diesel,,,,,3
2026,06,ILUSION,,RAC,ICE,Diesel,,,,,3
2026,06,INCASE,,Corporate,ICE,Diesel,,,,,1
2026,06,INDUSAUTO,,Private,ICE,Diesel,,,,,30
2026,06,INEOS,GRENADIER,Corporate,ICE,Diesel,MKL,REST,Standard,PICKUP,7
2026,06,INEOS,GRENADIER,Private,ICE,Diesel,MKL,REST,Standard,PICKUP,1
2026,06,INEOS,GRENADIER,RAC,ICE,Diesel,MKL,REST,Standard,PICKUP,1
2026,06,INVICTA ELECTRIC,,Corporate,BEV,Electrico,,,,,1
2026,06,IRIZAR,,Corporate,ICE,Diesel,,,,,15
2026,06,IRIZAR E-MOBILITY,,Corporate,BEV,Electrico,,,,,1
2026,06,ISUZU,,Corporate,BEV,Electrico,,,,,4
2026,06,ISUZU,,Corporate,ICE,Diesel,,,,,47
2026,06,ISUZU,,Private,ICE,Diesel,,,,,1
2026,06,ISUZU,,RAC,ICE,Diesel,,,,,11
2026,06,ISUZU,D-MAX,Corporate,BEV,Diesel,SKL,REST,Standard,PICKUP,1
2026,06,ISUZU,D-MAX,Corporate,ICE,Diesel,SKL,REST,Standard,PICKUP,39
2026,06,ISUZU,D-MAX,Private,ICE,Diesel,SKL,REST,Standard,PICKUP,7
2026,06,ITINEO,,Private,ICE,Diesel,,,,,3
2026,06,ITURRI,,Corporate,ICE,Diesel,,,,,2
2026,06,IVECO,DAILY,Corporate,ICE,Diesel,SKL,REST,Standard,TRANSPORTER,304
2026,06,IVECO,DAILY,Private,ICE,Diesel,SKL,REST,Standard,TRANSPORTER,31
2026,06,IVECO,DAILY,RAC,ICE,Diesel,SKL,REST,Standard,TRANSPORTER,280
2026,06,IVECO BUS,,Corporate,ICE,Diesel,,,,,12
2026,06,IVECO BUS,,RAC,ICE,Diesel,,,,,3
2026,06,JAECOO,,Corporate,BEV,Electrico,,,,,4
2026,06,JAECOO,,Corporate,ICE,Gasolina,,,,,52
2026,06,JAECOO,,Corporate,PHEV,Gasolina/Electrico Enchufable,,,,,41
2026,06,JAECOO,,Private,BEV,Electrico,,,,,40
2026,06,JAECOO,,Private,ICE,Gasolina,,,,,412
2026,06,JAECOO,,Private,PHEV,Gasolina/Electrico Enchufable,,,,,66
2026,06,JAECOO,,RAC,ICE,Gasolina,,,,,376
2026,06,JAECOO,JAECOO 7,Corporate,ICE,Gasolina,KKL,REST,Standard,HACH 5P,21
2026,06,JAECOO,JAECOO 7,Corporate,PHEV,Gasolina,KKL,REST,Standard,HACH 5P,30
2026,06,JAECOO,JAECOO 7,Private,ICE,Gasolina,KKL,REST,Standard,HACH 5P,103
2026,06,JAECOO,JAECOO 7,Private,PHEV,Gasolina,KKL,REST,Standard,HACH 5P,125
2026,06,JAECOO,JAECOO 7,RAC,ICE,Gasolina,KKL,REST,Standard,HACH 5P,7
2026,06,JAECOO,JAECOO 7,RAC,PHEV,Gasolina,KKL,REST,Standard,HACH 5P,257
2026,06,JASPE,,Corporate,ICE,Diesel,,,,,2
2026,06,JEANJE,,Corporate,ICE,Diesel,,,,,4
2026,06,JEANJE,,RAC,ICE,Diesel,,,,,7
2026,06,JEEP,AVENGER,Corporate,BEV,Electrico,UKL1,REST,Standard,SAV,2
2026,06,JEEP,AVENGER,Corporate,ICE,Electrico,UKL1,REST,Standard,SAV,299
2026,06,JEEP,AVENGER,Private,BEV,Electrico,UKL1,REST,Standard,SAV,29
2026,06,JEEP,AVENGER,Private,ICE,Electrico,UKL1,REST,Standard,SAV,73
2026,06,JEEP,AVENGER,RAC,ICE,Electrico,UKL1,REST,Standard,SAV,460
2026,06,JEEP,COMPASS,Corporate,BEV,Diesel,UKL2,REST,Standard,SAV,2
2026,06,JEEP,COMPASS,Corporate,ICE,Diesel,UKL2,REST,Standard,SAV,28
2026,06,JEEP,COMPASS,Corporate,PHEV,Diesel,UKL2,REST,Standard,SAV,4
2026,06,JEEP,COMPASS,Private,BEV,Diesel,UKL2,REST,Standard,SAV,6
2026,06,JEEP,COMPASS,Private,ICE,Diesel,UKL2,REST,Standard,SAV,41
2026,06,JEEP,COMPASS,Private,PHEV,Diesel,UKL2,REST,Standard,SAV,7
2026,06,JEEP,COMPASS,RAC,ICE,Diesel,UKL2,REST,Standard,SAV,121
2026,06,JEEP,COMPASS,RAC,PHEV,Diesel,UKL2,REST,Standard,SAV,1
2026,06,JEEP,GRAND CHEROKEE,Corporate,ICE,Gasolina/Electrico Enchufable,MKL,REST,Standard,SUV,1
2026,06,JEEP,GRAND CHEROKEE,Corporate,PHEV,Gasolina/Electrico Enchufable,MKL,REST,Standard,SUV,2
2026,06,JEEP,GRAND CHEROKEE,Private,PHEV,Gasolina/Electrico Enchufable,MKL,REST,Standard,SUV,1
2026,06,JEEP,RENEGADE,Corporate,ICE,Diesel,UKL1,REST,Standard,SAV,3
2026,06,JEEP,RENEGADE,Corporate,PHEV,Diesel,UKL1,REST,Standard,SAV,1
2026,06,JEEP,RENEGADE,Private,ICE,Diesel,UKL1,REST,Standard,SAV,5
2026,06,JEEP,WRANGLER,Corporate,ICE,Gasolina,UKL2,REST,Standard,SUV,5
2026,06,JEEP,WRANGLER,Private,ICE,Gasolina,UKL2,REST,Standard,SUV,1
2026,06,JIMECA,,Corporate,ICE,Diesel,,,,,5
2026,06,JIMECA,,RAC,ICE,Diesel,,,,,1
2026,06,JOA CAMP,,RAC,ICE,Diesel,,,,,1
2026,06,JOHN DEERE,,Corporate,ICE,Diesel,,,,,1
2026,06,JOHN DEERE,,Private,ICE,Diesel,,,,,1
2026,06,JOSE REYES CARROCERO,,Corporate,ICE,Diesel,,,,,2
2026,06,JUAN SUAREZ,,Corporate,ICE,Diesel,,,,,3
2026,06,JULIA CAMPER,,Private,ICE,Diesel,,,,,1
2026,06,KARCHER,,Corporate,ICE,Diesel,,,,,3
2026,06,KARSAN,,RAC,BEV,Electrico,,,,,1
2026,06,KG MOBILITY,KORANDO,Corporate,ICE,Gasolina,MKL,REST,Standard,MPV,6
2026,06,KG MOBILITY,KORANDO,Private,ICE,Gasolina,MKL,REST,Standard,MPV,40
2026,06,KG MOBILITY,KORANDO,RAC,ICE,Gasolina,MKL,REST,Standard,MPV,40
2026,06,KG MOBILITY,MUSSO,Corporate,BEV,Diesel,SKL,REST,Standard,PICKUP,3
2026,06,KG MOBILITY,MUSSO,Corporate,ICE,Diesel,SKL,REST,Standard,PICKUP,34
2026,06,KG MOBILITY,MUSSO,Private,ICE,Diesel,SKL,REST,Standard,PICKUP,13
2026,06,KG MOBILITY,REXTON,Corporate,ICE,Diesel,MKL,REST,Standard,SAV,3
2026,06,KG MOBILITY,REXTON,Private,ICE,Diesel,MKL,REST,Standard,SAV,1
2026,06,KG MOBILITY,TIVOLI,Private,ICE,Gasolina,UKL1,REST,Standard,SAV,47
2026,06,KG MOBILITY,TIVOLI,RAC,ICE,Gasolina,UKL1,REST,Standard,SAV,195
2026,06,KG MOBILITY,TORRES,Corporate,BEV,Gas Licuado con petroleo (GLP),UKL2,REST,Standard,SAV,1
2026,06,KG MOBILITY,TORRES,Corporate,ICE,Gas Licuado con petroleo (GLP),UKL2,REST,Standard,SAV,6
2026,06,KG MOBILITY,TORRES,Private,BEV,Gas Licuado con petroleo (GLP),UKL2,REST,Standard,SAV,29
2026,06,KG MOBILITY,TORRES,Private,ICE,Gas Licuado con petroleo (GLP),UKL2,REST,Standard,SAV,41
2026,06,KG MOBILITY,TORRES,RAC,ICE,Gas Licuado con petroleo (GLP),UKL2,REST,Standard,SAV,60
2026,06,KIA,,Corporate,BEV,Electrico,,,,,93
2026,06,KIA,,Corporate,ICE,Gasolina,,,,,17
2026,06,KIA,,Private,BEV,Electrico,,,,,355
2026,06,KIA,,Private,ICE,Gasolina,,,,,10
2026,06,KIA,,RAC,BEV,Electrico,,,,,1
2026,06,KIA,CEED,Corporate,ICE,Diesel Mild Hybrid,UKL2,REST,Standard,HACH 5P,14
2026,06,KIA,CEED,Private,ICE,Diesel Mild Hybrid,UKL2,REST,Standard,HACH 5P,10
2026,06,KIA,EV3,Corporate,BEV,Electrico,UKL1,REST,Standard,SAV,105
2026,06,KIA,EV3,Private,BEV,Electrico,UKL1,REST,Standard,SAV,392
2026,06,KIA,EV6,Corporate,BEV,Electrico,KKL,REST,Standard,SAV,7
2026,06,KIA,EV6,Private,BEV,Electrico,KKL,REST,Standard,SAV,5
2026,06,KIA,EV9,Corporate,BEV,Electrico,MKL,REST,Standard,MPV,19
2026,06,KIA,EV9,Private,BEV,Electrico,MKL,REST,Standard,MPV,1
2026,06,KIA,NIRO,Corporate,ICE,Electrico,UKL2,REST,Standard,SAV,336
2026,06,KIA,NIRO,Corporate,PHEV,Electrico,UKL2,REST,Standard,SAV,4
2026,06,KIA,NIRO,Private,ICE,Electrico,UKL2,REST,Standard,SAV,782
2026,06,KIA,NIRO,Private,PHEV,Electrico,UKL2,REST,Standard,SAV,6
2026,06,KIA,NIRO,RAC,ICE,Electrico,UKL2,REST,Standard,SAV,176
2026,06,KIA,PICANTO,Corporate,ICE,Gasolina,UKL0,REST,Standard,HACH 5P,19
2026,06,KIA,PICANTO,Private,ICE,Gasolina,UKL0,REST,Standard,HACH 5P,65
2026,06,KIA,PICANTO,RAC,ICE,Gasolina,UKL0,REST,Standard,HACH 5P,212
2026,06,KIA,SORENTO,Corporate,ICE,Diesel,KKL,REST,Standard,SAV,16
2026,06,KIA,SORENTO,Corporate,PHEV,Diesel,KKL,REST,Standard,SAV,14
2026,06,KIA,SORENTO,Private,ICE,Diesel,KKL,REST,Standard,SAV,12
2026,06,KIA,SORENTO,Private,PHEV,Diesel,KKL,REST,Standard,SAV,4
2026,06,KIA,SPORTAGE,Corporate,ICE,Diesel,UKL2,REST,Standard,SAV,306
2026,06,KIA,SPORTAGE,Corporate,PHEV,Diesel,UKL2,REST,Standard,SAV,3
2026,06,KIA,SPORTAGE,Private,ICE,Diesel,UKL2,REST,Standard,SAV,897
2026,06,KIA,SPORTAGE,Private,PHEV,Diesel,UKL2,REST,Standard,SAV,5
2026,06,KIA,SPORTAGE,RAC,ICE,Diesel,UKL2,REST,Standard,SAV,107
2026,06,KIA,STONIC,Corporate,ICE,Gasolina,UKL1,REST,Standard,SAV,354
2026,06,KIA,STONIC,Private,ICE,Gasolina,UKL1,REST,Standard,SAV,300
2026,06,KIA,STONIC,RAC,ICE,Gasolina,UKL1,REST,Standard,SAV,295
2026,06,KIA,XCEED,Corporate,ICE,Diesel Mild Hybrid,UKL2,REST,Standard,HACH 5P,116
2026,06,KIA,XCEED,Private,ICE,Diesel Mild Hybrid,UKL2,REST,Standard,HACH 5P,526
2026,06,KIA,XCEED,RAC,ICE,Diesel Mild Hybrid,UKL2,REST,Standard,HACH 5P,301
2026,06,KIOTI,,Private,ICE,Diesel,,,,,1
2026,06,KNAUS,,Private,ICE,Diesel,,,,,14
2026,06,KRISMAR,,Corporate,ICE,Diesel,,,,,1
2026,06,KUBOTA,,Corporate,ICE,Diesel,,,,,3
2026,06,LA JUNQUERA,,Corporate,ICE,Diesel,,,,,1
2026,06,LANCIA,YPSILON,Corporate,ICE,Electrico,UKL1,REST,Standard,HACH 5P,27
2026,06,LANCIA,YPSILON,Private,ICE,Electrico,UKL1,REST,Standard,HACH 5P,4
2026,06,LAND ROVER,,Private,ICE,Gasolina,,,,,2
2026,06,LAND ROVER,DEFENDER,Corporate,ICE,Diesel Mild Hybrid,MKL,FOCUS SEGMENT,Standard,SUV,25
2026,06,LAND ROVER,DEFENDER,Corporate,PHEV,Diesel Mild Hybrid,MKL,FOCUS SEGMENT,Standard,SUV,7
2026,06,LAND ROVER,DEFENDER,Private,ICE,Diesel Mild Hybrid,MKL,FOCUS SEGMENT,Standard,SUV,15
2026,06,LAND ROVER,DEFENDER,Private,PHEV,Diesel Mild Hybrid,MKL,FOCUS SEGMENT,Standard,SUV,2
2026,06,LAND ROVER,DEFENDER,RAC,ICE,Diesel Mild Hybrid,MKL,FOCUS SEGMENT,Standard,SUV,17
2026,06,LAND ROVER,DISCOVERY,Corporate,ICE,Diesel,MKL,FOCUS SEGMENT,Standard,SUV,1
2026,06,LAND ROVER,DISCOVERY,RAC,ICE,Diesel,MKL,FOCUS SEGMENT,Standard,SUV,1
2026,06,LAND ROVER,RANGE ROVER,Corporate,ICE,Diesel Mild Hybrid,GKL,FOCUS SEGMENT,Standard,SAV,9
2026,06,LAND ROVER,RANGE ROVER,Corporate,PHEV,Diesel Mild Hybrid,GKL,FOCUS SEGMENT,Standard,SAV,18
2026,06,LAND ROVER,RANGE ROVER,Private,ICE,Diesel Mild Hybrid,GKL,FOCUS SEGMENT,Standard,SAV,3
2026,06,LAND ROVER,RANGE ROVER,Private,PHEV,Diesel Mild Hybrid,GKL,FOCUS SEGMENT,Standard,SAV,5
2026,06,LAND ROVER,RANGE ROVER EVOQUE,Corporate,ICE,Diesel,UKL2,FOCUS SEGMENT,Standard,SAV,4
2026,06,LAND ROVER,RANGE ROVER EVOQUE,Corporate,PHEV,Diesel,UKL2,FOCUS SEGMENT,Standard,SAV,19
2026,06,LAND ROVER,RANGE ROVER EVOQUE,Private,ICE,Diesel,UKL2,FOCUS SEGMENT,Standard,SAV,1
2026,06,LAND ROVER,RANGE ROVER EVOQUE,Private,PHEV,Diesel,UKL2,FOCUS SEGMENT,Standard,SAV,3
2026,06,LAND ROVER,RANGE ROVER EVOQUE,RAC,ICE,Diesel,UKL2,FOCUS SEGMENT,Standard,SAV,2
2026,06,LAND ROVER,RANGE ROVER SPORT,Corporate,ICE,Diesel Mild Hybrid,MKL,FOCUS SEGMENT,Standard,SAV,9
2026,06,LAND ROVER,RANGE ROVER SPORT,Corporate,PHEV,Diesel Mild Hybrid,MKL,FOCUS SEGMENT,Standard,SAV,27
2026,06,LAND ROVER,RANGE ROVER SPORT,Private,ICE,Diesel Mild Hybrid,MKL,FOCUS SEGMENT,Standard,SAV,3
2026,06,LAND ROVER,RANGE ROVER SPORT,Private,PHEV,Diesel Mild Hybrid,MKL,FOCUS SEGMENT,Standard,SAV,14
2026,06,LAND ROVER,RANGE ROVER SPORT,RAC,ICE,Diesel Mild Hybrid,MKL,FOCUS SEGMENT,Standard,SAV,1
2026,06,LAND ROVER,RANGE ROVER SPORT,RAC,PHEV,Diesel Mild Hybrid,MKL,FOCUS SEGMENT,Standard,SAV,4
2026,06,LAND ROVER,RANGE ROVER VELAR,Corporate,ICE,Diesel Mild Hybrid,MKL,FOCUS SEGMENT,Standard,SAV,9
2026,06,LAND ROVER,RANGE ROVER VELAR,Corporate,PHEV,Diesel Mild Hybrid,MKL,FOCUS SEGMENT,Standard,SAV,7
2026,06,LAND ROVER,RANGE ROVER VELAR,Private,PHEV,Diesel Mild Hybrid,MKL,FOCUS SEGMENT,Standard,SAV,1
2026,06,LAND ROVER,RANGE ROVER VELAR,RAC,PHEV,Diesel Mild Hybrid,MKL,FOCUS SEGMENT,Standard,SAV,3
2026,06,LEAPMOTOR,,Corporate,BEV,Electrico,,,,,24
2026,06,LEAPMOTOR,,Private,BEV,Electrico,,,,,193
2026,06,LEAPMOTOR,,RAC,BEV,Electrico,,,,,4
2026,06,LEAPMOTOR,C10,Corporate,BEV,Electrico,MKL,REST,Standard,SAV,12
2026,06,LEAPMOTOR,C10,Private,BEV,Electrico,MKL,REST,Standard,SAV,41
2026,06,LEAPMOTOR,C10,RAC,BEV,Electrico,MKL,REST,Standard,SAV,124
2026,06,LEAPMOTOR,T03,Corporate,BEV,Electrico,UKL0,REST,Standard,HACH 5P,11
2026,06,LEAPMOTOR,T03,Private,BEV,Electrico,UKL0,REST,Standard,HACH 5P,47
2026,06,LEXUS,ES,Corporate,BEV,Gasolina/Electrico,MKL,FOCUS SEGMENT,Standard,SEDAN,17
2026,06,LEXUS,ES,Private,ICE,Gasolina/Electrico,MKL,FOCUS SEGMENT,Standard,SEDAN,1
2026,06,LEXUS,LBX,Corporate,ICE,Gasolina/Electrico,UKL1,FOCUS SEGMENT,Standard,SAV,93
2026,06,LEXUS,LBX,Private,ICE,Gasolina/Electrico,UKL1,FOCUS SEGMENT,Standard,SAV,162
2026,06,LEXUS,LBX,RAC,ICE,Gasolina/Electrico,UKL1,FOCUS SEGMENT,Standard,SAV,134
2026,06,LEXUS,LM,Private,ICE,Gasolina/Electrico,MKL,REST,Standard,MPV,1
2026,06,LEXUS,NX,Corporate,ICE,Gasolina/Electrico,KKL,FOCUS SEGMENT,Standard,SAV,11
2026,06,LEXUS,NX,Corporate,PHEV,Gasolina/Electrico,KKL,FOCUS SEGMENT,Standard,SAV,110
2026,06,LEXUS,NX,Private,ICE,Gasolina/Electrico,KKL,FOCUS SEGMENT,Standard,SAV,24
2026,06,LEXUS,NX,Private,PHEV,Gasolina/Electrico,KKL,FOCUS SEGMENT,Standard,SAV,168
2026,06,LEXUS,NX,RAC,ICE,Gasolina/Electrico,KKL,FOCUS SEGMENT,Standard,SAV,1
2026,06,LEXUS,NX,RAC,PHEV,Gasolina/Electrico,KKL,FOCUS SEGMENT,Standard,SAV,4
2026,06,LEXUS,RX,Corporate,ICE,Gasolina/Electrico,MKL,FOCUS SEGMENT,Standard,SAV,4
2026,06,LEXUS,RX,Corporate,PHEV,Gasolina/Electrico,MKL,FOCUS SEGMENT,Standard,SAV,10
2026,06,LEXUS,RX,Private,PHEV,Gasolina/Electrico,MKL,FOCUS SEGMENT,Standard,SAV,2
2026,06,LEXUS,RZ,Corporate,BEV,Electrico,KKL,FOCUS SEGMENT,Standard,SAT,22
2026,06,LEXUS,RZ,Private,BEV,Electrico,KKL,FOCUS SEGMENT,Standard,SAT,40
2026,06,LEXUS,UX,Corporate,ICE,Electrico,UKL2,FOCUS SEGMENT,Standard,SAV,38
2026,06,LEXUS,UX,Private,ICE,Electrico,UKL2,FOCUS SEGMENT,Standard,SAV,118
2026,06,LIDERKIT,,Corporate,ICE,Diesel,,,,,10
2026,06,LIDERKIT,,RAC,ICE,Diesel,,,,,15
2026,06,LIGIER,,Corporate,BEV,Electrico,,,,,12
2026,06,LIGIER,,Corporate,ICE,Diesel,,,,,10
2026,06,LIGIER,,Private,ICE,Diesel,,,,,57
2026,06,LINHAI,,Corporate,BEV,Electrico,,,,,1
2026,06,LINHAI,,Private,BEV,Electrico,,,,,2
2026,06,LINHAI,,Private,ICE,Gasolina,,,,,1
2026,06,LIUX,,Corporate,BEV,Electrico,,,,,1
2026,06,LIVAN,,Corporate,ICE,Gasolina,,,,,1
2026,06,LIVAN,,Private,ICE,Gasolina,,,,,7
2026,06,LIVAN,X3 PRO,Corporate,ICE,Gasolina,UKL1,REST,Standard,SAV,4
2026,06,LIVAN,X3 PRO,Private,ICE,Gasolina,UKL1,REST,Standard,SAV,12
2026,06,LIVAN,X3 PRO,RAC,ICE,Gasolina,UKL1,REST,Standard,SAV,1
2026,06,LONCIN,,Corporate,ICE,Gasolina,,,,,3
2026,06,LONCIN,,Private,ICE,Gasolina,,,,,1
2026,06,LOS MAÑOS,,Corporate,ICE,Diesel,,,,,1
2026,06,LUIS GARCIA,,Private,ICE,Diesel,,,,,1
2026,06,LYNK & CO,,Corporate,BEV,Electrico,,,,,8
2026,06,LYNK & CO,,Corporate,PHEV,Gasolina/Electrico Enchufable,,,,,96
2026,06,LYNK & CO,,Private,BEV,Electrico,,,,,25
2026,06,LYNK & CO,,Private,PHEV,Gasolina/Electrico Enchufable,,,,,34
2026,06,LYNK & CO,,RAC,BEV,Electrico,,,,,1
2026,06,LYNK & CO,,RAC,PHEV,Gasolina/Electrico Enchufable,,,,,40
2026,06,LYNK & CO,LYNK&CO 01,Corporate,PHEV,Gasolina/Electrico Enchufable,UKL2,REST,Standard,SAV,26
2026,06,LYNK & CO,LYNK&CO 01,Private,PHEV,Gasolina/Electrico Enchufable,UKL2,REST,Standard,SAV,18
2026,06,LYNK & CO,LYNK&CO 01,RAC,PHEV,Gasolina/Electrico Enchufable,UKL2,REST,Standard,SAV,110
2026,06,MAN,,Corporate,ICE,Diesel,,,,,1
2026,06,MAN,,Private,ICE,Diesel,,,,,1
2026,06,MAN,,RAC,ICE,Diesel,,,,,8
2026,06,MAN,TGE,Corporate,ICE,Diesel,SKL,REST,Standard,TRANSPORTER,33
2026,06,MAN,TGE,Private,ICE,Diesel,SKL,REST,Standard,TRANSPORTER,32
2026,06,MAN,TGE,RAC,ICE,Diesel,SKL,REST,Standard,TRANSPORTER,36
2026,06,MANITOU,,Corporate,ICE,Diesel,,,,,1
2026,06,MANUEL ZUÑIGA MARTINEZ,,Corporate,ICE,Diesel,,,,,1
2026,06,MASERATI,GRECALE,Corporate,ICE,Gasolina,KKL,FOCUS SEGMENT,Standard,SAV,8
2026,06,MASERATI,GRECALE,Private,ICE,Gasolina,KKL,FOCUS SEGMENT,Standard,SAV,5
2026,06,MASERATI,GRECALE,RAC,ICE,Gasolina,KKL,FOCUS SEGMENT,Standard,SAV,1
2026,06,MAXUS,,Corporate,BEV,Electrico,,,,,2
2026,06,MAXUS,,Corporate,ICE,Diesel,,,,,13
2026,06,MAXUS,,Private,BEV,Electrico,,,,,2
2026,06,MAXUS,,Private,ICE,Diesel,,,,,18
2026,06,MAXUS,DELIVER 3,Corporate,BEV,Electrico,SKL,REST,Standard,TRANSPORTER,2
2026,06,MAXUS,DELIVER 7,Corporate,ICE,Diesel,SKL,REST,Standard,TRANSPORTER,5
2026,06,MAXUS,DELIVER 7,Private,ICE,Diesel,SKL,REST,Standard,TRANSPORTER,3
2026,06,MAXUS,DELIVER 9,Corporate,ICE,Diesel,SKL,REST,Standard,TRANSPORTER,20
2026,06,MAXUS,DELIVER 9,Private,ICE,Diesel,SKL,REST,Standard,TRANSPORTER,10
2026,06,MAXUS,DELIVER 9,RAC,ICE,Diesel,SKL,REST,Standard,TRANSPORTER,5
2026,06,MAZDA,,Corporate,BEV,Electrico,,,,,13
2026,06,MAZDA,,Corporate,ICE,Gasolina,,,,,1
2026,06,MAZDA,,Private,BEV,Electrico,,,,,54
2026,06,MAZDA,CX30,Corporate,ICE,Gasolina Mild Hybrid,UKL2,REST,Standard,SAV,142
2026,06,MAZDA,CX30,Private,ICE,Gasolina Mild Hybrid,UKL2,REST,Standard,SAV,383
2026,06,MAZDA,CX30,RAC,ICE,Gasolina Mild Hybrid,UKL2,REST,Standard,SAV,59
2026,06,MAZDA,CX5,Corporate,ICE,Diesel,UKL2,REST,Standard,SAV,133
2026,06,MAZDA,CX5,Private,ICE,Diesel,UKL2,REST,Standard,SAV,486
2026,06,MAZDA,CX5,RAC,ICE,Diesel,UKL2,REST,Standard,SAV,1
2026,06,MAZDA,CX60,Corporate,ICE,Diesel Mild Hybrid,KKL,REST,Standard,SAV,63
2026,06,MAZDA,CX60,Corporate,PHEV,Diesel Mild Hybrid,KKL,REST,Standard,SAV,21
2026,06,MAZDA,CX60,Private,ICE,Diesel Mild Hybrid,KKL,REST,Standard,SAV,24
2026,06,MAZDA,CX60,Private,PHEV,Diesel Mild Hybrid,KKL,REST,Standard,SAV,31
2026,06,MAZDA,CX80,Corporate,ICE,Diesel Mild Hybrid,KKL,REST,Standard,SAV,10
2026,06,MAZDA,CX80,Corporate,PHEV,Diesel Mild Hybrid,KKL,REST,Standard,SAV,7
2026,06,MAZDA,CX80,Private,ICE,Diesel Mild Hybrid,KKL,REST,Standard,SAV,4
2026,06,MAZDA,CX80,Private,PHEV,Diesel Mild Hybrid,KKL,REST,Standard,SAV,3
2026,06,MAZDA,MAZDA 2,Corporate,ICE,Gasolina Mild Hybrid,UKL1,REST,Standard,HACH 5P,24
2026,06,MAZDA,MAZDA 2,Private,ICE,Gasolina Mild Hybrid,UKL1,REST,Standard,HACH 5P,67
2026,06,MAZDA,MAZDA 3,Corporate,ICE,Gasolina Mild Hybrid,UKL2,REST,Standard,SEDAN,33
2026,06,MAZDA,MAZDA 3,Private,ICE,Gasolina Mild Hybrid,UKL2,REST,Standard,SEDAN,122
2026,06,MAZDA,MAZDA 3,RAC,ICE,Gasolina Mild Hybrid,UKL2,REST,Standard,SEDAN,49
2026,06,MAZDA,MX-30,Private,PHEV,Electrico,UKL2,REST,Standard,HACH 5P,2
2026,06,MAZDA,MX-5,Corporate,ICE,Gasolina,UKL2,REST,Standard,ROADSTER,11
2026,06,MAZDA,MX-5,Private,ICE,Gasolina,UKL2,REST,Standard,ROADSTER,38
2026,06,MAZDA,MX-5,RAC,ICE,Gasolina,UKL2,REST,Standard,ROADSTER,2
2026,06,MC LOUIS,,Corporate,ICE,Diesel,,,,,2
2026,06,MC LOUIS,,Private,ICE,Diesel,,,,,27
2026,06,MC LOUIS,,Private,ICE,Gasolina,,,,,1
2026,06,MC LOUIS,,RAC,ICE,Diesel,,,,,16
2026,06,MCLOUIS,,Corporate,ICE,Diesel,,,,,1
2026,06,MCLOUIS,,Private,ICE,Diesel,,,,,50
2026,06,MCLOUIS,,RAC,ICE,Diesel,,,,,8
2026,06,MEBAUTO,,Corporate,ICE,Diesel,,,,,36
2026,06,MEBAUTO,,Private,ICE,Diesel,,,,,2
2026,06,MEBAUTO,,RAC,ICE,Diesel,,,,,26
2026,06,MENGERLER,,Corporate,ICE,Diesel,,,,,1
2026,06,MERCEDES,,Corporate,BEV,Electrico,,,,,44
2026,06,MERCEDES,,Corporate,ICE,Diesel,,,,,35
2026,06,MERCEDES,,Corporate,ICE,Gasolina,,,,,1
2026,06,MERCEDES,,Private,ICE,Diesel,,,,,1
2026,06,MERCEDES,,RAC,ICE,Diesel,,,,,4
2026,06,MERCEDES,CITAN,Corporate,ICE,Diesel,SKL,REST,Standard,TRANSPORTER,122
2026,06,MERCEDES,CITAN,Private,ICE,Diesel,SKL,REST,Standard,TRANSPORTER,6
2026,06,MERCEDES,CITAN,RAC,ICE,Diesel,SKL,REST,Standard,TRANSPORTER,96
2026,06,MERCEDES,CLASE A,Corporate,ICE,Diesel,UKL2,FOCUS SEGMENT,Standard,SEDAN,90
2026,06,MERCEDES,CLASE A,Corporate,PHEV,Diesel,UKL2,FOCUS SEGMENT,Standard,SEDAN,67
2026,06,MERCEDES,CLASE A,Private,ICE,Diesel,UKL2,FOCUS SEGMENT,Standard,SEDAN,52
2026,06,MERCEDES,CLASE A,Private,PHEV,Diesel,UKL2,FOCUS SEGMENT,Standard,SEDAN,44
2026,06,MERCEDES,CLASE A,RAC,ICE,Diesel,UKL2,FOCUS SEGMENT,Standard,SEDAN,28
2026,06,MERCEDES,CLASE A,RAC,PHEV,Diesel,UKL2,FOCUS SEGMENT,Standard,SEDAN,9
2026,06,MERCEDES,CLASE B,Corporate,ICE,Diesel,UKL2,FOCUS SEGMENT,Standard,SAT,1
2026,06,MERCEDES,CLASE B,Corporate,PHEV,Diesel,UKL2,FOCUS SEGMENT,Standard,SAT,6
2026,06,MERCEDES,CLASE C,Corporate,ICE,Diesel,KKL,FOCUS SEGMENT,Standard,CABRIO,168
2026,06,MERCEDES,CLASE C,Corporate,PHEV,Diesel,KKL,FOCUS SEGMENT,Standard,CABRIO,29
2026,06,MERCEDES,CLASE C,Private,ICE,Diesel,KKL,FOCUS SEGMENT,Standard,CABRIO,14
2026,06,MERCEDES,CLASE C,Private,PHEV,Diesel,KKL,FOCUS SEGMENT,Standard,CABRIO,3
2026,06,MERCEDES,CLASE C,RAC,ICE,Diesel,KKL,FOCUS SEGMENT,Standard,CABRIO,4
2026,06,MERCEDES,CLASE CLA,Corporate,BEV,Diesel,UKL2,FOCUS SEGMENT,Standard,ESTATE,93
2026,06,MERCEDES,CLASE CLA,Corporate,ICE,Diesel,UKL2,FOCUS SEGMENT,Standard,ESTATE,80
2026,06,MERCEDES,CLASE CLA,Private,BEV,Diesel,UKL2,FOCUS SEGMENT,Standard,ESTATE,97
2026,06,MERCEDES,CLASE CLA,Private,ICE,Diesel,UKL2,FOCUS SEGMENT,Standard,ESTATE,43
2026,06,MERCEDES,CLASE CLA,RAC,BEV,Diesel,UKL2,FOCUS SEGMENT,Standard,ESTATE,5
2026,06,MERCEDES,CLASE CLA,RAC,ICE,Diesel,UKL2,FOCUS SEGMENT,Standard,ESTATE,9
2026,06,MERCEDES,CLASE CLE,Corporate,ICE,Diesel Mild Hybrid,MKL,FOCUS SEGMENT,Standard,COUPE,54
2026,06,MERCEDES,CLASE CLE,Corporate,PHEV,Diesel Mild Hybrid,MKL,FOCUS SEGMENT,Standard,COUPE,8
2026,06,MERCEDES,CLASE CLE,Private,ICE,Diesel Mild Hybrid,MKL,FOCUS SEGMENT,Standard,COUPE,21
2026,06,MERCEDES,CLASE CLE,Private,PHEV,Diesel Mild Hybrid,MKL,FOCUS SEGMENT,Standard,COUPE,2
2026,06,MERCEDES,CLASE CLE,RAC,ICE,Diesel Mild Hybrid,MKL,FOCUS SEGMENT,Standard,COUPE,43
2026,06,MERCEDES,CLASE E,Corporate,ICE,Diesel,MKL,FOCUS SEGMENT,Standard,SEDAN,56
2026,06,MERCEDES,CLASE E,Corporate,PHEV,Diesel,MKL,FOCUS SEGMENT,Standard,SEDAN,28
2026,06,MERCEDES,CLASE E,Private,ICE,Diesel,MKL,FOCUS SEGMENT,Standard,SEDAN,7
2026,06,MERCEDES,CLASE E,Private,PHEV,Diesel,MKL,FOCUS SEGMENT,Standard,SEDAN,4
2026,06,MERCEDES,CLASE E,RAC,ICE,Diesel,MKL,FOCUS SEGMENT,Standard,SEDAN,2
2026,06,MERCEDES,CLASE E,RAC,PHEV,Diesel,MKL,FOCUS SEGMENT,Standard,SEDAN,9
2026,06,MERCEDES,CLASE G,Corporate,BEV,Diesel,GKL,FOCUS SEGMENT,Standard,SAV,2
2026,06,MERCEDES,CLASE G,Corporate,ICE,Diesel,GKL,FOCUS SEGMENT,Standard,SAV,10
2026,06,MERCEDES,CLASE G,Private,BEV,Diesel,GKL,FOCUS SEGMENT,Standard,SAV,1
2026,06,MERCEDES,CLASE G,Private,ICE,Diesel,GKL,FOCUS SEGMENT,Standard,SAV,7
2026,06,MERCEDES,CLASE G,RAC,ICE,Diesel,GKL,FOCUS SEGMENT,Standard,SAV,3
2026,06,MERCEDES,CLASE GLA,Corporate,ICE,Diesel,UKL2,FOCUS SEGMENT,Standard,SAV,198
2026,06,MERCEDES,CLASE GLA,Corporate,PHEV,Diesel,UKL2,FOCUS SEGMENT,Standard,SAV,117
2026,06,MERCEDES,CLASE GLA,Private,ICE,Diesel,UKL2,FOCUS SEGMENT,Standard,SAV,154
2026,06,MERCEDES,CLASE GLA,Private,PHEV,Diesel,UKL2,FOCUS SEGMENT,Standard,SAV,84
2026,06,MERCEDES,CLASE GLA,RAC,ICE,Diesel,UKL2,FOCUS SEGMENT,Standard,SAV,86
2026,06,MERCEDES,CLASE GLA,RAC,PHEV,Diesel,UKL2,FOCUS SEGMENT,Standard,SAV,79
2026,06,MERCEDES,CLASE GLB,Corporate,BEV,Diesel,UKL2,FOCUS SEGMENT,Standard,SAV,61
2026,06,MERCEDES,CLASE GLB,Corporate,ICE,Diesel,UKL2,FOCUS SEGMENT,Standard,SAV,137
2026,06,MERCEDES,CLASE GLB,Private,BEV,Diesel,UKL2,FOCUS SEGMENT,Standard,SAV,35
2026,06,MERCEDES,CLASE GLB,Private,ICE,Diesel,UKL2,FOCUS SEGMENT,Standard,SAV,21
2026,06,MERCEDES,CLASE GLC,Corporate,BEV,Diesel,KKL,FOCUS SEGMENT,Standard,SAV,71
2026,06,MERCEDES,CLASE GLC,Corporate,ICE,Diesel,KKL,FOCUS SEGMENT,Standard,SAV,352
2026,06,MERCEDES,CLASE GLC,Corporate,PHEV,Diesel,KKL,FOCUS SEGMENT,Standard,SAV,375
2026,06,MERCEDES,CLASE GLC,Private,BEV,Diesel,KKL,FOCUS SEGMENT,Standard,SAV,20
2026,06,MERCEDES,CLASE GLC,Private,ICE,Diesel,KKL,FOCUS SEGMENT,Standard,SAV,119
2026,06,MERCEDES,CLASE GLC,Private,PHEV,Diesel,KKL,FOCUS SEGMENT,Standard,SAV,121
2026,06,MERCEDES,CLASE GLC,RAC,ICE,Diesel,KKL,FOCUS SEGMENT,Standard,SAV,33
2026,06,MERCEDES,CLASE GLC,RAC,PHEV,Diesel,KKL,FOCUS SEGMENT,Standard,SAV,2
2026,06,MERCEDES,CLASE GLE,Corporate,ICE,Diesel,MKL,FOCUS SEGMENT,Standard,SAV,59
2026,06,MERCEDES,CLASE GLE,Corporate,PHEV,Diesel,MKL,FOCUS SEGMENT,Standard,SAV,100
2026,06,MERCEDES,CLASE GLE,Private,ICE,Diesel,MKL,FOCUS SEGMENT,Standard,SAV,11
2026,06,MERCEDES,CLASE GLE,Private,PHEV,Diesel,MKL,FOCUS SEGMENT,Standard,SAV,19
2026,06,MERCEDES,CLASE GLE,RAC,ICE,Diesel,MKL,FOCUS SEGMENT,Standard,SAV,2
2026,06,MERCEDES,CLASE GLE,RAC,PHEV,Diesel,MKL,FOCUS SEGMENT,Standard,SAV,6
2026,06,MERCEDES,CLASE GLS,Corporate,ICE,Diesel,GKL,FOCUS SEGMENT,Standard,SAV,16
2026,06,MERCEDES,CLASE GLS,RAC,ICE,Diesel,GKL,FOCUS SEGMENT,Standard,SAV,1
2026,06,MERCEDES,CLASE S,Corporate,ICE,Diesel,GKL,FOCUS SEGMENT,Standard,SEDAN,6
2026,06,MERCEDES,CLASE S,Corporate,PHEV,Diesel,GKL,FOCUS SEGMENT,Standard,SEDAN,1
2026,06,MERCEDES,CLASE S,Private,ICE,Diesel,GKL,FOCUS SEGMENT,Standard,SEDAN,3
2026,06,MERCEDES,CLASE S,RAC,ICE,Diesel,GKL,FOCUS SEGMENT,Standard,SEDAN,1
2026,06,MERCEDES,CLASE T,Corporate,ICE,Diesel,SKL,REST,Standard,TRANSPORTER,50
2026,06,MERCEDES,CLASE T,Private,ICE,Diesel,SKL,REST,Standard,TRANSPORTER,9
2026,06,MERCEDES,CLASE T,RAC,ICE,Diesel,SKL,REST,Standard,TRANSPORTER,4
2026,06,MERCEDES,CLASE V,Corporate,ICE,Diesel,MKL,REST,Standard,MPV,100
2026,06,MERCEDES,CLASE V,Private,ICE,Diesel,MKL,REST,Standard,MPV,19
2026,06,MERCEDES,CLASE V,RAC,ICE,Diesel,MKL,REST,Standard,MPV,96
2026,06,MERCEDES,ECITAN,Private,BEV,Electrico,SKL,REST,Standard,TRANSPORTER,1
2026,06,MERCEDES,EQA,Corporate,BEV,Electrico,UKL2,FOCUS SEGMENT,Standard,SAV,42
2026,06,MERCEDES,EQA,Private,BEV,Electrico,UKL2,FOCUS SEGMENT,Standard,SAV,82
2026,06,MERCEDES,EQA,RAC,BEV,Electrico,UKL2,FOCUS SEGMENT,Standard,SAV,12
2026,06,MERCEDES,EQB,Corporate,BEV,Electrico,UKL2,FOCUS SEGMENT,Standard,SAV,2
2026,06,MERCEDES,EQB,Private,BEV,Electrico,UKL2,FOCUS SEGMENT,Standard,SAV,2
2026,06,MERCEDES,EQE,Corporate,BEV,Electrico,MKL,FOCUS SEGMENT,Standard,SEDAN,43
2026,06,MERCEDES,EQE,Private,BEV,Electrico,MKL,FOCUS SEGMENT,Standard,SEDAN,28
2026,06,MERCEDES,EQS,Corporate,BEV,Electrico,GKL,FOCUS SEGMENT,Standard,SEDAN,2
2026,06,MERCEDES,EQT,Corporate,BEV,Electrico,SKL,REST,Standard,TRANSPORTER,1
2026,06,MERCEDES,EQV,Corporate,BEV,Electrico,MKL,REST,Standard,MPV,2
2026,06,MERCEDES,EQV,Private,BEV,Electrico,MKL,REST,Standard,MPV,1
2026,06,MERCEDES,MARCO POLO,Corporate,ICE,Diesel,SKL,REST,Standard,TRANSPORTER,3
2026,06,MERCEDES,MARCO POLO,Private,ICE,Diesel,SKL,REST,Standard,TRANSPORTER,1
2026,06,MERCEDES,SPRINTER 300,Corporate,ICE,Diesel,SKL,REST,Standard,TRANSPORTER,155
2026,06,MERCEDES,SPRINTER 300,Private,ICE,Diesel,SKL,REST,Standard,TRANSPORTER,18
2026,06,MERCEDES,SPRINTER 300,RAC,ICE,Diesel,SKL,REST,Standard,TRANSPORTER,39
2026,06,MERCEDES IDILIS,,Corporate,ICE,Diesel,,,,,2
2026,06,MERCEDES-AMG,,Corporate,ICE,Gasolina,,,,,5
2026,06,MERCEDES-AMG,,Private,ICE,Gasolina,,,,,2
2026,06,MERCEDES-V,,Corporate,BEV,Electrico,,,,,8
2026,06,MERCEDES-V,VITO,Corporate,ICE,Diesel,SKL,REST,Standard,TRANSPORTER,130
2026,06,MERCEDES-V,VITO,Private,ICE,Diesel,SKL,REST,Standard,TRANSPORTER,46
2026,06,MERCEDES-V,VITO,RAC,ICE,Diesel,SKL,REST,Standard,TRANSPORTER,206
2026,06,MERCUS,,Private,ICE,Diesel,,,,,1
2026,06,MG,,Corporate,BEV,Electrico,,,,,9
2026,06,MG,,Corporate,ICE,Gasolina,,,,,47
2026,06,MG,,Corporate,PHEV,Gasolina/Electrico Enchufable,,,,,5
2026,06,MG,,Private,BEV,Electrico,,,,,35
2026,06,MG,,Private,ICE,Gasolina,,,,,361
2026,06,MG,,Private,PHEV,Gasolina/Electrico Enchufable,,,,,54
2026,06,MG,,RAC,ICE,Gasolina,,,,,1050
2026,06,MG,HS,Corporate,ICE,Gasolina,KKL,REST,Standard,SAV,21
2026,06,MG,HS,Corporate,PHEV,Gasolina,KKL,REST,Standard,SAV,17
2026,06,MG,HS,Private,ICE,Gasolina,KKL,REST,Standard,SAV,176
2026,06,MG,HS,Private,PHEV,Gasolina,KKL,REST,Standard,SAV,230
2026,06,MG,HS,RAC,ICE,Gasolina,KKL,REST,Standard,SAV,228
2026,06,MG,MG 4,Corporate,BEV,Electrico,UKL2,REST,Standard,HACH 5P,9
2026,06,MG,MG 4,Private,BEV,Electrico,UKL2,REST,Standard,HACH 5P,41
2026,06,MG,ZS,Corporate,ICE,Gasolina,UKL1,REST,Standard,SAV,75
2026,06,MG,ZS,Private,ICE,Gasolina,UKL1,REST,Standard,SAV,1128
2026,06,MG,ZS,RAC,ICE,Gasolina,UKL1,REST,Standard,SAV,853
2026,06,MINGHONG-POWER,,Corporate,BEV,Electrico,,,,,6
2026,06,MINI,COUNTRYMAN,Corporate,BEV,Diesel,UKL2,FOCUS SEGMENT,Standard,SAV,26
2026,06,MINI,COUNTRYMAN,Corporate,ICE,Diesel,UKL2,FOCUS SEGMENT,Standard,SAV,68
2026,06,MINI,COUNTRYMAN,Private,BEV,Diesel,UKL2,FOCUS SEGMENT,Standard,SAV,45
2026,06,MINI,COUNTRYMAN,Private,ICE,Diesel,UKL2,FOCUS SEGMENT,Standard,SAV,51
2026,06,MINI,COUNTRYMAN,RAC,BEV,Diesel,UKL2,FOCUS SEGMENT,Standard,SAV,9
2026,06,MINI,COUNTRYMAN,RAC,ICE,Diesel,UKL2,FOCUS SEGMENT,Standard,SAV,89
2026,06,MINI,HATCHBACK,Corporate,BEV,Electrico,UKL1,FOCUS SEGMENT,Standard,HACH 3P,96
2026,06,MINI,HATCHBACK,Corporate,ICE,Electrico,UKL1,FOCUS SEGMENT,Standard,HACH 3P,138
2026,06,MINI,HATCHBACK,Private,BEV,Electrico,UKL1,FOCUS SEGMENT,Standard,HACH 3P,158
2026,06,MINI,HATCHBACK,Private,ICE,Electrico,UKL1,FOCUS SEGMENT,Standard,HACH 3P,179
2026,06,MINI,HATCHBACK,RAC,BEV,Electrico,UKL1,FOCUS SEGMENT,Standard,HACH 3P,8
2026,06,MINI,HATCHBACK,RAC,ICE,Electrico,UKL1,FOCUS SEGMENT,Standard,HACH 3P,320
2026,06,MINIBUS LUXURY,,Corporate,ICE,Diesel,,,,,1
2026,06,MITSUBISHI,,Corporate,ICE,Diesel,,,,,1
2026,06,MITSUBISHI,,Corporate,ICE,Gasolina,,,,,5
2026,06,MITSUBISHI,,Private,ICE,Diesel,,,,,1
2026,06,MITSUBISHI,,Private,ICE,Gasolina,,,,,37
2026,06,MITSUBISHI,,RAC,ICE,Gasolina,,,,,177
2026,06,MITSUBISHI,ASX,Corporate,ICE,Gasolina,UKL2,REST,Standard,SAV,112
2026,06,MITSUBISHI,ASX,Private,ICE,Gasolina,UKL2,REST,Standard,SAV,58
2026,06,MITSUBISHI,ASX,RAC,ICE,Gasolina,UKL2,REST,Standard,SAV,195
2026,06,MITSUBISHI,COLT,Corporate,ICE,Gasolina,UKL1,REST,Standard,HACH 3P,9
2026,06,MITSUBISHI,COLT,Private,ICE,Gasolina,UKL1,REST,Standard,HACH 3P,3
2026,06,MITSUBISHI,ECLIPSE CROSS,Corporate,BEV,Gasolina/Electrico Enchufable,UKL2,REST,Standard,SAV,2
2026,06,MITSUBISHI,ECLIPSE CROSS,Private,BEV,Gasolina/Electrico Enchufable,UKL2,REST,Standard,SAV,1
2026,06,MITSUBISHI,OUTLANDER,Corporate,PHEV,Gasolina,KKL,REST,Standard,SAV,23
2026,06,MITSUBISHI,OUTLANDER,Private,PHEV,Gasolina,KKL,REST,Standard,SAV,72
2026,06,MITSUBISHI FUSO,,Corporate,ICE,Diesel,,,,,4
2026,06,MITSUBISHI FUSO,,RAC,ICE,Diesel,,,,,1
2026,06,MOBILVETTA,,Corporate,ICE,Diesel,,,,,1
2026,06,MOBILVETTA DESIGN,,Private,ICE,Diesel,,,,,4
2026,06,MOBILVETTA DESIGN,,RAC,ICE,Diesel,,,,,3
2026,06,MODELCAR HNOS,,RAC,ICE,Diesel,,,,,2
2026,06,MOKE INTERNATIONAL LTD,,Corporate,ICE,Gasolina,,,,,2
2026,06,MOKE INTERNATIONAL LTD,,RAC,BEV,Electrico,,,,,4
2026,06,MORELO,,RAC,ICE,Diesel,,,,,1
2026,06,MOTO STAR,,Corporate,ICE,Gasolina,,,,,3
2026,06,MOTO STAR,,Private,ICE,Gasolina,,,,,1
2026,06,MOVEX,,Corporate,ICE,Diesel,,,,,7
2026,06,MULTIGOM,,Corporate,ICE,Diesel,,,,,1
2026,06,MULTITEL,,Corporate,ICE,Diesel,,,,,4
2026,06,MULTITEL,,RAC,ICE,Diesel,,,,,10
2026,06,MYCSA,,Corporate,ICE,Diesel,,,,,1
2026,06,NISSAN,,Corporate,BEV,Electrico,,,,,1
2026,06,NISSAN,,Corporate,ICE,Gasolina,,,,,1
2026,06,NISSAN,ARIYA,Corporate,BEV,Electrico,UKL2,REST,Standard,SAV,10
2026,06,NISSAN,ARIYA,Private,BEV,Electrico,UKL2,REST,Standard,SAV,8
2026,06,NISSAN,INTERSTAR,Corporate,ICE,Diesel,SKL,REST,Standard,TRANSPORTER,38
2026,06,NISSAN,INTERSTAR,Private,ICE,Diesel,SKL,REST,Standard,TRANSPORTER,7
2026,06,NISSAN,INTERSTAR,RAC,ICE,Diesel,SKL,REST,Standard,TRANSPORTER,1
2026,06,NISSAN,JUKE,Corporate,ICE,Gasolina,UKL1,REST,Standard,SAV,164
2026,06,NISSAN,JUKE,Private,ICE,Gasolina,UKL1,REST,Standard,SAV,217
2026,06,NISSAN,JUKE,RAC,ICE,Gasolina,UKL1,REST,Standard,SAV,67
2026,06,NISSAN,LEAF,Corporate,BEV,Electrico,UKL2,REST,Standard,HACH 5P,4
2026,06,NISSAN,LEAF,Private,BEV,Electrico,UKL2,REST,Standard,HACH 5P,1
2026,06,NISSAN,MICRA,Corporate,BEV,Gasolina,UKL1,REST,Standard,HACH 5P,10
2026,06,NISSAN,MICRA,Private,BEV,Gasolina,UKL1,REST,Standard,HACH 5P,41
2026,06,NISSAN,PRIMASTAR,Corporate,ICE,Diesel,SKL,REST,Standard,TRANSPORTER,26
2026,06,NISSAN,PRIMASTAR,Private,ICE,Diesel,SKL,REST,Standard,TRANSPORTER,5
2026,06,NISSAN,QASHQAI,Corporate,ICE,Gasolina Mild Hybrid,UKL2,REST,Standard,SAT,637
2026,06,NISSAN,QASHQAI,Private,ICE,Gasolina Mild Hybrid,UKL2,REST,Standard,SAT,497
2026,06,NISSAN,QASHQAI,RAC,ICE,Gasolina Mild Hybrid,UKL2,REST,Standard,SAT,116
2026,06,NISSAN,TOWNSTAR,Corporate,BEV,Electrico,SKL,REST,Standard,TRANSPORTER,10
2026,06,NISSAN,TOWNSTAR,Corporate,ICE,Electrico,SKL,REST,Standard,TRANSPORTER,28
2026,06,NISSAN,TOWNSTAR,Private,BEV,Electrico,SKL,REST,Standard,TRANSPORTER,3
2026,06,NISSAN,TOWNSTAR,Private,ICE,Electrico,SKL,REST,Standard,TRANSPORTER,18
2026,06,NISSAN,TOWNSTAR,RAC,ICE,Electrico,SKL,REST,Standard,TRANSPORTER,1
2026,06,NISSAN,X-TRAIL,Corporate,ICE,Gasolina,KKL,REST,Standard,SUV,63
2026,06,NISSAN,X-TRAIL,Private,ICE,Gasolina,KKL,REST,Standard,SUV,123
2026,06,NISSAN,X-TRAIL,RAC,ICE,Gasolina,KKL,REST,Standard,SUV,9
2026,06,NOMADE NATION,,Corporate,ICE,Diesel,,,,,1
2026,06,NOROESTE,,Corporate,ICE,Diesel,,,,,2
2026,06,NOROESTE,,Private,ICE,Diesel,,,,,1
2026,06,ODES,,Private,ICE,Gasolina,,,,,2
2026,06,OHM,,Corporate,BEV,Electrico,,,,,1
2026,06,OIL&STEEL,,Corporate,ICE,Diesel,,,,,2
2026,06,OMODA,,Corporate,PHEV,Gasolina/Electrico Enchufable,,,,,115
2026,06,OMODA,,Private,PHEV,Gasolina/Electrico Enchufable,,,,,315
2026,06,OMODA,,RAC,PHEV,Gasolina/Electrico Enchufable,,,,,232
2026,06,OMODA,OMODA 5,Corporate,BEV,Gasolina,UKL2,REST,Standard,HACH 5P,7
2026,06,OMODA,OMODA 5,Corporate,ICE,Gasolina,UKL2,REST,Standard,HACH 5P,103
2026,06,OMODA,OMODA 5,Private,BEV,Gasolina,UKL2,REST,Standard,HACH 5P,49
2026,06,OMODA,OMODA 5,Private,ICE,Gasolina,UKL2,REST,Standard,HACH 5P,572
2026,06,OMODA,OMODA 5,RAC,ICE,Gasolina,UKL2,REST,Standard,HACH 5P,706
2026,06,ONTIYENT,,Corporate,ICE,Diesel,,,,,1
2026,06,OPEL,,Corporate,BEV,Electrico,,,,,7
2026,06,OPEL,,Corporate,ICE,Gasolina,,,,,59
2026,06,OPEL,,Private,BEV,Electrico,,,,,68
2026,06,OPEL,,Private,ICE,Gasolina,,,,,57
2026,06,OPEL,,RAC,BEV,Electrico,,,,,5
2026,06,OPEL,,RAC,ICE,Gasolina,,,,,163
2026,06,OPEL,ASTRA,Corporate,BEV,Diesel,UKL2,REST,Standard,HACH 5P,1
2026,06,OPEL,ASTRA,Corporate,ICE,Diesel,UKL2,REST,Standard,HACH 5P,3
2026,06,OPEL,ASTRA,Corporate,PHEV,Diesel,UKL2,REST,Standard,HACH 5P,17
2026,06,OPEL,ASTRA,Private,ICE,Diesel,UKL2,REST,Standard,HACH 5P,11
2026,06,OPEL,ASTRA,Private,PHEV,Diesel,UKL2,REST,Standard,HACH 5P,1
2026,06,OPEL,COMBO,Corporate,BEV,Diesel,SKL,REST,Standard,TRANSPORTER,3
2026,06,OPEL,COMBO,Corporate,ICE,Diesel,SKL,REST,Standard,TRANSPORTER,409
2026,06,OPEL,COMBO,Private,BEV,Diesel,SKL,REST,Standard,TRANSPORTER,2
2026,06,OPEL,COMBO,Private,ICE,Diesel,SKL,REST,Standard,TRANSPORTER,36
2026,06,OPEL,COMBO,RAC,ICE,Diesel,SKL,REST,Standard,TRANSPORTER,71
2026,06,OPEL,CORSA,Corporate,ICE,Diesel,UKL1,REST,Standard,HACH 5P,857
2026,06,OPEL,CORSA,Private,BEV,Diesel,UKL1,REST,Standard,HACH 5P,3
2026,06,OPEL,CORSA,Private,ICE,Diesel,UKL1,REST,Standard,HACH 5P,154
2026,06,OPEL,CORSA,RAC,BEV,Diesel,UKL1,REST,Standard,HACH 5P,8
2026,06,OPEL,CORSA,RAC,ICE,Diesel,UKL1,REST,Standard,HACH 5P,1045
2026,06,OPEL,GRANDLAND X,Corporate,BEV,Diesel,UKL2,REST,Standard,SAV,1
2026,06,OPEL,GRANDLAND X,Corporate,ICE,Diesel,UKL2,REST,Standard,SAV,14
2026,06,OPEL,GRANDLAND X,Private,BEV,Diesel,UKL2,REST,Standard,SAV,1
2026,06,OPEL,GRANDLAND X,Private,ICE,Diesel,UKL2,REST,Standard,SAV,39
2026,06,OPEL,GRANDLAND X,RAC,ICE,Diesel,UKL2,REST,Standard,SAV,10
2026,06,OPEL,MOKKA,Corporate,ICE,Diesel,UKL1,REST,Standard,SAV,59
2026,06,OPEL,MOKKA,Private,BEV,Diesel,UKL1,REST,Standard,SAV,8
2026,06,OPEL,MOKKA,Private,ICE,Diesel,UKL1,REST,Standard,SAV,75
2026,06,OPEL,MOKKA,RAC,ICE,Diesel,UKL1,REST,Standard,SAV,512
2026,06,OPEL,MOVANO,Corporate,ICE,Diesel,SKL,REST,Standard,TRANSPORTER,30
2026,06,OPEL,MOVANO,Private,ICE,Diesel,SKL,REST,Standard,TRANSPORTER,6
2026,06,OPEL,MOVANO,RAC,ICE,Diesel,SKL,REST,Standard,TRANSPORTER,8
2026,06,OPEL,VIVARO,Corporate,BEV,Diesel,SKL,REST,Standard,TRANSPORTER,21
2026,06,OPEL,VIVARO,Corporate,ICE,Diesel,SKL,REST,Standard,TRANSPORTER,97
2026,06,OPEL,VIVARO,Private,ICE,Diesel,SKL,REST,Standard,TRANSPORTER,13
2026,06,OPEL,VIVARO,RAC,ICE,Diesel,SKL,REST,Standard,TRANSPORTER,138
2026,06,OPEL,ZAFIRA LIFE,Corporate,BEV,Diesel,SKL,REST,Standard,TRANSPORTER,1
2026,06,OPEL,ZAFIRA LIFE,Corporate,ICE,Diesel,SKL,REST,Standard,TRANSPORTER,3
2026,06,OPEL,ZAFIRA LIFE,Private,ICE,Diesel,SKL,REST,Standard,TRANSPORTER,8
2026,06,PALFINGER,,Corporate,ICE,Diesel,,,,,1
2026,06,PALFINGER,,RAC,ICE,Diesel,,,,,5
2026,06,PANAMA,,Private,ICE,Diesel,,,,,9
2026,06,PANAMA,,Private,ICE,Gasolina,,,,,1
2026,06,PANAMA,,Private,PHEV,Gasolina/Electrico Enchufable,,,,,2
2026,06,PERIANES,,Corporate,ICE,Diesel,,,,,2
2026,06,PERIANES,,Private,ICE,Diesel,,,,,1
2026,06,PERTASA,,Corporate,ICE,Diesel,,,,,3
2026,06,PEUGEOT,,Private,ICE,Diesel,,,,,2
2026,06,PEUGEOT,,RAC,ICE,Diesel,,,,,2
2026,06,PEUGEOT,2008,Corporate,BEV,Diesel,UKL1,REST,Standard,SAV,3
2026,06,PEUGEOT,2008,Corporate,ICE,Diesel,UKL1,REST,Standard,SAV,487
2026,06,PEUGEOT,2008,Private,BEV,Diesel,UKL1,REST,Standard,SAV,23
2026,06,PEUGEOT,2008,Private,ICE,Diesel,UKL1,REST,Standard,SAV,479
2026,06,PEUGEOT,2008,RAC,BEV,Diesel,UKL1,REST,Standard,SAV,22
2026,06,PEUGEOT,2008,RAC,ICE,Diesel,UKL1,REST,Standard,SAV,1121
2026,06,PEUGEOT,208,Corporate,BEV,Diesel,UKL1,REST,Standard,HACH 5P,8
2026,06,PEUGEOT,208,Corporate,ICE,Diesel,UKL1,REST,Standard,HACH 5P,925
2026,06,PEUGEOT,208,Private,BEV,Diesel,UKL1,REST,Standard,HACH 5P,20
2026,06,PEUGEOT,208,Private,ICE,Diesel,UKL1,REST,Standard,HACH 5P,237
2026,06,PEUGEOT,208,RAC,BEV,Diesel,UKL1,REST,Standard,HACH 5P,22
2026,06,PEUGEOT,208,RAC,ICE,Diesel,UKL1,REST,Standard,HACH 5P,484
2026,06,PEUGEOT,3008,Corporate,BEV,Diesel,UKL2,REST,Standard,SAT,8
2026,06,PEUGEOT,3008,Corporate,ICE,Diesel,UKL2,REST,Standard,SAT,297
2026,06,PEUGEOT,3008,Corporate,PHEV,Diesel,UKL2,REST,Standard,SAT,10
2026,06,PEUGEOT,3008,Private,BEV,Diesel,UKL2,REST,Standard,SAT,12
2026,06,PEUGEOT,3008,Private,ICE,Diesel,UKL2,REST,Standard,SAT,196
2026,06,PEUGEOT,3008,Private,PHEV,Diesel,UKL2,REST,Standard,SAT,13
2026,06,PEUGEOT,3008,RAC,ICE,Diesel,UKL2,REST,Standard,SAT,110
2026,06,PEUGEOT,308,Corporate,ICE,Diesel,UKL2,REST,Standard,ESTATE,104
2026,06,PEUGEOT,308,Corporate,PHEV,Diesel,UKL2,REST,Standard,ESTATE,11
2026,06,PEUGEOT,308,Private,BEV,Diesel,UKL2,REST,Standard,ESTATE,3
2026,06,PEUGEOT,308,Private,ICE,Diesel,UKL2,REST,Standard,ESTATE,79
2026,06,PEUGEOT,308,Private,PHEV,Diesel,UKL2,REST,Standard,ESTATE,5
2026,06,PEUGEOT,308,RAC,ICE,Diesel,UKL2,REST,Standard,ESTATE,39
2026,06,PEUGEOT,408,Corporate,BEV,Gasolina,UKL2,REST,Standard,SEDAN,2
2026,06,PEUGEOT,408,Corporate,ICE,Gasolina,UKL2,REST,Standard,SEDAN,28
2026,06,PEUGEOT,408,Corporate,PHEV,Gasolina,UKL2,REST,Standard,SEDAN,6
2026,06,PEUGEOT,408,Private,BEV,Gasolina,UKL2,REST,Standard,SEDAN,3
2026,06,PEUGEOT,408,Private,ICE,Gasolina,UKL2,REST,Standard,SEDAN,36
2026,06,PEUGEOT,408,Private,PHEV,Gasolina,UKL2,REST,Standard,SEDAN,1
2026,06,PEUGEOT,408,RAC,ICE,Gasolina,UKL2,REST,Standard,SEDAN,38
2026,06,PEUGEOT,5008,Corporate,BEV,Diesel,KKL,REST,Standard,SUV,4
2026,06,PEUGEOT,5008,Corporate,ICE,Diesel,KKL,REST,Standard,SUV,72
2026,06,PEUGEOT,5008,Corporate,PHEV,Diesel,KKL,REST,Standard,SUV,13
2026,06,PEUGEOT,5008,Private,BEV,Diesel,KKL,REST,Standard,SUV,7
2026,06,PEUGEOT,5008,Private,ICE,Diesel,KKL,REST,Standard,SUV,79
2026,06,PEUGEOT,5008,Private,PHEV,Diesel,KKL,REST,Standard,SUV,18
2026,06,PEUGEOT,5008,RAC,BEV,Diesel,KKL,REST,Standard,SUV,34
2026,06,PEUGEOT,5008,RAC,ICE,Diesel,KKL,REST,Standard,SUV,141
2026,06,PEUGEOT,BOXER,Corporate,BEV,Diesel,SKL,REST,Standard,TRANSPORTER,3
2026,06,PEUGEOT,BOXER,Corporate,ICE,Diesel,SKL,REST,Standard,TRANSPORTER,106
2026,06,PEUGEOT,BOXER,Private,ICE,Diesel,SKL,REST,Standard,TRANSPORTER,22
2026,06,PEUGEOT,BOXER,RAC,ICE,Diesel,SKL,REST,Standard,TRANSPORTER,12
2026,06,PEUGEOT,EXPERT,Corporate,BEV,Diesel,SKL,REST,Standard,TRANSPORTER,11
2026,06,PEUGEOT,EXPERT,Corporate,ICE,Diesel,SKL,REST,Standard,TRANSPORTER,172
2026,06,PEUGEOT,EXPERT,Private,ICE,Diesel,SKL,REST,Standard,TRANSPORTER,25
2026,06,PEUGEOT,EXPERT,RAC,BEV,Diesel,SKL,REST,Standard,TRANSPORTER,17
2026,06,PEUGEOT,EXPERT,RAC,ICE,Diesel,SKL,REST,Standard,TRANSPORTER,20
2026,06,PEUGEOT,PARTNER,Corporate,BEV,Diesel,SKL,REST,Standard,TRANSPORTER,15
2026,06,PEUGEOT,PARTNER,Corporate,ICE,Diesel,SKL,REST,Standard,TRANSPORTER,394
2026,06,PEUGEOT,PARTNER,Private,BEV,Diesel,SKL,REST,Standard,TRANSPORTER,5
2026,06,PEUGEOT,PARTNER,Private,ICE,Diesel,SKL,REST,Standard,TRANSPORTER,6
2026,06,PEUGEOT,PARTNER,RAC,ICE,Diesel,SKL,REST,Standard,TRANSPORTER,1
2026,06,PEUGEOT,RIFTER,Corporate,BEV,Diesel,SKL,REST,Standard,TRANSPORTER,11
2026,06,PEUGEOT,RIFTER,Corporate,ICE,Diesel,SKL,REST,Standard,TRANSPORTER,481
2026,06,PEUGEOT,RIFTER,Private,BEV,Diesel,SKL,REST,Standard,TRANSPORTER,18
2026,06,PEUGEOT,RIFTER,Private,ICE,Diesel,SKL,REST,Standard,TRANSPORTER,88
2026,06,PEUGEOT,RIFTER,RAC,ICE,Diesel,SKL,REST,Standard,TRANSPORTER,97
2026,06,PEUGEOT,TRAVELLER,Corporate,BEV,Diesel,SKL,REST,Standard,TRANSPORTER,3
2026,06,PEUGEOT,TRAVELLER,Corporate,ICE,Diesel,SKL,REST,Standard,TRANSPORTER,25
2026,06,PEUGEOT,TRAVELLER,Private,BEV,Diesel,SKL,REST,Standard,TRANSPORTER,2
2026,06,PEUGEOT,TRAVELLER,Private,ICE,Diesel,SKL,REST,Standard,TRANSPORTER,36
2026,06,PEUGEOT,TRAVELLER,RAC,BEV,Diesel,SKL,REST,Standard,TRANSPORTER,1
2026,06,PEUGEOT,TRAVELLER,RAC,ICE,Diesel,SKL,REST,Standard,TRANSPORTER,3
2026,06,PIAGGIO,PORTER,Corporate,BEV,Electrico,SKL,REST,Standard,TRANSPORTER,2
2026,06,PIAGGIO,PORTER,Corporate,ICE,Electrico,SKL,REST,Standard,TRANSPORTER,1
2026,06,PILOTE,,Private,ICE,Diesel,,,,,14
2026,06,PILOTE,,RAC,ICE,Diesel,,,,,2
2026,06,PIQUERSA,,Corporate,ICE,Diesel,,,,,1
2026,06,POLARIS,,Corporate,ICE,Diesel,,,,,2
2026,06,POLARIS,,Corporate,ICE,Gasolina,,,,,11
2026,06,POLARIS,,Private,BEV,Electrico,,,,,2
2026,06,POLARIS,,Private,ICE,Diesel,,,,,1
2026,06,POLARIS,,Private,ICE,Gasolina,,,,,11
2026,06,POLESTAR,,Corporate,BEV,Electrico,,,,,68
2026,06,POLESTAR,,Private,BEV,Electrico,,,,,50
2026,06,POLIGRUA,,Corporate,ICE,Diesel,,,,,1
2026,06,POLYCAR,,Private,ICE,Diesel,,,,,1
2026,06,PORSCHE,911,Corporate,ICE,Gasolina,GKL,FOCUS SEGMENT,M Performance,CABRIO,17
2026,06,PORSCHE,911,Private,ICE,Gasolina,GKL,FOCUS SEGMENT,M Performance,CABRIO,23
2026,06,PORSCHE,911,RAC,ICE,Gasolina,GKL,FOCUS SEGMENT,M Performance,CABRIO,2
2026,06,PORSCHE,CAYENNE,Corporate,BEV,Gasolina,MKL,FOCUS SEGMENT,Standard,SAV,12
2026,06,PORSCHE,CAYENNE,Corporate,ICE,Gasolina,MKL,FOCUS SEGMENT,Standard,SAV,5
2026,06,PORSCHE,CAYENNE,Corporate,PHEV,Gasolina,MKL,FOCUS SEGMENT,Standard,SAV,70
2026,06,PORSCHE,CAYENNE,Private,BEV,Gasolina,MKL,FOCUS SEGMENT,Standard,SAV,4
2026,06,PORSCHE,CAYENNE,Private,ICE,Gasolina,MKL,FOCUS SEGMENT,Standard,SAV,5
2026,06,PORSCHE,CAYENNE,Private,PHEV,Gasolina,MKL,FOCUS SEGMENT,Standard,SAV,34
2026,06,PORSCHE,CAYENNE,RAC,BEV,Gasolina,MKL,FOCUS SEGMENT,Standard,SAV,1
2026,06,PORSCHE,CAYENNE,RAC,PHEV,Gasolina,MKL,FOCUS SEGMENT,Standard,SAV,4
2026,06,PORSCHE,MACAN,Corporate,BEV,Gasolina,KKL,FOCUS SEGMENT,Standard,SAV,18
2026,06,PORSCHE,MACAN,Private,BEV,Gasolina,KKL,FOCUS SEGMENT,Standard,SAV,26
2026,06,PORSCHE,PANAMERA,Corporate,ICE,Gasolina,GKL,FOCUS SEGMENT,Standard,ESTATE,1
2026,06,PORSCHE,PANAMERA,Corporate,PHEV,Gasolina,GKL,FOCUS SEGMENT,Standard,ESTATE,6
2026,06,PORSCHE,PANAMERA,Private,ICE,Gasolina,GKL,FOCUS SEGMENT,Standard,ESTATE,1
2026,06,PORSCHE,PANAMERA,Private,PHEV,Gasolina,GKL,FOCUS SEGMENT,Standard,ESTATE,3
2026,06,PORSCHE,PANAMERA,RAC,PHEV,Gasolina,GKL,FOCUS SEGMENT,Standard,ESTATE,1
2026,06,PORSCHE,TAYCAN,Corporate,BEV,Electrico,GKL,FOCUS SEGMENT,M,SEDAN,2
2026,06,PORSCHE,TAYCAN,Private,BEV,Electrico,GKL,FOCUS SEGMENT,M,SEDAN,1
2026,06,POSSL,,Private,ICE,Diesel,,,,,4
2026,06,POSSL,,RAC,ICE,Diesel,,,,,1
2026,06,PROCHASIS,,Corporate,ICE,Diesel,,,,,1
2026,06,PUJOL,,Corporate,ICE,Diesel,,,,,18
2026,06,PUJOL,,Private,ICE,Diesel,,,,,2
2026,06,QJMOTOR,,Private,ICE,Gasolina,,,,,2
2026,06,QUADDY,,Corporate,ICE,Gasolina,,,,,3
2026,06,QUADDY,,Private,ICE,Gasolina,,,,,1
2026,06,RANDGER,,Private,ICE,Diesel,,,,,12
2026,06,RANDGER,,RAC,ICE,Diesel,,,,,1
2026,06,RAPID,,Private,ICE,Diesel,,,,,1
2026,06,RAPIDO,,Private,ICE,Diesel,,,,,3
2026,06,RECAPOL,,Corporate,ICE,Diesel,,,,,34
2026,06,RECAPOL,,Private,ICE,Diesel,,,,,3
2026,06,REHATRANS,,Corporate,ICE,Diesel,,,,,13
2026,06,REHATRANS,,RAC,ICE,Diesel,,,,,1
2026,06,RENAULT,,Corporate,BEV,Electrico,,,,,97
2026,06,RENAULT,,Corporate,ICE,Diesel,,,,,29
2026,06,RENAULT,,Corporate,ICE,Gas Licuado con petroleo (GLP),,,,,1
2026,06,RENAULT,,Corporate,ICE,Gasolina,,,,,913
2026,06,RENAULT,,Private,BEV,Electrico,,,,,184
2026,06,RENAULT,,Private,ICE,Diesel,,,,,9
2026,06,RENAULT,,Private,ICE,Gas Licuado con petroleo (GLP),,,,,45
2026,06,RENAULT,,Private,ICE,Gasolina,,,,,232
2026,06,RENAULT,,RAC,BEV,Electrico,,,,,29
2026,06,RENAULT,,RAC,ICE,Diesel,,,,,10
2026,06,RENAULT,,RAC,ICE,Gasolina,,,,,5
2026,06,RENAULT,ARKANA,Corporate,ICE,Gasolina Mild Hybrid,UKL2,REST,Standard,SAV,54
2026,06,RENAULT,ARKANA,Private,ICE,Gasolina Mild Hybrid,UKL2,REST,Standard,SAV,89
2026,06,RENAULT,AUSTRAL,Corporate,ICE,Gasolina Mild Hybrid,UKL2,REST,Standard,SAV,368
2026,06,RENAULT,AUSTRAL,Private,ICE,Gasolina Mild Hybrid,UKL2,REST,Standard,SAV,345
2026,06,RENAULT,CAPTUR,Corporate,ICE,Gas Licuado con petroleo (GLP),UKL1,REST,Standard,SAV,378
2026,06,RENAULT,CAPTUR,Private,ICE,Gas Licuado con petroleo (GLP),UKL1,REST,Standard,SAV,643
2026,06,RENAULT,CAPTUR,RAC,ICE,Gas Licuado con petroleo (GLP),UKL1,REST,Standard,SAV,62
2026,06,RENAULT,CLIO,Corporate,ICE,Diesel,UKL1,REST,Standard,HACH 5P,473
2026,06,RENAULT,CLIO,Private,ICE,Diesel,UKL1,REST,Standard,HACH 5P,623
2026,06,RENAULT,CLIO,RAC,ICE,Diesel,UKL1,REST,Standard,HACH 5P,47
2026,06,RENAULT,ESPACE,Corporate,ICE,Diesel,KKL,REST,Standard,MPV,70
2026,06,RENAULT,ESPACE,Private,ICE,Diesel,KKL,REST,Standard,MPV,106
2026,06,RENAULT,ESPACE,RAC,ICE,Diesel,KKL,REST,Standard,MPV,20
2026,06,RENAULT,KANGOO,Corporate,BEV,Diesel,SKL,REST,Standard,TRANSPORTER,118
2026,06,RENAULT,KANGOO,Corporate,ICE,Diesel,SKL,REST,Standard,TRANSPORTER,706
2026,06,RENAULT,KANGOO,Private,BEV,Diesel,SKL,REST,Standard,TRANSPORTER,1
2026,06,RENAULT,KANGOO,Private,ICE,Diesel,SKL,REST,Standard,TRANSPORTER,100
2026,06,RENAULT,KANGOO,RAC,ICE,Diesel,SKL,REST,Standard,TRANSPORTER,9
2026,06,RENAULT,MASTER,Corporate,BEV,Diesel,SKL,REST,Standard,TRANSPORTER,7
2026,06,RENAULT,MASTER,Corporate,ICE,Diesel,SKL,REST,Standard,TRANSPORTER,236
2026,06,RENAULT,MASTER,Private,ICE,Diesel,SKL,REST,Standard,TRANSPORTER,54
2026,06,RENAULT,MASTER,RAC,ICE,Diesel,SKL,REST,Standard,TRANSPORTER,17
2026,06,RENAULT,MEGANE,Corporate,BEV,Diesel,UKL2,REST,Standard,HACH 5P,11
2026,06,RENAULT,MEGANE,Private,BEV,Diesel,UKL2,REST,Standard,HACH 5P,13
2026,06,RENAULT,RAFALE,Corporate,ICE,Gasolina/Electrico,UKL2,REST,Standard,SAV,85
2026,06,RENAULT,RAFALE,Corporate,PHEV,Gasolina/Electrico,UKL2,REST,Standard,SAV,97
2026,06,RENAULT,RAFALE,Private,ICE,Gasolina/Electrico,UKL2,REST,Standard,SAV,60
2026,06,RENAULT,RAFALE,Private,PHEV,Gasolina/Electrico,UKL2,REST,Standard,SAV,122
2026,06,RENAULT,SCENIC,Corporate,BEV,Electrico,UKL2,REST,Standard,MPV,25
2026,06,RENAULT,SCENIC,Private,BEV,Electrico,UKL2,REST,Standard,MPV,34
2026,06,RENAULT,TRAFIC,Corporate,BEV,Diesel,SKL,REST,Standard,TRANSPORTER,6
2026,06,RENAULT,TRAFIC,Corporate,ICE,Diesel,SKL,REST,Standard,TRANSPORTER,457
2026,06,RENAULT,TRAFIC,Private,BEV,Diesel,SKL,REST,Standard,TRANSPORTER,1
2026,06,RENAULT,TRAFIC,Private,ICE,Diesel,SKL,REST,Standard,TRANSPORTER,52
2026,06,RENAULT,TRAFIC,RAC,ICE,Diesel,SKL,REST,Standard,TRANSPORTER,63
2026,06,RENAULT,TWINGO,Corporate,BEV,Electrico,UKL0,REST,Standard,HACH 5P,10
2026,06,RENAULT,TWINGO,Private,BEV,Electrico,UKL0,REST,Standard,HACH 5P,122
2026,06,RENAULT TRUCKS,MASTER,Corporate,ICE,Diesel,SKL,REST,Standard,TRANSPORTER,1
2026,06,RIMOR,,Private,ICE,Diesel,,,,,1
2026,06,RIMOR,,RAC,ICE,Diesel,,,,,5
2026,06,RODRIGUEZ LOPEZ AUTO,,Private,BEV,Electrico,,,,,1
2026,06,RODRIGUEZ LOPEZ AUTO,,Private,ICE,Diesel,,,,,98
2026,06,ROLLER TEAM,,Private,ICE,Diesel,,,,,19
2026,06,ROLLER TEAM,,RAC,ICE,Diesel,,,,,13
2026,06,ROLLER-TEAM,,Private,ICE,Diesel,,,,,1
2026,06,ROLLER-TEAM,,RAC,ICE,Diesel,,,,,5
2026,06,ROMERO,,Corporate,ICE,Diesel,,,,,3
2026,06,ROMU,,Corporate,ICE,Diesel,,,,,15
2026,06,ROMU,,Corporate,ICE,Gasolina,,,,,1
2026,06,ROMU,,Private,ICE,Diesel,,,,,3
2026,06,ROMU,,RAC,ICE,Diesel,,,,,8
2026,06,ROSENBAUER,,Corporate,ICE,Diesel,,,,,1
2026,06,ROTOMAR,,Corporate,ICE,Diesel,,,,,3
2026,06,RUNHORSE,,Corporate,BEV,Electrico,,,,,3
2026,06,SALEO-KRANE,,Corporate,ICE,Diesel,,,,,1
2026,06,SANTANA,,Corporate,ICE,Diesel,,,,,10
2026,06,SANTANA,,Corporate,PHEV,Gasolina/Electrico Enchufable,,,,,2
2026,06,SANTANA,,Private,ICE,Diesel,,,,,9
2026,06,SANTANA,,Private,PHEV,Gasolina/Electrico Enchufable,,,,,4
2026,06,SARTRUCK,,Corporate,ICE,Diesel,,,,,6
2026,06,SARTRUCK,,Private,ICE,Diesel,,,,,2
2026,06,SARTRUCK,,RAC,ICE,Diesel,,,,,1
2026,06,SCANIA,,Corporate,ICE,Diesel,,,,,1
2026,06,SCORA,,Corporate,ICE,Diesel,,,,,5
2026,06,SCORA,,Private,ICE,Diesel,,,,,3
2026,06,SEAT,ARONA,Corporate,ICE,Gas natural comprimido (GNC),UKL1,REST,Standard,SAV,859
2026,06,SEAT,ARONA,Private,ICE,Gas natural comprimido (GNC),UKL1,REST,Standard,SAV,405
2026,06,SEAT,ARONA,RAC,ICE,Gas natural comprimido (GNC),UKL1,REST,Standard,SAV,883
2026,06,SEAT,ATECA,Corporate,ICE,Diesel,UKL2,REST,Standard,SAT,93
2026,06,SEAT,ATECA,Private,ICE,Diesel,UKL2,REST,Standard,SAT,165
2026,06,SEAT,ATECA,RAC,ICE,Diesel,UKL2,REST,Standard,SAT,327
2026,06,SEAT,IBIZA,Corporate,ICE,Gas natural comprimido (GNC),UKL1,REST,Standard,HACH 5P,1146
2026,06,SEAT,IBIZA,Private,ICE,Gas natural comprimido (GNC),UKL1,REST,Standard,HACH 5P,797
2026,06,SEAT,IBIZA,RAC,ICE,Gas natural comprimido (GNC),UKL1,REST,Standard,HACH 5P,748
2026,06,SEAT,LEON,Corporate,ICE,Diesel,UKL2,REST,Standard,ESTATE,597
2026,06,SEAT,LEON,Corporate,PHEV,Diesel,UKL2,REST,Standard,ESTATE,30
2026,06,SEAT,LEON,Private,ICE,Diesel,UKL2,REST,Standard,ESTATE,415
2026,06,SEAT,LEON,Private,PHEV,Diesel,UKL2,REST,Standard,ESTATE,8
2026,06,SEAT,LEON,RAC,ICE,Diesel,UKL2,REST,Standard,ESTATE,88
2026,06,SEGWAY,,Corporate,ICE,Gasolina,,,,,4
2026,06,SEGWAY,,Private,ICE,Gasolina,,,,,11
2026,06,"SEMICARFRAN,S.L",,Corporate,ICE,Diesel,,,,,16
2026,06,"SEMICARFRAN,S.L",,Private,ICE,Diesel,,,,,1
2026,06,"SEMICARFRAN,S.L",,RAC,ICE,Diesel,,,,,9
2026,06,SERVI CAR,,Corporate,ICE,Diesel,,,,,3
2026,06,SERVICAR,,Corporate,ICE,Diesel,,,,,1
2026,06,SETRA,,Corporate,ICE,Diesel,,,,,1
2026,06,SETRA,,RAC,ICE,Diesel,,,,,2
2026,06,SHINERAY,,Corporate,ICE,Gasolina,,,,,3
2026,06,SHINERAY,,Private,ICE,Gasolina,,,,,29
2026,06,SHINERAY,,Private,PHEV,Gasolina/Electrico Enchufable,,,,,8
2026,06,SIGLER,,RAC,ICE,Diesel,,,,,3
2026,06,SILA,,Corporate,ICE,Diesel,,,,,4
2026,06,SILENCE,,Corporate,BEV,Electrico,,,,,12
2026,06,SILENCE,,Private,BEV,Electrico,,,,,53
2026,06,SIN MARCA,,Corporate,ICE,Diesel,,,,,21
2026,06,SIN MARCA,,Corporate,ICE,Gasolina,,,,,15
2026,06,SIN MARCA,,Private,BEV,Electrico,,,,,4
2026,06,SIN MARCA,,Private,ICE,Diesel,,,,,2
2026,06,SIN MARCA,,Private,ICE,Gasolina,,,,,21
2026,06,SIN MARCA,,RAC,BEV,Electrico,,,,,1
2026,06,SIN MARCA,,RAC,ICE,Diesel,,,,,13
2026,06,SIN MARCA,,RAC,ICE,Gasolina,,,,,35
2026,06,SIRUS AUTOMOTIVE LTD,,Corporate,ICE,Gasolina,,,,,1
2026,06,SIRUS AUTOMOTIVE LTD,,Private,ICE,Gasolina,,,,,1
2026,06,SKODA,,Corporate,BEV,Electrico,,,,,59
2026,06,SKODA,,Private,BEV,Electrico,,,,,122
2026,06,SKODA,ENYAQ,Corporate,BEV,Electrico,UKL2,REST,Standard,SAV,11
2026,06,SKODA,ENYAQ,Private,BEV,Electrico,UKL2,REST,Standard,SAV,35
2026,06,SKODA,FABIA,Corporate,ICE,Gasolina,UKL1,REST,Standard,HACH 5P,250
2026,06,SKODA,FABIA,Private,ICE,Gasolina,UKL1,REST,Standard,HACH 5P,209
2026,06,SKODA,FABIA,RAC,ICE,Gasolina,UKL1,REST,Standard,HACH 5P,409
2026,06,SKODA,KAMIQ,Corporate,ICE,Gasolina,UKL1,REST,Standard,SAV,301
2026,06,SKODA,KAMIQ,Private,ICE,Gasolina,UKL1,REST,Standard,SAV,355
2026,06,SKODA,KAMIQ,RAC,ICE,Gasolina,UKL1,REST,Standard,SAV,760
2026,06,SKODA,KAROQ,Corporate,ICE,Diesel,UKL2,REST,Standard,SAT,197
2026,06,SKODA,KAROQ,Private,ICE,Diesel,UKL2,REST,Standard,SAT,264
2026,06,SKODA,KAROQ,RAC,ICE,Diesel,UKL2,REST,Standard,SAT,136
2026,06,SKODA,KODIAQ,Corporate,ICE,Diesel,KKL,REST,Standard,SAV,48
2026,06,SKODA,KODIAQ,Corporate,PHEV,Diesel,KKL,REST,Standard,SAV,52
2026,06,SKODA,KODIAQ,Private,ICE,Diesel,KKL,REST,Standard,SAV,22
2026,06,SKODA,KODIAQ,Private,PHEV,Diesel,KKL,REST,Standard,SAV,85
2026,06,SKODA,KODIAQ,RAC,ICE,Diesel,KKL,REST,Standard,SAV,139
2026,06,SKODA,OCTAVIA,Corporate,ICE,Diesel,UKL2,REST,Standard,HACH 5P,205
2026,06,SKODA,OCTAVIA,Private,ICE,Diesel,UKL2,REST,Standard,HACH 5P,60
2026,06,SKODA,OCTAVIA,RAC,ICE,Diesel,UKL2,REST,Standard,HACH 5P,100
2026,06,SKODA,SCALA,Corporate,ICE,Gas natural comprimido (GNC),UKL2,REST,Standard,HACH 5P,59
2026,06,SKODA,SCALA,Private,ICE,Gas natural comprimido (GNC),UKL2,REST,Standard,HACH 5P,35
2026,06,SKODA,SCALA,RAC,ICE,Gas natural comprimido (GNC),UKL2,REST,Standard,HACH 5P,100
2026,06,SKODA,SUPERB,Corporate,ICE,Diesel,KKL,REST,Standard,SEDAN,20
2026,06,SKODA,SUPERB,Corporate,PHEV,Diesel,KKL,REST,Standard,SEDAN,9
2026,06,SKODA,SUPERB,Private,ICE,Diesel,KKL,REST,Standard,SEDAN,9
2026,06,SMART,,Corporate,BEV,Electrico,,,,,17
2026,06,SMART,,Private,BEV,Electrico,,,,,23
2026,06,SMART,#1,Corporate,BEV,Electrico,UKL2,FOCUS SEGMENT,Standard,SAV,22
2026,06,SMART,#1,Private,BEV,Electrico,UKL2,FOCUS SEGMENT,Standard,SAV,17
2026,06,SMART,#3,Corporate,BEV,Electrico,UKL2,FOCUS SEGMENT,Standard,SAV,19
2026,06,SMART,#3,Private,BEV,Electrico,UKL2,FOCUS SEGMENT,Standard,SAV,11
2026,06,SOCAGE,,Corporate,ICE,Diesel,,,,,6
2026,06,SOCAGE,,RAC,ICE,Diesel,,,,,13
2026,06,SORIBERICA,,Corporate,ICE,Diesel,,,,,25
2026,06,SORTIMO,,Corporate,ICE,Diesel,,,,,159
2026,06,SORTIMO,,Corporate,PHEV,Gasolina/Electrico Enchufable,,,,,2
2026,06,SPORTEQUIPE,,Corporate,ICE,Gas Licuado con petroleo (GLP),,,,,1
2026,06,SPORTEQUIPE,,Corporate,ICE,Gasolina,,,,,1
2026,06,SPORTEQUIPE,,Private,ICE,Gas Licuado con petroleo (GLP),,,,,3
2026,06,SPORTEQUIPE,,Private,ICE,Gasolina,,,,,2
2026,06,SPORTEQUIPE,,RAC,ICE,Gas Licuado con petroleo (GLP),,,,,6
2026,06,STELLANTIS EUROPE S.P.A.,,Private,ICE,Diesel,,,,,1
2026,06,STIL CONVERSION,,Private,BEV,Electrico,,,,,46
2026,06,STIL CONVERSION,,Private,ICE,Diesel,,,,,70
2026,06,STX,,Corporate,ICE,Diesel,,,,,3
2026,06,SUBARU,FORESTER,Corporate,ICE,Gasolina Mild Hybrid,KKL,REST,Standard,SAV,6
2026,06,SUBARU,FORESTER,Private,ICE,Gasolina Mild Hybrid,KKL,REST,Standard,SAV,18
2026,06,SUBARU,OUTBACK,Corporate,ICE,Gasolina,KKL,REST,Standard,ESTATE,5
2026,06,SUBARU,OUTBACK,Private,ICE,Gasolina,KKL,REST,Standard,ESTATE,12
2026,06,SUBARU,XV,Corporate,ICE,Gasolina,UKL2,REST,Standard,SAV,8
2026,06,SUBARU,XV,Private,ICE,Gasolina,UKL2,REST,Standard,SAV,21
2026,06,SUBARU,XV,RAC,ICE,Gasolina,UKL2,REST,Standard,SAV,2
2026,06,SUBIELA,,Corporate,ICE,Diesel,,,,,39
2026,06,SUBIELA,,Corporate,PHEV,Gasolina/Electrico Enchufable,,,,,1
2026,06,SUBIELA,,RAC,ICE,Diesel,,,,,1
2026,06,SUCARRATS,,Corporate,ICE,Diesel,,,,,6
2026,06,SUN LIVING,,Private,ICE,Diesel,,,,,4
2026,06,SURTRUCK,,Corporate,ICE,Diesel,,,,,1
2026,06,SUZUKI,,Corporate,BEV,Electrico,,,,,5
2026,06,SUZUKI,,Private,BEV,Electrico,,,,,1
2026,06,SUZUKI,ACROSS,Corporate,PHEV,Gasolina/Electrico Enchufable,UKL2,REST,Standard,SAV,3
2026,06,SUZUKI,SWACE,Corporate,ICE,Gasolina/Electrico,UKL2,REST,Standard,HACH 5P,1
2026,06,SUZUKI,SWACE,Private,ICE,Gasolina/Electrico,UKL2,REST,Standard,HACH 5P,3
2026,06,SUZUKI,SWIFT,Corporate,ICE,Gasolina Mild Hybrid,UKL1,REST,Standard,HACH 5P,19
2026,06,SUZUKI,SWIFT,Private,ICE,Gasolina Mild Hybrid,UKL1,REST,Standard,HACH 5P,90
2026,06,SUZUKI,SWIFT,RAC,ICE,Gasolina Mild Hybrid,UKL1,REST,Standard,HACH 5P,61
2026,06,SUZUKI,SX4,Corporate,ICE,Gasolina Mild Hybrid,UKL1,REST,Standard,SAV,13
2026,06,SUZUKI,SX4,Private,ICE,Gasolina Mild Hybrid,UKL1,REST,Standard,SAV,64
2026,06,SUZUKI,VITARA,Corporate,ICE,Gasolina Mild Hybrid,UKL2,REST,Standard,SUV,49
2026,06,SUZUKI,VITARA,Private,ICE,Gasolina Mild Hybrid,UKL2,REST,Standard,SUV,155
2026,06,SUZUKI,VITARA,RAC,ICE,Gasolina Mild Hybrid,UKL2,REST,Standard,SUV,7
2026,06,TALLERES AGUILAR,,Private,ICE,Diesel,,,,,1
2026,06,TALLERES PRAT RUSIÑOL,,Corporate,ICE,Diesel,,,,,2
2026,06,TALLERES PRAT RUSIÑOL,,Corporate,ICE,Gas Licuado con petroleo (GLP),,,,,1
2026,06,TALLERES PRAT-RUSIÑOL,,Corporate,ICE,Diesel,,,,,3
2026,06,TECNO TRAILER MURCIA,,Corporate,ICE,Diesel,,,,,1
2026,06,TECNOCARROCERA,,Corporate,ICE,Diesel,,,,,7
2026,06,TECNOCARSA,,Corporate,ICE,Diesel,,,,,14
2026,06,TECNOCARSA,,Private,ICE,Diesel,,,,,1
2026,06,TECNOCARSA,,RAC,ICE,Diesel,,,,,7
2026,06,TECNOVE,,Corporate,ICE,Diesel,,,,,42
2026,06,TECNOVE FIBERGLASS,,Corporate,ICE,Diesel,,,,,21
2026,06,TECNOVE FIBERGLASS,,Private,ICE,Diesel,,,,,3
2026,06,TECNOVE FIBERGLASS,,RAC,ICE,Diesel,,,,,20
2026,06,TERRADAS,,Corporate,ICE,Diesel,,,,,4
2026,06,TERRADAS,,RAC,ICE,Diesel,,,,,1
2026,06,TESLA,MODEL 3,Corporate,BEV,Electrico,KKL,FOCUS SEGMENT,Standard,SEDAN,202
2026,06,TESLA,MODEL 3,Private,BEV,Electrico,KKL,FOCUS SEGMENT,Standard,SEDAN,1813
2026,06,TESLA,MODEL S,Corporate,BEV,Electrico,GKL,FOCUS SEGMENT,Standard,SEDAN,1
2026,06,TESLA,MODEL X,Corporate,BEV,Electrico,GKL,FOCUS SEGMENT,Standard,SAT,2
2026,06,TESLA,MODEL X,Private,BEV,Electrico,GKL,FOCUS SEGMENT,Standard,SAT,1
2026,06,TESLA,MODEL Y,Corporate,BEV,Electrico,KKL,FOCUS SEGMENT,Standard,SAT,152
2026,06,TESLA,MODEL Y,Private,BEV,Electrico,KKL,FOCUS SEGMENT,Standard,SAT,625
2026,06,THERMOEUROP,,Corporate,ICE,Diesel,,,,,5
2026,06,THV,,Corporate,ICE,Diesel,,,,,1
2026,06,TIGER,,Private,ICE,Gas Licuado con petroleo (GLP),,,,,1
2026,06,TOQUERO,,Corporate,ICE,Diesel,,,,,2
2026,06,TORO,,Corporate,BEV,Electrico,,,,,1
2026,06,TORO,,Corporate,ICE,Diesel,,,,,1
2026,06,TOTH ES FIAI,,Private,ICE,Diesel,,,,,1
2026,06,TOYOTA,,Corporate,ICE,Gasolina,,,,,16
2026,06,TOYOTA,,Private,ICE,Gasolina,,,,,16
2026,06,TOYOTA,AYGO,Private,ICE,Gasolina,UKL0,REST,Standard,HACH 5P,1
2026,06,TOYOTA,AYGO X,Corporate,ICE,Gasolina,UKL0,REST,Standard,HACH 5P,61
2026,06,TOYOTA,AYGO X,Private,ICE,Gasolina,UKL0,REST,Standard,HACH 5P,268
2026,06,TOYOTA,AYGO X,RAC,ICE,Gasolina,UKL0,REST,Standard,HACH 5P,93
2026,06,TOYOTA,BZ4X,Corporate,BEV,Electrico,UKL2,REST,Standard,SAV,31
2026,06,TOYOTA,BZ4X,Private,BEV,Electrico,UKL2,REST,Standard,SAV,51
2026,06,TOYOTA,BZ4X,RAC,BEV,Electrico,UKL2,REST,Standard,SAV,8
2026,06,TOYOTA,C-HR,Corporate,BEV,Gasolina/Electrico,UKL1,REST,Standard,SAV,62
2026,06,TOYOTA,C-HR,Corporate,ICE,Gasolina/Electrico,UKL1,REST,Standard,SAV,204
2026,06,TOYOTA,C-HR,Corporate,PHEV,Gasolina/Electrico,UKL1,REST,Standard,SAV,149
2026,06,TOYOTA,C-HR,Private,BEV,Gasolina/Electrico,UKL1,REST,Standard,SAV,340
2026,06,TOYOTA,C-HR,Private,ICE,Gasolina/Electrico,UKL1,REST,Standard,SAV,933
2026,06,TOYOTA,C-HR,Private,PHEV,Gasolina/Electrico,UKL1,REST,Standard,SAV,255
2026,06,TOYOTA,C-HR,RAC,BEV,Gasolina/Electrico,UKL1,REST,Standard,SAV,38
2026,06,TOYOTA,C-HR,RAC,ICE,Gasolina/Electrico,UKL1,REST,Standard,SAV,229
2026,06,TOYOTA,C-HR,RAC,PHEV,Gasolina/Electrico,UKL1,REST,Standard,SAV,75
2026,06,TOYOTA,COROLLA,Corporate,ICE,Gasolina/Electrico,UKL2,REST,Standard,HACH 5P,659
2026,06,TOYOTA,COROLLA,Private,ICE,Gasolina/Electrico,UKL2,REST,Standard,HACH 5P,1399
2026,06,TOYOTA,COROLLA,RAC,ICE,Gasolina/Electrico,UKL2,REST,Standard,HACH 5P,412
2026,06,TOYOTA,HI LUX,Corporate,BEV,Diesel,SKL,REST,Standard,PICKUP,4
2026,06,TOYOTA,HI LUX,Corporate,ICE,Diesel,SKL,REST,Standard,PICKUP,129
2026,06,TOYOTA,HI LUX,Private,ICE,Diesel,SKL,REST,Standard,PICKUP,45
2026,06,TOYOTA,HIGHLANDER,Corporate,ICE,Gasolina/Electrico,MKL,REST,Standard,SUV,3
2026,06,TOYOTA,LAND CRUISER,Corporate,ICE,Diesel,GKL,REST,Standard,SUV,20
2026,06,TOYOTA,LAND CRUISER,Private,ICE,Diesel,GKL,REST,Standard,SUV,11
2026,06,TOYOTA,PROACE,Corporate,BEV,Diesel,SKL,REST,Standard,TRANSPORTER,66
2026,06,TOYOTA,PROACE,Corporate,ICE,Diesel,SKL,REST,Standard,TRANSPORTER,288
2026,06,TOYOTA,PROACE,Private,BEV,Diesel,SKL,REST,Standard,TRANSPORTER,7
2026,06,TOYOTA,PROACE,Private,ICE,Diesel,SKL,REST,Standard,TRANSPORTER,47
2026,06,TOYOTA,PROACE,RAC,BEV,Diesel,SKL,REST,Standard,TRANSPORTER,16
2026,06,TOYOTA,PROACE,RAC,ICE,Diesel,SKL,REST,Standard,TRANSPORTER,31
2026,06,TOYOTA,PROACE CITY,Corporate,BEV,Diesel,SKL,REST,Standard,TRANSPORTER,121
2026,06,TOYOTA,PROACE CITY,Corporate,ICE,Diesel,SKL,REST,Standard,TRANSPORTER,385
2026,06,TOYOTA,PROACE CITY,Private,BEV,Diesel,SKL,REST,Standard,TRANSPORTER,14
2026,06,TOYOTA,PROACE CITY,Private,ICE,Diesel,SKL,REST,Standard,TRANSPORTER,21
2026,06,TOYOTA,PROACE CITY,RAC,BEV,Diesel,SKL,REST,Standard,TRANSPORTER,1
2026,06,TOYOTA,PROACE CITY,RAC,ICE,Diesel,SKL,REST,Standard,TRANSPORTER,10
2026,06,TOYOTA,PROACE VERSO,Corporate,BEV,Diesel,SKL,REST,Standard,TRANSPORTER,9
2026,06,TOYOTA,PROACE VERSO,Corporate,ICE,Diesel,SKL,REST,Standard,TRANSPORTER,111
2026,06,TOYOTA,PROACE VERSO,Private,BEV,Diesel,SKL,REST,Standard,TRANSPORTER,11
2026,06,TOYOTA,PROACE VERSO,Private,ICE,Diesel,SKL,REST,Standard,TRANSPORTER,72
2026,06,TOYOTA,PROACE VERSO,RAC,ICE,Diesel,SKL,REST,Standard,TRANSPORTER,25
2026,06,TOYOTA,RAV 4,Corporate,ICE,Gasolina,UKL2,REST,Standard,SAV,28
2026,06,TOYOTA,RAV 4,Corporate,PHEV,Gasolina,UKL2,REST,Standard,SAV,228
2026,06,TOYOTA,RAV 4,Private,ICE,Gasolina,UKL2,REST,Standard,SAV,75
2026,06,TOYOTA,RAV 4,Private,PHEV,Gasolina,UKL2,REST,Standard,SAV,353
2026,06,TOYOTA,SUPRA,Private,ICE,Gasolina,KKL,REST,Standard,COUPE,1
2026,06,TOYOTA,YARIS,Corporate,ICE,Gasolina,UKL1,REST,Standard,HACH 5P,381
2026,06,TOYOTA,YARIS,Private,ICE,Gasolina,UKL1,REST,Standard,HACH 5P,488
2026,06,TOYOTA,YARIS,RAC,ICE,Gasolina,UKL1,REST,Standard,HACH 5P,257
2026,06,TOYOTA,YARIS CROSS,Corporate,ICE,Gasolina,UKL1,REST,Standard,SAV,292
2026,06,TOYOTA,YARIS CROSS,Private,ICE,Gasolina,UKL1,REST,Standard,SAV,1411
2026,06,TOYOTA,YARIS CROSS,RAC,ICE,Gasolina,UKL1,REST,Standard,SAV,279
2026,06,TRANSPOL,,Corporate,ICE,Diesel,,,,,2
2026,06,TRANSPOL,,Private,ICE,Diesel,,,,,3
2026,06,TRANSPOL,,RAC,ICE,Diesel,,,,,1
2026,06,TRIGANO,,Private,ICE,Diesel,,,,,2
2026,06,TRIPOD,,Private,ICE,Gasolina,,,,,1
2026,06,TRUCK DEAL,,Corporate,ICE,Gas Licuado con petroleo (GLP),,,,,1
2026,06,TVI,,Corporate,ICE,Diesel,,,,,1
2026,06,TYN.E,,Corporate,BEV,Electrico,,,,,1
2026,06,ULTRAND,,Corporate,BEV,Electrico,,,,,22
2026,06,ULTRAND,,Corporate,ICE,Gasolina,,,,,9
2026,06,UNVI,,Corporate,BEV,Electrico,,,,,2
2026,06,UPMOTO,,Corporate,ICE,Gasolina,,,,,2
2026,06,UPMOTO,,Private,ICE,Gasolina,,,,,1
2026,06,URBAN TRUCKS,,Corporate,ICE,Diesel,,,,,2
2026,06,VALLOR,,Corporate,ICE,Diesel,,,,,1
2026,06,VALLOR,,Private,ICE,Diesel,,,,,1
2026,06,VALLOR,,RAC,ICE,Diesel,,,,,26
2026,06,VALSAT,,Corporate,ICE,Diesel,,,,,1
2026,06,VEBLINTER,,Corporate,ICE,Gas Licuado con petroleo (GLP),,,,,8
2026,06,VEBLINTER,,Private,ICE,Gas Licuado con petroleo (GLP),,,,,1
2026,06,VEMASUR,,Corporate,ICE,Diesel,,,,,2
2026,06,VITALE,,Corporate,BEV,Electrico,,,,,1
2026,06,VITALE,,Private,BEV,Electrico,,,,,1
2026,06,VLOCON,,Corporate,ICE,Diesel,,,,,1
2026,06,VLOCON,,Private,ICE,Diesel,,,,,1
2026,06,VOLKSWAGEN,,Corporate,BEV,Electrico,,,,,7
2026,06,VOLKSWAGEN,,Corporate,ICE,Diesel,,,,,79
2026,06,VOLKSWAGEN,,Corporate,ICE,Gasolina,,,,,62
2026,06,VOLKSWAGEN,,Corporate,PHEV,Gasolina/Electrico Enchufable,,,,,17
2026,06,VOLKSWAGEN,,Private,BEV,Electrico,,,,,2
2026,06,VOLKSWAGEN,,Private,ICE,Diesel,,,,,12
2026,06,VOLKSWAGEN,,Private,ICE,Gasolina,,,,,27
2026,06,VOLKSWAGEN,,Private,PHEV,Gasolina/Electrico Enchufable,,,,,15
2026,06,VOLKSWAGEN,,RAC,ICE,Diesel,,,,,1
2026,06,VOLKSWAGEN,AMAROK,Corporate,ICE,Diesel,SKL,REST,Standard,PICKUP,30
2026,06,VOLKSWAGEN,AMAROK,Private,ICE,Diesel,SKL,REST,Standard,PICKUP,4
2026,06,VOLKSWAGEN,CADDY,Corporate,ICE,Diesel,SKL,REST,Standard,TRANSPORTER,276
2026,06,VOLKSWAGEN,CADDY,Corporate,PHEV,Diesel,SKL,REST,Standard,TRANSPORTER,72
2026,06,VOLKSWAGEN,CADDY,Private,ICE,Diesel,SKL,REST,Standard,TRANSPORTER,94
2026,06,VOLKSWAGEN,CADDY,Private,PHEV,Diesel,SKL,REST,Standard,TRANSPORTER,83
2026,06,VOLKSWAGEN,CADDY,RAC,ICE,Diesel,SKL,REST,Standard,TRANSPORTER,36
2026,06,VOLKSWAGEN,CADDY,RAC,PHEV,Diesel,SKL,REST,Standard,TRANSPORTER,2
2026,06,VOLKSWAGEN,CALIFORNIA,Corporate,ICE,Diesel,SKL,REST,Standard,TRANSPORTER,20
2026,06,VOLKSWAGEN,CALIFORNIA,Corporate,PHEV,Diesel,SKL,REST,Standard,TRANSPORTER,4
2026,06,VOLKSWAGEN,CALIFORNIA,Private,ICE,Diesel,SKL,REST,Standard,TRANSPORTER,85
2026,06,VOLKSWAGEN,CALIFORNIA,Private,PHEV,Diesel,SKL,REST,Standard,TRANSPORTER,27
2026,06,VOLKSWAGEN,CALIFORNIA,RAC,ICE,Diesel,SKL,REST,Standard,TRANSPORTER,1
2026,06,VOLKSWAGEN,CARAVELLE,Corporate,BEV,Diesel,SKL,REST,Standard,TRANSPORTER,1
2026,06,VOLKSWAGEN,CARAVELLE,Corporate,ICE,Diesel,SKL,REST,Standard,TRANSPORTER,10
2026,06,VOLKSWAGEN,CARAVELLE,Corporate,PHEV,Diesel,SKL,REST,Standard,TRANSPORTER,7
2026,06,VOLKSWAGEN,CARAVELLE,Private,ICE,Diesel,SKL,REST,Standard,TRANSPORTER,4
2026,06,VOLKSWAGEN,CARAVELLE,Private,PHEV,Diesel,SKL,REST,Standard,TRANSPORTER,1
2026,06,VOLKSWAGEN,CARAVELLE,RAC,ICE,Diesel,SKL,REST,Standard,TRANSPORTER,1
2026,06,VOLKSWAGEN,CARAVELLE,RAC,PHEV,Diesel,SKL,REST,Standard,TRANSPORTER,139
2026,06,VOLKSWAGEN,CRAFTER,Corporate,ICE,Diesel,SKL,REST,Standard,TRANSPORTER,178
2026,06,VOLKSWAGEN,CRAFTER,Private,ICE,Diesel,SKL,REST,Standard,TRANSPORTER,64
2026,06,VOLKSWAGEN,CRAFTER,RAC,ICE,Diesel,SKL,REST,Standard,TRANSPORTER,90
2026,06,VOLKSWAGEN,GOLF,Corporate,ICE,Diesel,UKL2,REST,Standard,HACH 5P,441
2026,06,VOLKSWAGEN,GOLF,Corporate,PHEV,Diesel,UKL2,REST,Standard,HACH 5P,21
2026,06,VOLKSWAGEN,GOLF,Private,ICE,Diesel,UKL2,REST,Standard,HACH 5P,169
2026,06,VOLKSWAGEN,GOLF,Private,PHEV,Diesel,UKL2,REST,Standard,HACH 5P,78
2026,06,VOLKSWAGEN,GOLF,RAC,ICE,Diesel,UKL2,REST,Standard,HACH 5P,153
2026,06,VOLKSWAGEN,GOLF,RAC,PHEV,Diesel,UKL2,REST,Standard,HACH 5P,90
2026,06,VOLKSWAGEN,ID.3,Corporate,BEV,Electrico,UKL2,REST,Standard,HACH 5P,25
2026,06,VOLKSWAGEN,ID.3,Private,BEV,Electrico,UKL2,REST,Standard,HACH 5P,55
2026,06,VOLKSWAGEN,ID.4,Corporate,BEV,Electrico,UKL2,REST,Standard,SAV,63
2026,06,VOLKSWAGEN,ID.4,Private,BEV,Electrico,UKL2,REST,Standard,SAV,124
2026,06,VOLKSWAGEN,ID.5,Corporate,BEV,Electrico,UKL2,REST,Standard,SAV,1
2026,06,VOLKSWAGEN,ID.5,Private,BEV,Electrico,UKL2,REST,Standard,SAV,3
2026,06,VOLKSWAGEN,ID.BUZZ,Corporate,BEV,Electrico,SKL,REST,Standard,TRANSPORTER,52
2026,06,VOLKSWAGEN,ID.BUZZ,Private,BEV,Electrico,SKL,REST,Standard,TRANSPORTER,40
2026,06,VOLKSWAGEN,ID.BUZZ,RAC,BEV,Electrico,SKL,REST,Standard,TRANSPORTER,1
2026,06,VOLKSWAGEN,MULTIVAN,Corporate,ICE,Diesel,SKL,REST,Standard,TRANSPORTER,33
2026,06,VOLKSWAGEN,MULTIVAN,Corporate,PHEV,Diesel,SKL,REST,Standard,TRANSPORTER,44
2026,06,VOLKSWAGEN,MULTIVAN,Private,ICE,Diesel,SKL,REST,Standard,TRANSPORTER,46
2026,06,VOLKSWAGEN,MULTIVAN,Private,PHEV,Diesel,SKL,REST,Standard,TRANSPORTER,51
2026,06,VOLKSWAGEN,MULTIVAN,RAC,ICE,Diesel,SKL,REST,Standard,TRANSPORTER,2
2026,06,VOLKSWAGEN,MULTIVAN,RAC,PHEV,Diesel,SKL,REST,Standard,TRANSPORTER,45
2026,06,VOLKSWAGEN,PASSAT,Corporate,ICE,Diesel,KKL,REST,Standard,ESTATE,35
2026,06,VOLKSWAGEN,PASSAT,Corporate,PHEV,Diesel,KKL,REST,Standard,ESTATE,2
2026,06,VOLKSWAGEN,PASSAT,Private,ICE,Diesel,KKL,REST,Standard,ESTATE,2
2026,06,VOLKSWAGEN,PASSAT,Private,PHEV,Diesel,KKL,REST,Standard,ESTATE,1
2026,06,VOLKSWAGEN,POLO,Corporate,ICE,Gasolina,UKL1,REST,Standard,HACH 5P,189
2026,06,VOLKSWAGEN,POLO,Private,ICE,Gasolina,UKL1,REST,Standard,HACH 5P,289
2026,06,VOLKSWAGEN,POLO,RAC,ICE,Gasolina,UKL1,REST,Standard,HACH 5P,528
2026,06,VOLKSWAGEN,T-CROSS,Corporate,ICE,Gasolina,UKL1,REST,Standard,SAV,180
2026,06,VOLKSWAGEN,T-CROSS,Private,ICE,Gasolina,UKL1,REST,Standard,SAV,479
2026,06,VOLKSWAGEN,T-CROSS,RAC,ICE,Gasolina,UKL1,REST,Standard,SAV,662
2026,06,VOLKSWAGEN,T-ROC,Corporate,ICE,Diesel,UKL2,REST,Standard,SAV,430
2026,06,VOLKSWAGEN,T-ROC,Private,ICE,Diesel,UKL2,REST,Standard,SAV,568
2026,06,VOLKSWAGEN,T-ROC,RAC,ICE,Diesel,UKL2,REST,Standard,SAV,441
2026,06,VOLKSWAGEN,TAIGO,Corporate,ICE,Gasolina,UKL1,REST,Standard,SAV,331
2026,06,VOLKSWAGEN,TAIGO,Private,ICE,Gasolina,UKL1,REST,Standard,SAV,428
2026,06,VOLKSWAGEN,TAIGO,RAC,ICE,Gasolina,UKL1,REST,Standard,SAV,453
2026,06,VOLKSWAGEN,TIGUAN,Corporate,ICE,Diesel,UKL2,REST,Standard,SAV,562
2026,06,VOLKSWAGEN,TIGUAN,Corporate,PHEV,Diesel,UKL2,REST,Standard,SAV,83
2026,06,VOLKSWAGEN,TIGUAN,Private,ICE,Diesel,UKL2,REST,Standard,SAV,301
2026,06,VOLKSWAGEN,TIGUAN,Private,PHEV,Diesel,UKL2,REST,Standard,SAV,101
2026,06,VOLKSWAGEN,TIGUAN,RAC,ICE,Diesel,UKL2,REST,Standard,SAV,66
2026,06,VOLKSWAGEN,TIGUAN,RAC,PHEV,Diesel,UKL2,REST,Standard,SAV,42
2026,06,VOLKSWAGEN,TOUAREG,Corporate,ICE,Diesel,MKL,REST,Standard,SAV,12
2026,06,VOLKSWAGEN,TOUAREG,Corporate,PHEV,Diesel,MKL,REST,Standard,SAV,6
2026,06,VOLKSWAGEN,TOUAREG,Private,ICE,Diesel,MKL,REST,Standard,SAV,2
2026,06,VOLKSWAGEN,TOUAREG,Private,PHEV,Diesel,MKL,REST,Standard,SAV,1
2026,06,VOLKSWAGEN,TOUAREG,RAC,PHEV,Diesel,MKL,REST,Standard,SAV,1
2026,06,VOLKSWAGEN,TOURAN,Corporate,ICE,Diesel,UKL2,REST,Standard,MPV,11
2026,06,VOLKSWAGEN,TOURAN,Private,ICE,Diesel,UKL2,REST,Standard,MPV,13
2026,06,VOLKSWAGEN,TOURAN,RAC,ICE,Diesel,UKL2,REST,Standard,MPV,24
2026,06,VOLKSWAGEN,TRANSPORTER,Corporate,BEV,Diesel,SKL,REST,Standard,TRANSPORTER,5
2026,06,VOLKSWAGEN,TRANSPORTER,Corporate,ICE,Diesel,SKL,REST,Standard,TRANSPORTER,85
2026,06,VOLKSWAGEN,TRANSPORTER,Corporate,PHEV,Diesel,SKL,REST,Standard,TRANSPORTER,11
2026,06,VOLKSWAGEN,TRANSPORTER,Private,ICE,Diesel,SKL,REST,Standard,TRANSPORTER,25
2026,06,VOLKSWAGEN,TRANSPORTER,Private,PHEV,Diesel,SKL,REST,Standard,TRANSPORTER,2
2026,06,VOLKSWAGEN,TRANSPORTER,RAC,ICE,Diesel,SKL,REST,Standard,TRANSPORTER,54
2026,06,VOLKSWAGEN VW,,Private,ICE,Gasolina,,,,,1
2026,06,"VOLKSWAGEN, VW",,Private,ICE,Gasolina,,,,,1
2026,06,VOLQUETES DEL SUR,,Corporate,ICE,Diesel,,,,,1
2026,06,VOLQUETES GONZALVEZ,,Corporate,ICE,Diesel,,,,,6
2026,06,VOLTEGO,,Corporate,ICE,Diesel,,,,,4
2026,06,VOLVO,,Corporate,BEV,Electrico,,,,,11
2026,06,VOLVO,,Private,BEV,Electrico,,,,,28
2026,06,VOLVO,,Private,ICE,Gasolina,,,,,1
2026,06,VOLVO,EX30,Corporate,BEV,Electrico,UKL1,FOCUS SEGMENT,Standard,SAV,31
2026,06,VOLVO,EX30,Private,BEV,Electrico,UKL1,FOCUS SEGMENT,Standard,SAV,105
2026,06,VOLVO,V60,Corporate,ICE,Diesel Mild Hybrid,KKL,FOCUS SEGMENT,Standard,ESTATE,16
2026,06,VOLVO,V60,Corporate,PHEV,Diesel Mild Hybrid,KKL,FOCUS SEGMENT,Standard,ESTATE,10
2026,06,VOLVO,V60,Private,ICE,Diesel Mild Hybrid,KKL,FOCUS SEGMENT,Standard,ESTATE,4
2026,06,VOLVO,V60,Private,PHEV,Diesel Mild Hybrid,KKL,FOCUS SEGMENT,Standard,ESTATE,1
2026,06,VOLVO,XC40,Corporate,BEV,Electrico,UKL2,FOCUS SEGMENT,Standard,SAV,1
2026,06,VOLVO,XC40,Corporate,ICE,Electrico,UKL2,FOCUS SEGMENT,Standard,SAV,154
2026,06,VOLVO,XC40,Private,ICE,Electrico,UKL2,FOCUS SEGMENT,Standard,SAV,153
2026,06,VOLVO,XC40,RAC,ICE,Electrico,UKL2,FOCUS SEGMENT,Standard,SAV,42
2026,06,VOLVO,XC60,Corporate,ICE,Diesel Mild Hybrid,KKL,FOCUS SEGMENT,Standard,SAV,131
2026,06,VOLVO,XC60,Corporate,PHEV,Diesel Mild Hybrid,KKL,FOCUS SEGMENT,Standard,SAV,89
2026,06,VOLVO,XC60,Private,ICE,Diesel Mild Hybrid,KKL,FOCUS SEGMENT,Standard,SAV,152
2026,06,VOLVO,XC60,Private,PHEV,Diesel Mild Hybrid,KKL,FOCUS SEGMENT,Standard,SAV,30
2026,06,VOLVO,XC60,RAC,ICE,Diesel Mild Hybrid,KKL,FOCUS SEGMENT,Standard,SAV,55
2026,06,VOLVO,XC90,Corporate,ICE,Diesel Mild Hybrid,MKL,FOCUS SEGMENT,Standard,SAV,37
2026,06,VOLVO,XC90,Corporate,PHEV,Diesel Mild Hybrid,MKL,FOCUS SEGMENT,Standard,SAV,63
2026,06,VOLVO,XC90,Private,ICE,Diesel Mild Hybrid,MKL,FOCUS SEGMENT,Standard,SAV,11
2026,06,VOLVO,XC90,Private,PHEV,Diesel Mild Hybrid,MKL,FOCUS SEGMENT,Standard,SAV,10
2026,06,VOLVO,XC90,RAC,ICE,Diesel Mild Hybrid,MKL,FOCUS SEGMENT,Standard,SAV,3
2026,06,VOYAH,FREE,Corporate,BEV,Electrico,KKL,REST,Standard,SAV,1
2026,06,VPS,,Corporate,ICE,Diesel,,,,,3
2026,06,VSVE,,Corporate,ICE,Diesel,,,,,8
2026,06,VSVE,,RAC,ICE,Diesel,,,,,5
2026,06,WEINSBERG,,Private,ICE,Diesel,,,,,9
2026,06,WEINSBERG,,RAC,ICE,Diesel,,,,,4
2026,06,WESTFALEN MOBIL GMBH,,Private,ICE,Diesel,,,,,1
2026,06,WESTFALIA,,Private,ICE,Diesel,,,,,2
2026,06,WESTFALIA MOBIL GMBH,,Corporate,ICE,Diesel,,,,,2
2026,06,WXEVERBRIGHT,,Corporate,BEV,Electrico,,,,,4
2026,06,WXEVERBRIGHT,,Private,BEV,Electrico,,,,,1
2026,06,XPENG,,Corporate,BEV,Electrico,,,,,48
2026,06,XPENG,,Private,BEV,Electrico,,,,,164
2026,06,XTREMOBILITY,,Corporate,ICE,Diesel,,,,,1
2026,06,YAGUE,,Corporate,ICE,Diesel,,,,,2
2026,06,YAGUE,,RAC,BEV,Electrico,,,,,3
2026,06,YAGUE,,RAC,ICE,Diesel,,,,,1
2026,06,YOLDI,,Corporate,ICE,Diesel,,,,,4
2026,06,YOLDI,,Private,ICE,Diesel,,,,,2
2026,06,YOOUDOOO,,Corporate,ICE,Diesel,,,,,1
2026,06,YUTONG,,Corporate,BEV,Electrico,,,,,5
2026,06,ZAGO AUTOMOTIVE,,Corporate,BEV,Electrico,,,,,3
2026,06,ZAGO AUTOMOTIVE,,Corporate,ICE,Diesel,,,,,6
2026,06,ZAGO AUTOMOTIVE,,Corporate,ICE,Gas Licuado con petroleo (GLP),,,,,21
2026,06,ZAGO AUTOMOTIVE,,Corporate,ICE,Gasolina,,,,,23
2026,06,ZAGO AUTOMOTIVE,,Private,ICE,Diesel,,,,,2
2026,06,ZAGO AUTOMOTIVE,,Private,ICE,Gasolina,,,,,1
2026,06,ZEEKR,,Corporate,BEV,Electrico,,,,,8
2026,06,ZEEKR,,Private,BEV,Electrico,,,,,4
