anyo,mes,marca,modelo,canal,fuel_type,fuel,segmento,subseg,hp,body_type,count
2025,06,3 CARROCEROS,,Corporate,ICE,Diesel,,,,,20
2025,06,3 CARROCEROS,,Private,ICE,Diesel,,,,,1
2025,06,A.A. AIRBUS,,RAC,ICE,Diesel,,,,,11
2025,06,ABARTH,500,Corporate,BEV,Electrico,UKL0,REST,Standard,HACH 3P,4
2025,06,ABARTH,500,Private,BEV,Electrico,UKL0,REST,Standard,HACH 3P,1
2025,06,ACROSS,,RAC,ICE,Diesel,,,,,1
2025,06,ACTIVITY,,RAC,ICE,Diesel,,,,,1
2025,06,ADRIA,,Corporate,ICE,Diesel,,,,,5
2025,06,ADRIA,,Private,ICE,Diesel,,,,,28
2025,06,ADRIA,,RAC,ICE,Diesel,,,,,4
2025,06,AGUINAGA,,Corporate,ICE,Diesel,,,,,2
2025,06,ALFA ROMEO,GIULIA,Corporate,ICE,Diesel,KKL,REST,Standard,SEDAN,9
2025,06,ALFA ROMEO,GIULIA,Private,ICE,Diesel,KKL,REST,Standard,SEDAN,2
2025,06,ALFA ROMEO,JUNIOR,Corporate,BEV,Electrico,UKL1,REST,Standard,SAV,2
2025,06,ALFA ROMEO,JUNIOR,Corporate,ICE,Electrico,UKL1,REST,Standard,SAV,67
2025,06,ALFA ROMEO,JUNIOR,Private,BEV,Electrico,UKL1,REST,Standard,SAV,3
2025,06,ALFA ROMEO,JUNIOR,Private,ICE,Electrico,UKL1,REST,Standard,SAV,8
2025,06,ALFA ROMEO,JUNIOR,RAC,ICE,Electrico,UKL1,REST,Standard,SAV,47
2025,06,ALFA ROMEO,STELVIO,Corporate,ICE,Diesel,KKL,REST,Standard,SAV,24
2025,06,ALFA ROMEO,STELVIO,Private,ICE,Diesel,KKL,REST,Standard,SAV,2
2025,06,ALFA ROMEO,STELVIO,RAC,ICE,Diesel,KKL,REST,Standard,SAV,3
2025,06,ALFA ROMEO,TONALE,Corporate,ICE,Diesel,UKL2,REST,Standard,SAV,45
2025,06,ALFA ROMEO,TONALE,Corporate,PHEV,Diesel,UKL2,REST,Standard,SAV,7
2025,06,ALLIED VEHICLES LTD,,Corporate,ICE,Diesel,,,,,4
2025,06,ALLIED VEHICLES LTD,,Private,ICE,Diesel,,,,,1
2025,06,ALLIED VEHICLES LTD,,Private,ICE,Gasolina,,,,,2
2025,06,ALLIED VEHICLES LTD,,RAC,ICE,Diesel,,,,,1
2025,06,ALPINE,,Corporate,BEV,Electrico,,,,,27
2025,06,ALPINE,,Corporate,ICE,Gasolina,,,,,2
2025,06,ALPINE,,Private,BEV,Electrico,,,,,20
2025,06,ALPINE,,Private,ICE,Gasolina,,,,,2
2025,06,ALPINE,,RAC,BEV,Electrico,,,,,1
2025,06,ALQUIBER QUALITY,,Corporate,ICE,Diesel,,,,,6
2025,06,ALQUIBER QUALITY,,RAC,ICE,Diesel,,,,,3
2025,06,AMELINE,,Corporate,ICE,Diesel,,,,,3
2025,06,AMELINE,,Private,ICE,Diesel,,,,,1
2025,06,ANGEL BRUGUERA FONT,,Corporate,ICE,Diesel,,,,,1
2025,06,ANTOLI,,Corporate,ICE,Diesel,,,,,1
2025,06,ANTONIO JURADO GONZALEZ,,Corporate,ICE,Diesel,,,,,1
2025,06,ARES,,Corporate,BEV,Electrico,,,,,5
2025,06,ASTON MARTIN,,Corporate,ICE,Gasolina,,,,,2
2025,06,ASTON MARTIN,,Private,ICE,Gasolina,,,,,2
2025,06,ASTON MARTIN,DB12,Private,ICE,Gasolina,GKL+,FOCUS SEGMENT,Standard,CABRIO,1
2025,06,ATALAYA,,RAC,ICE,Diesel,,,,,3
2025,06,AUDI,,Corporate,ICE,Gasolina,,,,,4
2025,06,AUDI,,Private,ICE,Gasolina,,,,,1
2025,06,AUDI,A1,Corporate,ICE,Gasolina,UKL1,FOCUS SEGMENT,Standard,HACH 5P,167
2025,06,AUDI,A1,Private,ICE,Gasolina,UKL1,FOCUS SEGMENT,Standard,HACH 5P,125
2025,06,AUDI,A1,RAC,ICE,Gasolina,UKL1,FOCUS SEGMENT,Standard,HACH 5P,316
2025,06,AUDI,A3,Corporate,ICE,Diesel,UKL2,FOCUS SEGMENT,Standard,HACH 5P,245
2025,06,AUDI,A3,Corporate,PHEV,Diesel,UKL2,FOCUS SEGMENT,Standard,HACH 5P,117
2025,06,AUDI,A3,Private,ICE,Diesel,UKL2,FOCUS SEGMENT,Standard,HACH 5P,202
2025,06,AUDI,A3,Private,PHEV,Diesel,UKL2,FOCUS SEGMENT,Standard,HACH 5P,117
2025,06,AUDI,A3,RAC,ICE,Diesel,UKL2,FOCUS SEGMENT,Standard,HACH 5P,155
2025,06,AUDI,A3,RAC,PHEV,Diesel,UKL2,FOCUS SEGMENT,Standard,HACH 5P,128
2025,06,AUDI,A4,Corporate,ICE,Diesel Mild Hybrid,KKL,FOCUS SEGMENT,Standard,SEDAN,2
2025,06,AUDI,A5,Corporate,ICE,Diesel,KKL,FOCUS SEGMENT,Standard,SEDAN,141
2025,06,AUDI,A5,Corporate,PHEV,Diesel,KKL,FOCUS SEGMENT,Standard,SEDAN,44
2025,06,AUDI,A5,Private,ICE,Diesel,KKL,FOCUS SEGMENT,Standard,SEDAN,48
2025,06,AUDI,A5,Private,PHEV,Diesel,KKL,FOCUS SEGMENT,Standard,SEDAN,5
2025,06,AUDI,A5,RAC,ICE,Diesel,KKL,FOCUS SEGMENT,Standard,SEDAN,31
2025,06,AUDI,A5,RAC,PHEV,Diesel,KKL,FOCUS SEGMENT,Standard,SEDAN,45
2025,06,AUDI,A6,Corporate,BEV,Diesel Mild Hybrid,MKL,FOCUS SEGMENT,Standard,ESTATE,24
2025,06,AUDI,A6,Corporate,ICE,Diesel Mild Hybrid,MKL,FOCUS SEGMENT,Standard,ESTATE,28
2025,06,AUDI,A6,Corporate,PHEV,Diesel Mild Hybrid,MKL,FOCUS SEGMENT,Standard,ESTATE,2
2025,06,AUDI,A6,Private,BEV,Diesel Mild Hybrid,MKL,FOCUS SEGMENT,Standard,ESTATE,2
2025,06,AUDI,A6,Private,ICE,Diesel Mild Hybrid,MKL,FOCUS SEGMENT,Standard,ESTATE,3
2025,06,AUDI,A6,Private,PHEV,Diesel Mild Hybrid,MKL,FOCUS SEGMENT,Standard,ESTATE,1
2025,06,AUDI,A6,RAC,BEV,Diesel Mild Hybrid,MKL,FOCUS SEGMENT,Standard,ESTATE,4
2025,06,AUDI,A6,RAC,ICE,Diesel Mild Hybrid,MKL,FOCUS SEGMENT,Standard,ESTATE,12
2025,06,AUDI,A6 ALLROAD,Corporate,ICE,Diesel Mild Hybrid,MKL,FOCUS SEGMENT,Standard,ESTATE,3
2025,06,AUDI,A7,Corporate,ICE,Diesel Mild Hybrid,MKL,FOCUS SEGMENT,M Performance,SEDAN,1
2025,06,AUDI,A7,Corporate,PHEV,Diesel Mild Hybrid,MKL,FOCUS SEGMENT,M Performance,SEDAN,2
2025,06,AUDI,A8,Corporate,PHEV,Diesel Mild Hybrid,GKL,FOCUS SEGMENT,Standard,SEDAN,2
2025,06,AUDI,A8,Private,ICE,Diesel Mild Hybrid,GKL,FOCUS SEGMENT,Standard,SEDAN,1
2025,06,AUDI,Q2,Corporate,ICE,Diesel,UKL2,FOCUS SEGMENT,Standard,SAV,145
2025,06,AUDI,Q2,Private,ICE,Diesel,UKL2,FOCUS SEGMENT,Standard,SAV,143
2025,06,AUDI,Q2,RAC,ICE,Diesel,UKL2,FOCUS SEGMENT,Standard,SAV,45
2025,06,AUDI,Q3,Corporate,ICE,Diesel,UKL2,FOCUS SEGMENT,Standard,SAV,117
2025,06,AUDI,Q3,Private,ICE,Diesel,UKL2,FOCUS SEGMENT,Standard,SAV,69
2025,06,AUDI,Q3,RAC,ICE,Diesel,UKL2,FOCUS SEGMENT,Standard,SAV,11
2025,06,AUDI,Q3 SPORTBACK,Corporate,ICE,Diesel,UKL2,FOCUS SEGMENT,Standard,SAV,276
2025,06,AUDI,Q3 SPORTBACK,Private,ICE,Diesel,UKL2,FOCUS SEGMENT,Standard,SAV,172
2025,06,AUDI,Q3 SPORTBACK,RAC,ICE,Diesel,UKL2,FOCUS SEGMENT,Standard,SAV,39
2025,06,AUDI,Q4 E-TRON,Corporate,BEV,Electrico,UKL2,FOCUS SEGMENT,Standard,SAV,20
2025,06,AUDI,Q4 E-TRON,Private,BEV,Electrico,UKL2,FOCUS SEGMENT,Standard,SAV,21
2025,06,AUDI,Q4 E-TRON,RAC,BEV,Electrico,UKL2,FOCUS SEGMENT,Standard,SAV,1
2025,06,AUDI,Q4 SPORTBACK E-TRON,Corporate,BEV,Electrico,UKL2,FOCUS SEGMENT,Standard,SAV,39
2025,06,AUDI,Q4 SPORTBACK E-TRON,Private,BEV,Electrico,UKL2,FOCUS SEGMENT,Standard,SAV,33
2025,06,AUDI,Q5,Corporate,ICE,Diesel Mild Hybrid,KKL,FOCUS SEGMENT,Standard,SAV,178
2025,06,AUDI,Q5,Corporate,PHEV,Diesel Mild Hybrid,KKL,FOCUS SEGMENT,Standard,SAV,5
2025,06,AUDI,Q5,Private,ICE,Diesel Mild Hybrid,KKL,FOCUS SEGMENT,Standard,SAV,76
2025,06,AUDI,Q5,Private,PHEV,Diesel Mild Hybrid,KKL,FOCUS SEGMENT,Standard,SAV,2
2025,06,AUDI,Q5,RAC,ICE,Diesel Mild Hybrid,KKL,FOCUS SEGMENT,Standard,SAV,25
2025,06,AUDI,Q5,RAC,PHEV,Diesel Mild Hybrid,KKL,FOCUS SEGMENT,Standard,SAV,2
2025,06,AUDI,Q5 SPORTBACK,Corporate,ICE,Diesel Mild Hybrid,KKL,FOCUS SEGMENT,Standard,SAV,30
2025,06,AUDI,Q5 SPORTBACK,Corporate,PHEV,Diesel Mild Hybrid,KKL,FOCUS SEGMENT,Standard,SAV,19
2025,06,AUDI,Q5 SPORTBACK,Private,ICE,Diesel Mild Hybrid,KKL,FOCUS SEGMENT,Standard,SAV,18
2025,06,AUDI,Q5 SPORTBACK,Private,PHEV,Diesel Mild Hybrid,KKL,FOCUS SEGMENT,Standard,SAV,6
2025,06,AUDI,Q5 SPORTBACK,RAC,ICE,Diesel Mild Hybrid,KKL,FOCUS SEGMENT,Standard,SAV,102
2025,06,AUDI,Q6 E-TRON,Corporate,BEV,Electrico,KKL,FOCUS SEGMENT,Standard,SAV,40
2025,06,AUDI,Q6 E-TRON,Private,BEV,Electrico,KKL,FOCUS SEGMENT,Standard,SAV,5
2025,06,AUDI,Q7,Corporate,ICE,Diesel Mild Hybrid,MKL,FOCUS SEGMENT,Standard,SAV,22
2025,06,AUDI,Q7,Corporate,PHEV,Diesel Mild Hybrid,MKL,FOCUS SEGMENT,Standard,SAV,7
2025,06,AUDI,Q7,Private,ICE,Diesel Mild Hybrid,MKL,FOCUS SEGMENT,Standard,SAV,12
2025,06,AUDI,Q7,Private,PHEV,Diesel Mild Hybrid,MKL,FOCUS SEGMENT,Standard,SAV,2
2025,06,AUDI,Q7,RAC,ICE,Diesel Mild Hybrid,MKL,FOCUS SEGMENT,Standard,SAV,2
2025,06,AUDI,Q8,Corporate,ICE,Diesel Mild Hybrid,MKL,FOCUS SEGMENT,Standard,SAV,44
2025,06,AUDI,Q8,Corporate,PHEV,Diesel Mild Hybrid,MKL,FOCUS SEGMENT,Standard,SAV,36
2025,06,AUDI,Q8,Private,ICE,Diesel Mild Hybrid,MKL,FOCUS SEGMENT,Standard,SAV,5
2025,06,AUDI,Q8,Private,PHEV,Diesel Mild Hybrid,MKL,FOCUS SEGMENT,Standard,SAV,12
2025,06,AUDI,Q8,RAC,ICE,Diesel Mild Hybrid,MKL,FOCUS SEGMENT,Standard,SAV,2
2025,06,AUTOMOBILI LAMBORGHINI S.P.A.,,Corporate,ICE,Gasolina,,,,,1
2025,06,AUTOMOBILI LAMBORGHINI S.P.A.,,Corporate,PHEV,Gasolina/Electrico Enchufable,,,,,2
2025,06,AUTOMOBILI LAMBORGHINI S.P.A.,,Private,PHEV,Gasolina/Electrico Enchufable,,,,,2
2025,06,BAHIA V.I.,,Corporate,ICE,Diesel,,,,,1
2025,06,BAHIA V.I.,,Private,ICE,Diesel,,,,,1
2025,06,BAHIA V.I.,,RAC,ICE,Diesel,,,,,1
2025,06,BALEAR DE CARROSSERIES,,Corporate,ICE,Diesel,,,,,1
2025,06,BALLESTAS REUS,,Corporate,ICE,Diesel,,,,,1
2025,06,BALLESTAS REUS,,Private,ICE,Diesel,,,,,1
2025,06,BARBANY,,Corporate,ICE,Diesel,,,,,6
2025,06,BARBANY,,Private,ICE,Diesel,,,,,2
2025,06,BARBANY,,RAC,ICE,Diesel,,,,,1
2025,06,BAYCAR,,Corporate,ICE,Diesel,,,,,1
2025,06,BAYCAR,,Private,ICE,Diesel,,,,,1
2025,06,BAYCAR,,RAC,ICE,Diesel,,,,,1
2025,06,BEMAR,,Corporate,ICE,Diesel,,,,,1
2025,06,BEMAR,,Private,ICE,Diesel,,,,,1
2025,06,BENIMAR,,Corporate,ICE,Diesel,,,,,2
2025,06,BENIMAR,,Private,ICE,Diesel,,,,,75
2025,06,BENIMAR,,RAC,ICE,Diesel,,,,,31
2025,06,BENTLEY,BENTAYGA,Corporate,PHEV,Gasolina,GKL+,FOCUS SEGMENT,Standard,SAV,1
2025,06,BENTLEY,BENTAYGA,Private,ICE,Gasolina,GKL+,FOCUS SEGMENT,Standard,SAV,1
2025,06,BENTLEY,BENTAYGA,Private,PHEV,Gasolina,GKL+,FOCUS SEGMENT,Standard,SAV,1
2025,06,BENTLEY,CONTINENTAL,Private,PHEV,Gasolina,GKL+,FOCUS SEGMENT,Standard,COUPE,3
2025,06,BENTLEY,FLYING SPUR,Corporate,PHEV,Gasolina,GKL+,FOCUS SEGMENT,Standard,SEDAN,1
2025,06,BERGADANA,,Corporate,BEV,Electrico,,,,,1
2025,06,BERGADANA,,Corporate,ICE,Diesel,,,,,71
2025,06,BERGADANA,,Private,ICE,Diesel,,,,,5
2025,06,BEULAS,,Corporate,ICE,Diesel,,,,,1
2025,06,BLUCAMP,,RAC,ICE,Diesel,,,,,2
2025,06,BMW,,Corporate,ICE,Gasolina,,,,,10
2025,06,BMW,,Private,ICE,Gasolina,,,,,3
2025,06,BMW,I4,Corporate,BEV,Electrico,KKL,FOCUS SEGMENT,Standard,SEDAN,45
2025,06,BMW,I4,Private,BEV,Electrico,KKL,FOCUS SEGMENT,Standard,SEDAN,13
2025,06,BMW,I4,RAC,BEV,Electrico,KKL,FOCUS SEGMENT,Standard,SEDAN,1
2025,06,BMW,I5,Corporate,BEV,Electrico,MKL,FOCUS SEGMENT,Standard,SEDAN,28
2025,06,BMW,I5,Private,BEV,Electrico,MKL,FOCUS SEGMENT,Standard,SEDAN,2
2025,06,BMW,I5,RAC,BEV,Electrico,MKL,FOCUS SEGMENT,Standard,SEDAN,1
2025,06,BMW,I7,Corporate,BEV,Electrico,GKL,FOCUS SEGMENT,Standard,SEDAN,13
2025,06,BMW,I7,RAC,BEV,Electrico,GKL,FOCUS SEGMENT,Standard,SEDAN,3
2025,06,BMW,IX,Corporate,BEV,Electrico,MKL,FOCUS SEGMENT,Standard,SAV,43
2025,06,BMW,IX,Private,BEV,Electrico,MKL,FOCUS SEGMENT,Standard,SAV,4
2025,06,BMW,IX,RAC,BEV,Electrico,MKL,FOCUS SEGMENT,Standard,SAV,2
2025,06,BMW,IX1,Corporate,BEV,Electrico,UKL2,FOCUS SEGMENT,Standard,SAV,176
2025,06,BMW,IX1,Private,BEV,Electrico,UKL2,FOCUS SEGMENT,Standard,SAV,105
2025,06,BMW,IX2,Corporate,BEV,Electrico,UKL2,FOCUS SEGMENT,Standard,SAV,55
2025,06,BMW,IX2,Private,BEV,Electrico,UKL2,FOCUS SEGMENT,Standard,SAV,61
2025,06,BMW,IX2,RAC,BEV,Electrico,UKL2,FOCUS SEGMENT,Standard,SAV,15
2025,06,BMW,SERIE 1,Corporate,ICE,Diesel,UKL2,FOCUS SEGMENT,Standard,HACH 5P,176
2025,06,BMW,SERIE 1,Private,ICE,Diesel,UKL2,FOCUS SEGMENT,Standard,HACH 5P,119
2025,06,BMW,SERIE 1,RAC,ICE,Diesel,UKL2,FOCUS SEGMENT,Standard,HACH 5P,178
2025,06,BMW,SERIE 2,Corporate,ICE,Diesel,UKL2,FOCUS SEGMENT,Standard,SEDAN,114
2025,06,BMW,SERIE 2,Corporate,PHEV,Diesel,UKL2,FOCUS SEGMENT,Standard,SEDAN,3
2025,06,BMW,SERIE 2,Private,ICE,Diesel,UKL2,FOCUS SEGMENT,Standard,SEDAN,59
2025,06,BMW,SERIE 2,Private,PHEV,Diesel,UKL2,FOCUS SEGMENT,Standard,SEDAN,7
2025,06,BMW,SERIE 2,RAC,ICE,Diesel,UKL2,FOCUS SEGMENT,Standard,SEDAN,7
2025,06,BMW,SERIE 3,Corporate,ICE,Diesel,KKL,FOCUS SEGMENT,Standard,ESTATE,119
2025,06,BMW,SERIE 3,Corporate,PHEV,Diesel,KKL,FOCUS SEGMENT,Standard,ESTATE,31
2025,06,BMW,SERIE 3,Private,ICE,Diesel,KKL,FOCUS SEGMENT,Standard,ESTATE,31
2025,06,BMW,SERIE 3,Private,PHEV,Diesel,KKL,FOCUS SEGMENT,Standard,ESTATE,10
2025,06,BMW,SERIE 3,RAC,ICE,Diesel,KKL,FOCUS SEGMENT,Standard,ESTATE,46
2025,06,BMW,SERIE 3,RAC,PHEV,Diesel,KKL,FOCUS SEGMENT,Standard,ESTATE,14
2025,06,BMW,SERIE 4,Corporate,ICE,Diesel Mild Hybrid,KKL,FOCUS SEGMENT,Standard,SEDAN,98
2025,06,BMW,SERIE 4,Private,ICE,Diesel Mild Hybrid,KKL,FOCUS SEGMENT,Standard,SEDAN,52
2025,06,BMW,SERIE 4,RAC,ICE,Diesel Mild Hybrid,KKL,FOCUS SEGMENT,Standard,SEDAN,50
2025,06,BMW,SERIE 5,Corporate,ICE,Diesel Mild Hybrid,MKL,FOCUS SEGMENT,Standard,SEDAN,37
2025,06,BMW,SERIE 5,Corporate,PHEV,Diesel Mild Hybrid,MKL,FOCUS SEGMENT,Standard,SEDAN,26
2025,06,BMW,SERIE 5,Private,ICE,Diesel Mild Hybrid,MKL,FOCUS SEGMENT,Standard,SEDAN,11
2025,06,BMW,SERIE 5,Private,PHEV,Diesel Mild Hybrid,MKL,FOCUS SEGMENT,Standard,SEDAN,2
2025,06,BMW,SERIE 5,RAC,ICE,Diesel Mild Hybrid,MKL,FOCUS SEGMENT,Standard,SEDAN,14
2025,06,BMW,SERIE 5,RAC,PHEV,Diesel Mild Hybrid,MKL,FOCUS SEGMENT,Standard,SEDAN,1
2025,06,BMW,SERIE 7,Corporate,ICE,Diesel Mild Hybrid,GKL,FOCUS SEGMENT,Standard,SEDAN,3
2025,06,BMW,SERIE 7,Corporate,PHEV,Diesel Mild Hybrid,GKL,FOCUS SEGMENT,Standard,SEDAN,6
2025,06,BMW,SERIE 7,RAC,ICE,Diesel Mild Hybrid,GKL,FOCUS SEGMENT,Standard,SEDAN,1
2025,06,BMW,SERIE 8,Corporate,ICE,Diesel Mild Hybrid,GKL,FOCUS SEGMENT,Standard,CABRIO,4
2025,06,BMW,SERIE 8,Private,ICE,Diesel Mild Hybrid,GKL,FOCUS SEGMENT,Standard,CABRIO,1
2025,06,BMW,X1,Corporate,ICE,Diesel,UKL2,FOCUS SEGMENT,Standard,SAV,784
2025,06,BMW,X1,Corporate,PHEV,Diesel,UKL2,FOCUS SEGMENT,Standard,SAV,201
2025,06,BMW,X1,Private,BEV,Diesel,UKL2,FOCUS SEGMENT,Standard,SAV,1
2025,06,BMW,X1,Private,ICE,Diesel,UKL2,FOCUS SEGMENT,Standard,SAV,209
2025,06,BMW,X1,Private,PHEV,Diesel,UKL2,FOCUS SEGMENT,Standard,SAV,76
2025,06,BMW,X1,RAC,ICE,Diesel,UKL2,FOCUS SEGMENT,Standard,SAV,163
2025,06,BMW,X1,RAC,PHEV,Diesel,UKL2,FOCUS SEGMENT,Standard,SAV,74
2025,06,BMW,X2,Corporate,ICE,Diesel,UKL2,FOCUS SEGMENT,Standard,SAV,432
2025,06,BMW,X2,Private,ICE,Diesel,UKL2,FOCUS SEGMENT,Standard,SAV,189
2025,06,BMW,X2,RAC,ICE,Diesel,UKL2,FOCUS SEGMENT,Standard,SAV,133
2025,06,BMW,X3,Corporate,ICE,Diesel Mild Hybrid,KKL,FOCUS SEGMENT,Standard,SAV,152
2025,06,BMW,X3,Corporate,PHEV,Diesel Mild Hybrid,KKL,FOCUS SEGMENT,Standard,SAV,68
2025,06,BMW,X3,Private,ICE,Diesel Mild Hybrid,KKL,FOCUS SEGMENT,Standard,SAV,79
2025,06,BMW,X3,Private,PHEV,Diesel Mild Hybrid,KKL,FOCUS SEGMENT,Standard,SAV,32
2025,06,BMW,X3,RAC,ICE,Diesel Mild Hybrid,KKL,FOCUS SEGMENT,Standard,SAV,132
2025,06,BMW,X3,RAC,PHEV,Diesel Mild Hybrid,KKL,FOCUS SEGMENT,Standard,SAV,10
2025,06,BMW,X4,Corporate,ICE,Diesel Mild Hybrid,KKL,FOCUS SEGMENT,Standard,SAV,219
2025,06,BMW,X4,Private,ICE,Diesel Mild Hybrid,KKL,FOCUS SEGMENT,Standard,SAV,34
2025,06,BMW,X4,RAC,ICE,Diesel Mild Hybrid,KKL,FOCUS SEGMENT,Standard,SAV,18
2025,06,BMW,X5,Corporate,ICE,Diesel,MKL,FOCUS SEGMENT,Standard,SAV,50
2025,06,BMW,X5,Corporate,PHEV,Diesel,MKL,FOCUS SEGMENT,Standard,SAV,27
2025,06,BMW,X5,Private,ICE,Diesel,MKL,FOCUS SEGMENT,Standard,SAV,14
2025,06,BMW,X5,Private,PHEV,Diesel,MKL,FOCUS SEGMENT,Standard,SAV,7
2025,06,BMW,X5,RAC,ICE,Diesel,MKL,FOCUS SEGMENT,Standard,SAV,7
2025,06,BMW,X5,RAC,PHEV,Diesel,MKL,FOCUS SEGMENT,Standard,SAV,4
2025,06,BMW,X6,Corporate,ICE,Diesel Mild Hybrid,MKL,FOCUS SEGMENT,Standard,SAV,52
2025,06,BMW,X6,Private,ICE,Diesel Mild Hybrid,MKL,FOCUS SEGMENT,Standard,SAV,12
2025,06,BMW,X6,RAC,ICE,Diesel Mild Hybrid,MKL,FOCUS SEGMENT,Standard,SAV,3
2025,06,BMW,X7,Corporate,ICE,Diesel Mild Hybrid,GKL,FOCUS SEGMENT,Standard,SAV,17
2025,06,BMW,X7,Private,ICE,Diesel Mild Hybrid,GKL,FOCUS SEGMENT,Standard,SAV,4
2025,06,BMW,X7,RAC,ICE,Diesel Mild Hybrid,GKL,FOCUS SEGMENT,Standard,SAV,6
2025,06,BMW,XM,Corporate,PHEV,Gasolina/Electrico Enchufable,GKL,FOCUS SEGMENT,M,SAV,16
2025,06,BMW,XM,Private,PHEV,Gasolina/Electrico Enchufable,GKL,FOCUS SEGMENT,M,SAV,1
2025,06,BMW,Z4,Corporate,ICE,Gasolina,KKL,FOCUS SEGMENT,Standard,ROADSTER,3
2025,06,BMW,Z4,Private,ICE,Gasolina,KKL,FOCUS SEGMENT,Standard,ROADSTER,8
2025,06,BMW,Z4,RAC,ICE,Gasolina,KKL,FOCUS SEGMENT,Standard,ROADSTER,1
2025,06,BOBCAT,,Corporate,ICE,Diesel,,,,,1
2025,06,BOMBARDIER REC PROD INC,,Private,ICE,Gasolina,,,,,2
2025,06,BOSCHUNG,,Corporate,BEV,Electrico,,,,,1
2025,06,BRAVO,,RAC,ICE,Diesel,,,,,2
2025,06,BRP,,Corporate,ICE,Gasolina,,,,,7
2025,06,BRP,,Private,ICE,Gasolina,,,,,5
2025,06,BUCHER,,Corporate,ICE,Diesel,,,,,1
2025,06,BUNKERVAN,,Corporate,ICE,Diesel,,,,,1
2025,06,BUNKERVAN,,Private,ICE,Diesel,,,,,1
2025,06,BUNKERVAN,,RAC,ICE,Diesel,,,,,2
2025,06,BURSTNER GMBH,,Private,ICE,Diesel,,,,,6
2025,06,BYD,,Corporate,BEV,Electrico,,,,,30
2025,06,BYD,,Private,BEV,Electrico,,,,,121
2025,06,BYD,,RAC,BEV,Electrico,,,,,1
2025,06,BYD,ATTO 3,Corporate,BEV,Electrico,UKL2,REST,Standard,SAV,42
2025,06,BYD,ATTO 3,Private,BEV,Electrico,UKL2,REST,Standard,SAV,151
2025,06,BYD,ATTO 3,RAC,BEV,Electrico,UKL2,REST,Standard,SAV,1
2025,06,BYD,DOLPHIN,Corporate,BEV,Electrico,UKL1,REST,Standard,HACH 5P,118
2025,06,BYD,DOLPHIN,Private,BEV,Electrico,UKL1,REST,Standard,HACH 5P,308
2025,06,BYD,ETP3,Corporate,BEV,Electrico,SKL,REST,Standard,TRANSPORTER,2
2025,06,BYD,SEAL,Corporate,BEV,Electrico,KKL,REST,Standard,SEDAN,394
2025,06,BYD,SEAL,Private,BEV,Electrico,KKL,REST,Standard,SEDAN,48
2025,06,BYD,SEAL U,Corporate,BEV,Electrico,KKL,REST,Standard,SAV,14
2025,06,BYD,SEAL U,Corporate,PHEV,Electrico,KKL,REST,Standard,SAV,236
2025,06,BYD,SEAL U,Private,BEV,Electrico,KKL,REST,Standard,SAV,74
2025,06,BYD,SEAL U,Private,PHEV,Electrico,KKL,REST,Standard,SAV,631
2025,06,BYD,SEAL U,RAC,PHEV,Electrico,KKL,REST,Standard,SAV,52
2025,06,BYD,SEALION 7,Corporate,BEV,Electrico,UKL2,REST,Standard,SAV,51
2025,06,BYD,SEALION 7,Private,BEV,Electrico,UKL2,REST,Standard,SAV,100
2025,06,BYD,TANG,Corporate,BEV,Electrico,KKL,REST,Standard,SAV,2
2025,06,BYD,TANG,Private,BEV,Electrico,KKL,REST,Standard,SAV,1
2025,06,C.I.,,Private,ICE,Diesel,,,,,1
2025,06,C.I.,,RAC,ICE,Diesel,,,,,2
2025,06,C.T.E.,,RAC,ICE,Diesel,,,,,1
2025,06,CAFRISE,,Corporate,ICE,Diesel,,,,,4
2025,06,CAJISA,,RAC,ICE,Diesel,,,,,40
2025,06,CALLAU,,Corporate,ICE,Diesel,,,,,2
2025,06,CAPRON,,Private,ICE,Diesel,,,,,17
2025,06,CAPRON,,RAC,ICE,Diesel,,,,,15
2025,06,CAPRON GMBH,,Private,ICE,Diesel,,,,,4
2025,06,CAR-BUS.NET,,Corporate,BEV,Electrico,,,,,2
2025,06,CAR-BUS.NET,,Corporate,ICE,Diesel,,,,,1
2025,06,CARROCERA CASTROSUA SA,,Corporate,ICE,Diesel,,,,,4
2025,06,CARROCERA CASTROSUA SA,,Corporate,ICE,Gas natural comprimido (GNC),,,,,13
2025,06,CARROCERIAS CITY,,Private,ICE,Diesel,,,,,2
2025,06,CARROCERIAS CITY,,RAC,ICE,Diesel,,,,,1
2025,06,CARROCERIAS CREVILLENTE,,Corporate,ICE,Diesel,,,,,1
2025,06,CARROCERIAS CREVILLENTE,,RAC,ICE,Diesel,,,,,9
2025,06,CARROCERIAS DEL VALLE,,Corporate,ICE,Diesel,,,,,1
2025,06,CARROCERIAS EL GALLO,,Corporate,ICE,Diesel,,,,,13
2025,06,CARROCERIAS EL GALLO,,Private,ICE,Diesel,,,,,2
2025,06,CARROCERIAS FRIGORIFICAS SEVIL,,Corporate,ICE,Diesel,,,,,2
2025,06,CARROCERIAS FRIGORIFICAS SEVIL,,Private,ICE,Diesel,,,,,3
2025,06,CARROCERIAS FRIGORIFICAS SEVIL,,RAC,ICE,Diesel,,,,,1
2025,06,CARROCERIAS JANKAR,,Corporate,ICE,Diesel,,,,,1
2025,06,CARROCERIAS JANKAR,,Private,ICE,Diesel,,,,,1
2025,06,CARROCERIAS JAZ,,Corporate,ICE,Diesel,,,,,1
2025,06,CARROCERIAS JEREZ,,Corporate,ICE,Diesel,,,,,2
2025,06,CARROCERIAS MINDA,,Corporate,ICE,Diesel,,,,,4
2025,06,CARROCERIAS REVERTE,,Corporate,ICE,Diesel,,,,,2
2025,06,CARROCERIAS SANCA SA,,Corporate,ICE,Diesel,,,,,5
2025,06,CARROCERIAS SANCA SA,,RAC,ICE,Diesel,,,,,1
2025,06,"CARROCERIAS SANCA, S.A.",,Corporate,ICE,Diesel,,,,,21
2025,06,"CARROCERIAS SANCA, S.A.",,Private,ICE,Diesel,,,,,4
2025,06,"CARROCERIAS SANCA, S.A.",,RAC,ICE,Diesel,,,,,2
2025,06,CARROCERIAS SEVILLA,,Corporate,ICE,Diesel,,,,,16
2025,06,CARROCERIAS SEVILLA,,Corporate,ICE,Gas natural comprimido (GNC),,,,,5
2025,06,CARROCERIAS SEVILLA,,Private,ICE,Diesel,,,,,1
2025,06,CARROCERIAS YECLA,,Corporate,ICE,Diesel,,,,,1
2025,06,CARROZADOS TECAI,,Corporate,ICE,Diesel,,,,,2
2025,06,CARROZADOS TECAI,,Private,ICE,Diesel,,,,,1
2025,06,CARROZADOS TECAI,,RAC,ICE,Diesel,,,,,20
2025,06,CARTHAGO,,Private,ICE,Diesel,,,,,3
2025,06,CATERHAM CARS LTD,,Corporate,ICE,Gasolina,,,,,1
2025,06,CAYVOL,,Corporate,ICE,Diesel,,,,,4
2025,06,CAYVOL,,RAC,ICE,Diesel,,,,,1
2025,06,CENNTRO,LOGISTAR,Private,BEV,Electrico,SKL,REST,Standard,TRANSPORTER,6
2025,06,CENNTRO,METRO,Corporate,BEV,Electrico,SKL,REST,Standard,TRANSPORTER,1
2025,06,CENNTRO,METRO,RAC,BEV,Electrico,SKL,REST,Standard,TRANSPORTER,1
2025,06,CERRAJERIA AURELIO,,Corporate,ICE,Diesel,,,,,2
2025,06,CFMOTO,,Corporate,BEV,Electrico,,,,,1
2025,06,CFMOTO,,Corporate,ICE,Gasolina,,,,,24
2025,06,CFMOTO,,Private,ICE,Gasolina,,,,,24
2025,06,CFMOTO,,RAC,ICE,Gasolina,,,,,7
2025,06,CHALLENGER,,Corporate,ICE,Diesel,,,,,1
2025,06,CHALLENGER,,Private,ICE,Diesel,,,,,24
2025,06,CHALLENGER,,RAC,ICE,Diesel,,,,,3
2025,06,CHAPISTERIA V.I.,,Corporate,ICE,Diesel,,,,,3
2025,06,CHAPISTERIA V.I.,,RAC,ICE,Diesel,,,,,1
2025,06,CHEVROLET,,Corporate,ICE,Gasolina,,,,,2
2025,06,CHEVROLET,,Private,ICE,Gasolina,,,,,1
2025,06,CHRYSLER,,Private,ICE,Gasolina,,,,,1
2025,06,CHT,,Corporate,ICE,Diesel,,,,,2
2025,06,CI,,Private,ICE,Diesel,,,,,2
2025,06,CIBAD,,Corporate,ICE,Diesel,,,,,1
2025,06,CIC SPAIN,,Corporate,ICE,Diesel,,,,,1
2025,06,CIF,,Private,ICE,Diesel,,,,,1
2025,06,CITROEN,,Corporate,BEV,Electrico,,,,,3
2025,06,CITROEN,,Private,BEV,Electrico,,,,,28
2025,06,CITROEN,,Private,ICE,Diesel,,,,,3
2025,06,CITROEN,,RAC,ICE,Diesel,,,,,6
2025,06,CITROEN,BERLINGO,Corporate,BEV,Diesel,SKL,REST,Standard,TRANSPORTER,28
2025,06,CITROEN,BERLINGO,Corporate,ICE,Diesel,SKL,REST,Standard,TRANSPORTER,842
2025,06,CITROEN,BERLINGO,Private,BEV,Diesel,SKL,REST,Standard,TRANSPORTER,17
2025,06,CITROEN,BERLINGO,Private,ICE,Diesel,SKL,REST,Standard,TRANSPORTER,83
2025,06,CITROEN,BERLINGO,RAC,BEV,Diesel,SKL,REST,Standard,TRANSPORTER,32
2025,06,CITROEN,BERLINGO,RAC,ICE,Diesel,SKL,REST,Standard,TRANSPORTER,39
2025,06,CITROEN,C3,Corporate,BEV,Diesel,UKL1,REST,Standard,HACH 5P,85
2025,06,CITROEN,C3,Corporate,ICE,Diesel,UKL1,REST,Standard,HACH 5P,440
2025,06,CITROEN,C3,Private,BEV,Diesel,UKL1,REST,Standard,HACH 5P,71
2025,06,CITROEN,C3,Private,ICE,Diesel,UKL1,REST,Standard,HACH 5P,534
2025,06,CITROEN,C3,RAC,BEV,Diesel,UKL1,REST,Standard,HACH 5P,136
2025,06,CITROEN,C3,RAC,ICE,Diesel,UKL1,REST,Standard,HACH 5P,1319
2025,06,CITROEN,C4,Corporate,BEV,Diesel,UKL2,REST,Standard,HACH 5P,14
2025,06,CITROEN,C4,Corporate,ICE,Diesel,UKL2,REST,Standard,HACH 5P,692
2025,06,CITROEN,C4,Private,BEV,Diesel,UKL2,REST,Standard,HACH 5P,43
2025,06,CITROEN,C4,Private,ICE,Diesel,UKL2,REST,Standard,HACH 5P,345
2025,06,CITROEN,C4,RAC,ICE,Diesel,UKL2,REST,Standard,HACH 5P,240
2025,06,CITROEN,C4X,Corporate,BEV,Diesel,UKL2,REST,Standard,SEDAN,15
2025,06,CITROEN,C4X,Corporate,ICE,Diesel,UKL2,REST,Standard,SEDAN,36
2025,06,CITROEN,C4X,Private,BEV,Diesel,UKL2,REST,Standard,SEDAN,4
2025,06,CITROEN,C4X,Private,ICE,Diesel,UKL2,REST,Standard,SEDAN,50
2025,06,CITROEN,C4X,RAC,BEV,Diesel,UKL2,REST,Standard,SEDAN,1
2025,06,CITROEN,C4X,RAC,ICE,Diesel,UKL2,REST,Standard,SEDAN,91
2025,06,CITROEN,C5 AIRCROSS,Corporate,ICE,Diesel,UKL2,REST,Standard,SAV,79
2025,06,CITROEN,C5 AIRCROSS,Corporate,PHEV,Diesel,UKL2,REST,Standard,SAV,8
2025,06,CITROEN,C5 AIRCROSS,Private,ICE,Diesel,UKL2,REST,Standard,SAV,45
2025,06,CITROEN,C5 AIRCROSS,Private,PHEV,Diesel,UKL2,REST,Standard,SAV,11
2025,06,CITROEN,C5 AIRCROSS,RAC,ICE,Diesel,UKL2,REST,Standard,SAV,25
2025,06,CITROEN,C5X,Corporate,ICE,Gasolina,MKL,REST,Standard,SEDAN,10
2025,06,CITROEN,C5X,Corporate,PHEV,Gasolina,MKL,REST,Standard,SEDAN,32
2025,06,CITROEN,C5X,Private,ICE,Gasolina,MKL,REST,Standard,SEDAN,14
2025,06,CITROEN,C5X,Private,PHEV,Gasolina,MKL,REST,Standard,SEDAN,19
2025,06,CITROEN,JUMPER,Corporate,BEV,Diesel,SKL,REST,Standard,TRANSPORTER,1
2025,06,CITROEN,JUMPER,Corporate,ICE,Diesel,SKL,REST,Standard,TRANSPORTER,230
2025,06,CITROEN,JUMPER,Private,ICE,Diesel,SKL,REST,Standard,TRANSPORTER,23
2025,06,CITROEN,JUMPER,RAC,ICE,Diesel,SKL,REST,Standard,TRANSPORTER,23
2025,06,CITROEN,JUMPY,Corporate,BEV,Diesel,SKL,REST,Standard,TRANSPORTER,32
2025,06,CITROEN,JUMPY,Corporate,ICE,Diesel,SKL,REST,Standard,TRANSPORTER,244
2025,06,CITROEN,JUMPY,Private,BEV,Diesel,SKL,REST,Standard,TRANSPORTER,2
2025,06,CITROEN,JUMPY,Private,ICE,Diesel,SKL,REST,Standard,TRANSPORTER,22
2025,06,CITROEN,JUMPY,RAC,ICE,Diesel,SKL,REST,Standard,TRANSPORTER,90
2025,06,CITROEN,SPACETOURER,Corporate,BEV,Diesel,SKL,REST,Standard,TRANSPORTER,2
2025,06,CITROEN,SPACETOURER,Corporate,ICE,Diesel,SKL,REST,Standard,TRANSPORTER,5
2025,06,CITROEN,SPACETOURER,Private,ICE,Diesel,SKL,REST,Standard,TRANSPORTER,5
2025,06,CITROËN,,Private,ICE,Gasolina,,,,,1
2025,06,COCAR,,Corporate,ICE,Diesel,,,,,3
2025,06,COINPOL,,Corporate,BEV,Electrico,,,,,2
2025,06,COINPOL,,Corporate,ICE,Diesel,,,,,6
2025,06,COINPOL,,Private,ICE,Diesel,,,,,1
2025,06,COINPOL,,RAC,BEV,Electrico,,,,,12
2025,06,COLD CAR,,Corporate,ICE,Diesel,,,,,6
2025,06,CONCORDE,,Private,ICE,Diesel,,,,,1
2025,06,CONGRUAL,,Corporate,ICE,Diesel,,,,,1
2025,06,CONSA,,Corporate,ICE,Diesel,,,,,2
2025,06,CONSA,,RAC,ICE,Diesel,,,,,1
2025,06,COOLGADES,,Corporate,ICE,Diesel,,,,,9
2025,06,CORVUS,,Corporate,ICE,Diesel,,,,,6
2025,06,CORVUS,,Private,ICE,Diesel,,,,,1
2025,06,COSMEA ESPINEDO,,Corporate,ICE,Diesel,,,,,2
2025,06,CRASTIR,,Corporate,ICE,Diesel,,,,,1
2025,06,CUPRA,,Corporate,BEV,Electrico,,,,,2
2025,06,CUPRA,BORN,Corporate,BEV,Electrico,UKL2,REST,Standard,HACH 5P,66
2025,06,CUPRA,BORN,Private,BEV,Electrico,UKL2,REST,Standard,HACH 5P,17
2025,06,CUPRA,CUPRA ATECA,Corporate,ICE,Gasolina,UKL2,REST,Standard,SAT,1
2025,06,CUPRA,CUPRA ATECA,Private,ICE,Gasolina,UKL2,REST,Standard,SAT,5
2025,06,CUPRA,CUPRA LEON,Corporate,ICE,Gasolina,UKL2,REST,Standard,HACH 5P,385
2025,06,CUPRA,CUPRA LEON,Corporate,PHEV,Gasolina,UKL2,REST,Standard,HACH 5P,178
2025,06,CUPRA,CUPRA LEON,Private,ICE,Gasolina,UKL2,REST,Standard,HACH 5P,174
2025,06,CUPRA,CUPRA LEON,Private,PHEV,Gasolina,UKL2,REST,Standard,HACH 5P,24
2025,06,CUPRA,CUPRA LEON,RAC,PHEV,Gasolina,UKL2,REST,Standard,HACH 5P,85
2025,06,CUPRA,FORMENTOR,Corporate,ICE,Diesel,UKL2,REST,Standard,SAT,176
2025,06,CUPRA,FORMENTOR,Corporate,PHEV,Diesel,UKL2,REST,Standard,SAT,307
2025,06,CUPRA,FORMENTOR,Private,ICE,Diesel,UKL2,REST,Standard,SAT,165
2025,06,CUPRA,FORMENTOR,Private,PHEV,Diesel,UKL2,REST,Standard,SAT,113
2025,06,CUPRA,FORMENTOR,RAC,ICE,Diesel,UKL2,REST,Standard,SAT,65
2025,06,CUPRA,FORMENTOR,RAC,PHEV,Diesel,UKL2,REST,Standard,SAT,98
2025,06,CUPRA,TAVASCAN,Corporate,BEV,Electrico,UKL2,REST,Standard,SAV,54
2025,06,CUPRA,TAVASCAN,Private,BEV,Electrico,UKL2,REST,Standard,SAV,56
2025,06,CUPRA,TERRAMAR,Corporate,ICE,Gasolina Mild Hybrid,UKL2,REST,Standard,SAT,57
2025,06,CUPRA,TERRAMAR,Corporate,PHEV,Gasolina Mild Hybrid,UKL2,REST,Standard,SAT,235
2025,06,CUPRA,TERRAMAR,Private,ICE,Gasolina Mild Hybrid,UKL2,REST,Standard,SAT,92
2025,06,CUPRA,TERRAMAR,Private,PHEV,Gasolina Mild Hybrid,UKL2,REST,Standard,SAT,89
2025,06,CUPRA,TERRAMAR,RAC,ICE,Gasolina Mild Hybrid,UKL2,REST,Standard,SAT,176
2025,06,CUPRA,TERRAMAR,RAC,PHEV,Gasolina Mild Hybrid,UKL2,REST,Standard,SAT,186
2025,06,DACIA,,Corporate,ICE,Gasolina,,,,,193
2025,06,DACIA,,Private,ICE,Gasolina,,,,,459
2025,06,DACIA,DUSTER,Corporate,ICE,Diesel,SKL,REST,Standard,PICKUP,373
2025,06,DACIA,DUSTER,Private,ICE,Diesel,SKL,REST,Standard,PICKUP,1112
2025,06,DACIA,DUSTER,RAC,ICE,Diesel,SKL,REST,Standard,PICKUP,9
2025,06,DACIA,JOGGER,Corporate,ICE,Gas Licuado con petroleo (GLP),UKL2,REST,Standard,MPV,107
2025,06,DACIA,JOGGER,Private,ICE,Gas Licuado con petroleo (GLP),UKL2,REST,Standard,MPV,378
2025,06,DACIA,JOGGER,RAC,ICE,Gas Licuado con petroleo (GLP),UKL2,REST,Standard,MPV,158
2025,06,DACIA,SANDERO,Corporate,ICE,Gas Licuado con petroleo (GLP),UKL1,REST,Standard,HACH 5P,328
2025,06,DACIA,SANDERO,Private,ICE,Gas Licuado con petroleo (GLP),UKL1,REST,Standard,HACH 5P,3391
2025,06,DACIA,SANDERO,RAC,ICE,Gas Licuado con petroleo (GLP),UKL1,REST,Standard,HACH 5P,626
2025,06,DACIA,SPRING,Corporate,BEV,Electrico,UKL0,REST,Standard,SAV,52
2025,06,DACIA,SPRING,Private,BEV,Electrico,UKL0,REST,Standard,SAV,96
2025,06,DACIA,SPRING,RAC,BEV,Electrico,UKL0,REST,Standard,SAV,8
2025,06,DETHLEFFS,,Corporate,ICE,Diesel,,,,,1
2025,06,DETHLEFFS,,Private,ICE,Diesel,,,,,9
2025,06,DETHLEFFS,,RAC,ICE,Diesel,,,,,8
2025,06,DFSK,,Corporate,BEV,Electrico,,,,,22
2025,06,DFSK,,Corporate,ICE,Gas Licuado con petroleo (GLP),,,,,3
2025,06,DFSK,,Corporate,ICE,Gasolina,,,,,9
2025,06,DFSK,,Private,ICE,Gasolina,,,,,14
2025,06,DFSK,580,Corporate,ICE,Gas Licuado con petroleo (GLP),UKL2,REST,Standard,SUV,1
2025,06,DFSK,580,RAC,ICE,Gas Licuado con petroleo (GLP),UKL2,REST,Standard,SUV,4
2025,06,DFSK,E5,Corporate,PHEV,Gasolina/Electrico Enchufable,KKL,REST,Standard,SAV,2
2025,06,DFSK,E5,Private,PHEV,Gasolina/Electrico Enchufable,KKL,REST,Standard,SAV,14
2025,06,DFSK,IX5,Corporate,ICE,Gasolina,KKL,REST,Standard,SAV,1
2025,06,DFSK,SERES 3,Corporate,BEV,Electrico,UKL2,REST,Standard,SAV,1
2025,06,DIGAL,,Corporate,ICE,Diesel,,,,,5
2025,06,DIGAL,,Private,ICE,Diesel,,,,,1
2025,06,DIVISEGUR CATALUNYA,,Corporate,BEV,Electrico,,,,,8
2025,06,DIVISEGUR CATALUNYA,,Corporate,ICE,Diesel,,,,,3
2025,06,DONGFENG,BOX,Corporate,BEV,Electrico,UKL0,REST,Standard,HACH 5P,2
2025,06,DONGFENG,BOX,Private,BEV,Electrico,UKL0,REST,Standard,HACH 5P,25
2025,06,DR,,Corporate,ICE,Diesel,,,,,1
2025,06,DR,,Corporate,ICE,Gas Licuado con petroleo (GLP),,,,,3
2025,06,DR,,Corporate,ICE,Gasolina,,,,,1
2025,06,DR,,Private,ICE,Gas Licuado con petroleo (GLP),,,,,34
2025,06,DR,,Private,ICE,Gasolina,,,,,13
2025,06,DR,,RAC,ICE,Gasolina,,,,,3
2025,06,DR,DR4,Private,ICE,Gas Licuado con petroleo (GLP),UKL1,REST,Standard,SAV,1
2025,06,DREAM,,Private,ICE,Diesel,,,,,1
2025,06,DREAMER,,Private,ICE,Diesel,,,,,9
2025,06,DREAMER,,RAC,ICE,Diesel,,,,,1
2025,06,DS,,Corporate,BEV,Electrico,,,,,7
2025,06,DS,DS3 CROSSBACK,Corporate,BEV,Diesel,UKL1,REST,Standard,HACH 3P,3
2025,06,DS,DS3 CROSSBACK,Corporate,ICE,Diesel,UKL1,REST,Standard,HACH 3P,20
2025,06,DS,DS3 CROSSBACK,Private,ICE,Diesel,UKL1,REST,Standard,HACH 3P,4
2025,06,DS,DS4,Corporate,ICE,Diesel,UKL2,REST,Standard,HACH 5P,24
2025,06,DS,DS4,Corporate,PHEV,Diesel,UKL2,REST,Standard,HACH 5P,17
2025,06,DS,DS4,Private,ICE,Diesel,UKL2,REST,Standard,HACH 5P,8
2025,06,DS,DS4,Private,PHEV,Diesel,UKL2,REST,Standard,HACH 5P,6
2025,06,DS,DS4,RAC,ICE,Diesel,UKL2,REST,Standard,HACH 5P,89
2025,06,DS,DS4,RAC,PHEV,Diesel,UKL2,REST,Standard,HACH 5P,4
2025,06,DS,DS7 CROSSBACK,Corporate,ICE,Diesel,UKL2,REST,Standard,SAV,110
2025,06,DS,DS7 CROSSBACK,Corporate,PHEV,Diesel,UKL2,REST,Standard,SAV,57
2025,06,DS,DS7 CROSSBACK,Private,ICE,Diesel,UKL2,REST,Standard,SAV,9
2025,06,DS,DS7 CROSSBACK,Private,PHEV,Diesel,UKL2,REST,Standard,SAV,6
2025,06,DS,DS7 CROSSBACK,RAC,ICE,Diesel,UKL2,REST,Standard,SAV,4
2025,06,DS,DS9,Corporate,PHEV,Gasolina,KKL,REST,Standard,SEDAN,3
2025,06,DSK,,Corporate,ICE,Gas Licuado con petroleo (GLP),,,,,1
2025,06,DSK,,Corporate,ICE,Gasolina,,,,,3
2025,06,E-TUK FACTORY,,Corporate,BEV,Electrico,,,,,2
2025,06,E-TUK FACTORY,,Private,BEV,Electrico,,,,,2
2025,06,EBRO,,Corporate,ICE,Gasolina,,,,,61
2025,06,EBRO,,Corporate,PHEV,Gasolina/Electrico Enchufable,,,,,10
2025,06,EBRO,,Private,ICE,Gasolina,,,,,49
2025,06,EBRO,,Private,PHEV,Gasolina/Electrico Enchufable,,,,,82
2025,06,EBRO,,RAC,PHEV,Gasolina/Electrico Enchufable,,,,,5
2025,06,EBRO,S700,Corporate,ICE,Gasolina,UKL2,REST,Standard,SAV,44
2025,06,EBRO,S700,Corporate,PHEV,Gasolina,UKL2,REST,Standard,SAV,17
2025,06,EBRO,S700,Private,ICE,Gasolina,UKL2,REST,Standard,SAV,202
2025,06,EBRO,S700,Private,PHEV,Gasolina,UKL2,REST,Standard,SAV,204
2025,06,EBRO,S700,RAC,ICE,Gasolina,UKL2,REST,Standard,SAV,203
2025,06,EDWARD DAVIES COMMERCIALS LTD,,Corporate,ICE,Diesel,,,,,4
2025,06,EGA,,Corporate,ICE,Diesel,,,,,4
2025,06,ELIOS,,RAC,ICE,Diesel,,,,,1
2025,06,ELNAGH,,Corporate,ICE,Diesel,,,,,1
2025,06,ELNAGH,,Private,ICE,Diesel,,,,,5
2025,06,ELNAGH,,RAC,ICE,Diesel,,,,,4
2025,06,EQUIPFRED,,Corporate,ICE,Diesel,,,,,4
2025,06,EQUIPFRED,,Private,ICE,Diesel,,,,,1
2025,06,EQUIPFRED,,RAC,ICE,Diesel,,,,,2
2025,06,ERJOMA,,Corporate,ICE,Diesel,,,,,3
2025,06,ERKE,,Corporate,BEV,Electrico,,,,,9
2025,06,ERKE,,Corporate,ICE,Diesel,,,,,140
2025,06,ERKE,,Corporate,ICE,Gasolina,,,,,4
2025,06,ERROBITRAK,,Corporate,ICE,Diesel,,,,,2
2025,06,ESCALANTE,,Corporate,ICE,Diesel,,,,,3
2025,06,ESCALANTE,,Corporate,ICE,Gas Licuado con petroleo (GLP),,,,,1
2025,06,ESCARDA,,Corporate,ICE,Diesel,,,,,1
2025,06,ESMI,,Corporate,ICE,Diesel,,,,,1
2025,06,ESTESO,,Corporate,ICE,Diesel,,,,,1
2025,06,ETRUSCO,,Private,ICE,Diesel,,,,,7
2025,06,ETRUSCO,,RAC,ICE,Diesel,,,,,2
2025,06,ETXEBERRIA,,Corporate,ICE,Diesel,,,,,1
2025,06,EUROCARROCERA,,Corporate,ICE,Diesel,,,,,5
2025,06,EUROGAZA,,Private,ICE,Diesel,,,,,1
2025,06,EVO,,Corporate,ICE,Gas Licuado con petroleo (GLP),,,,,3
2025,06,EVO,,Corporate,ICE,Gasolina,,,,,2
2025,06,EVO,,Private,ICE,Gas Licuado con petroleo (GLP),,,,,24
2025,06,EVO,,Private,ICE,Gasolina,,,,,15
2025,06,EVO,CROSS 4,Corporate,ICE,Diesel,SKL,REST,Standard,PICKUP,12
2025,06,EVO,CROSS 4,Private,ICE,Diesel,SKL,REST,Standard,PICKUP,16
2025,06,EVO,EVO 7,Private,ICE,Gasolina,UKL2,REST,Standard,SAV,15
2025,06,EVO,EVO 7,RAC,ICE,Gasolina,UKL2,REST,Standard,SAV,1
2025,06,FARIZON,,Corporate,BEV,Electrico,,,,,2
2025,06,FAW,,Corporate,ICE,Gasolina,,,,,7
2025,06,FAW,,Private,ICE,Gasolina,,,,,18
2025,06,FAW,,RAC,ICE,Gasolina,,,,,5
2025,06,FEGAMAR,,Corporate,ICE,Diesel,,,,,1
2025,06,FENDT,,Corporate,ICE,Diesel,,,,,1
2025,06,FENDT,,Private,ICE,Diesel,,,,,1
2025,06,FENIKS,,Corporate,BEV,Electrico,,,,,10
2025,06,FENIKS,,Corporate,ICE,Diesel,,,,,3
2025,06,FERQUI,,Corporate,ICE,Diesel,,,,,1
2025,06,FERRARI,,Corporate,ICE,Gasolina,,,,,1
2025,06,FERRARI,296,Corporate,PHEV,Gasolina/Electrico Enchufable,GKL+,FOCUS SEGMENT,Standard,COUPE,6
2025,06,FERRARI,296,Private,PHEV,Gasolina/Electrico Enchufable,GKL+,FOCUS SEGMENT,Standard,COUPE,1
2025,06,FERRARI,PUROSANGUE,Private,ICE,Gasolina,GKL+,FOCUS SEGMENT,Standard,SAV,1
2025,06,FERRARI,PUROSANGUE,RAC,ICE,Gasolina,GKL+,FOCUS SEGMENT,Standard,SAV,1
2025,06,FERRARI,ROMA,Corporate,ICE,Gasolina,GKL+,FOCUS SEGMENT,Standard,COUPE,3
2025,06,FERRARI,ROMA,Private,ICE,Gasolina,GKL+,FOCUS SEGMENT,Standard,COUPE,2
2025,06,FERRARI,SF90,Corporate,PHEV,Gasolina/Electrico Enchufable,GKL+,FOCUS SEGMENT,Standard,COUPE,2
2025,06,FERRARI,SF90,Private,PHEV,Gasolina/Electrico Enchufable,GKL+,FOCUS SEGMENT,Standard,COUPE,1
2025,06,FIAT,,Corporate,BEV,Electrico,,,,,2
2025,06,FIAT,,Corporate,ICE,Gasolina,,,,,1
2025,06,FIAT,,Private,BEV,Electrico,,,,,10
2025,06,FIAT,,Private,ICE,Diesel,,,,,18
2025,06,FIAT,,Private,ICE,Gasolina,,,,,1
2025,06,FIAT,,RAC,ICE,Diesel,,,,,8
2025,06,FIAT,500,Corporate,BEV,Diesel,UKL1,REST,Standard,SAV,55
2025,06,FIAT,500,Corporate,ICE,Diesel,UKL1,REST,Standard,SAV,3
2025,06,FIAT,500,Private,BEV,Diesel,UKL1,REST,Standard,SAV,19
2025,06,FIAT,500,RAC,BEV,Diesel,UKL1,REST,Standard,SAV,24
2025,06,FIAT,600,Corporate,BEV,Electrico,UKL1,REST,Standard,SAV,60
2025,06,FIAT,600,Corporate,ICE,Electrico,UKL1,REST,Standard,SAV,88
2025,06,FIAT,600,Private,BEV,Electrico,UKL1,REST,Standard,SAV,18
2025,06,FIAT,600,Private,ICE,Electrico,UKL1,REST,Standard,SAV,49
2025,06,FIAT,600,RAC,BEV,Electrico,UKL1,REST,Standard,SAV,3
2025,06,FIAT,600,RAC,ICE,Electrico,UKL1,REST,Standard,SAV,751
2025,06,FIAT,DOBLO CARGO,Corporate,BEV,Diesel,SKL,REST,Standard,TRANSPORTER,16
2025,06,FIAT,DOBLO CARGO,Corporate,ICE,Diesel,SKL,REST,Standard,TRANSPORTER,155
2025,06,FIAT,DOBLO CARGO,Private,BEV,Diesel,SKL,REST,Standard,TRANSPORTER,3
2025,06,FIAT,DOBLO CARGO,Private,ICE,Diesel,SKL,REST,Standard,TRANSPORTER,12
2025,06,FIAT,DOBLO CARGO,RAC,BEV,Diesel,SKL,REST,Standard,TRANSPORTER,1
2025,06,FIAT,DOBLO CARGO,RAC,ICE,Diesel,SKL,REST,Standard,TRANSPORTER,60
2025,06,FIAT,DUCATO,Corporate,BEV,Diesel,SKL,REST,Standard,TRANSPORTER,13
2025,06,FIAT,DUCATO,Corporate,ICE,Diesel,SKL,REST,Standard,TRANSPORTER,102
2025,06,FIAT,DUCATO,Private,BEV,Diesel,SKL,REST,Standard,TRANSPORTER,1
2025,06,FIAT,DUCATO,Private,ICE,Diesel,SKL,REST,Standard,TRANSPORTER,37
2025,06,FIAT,DUCATO,RAC,ICE,Diesel,SKL,REST,Standard,TRANSPORTER,103
2025,06,FIAT,E-ULYSSE,Corporate,BEV,Electrico,SKL,REST,Standard,TRANSPORTER,2
2025,06,FIAT,E-ULYSSE,Corporate,ICE,Electrico,SKL,REST,Standard,TRANSPORTER,16
2025,06,FIAT,E-ULYSSE,RAC,ICE,Electrico,SKL,REST,Standard,TRANSPORTER,50
2025,06,FIAT,FIORINO,Corporate,ICE,Diesel,SKL,REST,Standard,TRANSPORTER,2
2025,06,FIAT,PANDA,Corporate,BEV,Gasolina,UKL0,REST,Standard,HACH 5P,2
2025,06,FIAT,PANDA,Corporate,ICE,Gasolina,UKL0,REST,Standard,HACH 5P,98
2025,06,FIAT,PANDA,Private,BEV,Gasolina,UKL0,REST,Standard,HACH 5P,7
2025,06,FIAT,PANDA,Private,ICE,Gasolina,UKL0,REST,Standard,HACH 5P,52
2025,06,FIAT,PANDA,RAC,ICE,Gasolina,UKL0,REST,Standard,HACH 5P,303
2025,06,FIAT,SCUDO,Corporate,ICE,Diesel,SKL,REST,Standard,TRANSPORTER,30
2025,06,FIAT,SCUDO,Private,ICE,Diesel,SKL,REST,Standard,TRANSPORTER,5
2025,06,FIAT,SCUDO,RAC,ICE,Diesel,SKL,REST,Standard,TRANSPORTER,6
2025,06,FIAT,TIPO,Corporate,ICE,Diesel,UKL2,REST,Standard,HACH 5P,39
2025,06,FIAT,TIPO,Private,ICE,Diesel,UKL2,REST,Standard,HACH 5P,23
2025,06,FIREMAR,,Corporate,ICE,Diesel,,,,,1
2025,06,FLEURETTE,,Private,ICE,Diesel,,,,,1
2025,06,FOIMA,,Corporate,ICE,Diesel,,,,,17
2025,06,FORD,,Corporate,BEV,Electrico,,,,,1
2025,06,FORD,,Corporate,ICE,Diesel,,,,,1
2025,06,FORD,,Private,ICE,Diesel,,,,,10
2025,06,FORD,,RAC,ICE,Diesel,,,,,5
2025,06,FORD,BRONCO,Corporate,ICE,Gasolina,MKL,REST,Standard,SUV,3
2025,06,FORD,CAPRI,Corporate,BEV,Electrico,UKL1,REST,Standard,SAV,15
2025,06,FORD,CAPRI,Private,BEV,Electrico,UKL1,REST,Standard,SAV,12
2025,06,FORD,CAPRI,RAC,BEV,Electrico,UKL1,REST,Standard,SAV,5
2025,06,FORD,EXPLORER,Corporate,BEV,Gasolina/Electrico Enchufable,SKL,REST,Standard,PICKUP,20
2025,06,FORD,EXPLORER,Corporate,ICE,Gasolina/Electrico Enchufable,SKL,REST,Standard,PICKUP,1
2025,06,FORD,EXPLORER,Private,BEV,Gasolina/Electrico Enchufable,SKL,REST,Standard,PICKUP,18
2025,06,FORD,EXPLORER,RAC,BEV,Gasolina/Electrico Enchufable,SKL,REST,Standard,PICKUP,11
2025,06,FORD,FOCUS,Corporate,ICE,Diesel,UKL2,REST,Standard,HACH 5P,126
2025,06,FORD,FOCUS,Private,ICE,Diesel,UKL2,REST,Standard,HACH 5P,281
2025,06,FORD,FOCUS,RAC,ICE,Diesel,UKL2,REST,Standard,HACH 5P,337
2025,06,FORD,KUGA,Corporate,ICE,Diesel,UKL2,REST,Standard,SAV,197
2025,06,FORD,KUGA,Corporate,PHEV,Diesel,UKL2,REST,Standard,SAV,176
2025,06,FORD,KUGA,Private,ICE,Diesel,UKL2,REST,Standard,SAV,124
2025,06,FORD,KUGA,Private,PHEV,Diesel,UKL2,REST,Standard,SAV,543
2025,06,FORD,KUGA,RAC,ICE,Diesel,UKL2,REST,Standard,SAV,7
2025,06,FORD,KUGA,RAC,PHEV,Diesel,UKL2,REST,Standard,SAV,198
2025,06,FORD,MONDEO,Private,ICE,Diesel,KKL,REST,Standard,HACH 5P,1
2025,06,FORD,MUSTANG,Corporate,ICE,Gasolina,MKL,REST,Standard,CABRIO,8
2025,06,FORD,MUSTANG,Private,ICE,Gasolina,MKL,REST,Standard,CABRIO,14
2025,06,FORD,MUSTANG MACH-E,Corporate,BEV,Electrico,KKL,REST,Standard,SAV,6
2025,06,FORD,MUSTANG MACH-E,Private,BEV,Electrico,KKL,REST,Standard,SAV,2
2025,06,FORD,MUSTANG MACH-E,RAC,BEV,Electrico,KKL,REST,Standard,SAV,1
2025,06,FORD,PUMA,Corporate,BEV,Diesel,UKL1,REST,Standard,SAV,69
2025,06,FORD,PUMA,Corporate,ICE,Diesel,UKL1,REST,Standard,SAV,353
2025,06,FORD,PUMA,Private,BEV,Diesel,UKL1,REST,Standard,SAV,59
2025,06,FORD,PUMA,Private,ICE,Diesel,UKL1,REST,Standard,SAV,356
2025,06,FORD,PUMA,RAC,BEV,Diesel,UKL1,REST,Standard,SAV,5
2025,06,FORD,PUMA,RAC,ICE,Diesel,UKL1,REST,Standard,SAV,302
2025,06,FORD,RANGER,Corporate,ICE,Diesel,SKL,REST,Standard,PICKUP,338
2025,06,FORD,RANGER,Corporate,PHEV,Diesel,SKL,REST,Standard,PICKUP,57
2025,06,FORD,RANGER,Private,ICE,Diesel,SKL,REST,Standard,PICKUP,14
2025,06,FORD,RANGER,Private,PHEV,Diesel,SKL,REST,Standard,PICKUP,11
2025,06,FORD,RANGER,RAC,ICE,Diesel,SKL,REST,Standard,PICKUP,13
2025,06,FORD,TOURNEO,Corporate,BEV,Diesel,SKL,REST,Standard,TRANSPORTER,21
2025,06,FORD,TOURNEO,Corporate,ICE,Diesel,SKL,REST,Standard,TRANSPORTER,124
2025,06,FORD,TOURNEO,Corporate,PHEV,Diesel,SKL,REST,Standard,TRANSPORTER,52
2025,06,FORD,TOURNEO,Private,BEV,Diesel,SKL,REST,Standard,TRANSPORTER,3
2025,06,FORD,TOURNEO,Private,ICE,Diesel,SKL,REST,Standard,TRANSPORTER,192
2025,06,FORD,TOURNEO,Private,PHEV,Diesel,SKL,REST,Standard,TRANSPORTER,58
2025,06,FORD,TOURNEO,RAC,ICE,Diesel,SKL,REST,Standard,TRANSPORTER,123
2025,06,FORD,TOURNEO,RAC,PHEV,Diesel,SKL,REST,Standard,TRANSPORTER,3
2025,06,FORD,TRANSIT,Corporate,BEV,Diesel,SKL,REST,Standard,TRANSPORTER,8
2025,06,FORD,TRANSIT,Corporate,ICE,Diesel,SKL,REST,Standard,TRANSPORTER,199
2025,06,FORD,TRANSIT,Private,BEV,Diesel,SKL,REST,Standard,TRANSPORTER,1
2025,06,FORD,TRANSIT,Private,ICE,Diesel,SKL,REST,Standard,TRANSPORTER,18
2025,06,FORD,TRANSIT,RAC,BEV,Diesel,SKL,REST,Standard,TRANSPORTER,3
2025,06,FORD,TRANSIT,RAC,ICE,Diesel,SKL,REST,Standard,TRANSPORTER,11
2025,06,FORD,TRANSIT CONNECT,Corporate,ICE,Diesel,SKL,REST,Standard,TRANSPORTER,71
2025,06,FORD,TRANSIT CONNECT,Corporate,PHEV,Diesel,SKL,REST,Standard,TRANSPORTER,39
2025,06,FORD,TRANSIT CONNECT,Private,ICE,Diesel,SKL,REST,Standard,TRANSPORTER,1
2025,06,FORD,TRANSIT CONNECT,Private,PHEV,Diesel,SKL,REST,Standard,TRANSPORTER,1
2025,06,FORD,TRANSIT CONNECT,RAC,ICE,Diesel,SKL,REST,Standard,TRANSPORTER,1
2025,06,FORD,TRANSIT COURIER,Corporate,BEV,Diesel,SKL,REST,Standard,TRANSPORTER,28
2025,06,FORD,TRANSIT COURIER,Corporate,ICE,Diesel,SKL,REST,Standard,TRANSPORTER,333
2025,06,FORD,TRANSIT COURIER,Private,BEV,Diesel,SKL,REST,Standard,TRANSPORTER,1
2025,06,FORD,TRANSIT COURIER,Private,ICE,Diesel,SKL,REST,Standard,TRANSPORTER,3
2025,06,FORD,TRANSIT COURIER,RAC,ICE,Diesel,SKL,REST,Standard,TRANSPORTER,11
2025,06,FORD,TRANSIT CUSTOM,Corporate,BEV,Diesel,SKL,REST,Standard,TRANSPORTER,18
2025,06,FORD,TRANSIT CUSTOM,Corporate,ICE,Diesel,SKL,REST,Standard,TRANSPORTER,371
2025,06,FORD,TRANSIT CUSTOM,Corporate,PHEV,Diesel,SKL,REST,Standard,TRANSPORTER,84
2025,06,FORD,TRANSIT CUSTOM,Private,ICE,Diesel,SKL,REST,Standard,TRANSPORTER,37
2025,06,FORD,TRANSIT CUSTOM,Private,PHEV,Diesel,SKL,REST,Standard,TRANSPORTER,11
2025,06,FORD,TRANSIT CUSTOM,RAC,ICE,Diesel,SKL,REST,Standard,TRANSPORTER,25
2025,06,FORD,TRANSIT CUSTOM,RAC,PHEV,Diesel,SKL,REST,Standard,TRANSPORTER,33
2025,06,FOTON,,Corporate,ICE,Diesel,,,,,8
2025,06,FOTON,,Private,ICE,Diesel,,,,,2
2025,06,FOTON,,RAC,BEV,Electrico,,,,,1
2025,06,FRANGU,,Corporate,ICE,Diesel,,,,,1
2025,06,FRISACUL,,RAC,ICE,Diesel,,,,,4
2025,06,FURCAR,,Corporate,ICE,Diesel,,,,,13
2025,06,FURCAR,,Private,ICE,Diesel,,,,,2
2025,06,FURGOKARAVANING,,Corporate,ICE,Diesel,,,,,1
2025,06,GALO HEREDIA,,Corporate,ICE,Diesel,,,,,1
2025,06,GAPA,,Corporate,ICE,Diesel,,,,,1
2025,06,GARIA,,Corporate,BEV,Electrico,,,,,2
2025,06,GEMA PENINSULAR,,Corporate,ICE,Diesel,,,,,1
2025,06,GENERALIFE,,Corporate,ICE,Diesel,,,,,2
2025,06,GIOTTILINE,,Private,ICE,Diesel,,,,,21
2025,06,GIOTTILINE,,RAC,ICE,Diesel,,,,,14
2025,06,GIOTTLINE,,RAC,ICE,Diesel,,,,,1
2025,06,GOUPIL,,Corporate,BEV,Electrico,,,,,15
2025,06,GOUPIL,,Private,BEV,Electrico,,,,,1
2025,06,GRAU,,Corporate,BEV,Electrico,,,,,2
2025,06,GRUAUTO,,Corporate,ICE,Diesel,,,,,2
2025,06,HARLEY-DAVIDSON,,Private,ICE,Gasolina,,,,,2
2025,06,HAULOTTE,,Corporate,BEV,Electrico,,,,,1
2025,06,HENALES,,RAC,ICE,Diesel,,,,,1
2025,06,HERCOV,,Corporate,ICE,Diesel,,,,,2
2025,06,HERCOV,,RAC,ICE,Diesel,,,,,1
2025,06,HERMONT,,Corporate,ICE,Diesel,,,,,2
2025,06,HERRERO,,Corporate,ICE,Diesel,,,,,1
2025,06,HIDROMAYORAL,,Corporate,ICE,Diesel,,,,,1
2025,06,HOBBY,,Private,ICE,Diesel,,,,,1
2025,06,HONDA,CIVIC,Corporate,ICE,Gasolina,UKL2,REST,Standard,HACH 5P,21
2025,06,HONDA,CIVIC,Private,ICE,Gasolina,UKL2,REST,Standard,HACH 5P,86
2025,06,HONDA,CR-V,Corporate,ICE,Gasolina,KKL,REST,Standard,SAV,74
2025,06,HONDA,CR-V,Corporate,PHEV,Gasolina,KKL,REST,Standard,SAV,20
2025,06,HONDA,CR-V,Private,ICE,Gasolina,KKL,REST,Standard,SAV,29
2025,06,HONDA,CR-V,Private,PHEV,Gasolina,KKL,REST,Standard,SAV,13
2025,06,HONDA,E:NY1,Corporate,BEV,Electrico,UKL1,REST,Standard,SAV,6
2025,06,HONDA,E:NY1,Private,BEV,Electrico,UKL1,REST,Standard,SAV,3
2025,06,HONDA,HR-V,Corporate,ICE,Gasolina/Electrico,UKL1,REST,Standard,SAV,19
2025,06,HONDA,HR-V,Private,ICE,Gasolina/Electrico,UKL1,REST,Standard,SAV,86
2025,06,HONDA,HR-V,RAC,ICE,Gasolina/Electrico,UKL1,REST,Standard,SAV,2
2025,06,HONDA,JAZZ,Corporate,ICE,Gasolina/Electrico,UKL1,REST,Standard,HACH 5P,6
2025,06,HONDA,JAZZ,Private,ICE,Gasolina/Electrico,UKL1,REST,Standard,HACH 5P,47
2025,06,HONDA,ZR-V,Corporate,ICE,Gasolina/Electrico,UKL2,REST,Standard,SAV,19
2025,06,HONDA,ZR-V,Private,ICE,Gasolina/Electrico,UKL2,REST,Standard,SAV,31
2025,06,HYMER,,Private,ICE,Diesel,,,,,3
2025,06,HYMER,,RAC,ICE,Diesel,,,,,1
2025,06,HYUNDAI,BAYON,Corporate,ICE,Gasolina,UKL1,REST,Standard,SAV,80
2025,06,HYUNDAI,BAYON,Private,ICE,Gasolina,UKL1,REST,Standard,SAV,199
2025,06,HYUNDAI,BAYON,RAC,ICE,Gasolina,UKL1,REST,Standard,SAV,92
2025,06,HYUNDAI,I10,Corporate,ICE,Gasolina,UKL0,REST,Standard,HACH 5P,74
2025,06,HYUNDAI,I10,Private,ICE,Gasolina,UKL0,REST,Standard,HACH 5P,166
2025,06,HYUNDAI,I10,RAC,ICE,Gasolina,UKL0,REST,Standard,HACH 5P,647
2025,06,HYUNDAI,I20,Corporate,ICE,Gasolina,UKL1,REST,Standard,HACH 5P,247
2025,06,HYUNDAI,I20,Private,ICE,Gasolina,UKL1,REST,Standard,HACH 5P,549
2025,06,HYUNDAI,I20,RAC,ICE,Gasolina,UKL1,REST,Standard,HACH 5P,180
2025,06,HYUNDAI,I30,Corporate,ICE,Diesel Mild Hybrid,UKL2,REST,Standard,ESTATE,68
2025,06,HYUNDAI,I30,Private,ICE,Diesel Mild Hybrid,UKL2,REST,Standard,ESTATE,135
2025,06,HYUNDAI,INSTER,Corporate,BEV,Electrico,UKL2,REST,Standard,SAV,45
2025,06,HYUNDAI,INSTER,Private,BEV,Electrico,UKL2,REST,Standard,SAV,248
2025,06,HYUNDAI,IONIQ,Corporate,BEV,Gasolina/Electrico,UKL2,REST,Standard,HACH 5P,64
2025,06,HYUNDAI,IONIQ 5,Corporate,BEV,Electrico,UKL2,REST,Standard,SAV,32
2025,06,HYUNDAI,IONIQ 5,Private,BEV,Electrico,UKL2,REST,Standard,SAV,40
2025,06,HYUNDAI,IONIQ 6,Corporate,BEV,Electrico,KKL,REST,Standard,SEDAN,2
2025,06,HYUNDAI,IONIQ 6,Private,BEV,Electrico,KKL,REST,Standard,SEDAN,12
2025,06,HYUNDAI,KONA,Corporate,BEV,Electrico,UKL1,REST,Standard,SAV,18
2025,06,HYUNDAI,KONA,Corporate,ICE,Electrico,UKL1,REST,Standard,SAV,281
2025,06,HYUNDAI,KONA,Private,BEV,Electrico,UKL1,REST,Standard,SAV,166
2025,06,HYUNDAI,KONA,Private,ICE,Electrico,UKL1,REST,Standard,SAV,657
2025,06,HYUNDAI,KONA,RAC,ICE,Electrico,UKL1,REST,Standard,SAV,55
2025,06,HYUNDAI,SANTA FE,Corporate,ICE,Diesel,MKL,REST,Standard,SAV,16
2025,06,HYUNDAI,SANTA FE,Corporate,PHEV,Diesel,MKL,REST,Standard,SAV,35
2025,06,HYUNDAI,SANTA FE,Private,ICE,Diesel,MKL,REST,Standard,SAV,12
2025,06,HYUNDAI,SANTA FE,Private,PHEV,Diesel,MKL,REST,Standard,SAV,18
2025,06,HYUNDAI,SANTA FE,RAC,ICE,Diesel,MKL,REST,Standard,SAV,1
2025,06,HYUNDAI,STARIA,Corporate,ICE,Diesel,MKL,REST,Standard,MPV,10
2025,06,HYUNDAI,STARIA,Private,ICE,Diesel,MKL,REST,Standard,MPV,9
2025,06,HYUNDAI,STARIA,RAC,ICE,Diesel,MKL,REST,Standard,MPV,65
2025,06,HYUNDAI,TUCSON,Corporate,ICE,Diesel,UKL2,REST,Standard,SAV,430
2025,06,HYUNDAI,TUCSON,Corporate,PHEV,Diesel,UKL2,REST,Standard,SAV,60
2025,06,HYUNDAI,TUCSON,Private,ICE,Diesel,UKL2,REST,Standard,SAV,826
2025,06,HYUNDAI,TUCSON,Private,PHEV,Diesel,UKL2,REST,Standard,SAV,238
2025,06,HYUNDAI,TUCSON,RAC,ICE,Diesel,UKL2,REST,Standard,SAV,326
2025,06,HYUNDAI,TUCSON,RAC,PHEV,Diesel,UKL2,REST,Standard,SAV,50
2025,06,IBERICA DE ISOTERMIZACIONES,,Corporate,ICE,Diesel,,,,,2
2025,06,IGLUVAN,,Corporate,ICE,Diesel,,,,,76
2025,06,IGLUVAN,,RAC,ICE,Diesel,,,,,15
2025,06,ILUSION,,Private,ICE,Diesel,,,,,3
2025,06,ILUSION,,RAC,ICE,Diesel,,,,,7
2025,06,IMO,,Corporate,ICE,Diesel,,,,,1
2025,06,INCASE,,Corporate,ICE,Diesel,,,,,2
2025,06,INDUSAUTO,,Private,ICE,Diesel,,,,,3
2025,06,INEOS,GRENADIER,Corporate,ICE,Diesel,MKL,REST,Standard,PICKUP,5
2025,06,INEOS,GRENADIER,Private,ICE,Diesel,MKL,REST,Standard,PICKUP,3
2025,06,INTEGRALIA,,Corporate,ICE,Diesel,,,,,8
2025,06,INTEGRALIA,,RAC,ICE,Diesel,,,,,1
2025,06,IRIZAR,,Corporate,ICE,Diesel,,,,,18
2025,06,IRIZAR,,RAC,ICE,Diesel,,,,,7
2025,06,ISUZU,,Corporate,ICE,Diesel,,,,,27
2025,06,ISUZU,,Private,ICE,Diesel,,,,,1
2025,06,ISUZU,,RAC,ICE,Diesel,,,,,1
2025,06,ISUZU,D-MAX,Corporate,ICE,Diesel,SKL,REST,Standard,PICKUP,67
2025,06,ISUZU,D-MAX,Private,ICE,Diesel,SKL,REST,Standard,PICKUP,10
2025,06,ITINEO,,Private,ICE,Diesel,,,,,4
2025,06,ITINEO,,RAC,ICE,Diesel,,,,,5
2025,06,ITURRI,,Corporate,ICE,Diesel,,,,,6
2025,06,IVECO,,Corporate,ICE,Diesel,,,,,6
2025,06,IVECO,DAILY,Corporate,ICE,Diesel,SKL,REST,Standard,TRANSPORTER,317
2025,06,IVECO,DAILY,Private,ICE,Diesel,SKL,REST,Standard,TRANSPORTER,44
2025,06,IVECO,DAILY,RAC,BEV,Diesel,SKL,REST,Standard,TRANSPORTER,2
2025,06,IVECO,DAILY,RAC,ICE,Diesel,SKL,REST,Standard,TRANSPORTER,381
2025,06,IVECO BUS,,Corporate,BEV,Electrico,,,,,13
2025,06,IVECO BUS,,Corporate,ICE,Diesel,,,,,10
2025,06,IVECO BUS,,RAC,ICE,Diesel,,,,,1
2025,06,JAECOO,JAECOO 7,Corporate,ICE,Gasolina,KKL,REST,Standard,HACH 5P,42
2025,06,JAECOO,JAECOO 7,Corporate,PHEV,Gasolina,KKL,REST,Standard,HACH 5P,87
2025,06,JAECOO,JAECOO 7,Private,ICE,Gasolina,KKL,REST,Standard,HACH 5P,98
2025,06,JAECOO,JAECOO 7,Private,PHEV,Gasolina,KKL,REST,Standard,HACH 5P,330
2025,06,JAECOO,JAECOO 7,RAC,ICE,Gasolina,KKL,REST,Standard,HACH 5P,267
2025,06,JEANJE,,RAC,ICE,Diesel,,,,,10
2025,06,JEEP,AVENGER,Corporate,BEV,Electrico,UKL1,REST,Standard,SAV,9
2025,06,JEEP,AVENGER,Corporate,ICE,Electrico,UKL1,REST,Standard,SAV,442
2025,06,JEEP,AVENGER,Private,BEV,Electrico,UKL1,REST,Standard,SAV,11
2025,06,JEEP,AVENGER,Private,ICE,Electrico,UKL1,REST,Standard,SAV,136
2025,06,JEEP,AVENGER,RAC,BEV,Electrico,UKL1,REST,Standard,SAV,105
2025,06,JEEP,AVENGER,RAC,ICE,Electrico,UKL1,REST,Standard,SAV,26
2025,06,JEEP,COMPASS,Corporate,ICE,Diesel,UKL2,REST,Standard,SAV,19
2025,06,JEEP,COMPASS,Corporate,PHEV,Diesel,UKL2,REST,Standard,SAV,9
2025,06,JEEP,COMPASS,Private,ICE,Diesel,UKL2,REST,Standard,SAV,23
2025,06,JEEP,COMPASS,Private,PHEV,Diesel,UKL2,REST,Standard,SAV,2
2025,06,JEEP,COMPASS,RAC,ICE,Diesel,UKL2,REST,Standard,SAV,17
2025,06,JEEP,GRAND CHEROKEE,Corporate,PHEV,Gasolina/Electrico Enchufable,MKL,REST,Standard,SUV,4
2025,06,JEEP,RENEGADE,Corporate,ICE,Diesel,UKL1,REST,Standard,SAV,8
2025,06,JEEP,RENEGADE,Corporate,PHEV,Diesel,UKL1,REST,Standard,SAV,9
2025,06,JEEP,RENEGADE,Private,ICE,Diesel,UKL1,REST,Standard,SAV,41
2025,06,JEEP,RENEGADE,Private,PHEV,Diesel,UKL1,REST,Standard,SAV,9
2025,06,JEEP,RENEGADE,RAC,ICE,Diesel,UKL1,REST,Standard,SAV,11
2025,06,JEEP,WRANGLER,Corporate,ICE,Gasolina,UKL2,REST,Standard,SUV,1
2025,06,JEEP,WRANGLER,Corporate,PHEV,Gasolina,UKL2,REST,Standard,SUV,8
2025,06,JEEP,WRANGLER,Private,ICE,Gasolina,UKL2,REST,Standard,SUV,2
2025,06,JEEP,WRANGLER,Private,PHEV,Gasolina,UKL2,REST,Standard,SUV,4
2025,06,JEEP,WRANGLER,RAC,PHEV,Gasolina,UKL2,REST,Standard,SUV,2
2025,06,JEEP-VIASA,,Private,ICE,Diesel,,,,,1
2025,06,JIMECA,,Corporate,BEV,Electrico,,,,,2
2025,06,JIMECA,,Corporate,ICE,Diesel,,,,,5
2025,06,JIMECA,,Private,ICE,Diesel,,,,,1
2025,06,JOA CAMP,,RAC,ICE,Diesel,,,,,1
2025,06,JOHN DEERE,,Corporate,ICE,Diesel,,,,,4
2025,06,JOSE R MENENDEZ E HIJOS,,Private,ICE,Diesel,,,,,1
2025,06,JOSE REYES CARROCEROS,,Corporate,ICE,Diesel,,,,,1
2025,06,JUAN SUAREZ,,Corporate,ICE,Diesel,,,,,3
2025,06,JUAN SUAREZ,,Private,ICE,Diesel,,,,,1
2025,06,JULIAN HERMOSA HERRERO,,Private,ICE,Diesel,,,,,1
2025,06,KG MOBILITY,KORANDO,Corporate,ICE,Gasolina,MKL,REST,Standard,MPV,2
2025,06,KG MOBILITY,KORANDO,Private,ICE,Gasolina,MKL,REST,Standard,MPV,40
2025,06,KG MOBILITY,MUSSO,Corporate,ICE,Diesel,SKL,REST,Standard,PICKUP,10
2025,06,KG MOBILITY,MUSSO,Private,ICE,Diesel,SKL,REST,Standard,PICKUP,1
2025,06,KG MOBILITY,REXTON,Corporate,ICE,Diesel,MKL,REST,Standard,SAV,5
2025,06,KG MOBILITY,REXTON,Private,ICE,Diesel,MKL,REST,Standard,SAV,3
2025,06,KG MOBILITY,TIVOLI,Corporate,ICE,Gasolina,UKL1,REST,Standard,SAV,7
2025,06,KG MOBILITY,TIVOLI,Private,ICE,Gasolina,UKL1,REST,Standard,SAV,69
2025,06,KG MOBILITY,TORRES,Corporate,ICE,Gas Licuado con petroleo (GLP),UKL2,REST,Standard,SAV,1
2025,06,KG MOBILITY,TORRES,Private,ICE,Gas Licuado con petroleo (GLP),UKL2,REST,Standard,SAV,2
2025,06,KIA,,Corporate,ICE,Gasolina,,,,,3
2025,06,KIA,,Private,ICE,Gasolina,,,,,10
2025,06,KIA,CEED,Corporate,ICE,Diesel Mild Hybrid,UKL2,REST,Standard,HACH 5P,229
2025,06,KIA,CEED,Corporate,PHEV,Diesel Mild Hybrid,UKL2,REST,Standard,HACH 5P,27
2025,06,KIA,CEED,Private,ICE,Diesel Mild Hybrid,UKL2,REST,Standard,HACH 5P,149
2025,06,KIA,CEED,Private,PHEV,Diesel Mild Hybrid,UKL2,REST,Standard,HACH 5P,41
2025,06,KIA,CEED,RAC,ICE,Diesel Mild Hybrid,UKL2,REST,Standard,HACH 5P,134
2025,06,KIA,CEED,RAC,PHEV,Diesel Mild Hybrid,UKL2,REST,Standard,HACH 5P,1
2025,06,KIA,EV3,Corporate,BEV,Electrico,UKL1,REST,Standard,SAV,95
2025,06,KIA,EV3,Private,BEV,Electrico,UKL1,REST,Standard,SAV,298
2025,06,KIA,EV6,Corporate,BEV,Electrico,KKL,REST,Standard,SAV,44
2025,06,KIA,EV6,Private,BEV,Electrico,KKL,REST,Standard,SAV,26
2025,06,KIA,EV9,Corporate,BEV,Electrico,MKL,REST,Standard,MPV,9
2025,06,KIA,NIRO,Corporate,BEV,Electrico,UKL2,REST,Standard,SAV,31
2025,06,KIA,NIRO,Corporate,ICE,Electrico,UKL2,REST,Standard,SAV,214
2025,06,KIA,NIRO,Corporate,PHEV,Electrico,UKL2,REST,Standard,SAV,37
2025,06,KIA,NIRO,Private,BEV,Electrico,UKL2,REST,Standard,SAV,22
2025,06,KIA,NIRO,Private,ICE,Electrico,UKL2,REST,Standard,SAV,536
2025,06,KIA,NIRO,Private,PHEV,Electrico,UKL2,REST,Standard,SAV,11
2025,06,KIA,NIRO,RAC,BEV,Electrico,UKL2,REST,Standard,SAV,3
2025,06,KIA,NIRO,RAC,ICE,Electrico,UKL2,REST,Standard,SAV,129
2025,06,KIA,PICANTO,Corporate,ICE,Gasolina,UKL0,REST,Standard,HACH 5P,22
2025,06,KIA,PICANTO,Private,ICE,Gasolina,UKL0,REST,Standard,HACH 5P,67
2025,06,KIA,PICANTO,RAC,ICE,Gasolina,UKL0,REST,Standard,HACH 5P,93
2025,06,KIA,SORENTO,Corporate,ICE,Diesel,KKL,REST,Standard,SAV,46
2025,06,KIA,SORENTO,Corporate,PHEV,Diesel,KKL,REST,Standard,SAV,25
2025,06,KIA,SORENTO,Private,ICE,Diesel,KKL,REST,Standard,SAV,35
2025,06,KIA,SORENTO,Private,PHEV,Diesel,KKL,REST,Standard,SAV,2
2025,06,KIA,SPORTAGE,Corporate,ICE,Diesel,UKL2,REST,Standard,SAV,438
2025,06,KIA,SPORTAGE,Corporate,PHEV,Diesel,UKL2,REST,Standard,SAV,92
2025,06,KIA,SPORTAGE,Private,BEV,Diesel,UKL2,REST,Standard,SAV,1
2025,06,KIA,SPORTAGE,Private,ICE,Diesel,UKL2,REST,Standard,SAV,655
2025,06,KIA,SPORTAGE,Private,PHEV,Diesel,UKL2,REST,Standard,SAV,25
2025,06,KIA,SPORTAGE,RAC,ICE,Diesel,UKL2,REST,Standard,SAV,90
2025,06,KIA,STONIC,Corporate,ICE,Gasolina,UKL1,REST,Standard,SAV,237
2025,06,KIA,STONIC,Private,ICE,Gasolina,UKL1,REST,Standard,SAV,484
2025,06,KIA,STONIC,RAC,ICE,Gasolina,UKL1,REST,Standard,SAV,481
2025,06,KIA,XCEED,Corporate,ICE,Diesel Mild Hybrid,UKL2,REST,Standard,HACH 5P,100
2025,06,KIA,XCEED,Corporate,PHEV,Diesel Mild Hybrid,UKL2,REST,Standard,HACH 5P,9
2025,06,KIA,XCEED,Private,ICE,Diesel Mild Hybrid,UKL2,REST,Standard,HACH 5P,272
2025,06,KIA,XCEED,RAC,ICE,Diesel Mild Hybrid,UKL2,REST,Standard,HACH 5P,195
2025,06,KIOTI,,Corporate,ICE,Diesel,,,,,1
2025,06,KNAUS,,Private,ICE,Diesel,,,,,9
2025,06,KUBOTA,,Corporate,ICE,Diesel,,,,,3
2025,06,KUBOTA,,Corporate,ICE,Gasolina,,,,,1
2025,06,LAIKA CARAVANS,,Private,ICE,Diesel,,,,,1
2025,06,LAIKA CARAVANS SPA,,Private,ICE,Diesel,,,,,1
2025,06,LANCIA,YPSILON,Corporate,BEV,Electrico,UKL1,REST,Standard,HACH 5P,2
2025,06,LANCIA,YPSILON,Corporate,ICE,Electrico,UKL1,REST,Standard,HACH 5P,21
2025,06,LANCIA,YPSILON,Private,ICE,Electrico,UKL1,REST,Standard,HACH 5P,10
2025,06,LAND ROVER,DEFENDER,Corporate,ICE,Diesel Mild Hybrid,MKL,FOCUS SEGMENT,Standard,SUV,21
2025,06,LAND ROVER,DEFENDER,Corporate,PHEV,Diesel Mild Hybrid,MKL,FOCUS SEGMENT,Standard,SUV,7
2025,06,LAND ROVER,DEFENDER,Private,ICE,Diesel Mild Hybrid,MKL,FOCUS SEGMENT,Standard,SUV,10
2025,06,LAND ROVER,DEFENDER,Private,PHEV,Diesel Mild Hybrid,MKL,FOCUS SEGMENT,Standard,SUV,6
2025,06,LAND ROVER,DEFENDER,RAC,ICE,Diesel Mild Hybrid,MKL,FOCUS SEGMENT,Standard,SUV,5
2025,06,LAND ROVER,DISCOVERY,Corporate,ICE,Diesel,MKL,FOCUS SEGMENT,Standard,SUV,3
2025,06,LAND ROVER,DISCOVERY,Corporate,PHEV,Diesel,MKL,FOCUS SEGMENT,Standard,SUV,3
2025,06,LAND ROVER,DISCOVERY,Private,ICE,Diesel,MKL,FOCUS SEGMENT,Standard,SUV,3
2025,06,LAND ROVER,DISCOVERY,Private,PHEV,Diesel,MKL,FOCUS SEGMENT,Standard,SUV,1
2025,06,LAND ROVER,DISCOVERY,RAC,ICE,Diesel,MKL,FOCUS SEGMENT,Standard,SUV,2
2025,06,LAND ROVER,RANGE ROVER,Corporate,ICE,Diesel Mild Hybrid,GKL,FOCUS SEGMENT,Standard,SAV,11
2025,06,LAND ROVER,RANGE ROVER,Corporate,PHEV,Diesel Mild Hybrid,GKL,FOCUS SEGMENT,Standard,SAV,14
2025,06,LAND ROVER,RANGE ROVER,Private,PHEV,Diesel Mild Hybrid,GKL,FOCUS SEGMENT,Standard,SAV,3
2025,06,LAND ROVER,RANGE ROVER,RAC,ICE,Diesel Mild Hybrid,GKL,FOCUS SEGMENT,Standard,SAV,3
2025,06,LAND ROVER,RANGE ROVER EVOQUE,Corporate,ICE,Diesel,UKL2,FOCUS SEGMENT,Standard,SAV,11
2025,06,LAND ROVER,RANGE ROVER EVOQUE,Corporate,PHEV,Diesel,UKL2,FOCUS SEGMENT,Standard,SAV,18
2025,06,LAND ROVER,RANGE ROVER EVOQUE,Private,ICE,Diesel,UKL2,FOCUS SEGMENT,Standard,SAV,5
2025,06,LAND ROVER,RANGE ROVER EVOQUE,Private,PHEV,Diesel,UKL2,FOCUS SEGMENT,Standard,SAV,3
2025,06,LAND ROVER,RANGE ROVER EVOQUE,RAC,ICE,Diesel,UKL2,FOCUS SEGMENT,Standard,SAV,2
2025,06,LAND ROVER,RANGE ROVER SPORT,Corporate,ICE,Diesel Mild Hybrid,MKL,FOCUS SEGMENT,Standard,SAV,9
2025,06,LAND ROVER,RANGE ROVER SPORT,Corporate,PHEV,Diesel Mild Hybrid,MKL,FOCUS SEGMENT,Standard,SAV,42
2025,06,LAND ROVER,RANGE ROVER SPORT,Private,ICE,Diesel Mild Hybrid,MKL,FOCUS SEGMENT,Standard,SAV,3
2025,06,LAND ROVER,RANGE ROVER SPORT,Private,PHEV,Diesel Mild Hybrid,MKL,FOCUS SEGMENT,Standard,SAV,11
2025,06,LAND ROVER,RANGE ROVER SPORT,RAC,ICE,Diesel Mild Hybrid,MKL,FOCUS SEGMENT,Standard,SAV,4
2025,06,LAND ROVER,RANGE ROVER VELAR,Corporate,ICE,Diesel Mild Hybrid,MKL,FOCUS SEGMENT,Standard,SAV,6
2025,06,LAND ROVER,RANGE ROVER VELAR,Corporate,PHEV,Diesel Mild Hybrid,MKL,FOCUS SEGMENT,Standard,SAV,9
2025,06,LAND ROVER,RANGE ROVER VELAR,RAC,ICE,Diesel Mild Hybrid,MKL,FOCUS SEGMENT,Standard,SAV,16
2025,06,LAND ROVER,RANGE ROVER VELAR,RAC,PHEV,Diesel Mild Hybrid,MKL,FOCUS SEGMENT,Standard,SAV,2
2025,06,LEAPMOTOR,C10,Corporate,BEV,Electrico,MKL,REST,Standard,SAV,5
2025,06,LEAPMOTOR,C10,Corporate,PHEV,Electrico,MKL,REST,Standard,SAV,16
2025,06,LEAPMOTOR,C10,Private,BEV,Electrico,MKL,REST,Standard,SAV,8
2025,06,LEAPMOTOR,C10,Private,PHEV,Electrico,MKL,REST,Standard,SAV,27
2025,06,LEAPMOTOR,C10,RAC,PHEV,Electrico,MKL,REST,Standard,SAV,13
2025,06,LEAPMOTOR,T03,Corporate,BEV,Electrico,UKL0,REST,Standard,HACH 5P,10
2025,06,LEAPMOTOR,T03,Private,BEV,Electrico,UKL0,REST,Standard,HACH 5P,50
2025,06,LEAPMOTOR,T03,RAC,BEV,Electrico,UKL0,REST,Standard,HACH 5P,2
2025,06,LEXUS,ES,Corporate,ICE,Gasolina/Electrico,MKL,FOCUS SEGMENT,Standard,SEDAN,39
2025,06,LEXUS,ES,Private,ICE,Gasolina/Electrico,MKL,FOCUS SEGMENT,Standard,SEDAN,8
2025,06,LEXUS,LBX,Corporate,ICE,Gasolina/Electrico,UKL1,FOCUS SEGMENT,Standard,SAV,88
2025,06,LEXUS,LBX,Private,ICE,Gasolina/Electrico,UKL1,FOCUS SEGMENT,Standard,SAV,198
2025,06,LEXUS,LBX,RAC,ICE,Gasolina/Electrico,UKL1,FOCUS SEGMENT,Standard,SAV,8
2025,06,LEXUS,LM,Corporate,ICE,Gasolina/Electrico,MKL,REST,Standard,MPV,4
2025,06,LEXUS,LM,Private,ICE,Gasolina/Electrico,MKL,REST,Standard,MPV,2
2025,06,LEXUS,LS,Corporate,ICE,Gasolina/Electrico,GKL,FOCUS SEGMENT,Standard,SEDAN,1
2025,06,LEXUS,NX,Corporate,ICE,Gasolina/Electrico,KKL,FOCUS SEGMENT,Standard,SAV,26
2025,06,LEXUS,NX,Corporate,PHEV,Gasolina/Electrico,KKL,FOCUS SEGMENT,Standard,SAV,128
2025,06,LEXUS,NX,Private,ICE,Gasolina/Electrico,KKL,FOCUS SEGMENT,Standard,SAV,22
2025,06,LEXUS,NX,Private,PHEV,Gasolina/Electrico,KKL,FOCUS SEGMENT,Standard,SAV,130
2025,06,LEXUS,NX,RAC,PHEV,Gasolina/Electrico,KKL,FOCUS SEGMENT,Standard,SAV,1
2025,06,LEXUS,RX,Corporate,ICE,Gasolina/Electrico,MKL,FOCUS SEGMENT,Standard,SAV,6
2025,06,LEXUS,RX,Corporate,PHEV,Gasolina/Electrico,MKL,FOCUS SEGMENT,Standard,SAV,11
2025,06,LEXUS,RX,Private,PHEV,Gasolina/Electrico,MKL,FOCUS SEGMENT,Standard,SAV,1
2025,06,LEXUS,RZ,Corporate,BEV,Electrico,KKL,FOCUS SEGMENT,Standard,SAT,7
2025,06,LEXUS,RZ,Private,BEV,Electrico,KKL,FOCUS SEGMENT,Standard,SAT,14
2025,06,LEXUS,UX,Corporate,BEV,Electrico,UKL2,FOCUS SEGMENT,Standard,SAV,1
2025,06,LEXUS,UX,Corporate,ICE,Electrico,UKL2,FOCUS SEGMENT,Standard,SAV,40
2025,06,LEXUS,UX,Private,BEV,Electrico,UKL2,FOCUS SEGMENT,Standard,SAV,2
2025,06,LEXUS,UX,Private,ICE,Electrico,UKL2,FOCUS SEGMENT,Standard,SAV,107
2025,06,LEXUS,UX,RAC,ICE,Electrico,UKL2,FOCUS SEGMENT,Standard,SAV,5
2025,06,LIDERKIT,,Corporate,ICE,Diesel,,,,,2
2025,06,LIDERKIT,,Private,ICE,Diesel,,,,,1
2025,06,LIGIER,,Corporate,BEV,Electrico,,,,,1
2025,06,LIGIER,,Corporate,ICE,Diesel,,,,,5
2025,06,LIGIER,,Private,BEV,Electrico,,,,,9
2025,06,LIGIER,,Private,ICE,Diesel,,,,,57
2025,06,LINHAI,,Corporate,BEV,Electrico,,,,,1
2025,06,LINHAI,,Corporate,ICE,Diesel,,,,,3
2025,06,LINHAI,,Private,BEV,Electrico,,,,,3
2025,06,LIVAN,,Private,ICE,Gasolina,,,,,3
2025,06,LIVAN,X3 PRO,Corporate,ICE,Gasolina,UKL1,REST,Standard,SAV,4
2025,06,LIVAN,X3 PRO,Private,ICE,Gasolina,UKL1,REST,Standard,SAV,11
2025,06,LIVAN,X3 PRO,RAC,ICE,Gasolina,UKL1,REST,Standard,SAV,1
2025,06,LONCIN,,Corporate,ICE,Gasolina,,,,,2
2025,06,LONCIN,,Private,ICE,Gasolina,,,,,4
2025,06,LOTUS,,Corporate,BEV,Electrico,,,,,1
2025,06,LUIS GARCIA,,Corporate,ICE,Diesel,,,,,1
2025,06,LYNK & CO,,Corporate,BEV,Electrico,,,,,8
2025,06,LYNK & CO,,Private,BEV,Electrico,,,,,16
2025,06,LYNK & CO,LYNK&CO 01,Corporate,ICE,Gasolina/Electrico Enchufable,UKL2,REST,Standard,SAV,1
2025,06,LYNK & CO,LYNK&CO 01,Corporate,PHEV,Gasolina/Electrico Enchufable,UKL2,REST,Standard,SAV,66
2025,06,LYNK & CO,LYNK&CO 01,Private,PHEV,Gasolina/Electrico Enchufable,UKL2,REST,Standard,SAV,15
2025,06,LYNK & CO,LYNK&CO 01,RAC,PHEV,Gasolina/Electrico Enchufable,UKL2,REST,Standard,SAV,401
2025,06,M TORRE,,Corporate,ICE,Diesel,,,,,1
2025,06,MAGICAR,,Corporate,ICE,Diesel,,,,,1
2025,06,MAGIRUS,,Corporate,ICE,Diesel,,,,,7
2025,06,MAN,,Corporate,BEV,Electrico,,,,,5
2025,06,MAN,,Corporate,ICE,Diesel,,,,,15
2025,06,MAN,,RAC,ICE,Diesel,,,,,7
2025,06,MAN,TGE,Corporate,BEV,Diesel,SKL,REST,Standard,TRANSPORTER,1
2025,06,MAN,TGE,Corporate,ICE,Diesel,SKL,REST,Standard,TRANSPORTER,69
2025,06,MAN,TGE,Private,ICE,Diesel,SKL,REST,Standard,TRANSPORTER,14
2025,06,MAN,TGE,RAC,ICE,Diesel,SKL,REST,Standard,TRANSPORTER,30
2025,06,MASERATI,GHIBLI,Corporate,ICE,Gasolina,MKL,FOCUS SEGMENT,Standard,SEDAN,1
2025,06,MASERATI,GRANTURISMO,Corporate,ICE,Gasolina,GKL,FOCUS SEGMENT,Standard,COUPE,4
2025,06,MASERATI,GRECALE,Corporate,ICE,Gasolina,KKL,FOCUS SEGMENT,Standard,SAV,25
2025,06,MASERATI,GRECALE,Private,ICE,Gasolina,KKL,FOCUS SEGMENT,Standard,SAV,4
2025,06,MASERATI,MC20,Private,ICE,Gasolina,GKL+,FOCUS SEGMENT,Standard,COUPE,1
2025,06,MAXUS,,Corporate,BEV,Electrico,,,,,1
2025,06,MAXUS,,Corporate,ICE,Diesel,,,,,17
2025,06,MAXUS,,Private,ICE,Diesel,,,,,4
2025,06,MAXUS,,RAC,BEV,Electrico,,,,,1
2025,06,MAXUS,DELIVER 3,Corporate,BEV,Electrico,SKL,REST,Standard,TRANSPORTER,170
2025,06,MAXUS,DELIVER 3,Private,BEV,Electrico,SKL,REST,Standard,TRANSPORTER,7
2025,06,MAXUS,DELIVER 7,Corporate,ICE,Diesel,SKL,REST,Standard,TRANSPORTER,3
2025,06,MAXUS,DELIVER 7,Private,ICE,Diesel,SKL,REST,Standard,TRANSPORTER,2
2025,06,MAXUS,DELIVER 9,Corporate,BEV,Diesel,SKL,REST,Standard,TRANSPORTER,213
2025,06,MAXUS,DELIVER 9,Corporate,ICE,Diesel,SKL,REST,Standard,TRANSPORTER,32
2025,06,MAXUS,DELIVER 9,Private,ICE,Diesel,SKL,REST,Standard,TRANSPORTER,6
2025,06,MAXUS,DELIVER 9,RAC,BEV,Diesel,SKL,REST,Standard,TRANSPORTER,1
2025,06,MAXUS,DELIVER 9,RAC,ICE,Diesel,SKL,REST,Standard,TRANSPORTER,1
2025,06,MAXUS,T90,Corporate,BEV,Electrico,SKL,REST,Standard,PICKUP,1
2025,06,MAZDA,CX30,Corporate,ICE,Gasolina Mild Hybrid,UKL2,REST,Standard,SAV,223
2025,06,MAZDA,CX30,Private,ICE,Gasolina Mild Hybrid,UKL2,REST,Standard,SAV,465
2025,06,MAZDA,CX30,RAC,ICE,Gasolina Mild Hybrid,UKL2,REST,Standard,SAV,94
2025,06,MAZDA,CX5,Corporate,ICE,Diesel,UKL2,REST,Standard,SAV,236
2025,06,MAZDA,CX5,Private,ICE,Diesel,UKL2,REST,Standard,SAV,283
2025,06,MAZDA,CX5,RAC,ICE,Diesel,UKL2,REST,Standard,SAV,7
2025,06,MAZDA,CX60,Corporate,ICE,Diesel Mild Hybrid,KKL,REST,Standard,SAV,110
2025,06,MAZDA,CX60,Corporate,PHEV,Diesel Mild Hybrid,KKL,REST,Standard,SAV,44
2025,06,MAZDA,CX60,Private,ICE,Diesel Mild Hybrid,KKL,REST,Standard,SAV,39
2025,06,MAZDA,CX60,Private,PHEV,Diesel Mild Hybrid,KKL,REST,Standard,SAV,20
2025,06,MAZDA,CX60,RAC,ICE,Diesel Mild Hybrid,KKL,REST,Standard,SAV,1
2025,06,MAZDA,CX80,Corporate,ICE,Diesel Mild Hybrid,KKL,REST,Standard,SAV,17
2025,06,MAZDA,CX80,Corporate,PHEV,Diesel Mild Hybrid,KKL,REST,Standard,SAV,14
2025,06,MAZDA,CX80,Private,ICE,Diesel Mild Hybrid,KKL,REST,Standard,SAV,6
2025,06,MAZDA,CX80,Private,PHEV,Diesel Mild Hybrid,KKL,REST,Standard,SAV,10
2025,06,MAZDA,MAZDA 2,Corporate,ICE,Gasolina Mild Hybrid,UKL1,REST,Standard,HACH 5P,81
2025,06,MAZDA,MAZDA 2,Private,ICE,Gasolina Mild Hybrid,UKL1,REST,Standard,HACH 5P,88
2025,06,MAZDA,MAZDA 2,RAC,ICE,Gasolina Mild Hybrid,UKL1,REST,Standard,HACH 5P,1
2025,06,MAZDA,MAZDA 3,Corporate,ICE,Gasolina Mild Hybrid,UKL2,REST,Standard,SEDAN,97
2025,06,MAZDA,MAZDA 3,Private,ICE,Gasolina Mild Hybrid,UKL2,REST,Standard,SEDAN,297
2025,06,MAZDA,MAZDA 3,RAC,ICE,Gasolina Mild Hybrid,UKL2,REST,Standard,SEDAN,57
2025,06,MAZDA,MX-30,Corporate,PHEV,Electrico,UKL2,REST,Standard,HACH 5P,32
2025,06,MAZDA,MX-30,Private,PHEV,Electrico,UKL2,REST,Standard,HACH 5P,18
2025,06,MAZDA,MX-5,Corporate,ICE,Gasolina,UKL2,REST,Standard,ROADSTER,16
2025,06,MAZDA,MX-5,Private,ICE,Gasolina,UKL2,REST,Standard,ROADSTER,47
2025,06,MAZZOCCHIA,,Corporate,ICE,Diesel,,,,,1
2025,06,MC LOUIS,,Private,ICE,Diesel,,,,,32
2025,06,MC LOUIS,,RAC,ICE,Diesel,,,,,8
2025,06,MCLAREN,ARTURA,Corporate,PHEV,Gasolina/Electrico Enchufable,GKL+,FOCUS SEGMENT,Standard,ROADSTER,2
2025,06,MCLAREN,ARTURA,Private,PHEV,Gasolina/Electrico Enchufable,GKL+,FOCUS SEGMENT,Standard,ROADSTER,2
2025,06,MCLOUIS,,Corporate,ICE,Diesel,,,,,1
2025,06,MCLOUIS,,Private,ICE,Diesel,,,,,27
2025,06,MCLOUIS,,RAC,ICE,Diesel,,,,,14
2025,06,MEBAUTO,,Corporate,BEV,Electrico,,,,,1
2025,06,MEBAUTO,,Corporate,ICE,Diesel,,,,,28
2025,06,MEBAUTO,,Private,ICE,Diesel,,,,,2
2025,06,MERCEDES,,Corporate,BEV,Electrico,,,,,4
2025,06,MERCEDES,,Corporate,ICE,Diesel,,,,,25
2025,06,MERCEDES,,Private,BEV,Electrico,,,,,1
2025,06,MERCEDES,,Private,ICE,Diesel,,,,,4
2025,06,MERCEDES,,RAC,BEV,Electrico,,,,,5
2025,06,MERCEDES,,RAC,ICE,Diesel,,,,,4
2025,06,MERCEDES,CITAN,Corporate,ICE,Diesel,SKL,REST,Standard,TRANSPORTER,118
2025,06,MERCEDES,CITAN,Private,ICE,Diesel,SKL,REST,Standard,TRANSPORTER,12
2025,06,MERCEDES,CITAN,RAC,ICE,Diesel,SKL,REST,Standard,TRANSPORTER,11
2025,06,MERCEDES,CLASE A,Corporate,ICE,Diesel,UKL2,FOCUS SEGMENT,Standard,SEDAN,150
2025,06,MERCEDES,CLASE A,Corporate,PHEV,Diesel,UKL2,FOCUS SEGMENT,Standard,SEDAN,106
2025,06,MERCEDES,CLASE A,Private,ICE,Diesel,UKL2,FOCUS SEGMENT,Standard,SEDAN,128
2025,06,MERCEDES,CLASE A,Private,PHEV,Diesel,UKL2,FOCUS SEGMENT,Standard,SEDAN,29
2025,06,MERCEDES,CLASE A,RAC,ICE,Diesel,UKL2,FOCUS SEGMENT,Standard,SEDAN,563
2025,06,MERCEDES,CLASE A,RAC,PHEV,Diesel,UKL2,FOCUS SEGMENT,Standard,SEDAN,155
2025,06,MERCEDES,CLASE B,Corporate,ICE,Diesel,UKL2,FOCUS SEGMENT,Standard,SAT,35
2025,06,MERCEDES,CLASE B,Corporate,PHEV,Diesel,UKL2,FOCUS SEGMENT,Standard,SAT,14
2025,06,MERCEDES,CLASE B,Private,ICE,Diesel,UKL2,FOCUS SEGMENT,Standard,SAT,7
2025,06,MERCEDES,CLASE B,Private,PHEV,Diesel,UKL2,FOCUS SEGMENT,Standard,SAT,6
2025,06,MERCEDES,CLASE B,RAC,ICE,Diesel,UKL2,FOCUS SEGMENT,Standard,SAT,37
2025,06,MERCEDES,CLASE B,RAC,PHEV,Diesel,UKL2,FOCUS SEGMENT,Standard,SAT,35
2025,06,MERCEDES,CLASE C,Corporate,ICE,Diesel,KKL,FOCUS SEGMENT,Standard,CABRIO,88
2025,06,MERCEDES,CLASE C,Corporate,PHEV,Diesel,KKL,FOCUS SEGMENT,Standard,CABRIO,27
2025,06,MERCEDES,CLASE C,Private,ICE,Diesel,KKL,FOCUS SEGMENT,Standard,CABRIO,26
2025,06,MERCEDES,CLASE C,Private,PHEV,Diesel,KKL,FOCUS SEGMENT,Standard,CABRIO,7
2025,06,MERCEDES,CLASE C,RAC,ICE,Diesel,KKL,FOCUS SEGMENT,Standard,CABRIO,178
2025,06,MERCEDES,CLASE C,RAC,PHEV,Diesel,KKL,FOCUS SEGMENT,Standard,CABRIO,67
2025,06,MERCEDES,CLASE CLA,Corporate,ICE,Diesel,UKL2,FOCUS SEGMENT,Standard,ESTATE,52
2025,06,MERCEDES,CLASE CLA,Corporate,PHEV,Diesel,UKL2,FOCUS SEGMENT,Standard,ESTATE,50
2025,06,MERCEDES,CLASE CLA,Private,ICE,Diesel,UKL2,FOCUS SEGMENT,Standard,ESTATE,26
2025,06,MERCEDES,CLASE CLA,Private,PHEV,Diesel,UKL2,FOCUS SEGMENT,Standard,ESTATE,22
2025,06,MERCEDES,CLASE CLA,RAC,ICE,Diesel,UKL2,FOCUS SEGMENT,Standard,ESTATE,115
2025,06,MERCEDES,CLASE CLA,RAC,PHEV,Diesel,UKL2,FOCUS SEGMENT,Standard,ESTATE,66
2025,06,MERCEDES,CLASE CLE,Corporate,ICE,Diesel Mild Hybrid,MKL,FOCUS SEGMENT,Standard,COUPE,38
2025,06,MERCEDES,CLASE CLE,Corporate,PHEV,Diesel Mild Hybrid,MKL,FOCUS SEGMENT,Standard,COUPE,3
2025,06,MERCEDES,CLASE CLE,Private,ICE,Diesel Mild Hybrid,MKL,FOCUS SEGMENT,Standard,COUPE,19
2025,06,MERCEDES,CLASE CLE,Private,PHEV,Diesel Mild Hybrid,MKL,FOCUS SEGMENT,Standard,COUPE,2
2025,06,MERCEDES,CLASE CLE,RAC,ICE,Diesel Mild Hybrid,MKL,FOCUS SEGMENT,Standard,COUPE,127
2025,06,MERCEDES,CLASE E,Corporate,ICE,Diesel,MKL,FOCUS SEGMENT,Standard,SEDAN,55
2025,06,MERCEDES,CLASE E,Corporate,PHEV,Diesel,MKL,FOCUS SEGMENT,Standard,SEDAN,34
2025,06,MERCEDES,CLASE E,Private,ICE,Diesel,MKL,FOCUS SEGMENT,Standard,SEDAN,18
2025,06,MERCEDES,CLASE E,Private,PHEV,Diesel,MKL,FOCUS SEGMENT,Standard,SEDAN,2
2025,06,MERCEDES,CLASE E,RAC,ICE,Diesel,MKL,FOCUS SEGMENT,Standard,SEDAN,3
2025,06,MERCEDES,CLASE E,RAC,PHEV,Diesel,MKL,FOCUS SEGMENT,Standard,SEDAN,19
2025,06,MERCEDES,CLASE G,Corporate,BEV,Diesel,GKL,FOCUS SEGMENT,Standard,SAV,4
2025,06,MERCEDES,CLASE G,Corporate,ICE,Diesel,GKL,FOCUS SEGMENT,Standard,SAV,8
2025,06,MERCEDES,CLASE G,Private,BEV,Diesel,GKL,FOCUS SEGMENT,Standard,SAV,2
2025,06,MERCEDES,CLASE G,Private,ICE,Diesel,GKL,FOCUS SEGMENT,Standard,SAV,8
2025,06,MERCEDES,CLASE G,RAC,ICE,Diesel,GKL,FOCUS SEGMENT,Standard,SAV,1
2025,06,MERCEDES,CLASE GLA,Corporate,ICE,Diesel,UKL2,FOCUS SEGMENT,Standard,SAV,415
2025,06,MERCEDES,CLASE GLA,Corporate,PHEV,Diesel,UKL2,FOCUS SEGMENT,Standard,SAV,123
2025,06,MERCEDES,CLASE GLA,Private,ICE,Diesel,UKL2,FOCUS SEGMENT,Standard,SAV,182
2025,06,MERCEDES,CLASE GLA,Private,PHEV,Diesel,UKL2,FOCUS SEGMENT,Standard,SAV,109
2025,06,MERCEDES,CLASE GLA,RAC,ICE,Diesel,UKL2,FOCUS SEGMENT,Standard,SAV,270
2025,06,MERCEDES,CLASE GLA,RAC,PHEV,Diesel,UKL2,FOCUS SEGMENT,Standard,SAV,91
2025,06,MERCEDES,CLASE GLB,Corporate,ICE,Diesel,UKL2,FOCUS SEGMENT,Standard,SAV,119
2025,06,MERCEDES,CLASE GLB,Private,ICE,Diesel,UKL2,FOCUS SEGMENT,Standard,SAV,24
2025,06,MERCEDES,CLASE GLB,RAC,ICE,Diesel,UKL2,FOCUS SEGMENT,Standard,SAV,6
2025,06,MERCEDES,CLASE GLC,Corporate,ICE,Diesel,KKL,FOCUS SEGMENT,Standard,SAV,371
2025,06,MERCEDES,CLASE GLC,Corporate,PHEV,Diesel,KKL,FOCUS SEGMENT,Standard,SAV,525
2025,06,MERCEDES,CLASE GLC,Private,ICE,Diesel,KKL,FOCUS SEGMENT,Standard,SAV,131
2025,06,MERCEDES,CLASE GLC,Private,PHEV,Diesel,KKL,FOCUS SEGMENT,Standard,SAV,170
2025,06,MERCEDES,CLASE GLC,RAC,ICE,Diesel,KKL,FOCUS SEGMENT,Standard,SAV,54
2025,06,MERCEDES,CLASE GLC,RAC,PHEV,Diesel,KKL,FOCUS SEGMENT,Standard,SAV,2
2025,06,MERCEDES,CLASE GLE,Corporate,ICE,Diesel,MKL,FOCUS SEGMENT,Standard,SAV,72
2025,06,MERCEDES,CLASE GLE,Corporate,PHEV,Diesel,MKL,FOCUS SEGMENT,Standard,SAV,94
2025,06,MERCEDES,CLASE GLE,Private,ICE,Diesel,MKL,FOCUS SEGMENT,Standard,SAV,17
2025,06,MERCEDES,CLASE GLE,Private,PHEV,Diesel,MKL,FOCUS SEGMENT,Standard,SAV,24
2025,06,MERCEDES,CLASE GLE,RAC,ICE,Diesel,MKL,FOCUS SEGMENT,Standard,SAV,10
2025,06,MERCEDES,CLASE GLE,RAC,PHEV,Diesel,MKL,FOCUS SEGMENT,Standard,SAV,17
2025,06,MERCEDES,CLASE GLS,Corporate,ICE,Diesel,GKL,FOCUS SEGMENT,Standard,SAV,9
2025,06,MERCEDES,CLASE GLS,Private,ICE,Diesel,GKL,FOCUS SEGMENT,Standard,SAV,3
2025,06,MERCEDES,CLASE GLS,RAC,ICE,Diesel,GKL,FOCUS SEGMENT,Standard,SAV,1
2025,06,MERCEDES,CLASE S,Corporate,ICE,Diesel,GKL,FOCUS SEGMENT,Standard,SEDAN,9
2025,06,MERCEDES,CLASE S,Corporate,PHEV,Diesel,GKL,FOCUS SEGMENT,Standard,SEDAN,3
2025,06,MERCEDES,CLASE S,Private,ICE,Diesel,GKL,FOCUS SEGMENT,Standard,SEDAN,2
2025,06,MERCEDES,CLASE S,RAC,ICE,Diesel,GKL,FOCUS SEGMENT,Standard,SEDAN,5
2025,06,MERCEDES,CLASE T,Corporate,ICE,Diesel,SKL,REST,Standard,TRANSPORTER,28
2025,06,MERCEDES,CLASE T,Private,ICE,Diesel,SKL,REST,Standard,TRANSPORTER,18
2025,06,MERCEDES,CLASE T,RAC,ICE,Diesel,SKL,REST,Standard,TRANSPORTER,163
2025,06,MERCEDES,CLASE V,Corporate,ICE,Diesel,MKL,REST,Standard,MPV,120
2025,06,MERCEDES,CLASE V,Private,ICE,Diesel,MKL,REST,Standard,MPV,35
2025,06,MERCEDES,CLASE V,RAC,ICE,Diesel,MKL,REST,Standard,MPV,164
2025,06,MERCEDES,ECITAN,Corporate,BEV,Electrico,SKL,REST,Standard,TRANSPORTER,38
2025,06,MERCEDES,ECITAN,RAC,BEV,Electrico,SKL,REST,Standard,TRANSPORTER,6
2025,06,MERCEDES,EQA,Corporate,BEV,Electrico,UKL2,FOCUS SEGMENT,Standard,SAV,49
2025,06,MERCEDES,EQA,Private,BEV,Electrico,UKL2,FOCUS SEGMENT,Standard,SAV,41
2025,06,MERCEDES,EQA,RAC,BEV,Electrico,UKL2,FOCUS SEGMENT,Standard,SAV,265
2025,06,MERCEDES,EQB,Corporate,BEV,Electrico,UKL2,FOCUS SEGMENT,Standard,SAV,29
2025,06,MERCEDES,EQB,Private,BEV,Electrico,UKL2,FOCUS SEGMENT,Standard,SAV,10
2025,06,MERCEDES,EQB,RAC,BEV,Electrico,UKL2,FOCUS SEGMENT,Standard,SAV,41
2025,06,MERCEDES,EQE,Corporate,BEV,Electrico,MKL,FOCUS SEGMENT,Standard,SEDAN,70
2025,06,MERCEDES,EQE,Private,BEV,Electrico,MKL,FOCUS SEGMENT,Standard,SEDAN,29
2025,06,MERCEDES,EQS,Corporate,BEV,Electrico,GKL,FOCUS SEGMENT,Standard,SEDAN,17
2025,06,MERCEDES,EQS,Private,BEV,Electrico,GKL,FOCUS SEGMENT,Standard,SEDAN,4
2025,06,MERCEDES,EQT,Corporate,BEV,Electrico,SKL,REST,Standard,TRANSPORTER,7
2025,06,MERCEDES,EQT,Private,BEV,Electrico,SKL,REST,Standard,TRANSPORTER,1
2025,06,MERCEDES,EQV,Corporate,BEV,Electrico,MKL,REST,Standard,MPV,4
2025,06,MERCEDES,MARCO POLO,Corporate,ICE,Diesel,SKL,REST,Standard,TRANSPORTER,2
2025,06,MERCEDES,MARCO POLO,Private,ICE,Diesel,SKL,REST,Standard,TRANSPORTER,1
2025,06,MERCEDES,MARCO POLO,RAC,ICE,Diesel,SKL,REST,Standard,TRANSPORTER,1
2025,06,MERCEDES,SPRINTER 300,Corporate,ICE,Diesel,SKL,REST,Standard,TRANSPORTER,117
2025,06,MERCEDES,SPRINTER 300,Private,ICE,Diesel,SKL,REST,Standard,TRANSPORTER,19
2025,06,MERCEDES,SPRINTER 300,RAC,ICE,Diesel,SKL,REST,Standard,TRANSPORTER,32
2025,06,MERCEDES IDILIS,,Corporate,ICE,Diesel,,,,,1
2025,06,MERCEDES-AMG,,Corporate,ICE,Gasolina,,,,,4
2025,06,MERCEDES-AMG,,Private,ICE,Gasolina,,,,,2
2025,06,MERCEDES-V,,Corporate,BEV,Electrico,,,,,33
2025,06,MERCEDES-V,VITO,Corporate,ICE,Diesel,SKL,REST,Standard,TRANSPORTER,140
2025,06,MERCEDES-V,VITO,Private,ICE,Diesel,SKL,REST,Standard,TRANSPORTER,48
2025,06,MERCEDES-V,VITO,RAC,ICE,Diesel,SKL,REST,Standard,TRANSPORTER,335
2025,06,MG,,Corporate,BEV,Electrico,,,,,17
2025,06,MG,,Corporate,ICE,Gasolina,,,,,26
2025,06,MG,,Private,BEV,Electrico,,,,,23
2025,06,MG,,Private,ICE,Gasolina,,,,,403
2025,06,MG,,RAC,ICE,Gasolina,,,,,1
2025,06,MG,EHS,Corporate,PHEV,Gasolina/Electrico Enchufable,KKL,REST,Standard,SAV,10
2025,06,MG,EHS,Private,PHEV,Gasolina/Electrico Enchufable,KKL,REST,Standard,SAV,1
2025,06,MG,HS,Corporate,ICE,Gasolina,KKL,REST,Standard,SAV,17
2025,06,MG,HS,Corporate,PHEV,Gasolina,KKL,REST,Standard,SAV,12
2025,06,MG,HS,Private,ICE,Gasolina,KKL,REST,Standard,SAV,93
2025,06,MG,HS,Private,PHEV,Gasolina,KKL,REST,Standard,SAV,934
2025,06,MG,MARVEL R,Corporate,BEV,Electrico,UKL2,REST,Standard,SAV,34
2025,06,MG,MARVEL R,Private,BEV,Electrico,UKL2,REST,Standard,SAV,26
2025,06,MG,MG 4,Corporate,BEV,Electrico,UKL2,REST,Standard,HACH 5P,9
2025,06,MG,MG 4,Private,BEV,Electrico,UKL2,REST,Standard,HACH 5P,102
2025,06,MG,MG 5,Corporate,BEV,Electrico,UKL2,REST,Standard,ESTATE,4
2025,06,MG,MG 5,Private,BEV,Electrico,UKL2,REST,Standard,ESTATE,4
2025,06,MG,ZS,Corporate,BEV,Gasolina,UKL1,REST,Standard,SAV,7
2025,06,MG,ZS,Corporate,ICE,Gasolina,UKL1,REST,Standard,SAV,81
2025,06,MG,ZS,Private,BEV,Gasolina,UKL1,REST,Standard,SAV,8
2025,06,MG,ZS,Private,ICE,Gasolina,UKL1,REST,Standard,SAV,1492
2025,06,MG,ZS,RAC,ICE,Gasolina,UKL1,REST,Standard,SAV,302
2025,06,MINGHONG-POWER,,Corporate,BEV,Electrico,,,,,8
2025,06,MINGHONG-POWER,,Private,BEV,Electrico,,,,,1
2025,06,MINI,COUNTRYMAN,Corporate,BEV,Diesel,UKL2,FOCUS SEGMENT,Standard,SAV,23
2025,06,MINI,COUNTRYMAN,Corporate,ICE,Diesel,UKL2,FOCUS SEGMENT,Standard,SAV,37
2025,06,MINI,COUNTRYMAN,Private,BEV,Diesel,UKL2,FOCUS SEGMENT,Standard,SAV,25
2025,06,MINI,COUNTRYMAN,Private,ICE,Diesel,UKL2,FOCUS SEGMENT,Standard,SAV,46
2025,06,MINI,COUNTRYMAN,RAC,BEV,Diesel,UKL2,FOCUS SEGMENT,Standard,SAV,4
2025,06,MINI,COUNTRYMAN,RAC,ICE,Diesel,UKL2,FOCUS SEGMENT,Standard,SAV,19
2025,06,MINI,HATCHBACK,Corporate,BEV,Electrico,UKL1,FOCUS SEGMENT,Standard,HACH 3P,111
2025,06,MINI,HATCHBACK,Corporate,ICE,Electrico,UKL1,FOCUS SEGMENT,Standard,HACH 3P,100
2025,06,MINI,HATCHBACK,Private,BEV,Electrico,UKL1,FOCUS SEGMENT,Standard,HACH 3P,125
2025,06,MINI,HATCHBACK,Private,ICE,Electrico,UKL1,FOCUS SEGMENT,Standard,HACH 3P,87
2025,06,MINI,HATCHBACK,RAC,BEV,Electrico,UKL1,FOCUS SEGMENT,Standard,HACH 3P,3
2025,06,MINI,HATCHBACK,RAC,ICE,Electrico,UKL1,FOCUS SEGMENT,Standard,HACH 3P,44
2025,06,MITSUBISHI,ASX,Corporate,ICE,Gasolina,UKL2,REST,Standard,SAV,31
2025,06,MITSUBISHI,ASX,Corporate,PHEV,Gasolina,UKL2,REST,Standard,SAV,6
2025,06,MITSUBISHI,ASX,Private,ICE,Gasolina,UKL2,REST,Standard,SAV,73
2025,06,MITSUBISHI,ASX,Private,PHEV,Gasolina,UKL2,REST,Standard,SAV,4
2025,06,MITSUBISHI,COLT,Corporate,ICE,Gasolina,UKL1,REST,Standard,HACH 3P,31
2025,06,MITSUBISHI,COLT,Private,ICE,Gasolina,UKL1,REST,Standard,HACH 3P,20
2025,06,MITSUBISHI,ECLIPSE CROSS,Corporate,PHEV,Gasolina/Electrico Enchufable,UKL2,REST,Standard,SAV,130
2025,06,MITSUBISHI,ECLIPSE CROSS,Private,PHEV,Gasolina/Electrico Enchufable,UKL2,REST,Standard,SAV,112
2025,06,MITSUBISHI,OUTLANDER,Corporate,PHEV,Gasolina,KKL,REST,Standard,SAV,15
2025,06,MITSUBISHI,OUTLANDER,Private,PHEV,Gasolina,KKL,REST,Standard,SAV,30
2025,06,MITSUBISHI,SPACE STAR,Corporate,ICE,Gasolina,UKL1,REST,Standard,HACH 5P,1
2025,06,MITSUBISHI FUSO,,Corporate,ICE,Diesel,,,,,12
2025,06,MITSUBISHI FUSO,,Private,ICE,Diesel,,,,,2
2025,06,MITSUBISHI FUSO,,RAC,ICE,Diesel,,,,,1
2025,06,MOBILVETTA DESIGN,,Corporate,ICE,Diesel,,,,,2
2025,06,MOBILVETTA DESIGN,,Private,ICE,Diesel,,,,,5
2025,06,MOBILVETTA DESING,,Private,ICE,Diesel,,,,,2
2025,06,MODELCAR HNOS,,Corporate,ICE,Diesel,,,,,3
2025,06,MOKE INTERNATIONAL LTD,,Private,BEV,Electrico,,,,,1
2025,06,MOVEX,,Corporate,ICE,Diesel,,,,,4
2025,06,MULTIGOM,,RAC,ICE,Diesel,,,,,2
2025,06,MULTITEL,,Corporate,ICE,Diesel,,,,,1
2025,06,NEW HOLLAND,,Private,ICE,Diesel,,,,,1
2025,06,NISSAN,,Corporate,ICE,Gasolina,,,,,3
2025,06,NISSAN,,Private,ICE,Diesel,,,,,1
2025,06,NISSAN,ARIYA,Corporate,BEV,Electrico,UKL2,REST,Standard,SAV,11
2025,06,NISSAN,ARIYA,Private,BEV,Electrico,UKL2,REST,Standard,SAV,8
2025,06,NISSAN,INTERSTAR,Corporate,ICE,Diesel,SKL,REST,Standard,TRANSPORTER,35
2025,06,NISSAN,INTERSTAR,Private,ICE,Diesel,SKL,REST,Standard,TRANSPORTER,5
2025,06,NISSAN,JUKE,Corporate,ICE,Gasolina,UKL1,REST,Standard,SAV,251
2025,06,NISSAN,JUKE,Private,ICE,Gasolina,UKL1,REST,Standard,SAV,298
2025,06,NISSAN,JUKE,RAC,ICE,Gasolina,UKL1,REST,Standard,SAV,316
2025,06,NISSAN,LEAF,Corporate,BEV,Electrico,UKL2,REST,Standard,HACH 5P,7
2025,06,NISSAN,LEAF,Private,BEV,Electrico,UKL2,REST,Standard,HACH 5P,2
2025,06,NISSAN,PRIMASTAR,Corporate,ICE,Diesel,SKL,REST,Standard,TRANSPORTER,70
2025,06,NISSAN,PRIMASTAR,Private,ICE,Diesel,SKL,REST,Standard,TRANSPORTER,15
2025,06,NISSAN,PRIMASTAR,RAC,ICE,Diesel,SKL,REST,Standard,TRANSPORTER,17
2025,06,NISSAN,QASHQAI,Corporate,BEV,Gasolina Mild Hybrid,UKL2,REST,Standard,SAT,8
2025,06,NISSAN,QASHQAI,Corporate,ICE,Gasolina Mild Hybrid,UKL2,REST,Standard,SAT,845
2025,06,NISSAN,QASHQAI,Private,ICE,Gasolina Mild Hybrid,UKL2,REST,Standard,SAT,466
2025,06,NISSAN,QASHQAI,RAC,ICE,Gasolina Mild Hybrid,UKL2,REST,Standard,SAT,548
2025,06,NISSAN,TOWNSTAR,Corporate,BEV,Electrico,SKL,REST,Standard,TRANSPORTER,53
2025,06,NISSAN,TOWNSTAR,Corporate,ICE,Electrico,SKL,REST,Standard,TRANSPORTER,42
2025,06,NISSAN,TOWNSTAR,Private,BEV,Electrico,SKL,REST,Standard,TRANSPORTER,3
2025,06,NISSAN,TOWNSTAR,Private,ICE,Electrico,SKL,REST,Standard,TRANSPORTER,53
2025,06,NISSAN,TOWNSTAR,RAC,ICE,Electrico,SKL,REST,Standard,TRANSPORTER,4
2025,06,NISSAN,X-TRAIL,Corporate,ICE,Gasolina,KKL,REST,Standard,SUV,116
2025,06,NISSAN,X-TRAIL,Private,ICE,Gasolina,KKL,REST,Standard,SUV,155
2025,06,NISSAN,X-TRAIL,RAC,ICE,Gasolina,KKL,REST,Standard,SUV,21
2025,06,NOROESTE,,Corporate,ICE,Diesel,,,,,1
2025,06,ODES,,Private,ICE,Gasolina,,,,,1
2025,06,OIL&STEEL,,Corporate,ICE,Diesel,,,,,5
2025,06,OIL&STEEL,,RAC,ICE,Diesel,,,,,1
2025,06,OMODA,,Corporate,PHEV,Gasolina/Electrico Enchufable,,,,,25
2025,06,OMODA,,Private,PHEV,Gasolina/Electrico Enchufable,,,,,106
2025,06,OMODA,OMODA 5,Corporate,BEV,Gasolina,UKL2,REST,Standard,HACH 5P,13
2025,06,OMODA,OMODA 5,Corporate,ICE,Gasolina,UKL2,REST,Standard,HACH 5P,128
2025,06,OMODA,OMODA 5,Private,BEV,Gasolina,UKL2,REST,Standard,HACH 5P,63
2025,06,OMODA,OMODA 5,Private,ICE,Gasolina,UKL2,REST,Standard,HACH 5P,553
2025,06,OMODA,OMODA 5,RAC,BEV,Gasolina,UKL2,REST,Standard,HACH 5P,1
2025,06,OMODA,OMODA 5,RAC,ICE,Gasolina,UKL2,REST,Standard,HACH 5P,415
2025,06,OPEL,,Corporate,BEV,Electrico,,,,,55
2025,06,OPEL,,Corporate,ICE,Gasolina,,,,,73
2025,06,OPEL,,Private,BEV,Electrico,,,,,41
2025,06,OPEL,,Private,ICE,Diesel,,,,,1
2025,06,OPEL,,Private,ICE,Gasolina,,,,,101
2025,06,OPEL,,RAC,BEV,Electrico,,,,,6
2025,06,OPEL,,RAC,ICE,Gasolina,,,,,49
2025,06,OPEL,ASTRA,Corporate,BEV,Diesel,UKL2,REST,Standard,HACH 5P,4
2025,06,OPEL,ASTRA,Corporate,ICE,Diesel,UKL2,REST,Standard,HACH 5P,45
2025,06,OPEL,ASTRA,Corporate,PHEV,Diesel,UKL2,REST,Standard,HACH 5P,34
2025,06,OPEL,ASTRA,Private,BEV,Diesel,UKL2,REST,Standard,HACH 5P,1
2025,06,OPEL,ASTRA,Private,ICE,Diesel,UKL2,REST,Standard,HACH 5P,16
2025,06,OPEL,ASTRA,Private,PHEV,Diesel,UKL2,REST,Standard,HACH 5P,8
2025,06,OPEL,ASTRA,RAC,ICE,Diesel,UKL2,REST,Standard,HACH 5P,24
2025,06,OPEL,COMBO,Corporate,BEV,Diesel,SKL,REST,Standard,TRANSPORTER,9
2025,06,OPEL,COMBO,Corporate,ICE,Diesel,SKL,REST,Standard,TRANSPORTER,710
2025,06,OPEL,COMBO,Private,ICE,Diesel,SKL,REST,Standard,TRANSPORTER,23
2025,06,OPEL,COMBO,RAC,BEV,Diesel,SKL,REST,Standard,TRANSPORTER,8
2025,06,OPEL,COMBO,RAC,ICE,Diesel,SKL,REST,Standard,TRANSPORTER,20
2025,06,OPEL,CORSA,Corporate,BEV,Diesel,UKL1,REST,Standard,HACH 5P,18
2025,06,OPEL,CORSA,Corporate,ICE,Diesel,UKL1,REST,Standard,HACH 5P,1045
2025,06,OPEL,CORSA,Private,BEV,Diesel,UKL1,REST,Standard,HACH 5P,4
2025,06,OPEL,CORSA,Private,ICE,Diesel,UKL1,REST,Standard,HACH 5P,222
2025,06,OPEL,CORSA,RAC,ICE,Diesel,UKL1,REST,Standard,HACH 5P,1038
2025,06,OPEL,CROSSLAND,Corporate,ICE,Diesel,UKL1,REST,Standard,SAV,7
2025,06,OPEL,CROSSLAND,Private,ICE,Diesel,UKL1,REST,Standard,SAV,7
2025,06,OPEL,GRANDLAND X,Corporate,BEV,Diesel,UKL2,REST,Standard,SAV,1
2025,06,OPEL,GRANDLAND X,Corporate,ICE,Diesel,UKL2,REST,Standard,SAV,18
2025,06,OPEL,GRANDLAND X,Corporate,PHEV,Diesel,UKL2,REST,Standard,SAV,14
2025,06,OPEL,GRANDLAND X,Private,BEV,Diesel,UKL2,REST,Standard,SAV,2
2025,06,OPEL,GRANDLAND X,Private,ICE,Diesel,UKL2,REST,Standard,SAV,34
2025,06,OPEL,GRANDLAND X,Private,PHEV,Diesel,UKL2,REST,Standard,SAV,18
2025,06,OPEL,GRANDLAND X,RAC,ICE,Diesel,UKL2,REST,Standard,SAV,1
2025,06,OPEL,MOKKA,Corporate,BEV,Diesel,UKL1,REST,Standard,SAV,4
2025,06,OPEL,MOKKA,Corporate,ICE,Diesel,UKL1,REST,Standard,SAV,70
2025,06,OPEL,MOKKA,Private,BEV,Diesel,UKL1,REST,Standard,SAV,1
2025,06,OPEL,MOKKA,Private,ICE,Diesel,UKL1,REST,Standard,SAV,86
2025,06,OPEL,MOKKA,RAC,BEV,Diesel,UKL1,REST,Standard,SAV,1
2025,06,OPEL,MOKKA,RAC,ICE,Diesel,UKL1,REST,Standard,SAV,609
2025,06,OPEL,MOVANO,Corporate,BEV,Diesel,SKL,REST,Standard,TRANSPORTER,2
2025,06,OPEL,MOVANO,Corporate,ICE,Diesel,SKL,REST,Standard,TRANSPORTER,81
2025,06,OPEL,MOVANO,Private,ICE,Diesel,SKL,REST,Standard,TRANSPORTER,16
2025,06,OPEL,MOVANO,RAC,ICE,Diesel,SKL,REST,Standard,TRANSPORTER,18
2025,06,OPEL,VIVARO,Corporate,BEV,Diesel,SKL,REST,Standard,TRANSPORTER,11
2025,06,OPEL,VIVARO,Corporate,ICE,Diesel,SKL,REST,Standard,TRANSPORTER,104
2025,06,OPEL,VIVARO,Private,BEV,Diesel,SKL,REST,Standard,TRANSPORTER,2
2025,06,OPEL,VIVARO,Private,ICE,Diesel,SKL,REST,Standard,TRANSPORTER,11
2025,06,OPEL,VIVARO,RAC,ICE,Diesel,SKL,REST,Standard,TRANSPORTER,143
2025,06,OPEL,ZAFIRA LIFE,Corporate,ICE,Diesel,SKL,REST,Standard,TRANSPORTER,5
2025,06,OPEL,ZAFIRA LIFE,Private,ICE,Diesel,SKL,REST,Standard,TRANSPORTER,7
2025,06,OTOKAR,,Corporate,ICE,Diesel,,,,,2
2025,06,PANAMA,,Private,ICE,Diesel,,,,,4
2025,06,PERIANES,,Corporate,ICE,Diesel,,,,,1
2025,06,PERIANES,,Private,ICE,Diesel,,,,,1
2025,06,PERTASA,,Corporate,ICE,Diesel,,,,,1
2025,06,PEUGEOT,,Private,ICE,Diesel,,,,,1
2025,06,PEUGEOT,,RAC,ICE,Diesel,,,,,2
2025,06,PEUGEOT,2008,Corporate,BEV,Diesel,UKL1,REST,Standard,SAV,112
2025,06,PEUGEOT,2008,Corporate,ICE,Diesel,UKL1,REST,Standard,SAV,610
2025,06,PEUGEOT,2008,Private,BEV,Diesel,UKL1,REST,Standard,SAV,46
2025,06,PEUGEOT,2008,Private,ICE,Diesel,UKL1,REST,Standard,SAV,333
2025,06,PEUGEOT,2008,RAC,BEV,Diesel,UKL1,REST,Standard,SAV,9
2025,06,PEUGEOT,2008,RAC,ICE,Diesel,UKL1,REST,Standard,SAV,1029
2025,06,PEUGEOT,208,Corporate,BEV,Diesel,UKL1,REST,Standard,HACH 5P,55
2025,06,PEUGEOT,208,Corporate,ICE,Diesel,UKL1,REST,Standard,HACH 5P,1124
2025,06,PEUGEOT,208,Private,BEV,Diesel,UKL1,REST,Standard,HACH 5P,29
2025,06,PEUGEOT,208,Private,ICE,Diesel,UKL1,REST,Standard,HACH 5P,300
2025,06,PEUGEOT,208,RAC,ICE,Diesel,UKL1,REST,Standard,HACH 5P,1019
2025,06,PEUGEOT,3008,Corporate,BEV,Diesel,UKL2,REST,Standard,SAT,9
2025,06,PEUGEOT,3008,Corporate,ICE,Diesel,UKL2,REST,Standard,SAT,321
2025,06,PEUGEOT,3008,Corporate,PHEV,Diesel,UKL2,REST,Standard,SAT,18
2025,06,PEUGEOT,3008,Private,BEV,Diesel,UKL2,REST,Standard,SAT,16
2025,06,PEUGEOT,3008,Private,ICE,Diesel,UKL2,REST,Standard,SAT,267
2025,06,PEUGEOT,3008,Private,PHEV,Diesel,UKL2,REST,Standard,SAT,19
2025,06,PEUGEOT,3008,RAC,ICE,Diesel,UKL2,REST,Standard,SAT,116
2025,06,PEUGEOT,308,Corporate,BEV,Diesel,UKL2,REST,Standard,ESTATE,5
2025,06,PEUGEOT,308,Corporate,ICE,Diesel,UKL2,REST,Standard,ESTATE,210
2025,06,PEUGEOT,308,Corporate,PHEV,Diesel,UKL2,REST,Standard,ESTATE,22
2025,06,PEUGEOT,308,Private,ICE,Diesel,UKL2,REST,Standard,ESTATE,71
2025,06,PEUGEOT,308,Private,PHEV,Diesel,UKL2,REST,Standard,ESTATE,10
2025,06,PEUGEOT,308,RAC,ICE,Diesel,UKL2,REST,Standard,ESTATE,51
2025,06,PEUGEOT,408,Corporate,ICE,Gasolina,UKL2,REST,Standard,SEDAN,15
2025,06,PEUGEOT,408,Corporate,PHEV,Gasolina,UKL2,REST,Standard,SEDAN,4
2025,06,PEUGEOT,408,Private,ICE,Gasolina,UKL2,REST,Standard,SEDAN,11
2025,06,PEUGEOT,408,RAC,ICE,Gasolina,UKL2,REST,Standard,SEDAN,57
2025,06,PEUGEOT,408,RAC,PHEV,Gasolina,UKL2,REST,Standard,SEDAN,4
2025,06,PEUGEOT,5008,Corporate,BEV,Diesel,KKL,REST,Standard,SUV,6
2025,06,PEUGEOT,5008,Corporate,ICE,Diesel,KKL,REST,Standard,SUV,70
2025,06,PEUGEOT,5008,Corporate,PHEV,Diesel,KKL,REST,Standard,SUV,2
2025,06,PEUGEOT,5008,Private,BEV,Diesel,KKL,REST,Standard,SUV,7
2025,06,PEUGEOT,5008,Private,ICE,Diesel,KKL,REST,Standard,SUV,115
2025,06,PEUGEOT,5008,RAC,ICE,Diesel,KKL,REST,Standard,SUV,104
2025,06,PEUGEOT,508,Corporate,ICE,Diesel,KKL,REST,Standard,ESTATE,4
2025,06,PEUGEOT,508,Corporate,PHEV,Diesel,KKL,REST,Standard,ESTATE,38
2025,06,PEUGEOT,508,Private,ICE,Diesel,KKL,REST,Standard,ESTATE,1
2025,06,PEUGEOT,508,Private,PHEV,Diesel,KKL,REST,Standard,ESTATE,7
2025,06,PEUGEOT,508,RAC,PHEV,Diesel,KKL,REST,Standard,ESTATE,2
2025,06,PEUGEOT,BOXER,Corporate,BEV,Diesel,SKL,REST,Standard,TRANSPORTER,2
2025,06,PEUGEOT,BOXER,Corporate,ICE,Diesel,SKL,REST,Standard,TRANSPORTER,205
2025,06,PEUGEOT,BOXER,Private,ICE,Diesel,SKL,REST,Standard,TRANSPORTER,19
2025,06,PEUGEOT,BOXER,RAC,ICE,Diesel,SKL,REST,Standard,TRANSPORTER,46
2025,06,PEUGEOT,EXPERT,Corporate,BEV,Diesel,SKL,REST,Standard,TRANSPORTER,18
2025,06,PEUGEOT,EXPERT,Corporate,ICE,Diesel,SKL,REST,Standard,TRANSPORTER,220
2025,06,PEUGEOT,EXPERT,Private,BEV,Diesel,SKL,REST,Standard,TRANSPORTER,1
2025,06,PEUGEOT,EXPERT,Private,ICE,Diesel,SKL,REST,Standard,TRANSPORTER,20
2025,06,PEUGEOT,EXPERT,RAC,ICE,Diesel,SKL,REST,Standard,TRANSPORTER,197
2025,06,PEUGEOT,PARTNER,Corporate,BEV,Diesel,SKL,REST,Standard,TRANSPORTER,18
2025,06,PEUGEOT,PARTNER,Corporate,ICE,Diesel,SKL,REST,Standard,TRANSPORTER,359
2025,06,PEUGEOT,PARTNER,Private,BEV,Diesel,SKL,REST,Standard,TRANSPORTER,3
2025,06,PEUGEOT,PARTNER,Private,ICE,Diesel,SKL,REST,Standard,TRANSPORTER,11
2025,06,PEUGEOT,PARTNER,RAC,ICE,Diesel,SKL,REST,Standard,TRANSPORTER,36
2025,06,PEUGEOT,RIFTER,Corporate,BEV,Diesel,SKL,REST,Standard,TRANSPORTER,26
2025,06,PEUGEOT,RIFTER,Corporate,ICE,Diesel,SKL,REST,Standard,TRANSPORTER,518
2025,06,PEUGEOT,RIFTER,Private,BEV,Diesel,SKL,REST,Standard,TRANSPORTER,11
2025,06,PEUGEOT,RIFTER,Private,ICE,Diesel,SKL,REST,Standard,TRANSPORTER,172
2025,06,PEUGEOT,RIFTER,RAC,BEV,Diesel,SKL,REST,Standard,TRANSPORTER,22
2025,06,PEUGEOT,RIFTER,RAC,ICE,Diesel,SKL,REST,Standard,TRANSPORTER,38
2025,06,PEUGEOT,TRAVELLER,Corporate,BEV,Diesel,SKL,REST,Standard,TRANSPORTER,1
2025,06,PEUGEOT,TRAVELLER,Corporate,ICE,Diesel,SKL,REST,Standard,TRANSPORTER,14
2025,06,PEUGEOT,TRAVELLER,Private,BEV,Diesel,SKL,REST,Standard,TRANSPORTER,1
2025,06,PEUGEOT,TRAVELLER,Private,ICE,Diesel,SKL,REST,Standard,TRANSPORTER,20
2025,06,PEUGEOT,TRAVELLER,RAC,ICE,Diesel,SKL,REST,Standard,TRANSPORTER,2
2025,06,PIAGGIO,PORTER,Corporate,ICE,Electrico,SKL,REST,Standard,TRANSPORTER,10
2025,06,PIAGGIO,PORTER,RAC,ICE,Electrico,SKL,REST,Standard,TRANSPORTER,3
2025,06,PILOTE,,Private,ICE,Diesel,,,,,11
2025,06,PIQUERSA,,Corporate,ICE,Diesel,,,,,2
2025,06,PIRINEUS,,Corporate,ICE,Diesel,,,,,2
2025,06,POESSL,,Private,ICE,Diesel,,,,,4
2025,06,POESSL,,Private,ICE,Gasolina,,,,,1
2025,06,POLARIS,,Corporate,BEV,Electrico,,,,,18
2025,06,POLARIS,,Corporate,ICE,Gasolina,,,,,4
2025,06,POLARIS,,Private,BEV,Electrico,,,,,1
2025,06,POLARIS,,Private,ICE,Gasolina,,,,,5
2025,06,POLARIS,,RAC,ICE,Gasolina,,,,,1
2025,06,POLESTAR,,Corporate,BEV,Electrico,,,,,220
2025,06,POLESTAR,,Private,BEV,Electrico,,,,,14
2025,06,PORSCHE,718,Private,ICE,Gasolina,KKL,FOCUS SEGMENT,Standard,ROADSTER,1
2025,06,PORSCHE,911,Corporate,ICE,Gasolina,GKL,FOCUS SEGMENT,M Performance,CABRIO,15
2025,06,PORSCHE,911,Private,ICE,Gasolina,GKL,FOCUS SEGMENT,M Performance,CABRIO,26
2025,06,PORSCHE,911,RAC,ICE,Gasolina,GKL,FOCUS SEGMENT,M Performance,CABRIO,6
2025,06,PORSCHE,CAYENNE,Corporate,ICE,Gasolina,MKL,FOCUS SEGMENT,Standard,SAV,3
2025,06,PORSCHE,CAYENNE,Corporate,PHEV,Gasolina,MKL,FOCUS SEGMENT,Standard,SAV,84
2025,06,PORSCHE,CAYENNE,Private,ICE,Gasolina,MKL,FOCUS SEGMENT,Standard,SAV,2
2025,06,PORSCHE,CAYENNE,Private,PHEV,Gasolina,MKL,FOCUS SEGMENT,Standard,SAV,49
2025,06,PORSCHE,CAYENNE,RAC,PHEV,Gasolina,MKL,FOCUS SEGMENT,Standard,SAV,5
2025,06,PORSCHE,MACAN,Corporate,BEV,Gasolina,KKL,FOCUS SEGMENT,Standard,SAV,32
2025,06,PORSCHE,MACAN,Private,BEV,Gasolina,KKL,FOCUS SEGMENT,Standard,SAV,20
2025,06,PORSCHE,MACAN,RAC,BEV,Gasolina,KKL,FOCUS SEGMENT,Standard,SAV,4
2025,06,PORSCHE,PANAMERA,Corporate,ICE,Gasolina,GKL,FOCUS SEGMENT,Standard,ESTATE,2
2025,06,PORSCHE,PANAMERA,Corporate,PHEV,Gasolina,GKL,FOCUS SEGMENT,Standard,ESTATE,14
2025,06,PORSCHE,PANAMERA,Private,ICE,Gasolina,GKL,FOCUS SEGMENT,Standard,ESTATE,1
2025,06,PORSCHE,PANAMERA,Private,PHEV,Gasolina,GKL,FOCUS SEGMENT,Standard,ESTATE,1
2025,06,PORSCHE,PANAMERA,RAC,PHEV,Gasolina,GKL,FOCUS SEGMENT,Standard,ESTATE,2
2025,06,PORSCHE,TAYCAN,Corporate,BEV,Electrico,GKL,FOCUS SEGMENT,M,SEDAN,28
2025,06,PORSCHE,TAYCAN,Private,BEV,Electrico,GKL,FOCUS SEGMENT,M,SEDAN,1
2025,06,PORSCHE,TAYCAN,RAC,BEV,Electrico,GKL,FOCUS SEGMENT,M,SEDAN,3
2025,06,POSSL,,Private,ICE,Diesel,,,,,7
2025,06,POSSL,,RAC,ICE,Diesel,,,,,1
2025,06,PUJOL,,Corporate,ICE,Diesel,,,,,6
2025,06,PUJOL,,Private,ICE,Diesel,,,,,1
2025,06,PUJOL,,RAC,ICE,Diesel,,,,,3
2025,06,QJMOTOR,,Corporate,ICE,Gasolina,,,,,2
2025,06,QUADDY,,Corporate,BEV,Electrico,,,,,2
2025,06,QUADDY,,Corporate,ICE,Gasolina,,,,,2
2025,06,QUADDY,,Private,ICE,Gasolina,,,,,2
2025,06,QUADDY,,RAC,ICE,Gasolina,,,,,8
2025,06,RANDGER,,Private,ICE,Diesel,,,,,6
2025,06,RAPIDO,,Private,ICE,Diesel,,,,,9
2025,06,RECAPOL,,Corporate,ICE,Diesel,,,,,34
2025,06,RECAPOL,,Private,ICE,Diesel,,,,,3
2025,06,RECAPOL,,RAC,ICE,Diesel,,,,,3
2025,06,REGA,,Corporate,ICE,Diesel,,,,,1
2025,06,REHATRANS,,Corporate,ICE,Diesel,,,,,10
2025,06,REMAOP,,Corporate,ICE,Diesel,,,,,2
2025,06,REMASFRI,,Corporate,ICE,Diesel,,,,,2
2025,06,REMASFRI,,RAC,ICE,Diesel,,,,,2
2025,06,RENAULT,,Corporate,BEV,Electrico,,,,,62
2025,06,RENAULT,,Corporate,ICE,Diesel,,,,,30
2025,06,RENAULT,,Corporate,ICE,Gasolina,,,,,699
2025,06,RENAULT,,Private,BEV,Electrico,,,,,262
2025,06,RENAULT,,Private,ICE,Diesel,,,,,4
2025,06,RENAULT,,Private,ICE,Gasolina,,,,,210
2025,06,RENAULT,,RAC,BEV,Electrico,,,,,13
2025,06,RENAULT,,RAC,ICE,Diesel,,,,,12
2025,06,RENAULT,,RAC,ICE,Gasolina,,,,,110
2025,06,RENAULT,ARKANA,Corporate,ICE,Gasolina Mild Hybrid,UKL2,REST,Standard,SAV,454
2025,06,RENAULT,ARKANA,Private,ICE,Gasolina Mild Hybrid,UKL2,REST,Standard,SAV,146
2025,06,RENAULT,ARKANA,RAC,ICE,Gasolina Mild Hybrid,UKL2,REST,Standard,SAV,429
2025,06,RENAULT,AUSTRAL,Corporate,ICE,Gasolina Mild Hybrid,UKL2,REST,Standard,SAV,510
2025,06,RENAULT,AUSTRAL,Private,ICE,Gasolina Mild Hybrid,UKL2,REST,Standard,SAV,498
2025,06,RENAULT,AUSTRAL,RAC,ICE,Gasolina Mild Hybrid,UKL2,REST,Standard,SAV,144
2025,06,RENAULT,CAPTUR,Corporate,ICE,Gas Licuado con petroleo (GLP),UKL1,REST,Standard,SAV,337
2025,06,RENAULT,CAPTUR,Private,ICE,Gas Licuado con petroleo (GLP),UKL1,REST,Standard,SAV,1112
2025,06,RENAULT,CAPTUR,RAC,ICE,Gas Licuado con petroleo (GLP),UKL1,REST,Standard,SAV,304
2025,06,RENAULT,CLIO,Corporate,ICE,Diesel,UKL1,REST,Standard,HACH 5P,1783
2025,06,RENAULT,CLIO,Private,ICE,Diesel,UKL1,REST,Standard,HACH 5P,769
2025,06,RENAULT,CLIO,RAC,ICE,Diesel,UKL1,REST,Standard,HACH 5P,804
2025,06,RENAULT,ESPACE,Corporate,ICE,Diesel,KKL,REST,Standard,MPV,113
2025,06,RENAULT,ESPACE,Private,ICE,Diesel,KKL,REST,Standard,MPV,115
2025,06,RENAULT,ESPACE,RAC,ICE,Diesel,KKL,REST,Standard,MPV,51
2025,06,RENAULT,EXPRESS,Corporate,ICE,Diesel,SKL,REST,Standard,TRANSPORTER,5
2025,06,RENAULT,KANGOO,Corporate,BEV,Diesel,SKL,REST,Standard,TRANSPORTER,133
2025,06,RENAULT,KANGOO,Corporate,ICE,Diesel,SKL,REST,Standard,TRANSPORTER,1292
2025,06,RENAULT,KANGOO,Private,BEV,Diesel,SKL,REST,Standard,TRANSPORTER,3
2025,06,RENAULT,KANGOO,Private,ICE,Diesel,SKL,REST,Standard,TRANSPORTER,66
2025,06,RENAULT,KANGOO,RAC,ICE,Diesel,SKL,REST,Standard,TRANSPORTER,22
2025,06,RENAULT,MASTER,Corporate,BEV,Diesel,SKL,REST,Standard,TRANSPORTER,5
2025,06,RENAULT,MASTER,Corporate,ICE,Diesel,SKL,REST,Standard,TRANSPORTER,333
2025,06,RENAULT,MASTER,Private,ICE,Diesel,SKL,REST,Standard,TRANSPORTER,47
2025,06,RENAULT,MASTER,RAC,ICE,Diesel,SKL,REST,Standard,TRANSPORTER,24
2025,06,RENAULT,MEGANE,Corporate,BEV,Diesel,UKL2,REST,Standard,HACH 5P,40
2025,06,RENAULT,MEGANE,Private,BEV,Diesel,UKL2,REST,Standard,HACH 5P,15
2025,06,RENAULT,RAFALE,Corporate,ICE,Gasolina/Electrico,UKL2,REST,Standard,SAV,162
2025,06,RENAULT,RAFALE,Corporate,PHEV,Gasolina/Electrico,UKL2,REST,Standard,SAV,131
2025,06,RENAULT,RAFALE,Private,ICE,Gasolina/Electrico,UKL2,REST,Standard,SAV,66
2025,06,RENAULT,RAFALE,Private,PHEV,Gasolina/Electrico,UKL2,REST,Standard,SAV,213
2025,06,RENAULT,SCENIC,Corporate,BEV,Electrico,UKL2,REST,Standard,MPV,151
2025,06,RENAULT,SCENIC,Private,BEV,Electrico,UKL2,REST,Standard,MPV,19
2025,06,RENAULT,SCENIC,Private,ICE,Electrico,UKL2,REST,Standard,MPV,1
2025,06,RENAULT,TRAFIC,Corporate,BEV,Diesel,SKL,REST,Standard,TRANSPORTER,3
2025,06,RENAULT,TRAFIC,Corporate,ICE,Diesel,SKL,REST,Standard,TRANSPORTER,632
2025,06,RENAULT,TRAFIC,Private,ICE,Diesel,SKL,REST,Standard,TRANSPORTER,69
2025,06,RENAULT,TRAFIC,RAC,ICE,Diesel,SKL,REST,Standard,TRANSPORTER,69
2025,06,RENAULT,ZOE,Corporate,BEV,Electrico,UKL1,REST,Standard,HACH 5P,1
2025,06,RENAULT TRUCKS,MASTER,RAC,ICE,Diesel,SKL,REST,Standard,TRANSPORTER,2
2025,06,REYCAR,,Corporate,ICE,Diesel,,,,,2
2025,06,RIGUAL,,Corporate,ICE,Diesel,,,,,1
2025,06,RIMOR,,Private,ICE,Diesel,,,,,2
2025,06,RIMOR,,RAC,ICE,Diesel,,,,,5
2025,06,ROBETA,,RAC,ICE,Diesel,,,,,1
2025,06,RODRIGUEZ LOPEZ AUTO,,Corporate,ICE,Diesel,,,,,8
2025,06,RODRIGUEZ LOPEZ AUTO,,Private,ICE,Diesel,,,,,131
2025,06,RODRIGUEZ LOPEZ AUTO,,RAC,ICE,Diesel,,,,,20
2025,06,ROGA,,Corporate,ICE,Diesel,,,,,1
2025,06,ROLLER TEAM,,Private,ICE,Diesel,,,,,21
2025,06,ROLLER TEAM,,RAC,ICE,Diesel,,,,,19
2025,06,ROMERO,,Corporate,ICE,Diesel,,,,,2
2025,06,ROMU,,Corporate,ICE,Diesel,,,,,15
2025,06,ROMU,,Private,ICE,Diesel,,,,,2
2025,06,ROMU,,RAC,ICE,Diesel,,,,,1
2025,06,ROS-ROCA,,Corporate,ICE,Diesel,,,,,3
2025,06,ROTOMAR,,Corporate,ICE,Diesel,,,,,1
2025,06,SARTRUCK,,Corporate,ICE,Diesel,,,,,6
2025,06,SARTRUCK,,RAC,ICE,Diesel,,,,,2
2025,06,SCANIA,,Corporate,ICE,Diesel,,,,,3
2025,06,SCORA,,Corporate,ICE,Diesel,,,,,1
2025,06,SCORA,,RAC,ICE,Diesel,,,,,3
2025,06,SEAT,ARONA,Corporate,ICE,Gas natural comprimido (GNC),UKL1,REST,Standard,SAV,539
2025,06,SEAT,ARONA,Private,ICE,Gas natural comprimido (GNC),UKL1,REST,Standard,SAV,574
2025,06,SEAT,ARONA,RAC,ICE,Gas natural comprimido (GNC),UKL1,REST,Standard,SAV,1448
2025,06,SEAT,ATECA,Corporate,ICE,Diesel,UKL2,REST,Standard,SAT,148
2025,06,SEAT,ATECA,Private,ICE,Diesel,UKL2,REST,Standard,SAT,343
2025,06,SEAT,ATECA,RAC,ICE,Diesel,UKL2,REST,Standard,SAT,128
2025,06,SEAT,IBIZA,Corporate,ICE,Gas natural comprimido (GNC),UKL1,REST,Standard,HACH 5P,799
2025,06,SEAT,IBIZA,Private,ICE,Gas natural comprimido (GNC),UKL1,REST,Standard,HACH 5P,930
2025,06,SEAT,IBIZA,RAC,ICE,Gas natural comprimido (GNC),UKL1,REST,Standard,HACH 5P,320
2025,06,SEAT,LEON,Corporate,ICE,Diesel,UKL2,REST,Standard,ESTATE,273
2025,06,SEAT,LEON,Corporate,PHEV,Diesel,UKL2,REST,Standard,ESTATE,102
2025,06,SEAT,LEON,Private,ICE,Diesel,UKL2,REST,Standard,ESTATE,574
2025,06,SEAT,LEON,Private,PHEV,Diesel,UKL2,REST,Standard,ESTATE,69
2025,06,SEAT,LEON,RAC,ICE,Diesel,UKL2,REST,Standard,ESTATE,233
2025,06,SEG,,Private,ICE,Gasolina,,,,,1
2025,06,SEGWAY,,Corporate,ICE,Gasolina,,,,,3
2025,06,SEGWAY,,Private,ICE,Gasolina,,,,,4
2025,06,"SEMICARFRAN,S.L",,Corporate,ICE,Diesel,,,,,21
2025,06,"SEMICARFRAN,S.L",,Private,ICE,Diesel,,,,,2
2025,06,"SEMICARFRAN,S.L",,RAC,ICE,Diesel,,,,,13
2025,06,SERES,,Corporate,BEV,Electrico,,,,,4
2025,06,SERES,,Private,BEV,Electrico,,,,,3
2025,06,SERES,,RAC,BEV,Electrico,,,,,2
2025,06,SERRANO,,Corporate,ICE,Diesel,,,,,1
2025,06,SERVI CAR,,Corporate,ICE,Diesel,,,,,7
2025,06,SERVI CAR,,RAC,ICE,Diesel,,,,,1
2025,06,SERVICAR,,Corporate,ICE,Diesel,,,,,9
2025,06,SETRA,,Corporate,ICE,Diesel,,,,,2
2025,06,SETRA,,RAC,ICE,Diesel,,,,,5
2025,06,SHINERAY,,Corporate,ICE,Gasolina,,,,,3
2025,06,SHINERAY,,Private,ICE,Gasolina,,,,,56
2025,06,SHINERAY,,RAC,ICE,Gasolina,,,,,5
2025,06,SILENCE,,Corporate,BEV,Electrico,,,,,9
2025,06,SILENCE,,Private,BEV,Electrico,,,,,15
2025,06,SIN MARCA,,Corporate,ICE,Diesel,,,,,1
2025,06,SIN MARCA,,Corporate,ICE,Gasolina,,,,,5
2025,06,SKODA,,Corporate,BEV,Electrico,,,,,57
2025,06,SKODA,,Private,BEV,Electrico,,,,,81
2025,06,SKODA,ENYAQ,Corporate,BEV,Electrico,UKL2,REST,Standard,SAV,34
2025,06,SKODA,ENYAQ,Private,BEV,Electrico,UKL2,REST,Standard,SAV,12
2025,06,SKODA,FABIA,Corporate,ICE,Gasolina,UKL1,REST,Standard,HACH 5P,300
2025,06,SKODA,FABIA,Private,ICE,Gasolina,UKL1,REST,Standard,HACH 5P,225
2025,06,SKODA,FABIA,RAC,ICE,Gasolina,UKL1,REST,Standard,HACH 5P,634
2025,06,SKODA,KAMIQ,Corporate,ICE,Gasolina,UKL1,REST,Standard,SAV,176
2025,06,SKODA,KAMIQ,Private,ICE,Gasolina,UKL1,REST,Standard,SAV,371
2025,06,SKODA,KAMIQ,RAC,ICE,Gasolina,UKL1,REST,Standard,SAV,703
2025,06,SKODA,KAROQ,Corporate,ICE,Diesel,UKL2,REST,Standard,SAT,284
2025,06,SKODA,KAROQ,Private,ICE,Diesel,UKL2,REST,Standard,SAT,355
2025,06,SKODA,KAROQ,RAC,ICE,Diesel,UKL2,REST,Standard,SAT,242
2025,06,SKODA,KODIAQ,Corporate,ICE,Diesel,KKL,REST,Standard,SAV,48
2025,06,SKODA,KODIAQ,Corporate,PHEV,Diesel,KKL,REST,Standard,SAV,43
2025,06,SKODA,KODIAQ,Private,ICE,Diesel,KKL,REST,Standard,SAV,31
2025,06,SKODA,KODIAQ,Private,PHEV,Diesel,KKL,REST,Standard,SAV,72
2025,06,SKODA,KODIAQ,RAC,ICE,Diesel,KKL,REST,Standard,SAV,133
2025,06,SKODA,KODIAQ,RAC,PHEV,Diesel,KKL,REST,Standard,SAV,19
2025,06,SKODA,OCTAVIA,Corporate,ICE,Diesel,UKL2,REST,Standard,HACH 5P,266
2025,06,SKODA,OCTAVIA,Corporate,PHEV,Diesel,UKL2,REST,Standard,HACH 5P,12
2025,06,SKODA,OCTAVIA,Private,ICE,Diesel,UKL2,REST,Standard,HACH 5P,66
2025,06,SKODA,OCTAVIA,Private,PHEV,Diesel,UKL2,REST,Standard,HACH 5P,3
2025,06,SKODA,OCTAVIA,RAC,ICE,Diesel,UKL2,REST,Standard,HACH 5P,65
2025,06,SKODA,SCALA,Corporate,ICE,Gas natural comprimido (GNC),UKL2,REST,Standard,HACH 5P,82
2025,06,SKODA,SCALA,Private,ICE,Gas natural comprimido (GNC),UKL2,REST,Standard,HACH 5P,55
2025,06,SKODA,SCALA,RAC,ICE,Gas natural comprimido (GNC),UKL2,REST,Standard,HACH 5P,185
2025,06,SKODA,SUPERB,Corporate,ICE,Diesel,KKL,REST,Standard,SEDAN,10
2025,06,SKODA,SUPERB,Corporate,PHEV,Diesel,KKL,REST,Standard,SEDAN,2
2025,06,SKODA,SUPERB,Private,ICE,Diesel,KKL,REST,Standard,SEDAN,3
2025,06,SKODA,SUPERB,RAC,ICE,Diesel,KKL,REST,Standard,SEDAN,15
2025,06,SKYWELL,,Corporate,BEV,Electrico,,,,,1
2025,06,SMART,,Corporate,BEV,Electrico,,,,,18
2025,06,SMART,,Private,ICE,Gasolina,,,,,1
2025,06,SMART,#1,Corporate,BEV,Electrico,UKL2,FOCUS SEGMENT,Standard,SAV,13
2025,06,SMART,#1,Private,BEV,Electrico,UKL2,FOCUS SEGMENT,Standard,SAV,20
2025,06,SMART,#3,Corporate,BEV,Electrico,UKL2,FOCUS SEGMENT,Standard,SAV,12
2025,06,SMART,#3,Private,BEV,Electrico,UKL2,FOCUS SEGMENT,Standard,SAV,10
2025,06,SOCAGE,,Corporate,ICE,Diesel,,,,,4
2025,06,SOCAGE,,RAC,ICE,Diesel,,,,,9
2025,06,SOLARIS,,Corporate,ICE,Diesel,,,,,6
2025,06,SORIBERICA,,Corporate,ICE,Diesel,,,,,22
2025,06,SORTIMO,,Corporate,BEV,Electrico,,,,,10
2025,06,SORTIMO,,Corporate,ICE,Diesel,,,,,111
2025,06,SORTIMO,,Corporate,PHEV,Gasolina/Electrico Enchufable,,,,,4
2025,06,SPORTEQUIPE,,RAC,ICE,Diesel,,,,,1
2025,06,SSANGYONG,KORANDO K4,Corporate,BEV,Diesel,KKL,REST,Standard,SAV,4
2025,06,SSANGYONG,KORANDO K4,Private,BEV,Diesel,KKL,REST,Standard,SAV,13
2025,06,SSANGYONG,KORANDO K4,Private,ICE,Diesel,KKL,REST,Standard,SAV,1
2025,06,SSANGYONG,MUSSO,Corporate,ICE,Diesel,SKL,REST,Standard,PICKUP,59
2025,06,SSANGYONG,MUSSO,Private,ICE,Diesel,SKL,REST,Standard,PICKUP,9
2025,06,SSANGYONG,MUSSO,RAC,ICE,Diesel,SKL,REST,Standard,PICKUP,1
2025,06,SSANGYONG,MUSSO GRAND,Corporate,ICE,Diesel,SKL,REST,Standard,PICKUP,1
2025,06,SSANGYONG,REXTON,Corporate,ICE,Diesel,MKL,REST,Standard,SAV,3
2025,06,SSANGYONG,REXTON,Private,ICE,Diesel,MKL,REST,Standard,SAV,1
2025,06,SSANGYONG,TIVOLI,Corporate,ICE,Gasolina,UKL1,REST,Standard,SAV,3
2025,06,SSANGYONG,TIVOLI,Private,ICE,Gasolina,UKL1,REST,Standard,SAV,6
2025,06,SSANGYONG,TORRES,Corporate,ICE,Gasolina,KKL,REST,Standard,SAV,30
2025,06,SSANGYONG,TORRES,Private,ICE,Gasolina,KKL,REST,Standard,SAV,27
2025,06,STELLANTIS,,Private,ICE,Diesel,,,,,2
2025,06,STELLANTIS,,RAC,ICE,Diesel,,,,,2
2025,06,STIL CONVERSION,,Corporate,ICE,Gas Licuado con petroleo (GLP),,,,,1
2025,06,STIL CONVERSION,,Private,BEV,Electrico,,,,,4
2025,06,STIL CONVERSION,,Private,ICE,Diesel,,,,,67
2025,06,STIL CONVERSION,,Private,ICE,Gas Licuado con petroleo (GLP),,,,,15
2025,06,STX,,Corporate,ICE,Diesel,,,,,4
2025,06,SUBARU,FORESTER,Corporate,ICE,Gasolina Mild Hybrid,KKL,REST,Standard,SAV,5
2025,06,SUBARU,FORESTER,Private,ICE,Gasolina Mild Hybrid,KKL,REST,Standard,SAV,25
2025,06,SUBARU,FORESTER,RAC,ICE,Gasolina Mild Hybrid,KKL,REST,Standard,SAV,1
2025,06,SUBARU,OUTBACK,Corporate,ICE,Gasolina,KKL,REST,Standard,ESTATE,29
2025,06,SUBARU,OUTBACK,Private,ICE,Gasolina,KKL,REST,Standard,ESTATE,22
2025,06,SUBARU,OUTBACK,RAC,ICE,Gasolina,KKL,REST,Standard,ESTATE,1
2025,06,SUBARU,SOLTERRA,Corporate,BEV,Electrico,UKL2,REST,Standard,SAV,5
2025,06,SUBARU,SOLTERRA,Private,BEV,Electrico,UKL2,REST,Standard,SAV,5
2025,06,SUBARU,WRX,Corporate,ICE,Gasolina,UKL2,REST,Standard,SEDAN,1
2025,06,SUBARU,XV,Corporate,ICE,Gasolina,UKL2,REST,Standard,SAV,13
2025,06,SUBARU,XV,Private,ICE,Gasolina,UKL2,REST,Standard,SAV,33
2025,06,SUBARU,XV,RAC,ICE,Gasolina,UKL2,REST,Standard,SAV,12
2025,06,SUBIELA,,Corporate,ICE,Diesel,,,,,38
2025,06,SUBIELA,,Private,ICE,Diesel,,,,,1
2025,06,SUCARRATS,,Corporate,ICE,Diesel,,,,,2
2025,06,SUN LIVING,,Private,ICE,Diesel,,,,,5
2025,06,SUN LIVING,,RAC,ICE,Diesel,,,,,4
2025,06,SURTRUCK,,Corporate,ICE,Diesel,,,,,5
2025,06,SURTRUCK,,Corporate,ICE,Gas Licuado con petroleo (GLP),,,,,1
2025,06,SUZUKI,ACROSS,Corporate,PHEV,Gasolina/Electrico Enchufable,UKL2,REST,Standard,SAV,1
2025,06,SUZUKI,SWACE,Corporate,ICE,Gasolina/Electrico,UKL2,REST,Standard,HACH 5P,1
2025,06,SUZUKI,SWACE,Private,ICE,Gasolina/Electrico,UKL2,REST,Standard,HACH 5P,4
2025,06,SUZUKI,SWACE,RAC,ICE,Gasolina/Electrico,UKL2,REST,Standard,HACH 5P,23
2025,06,SUZUKI,SWIFT,Corporate,ICE,Gasolina Mild Hybrid,UKL1,REST,Standard,HACH 5P,28
2025,06,SUZUKI,SWIFT,Private,ICE,Gasolina Mild Hybrid,UKL1,REST,Standard,HACH 5P,99
2025,06,SUZUKI,SWIFT,RAC,ICE,Gasolina Mild Hybrid,UKL1,REST,Standard,HACH 5P,9
2025,06,SUZUKI,SX4,Corporate,ICE,Gasolina Mild Hybrid,UKL1,REST,Standard,SAV,82
2025,06,SUZUKI,SX4,Private,ICE,Gasolina Mild Hybrid,UKL1,REST,Standard,SAV,80
2025,06,SUZUKI,SX4,RAC,ICE,Gasolina Mild Hybrid,UKL1,REST,Standard,SAV,3
2025,06,SUZUKI,VITARA,Corporate,ICE,Gasolina Mild Hybrid,UKL2,REST,Standard,SUV,24
2025,06,SUZUKI,VITARA,Private,ICE,Gasolina Mild Hybrid,UKL2,REST,Standard,SUV,111
2025,06,TAILON,,Corporate,ICE,Diesel,,,,,1
2025,06,TALLERES AGUILAR,,Corporate,ICE,Diesel,,,,,3
2025,06,TALLERES PRAT RUSIÑOL,,Corporate,ICE,Diesel,,,,,3
2025,06,TAMBRE,,Corporate,ICE,Diesel,,,,,1
2025,06,TECNO TRAILER MURCIA,,Private,ICE,Diesel,,,,,1
2025,06,TECNOCARROCERA,,Corporate,ICE,Diesel,,,,,3
2025,06,TECNOCARROCERA,,Private,ICE,Diesel,,,,,1
2025,06,TECNOCARSA,,Corporate,ICE,Diesel,,,,,6
2025,06,TECNOCARSA,,Private,ICE,Diesel,,,,,1
2025,06,TECNOCARSA SLL,,Corporate,ICE,Diesel,,,,,2
2025,06,"TECNOCARSA, S.L.",,Corporate,ICE,Diesel,,,,,1
2025,06,TECNOVE,,Corporate,ICE,Diesel,,,,,22
2025,06,TECNOVE,,Corporate,ICE,Gasolina,,,,,22
2025,06,TECNOVE FIBERGLASS,,Corporate,ICE,Diesel,,,,,4
2025,06,TECNOVE FIBERGLASS,,Private,ICE,Diesel,,,,,1
2025,06,TECNOVE FIBERGLASS,,RAC,ICE,Diesel,,,,,12
2025,06,TEMSA,,Corporate,ICE,Diesel,,,,,1
2025,06,TENAX,,Corporate,BEV,Electrico,,,,,4
2025,06,TERRADAS,,Corporate,ICE,Diesel,,,,,9
2025,06,TESLA,MODEL 3,Corporate,BEV,Electrico,KKL,FOCUS SEGMENT,Standard,SEDAN,207
2025,06,TESLA,MODEL 3,Private,BEV,Electrico,KKL,FOCUS SEGMENT,Standard,SEDAN,1239
2025,06,TESLA,MODEL 3,RAC,BEV,Electrico,KKL,FOCUS SEGMENT,Standard,SEDAN,10
2025,06,TESLA,MODEL X,Corporate,BEV,Electrico,GKL,FOCUS SEGMENT,Standard,SAT,2
2025,06,TESLA,MODEL Y,Corporate,BEV,Electrico,KKL,FOCUS SEGMENT,Standard,SAT,163
2025,06,TESLA,MODEL Y,Private,BEV,Electrico,KKL,FOCUS SEGMENT,Standard,SAT,1023
2025,06,THERMOEUROP,,Corporate,ICE,Diesel,,,,,3
2025,06,TORO,,Corporate,ICE,Diesel,,,,,1
2025,06,TOTH ES FIAI,,Private,ICE,Diesel,,,,,5
2025,06,TOTH ES FIAI,,RAC,ICE,Diesel,,,,,2
2025,06,TOYOTA,,Corporate,ICE,Gasolina,,,,,7
2025,06,TOYOTA,,Private,ICE,Gasolina,,,,,10
2025,06,TOYOTA,AYGO X,Corporate,ICE,Gasolina,UKL0,REST,Standard,HACH 5P,153
2025,06,TOYOTA,AYGO X,Private,ICE,Gasolina,UKL0,REST,Standard,HACH 5P,178
2025,06,TOYOTA,AYGO X,RAC,ICE,Gasolina,UKL0,REST,Standard,HACH 5P,28
2025,06,TOYOTA,BZ4X,Corporate,BEV,Electrico,UKL2,REST,Standard,SAV,129
2025,06,TOYOTA,BZ4X,Private,BEV,Electrico,UKL2,REST,Standard,SAV,193
2025,06,TOYOTA,BZ4X,RAC,BEV,Electrico,UKL2,REST,Standard,SAV,35
2025,06,TOYOTA,C-HR,Corporate,ICE,Gasolina/Electrico,UKL1,REST,Standard,SAV,227
2025,06,TOYOTA,C-HR,Corporate,PHEV,Gasolina/Electrico,UKL1,REST,Standard,SAV,291
2025,06,TOYOTA,C-HR,Private,ICE,Gasolina/Electrico,UKL1,REST,Standard,SAV,681
2025,06,TOYOTA,C-HR,Private,PHEV,Gasolina/Electrico,UKL1,REST,Standard,SAV,636
2025,06,TOYOTA,C-HR,RAC,ICE,Gasolina/Electrico,UKL1,REST,Standard,SAV,87
2025,06,TOYOTA,C-HR,RAC,PHEV,Gasolina/Electrico,UKL1,REST,Standard,SAV,4
2025,06,TOYOTA,COROLLA,Corporate,ICE,Gasolina/Electrico,UKL2,REST,Standard,HACH 5P,938
2025,06,TOYOTA,COROLLA,Private,ICE,Gasolina/Electrico,UKL2,REST,Standard,HACH 5P,1289
2025,06,TOYOTA,COROLLA,RAC,ICE,Gasolina/Electrico,UKL2,REST,Standard,HACH 5P,69
2025,06,TOYOTA,HI LUX,Corporate,ICE,Diesel,SKL,REST,Standard,PICKUP,167
2025,06,TOYOTA,HI LUX,Private,ICE,Diesel,SKL,REST,Standard,PICKUP,49
2025,06,TOYOTA,HIGHLANDER,Corporate,ICE,Gasolina/Electrico,MKL,REST,Standard,SUV,2
2025,06,TOYOTA,LAND CRUISER,Corporate,ICE,Diesel,GKL,REST,Standard,SUV,25
2025,06,TOYOTA,LAND CRUISER,Private,ICE,Diesel,GKL,REST,Standard,SUV,13
2025,06,TOYOTA,MIRAI,Corporate,ICE,Hidrogeno,MKL,REST,Standard,SEDAN,1
2025,06,TOYOTA,PROACE,Corporate,BEV,Diesel,SKL,REST,Standard,TRANSPORTER,40
2025,06,TOYOTA,PROACE,Corporate,ICE,Diesel,SKL,REST,Standard,TRANSPORTER,214
2025,06,TOYOTA,PROACE,Private,BEV,Diesel,SKL,REST,Standard,TRANSPORTER,5
2025,06,TOYOTA,PROACE,Private,ICE,Diesel,SKL,REST,Standard,TRANSPORTER,47
2025,06,TOYOTA,PROACE,RAC,ICE,Diesel,SKL,REST,Standard,TRANSPORTER,23
2025,06,TOYOTA,PROACE CITY,Corporate,BEV,Diesel,SKL,REST,Standard,TRANSPORTER,96
2025,06,TOYOTA,PROACE CITY,Corporate,ICE,Diesel,SKL,REST,Standard,TRANSPORTER,448
2025,06,TOYOTA,PROACE CITY,Private,BEV,Diesel,SKL,REST,Standard,TRANSPORTER,8
2025,06,TOYOTA,PROACE CITY,Private,ICE,Diesel,SKL,REST,Standard,TRANSPORTER,25
2025,06,TOYOTA,PROACE CITY,RAC,ICE,Diesel,SKL,REST,Standard,TRANSPORTER,22
2025,06,TOYOTA,PROACE VERSO,Corporate,BEV,Diesel,SKL,REST,Standard,TRANSPORTER,25
2025,06,TOYOTA,PROACE VERSO,Corporate,ICE,Diesel,SKL,REST,Standard,TRANSPORTER,81
2025,06,TOYOTA,PROACE VERSO,Private,BEV,Diesel,SKL,REST,Standard,TRANSPORTER,21
2025,06,TOYOTA,PROACE VERSO,Private,ICE,Diesel,SKL,REST,Standard,TRANSPORTER,45
2025,06,TOYOTA,PROACE VERSO,RAC,ICE,Diesel,SKL,REST,Standard,TRANSPORTER,24
2025,06,TOYOTA,RAV 4,Corporate,ICE,Gasolina,UKL2,REST,Standard,SAV,140
2025,06,TOYOTA,RAV 4,Corporate,PHEV,Gasolina,UKL2,REST,Standard,SAV,150
2025,06,TOYOTA,RAV 4,Private,ICE,Gasolina,UKL2,REST,Standard,SAV,257
2025,06,TOYOTA,RAV 4,Private,PHEV,Gasolina,UKL2,REST,Standard,SAV,397
2025,06,TOYOTA,RAV 4,RAC,ICE,Gasolina,UKL2,REST,Standard,SAV,1
2025,06,TOYOTA,RAV 4,RAC,PHEV,Gasolina,UKL2,REST,Standard,SAV,4
2025,06,TOYOTA,YARIS,Corporate,ICE,Gasolina,UKL1,REST,Standard,HACH 5P,489
2025,06,TOYOTA,YARIS,Private,ICE,Gasolina,UKL1,REST,Standard,HACH 5P,573
2025,06,TOYOTA,YARIS,RAC,ICE,Gasolina,UKL1,REST,Standard,HACH 5P,23
2025,06,TOYOTA,YARIS CROSS,Corporate,ICE,Gasolina,UKL1,REST,Standard,SAV,371
2025,06,TOYOTA,YARIS CROSS,Private,ICE,Gasolina,UKL1,REST,Standard,SAV,1664
2025,06,TOYOTA,YARIS CROSS,RAC,ICE,Gasolina,UKL1,REST,Standard,SAV,12
2025,06,TRANSGRUAS,,Corporate,ICE,Diesel,,,,,1
2025,06,TRANSPOL,,Corporate,ICE,Diesel,,,,,2
2025,06,TRANSPOL,,RAC,ICE,Diesel,,,,,6
2025,06,TVI,,RAC,ICE,Diesel,,,,,1
2025,06,UNVI,,Corporate,ICE,Diesel,,,,,4
2025,06,VALLEJO,,Corporate,BEV,Electrico,,,,,2
2025,06,VALLEJO,,Corporate,ICE,Diesel,,,,,1
2025,06,VALLOR,,Corporate,ICE,Diesel,,,,,1
2025,06,VALSAT,,Corporate,ICE,Diesel,,,,,2
2025,06,VDL,,RAC,ICE,Diesel,,,,,1
2025,06,VEBLINTER,,Corporate,ICE,Gas Licuado con petroleo (GLP),,,,,2
2025,06,VEMASUR,,Corporate,ICE,Diesel,,,,,2
2025,06,VIEL CARROCERIAS,,Corporate,ICE,Diesel,,,,,1
2025,06,VOLKSWAGEN,,Corporate,BEV,Electrico,,,,,30
2025,06,VOLKSWAGEN,,Corporate,ICE,Diesel,,,,,17
2025,06,VOLKSWAGEN,,Corporate,ICE,Gasolina,,,,,26
2025,06,VOLKSWAGEN,,Corporate,PHEV,Gasolina/Electrico Enchufable,,,,,3
2025,06,VOLKSWAGEN,,Private,BEV,Electrico,,,,,3
2025,06,VOLKSWAGEN,,Private,ICE,Diesel,,,,,10
2025,06,VOLKSWAGEN,,Private,ICE,Gasolina,,,,,38
2025,06,VOLKSWAGEN,,Private,PHEV,Gasolina/Electrico Enchufable,,,,,9
2025,06,VOLKSWAGEN,,RAC,ICE,Gasolina,,,,,2
2025,06,VOLKSWAGEN,AMAROK,Corporate,ICE,Diesel,SKL,REST,Standard,PICKUP,47
2025,06,VOLKSWAGEN,AMAROK,Private,ICE,Diesel,SKL,REST,Standard,PICKUP,9
2025,06,VOLKSWAGEN,ARTEON,Corporate,PHEV,Diesel,KKL,REST,Standard,SEDAN,2
2025,06,VOLKSWAGEN,CADDY,Corporate,ICE,Diesel,SKL,REST,Standard,TRANSPORTER,328
2025,06,VOLKSWAGEN,CADDY,Corporate,PHEV,Diesel,SKL,REST,Standard,TRANSPORTER,163
2025,06,VOLKSWAGEN,CADDY,Private,ICE,Diesel,SKL,REST,Standard,TRANSPORTER,77
2025,06,VOLKSWAGEN,CADDY,Private,PHEV,Diesel,SKL,REST,Standard,TRANSPORTER,91
2025,06,VOLKSWAGEN,CADDY,RAC,ICE,Diesel,SKL,REST,Standard,TRANSPORTER,58
2025,06,VOLKSWAGEN,CADDY,RAC,PHEV,Diesel,SKL,REST,Standard,TRANSPORTER,52
2025,06,VOLKSWAGEN,CALIFORNIA,Corporate,ICE,Diesel,SKL,REST,Standard,TRANSPORTER,51
2025,06,VOLKSWAGEN,CALIFORNIA,Corporate,PHEV,Diesel,SKL,REST,Standard,TRANSPORTER,8
2025,06,VOLKSWAGEN,CALIFORNIA,Private,ICE,Diesel,SKL,REST,Standard,TRANSPORTER,96
2025,06,VOLKSWAGEN,CALIFORNIA,Private,PHEV,Diesel,SKL,REST,Standard,TRANSPORTER,27
2025,06,VOLKSWAGEN,CALIFORNIA,RAC,ICE,Diesel,SKL,REST,Standard,TRANSPORTER,3
2025,06,VOLKSWAGEN,CARAVELLE,Corporate,ICE,Diesel,SKL,REST,Standard,TRANSPORTER,87
2025,06,VOLKSWAGEN,CARAVELLE,Private,ICE,Diesel,SKL,REST,Standard,TRANSPORTER,9
2025,06,VOLKSWAGEN,CARAVELLE,RAC,ICE,Diesel,SKL,REST,Standard,TRANSPORTER,202
2025,06,VOLKSWAGEN,CRAFTER,Corporate,ICE,Diesel,SKL,REST,Standard,TRANSPORTER,230
2025,06,VOLKSWAGEN,CRAFTER,Private,ICE,Diesel,SKL,REST,Standard,TRANSPORTER,41
2025,06,VOLKSWAGEN,CRAFTER,RAC,ICE,Diesel,SKL,REST,Standard,TRANSPORTER,52
2025,06,VOLKSWAGEN,GOLF,Corporate,ICE,Diesel,UKL2,REST,Standard,HACH 5P,340
2025,06,VOLKSWAGEN,GOLF,Corporate,PHEV,Diesel,UKL2,REST,Standard,HACH 5P,44
2025,06,VOLKSWAGEN,GOLF,Private,ICE,Diesel,UKL2,REST,Standard,HACH 5P,119
2025,06,VOLKSWAGEN,GOLF,Private,PHEV,Diesel,UKL2,REST,Standard,HACH 5P,118
2025,06,VOLKSWAGEN,GOLF,RAC,ICE,Diesel,UKL2,REST,Standard,HACH 5P,220
2025,06,VOLKSWAGEN,GOLF,RAC,PHEV,Diesel,UKL2,REST,Standard,HACH 5P,63
2025,06,VOLKSWAGEN,ID.3,Corporate,BEV,Electrico,UKL2,REST,Standard,HACH 5P,19
2025,06,VOLKSWAGEN,ID.3,Private,BEV,Electrico,UKL2,REST,Standard,HACH 5P,50
2025,06,VOLKSWAGEN,ID.4,Corporate,BEV,Electrico,UKL2,REST,Standard,SAV,46
2025,06,VOLKSWAGEN,ID.4,Private,BEV,Electrico,UKL2,REST,Standard,SAV,32
2025,06,VOLKSWAGEN,ID.4,RAC,BEV,Electrico,UKL2,REST,Standard,SAV,1
2025,06,VOLKSWAGEN,ID.5,Corporate,BEV,Electrico,UKL2,REST,Standard,SAV,3
2025,06,VOLKSWAGEN,ID.5,Private,BEV,Electrico,UKL2,REST,Standard,SAV,3
2025,06,VOLKSWAGEN,ID.BUZZ,Corporate,BEV,Electrico,SKL,REST,Standard,TRANSPORTER,52
2025,06,VOLKSWAGEN,ID.BUZZ,Private,BEV,Electrico,SKL,REST,Standard,TRANSPORTER,25
2025,06,VOLKSWAGEN,ID.BUZZ,RAC,BEV,Electrico,SKL,REST,Standard,TRANSPORTER,1
2025,06,VOLKSWAGEN,MULTIVAN,Corporate,ICE,Diesel,SKL,REST,Standard,TRANSPORTER,57
2025,06,VOLKSWAGEN,MULTIVAN,Corporate,PHEV,Diesel,SKL,REST,Standard,TRANSPORTER,28
2025,06,VOLKSWAGEN,MULTIVAN,Private,ICE,Diesel,SKL,REST,Standard,TRANSPORTER,37
2025,06,VOLKSWAGEN,MULTIVAN,Private,PHEV,Diesel,SKL,REST,Standard,TRANSPORTER,42
2025,06,VOLKSWAGEN,MULTIVAN,RAC,ICE,Diesel,SKL,REST,Standard,TRANSPORTER,17
2025,06,VOLKSWAGEN,MULTIVAN,RAC,PHEV,Diesel,SKL,REST,Standard,TRANSPORTER,3
2025,06,VOLKSWAGEN,PASSAT,Corporate,ICE,Diesel,KKL,REST,Standard,ESTATE,45
2025,06,VOLKSWAGEN,PASSAT,Corporate,PHEV,Diesel,KKL,REST,Standard,ESTATE,10
2025,06,VOLKSWAGEN,PASSAT,Private,ICE,Diesel,KKL,REST,Standard,ESTATE,4
2025,06,VOLKSWAGEN,PASSAT,Private,PHEV,Diesel,KKL,REST,Standard,ESTATE,3
2025,06,VOLKSWAGEN,PASSAT,RAC,ICE,Diesel,KKL,REST,Standard,ESTATE,24
2025,06,VOLKSWAGEN,PASSAT,RAC,PHEV,Diesel,KKL,REST,Standard,ESTATE,3
2025,06,VOLKSWAGEN,POLO,Corporate,ICE,Gasolina,UKL1,REST,Standard,HACH 5P,146
2025,06,VOLKSWAGEN,POLO,Private,ICE,Gasolina,UKL1,REST,Standard,HACH 5P,249
2025,06,VOLKSWAGEN,POLO,RAC,ICE,Gasolina,UKL1,REST,Standard,HACH 5P,56
2025,06,VOLKSWAGEN,T-CROSS,Corporate,ICE,Gasolina,UKL1,REST,Standard,SAV,294
2025,06,VOLKSWAGEN,T-CROSS,Private,ICE,Gasolina,UKL1,REST,Standard,SAV,596
2025,06,VOLKSWAGEN,T-CROSS,RAC,ICE,Gasolina,UKL1,REST,Standard,SAV,866
2025,06,VOLKSWAGEN,T-ROC,Corporate,ICE,Diesel,UKL2,REST,Standard,SAV,760
2025,06,VOLKSWAGEN,T-ROC,Private,ICE,Diesel,UKL2,REST,Standard,SAV,633
2025,06,VOLKSWAGEN,T-ROC,RAC,ICE,Diesel,UKL2,REST,Standard,SAV,928
2025,06,VOLKSWAGEN,TAIGO,Corporate,ICE,Gasolina,UKL1,REST,Standard,SAV,403
2025,06,VOLKSWAGEN,TAIGO,Private,ICE,Gasolina,UKL1,REST,Standard,SAV,521
2025,06,VOLKSWAGEN,TAIGO,RAC,ICE,Gasolina,UKL1,REST,Standard,SAV,1050
2025,06,VOLKSWAGEN,TIGUAN,Corporate,ICE,Diesel,UKL2,REST,Standard,SAV,456
2025,06,VOLKSWAGEN,TIGUAN,Corporate,PHEV,Diesel,UKL2,REST,Standard,SAV,126
2025,06,VOLKSWAGEN,TIGUAN,Private,ICE,Diesel,UKL2,REST,Standard,SAV,292
2025,06,VOLKSWAGEN,TIGUAN,Private,PHEV,Diesel,UKL2,REST,Standard,SAV,201
2025,06,VOLKSWAGEN,TIGUAN,RAC,ICE,Diesel,UKL2,REST,Standard,SAV,12
2025,06,VOLKSWAGEN,TIGUAN,RAC,PHEV,Diesel,UKL2,REST,Standard,SAV,2
2025,06,VOLKSWAGEN,TOUAREG,Corporate,ICE,Diesel,MKL,REST,Standard,SAV,9
2025,06,VOLKSWAGEN,TOUAREG,Corporate,PHEV,Diesel,MKL,REST,Standard,SAV,17
2025,06,VOLKSWAGEN,TOUAREG,Private,ICE,Diesel,MKL,REST,Standard,SAV,2
2025,06,VOLKSWAGEN,TOUAREG,Private,PHEV,Diesel,MKL,REST,Standard,SAV,3
2025,06,VOLKSWAGEN,TOURAN,Corporate,ICE,Diesel,UKL2,REST,Standard,MPV,39
2025,06,VOLKSWAGEN,TOURAN,Private,ICE,Diesel,UKL2,REST,Standard,MPV,42
2025,06,VOLKSWAGEN,TOURAN,RAC,ICE,Diesel,UKL2,REST,Standard,MPV,22
2025,06,VOLKSWAGEN,TRANSPORTER,Corporate,BEV,Diesel,SKL,REST,Standard,TRANSPORTER,2
2025,06,VOLKSWAGEN,TRANSPORTER,Corporate,ICE,Diesel,SKL,REST,Standard,TRANSPORTER,173
2025,06,VOLKSWAGEN,TRANSPORTER,Private,ICE,Diesel,SKL,REST,Standard,TRANSPORTER,41
2025,06,VOLKSWAGEN,TRANSPORTER,RAC,ICE,Diesel,SKL,REST,Standard,TRANSPORTER,121
2025,06,VOLKSWAGEN VW,,Corporate,ICE,Diesel,,,,,2
2025,06,"VOLKSWAGEN, VW",,Corporate,ICE,Diesel,,,,,1
2025,06,VOLQUETES DEL SUR,,Corporate,ICE,Diesel,,,,,1
2025,06,VOLQUETES GONZALVEZ,,Corporate,ICE,Diesel,,,,,3
2025,06,VOLQUETES GONZALVEZ,,Private,ICE,Diesel,,,,,1
2025,06,VOLTEGO,,Corporate,ICE,Diesel,,,,,1
2025,06,VOLVO,,Corporate,BEV,Electrico,,,,,39
2025,06,VOLVO,,Private,BEV,Electrico,,,,,10
2025,06,VOLVO,,RAC,ICE,Diesel,,,,,2
2025,06,VOLVO,C40,Corporate,BEV,Electrico,UKL2,FOCUS SEGMENT,Standard,SAV,27
2025,06,VOLVO,C40,Private,BEV,Electrico,UKL2,FOCUS SEGMENT,Standard,SAV,19
2025,06,VOLVO,EX30,Corporate,BEV,Electrico,UKL1,FOCUS SEGMENT,Standard,SAV,39
2025,06,VOLVO,EX30,Private,BEV,Electrico,UKL1,FOCUS SEGMENT,Standard,SAV,156
2025,06,VOLVO,S60,Corporate,ICE,Gasolina Mild Hybrid,KKL,FOCUS SEGMENT,Standard,SEDAN,1
2025,06,VOLVO,S60,Corporate,PHEV,Gasolina Mild Hybrid,KKL,FOCUS SEGMENT,Standard,SEDAN,2
2025,06,VOLVO,S60,Private,ICE,Gasolina Mild Hybrid,KKL,FOCUS SEGMENT,Standard,SEDAN,1
2025,06,VOLVO,S90,Corporate,ICE,Diesel Mild Hybrid,MKL,FOCUS SEGMENT,Standard,SEDAN,1
2025,06,VOLVO,V60,Corporate,ICE,Diesel Mild Hybrid,KKL,FOCUS SEGMENT,Standard,ESTATE,15
2025,06,VOLVO,V60,Corporate,PHEV,Diesel Mild Hybrid,KKL,FOCUS SEGMENT,Standard,ESTATE,5
2025,06,VOLVO,V60,Private,ICE,Diesel Mild Hybrid,KKL,FOCUS SEGMENT,Standard,ESTATE,3
2025,06,VOLVO,V60,Private,PHEV,Diesel Mild Hybrid,KKL,FOCUS SEGMENT,Standard,ESTATE,1
2025,06,VOLVO,V60,RAC,ICE,Diesel Mild Hybrid,KKL,FOCUS SEGMENT,Standard,ESTATE,1
2025,06,VOLVO,V60,RAC,PHEV,Diesel Mild Hybrid,KKL,FOCUS SEGMENT,Standard,ESTATE,1
2025,06,VOLVO,V90,Corporate,ICE,Diesel Mild Hybrid,MKL,FOCUS SEGMENT,Standard,ESTATE,7
2025,06,VOLVO,V90,Corporate,PHEV,Diesel Mild Hybrid,MKL,FOCUS SEGMENT,Standard,ESTATE,1
2025,06,VOLVO,XC40,Corporate,BEV,Electrico,UKL2,FOCUS SEGMENT,Standard,SAV,9
2025,06,VOLVO,XC40,Corporate,ICE,Electrico,UKL2,FOCUS SEGMENT,Standard,SAV,400
2025,06,VOLVO,XC40,Private,BEV,Electrico,UKL2,FOCUS SEGMENT,Standard,SAV,7
2025,06,VOLVO,XC40,Private,ICE,Electrico,UKL2,FOCUS SEGMENT,Standard,SAV,213
2025,06,VOLVO,XC40,RAC,ICE,Electrico,UKL2,FOCUS SEGMENT,Standard,SAV,5
2025,06,VOLVO,XC60,Corporate,ICE,Diesel Mild Hybrid,KKL,FOCUS SEGMENT,Standard,SAV,102
2025,06,VOLVO,XC60,Corporate,PHEV,Diesel Mild Hybrid,KKL,FOCUS SEGMENT,Standard,SAV,91
2025,06,VOLVO,XC60,Private,ICE,Diesel Mild Hybrid,KKL,FOCUS SEGMENT,Standard,SAV,97
2025,06,VOLVO,XC60,Private,PHEV,Diesel Mild Hybrid,KKL,FOCUS SEGMENT,Standard,SAV,15
2025,06,VOLVO,XC60,RAC,PHEV,Diesel Mild Hybrid,KKL,FOCUS SEGMENT,Standard,SAV,1
2025,06,VOLVO,XC90,Corporate,ICE,Diesel Mild Hybrid,MKL,FOCUS SEGMENT,Standard,SAV,16
2025,06,VOLVO,XC90,Corporate,PHEV,Diesel Mild Hybrid,MKL,FOCUS SEGMENT,Standard,SAV,72
2025,06,VOLVO,XC90,Private,ICE,Diesel Mild Hybrid,MKL,FOCUS SEGMENT,Standard,SAV,4
2025,06,VOLVO,XC90,Private,PHEV,Diesel Mild Hybrid,MKL,FOCUS SEGMENT,Standard,SAV,6
2025,06,VOYAH,,Corporate,BEV,Electrico,,,,,1
2025,06,VOYAH,FREE,Corporate,BEV,Electrico,KKL,REST,Standard,SAV,5
2025,06,VSVE,,Corporate,ICE,Diesel,,,,,18
2025,06,VSVE,,RAC,ICE,Diesel,,,,,3
2025,06,WEINSBERG,,Corporate,ICE,Diesel,,,,,1
2025,06,WEINSBERG,,Private,ICE,Diesel,,,,,17
2025,06,WEINSBERG,,RAC,ICE,Diesel,,,,,5
2025,06,WESTFALIA,,Corporate,ICE,Diesel,,,,,2
2025,06,WESTFALIA,,Private,ICE,Diesel,,,,,2
2025,06,WXEVERBRIGHT,,Corporate,BEV,Electrico,,,,,4
2025,06,XPENG,,Corporate,BEV,Electrico,,,,,19
2025,06,XPENG,,Private,BEV,Electrico,,,,,43
2025,06,XPENG,,RAC,BEV,Electrico,,,,,1
2025,06,YAGUE,,Corporate,BEV,Electrico,,,,,1
2025,06,YAGUE,,Corporate,ICE,Diesel,,,,,12
2025,06,YAGUE,,RAC,BEV,Electrico,,,,,5
2025,06,YOLDI,,Corporate,ICE,Diesel,,,,,4
2025,06,YOLDI,,Private,ICE,Diesel,,,,,1
2025,06,YUDO,,Private,BEV,Electrico,,,,,1
2025,06,ZAGO AUTOMOTIVE,,Corporate,BEV,Electrico,,,,,15
2025,06,ZAGO AUTOMOTIVE,,Corporate,ICE,Diesel,,,,,5
2025,06,ZAGO AUTOMOTIVE,,Corporate,ICE,Gas Licuado con petroleo (GLP),,,,,12
2025,06,ZAGO AUTOMOTIVE,,Corporate,ICE,Gasolina,,,,,65
2025,06,ZAGO AUTOMOTIVE,,Private,ICE,Gas Licuado con petroleo (GLP),,,,,1
2025,06,ZAGO AUTOMOTIVE,,RAC,ICE,Diesel,,,,,1
